idEstacion,fecha,velocidadMaximaViento,velocidadPromedioViento,radiacion,precipitacion,humedadRelativa,tempMinima,tempMedia,tempMaxima,dpv,presion
59,2025-01-17 02:00:00,2.63,1.34,0.0,0.0,73.02,15.7,16.1,16.6,0.49,99.76
59,2025-01-17 03:00:00,2.84,1.61,0.0,0.0,74.35,15.0,15.35,15.8,0.45,99.73
59,2025-01-17 04:00:00,3.13,1.74,0.0,0.0,78.3,13.9,14.3,14.7,0.36,99.69
59,2025-01-17 05:00:00,3.53,1.73,0.0,0.0,84.45,13.0,13.28,13.6,0.24,99.69
59,2025-01-17 06:00:00,2.74,1.4,0.0,0.0,86.08,12.5,12.65,12.8,0.21,99.7
59,2025-01-17 07:00:00,2.34,1.26,3.9,0.0,86.33,12.0,12.25,12.5,0.2,99.74
59,2025-01-17 08:00:00,3.78,1.05,103.6,0.0,85.65,11.8,12.55,13.7,0.21,99.77
59,2025-01-17 09:00:00,10.19,2.39,253.5,0.0,72.1,15.0,16.25,17.2,0.52,99.82
59,2025-01-17 10:00:00,10.51,2.9,431.7,0.0,63.18,17.4,18.08,18.8,0.77,99.86
59,2025-01-17 11:00:00,16.34,4.53,607.9,0.0,60.7,18.6,19.3,19.8,0.88,99.88
59,2025-01-17 12:00:00,13.68,4.38,767.5,0.0,57.15,20.5,21.28,21.8,1.09,99.87
59,2025-01-17 13:00:00,12.78,4.52,910.1,0.0,55.43,21.7,22.45,23.2,1.21,99.86
59,2025-01-17 14:00:00,12.53,4.2,906.9,0.0,51.03,24.1,24.58,25.2,1.52,99.86
59,2025-01-17 15:00:00,10.8,3.24,562.3,0.0,49.65,24.9,25.23,25.4,1.62,99.83
59,2025-01-17 16:00:00,11.66,3.09,944.0,0.0,45.18,26.5,26.75,26.9,1.93,99.79
59,2025-01-17 17:00:00,10.69,2.83,579.7,0.0,40.25,26.8,26.95,27.0,2.12,99.74
59,2025-01-17 18:00:00,9.94,2.61,626.8,0.0,32.85,27.3,28.05,28.4,2.55,99.68
59,2025-01-17 19:00:00,7.34,1.71,536.7,0.0,34.25,27.7,28.35,28.8,2.54,99.63
59,2025-01-17 20:00:00,2.41,1.13,116.6,0.0,42.8,25.4,26.58,27.5,2.0,99.63
59,2025-01-17 21:00:00,10.04,1.25,66.4,0.0,49.95,24.4,25.05,25.4,1.59,99.65
59,2025-01-17 22:00:00,11.48,3.97,4.5,0.0,45.23,22.4,23.23,24.3,1.56,99.72
59,2025-01-17 23:00:00,9.4,2.6,0.0,0.0,48.95,19.6,20.73,21.7,1.26,99.78
59,2025-01-18 00:00:00,4.32,2.17,0.0,0.0,57.28,18.1,18.4,19.0,0.91,99.83
59,2025-01-18 01:00:00,3.71,2.0,0.0,0.0,59.3,17.4,17.63,18.0,0.82,99.81
59,2025-01-18 02:00:00,3.74,2.07,0.0,0.0,65.83,15.7,16.33,16.8,0.64,99.79
59,2025-01-18 03:00:00,3.96,2.43,0.0,0.0,71.73,14.2,14.7,15.2,0.47,99.75
59,2025-01-18 04:00:00,3.82,2.29,0.0,0.0,80.6,13.0,13.4,13.9,0.3,99.71
59,2025-01-18 05:00:00,3.49,2.12,0.0,0.0,83.08,12.3,12.5,12.9,0.25,99.7
59,2025-01-18 06:00:00,4.46,1.24,0.0,0.0,80.6,11.9,12.43,12.6,0.28,99.72
59,2025-01-18 07:00:00,4.21,0.94,3.3,0.0,80.7,11.8,12.05,12.4,0.27,99.78
59,2025-01-18 08:00:00,3.02,1.11,104.0,0.0,82.03,11.6,12.28,13.3,0.26,99.83
59,2025-01-18 09:00:00,10.37,2.42,248.7,0.0,71.38,14.5,15.6,16.6,0.51,99.87
59,2025-01-18 10:00:00,13.93,2.93,428.7,0.0,63.4,16.9,17.43,17.9,0.73,99.9
59,2025-01-18 11:00:00,12.96,3.74,600.5,0.0,60.55,18.3,18.93,19.8,0.86,99.9
59,2025-01-18 12:00:00,11.84,4.15,743.3,0.0,57.48,20.0,20.68,21.3,1.04,99.92
59,2025-01-18 13:00:00,14.29,3.98,843.7,0.0,53.68,21.8,22.5,23.3,1.27,99.92
59,2025-01-18 14:00:00,12.46,4.37,888.2,0.0,50.43,23.6,24.15,24.8,1.49,99.93
59,2025-01-18 15:00:00,10.91,3.98,890.2,0.0,47.33,25.2,25.85,26.5,1.76,99.91
59,2025-01-18 16:00:00,14.69,4.32,862.0,0.0,43.95,26.9,27.33,27.8,2.04,99.87
59,2025-01-18 17:00:00,10.94,3.53,775.3,0.0,40.98,28.2,28.35,28.5,2.28,99.82
59,2025-01-18 18:00:00,11.81,3.04,647.3,0.0,37.83,28.8,28.93,29.1,2.48,99.79
59,2025-01-18 19:00:00,12.46,2.75,480.5,0.0,37.0,28.7,29.03,29.2,2.53,99.77
59,2025-01-18 20:00:00,6.01,1.44,294.5,0.0,37.85,28.5,28.6,28.8,2.43,99.79
59,2025-01-18 21:00:00,7.52,1.44,28.9,0.0,44.83,24.6,26.1,27.6,1.88,99.83
59,2025-01-18 22:00:00,9.07,1.77,2.3,0.0,49.55,21.1,22.38,23.4,1.37,99.91
59,2025-01-18 23:00:00,3.28,1.58,0.0,0.0,54.33,19.0,19.75,20.5,1.05,99.97
59,2025-01-19 00:00:00,4.1,2.23,0.0,0.0,63.23,16.7,17.33,18.0,0.73,100.0
59,2025-01-19 01:00:00,3.17,1.13,0.0,0.0,67.53,15.4,15.85,16.4,0.59,99.98
59,2025-01-19 02:00:00,3.67,2.3,0.0,0.0,69.93,14.4,15.08,15.5,0.52,99.95
59,2025-01-19 03:00:00,4.14,2.49,0.0,0.0,78.03,13.1,13.7,14.2,0.35,99.91
59,2025-01-19 04:00:00,3.78,1.81,0.0,0.0,79.78,12.5,12.75,13.0,0.3,99.87
59,2025-01-19 05:00:00,4.28,2.23,0.0,0.0,79.08,12.4,12.53,12.7,0.3,99.84
59,2025-01-19 06:00:00,4.0,2.14,0.0,0.0,78.98,12.1,12.3,12.4,0.3,99.85
59,2025-01-19 07:00:00,4.21,2.0,3.4,0.0,83.45,11.2,11.45,11.7,0.22,99.87
59,2025-01-19 08:00:00,5.15,2.03,107.8,0.0,82.63,11.8,12.48,13.6,0.25,99.85
59,2025-01-19 09:00:00,10.94,2.71,255.9,0.0,74.1,14.6,15.9,16.9,0.47,99.84
59,2025-01-19 10:00:00,10.51,3.16,441.5,0.0,63.83,17.5,18.23,19.0,0.76,99.8
59,2025-01-19 11:00:00,9.36,3.23,616.6,0.0,59.68,19.4,20.28,21.1,0.96,99.77
59,2025-01-19 12:00:00,11.12,3.44,766.4,0.0,55.38,22.0,22.98,24.1,1.26,99.71
59,2025-01-19 13:00:00,12.74,3.9,866.9,0.0,50.08,24.7,25.6,26.6,1.64,99.65
59,2025-01-19 14:00:00,13.86,3.84,916.3,0.0,43.0,27.4,28.2,28.8,2.18,99.6
59,2025-01-19 15:00:00,13.97,3.47,918.1,0.0,38.1,29.4,29.93,30.5,2.62,99.55
59,2025-01-19 16:00:00,18.29,4.99,885.2,0.0,34.65,30.8,31.25,31.7,2.98,99.49
59,2025-01-19 17:00:00,13.32,3.73,805.4,0.0,29.3,31.8,32.1,32.5,3.38,99.43
59,2025-01-19 18:00:00,10.48,3.07,674.2,0.0,25.6,32.6,32.73,32.9,3.68,99.39
59,2025-01-19 19:00:00,6.8,2.38,501.4,0.0,25.33,32.1,32.55,32.8,3.66,99.34
59,2025-01-19 20:00:00,5.87,1.41,306.4,0.0,27.4,30.6,31.38,31.9,3.34,99.34
59,2025-01-19 21:00:00,2.95,1.32,32.9,0.0,39.95,25.3,27.48,29.7,2.23,99.37
59,2025-01-19 22:00:00,2.34,1.42,0.9,0.0,46.88,22.9,23.93,25.0,1.58,99.39
59,2025-01-19 23:00:00,3.28,1.96,0.0,0.0,55.93,19.6,20.78,21.9,1.09,99.44
59,2025-01-20 00:00:00,3.92,2.8,0.0,0.0,65.93,17.8,18.45,19.2,0.73,99.46
59,2025-01-20 01:00:00,4.46,3.3,0.0,0.0,71.5,16.2,16.83,17.6,0.55,99.43
59,2025-01-20 02:00:00,5.98,3.03,0.0,0.0,73.58,15.6,15.78,16.0,0.48,99.39
59,2025-01-20 03:00:00,4.93,2.99,0.0,0.0,77.3,14.6,14.93,15.3,0.39,99.35
59,2025-01-20 04:00:00,5.04,2.59,0.0,0.0,81.93,13.1,13.7,14.2,0.28,99.32
59,2025-01-20 05:00:00,4.21,2.56,0.0,0.0,83.0,12.8,13.08,13.2,0.25,99.27
59,2025-01-20 06:00:00,4.21,2.9,0.0,0.0,85.03,12.2,12.3,12.5,0.22,99.25
59,2025-01-20 07:00:00,3.82,2.53,2.3,0.0,87.1,11.0,11.6,12.1,0.18,99.26
59,2025-01-20 08:00:00,5.11,2.41,104.8,0.0,86.8,11.3,12.0,13.2,0.19,99.28
59,2025-01-20 09:00:00,6.84,1.38,247.7,0.0,74.03,14.7,17.2,19.2,0.53,99.29
59,2025-01-20 10:00:00,9.97,3.35,431.3,0.0,59.93,19.8,20.25,20.7,0.95,99.29
59,2025-01-20 11:00:00,11.41,3.77,601.2,0.0,58.25,21.3,22.0,22.6,1.11,99.28
59,2025-01-20 12:00:00,14.11,3.86,736.9,0.0,55.8,23.0,23.63,24.3,1.29,99.28
59,2025-01-20 13:00:00,14.22,4.0,827.0,0.0,50.33,24.9,25.68,26.4,1.64,99.29
59,2025-01-20 14:00:00,13.57,4.2,915.8,0.0,45.1,26.6,27.73,28.7,2.05,99.29
59,2025-01-20 15:00:00,17.5,4.03,923.5,0.0,39.48,28.9,29.73,30.4,2.53,99.25
59,2025-01-20 16:00:00,13.9,3.41,817.1,0.0,36.15,30.2,30.58,31.3,2.8,99.22
59,2025-01-20 17:00:00,10.84,3.0,792.5,0.0,30.75,31.6,31.8,32.2,3.26,99.17
59,2025-01-20 18:00:00,10.19,2.81,641.5,0.0,32.08,31.9,32.08,32.2,3.25,99.14
59,2025-01-20 19:00:00,8.78,2.4,525.0,0.0,33.45,30.3,30.93,31.7,2.98,99.12
59,2025-01-20 20:00:00,7.88,1.38,176.8,0.0,39.08,28.0,28.85,29.7,2.43,99.13
59,2025-01-20 21:00:00,13.54,3.87,56.7,0.0,38.45,25.4,26.68,28.1,2.16,99.19
59,2025-01-20 22:00:00,9.07,2.34,1.5,0.0,39.58,22.4,23.3,24.2,1.73,99.24
59,2025-01-20 23:00:00,3.89,1.48,0.0,0.0,41.83,19.6,20.55,21.6,1.41,99.32
59,2025-01-21 00:00:00,2.95,1.25,0.0,0.0,48.85,18.2,18.73,19.3,1.11,99.39
59,2025-01-21 01:00:00,6.23,1.36,0.0,0.0,54.7,17.3,17.55,17.8,0.91,99.4
59,2025-01-21 02:00:00,2.88,1.59,0.0,0.0,63.0,16.1,16.48,17.0,0.7,99.39
59,2025-01-21 03:00:00,3.06,1.88,0.0,0.0,67.23,15.2,15.58,15.9,0.58,99.34
59,2025-01-21 04:00:00,3.89,1.83,0.0,0.0,73.73,13.9,14.28,14.8,0.43,99.3
59,2025-01-21 05:00:00,5.11,2.38,0.0,0.0,77.93,13.2,13.6,13.9,0.34,99.3
59,2025-01-21 06:00:00,4.68,2.13,0.0,0.0,83.68,12.4,12.6,12.9,0.24,99.31
59,2025-01-21 07:00:00,4.39,2.45,2.7,0.0,86.13,11.9,12.0,12.1,0.2,99.35
59,2025-01-21 08:00:00,3.92,2.41,95.2,0.0,85.13,11.8,12.35,13.5,0.22,99.42
59,2025-01-21 09:00:00,5.65,2.01,239.7,0.0,74.4,14.7,16.28,17.6,0.48,99.44
59,2025-01-21 10:00:00,9.79,2.66,417.7,0.0,69.7,18.5,19.38,20.1,0.68,99.45
59,2025-01-21 11:00:00,10.84,3.35,591.3,0.0,65.43,20.3,21.0,22.1,0.87,99.45
59,2025-01-21 12:00:00,11.63,3.49,735.2,0.0,59.68,22.4,22.98,23.4,1.13,99.48
59,2025-01-21 13:00:00,12.38,3.58,838.3,0.0,54.8,24.0,24.73,25.7,1.41,99.5
59,2025-01-21 14:00:00,10.51,3.46,883.4,0.0,50.38,26.1,26.43,26.8,1.72,99.5
59,2025-01-21 15:00:00,10.37,3.1,883.6,0.0,45.58,27.5,28.08,28.7,2.07,99.46
59,2025-01-21 16:00:00,9.54,3.6,854.8,0.0,41.9,29.0,29.33,29.8,2.37,99.42
59,2025-01-21 17:00:00,7.99,2.96,768.5,0.0,40.43,29.8,30.05,30.4,2.54,99.37
59,2025-01-21 18:00:00,11.48,3.65,631.1,0.0,39.63,30.6,30.9,31.1,2.7,99.33
59,2025-01-21 19:00:00,27.0,6.95,472.9,0.0,43.55,29.5,30.28,30.9,2.44,99.3
59,2025-01-21 20:00:00,21.38,7.98,284.7,0.0,47.2,27.2,28.0,28.8,2.0,99.33
59,2025-01-21 21:00:00,19.01,4.91,32.5,0.0,50.35,24.6,25.63,26.6,1.64,99.37
59,2025-01-21 22:00:00,8.24,2.23,1.9,0.0,54.83,22.1,22.88,23.9,1.26,99.44
59,2025-01-21 23:00:00,9.18,2.49,0.0,0.0,58.35,20.2,21.0,21.6,1.04,99.52
59,2025-01-22 00:00:00,4.36,1.07,0.0,0.0,66.33,17.8,18.65,19.6,0.73,99.53
59,2025-01-22 01:00:00,2.88,1.64,0.0,0.0,73.33,16.5,16.95,17.6,0.52,99.52
59,2025-01-22 02:00:00,3.17,1.58,0.0,0.0,78.8,15.5,15.7,16.1,0.38,99.5
59,2025-01-22 03:00:00,3.78,1.77,0.0,0.0,83.6,14.3,14.73,15.2,0.28,99.48
59,2025-01-22 04:00:00,3.31,1.86,0.0,0.0,86.33,13.4,13.85,14.3,0.21,99.43
59,2025-01-22 05:00:00,3.53,2.08,0.0,0.0,88.55,13.0,13.18,13.3,0.17,99.43
59,2025-01-22 06:00:00,3.67,2.31,0.0,0.0,89.95,12.6,12.68,12.8,0.15,99.43
59,2025-01-22 07:00:00,3.1,1.76,2.3,0.0,91.0,12.0,12.13,12.4,0.13,99.46
59,2025-01-22 08:00:00,4.18,2.23,98.4,0.02,91.53,12.2,12.65,13.6,0.12,99.52
59,2025-01-22 09:00:00,5.94,1.84,236.1,0.02,83.68,14.7,16.08,17.2,0.31,99.56
59,2025-01-22 10:00:00,7.81,2.62,410.7,0.0,69.53,17.6,18.23,18.9,0.64,99.58
59,2025-01-22 11:00:00,8.89,3.3,584.7,0.0,63.5,19.4,20.03,20.8,0.86,99.58
59,2025-01-22 12:00:00,11.66,3.58,726.7,0.0,59.5,21.4,22.13,22.8,1.08,99.58
59,2025-01-22 13:00:00,15.84,4.41,826.7,0.0,55.08,23.2,24.1,24.9,1.35,99.57
59,2025-01-22 14:00:00,14.54,5.29,867.7,0.0,50.48,25.6,26.15,27.0,1.68,99.56
59,2025-01-22 15:00:00,20.52,5.45,870.6,0.0,48.05,27.2,27.83,28.4,1.95,99.53
59,2025-01-22 16:00:00,16.85,5.59,839.7,0.0,46.65,28.8,28.98,29.2,2.14,99.51
59,2025-01-22 17:00:00,21.28,8.05,757.9,0.0,45.4,28.9,29.15,29.3,2.21,99.49
59,2025-01-22 18:00:00,28.08,10.04,630.9,0.0,45.5,27.8,28.25,28.6,2.09,99.49
59,2025-01-22 19:00:00,31.93,10.07,463.8,0.0,46.73,25.9,26.8,27.6,1.88,99.52
59,2025-01-22 20:00:00,17.03,7.72,283.4,0.0,48.65,24.2,24.9,25.5,1.62,99.58
59,2025-01-22 21:00:00,19.48,5.15,31.9,0.0,50.4,21.0,22.18,23.3,1.33,99.67
59,2025-01-22 22:00:00,17.24,4.95,1.1,0.0,52.63,18.7,19.55,20.4,1.08,99.79
59,2025-01-22 23:00:00,13.03,2.0,0.0,0.0,59.65,16.2,17.13,18.2,0.79,99.89
59,2025-01-23 00:00:00,2.81,0.91,0.0,0.0,67.63,14.6,15.18,15.8,0.56,99.89
59,2025-01-23 01:00:00,3.06,1.47,0.0,0.0,72.53,13.6,14.03,14.3,0.44,99.86
59,2025-01-23 02:00:00,2.56,0.88,0.0,0.0,76.9,12.6,12.8,13.2,0.34,99.84
59,2025-01-23 03:00:00,3.42,0.88,0.0,0.0,80.75,11.6,12.03,12.3,0.27,99.79
59,2025-01-23 04:00:00,3.71,1.45,0.0,0.0,84.35,11.0,11.18,11.4,0.21,99.73
59,2025-01-23 05:00:00,6.3,1.72,0.0,0.0,85.98,10.6,11.0,11.3,0.18,99.7
59,2025-01-23 06:00:00,3.53,1.39,0.0,0.0,88.53,9.8,10.23,10.5,0.15,99.71
59,2025-01-23 07:00:00,3.38,1.57,1.7,0.0,90.75,9.1,9.43,9.6,0.11,99.75
59,2025-01-23 08:00:00,3.42,1.67,97.4,0.0,91.65,9.3,9.85,10.8,0.1,99.79
59,2025-01-23 09:00:00,7.63,2.01,241.6,0.0,88.65,11.9,13.38,14.8,0.18,99.83
59,2025-01-23 10:00:00,13.79,3.72,416.7,0.0,72.4,15.4,16.4,17.1,0.52,99.85
59,2025-01-23 11:00:00,11.95,3.54,589.4,0.0,62.75,17.9,19.0,20.1,0.82,99.86
59,2025-01-23 12:00:00,16.78,4.21,735.1,0.0,55.28,20.2,21.18,21.9,1.13,99.87
59,2025-01-23 13:00:00,16.06,4.0,833.3,0.0,53.7,22.4,22.9,23.3,1.3,99.84
59,2025-01-23 14:00:00,14.4,4.6,878.7,0.0,51.53,23.8,24.3,24.9,1.48,99.82
59,2025-01-23 15:00:00,13.57,4.82,882.1,0.0,47.65,25.2,25.68,26.3,1.73,99.77
59,2025-01-23 16:00:00,12.96,4.13,858.1,0.0,37.33,26.7,27.15,27.7,2.26,99.72
59,2025-01-23 17:00:00,16.34,4.13,775.9,0.0,31.1,28.2,28.33,28.5,2.65,99.68
59,2025-01-23 18:00:00,10.37,3.56,637.2,0.0,37.33,28.5,28.68,28.8,2.47,99.65
59,2025-01-23 19:00:00,9.72,3.01,467.7,0.0,42.1,28.2,28.45,29.1,2.25,99.6
59,2025-01-23 20:00:00,10.37,2.25,284.4,0.0,46.8,27.4,27.78,28.1,1.99,99.58
59,2025-01-23 21:00:00,6.62,1.17,31.9,0.0,52.3,24.1,25.45,26.9,1.56,99.61
59,2025-01-23 22:00:00,8.75,1.32,1.3,0.0,59.0,22.4,22.83,23.4,1.14,99.65
59,2025-01-23 23:00:00,6.37,1.5,0.0,0.0,61.18,20.3,21.18,22.1,0.98,99.74
59,2025-01-24 00:00:00,5.11,1.33,0.0,0.0,64.25,19.0,19.48,19.8,0.81,99.78
59,2025-01-24 01:00:00,8.28,2.15,0.0,0.0,65.6,17.7,18.28,18.8,0.72,99.8
59,2025-01-24 02:00:00,8.39,1.89,0.0,0.0,66.03,16.0,16.63,17.3,0.64,99.81
59,2025-01-24 03:00:00,5.04,1.2,0.0,0.0,69.93,14.4,15.0,15.6,0.52,99.77
59,2025-01-24 04:00:00,3.56,1.03,0.0,0.0,73.63,13.2,13.88,14.3,0.42,99.71
59,2025-01-24 05:00:00,7.38,1.39,0.0,0.0,76.25,13.0,13.08,13.2,0.36,99.69
59,2025-01-24 06:00:00,5.94,1.4,0.0,0.0,77.3,12.6,12.78,13.1,0.34,99.66
59,2025-01-24 07:00:00,6.05,1.19,1.9,0.0,80.25,11.8,12.2,12.5,0.28,99.69
59,2025-01-24 08:00:00,6.62,1.18,79.9,0.0,82.13,11.6,12.1,13.1,0.25,99.71
59,2025-01-24 09:00:00,9.14,2.35,236.1,0.0,73.85,14.0,15.13,16.0,0.45,99.71
59,2025-01-24 10:00:00,15.41,3.87,416.5,0.0,66.5,16.5,16.83,17.2,0.64,99.7
59,2025-01-24 11:00:00,13.93,4.2,590.8,0.0,61.43,18.0,18.63,19.1,0.83,99.67
59,2025-01-24 12:00:00,15.52,3.67,739.1,0.0,57.1,20.3,21.25,22.3,1.09,99.64
59,2025-01-24 13:00:00,14.44,3.98,840.7,0.0,52.03,23.0,23.83,24.7,1.42,99.62
59,2025-01-24 14:00:00,11.92,3.52,889.6,0.0,46.68,25.1,25.65,26.3,1.76,99.58
59,2025-01-24 15:00:00,16.92,4.39,892.1,0.0,40.25,27.2,27.35,27.7,2.18,99.53
59,2025-01-24 16:00:00,14.87,3.7,866.9,0.0,36.55,28.0,28.43,28.9,2.46,99.48
59,2025-01-24 17:00:00,22.54,4.34,787.3,0.0,31.2,28.8,29.25,29.6,2.8,99.43
59,2025-01-24 18:00:00,15.84,4.36,657.5,0.0,30.5,29.4,29.53,29.6,2.87,99.38
59,2025-01-24 19:00:00,10.15,3.48,488.6,0.0,31.15,29.1,29.53,29.7,2.84,99.32
59,2025-01-24 20:00:00,9.61,2.42,303.2,0.0,32.9,27.7,28.53,29.3,2.62,99.31
59,2025-01-24 21:00:00,5.04,1.29,25.3,0.0,39.98,23.5,25.08,26.6,1.92,99.34
59,2025-01-24 22:00:00,4.54,0.87,1.3,0.0,48.33,20.0,21.35,22.8,1.32,99.37
59,2025-01-24 23:00:00,3.82,1.13,0.0,0.0,50.88,19.4,20.0,20.4,1.15,99.39
59,2025-01-25 00:00:00,5.87,1.27,0.0,0.0,55.88,18.2,18.45,18.8,0.94,99.4
59,2025-01-25 01:00:00,4.43,1.34,0.0,0.0,54.78,18.2,18.4,18.6,0.96,99.38
59,2025-01-25 02:00:00,5.47,1.24,0.0,0.0,58.28,17.0,17.45,17.8,0.84,99.34
59,2025-01-25 03:00:00,6.98,1.67,0.0,0.0,61.7,16.4,16.58,16.8,0.72,99.29
59,2025-01-25 04:00:00,8.5,2.02,0.0,0.0,65.1,15.9,16.18,16.4,0.64,99.27
59,2025-01-25 05:00:00,9.07,1.84,0.0,0.0,70.5,14.4,15.08,15.8,0.51,99.28
59,2025-01-25 06:00:00,8.82,1.38,0.0,0.0,75.5,12.8,13.48,14.1,0.38,99.32
59,2025-01-25 07:00:00,6.62,1.33,1.6,0.0,78.68,12.2,12.38,12.7,0.31,99.36
59,2025-01-25 08:00:00,8.6,1.27,74.7,0.0,79.1,12.0,12.28,13.0,0.3,99.41
59,2025-01-25 09:00:00,10.08,2.54,235.7,0.0,71.8,14.0,15.13,16.2,0.49,99.42
59,2025-01-25 10:00:00,10.84,2.95,417.2,0.0,64.58,16.4,16.88,17.4,0.68,99.44
59,2025-01-25 11:00:00,10.66,3.44,592.3,0.0,61.35,17.8,18.45,19.1,0.82,99.42
59,2025-01-25 12:00:00,12.82,3.89,740.1,0.0,58.63,19.2,20.03,20.6,0.97,99.41
59,2025-01-25 13:00:00,12.06,3.54,840.4,0.0,55.03,21.0,22.0,23.0,1.19,99.42
59,2025-01-25 14:00:00,11.84,3.96,886.6,0.0,51.33,23.3,24.28,25.1,1.48,99.41
59,2025-01-25 15:00:00,10.94,3.79,889.4,0.0,46.83,25.8,26.58,27.2,1.85,99.39
59,2025-01-25 16:00:00,16.06,4.37,862.7,0.0,42.65,27.8,28.3,28.8,2.21,99.37
59,2025-01-25 17:00:00,13.54,3.3,796.1,0.0,38.63,29.4,29.85,30.2,2.58,99.33
59,2025-01-25 18:00:00,9.43,2.86,638.9,0.0,34.68,30.6,30.73,30.9,2.89,99.27
59,2025-01-25 19:00:00,6.8,2.26,454.9,0.0,32.9,30.8,31.0,31.2,3.02,99.21
59,2025-01-25 20:00:00,8.06,1.65,273.9,0.0,36.9,28.9,29.73,30.3,2.64,99.19
59,2025-01-25 21:00:00,2.88,0.85,39.9,0.0,47.4,24.4,26.23,28.0,1.8,99.2
59,2025-01-25 22:00:00,2.63,1.54,1.3,0.0,57.1,20.9,22.05,23.2,1.15,99.23
59,2025-01-25 23:00:00,2.95,1.83,0.0,0.0,65.6,18.8,19.5,20.4,0.79,99.26
59,2025-01-26 00:00:00,3.85,2.66,0.0,0.0,71.4,18.0,18.28,18.4,0.6,99.28
59,2025-01-26 01:00:00,3.24,1.75,0.0,0.0,72.0,17.3,17.6,17.8,0.57,99.28
59,2025-01-26 02:00:00,3.17,1.38,0.0,0.0,73.38,16.3,16.53,16.9,0.5,99.25
59,2025-01-26 03:00:00,3.2,1.58,0.0,0.0,77.75,15.1,15.3,15.8,0.39,99.22
59,2025-01-26 04:00:00,3.28,1.67,0.0,0.0,80.83,14.1,14.35,14.6,0.32,99.2
59,2025-01-26 05:00:00,3.1,1.55,0.0,0.0,81.73,13.5,13.65,14.0,0.29,99.18
59,2025-01-26 06:00:00,5.29,1.87,0.0,0.0,80.75,13.4,13.65,14.0,0.3,99.21
59,2025-01-26 07:00:00,3.24,1.7,1.3,0.0,84.4,12.5,12.85,13.2,0.23,99.24
59,2025-01-26 08:00:00,4.46,2.03,75.6,0.0,85.05,12.3,12.93,14.1,0.22,99.3
59,2025-01-26 09:00:00,10.12,2.4,228.7,0.0,76.25,14.9,16.43,17.7,0.45,99.33
59,2025-01-26 10:00:00,10.19,2.93,410.5,0.0,64.38,18.3,18.78,19.4,0.77,99.35
59,2025-01-26 11:00:00,10.51,3.33,587.7,0.0,60.13,20.0,20.58,21.3,0.97,99.34
59,2025-01-26 12:00:00,10.3,3.4,737.4,0.0,56.28,22.2,22.98,23.8,1.23,99.37
59,2025-01-26 13:00:00,12.24,4.12,840.5,0.0,51.78,24.4,25.03,25.7,1.53,99.41
59,2025-01-26 14:00:00,12.74,4.16,889.9,0.0,47.2,26.4,27.05,28.0,1.89,99.41
59,2025-01-26 15:00:00,11.2,3.67,893.7,0.0,36.75,28.4,29.15,29.8,2.56,99.38
59,2025-01-26 16:00:00,11.84,2.98,857.1,0.0,32.4,30.1,30.6,31.1,2.97,99.33
59,2025-01-26 17:00:00,12.46,3.07,769.7,0.0,28.88,31.0,31.28,31.4,3.25,99.26
59,2025-01-26 18:00:00,8.35,2.39,630.5,0.0,31.48,31.4,31.45,31.5,3.16,99.23
59,2025-01-26 19:00:00,27.76,3.91,453.4,0.0,34.73,31.5,31.75,32.1,3.06,99.21
59,2025-01-26 20:00:00,20.34,7.36,271.2,0.0,35.18,29.0,29.88,30.7,2.74,99.24
59,2025-01-26 21:00:00,13.64,5.59,40.7,0.0,38.4,25.0,26.58,28.2,2.15,99.34
59,2025-01-26 22:00:00,6.77,1.32,1.1,0.0,46.4,21.6,22.58,24.0,1.47,99.47
59,2025-01-26 23:00:00,4.5,1.46,0.0,0.0,48.93,19.0,19.9,20.8,1.19,99.59
59,2025-01-27 00:00:00,6.41,1.31,0.0,0.0,56.08,16.9,17.73,18.6,0.9,99.65
59,2025-01-27 01:00:00,6.52,1.25,0.0,0.0,64.33,15.4,16.08,16.5,0.66,99.66
59,2025-01-27 02:00:00,3.96,0.84,0.0,0.0,71.55,14.2,14.6,15.0,0.47,99.66
59,2025-01-27 03:00:00,2.84,1.06,0.0,0.0,76.33,13.2,13.65,14.1,0.37,99.62
59,2025-01-27 04:00:00,2.52,1.13,0.0,0.0,81.6,12.5,12.78,13.0,0.27,99.55
59,2025-01-27 05:00:00,2.84,1.07,0.0,0.0,84.9,11.8,12.13,12.5,0.21,99.52
59,2025-01-27 06:00:00,3.46,1.26,0.0,0.0,88.05,11.4,11.63,11.8,0.16,99.49
59,2025-01-27 07:00:00,3.96,1.37,1.1,0.0,89.78,11.1,11.25,11.4,0.14,99.48
59,2025-01-27 08:00:00,2.7,0.92,69.9,0.0,91.25,10.9,11.23,11.8,0.12,99.47
59,2025-01-27 09:00:00,7.42,1.73,230.1,0.02,88.7,13.0,14.85,16.5,0.2,99.44
59,2025-01-27 10:00:00,12.64,3.12,410.3,0.0,72.03,17.0,18.18,19.3,0.59,99.43
59,2025-01-27 11:00:00,13.9,3.47,585.3,0.0,60.05,19.8,20.8,21.8,0.99,99.42
59,2025-01-27 12:00:00,17.39,3.7,732.3,0.0,55.48,22.4,22.88,23.8,1.25,99.41
59,2025-01-27 13:00:00,22.54,4.73,835.2,0.0,51.43,24.4,25.0,25.3,1.54,99.38
59,2025-01-27 14:00:00,13.61,4.29,883.7,0.0,47.85,26.2,26.93,27.5,1.85,99.32
59,2025-01-27 15:00:00,16.24,4.37,884.7,0.0,45.23,27.8,28.25,28.6,2.1,99.27
59,2025-01-27 16:00:00,17.39,4.44,856.7,0.0,44.48,28.6,28.83,29.2,2.21,99.22
59,2025-01-27 17:00:00,19.58,4.32,771.3,0.0,44.3,29.4,29.75,30.0,2.33,99.19
59,2025-01-27 18:00:00,11.77,3.45,638.8,0.0,43.95,29.4,29.85,30.2,2.36,99.17
59,2025-01-27 19:00:00,11.38,2.95,473.0,0.0,44.55,29.3,29.58,29.9,2.3,99.15
59,2025-01-27 20:00:00,8.5,2.46,287.5,0.0,45.28,27.8,28.4,28.9,2.12,99.16
59,2025-01-27 21:00:00,5.72,1.24,43.3,0.0,49.4,24.4,25.9,27.2,1.7,99.19
59,2025-01-27 22:00:00,2.45,0.87,1.1,0.0,57.88,21.0,22.1,23.4,1.13,99.24
59,2025-01-27 23:00:00,5.29,1.14,0.0,0.0,58.4,20.6,20.8,20.9,1.02,99.28
59,2025-01-28 00:00:00,9.94,1.7,0.0,0.0,50.5,20.4,20.55,20.8,1.2,99.28
59,2025-01-28 01:00:00,9.72,2.39,0.0,0.0,46.48,19.6,19.95,20.2,1.25,99.29
59,2025-01-28 02:00:00,8.1,1.54,0.0,0.0,50.63,17.1,18.0,19.1,1.02,99.31
59,2025-01-28 03:00:00,5.98,1.34,0.0,0.0,55.23,15.4,15.93,16.7,0.81,99.3
59,2025-01-28 04:00:00,4.14,1.31,0.0,0.0,57.6,13.9,14.58,15.3,0.71,99.27
59,2025-01-28 05:00:00,8.06,2.22,0.0,0.0,63.83,13.7,13.8,13.9,0.57,99.23
59,2025-01-28 06:00:00,7.74,1.88,0.0,0.0,68.3,12.3,12.9,13.4,0.47,99.22
59,2025-01-28 07:00:00,4.46,1.08,1.0,0.0,73.9,10.9,11.33,11.8,0.35,99.24
59,2025-01-28 08:00:00,2.99,1.04,61.1,0.0,77.9,10.4,10.7,11.4,0.28,99.26
59,2025-01-28 09:00:00,19.76,2.96,228.9,0.0,67.7,12.6,13.8,14.9,0.52,99.27
59,2025-01-28 10:00:00,8.68,3.09,410.3,0.0,60.23,15.2,16.08,16.8,0.73,99.28
59,2025-01-28 11:00:00,12.56,3.67,585.1,0.0,59.55,16.9,17.75,18.7,0.82,99.27
59,2025-01-28 12:00:00,11.52,3.99,732.8,0.0,56.93,18.9,19.73,20.5,0.99,99.29
59,2025-01-28 13:00:00,11.99,3.24,837.0,0.0,54.43,21.1,22.1,23.3,1.22,99.28
59,2025-01-28 14:00:00,9.79,3.75,883.8,0.0,51.7,23.8,24.63,25.7,1.5,99.28
59,2025-01-28 15:00:00,13.5,3.61,887.1,0.0,47.3,25.7,26.83,27.7,1.86,99.26
59,2025-01-28 16:00:00,14.0,3.86,863.3,0.0,42.6,28.7,29.2,29.9,2.33,99.21
59,2025-01-28 17:00:00,12.96,3.67,779.2,0.0,38.68,30.0,30.35,31.0,2.66,99.18
59,2025-01-28 18:00:00,10.94,2.85,652.5,0.0,32.98,31.2,31.48,32.0,3.1,99.14
59,2025-01-28 19:00:00,7.31,2.27,484.7,0.0,32.73,31.4,31.45,31.6,3.1,99.11
59,2025-01-28 20:00:00,3.82,1.45,295.6,0.0,35.85,30.8,31.0,31.2,2.88,99.09
59,2025-01-28 21:00:00,4.0,1.14,46.4,0.0,46.88,25.1,27.18,29.3,1.93,99.12
59,2025-01-28 22:00:00,3.31,2.12,0.9,0.0,58.6,21.2,22.33,23.6,1.12,99.16
59,2025-01-28 23:00:00,5.0,2.41,0.0,0.0,69.58,18.9,19.4,20.2,0.69,99.21
59,2025-01-29 00:00:00,3.92,2.86,0.0,0.0,75.5,17.4,17.83,18.6,0.51,99.24
59,2025-01-29 01:00:00,4.43,2.78,0.0,0.0,77.65,16.7,16.85,17.0,0.43,99.24
59,2025-01-29 02:00:00,5.04,2.94,0.0,0.0,80.25,15.5,15.88,16.2,0.36,99.23
59,2025-01-29 03:00:00,3.64,1.86,0.0,0.0,82.93,14.6,15.03,15.5,0.29,99.19
59,2025-01-29 04:00:00,3.2,1.51,0.0,0.0,84.33,13.9,14.08,14.4,0.25,99.16
59,2025-01-29 05:00:00,8.03,1.25,0.0,0.0,76.43,14.2,14.28,14.3,0.39,99.16
59,2025-01-29 06:00:00,2.66,1.04,0.0,0.0,77.05,13.4,13.65,13.8,0.36,99.18
59,2025-01-29 07:00:00,3.2,1.94,0.7,0.0,82.0,12.1,12.58,12.9,0.26,99.21
59,2025-01-29 08:00:00,3.6,1.87,65.7,0.0,85.23,11.6,12.08,12.7,0.21,99.22
59,2025-01-29 09:00:00,10.3,2.2,226.8,0.0,75.75,14.0,15.73,17.1,0.45,99.22
59,2025-01-29 10:00:00,10.48,3.15,410.2,0.0,63.58,17.7,18.45,19.2,0.78,99.24
59,2025-01-29 11:00:00,9.94,3.63,584.0,0.0,59.58,19.8,20.63,21.2,0.98,99.25
59,2025-01-29 12:00:00,10.84,3.72,733.0,0.0,56.03,21.8,22.53,23.3,1.2,99.28
59,2025-01-29 13:00:00,11.88,3.36,840.7,0.0,51.8,23.8,24.98,25.8,1.53,99.3
59,2025-01-29 14:00:00,11.23,3.39,892.7,0.0,45.15,26.7,27.53,28.3,2.02,99.31
59,2025-01-29 15:00:00,9.32,3.04,894.7,0.0,38.48,29.2,29.78,30.4,2.58,99.29
59,2025-01-29 16:00:00,10.01,3.33,877.6,0.0,28.83,31.2,31.7,32.1,3.33,99.25
59,2025-01-29 17:00:00,7.92,2.79,793.0,0.0,26.88,32.4,33.03,33.4,3.69,99.19
59,2025-01-29 18:00:00,11.02,2.85,651.9,0.0,24.1,33.6,33.9,34.1,4.02,99.14
59,2025-01-29 19:00:00,22.68,8.77,462.4,0.0,31.13,31.9,32.95,34.1,3.47,99.14
59,2025-01-29 20:00:00,19.04,7.61,280.7,0.0,34.65,29.2,30.3,31.4,2.82,99.2
59,2025-01-29 21:00:00,14.9,4.36,50.5,0.0,36.83,25.1,26.78,28.3,2.23,99.27
59,2025-01-29 22:00:00,11.05,2.24,0.7,0.0,48.48,21.3,22.35,23.7,1.4,99.35
59,2025-01-29 23:00:00,8.78,2.41,0.0,0.0,58.55,18.6,19.53,20.5,0.94,99.4
59,2025-01-30 00:00:00,5.0,2.04,0.0,0.0,65.85,17.0,17.58,18.2,0.69,99.44
59,2025-01-30 01:00:00,7.88,2.09,0.0,0.0,70.85,15.9,16.28,16.7,0.54,99.43
59,2025-01-30 02:00:00,8.17,2.66,0.0,0.0,75.38,14.9,15.33,15.6,0.43,99.43
59,2025-01-30 03:00:00,3.92,1.81,0.0,0.0,81.13,13.6,13.98,14.4,0.3,99.4
59,2025-01-30 04:00:00,5.26,2.45,0.0,0.0,84.43,12.9,13.25,13.5,0.24,99.36
59,2025-01-30 05:00:00,5.11,2.51,0.0,0.0,87.68,12.3,12.45,12.7,0.18,99.34
59,2025-01-30 06:00:00,5.33,2.35,0.0,0.0,89.23,12.0,12.13,12.2,0.15,99.34
59,2025-01-30 07:00:00,4.93,1.97,0.6,0.04,90.8,11.4,11.63,11.8,0.13,99.34
59,2025-01-30 08:00:00,4.72,1.34,70.6,0.02,92.05,11.3,11.6,12.2,0.11,99.36
59,2025-01-30 09:00:00,7.52,2.75,223.9,0.02,92.05,12.9,14.08,15.4,0.13,99.37
59,2025-01-30 10:00:00,8.24,2.73,405.1,0.0,77.65,16.4,17.33,18.1,0.45,99.37
59,2025-01-30 11:00:00,9.29,3.38,580.3,0.0,67.4,19.0,19.8,20.8,0.76,99.37
59,2025-01-30 12:00:00,12.89,3.57,731.7,0.0,57.13,21.5,22.68,23.8,1.19,99.39
59,2025-01-30 13:00:00,13.93,4.03,835.9,0.0,50.9,24.5,25.15,25.8,1.57,99.4
59,2025-01-30 14:00:00,12.74,4.42,878.7,0.0,46.1,26.3,27.13,27.9,1.94,99.4
59,2025-01-30 15:00:00,12.06,3.7,882.6,0.0,40.53,28.3,28.93,29.6,2.38,99.37
59,2025-01-30 16:00:00,10.84,3.29,858.7,0.0,34.83,30.2,30.98,31.8,2.93,99.33
59,2025-01-30 17:00:00,11.16,3.19,775.3,0.0,29.03,32.2,32.53,32.8,3.48,99.3
59,2025-01-30 18:00:00,7.7,2.93,641.1,0.0,25.3,32.6,32.7,32.8,3.7,99.28
59,2025-01-30 19:00:00,20.09,7.43,458.9,0.0,33.53,30.5,31.53,32.6,3.08,99.28
59,2025-01-30 20:00:00,16.96,6.56,274.9,0.0,36.8,28.5,29.25,30.1,2.57,99.32
59,2025-01-30 21:00:00,12.02,4.22,55.1,0.0,40.7,24.9,26.35,27.7,2.04,99.38
59,2025-01-30 22:00:00,6.3,2.04,0.7,0.0,49.28,21.5,22.63,23.8,1.4,99.44
59,2025-01-30 23:00:00,3.71,1.05,0.0,0.0,55.13,18.6,19.68,20.6,1.03,99.52
59,2025-01-31 00:00:00,3.2,1.08,0.0,0.0,59.13,16.6,17.5,18.3,0.82,99.55
59,2025-01-31 01:00:00,3.1,1.03,0.0,0.0,64.7,15.2,15.73,16.5,0.63,99.55
59,2025-01-31 02:00:00,2.3,0.73,0.0,0.0,70.35,13.7,14.3,15.0,0.49,99.53
59,2025-01-31 03:00:00,3.42,1.09,0.0,0.0,75.5,13.1,13.3,13.5,0.38,99.48
59,2025-01-31 04:00:00,3.71,1.78,0.0,0.0,81.43,12.2,12.48,12.7,0.27,99.44
59,2025-01-31 05:00:00,4.57,1.71,0.0,0.0,86.45,11.8,11.95,12.2,0.19,99.4
59,2025-01-31 06:00:00,6.62,1.22,0.0,0.0,88.28,11.8,11.9,12.0,0.17,99.39
59,2025-01-31 07:00:00,2.95,0.86,0.5,0.02,90.33,11.2,11.48,11.7,0.13,99.38
59,2025-01-31 08:00:00,3.28,1.24,71.5,0.02,91.73,11.0,11.28,12.0,0.11,99.38
59,2025-01-31 09:00:00,11.81,3.16,223.3,0.0,87.83,13.1,14.33,15.4,0.21,99.39
59,2025-01-31 10:00:00,9.65,3.18,406.7,0.0,73.73,16.1,16.7,17.2,0.5,99.38
59,2025-01-31 11:00:00,12.42,3.35,582.1,0.0,64.53,18.0,18.98,20.2,0.78,99.38
59,2025-01-31 12:00:00,16.34,3.76,733.8,0.0,57.75,20.2,21.18,22.2,1.07,99.39
59,2025-01-31 13:00:00,11.48,3.79,839.4,0.0,51.33,22.8,23.98,25.0,1.46,99.38
59,2025-01-31 14:00:00,12.6,4.34,886.4,0.0,44.95,25.9,26.85,27.7,1.95,99.35
59,2025-01-31 15:00:00,13.75,4.11,889.9,0.0,39.23,28.2,28.75,29.3,2.4,99.32
59,2025-01-31 16:00:00,15.66,4.01,859.3,0.0,34.68,29.8,30.43,31.0,2.84,99.27
59,2025-01-31 17:00:00,13.54,3.5,777.4,0.0,31.13,31.0,31.13,31.4,3.12,99.22
59,2025-01-31 18:00:00,12.24,3.58,638.9,0.0,31.48,31.3,31.6,31.9,3.19,99.17
59,2025-01-31 19:00:00,10.48,2.83,469.0,0.0,34.38,31.2,31.43,31.8,3.02,99.12
59,2025-01-31 20:00:00,8.21,2.21,280.4,0.0,39.83,29.9,30.5,30.9,2.63,99.08
59,2025-01-31 21:00:00,3.49,0.92,61.2,0.0,48.4,26.1,27.78,29.4,1.94,99.09
59,2025-01-31 22:00:00,4.21,1.06,0.6,0.0,56.38,23.4,24.3,25.2,1.33,99.13
59,2025-01-31 23:00:00,2.56,0.82,0.0,0.0,61.48,21.3,22.08,22.9,1.03,99.17
59,2025-02-01 00:00:00,2.52,0.91,0.0,0.0,63.35,19.4,20.18,21.0,0.87,99.21
59,2025-02-01 01:00:00,2.34,0.91,0.0,0.0,66.15,18.3,18.73,18.9,0.73,99.2
59,2025-02-01 02:00:00,3.71,1.71,0.0,0.0,69.53,17.0,17.7,18.2,0.62,99.15
59,2025-02-01 03:00:00,3.35,2.19,0.0,0.0,76.73,15.8,16.13,16.7,0.43,99.11
59,2025-02-01 04:00:00,3.06,2.14,0.0,0.0,80.8,14.8,15.08,15.4,0.33,99.08
59,2025-02-01 05:00:00,3.6,2.4,0.0,0.0,82.53,14.4,14.65,14.8,0.29,99.04
59,2025-02-01 06:00:00,2.99,1.7,0.0,0.0,83.83,13.9,14.13,14.4,0.26,99.01
59,2025-02-01 07:00:00,2.77,1.2,0.3,0.0,84.73,13.5,13.68,13.9,0.24,99.04
59,2025-02-01 08:00:00,2.81,1.2,70.9,0.0,86.3,13.4,13.63,14.3,0.21,99.07
59,2025-02-01 09:00:00,13.43,2.3,215.4,0.0,81.45,15.4,16.8,17.9,0.36,99.07
59,2025-02-01 10:00:00,13.14,2.81,394.3,0.0,70.28,18.8,19.33,19.7,0.67,99.08
59,2025-02-01 11:00:00,10.87,3.23,569.2,0.0,63.2,20.6,21.35,22.3,0.94,99.07
59,2025-02-01 12:00:00,12.2,3.71,716.4,0.0,58.55,22.3,23.3,24.0,1.19,99.09
59,2025-02-01 13:00:00,13.54,4.56,819.9,0.0,54.95,24.2,25.2,26.2,1.45,99.12
59,2025-02-01 14:00:00,11.74,3.5,868.3,0.0,50.45,27.0,27.58,28.3,1.83,99.12
59,2025-02-01 15:00:00,13.39,4.2,873.7,0.0,44.23,28.6,29.23,29.8,2.27,99.09
59,2025-02-01 16:00:00,10.76,3.37,851.3,0.0,39.58,30.2,30.53,30.8,2.65,99.06
59,2025-02-01 17:00:00,10.19,3.52,765.7,0.0,34.73,30.7,31.33,31.6,2.99,99.02
59,2025-02-01 18:00:00,8.14,2.5,627.9,0.0,34.9,31.8,31.95,32.1,3.09,98.98
59,2025-02-01 19:00:00,12.49,3.13,458.6,0.0,34.45,31.9,32.33,32.5,3.18,98.93
59,2025-02-01 20:00:00,16.99,6.72,271.5,0.0,38.33,29.8,30.88,32.1,2.76,98.95
59,2025-02-01 21:00:00,13.07,4.49,84.6,0.0,41.85,26.3,27.83,29.2,2.18,99.02
59,2025-02-01 22:00:00,6.77,1.53,0.5,0.0,47.98,22.9,23.88,25.2,1.55,99.1
59,2025-02-01 23:00:00,3.56,1.68,0.0,0.0,50.68,20.2,21.23,22.3,1.25,99.2
59,2025-02-02 00:00:00,4.21,1.43,0.0,0.0,57.4,18.2,18.8,19.7,0.93,99.23
59,2025-02-02 01:00:00,3.35,1.82,0.0,0.0,63.1,16.8,17.0,17.3,0.72,99.24
59,2025-02-02 02:00:00,6.7,1.43,0.0,0.0,57.8,16.2,16.55,16.8,0.79,99.25
59,2025-02-02 03:00:00,1.94,0.86,0.0,0.0,55.13,14.7,15.48,16.0,0.79,99.26
59,2025-02-02 04:00:00,6.98,1.4,0.0,0.0,59.53,14.2,14.33,14.4,0.66,99.25
59,2025-02-02 05:00:00,8.57,1.49,0.0,0.0,63.2,12.8,13.4,13.9,0.57,99.27
59,2025-02-02 06:00:00,5.11,1.42,0.0,0.0,64.38,12.5,12.63,12.8,0.52,99.3
59,2025-02-02 07:00:00,5.29,1.3,0.3,0.0,66.78,11.6,11.85,12.2,0.47,99.36
59,2025-02-02 08:00:00,4.21,1.16,64.1,0.0,68.63,11.3,11.7,12.6,0.43,99.42
59,2025-02-02 09:00:00,17.89,2.71,191.6,0.0,63.25,13.2,14.2,14.8,0.6,99.48
59,2025-02-02 10:00:00,17.71,4.19,374.3,0.0,58.35,15.3,16.0,16.5,0.76,99.5
59,2025-02-02 11:00:00,17.17,3.74,479.3,0.0,55.8,17.1,18.03,18.6,0.92,99.52
59,2025-02-02 12:00:00,15.37,3.82,716.9,0.0,51.43,19.0,20.38,21.4,1.17,99.52
59,2025-02-02 13:00:00,15.41,3.95,827.7,0.0,47.03,22.1,22.58,23.1,1.45,99.52
59,2025-02-02 14:00:00,15.55,3.9,881.7,0.0,43.8,23.4,24.18,24.9,1.7,99.5
59,2025-02-02 15:00:00,14.15,4.3,886.9,0.0,40.55,25.1,25.43,25.9,1.94,99.46
59,2025-02-02 16:00:00,12.71,3.87,860.0,0.0,37.43,26.2,26.63,27.0,2.19,99.44
59,2025-02-02 17:00:00,18.43,3.96,774.5,0.0,35.78,26.8,27.05,27.2,2.3,99.38
59,2025-02-02 18:00:00,11.77,3.33,629.5,0.0,34.98,27.3,27.4,27.5,2.37,99.34
59,2025-02-02 19:00:00,8.53,2.78,423.8,0.0,34.03,26.9,27.25,27.6,2.39,99.3
59,2025-02-02 20:00:00,7.42,2.03,270.1,0.0,35.8,25.4,26.08,26.9,2.17,99.28
59,2025-02-02 21:00:00,3.49,1.4,76.0,0.0,45.23,21.2,22.8,24.4,1.53,99.3
59,2025-02-02 22:00:00,4.9,1.28,0.5,0.0,53.4,18.7,19.33,20.1,1.05,99.33
59,2025-02-02 23:00:00,5.15,1.47,0.0,0.0,56.23,18.5,18.63,18.8,0.94,99.39
59,2025-02-03 00:00:00,6.48,1.51,0.0,0.0,61.38,17.6,17.88,18.3,0.79,99.41
59,2025-02-03 01:00:00,9.0,2.23,0.0,0.0,66.75,17.3,17.55,17.8,0.67,99.41
59,2025-02-03 02:00:00,7.88,1.67,0.0,0.0,73.35,16.0,16.55,17.0,0.5,99.4
59,2025-02-03 03:00:00,4.1,0.95,0.0,0.0,80.4,14.5,14.93,15.5,0.33,99.38
59,2025-02-03 04:00:00,3.56,1.03,0.0,0.0,84.4,13.4,13.9,14.4,0.25,99.32
59,2025-02-03 05:00:00,2.77,0.8,0.0,0.0,86.73,12.5,12.85,13.2,0.2,99.28
59,2025-02-03 06:00:00,3.2,1.53,0.0,0.0,89.05,11.9,12.13,12.4,0.16,99.26
59,2025-02-03 07:00:00,3.2,2.14,1.1,0.02,91.15,11.5,11.55,11.6,0.12,99.29
59,2025-02-03 08:00:00,6.26,1.4,72.3,0.02,91.93,11.3,11.88,12.9,0.11,99.34
59,2025-02-03 09:00:00,9.43,1.54,187.5,0.0,90.23,13.4,14.48,15.6,0.16,99.37
59,2025-02-03 10:00:00,9.61,2.91,390.5,0.0,77.28,16.5,17.35,18.2,0.45,99.38
59,2025-02-03 11:00:00,14.15,4.05,564.3,0.0,68.18,18.6,19.25,20.1,0.71,99.4
59,2025-02-03 12:00:00,14.15,3.79,711.1,0.0,59.03,20.8,21.55,22.6,1.06,99.42
59,2025-02-03 13:00:00,16.16,4.1,813.3,0.0,53.33,23.1,23.7,24.1,1.37,99.43
59,2025-02-03 14:00:00,15.95,4.94,858.7,0.0,49.45,24.6,25.13,25.5,1.61,99.42
59,2025-02-03 15:00:00,15.95,4.86,860.9,0.0,46.95,25.7,26.38,26.8,1.82,99.4
59,2025-02-03 16:00:00,20.3,4.49,837.9,0.0,40.13,27.3,27.8,28.3,2.24,99.38
59,2025-02-03 17:00:00,13.46,3.77,756.0,0.0,37.05,28.2,28.4,28.6,2.44,99.36
59,2025-02-03 18:00:00,10.73,2.95,627.7,0.0,35.18,28.9,29.03,29.2,2.6,99.33
59,2025-02-03 19:00:00,7.52,2.9,458.2,0.0,35.35,28.3,28.63,28.8,2.54,99.31
59,2025-02-03 20:00:00,10.44,2.22,275.3,0.0,37.03,26.8,27.65,28.2,2.34,99.31
59,2025-02-03 21:00:00,3.78,1.22,94.3,0.0,44.28,22.6,24.43,26.0,1.72,99.34
59,2025-02-03 22:00:00,3.2,1.37,0.2,0.0,52.58,19.2,20.48,21.8,1.15,99.36
59,2025-02-03 23:00:00,4.25,1.36,0.0,0.0,54.5,18.5,18.98,19.4,1.0,99.39
59,2025-02-04 00:00:00,8.86,1.69,0.0,0.0,52.33,18.4,19.05,19.4,1.06,99.39
59,2025-02-04 01:00:00,8.86,1.78,0.0,0.0,57.6,17.1,18.03,18.6,0.88,99.37
59,2025-02-04 02:00:00,3.82,1.42,0.0,0.0,68.98,14.6,15.35,16.4,0.55,99.33
59,2025-02-04 03:00:00,2.77,1.15,0.0,0.0,75.25,13.5,13.78,14.3,0.39,99.27
59,2025-02-04 04:00:00,3.38,1.27,0.0,0.0,78.63,12.2,12.78,13.4,0.32,99.22
59,2025-02-04 05:00:00,3.35,2.29,0.0,0.0,83.53,11.4,11.83,12.3,0.23,99.21
59,2025-02-04 06:00:00,4.46,2.42,0.0,0.0,86.93,10.8,11.1,11.3,0.17,99.21
59,2025-02-04 07:00:00,3.49,2.14,0.1,0.0,88.43,10.4,10.63,10.9,0.15,99.24
59,2025-02-04 08:00:00,3.67,1.97,78.1,0.02,89.43,10.2,10.6,11.6,0.14,99.28
59,2025-02-04 09:00:00,11.23,1.86,210.3,0.0,82.78,12.6,14.15,15.6,0.29,99.32
59,2025-02-04 10:00:00,11.66,3.14,391.7,0.0,67.08,16.2,16.95,17.6,0.64,99.34
59,2025-02-04 11:00:00,10.37,3.34,577.6,0.0,59.25,18.0,19.15,20.2,0.91,99.35
59,2025-02-04 12:00:00,12.46,3.55,676.1,0.0,54.1,21.3,21.9,22.8,1.21,99.35
59,2025-02-04 13:00:00,11.81,3.56,786.9,0.0,48.73,22.7,23.88,24.7,1.52,99.36
59,2025-02-04 14:00:00,15.55,4.37,857.1,0.0,43.5,25.3,26.25,27.1,1.93,99.35
59,2025-02-04 15:00:00,12.2,4.08,820.4,0.0,37.93,27.5,28.13,28.8,2.37,99.32
59,2025-02-04 16:00:00,12.85,3.23,731.5,0.0,34.98,29.1,29.33,29.6,2.65,99.27
59,2025-02-04 17:00:00,8.28,2.36,603.1,0.0,33.15,29.9,30.1,30.3,2.85,99.22
59,2025-02-04 18:00:00,8.89,2.48,548.5,0.0,32.48,30.1,30.35,30.6,2.92,99.15
59,2025-02-04 19:00:00,5.15,1.52,325.8,0.0,35.05,29.8,30.08,30.3,2.77,99.14
59,2025-02-04 20:00:00,17.35,5.9,170.5,0.0,35.53,27.9,28.63,29.3,2.53,99.18
59,2025-02-04 21:00:00,11.77,4.28,88.9,0.0,35.1,25.0,26.2,27.2,2.21,99.26
59,2025-02-04 22:00:00,8.71,1.66,0.5,0.0,41.0,21.5,22.63,23.8,1.63,99.33
59,2025-02-04 23:00:00,5.62,1.44,0.0,0.0,49.88,18.9,19.68,20.5,1.15,99.48
59,2025-02-05 00:00:00,4.46,1.86,0.0,0.0,54.85,16.8,17.5,18.1,0.91,99.53
59,2025-02-05 01:00:00,3.46,1.66,0.0,0.0,63.15,15.1,15.55,16.5,0.65,99.51
59,2025-02-05 02:00:00,3.85,2.46,0.0,0.0,70.7,13.7,14.18,14.7,0.48,99.49
59,2025-02-05 03:00:00,4.43,2.41,0.0,0.0,72.78,13.3,13.38,13.4,0.42,99.47
59,2025-02-05 04:00:00,3.38,1.66,0.0,0.0,74.3,12.3,12.68,13.0,0.38,99.45
59,2025-02-05 05:00:00,2.38,0.94,0.0,0.0,77.85,11.6,11.73,11.8,0.31,99.43
59,2025-02-05 06:00:00,2.41,1.27,0.0,0.0,80.48,10.9,11.2,11.6,0.26,99.46
59,2025-02-05 07:00:00,3.38,2.11,0.1,0.0,85.43,10.0,10.48,10.9,0.19,99.49
59,2025-02-05 08:00:00,3.71,2.32,73.2,0.0,87.45,9.9,10.35,11.4,0.16,99.51
59,2025-02-05 09:00:00,6.91,1.42,208.5,0.0,80.58,12.2,14.33,16.3,0.33,99.53
59,2025-02-05 10:00:00,10.3,2.84,388.7,0.0,65.83,17.2,18.2,18.8,0.72,99.55
59,2025-02-05 11:00:00,13.46,3.53,564.1,0.0,59.7,19.6,20.58,21.6,0.98,99.57
59,2025-02-05 12:00:00,10.08,3.5,711.7,0.0,55.68,22.3,22.8,23.6,1.23,99.54
59,2025-02-05 13:00:00,15.01,4.74,814.4,0.0,50.08,23.9,24.78,25.7,1.57,99.55
59,2025-02-05 14:00:00,14.8,3.75,863.2,0.0,47.05,25.8,26.73,27.4,1.86,99.52
59,2025-02-05 15:00:00,16.81,5.3,867.7,0.0,41.5,28.0,28.43,29.0,2.27,99.46
59,2025-02-05 16:00:00,16.88,4.57,844.6,0.0,35.48,28.9,29.35,29.5,2.64,99.41
59,2025-02-05 17:00:00,10.12,3.19,756.1,0.0,34.18,29.7,30.33,30.8,2.85,99.35
59,2025-02-05 18:00:00,9.4,3.31,621.7,0.0,33.7,30.5,30.68,30.8,2.93,99.28
59,2025-02-05 19:00:00,11.52,2.61,452.3,0.0,35.78,30.5,30.55,30.6,2.81,99.22
59,2025-02-05 20:00:00,9.5,1.79,268.3,0.0,35.9,29.0,29.7,30.5,2.68,99.21
59,2025-02-05 21:00:00,2.52,0.89,80.5,0.0,42.8,24.9,26.73,28.2,2.02,99.23
59,2025-02-05 22:00:00,4.72,1.09,0.1,0.0,51.43,22.2,22.85,23.8,1.36,99.27
59,2025-02-05 23:00:00,6.34,1.65,0.0,0.0,52.18,21.0,21.55,22.0,1.23,99.32
59,2025-02-06 00:00:00,7.74,1.65,0.0,0.0,54.65,19.4,19.88,20.4,1.05,99.34
59,2025-02-06 01:00:00,7.96,1.93,0.0,0.0,60.5,18.0,18.53,19.1,0.85,99.33
59,2025-02-06 02:00:00,8.17,1.08,0.0,0.0,70.65,15.8,16.63,17.5,0.56,99.33
59,2025-02-06 03:00:00,5.58,1.17,0.0,0.0,78.6,14.8,15.1,15.5,0.37,99.28
59,2025-02-06 04:00:00,4.64,1.09,0.0,0.0,83.13,13.8,14.25,14.6,0.28,99.22
59,2025-02-06 05:00:00,9.0,1.92,0.0,0.0,84.1,13.9,14.33,14.6,0.26,99.19
59,2025-02-06 06:00:00,8.57,1.45,0.0,0.0,87.28,13.1,13.28,13.4,0.2,99.17
59,2025-02-06 07:00:00,6.48,1.31,0.0,0.02,89.85,12.0,12.5,13.0,0.15,99.16
59,2025-02-06 08:00:00,4.36,1.05,70.0,0.04,91.15,11.7,12.0,12.7,0.12,99.17
59,2025-02-06 09:00:00,8.75,2.13,148.8,0.0,91.23,13.4,14.03,14.8,0.14,99.2
59,2025-02-06 10:00:00,13.72,3.24,389.5,0.0,81.58,15.2,16.48,17.5,0.35,99.19
59,2025-02-06 11:00:00,14.72,4.57,565.5,0.0,69.65,18.1,18.78,19.4,0.66,99.17
59,2025-02-06 12:00:00,12.2,3.58,715.5,0.0,58.65,20.4,21.53,22.6,1.07,99.16
59,2025-02-06 13:00:00,13.79,3.89,820.5,0.0,52.3,22.8,23.85,24.9,1.42,99.13
59,2025-02-06 14:00:00,16.06,4.39,867.5,0.0,48.03,25.5,26.18,26.8,1.77,99.09
59,2025-02-06 15:00:00,12.35,4.08,869.5,0.0,44.48,27.6,28.4,29.2,2.15,99.06
59,2025-02-06 16:00:00,17.17,4.21,840.6,0.0,39.1,29.2,29.95,30.5,2.58,99.06
59,2025-02-06 17:00:00,13.46,3.81,755.5,0.0,35.98,30.9,31.18,31.5,2.91,99.03
59,2025-02-06 18:00:00,11.92,3.33,622.4,0.0,34.73,31.8,32.15,32.4,3.13,99.0
59,2025-02-06 19:00:00,8.1,2.65,459.9,0.0,33.4,31.4,32.0,32.3,3.17,99.0
59,2025-02-06 20:00:00,10.8,1.7,276.9,0.0,35.18,30.0,30.7,31.3,2.87,99.03
59,2025-02-06 21:00:00,2.3,0.94,89.6,0.0,43.8,25.0,27.3,29.0,2.06,99.04
59,2025-02-06 22:00:00,2.48,1.52,0.1,0.0,55.95,21.1,22.28,23.6,1.19,99.07
59,2025-02-06 23:00:00,3.38,2.35,0.0,0.0,63.75,19.4,20.1,20.6,0.85,99.1
59,2025-02-07 00:00:00,3.2,1.75,0.0,0.0,70.88,17.4,18.08,18.8,0.6,99.13
59,2025-02-07 01:00:00,4.79,1.34,0.0,0.0,63.1,17.4,18.0,18.6,0.77,99.14
59,2025-02-07 02:00:00,4.03,1.89,0.0,0.0,64.2,16.3,17.03,18.0,0.7,99.12
59,2025-02-07 03:00:00,3.82,2.16,0.0,0.0,71.18,15.0,15.43,16.0,0.51,99.1
59,2025-02-07 04:00:00,3.46,1.82,0.0,0.0,74.33,14.3,14.6,15.2,0.43,99.06
59,2025-02-07 05:00:00,4.32,2.51,0.0,0.0,78.98,13.2,13.53,14.0,0.33,99.04
59,2025-02-07 06:00:00,4.07,1.68,0.0,0.0,82.65,12.3,12.6,13.0,0.25,99.06
59,2025-02-07 07:00:00,4.43,2.12,0.0,0.0,84.28,12.2,12.35,12.6,0.23,99.12
59,2025-02-07 08:00:00,5.0,2.2,61.1,0.0,86.33,12.1,12.3,12.6,0.2,99.17
59,2025-02-07 09:00:00,5.65,1.58,195.1,0.0,81.03,13.5,15.48,17.1,0.34,99.19
59,2025-02-07 10:00:00,6.55,2.16,374.5,0.0,67.93,18.2,18.83,19.6,0.7,99.23
59,2025-02-07 11:00:00,12.1,3.16,548.7,0.0,59.93,20.1,21.0,21.9,1.0,99.27
59,2025-02-07 12:00:00,10.55,3.45,697.5,0.0,54.78,22.7,23.5,24.1,1.32,99.3
59,2025-02-07 13:00:00,12.67,3.75,799.2,0.0,50.9,24.6,25.53,26.4,1.61,99.33
59,2025-02-07 14:00:00,12.82,4.04,850.6,0.0,46.48,27.2,27.73,28.5,2.0,99.37
59,2025-02-07 15:00:00,8.5,3.28,853.9,0.0,42.35,28.9,29.73,30.6,2.41,99.37
59,2025-02-07 16:00:00,11.88,4.26,828.5,0.0,39.15,31.1,32.03,32.7,2.9,99.37
59,2025-02-07 17:00:00,10.69,2.97,737.9,0.0,34.8,33.0,33.35,33.6,3.35,99.34
59,2025-02-07 18:00:00,9.11,2.7,603.1,0.0,33.23,33.5,33.65,33.8,3.49,99.34
59,2025-02-07 19:00:00,8.06,2.68,432.7,0.0,31.15,33.8,34.03,34.3,3.67,99.32
59,2025-02-07 20:00:00,8.28,2.77,251.7,0.0,36.98,31.5,32.9,33.9,3.17,99.31
59,2025-02-07 21:00:00,11.05,4.4,80.0,0.0,42.9,27.7,29.08,30.5,2.3,99.36
59,2025-02-07 22:00:00,8.1,1.99,0.0,0.0,50.53,23.6,24.85,26.6,1.56,99.44
59,2025-02-07 23:00:00,3.42,1.56,0.0,0.0,56.13,20.7,21.7,22.6,1.14,99.54
59,2025-02-08 00:00:00,2.48,1.24,0.0,0.0,62.68,18.3,19.28,19.8,0.84,99.56
59,2025-02-08 01:00:00,3.96,2.31,0.0,0.0,71.93,16.5,17.35,18.1,0.56,99.54
59,2025-02-08 02:00:00,3.74,2.56,0.0,0.0,79.38,15.4,15.88,16.2,0.37,99.51
59,2025-02-08 03:00:00,3.46,1.55,0.0,0.0,81.88,14.6,14.85,15.3,0.31,99.45
59,2025-02-08 04:00:00,3.85,2.02,0.0,0.0,83.2,14.3,14.48,14.6,0.28,99.41
59,2025-02-08 05:00:00,5.15,1.56,0.0,0.0,81.65,14.0,14.35,14.9,0.3,99.39
59,2025-02-08 06:00:00,8.21,1.65,0.0,0.0,78.9,14.6,14.65,14.8,0.35,99.37
59,2025-02-08 07:00:00,7.56,1.69,0.0,0.0,76.18,13.8,14.18,14.4,0.39,99.41
59,2025-02-08 08:00:00,8.93,1.76,56.5,0.0,75.88,13.2,13.68,14.6,0.38,99.45
59,2025-02-08 09:00:00,12.53,2.38,196.4,0.0,72.83,15.1,16.05,17.1,0.5,99.47
59,2025-02-08 10:00:00,11.95,3.05,373.7,0.0,65.6,17.6,18.13,18.6,0.72,99.48
59,2025-02-08 11:00:00,12.02,3.15,547.1,0.0,60.3,19.2,20.18,20.8,0.94,99.47
59,2025-02-08 12:00:00,14.65,3.47,694.3,0.0,56.45,21.5,22.45,23.6,1.19,99.45
59,2025-02-08 13:00:00,13.57,3.4,804.5,0.0,51.83,23.7,25.18,26.4,1.55,99.4
59,2025-02-08 14:00:00,15.88,3.74,832.0,0.0,47.28,27.0,28.18,29.0,2.02,99.33
59,2025-02-08 15:00:00,14.58,4.03,848.2,0.0,42.18,29.8,30.95,31.9,2.6,99.26
59,2025-02-08 16:00:00,14.26,4.33,827.2,0.0,37.23,32.0,32.75,33.4,3.12,99.2
59,2025-02-08 17:00:00,13.32,3.72,744.7,0.0,32.93,33.6,34.08,34.5,3.58,99.14
59,2025-02-08 18:00:00,11.38,3.89,609.7,0.0,32.35,34.7,34.73,34.8,3.75,99.09
59,2025-02-08 19:00:00,10.69,3.32,436.5,0.0,33.6,33.5,34.03,34.4,3.54,99.04
59,2025-02-08 20:00:00,9.86,2.73,257.2,0.0,36.78,31.4,32.3,33.2,3.06,99.02
59,2025-02-08 21:00:00,7.45,1.66,84.2,0.0,39.45,27.1,29.0,30.5,2.43,99.06
59,2025-02-08 22:00:00,2.81,1.3,0.0,0.0,47.78,23.3,24.33,26.1,1.6,99.09
59,2025-02-08 23:00:00,5.69,1.31,0.0,0.0,48.1,22.5,22.9,23.3,1.45,99.11
59,2025-02-09 00:00:00,5.54,1.23,0.0,0.0,48.65,21.9,22.2,22.5,1.38,99.11
59,2025-02-09 01:00:00,6.62,1.47,0.0,0.0,49.45,21.3,21.43,21.6,1.29,99.07
59,2025-02-09 02:00:00,12.06,1.69,0.0,0.0,49.28,20.6,20.85,21.1,1.25,99.05
59,2025-02-09 03:00:00,6.23,1.64,0.0,0.0,50.08,19.5,20.18,20.7,1.18,99.01
59,2025-02-09 04:00:00,4.0,1.22,0.0,0.0,56.05,16.9,18.03,19.1,0.91,98.97
59,2025-02-09 05:00:00,3.85,1.32,0.0,0.0,67.0,15.7,16.13,16.6,0.61,98.97
59,2025-02-09 06:00:00,4.57,1.53,0.0,0.0,72.6,15.6,15.9,16.1,0.5,98.99
59,2025-02-09 07:00:00,3.02,1.13,0.0,0.0,76.73,14.5,14.9,15.3,0.39,98.98
59,2025-02-09 08:00:00,4.1,1.28,46.7,0.0,78.25,14.2,14.43,14.8,0.36,98.99
59,2025-02-09 09:00:00,8.39,2.08,186.1,0.0,69.65,15.8,17.1,18.2,0.6,98.98
59,2025-02-09 10:00:00,10.8,2.59,363.5,0.0,60.6,18.9,19.78,20.4,0.91,98.98
59,2025-02-09 11:00:00,12.67,3.16,538.4,0.0,57.73,21.1,21.53,21.9,1.09,98.97
59,2025-02-09 12:00:00,10.91,3.34,682.2,0.0,54.3,22.6,23.18,23.9,1.3,98.99
59,2025-02-09 13:00:00,13.64,3.75,786.4,0.0,50.43,24.0,24.7,25.5,1.55,99.0
59,2025-02-09 14:00:00,10.87,3.31,838.9,0.0,45.08,26.0,26.83,27.5,1.94,98.98
59,2025-02-09 15:00:00,8.89,2.97,839.9,0.0,41.65,28.1,29.13,30.0,2.36,98.96
59,2025-02-09 16:00:00,12.38,3.28,816.2,0.0,38.3,30.6,31.48,32.3,2.85,98.92
59,2025-02-09 17:00:00,18.29,5.65,727.6,0.0,37.35,32.9,33.23,33.6,3.19,98.92
59,2025-02-09 18:00:00,23.54,10.11,583.1,0.0,39.3,31.8,32.53,33.2,2.98,98.96
59,2025-02-09 19:00:00,22.79,9.93,423.1,0.0,43.63,29.5,30.4,31.4,2.45,99.0
59,2025-02-09 20:00:00,20.2,7.67,242.3,0.0,48.58,27.4,28.18,29.0,1.97,99.05
59,2025-02-09 21:00:00,15.66,3.69,65.9,0.0,53.55,24.0,25.45,26.7,1.52,99.14
59,2025-02-09 22:00:00,3.13,1.36,0.0,0.0,64.05,20.8,21.8,22.9,0.94,99.26
59,2025-02-09 23:00:00,2.74,1.12,0.0,0.0,71.7,19.0,19.65,20.3,0.65,99.37
59,2025-02-10 00:00:00,3.85,1.58,0.0,0.0,77.1,17.5,18.03,18.6,0.48,99.46
59,2025-02-10 01:00:00,4.1,1.91,0.0,0.0,81.95,16.5,16.83,17.1,0.35,99.47
59,2025-02-10 02:00:00,2.88,1.38,0.0,0.0,84.63,15.9,16.18,16.3,0.28,99.45
59,2025-02-10 03:00:00,6.88,1.89,0.0,0.0,86.85,15.4,15.6,15.8,0.23,99.39
59,2025-02-10 04:00:00,4.21,0.86,0.0,0.0,88.95,14.8,15.03,15.3,0.19,99.35
59,2025-02-10 05:00:00,1.62,0.58,0.0,0.0,90.38,14.3,14.5,14.7,0.16,99.34
59,2025-02-10 06:00:00,1.76,0.68,0.0,0.02,91.25,13.9,14.05,14.2,0.14,99.36
59,2025-02-10 07:00:00,2.16,1.05,0.0,0.0,92.33,13.3,13.53,13.8,0.12,99.4
59,2025-02-10 08:00:00,2.81,1.33,41.6,0.02,93.28,13.0,13.2,13.5,0.1,99.46
59,2025-02-10 09:00:00,5.54,1.14,193.4,0.02,96.55,14.0,15.23,16.6,0.06,99.51
59,2025-02-10 10:00:00,12.02,2.78,355.5,0.0,79.85,17.2,18.33,19.4,0.43,99.53
59,2025-02-10 11:00:00,12.82,3.38,515.9,0.0,67.45,19.8,20.73,21.7,0.8,99.55
59,2025-02-10 12:00:00,12.42,3.22,669.5,0.0,61.25,21.5,22.53,23.4,1.06,99.57
59,2025-02-10 13:00:00,12.64,3.93,757.8,0.0,56.28,23.8,24.43,24.9,1.34,99.56
59,2025-02-10 14:00:00,16.06,4.76,784.8,0.0,53.1,25.5,26.15,26.8,1.59,99.57
59,2025-02-10 15:00:00,15.55,4.0,787.7,0.0,48.85,27.6,28.1,28.7,1.95,99.55
59,2025-02-10 16:00:00,13.43,4.6,778.8,0.0,47.55,28.8,29.1,29.3,2.11,99.52
59,2025-02-10 17:00:00,14.62,3.18,696.1,0.0,49.9,29.1,29.35,29.6,2.05,99.47
59,2025-02-10 18:00:00,10.73,3.4,582.6,0.0,47.13,30.0,30.4,30.7,2.3,99.42
59,2025-02-10 19:00:00,8.96,2.52,415.1,0.0,46.58,29.9,30.18,30.4,2.29,99.37
59,2025-02-10 20:00:00,7.02,1.78,236.9,0.0,43.9,28.9,29.4,29.7,2.3,99.35
59,2025-02-10 21:00:00,2.77,0.96,73.7,0.0,45.3,24.8,26.75,28.3,1.93,99.39
59,2025-02-10 22:00:00,5.44,1.0,0.0,0.0,51.3,22.1,22.65,23.4,1.34,99.43
59,2025-02-10 23:00:00,2.05,0.76,0.0,0.0,51.23,19.8,20.68,21.6,1.19,99.46
59,2025-02-11 00:00:00,3.31,0.89,0.0,0.0,53.28,18.0,18.7,19.5,1.01,99.45
59,2025-02-11 01:00:00,4.5,1.38,0.0,0.0,53.73,16.8,17.3,17.8,0.92,99.44
59,2025-02-11 02:00:00,6.23,1.47,0.0,0.0,52.98,16.4,16.55,16.7,0.89,99.42
59,2025-02-11 03:00:00,3.96,0.98,0.0,0.0,58.1,14.3,15.03,15.8,0.72,99.39
59,2025-02-11 04:00:00,5.08,1.29,0.0,0.0,66.15,13.7,13.75,13.8,0.53,99.35
59,2025-02-11 05:00:00,8.6,2.04,0.0,0.0,69.5,13.0,13.5,13.8,0.47,99.35
59,2025-02-11 06:00:00,5.15,1.43,0.0,0.0,72.35,11.4,12.08,12.7,0.39,99.38
59,2025-02-11 07:00:00,3.28,1.11,0.0,0.0,77.43,10.0,10.48,11.0,0.29,99.41
59,2025-02-11 08:00:00,8.96,1.83,52.7,0.0,79.35,9.6,10.0,10.8,0.25,99.46
59,2025-02-11 09:00:00,11.88,2.71,186.9,0.0,74.83,11.4,12.33,13.2,0.36,99.51
59,2025-02-11 10:00:00,11.02,3.61,367.3,0.0,66.5,13.7,14.23,14.7,0.54,99.51
59,2025-02-11 11:00:00,10.08,3.5,544.7,0.0,61.48,15.2,16.0,16.8,0.7,99.5
59,2025-02-11 12:00:00,12.28,4.19,695.9,0.0,57.55,17.1,17.9,18.9,0.87,99.5
59,2025-02-11 13:00:00,15.26,4.0,802.0,0.0,53.13,18.9,19.8,20.6,1.08,99.48
59,2025-02-11 14:00:00,13.75,4.42,849.1,0.0,48.38,21.3,22.15,23.0,1.38,99.47
59,2025-02-11 15:00:00,19.12,4.04,853.3,0.0,42.85,23.3,24.28,25.0,1.74,99.44
59,2025-02-11 16:00:00,13.43,3.63,828.1,0.0,38.2,25.2,25.88,26.7,2.06,99.41
59,2025-02-11 17:00:00,12.6,4.01,746.7,0.0,33.25,26.8,27.18,27.5,2.41,99.35
59,2025-02-11 18:00:00,12.64,3.18,619.7,0.0,27.68,27.5,27.7,28.0,2.69,99.31
59,2025-02-11 19:00:00,8.21,2.39,444.9,0.0,29.08,27.8,27.95,28.1,2.67,99.26
59,2025-02-11 20:00:00,5.4,1.55,267.7,0.0,33.5,25.9,26.93,28.0,2.37,99.23
59,2025-02-11 21:00:00,2.84,1.64,84.1,0.0,44.68,20.4,22.6,24.6,1.53,99.26
59,2025-02-11 22:00:00,3.49,2.34,0.0,0.0,54.98,16.8,18.05,19.2,0.94,99.29
59,2025-02-11 23:00:00,4.0,2.41,0.0,0.0,58.38,15.9,16.38,17.0,0.78,99.34
59,2025-02-12 00:00:00,3.35,1.76,0.0,0.0,57.5,15.0,15.58,15.9,0.75,99.34
59,2025-02-12 01:00:00,4.72,2.62,0.0,0.0,68.03,13.4,13.73,14.4,0.51,99.33
59,2025-02-12 02:00:00,4.36,2.12,0.0,0.0,66.0,12.4,13.08,13.5,0.51,99.32
59,2025-02-12 03:00:00,4.25,1.88,0.0,0.0,70.8,11.5,11.88,12.2,0.41,99.3
59,2025-02-12 04:00:00,6.44,1.52,0.0,0.0,71.28,11.6,11.88,12.0,0.4,99.29
59,2025-02-12 05:00:00,4.18,0.93,0.0,0.0,76.43,10.4,10.95,11.4,0.31,99.3
59,2025-02-12 06:00:00,2.12,0.89,0.0,0.0,80.4,9.7,9.95,10.2,0.24,99.33
59,2025-02-12 07:00:00,3.24,1.55,0.0,0.0,84.73,8.6,9.1,9.6,0.18,99.35
59,2025-02-12 08:00:00,3.67,2.04,58.7,0.0,87.48,8.1,8.53,9.2,0.14,99.4
59,2025-02-12 09:00:00,9.72,2.87,191.9,0.0,80.75,10.4,11.7,13.0,0.27,99.47
59,2025-02-12 10:00:00,11.34,3.44,373.6,0.0,67.28,13.7,14.43,14.9,0.54,99.51
59,2025-02-12 11:00:00,9.54,3.18,549.8,0.0,60.75,15.3,16.3,17.1,0.73,99.51
59,2025-02-12 12:00:00,11.77,4.69,697.5,0.0,57.38,17.2,18.1,19.1,0.89,99.52
59,2025-02-12 13:00:00,15.01,4.04,801.3,0.0,52.48,19.9,20.73,21.4,1.17,99.54
59,2025-02-12 14:00:00,11.02,3.79,849.7,0.0,46.4,22.5,23.18,23.8,1.52,99.53
59,2025-02-12 15:00:00,14.22,4.28,851.4,0.0,41.35,24.4,25.15,25.7,1.88,99.5
59,2025-02-12 16:00:00,16.74,3.76,825.4,0.0,35.83,26.4,27.08,27.5,2.3,99.49
59,2025-02-12 17:00:00,8.5,3.0,747.1,0.0,28.55,27.7,27.95,28.2,2.7,99.44
59,2025-02-12 18:00:00,8.39,2.91,593.8,0.0,27.13,28.1,28.28,28.4,2.8,99.4
59,2025-02-12 19:00:00,7.56,1.98,424.1,0.0,27.6,28.5,28.58,28.7,2.83,99.37
59,2025-02-12 20:00:00,4.97,1.27,239.0,0.0,31.38,27.1,27.8,28.3,2.57,99.38
59,2025-02-12 21:00:00,2.88,1.39,72.3,0.0,43.43,21.2,23.6,25.8,1.67,99.42
59,2025-02-12 22:00:00,3.38,2.26,0.0,0.0,57.3,17.4,18.78,20.0,0.93,99.46
59,2025-02-12 23:00:00,4.32,2.41,0.0,0.0,61.73,16.4,16.83,17.2,0.73,99.49
59,2025-02-13 00:00:00,4.43,2.5,0.0,0.0,69.53,14.3,15.1,15.9,0.53,99.5
59,2025-02-13 01:00:00,4.32,3.1,0.0,0.0,73.58,13.7,13.85,14.1,0.42,99.47
59,2025-02-13 02:00:00,4.54,2.72,0.0,0.0,76.53,12.6,12.98,13.4,0.35,99.44
59,2025-02-13 03:00:00,3.74,2.0,0.0,0.0,77.65,12.0,12.13,12.5,0.32,99.41
59,2025-02-13 04:00:00,3.74,2.22,0.0,0.0,79.75,11.5,11.65,12.0,0.28,99.4
59,2025-02-13 05:00:00,3.71,2.37,0.0,0.0,81.58,10.9,11.1,11.4,0.25,99.41
59,2025-02-13 06:00:00,3.13,1.76,0.0,0.0,82.78,10.5,10.58,10.6,0.22,99.43
59,2025-02-13 07:00:00,3.78,1.61,0.0,0.0,85.9,9.6,9.83,10.0,0.17,99.46
59,2025-02-13 08:00:00,3.96,2.85,55.5,0.02,88.13,9.0,9.28,10.0,0.14,99.5
59,2025-02-13 09:00:00,7.49,2.29,193.5,0.02,84.35,11.0,12.58,14.2,0.23,99.56
59,2025-02-13 10:00:00,10.66,3.43,364.5,0.0,69.85,15.0,15.9,16.6,0.55,99.6
59,2025-02-13 11:00:00,9.22,3.13,538.0,0.0,60.45,17.4,18.13,19.0,0.83,99.62
59,2025-02-13 12:00:00,14.15,3.64,689.3,0.0,55.4,19.2,20.53,21.7,1.08,99.65
59,2025-02-13 13:00:00,12.1,3.46,796.1,0.0,48.88,22.2,23.18,24.2,1.46,99.67
59,2025-02-13 14:00:00,12.42,3.59,841.5,0.0,43.33,24.7,25.38,26.1,1.84,99.64
59,2025-02-13 15:00:00,15.26,4.27,845.3,0.0,37.4,26.7,27.18,27.6,2.26,99.62
59,2025-02-13 16:00:00,12.96,3.91,825.1,0.0,27.98,28.0,28.43,28.8,2.79,99.59
59,2025-02-13 17:00:00,11.05,3.08,728.6,0.0,27.65,29.1,29.5,30.0,2.98,99.54
59,2025-02-13 18:00:00,6.73,2.4,587.4,0.0,26.7,29.8,29.98,30.1,3.11,99.49
59,2025-02-13 19:00:00,6.7,2.0,417.1,0.0,28.08,29.9,30.0,30.1,3.05,99.46
59,2025-02-13 20:00:00,3.6,1.12,230.1,0.0,33.1,28.9,29.53,29.9,2.77,99.44
59,2025-02-13 21:00:00,8.68,1.69,69.7,0.0,42.4,23.1,25.6,28.1,1.91,99.48
59,2025-02-13 22:00:00,3.13,1.32,0.0,0.0,46.9,19.8,21.05,22.4,1.33,99.54
59,2025-02-13 23:00:00,6.19,1.86,0.0,0.0,43.9,18.0,18.58,19.2,1.2,99.62
59,2025-02-14 00:00:00,4.25,1.89,0.0,0.0,50.78,16.0,16.65,17.4,0.94,99.65
59,2025-02-14 01:00:00,3.42,1.33,0.0,0.0,55.98,14.7,15.08,15.5,0.76,99.64
59,2025-02-14 02:00:00,3.56,1.42,0.0,0.0,60.88,13.4,13.68,14.1,0.61,99.63
59,2025-02-14 03:00:00,3.13,0.82,0.0,0.0,65.73,12.4,12.88,13.3,0.51,99.6
59,2025-02-14 04:00:00,3.31,0.93,0.0,0.0,74.55,11.2,11.53,11.9,0.35,99.58
59,2025-02-14 05:00:00,3.13,0.93,0.0,0.0,80.13,10.7,10.98,11.2,0.26,99.58
59,2025-02-14 06:00:00,1.8,0.8,0.0,0.0,83.08,10.2,10.55,10.8,0.22,99.6
59,2025-02-14 07:00:00,2.34,0.94,0.0,0.0,87.0,9.4,9.65,9.9,0.16,99.63
59,2025-02-14 08:00:00,2.88,0.78,46.9,0.0,87.93,9.3,9.53,9.9,0.15,99.68
59,2025-02-14 09:00:00,6.95,1.73,183.5,0.0,86.78,10.8,12.03,13.3,0.19,99.73
59,2025-02-14 10:00:00,8.57,2.71,356.2,0.0,74.58,13.9,14.58,15.0,0.43,99.76
59,2025-02-14 11:00:00,13.39,3.52,532.4,0.0,67.8,15.4,16.15,16.8,0.59,99.77
59,2025-02-14 12:00:00,13.93,3.9,681.9,0.0,60.23,17.4,18.33,19.2,0.84,99.76
59,2025-02-14 13:00:00,13.25,3.82,787.9,0.0,54.98,20.0,20.73,21.6,1.1,99.75
59,2025-02-14 14:00:00,13.32,3.78,839.9,0.0,50.3,21.7,22.68,23.2,1.37,99.73
59,2025-02-14 15:00:00,13.18,4.46,843.8,0.0,46.25,23.5,24.25,24.9,1.63,99.68
59,2025-02-14 16:00:00,13.36,3.97,812.9,0.0,39.18,25.3,25.93,26.4,2.04,99.64
59,2025-02-14 17:00:00,11.59,3.08,727.6,0.0,35.85,26.3,26.9,27.4,2.28,99.58
59,2025-02-14 18:00:00,8.86,2.71,591.7,0.0,34.38,27.3,27.7,27.9,2.44,99.53
59,2025-02-14 19:00:00,6.8,2.3,421.1,0.0,34.85,27.8,27.85,27.9,2.44,99.5
59,2025-02-14 20:00:00,4.1,1.34,239.0,0.0,35.9,27.3,27.58,27.8,2.37,99.47
59,2025-02-14 21:00:00,2.7,1.34,69.8,0.0,48.43,22.1,23.98,26.0,1.55,99.48
59,2025-02-14 22:00:00,8.86,1.75,0.0,0.0,49.4,20.0,20.7,21.1,1.24,99.52
59,2025-02-14 23:00:00,3.24,1.48,0.0,0.0,52.2,17.3,18.23,19.4,1.0,99.56
59,2025-02-15 00:00:00,6.3,2.89,0.0,0.0,62.6,15.3,15.88,16.8,0.68,99.58
59,2025-02-15 01:00:00,3.2,1.36,0.0,0.0,66.55,14.0,14.43,14.9,0.55,99.58
59,2025-02-15 02:00:00,3.82,2.73,0.0,0.0,73.73,12.7,13.13,13.6,0.4,99.54
59,2025-02-15 03:00:00,4.18,2.71,0.0,0.0,75.68,11.5,12.33,12.9,0.35,99.46
59,2025-02-15 04:00:00,4.72,2.98,0.0,0.0,81.03,10.8,11.08,11.4,0.25,99.42
59,2025-02-15 05:00:00,4.43,2.94,0.0,0.0,83.58,10.0,10.38,10.7,0.21,99.4
59,2025-02-15 06:00:00,4.61,2.82,0.0,0.0,86.53,9.2,9.58,9.8,0.16,99.42
59,2025-02-15 07:00:00,3.64,2.49,0.0,0.0,87.63,8.7,8.88,9.1,0.14,99.44
59,2025-02-15 08:00:00,4.54,2.84,44.1,0.02,88.78,8.6,8.78,9.3,0.13,99.46
59,2025-02-15 09:00:00,4.9,1.91,184.1,0.0,85.38,10.2,11.6,13.0,0.21,99.51
59,2025-02-15 10:00:00,7.02,2.13,353.4,0.0,71.43,14.0,14.95,16.0,0.49,99.54
59,2025-02-15 11:00:00,9.29,2.88,528.4,0.0,61.93,16.7,17.08,17.8,0.74,99.55
59,2025-02-15 12:00:00,10.84,3.74,675.6,0.0,57.08,18.6,19.28,19.9,0.96,99.56
59,2025-02-15 13:00:00,14.94,3.49,777.9,0.0,53.6,20.5,21.3,22.3,1.18,99.56
59,2025-02-15 14:00:00,11.95,4.0,831.7,0.0,48.23,22.7,23.2,24.0,1.47,99.52
59,2025-02-15 15:00:00,13.57,3.87,831.0,0.0,41.55,24.2,24.88,25.3,1.84,99.46
59,2025-02-15 16:00:00,13.54,3.71,798.3,0.0,39.55,25.7,26.1,26.5,2.05,99.42
59,2025-02-15 17:00:00,15.23,3.65,720.1,0.0,36.7,26.8,27.18,27.6,2.28,99.36
59,2025-02-15 18:00:00,9.4,2.76,584.5,0.0,34.13,27.8,28.1,28.4,2.51,99.33
59,2025-02-15 19:00:00,16.96,4.43,411.5,0.0,36.38,27.1,27.5,27.8,2.34,99.3
59,2025-02-15 20:00:00,18.5,7.66,230.5,0.0,42.25,24.8,25.78,26.7,1.92,99.33
59,2025-02-15 21:00:00,12.13,3.99,64.3,0.0,47.48,21.6,22.88,24.1,1.47,99.38
59,2025-02-15 22:00:00,7.31,1.95,0.0,0.0,55.15,18.4,19.55,20.9,1.03,99.45
59,2025-02-15 23:00:00,3.38,1.14,0.0,0.0,64.35,15.9,16.73,17.5,0.68,99.54
59,2025-02-16 00:00:00,7.09,1.48,0.0,0.0,70.7,14.4,14.85,15.4,0.5,99.57
59,2025-02-16 01:00:00,4.32,1.78,0.0,0.0,77.08,13.0,13.58,13.9,0.36,99.58
59,2025-02-16 02:00:00,3.74,1.75,0.0,0.0,81.43,11.9,12.43,12.7,0.27,99.58
59,2025-02-16 03:00:00,3.56,2.17,0.0,0.0,84.5,11.1,11.53,11.8,0.21,99.58
59,2025-02-16 04:00:00,4.97,2.8,0.0,0.0,85.85,10.5,10.9,11.2,0.19,99.54
59,2025-02-16 05:00:00,4.03,2.48,0.0,0.0,88.13,9.8,10.05,10.3,0.15,99.53
59,2025-02-16 06:00:00,4.21,2.58,0.0,0.02,89.93,9.4,9.48,9.7,0.12,99.53
59,2025-02-16 07:00:00,3.71,2.22,0.0,0.02,91.75,8.6,8.88,9.3,0.1,99.55
59,2025-02-16 08:00:00,3.85,2.15,44.3,0.02,92.08,8.3,8.58,8.9,0.09,99.57
59,2025-02-16 09:00:00,4.68,1.51,186.5,0.02,95.0,9.7,11.18,12.9,0.07,99.61
59,2025-02-16 10:00:00,9.11,2.83,350.7,0.0,78.5,13.9,14.95,15.8,0.37,99.65
59,2025-02-16 11:00:00,12.78,3.41,525.8,0.0,68.55,16.4,17.13,17.9,0.62,99.64
59,2025-02-16 12:00:00,13.18,3.82,676.0,0.0,61.5,18.0,19.15,20.3,0.86,99.64
59,2025-02-16 13:00:00,19.66,4.12,778.3,0.0,55.28,20.9,21.68,22.5,1.16,99.62
59,2025-02-16 14:00:00,16.92,4.27,826.9,0.0,51.33,22.9,23.85,24.9,1.44,99.59
59,2025-02-16 15:00:00,15.44,4.02,830.9,0.0,45.35,25.5,26.13,26.6,1.85,99.56
59,2025-02-16 16:00:00,16.81,3.8,804.5,0.0,39.85,27.2,27.48,27.7,2.21,99.51
59,2025-02-16 17:00:00,13.93,3.75,723.6,0.0,34.3,27.8,28.1,28.3,2.5,99.47
59,2025-02-16 18:00:00,11.09,2.95,588.2,0.0,33.18,28.3,28.55,29.0,2.61,99.44
59,2025-02-16 19:00:00,10.76,2.53,427.1,0.0,31.23,28.1,28.5,28.9,2.68,99.43
59,2025-02-16 20:00:00,6.05,1.6,242.1,0.0,34.1,25.9,27.03,27.8,2.36,99.41
59,2025-02-16 21:00:00,3.06,0.99,70.2,0.0,44.55,21.2,23.18,25.0,1.59,99.44
59,2025-02-16 22:00:00,2.52,1.16,0.0,0.0,54.68,18.2,18.95,20.1,1.0,99.47
59,2025-02-16 23:00:00,3.02,1.77,0.0,0.0,59.18,16.7,17.25,17.8,0.8,99.51
59,2025-02-17 00:00:00,2.88,1.21,0.0,0.0,60.05,15.4,15.93,16.4,0.72,99.53
59,2025-02-17 01:00:00,6.05,1.46,0.0,0.0,57.18,15.0,15.5,15.9,0.76,99.53
59,2025-02-17 02:00:00,4.1,1.26,0.0,0.0,64.93,14.3,14.8,15.3,0.59,99.53
59,2025-02-17 03:00:00,3.17,1.05,0.0,0.0,70.2,12.9,13.38,13.8,0.46,99.52
59,2025-02-17 04:00:00,3.78,1.98,0.0,0.0,77.38,11.5,11.98,12.5,0.32,99.5
59,2025-02-17 05:00:00,3.49,2.13,0.0,0.0,84.08,10.0,10.5,10.9,0.2,99.5
59,2025-02-17 06:00:00,3.17,1.45,0.0,0.0,85.95,9.9,9.95,10.0,0.18,99.5
59,2025-02-17 07:00:00,3.1,1.26,0.0,0.0,88.33,9.4,9.7,9.8,0.14,99.54
59,2025-02-17 08:00:00,4.18,1.23,39.0,0.02,88.5,9.5,9.8,10.4,0.14,99.63
59,2025-02-17 09:00:00,8.24,1.94,184.9,0.02,86.58,11.2,12.25,13.4,0.2,99.7
59,2025-02-17 10:00:00,11.52,3.19,355.2,0.0,73.98,14.0,14.68,15.2,0.44,99.74
59,2025-02-17 11:00:00,12.78,3.95,530.3,0.0,66.28,15.5,16.2,17.1,0.63,99.76
59,2025-02-17 12:00:00,15.26,3.45,674.2,0.0,58.13,17.9,18.65,19.6,0.9,99.79
59,2025-02-17 13:00:00,12.17,3.72,781.3,0.0,52.65,19.6,20.7,21.4,1.16,99.78
59,2025-02-17 14:00:00,20.3,4.49,829.3,0.0,48.68,21.8,22.65,23.5,1.41,99.75
59,2025-02-17 15:00:00,10.73,3.39,833.3,0.0,45.48,24.0,25.05,25.7,1.74,99.73
59,2025-02-17 16:00:00,13.64,3.92,807.5,0.0,39.55,26.2,26.63,27.1,2.11,99.68
59,2025-02-17 17:00:00,11.7,3.75,722.6,0.0,34.73,27.6,27.9,28.2,2.46,99.62
59,2025-02-17 18:00:00,12.35,3.17,591.2,0.0,32.98,28.5,28.85,29.1,2.66,99.59
59,2025-02-17 19:00:00,9.43,2.47,428.2,0.0,33.0,28.9,29.0,29.1,2.68,99.56
59,2025-02-17 20:00:00,7.09,1.56,242.1,0.0,37.9,27.3,28.0,28.6,2.35,99.54
59,2025-02-17 21:00:00,1.69,0.86,72.2,0.0,44.8,22.3,24.43,26.5,1.7,99.57
59,2025-02-17 22:00:00,3.06,1.5,0.0,0.0,54.5,18.7,19.93,21.3,1.07,99.59
59,2025-02-17 23:00:00,2.88,2.05,0.0,0.0,65.88,16.1,17.23,18.2,0.67,99.64
59,2025-02-18 00:00:00,3.64,2.22,0.0,0.0,76.23,14.6,15.18,15.9,0.41,99.63
59,2025-02-18 01:00:00,4.5,2.72,0.0,0.0,78.58,13.8,14.3,14.6,0.35,99.6
59,2025-02-18 02:00:00,3.96,2.47,0.0,0.0,79.03,13.2,13.58,13.8,0.33,99.57
59,2025-02-18 03:00:00,3.53,2.03,0.0,0.0,81.4,12.3,12.55,12.8,0.27,99.49
59,2025-02-18 04:00:00,3.53,1.29,0.0,0.0,80.0,12.2,12.33,12.4,0.29,99.41
59,2025-02-18 05:00:00,4.32,2.22,0.0,0.0,81.95,11.6,11.88,12.2,0.25,99.36
59,2025-02-18 06:00:00,3.49,1.15,0.0,0.0,82.88,11.1,11.38,11.7,0.23,99.3
59,2025-02-18 07:00:00,3.56,2.12,0.0,0.02,85.98,10.4,10.68,10.9,0.18,99.28
59,2025-02-18 08:00:00,4.28,2.52,34.3,0.02,88.08,9.9,10.03,10.2,0.15,99.29
59,2025-02-18 09:00:00,7.13,2.32,181.6,0.02,85.03,10.7,12.45,14.3,0.23,99.29
59,2025-02-18 10:00:00,13.93,2.83,348.1,0.0,68.45,15.2,16.28,17.0,0.59,99.29
59,2025-02-18 11:00:00,10.37,3.24,520.1,0.0,60.43,17.2,18.1,18.9,0.82,99.27
59,2025-02-18 12:00:00,11.99,3.42,664.9,0.0,57.03,19.5,20.15,21.0,1.02,99.22
59,2025-02-18 13:00:00,11.2,3.57,771.8,0.0,53.58,21.7,22.13,22.7,1.24,99.18
59,2025-02-18 14:00:00,9.58,3.47,819.9,0.0,48.93,23.5,24.13,24.9,1.54,99.11
59,2025-02-18 15:00:00,9.43,3.03,821.1,0.0,43.3,25.7,26.38,27.1,1.95,99.04
59,2025-02-18 16:00:00,8.53,2.83,790.1,0.0,37.93,27.5,28.35,29.2,2.4,98.98
59,2025-02-18 17:00:00,9.86,3.18,705.9,0.0,34.8,29.2,29.75,30.2,2.73,98.94
59,2025-02-18 18:00:00,7.13,2.46,576.7,0.0,33.98,30.3,30.55,30.7,2.89,98.9
59,2025-02-18 19:00:00,5.72,1.68,407.3,0.0,34.05,30.7,30.9,31.1,2.95,98.89
59,2025-02-18 20:00:00,11.2,1.92,217.1,0.0,38.03,29.3,30.28,30.9,2.68,98.91
59,2025-02-18 21:00:00,12.06,3.16,53.3,0.0,44.85,23.8,26.05,28.2,1.88,98.96
59,2025-02-18 22:00:00,12.35,2.26,0.0,0.0,53.05,20.5,21.4,22.7,1.2,99.04
59,2025-02-18 23:00:00,9.22,3.32,0.0,0.0,56.23,18.6,19.2,19.8,0.98,99.11
59,2025-02-19 00:00:00,6.88,1.86,0.0,0.0,62.13,16.6,17.08,17.8,0.74,99.16
59,2025-02-19 01:00:00,9.9,3.36,0.0,0.0,64.35,15.9,16.15,16.5,0.65,99.17
59,2025-02-19 02:00:00,8.96,3.58,0.0,0.0,69.78,14.6,15.08,15.6,0.52,99.16
59,2025-02-19 03:00:00,7.7,2.44,0.0,0.0,76.5,13.6,13.98,14.3,0.38,99.11
59,2025-02-19 04:00:00,7.99,2.26,0.0,0.0,81.55,12.6,13.08,13.5,0.28,99.07
59,2025-02-19 05:00:00,7.96,2.23,0.0,0.0,86.08,12.2,12.25,12.4,0.2,99.08
59,2025-02-19 06:00:00,7.6,2.7,0.0,0.0,88.88,12.0,12.08,12.2,0.16,99.12
59,2025-02-19 07:00:00,7.78,2.7,0.0,0.0,90.75,11.5,11.7,11.9,0.13,99.18
59,2025-02-19 08:00:00,9.47,2.6,30.1,0.04,91.78,11.4,11.5,11.7,0.11,99.26
59,2025-02-19 09:00:00,12.64,3.66,164.7,0.02,91.0,12.3,13.23,14.1,0.14,99.33
59,2025-02-19 10:00:00,20.38,5.43,333.7,0.0,82.4,14.7,15.23,15.9,0.31,99.39
59,2025-02-19 11:00:00,18.04,6.27,503.0,0.0,73.5,16.5,17.2,17.9,0.52,99.4
59,2025-02-19 12:00:00,19.76,6.28,648.2,0.0,64.35,18.6,19.48,20.3,0.81,99.45
59,2025-02-19 13:00:00,21.85,5.78,748.6,0.0,56.63,20.4,21.33,22.0,1.1,99.48
59,2025-02-19 14:00:00,18.9,6.6,795.8,0.0,51.58,22.7,23.13,23.5,1.37,99.48
59,2025-02-19 15:00:00,15.48,5.82,799.8,0.0,49.4,24.0,24.6,25.3,1.56,99.46
59,2025-02-19 16:00:00,17.03,6.75,771.3,0.0,47.1,25.2,25.6,25.8,1.74,99.42
59,2025-02-19 17:00:00,15.95,5.85,690.3,0.0,46.03,26.0,26.35,26.7,1.85,99.38
59,2025-02-19 18:00:00,13.86,5.31,558.0,0.0,47.48,26.6,26.7,26.8,1.84,99.34
59,2025-02-19 19:00:00,15.08,5.17,384.7,0.0,47.88,26.5,26.58,26.7,1.81,99.33
59,2025-02-19 20:00:00,13.46,4.12,209.7,0.0,50.68,24.4,25.33,26.2,1.6,99.34
59,2025-02-19 21:00:00,9.76,3.01,50.4,0.0,55.63,21.0,22.35,23.8,1.2,99.39
59,2025-02-19 22:00:00,14.18,3.32,0.0,0.0,62.83,18.3,19.33,20.1,0.84,99.48
59,2025-02-19 23:00:00,9.94,2.44,0.0,0.0,71.15,16.2,17.1,17.9,0.57,99.53
59,2025-02-20 00:00:00,4.28,1.65,0.0,0.0,78.85,14.7,15.23,15.9,0.37,99.54
59,2025-02-20 01:00:00,4.14,1.53,0.0,0.0,83.8,13.8,14.15,14.4,0.26,99.53
59,2025-02-20 02:00:00,4.32,2.02,0.0,0.0,86.88,13.1,13.4,13.6,0.2,99.52
59,2025-02-20 03:00:00,3.31,1.1,0.0,0.0,89.28,12.4,12.6,12.8,0.16,99.5
59,2025-02-20 04:00:00,1.91,0.86,0.0,0.0,90.63,11.9,12.03,12.2,0.13,99.46
59,2025-02-20 05:00:00,2.2,0.77,0.0,0.02,91.95,11.5,11.6,11.7,0.11,99.46
59,2025-02-20 06:00:00,7.96,1.71,0.0,0.02,92.28,11.6,12.23,12.8,0.11,99.47
59,2025-02-20 07:00:00,8.32,2.05,0.0,0.0,93.63,12.9,13.05,13.2,0.1,99.51
59,2025-02-20 08:00:00,10.91,2.13,8.2,0.0,92.85,13.2,13.25,13.3,0.11,99.55
59,2025-02-20 09:00:00,8.71,2.62,31.0,0.0,91.85,13.5,13.58,13.6,0.13,99.6
59,2025-02-20 10:00:00,6.77,2.5,72.5,0.0,91.85,13.7,13.73,13.8,0.13,99.63
59,2025-02-20 11:00:00,8.32,2.52,129.3,0.0,91.0,13.9,14.13,14.5,0.14,99.65
59,2025-02-20 12:00:00,8.68,2.61,175.3,0.0,89.5,14.5,14.7,14.8,0.18,99.64
59,2025-02-20 13:00:00,8.46,2.62,316.8,0.0,86.8,15.3,15.58,16.0,0.23,99.64
59,2025-02-20 14:00:00,10.15,3.25,795.3,0.0,78.98,16.7,17.9,19.1,0.43,99.62
59,2025-02-20 15:00:00,10.84,3.48,795.5,0.0,69.18,19.9,20.68,21.6,0.75,99.58
59,2025-02-20 16:00:00,9.58,3.26,773.6,0.0,58.95,22.6,23.38,24.2,1.18,99.53
59,2025-02-20 17:00:00,8.82,3.0,685.7,0.0,51.28,24.3,25.2,25.9,1.57,99.49
59,2025-02-20 18:00:00,9.0,2.57,553.1,0.0,49.78,26.3,26.4,26.6,1.73,99.47
59,2025-02-20 19:00:00,7.6,2.11,386.7,0.0,50.28,26.5,26.65,26.8,1.74,99.46
59,2025-02-20 20:00:00,4.39,1.33,207.4,0.0,51.53,25.7,26.35,26.7,1.67,99.49
59,2025-02-20 21:00:00,8.42,1.64,43.9,0.0,60.25,22.3,23.33,24.9,1.14,99.53
59,2025-02-20 22:00:00,4.64,1.17,0.0,0.0,61.68,19.0,20.13,21.3,0.91,99.57
59,2025-02-20 23:00:00,2.92,1.4,0.0,0.0,70.2,17.5,17.95,18.6,0.62,99.63
59,2025-02-21 00:00:00,3.92,0.99,0.0,0.0,74.65,16.3,16.73,17.1,0.48,99.68
59,2025-02-21 01:00:00,2.27,0.89,0.0,0.0,78.93,15.1,15.53,16.1,0.37,99.69
59,2025-02-21 02:00:00,2.02,0.87,0.0,0.0,83.73,14.0,14.45,15.0,0.27,99.67
59,2025-02-21 03:00:00,1.98,0.75,0.0,0.0,86.35,13.2,13.5,13.8,0.21,99.64
59,2025-02-21 04:00:00,2.09,0.73,0.0,0.0,88.35,12.2,12.6,12.9,0.17,99.61
59,2025-02-21 05:00:00,2.95,0.86,0.0,0.0,89.85,11.5,11.83,12.0,0.14,99.59
59,2025-02-21 06:00:00,3.1,1.42,0.0,0.02,91.4,11.0,11.23,11.4,0.12,99.6
59,2025-02-21 07:00:00,3.02,1.76,0.0,0.02,92.48,10.7,10.83,11.0,0.1,99.62
59,2025-02-21 08:00:00,3.35,1.59,26.3,0.02,93.13,10.4,10.48,10.6,0.09,99.64
59,2025-02-21 09:00:00,6.3,1.26,167.7,0.0,95.45,11.6,12.58,13.8,0.07,99.65
59,2025-02-21 10:00:00,11.23,3.01,333.7,0.0,81.83,14.7,15.58,16.5,0.32,99.69
59,2025-02-21 11:00:00,10.51,3.43,506.3,0.0,71.53,16.8,17.78,18.7,0.59,99.71
59,2025-02-21 12:00:00,11.45,3.78,650.1,0.0,65.3,19.0,19.78,20.7,0.8,99.72
59,2025-02-21 13:00:00,12.1,4.03,751.6,0.0,60.15,21.0,21.93,22.9,1.05,99.71
59,2025-02-21 14:00:00,14.58,3.67,797.7,0.0,54.0,23.4,24.3,25.1,1.4,99.69
59,2025-02-21 15:00:00,9.76,3.17,800.7,0.0,50.88,25.6,26.4,27.0,1.69,99.65
59,2025-02-21 16:00:00,12.74,3.4,774.5,0.0,48.68,27.4,28.05,28.6,1.95,99.62
59,2025-02-21 17:00:00,10.84,3.35,688.3,0.0,44.53,28.6,29.15,29.5,2.25,99.59
59,2025-02-21 18:00:00,7.31,2.57,564.7,0.0,40.35,29.9,30.03,30.3,2.54,99.53
59,2025-02-21 19:00:00,5.4,1.93,394.0,0.0,39.28,30.2,30.55,31.0,2.66,99.48
59,2025-02-21 20:00:00,2.66,1.07,217.5,0.0,41.1,28.8,30.05,31.0,2.52,99.46
59,2025-02-21 21:00:00,2.88,1.7,34.8,0.0,53.95,23.2,25.18,27.3,1.49,99.49
59,2025-02-21 22:00:00,6.23,1.59,0.0,0.0,62.0,21.4,21.75,22.2,0.99,99.52
59,2025-02-21 23:00:00,3.82,1.02,0.0,0.0,64.38,19.8,20.3,20.9,0.85,99.58
59,2025-02-22 00:00:00,3.89,1.21,0.0,0.0,61.7,18.5,19.03,19.6,0.84,99.62
59,2025-02-22 01:00:00,4.72,1.08,0.0,0.0,62.73,16.5,17.28,18.2,0.74,99.62
59,2025-02-22 02:00:00,3.38,0.87,0.0,0.0,68.58,14.5,15.38,16.2,0.55,99.62
59,2025-02-22 03:00:00,3.74,1.04,0.0,0.0,74.2,13.9,14.15,14.4,0.42,99.59
59,2025-02-22 04:00:00,3.49,1.06,0.0,0.0,79.03,13.3,13.58,13.8,0.33,99.58
59,2025-02-22 05:00:00,3.49,1.41,0.0,0.0,83.03,12.6,12.8,13.0,0.25,99.56
59,2025-02-22 06:00:00,4.54,1.17,0.0,0.0,84.7,12.1,12.43,12.6,0.22,99.58
59,2025-02-22 07:00:00,4.14,1.4,0.0,0.0,86.93,11.7,11.93,12.2,0.18,99.6
59,2025-02-22 08:00:00,2.7,1.08,13.9,0.0,89.38,10.9,11.25,11.5,0.14,99.63
59,2025-02-22 09:00:00,6.12,1.54,156.9,0.0,88.93,11.4,13.05,14.8,0.17,99.67
59,2025-02-22 10:00:00,10.8,2.68,347.1,0.0,74.05,15.8,16.78,17.6,0.5,99.69
59,2025-02-22 11:00:00,10.48,2.74,501.1,0.0,65.18,18.0,18.45,19.2,0.74,99.71
59,2025-02-22 12:00:00,14.0,3.45,615.3,0.0,59.08,20.2,20.85,21.7,1.01,99.73
59,2025-02-22 13:00:00,10.8,3.23,674.3,0.0,55.15,21.8,22.48,23.5,1.23,99.73
59,2025-02-22 14:00:00,13.5,3.84,831.3,0.0,50.28,24.1,25.13,26.2,1.59,99.69
59,2025-02-22 15:00:00,13.54,3.72,814.3,0.0,46.33,26.6,27.13,27.8,1.93,99.65
59,2025-02-22 16:00:00,13.03,3.69,780.9,0.0,42.9,28.3,28.78,29.4,2.26,99.59
59,2025-02-22 17:00:00,12.71,3.68,699.7,0.0,40.08,29.6,29.9,30.3,2.53,99.53
59,2025-02-22 18:00:00,12.6,3.59,571.5,0.0,36.83,30.3,30.48,30.7,2.75,99.48
59,2025-02-22 19:00:00,11.09,2.53,409.1,0.0,34.75,30.4,30.58,30.8,2.86,99.43
59,2025-02-22 20:00:00,6.73,1.19,224.9,0.0,38.75,28.9,29.45,30.0,2.52,99.43
59,2025-02-22 21:00:00,2.84,1.49,28.1,0.0,49.58,22.2,24.45,27.5,1.57,99.44
59,2025-02-22 22:00:00,2.92,1.73,0.0,0.0,56.4,19.9,20.43,21.2,1.05,99.48
59,2025-02-22 23:00:00,4.5,1.22,0.0,0.0,58.95,18.6,19.08,19.4,0.91,99.53
59,2025-02-23 00:00:00,8.53,1.85,0.0,0.0,60.58,19.4,19.85,20.3,0.91,99.53
59,2025-02-23 01:00:00,8.53,1.42,0.0,0.0,66.93,17.9,18.35,18.8,0.7,99.54
59,2025-02-23 02:00:00,7.67,1.32,0.0,0.0,72.38,16.9,17.08,17.4,0.54,99.51
59,2025-02-23 03:00:00,5.4,0.98,0.0,0.0,79.08,15.2,15.85,16.4,0.38,99.45
59,2025-02-23 04:00:00,2.66,1.32,0.0,0.0,86.2,13.6,14.13,14.6,0.23,99.43
59,2025-02-23 05:00:00,3.85,2.31,0.0,0.0,89.85,12.9,13.23,13.5,0.15,99.45
59,2025-02-23 06:00:00,4.03,2.75,0.0,0.0,91.5,12.4,12.55,12.7,0.13,99.47
59,2025-02-23 07:00:00,3.85,2.21,0.0,0.04,90.28,12.8,13.25,13.5,0.15,99.5
59,2025-02-23 08:00:00,3.64,1.24,26.4,0.02,94.1,11.4,11.93,12.9,0.09,99.55
59,2025-02-23 09:00:00,3.31,1.22,170.1,0.02,93.85,12.1,13.3,14.8,0.1,99.58
59,2025-02-23 10:00:00,9.86,1.81,331.7,0.0,80.08,15.9,17.63,19.4,0.41,99.6
59,2025-02-23 11:00:00,12.74,2.95,500.8,0.0,65.05,20.0,20.78,21.3,0.86,99.6
59,2025-02-23 12:00:00,10.87,3.58,650.1,0.0,57.55,21.9,22.48,23.3,1.16,99.59
59,2025-02-23 13:00:00,13.46,3.67,754.1,0.0,51.43,23.8,25.1,26.2,1.55,99.56
59,2025-02-23 14:00:00,12.67,3.85,802.4,0.0,48.13,26.5,27.2,28.0,1.88,99.55
59,2025-02-23 15:00:00,11.45,3.46,804.2,0.0,44.1,28.5,29.1,29.8,2.25,99.53
59,2025-02-23 16:00:00,20.09,3.91,775.4,0.0,41.4,29.7,30.1,30.7,2.5,99.49
59,2025-02-23 17:00:00,11.2,3.27,693.2,0.0,36.5,30.8,31.28,31.6,2.9,99.44
59,2025-02-23 18:00:00,8.93,2.54,561.3,0.0,33.48,31.4,31.55,31.6,3.08,99.41
59,2025-02-23 19:00:00,7.34,2.41,396.8,0.0,35.03,30.0,30.85,31.3,2.9,99.37
59,2025-02-23 20:00:00,2.3,0.69,119.1,0.0,46.65,27.5,28.15,29.0,2.04,99.36
59,2025-02-23 21:00:00,3.49,1.05,31.7,0.0,52.98,24.2,25.43,27.0,1.53,99.39
59,2025-02-23 22:00:00,2.77,0.81,0.0,0.0,55.03,21.1,22.18,23.3,1.21,99.47
59,2025-02-23 23:00:00,3.06,1.01,0.0,0.0,61.58,19.5,20.0,20.6,0.9,99.54
59,2025-02-24 00:00:00,7.16,1.34,0.0,0.0,67.43,19.2,19.25,19.3,0.73,99.55
59,2025-02-24 01:00:00,9.68,1.61,0.0,0.0,72.18,19.0,19.1,19.2,0.62,99.52
59,2025-02-24 02:00:00,3.67,1.13,0.0,0.0,78.65,17.5,18.13,18.7,0.45,99.52
59,2025-02-24 03:00:00,2.81,0.87,0.0,0.0,85.08,16.2,16.73,17.2,0.28,99.48
59,2025-02-24 04:00:00,2.3,0.83,0.0,0.0,89.68,14.9,15.45,15.9,0.18,99.45
59,2025-02-24 05:00:00,1.8,0.74,0.0,0.0,91.15,14.4,14.6,14.7,0.15,99.44
59,2025-02-24 06:00:00,2.88,0.99,0.0,0.0,91.53,14.5,14.68,14.8,0.14,99.44
59,2025-02-24 07:00:00,4.32,2.1,0.0,0.04,93.33,14.5,14.63,14.8,0.11,99.47
59,2025-02-24 08:00:00,5.08,1.26,12.7,0.0,93.43,14.8,15.35,15.9,0.12,99.52
59,2025-02-24 09:00:00,8.5,2.06,55.8,0.0,94.38,16.3,16.53,16.7,0.11,99.58
59,2025-02-24 10:00:00,7.67,2.33,143.9,0.0,93.1,16.8,17.1,17.4,0.14,99.61
59,2025-02-24 11:00:00,9.29,2.99,484.0,0.0,87.2,17.6,18.45,19.6,0.27,99.58
59,2025-02-24 12:00:00,11.16,3.46,633.6,0.0,74.88,20.3,21.53,22.8,0.65,99.54
59,2025-02-24 13:00:00,12.02,3.73,732.1,0.0,61.1,23.7,24.55,25.4,1.2,99.52
59,2025-02-24 14:00:00,11.63,3.36,780.1,0.0,53.45,26.0,26.9,27.8,1.65,99.48
59,2025-02-24 15:00:00,14.9,4.06,781.7,0.0,50.0,28.0,28.68,29.3,1.97,99.46
59,2025-02-24 16:00:00,18.32,3.94,754.5,0.0,47.65,29.5,29.8,30.2,2.2,99.41
59,2025-02-24 17:00:00,13.97,3.79,668.3,0.0,45.78,30.2,30.38,30.6,2.35,99.37
59,2025-02-24 18:00:00,10.62,2.83,542.1,0.0,43.68,30.6,30.88,31.1,2.52,99.35
59,2025-02-24 19:00:00,8.5,2.62,380.9,0.0,41.6,30.5,30.65,30.8,2.57,99.33
59,2025-02-24 20:00:00,8.32,1.83,205.1,0.0,44.53,28.3,29.25,30.1,2.26,99.33
59,2025-02-24 21:00:00,2.66,1.14,14.7,0.0,52.13,23.2,25.03,27.2,1.53,99.36
59,2025-02-24 22:00:00,3.31,1.39,0.0,0.0,55.63,21.4,21.93,22.6,1.17,99.41
59,2025-02-24 23:00:00,6.16,0.99,0.0,0.0,54.0,20.8,21.0,21.2,1.14,99.46
59,2025-02-25 00:00:00,3.13,1.03,0.0,0.0,52.63,19.6,20.05,20.7,1.11,99.47
59,2025-02-25 01:00:00,3.06,1.06,0.0,0.0,55.48,17.7,18.5,19.5,0.95,99.46
59,2025-02-25 02:00:00,4.32,1.06,0.0,0.0,58.13,16.6,17.15,17.6,0.82,99.44
59,2025-02-25 03:00:00,2.88,0.95,0.0,0.0,60.78,15.7,15.93,16.2,0.71,99.4
59,2025-02-25 04:00:00,10.76,1.35,0.0,0.0,62.28,15.2,15.3,15.4,0.66,99.36
59,2025-02-25 05:00:00,6.26,1.51,0.0,0.0,66.43,14.0,14.68,15.2,0.56,99.33
59,2025-02-25 06:00:00,2.48,0.84,0.0,0.0,74.4,12.3,12.93,13.6,0.38,99.31
59,2025-02-25 07:00:00,3.06,1.88,0.0,0.0,82.8,11.4,11.65,11.8,0.24,99.31
59,2025-02-25 08:00:00,4.03,1.68,17.3,0.0,86.25,11.3,11.3,11.3,0.19,99.34
59,2025-02-25 09:00:00,8.1,1.78,153.2,0.0,83.3,11.9,13.43,14.9,0.26,99.39
59,2025-02-25 10:00:00,11.3,3.05,324.9,0.0,71.15,15.5,16.25,17.1,0.53,99.42
59,2025-02-25 11:00:00,10.91,3.34,496.4,0.0,64.03,17.1,17.93,18.9,0.74,99.44
59,2025-02-25 12:00:00,13.18,3.83,643.6,0.0,57.48,19.5,20.2,20.8,1.01,99.47
59,2025-02-25 13:00:00,12.56,3.94,747.4,0.0,54.13,21.1,21.93,22.8,1.21,99.5
59,2025-02-25 14:00:00,15.37,4.25,797.5,0.0,49.73,23.2,24.05,24.8,1.51,99.49
59,2025-02-25 15:00:00,11.81,3.5,800.3,0.0,44.65,25.4,26.2,27.1,1.89,99.48
59,2025-02-25 16:00:00,11.63,3.62,776.8,0.0,38.95,27.4,27.98,29.0,2.31,99.45
59,2025-02-25 17:00:00,11.27,3.33,696.1,0.0,31.78,29.0,29.45,29.9,2.81,99.42
59,2025-02-25 18:00:00,10.37,3.2,563.1,0.0,29.78,30.3,30.45,30.6,3.06,99.4
59,2025-02-25 19:00:00,6.7,2.06,395.1,0.0,32.18,29.7,30.0,30.2,2.88,99.37
59,2025-02-25 20:00:00,4.43,1.29,209.0,0.0,38.03,27.6,28.7,29.6,2.45,99.38
59,2025-02-25 21:00:00,2.63,1.42,15.8,0.0,49.95,21.6,23.63,26.2,1.48,99.4
59,2025-02-25 22:00:00,3.17,2.06,0.0,0.0,61.15,19.3,19.7,20.5,0.89,99.46
59,2025-02-25 23:00:00,3.56,1.97,0.0,0.0,60.88,18.4,19.05,19.7,0.86,99.52
59,2025-02-26 00:00:00,2.66,1.03,0.0,0.0,62.35,17.7,17.88,18.0,0.77,99.49
59,2025-02-26 01:00:00,4.1,2.52,0.0,0.0,66.63,15.7,16.53,17.5,0.63,99.47
59,2025-02-26 02:00:00,5.44,2.68,0.0,0.0,70.7,14.8,15.25,15.6,0.51,99.47
59,2025-02-26 03:00:00,3.96,1.67,0.0,0.0,71.45,14.1,14.43,14.9,0.47,99.45
59,2025-02-26 04:00:00,3.38,1.61,0.0,0.0,76.28,12.3,13.18,13.9,0.36,99.4
59,2025-02-26 05:00:00,2.77,1.47,0.0,0.0,80.08,12.1,12.15,12.3,0.28,99.36
59,2025-02-26 06:00:00,5.98,2.1,0.0,0.0,81.4,11.0,11.5,11.8,0.25,99.33
59,2025-02-26 07:00:00,5.94,1.6,0.0,0.0,83.55,11.0,11.05,11.2,0.22,99.32
59,2025-02-26 08:00:00,3.6,1.82,16.3,0.0,87.15,10.1,10.45,10.8,0.17,99.35
59,2025-02-26 09:00:00,3.96,1.34,146.9,0.02,89.1,10.0,11.35,12.8,0.15,99.37
59,2025-02-26 10:00:00,10.19,2.77,310.4,0.0,75.83,14.0,15.23,16.3,0.42,99.37
59,2025-02-26 11:00:00,10.58,3.19,484.0,0.0,64.05,16.9,17.73,18.5,0.73,99.38
59,2025-02-26 12:00:00,12.96,3.62,627.3,0.0,58.63,18.8,19.7,20.6,0.95,99.4
59,2025-02-26 13:00:00,8.64,2.87,730.9,0.0,53.6,21.3,22.08,23.2,1.24,99.39
59,2025-02-26 14:00:00,11.09,3.52,779.8,0.0,48.05,23.4,24.43,25.3,1.59,99.35
59,2025-02-26 15:00:00,13.5,3.88,785.5,0.0,42.65,25.9,26.75,27.6,2.02,99.3
59,2025-02-26 16:00:00,11.3,3.49,761.6,0.0,37.63,28.3,28.95,30.0,2.5,99.23
59,2025-02-26 17:00:00,10.15,3.4,680.3,0.0,32.83,30.1,30.5,30.8,2.94,99.14
59,2025-02-26 18:00:00,12.53,2.87,547.6,0.0,30.45,31.1,31.33,31.5,3.18,99.1
59,2025-02-26 19:00:00,7.67,1.82,377.0,0.0,32.6,30.9,31.35,31.8,3.09,99.09
59,2025-02-26 20:00:00,3.6,1.21,198.9,0.0,39.98,27.8,29.25,30.3,2.45,99.08
59,2025-02-26 21:00:00,2.38,1.59,13.7,0.0,52.35,22.1,23.9,26.1,1.42,99.1
59,2025-02-26 22:00:00,3.13,1.62,0.0,0.0,57.75,20.4,20.93,21.6,1.05,99.16
59,2025-02-26 23:00:00,4.14,2.37,0.0,0.0,55.0,18.3,19.93,21.1,1.06,99.2
59,2025-02-27 00:00:00,4.43,2.96,0.0,0.0,70.05,16.7,17.15,17.5,0.59,99.21
59,2025-02-27 01:00:00,5.26,2.97,0.0,0.0,74.6,15.6,15.78,16.1,0.45,99.17
59,2025-02-27 02:00:00,4.03,2.01,0.0,0.0,78.33,14.1,14.68,15.5,0.36,99.14
59,2025-02-27 03:00:00,3.85,2.19,0.0,0.0,82.88,13.1,13.38,13.7,0.26,99.11
59,2025-02-27 04:00:00,5.58,2.55,0.0,0.0,85.53,12.2,12.55,12.8,0.21,99.09
59,2025-02-27 05:00:00,4.61,2.81,0.0,0.0,85.48,11.9,12.0,12.2,0.21,99.07
59,2025-02-27 06:00:00,4.21,1.78,0.0,0.0,85.38,10.9,11.43,11.8,0.2,99.03
59,2025-02-27 07:00:00,4.43,2.5,0.0,0.0,85.28,10.8,10.98,11.3,0.19,99.02
59,2025-02-27 08:00:00,4.9,2.88,13.6,0.02,86.53,10.7,10.75,10.9,0.18,99.07
59,2025-02-27 09:00:00,4.54,1.58,149.7,0.0,83.85,10.9,12.98,15.2,0.25,99.16
59,2025-02-27 10:00:00,7.09,1.94,301.5,0.0,64.55,16.7,18.63,20.3,0.77,99.25
59,2025-02-27 11:00:00,12.17,2.66,469.7,0.0,56.58,20.9,21.53,22.3,1.12,99.3
59,2025-02-27 12:00:00,8.39,2.66,612.9,0.0,52.83,22.7,23.33,24.1,1.36,99.35
59,2025-02-27 13:00:00,11.2,3.77,713.7,0.0,46.4,24.5,25.2,25.7,1.72,99.36
59,2025-02-27 14:00:00,10.55,3.29,757.0,0.0,41.38,26.1,26.95,27.7,2.09,99.33
59,2025-02-27 15:00:00,15.44,4.91,762.3,0.0,37.23,28.2,28.63,29.2,2.46,99.31
59,2025-02-27 16:00:00,12.17,4.46,736.2,0.0,33.95,29.4,29.95,30.4,2.8,99.27
59,2025-02-27 17:00:00,15.91,5.1,650.7,0.0,31.5,30.5,30.85,31.0,3.05,99.21
59,2025-02-27 18:00:00,16.56,6.2,521.3,0.0,33.08,30.6,30.7,30.9,2.96,99.17
59,2025-02-27 19:00:00,24.44,8.49,363.8,0.0,32.23,29.5,30.08,30.5,2.89,99.19
59,2025-02-27 20:00:00,27.14,8.44,190.3,0.0,36.4,25.8,27.2,28.8,2.31,99.27
59,2025-02-27 21:00:00,11.16,2.32,9.8,0.0,46.75,21.7,23.1,24.7,1.52,99.37
59,2025-02-27 22:00:00,8.82,2.2,0.0,0.0,55.33,19.8,20.2,20.6,1.06,99.48
59,2025-02-27 23:00:00,10.12,3.5,0.0,0.0,67.95,18.4,18.98,19.5,0.71,99.54
59,2025-02-28 00:00:00,9.61,1.52,0.0,0.0,76.65,16.4,17.2,18.0,0.46,99.56
59,2025-02-28 01:00:00,2.99,1.41,0.0,0.0,83.9,15.1,15.55,15.9,0.29,99.5
59,2025-02-28 02:00:00,3.02,1.76,0.0,0.0,87.48,14.6,14.75,14.9,0.21,99.44
59,2025-02-28 03:00:00,3.71,1.42,0.0,0.0,89.3,14.0,14.3,14.5,0.17,99.39
59,2025-02-28 04:00:00,3.56,1.46,0.0,0.0,89.83,13.9,14.15,14.5,0.16,99.35
59,2025-02-28 05:00:00,3.85,1.23,0.0,0.0,89.8,14.5,15.03,15.4,0.18,99.35
59,2025-02-28 06:00:00,6.52,1.81,0.0,0.0,88.0,15.4,15.65,15.8,0.21,99.37
59,2025-02-28 07:00:00,6.52,2.13,0.0,0.0,87.5,15.8,15.95,16.0,0.23,99.37
59,2025-02-28 08:00:00,11.99,3.01,12.0,0.0,86.73,16.2,16.25,16.4,0.24,99.42
59,2025-02-28 09:00:00,8.03,1.95,42.9,0.0,86.05,16.5,16.6,16.8,0.26,99.47
59,2025-02-28 10:00:00,8.6,2.5,131.1,0.0,88.75,16.6,16.73,16.8,0.21,99.52
59,2025-02-28 11:00:00,12.17,3.64,362.9,0.0,87.33,17.2,17.98,18.8,0.26,99.52
59,2025-02-28 12:00:00,10.15,3.36,647.7,0.0,79.13,19.0,20.18,21.5,0.5,99.55
59,2025-02-28 13:00:00,14.87,5.38,698.1,0.0,67.8,21.3,22.08,22.8,0.86,99.57
59,2025-02-28 14:00:00,12.56,4.27,513.3,0.0,61.48,22.5,22.98,23.6,1.08,99.55
59,2025-02-28 15:00:00,13.5,4.67,808.1,0.0,53.08,24.4,24.95,25.6,1.49,99.5
59,2025-02-28 16:00:00,16.42,5.42,741.3,0.0,49.85,25.7,26.05,26.4,1.69,99.47
59,2025-02-28 17:00:00,15.01,3.43,678.5,0.0,48.88,26.4,26.68,27.2,1.79,99.42
59,2025-02-28 18:00:00,9.07,2.77,470.9,0.0,49.35,26.5,26.8,27.0,1.79,99.39
59,2025-02-28 19:00:00,8.96,2.44,282.3,0.0,50.65,26.0,26.55,27.0,1.72,99.38
59,2025-02-28 20:00:00,11.92,2.7,181.3,0.0,54.33,25.2,25.53,26.0,1.49,99.38
59,2025-02-28 21:00:00,17.89,3.95,11.9,0.0,59.03,22.0,23.05,24.2,1.16,99.41
59,2025-02-28 22:00:00,8.78,2.61,0.0,0.0,65.85,20.3,20.8,21.4,0.84,99.47
59,2025-02-28 23:00:00,8.42,2.03,0.0,0.0,72.55,18.2,19.23,20.0,0.61,99.53
59,2025-03-01 00:00:00,3.02,1.28,0.0,0.0,80.23,16.9,17.4,17.8,0.4,99.51
59,2025-03-01 01:00:00,2.2,0.8,0.0,0.0,85.08,15.9,16.23,16.5,0.28,99.49
59,2025-03-01 02:00:00,2.41,0.96,0.0,0.0,88.33,15.5,15.58,15.7,0.21,99.47
59,2025-03-01 03:00:00,2.77,1.53,0.0,0.0,90.38,14.8,14.98,15.3,0.17,99.44
59,2025-03-01 04:00:00,2.92,1.96,0.0,0.0,92.03,14.1,14.28,14.6,0.13,99.39
59,2025-03-01 05:00:00,3.31,1.76,0.0,0.02,93.3,13.5,13.73,14.0,0.11,99.38
59,2025-03-01 06:00:00,2.27,0.93,0.0,0.02,93.9,12.6,12.93,13.4,0.09,99.37
59,2025-03-01 07:00:00,3.13,1.89,0.0,0.02,93.6,12.6,12.78,13.0,0.1,99.42
59,2025-03-01 08:00:00,2.99,1.48,11.2,0.0,94.5,13.2,13.6,13.8,0.09,99.47
59,2025-03-01 09:00:00,3.85,1.37,79.5,0.02,96.48,13.7,14.48,15.2,0.06,99.51
59,2025-03-01 10:00:00,6.73,2.17,255.7,0.0,96.53,15.6,16.3,17.1,0.06,99.54
59,2025-03-01 11:00:00,7.92,2.47,473.8,0.0,85.88,17.6,18.75,20.0,0.31,99.55
59,2025-03-01 12:00:00,9.65,2.97,610.8,0.0,72.13,20.7,21.5,22.0,0.72,99.57
59,2025-03-01 13:00:00,11.38,3.3,712.9,0.0,64.2,22.7,23.4,24.1,1.03,99.58
59,2025-03-01 14:00:00,13.14,3.57,752.0,0.0,58.0,24.6,25.28,25.9,1.35,99.56
59,2025-03-01 15:00:00,9.36,3.14,765.7,0.0,54.0,25.8,26.28,26.8,1.57,99.51
59,2025-03-01 16:00:00,13.72,3.47,731.6,0.0,49.33,27.4,27.73,28.0,1.89,99.46
59,2025-03-01 17:00:00,9.14,3.47,654.3,0.0,47.6,28.2,28.3,28.5,2.02,99.39
59,2025-03-01 18:00:00,12.49,4.04,521.4,0.0,46.45,28.4,28.88,29.2,2.13,99.34
59,2025-03-01 19:00:00,7.85,2.55,327.1,0.0,45.7,28.8,28.93,29.0,2.17,99.3
59,2025-03-01 20:00:00,12.74,3.75,145.5,0.0,48.8,26.2,27.45,28.3,1.88,99.29
59,2025-03-01 21:00:00,15.8,4.21,10.9,0.0,53.43,23.0,23.95,25.1,1.39,99.32
59,2025-03-01 22:00:00,8.64,2.08,0.0,0.0,61.15,20.1,21.2,22.3,0.98,99.37
59,2025-03-01 23:00:00,4.07,1.4,0.0,0.0,70.4,18.4,18.9,19.5,0.65,99.43
59,2025-03-02 00:00:00,3.85,1.14,0.0,0.0,74.63,17.2,17.68,18.1,0.51,99.45
59,2025-03-02 01:00:00,2.2,1.05,0.0,0.0,79.93,16.0,16.43,16.9,0.38,99.47
59,2025-03-02 02:00:00,6.3,1.15,0.0,0.0,83.7,15.0,15.35,15.6,0.29,99.47
59,2025-03-02 03:00:00,4.68,1.04,0.0,0.0,87.28,14.1,14.5,14.8,0.21,99.48
59,2025-03-02 04:00:00,2.45,1.0,0.0,0.0,89.75,13.5,13.6,13.8,0.16,99.47
59,2025-03-02 05:00:00,2.77,1.39,0.0,0.0,92.13,12.6,12.93,13.2,0.12,99.46
59,2025-03-02 06:00:00,3.46,1.39,0.0,0.02,92.1,12.3,12.35,12.4,0.11,99.47
59,2025-03-02 07:00:00,3.02,1.67,0.0,0.02,93.83,11.7,12.0,12.1,0.09,99.49
59,2025-03-02 08:00:00,3.02,1.49,13.2,0.02,94.13,11.4,11.63,11.8,0.08,99.54
59,2025-03-02 09:00:00,4.68,1.59,101.7,0.02,96.18,12.0,12.53,13.2,0.06,99.6
59,2025-03-02 10:00:00,6.3,2.26,145.9,0.0,96.95,13.6,14.13,14.5,0.05,99.66
59,2025-03-02 11:00:00,6.34,2.32,171.2,0.0,92.23,14.8,14.93,15.2,0.13,99.7
59,2025-03-02 12:00:00,9.68,2.82,228.4,0.0,88.0,15.5,15.98,16.4,0.22,99.73
59,2025-03-02 13:00:00,11.81,3.31,711.5,0.0,79.9,17.0,18.23,19.5,0.43,99.71
59,2025-03-02 14:00:00,11.09,4.08,746.8,0.0,68.63,19.7,20.8,21.8,0.78,99.71
59,2025-03-02 15:00:00,14.11,3.41,743.9,0.0,62.15,22.0,22.7,23.6,1.05,99.71
59,2025-03-02 16:00:00,11.05,3.23,725.7,0.0,57.13,23.4,24.33,25.4,1.31,99.68
59,2025-03-02 17:00:00,9.07,2.84,658.5,0.0,53.4,25.7,25.9,26.3,1.56,99.64
59,2025-03-02 18:00:00,8.93,2.48,460.7,0.0,53.1,25.1,25.28,25.4,1.51,99.62
59,2025-03-02 19:00:00,9.65,2.55,371.8,0.0,53.05,25.4,25.7,25.8,1.55,99.6
59,2025-03-02 20:00:00,15.23,4.34,210.5,0.0,49.18,24.6,25.73,26.4,1.68,99.61
59,2025-03-02 21:00:00,14.11,4.29,12.1,0.0,52.93,20.4,21.7,23.2,1.23,99.69
59,2025-03-02 22:00:00,11.92,2.17,0.0,0.0,59.05,17.9,18.75,19.8,0.89,99.76
59,2025-03-02 23:00:00,3.85,1.19,0.0,0.0,69.9,15.8,16.45,17.2,0.57,99.84
59,2025-03-03 00:00:00,3.92,1.54,0.0,0.0,77.3,14.6,15.05,15.4,0.39,99.85
59,2025-03-03 01:00:00,2.81,1.16,0.0,0.0,81.4,13.8,13.9,14.1,0.3,99.84
59,2025-03-03 02:00:00,2.45,1.09,0.0,0.0,83.75,13.1,13.33,13.6,0.25,99.81
59,2025-03-03 03:00:00,2.84,1.65,0.0,0.0,86.9,12.4,12.65,13.0,0.19,99.75
59,2025-03-03 04:00:00,3.2,2.04,0.0,0.0,89.43,11.8,11.98,12.2,0.15,99.7
59,2025-03-03 05:00:00,2.48,1.78,0.0,0.0,90.98,11.3,11.43,11.6,0.12,99.69
59,2025-03-03 06:00:00,3.38,1.78,0.0,0.02,92.65,10.4,10.9,11.3,0.1,99.69
59,2025-03-03 07:00:00,2.84,1.53,0.0,0.02,93.15,9.9,10.15,10.4,0.09,99.67
59,2025-03-03 08:00:00,2.41,1.6,10.2,0.0,92.88,9.8,9.98,10.1,0.09,99.71
59,2025-03-03 09:00:00,5.22,1.48,148.3,0.02,96.58,10.1,11.65,13.2,0.04,99.76
59,2025-03-03 10:00:00,8.57,2.69,302.6,0.02,91.75,14.0,15.13,16.0,0.15,99.81
59,2025-03-03 11:00:00,10.76,3.02,473.7,0.0,75.73,16.7,17.9,19.0,0.51,99.82
59,2025-03-03 12:00:00,16.7,4.03,615.0,0.0,64.08,19.3,20.15,21.0,0.85,99.84
59,2025-03-03 13:00:00,18.86,4.33,715.5,0.0,57.28,21.2,21.83,22.6,1.12,99.83
59,2025-03-03 14:00:00,14.0,4.09,764.3,0.0,50.73,23.0,23.8,24.6,1.46,99.78
59,2025-03-03 15:00:00,12.06,4.38,768.9,0.0,45.65,24.7,25.13,25.4,1.74,99.73
59,2025-03-03 16:00:00,14.65,3.99,742.1,0.0,42.55,26.0,26.18,26.3,1.95,99.7
59,2025-03-03 17:00:00,10.22,3.72,654.0,0.0,39.2,26.5,26.78,27.0,2.14,99.65
59,2025-03-03 18:00:00,9.72,2.95,522.4,0.0,35.28,26.9,27.1,27.2,2.32,99.62
59,2025-03-03 19:00:00,6.84,1.97,356.4,0.0,37.58,27.0,27.13,27.3,2.24,99.57
59,2025-03-03 20:00:00,5.33,1.09,181.3,0.0,43.55,24.9,26.03,26.8,1.91,99.56
59,2025-03-03 21:00:00,6.59,1.24,9.7,0.0,53.15,20.5,21.93,23.6,1.24,99.58
59,2025-03-03 22:00:00,2.23,1.15,0.0,0.0,63.8,18.2,19.0,19.9,0.8,99.62
59,2025-03-03 23:00:00,3.13,1.13,0.0,0.0,70.58,16.8,17.18,17.8,0.58,99.66
59,2025-03-04 00:00:00,4.28,0.99,0.0,0.0,70.53,16.0,16.58,16.9,0.56,99.64
59,2025-03-04 01:00:00,2.77,1.19,0.0,0.0,77.3,14.2,14.8,15.4,0.38,99.6
59,2025-03-04 02:00:00,2.52,0.75,0.0,0.0,79.53,13.6,13.85,14.2,0.33,99.57
59,2025-03-04 03:00:00,2.88,0.88,0.0,0.0,83.03,13.0,13.2,13.3,0.26,99.54
59,2025-03-04 04:00:00,3.02,1.2,0.0,0.0,86.7,12.0,12.45,12.8,0.19,99.53
59,2025-03-04 05:00:00,3.53,1.84,0.0,0.0,89.7,11.5,11.68,11.8,0.14,99.51
59,2025-03-04 06:00:00,2.74,1.5,0.0,0.0,91.05,11.0,11.1,11.2,0.12,99.5
59,2025-03-04 07:00:00,2.66,1.36,0.0,0.02,92.38,10.5,10.68,10.9,0.1,99.5
59,2025-03-04 08:00:00,4.1,1.73,10.0,0.02,92.65,10.5,10.6,10.7,0.09,99.54
59,2025-03-04 09:00:00,7.31,2.14,145.5,0.02,93.53,11.2,12.68,14.0,0.1,99.57
59,2025-03-04 10:00:00,14.54,2.63,297.6,0.0,80.4,14.9,16.18,17.4,0.37,99.59
59,2025-03-04 11:00:00,9.54,3.33,463.7,0.0,64.88,17.8,18.75,19.5,0.76,99.59
59,2025-03-04 12:00:00,14.08,3.64,608.2,0.0,57.63,20.0,20.78,21.8,1.04,99.59
59,2025-03-04 13:00:00,14.04,3.76,707.4,0.0,53.0,22.1,22.9,23.6,1.32,99.58
59,2025-03-04 14:00:00,14.47,3.86,754.2,0.0,50.78,24.1,24.65,25.4,1.53,99.53
59,2025-03-04 15:00:00,13.93,4.1,756.4,0.0,48.58,25.6,26.03,26.5,1.73,99.48
59,2025-03-04 16:00:00,14.8,3.7,727.7,0.0,45.73,26.6,26.9,27.2,1.93,99.43
59,2025-03-04 17:00:00,10.66,3.34,648.2,0.0,37.5,27.7,27.75,27.8,2.33,99.38
59,2025-03-04 18:00:00,11.3,3.22,517.5,0.0,32.65,27.8,27.85,28.0,2.52,99.34
59,2025-03-04 19:00:00,9.04,2.58,355.5,0.0,32.23,27.2,27.55,28.0,2.5,99.32
59,2025-03-04 20:00:00,6.34,1.51,179.7,0.0,37.4,24.7,25.9,26.9,2.1,99.31
59,2025-03-04 21:00:00,2.92,1.23,9.0,0.0,50.25,20.2,21.58,23.3,1.29,99.31
59,2025-03-04 22:00:00,6.41,1.51,0.0,0.0,58.63,19.7,19.75,19.9,0.95,99.34
59,2025-03-04 23:00:00,11.7,2.45,0.0,0.0,58.93,19.5,19.6,19.7,0.94,99.36
59,2025-03-05 00:00:00,15.52,2.33,0.0,0.0,62.43,17.9,18.63,19.2,0.81,99.33
59,2025-03-05 01:00:00,7.27,1.79,0.0,0.0,71.4,16.4,16.9,17.4,0.55,99.3
59,2025-03-05 02:00:00,5.11,1.4,0.0,0.0,79.15,15.0,15.48,16.0,0.37,99.29
59,2025-03-05 03:00:00,3.1,0.96,0.0,0.0,85.05,13.9,14.3,14.6,0.25,99.23
59,2025-03-05 04:00:00,2.12,0.95,0.0,0.0,89.38,12.7,13.15,13.5,0.16,99.18
59,2025-03-05 05:00:00,3.24,1.42,0.0,0.0,91.08,12.1,12.3,12.5,0.13,99.13
59,2025-03-05 06:00:00,3.2,2.19,0.0,0.0,93.33,11.1,11.45,11.8,0.09,99.09
59,2025-03-05 07:00:00,4.36,2.65,0.0,0.02,93.93,10.5,10.65,11.0,0.08,99.07
59,2025-03-05 08:00:00,4.07,2.14,9.3,0.02,94.23,9.7,9.88,10.2,0.07,99.09
59,2025-03-05 09:00:00,7.34,2.4,140.2,0.02,94.78,9.8,11.33,12.7,0.07,99.1
59,2025-03-05 10:00:00,6.95,2.69,296.9,0.02,90.98,13.5,14.88,16.0,0.16,99.14
59,2025-03-05 11:00:00,10.84,3.33,464.1,0.0,77.93,17.5,18.5,19.5,0.48,99.16
59,2025-03-05 12:00:00,9.94,3.38,602.6,0.0,68.88,19.8,20.48,21.2,0.75,99.19
59,2025-03-05 13:00:00,11.38,3.82,700.7,0.0,61.1,21.6,22.45,23.2,1.06,99.21
59,2025-03-05 14:00:00,11.52,3.47,745.8,0.0,53.98,23.5,24.53,25.2,1.42,99.19
59,2025-03-05 15:00:00,13.1,3.8,747.1,0.0,50.0,25.5,26.23,26.7,1.7,99.14
59,2025-03-05 16:00:00,12.6,3.84,720.8,0.0,45.65,26.8,27.38,27.8,1.99,99.09
59,2025-03-05 17:00:00,7.96,2.69,632.7,0.0,42.35,27.9,28.08,28.4,2.19,99.04
59,2025-03-05 18:00:00,7.96,2.29,502.7,0.0,40.28,28.6,28.68,28.8,2.35,99.01
59,2025-03-05 19:00:00,7.09,1.86,333.9,0.0,40.95,28.6,28.95,29.3,2.36,99.0
59,2025-03-05 20:00:00,14.36,4.42,164.5,0.0,45.68,26.1,27.63,29.4,2.03,99.03
59,2025-03-05 21:00:00,9.04,2.97,9.9,0.0,52.15,22.9,24.0,25.2,1.43,99.07
59,2025-03-05 22:00:00,11.59,1.9,0.0,0.0,58.23,20.3,21.38,22.1,1.07,99.17
59,2025-03-05 23:00:00,3.92,1.24,0.0,0.0,68.23,18.2,19.05,19.8,0.7,99.25
59,2025-03-06 00:00:00,3.67,1.35,0.0,0.0,75.18,16.7,17.38,17.9,0.49,99.28
59,2025-03-06 01:00:00,3.56,2.08,0.0,0.0,79.03,15.9,16.35,16.7,0.39,99.31
59,2025-03-06 02:00:00,3.85,2.35,0.0,0.0,84.65,14.6,15.05,15.6,0.26,99.29
59,2025-03-06 03:00:00,3.67,1.65,0.0,0.0,85.83,14.4,14.55,14.8,0.24,99.25
59,2025-03-06 04:00:00,4.61,2.59,0.0,0.0,88.1,13.7,13.85,14.0,0.19,99.26
59,2025-03-06 05:00:00,4.28,2.47,0.0,0.0,89.88,12.9,13.2,13.4,0.15,99.27
59,2025-03-06 06:00:00,4.0,2.6,0.0,0.0,91.28,12.5,12.63,12.8,0.13,99.26
59,2025-03-06 07:00:00,3.17,1.8,0.0,0.02,92.33,11.9,12.08,12.3,0.11,99.3
59,2025-03-06 08:00:00,4.1,1.61,9.1,0.02,92.18,12.0,12.15,12.2,0.11,99.36
59,2025-03-06 09:00:00,5.47,1.68,136.1,0.02,95.48,12.3,13.53,14.6,0.07,99.45
59,2025-03-06 10:00:00,5.36,2.18,303.5,0.0,91.18,15.2,16.15,17.0,0.17,99.52
59,2025-03-06 11:00:00,11.2,3.6,456.9,0.0,78.65,17.9,18.8,19.6,0.47,99.54
59,2025-03-06 12:00:00,15.16,4.49,598.6,0.0,69.1,20.1,20.88,21.6,0.77,99.58
59,2025-03-06 13:00:00,15.59,5.17,694.5,0.0,62.05,22.0,22.68,23.2,1.05,99.61
59,2025-03-06 14:00:00,16.74,5.31,739.1,0.0,55.45,24.0,24.5,25.2,1.37,99.61
59,2025-03-06 15:00:00,18.11,6.37,750.1,0.0,51.5,25.4,25.8,26.4,1.61,99.59
59,2025-03-06 16:00:00,18.14,6.0,705.5,0.0,49.23,26.2,26.5,26.9,1.76,99.56
59,2025-03-06 17:00:00,20.92,5.83,641.5,0.0,48.95,26.3,26.73,26.9,1.79,99.55
59,2025-03-06 18:00:00,20.23,7.33,381.7,0.0,52.68,25.2,25.53,26.0,1.55,99.56
59,2025-03-06 19:00:00,23.94,7.87,350.0,0.0,56.35,23.4,24.33,25.1,1.33,99.59
59,2025-03-06 20:00:00,18.32,6.02,159.7,0.0,60.18,21.4,22.13,23.0,1.07,99.63
59,2025-03-06 21:00:00,12.31,2.59,9.9,0.0,66.58,18.7,19.68,20.7,0.77,99.67
59,2025-03-06 22:00:00,2.7,1.13,0.0,0.0,75.38,16.9,17.5,18.2,0.5,99.74
59,2025-03-06 23:00:00,5.11,2.18,0.0,0.0,81.8,15.5,16.13,16.8,0.34,99.79
59,2025-03-07 00:00:00,6.3,2.37,0.0,0.0,85.3,15.1,15.2,15.3,0.25,99.81
59,2025-03-07 01:00:00,5.83,2.28,0.0,0.0,83.35,16.2,16.23,16.3,0.31,99.8
59,2025-03-07 02:00:00,9.22,2.5,0.0,0.0,82.73,16.1,16.3,16.5,0.32,99.81
59,2025-03-07 03:00:00,6.95,2.2,0.0,0.0,83.05,15.9,16.3,16.6,0.32,99.82
59,2025-03-07 04:00:00,6.12,1.87,0.0,0.0,87.63,14.6,15.05,15.7,0.21,99.8
59,2025-03-07 05:00:00,6.37,2.35,0.0,0.0,89.33,14.0,14.18,14.4,0.17,99.79
59,2025-03-07 06:00:00,7.99,3.31,0.0,0.0,89.85,13.9,13.95,14.0,0.16,99.79
59,2025-03-07 07:00:00,8.68,2.6,0.0,0.0,90.3,13.7,13.78,13.9,0.15,99.85
59,2025-03-07 08:00:00,6.55,1.84,14.3,0.02,91.63,13.1,13.28,13.6,0.13,99.91
59,2025-03-07 09:00:00,12.53,4.4,152.3,0.02,90.1,13.8,15.0,16.2,0.17,99.95
59,2025-03-07 10:00:00,14.8,5.38,410.3,0.0,81.15,16.5,18.13,19.5,0.4,100.0
59,2025-03-07 11:00:00,14.72,5.28,493.9,0.0,70.95,19.5,20.3,20.8,0.69,100.07
59,2025-03-07 12:00:00,15.48,5.48,238.8,0.02,70.38,19.9,20.48,20.8,0.72,100.17
59,2025-03-07 13:00:00,15.05,5.64,155.3,2.84,87.7,17.2,17.95,19.2,0.26,100.26
59,2025-03-07 14:00:00,13.68,5.1,192.5,2.05,94.0,17.4,17.43,17.5,0.12,100.3
59,2025-03-07 15:00:00,7.85,2.73,302.1,1.09,95.23,17.1,17.45,17.6,0.1,100.31
59,2025-03-07 16:00:00,10.3,3.83,350.5,0.0,92.75,17.9,18.13,18.4,0.15,100.29
59,2025-03-07 17:00:00,14.47,4.82,497.3,0.0,87.28,18.6,19.2,19.8,0.29,100.26
59,2025-03-07 18:00:00,15.88,3.9,603.3,0.0,82.13,20.2,20.3,20.5,0.43,100.24
59,2025-03-07 19:00:00,10.44,3.58,231.4,0.0,75.68,20.4,20.55,20.8,0.59,100.25
59,2025-03-07 20:00:00,9.07,2.28,214.1,0.0,67.95,20.9,20.9,20.9,0.79,100.26
59,2025-03-07 21:00:00,3.85,0.71,11.5,0.0,74.6,17.4,18.6,19.9,0.55,100.27
59,2025-03-07 22:00:00,8.75,1.12,0.0,0.0,80.43,16.4,16.53,16.9,0.37,100.3
59,2025-03-07 23:00:00,7.99,1.32,0.0,0.0,82.05,15.6,15.88,16.0,0.32,100.3
59,2025-03-08 00:00:00,10.4,1.91,0.0,0.0,82.28,15.0,15.15,15.4,0.31,100.3
59,2025-03-08 01:00:00,9.11,1.73,0.0,0.0,80.68,13.7,14.2,14.8,0.32,100.27
59,2025-03-08 02:00:00,6.91,1.77,0.0,0.0,83.75,12.7,13.03,13.4,0.25,100.25
59,2025-03-08 03:00:00,7.45,1.45,0.0,0.0,86.08,11.5,11.88,12.4,0.2,100.24
59,2025-03-08 04:00:00,4.93,1.51,0.0,0.0,86.48,10.4,10.75,11.1,0.18,100.21
59,2025-03-08 05:00:00,3.46,1.42,0.0,0.0,87.3,9.3,9.7,10.1,0.15,100.15
59,2025-03-08 06:00:00,3.46,1.39,0.0,0.02,89.2,8.6,8.85,9.1,0.13,100.12
59,2025-03-08 07:00:00,5.62,1.78,0.0,0.02,90.48,8.3,8.35,8.4,0.1,100.12
59,2025-03-08 08:00:00,4.68,1.57,8.0,0.02,91.5,7.7,7.88,8.1,0.09,100.14
59,2025-03-08 09:00:00,11.59,2.48,153.5,0.02,91.45,8.0,9.35,10.3,0.1,100.14
59,2025-03-08 10:00:00,13.0,3.14,320.1,0.0,84.3,11.0,11.8,12.4,0.22,100.15
59,2025-03-08 11:00:00,12.64,3.79,498.5,0.0,75.28,13.0,13.45,14.0,0.38,100.18
59,2025-03-08 12:00:00,15.84,3.71,644.9,0.0,67.73,14.7,15.33,16.0,0.56,100.16
59,2025-03-08 13:00:00,12.2,4.22,747.1,0.0,61.33,16.3,17.35,18.3,0.77,100.09
59,2025-03-08 14:00:00,15.66,3.8,792.6,0.0,53.33,18.8,19.8,20.6,1.08,100.02
59,2025-03-08 15:00:00,14.47,3.78,793.3,0.0,49.4,21.0,21.63,22.3,1.31,99.96
59,2025-03-08 16:00:00,11.99,3.84,762.5,0.0,46.48,22.9,23.1,23.4,1.51,99.89
59,2025-03-08 17:00:00,12.46,3.34,674.7,0.0,43.15,23.9,24.23,24.5,1.72,99.83
59,2025-03-08 18:00:00,18.43,3.32,539.3,0.0,42.05,24.3,24.68,25.0,1.8,99.77
59,2025-03-08 19:00:00,9.22,2.47,370.7,0.0,42.35,24.7,24.8,24.9,1.8,99.75
59,2025-03-08 20:00:00,8.68,1.21,185.3,0.0,45.1,22.2,23.48,24.6,1.59,99.76
59,2025-03-08 21:00:00,1.98,0.95,7.7,0.0,52.88,17.7,19.13,20.8,1.05,99.81
59,2025-03-08 22:00:00,2.99,0.96,0.0,0.0,60.15,15.5,16.2,17.0,0.74,99.85
59,2025-03-08 23:00:00,3.28,1.15,0.0,0.0,66.2,14.4,14.7,15.1,0.57,99.87
59,2025-03-09 00:00:00,5.8,1.43,0.0,0.0,68.38,14.2,14.25,14.4,0.51,99.86
59,2025-03-09 01:00:00,7.88,1.36,0.0,0.0,70.0,13.3,13.6,13.8,0.47,99.83
59,2025-03-09 02:00:00,7.02,1.67,0.0,0.0,70.53,13.1,13.18,13.2,0.45,99.8
59,2025-03-09 03:00:00,12.56,1.78,0.0,0.0,71.8,12.3,12.68,13.0,0.42,99.76
59,2025-03-09 04:00:00,6.73,1.37,0.0,0.0,76.98,11.2,11.63,12.0,0.32,99.72
59,2025-03-09 05:00:00,7.56,1.35,0.0,0.0,81.68,10.4,10.75,11.0,0.24,99.67
59,2025-03-09 06:00:00,3.06,1.04,0.0,0.0,85.4,9.7,9.9,10.2,0.18,99.62
59,2025-03-09 07:00:00,6.52,1.21,0.0,0.0,88.05,9.0,9.3,9.5,0.14,99.6
59,2025-03-09 08:00:00,3.46,1.11,8.1,0.0,89.55,8.6,8.7,8.8,0.12,99.62
59,2025-03-09 09:00:00,6.44,1.52,145.7,0.0,90.33,8.9,10.33,11.5,0.12,99.63
59,2025-03-09 10:00:00,9.72,2.8,317.0,0.0,80.55,12.3,13.18,13.9,0.3,99.65
59,2025-03-09 11:00:00,12.89,3.76,493.6,0.0,71.58,14.1,14.93,15.9,0.49,99.63
59,2025-03-09 12:00:00,12.1,3.14,640.3,0.0,64.93,16.5,17.15,17.9,0.69,99.6
59,2025-03-09 13:00:00,14.51,4.34,741.7,0.0,57.43,18.0,18.95,19.8,0.94,99.58
59,2025-03-09 14:00:00,10.73,3.53,785.0,0.0,52.08,20.2,21.23,22.2,1.21,99.55
59,2025-03-09 15:00:00,10.62,3.29,787.0,0.0,49.78,22.4,23.0,23.9,1.41,99.52
59,2025-03-09 16:00:00,10.91,3.56,755.2,0.0,45.75,24.2,24.93,25.5,1.71,99.46
59,2025-03-09 17:00:00,10.12,2.77,667.7,0.0,42.25,25.8,26.33,26.7,1.98,99.41
59,2025-03-09 18:00:00,10.48,2.65,531.7,0.0,40.93,27.1,27.33,27.6,2.15,99.38
59,2025-03-09 19:00:00,5.98,1.68,362.0,0.0,41.55,27.2,27.35,27.5,2.13,99.37
59,2025-03-09 20:00:00,3.13,1.11,178.2,0.0,48.35,23.9,25.83,27.2,1.74,99.37
59,2025-03-09 21:00:00,3.71,2.58,6.7,0.0,63.6,19.0,20.4,22.0,0.88,99.41
59,2025-03-09 22:00:00,3.64,2.32,0.0,0.0,74.28,17.0,17.5,18.4,0.52,99.47
59,2025-03-09 23:00:00,5.08,2.26,0.0,0.0,81.08,15.5,15.85,16.6,0.34,99.51
59,2025-03-10 00:00:00,4.64,2.29,0.0,0.0,83.78,14.5,14.78,15.3,0.27,99.53
59,2025-03-10 01:00:00,6.12,2.09,0.0,0.0,74.7,14.4,14.85,15.1,0.43,99.54
59,2025-03-10 02:00:00,4.07,1.61,0.0,0.0,66.23,14.3,14.65,15.0,0.56,99.56
59,2025-03-10 03:00:00,2.3,0.82,0.0,0.0,66.2,13.5,13.85,14.2,0.53,99.55
59,2025-03-10 04:00:00,2.52,0.81,0.0,0.0,69.68,12.8,13.13,13.5,0.46,99.55
59,2025-03-10 05:00:00,3.53,1.24,0.0,0.0,73.75,12.2,12.38,12.5,0.38,99.54
59,2025-03-10 06:00:00,3.49,1.8,0.0,0.0,77.98,11.6,11.9,12.2,0.31,99.55
59,2025-03-10 07:00:00,3.67,2.56,0.0,0.0,84.8,10.2,10.68,11.1,0.2,99.6
59,2025-03-10 08:00:00,3.82,2.79,7.4,0.0,88.28,9.6,9.8,10.1,0.14,99.65
59,2025-03-10 09:00:00,4.18,1.99,133.7,0.0,88.3,9.7,11.13,12.6,0.16,99.72
59,2025-03-10 10:00:00,7.6,2.04,302.2,0.0,73.15,14.1,15.53,16.5,0.48,99.76
59,2025-03-10 11:00:00,11.12,2.84,475.5,0.0,62.33,17.0,17.6,18.3,0.76,99.79
59,2025-03-10 12:00:00,9.14,1.54,515.3,0.0,57.2,18.9,20.2,21.0,1.02,99.84
59,2025-03-10 13:00:00,5.18,0.97,69.8,0.0,54.4,21.4,21.85,22.3,1.2,99.86
59,2025-03-10 14:00:00,9.79,1.62,357.0,0.0,54.15,22.6,22.75,22.9,1.27,99.82
59,2025-03-14 11:00:00,11.88,4.18,647.7,0.0,66.53,18.7,19.1,19.6,0.74,99.47
59,2025-03-14 12:00:00,16.31,4.58,658.5,0.0,63.85,19.6,20.03,20.5,0.85,99.47
59,2025-03-14 13:00:00,16.31,4.72,738.1,0.0,58.18,20.2,20.8,21.5,1.03,99.46
59,2025-03-14 14:00:00,13.28,4.92,723.9,0.0,53.35,22.4,22.9,23.6,1.31,99.45
59,2025-03-14 15:00:00,14.18,5.49,729.9,0.0,52.78,23.0,23.6,24.2,1.38,99.44
59,2025-03-14 16:00:00,17.46,5.63,659.2,0.0,52.78,23.8,24.05,24.2,1.41,99.42
59,2025-03-14 17:00:00,14.94,6.05,565.5,0.0,52.85,24.1,24.18,24.2,1.42,99.42
59,2025-03-14 18:00:00,15.16,6.13,453.9,0.0,52.55,23.6,24.05,24.3,1.42,99.43
59,2025-03-14 19:00:00,13.57,5.06,293.1,0.0,54.23,21.1,23.23,24.2,1.31,99.45
59,2025-03-14 20:00:00,13.1,5.31,127.6,0.0,60.58,17.2,20.88,23.1,1.0,99.55
59,2025-03-14 21:00:00,11.02,2.04,3.9,0.0,70.18,14.8,17.63,19.2,0.61,99.63
59,2025-03-14 22:00:00,3.31,1.49,0.0,0.0,79.05,14.3,15.28,16.3,0.37,99.69
59,2025-03-14 23:00:00,3.17,2.04,0.0,0.0,83.75,13.6,14.15,14.7,0.26,99.7
59,2025-03-15 00:00:00,3.17,2.04,0.0,0.0,87.08,12.8,13.18,13.8,0.2,99.71
59,2025-03-15 01:00:00,3.17,2.0,0.0,0.0,89.33,12.4,12.68,12.9,0.16,99.71
59,2025-03-15 02:00:00,3.28,1.66,0.0,0.0,90.53,12.1,12.4,12.8,0.14,99.72
59,2025-03-15 03:00:00,3.28,2.21,0.0,0.0,91.73,12.1,12.53,13.6,0.12,99.71
59,2025-03-15 04:00:00,4.1,1.67,0.0,0.0,91.55,12.8,13.48,14.1,0.13,99.69
59,2025-03-15 05:00:00,3.64,1.55,0.0,0.0,90.03,13.8,14.0,14.3,0.16,99.67
59,2025-03-15 06:00:00,3.89,0.83,0.0,0.0,89.23,14.1,14.3,14.6,0.18,99.69
59,2025-03-15 07:00:00,3.89,1.13,0.0,0.0,89.05,14.4,14.53,14.6,0.18,99.71
59,2025-03-15 08:00:00,3.56,1.5,23.3,0.0,88.25,14.6,14.63,14.7,0.2,99.74
59,2025-03-15 09:00:00,3.56,1.65,57.5,0.0,86.88,14.6,14.8,15.0,0.22,99.79
59,2025-03-15 10:00:00,5.62,1.74,109.0,0.0,85.45,14.8,15.05,15.4,0.25,99.83
59,2025-03-15 11:00:00,5.83,2.17,179.2,0.0,83.85,15.4,15.63,15.9,0.29,99.88
59,2025-03-15 12:00:00,7.09,2.2,209.8,0.0,81.8,15.9,16.33,17.2,0.34,99.9
59,2025-03-15 13:00:00,8.93,2.5,240.0,0.0,79.03,16.6,17.25,17.8,0.42,99.9
59,2025-03-15 14:00:00,8.93,3.05,404.4,0.0,75.15,17.4,18.08,18.5,0.52,99.89
59,2025-03-15 15:00:00,11.63,2.9,404.4,0.0,69.63,17.9,18.5,19.4,0.65,99.88
59,2025-03-15 16:00:00,9.83,3.21,516.9,0.0,65.13,19.0,19.88,20.7,0.81,99.83
59,2025-03-15 17:00:00,8.71,3.03,516.9,0.0,59.48,20.3,20.85,21.3,1.0,99.78
59,2025-03-15 18:00:00,8.86,2.57,467.6,0.0,57.45,21.8,21.93,22.1,1.12,99.78
59,2025-03-15 19:00:00,8.1,2.19,329.3,0.0,60.7,19.4,21.45,22.3,1.01,99.79
59,2025-03-15 20:00:00,5.04,2.0,124.7,0.0,68.65,16.6,18.78,21.8,0.71,99.8
59,2025-03-15 21:00:00,2.99,2.16,2.7,0.0,76.13,15.0,16.65,18.2,0.46,99.83
59,2025-03-15 22:00:00,2.92,1.67,0.0,0.0,84.03,13.5,14.2,15.2,0.26,99.87
59,2025-03-15 23:00:00,3.64,1.56,0.0,0.0,86.58,13.5,13.78,14.4,0.21,99.9
59,2025-03-16 00:00:00,2.77,1.38,0.0,0.0,89.43,12.4,12.88,13.6,0.16,99.91
59,2025-03-16 01:00:00,2.02,0.89,0.0,0.0,91.13,11.9,12.3,12.8,0.13,99.91
59,2025-03-16 02:00:00,2.59,0.9,0.0,0.0,92.2,10.8,11.5,11.9,0.11,99.9
59,2025-03-16 03:00:00,3.13,1.12,0.0,0.0,93.33,10.3,10.9,11.5,0.09,99.89
59,2025-03-16 04:00:00,2.99,1.47,0.0,0.0,93.95,9.4,10.08,10.8,0.08,99.88
59,2025-03-16 05:00:00,3.6,1.59,0.0,0.02,94.68,9.1,9.55,10.1,0.07,99.87
59,2025-03-16 06:00:00,4.14,2.16,0.0,0.08,94.38,9.0,9.48,10.1,0.07,99.87
59,2025-03-16 07:00:00,4.21,1.8,0.0,0.04,94.65,10.1,10.45,10.7,0.07,99.91
59,2025-03-16 08:00:00,5.54,2.06,32.8,0.02,96.1,10.9,11.03,11.3,0.05,99.96
59,2025-03-16 09:00:00,9.0,2.22,61.3,0.02,97.83,11.5,11.6,11.8,0.03,100.01
59,2025-03-16 10:00:00,7.92,2.81,172.1,0.0,99.38,11.6,12.23,13.0,0.01,100.04
59,2025-03-16 11:00:00,10.44,2.59,215.9,0.0,97.65,12.2,12.85,13.6,0.04,100.06
59,2025-03-16 12:00:00,11.2,3.5,633.7,0.0,80.78,14.9,17.7,20.4,0.41,100.05
59,2025-03-16 13:00:00,13.39,3.9,732.4,0.0,65.58,19.0,20.53,21.9,0.84,100.02
59,2025-03-16 14:00:00,11.05,3.75,765.9,0.0,57.4,20.8,22.25,24.1,1.15,99.97
59,2025-03-16 15:00:00,12.38,3.75,766.3,0.0,52.68,22.9,24.2,25.5,1.44,99.89
59,2025-03-16 16:00:00,14.76,3.98,730.1,0.0,49.43,25.0,25.3,25.6,1.63,99.86
59,2025-03-16 17:00:00,10.84,3.27,606.3,0.0,45.85,26.4,26.48,26.7,1.87,99.81
59,2025-03-16 18:00:00,17.1,2.96,494.1,0.0,44.5,26.3,26.35,26.4,1.91,99.8
59,2025-03-16 19:00:00,7.49,1.58,315.9,0.0,46.8,25.6,25.98,26.3,1.79,99.81
59,2025-03-16 20:00:00,4.5,0.94,129.8,0.0,54.85,21.0,23.4,25.6,1.31,99.82
59,2025-03-16 21:00:00,3.31,1.77,2.3,0.0,61.65,17.1,18.3,19.8,0.81,99.85
59,2025-03-16 22:00:00,3.67,2.08,0.0,0.0,71.85,15.7,16.43,17.1,0.53,99.88
59,2025-03-16 23:00:00,3.85,1.75,0.0,0.0,71.63,15.2,15.7,16.1,0.51,99.9
59,2025-03-17 00:00:00,3.2,1.38,0.0,0.0,73.58,14.0,14.58,15.6,0.44,99.9
59,2025-03-17 01:00:00,3.2,1.6,0.0,0.0,80.2,12.9,13.6,14.0,0.31,99.91
59,2025-03-17 02:00:00,2.81,1.13,0.0,0.0,81.23,12.7,12.83,13.0,0.28,99.91
59,2025-03-17 03:00:00,4.36,1.47,0.0,0.0,86.43,10.9,11.48,12.7,0.19,99.88
59,2025-03-17 04:00:00,4.36,1.73,0.0,0.0,88.55,10.9,11.13,11.3,0.15,99.88
59,2025-03-17 05:00:00,5.0,1.32,0.0,0.0,89.4,9.9,10.43,10.8,0.14,99.88
59,2025-03-17 06:00:00,6.66,1.4,0.0,0.0,90.68,8.9,10.08,10.9,0.12,99.89
59,2025-03-17 07:00:00,3.02,1.37,0.0,0.0,91.98,8.8,9.05,9.5,0.09,99.91
59,2025-03-17 08:00:00,3.82,1.48,5.8,0.0,91.5,8.6,9.1,10.2,0.1,99.96
59,2025-03-17 09:00:00,9.14,1.89,280.0,0.02,89.03,8.6,9.78,11.1,0.14,100.0
59,2025-03-17 10:00:00,13.39,2.94,453.2,0.02,83.4,11.9,12.9,13.8,0.25,100.02
59,2025-03-17 11:00:00,15.16,3.39,570.5,0.0,69.55,15.5,16.6,17.6,0.58,100.02
59,2025-03-17 12:00:00,15.16,3.41,711.9,0.0,61.65,16.8,18.25,20.0,0.82,99.99
59,2025-03-17 13:00:00,11.95,3.82,729.5,0.0,57.1,19.2,20.23,21.2,1.02,99.94
59,2025-03-17 14:00:00,15.08,4.25,756.1,0.0,49.8,21.2,22.23,23.2,1.35,99.86
59,2025-03-17 15:00:00,12.31,3.99,767.8,0.0,46.08,24.0,24.75,25.2,1.69,99.86
59,2025-03-17 16:00:00,11.52,3.1,730.4,0.0,40.58,25.8,26.4,27.0,2.05,99.79
59,2025-03-17 17:00:00,10.19,3.22,601.6,0.0,36.95,27.5,27.9,28.4,2.37,99.76
59,2025-03-17 18:00:00,10.12,2.53,489.1,0.0,35.65,28.0,28.1,28.4,2.45,99.75
59,2025-03-17 19:00:00,10.3,1.9,307.8,0.0,38.6,27.9,27.95,28.0,2.31,99.75
59,2025-03-17 20:00:00,2.99,1.16,123.8,0.0,47.53,20.9,25.0,27.5,1.71,99.76
59,2025-03-17 21:00:00,2.27,1.01,0.0,0.0,59.25,18.1,19.53,20.9,0.93,99.79
59,2025-03-17 22:00:00,2.2,0.82,0.0,0.0,63.68,17.1,18.75,19.7,0.8,99.81
59,2025-03-17 23:00:00,2.56,1.01,0.0,0.0,69.55,16.6,17.2,17.8,0.6,99.81
59,2025-03-18 00:00:00,3.1,0.81,0.0,0.0,71.73,16.1,16.4,16.6,0.53,99.8
59,2025-03-18 01:00:00,4.72,1.16,0.0,0.0,74.78,15.1,15.85,16.6,0.45,99.81
59,2025-03-18 02:00:00,4.57,0.99,0.0,0.0,77.95,14.5,14.93,15.6,0.37,99.8
59,2025-03-18 03:00:00,8.17,1.32,0.0,0.0,78.3,14.2,14.43,14.5,0.36,99.77
59,2025-03-18 04:00:00,8.17,1.07,0.0,0.0,82.83,12.1,13.15,14.2,0.26,99.72
59,2025-03-18 05:00:00,5.33,1.26,0.0,0.0,83.85,11.9,12.25,12.6,0.23,99.65
59,2025-03-18 06:00:00,7.42,1.77,0.0,0.0,87.0,11.0,11.33,11.5,0.18,99.64
59,2025-03-18 07:00:00,7.42,1.6,0.8,0.0,89.45,10.2,10.83,11.3,0.14,99.64
59,2025-03-18 08:00:00,7.92,1.16,148.9,0.0,91.38,9.6,10.55,11.8,0.11,99.65
59,2025-03-18 09:00:00,7.56,1.59,163.4,0.02,90.45,9.4,10.73,13.1,0.13,99.66
59,2025-03-18 10:00:00,15.19,2.96,413.6,0.0,85.73,12.6,13.7,16.2,0.23,99.63
59,2025-03-18 11:00:00,15.19,3.16,605.9,0.0,74.83,14.4,16.1,18.8,0.46,99.58
59,2025-03-18 12:00:00,13.0,3.73,728.9,0.0,67.45,16.8,18.88,20.9,0.72,99.52
59,2025-03-18 13:00:00,12.78,3.91,765.4,0.0,59.55,19.2,20.65,22.3,0.99,99.49
59,2025-03-18 14:00:00,12.78,3.5,761.6,0.0,52.73,21.7,23.88,26.2,1.41,99.4
59,2025-03-18 15:00:00,11.3,3.59,760.3,0.0,47.73,24.3,25.33,27.0,1.69,99.33
59,2025-03-18 16:00:00,11.38,3.31,723.8,0.0,45.43,26.4,27.23,28.9,1.98,99.28
59,2025-03-18 17:00:00,13.43,3.37,596.9,0.0,41.78,27.8,28.48,28.9,2.27,99.24
59,2025-03-18 18:00:00,13.43,2.67,401.7,0.0,39.8,28.9,29.1,29.4,2.43,99.24
59,2025-03-18 19:00:00,7.96,1.98,308.5,0.0,41.38,29.1,29.3,29.5,2.39,99.24
59,2025-03-18 20:00:00,3.24,1.6,126.1,0.0,54.63,19.2,23.68,28.6,1.42,99.27
59,2025-03-18 21:00:00,3.56,2.26,1.4,0.0,61.95,18.1,19.85,22.1,0.89,99.3
59,2025-03-18 22:00:00,3.71,2.42,0.0,0.0,70.95,15.8,17.13,19.0,0.57,99.34
59,2025-03-18 23:00:00,5.18,2.21,0.0,0.0,82.5,15.0,15.45,15.8,0.31,99.36
59,2025-03-19 00:00:00,4.64,2.04,0.0,0.0,82.5,13.8,14.4,15.0,0.29,99.36
59,2025-03-19 01:00:00,4.28,2.0,0.0,0.0,86.85,12.5,13.05,13.5,0.2,99.35
59,2025-03-19 02:00:00,4.28,2.91,0.0,0.0,88.13,12.1,12.7,13.2,0.18,99.34
59,2025-03-19 03:00:00,4.64,2.76,0.0,0.0,89.35,11.4,11.88,12.3,0.15,99.3
59,2025-03-19 04:00:00,3.71,2.75,0.0,0.0,90.25,11.4,11.43,11.5,0.13,99.27
59,2025-03-19 05:00:00,3.2,2.55,0.0,0.0,91.0,10.6,10.75,10.9,0.12,99.24
59,2025-03-19 06:00:00,2.81,2.31,0.0,0.02,90.88,9.3,10.1,10.6,0.12,99.24
59,2025-03-19 07:00:00,2.88,1.43,0.7,0.0,91.93,9.3,9.75,10.2,0.1,99.29
59,2025-03-19 08:00:00,3.06,1.92,57.5,0.0,91.53,9.4,9.65,9.8,0.1,99.36
59,2025-03-19 09:00:00,6.16,1.9,233.3,0.02,94.68,9.4,11.43,15.9,0.07,99.39
59,2025-03-19 10:00:00,6.41,2.55,442.5,0.0,85.25,13.3,15.33,17.7,0.27,99.45
59,2025-03-19 11:00:00,8.64,2.64,594.4,0.0,74.45,16.4,17.98,20.3,0.53,99.51
59,2025-03-19 12:00:00,11.16,3.59,698.3,0.0,61.33,18.8,20.25,22.0,0.92,99.52
59,2025-03-19 13:00:00,10.87,3.91,743.7,0.0,55.08,21.0,22.25,24.1,1.22,99.53
59,2025-03-19 14:00:00,10.87,3.77,746.5,0.0,50.85,22.8,23.83,24.6,1.45,99.53
59,2025-03-19 15:00:00,10.91,2.99,736.8,0.0,49.03,25.4,26.03,26.8,1.72,99.51
59,2025-03-19 16:00:00,10.91,2.74,705.3,0.0,44.73,26.8,27.35,27.9,2.01,99.49
59,2025-03-19 17:00:00,10.19,2.48,615.3,0.0,43.7,27.7,27.88,28.0,2.11,99.46
59,2025-03-19 18:00:00,8.35,2.16,473.3,0.0,41.68,28.3,28.43,28.6,2.26,99.42
59,2025-03-19 19:00:00,5.08,1.44,298.1,0.0,44.25,23.5,26.95,28.4,2.02,99.44
59,2025-03-19 20:00:00,6.37,0.93,74.2,0.0,52.48,23.5,25.75,27.6,1.59,99.47
59,2025-03-19 21:00:00,5.65,1.69,0.0,0.0,65.28,17.1,18.75,20.9,0.76,99.55
59,2025-03-19 22:00:00,3.74,1.67,0.0,0.0,71.18,15.0,16.98,19.3,0.57,99.59
59,2025-03-19 23:00:00,4.43,2.47,0.0,0.0,80.35,14.7,15.3,15.9,0.34,99.59
59,2025-03-20 00:00:00,4.43,2.64,0.0,0.0,85.63,12.8,13.93,14.5,0.23,99.59
59,2025-03-20 01:00:00,6.66,2.16,0.0,0.0,88.13,12.8,13.1,13.5,0.18,99.56
59,2025-03-20 02:00:00,6.66,2.16,0.0,0.0,87.73,12.8,13.03,13.2,0.18,99.55
59,2025-03-20 03:00:00,5.18,2.11,0.0,0.0,90.35,11.3,12.05,12.8,0.14,99.52
59,2025-03-20 04:00:00,4.1,2.37,0.0,0.02,92.23,10.6,10.85,11.3,0.1,99.47
59,2025-03-20 05:00:00,4.28,2.25,0.0,0.02,93.1,9.8,10.33,10.8,0.09,99.45
59,2025-03-20 06:00:00,4.14,2.35,0.0,0.04,93.73,8.9,9.75,10.2,0.08,99.46
59,2025-03-20 07:00:00,3.89,2.18,0.3,0.02,94.78,8.8,9.05,9.3,0.06,99.48
59,2025-03-20 08:00:00,3.74,2.18,14.5,0.04,94.33,8.5,8.68,8.8,0.07,99.5
59,2025-03-20 09:00:00,4.72,1.71,181.3,0.02,95.88,8.8,12.5,14.9,0.06,99.56
59,2025-03-20 10:00:00,5.98,2.25,461.0,0.02,91.98,12.3,15.0,17.4,0.15,99.61
59,2025-03-20 11:00:00,12.17,3.77,461.0,0.0,82.18,15.5,17.03,18.2,0.35,99.63
59,2025-03-20 12:00:00,14.11,3.67,642.6,0.0,72.78,18.2,19.38,21.2,0.62,99.63
59,2025-03-20 13:00:00,15.01,4.12,744.5,0.0,64.7,19.4,20.25,21.2,0.84,99.61
59,2025-03-20 14:00:00,15.01,4.45,744.5,0.0,54.88,21.9,22.68,23.2,1.25,99.58
59,2025-03-20 15:00:00,21.02,4.25,737.0,0.0,51.15,23.7,24.83,25.8,1.53,99.52
59,2025-03-20 16:00:00,14.18,4.86,704.5,0.0,49.5,25.1,25.38,25.8,1.64,99.47
59,2025-03-20 17:00:00,12.42,3.1,541.9,0.0,48.18,26.1,26.28,26.7,1.77,99.43
59,2025-03-20 18:00:00,9.83,2.27,461.9,0.0,48.0,26.6,26.78,27.0,1.83,99.45
59,2025-03-20 19:00:00,7.96,1.88,289.3,0.0,49.15,21.7,25.38,26.8,1.68,99.47
59,2025-03-20 20:00:00,3.49,1.47,109.6,0.0,62.3,19.7,21.35,23.4,0.97,99.49
59,2025-03-20 21:00:00,4.46,2.0,0.6,0.0,66.63,17.6,18.88,20.6,0.73,99.52
59,2025-03-20 22:00:00,4.46,2.61,0.0,0.0,75.15,16.3,16.9,17.6,0.48,99.59
59,2025-03-20 23:00:00,4.46,2.75,0.0,0.0,79.3,15.2,15.65,16.3,0.37,99.6
59,2025-03-21 00:00:00,4.79,2.78,0.0,0.0,80.43,15.1,15.28,15.5,0.34,99.59
59,2025-03-21 01:00:00,4.03,2.21,0.0,0.0,82.23,13.6,14.45,15.2,0.3,99.58
59,2025-03-21 02:00:00,2.92,1.93,0.0,0.0,87.7,12.4,12.93,13.4,0.18,99.57
59,2025-03-21 03:00:00,3.49,2.5,0.0,0.0,90.15,12.3,12.4,12.5,0.14,99.57
59,2025-03-21 04:00:00,3.85,2.32,0.0,0.0,90.13,12.2,12.43,12.8,0.14,99.56
59,2025-03-21 05:00:00,2.52,1.35,0.0,0.0,90.98,12.4,12.6,12.8,0.13,99.56
59,2025-03-21 06:00:00,2.77,1.69,0.0,0.0,94.35,11.2,11.75,12.2,0.08,99.58
59,2025-03-21 07:00:00,2.74,1.45,0.0,0.0,94.5,11.4,11.9,12.5,0.08,99.62
59,2025-03-21 08:00:00,3.24,1.74,1.3,0.0,92.95,11.4,12.83,14.2,0.11,99.68
59,2025-03-21 09:00:00,7.45,2.15,57.1,0.0,94.25,13.6,14.33,14.9,0.1,99.7
59,2025-03-21 10:00:00,7.09,2.49,90.3,0.0,94.8,14.9,15.1,15.2,0.09,99.76
59,2025-03-21 11:00:00,11.12,2.94,107.4,0.0,92.7,15.1,15.53,16.0,0.13,99.77
59,2025-03-21 12:00:00,11.12,2.66,213.8,0.0,90.0,16.0,16.75,17.8,0.19,99.76
59,2025-03-21 13:00:00,8.89,3.51,704.7,0.0,78.98,16.7,17.65,18.8,0.43,99.69
59,2025-03-21 14:00:00,12.35,3.64,725.6,0.0,68.9,19.6,21.85,24.8,0.83,99.63
59,2025-03-21 15:00:00,12.35,3.46,725.5,0.0,57.98,23.3,24.43,25.4,1.3,99.52
59,2025-03-21 16:00:00,12.02,2.98,672.9,0.0,51.38,25.6,26.0,26.4,1.64,99.5
59,2025-03-21 17:00:00,10.08,2.68,596.9,0.0,50.38,27.0,27.4,27.8,1.81,99.45
59,2025-03-21 18:00:00,7.52,2.38,449.9,0.0,46.53,27.8,27.9,28.0,2.01,99.45
59,2025-03-21 19:00:00,6.95,1.21,189.5,0.0,49.23,23.1,26.53,27.8,1.79,99.45
59,2025-03-21 20:00:00,3.17,1.57,93.9,0.0,58.15,20.6,23.68,26.6,1.26,99.47
59,2025-03-21 21:00:00,3.06,2.27,1.1,0.0,64.48,18.9,19.78,20.6,0.82,99.49
59,2025-03-21 22:00:00,4.57,1.97,0.0,0.0,76.38,17.3,17.78,18.5,0.48,99.52
59,2025-03-21 23:00:00,3.2,1.42,0.0,0.0,77.35,16.8,17.13,17.3,0.44,99.54
59,2025-03-22 00:00:00,2.77,0.94,0.0,0.0,77.18,16.6,16.9,17.1,0.44,99.55
59,2025-03-22 01:00:00,3.56,1.03,0.0,0.0,77.58,16.6,16.73,16.9,0.43,99.55
59,2025-03-22 02:00:00,6.59,1.26,0.0,0.0,76.8,15.9,16.53,16.8,0.44,99.55
59,2025-03-22 03:00:00,6.66,1.0,0.0,0.0,78.3,15.0,15.7,16.4,0.39,99.53
59,2025-03-22 04:00:00,3.67,0.97,0.0,0.0,82.75,14.4,14.73,15.0,0.29,99.51
59,2025-03-22 05:00:00,6.55,1.05,0.0,0.0,85.23,13.3,13.95,14.4,0.24,99.5
59,2025-03-22 06:00:00,6.55,1.47,0.0,0.0,87.1,13.3,13.4,13.6,0.2,99.52
59,2025-03-22 07:00:00,5.36,1.25,0.0,0.0,89.58,12.1,12.58,13.0,0.15,99.55
59,2025-03-22 08:00:00,7.34,1.49,130.3,0.0,89.08,11.3,12.0,12.8,0.16,99.57
59,2025-03-22 09:00:00,12.89,2.3,246.7,0.0,85.28,11.8,13.0,14.0,0.23,99.61
59,2025-03-22 10:00:00,11.66,3.25,288.2,0.0,79.25,14.8,15.45,16.2,0.37,99.63
59,2025-03-22 11:00:00,15.12,3.39,596.2,0.0,72.8,16.7,17.43,18.1,0.54,99.61
59,2025-03-22 12:00:00,18.32,3.89,623.5,0.0,67.4,17.6,18.65,20.4,0.71,99.59
59,2025-03-22 13:00:00,18.32,4.04,712.3,0.0,61.48,19.2,20.4,21.8,0.93,99.56
59,2025-03-22 14:00:00,13.57,3.89,719.7,0.0,55.23,21.0,22.43,23.8,1.22,99.5
59,2025-03-22 15:00:00,11.52,3.68,716.2,0.0,51.38,23.8,24.43,25.3,1.49,99.42
59,2025-03-22 16:00:00,11.77,3.85,682.0,0.0,50.5,24.4,25.05,25.8,1.57,99.39
59,2025-03-22 17:00:00,11.02,3.55,559.1,0.0,47.13,25.5,25.8,26.0,1.76,99.33
59,2025-03-22 18:00:00,10.12,2.55,366.5,0.0,46.0,25.7,25.9,26.0,1.81,99.3
59,2025-03-22 19:00:00,7.74,1.4,275.1,0.0,47.78,22.0,24.9,26.0,1.66,99.32
59,2025-03-22 20:00:00,4.75,0.87,64.0,0.0,54.03,17.7,22.83,25.0,1.32,99.33
59,2025-03-22 21:00:00,4.32,1.26,0.4,0.0,60.85,16.4,18.45,20.4,0.84,99.39
59,2025-03-22 22:00:00,5.58,1.77,0.0,0.0,65.08,16.4,16.8,17.4,0.67,99.42
59,2025-03-22 23:00:00,8.5,1.23,0.0,0.0,63.7,14.4,15.93,16.6,0.66,99.44
59,2025-03-23 00:00:00,3.78,1.04,0.0,0.0,69.03,12.9,14.88,16.2,0.53,99.45
59,2025-03-23 01:00:00,3.28,1.14,0.0,0.0,75.53,12.5,13.2,14.0,0.38,99.43
59,2025-03-23 02:00:00,11.27,1.34,0.0,0.0,79.9,11.4,12.03,12.7,0.29,99.41
59,2025-03-23 03:00:00,11.52,2.32,0.0,0.0,80.0,11.4,12.13,12.7,0.29,99.41
59,2025-03-23 04:00:00,7.49,2.06,0.0,0.0,79.45,10.8,11.6,12.3,0.28,99.37
59,2025-03-23 05:00:00,5.04,1.09,0.0,0.0,84.45,8.7,9.53,10.8,0.19,99.35
59,2025-03-23 06:00:00,3.85,1.84,0.0,0.0,87.83,8.0,8.93,9.7,0.14,99.32
59,2025-03-23 07:00:00,3.85,2.2,3.3,0.0,91.08,7.6,7.88,8.2,0.09,99.29
59,2025-03-23 08:00:00,4.0,2.06,13.2,0.0,92.98,6.8,7.53,8.6,0.07,99.33
59,2025-03-23 09:00:00,5.36,2.15,229.5,0.0,93.65,6.8,8.35,10.5,0.07,99.36
59,2025-03-23 10:00:00,8.75,2.55,440.9,0.0,91.85,11.3,12.9,14.6,0.13,99.4
59,2025-03-23 11:00:00,10.76,3.22,511.9,0.0,74.05,13.8,15.28,16.9,0.46,99.39
59,2025-03-23 12:00:00,14.83,3.83,650.3,0.0,67.5,14.6,16.33,17.6,0.61,99.39
59,2025-03-23 13:00:00,15.23,3.91,721.8,0.0,56.83,17.4,18.7,20.8,0.94,99.33
59,2025-03-23 14:00:00,15.66,4.57,721.8,0.0,50.0,19.7,20.95,23.0,1.25,99.25
59,2025-03-23 15:00:00,15.66,5.05,725.1,0.0,42.78,21.8,22.43,23.0,1.55,99.19
59,2025-03-23 16:00:00,16.02,4.28,639.1,0.0,42.03,23.1,23.23,23.4,1.65,99.16
59,2025-03-23 17:00:00,10.3,3.07,544.8,0.0,41.6,23.2,23.48,23.7,1.69,99.11
59,2025-03-23 18:00:00,9.47,2.22,338.8,0.0,41.03,23.2,23.5,23.7,1.71,99.09
59,2025-03-23 19:00:00,11.63,2.02,242.7,0.0,44.35,19.2,22.25,23.4,1.5,99.13
59,2025-03-23 20:00:00,3.71,1.53,84.6,0.0,52.63,16.2,19.95,22.2,1.12,99.18
59,2025-03-23 21:00:00,9.9,2.11,0.2,0.0,58.63,15.2,17.05,19.1,0.81,99.24
59,2025-03-23 22:00:00,8.42,2.91,0.0,0.0,64.5,14.6,15.08,15.5,0.61,99.29
59,2025-03-23 23:00:00,11.7,3.68,0.0,0.0,66.73,13.2,14.03,14.6,0.53,99.33
59,2025-03-24 00:00:00,9.32,2.92,0.0,0.0,69.4,13.2,13.73,14.3,0.48,99.33
59,2025-03-24 01:00:00,7.99,2.11,0.0,0.0,76.03,10.7,11.5,12.4,0.33,99.34
59,2025-03-24 02:00:00,7.63,2.52,0.0,0.0,75.9,10.7,11.23,11.7,0.32,99.34
59,2025-03-24 03:00:00,8.28,3.2,0.0,0.0,80.28,10.5,10.55,10.7,0.25,99.33
59,2025-03-24 04:00:00,7.31,2.45,0.0,0.0,82.93,8.1,9.25,10.4,0.2,99.32
59,2025-03-24 05:00:00,5.15,2.7,0.0,0.0,86.83,8.1,8.38,8.7,0.15,99.29
59,2025-03-24 06:00:00,4.93,2.9,0.0,0.0,89.05,6.8,7.58,8.0,0.12,99.27
59,2025-03-24 07:00:00,4.72,2.44,0.1,0.0,90.3,6.6,6.78,7.0,0.1,99.29
59,2025-03-24 08:00:00,4.9,2.17,116.3,0.0,91.18,6.6,7.43,8.7,0.09,99.3
59,2025-03-24 09:00:00,9.18,2.89,153.5,0.0,87.38,6.8,7.6,8.7,0.13,99.38
59,2025-03-24 10:00:00,11.77,3.28,404.1,0.0,76.33,9.9,12.35,15.6,0.35,99.42
59,2025-03-24 11:00:00,10.3,3.87,552.3,0.0,67.38,13.6,15.5,17.8,0.58,99.45
59,2025-03-24 12:00:00,10.62,4.08,707.1,0.0,58.55,17.3,18.58,20.7,0.9,99.42
59,2025-03-24 13:00:00,10.98,3.73,707.1,0.0,51.4,19.2,20.05,20.7,1.14,99.38
59,2025-03-24 14:00:00,11.48,3.23,694.3,0.0,48.25,21.3,21.75,21.9,1.35,99.31
59,2025-03-24 15:00:00,13.32,3.05,668.3,0.0,44.9,21.9,22.68,24.2,1.52,99.29
59,2025-03-24 16:00:00,14.54,3.18,649.9,0.0,41.28,23.4,24.18,24.7,1.78,99.24
59,2025-03-24 17:00:00,14.54,3.45,582.5,0.0,36.95,24.4,24.8,25.4,1.98,99.21
59,2025-03-24 18:00:00,6.48,2.35,434.1,0.0,33.88,24.8,25.13,25.4,2.11,99.18
59,2025-03-24 19:00:00,4.68,1.42,264.1,0.0,37.98,24.7,24.93,25.3,1.95,99.17
59,2025-03-24 20:00:00,3.74,1.59,86.9,0.0,48.48,15.9,19.65,22.9,1.21,99.19
59,2025-03-24 21:00:00,4.14,2.33,0.0,0.0,61.38,14.2,15.68,17.3,0.69,99.2
59,2025-03-24 22:00:00,5.8,2.75,0.0,0.0,71.65,12.3,13.8,15.3,0.45,99.2
59,2025-03-24 23:00:00,4.86,2.9,0.0,0.0,75.68,11.4,12.98,14.5,0.37,99.2
59,2025-03-25 00:00:00,5.08,2.85,0.0,0.0,79.8,10.8,11.38,12.2,0.27,99.2
59,2025-03-25 01:00:00,4.9,2.49,0.0,0.0,83.68,10.7,10.85,11.2,0.21,99.2
59,2025-03-25 02:00:00,5.15,2.97,0.0,0.0,83.43,9.7,10.08,10.5,0.2,99.17
59,2025-03-25 03:00:00,5.98,2.88,0.0,0.0,85.08,9.7,10.3,11.0,0.19,99.18
59,2025-03-25 04:00:00,8.42,2.55,0.0,0.0,85.13,10.4,10.8,11.2,0.2,99.18
59,2025-03-25 05:00:00,9.22,2.8,0.0,0.0,85.43,10.7,11.0,11.2,0.19,99.18
59,2025-03-25 06:00:00,6.95,2.38,0.0,0.0,83.63,10.0,10.3,10.7,0.21,99.22
59,2025-03-25 07:00:00,8.68,2.62,0.0,0.0,87.25,9.9,9.98,10.1,0.16,99.25
59,2025-03-25 08:00:00,8.03,2.31,117.8,0.02,88.9,9.9,9.9,9.9,0.14,99.27
59,2025-03-25 09:00:00,5.8,2.22,294.1,0.02,92.2,9.9,11.2,12.8,0.1,99.3
59,2025-03-25 10:00:00,8.93,3.6,387.9,0.02,89.38,12.1,13.73,15.3,0.17,99.32
59,2025-03-25 11:00:00,11.52,4.14,515.8,0.0,76.45,15.3,16.1,17.1,0.43,99.33
59,2025-03-25 12:00:00,13.28,4.71,627.2,0.0,64.18,17.1,18.35,20.0,0.77,99.33
59,2025-03-25 13:00:00,16.78,5.28,631.9,0.0,58.23,19.2,19.68,20.0,0.96,99.33
59,2025-03-25 14:00:00,16.78,4.73,639.6,0.0,57.38,19.1,20.1,21.6,1.01,99.31
59,2025-03-25 15:00:00,26.86,6.23,816.6,0.0,53.15,21.6,22.18,22.5,1.25,99.29
59,2025-03-25 16:00:00,26.86,8.05,624.0,0.0,54.05,21.4,22.58,23.4,1.26,99.32
59,2025-03-25 17:00:00,22.21,8.62,425.9,0.0,56.45,19.6,20.18,21.4,1.03,99.36
59,2025-03-25 18:00:00,16.45,5.11,125.3,0.0,56.65,19.6,19.83,20.0,1.0,99.37
59,2025-03-25 19:00:00,11.48,2.81,163.5,0.0,56.9,19.3,19.48,19.8,0.98,99.38
59,2025-03-25 20:00:00,6.73,1.95,156.2,0.0,60.85,15.7,18.68,19.8,0.86,99.37
59,2025-03-25 21:00:00,4.68,1.71,0.1,0.0,71.83,14.3,16.38,17.8,0.54,99.4
59,2025-03-25 22:00:00,3.13,1.66,0.0,0.0,79.03,14.0,14.48,15.0,0.35,99.46
59,2025-03-25 23:00:00,3.13,1.59,0.0,0.0,84.23,12.2,13.33,14.0,0.25,99.54
59,2025-03-26 00:00:00,3.96,2.24,0.0,0.0,86.9,11.9,12.43,13.1,0.19,99.55
59,2025-03-26 01:00:00,4.57,2.17,0.0,0.0,89.65,10.6,11.1,11.5,0.14,99.56
59,2025-03-26 02:00:00,4.03,2.33,0.0,0.0,91.23,10.5,10.7,10.9,0.11,99.57
59,2025-03-26 03:00:00,5.94,3.21,0.0,0.0,92.0,10.2,10.78,11.3,0.1,99.59
59,2025-03-26 04:00:00,5.94,2.55,0.0,0.0,91.75,10.3,10.8,11.3,0.11,99.65
59,2025-03-26 05:00:00,5.94,3.0,0.0,0.02,91.93,9.2,10.35,11.1,0.11,99.63
59,2025-03-26 06:00:00,4.93,1.94,0.0,0.04,92.83,8.6,8.88,9.2,0.08,99.65
59,2025-03-26 07:00:00,4.0,2.12,2.3,0.02,92.93,8.3,8.35,8.4,0.08,99.68
59,2025-03-26 08:00:00,3.89,1.72,2.3,0.04,92.38,8.3,8.55,9.0,0.09,99.72
59,2025-03-26 09:00:00,4.57,1.94,151.4,0.02,95.0,8.9,9.28,9.9,0.06,99.8
59,2025-03-26 10:00:00,16.74,4.93,274.9,0.0,82.35,13.1,15.65,17.8,0.33,99.81
59,2025-03-26 11:00:00,13.86,4.98,580.5,0.0,73.88,15.5,16.68,17.8,0.5,99.8
59,2025-03-26 12:00:00,9.04,3.64,580.5,0.0,61.0,18.0,18.9,19.6,0.86,99.77
59,2025-03-26 13:00:00,10.87,3.97,668.2,0.0,53.73,20.3,21.1,22.0,1.16,99.7
59,2025-03-26 14:00:00,21.78,4.58,703.1,0.0,51.68,23.1,23.45,23.8,1.39,99.67
59,2025-03-26 15:00:00,16.52,4.37,704.6,0.0,50.2,23.6,24.08,24.5,1.49,99.61
59,2025-03-26 16:00:00,14.22,3.35,633.6,0.0,41.75,25.2,25.35,25.5,1.89,99.54
59,2025-03-26 17:00:00,14.22,2.99,568.1,0.0,39.3,24.9,25.25,25.5,1.95,99.51
59,2025-03-26 18:00:00,9.68,2.45,404.7,0.0,38.33,24.4,24.8,25.3,1.93,99.47
59,2025-03-26 19:00:00,6.16,1.24,217.6,0.0,44.93,19.8,22.6,24.4,1.54,99.46
59,2025-03-26 20:00:00,3.2,2.24,6.1,0.0,57.7,17.5,18.58,19.8,0.91,99.43
59,2025-03-26 21:00:00,3.89,2.57,0.0,0.0,61.23,15.8,16.6,17.5,0.73,99.43
59,2025-03-26 22:00:00,6.41,2.71,0.0,0.0,72.03,14.1,14.78,15.8,0.47,99.42
59,2025-03-26 23:00:00,4.43,2.4,0.0,0.0,74.25,13.0,13.7,14.1,0.41,99.39
59,2025-03-27 00:00:00,3.74,2.23,0.0,0.0,77.63,13.0,13.8,14.4,0.36,99.38
59,2025-03-27 01:00:00,3.17,2.1,0.0,0.0,82.7,10.9,11.5,12.7,0.24,99.36
59,2025-03-27 02:00:00,4.18,2.21,0.0,0.0,86.1,9.6,10.48,11.2,0.18,99.38
59,2025-03-27 03:00:00,4.39,2.68,0.0,0.0,88.78,9.2,9.8,10.5,0.14,99.38
59,2025-03-27 04:00:00,4.18,2.66,0.0,0.0,90.05,9.1,9.33,9.6,0.12,99.37
59,2025-03-27 05:00:00,6.73,1.69,0.0,0.0,90.1,9.4,9.68,10.0,0.12,99.38
59,2025-03-27 06:00:00,6.73,2.92,0.0,0.0,88.73,9.6,9.88,10.2,0.14,99.4
59,2025-03-27 07:00:00,5.29,2.5,0.0,0.0,87.85,9.6,10.33,10.8,0.16,99.47
59,2025-03-27 08:00:00,7.27,2.37,41.2,0.0,86.4,10.4,11.05,12.2,0.18,99.57
59,2025-03-27 09:00:00,12.17,3.06,119.1,0.0,87.6,11.2,12.15,13.4,0.17,99.6
59,2025-03-27 10:00:00,14.4,4.45,373.0,0.0,82.0,13.4,15.35,16.4,0.32,99.71
59,2025-03-27 11:00:00,14.4,4.94,567.8,0.0,77.78,15.3,16.38,17.9,0.42,99.74
59,2025-03-27 12:00:00,13.18,5.14,643.5,0.0,66.95,16.7,17.63,19.2,0.68,99.76
59,2025-03-27 13:00:00,18.54,5.29,684.8,0.0,58.53,18.2,19.8,21.0,0.97,99.76
59,2025-03-27 14:00:00,18.54,5.62,699.0,0.0,52.2,20.0,20.63,21.0,1.16,99.74
59,2025-03-27 15:00:00,22.25,6.92,717.7,0.0,46.73,21.6,22.3,23.0,1.44,99.72
59,2025-03-27 16:00:00,19.19,6.61,680.9,0.0,44.65,22.8,22.88,23.0,1.55,99.7
59,2025-03-27 17:00:00,17.35,6.58,557.4,0.0,40.25,23.2,23.38,23.6,1.72,99.66
59,2025-03-27 18:00:00,17.35,5.84,370.1,0.0,40.53,22.2,23.08,23.4,1.68,99.66
59,2025-03-27 19:00:00,14.11,4.47,204.3,0.0,41.7,22.0,22.48,23.0,1.59,99.68
59,2025-03-27 20:00:00,11.2,3.31,95.6,0.0,50.78,18.9,20.08,21.5,1.15,99.77
59,2025-03-27 21:00:00,9.9,2.15,0.0,0.0,61.23,14.2,15.93,18.1,0.72,99.81
59,2025-03-27 22:00:00,4.07,2.04,0.0,0.0,72.18,13.1,14.33,15.2,0.46,99.88
59,2025-03-27 23:00:00,5.65,2.29,0.0,0.0,78.0,12.9,13.2,13.4,0.34,99.91
59,2025-03-28 00:00:00,5.65,2.36,0.0,0.0,81.18,11.7,12.35,13.0,0.27,99.91
59,2025-03-28 01:00:00,6.3,2.26,0.0,0.0,86.3,10.6,11.45,12.1,0.19,99.9
59,2025-03-28 02:00:00,4.64,1.93,0.0,0.0,88.95,9.6,10.33,10.7,0.14,99.9
59,2025-03-28 03:00:00,4.64,2.65,0.0,0.0,90.75,8.6,9.4,9.9,0.11,99.89
59,2025-03-28 04:00:00,4.07,2.57,0.0,0.0,91.7,7.7,8.48,9.0,0.09,99.84
59,2025-03-28 05:00:00,3.46,2.11,0.0,0.0,92.2,7.7,7.95,8.4,0.08,99.8
59,2025-03-28 06:00:00,3.89,2.12,0.0,0.0,92.78,7.1,7.38,7.8,0.08,99.79
59,2025-03-28 07:00:00,3.35,2.38,0.0,0.02,93.15,6.6,6.8,7.1,0.07,99.76
59,2025-03-28 08:00:00,3.35,2.5,97.6,0.02,93.6,6.5,6.6,6.7,0.06,99.75
59,2025-03-28 09:00:00,3.13,1.93,226.9,0.02,94.48,6.5,8.1,11.0,0.06,99.76
59,2025-03-28 10:00:00,7.06,2.05,226.9,0.02,95.93,8.9,10.43,11.9,0.05,99.81
59,2025-03-28 11:00:00,12.6,3.31,509.3,0.0,82.33,14.0,15.5,17.3,0.32,99.82
59,2025-03-28 12:00:00,13.07,4.17,537.8,0.0,76.38,15.0,16.83,19.9,0.47,99.79
59,2025-03-28 13:00:00,10.91,3.77,666.9,0.0,61.15,18.2,19.68,21.2,0.9,99.72
59,2025-03-28 14:00:00,11.74,3.46,669.5,0.0,53.63,21.2,21.73,22.2,1.21,99.63
59,2025-03-28 15:00:00,13.39,3.8,669.5,0.0,52.55,22.2,22.3,22.4,1.28,99.57
59,2025-03-28 16:00:00,15.37,4.12,638.1,0.0,47.9,22.8,23.1,23.5,1.47,99.54
59,2025-03-28 17:00:00,12.02,2.76,524.7,0.0,46.88,22.3,22.85,23.4,1.48,99.5
59,2025-03-28 18:00:00,6.98,2.01,436.7,0.0,46.43,22.3,22.98,23.7,1.51,99.49
59,2025-03-28 19:00:00,2.41,1.49,97.6,0.0,54.18,19.0,20.2,21.1,1.09,99.49
59,2025-03-28 20:00:00,3.71,1.77,29.3,0.0,62.45,16.4,18.28,20.0,0.8,99.48
59,2025-03-28 21:00:00,3.71,2.32,0.0,0.0,67.3,16.0,16.75,17.7,0.63,99.48
59,2025-03-28 22:00:00,3.2,2.1,0.0,0.0,74.1,14.8,15.63,16.1,0.46,99.49
59,2025-03-28 23:00:00,4.21,2.04,0.0,0.0,78.83,11.9,12.5,13.6,0.31,99.5
59,2025-03-29 00:00:00,4.1,2.92,0.0,0.0,83.18,10.7,11.93,12.6,0.24,99.48
59,2025-03-29 01:00:00,3.89,3.04,0.0,0.0,87.43,10.0,10.58,11.3,0.16,99.45
59,2025-03-29 02:00:00,4.39,2.78,0.0,0.0,88.7,9.2,9.75,10.1,0.14,99.41
59,2025-03-29 03:00:00,3.46,2.12,0.0,0.0,90.78,8.3,9.15,9.7,0.11,99.38
59,2025-03-29 04:00:00,4.03,2.43,0.0,0.0,92.23,8.3,8.53,8.9,0.09,99.33
59,2025-03-29 05:00:00,4.1,2.45,0.0,0.0,92.13,7.8,7.95,8.1,0.09,99.3
59,2025-03-29 06:00:00,4.43,2.92,0.0,0.02,90.43,7.8,8.18,8.6,0.1,99.33
59,2025-03-29 07:00:00,5.33,2.14,0.9,0.0,89.98,8.6,9.55,10.1,0.12,99.36
59,2025-03-29 08:00:00,5.72,2.16,64.8,0.0,90.5,9.9,10.0,10.1,0.12,99.35
59,2025-03-29 09:00:00,10.04,2.08,115.5,0.0,91.23,9.2,10.9,13.2,0.12,99.34
59,2025-03-29 10:00:00,10.04,3.46,171.1,0.02,85.83,10.8,12.78,14.5,0.21,99.38
59,2025-03-29 11:00:00,11.3,4.23,501.7,0.0,74.08,13.7,15.8,19.8,0.49,99.43
59,2025-03-29 12:00:00,11.3,4.47,504.2,0.0,64.65,18.2,19.33,20.4,0.79,99.47
59,2025-03-29 13:00:00,21.53,6.71,559.4,0.0,50.98,21.3,22.1,23.1,1.31,99.45
59,2025-03-29 14:00:00,20.23,6.72,589.6,0.0,50.0,22.0,22.75,23.2,1.39,99.45
59,2025-03-29 15:00:00,18.18,6.53,550.2,0.0,43.53,23.2,23.33,23.5,1.62,99.41
59,2025-03-29 16:00:00,17.21,7.22,373.7,0.0,43.03,23.1,23.33,23.6,1.64,99.39
59,2025-03-29 17:00:00,21.38,8.49,373.7,0.0,42.78,23.4,23.48,23.6,1.66,99.38
59,2025-03-29 18:00:00,21.38,8.45,235.7,0.0,55.2,21.0,21.65,22.4,1.16,99.41
59,2025-03-29 19:00:00,17.57,5.16,101.3,0.0,57.38,19.7,20.25,21.0,1.01,99.45
59,2025-03-29 20:00:00,15.05,4.28,15.3,0.0,60.93,16.7,17.8,18.8,0.8,99.47
59,2025-03-29 21:00:00,6.34,1.25,0.0,0.0,67.1,15.4,16.33,17.7,0.62,99.5
59,2025-03-29 22:00:00,10.66,1.25,0.0,0.0,73.13,15.3,15.65,16.0,0.48,99.52
59,2025-03-29 23:00:00,10.66,2.75,0.0,0.0,73.2,15.4,15.73,16.0,0.48,99.53
59,2025-03-30 00:00:00,10.87,3.31,0.0,0.0,75.33,15.7,15.93,16.1,0.45,99.55
59,2025-03-30 01:00:00,9.83,2.94,0.0,0.0,77.33,15.0,15.43,15.7,0.4,99.54
59,2025-03-30 02:00:00,7.16,2.49,0.0,1.87,81.3,14.0,14.53,14.8,0.31,99.51
59,2025-03-30 03:00:00,7.16,2.26,0.0,5.0,90.53,13.5,13.7,14.0,0.15,99.5
59,2025-03-30 04:00:00,10.69,3.06,0.0,3.55,94.23,13.4,13.45,13.5,0.09,99.49
59,2025-03-30 05:00:00,10.69,2.53,0.0,2.35,94.68,13.4,13.43,13.5,0.08,99.52
59,2025-03-30 06:00:00,7.02,1.93,0.0,2.93,94.88,13.3,13.4,13.5,0.08,99.58
59,2025-03-30 07:00:00,5.62,1.53,0.0,1.25,95.33,12.8,13.18,13.3,0.07,99.66
59,2025-03-30 08:00:00,7.88,1.81,15.0,0.39,95.5,12.2,12.73,13.0,0.07,99.81
59,2025-03-30 09:00:00,4.07,1.34,168.3,0.0,95.68,12.2,12.6,13.3,0.06,99.97
59,2025-03-30 10:00:00,10.58,2.3,405.6,0.0,91.35,12.5,13.43,14.3,0.14,100.04
59,2025-03-30 11:00:00,14.4,3.2,546.1,0.0,84.53,13.7,14.03,14.3,0.25,100.21
59,2025-03-30 12:00:00,14.4,4.34,728.9,0.0,67.33,15.2,16.28,17.0,0.61,100.31
59,2025-03-30 13:00:00,17.6,3.85,601.4,0.0,62.38,16.3,16.55,17.0,0.71,100.37
59,2025-03-30 14:00:00,18.18,3.97,712.2,0.0,58.08,16.5,16.8,17.0,0.8,100.39
59,2025-03-30 15:00:00,14.15,4.03,699.9,0.0,54.43,17.1,17.7,18.4,0.93,100.38
59,2025-03-30 16:00:00,16.49,4.11,623.3,0.0,51.9,18.4,18.68,18.8,1.04,100.38
59,2025-03-30 17:00:00,12.02,3.46,534.2,0.0,50.08,18.8,18.85,18.9,1.09,100.39
59,2025-03-30 18:00:00,12.02,3.25,422.7,0.0,49.18,18.5,18.65,18.9,1.09,100.4
59,2025-03-30 19:00:00,8.71,2.32,209.4,0.0,52.08,14.3,17.2,18.7,0.95,100.43
59,2025-03-30 20:00:00,6.23,1.3,78.9,0.0,58.3,14.3,16.1,17.6,0.77,100.47
59,2025-03-30 21:00:00,5.15,1.79,0.0,0.0,72.23,10.4,11.08,11.7,0.37,100.52
59,2025-03-30 22:00:00,4.32,1.56,0.0,0.0,76.4,9.6,9.98,10.4,0.29,100.54
59,2025-03-30 23:00:00,5.47,2.1,0.0,0.0,76.8,9.3,9.65,10.0,0.28,100.56
59,2025-03-31 00:00:00,5.54,1.99,0.0,0.0,80.5,8.4,9.0,9.3,0.23,100.57
59,2025-03-31 01:00:00,2.84,1.76,0.0,0.0,82.03,8.2,8.4,8.6,0.2,100.57
59,2025-03-31 02:00:00,7.02,1.69,0.0,0.0,86.65,7.0,7.7,8.2,0.14,100.55
59,2025-03-31 03:00:00,7.42,1.83,0.0,0.0,88.33,7.0,7.45,7.9,0.12,100.55
59,2025-03-31 04:00:00,7.42,1.94,0.0,0.0,89.25,7.0,7.23,7.6,0.11,100.47
59,2025-03-31 05:00:00,6.08,1.8,0.0,0.02,91.3,6.6,6.85,7.1,0.09,100.38
59,2025-03-31 06:00:00,5.04,1.78,0.0,0.02,92.08,6.6,6.68,6.7,0.08,100.34
59,2025-03-31 07:00:00,6.41,1.94,0.0,0.02,92.1,6.0,6.33,6.6,0.08,100.32
59,2025-03-31 08:00:00,7.49,2.73,101.9,0.04,92.2,5.8,5.9,6.0,0.07,100.32
59,2025-03-31 09:00:00,10.69,2.17,250.2,0.04,94.23,6.1,7.08,7.8,0.06,100.32
59,2025-03-31 10:00:00,10.55,2.92,288.4,0.0,89.93,7.8,8.85,9.9,0.11,100.34
59,2025-03-31 11:00:00,15.77,3.8,531.5,0.0,74.18,11.0,12.73,15.1,0.39,100.29
59,2025-03-31 12:00:00,15.77,3.65,645.0,0.0,62.55,13.0,15.2,17.4,0.67,100.26
59,2025-03-31 13:00:00,12.96,4.48,712.6,0.0,56.18,15.7,17.03,18.7,0.86,100.15
59,2025-03-31 14:00:00,14.26,4.36,712.6,0.02,51.05,17.9,18.83,19.5,1.07,100.1
59,2025-03-31 15:00:00,25.16,5.14,713.5,0.0,45.6,19.5,19.65,19.9,1.25,100.0
59,2025-03-31 16:00:00,16.88,4.58,647.7,0.0,42.58,20.1,20.4,20.7,1.38,99.91
59,2025-03-31 17:00:00,16.16,4.25,566.3,0.0,42.35,20.8,20.83,20.9,1.42,99.84
59,2025-03-31 18:00:00,15.01,2.9,420.3,0.0,44.68,20.5,20.9,21.2,1.37,99.8
59,2025-03-31 19:00:00,8.78,1.95,210.1,0.02,47.7,15.6,18.95,20.5,1.15,99.8
59,2025-03-31 20:00:00,4.86,1.32,76.9,0.0,58.08,15.6,17.63,19.5,0.86,99.8
59,2025-03-31 21:00:00,4.86,1.26,0.0,0.0,63.5,12.1,12.6,13.3,0.54,99.83
59,2025-03-31 22:00:00,4.0,1.37,0.0,0.0,68.1,12.0,12.23,12.7,0.46,99.85
59,2025-03-31 23:00:00,4.1,1.6,0.0,0.0,71.55,10.1,11.13,12.0,0.38,99.84
59,2025-04-01 00:00:00,5.04,1.33,0.0,0.0,77.48,9.3,10.03,10.9,0.28,99.82
59,2025-04-01 01:00:00,5.04,1.38,0.0,0.0,79.48,9.3,9.58,10.0,0.25,99.8
59,2025-04-01 02:00:00,4.54,1.17,0.0,0.0,81.7,8.3,8.7,9.2,0.21,99.76
59,2025-04-01 03:00:00,3.71,1.68,0.0,0.0,85.55,7.2,7.55,8.0,0.15,99.74
59,2025-04-01 04:00:00,3.24,2.36,0.0,0.0,87.78,6.9,7.13,7.4,0.12,99.71
59,2025-04-01 05:00:00,4.14,2.3,0.0,0.0,90.0,5.0,5.58,6.8,0.09,99.7
59,2025-04-01 06:00:00,3.96,2.58,0.0,0.0,92.53,5.0,5.28,5.6,0.07,99.67
59,2025-04-01 07:00:00,3.49,2.1,0.0,0.0,92.53,4.2,4.45,4.7,0.06,99.67
59,2025-04-01 08:00:00,3.49,1.59,58.0,0.0,93.08,4.1,4.35,4.8,0.06,99.75
59,2025-04-01 09:00:00,3.13,1.86,90.1,0.02,94.25,4.1,4.93,6.6,0.05,99.77
59,2025-04-01 10:00:00,8.1,1.52,325.7,0.04,94.18,5.3,7.08,10.4,0.07,99.88
59,2025-04-01 11:00:00,15.23,3.13,325.7,0.0,89.7,8.2,10.13,12.0,0.14,99.96
59,2025-04-01 12:00:00,15.23,4.4,650.5,0.0,76.0,11.8,12.83,14.7,0.36,99.99
59,2025-04-01 13:00:00,14.36,4.35,680.7,0.0,65.4,13.5,14.4,15.2,0.57,100.01
59,2025-04-01 14:00:00,12.53,4.07,696.6,0.0,58.55,15.6,16.83,18.4,0.8,99.99
59,2025-04-01 15:00:00,12.28,3.84,691.1,0.0,55.3,17.5,18.45,19.3,0.95,99.95
59,2025-04-01 16:00:00,11.99,3.19,632.9,0.0,54.35,19.1,19.4,19.6,1.03,99.93
59,2025-04-01 17:00:00,10.15,3.5,553.1,0.0,51.8,20.1,20.7,21.0,1.18,99.9
59,2025-04-01 18:00:00,12.1,2.24,413.7,0.0,48.65,21.0,21.2,21.4,1.3,99.91
59,2025-04-01 19:00:00,7.02,1.84,237.8,0.0,47.1,20.4,21.05,21.4,1.32,99.92
59,2025-04-01 20:00:00,4.39,2.32,71.5,0.0,72.03,11.8,15.35,20.0,0.51,99.96
59,2025-04-01 21:00:00,4.39,2.95,0.0,0.0,77.23,11.8,12.68,13.5,0.34,99.96
59,2025-04-01 22:00:00,4.1,2.98,0.0,0.0,85.03,9.3,10.6,11.3,0.19,99.98
59,2025-04-01 23:00:00,4.5,3.21,0.0,0.0,86.63,7.9,9.4,10.2,0.16,99.97
59,2025-04-02 00:00:00,4.21,2.58,0.0,0.0,88.78,7.5,8.1,8.9,0.12,99.94
59,2025-04-02 01:00:00,4.36,2.66,0.0,0.0,90.78,6.5,7.2,7.7,0.1,99.9
59,2025-04-02 02:00:00,4.36,2.96,0.0,0.0,92.83,6.4,6.73,7.1,0.07,99.9
59,2025-04-02 03:00:00,4.64,2.83,0.0,0.02,92.93,5.8,6.1,6.4,0.07,99.9
59,2025-04-02 04:00:00,3.71,2.34,0.0,0.0,93.63,5.2,5.45,5.8,0.06,99.87
59,2025-04-02 05:00:00,3.71,2.23,0.0,0.02,93.53,4.9,5.2,5.4,0.06,99.81
59,2025-04-02 06:00:00,3.82,2.66,0.0,0.02,94.63,4.3,4.6,4.9,0.05,99.81
59,2025-04-02 07:00:00,3.82,2.12,2.4,0.02,94.23,4.3,4.35,4.5,0.05,99.84
59,2025-04-02 08:00:00,3.38,1.84,7.2,0.02,93.85,4.3,4.43,4.6,0.05,99.88
59,2025-04-02 09:00:00,2.52,1.52,84.9,0.04,94.83,4.6,4.88,5.2,0.05,99.92
59,2025-04-02 10:00:00,4.82,1.32,252.1,0.02,98.2,5.7,7.1,10.0,0.02,99.96
59,2025-04-02 11:00:00,8.57,2.14,303.3,0.0,98.85,7.9,8.93,10.0,0.01,100.0
59,2025-04-02 12:00:00,12.92,2.58,441.6,0.0,83.23,10.8,11.73,12.6,0.23,100.05
59,2025-04-02 13:00:00,13.9,3.57,456.7,0.0,73.68,12.2,13.4,15.3,0.41,100.08
59,2025-04-02 14:00:00,13.9,3.42,501.3,0.0,62.03,14.4,15.78,18.3,0.69,100.05
59,2025-04-02 15:00:00,10.22,3.15,642.3,0.0,56.18,16.8,18.1,19.4,0.92,99.99
59,2025-04-02 16:00:00,10.48,2.62,617.3,0.0,49.6,18.6,20.05,21.1,1.19,99.96
59,2025-04-02 17:00:00,9.22,2.44,435.5,0.0,46.2,21.0,21.5,22.1,1.38,99.94
59,2025-04-02 18:00:00,8.96,2.35,430.5,0.0,43.15,19.9,21.3,22.1,1.45,99.96
59,2025-04-02 19:00:00,8.46,1.59,107.0,0.0,48.45,17.4,19.58,21.0,1.18,99.97
59,2025-04-02 20:00:00,3.06,1.61,32.8,0.0,62.9,15.1,17.0,19.0,0.73,99.99
59,2025-04-02 21:00:00,3.64,1.99,0.0,0.0,72.23,10.6,12.5,14.2,0.41,100.02
59,2025-04-02 22:00:00,3.2,1.99,0.0,0.0,80.95,10.6,11.25,12.0,0.26,100.04
59,2025-04-02 23:00:00,4.86,2.5,0.0,0.0,85.8,8.8,9.68,10.4,0.17,100.06
59,2025-04-03 00:00:00,4.86,3.19,0.0,0.0,88.25,8.0,8.75,9.2,0.13,100.05
59,2025-04-03 01:00:00,4.32,2.62,0.0,0.0,89.65,7.6,8.13,8.5,0.11,100.0
59,2025-04-03 02:00:00,3.78,2.28,0.0,0.0,90.58,6.9,7.3,7.6,0.1,99.94
59,2025-04-03 03:00:00,4.1,2.43,0.0,0.0,92.35,6.3,6.9,7.2,0.08,99.91
59,2025-04-03 04:00:00,3.2,1.38,0.0,0.0,93.23,5.4,6.13,6.5,0.07,99.87
59,2025-04-03 05:00:00,3.78,2.27,0.0,0.0,93.55,5.5,5.78,6.1,0.06,99.82
59,2025-04-03 06:00:00,3.1,1.77,0.0,0.02,93.18,4.5,5.28,5.6,0.06,99.81
59,2025-04-03 07:00:00,3.74,2.41,0.0,0.0,94.3,4.6,4.98,5.3,0.05,99.8
59,2025-04-03 08:00:00,5.22,2.63,6.1,0.04,92.35,4.8,5.28,6.3,0.07,99.81
59,2025-04-03 09:00:00,7.16,2.56,127.1,0.02,93.58,6.3,7.95,9.3,0.07,99.82
59,2025-04-03 10:00:00,6.84,2.45,127.1,0.02,98.9,8.4,9.4,11.6,0.01,99.83
59,2025-04-03 11:00:00,9.32,3.47,532.6,0.02,94.53,9.6,11.4,14.2,0.09,99.82
59,2025-04-03 12:00:00,10.37,3.62,614.0,0.0,79.83,12.6,15.38,18.1,0.38,99.81
59,2025-04-03 13:00:00,12.67,3.51,650.5,0.0,66.68,15.6,17.75,21.5,0.69,99.73
59,2025-04-03 14:00:00,12.67,3.48,679.9,0.0,55.85,19.2,20.4,21.5,1.06,99.64
59,2025-04-03 15:00:00,12.24,3.29,677.7,0.0,51.88,22.3,23.63,25.1,1.41,99.59
59,2025-04-03 16:00:00,14.0,3.21,612.0,0.0,50.35,23.9,24.7,25.9,1.55,99.53
59,2025-04-03 17:00:00,12.64,2.33,534.1,0.0,47.8,25.3,25.55,25.9,1.71,99.51
59,2025-04-03 18:00:00,7.63,2.0,393.6,0.0,45.18,25.8,26.0,26.2,1.84,99.47
59,2025-04-03 19:00:00,6.12,1.24,221.7,0.0,45.8,25.3,25.6,25.9,1.78,99.48
59,2025-04-03 20:00:00,3.64,1.32,63.7,0.0,59.53,17.2,20.45,24.6,1.01,99.52
59,2025-04-03 21:00:00,3.64,2.55,0.0,0.0,70.38,15.6,16.43,17.2,0.56,99.55
59,2025-04-03 22:00:00,4.36,2.84,0.0,0.0,77.73,12.8,14.35,15.6,0.37,99.56
59,2025-04-03 23:00:00,4.5,3.02,0.0,0.0,83.1,12.1,12.8,13.7,0.25,99.57
59,2025-04-04 00:00:00,4.46,2.82,0.0,0.0,86.93,10.7,11.65,12.4,0.18,99.56
59,2025-04-04 01:00:00,4.68,3.11,0.0,0.0,89.25,10.1,10.63,10.9,0.14,99.54
59,2025-04-04 02:00:00,4.36,2.33,0.0,0.0,90.45,9.9,10.03,10.1,0.12,99.51
59,2025-04-04 03:00:00,4.36,2.01,0.0,0.0,91.78,8.8,9.2,10.1,0.1,99.49
59,2025-04-04 04:00:00,4.07,2.31,0.0,0.0,92.35,8.1,8.7,9.1,0.09,99.47
59,2025-04-04 05:00:00,4.21,2.91,0.0,0.0,94.3,7.6,7.95,8.4,0.06,99.41
59,2025-04-04 06:00:00,3.78,2.55,0.0,0.0,94.43,7.4,7.68,8.0,0.06,99.39
59,2025-04-04 07:00:00,4.18,2.68,0.0,0.06,94.13,6.9,7.1,7.4,0.06,99.39
59,2025-04-04 08:00:00,3.85,2.3,1.1,0.0,94.23,6.6,6.8,7.0,0.06,99.4
59,2025-04-04 09:00:00,4.1,1.49,241.2,0.02,94.4,6.6,8.43,12.2,0.06,99.45
59,2025-04-04 10:00:00,7.24,2.07,424.4,0.0,89.18,9.2,11.28,13.0,0.15,99.52
59,2025-04-04 11:00:00,7.49,2.55,512.7,0.0,79.65,13.9,15.55,17.8,0.36,99.53
59,2025-04-04 12:00:00,7.96,2.87,579.2,0.0,71.38,16.6,18.2,20.6,0.61,99.55
59,2025-04-04 13:00:00,8.42,3.06,643.2,0.0,55.83,19.2,20.33,21.2,1.06,99.54
59,2025-04-04 14:00:00,10.08,2.95,643.4,0.0,51.2,21.8,22.55,23.3,1.33,99.51
59,2025-04-04 15:00:00,9.25,3.05,665.9,0.0,48.08,24.2,25.2,26.9,1.67,99.45
59,2025-04-04 16:00:00,9.58,3.86,639.4,0.0,46.95,26.2,26.75,27.2,1.87,99.41
59,2025-04-04 17:00:00,9.58,3.4,527.5,0.0,42.95,27.2,27.73,28.2,2.12,99.39
59,2025-04-04 18:00:00,8.68,2.41,383.9,0.0,44.0,27.9,28.15,28.5,2.14,99.35
59,2025-04-04 19:00:00,4.9,1.49,211.0,0.0,51.6,21.5,24.75,28.2,1.55,99.33
59,2025-04-04 20:00:00,8.28,2.11,2.8,0.0,64.5,19.0,20.2,21.5,0.85,99.37
59,2025-04-04 21:00:00,8.28,2.01,0.0,0.0,65.38,17.5,19.0,19.8,0.76,99.41
59,2025-04-04 22:00:00,3.42,1.82,0.0,0.0,70.43,15.7,16.98,18.2,0.58,99.49
59,2025-04-04 23:00:00,4.57,1.54,0.0,0.0,80.2,13.5,13.95,14.2,0.32,99.51
59,2025-04-05 00:00:00,5.44,1.76,0.0,0.0,83.68,12.6,13.33,14.0,0.25,99.49
59,2025-04-05 01:00:00,4.1,1.92,0.0,0.0,85.7,11.8,12.35,12.9,0.21,99.49
59,2025-04-05 02:00:00,5.4,1.69,0.0,0.0,88.93,11.2,11.38,11.6,0.15,99.44
59,2025-04-05 03:00:00,5.4,1.97,0.0,0.0,91.38,10.2,10.68,11.0,0.11,99.42
59,2025-04-05 04:00:00,7.81,1.69,0.0,0.0,92.63,10.1,10.45,10.8,0.09,99.4
59,2025-04-05 05:00:00,10.4,2.01,0.0,0.0,93.45,10.0,10.1,10.2,0.08,99.4
59,2025-04-05 06:00:00,7.99,2.07,0.0,0.02,93.88,9.5,9.9,10.1,0.08,99.4
59,2025-04-05 07:00:00,6.66,1.71,0.0,0.04,94.38,9.4,9.6,9.8,0.07,99.46
59,2025-04-05 08:00:00,6.98,2.04,26.5,0.02,94.9,9.4,9.58,9.7,0.06,99.5
59,2025-04-05 09:00:00,7.67,2.1,65.7,0.02,97.25,9.8,10.28,10.8,0.04,99.58
59,2025-04-05 10:00:00,9.14,2.67,183.9,0.02,98.03,10.4,11.08,11.9,0.03,99.62
59,2025-04-05 11:00:00,9.76,3.62,194.9,0.02,94.1,12.6,12.95,13.3,0.09,99.69
59,2025-04-05 12:00:00,10.4,2.99,297.3,0.0,86.55,13.3,13.88,14.9,0.22,99.71
59,2025-04-05 13:00:00,18.14,4.41,650.9,0.0,76.93,14.4,16.43,18.6,0.45,99.69
59,2025-04-05 14:00:00,18.65,5.83,650.9,0.0,67.93,17.2,18.35,19.3,0.68,99.66
59,2025-04-05 15:00:00,14.8,4.91,623.4,0.0,62.38,18.6,19.3,20.2,0.84,99.57
59,2025-04-05 16:00:00,13.93,5.26,591.3,0.0,57.0,20.2,20.73,21.2,1.05,99.52
59,2025-04-05 17:00:00,16.99,5.36,515.4,0.0,55.9,20.9,21.13,21.4,1.11,99.54
59,2025-04-05 18:00:00,16.99,5.41,348.3,0.0,58.53,20.2,20.75,21.2,1.02,99.54
59,2025-04-05 19:00:00,14.33,5.2,167.7,0.0,62.3,20.2,20.33,20.6,0.9,99.57
59,2025-04-05 20:00:00,10.91,3.02,65.1,0.0,68.73,15.2,17.05,19.6,0.62,99.6
59,2025-04-05 21:00:00,4.82,1.27,0.0,0.0,75.03,14.0,15.13,16.6,0.44,99.65
59,2025-04-05 22:00:00,4.82,1.89,0.0,0.0,82.08,13.5,13.65,14.0,0.28,99.71
59,2025-04-05 23:00:00,3.56,1.82,0.0,0.0,84.0,13.5,13.63,13.8,0.25,99.72
59,2025-04-06 00:00:00,3.38,1.38,0.0,0.0,85.1,13.6,13.98,14.1,0.24,99.74
59,2025-04-06 01:00:00,4.21,1.79,0.0,0.0,84.75,14.0,14.05,14.1,0.25,99.74
59,2025-04-06 02:00:00,4.86,1.62,0.0,0.0,84.63,13.8,13.88,14.0,0.24,99.76
59,2025-04-06 03:00:00,4.57,1.4,0.0,0.0,84.78,13.8,13.8,13.8,0.24,99.74
59,2025-04-06 04:00:00,3.67,1.41,0.0,0.0,85.15,13.7,13.75,13.8,0.23,99.72
59,2025-04-06 05:00:00,2.63,0.94,0.0,0.0,85.25,13.6,13.65,13.7,0.23,99.73
59,2025-04-06 06:00:00,2.45,0.78,0.0,0.0,85.75,13.5,13.58,13.6,0.22,99.78
59,2025-04-06 07:00:00,5.0,1.39,0.0,0.0,87.0,13.5,13.53,13.6,0.2,99.84
59,2025-04-06 08:00:00,4.43,1.77,12.7,0.0,86.5,13.5,13.55,13.6,0.21,99.89
59,2025-04-06 09:00:00,8.24,2.0,47.1,0.0,83.85,13.7,13.85,14.0,0.26,99.97
59,2025-04-06 10:00:00,10.37,3.07,84.7,0.0,81.45,14.1,14.25,14.4,0.3,100.03
59,2025-04-06 11:00:00,9.61,3.97,206.8,0.0,81.45,14.5,14.73,15.0,0.31,100.08
59,2025-04-06 12:00:00,9.5,3.25,542.4,0.0,77.43,15.2,15.98,17.0,0.41,100.09
59,2025-04-06 13:00:00,8.53,3.13,309.5,0.0,71.95,16.7,16.95,17.2,0.54,100.11
59,2025-04-06 14:00:00,9.79,3.34,333.7,0.0,69.08,17.1,17.35,17.7,0.61,100.08
59,2025-04-06 15:00:00,10.04,3.15,623.4,0.0,62.8,17.9,18.65,19.3,0.81,100.04
59,2025-04-06 16:00:00,12.02,4.06,502.3,0.0,59.88,19.2,19.4,19.5,0.9,100.01
59,2025-04-06 17:00:00,9.29,3.25,370.0,0.0,57.4,19.6,19.9,20.1,0.99,100.0
59,2025-04-06 18:00:00,7.2,1.88,207.4,0.0,56.28,19.8,19.98,20.1,1.02,100.02
59,2025-04-06 19:00:00,4.25,2.2,48.9,0.0,69.6,15.0,17.05,19.2,0.6,100.05
59,2025-04-06 20:00:00,5.18,3.34,0.0,0.0,80.65,13.0,13.65,14.4,0.31,100.04
59,2025-04-06 21:00:00,6.59,3.72,0.0,0.0,83.88,12.2,12.43,12.7,0.23,100.01
59,2025-04-06 22:00:00,6.23,3.67,0.0,0.0,86.63,10.9,11.35,11.8,0.18,100.0
59,2025-04-06 23:00:00,7.85,2.62,0.0,0.0,89.4,10.0,10.45,10.7,0.13,99.99
59,2025-04-07 00:00:00,3.92,2.51,0.0,0.0,92.3,9.1,9.45,9.8,0.09,99.95
59,2025-04-07 01:00:00,3.1,2.0,0.0,0.0,92.28,8.7,8.98,9.2,0.09,99.91
59,2025-04-07 02:00:00,4.07,2.08,0.0,0.0,93.65,8.1,8.4,8.6,0.07,99.88
59,2025-04-07 03:00:00,2.52,1.5,0.0,0.0,92.93,7.9,8.0,8.1,0.08,99.86
59,2025-04-07 04:00:00,2.63,1.59,0.0,0.0,93.28,7.6,7.8,8.0,0.07,99.82
59,2025-04-07 05:00:00,3.46,1.75,0.0,0.0,94.15,7.3,7.7,8.3,0.06,99.81
59,2025-04-07 06:00:00,6.7,2.02,0.0,0.0,95.5,8.8,9.08,9.2,0.05,99.82
59,2025-04-07 07:00:00,6.44,2.71,0.0,0.02,97.03,9.2,9.4,9.5,0.04,99.81
59,2025-04-07 08:00:00,7.42,3.01,30.6,0.02,98.23,9.2,9.3,9.4,0.02,99.81
59,2025-04-07 09:00:00,8.53,2.66,95.9,0.02,99.6,9.0,9.15,9.3,0.01,99.83
59,2025-04-07 10:00:00,7.7,2.32,181.2,0.0,100.15,9.3,9.45,9.6,0.0,99.83
59,2025-04-07 11:00:00,7.92,2.35,184.5,0.02,99.6,9.7,10.05,10.6,0.01,99.8
59,2025-04-07 12:00:00,11.66,3.47,447.7,0.0,95.3,11.0,11.95,13.3,0.07,99.77
59,2025-04-07 13:00:00,12.67,3.58,666.5,0.0,80.65,14.3,15.73,17.1,0.35,99.68
59,2025-04-07 14:00:00,10.15,3.24,697.9,0.0,67.98,18.0,18.75,20.0,0.7,99.58
59,2025-04-07 15:00:00,10.84,3.36,620.3,0.0,58.38,20.7,21.48,21.9,1.07,99.49
59,2025-04-07 16:00:00,8.28,2.57,516.1,0.0,52.65,22.5,23.08,23.4,1.34,99.4
59,2025-04-07 17:00:00,8.1,2.3,375.4,0.0,50.98,23.7,23.95,24.2,1.46,99.36
59,2025-04-07 18:00:00,5.47,1.31,202.3,0.0,53.6,23.2,23.7,24.0,1.36,99.34
59,2025-04-07 19:00:00,3.02,1.66,46.3,0.0,64.1,16.6,19.48,22.2,0.84,99.35
59,2025-04-07 20:00:00,4.43,3.27,0.0,0.0,79.75,13.9,14.78,15.7,0.34,99.37
59,2025-04-07 21:00:00,4.54,3.05,0.0,0.0,85.03,12.0,13.08,13.9,0.23,99.38
59,2025-04-07 22:00:00,5.62,2.93,0.0,0.0,87.55,11.4,11.75,12.0,0.18,99.39
59,2025-04-07 23:00:00,3.67,2.31,0.0,0.0,89.93,10.5,10.8,11.2,0.13,99.37
59,2025-04-08 00:00:00,3.06,1.92,0.0,0.0,91.88,9.8,9.95,10.1,0.1,99.34
59,2025-04-08 01:00:00,4.46,2.31,0.0,0.0,93.33,9.0,9.23,9.6,0.08,99.32
59,2025-04-08 02:00:00,5.22,3.14,0.0,0.0,93.48,8.7,8.78,9.0,0.08,99.29
59,2025-04-08 03:00:00,4.9,2.24,0.0,0.0,92.98,8.4,8.65,8.9,0.08,99.26
59,2025-04-08 04:00:00,4.39,2.71,0.0,0.0,93.68,7.8,8.15,8.4,0.07,99.22
59,2025-04-08 05:00:00,2.95,2.05,0.0,0.0,94.2,7.0,7.3,7.6,0.06,99.19
59,2025-04-08 06:00:00,3.56,2.34,0.0,0.0,94.23,6.6,6.75,7.0,0.06,99.21
59,2025-04-08 07:00:00,4.28,2.78,0.3,0.04,94.25,6.5,6.63,6.7,0.06,99.27
59,2025-04-08 08:00:00,4.21,2.37,76.5,0.02,94.73,6.4,6.7,7.4,0.05,99.32
59,2025-04-08 09:00:00,4.72,1.52,202.3,0.04,96.8,7.9,9.58,11.3,0.04,99.41
59,2025-04-08 10:00:00,5.62,1.7,360.1,0.0,90.83,12.1,13.35,14.6,0.14,99.47
59,2025-04-08 11:00:00,9.25,2.94,486.2,0.0,81.28,15.0,16.28,17.5,0.35,99.49
59,2025-04-08 12:00:00,7.42,2.71,580.1,0.0,72.88,17.9,18.88,19.7,0.6,99.46
59,2025-04-08 13:00:00,9.79,3.31,612.2,0.0,64.85,20.3,21.03,21.8,0.88,99.43
59,2025-04-08 14:00:00,9.72,3.03,616.3,0.0,57.35,22.3,22.9,23.4,1.19,99.39
59,2025-04-08 15:00:00,8.35,2.5,566.3,0.0,53.98,23.8,24.48,25.1,1.41,99.36
59,2025-04-08 16:00:00,10.4,2.97,481.6,0.0,50.2,25.4,25.63,25.8,1.64,99.32
59,2025-04-08 17:00:00,5.0,1.54,340.8,0.0,49.1,25.8,25.88,25.9,1.7,99.3
59,2025-04-08 18:00:00,2.92,1.21,144.6,0.0,56.6,21.6,23.78,25.7,1.3,99.33
59,2025-04-08 19:00:00,8.24,2.36,31.9,0.0,67.88,18.8,19.63,20.7,0.74,99.37
59,2025-04-08 20:00:00,9.58,1.77,0.0,0.0,70.63,17.0,18.1,19.2,0.61,99.43
59,2025-04-08 21:00:00,4.97,2.52,0.0,0.0,82.15,14.0,14.88,16.0,0.31,99.49
59,2025-04-08 22:00:00,4.79,2.63,0.0,0.0,85.43,13.1,13.7,14.0,0.23,99.53
59,2025-04-08 23:00:00,3.71,1.87,0.0,0.0,89.05,11.9,12.38,12.8,0.16,99.55
59,2025-04-09 00:00:00,4.28,1.8,0.0,0.0,91.05,11.1,11.43,11.8,0.12,99.55
59,2025-04-09 01:00:00,3.67,2.07,0.0,0.0,93.53,9.8,10.23,10.7,0.08,99.54
59,2025-04-09 02:00:00,4.21,2.5,0.0,0.0,93.93,9.5,9.55,9.7,0.07,99.52
59,2025-04-09 03:00:00,3.49,1.93,0.0,0.0,94.88,8.8,8.95,9.2,0.06,99.48
59,2025-04-09 04:00:00,3.56,2.4,0.0,0.0,95.2,8.4,8.63,8.9,0.06,99.46
59,2025-04-09 05:00:00,3.13,1.6,0.0,0.0,95.38,8.2,8.23,8.3,0.05,99.45
59,2025-04-09 06:00:00,3.17,1.5,0.0,0.0,94.15,8.9,9.48,10.0,0.07,99.47
59,2025-04-09 07:00:00,3.85,1.06,0.3,0.02,96.0,10.1,10.33,10.5,0.05,99.49
59,2025-04-09 08:00:00,4.68,1.46,21.9,0.0,97.18,10.6,10.65,10.7,0.04,99.53
59,2025-04-09 09:00:00,6.37,1.71,95.1,0.02,98.33,10.7,10.8,10.9,0.02,99.59
59,2025-04-09 10:00:00,6.55,1.98,95.4,0.0,97.83,11.2,11.48,11.7,0.03,99.64
59,2025-04-09 11:00:00,6.88,2.34,119.9,0.0,95.13,11.8,12.13,12.4,0.07,99.67
59,2025-04-09 12:00:00,6.77,2.21,154.5,0.0,91.23,12.6,12.83,13.0,0.13,99.71
59,2025-04-09 13:00:00,7.78,2.48,336.6,0.0,88.88,13.0,13.4,13.8,0.17,99.69
59,2025-04-09 14:00:00,10.91,3.4,634.1,0.0,80.18,14.8,15.85,16.6,0.36,99.65
59,2025-04-09 15:00:00,10.12,3.4,550.1,0.0,71.5,16.8,17.78,18.5,0.58,99.63
59,2025-04-09 16:00:00,9.14,3.12,429.1,0.0,66.93,18.8,19.05,19.3,0.73,99.61
59,2025-04-09 17:00:00,7.92,2.41,287.9,0.0,66.25,19.0,19.28,19.4,0.76,99.62
59,2025-04-09 18:00:00,5.29,1.9,92.4,0.0,71.43,17.4,18.08,18.7,0.59,99.65
59,2025-04-09 19:00:00,4.36,2.47,16.5,0.0,79.95,15.1,15.88,16.9,0.37,99.69
59,2025-04-09 20:00:00,5.4,1.59,0.0,0.0,86.1,13.6,13.88,14.4,0.22,99.71
59,2025-04-09 21:00:00,6.05,1.67,0.0,0.0,85.7,12.8,13.13,13.7,0.22,99.74
59,2025-04-09 22:00:00,4.14,2.24,0.0,0.0,89.35,11.8,11.9,12.2,0.15,99.74
59,2025-04-09 23:00:00,5.11,2.02,0.0,0.0,88.18,11.4,11.73,12.0,0.17,99.74
59,2025-04-10 00:00:00,6.95,2.34,0.0,0.0,87.95,11.4,11.63,11.9,0.17,99.76
59,2025-04-10 01:00:00,8.64,2.48,0.0,0.0,87.85,12.0,12.2,12.3,0.17,99.78
59,2025-04-10 02:00:00,9.47,3.51,0.0,0.0,88.15,12.1,12.25,12.4,0.17,99.81
59,2025-04-10 03:00:00,7.88,2.29,0.0,0.0,89.75,11.4,11.73,12.1,0.14,99.84
59,2025-04-10 04:00:00,5.4,1.72,0.0,0.0,92.15,10.4,10.83,11.2,0.1,99.82
59,2025-04-10 05:00:00,8.35,2.73,0.0,0.0,93.23,10.6,10.73,10.8,0.09,99.82
59,2025-04-10 06:00:00,11.66,3.93,0.0,0.0,93.9,10.8,10.98,11.1,0.08,99.82
59,2025-04-10 07:00:00,11.34,3.63,0.0,0.0,93.13,11.2,11.35,11.5,0.09,99.86
59,2025-04-10 08:00:00,14.83,4.12,26.9,0.0,91.15,11.6,11.83,12.0,0.12,99.93
59,2025-04-10 09:00:00,6.05,2.21,48.2,0.2,90.5,12.0,12.2,12.3,0.13,100.06
59,2025-04-10 10:00:00,10.44,2.69,55.9,1.0,94.05,12.0,12.33,12.6,0.09,100.14
59,2025-04-10 11:00:00,16.09,4.31,119.8,1.58,96.18,12.4,12.58,12.7,0.06,100.21
59,2025-04-10 12:00:00,9.14,2.36,108.9,0.67,96.58,12.4,12.48,12.5,0.05,100.25
59,2025-04-10 13:00:00,9.83,3.05,98.2,0.14,95.75,12.4,12.48,12.5,0.06,100.26
59,2025-04-10 14:00:00,10.55,3.86,176.6,0.53,95.63,12.4,12.58,12.7,0.06,100.22
59,2025-04-10 15:00:00,11.88,3.41,195.6,0.15,95.9,12.6,12.75,12.9,0.06,100.2
59,2025-04-10 16:00:00,11.63,3.36,195.1,0.0,93.35,13.1,13.2,13.4,0.1,100.18
59,2025-04-10 17:00:00,11.38,3.86,303.1,0.02,88.7,13.8,14.15,14.6,0.19,100.15
59,2025-04-10 18:00:00,8.17,2.72,144.1,0.0,81.93,14.5,14.88,15.3,0.31,100.1
59,2025-04-10 19:00:00,3.24,1.58,29.4,0.0,87.23,12.6,13.63,14.8,0.2,100.09
59,2025-04-10 20:00:00,2.48,1.34,0.0,0.0,92.43,11.3,11.55,11.9,0.11,100.07
59,2025-04-10 21:00:00,3.17,1.75,0.0,0.0,94.25,11.4,11.4,11.4,0.08,100.08
59,2025-04-10 22:00:00,3.02,1.51,0.0,0.0,94.63,11.2,11.38,11.5,0.07,100.08
59,2025-04-10 23:00:00,3.06,1.24,0.0,0.0,94.9,10.8,11.03,11.2,0.07,100.08
59,2025-04-11 00:00:00,4.28,1.27,0.0,0.0,93.93,9.6,10.13,10.5,0.07,100.07
59,2025-04-11 01:00:00,2.45,0.95,0.0,0.0,93.15,8.7,8.88,9.2,0.08,100.04
59,2025-04-11 02:00:00,1.98,0.94,0.0,0.02,93.88,8.1,8.3,8.5,0.07,100.01
59,2025-04-11 03:00:00,2.12,1.08,0.0,0.0,94.43,7.8,7.9,8.0,0.06,99.98
59,2025-04-11 04:00:00,1.91,1.33,0.0,0.02,94.6,7.6,7.65,7.7,0.06,99.96
59,2025-04-11 05:00:00,2.02,1.31,0.0,0.02,95.2,7.4,7.43,7.5,0.05,99.96
59,2025-04-11 06:00:00,2.2,1.32,0.0,0.02,95.53,6.8,7.15,7.4,0.05,100.0
59,2025-04-11 07:00:00,2.34,1.11,0.0,0.02,94.85,5.9,6.1,6.4,0.05,100.0
59,2025-04-11 08:00:00,3.24,2.19,18.5,0.02,95.63,5.2,5.4,5.7,0.04,100.02
59,2025-04-11 09:00:00,5.04,1.51,260.8,0.02,98.5,6.0,7.88,9.6,0.02,100.08
59,2025-04-11 10:00:00,13.97,3.32,397.3,0.0,94.73,10.5,11.6,12.7,0.08,100.13
59,2025-04-11 11:00:00,10.8,4.01,538.0,0.0,81.25,13.0,13.58,14.0,0.29,100.15
59,2025-04-11 12:00:00,13.57,3.82,631.2,0.0,73.0,14.6,15.0,15.8,0.46,100.17
59,2025-04-11 13:00:00,13.14,4.0,646.1,0.0,62.65,16.0,16.55,17.1,0.7,100.18
59,2025-04-11 14:00:00,13.93,4.58,643.8,0.0,56.18,16.5,17.23,17.9,0.87,100.18
59,2025-04-11 15:00:00,15.98,3.82,601.9,0.0,52.85,17.5,17.78,18.0,0.96,100.18
59,2025-04-11 16:00:00,10.51,3.18,499.7,0.0,50.78,18.3,18.43,18.7,1.05,100.16
59,2025-04-11 17:00:00,9.43,2.9,356.2,0.0,47.0,18.1,18.3,18.7,1.12,100.19
59,2025-04-11 18:00:00,10.62,1.77,190.5,0.0,48.5,17.7,18.05,18.4,1.07,100.23
59,2025-04-11 19:00:00,5.51,1.35,38.3,0.0,59.25,12.2,14.6,16.8,0.69,100.27
59,2025-04-11 20:00:00,3.89,2.92,0.0,0.0,74.15,9.6,10.33,11.1,0.33,100.28
59,2025-04-11 21:00:00,3.67,2.31,0.0,0.0,78.88,8.5,8.88,9.3,0.24,100.3
59,2025-04-11 22:00:00,4.18,2.67,0.0,0.0,84.28,7.2,7.53,8.1,0.16,100.3
59,2025-04-11 23:00:00,6.52,2.57,0.0,0.0,87.83,6.2,6.48,6.6,0.12,100.32
59,2025-04-12 00:00:00,3.42,2.06,0.0,0.0,88.6,6.0,6.08,6.2,0.11,100.29
59,2025-04-12 01:00:00,3.42,1.61,0.0,0.0,90.33,5.9,5.98,6.0,0.09,100.26
59,2025-04-12 02:00:00,4.75,1.85,0.0,0.0,92.65,5.0,5.18,5.5,0.07,100.22
59,2025-04-12 03:00:00,3.85,2.58,0.0,0.0,94.05,4.2,4.45,4.8,0.05,100.17
59,2025-04-12 04:00:00,3.17,1.94,0.0,0.0,93.13,3.9,4.03,4.2,0.06,100.11
59,2025-04-12 05:00:00,4.57,2.23,0.0,0.0,92.95,3.8,4.3,4.9,0.06,100.07
59,2025-04-12 06:00:00,6.12,2.22,0.0,0.0,94.75,5.1,5.18,5.4,0.05,100.11
59,2025-04-12 07:00:00,3.35,2.02,0.1,0.0,95.75,3.8,4.2,4.8,0.04,100.12
59,2025-04-12 08:00:00,6.73,2.26,52.8,0.0,93.75,4.0,4.8,5.8,0.06,100.12
59,2025-04-12 09:00:00,6.3,2.44,108.3,0.0,99.13,6.3,6.43,6.5,0.01,100.16
59,2025-04-12 10:00:00,7.85,2.56,401.3,0.0,99.43,6.8,8.13,9.5,0.01,100.17
59,2025-04-12 11:00:00,14.54,4.08,534.8,0.0,83.63,10.6,11.98,13.0,0.24,100.17
59,2025-04-12 12:00:00,11.05,3.77,640.1,0.0,63.8,13.9,15.05,16.0,0.62,100.13
59,2025-04-12 13:00:00,11.66,3.97,643.1,0.0,54.88,16.6,17.33,18.2,0.89,100.07
59,2025-04-12 14:00:00,13.32,3.99,648.3,0.0,52.58,18.6,19.23,19.9,1.06,99.99
59,2025-04-12 15:00:00,9.54,3.47,592.3,0.0,50.8,20.3,20.55,20.8,1.19,99.92
59,2025-04-12 16:00:00,13.9,3.46,493.9,0.0,48.33,20.8,21.05,21.4,1.29,99.88
59,2025-04-12 17:00:00,11.48,2.61,356.6,0.0,48.85,21.1,21.28,21.5,1.29,99.87
59,2025-04-12 18:00:00,5.83,1.47,167.4,0.0,48.88,20.2,20.4,20.6,1.23,99.88
59,2025-04-12 19:00:00,2.88,1.06,39.1,0.0,56.48,14.8,16.98,19.3,0.86,99.9
59,2025-04-12 20:00:00,3.06,1.85,0.0,0.0,68.8,12.0,12.93,13.9,0.47,99.92
59,2025-04-12 21:00:00,2.77,1.35,0.0,0.0,76.98,10.6,11.03,11.5,0.3,99.93
59,2025-04-12 22:00:00,3.1,1.6,0.0,0.0,81.6,9.4,9.73,10.2,0.22,99.91
59,2025-04-12 23:00:00,3.31,1.54,0.0,0.0,84.25,8.9,9.08,9.3,0.18,99.91
59,2025-04-13 00:00:00,3.38,1.97,0.0,0.0,88.58,7.6,8.05,8.6,0.13,99.9
59,2025-04-13 01:00:00,4.9,2.37,0.0,0.0,90.8,6.7,6.85,7.0,0.09,99.85
59,2025-04-13 02:00:00,3.71,1.72,0.0,0.0,91.3,6.4,6.48,6.6,0.08,99.81
59,2025-04-13 03:00:00,3.67,2.64,0.0,0.0,93.88,4.9,5.48,6.0,0.06,99.76
59,2025-04-13 04:00:00,3.67,2.69,0.0,0.0,93.8,4.0,4.4,4.7,0.05,99.7
59,2025-04-13 05:00:00,3.74,2.54,0.0,0.0,93.98,3.5,3.7,3.9,0.05,99.65
59,2025-04-13 06:00:00,3.78,2.55,0.0,0.0,93.98,2.9,3.13,3.3,0.05,99.63
59,2025-04-13 07:00:00,3.64,2.66,0.2,0.0,94.45,2.4,2.58,2.7,0.04,99.64
59,2025-04-13 08:00:00,3.71,2.41,90.1,0.0,94.48,2.2,2.5,3.2,0.04,99.66
59,2025-04-13 09:00:00,4.64,1.64,215.3,0.0,98.28,4.4,6.25,8.0,0.01,99.74
59,2025-04-13 10:00:00,10.26,3.07,280.0,0.0,96.5,8.9,9.6,10.2,0.05,99.8
59,2025-04-13 11:00:00,11.45,3.8,497.1,0.0,84.83,11.0,11.85,12.7,0.21,99.81
59,2025-04-13 12:00:00,9.61,3.53,579.7,0.0,74.13,13.4,14.23,15.1,0.42,99.78
59,2025-04-13 13:00:00,12.2,3.58,653.3,0.0,66.08,15.7,16.4,17.3,0.64,99.74
59,2025-04-13 14:00:00,10.48,3.23,599.9,0.0,57.58,17.6,18.2,18.7,0.89,99.68
59,2025-04-13 15:00:00,12.35,3.43,565.7,0.0,53.33,19.0,19.43,20.0,1.06,99.62
59,2025-04-13 16:00:00,8.39,2.65,424.8,0.0,54.0,19.5,20.03,20.4,1.08,99.57
59,2025-04-13 17:00:00,7.09,2.2,242.9,0.0,55.55,19.4,19.68,20.1,1.02,99.56
59,2025-04-13 18:00:00,4.68,1.43,139.9,0.0,57.55,18.4,18.75,19.1,0.92,99.58
59,2025-04-13 19:00:00,4.1,2.36,34.9,0.0,70.98,13.5,15.15,17.0,0.51,99.62
59,2025-04-13 20:00:00,4.03,2.97,0.0,0.0,82.43,10.6,11.6,12.6,0.25,99.64
59,2025-04-13 21:00:00,4.18,2.76,0.0,0.0,87.0,9.7,10.03,10.2,0.16,99.64
59,2025-04-13 22:00:00,5.4,3.18,0.0,0.0,88.25,9.4,9.5,9.6,0.14,99.66
59,2025-04-13 23:00:00,3.74,2.09,0.0,0.0,89.85,9.0,9.1,9.2,0.12,99.69
59,2025-04-14 00:00:00,4.36,2.87,0.0,0.0,90.85,8.5,8.83,9.0,0.11,99.71
59,2025-04-14 01:00:00,4.1,2.1,0.0,0.0,92.1,7.2,7.55,8.0,0.08,99.67
59,2025-04-14 02:00:00,4.5,2.04,0.0,0.0,92.23,6.4,6.68,6.8,0.08,99.68
59,2025-04-14 03:00:00,5.76,3.09,0.0,0.0,94.0,6.0,6.4,6.6,0.06,99.73
59,2025-04-14 04:00:00,4.28,2.8,0.0,0.0,94.7,5.0,5.38,5.7,0.05,99.73
59,2025-04-14 05:00:00,4.03,1.84,0.0,0.0,92.98,5.0,5.25,5.4,0.06,99.75
59,2025-04-14 06:00:00,4.9,1.92,0.0,0.0,93.65,5.1,5.4,5.7,0.06,99.82
59,2025-04-14 07:00:00,5.69,2.76,0.0,0.0,94.18,5.0,5.2,5.6,0.06,99.88
59,2025-04-14 08:00:00,5.44,2.06,89.9,0.0,94.63,4.2,4.8,6.0,0.05,99.91
59,2025-04-14 09:00:00,9.29,2.36,139.8,0.0,94.95,7.6,8.65,9.6,0.06,99.99
59,2025-04-14 10:00:00,9.22,3.46,227.0,0.0,89.43,9.5,10.38,11.3,0.14,100.05
59,2025-04-14 11:00:00,12.46,3.96,378.1,0.0,82.4,11.9,12.75,13.8,0.26,100.09
59,2025-04-14 12:00:00,14.18,4.49,410.7,0.0,73.5,14.6,15.18,15.7,0.46,100.09
59,2025-04-14 13:00:00,10.8,3.62,364.1,0.0,63.18,15.8,16.38,17.0,0.69,100.09
59,2025-04-14 14:00:00,10.51,3.69,374.7,0.0,56.43,17.3,17.77,18.4,0.89,100.06
59,2025-04-14 15:00:00,7.63,3.53,263.7,0.0,53.0,19.3,19.3,19.3,1.05,100.04
59,2025-04-14 16:00:00,9.18,2.88,125.6,0.0,71.3,18.2,18.2,18.2,0.6,100.07
59,2025-04-14 17:00:00,8.96,2.12,19.5,0.0,80.4,16.2,16.2,16.2,0.36,100.1
59,2025-04-14 18:00:00,7.09,2.77,0.7,0.0,84.9,14.3,14.3,14.3,0.25,100.14
59,2025-04-14 21:00:00,2.56,1.27,0.0,0.0,91.2,12.1,12.5,12.8,0.13,100.18
59,2025-04-14 22:00:00,3.13,1.3,0.0,0.0,93.1,12.7,12.7,12.7,0.1,100.17
59,2025-04-15 01:00:00,2.63,1.1,0.0,0.0,94.9,11.3,11.55,11.8,0.07,100.15
59,2025-04-15 02:00:00,4.0,1.84,0.0,0.0,95.6,12.2,12.2,12.2,0.06,100.1
59,2025-04-15 03:00:00,7.34,2.02,0.0,0.0,95.8,12.0,12.0,12.0,0.06,100.04
59,2025-04-15 04:00:00,3.2,1.33,0.0,0.0,96.5,11.3,11.3,11.3,0.05,100.02
59,2025-04-15 05:00:00,5.54,1.55,0.0,0.0,95.7,11.0,11.0,11.0,0.06,99.98
59,2025-04-15 06:00:00,6.3,2.05,0.0,0.0,95.7,10.8,10.8,10.8,0.06,99.99
59,2025-04-15 07:00:00,9.18,3.28,4.1,0.0,95.3,10.5,10.5,10.5,0.06,99.97
59,2025-04-15 08:00:00,4.0,1.87,48.5,0.0,96.2,10.6,10.6,10.6,0.05,100.0
59,2025-04-15 09:00:00,7.6,2.27,57.8,0.0,95.9,10.7,10.7,10.7,0.05,99.98
59,2025-04-15 10:00:00,7.88,2.99,139.3,0.0,94.9,10.7,10.7,10.7,0.07,99.98
59,2025-04-15 11:00:00,8.03,3.02,150.9,0.0,92.3,11.3,11.3,11.3,0.1,99.98
59,2025-04-15 12:00:00,8.46,3.2,122.8,0.0,91.4,11.5,11.5,11.5,0.12,99.98
59,2025-04-15 13:00:00,10.3,2.95,172.9,0.0,87.0,12.8,12.8,12.8,0.19,99.95
59,2025-04-15 14:00:00,7.02,3.1,497.2,0.0,83.0,14.1,14.1,14.1,0.27,99.86
59,2025-04-15 15:00:00,7.42,2.63,272.7,0.0,77.3,15.2,15.2,15.2,0.39,99.86
59,2025-04-15 16:00:00,7.42,2.34,322.2,0.0,71.5,17.1,17.1,17.1,0.56,99.81
59,2025-04-15 17:00:00,3.74,1.66,72.6,0.0,71.6,16.4,16.4,16.4,0.53,99.79
59,2025-04-15 18:00:00,2.02,1.3,5.5,0.0,78.7,14.7,14.7,14.7,0.36,99.82
59,2025-04-15 21:00:00,3.82,2.7,0.0,0.0,92.9,8.2,8.97,9.6,0.08,99.84
59,2025-04-15 22:00:00,3.13,2.02,0.0,0.0,94.7,6.8,6.8,6.8,0.05,99.85
59,2025-04-16 01:00:00,3.92,2.27,0.0,0.0,94.2,5.6,5.95,6.3,0.06,99.82
59,2025-04-16 02:00:00,4.39,2.77,0.0,0.0,96.1,5.1,5.1,5.1,0.03,99.81
59,2025-04-16 03:00:00,3.64,2.3,0.0,0.0,93.0,4.8,4.8,4.8,0.06,99.76
59,2025-04-16 04:00:00,2.84,1.33,0.0,0.0,95.7,6.0,6.0,6.0,0.04,99.76
59,2025-04-16 05:00:00,3.17,1.44,0.0,0.0,96.2,6.9,6.9,6.9,0.04,99.78
59,2025-04-16 06:00:00,5.11,1.8,0.0,0.0,97.2,7.0,7.0,7.0,0.03,99.8
59,2025-04-16 07:00:00,6.08,2.7,8.3,0.0,99.9,5.5,5.5,5.5,0.0,99.8
59,2025-04-16 08:00:00,2.95,1.15,84.1,0.0,99.8,5.9,5.9,5.9,0.0,99.85
59,2025-04-16 09:00:00,5.26,2.12,166.1,0.02,99.9,7.3,7.3,7.3,0.0,99.9
59,2025-04-16 10:00:00,5.22,1.94,239.1,0.0,100.0,8.6,8.6,8.6,0.0,99.92
59,2025-04-16 11:00:00,8.75,3.24,541.9,0.0,86.7,13.7,13.7,13.7,0.21,99.92
59,2025-04-16 12:00:00,10.66,2.99,549.8,0.0,71.2,17.3,17.3,17.3,0.57,99.88
59,2025-04-16 13:00:00,10.26,3.38,466.1,0.0,55.5,18.6,18.6,18.6,0.95,99.84
59,2025-04-16 14:00:00,10.04,3.92,567.4,0.0,52.9,20.2,20.2,20.2,1.12,99.77
59,2025-04-16 15:00:00,9.54,2.88,458.2,0.0,50.0,21.5,21.5,21.5,1.28,99.73
59,2025-04-16 16:00:00,4.72,1.91,259.2,0.0,51.2,21.5,21.5,21.5,1.25,99.72
59,2025-04-16 19:00:00,2.95,1.78,4.2,0.0,69.9,15.3,16.3,17.3,0.57,99.76
59,2025-04-16 20:00:00,7.02,1.94,0.0,0.0,75.0,15.4,15.4,15.4,0.44,99.82
59,2025-04-16 21:00:00,7.74,2.3,0.0,0.0,79.4,15.0,15.0,15.0,0.35,99.85
59,2025-04-16 22:00:00,4.9,1.76,0.0,0.0,82.4,14.1,14.1,14.1,0.28,99.86
59,2025-04-17 01:00:00,8.06,2.09,0.0,0.0,87.4,12.5,12.5,12.5,0.19,99.8
59,2025-04-17 02:00:00,10.55,3.1,0.0,0.0,88.0,12.6,12.6,12.6,0.18,99.82
59,2025-04-17 03:00:00,2.16,0.97,0.0,0.0,91.5,11.6,11.6,11.6,0.12,99.78
59,2025-04-17 04:00:00,3.13,1.3,0.0,0.0,92.3,11.3,11.3,11.3,0.1,99.73
59,2025-04-17 05:00:00,5.11,2.05,0.0,0.0,93.3,12.2,12.2,12.2,0.1,99.77
59,2025-04-17 06:00:00,6.3,1.69,0.0,0.0,92.4,12.4,12.4,12.4,0.11,99.8
59,2025-04-17 07:00:00,4.28,1.66,0.8,0.0,91.8,12.2,12.2,12.2,0.12,99.84
59,2025-04-17 08:00:00,7.38,2.12,11.7,0.0,92.2,11.9,11.9,11.9,0.11,99.89
59,2025-04-17 09:00:00,7.85,3.17,94.2,0.0,90.8,12.2,12.2,12.2,0.13,99.93
59,2025-04-17 10:00:00,12.42,3.1,178.8,0.0,87.4,13.1,13.1,13.1,0.19,99.95
59,2025-04-17 11:00:00,8.71,4.03,422.8,0.0,79.8,14.5,14.5,14.5,0.33,99.94
59,2025-04-17 12:00:00,10.94,4.72,604.2,0.0,62.2,18.1,18.1,18.1,0.79,99.87
59,2025-04-17 13:00:00,15.88,4.55,611.3,0.0,61.75,17.3,18.23,18.8,0.81,99.86
59,2025-04-17 14:00:00,15.59,4.3,604.7,0.0,52.98,19.2,19.85,20.3,1.09,99.77
59,2025-04-17 15:00:00,17.1,3.77,559.5,0.0,49.05,20.4,20.73,21.0,1.25,99.71
59,2025-04-17 16:00:00,12.42,3.04,466.8,0.0,46.88,21.1,21.35,21.6,1.35,99.68
59,2025-04-17 17:00:00,13.57,2.81,347.1,0.0,46.35,21.1,21.28,21.4,1.36,99.66
59,2025-04-17 18:00:00,8.21,2.0,166.4,0.0,49.45,19.3,20.05,20.7,1.19,99.68
59,2025-04-17 19:00:00,4.68,1.23,22.1,0.0,56.38,14.6,16.13,18.0,0.81,99.73
59,2025-04-17 20:00:00,4.07,1.01,0.0,0.0,64.25,12.3,12.98,13.8,0.54,99.77
59,2025-04-17 21:00:00,12.71,1.85,0.0,0.0,67.15,12.2,12.38,12.6,0.47,99.8
59,2025-04-17 22:00:00,10.04,1.87,0.0,0.0,71.33,11.1,11.65,12.2,0.39,99.82
59,2025-04-17 23:00:00,4.21,1.31,0.0,0.0,77.95,9.6,10.13,10.8,0.28,99.82
59,2025-04-18 00:00:00,4.54,1.08,0.0,0.0,82.68,8.6,8.95,9.3,0.2,99.8
59,2025-04-18 01:00:00,5.26,1.66,0.0,0.0,84.98,8.4,8.43,8.5,0.17,99.77
59,2025-04-18 02:00:00,6.44,1.47,0.0,0.0,87.75,7.4,7.93,8.4,0.13,99.78
59,2025-04-18 03:00:00,3.35,1.51,0.0,0.0,90.2,6.5,6.83,7.2,0.1,99.75
59,2025-04-18 04:00:00,4.1,1.17,0.0,0.0,91.53,5.6,5.85,6.2,0.08,99.7
59,2025-04-18 05:00:00,5.22,1.9,0.0,0.0,92.2,5.1,5.45,5.7,0.07,99.67
59,2025-04-18 06:00:00,3.67,2.49,0.0,0.0,95.2,3.4,4.0,4.7,0.04,99.66
59,2025-04-18 07:00:00,3.42,2.15,0.0,0.0,93.43,3.1,3.35,3.9,0.05,99.66
59,2025-04-18 08:00:00,7.16,1.96,15.3,0.0,92.8,4.5,5.58,6.4,0.06,99.73
59,2025-04-18 09:00:00,10.44,3.47,55.9,0.0,96.43,6.5,6.6,6.7,0.03,99.78
59,2025-04-18 10:00:00,7.99,3.22,101.1,0.0,96.78,6.7,6.93,7.2,0.03,99.77
59,2025-04-18 11:00:00,12.1,3.16,298.4,0.0,93.5,7.3,7.78,8.3,0.07,99.79
59,2025-04-18 12:00:00,14.62,4.91,578.1,0.0,82.6,9.0,10.05,11.1,0.22,99.78
59,2025-04-18 13:00:00,11.56,3.98,601.5,0.0,68.48,11.6,12.95,13.9,0.48,99.75
59,2025-04-18 14:00:00,15.16,3.78,610.5,0.0,56.63,14.6,15.38,16.2,0.76,99.69
59,2025-04-18 15:00:00,12.6,3.78,560.1,0.0,54.2,16.7,17.08,17.6,0.9,99.64
59,2025-04-18 16:00:00,8.86,3.25,462.4,0.0,53.1,18.0,18.38,18.9,0.99,99.61
59,2025-04-18 17:00:00,9.72,2.37,323.1,0.0,53.63,19.1,19.35,19.6,1.04,99.61
59,2025-04-18 18:00:00,6.08,1.56,164.1,0.0,55.95,18.3,19.0,19.4,0.97,99.62
59,2025-04-18 19:00:00,4.07,2.78,11.1,0.0,71.58,12.1,13.85,15.7,0.46,99.66
59,2025-04-18 20:00:00,4.93,3.25,0.0,0.0,81.63,9.6,10.6,11.5,0.24,99.69
59,2025-04-18 21:00:00,5.69,3.85,0.0,0.0,86.33,8.2,8.58,9.2,0.15,99.7
59,2025-04-18 22:00:00,4.86,2.33,0.0,0.0,88.03,6.9,7.38,8.1,0.12,99.7
59,2025-04-18 23:00:00,4.61,2.88,0.0,0.0,90.58,6.0,6.4,6.8,0.09,99.71
59,2025-04-19 00:00:00,4.93,3.26,0.0,0.0,92.1,5.4,5.58,5.7,0.07,99.7
59,2025-04-19 01:00:00,4.39,2.87,0.0,0.0,92.6,5.0,5.35,5.6,0.07,99.67
59,2025-04-19 02:00:00,3.74,2.05,0.0,0.0,92.83,4.6,4.78,4.9,0.06,99.61
59,2025-04-19 03:00:00,4.64,2.61,0.0,0.0,93.53,4.2,4.43,4.6,0.05,99.56
59,2025-04-19 04:00:00,4.14,2.74,0.0,0.0,94.7,3.7,3.85,4.0,0.04,99.51
59,2025-04-19 05:00:00,3.46,2.49,0.0,0.0,94.28,3.2,3.48,3.7,0.04,99.49
59,2025-04-19 06:00:00,3.06,1.6,0.0,0.0,94.03,2.8,3.0,3.2,0.05,99.49
59,2025-04-19 07:00:00,4.07,1.9,0.0,0.0,95.05,2.0,2.35,2.7,0.04,99.5
59,2025-04-19 08:00:00,3.06,1.42,55.6,0.0,93.38,2.0,2.45,3.2,0.05,99.51
59,2025-04-19 09:00:00,3.6,1.12,205.2,0.0,98.0,4.1,5.8,7.6,0.02,99.59
59,2025-04-19 10:00:00,9.86,3.03,362.7,0.0,95.6,8.6,10.05,11.2,0.06,99.66
59,2025-04-19 11:00:00,9.22,3.46,487.3,0.0,82.08,12.0,12.8,13.5,0.27,99.65
59,2025-04-19 12:00:00,9.29,3.52,561.1,0.0,71.55,14.6,15.25,16.0,0.5,99.63
59,2025-04-19 13:00:00,12.17,3.4,596.5,0.0,62.28,16.7,17.7,18.8,0.77,99.58
59,2025-04-19 14:00:00,12.35,3.38,592.8,0.0,54.5,19.3,20.08,20.9,1.07,99.49
59,2025-04-19 15:00:00,10.01,3.34,549.3,0.0,53.08,21.3,21.85,22.2,1.23,99.43
59,2025-04-19 16:00:00,9.5,2.76,449.3,0.0,49.65,22.3,22.48,22.6,1.37,99.43
59,2025-04-19 17:00:00,8.32,1.94,329.7,0.0,46.1,22.6,22.93,23.1,1.51,99.43
59,2025-04-19 18:00:00,4.43,1.17,124.6,0.0,51.48,20.5,21.75,22.4,1.27,99.44
59,2025-04-19 19:00:00,4.39,2.75,10.2,0.0,66.3,14.7,16.28,18.3,0.63,99.47
59,2025-04-19 20:00:00,6.3,3.61,0.0,0.0,74.23,12.2,13.05,13.8,0.39,99.48
59,2025-04-19 21:00:00,4.18,2.43,0.0,0.0,82.2,10.0,10.58,11.4,0.23,99.51
59,2025-04-19 22:00:00,5.29,2.87,0.0,0.0,86.73,8.9,9.23,9.6,0.16,99.49
59,2025-04-19 23:00:00,4.36,2.38,0.0,0.0,88.75,7.9,8.2,8.5,0.12,99.49
59,2025-04-20 00:00:00,4.68,2.3,0.0,0.0,90.6,7.2,7.4,7.7,0.1,99.49
59,2025-04-20 01:00:00,5.11,3.25,0.0,0.0,91.53,7.0,7.18,7.5,0.09,99.49
59,2025-04-20 02:00:00,4.07,2.05,0.0,0.0,92.28,6.9,7.0,7.1,0.08,99.48
59,2025-04-20 03:00:00,4.21,2.12,0.0,0.0,92.68,6.6,6.73,6.8,0.07,99.47
59,2025-04-20 04:00:00,5.47,3.11,0.0,0.0,94.13,5.6,5.93,6.4,0.05,99.42
59,2025-04-20 05:00:00,5.36,2.75,0.0,0.0,93.08,5.6,5.63,5.7,0.07,99.47
59,2025-04-20 06:00:00,6.77,3.36,0.0,0.0,94.08,4.9,5.3,5.6,0.05,99.57
59,2025-04-20 07:00:00,5.29,2.65,0.0,0.0,94.8,4.1,4.6,5.0,0.05,99.59
59,2025-04-20 08:00:00,2.81,1.29,56.1,0.0,93.48,3.6,3.98,4.7,0.05,99.55
59,2025-04-20 09:00:00,6.05,1.68,203.3,0.0,94.68,6.0,7.83,9.5,0.06,99.62
59,2025-04-20 10:00:00,7.78,2.27,357.9,0.0,87.3,10.5,11.95,13.3,0.18,99.67
59,2025-04-20 11:00:00,10.12,3.32,482.4,0.0,71.73,14.2,15.38,16.4,0.5,99.7
59,2025-04-20 12:00:00,10.19,3.12,563.5,0.0,61.9,16.8,17.83,18.8,0.78,99.71
59,2025-04-20 13:00:00,8.32,2.85,587.5,0.0,53.9,19.8,20.23,20.9,1.09,99.67
59,2025-04-20 14:00:00,8.71,3.06,582.3,0.0,49.2,21.5,22.08,22.7,1.35,99.61
59,2025-04-20 15:00:00,9.97,3.22,534.1,0.0,45.65,23.2,23.43,23.6,1.57,99.57
59,2025-04-20 16:00:00,12.49,3.53,420.7,0.0,42.85,23.7,23.85,24.0,1.69,99.61
59,2025-04-20 17:00:00,6.23,1.68,294.6,0.0,41.08,23.8,23.9,24.1,1.75,99.61
59,2025-04-20 18:00:00,3.49,1.32,94.9,0.0,52.63,19.3,21.25,23.1,1.21,99.61
59,2025-04-20 19:00:00,4.07,2.78,5.9,0.0,65.0,15.0,16.4,18.0,0.66,99.63
59,2025-04-20 20:00:00,4.9,3.62,0.0,0.0,70.8,13.5,14.0,14.5,0.47,99.65
59,2025-04-20 21:00:00,4.21,2.42,0.0,0.0,75.8,12.0,12.48,13.3,0.35,99.66
59,2025-04-20 22:00:00,4.54,3.04,0.0,0.0,84.03,9.9,10.5,10.9,0.2,99.67
59,2025-04-20 23:00:00,4.72,3.02,0.0,0.0,86.83,9.0,9.08,9.2,0.15,99.68
59,2025-04-21 00:00:00,4.68,2.8,0.0,0.0,89.2,8.0,8.4,8.7,0.12,99.68
59,2025-04-21 01:00:00,4.1,2.65,0.0,0.0,90.6,7.2,7.6,7.9,0.1,99.67
59,2025-04-21 02:00:00,3.71,2.26,0.0,0.0,91.48,6.9,6.98,7.1,0.09,99.65
59,2025-04-21 03:00:00,3.82,2.31,0.0,0.0,92.95,6.9,6.95,7.0,0.07,99.64
59,2025-04-21 04:00:00,3.92,1.91,0.0,0.0,93.0,7.0,7.1,7.2,0.07,99.62
59,2025-04-21 05:00:00,3.74,2.05,0.0,0.0,93.7,7.4,7.5,7.6,0.07,99.63
59,2025-04-21 06:00:00,4.18,2.4,0.0,0.0,93.7,7.6,7.73,7.8,0.07,99.67
59,2025-04-21 07:00:00,5.94,1.72,0.0,0.0,93.18,7.7,8.05,8.5,0.07,99.68
59,2025-04-21 08:00:00,6.12,1.96,15.9,0.0,93.3,8.3,8.4,8.5,0.07,99.72
59,2025-04-21 09:00:00,5.15,2.13,73.6,0.0,91.68,8.8,9.35,10.0,0.1,99.8
59,2025-04-21 10:00:00,8.35,2.5,145.1,0.0,87.53,10.4,10.95,11.4,0.16,99.84
59,2025-04-21 11:00:00,8.21,2.49,335.4,0.0,83.85,11.7,12.55,13.5,0.24,99.82
59,2025-04-21 12:00:00,10.01,2.81,221.3,0.0,77.5,13.8,14.15,14.6,0.37,99.83
59,2025-04-21 13:00:00,8.5,2.43,289.9,0.0,72.43,15.0,15.68,16.2,0.49,99.81
59,2025-04-21 14:00:00,6.37,2.13,259.9,0.0,65.75,16.5,16.85,17.3,0.66,99.79
59,2025-04-21 15:00:00,5.94,1.79,222.3,0.0,60.08,17.7,17.95,18.3,0.82,99.75
59,2025-04-21 16:00:00,4.18,1.47,160.3,0.0,57.18,18.4,18.55,18.7,0.92,99.74
59,2025-04-21 17:00:00,4.9,1.36,127.8,0.0,58.25,18.3,18.6,18.8,0.9,99.72
59,2025-04-21 18:00:00,2.27,1.34,33.8,0.0,67.9,16.2,16.9,17.7,0.62,99.73
59,2025-04-21 19:00:00,3.42,1.71,3.0,0.0,75.98,14.6,15.05,15.5,0.41,99.71
59,2025-04-21 20:00:00,2.77,1.59,0.0,0.0,77.83,14.1,14.33,14.6,0.37,99.75
59,2025-04-21 21:00:00,3.17,1.96,0.0,0.0,81.1,13.5,13.98,14.5,0.3,99.78
59,2025-04-21 22:00:00,2.41,1.42,0.0,0.0,85.48,13.0,13.1,13.3,0.22,99.76
59,2025-04-21 23:00:00,2.99,1.77,0.0,0.0,87.38,12.6,12.75,12.9,0.19,99.74
59,2025-04-22 00:00:00,3.6,2.04,0.0,0.0,88.88,11.5,12.03,12.5,0.16,99.68
59,2025-04-22 01:00:00,4.25,2.13,0.0,0.0,91.03,10.6,10.83,11.2,0.12,99.66
59,2025-04-22 02:00:00,4.64,2.32,0.0,0.0,92.73,9.6,9.88,10.4,0.09,99.7
59,2025-04-22 03:00:00,5.29,2.41,0.0,0.0,90.33,10.2,11.0,11.4,0.13,99.69
59,2025-04-22 04:00:00,2.34,1.11,0.0,0.0,91.48,10.7,10.88,11.1,0.11,99.67
59,2025-04-22 05:00:00,4.21,2.28,0.0,0.0,92.35,10.5,10.68,10.9,0.1,99.67
59,2025-04-22 06:00:00,5.26,2.93,0.0,0.0,92.2,10.2,10.33,10.5,0.1,99.71
59,2025-04-22 07:00:00,3.6,1.89,0.0,0.0,92.35,10.2,10.25,10.4,0.09,99.74
59,2025-04-22 08:00:00,2.7,1.16,34.2,0.0,93.18,10.0,10.23,10.4,0.08,99.78
59,2025-04-22 09:00:00,3.82,1.36,145.5,0.0,90.53,10.7,11.55,12.7,0.13,99.83
59,2025-04-22 10:00:00,9.25,2.93,224.8,0.0,77.53,13.7,14.8,15.7,0.38,99.82
59,2025-04-22 11:00:00,11.05,3.89,299.3,0.0,69.7,16.2,16.85,17.4,0.59,99.8
59,2025-04-22 12:00:00,9.68,3.28,348.7,0.0,62.6,17.7,18.28,18.8,0.79,99.81
59,2025-04-22 13:00:00,7.09,2.47,510.2,0.0,54.88,19.4,20.15,20.9,1.07,99.78
59,2025-04-22 14:00:00,6.3,2.01,390.7,0.0,57.33,21.2,21.33,21.4,1.08,99.76
59,2025-04-22 15:00:00,5.08,1.89,110.1,0.0,62.95,19.4,20.15,20.9,0.88,99.74
59,2025-04-22 16:00:00,5.18,1.56,52.9,0.0,67.38,18.8,19.0,19.2,0.72,99.73
59,2025-04-22 17:00:00,3.2,1.05,45.7,0.0,71.15,18.3,18.48,18.7,0.62,99.76
59,2025-04-22 18:00:00,2.81,1.06,12.9,0.0,76.58,17.0,17.5,18.0,0.47,99.78
59,2025-04-22 19:00:00,4.9,1.72,0.9,0.0,84.15,16.0,16.33,16.7,0.3,99.81
59,2025-04-22 20:00:00,5.51,2.28,0.0,0.21,87.58,15.6,15.88,16.0,0.22,99.83
59,2025-04-22 21:00:00,3.74,1.89,0.0,0.02,91.38,15.2,15.35,15.4,0.15,99.82
59,2025-04-22 22:00:00,2.7,1.23,0.0,0.0,92.55,15.1,15.2,15.3,0.13,99.83
59,2025-04-22 23:00:00,3.35,1.24,0.0,0.0,94.05,14.5,14.8,15.0,0.1,99.81
59,2025-04-23 00:00:00,3.78,1.56,0.0,0.0,94.6,13.8,14.0,14.2,0.09,99.77
59,2025-04-23 01:00:00,3.1,1.39,0.0,0.0,94.7,14.0,14.05,14.1,0.09,99.73
59,2025-04-23 02:00:00,3.2,1.24,0.0,0.0,95.5,13.4,13.7,14.0,0.07,99.69
59,2025-04-23 03:00:00,4.0,2.1,0.0,0.02,96.13,12.3,12.73,13.1,0.06,99.65
59,2025-04-23 04:00:00,2.7,1.14,0.0,0.02,96.45,11.5,11.78,12.2,0.05,99.59
59,2025-04-23 05:00:00,3.56,1.39,0.0,0.02,95.63,11.2,11.63,12.0,0.06,99.57
59,2025-04-23 06:00:00,2.81,1.28,0.0,0.02,96.65,11.6,11.78,12.0,0.05,99.58
59,2025-04-23 07:00:00,3.56,1.35,0.0,0.0,96.88,12.2,12.28,12.4,0.04,99.59
59,2025-04-23 08:00:00,4.9,1.41,18.6,0.04,96.83,12.6,12.78,12.9,0.05,99.6
59,2025-04-23 09:00:00,7.96,2.12,61.1,0.02,97.85,13.0,13.43,13.8,0.03,99.61
59,2025-04-23 10:00:00,7.06,1.9,71.5,0.0,99.4,13.9,14.03,14.1,0.01,99.63
59,2025-04-23 11:00:00,3.74,1.14,79.2,0.0,99.78,14.2,14.25,14.3,0.0,99.65
59,2025-04-23 12:00:00,4.18,1.25,140.0,0.0,99.98,14.3,14.43,14.6,0.0,99.68
59,2025-04-23 13:00:00,6.77,1.94,163.4,0.0,96.83,15.5,15.8,16.0,0.06,99.7
59,2025-04-23 14:00:00,9.0,3.0,286.5,0.0,92.2,16.2,16.7,17.2,0.15,99.65
59,2025-04-23 15:00:00,8.71,2.74,202.3,0.0,85.68,17.4,17.95,18.4,0.3,99.62
59,2025-04-23 16:00:00,7.31,1.87,141.2,0.0,81.73,18.5,18.78,19.0,0.4,99.63
59,2025-04-23 17:00:00,3.67,1.3,57.7,0.0,82.15,18.8,18.93,19.0,0.39,99.64
59,2025-04-23 18:00:00,5.69,1.91,91.9,0.08,86.85,18.4,18.78,19.2,0.29,99.64
59,2025-04-23 19:00:00,5.18,1.88,5.3,0.0,84.13,17.8,18.18,18.7,0.34,99.66
59,2025-04-23 20:00:00,4.32,1.32,0.0,0.0,88.08,16.7,17.15,17.7,0.24,99.71
59,2025-04-23 21:00:00,6.01,1.47,0.0,0.0,89.95,16.1,16.75,17.3,0.19,99.76
59,2025-04-23 22:00:00,8.57,1.59,0.0,0.36,91.58,16.1,16.25,16.4,0.16,99.8
59,2025-04-23 23:00:00,1.8,0.76,0.0,0.0,93.75,15.7,15.75,15.8,0.11,99.83
59,2025-04-24 00:00:00,2.95,1.3,0.0,0.0,94.03,15.1,15.43,15.7,0.11,99.85
59,2025-04-24 01:00:00,3.74,1.32,0.0,0.02,93.65,15.0,15.05,15.1,0.11,99.81
59,2025-04-24 02:00:00,3.89,0.96,0.0,0.0,94.4,15.0,15.1,15.2,0.1,99.79
59,2025-04-24 03:00:00,2.34,0.69,0.0,0.0,95.0,14.9,14.93,15.0,0.09,99.76
59,2025-04-24 04:00:00,3.82,1.39,0.0,0.0,94.48,14.7,14.78,14.8,0.1,99.69
59,2025-04-24 05:00:00,5.83,1.46,0.0,0.0,94.38,14.6,14.63,14.7,0.1,99.68
59,2025-04-24 06:00:00,5.76,1.63,0.0,0.0,94.18,14.2,14.43,14.6,0.1,99.68
59,2025-04-24 07:00:00,5.0,1.31,0.0,0.0,94.1,13.7,13.9,14.1,0.1,99.68
59,2025-04-24 08:00:00,5.54,1.03,24.4,0.0,94.68,13.0,13.2,13.5,0.08,99.69
59,2025-04-24 09:00:00,6.84,1.89,98.1,0.0,93.65,13.2,13.85,14.2,0.1,99.72
59,2025-04-24 10:00:00,16.52,4.21,331.3,0.0,86.43,14.7,15.68,16.8,0.25,99.75
59,2025-04-24 11:00:00,17.82,6.39,497.5,0.0,76.3,17.6,17.98,18.2,0.49,99.72
59,2025-04-24 12:00:00,20.45,8.28,523.8,0.0,68.38,17.9,18.68,19.2,0.68,99.71
59,2025-04-24 13:00:00,18.86,6.64,475.7,0.0,63.58,18.6,19.15,20.0,0.81,99.67
59,2025-04-24 14:00:00,24.73,9.27,593.7,0.0,55.2,20.2,20.9,21.4,1.11,99.58
59,2025-04-24 15:00:00,24.12,8.28,496.8,0.0,53.1,21.1,21.38,21.5,1.2,99.58
59,2025-04-24 16:00:00,22.46,8.47,482.7,0.0,53.08,21.2,21.43,21.6,1.2,99.56
59,2025-04-24 17:00:00,20.77,8.31,290.5,0.0,54.68,20.7,21.0,21.2,1.13,99.56
59,2025-04-24 18:00:00,14.44,5.94,120.7,0.0,58.28,19.0,19.83,20.5,0.97,99.6
59,2025-04-24 19:00:00,16.16,6.85,4.1,0.0,64.0,16.7,17.25,18.0,0.71,99.7
59,2025-04-24 20:00:00,15.59,5.11,0.0,0.0,67.78,15.7,16.05,16.4,0.59,99.73
59,2025-04-24 21:00:00,16.85,4.77,0.0,0.0,70.78,14.8,15.13,15.5,0.51,99.73
59,2025-04-24 22:00:00,12.17,4.09,0.0,0.0,72.6,14.6,14.73,14.9,0.46,99.73
59,2025-04-24 23:00:00,10.19,2.37,0.0,0.0,72.18,14.5,14.8,15.0,0.47,99.7
59,2025-04-25 00:00:00,16.99,3.85,0.0,0.0,70.23,14.5,14.8,15.3,0.5,99.6
59,2025-04-25 01:00:00,11.77,3.66,0.0,2.02,70.05,13.6,14.88,15.4,0.51,99.53
59,2025-04-25 02:00:00,15.77,3.62,0.0,10.63,91.93,11.7,11.85,12.3,0.11,99.62
59,2025-04-25 03:00:00,12.74,3.95,0.0,2.64,94.58,11.6,11.68,11.7,0.07,99.55
59,2025-04-25 04:00:00,16.34,2.38,0.0,3.45,95.45,11.5,11.55,11.6,0.06,99.52
59,2025-04-25 05:00:00,9.04,2.21,0.0,3.06,95.6,11.7,11.78,11.9,0.06,99.54
59,2025-04-25 06:00:00,10.26,2.32,0.0,0.22,96.23,12.0,12.1,12.2,0.05,99.57
59,2025-04-25 07:00:00,5.62,1.88,0.0,0.56,96.98,12.0,12.13,12.2,0.04,99.64
59,2025-04-25 08:00:00,4.5,1.5,13.4,0.02,96.78,11.6,11.73,11.9,0.04,99.68
59,2025-04-25 09:00:00,2.88,0.86,191.6,0.0,97.63,11.6,11.8,12.3,0.03,99.74
59,2025-04-25 10:00:00,7.6,2.48,337.2,0.02,98.73,13.0,13.68,14.3,0.02,99.8
59,2025-04-25 11:00:00,7.88,2.97,471.3,0.0,87.88,14.7,15.23,15.7,0.21,99.85
59,2025-04-25 12:00:00,11.45,3.67,536.1,0.0,73.45,15.8,16.25,16.6,0.49,99.89
59,2025-04-25 13:00:00,15.73,4.57,676.9,0.0,62.8,16.0,16.98,17.5,0.72,99.88
59,2025-04-25 14:00:00,13.79,4.88,607.3,0.0,57.4,17.0,17.8,18.3,0.87,99.9
59,2025-04-25 15:00:00,10.8,3.95,540.8,0.0,54.93,18.2,18.48,18.7,0.96,99.91
59,2025-04-25 16:00:00,10.22,2.83,375.5,0.0,55.65,18.4,18.68,19.0,0.96,99.94
59,2025-04-25 17:00:00,5.26,1.44,198.1,0.0,56.23,17.9,18.23,18.4,0.92,99.99
59,2025-04-25 18:00:00,3.31,1.89,32.6,0.0,65.68,15.1,16.33,17.9,0.65,100.04
59,2025-04-25 19:00:00,8.93,2.73,3.1,0.0,75.85,13.2,13.83,14.4,0.39,100.08
59,2025-04-25 20:00:00,8.5,2.78,0.0,0.0,84.65,11.9,12.3,12.8,0.22,100.11
59,2025-04-25 21:00:00,6.73,1.62,0.0,0.0,88.45,10.4,10.98,11.4,0.15,100.12
59,2025-04-25 22:00:00,2.77,1.33,0.0,0.0,90.7,9.4,9.73,10.1,0.11,100.13
59,2025-04-25 23:00:00,2.12,1.19,0.0,0.0,92.38,8.8,8.9,9.1,0.09,100.13
59,2025-04-26 00:00:00,3.2,1.77,0.0,0.0,93.45,8.2,8.4,8.7,0.07,100.13
59,2025-04-26 01:00:00,2.38,1.5,0.0,0.0,93.75,7.7,7.88,8.1,0.07,100.12
59,2025-04-26 02:00:00,2.81,1.44,0.0,0.0,93.6,7.3,7.35,7.4,0.07,100.1
59,2025-04-26 03:00:00,2.99,1.78,0.0,0.0,95.73,6.0,6.45,7.0,0.04,100.09
59,2025-04-26 04:00:00,2.77,1.28,0.0,0.0,93.88,5.7,5.75,5.8,0.06,100.05
59,2025-04-26 05:00:00,2.66,1.8,0.0,0.0,94.3,5.3,5.5,5.7,0.05,100.03
59,2025-04-26 06:00:00,4.07,1.83,0.0,0.0,94.73,5.0,5.1,5.2,0.05,100.02
59,2025-04-26 07:00:00,5.94,2.23,0.0,0.0,93.8,5.4,6.2,6.8,0.06,100.03
59,2025-04-26 08:00:00,8.32,2.44,13.0,0.0,97.1,7.0,7.1,7.2,0.03,100.06
59,2025-04-26 09:00:00,7.24,2.23,76.9,0.0,99.15,7.2,7.3,7.4,0.01,100.1
59,2025-04-26 10:00:00,7.92,2.61,177.0,0.0,99.98,7.4,7.53,7.7,0.0,100.14
59,2025-04-26 11:00:00,9.94,3.19,262.0,0.0,99.85,7.8,8.38,8.9,0.0,100.14
59,2025-04-26 12:00:00,10.15,3.68,364.5,0.0,98.25,9.4,9.63,9.8,0.02,100.14
59,2025-04-26 13:00:00,12.78,4.4,540.3,0.0,90.03,10.1,11.35,12.5,0.14,100.1
59,2025-04-26 14:00:00,14.47,4.65,549.5,0.0,79.2,13.1,14.03,14.8,0.34,100.05
59,2025-04-26 15:00:00,14.33,3.98,505.5,0.0,67.78,15.2,16.13,16.9,0.59,100.01
59,2025-04-26 16:00:00,11.09,3.09,410.6,0.0,60.53,17.2,17.5,17.8,0.79,99.98
59,2025-04-26 17:00:00,11.16,3.16,277.5,0.0,57.55,17.3,17.5,17.7,0.85,100.01
59,2025-04-26 18:00:00,9.11,2.13,127.2,0.0,57.28,16.2,16.78,17.1,0.82,100.02
59,2025-04-26 19:00:00,2.84,1.39,4.9,0.0,71.2,11.7,12.95,14.4,0.44,100.05
59,2025-04-26 20:00:00,2.81,1.36,0.0,0.0,79.33,9.8,10.45,11.1,0.26,100.11
59,2025-04-26 21:00:00,2.77,1.58,0.0,0.0,84.4,8.7,9.08,9.4,0.18,100.14
59,2025-04-26 22:00:00,2.77,1.44,0.0,0.0,86.38,7.8,8.2,8.5,0.15,100.16
59,2025-04-26 23:00:00,3.56,2.19,0.0,0.0,89.83,6.9,7.33,7.8,0.11,100.17
59,2025-04-27 00:00:00,3.49,2.21,0.0,0.0,92.35,6.1,6.35,6.6,0.07,100.2
59,2025-04-27 01:00:00,3.31,2.39,0.0,0.0,92.95,5.8,5.98,6.3,0.07,100.2
59,2025-04-27 02:00:00,3.64,2.27,0.0,0.0,93.2,5.6,5.7,5.8,0.07,100.19
59,2025-04-27 03:00:00,3.46,1.88,0.0,0.0,94.68,4.6,4.85,5.3,0.05,100.19
59,2025-04-27 04:00:00,3.31,1.93,0.0,0.0,93.1,4.4,4.55,4.7,0.06,100.14
59,2025-04-27 05:00:00,2.92,2.06,0.0,0.0,94.25,4.2,4.3,4.4,0.05,100.11
59,2025-04-27 06:00:00,3.92,2.34,0.0,0.0,94.03,4.1,4.23,4.3,0.05,100.13
59,2025-04-27 07:00:00,3.82,1.85,0.0,0.0,95.33,3.5,3.55,3.6,0.04,100.13
59,2025-04-27 08:00:00,6.3,1.98,13.3,0.0,93.3,3.9,4.83,5.6,0.06,100.15
59,2025-04-27 09:00:00,6.44,2.66,70.3,0.0,97.63,5.9,6.18,6.5,0.02,100.19
59,2025-04-27 10:00:00,11.05,3.57,119.1,0.0,99.7,6.7,6.9,7.2,0.0,100.2
59,2025-04-27 11:00:00,8.68,3.42,368.5,0.0,99.6,7.6,8.2,9.1,0.0,100.17
59,2025-04-27 12:00:00,10.73,4.06,495.8,0.0,90.65,10.3,11.65,13.2,0.14,100.12
59,2025-04-27 13:00:00,12.53,3.99,525.3,0.0,72.68,13.5,14.85,16.2,0.47,100.06
59,2025-04-27 14:00:00,12.56,3.68,530.9,0.0,61.83,16.9,17.58,18.3,0.77,99.97
59,2025-04-27 15:00:00,13.54,3.35,470.4,0.0,56.95,18.9,19.4,20.0,0.97,99.9
59,2025-04-27 16:00:00,16.96,3.65,400.1,0.0,54.9,19.9,20.28,20.7,1.07,99.87
59,2025-04-27 17:00:00,13.18,2.23,265.9,0.0,56.65,19.8,20.25,20.8,1.03,99.87
59,2025-04-27 18:00:00,6.73,1.37,81.3,0.0,59.7,18.0,18.78,19.3,0.88,99.87
59,2025-04-27 19:00:00,2.59,0.97,4.3,0.0,70.75,13.5,14.98,16.5,0.5,99.89
59,2025-04-27 20:00:00,4.07,1.18,0.0,0.0,78.45,11.9,12.33,12.9,0.31,99.92
59,2025-04-27 21:00:00,3.35,1.67,0.0,0.0,84.25,10.1,10.9,11.5,0.21,99.95
59,2025-04-27 22:00:00,4.61,1.47,0.0,0.0,87.9,9.4,9.63,9.9,0.15,99.95
59,2025-04-27 23:00:00,3.35,1.69,0.0,0.0,88.6,8.8,9.08,9.3,0.13,99.95
59,2025-04-28 00:00:00,3.35,2.04,0.0,0.0,92.0,7.7,8.08,8.4,0.09,99.92
59,2025-04-28 01:00:00,3.2,1.94,0.0,0.0,92.9,6.8,7.18,7.6,0.07,99.88
59,2025-04-28 02:00:00,3.46,2.32,0.0,0.0,94.58,5.7,6.1,6.6,0.05,99.83
59,2025-04-28 03:00:00,3.89,2.62,0.0,0.0,94.9,4.8,5.15,5.5,0.05,99.8
59,2025-04-28 04:00:00,4.03,2.51,0.0,0.0,94.83,4.2,4.48,4.8,0.04,99.74
59,2025-04-28 05:00:00,5.26,1.28,0.0,0.0,91.58,4.9,6.13,7.6,0.08,99.72
59,2025-04-28 06:00:00,6.37,2.19,0.0,0.0,95.7,8.0,8.13,8.2,0.05,99.72
59,2025-04-28 07:00:00,7.02,2.45,0.0,0.0,97.85,7.9,7.98,8.0,0.02,99.72
59,2025-04-28 08:00:00,8.5,2.68,9.2,0.0,97.95,7.7,7.75,7.8,0.02,99.74
59,2025-04-28 09:00:00,8.46,2.93,42.7,0.0,98.85,7.5,7.53,7.6,0.01,99.77
59,2025-04-28 10:00:00,6.23,2.4,61.6,0.0,99.43,7.6,7.73,7.9,0.01,99.78
59,2025-04-28 11:00:00,6.44,2.43,97.2,0.0,99.85,8.0,8.0,8.0,0.0,99.78
59,2025-04-28 12:00:00,7.09,2.51,111.7,0.0,99.8,8.2,8.5,8.7,0.0,99.77
59,2025-04-28 13:00:00,9.9,3.06,133.1,0.0,98.98,8.8,8.9,9.0,0.01,99.76
59,2025-04-28 14:00:00,7.6,2.84,162.6,0.0,95.88,9.4,9.65,9.8,0.05,99.72
59,2025-04-28 15:00:00,10.33,3.51,237.5,0.0,93.48,9.9,10.18,10.6,0.08,99.66
59,2025-04-28 16:00:00,9.36,2.88,402.2,0.0,86.98,10.9,11.9,12.9,0.18,99.65
59,2025-04-28 17:00:00,7.09,2.53,260.4,0.0,79.13,13.2,13.65,13.8,0.33,99.65
59,2025-04-28 18:00:00,3.28,1.58,70.0,0.0,80.08,12.0,12.88,13.4,0.3,99.65
59,2025-04-28 19:00:00,3.85,2.25,4.4,0.0,89.98,8.9,9.83,11.0,0.12,99.63
59,2025-04-28 20:00:00,4.36,2.41,0.0,0.0,92.93,7.4,7.98,8.6,0.08,99.65
59,2025-04-28 21:00:00,4.93,3.02,0.0,0.0,94.18,6.5,6.75,7.1,0.06,99.64
59,2025-04-28 22:00:00,4.43,2.44,0.0,0.0,94.1,6.1,6.5,6.7,0.06,99.63
59,2025-04-28 23:00:00,3.67,1.68,0.0,0.0,94.08,5.4,5.7,5.9,0.05,99.63
59,2025-04-29 00:00:00,4.57,3.01,0.0,0.0,94.48,5.4,5.55,5.8,0.05,99.62
59,2025-04-29 01:00:00,4.28,2.55,0.0,0.0,96.1,4.6,4.88,5.3,0.04,99.61
59,2025-04-29 02:00:00,3.67,2.32,0.0,0.0,94.75,4.2,4.38,4.6,0.05,99.6
59,2025-04-29 03:00:00,3.49,2.01,0.0,0.0,95.65,3.5,3.63,3.8,0.04,99.58
59,2025-04-29 04:00:00,4.72,2.18,0.0,0.0,95.65,2.8,3.08,3.3,0.03,99.56
59,2025-04-29 05:00:00,3.49,2.32,0.0,0.02,95.38,2.5,2.53,2.6,0.03,99.57
59,2025-04-29 06:00:00,3.24,1.68,0.0,0.0,94.63,2.2,2.38,2.6,0.04,99.63
59,2025-04-29 07:00:00,3.85,1.9,0.0,0.04,93.6,3.2,4.03,4.9,0.05,99.71
59,2025-04-29 08:00:00,6.55,2.55,13.5,0.04,94.75,5.6,6.33,6.7,0.05,99.77
59,2025-04-29 09:00:00,5.8,2.14,40.3,0.04,99.03,6.8,6.83,6.9,0.01,99.82
59,2025-04-29 10:00:00,4.93,1.96,73.6,0.02,99.98,6.8,6.93,7.0,0.0,99.88
59,2025-04-29 11:00:00,5.8,2.15,80.3,0.0,99.85,7.1,7.28,7.4,0.0,99.92
59,2025-04-29 12:00:00,5.22,2.02,110.6,0.0,99.95,7.4,7.63,7.8,0.0,99.91
59,2025-04-29 13:00:00,7.09,2.09,134.1,0.0,100.08,7.8,8.1,8.5,0.0,99.89
59,2025-04-29 14:00:00,4.9,1.58,129.3,0.0,99.78,8.6,8.85,9.2,0.0,99.83
59,2025-04-29 15:00:00,7.78,2.34,124.3,0.0,97.45,9.4,9.63,9.8,0.03,99.8
59,2025-04-29 16:00:00,6.98,2.55,132.5,0.0,93.75,10.0,10.28,10.5,0.08,99.76
59,2025-04-29 17:00:00,8.39,2.61,99.7,0.0,90.28,10.7,10.8,10.9,0.12,99.75
59,2025-04-29 18:00:00,6.62,2.61,46.8,0.0,89.88,10.3,10.55,10.8,0.13,99.74
59,2025-04-29 19:00:00,8.39,2.31,0.2,0.0,91.73,9.5,9.78,10.0,0.1,99.74
59,2025-04-29 20:00:00,6.34,2.35,0.0,0.0,93.35,9.2,9.25,9.4,0.08,99.74
59,2025-04-29 21:00:00,7.13,2.57,0.0,0.0,94.55,8.8,8.93,9.0,0.07,99.74
59,2025-04-29 22:00:00,8.17,2.75,0.0,0.0,95.23,8.7,8.75,8.8,0.06,99.73
59,2025-04-29 23:00:00,5.18,2.51,0.0,0.0,95.85,8.5,8.55,8.6,0.05,99.69
59,2025-04-30 00:00:00,5.54,2.43,0.0,0.0,96.28,8.5,8.5,8.5,0.04,99.64
59,2025-04-30 01:00:00,5.15,2.09,0.0,0.0,97.05,8.4,8.4,8.4,0.03,99.6
59,2025-04-30 02:00:00,4.93,1.95,0.0,0.0,97.5,8.2,8.28,8.3,0.03,99.58
59,2025-04-30 03:00:00,5.26,2.15,0.0,0.04,97.35,8.0,8.13,8.2,0.03,99.58
59,2025-04-30 04:00:00,6.37,2.19,0.0,0.06,97.38,7.9,7.98,8.0,0.03,99.56
59,2025-04-30 05:00:00,8.82,2.67,0.0,0.04,97.08,7.9,7.98,8.0,0.03,99.54
59,2025-04-30 06:00:00,7.99,3.28,0.0,0.04,97.08,7.8,7.88,7.9,0.03,99.55
59,2025-04-30 07:00:00,5.54,2.05,0.0,0.06,96.85,8.0,8.1,8.2,0.03,99.6
59,2025-04-30 08:00:00,4.14,1.72,1.5,0.06,97.0,8.3,8.45,8.6,0.03,99.68
59,2025-04-30 09:00:00,8.24,2.78,25.0,0.1,97.85,8.6,8.63,8.7,0.02,99.76
59,2025-04-30 10:00:00,10.73,4.18,85.8,0.08,98.4,8.6,8.75,9.0,0.02,99.77
59,2025-04-30 11:00:00,7.88,3.43,88.7,0.0,98.0,9.4,9.8,10.2,0.03,99.77
59,2025-04-30 12:00:00,7.56,2.56,87.2,0.0,96.58,10.4,10.6,10.8,0.05,99.79
59,2025-04-30 13:00:00,12.06,2.7,91.7,0.0,94.48,11.0,11.28,11.5,0.07,99.79
59,2025-04-30 14:00:00,9.0,3.66,64.9,0.0,93.88,11.0,11.18,11.5,0.08,99.78
59,2025-04-30 15:00:00,8.5,3.24,106.9,0.0,92.73,11.2,11.45,11.6,0.1,99.79
59,2025-04-30 16:00:00,7.52,1.67,64.6,0.0,89.63,11.7,11.78,11.8,0.14,99.8
59,2025-04-30 17:00:00,4.32,1.47,56.0,0.0,87.58,11.9,12.0,12.1,0.18,99.82
59,2025-04-30 18:00:00,4.39,1.86,38.3,0.0,87.28,11.9,12.03,12.1,0.18,99.83
59,2025-04-30 19:00:00,5.69,2.41,0.5,0.0,88.7,11.3,11.5,11.7,0.15,99.85
59,2025-04-30 20:00:00,4.86,2.31,0.0,0.0,90.45,11.1,11.18,11.2,0.13,99.9
59,2025-04-30 21:00:00,4.5,1.99,0.0,0.0,91.73,10.9,11.03,11.2,0.11,99.92
59,2025-04-30 22:00:00,4.97,2.33,0.0,0.0,93.1,10.8,10.83,10.9,0.09,99.93
59,2025-04-30 23:00:00,4.0,2.01,0.0,0.0,92.88,10.9,10.9,10.9,0.09,99.91
59,2025-05-01 00:00:00,4.18,2.24,0.0,0.0,93.63,10.0,10.3,10.7,0.08,99.88
59,2025-05-01 01:00:00,5.44,1.93,0.0,0.0,94.35,9.9,10.0,10.1,0.07,99.87
59,2025-05-01 02:00:00,6.62,3.24,0.0,0.0,94.48,9.6,9.68,9.8,0.07,99.86
59,2025-05-01 03:00:00,8.14,3.69,0.0,0.0,92.43,9.8,9.83,9.9,0.09,99.88
59,2025-05-01 04:00:00,8.06,2.99,0.0,0.0,91.4,9.0,9.5,9.8,0.1,99.9
59,2025-05-01 05:00:00,2.99,1.53,0.0,0.0,94.25,7.1,7.78,8.6,0.06,99.9
59,2025-05-01 06:00:00,5.0,1.76,0.0,0.0,94.65,6.6,6.75,7.0,0.05,99.94
59,2025-05-01 07:00:00,9.47,3.45,0.0,0.0,92.7,7.4,7.63,7.8,0.08,99.97
59,2025-05-01 08:00:00,12.64,4.47,47.3,0.0,90.7,7.3,7.63,8.2,0.1,99.99
59,2025-05-01 09:00:00,8.68,3.34,176.3,0.0,87.5,8.8,9.93,11.0,0.16,100.07
59,2025-05-01 10:00:00,8.93,3.93,307.3,0.0,79.38,11.8,12.63,13.5,0.3,100.12
59,2025-05-01 11:00:00,10.37,3.54,423.3,0.0,71.45,14.0,14.68,15.3,0.48,100.16
59,2025-05-01 12:00:00,12.24,3.54,491.5,0.0,64.4,15.6,16.05,16.3,0.65,100.19
59,2025-05-01 13:00:00,10.62,3.06,516.0,0.0,59.28,16.8,17.33,17.7,0.81,100.18
59,2025-05-01 14:00:00,12.42,3.78,514.3,0.0,56.85,17.9,18.15,18.5,0.9,100.14
59,2025-05-01 15:00:00,16.09,3.53,490.3,0.0,56.6,18.6,18.88,19.2,0.95,100.15
59,2025-05-01 16:00:00,7.52,2.53,334.0,0.0,59.13,18.8,18.88,19.0,0.89,100.17
59,2025-05-01 17:00:00,5.58,1.83,128.3,0.0,61.53,17.2,17.8,18.4,0.79,100.21
59,2025-05-01 18:00:00,6.3,1.83,49.0,0.0,67.0,15.4,16.28,17.0,0.61,100.22
59,2025-05-01 19:00:00,2.81,1.1,2.1,0.0,77.08,13.6,14.13,14.8,0.37,100.21
59,2025-05-01 20:00:00,5.8,1.1,0.0,0.0,80.73,12.5,12.95,13.3,0.29,100.21
59,2025-05-01 21:00:00,4.82,1.89,0.0,0.0,85.33,11.3,11.7,12.1,0.2,100.22
59,2025-05-01 22:00:00,4.97,1.57,0.0,0.0,88.5,10.3,10.58,11.0,0.15,100.24
59,2025-05-01 23:00:00,3.42,1.62,0.0,0.0,91.55,9.1,9.55,10.0,0.1,100.26
59,2025-05-02 00:00:00,2.95,1.49,0.0,0.0,93.0,8.0,8.33,8.6,0.08,100.26
59,2025-05-02 01:00:00,2.88,1.64,0.0,0.0,93.33,7.2,7.63,7.9,0.07,100.25
59,2025-05-02 02:00:00,3.24,2.21,0.0,0.0,95.1,6.1,6.6,7.0,0.05,100.23
59,2025-05-02 03:00:00,4.1,2.5,0.0,0.0,94.13,5.6,6.0,6.7,0.06,100.24
59,2025-05-02 04:00:00,6.19,2.29,0.0,0.0,94.08,7.8,8.25,8.5,0.07,100.22
59,2025-05-02 05:00:00,6.01,2.3,0.0,0.0,97.88,8.4,8.4,8.4,0.03,100.17
59,2025-05-02 06:00:00,7.2,2.25,0.0,0.0,97.9,8.2,8.35,8.4,0.03,100.16
59,2025-05-02 07:00:00,4.97,2.58,0.0,0.0,98.55,7.8,7.93,8.1,0.02,100.16
59,2025-05-02 08:00:00,5.47,1.95,7.3,0.0,98.33,7.4,7.65,7.8,0.02,100.17
59,2025-05-02 09:00:00,5.83,1.98,42.5,0.0,98.83,7.3,7.43,7.5,0.01,100.21
59,2025-05-02 10:00:00,9.11,2.54,97.9,0.0,99.85,7.2,7.3,7.4,0.0,100.22
59,2025-05-02 11:00:00,8.21,3.19,142.7,0.0,100.25,7.6,7.65,7.8,0.0,100.2
59,2025-05-02 12:00:00,5.87,2.17,212.1,0.0,99.9,8.0,8.45,8.8,0.0,100.19
59,2025-05-02 13:00:00,9.97,2.81,399.7,0.0,97.18,9.2,10.05,11.2,0.03,100.17
59,2025-05-02 14:00:00,15.3,4.07,539.7,0.0,84.05,12.0,13.23,14.4,0.25,100.13
59,2025-05-02 15:00:00,16.49,3.84,415.7,0.0,73.68,14.7,14.95,15.3,0.45,100.09
59,2025-05-02 16:00:00,11.48,3.27,337.0,0.0,70.85,15.2,15.43,15.6,0.51,100.07
59,2025-05-02 17:00:00,8.06,2.8,221.3,0.0,68.98,15.8,16.1,16.2,0.57,100.03
59,2025-05-02 18:00:00,5.65,1.8,107.7,0.0,69.05,14.4,15.75,16.4,0.56,100.02
59,2025-05-02 19:00:00,3.46,2.37,1.9,0.0,83.33,10.3,11.45,12.8,0.23,100.02
59,2025-05-02 20:00:00,4.25,3.08,0.0,0.0,90.33,8.0,8.78,9.7,0.11,99.98
59,2025-05-02 21:00:00,5.08,3.3,0.0,0.0,91.78,7.6,7.73,7.9,0.08,99.98
59,2025-05-02 22:00:00,4.46,2.64,0.0,0.0,94.63,6.0,6.5,7.2,0.05,99.95
59,2025-05-02 23:00:00,5.18,2.86,0.0,0.0,93.78,5.6,5.73,5.9,0.06,99.93
59,2025-05-03 00:00:00,3.89,2.51,0.0,0.0,95.0,4.6,4.98,5.3,0.04,99.89
59,2025-05-03 01:00:00,4.54,2.2,0.0,0.0,93.73,4.2,4.23,4.3,0.06,99.85
59,2025-05-03 02:00:00,4.46,2.95,0.0,0.0,95.35,3.6,3.7,3.9,0.04,99.8
59,2025-05-03 03:00:00,4.36,3.03,0.0,0.0,94.4,3.3,3.45,3.6,0.05,99.77
59,2025-05-03 04:00:00,4.46,2.77,0.0,0.0,96.0,2.7,2.98,3.3,0.03,99.74
59,2025-05-03 05:00:00,4.32,2.61,0.0,0.0,95.15,2.3,2.5,2.7,0.04,99.73
59,2025-05-03 06:00:00,3.17,1.55,0.0,0.0,94.88,1.7,1.8,2.0,0.03,99.76
59,2025-05-03 07:00:00,4.39,2.13,0.0,0.02,94.9,1.3,1.43,1.6,0.04,99.76
59,2025-05-03 08:00:00,3.96,1.78,24.2,0.02,94.75,1.0,1.13,1.3,0.04,99.76
59,2025-05-03 09:00:00,7.09,2.65,103.9,0.02,96.78,1.9,2.58,3.3,0.02,99.8
59,2025-05-03 10:00:00,5.08,1.75,201.9,0.0,99.83,3.8,4.38,5.1,0.0,99.86
59,2025-05-03 11:00:00,5.36,1.62,260.5,0.0,100.03,5.8,6.58,7.4,0.0,99.87
59,2025-05-03 12:00:00,9.0,3.4,495.1,0.0,98.68,8.8,9.98,11.0,0.02,99.83
59,2025-05-03 13:00:00,15.48,5.0,509.1,0.0,83.75,12.0,13.18,14.4,0.25,99.83
59,2025-05-03 14:00:00,10.58,3.5,525.5,0.0,68.65,15.6,16.58,17.4,0.6,99.79
59,2025-05-03 15:00:00,10.48,3.45,472.5,0.0,57.18,17.7,18.38,19.0,0.91,99.76
59,2025-05-03 16:00:00,10.33,2.91,334.7,0.0,49.18,19.2,19.58,19.8,1.16,99.76
59,2025-05-03 17:00:00,9.58,2.23,173.3,0.0,54.53,18.8,18.93,19.0,1.0,99.78
59,2025-05-03 18:00:00,3.06,1.29,110.3,0.0,58.88,16.5,18.15,19.1,0.86,99.8
59,2025-05-03 19:00:00,4.03,2.12,0.8,0.0,73.58,12.4,13.55,14.9,0.41,99.82
59,2025-05-03 20:00:00,4.28,2.81,0.0,0.0,82.55,11.0,11.43,12.0,0.24,99.84
59,2025-05-03 21:00:00,5.11,2.96,0.0,0.0,84.53,10.4,10.83,11.2,0.2,99.85
59,2025-05-03 22:00:00,4.39,3.09,0.0,0.0,88.58,9.3,9.68,10.0,0.14,99.85
59,2025-05-03 23:00:00,5.76,3.44,0.0,0.0,89.18,8.8,9.1,9.3,0.12,99.86
59,2025-05-04 00:00:00,7.49,3.37,0.0,0.0,89.35,8.9,9.05,9.2,0.12,99.86
59,2025-05-04 01:00:00,4.75,2.82,0.0,0.0,90.55,8.4,8.73,9.1,0.11,99.87
59,2025-05-04 02:00:00,4.14,2.18,0.0,0.0,91.78,8.4,8.5,8.6,0.09,99.86
59,2025-05-04 03:00:00,2.92,1.54,0.0,0.0,92.55,8.3,8.45,8.6,0.08,99.84
59,2025-05-04 04:00:00,3.06,1.82,0.0,0.0,93.38,8.6,8.65,8.7,0.07,99.83
59,2025-05-04 05:00:00,3.35,1.28,0.0,0.0,93.75,8.7,9.13,9.6,0.07,99.83
59,2025-05-04 06:00:00,2.23,0.88,0.0,0.0,92.98,9.8,10.13,10.4,0.09,99.85
59,2025-05-04 07:00:00,3.31,1.35,0.0,0.0,92.45,10.6,10.73,10.8,0.1,99.87
59,2025-05-04 08:00:00,2.99,1.1,8.5,0.0,95.45,10.7,10.8,10.9,0.06,99.9
59,2025-05-04 09:00:00,3.2,0.73,27.6,0.0,96.65,11.0,11.18,11.4,0.05,99.94
59,2025-05-04 10:00:00,6.41,2.18,98.9,0.0,97.45,11.9,12.0,12.2,0.04,99.97
59,2025-05-04 11:00:00,10.15,2.82,203.1,0.0,95.1,12.6,12.93,13.4,0.08,99.98
59,2025-05-04 12:00:00,16.67,3.96,412.3,0.0,84.5,13.7,14.78,15.7,0.27,99.96
59,2025-05-04 13:00:00,13.39,4.08,528.3,0.0,74.38,16.0,16.45,16.8,0.48,99.94
59,2025-05-04 14:00:00,11.05,4.2,318.3,0.0,76.33,15.9,16.0,16.1,0.43,99.9
59,2025-05-04 15:00:00,13.07,3.6,304.5,0.0,74.75,16.3,16.38,16.5,0.47,99.84
59,2025-05-04 16:00:00,8.89,2.87,220.3,0.0,72.38,16.5,16.88,17.1,0.53,99.81
59,2025-05-04 17:00:00,8.93,2.31,171.5,0.0,71.73,16.6,16.88,17.0,0.54,99.8
59,2025-05-04 18:00:00,3.53,1.06,49.9,0.0,76.38,14.8,15.6,16.3,0.42,99.81
59,2025-05-04 19:00:00,2.7,1.88,0.5,0.0,85.55,12.6,13.25,14.0,0.22,99.86
59,2025-05-04 20:00:00,3.06,1.92,0.0,0.0,90.3,11.4,11.78,12.2,0.14,99.88
59,2025-05-04 21:00:00,3.35,1.04,0.0,0.0,90.63,11.0,11.18,11.4,0.13,99.89
59,2025-05-04 22:00:00,4.93,1.34,0.0,0.0,89.23,9.9,10.35,11.0,0.14,99.9
59,2025-05-04 23:00:00,3.82,0.98,0.0,0.0,89.18,9.4,9.58,9.7,0.13,99.92
59,2025-05-05 00:00:00,2.23,0.88,0.0,0.0,90.63,8.2,8.65,9.1,0.11,99.91
59,2025-05-05 01:00:00,3.24,0.87,0.0,0.0,91.2,7.5,7.75,8.1,0.09,99.87
59,2025-05-05 02:00:00,5.4,1.63,0.0,0.0,91.63,7.7,7.98,8.3,0.09,99.84
59,2025-05-05 03:00:00,7.42,2.75,0.0,0.0,90.25,8.4,8.43,8.5,0.11,99.83
59,2025-05-05 04:00:00,6.91,1.97,0.0,0.0,89.2,8.3,8.33,8.4,0.12,99.8
59,2025-05-05 05:00:00,8.1,2.32,0.0,0.0,88.9,8.4,8.53,8.6,0.12,99.79
59,2025-05-05 06:00:00,7.49,2.51,0.0,0.0,88.7,8.3,8.5,8.6,0.13,99.8
59,2025-05-05 07:00:00,8.39,2.47,0.0,0.0,92.93,7.6,7.8,8.1,0.08,99.82
59,2025-05-05 08:00:00,6.84,2.26,6.7,0.0,94.65,7.5,7.53,7.6,0.06,99.85
59,2025-05-05 09:00:00,5.94,1.92,39.4,0.0,96.23,7.5,7.6,7.7,0.04,99.88
59,2025-05-05 10:00:00,7.02,2.71,74.9,0.0,97.45,7.7,7.78,7.9,0.03,99.91
59,2025-05-05 11:00:00,7.52,2.62,135.1,0.0,97.8,8.1,8.28,8.5,0.03,99.91
59,2025-05-05 12:00:00,8.64,2.81,136.9,0.0,96.33,8.8,9.13,9.5,0.05,99.9
59,2025-05-05 13:00:00,8.46,2.88,162.1,0.0,92.78,9.7,9.9,10.1,0.09,99.87
59,2025-05-05 14:00:00,9.58,3.68,193.1,0.0,90.8,10.1,10.38,10.6,0.12,99.83
59,2025-05-05 15:00:00,11.56,3.48,308.7,0.0,88.03,11.0,11.4,12.0,0.16,99.79
59,2025-05-05 16:00:00,10.19,3.68,362.4,0.0,82.05,12.5,13.08,13.7,0.27,99.76
59,2025-05-05 17:00:00,11.41,2.83,249.7,0.0,75.95,13.8,13.88,14.0,0.38,99.76
59,2025-05-05 18:00:00,4.57,2.1,55.5,0.0,80.43,11.3,12.28,13.4,0.28,99.77
59,2025-05-05 19:00:00,3.92,2.6,3.1,0.0,88.23,9.2,9.9,10.6,0.14,99.78
59,2025-05-05 20:00:00,3.78,2.57,0.0,0.0,92.15,8.2,8.55,8.9,0.09,99.78
59,2025-05-05 21:00:00,3.49,2.24,0.0,0.0,93.35,7.9,7.95,8.0,0.07,99.76
59,2025-05-05 22:00:00,3.67,1.75,0.0,0.0,94.35,7.4,7.48,7.7,0.06,99.75
59,2025-05-05 23:00:00,4.82,2.86,0.0,0.0,94.8,7.1,7.25,7.4,0.05,99.75
59,2025-05-06 00:00:00,4.86,3.04,0.0,0.0,95.5,6.4,6.63,6.8,0.05,99.75
59,2025-05-06 01:00:00,4.39,2.8,0.0,0.0,94.83,6.1,6.38,6.6,0.05,99.74
59,2025-05-06 02:00:00,4.21,2.41,0.0,0.0,95.93,6.2,6.33,6.5,0.04,99.76
59,2025-05-06 03:00:00,3.42,1.95,0.0,0.0,95.8,5.7,5.83,5.9,0.04,99.8
59,2025-05-06 04:00:00,3.31,1.59,0.0,0.0,95.8,5.4,5.43,5.5,0.04,99.76
59,2025-05-06 05:00:00,4.54,1.38,0.0,0.0,95.65,5.5,5.7,5.9,0.04,99.77
59,2025-05-06 06:00:00,5.22,2.42,0.0,0.0,96.58,6.2,6.28,6.4,0.03,99.86
59,2025-05-06 07:00:00,3.71,1.22,0.0,0.0,97.08,6.4,6.4,6.4,0.03,99.89
59,2025-05-06 08:00:00,6.05,1.59,9.2,0.0,96.78,6.4,6.45,6.5,0.03,99.93
59,2025-05-06 09:00:00,6.91,2.16,31.9,0.0,97.85,6.6,6.78,7.0,0.02,99.99
59,2025-05-06 10:00:00,11.2,3.63,150.1,0.0,99.25,7.2,7.6,8.2,0.01,100.0
59,2025-05-06 11:00:00,8.17,3.15,309.9,0.0,99.98,8.5,8.75,9.0,0.0,100.02
59,2025-05-06 12:00:00,11.02,4.73,393.9,0.0,92.45,10.5,11.9,13.1,0.11,100.05
59,2025-05-06 13:00:00,10.87,4.28,526.4,0.0,73.15,14.2,15.1,15.7,0.46,100.02
59,2025-05-06 14:00:00,10.12,3.44,338.2,0.0,65.05,15.8,16.03,16.4,0.64,99.96
59,2025-05-06 15:00:00,9.22,3.43,375.1,0.0,60.83,16.7,17.2,17.6,0.77,99.92
59,2025-05-06 16:00:00,9.94,2.57,281.7,0.0,55.78,17.5,17.9,18.1,0.91,99.92
59,2025-05-06 17:00:00,7.52,2.31,191.9,0.0,56.35,16.8,17.43,18.0,0.87,99.92
59,2025-05-06 18:00:00,3.6,2.1,49.6,0.0,70.58,13.6,14.63,15.8,0.5,99.93
59,2025-05-06 19:00:00,3.56,2.42,0.1,0.0,79.45,11.5,12.15,12.8,0.29,99.93
59,2025-05-06 20:00:00,3.53,1.63,0.0,0.0,85.08,10.4,10.83,11.3,0.19,99.94
59,2025-05-06 21:00:00,2.56,1.62,0.0,0.0,90.03,9.2,9.73,10.2,0.12,99.93
59,2025-05-06 22:00:00,3.2,1.74,0.0,0.0,91.85,9.0,9.13,9.2,0.1,99.9
59,2025-05-06 23:00:00,3.38,1.69,0.0,0.0,94.43,8.1,8.5,8.9,0.06,99.84
59,2025-05-07 00:00:00,3.85,1.73,0.0,0.0,93.48,7.8,8.13,8.4,0.07,99.78
59,2025-05-07 01:00:00,3.74,2.15,0.0,0.0,95.13,8.2,8.35,8.4,0.05,99.73
59,2025-05-07 02:00:00,5.94,2.69,0.0,0.0,95.53,8.3,8.33,8.4,0.05,99.68
59,2025-05-07 03:00:00,5.26,1.88,0.0,0.0,95.7,8.3,8.35,8.4,0.05,99.61
59,2025-05-07 04:00:00,9.04,2.35,0.0,0.0,95.03,8.3,8.58,8.9,0.06,99.56
59,2025-05-07 05:00:00,11.84,3.76,0.0,0.07,95.43,8.9,9.1,9.3,0.06,99.52
59,2025-05-07 06:00:00,12.2,3.07,0.0,0.02,96.18,9.0,9.25,9.5,0.05,99.48
59,2025-05-07 07:00:00,11.05,3.2,0.0,0.0,95.73,9.0,9.13,9.4,0.05,99.49
59,2025-05-07 08:00:00,8.89,3.73,8.8,0.0,94.88,9.6,9.7,9.8,0.06,99.5
59,2025-05-07 09:00:00,10.87,3.44,30.7,0.41,94.78,9.7,9.98,10.5,0.06,99.57
59,2025-05-07 10:00:00,18.86,6.43,106.9,0.27,93.03,10.9,11.48,12.0,0.1,99.61
59,2025-05-07 11:00:00,11.59,4.89,229.7,0.0,92.68,12.3,12.88,13.6,0.11,99.57
59,2025-05-07 12:00:00,20.09,7.97,151.7,0.1,87.2,13.8,13.9,14.0,0.21,99.58
59,2025-05-07 13:00:00,11.59,4.91,141.7,0.0,83.25,13.8,14.18,14.7,0.28,99.57
59,2025-05-07 14:00:00,13.21,3.58,106.3,0.0,78.0,14.8,14.93,15.1,0.37,99.56
59,2025-05-07 15:00:00,15.55,4.27,126.8,0.0,76.63,15.4,15.63,15.7,0.41,99.51
59,2025-05-07 16:00:00,9.79,3.02,84.3,0.35,85.13,14.2,14.6,15.2,0.25,99.55
59,2025-05-07 17:00:00,10.55,2.6,33.3,0.26,86.83,13.3,13.8,14.5,0.21,99.61
59,2025-05-07 18:00:00,5.47,1.99,9.5,0.16,92.78,12.7,12.88,13.1,0.11,99.66
59,2025-05-07 19:00:00,5.29,2.28,0.0,0.0,93.85,12.4,12.5,12.6,0.09,99.7
59,2025-05-07 20:00:00,3.2,1.46,0.0,0.0,94.55,11.8,11.93,12.0,0.08,99.75
59,2025-05-07 21:00:00,5.29,1.98,0.0,0.0,94.28,11.7,11.78,11.9,0.08,99.77
59,2025-05-07 22:00:00,8.28,3.3,0.0,0.02,92.3,11.0,11.23,11.4,0.1,99.76
59,2025-05-07 23:00:00,9.47,3.39,0.0,0.02,90.88,10.4,10.73,10.9,0.12,99.72
59,2025-05-08 00:00:00,7.42,3.46,0.0,0.02,92.05,9.9,10.1,10.3,0.1,99.68
59,2025-05-08 01:00:00,9.18,3.52,0.0,0.02,93.8,9.6,9.78,10.0,0.08,99.62
59,2025-05-08 02:00:00,7.16,2.21,0.0,0.04,96.2,7.9,8.8,9.6,0.04,99.57
59,2025-05-08 03:00:00,5.15,1.73,0.0,0.0,94.85,8.2,8.5,8.7,0.06,99.55
59,2025-05-08 04:00:00,2.81,1.32,0.0,0.02,95.6,7.6,7.9,8.2,0.05,99.51
59,2025-05-08 05:00:00,4.1,2.07,0.0,0.0,95.93,7.9,8.08,8.3,0.04,99.51
59,2025-05-08 06:00:00,7.02,3.12,0.0,0.17,94.75,8.4,8.7,9.3,0.06,99.5
59,2025-05-08 07:00:00,7.06,2.66,0.0,0.22,95.93,9.5,9.58,9.6,0.05,99.5
59,2025-05-08 08:00:00,7.85,2.8,6.3,0.0,94.75,9.8,10.35,10.6,0.07,99.53
59,2025-05-08 09:00:00,2.66,1.13,34.9,0.48,97.35,10.0,10.13,10.3,0.03,99.63
59,2025-05-08 10:00:00,6.23,2.07,62.9,0.21,97.58,10.2,10.38,10.7,0.03,99.7
59,2025-05-08 11:00:00,10.51,3.24,128.2,0.0,96.33,11.0,11.53,12.2,0.05,99.74
59,2025-05-08 12:00:00,15.73,5.86,132.2,0.44,94.3,12.8,12.98,13.1,0.09,99.78
59,2025-05-08 13:00:00,22.82,7.84,325.8,0.27,94.38,13.2,13.55,14.0,0.09,99.77
59,2025-05-08 14:00:00,28.3,9.97,376.7,0.0,87.85,14.1,14.35,14.9,0.2,99.74
59,2025-05-08 15:00:00,34.52,13.61,406.6,0.0,82.35,14.2,14.55,15.0,0.29,99.75
59,2025-05-08 16:00:00,30.89,10.24,134.4,0.03,79.65,13.6,13.95,14.2,0.32,99.82
59,2025-05-08 17:00:00,22.97,7.69,76.1,0.09,80.63,13.2,13.65,14.0,0.31,99.89
59,2025-05-08 18:00:00,22.5,7.58,23.5,0.43,80.48,12.9,13.6,14.1,0.31,99.94
59,2025-05-08 19:00:00,20.81,6.78,0.0,0.85,87.65,12.1,12.43,12.8,0.18,99.99
59,2025-05-08 20:00:00,10.73,3.38,0.0,0.1,92.25,12.0,12.03,12.1,0.11,100.06
59,2025-05-08 21:00:00,7.42,2.09,0.0,0.51,92.98,11.9,12.1,12.2,0.1,100.17
59,2025-05-08 22:00:00,5.69,2.05,0.0,0.02,94.78,11.4,11.5,11.7,0.07,100.26
59,2025-05-08 23:00:00,8.06,2.28,0.0,0.28,94.7,11.5,11.6,11.7,0.07,100.32
59,2025-05-09 00:00:00,8.1,2.21,0.0,0.04,93.88,11.3,11.6,11.9,0.08,100.34
59,2025-05-09 01:00:00,6.05,1.95,0.0,0.0,94.4,11.5,11.58,11.7,0.08,100.4
59,2025-05-09 02:00:00,4.93,1.78,0.0,0.0,94.98,11.1,11.3,11.4,0.07,100.4
59,2025-05-09 03:00:00,4.54,1.66,0.0,0.0,94.95,11.2,11.35,11.4,0.07,100.4
59,2025-05-09 04:00:00,3.78,2.34,0.0,0.0,96.3,11.0,11.08,11.2,0.05,100.42
59,2025-05-09 05:00:00,4.21,2.4,0.0,0.02,96.78,10.8,10.83,10.9,0.04,100.4
59,2025-05-09 06:00:00,3.46,1.64,0.0,0.0,96.68,10.5,10.55,10.6,0.04,100.39
59,2025-05-09 07:00:00,3.28,2.22,0.0,0.0,96.98,10.3,10.35,10.4,0.04,100.39
59,2025-05-09 08:00:00,3.28,1.57,4.3,0.0,97.03,10.2,10.35,10.4,0.04,100.41
59,2025-05-09 09:00:00,3.13,1.7,61.0,0.0,97.53,10.5,10.73,11.1,0.03,100.44
59,2025-05-09 10:00:00,3.96,1.96,131.9,0.0,98.73,11.6,12.33,13.0,0.02,100.49
59,2025-05-09 11:00:00,10.76,3.22,366.0,0.0,96.13,13.3,14.23,15.2,0.06,100.51
59,2025-05-09 12:00:00,11.81,3.75,434.9,0.0,86.4,15.7,16.35,17.0,0.26,100.5
59,2025-05-09 13:00:00,9.83,3.07,490.9,0.0,79.8,17.3,17.73,18.3,0.41,100.43
59,2025-05-09 14:00:00,12.46,3.92,472.6,0.0,74.7,18.5,18.85,19.1,0.55,100.33
59,2025-05-09 15:00:00,12.24,4.27,430.5,0.0,68.93,19.4,19.6,19.8,0.71,100.25
59,2025-05-09 16:00:00,13.64,4.28,344.9,0.0,64.15,20.2,20.38,20.6,0.86,100.23
59,2025-05-09 17:00:00,11.81,2.77,224.0,0.0,63.35,19.9,20.28,20.5,0.87,100.25
59,2025-05-09 18:00:00,13.82,1.81,89.4,0.0,66.35,17.3,18.75,19.8,0.73,100.28
59,2025-05-09 19:00:00,6.23,1.04,0.6,0.0,77.1,13.9,15.03,16.3,0.4,100.29
59,2025-05-09 20:00:00,2.95,1.12,0.0,0.0,85.65,11.7,12.38,13.2,0.21,100.26
59,2025-05-09 21:00:00,2.27,1.12,0.0,0.0,88.33,10.7,11.03,11.4,0.16,100.23
59,2025-05-09 22:00:00,2.95,1.58,0.0,0.0,91.15,9.4,9.9,10.4,0.11,100.22
59,2025-05-09 23:00:00,2.45,1.56,0.0,0.0,91.98,8.8,8.95,9.1,0.09,100.18
59,2025-05-10 00:00:00,2.88,1.75,0.0,0.0,93.48,8.3,8.45,8.6,0.07,100.11
59,2025-05-10 01:00:00,4.1,2.46,0.0,0.0,94.95,7.3,7.68,8.2,0.06,100.07
59,2025-05-10 02:00:00,3.49,1.37,0.0,0.0,92.3,7.2,7.5,7.7,0.08,100.02
59,2025-05-10 03:00:00,2.63,1.48,0.0,0.0,94.7,6.5,6.88,7.3,0.05,99.97
59,2025-05-10 04:00:00,4.25,2.12,0.0,0.0,94.78,5.5,6.05,6.4,0.05,99.9
59,2025-05-10 05:00:00,4.82,2.56,0.0,0.0,93.25,5.4,6.18,7.2,0.07,99.86
59,2025-05-10 06:00:00,4.64,2.02,0.0,0.0,95.4,6.8,7.15,7.6,0.05,99.85
59,2025-05-10 07:00:00,6.84,2.83,0.0,0.0,94.78,6.6,6.85,7.1,0.05,99.81
59,2025-05-10 08:00:00,8.06,2.86,12.9,0.0,96.0,6.9,7.05,7.2,0.04,99.78
59,2025-05-10 09:00:00,9.79,3.11,193.1,0.0,98.18,7.4,7.5,7.6,0.02,99.74
59,2025-05-10 10:00:00,8.03,2.8,283.5,0.0,99.93,7.7,8.45,9.5,0.0,99.74
59,2025-05-10 11:00:00,10.84,3.98,397.2,0.0,97.28,10.1,10.78,11.4,0.04,99.71
59,2025-05-10 12:00:00,9.04,3.29,462.9,0.0,84.6,11.9,12.95,13.7,0.23,99.68
59,2025-05-10 13:00:00,12.92,3.94,485.8,0.0,71.13,15.0,16.28,17.4,0.54,99.58
59,2025-05-10 14:00:00,11.66,3.71,482.7,0.0,63.83,17.8,18.78,19.7,0.79,99.44
59,2025-05-10 15:00:00,9.43,2.81,441.6,0.0,55.83,20.1,20.73,21.5,1.08,99.32
59,2025-05-10 16:00:00,9.18,2.98,354.5,0.0,53.95,21.7,21.93,22.0,1.21,99.29
59,2025-05-10 17:00:00,7.49,2.47,228.2,0.0,55.65,21.5,21.88,22.2,1.16,99.3
59,2025-05-10 18:00:00,3.42,1.67,91.8,0.0,61.75,17.8,20.05,21.6,0.91,99.33
59,2025-05-10 19:00:00,3.64,2.6,0.5,0.0,80.95,13.1,14.38,15.9,0.32,99.35
59,2025-05-10 20:00:00,4.36,2.98,0.0,0.0,88.03,11.7,12.08,12.6,0.17,99.36
59,2025-05-10 21:00:00,4.9,3.64,0.0,0.0,91.93,10.2,10.58,11.1,0.1,99.36
59,2025-05-10 22:00:00,5.9,3.19,0.0,0.0,92.28,9.7,9.75,9.8,0.09,99.42
59,2025-05-10 23:00:00,8.14,3.12,0.0,0.0,93.6,9.1,9.48,10.2,0.08,99.46
59,2025-05-11 00:00:00,5.08,1.59,0.0,0.0,93.78,8.3,8.53,8.7,0.07,99.48
59,2025-05-11 01:00:00,4.14,2.35,0.0,0.0,95.15,7.4,7.7,8.0,0.05,99.51
59,2025-05-11 02:00:00,5.04,3.06,0.0,0.0,95.4,6.8,7.08,7.3,0.05,99.46
59,2025-05-11 03:00:00,6.01,2.05,0.0,0.0,94.25,6.5,6.7,6.8,0.06,99.38
59,2025-05-11 04:00:00,4.79,2.96,0.0,0.0,95.48,6.0,6.3,6.8,0.04,99.35
59,2025-05-11 05:00:00,5.08,3.05,0.0,0.0,95.38,5.8,5.98,6.1,0.05,99.34
59,2025-05-11 06:00:00,5.04,1.99,0.0,0.0,94.13,5.6,6.7,7.8,0.06,99.37
59,2025-05-11 07:00:00,6.8,2.02,0.0,0.0,96.23,8.1,8.35,8.6,0.04,99.42
59,2025-05-11 08:00:00,3.74,1.2,11.7,0.0,97.73,8.8,8.83,8.9,0.03,99.47
59,2025-05-11 09:00:00,6.77,1.93,52.4,0.0,99.23,8.9,9.05,9.3,0.01,99.53
59,2025-05-11 10:00:00,6.34,2.57,87.7,0.0,99.83,9.3,9.45,9.6,0.0,99.61
59,2025-05-11 11:00:00,6.44,2.73,123.6,0.0,100.05,9.7,10.08,10.5,0.0,99.7
59,2025-05-11 12:00:00,8.64,2.58,131.2,0.0,100.1,10.7,10.88,11.0,0.0,99.73
59,2025-05-11 13:00:00,10.01,3.65,173.3,0.0,99.8,11.1,11.53,11.8,0.0,99.7
59,2025-05-11 14:00:00,9.14,3.36,217.2,0.0,98.63,12.0,12.38,12.8,0.02,99.71
59,2025-05-11 15:00:00,11.81,3.79,397.9,0.0,92.53,13.2,14.25,15.3,0.12,99.73
59,2025-05-11 16:00:00,15.23,3.7,337.7,0.0,82.03,16.0,16.85,17.6,0.35,99.75
59,2025-05-11 17:00:00,6.48,2.06,214.7,0.0,75.13,17.9,18.05,18.2,0.52,99.77
59,2025-05-11 18:00:00,2.84,1.73,82.1,0.0,78.35,15.1,16.88,18.2,0.43,99.78
59,2025-05-11 19:00:00,3.92,2.55,0.3,0.0,90.3,12.1,12.93,14.0,0.15,99.78
59,2025-05-11 20:00:00,3.06,1.63,0.0,0.0,93.58,10.1,10.65,11.7,0.08,99.8
59,2025-05-11 21:00:00,5.69,2.47,0.0,0.0,92.6,10.2,10.43,10.7,0.09,99.82
59,2025-05-11 22:00:00,3.85,1.95,0.0,0.0,94.1,10.1,10.25,10.4,0.07,99.85
59,2025-05-11 23:00:00,4.68,2.19,0.0,0.0,94.48,10.3,10.85,11.2,0.07,99.91
59,2025-05-12 00:00:00,1.58,0.68,0.0,0.0,96.73,11.3,11.5,11.6,0.05,99.94
59,2025-05-12 01:00:00,2.92,1.27,0.0,0.0,97.4,11.7,11.75,11.8,0.04,99.94
59,2025-05-12 02:00:00,4.18,1.43,0.0,0.0,97.6,11.8,11.8,11.8,0.03,99.94
59,2025-05-12 03:00:00,3.28,1.5,0.0,0.08,97.63,11.8,11.83,11.9,0.03,99.91
59,2025-05-12 04:00:00,5.29,1.78,0.0,0.04,97.93,11.7,11.73,11.8,0.03,99.87
59,2025-05-12 05:00:00,4.1,1.27,0.0,0.0,97.63,11.7,11.7,11.7,0.03,99.84
59,2025-05-12 06:00:00,5.98,1.78,0.0,0.02,97.6,11.7,11.7,11.7,0.03,99.8
59,2025-05-12 07:00:00,4.97,1.82,0.0,0.0,97.83,11.5,11.6,11.7,0.03,99.78
59,2025-05-12 08:00:00,2.7,1.01,8.1,0.0,97.75,11.4,11.43,11.5,0.03,99.82
59,2025-05-12 09:00:00,4.25,1.28,35.1,0.0,98.38,11.5,11.73,12.0,0.02,99.86
59,2025-05-12 10:00:00,4.68,1.48,104.0,0.0,98.6,12.0,12.08,12.2,0.02,99.85
59,2025-05-12 11:00:00,5.94,2.08,148.7,0.0,96.65,12.5,12.83,13.0,0.05,99.82
59,2025-05-12 12:00:00,11.63,3.59,243.5,0.0,90.43,13.2,13.5,13.9,0.15,99.82
59,2025-05-12 13:00:00,10.73,3.65,208.0,0.0,86.8,13.9,14.03,14.2,0.21,99.79
59,2025-05-12 14:00:00,11.05,2.92,147.1,0.0,87.5,13.4,13.65,14.0,0.2,99.74
59,2025-05-12 15:00:00,11.34,3.53,111.4,0.0,86.85,13.0,13.15,13.2,0.2,99.71
59,2025-05-12 16:00:00,11.66,3.31,307.1,0.0,85.93,13.2,13.48,14.0,0.22,99.65
59,2025-05-12 17:00:00,9.47,2.57,211.7,0.0,81.85,14.1,14.5,14.8,0.3,99.61
59,2025-05-12 18:00:00,3.1,1.86,75.4,0.0,81.78,12.2,13.85,15.0,0.3,99.63
59,2025-05-12 19:00:00,4.36,2.82,0.2,0.0,91.58,9.6,10.38,11.3,0.11,99.65
59,2025-05-12 20:00:00,4.32,2.67,0.0,0.0,93.78,8.1,8.63,9.2,0.07,99.67
59,2025-05-12 21:00:00,4.72,2.56,0.0,0.0,93.88,7.5,7.8,8.0,0.07,99.67
59,2025-05-12 22:00:00,4.0,2.39,0.0,0.0,94.13,7.2,7.2,7.2,0.06,99.67
59,2025-05-12 23:00:00,4.18,2.31,0.0,0.0,95.08,6.5,6.68,6.8,0.05,99.66
59,2025-05-13 00:00:00,3.6,2.56,0.0,0.0,95.4,6.0,6.05,6.1,0.04,99.64
59,2025-05-13 01:00:00,3.31,2.2,0.0,0.0,94.9,5.9,6.0,6.2,0.05,99.6
59,2025-05-13 02:00:00,3.74,2.17,0.0,0.0,96.1,5.2,5.68,6.0,0.04,99.56
59,2025-05-13 03:00:00,2.27,1.04,0.0,0.0,95.75,4.4,4.58,4.8,0.04,99.5
59,2025-05-13 04:00:00,2.52,0.96,0.0,0.0,95.05,4.6,4.95,5.4,0.04,99.49
59,2025-05-13 05:00:00,4.07,1.67,0.0,0.0,95.83,5.8,6.3,6.7,0.04,99.53
59,2025-05-13 06:00:00,3.28,1.4,0.0,0.0,97.25,6.8,6.98,7.2,0.03,99.58
59,2025-05-13 07:00:00,3.85,1.66,0.0,0.02,97.63,7.4,7.45,7.5,0.02,99.6
59,2025-05-13 08:00:00,5.36,1.73,6.9,0.02,98.43,7.4,7.4,7.4,0.02,99.66
59,2025-05-13 09:00:00,2.84,1.04,44.3,0.02,99.05,7.4,7.58,7.8,0.01,99.73
59,2025-05-13 10:00:00,4.39,1.55,74.2,0.0,99.98,7.9,8.23,8.6,0.0,99.81
59,2025-05-13 11:00:00,5.83,1.95,113.3,0.0,99.93,8.7,8.9,9.2,0.0,99.87
59,2025-05-13 12:00:00,5.33,1.64,107.5,0.0,99.85,9.2,9.43,9.6,0.0,99.92
59,2025-05-13 13:00:00,4.72,1.78,106.3,0.0,100.15,9.6,9.78,10.0,0.0,99.93
59,2025-05-13 14:00:00,6.62,1.95,123.7,0.0,100.0,9.9,10.05,10.2,0.0,99.9
59,2025-05-13 15:00:00,5.69,2.0,132.8,0.02,99.43,10.2,10.63,11.3,0.01,99.88
59,2025-05-13 16:00:00,7.99,2.9,120.3,0.0,96.35,11.4,11.5,11.6,0.05,99.88
59,2025-05-13 17:00:00,6.01,1.92,142.3,0.0,93.93,11.6,11.93,12.3,0.09,99.91
59,2025-05-13 18:00:00,7.13,2.66,53.8,0.0,93.03,11.1,11.6,12.0,0.09,99.95
59,2025-05-13 19:00:00,3.6,1.49,0.9,0.0,94.53,9.6,10.18,10.7,0.07,99.97
59,2025-05-13 20:00:00,3.02,1.23,0.0,0.0,94.2,8.5,8.78,9.0,0.07,100.0
59,2025-05-13 21:00:00,3.96,2.09,0.0,0.0,94.83,7.8,8.53,9.5,0.06,100.02
59,2025-05-13 22:00:00,6.66,2.18,0.0,0.0,96.8,9.9,10.08,10.2,0.04,100.03
59,2025-05-13 23:00:00,5.9,1.6,0.0,0.0,98.48,9.8,9.8,9.8,0.02,100.02
59,2025-05-14 00:00:00,5.29,2.26,0.0,0.0,98.88,9.3,9.53,9.7,0.02,100.0
59,2025-05-14 01:00:00,7.38,3.37,0.0,0.0,99.38,8.5,8.83,9.3,0.01,100.0
59,2025-05-14 02:00:00,4.68,1.92,0.0,0.02,98.0,8.6,8.75,8.9,0.02,100.01
59,2025-05-14 03:00:00,4.79,1.53,0.0,0.04,98.35,8.9,8.95,9.0,0.02,99.98
59,2025-05-14 04:00:00,4.07,2.16,0.0,0.02,98.6,8.8,8.85,8.9,0.02,99.93
59,2025-05-14 05:00:00,4.03,1.77,0.0,0.02,98.53,8.9,8.9,8.9,0.02,99.92
59,2025-05-14 06:00:00,5.15,1.93,0.0,0.04,98.93,8.4,8.85,9.0,0.02,99.93
59,2025-05-14 07:00:00,3.38,1.68,0.0,0.02,99.4,8.0,8.1,8.2,0.01,99.92
59,2025-05-14 08:00:00,6.52,2.06,4.5,0.04,99.15,7.8,8.03,8.2,0.01,99.91
59,2025-05-14 09:00:00,5.87,2.41,47.6,0.02,99.78,7.5,7.63,7.8,0.0,99.91
59,2025-05-14 10:00:00,4.82,2.12,79.7,0.0,99.83,8.0,8.33,8.7,0.0,99.91
59,2025-05-14 11:00:00,6.95,2.0,114.3,0.0,100.15,9.0,9.23,9.6,0.0,99.89
59,2025-05-14 12:00:00,6.84,2.71,127.1,0.0,99.88,9.6,9.98,10.4,0.0,99.83
59,2025-05-14 13:00:00,10.73,2.79,174.6,0.0,99.25,10.7,11.23,12.0,0.01,99.74
59,2025-05-14 14:00:00,8.46,2.78,150.2,0.0,95.13,12.1,12.23,12.5,0.07,99.69
59,2025-05-14 15:00:00,10.91,3.23,173.0,0.0,91.5,12.6,12.8,13.0,0.13,99.65
59,2025-05-14 16:00:00,11.66,2.98,136.7,0.0,88.7,13.5,13.55,13.6,0.18,99.63
59,2025-05-14 17:00:00,9.76,2.05,55.8,0.0,89.75,13.7,13.78,13.8,0.16,99.66
59,2025-05-14 18:00:00,6.3,1.76,12.5,0.0,90.4,13.6,13.7,13.8,0.15,99.69
59,2025-05-14 19:00:00,6.34,1.74,0.0,0.0,90.28,13.4,13.43,13.5,0.15,99.72
59,2025-05-14 20:00:00,4.32,1.55,0.0,0.0,91.48,13.3,13.33,13.4,0.13,99.76
59,2025-05-14 21:00:00,3.46,1.31,0.0,0.0,92.35,13.1,13.2,13.3,0.12,99.8
59,2025-05-14 22:00:00,3.02,1.43,0.0,0.0,93.18,13.0,13.05,13.1,0.1,99.82
59,2025-05-14 23:00:00,3.53,1.94,0.0,0.0,94.45,12.4,12.55,12.8,0.08,99.84
59,2025-05-15 00:00:00,4.43,2.08,0.0,0.0,94.1,12.4,12.43,12.5,0.09,99.83
59,2025-05-15 01:00:00,4.36,1.81,0.0,0.0,92.0,12.2,12.38,12.5,0.12,99.82
59,2025-05-15 02:00:00,4.1,1.63,0.0,0.0,92.25,11.8,12.05,12.2,0.11,99.8
59,2025-05-15 03:00:00,6.19,1.51,0.0,0.0,94.95,11.5,11.5,11.5,0.07,99.78
59,2025-05-15 04:00:00,5.47,2.15,0.0,0.0,94.45,11.0,11.15,11.3,0.08,99.76
59,2025-05-15 05:00:00,5.83,1.74,0.0,0.0,92.9,10.3,10.48,10.7,0.09,99.75
59,2025-05-15 06:00:00,4.21,1.8,0.0,0.0,93.38,10.1,10.25,10.3,0.08,99.77
59,2025-05-15 07:00:00,5.36,1.67,0.0,0.0,95.13,9.8,9.88,10.0,0.06,99.78
59,2025-05-15 08:00:00,5.54,1.9,5.2,0.0,96.2,9.3,9.43,9.6,0.04,99.81
59,2025-05-15 09:00:00,7.34,2.22,33.2,0.0,97.9,9.4,9.4,9.4,0.03,99.86
59,2025-05-15 10:00:00,6.52,2.94,79.2,0.0,99.28,9.4,9.48,9.5,0.01,99.9
59,2025-05-15 11:00:00,4.93,1.95,132.5,0.0,99.35,9.6,9.93,10.4,0.01,99.88
59,2025-05-15 12:00:00,7.24,3.21,173.3,0.0,96.13,10.7,10.88,11.0,0.05,99.86
59,2025-05-15 13:00:00,11.74,4.17,282.6,0.0,94.95,11.1,11.35,11.8,0.07,99.81
59,2025-05-15 14:00:00,12.56,3.83,454.3,0.0,87.6,12.4,13.5,14.4,0.19,99.75
59,2025-05-15 15:00:00,11.63,3.74,412.3,0.0,75.95,15.1,15.8,16.5,0.44,99.69
59,2025-05-15 16:00:00,11.38,3.64,324.0,0.0,66.18,16.7,17.2,17.6,0.67,99.67
59,2025-05-15 17:00:00,11.56,3.74,204.3,0.0,64.55,16.8,17.15,17.4,0.7,99.67
59,2025-05-15 18:00:00,6.48,2.25,71.2,0.0,74.83,13.3,15.1,16.6,0.44,99.69
59,2025-05-15 19:00:00,4.64,3.0,0.1,0.0,88.73,10.0,11.1,12.2,0.15,99.7
59,2025-05-15 20:00:00,4.68,3.17,0.0,0.0,92.3,8.6,9.1,9.5,0.09,99.72
59,2025-05-15 21:00:00,6.44,3.4,0.0,0.0,93.78,7.5,7.9,8.3,0.07,99.74
59,2025-05-15 22:00:00,5.62,2.0,0.0,0.0,94.85,6.4,6.78,7.4,0.05,99.75
59,2025-05-15 23:00:00,2.99,2.0,0.0,0.0,93.8,5.5,5.88,6.3,0.06,99.74
59,2025-05-16 00:00:00,5.36,2.6,0.0,0.0,94.83,4.6,4.88,5.4,0.05,99.71
59,2025-05-16 01:00:00,6.01,3.09,0.0,0.0,93.03,4.6,5.6,6.3,0.07,99.7
59,2025-05-16 02:00:00,4.14,2.14,0.0,0.0,94.85,5.0,5.58,6.2,0.05,99.68
59,2025-05-16 03:00:00,4.14,2.68,0.0,0.0,95.55,4.2,4.43,4.7,0.04,99.67
59,2025-05-16 04:00:00,4.36,2.07,0.0,0.0,95.95,3.4,3.83,4.2,0.03,99.68
59,2025-05-16 05:00:00,3.71,2.12,0.0,0.0,95.18,2.9,3.1,3.2,0.04,99.66
59,2025-05-16 06:00:00,3.6,2.09,0.0,0.0,95.1,2.6,2.7,2.8,0.04,99.67
59,2025-05-16 07:00:00,4.43,1.97,0.0,0.0,94.95,2.3,2.4,2.5,0.04,99.7
59,2025-05-16 08:00:00,4.18,1.42,15.5,0.02,95.5,1.9,1.98,2.1,0.03,99.72
59,2025-05-16 09:00:00,5.04,1.51,114.3,0.02,97.13,2.0,3.13,4.5,0.03,99.74
59,2025-05-16 10:00:00,5.72,2.05,156.7,0.0,99.98,5.2,6.03,6.7,0.0,99.78
59,2025-05-16 11:00:00,5.8,2.27,346.3,0.0,99.83,7.3,9.05,10.8,0.0,99.82
59,2025-05-16 12:00:00,14.69,3.84,425.2,0.0,93.4,11.9,13.2,14.3,0.11,99.83
59,2025-05-16 13:00:00,13.72,5.09,444.9,0.0,77.0,15.0,15.45,15.9,0.41,99.83
59,2025-05-16 14:00:00,16.31,5.93,444.2,0.0,69.78,16.0,16.6,17.1,0.57,99.81
59,2025-05-16 15:00:00,14.44,4.12,394.6,0.0,66.38,17.1,17.25,17.4,0.66,99.77
59,2025-05-16 16:00:00,14.58,4.76,234.6,0.0,61.65,17.4,17.5,17.6,0.77,99.74
59,2025-05-16 17:00:00,18.72,8.47,215.8,0.0,62.95,16.0,16.9,17.6,0.72,99.74
59,2025-05-16 18:00:00,10.91,4.09,42.5,0.0,70.65,13.9,14.75,15.6,0.49,99.78
59,2025-05-16 19:00:00,4.68,1.74,0.0,0.0,77.03,11.9,12.65,13.5,0.34,99.8
59,2025-05-16 20:00:00,4.5,2.71,0.0,0.0,83.3,11.1,11.2,11.4,0.22,99.81
59,2025-05-16 21:00:00,6.05,2.48,0.0,0.0,82.6,11.2,11.3,11.5,0.23,99.83
59,2025-05-16 22:00:00,11.77,4.65,0.0,0.0,81.4,11.3,11.5,11.8,0.26,99.86
59,2025-05-16 23:00:00,16.81,5.32,0.0,0.0,80.45,11.9,11.93,12.0,0.28,99.87
59,2025-05-17 00:00:00,14.54,5.04,0.0,0.0,80.2,12.1,12.4,12.6,0.29,99.86
59,2025-05-17 01:00:00,15.98,6.09,0.0,0.0,80.5,12.4,12.58,12.7,0.29,99.84
59,2025-05-17 02:00:00,15.55,4.9,0.0,0.0,82.13,12.0,12.1,12.2,0.25,99.78
59,2025-05-17 03:00:00,22.43,8.79,0.0,0.0,81.03,12.5,12.53,12.6,0.28,99.77
59,2025-05-17 04:00:00,26.64,10.17,0.0,0.0,80.9,12.3,12.45,12.5,0.28,99.71
59,2025-05-17 05:00:00,31.46,8.35,0.0,0.0,81.83,12.3,12.35,12.4,0.26,99.7
59,2025-05-17 06:00:00,23.22,7.89,0.0,0.0,80.75,12.4,12.58,12.8,0.28,99.69
59,2025-05-17 07:00:00,26.03,10.98,0.0,0.0,78.55,12.8,12.98,13.1,0.32,99.64
59,2025-05-17 08:00:00,27.9,12.11,0.9,0.0,78.23,13.0,13.18,13.3,0.33,99.63
59,2025-05-17 09:00:00,41.0,14.51,7.4,0.39,81.8,12.2,12.73,13.0,0.27,99.65
59,2025-05-17 10:00:00,28.33,11.17,13.7,2.56,93.05,11.0,11.2,11.6,0.09,99.69
59,2025-05-17 11:00:00,29.56,10.3,19.5,10.23,95.63,11.1,11.18,11.2,0.06,99.87
59,2025-05-17 12:00:00,,,31.9,5.7,97.68,10.3,10.7,11.3,0.03,100.02
59,2025-05-17 13:00:00,,,34.5,4.29,97.58,10.1,10.18,10.2,0.03,100.08
59,2025-05-17 14:00:00,,,43.3,2.37,98.0,9.7,9.78,9.8,0.03,100.13
59,2025-05-17 15:00:00,,,22.1,3.1,97.7,9.6,9.75,9.8,0.03,100.17
59,2025-05-17 16:00:00,,,133.8,2.18,97.95,9.4,9.53,9.8,0.03,100.23
59,2025-05-17 17:00:00,,,165.0,0.0,99.68,9.0,9.43,9.9,0.0,100.32
59,2025-05-17 18:00:00,,,51.5,0.0,98.23,8.1,8.75,9.2,0.02,100.38
59,2025-05-17 19:00:00,,,0.0,0.0,95.28,8.1,8.55,8.9,0.06,100.37
59,2025-05-17 20:00:00,,,0.0,0.0,95.88,8.4,8.55,8.7,0.05,100.44
59,2025-05-17 21:00:00,,,0.0,0.0,96.28,7.8,8.0,8.2,0.04,100.45
59,2025-05-17 22:00:00,,,0.0,0.0,95.95,7.6,7.63,7.7,0.04,100.45
59,2025-05-17 23:00:00,,,0.0,0.0,95.5,7.0,7.15,7.2,0.05,100.44
59,2025-05-18 00:00:00,,,0.0,0.0,95.88,7.0,7.1,7.2,0.04,100.37
59,2025-05-18 01:00:00,,,0.0,0.0,96.28,6.5,6.83,7.2,0.04,100.32
59,2025-05-18 02:00:00,,,0.0,0.0,96.05,6.4,6.65,6.8,0.04,100.28
59,2025-05-18 03:00:00,,,0.0,0.02,96.43,6.2,6.28,6.4,0.04,100.23
59,2025-05-18 04:00:00,,,0.0,0.0,96.9,5.5,5.78,6.0,0.03,100.21
59,2025-05-18 05:00:00,,,0.0,0.0,96.18,5.3,5.38,5.5,0.03,100.16
59,2025-05-18 06:00:00,,,0.0,0.0,96.25,5.3,5.35,5.5,0.03,100.17
59,2025-05-18 07:00:00,,,0.0,0.0,97.1,5.7,5.78,5.8,0.03,100.18
59,2025-05-18 08:00:00,,,5.2,0.02,97.13,5.8,5.9,6.0,0.03,100.22
59,2025-05-18 09:00:00,,,66.5,0.0,97.25,6.2,6.48,6.8,0.03,100.22
59,2025-05-18 10:00:00,,,205.9,0.0,98.45,7.0,7.6,7.8,0.02,100.19
59,2025-05-18 11:00:00,,,145.7,0.0,99.28,7.7,7.75,7.8,0.01,100.18
59,2025-05-18 12:00:00,,,199.6,0.0,98.38,7.8,8.5,9.3,0.02,100.19
59,2025-05-18 13:00:00,1.84,1.8,356.0,0.0,98.43,9.3,9.53,9.8,0.02,100.14
59,2025-05-18 14:00:00,7.13,2.61,312.5,0.0,99.48,9.1,9.48,10.0,0.01,100.0
59,2025-05-18 15:00:00,14.44,5.31,304.3,0.0,94.9,10.3,11.0,11.6,0.07,99.94
59,2025-05-18 16:00:00,12.42,3.71,151.3,0.0,85.95,11.8,11.9,12.0,0.19,99.93
59,2025-05-18 17:00:00,6.95,1.68,88.4,0.0,86.03,11.6,11.68,11.7,0.19,99.94
59,2025-05-18 18:00:00,3.56,1.6,7.9,0.0,88.33,10.6,11.05,11.5,0.16,99.95
59,2025-05-18 19:00:00,4.64,1.66,0.0,0.0,89.0,10.4,10.53,10.7,0.14,100.06
59,2025-05-18 20:00:00,8.32,2.42,0.0,0.0,89.58,10.3,10.43,10.5,0.13,100.12
59,2025-05-18 21:00:00,7.02,2.13,0.0,0.02,90.35,9.9,10.03,10.2,0.12,100.07
59,2025-05-18 22:00:00,5.65,2.64,0.0,0.05,91.25,9.8,9.85,9.9,0.11,100.06
59,2025-05-18 23:00:00,9.07,2.5,0.0,0.6,93.7,9.5,9.63,9.8,0.08,100.04
59,2025-05-19 00:00:00,6.62,1.95,0.0,0.36,95.2,9.3,9.4,9.5,0.06,100.07
59,2025-05-19 01:00:00,4.86,2.5,0.0,0.19,95.9,9.2,9.2,9.2,0.05,100.07
59,2025-05-19 02:00:00,6.37,1.66,0.0,0.02,95.55,9.1,9.1,9.1,0.05,100.06
59,2025-05-19 03:00:00,4.82,1.4,0.0,0.02,95.33,9.0,9.0,9.0,0.06,100.05
59,2025-05-19 04:00:00,3.96,0.93,0.0,0.0,95.7,8.8,8.9,9.0,0.05,100.07
59,2025-05-19 05:00:00,4.61,0.77,0.0,0.0,95.98,8.5,8.58,8.7,0.05,100.08
59,2025-05-19 06:00:00,3.1,1.07,0.0,0.0,96.25,7.9,8.18,8.4,0.04,100.09
59,2025-05-19 07:00:00,2.88,1.35,0.0,0.02,95.95,6.4,6.83,7.5,0.04,100.1
59,2025-05-19 08:00:00,2.88,1.73,6.5,0.02,94.78,5.6,5.83,6.2,0.05,100.12
59,2025-05-19 09:00:00,5.69,2.61,98.3,0.02,97.25,5.3,6.0,6.6,0.03,100.17
59,2025-05-19 10:00:00,9.18,3.29,109.6,0.0,99.55,7.1,7.25,7.4,0.01,100.22
59,2025-05-19 11:00:00,9.65,2.76,220.3,0.0,100.05,7.6,8.0,8.5,0.0,100.24
59,2025-05-19 12:00:00,11.56,3.66,435.9,0.0,95.78,9.5,10.65,11.8,0.06,100.21
59,2025-05-19 13:00:00,14.58,4.2,460.0,0.0,83.9,12.4,13.33,14.2,0.25,100.15
59,2025-05-19 14:00:00,15.95,4.4,449.5,0.0,74.13,14.5,14.9,15.4,0.44,100.08
59,2025-05-19 15:00:00,14.72,4.09,418.5,0.0,67.0,15.6,16.08,16.5,0.6,100.07
59,2025-05-19 16:00:00,13.43,4.58,328.4,0.0,62.55,16.4,16.48,16.6,0.7,100.08
59,2025-05-19 17:00:00,7.81,2.7,188.7,0.0,66.95,14.8,15.5,16.3,0.59,100.11
59,2025-05-19 18:00:00,6.3,1.16,32.6,0.0,72.88,12.7,13.6,14.4,0.43,100.13
59,2025-05-19 19:00:00,2.45,1.25,0.0,0.0,80.53,11.0,11.55,12.1,0.26,100.1
59,2025-05-19 20:00:00,2.7,0.95,0.0,0.0,82.53,10.6,10.75,11.0,0.23,100.12
59,2025-05-19 21:00:00,4.1,1.16,0.0,0.0,83.55,10.3,10.5,10.6,0.21,100.16
59,2025-05-19 22:00:00,9.76,1.85,0.0,0.0,83.7,10.1,10.18,10.2,0.2,100.18
59,2025-05-19 23:00:00,5.0,1.74,0.0,0.0,83.73,9.7,9.85,10.1,0.2,100.17
59,2025-05-20 00:00:00,3.71,1.65,0.0,0.0,86.88,9.1,9.28,9.5,0.16,100.12
59,2025-05-20 01:00:00,4.97,1.95,0.0,0.0,88.95,8.8,8.93,9.0,0.13,100.08
59,2025-05-20 02:00:00,5.11,2.56,0.0,0.0,86.6,8.8,8.93,9.0,0.16,100.06
59,2025-05-20 03:00:00,3.53,1.7,0.0,0.0,88.2,8.4,8.58,8.7,0.13,100.0
59,2025-05-20 04:00:00,5.51,1.64,0.0,0.0,89.98,8.0,8.2,8.3,0.11,99.93
59,2025-05-20 05:00:00,3.46,1.62,0.0,0.0,90.1,7.9,7.9,7.9,0.11,99.88
59,2025-05-20 06:00:00,3.2,1.7,0.0,0.0,90.6,7.6,7.8,7.9,0.1,99.86
59,2025-05-20 07:00:00,4.07,1.57,0.0,0.0,91.88,7.2,7.28,7.4,0.08,99.84
59,2025-05-20 08:00:00,6.16,1.99,6.1,0.0,92.98,6.7,7.03,7.2,0.07,99.88
59,2025-05-20 09:00:00,4.36,1.5,75.2,0.0,93.98,6.5,6.8,7.2,0.06,99.86
59,2025-05-20 10:00:00,6.98,2.46,246.2,0.0,93.3,7.6,8.4,9.4,0.08,99.86
59,2025-05-20 11:00:00,8.64,2.73,368.5,0.0,86.45,10.0,10.88,11.7,0.18,99.89
59,2025-05-20 12:00:00,12.1,3.85,421.1,0.0,79.3,12.6,13.08,13.9,0.31,99.89
59,2025-05-20 13:00:00,10.55,3.48,457.0,0.0,74.58,14.3,15.03,15.8,0.43,99.87
59,2025-05-20 14:00:00,7.67,2.91,421.0,0.0,72.05,16.3,16.55,16.8,0.53,99.81
59,2025-05-20 15:00:00,5.76,2.34,304.9,0.0,70.58,16.8,16.95,17.0,0.57,99.79
59,2025-05-20 16:00:00,7.31,2.74,156.7,0.0,71.68,16.8,16.88,16.9,0.55,99.75
59,2025-05-20 17:00:00,7.63,2.73,48.2,0.0,75.45,15.8,16.25,16.6,0.46,99.78
59,2025-05-20 18:00:00,3.85,2.23,9.2,0.0,82.35,14.3,14.7,15.3,0.3,99.82
59,2025-05-20 19:00:00,3.89,2.01,0.0,0.0,85.4,13.8,14.08,14.3,0.24,99.87
59,2025-05-20 20:00:00,5.58,2.25,0.0,0.0,86.33,13.9,13.98,14.1,0.22,99.92
59,2025-05-20 21:00:00,7.16,2.93,0.0,0.0,86.53,13.7,13.93,14.1,0.21,99.92
59,2025-05-20 22:00:00,7.52,2.39,0.0,0.0,88.3,13.4,13.5,13.6,0.18,99.91
59,2025-05-20 23:00:00,6.26,3.02,0.0,0.0,90.8,12.9,13.0,13.2,0.14,99.95
59,2025-05-21 00:00:00,9.65,2.87,0.0,0.0,91.05,12.9,13.18,13.3,0.14,99.98
59,2025-05-21 01:00:00,3.67,1.76,0.0,0.0,93.03,12.4,12.58,12.8,0.1,100.0
59,2025-05-21 02:00:00,5.58,3.09,0.0,0.0,94.48,11.3,11.58,11.8,0.08,100.0
59,2025-05-21 03:00:00,5.44,2.97,0.0,0.0,94.85,10.9,11.1,11.3,0.07,100.02
59,2025-05-21 04:00:00,5.44,2.71,0.0,0.0,95.73,9.5,10.18,10.7,0.06,100.05
59,2025-05-21 05:00:00,4.82,2.62,0.0,0.0,95.63,8.4,8.88,9.2,0.05,100.09
59,2025-05-21 06:00:00,4.18,2.42,0.0,0.0,95.8,7.2,7.65,8.0,0.05,100.1
59,2025-05-21 07:00:00,4.07,2.17,0.0,0.0,96.7,6.1,6.63,6.9,0.03,100.13
59,2025-05-21 08:00:00,3.71,1.73,7.6,0.0,95.7,6.1,6.18,6.4,0.04,100.18
59,2025-05-21 09:00:00,2.56,1.1,78.2,0.0,97.28,6.0,6.38,6.9,0.03,100.2
59,2025-05-21 10:00:00,6.73,2.67,219.4,0.0,99.6,7.7,8.75,9.9,0.01,100.21
59,2025-05-21 11:00:00,10.98,4.63,359.4,0.0,95.25,11.4,13.0,14.8,0.08,100.23
59,2025-05-21 12:00:00,11.63,3.52,433.9,0.0,71.98,15.9,16.65,17.4,0.54,100.21
59,2025-05-21 13:00:00,16.49,3.87,470.3,0.0,55.93,17.7,18.28,18.7,0.93,100.15
59,2025-05-21 14:00:00,13.9,3.92,468.2,0.0,56.93,18.7,19.3,19.6,0.97,100.07
59,2025-05-21 15:00:00,11.12,3.35,369.9,0.0,57.73,19.7,20.05,20.4,0.99,99.99
59,2025-05-21 16:00:00,14.04,2.63,277.9,0.0,57.15,20.0,20.15,20.4,1.01,99.95
59,2025-05-21 17:00:00,8.82,2.16,182.5,0.0,62.08,19.4,19.63,19.8,0.87,99.93
59,2025-05-21 18:00:00,5.04,1.31,46.4,0.0,69.58,16.0,17.5,18.7,0.61,99.92
59,2025-05-21 19:00:00,3.42,1.04,0.0,0.0,81.58,13.2,13.98,15.1,0.3,99.91
59,2025-05-21 20:00:00,4.39,1.2,0.0,0.0,87.3,11.7,12.43,13.1,0.18,99.91
59,2025-05-21 21:00:00,2.12,1.11,0.0,0.0,90.55,10.8,11.05,11.5,0.12,99.87
59,2025-05-21 22:00:00,3.46,1.42,0.0,0.0,92.7,9.4,9.93,10.4,0.09,99.82
59,2025-05-21 23:00:00,4.86,1.32,0.0,0.0,91.78,9.4,9.48,9.6,0.1,99.83
59,2025-05-22 00:00:00,6.41,1.8,0.0,0.0,93.85,8.4,9.15,9.8,0.07,99.81
59,2025-05-22 01:00:00,2.95,1.15,0.0,0.0,94.33,8.4,8.73,9.1,0.07,99.77
59,2025-05-22 02:00:00,7.42,2.13,0.0,0.0,95.4,9.2,9.28,9.3,0.05,99.74
59,2025-05-22 03:00:00,8.42,2.92,0.0,0.0,96.6,8.8,9.0,9.2,0.04,99.69
59,2025-05-22 04:00:00,10.69,3.19,0.0,0.0,95.43,7.8,8.3,8.7,0.05,99.66
59,2025-05-22 05:00:00,4.14,1.59,0.0,0.0,94.38,6.1,6.6,7.2,0.06,99.6
59,2025-05-22 06:00:00,9.32,3.33,0.0,0.0,93.43,6.3,6.5,6.7,0.06,99.59
59,2025-05-22 07:00:00,7.88,2.6,0.0,0.0,96.1,6.4,6.55,6.7,0.04,99.59
59,2025-05-22 08:00:00,6.05,2.04,5.9,0.0,95.95,6.2,6.28,6.4,0.04,99.58
59,2025-05-22 09:00:00,9.0,2.75,134.9,0.0,97.05,6.2,6.58,7.0,0.03,99.63
59,2025-05-22 10:00:00,7.81,2.8,156.3,0.0,99.2,7.0,7.18,7.3,0.01,99.66
59,2025-05-22 11:00:00,10.48,3.93,293.1,0.0,97.63,7.0,7.4,8.0,0.03,99.67
59,2025-05-22 12:00:00,12.89,4.81,503.1,0.0,91.03,8.7,9.5,10.4,0.11,99.67
59,2025-05-22 13:00:00,14.47,4.82,497.6,0.0,82.53,11.3,11.78,12.3,0.24,99.63
59,2025-05-22 14:00:00,9.07,4.16,331.5,0.0,81.65,12.0,12.25,12.6,0.27,99.56
59,2025-05-22 15:00:00,7.6,3.01,241.5,0.0,81.33,12.0,12.28,12.8,0.27,99.52
59,2025-05-22 16:00:00,6.73,2.34,151.0,0.0,78.2,13.1,13.2,13.3,0.33,99.5
59,2025-05-22 17:00:00,10.58,3.03,157.7,0.0,70.38,13.5,13.73,13.9,0.47,99.54
59,2025-05-22 18:00:00,4.64,1.93,35.9,0.0,78.95,11.1,12.1,13.0,0.3,99.51
59,2025-05-22 19:00:00,3.82,2.5,0.0,0.0,88.18,9.2,9.78,10.4,0.15,99.5
59,2025-05-22 20:00:00,4.75,3.05,0.0,0.0,91.93,8.4,8.65,8.9,0.09,99.5
59,2025-05-22 21:00:00,4.97,3.32,0.0,0.0,93.23,7.9,8.2,8.4,0.08,99.51
59,2025-05-22 22:00:00,4.21,2.09,0.0,0.0,94.13,7.6,7.63,7.7,0.06,99.52
59,2025-05-22 23:00:00,5.98,2.11,0.0,0.0,94.55,7.5,7.58,7.6,0.06,99.48
59,2025-05-23 00:00:00,6.59,3.04,0.0,0.0,95.45,6.8,7.0,7.3,0.05,99.49
59,2025-05-23 01:00:00,6.62,2.77,0.0,0.0,95.93,5.8,6.33,6.7,0.04,99.5
59,2025-05-23 02:00:00,4.0,2.85,0.0,0.0,95.85,4.6,5.08,5.6,0.04,99.49
59,2025-05-23 03:00:00,3.64,1.44,0.0,0.0,96.05,3.8,3.98,4.1,0.03,99.47
59,2025-05-23 04:00:00,3.71,1.94,0.0,0.0,95.8,3.9,3.95,4.0,0.04,99.49
59,2025-05-23 05:00:00,5.47,2.56,0.0,0.0,95.63,3.8,4.25,4.8,0.04,99.53
59,2025-05-23 06:00:00,5.87,2.24,0.0,0.0,96.15,5.3,5.4,5.5,0.04,99.57
59,2025-05-23 07:00:00,2.45,0.93,0.0,0.0,97.53,4.7,4.85,5.0,0.02,99.61
59,2025-05-23 08:00:00,4.97,1.5,5.9,0.0,96.98,4.6,4.75,4.9,0.03,99.62
59,2025-05-23 09:00:00,4.72,1.75,41.7,0.0,98.58,5.0,5.18,5.3,0.01,99.67
59,2025-05-23 10:00:00,6.05,2.28,71.3,0.0,99.78,5.4,5.6,5.8,0.0,99.75
59,2025-05-23 11:00:00,7.13,2.81,157.7,0.0,99.98,5.9,6.3,6.8,0.0,99.81
59,2025-05-23 12:00:00,7.81,2.71,111.9,0.0,99.93,6.9,7.08,7.2,0.0,99.85
59,2025-05-23 13:00:00,5.76,2.15,212.4,0.0,99.93,7.3,7.73,8.0,0.0,99.87
59,2025-05-23 14:00:00,10.08,3.12,468.9,0.0,97.78,8.8,10.28,11.6,0.03,99.86
59,2025-05-23 15:00:00,9.0,3.54,382.9,0.0,87.73,11.9,12.73,13.5,0.18,99.85
59,2025-05-23 16:00:00,11.02,3.87,310.2,0.0,78.25,13.8,14.3,14.8,0.36,99.85
59,2025-05-23 17:00:00,9.11,3.1,204.2,0.0,72.7,14.0,14.58,15.0,0.46,99.89
59,2025-05-23 18:00:00,5.94,2.0,23.9,0.0,72.9,11.9,12.35,13.1,0.39,99.95
59,2025-05-23 19:00:00,4.43,2.03,0.0,0.0,79.53,11.0,11.15,11.4,0.27,99.97
59,2025-05-23 20:00:00,3.38,1.5,0.0,0.0,82.1,10.8,10.95,11.1,0.24,100.0
59,2025-05-23 21:00:00,4.1,1.88,0.0,0.0,86.48,10.4,10.5,10.6,0.17,100.01
59,2025-05-23 22:00:00,3.85,1.84,0.0,0.0,88.85,10.2,10.33,10.4,0.14,100.01
59,2025-05-23 23:00:00,7.6,2.74,0.0,0.0,89.58,10.1,10.3,10.5,0.13,100.04
59,2025-05-24 00:00:00,9.9,3.28,0.0,0.0,91.38,9.1,9.75,10.3,0.11,100.01
59,2025-05-24 01:00:00,9.14,1.75,0.0,0.0,91.43,7.6,8.3,9.0,0.1,99.99
59,2025-05-24 02:00:00,3.02,1.59,0.0,0.0,92.5,6.7,6.9,7.2,0.08,99.97
59,2025-05-24 03:00:00,3.71,2.19,0.0,0.0,93.95,5.9,6.13,6.4,0.06,99.94
59,2025-05-24 04:00:00,6.95,1.95,0.0,0.0,94.88,6.5,6.9,7.1,0.05,99.93
59,2025-05-24 05:00:00,5.26,2.28,0.0,0.0,97.03,7.0,7.08,7.2,0.03,99.94
59,2025-05-24 06:00:00,5.98,1.98,0.0,0.0,97.28,7.2,7.23,7.3,0.03,99.97
59,2025-05-24 07:00:00,5.08,2.15,0.0,0.0,97.43,7.2,7.23,7.3,0.03,100.0
59,2025-05-24 08:00:00,6.8,3.14,2.3,0.0,98.28,6.9,6.98,7.1,0.02,99.99
59,2025-05-24 09:00:00,5.9,2.78,29.3,0.0,98.6,6.8,6.85,6.9,0.02,100.01
59,2025-05-24 10:00:00,6.88,2.21,57.5,0.0,99.83,6.6,6.7,6.8,0.0,100.01
59,2025-05-24 11:00:00,8.42,2.85,109.0,0.0,99.9,6.8,6.85,6.9,0.0,99.99
59,2025-05-24 12:00:00,8.46,2.19,120.0,0.0,99.9,6.9,7.1,7.5,0.0,99.97
59,2025-05-24 13:00:00,8.42,3.02,176.0,0.0,99.1,7.7,8.08,8.4,0.01,99.93
59,2025-05-24 14:00:00,11.63,3.22,239.9,0.0,96.25,8.8,9.13,9.4,0.04,99.88
59,2025-05-24 15:00:00,10.44,4.69,359.7,0.0,91.18,10.0,10.63,11.4,0.12,99.82
59,2025-05-24 16:00:00,12.46,4.74,304.5,0.0,84.75,11.7,12.28,12.8,0.22,99.8
59,2025-05-24 17:00:00,11.95,4.28,182.8,0.0,80.63,12.7,12.98,13.2,0.29,99.77
59,2025-05-24 18:00:00,7.45,2.59,59.5,0.0,83.45,10.3,11.55,12.6,0.23,99.74
59,2025-05-24 19:00:00,2.7,1.86,0.0,0.0,90.3,7.8,8.63,9.5,0.11,99.72
59,2025-05-24 20:00:00,5.22,3.1,0.0,0.0,93.03,6.8,7.15,7.5,0.07,99.7
59,2025-05-24 21:00:00,6.44,3.71,0.0,0.0,95.85,5.6,6.03,6.6,0.04,99.67
59,2025-05-24 22:00:00,6.8,2.52,0.0,0.0,95.4,4.9,5.15,5.4,0.04,99.65
59,2025-05-24 23:00:00,5.65,2.71,0.0,0.0,96.88,4.7,4.98,5.1,0.03,99.64
59,2025-05-25 00:00:00,5.98,2.23,0.0,0.0,96.33,4.6,4.9,5.2,0.03,99.63
59,2025-05-25 01:00:00,10.01,2.94,0.0,0.0,98.13,4.5,4.9,5.2,0.02,99.58
59,2025-05-25 02:00:00,5.4,1.94,0.0,0.0,97.23,4.5,4.68,4.9,0.03,99.56
59,2025-05-25 03:00:00,10.26,4.05,0.0,0.0,97.5,4.9,4.95,5.0,0.02,99.58
59,2025-05-25 04:00:00,10.76,3.41,0.0,0.0,97.68,4.9,4.95,5.0,0.02,99.54
59,2025-05-25 05:00:00,7.7,3.06,0.0,0.0,98.3,4.4,4.65,4.9,0.02,99.56
59,2025-05-25 06:00:00,9.68,2.53,0.0,0.02,97.3,4.3,4.33,4.4,0.02,99.53
59,2025-05-25 07:00:00,10.76,3.45,0.0,0.0,96.93,4.4,4.48,4.5,0.03,99.58
59,2025-05-25 08:00:00,12.02,4.8,4.8,0.02,95.75,4.7,5.13,5.9,0.04,99.59
59,2025-05-25 09:00:00,10.94,4.13,28.2,0.0,96.75,6.2,6.65,7.3,0.03,99.66
59,2025-05-25 10:00:00,8.46,2.51,55.8,0.0,99.03,7.6,7.95,8.3,0.01,99.72
59,2025-05-25 11:00:00,10.51,3.45,92.6,0.0,96.25,8.5,9.65,11.2,0.05,99.76
59,2025-05-25 12:00:00,16.88,7.49,162.3,0.0,84.15,12.2,13.38,14.3,0.25,99.74
59,2025-05-25 13:00:00,25.7,10.27,304.7,0.0,73.53,14.8,15.5,16.4,0.47,99.72
59,2025-05-25 14:00:00,25.49,11.56,380.2,0.0,62.0,16.8,17.4,17.9,0.76,99.69
59,2025-05-25 15:00:00,19.33,5.86,165.8,0.0,61.38,17.8,17.8,17.8,0.79,99.69
59,2025-05-25 16:00:00,14.4,6.56,51.8,0.0,65.03,17.1,17.38,17.8,0.7,99.69
59,2025-05-25 17:00:00,13.72,6.07,26.5,0.0,68.0,16.7,16.88,17.1,0.62,99.67
59,2025-05-25 18:00:00,23.8,6.63,6.7,0.0,68.08,16.4,16.6,16.8,0.61,99.66
59,2025-05-25 19:00:00,24.37,9.02,0.0,0.0,62.38,16.4,16.65,16.8,0.71,99.66
59,2025-05-25 20:00:00,22.93,9.69,0.0,0.82,67.2,14.3,15.8,16.4,0.6,99.66
59,2025-05-25 21:00:00,29.09,8.77,0.0,1.51,93.18,12.5,12.53,12.6,0.1,99.74
59,2025-05-25 22:00:00,15.41,5.24,0.0,4.13,94.0,12.1,12.38,12.8,0.09,99.77
59,2025-05-25 23:00:00,9.76,4.31,0.0,9.74,95.63,12.1,12.2,12.4,0.06,99.84
59,2025-05-26 00:00:00,9.54,3.34,0.0,5.94,96.13,12.6,12.68,12.7,0.06,99.86
59,2025-05-26 01:00:00,15.05,4.96,0.0,3.14,96.88,12.8,12.88,12.9,0.05,99.85
59,2025-05-26 02:00:00,8.82,3.56,0.0,2.33,97.33,12.7,12.75,12.8,0.04,99.84
59,2025-05-26 03:00:00,8.78,3.74,0.0,1.78,97.6,12.5,12.63,12.8,0.04,99.85
59,2025-05-26 04:00:00,10.08,2.14,0.0,2.15,97.53,12.4,12.48,12.5,0.04,99.84
59,2025-05-26 05:00:00,3.53,1.45,0.0,2.15,97.73,12.2,12.3,12.4,0.03,99.83
59,2025-05-26 06:00:00,6.23,1.96,0.0,0.53,97.45,12.1,12.23,12.3,0.04,99.84
59,2025-05-26 07:00:00,8.82,2.66,0.0,0.51,97.88,12.0,12.03,12.1,0.03,99.87
59,2025-05-26 08:00:00,7.7,3.22,0.0,1.7,98.18,11.8,11.93,12.0,0.03,99.92
59,2025-05-26 09:00:00,12.28,4.87,13.9,0.38,98.25,11.7,11.78,11.8,0.03,99.96
59,2025-05-26 10:00:00,20.09,7.06,78.1,0.02,99.18,11.6,11.68,11.7,0.01,100.0
59,2025-05-26 11:00:00,22.46,8.74,187.3,0.05,100.03,10.4,10.78,11.1,0.0,100.06
59,2025-05-26 12:00:00,16.96,5.72,92.3,0.73,97.98,10.1,10.3,10.7,0.03,100.14
59,2025-05-26 13:00:00,13.14,4.81,156.6,0.0,94.48,10.8,11.25,11.6,0.07,100.14
59,2025-05-26 14:00:00,19.73,8.89,462.6,0.0,88.03,12.2,12.83,13.2,0.18,100.1
59,2025-05-26 15:00:00,21.35,7.51,192.1,0.02,84.1,12.6,12.75,12.9,0.24,100.08
59,2025-05-26 16:00:00,16.38,6.65,136.9,0.0,82.6,13.0,13.2,13.4,0.26,100.08
59,2025-05-26 17:00:00,15.77,5.14,116.0,0.0,82.88,12.7,13.13,13.3,0.26,100.1
59,2025-05-26 18:00:00,8.17,2.66,10.7,0.0,84.95,12.3,12.4,12.5,0.22,100.13
59,2025-05-26 19:00:00,18.11,4.1,0.0,0.0,87.28,11.9,12.1,12.3,0.18,100.17
59,2025-05-26 20:00:00,16.34,5.38,0.0,0.0,82.35,11.5,11.9,12.3,0.25,100.27
59,2025-05-26 21:00:00,9.0,2.3,0.0,0.0,81.73,10.7,11.03,11.2,0.24,100.35
59,2025-05-26 22:00:00,10.73,2.83,0.0,0.0,83.8,9.4,9.98,10.4,0.2,100.45
59,2025-05-26 23:00:00,8.14,1.94,0.0,0.0,87.43,7.6,8.23,8.7,0.14,100.5
59,2025-05-27 00:00:00,2.99,1.33,0.0,0.0,90.83,6.4,6.75,7.1,0.09,100.56
59,2025-05-27 01:00:00,11.34,3.03,0.0,0.0,91.2,5.9,6.28,6.6,0.08,100.6
59,2025-05-27 02:00:00,6.19,1.86,0.0,0.0,92.15,5.6,5.75,6.1,0.07,100.63
59,2025-05-27 03:00:00,4.61,2.0,0.0,0.0,93.85,4.2,4.73,5.3,0.05,100.69
59,2025-05-27 04:00:00,4.43,1.61,0.0,0.0,91.4,3.9,4.03,4.1,0.07,100.71
59,2025-05-27 05:00:00,4.03,2.19,0.0,0.0,94.85,2.5,3.38,4.0,0.04,100.78
59,2025-05-27 06:00:00,3.02,1.79,0.0,0.0,92.8,2.5,2.63,2.7,0.05,100.84
59,2025-05-27 07:00:00,8.64,2.09,0.0,0.0,92.7,2.0,2.4,2.8,0.05,100.89
59,2025-05-27 08:00:00,9.61,2.91,1.3,0.02,93.48,3.2,3.78,4.1,0.06,100.95
59,2025-05-27 09:00:00,10.94,2.77,28.1,0.0,98.85,3.9,3.95,4.0,0.01,101.0
59,2025-05-27 10:00:00,11.52,3.85,72.4,0.02,99.7,3.9,3.95,4.0,0.0,101.03
59,2025-05-27 11:00:00,9.58,3.21,90.3,0.0,99.88,3.8,4.03,4.2,0.0,101.03
59,2025-05-27 12:00:00,8.93,3.35,142.5,0.0,99.78,4.4,4.68,5.0,0.0,101.02
59,2025-05-27 13:00:00,11.27,3.73,343.8,0.0,99.45,5.3,5.83,6.7,0.01,100.99
59,2025-05-27 14:00:00,15.12,4.4,377.1,0.0,92.95,7.6,8.45,9.2,0.08,100.95
59,2025-05-27 15:00:00,12.96,4.89,356.5,0.0,78.98,9.9,10.23,10.8,0.26,100.88
59,2025-05-27 16:00:00,12.96,4.82,282.5,0.0,72.55,11.0,11.45,11.8,0.37,100.82
59,2025-05-27 17:00:00,18.14,5.42,177.1,0.0,67.9,11.4,11.63,11.8,0.44,100.8
59,2025-05-27 18:00:00,10.08,2.76,61.9,0.0,69.88,9.1,10.38,11.4,0.38,100.8
59,2025-05-27 19:00:00,8.32,2.15,0.0,0.0,75.6,7.6,7.9,8.4,0.26,100.82
59,2025-05-27 20:00:00,13.1,3.47,0.0,0.0,76.7,7.3,7.35,7.5,0.24,100.81
59,2025-05-27 21:00:00,10.33,2.65,0.0,0.0,80.15,6.1,6.4,6.9,0.19,100.81
59,2025-05-27 22:00:00,10.55,2.47,0.0,0.0,82.78,5.2,5.63,6.0,0.16,100.83
59,2025-05-27 23:00:00,12.46,3.11,0.0,0.0,85.23,4.5,4.93,5.3,0.13,100.81
59,2025-05-28 00:00:00,4.1,1.71,0.0,0.0,89.58,2.7,3.28,4.0,0.08,100.77
59,2025-05-28 01:00:00,7.56,2.99,0.0,0.0,90.83,2.6,2.65,2.7,0.07,100.71
59,2025-05-28 02:00:00,5.69,2.49,0.0,0.0,91.7,2.1,2.23,2.3,0.06,100.66
59,2025-05-28 03:00:00,5.33,3.28,0.0,0.0,93.15,1.6,1.9,2.2,0.05,100.61
59,2025-05-28 04:00:00,3.78,1.56,0.0,0.0,94.0,0.3,0.9,1.4,0.04,100.58
59,2025-05-28 05:00:00,5.04,2.07,0.0,0.0,93.63,0.4,0.48,0.6,0.04,100.51
59,2025-05-28 06:00:00,6.23,2.72,0.0,0.0,93.6,1.2,1.83,2.4,0.05,100.46
59,2025-05-28 07:00:00,9.61,3.28,0.0,0.02,96.95,2.5,2.55,2.6,0.03,100.45
59,2025-05-28 08:00:00,10.26,4.07,1.4,0.0,97.9,2.3,2.48,2.6,0.02,100.43
59,2025-05-28 09:00:00,9.4,3.4,20.1,0.0,98.33,2.3,2.33,2.4,0.01,100.4
59,2025-05-28 10:00:00,10.3,4.14,52.7,0.0,99.45,2.2,2.3,2.4,0.01,100.38
59,2025-05-28 11:00:00,10.91,4.75,85.6,0.0,99.48,2.2,2.4,2.6,0.01,100.37
59,2025-05-28 12:00:00,12.06,4.79,104.9,0.0,99.33,2.8,3.1,3.4,0.01,100.34
59,2025-05-28 13:00:00,14.0,5.77,262.4,0.0,97.33,3.6,4.25,5.0,0.02,100.26
59,2025-05-28 14:00:00,17.17,6.18,343.9,0.0,91.98,5.6,6.35,7.1,0.08,100.19
59,2025-05-28 15:00:00,11.23,5.55,289.4,0.0,86.85,7.3,7.85,8.5,0.14,100.09
59,2025-05-28 16:00:00,8.75,3.1,247.9,0.0,82.15,9.3,9.73,10.4,0.22,100.03
59,2025-05-28 17:00:00,6.88,2.22,127.1,0.0,75.7,10.9,11.08,11.3,0.32,100.01
59,2025-05-28 18:00:00,4.14,1.53,44.1,0.0,80.23,8.4,9.8,11.0,0.24,100.0
59,2025-05-28 19:00:00,3.17,1.32,0.0,0.0,87.95,6.4,6.95,7.7,0.12,99.98
59,2025-05-28 20:00:00,4.75,2.5,0.0,0.0,91.85,5.1,5.58,5.9,0.07,99.99
59,2025-05-28 21:00:00,5.76,2.72,0.0,0.0,93.53,4.6,4.8,5.0,0.06,100.01
59,2025-05-28 22:00:00,4.68,2.45,0.0,0.0,94.5,3.7,3.93,4.2,0.04,100.01
59,2025-05-28 23:00:00,4.39,2.18,0.0,0.0,94.23,3.5,3.6,3.7,0.05,99.99
59,2025-05-29 00:00:00,4.25,2.33,0.0,0.0,94.8,3.1,3.3,3.4,0.04,99.98
59,2025-05-29 01:00:00,4.54,2.84,0.0,0.0,95.33,2.4,2.63,2.9,0.04,99.96
59,2025-05-29 02:00:00,3.78,2.5,0.0,0.0,95.15,1.8,2.0,2.3,0.04,99.98
59,2025-05-29 03:00:00,5.98,2.67,0.0,0.0,93.95,1.9,2.15,2.5,0.04,99.97
59,2025-05-29 04:00:00,4.97,2.77,0.0,0.0,95.75,1.0,1.43,1.8,0.03,99.97
59,2025-05-29 05:00:00,5.0,2.82,0.0,0.0,94.6,0.9,1.1,1.3,0.04,99.95
59,2025-05-29 06:00:00,3.67,2.39,0.0,0.0,95.4,0.6,0.85,1.1,0.03,99.96
59,2025-05-29 07:00:00,4.32,2.8,0.0,0.0,94.78,0.6,0.7,0.8,0.03,99.98
59,2025-05-29 08:00:00,5.18,2.63,5.7,0.02,95.28,0.5,0.6,0.7,0.03,100.07
59,2025-05-29 09:00:00,2.77,1.12,106.5,0.02,95.93,0.5,1.63,2.9,0.03,100.12
59,2025-05-29 10:00:00,5.51,2.14,204.3,0.02,99.8,3.6,4.9,6.0,0.0,100.19
59,2025-05-29 11:00:00,11.56,3.58,295.7,0.0,98.38,6.5,7.88,9.2,0.02,100.26
59,2025-05-29 12:00:00,13.75,4.87,361.6,0.0,84.2,9.8,10.63,11.3,0.21,100.27
59,2025-05-29 13:00:00,10.84,4.61,382.4,0.0,76.15,11.6,12.2,12.8,0.34,100.24
59,2025-05-29 14:00:00,13.61,5.17,379.9,0.0,71.05,13.2,13.55,14.0,0.45,100.21
59,2025-05-29 15:00:00,13.0,4.36,344.4,0.0,67.88,14.0,14.53,14.8,0.53,100.19
59,2025-05-29 16:00:00,12.2,4.17,268.0,0.0,67.15,14.7,15.03,15.2,0.56,100.18
59,2025-05-29 17:00:00,11.05,3.23,162.3,0.0,66.05,15.1,15.18,15.3,0.59,100.18
59,2025-05-29 18:00:00,6.98,2.07,47.5,0.0,73.23,11.6,13.33,14.8,0.42,100.19
59,2025-05-29 19:00:00,4.72,2.73,0.0,0.0,85.85,8.8,9.68,10.5,0.17,100.21
59,2025-05-29 20:00:00,4.97,2.49,0.0,0.0,90.18,7.6,8.03,8.4,0.11,100.23
59,2025-05-29 21:00:00,4.46,3.05,0.0,0.0,92.68,6.7,7.0,7.3,0.08,100.24
59,2025-05-29 22:00:00,6.52,2.94,0.0,0.0,92.35,6.4,6.78,7.2,0.08,100.24
59,2025-05-29 23:00:00,4.82,2.34,0.0,0.0,94.9,5.9,6.43,7.0,0.05,100.24
59,2025-05-30 00:00:00,5.72,2.61,0.0,0.0,94.38,5.6,5.7,5.8,0.05,100.25
59,2025-05-30 01:00:00,5.54,3.18,0.0,0.0,94.95,5.1,5.38,5.8,0.04,100.27
59,2025-05-30 02:00:00,4.36,2.64,0.0,0.0,95.73,4.4,4.63,4.9,0.04,100.23
59,2025-05-30 03:00:00,7.27,2.86,0.0,0.0,94.48,4.1,4.38,4.5,0.05,100.24
59,2025-05-30 04:00:00,6.88,2.97,0.0,0.0,95.78,3.8,4.1,4.3,0.04,100.24
59,2025-05-30 05:00:00,4.86,3.05,0.0,0.0,95.53,3.7,3.85,4.0,0.04,100.26
59,2025-05-30 06:00:00,8.28,2.65,0.0,0.0,88.83,4.2,6.9,9.2,0.12,100.29
59,2025-05-30 07:00:00,8.86,3.88,0.0,0.0,97.0,9.3,9.38,9.4,0.04,100.34
59,2025-05-30 08:00:00,10.04,3.83,0.9,0.0,98.58,9.0,9.25,9.4,0.02,100.39
59,2025-05-30 09:00:00,7.42,3.31,21.5,0.0,99.18,8.8,8.85,8.9,0.01,100.42
59,2025-05-30 10:00:00,10.98,3.34,55.3,0.0,99.53,8.9,8.95,9.0,0.01,100.45
59,2025-05-30 11:00:00,8.68,3.57,70.2,0.0,98.7,8.9,9.4,9.8,0.02,100.48
59,2025-05-30 12:00:00,16.88,4.93,261.8,0.0,97.68,9.9,10.33,11.0,0.03,100.45
59,2025-05-30 13:00:00,17.28,6.15,359.9,0.0,91.4,11.3,12.05,13.0,0.12,100.4
59,2025-05-30 14:00:00,15.73,5.34,384.3,0.0,82.23,13.7,14.23,14.6,0.29,100.34
59,2025-05-30 15:00:00,16.16,5.11,349.7,0.0,76.95,14.9,15.5,16.6,0.41,100.29
59,2025-05-30 16:00:00,17.32,5.13,276.0,0.0,65.5,16.5,16.75,17.0,0.66,100.27
59,2025-05-30 17:00:00,26.96,4.09,174.3,0.0,62.4,15.5,15.93,16.4,0.68,100.3
59,2025-05-30 18:00:00,15.23,2.91,50.9,0.0,69.68,12.4,13.85,15.0,0.49,100.35
59,2025-05-30 19:00:00,12.64,3.84,0.0,0.0,76.65,11.2,11.53,12.0,0.32,100.36
59,2025-05-30 20:00:00,13.68,3.05,0.0,0.0,78.95,9.4,10.2,10.7,0.26,100.41
59,2025-05-30 21:00:00,9.4,2.75,0.0,0.0,80.38,8.3,8.73,9.2,0.22,100.44
59,2025-05-30 22:00:00,6.88,2.08,0.0,0.0,83.35,6.6,7.2,7.7,0.17,100.46
59,2025-05-30 23:00:00,5.83,1.46,0.0,0.0,85.93,5.5,6.08,6.6,0.14,100.47
59,2025-05-31 00:00:00,4.54,1.6,0.0,0.0,88.6,4.6,4.78,5.1,0.1,100.46
59,2025-05-31 01:00:00,5.94,1.75,0.0,0.0,88.45,4.0,4.43,4.8,0.1,100.42
59,2025-05-31 02:00:00,11.59,2.67,0.0,0.0,89.15,3.7,3.85,4.0,0.09,100.36
59,2025-05-31 03:00:00,5.69,1.95,0.0,0.0,91.9,2.2,2.85,3.6,0.06,100.33
59,2025-05-31 04:00:00,5.72,2.31,0.0,0.0,92.35,2.3,2.55,2.7,0.06,100.28
59,2025-05-31 05:00:00,4.54,2.14,0.0,0.0,92.83,1.3,1.7,2.2,0.05,100.27
59,2025-05-31 06:00:00,3.53,1.64,0.0,0.0,93.15,0.3,0.73,1.2,0.05,100.25
59,2025-05-31 07:00:00,5.11,2.75,0.0,0.0,92.55,0.8,1.15,1.6,0.05,100.25
59,2025-05-31 08:00:00,4.82,3.09,4.7,0.0,95.03,0.8,1.08,1.4,0.03,100.26
59,2025-05-31 09:00:00,11.23,4.03,42.5,0.0,94.25,1.0,1.38,1.9,0.04,100.27
59,2025-05-31 10:00:00,15.7,6.35,97.4,0.0,97.03,2.4,2.8,3.2,0.02,100.31
59,2025-05-31 11:00:00,15.3,5.91,246.8,0.0,97.65,3.4,3.95,4.6,0.02,100.32
59,2025-05-31 12:00:00,19.48,7.2,362.0,0.02,91.58,5.1,5.68,6.3,0.08,100.31
59,2025-05-31 13:00:00,18.4,6.18,387.8,0.0,81.28,6.7,7.93,9.0,0.2,100.25
59,2025-05-31 14:00:00,16.63,5.99,385.1,0.0,72.38,9.3,10.03,10.6,0.34,100.18
59,2025-05-31 15:00:00,15.01,5.92,348.7,0.0,69.2,10.9,11.15,11.4,0.41,100.13
59,2025-05-31 16:00:00,13.1,5.36,270.6,0.0,66.85,11.8,12.15,12.5,0.47,100.09
59,2025-05-31 17:00:00,13.68,4.45,166.0,0.0,61.7,12.6,12.73,12.8,0.57,100.07
59,2025-05-31 18:00:00,9.58,3.41,50.9,0.0,65.0,9.8,11.18,12.3,0.47,100.04
59,2025-05-31 19:00:00,6.01,2.44,0.0,0.0,75.75,6.9,8.0,9.2,0.26,100.01
59,2025-05-31 20:00:00,5.69,2.97,0.0,0.0,85.13,4.9,5.58,6.5,0.14,100.0
59,2025-05-31 21:00:00,5.51,2.91,0.0,0.0,88.55,4.0,4.43,4.7,0.1,99.98
59,2025-05-31 22:00:00,5.04,2.68,0.0,0.0,90.9,3.1,3.3,3.6,0.07,99.95
59,2025-05-31 23:00:00,5.76,2.45,0.0,0.0,89.65,2.8,3.43,3.9,0.08,99.95
59,2025-06-01 00:00:00,4.75,2.11,0.0,0.0,91.7,2.8,3.25,3.6,0.07,99.95
59,2025-06-01 01:00:00,4.86,2.33,0.0,0.0,92.33,2.1,2.4,2.7,0.06,99.91
59,2025-06-01 02:00:00,4.68,2.02,0.0,0.0,94.65,1.0,1.53,2.0,0.04,99.87
59,2025-06-01 03:00:00,5.18,3.49,0.0,0.0,94.8,0.5,0.73,1.0,0.04,99.86
59,2025-06-01 04:00:00,4.68,2.57,0.0,0.0,94.55,0.1,0.28,0.5,0.03,99.84
59,2025-06-01 05:00:00,4.57,2.8,0.0,0.0,94.88,-0.4,-0.15,0.0,0.03,99.84
59,2025-06-01 06:00:00,4.68,2.11,0.0,0.0,94.83,-0.4,-0.38,-0.3,0.03,99.83
59,2025-06-01 07:00:00,4.9,3.2,0.0,0.0,94.8,-0.6,-0.5,-0.4,0.03,99.86
59,2025-06-01 08:00:00,4.97,2.33,2.3,0.0,94.88,-0.7,-0.55,-0.4,0.03,99.89
59,2025-06-01 09:00:00,3.49,1.23,108.5,0.0,94.85,-0.9,0.08,1.2,0.03,99.92
59,2025-06-01 10:00:00,6.77,2.27,194.6,0.0,99.53,2.2,3.3,4.7,0.0,100.01
59,2025-06-01 11:00:00,9.47,3.01,299.7,0.0,97.25,5.4,6.58,7.7,0.03,100.05
59,2025-06-01 12:00:00,12.42,4.62,356.7,0.0,82.0,8.4,9.5,10.4,0.22,100.05
59,2025-06-01 13:00:00,13.28,4.57,381.0,0.0,70.38,10.8,11.53,12.4,0.41,100.02
59,2025-06-01 14:00:00,18.29,5.93,380.7,0.0,62.63,12.3,12.98,13.5,0.56,99.97
59,2025-06-01 15:00:00,14.47,5.25,346.3,0.0,58.9,13.6,14.0,14.3,0.66,99.94
59,2025-06-01 16:00:00,14.08,4.56,271.8,0.0,58.93,14.5,14.63,14.7,0.68,99.95
59,2025-06-01 17:00:00,6.77,2.52,183.8,0.0,58.18,14.2,14.68,15.0,0.7,99.98
59,2025-06-01 18:00:00,4.54,2.68,31.1,0.0,69.6,9.7,11.23,12.6,0.41,99.99
59,2025-06-01 19:00:00,4.32,3.14,0.0,0.0,81.6,6.7,7.8,9.0,0.2,100.01
59,2025-06-01 20:00:00,5.44,3.45,0.0,0.0,87.08,5.4,5.83,6.1,0.12,100.03
59,2025-06-01 21:00:00,5.94,3.57,0.0,0.0,89.88,4.6,4.73,4.9,0.08,100.07
59,2025-06-01 22:00:00,4.39,2.9,0.0,0.0,91.9,3.5,3.85,4.2,0.07,100.08
59,2025-06-01 23:00:00,5.69,3.31,0.0,0.0,92.95,2.9,3.23,3.6,0.06,100.06
59,2025-06-02 00:00:00,5.33,2.84,0.0,0.0,90.73,3.4,4.35,4.8,0.08,100.04
59,2025-06-02 01:00:00,5.47,3.33,0.0,0.0,95.03,3.9,4.05,4.4,0.04,100.02
59,2025-06-02 02:00:00,5.72,3.58,0.0,0.0,94.25,4.1,4.2,4.3,0.05,99.99
59,2025-06-02 03:00:00,5.83,3.01,0.0,0.0,95.15,3.6,3.88,4.2,0.04,99.97
59,2025-06-02 04:00:00,4.1,1.86,0.0,0.0,95.75,2.6,2.9,3.3,0.03,99.95
59,2025-06-02 05:00:00,9.83,3.38,0.0,0.0,93.1,3.2,3.85,4.6,0.06,99.88
59,2025-06-02 06:00:00,8.42,2.57,0.0,0.0,96.38,3.8,3.93,4.1,0.03,99.86
59,2025-06-02 07:00:00,9.68,4.15,0.0,0.0,95.75,3.8,3.88,3.9,0.04,99.87
59,2025-06-02 08:00:00,7.34,3.28,1.9,0.0,94.95,4.1,4.43,4.7,0.04,99.93
59,2025-06-02 09:00:00,6.44,3.02,25.6,0.0,96.15,4.7,4.9,5.0,0.03,99.96
59,2025-06-02 10:00:00,6.77,2.49,89.8,0.0,97.78,5.0,5.35,5.8,0.02,99.99
59,2025-06-02 11:00:00,9.22,3.84,152.3,0.0,95.1,6.3,6.9,7.6,0.05,99.97
59,2025-06-02 12:00:00,12.38,4.73,178.1,0.0,91.28,8.1,8.73,9.3,0.1,99.98
59,2025-06-02 13:00:00,7.49,3.15,166.3,0.0,85.1,9.6,10.08,10.6,0.18,99.95
59,2025-06-02 14:00:00,7.16,2.6,191.7,0.0,81.45,10.8,11.3,11.7,0.25,99.91
59,2025-06-02 15:00:00,9.22,2.9,108.8,0.0,79.83,11.8,11.8,11.8,0.28,99.89
59,2025-06-02 16:00:00,7.88,2.52,99.1,0.0,79.15,12.0,12.0,12.0,0.29,99.89
59,2025-06-02 17:00:00,8.1,2.79,56.7,0.0,81.43,11.2,11.58,11.9,0.25,99.91
59,2025-06-02 18:00:00,6.41,2.26,14.5,0.0,85.85,9.8,10.43,11.1,0.18,99.89
59,2025-06-02 19:00:00,7.96,3.26,0.0,0.0,88.73,9.1,9.5,9.8,0.14,99.85
59,2025-06-02 20:00:00,7.16,2.8,0.0,0.0,88.93,9.0,9.18,9.3,0.13,99.83
59,2025-06-02 21:00:00,5.44,2.8,0.0,0.0,91.58,8.1,8.38,8.7,0.09,99.89
59,2025-06-02 22:00:00,13.61,4.58,0.0,0.0,89.15,8.5,9.1,9.5,0.13,99.84
59,2025-06-02 23:00:00,6.91,2.55,0.0,0.0,91.75,8.1,8.55,9.1,0.09,99.84
59,2025-06-03 00:00:00,7.13,3.49,0.0,0.0,92.35,7.9,8.03,8.1,0.08,99.79
59,2025-06-03 01:00:00,9.47,4.8,0.0,0.0,92.85,7.7,7.78,7.9,0.08,99.78
59,2025-06-03 02:00:00,9.22,4.01,0.0,0.0,92.78,7.6,7.9,8.1,0.08,99.75
59,2025-06-03 03:00:00,4.03,1.62,0.0,0.0,93.85,6.5,6.8,6.9,0.06,99.71
59,2025-06-03 04:00:00,4.68,2.03,0.0,0.0,95.0,6.0,6.18,6.4,0.05,99.65
59,2025-06-03 05:00:00,7.24,2.29,0.0,0.0,93.53,6.0,6.35,7.1,0.06,99.58
59,2025-06-03 06:00:00,5.4,2.71,0.0,0.0,95.13,6.3,6.6,7.1,0.05,99.61
59,2025-06-03 07:00:00,5.29,2.24,0.0,0.0,96.03,5.7,5.95,6.2,0.04,99.63
59,2025-06-03 08:00:00,6.62,3.12,2.3,0.0,95.55,5.6,5.7,5.8,0.04,99.67
59,2025-06-03 09:00:00,9.11,4.37,23.3,0.0,92.75,6.6,7.05,7.5,0.07,99.69
59,2025-06-03 10:00:00,7.81,2.48,79.3,0.0,93.33,7.5,8.18,9.0,0.07,99.74
59,2025-06-03 11:00:00,7.31,2.54,116.4,0.0,93.65,9.0,9.25,9.5,0.07,99.7
59,2025-06-03 12:00:00,11.52,3.69,203.5,0.0,88.38,9.6,10.53,11.6,0.15,99.75
59,2025-06-03 13:00:00,12.2,4.45,187.3,0.0,81.23,12.0,12.58,13.3,0.28,99.68
59,2025-06-03 14:00:00,9.25,3.46,152.7,0.0,75.75,13.8,13.9,14.0,0.39,99.64
59,2025-06-03 15:00:00,6.19,2.23,83.1,0.0,75.93,13.6,13.78,13.9,0.38,99.62
59,2025-06-03 16:00:00,7.06,1.75,60.3,0.0,79.15,13.2,13.4,13.6,0.32,99.62
59,2025-06-03 17:00:00,4.75,2.34,35.5,0.0,83.58,12.3,12.7,13.1,0.24,99.6
59,2025-06-03 18:00:00,7.88,3.28,14.5,0.0,85.25,11.3,11.78,12.3,0.21,99.57
59,2025-06-03 19:00:00,5.98,2.8,0.0,0.0,89.13,10.4,10.75,11.2,0.14,99.57
59,2025-06-03 20:00:00,6.98,2.7,0.0,0.0,91.6,9.4,9.8,10.1,0.11,99.55
59,2025-06-03 21:00:00,6.19,3.56,0.0,0.0,91.38,9.3,9.43,9.6,0.1,99.55
59,2025-06-03 22:00:00,5.87,2.38,0.0,0.0,91.18,9.2,9.3,9.5,0.1,99.58
59,2025-06-03 23:00:00,7.56,3.24,0.0,0.0,92.48,8.8,8.88,9.0,0.08,99.59
59,2025-06-04 00:00:00,5.04,2.12,0.0,0.0,92.08,8.6,8.9,9.1,0.09,99.6
59,2025-06-04 01:00:00,5.04,2.6,0.0,0.0,93.05,8.1,8.23,8.4,0.08,99.62
59,2025-06-04 02:00:00,11.12,4.64,0.0,0.0,87.38,8.2,9.3,10.0,0.15,99.61
59,2025-06-04 03:00:00,12.02,3.41,0.0,0.0,85.9,8.6,9.23,9.8,0.17,99.62
59,2025-06-04 04:00:00,6.77,3.22,0.0,0.0,90.0,7.0,7.43,7.9,0.1,99.63
59,2025-06-04 05:00:00,7.52,3.27,0.0,0.0,91.8,6.2,6.43,6.8,0.08,99.63
59,2025-06-04 06:00:00,6.44,3.04,0.0,0.0,93.48,6.0,6.18,6.3,0.07,99.7
59,2025-06-04 07:00:00,8.46,3.24,0.0,0.0,93.53,6.5,6.7,7.0,0.06,99.73
59,2025-06-04 08:00:00,5.51,2.84,1.5,0.0,94.45,6.4,6.55,6.7,0.05,99.84
59,2025-06-04 09:00:00,13.1,5.82,48.7,0.0,93.45,6.8,7.23,7.7,0.07,99.85
59,2025-06-04 10:00:00,16.27,4.91,118.9,0.0,86.08,8.6,9.63,10.6,0.17,99.85
59,2025-06-04 11:00:00,13.5,4.47,318.0,0.0,79.45,11.1,12.25,13.4,0.3,99.88
59,2025-06-04 12:00:00,16.88,8.07,180.7,0.0,80.48,12.8,12.98,13.2,0.3,99.93
59,2025-06-04 13:00:00,12.28,4.66,193.1,0.0,80.95,12.8,13.08,13.5,0.29,99.95
59,2025-06-04 14:00:00,9.04,3.73,230.4,0.0,77.4,13.8,14.05,14.2,0.36,99.98
59,2025-06-04 15:00:00,14.18,3.93,370.9,0.0,71.18,14.3,15.2,15.8,0.5,99.99
59,2025-06-04 16:00:00,13.36,3.55,262.7,0.0,64.45,15.9,16.05,16.2,0.65,99.99
59,2025-06-04 17:00:00,6.01,2.38,135.8,0.0,59.8,15.9,16.15,16.6,0.74,99.99
59,2025-06-04 18:00:00,4.86,2.76,55.0,0.0,67.65,11.9,14.0,16.3,0.54,99.98
59,2025-06-04 19:00:00,5.33,3.67,0.0,0.0,83.28,9.3,10.0,10.9,0.21,100.01
59,2025-06-04 20:00:00,4.61,3.17,0.0,0.0,88.33,7.8,8.38,8.8,0.13,100.04
59,2025-06-04 21:00:00,4.36,2.44,0.0,0.0,91.98,6.3,6.63,7.2,0.08,100.04
59,2025-06-04 22:00:00,4.64,2.61,0.0,0.0,93.23,5.4,5.68,5.9,0.06,100.04
59,2025-06-04 23:00:00,4.32,2.83,0.0,0.0,93.33,4.9,5.1,5.4,0.06,100.03
59,2025-06-05 00:00:00,4.93,3.42,0.0,0.0,95.6,3.8,4.1,4.6,0.04,100.01
59,2025-06-05 01:00:00,5.08,3.72,0.0,0.0,95.65,3.2,3.53,3.7,0.03,99.97
59,2025-06-05 02:00:00,5.47,3.36,0.0,0.0,96.05,2.7,2.98,3.3,0.03,99.94
59,2025-06-05 03:00:00,3.96,1.83,0.0,0.0,95.35,2.6,2.83,3.2,0.04,99.92
59,2025-06-05 04:00:00,3.71,2.26,0.0,0.0,96.35,3.0,3.25,3.8,0.03,99.9
59,2025-06-05 05:00:00,2.48,1.2,0.0,0.0,95.68,4.2,4.63,5.0,0.04,99.9
59,2025-06-05 06:00:00,5.18,2.24,0.0,0.0,95.45,5.3,6.0,6.6,0.04,99.88
59,2025-06-05 07:00:00,7.67,3.0,0.0,0.0,96.65,7.0,7.15,7.2,0.03,99.89
59,2025-06-05 08:00:00,6.12,3.12,0.3,0.0,97.85,7.2,7.28,7.3,0.02,99.91
59,2025-06-05 09:00:00,7.74,3.86,23.4,0.0,99.75,6.2,6.68,7.1,0.0,99.92
59,2025-06-05 10:00:00,12.49,4.55,59.6,0.0,99.93,5.3,5.5,5.9,0.0,99.95
59,2025-06-05 11:00:00,9.04,4.13,67.3,0.0,99.6,5.6,5.78,5.9,0.01,99.97
59,2025-06-05 12:00:00,8.75,3.53,90.6,0.0,99.9,6.1,6.18,6.2,0.0,99.95
59,2025-06-05 13:00:00,8.28,3.44,99.6,0.0,100.0,6.3,6.45,6.5,0.0,99.88
59,2025-06-05 14:00:00,7.85,2.97,86.1,0.0,100.0,6.9,7.13,7.3,0.0,99.81
59,2025-06-05 15:00:00,7.92,3.05,66.2,0.0,99.15,7.4,7.65,7.8,0.01,99.77
59,2025-06-05 16:00:00,8.53,2.98,54.7,0.0,97.58,7.7,7.75,7.8,0.02,99.74
59,2025-06-05 17:00:00,6.34,2.44,30.3,0.0,96.38,7.6,7.73,7.8,0.04,99.72
59,2025-06-05 18:00:00,5.9,2.06,11.5,0.0,95.5,7.4,7.45,7.5,0.05,99.72
59,2025-06-05 19:00:00,7.13,2.75,0.0,0.0,95.85,7.0,7.15,7.3,0.04,99.73
59,2025-06-05 20:00:00,5.33,1.87,0.0,0.0,97.0,6.8,6.8,6.8,0.03,99.74
59,2025-06-05 21:00:00,6.12,1.39,0.0,0.0,97.43,6.7,6.73,6.8,0.03,99.73
59,2025-06-05 22:00:00,4.0,1.23,0.0,0.0,97.63,6.7,6.7,6.7,0.02,99.73
59,2025-06-05 23:00:00,6.26,3.02,0.0,0.0,98.2,6.4,6.53,6.6,0.02,99.71
59,2025-06-06 00:00:00,8.1,2.45,0.0,0.0,98.65,5.9,6.0,6.2,0.01,99.69
59,2025-06-06 01:00:00,6.84,3.46,0.0,0.0,98.5,5.5,5.63,5.8,0.02,99.65
59,2025-06-06 02:00:00,7.13,2.97,0.0,0.0,98.43,5.1,5.25,5.4,0.01,99.6
59,2025-06-06 03:00:00,5.22,2.21,0.0,0.0,98.35,4.9,4.9,4.9,0.02,99.55
59,2025-06-06 04:00:00,6.59,3.31,0.0,0.0,98.4,4.6,4.75,4.9,0.02,99.54
59,2025-06-06 05:00:00,8.46,3.54,0.0,0.0,98.43,4.4,4.45,4.5,0.01,99.54
59,2025-06-06 06:00:00,7.09,3.31,0.0,0.02,98.65,4.0,4.18,4.3,0.01,99.55
59,2025-06-06 07:00:00,7.6,3.43,0.0,0.0,99.33,3.3,3.53,3.8,0.0,99.57
59,2025-06-06 08:00:00,8.14,3.53,1.9,0.02,99.18,2.4,2.88,3.2,0.01,99.6
59,2025-06-06 09:00:00,8.03,3.56,42.5,0.0,99.23,2.1,2.18,2.3,0.01,99.63
59,2025-06-06 10:00:00,7.67,2.36,99.1,0.0,100.03,2.3,2.38,2.5,0.0,99.67
59,2025-06-06 11:00:00,8.46,2.97,154.4,0.0,99.83,2.6,2.98,3.3,0.0,99.73
59,2025-06-06 12:00:00,9.58,3.75,199.1,0.0,100.08,3.3,3.58,3.8,0.0,99.76
59,2025-06-06 13:00:00,14.08,3.85,147.1,0.0,99.93,4.0,4.7,5.3,0.0,99.78
59,2025-06-06 14:00:00,5.8,2.55,195.7,0.0,100.05,5.8,6.45,7.2,0.0,99.82
59,2025-06-06 15:00:00,10.48,4.08,195.8,0.0,96.88,7.5,8.58,9.3,0.04,99.86
59,2025-06-06 16:00:00,9.32,4.1,82.3,0.0,90.85,9.6,9.8,10.1,0.11,99.92
59,2025-06-06 17:00:00,13.57,5.7,47.5,0.0,88.5,10.3,10.35,10.4,0.15,100.01
59,2025-06-06 18:00:00,15.91,5.81,6.9,0.0,87.58,10.3,10.3,10.3,0.16,100.09
59,2025-06-06 19:00:00,11.52,3.29,0.0,0.0,88.33,10.0,10.15,10.3,0.15,100.15
59,2025-06-06 20:00:00,9.54,2.51,0.0,0.0,87.88,10.1,10.15,10.2,0.15,100.23
59,2025-06-06 21:00:00,10.22,2.99,0.0,0.0,86.7,10.1,10.18,10.2,0.17,100.28
59,2025-06-06 22:00:00,16.38,4.45,0.0,0.0,84.65,10.2,10.28,10.3,0.19,100.31
59,2025-06-06 23:00:00,12.06,4.28,0.0,0.0,83.05,10.4,10.4,10.4,0.22,100.33
59,2025-06-07 00:00:00,10.84,4.54,0.0,0.0,82.25,10.5,10.58,10.6,0.23,100.36
59,2025-06-07 01:00:00,10.51,3.96,0.0,0.0,81.83,10.5,10.58,10.6,0.23,100.38
59,2025-06-07 02:00:00,8.14,3.41,0.0,0.0,81.1,10.4,10.48,10.5,0.24,100.36
59,2025-06-07 03:00:00,7.45,2.93,0.0,0.0,81.75,10.2,10.28,10.4,0.23,100.37
59,2025-06-07 04:00:00,6.48,3.28,0.0,0.0,82.7,10.1,10.15,10.2,0.22,100.38
59,2025-06-07 05:00:00,5.11,2.49,0.0,0.0,84.15,9.8,9.95,10.1,0.2,100.39
59,2025-06-07 06:00:00,3.49,1.3,0.0,0.0,85.95,9.5,9.65,9.7,0.17,100.39
59,2025-06-07 07:00:00,3.56,1.6,0.0,0.0,86.48,9.4,9.5,9.6,0.16,100.42
59,2025-06-07 08:00:00,3.67,1.58,1.0,0.0,88.75,9.1,9.25,9.4,0.13,100.44
59,2025-06-07 09:00:00,6.05,3.21,48.3,0.0,86.63,9.3,9.6,9.8,0.16,100.46
59,2025-06-07 10:00:00,8.57,3.16,132.1,0.0,83.28,9.9,10.18,10.6,0.21,100.49
59,2025-06-07 11:00:00,10.48,2.59,306.5,0.0,77.15,11.1,11.75,12.3,0.32,100.53
59,2025-06-07 12:00:00,10.98,3.7,404.5,0.0,70.23,12.6,13.23,13.7,0.46,100.55
59,2025-06-07 13:00:00,10.26,4.27,374.1,0.0,68.55,12.9,13.48,13.9,0.49,100.5
59,2025-06-07 14:00:00,14.11,5.36,370.7,0.0,66.63,14.2,14.38,14.5,0.55,100.45
59,2025-06-07 15:00:00,14.47,4.98,333.8,0.0,64.65,14.6,14.88,15.1,0.6,100.41
59,2025-06-07 16:00:00,13.64,5.94,263.1,0.0,63.33,15.0,15.15,15.3,0.63,100.38
59,2025-06-07 17:00:00,10.37,2.89,159.7,0.0,62.18,15.1,15.25,15.4,0.66,100.37
59,2025-06-07 18:00:00,4.43,1.56,46.3,0.0,68.65,11.6,13.25,14.8,0.48,100.37
59,2025-06-07 19:00:00,3.96,2.54,0.0,0.0,81.1,8.8,9.58,10.5,0.23,100.38
59,2025-06-07 20:00:00,3.96,2.73,0.0,0.0,87.43,7.3,7.75,8.5,0.13,100.38
59,2025-06-07 21:00:00,3.71,2.61,0.0,0.0,90.38,6.2,6.7,7.1,0.09,100.37
59,2025-06-07 22:00:00,3.71,2.69,0.0,0.0,92.43,5.5,5.88,6.1,0.07,100.35
59,2025-06-07 23:00:00,3.74,2.31,0.0,0.0,93.2,5.1,5.25,5.4,0.06,100.32
59,2025-06-08 00:00:00,5.15,2.51,0.0,0.0,93.93,4.8,5.1,5.2,0.05,100.3
59,2025-06-08 01:00:00,3.74,2.45,0.0,0.0,94.8,4.4,4.63,4.8,0.05,100.28
59,2025-06-08 02:00:00,3.82,2.12,0.0,0.0,94.9,4.2,4.33,4.5,0.05,100.25
59,2025-06-08 03:00:00,3.24,2.13,0.0,0.0,94.88,3.4,3.8,4.2,0.04,100.24
59,2025-06-08 04:00:00,4.43,3.14,0.0,0.0,95.93,2.8,2.9,3.1,0.03,100.18
59,2025-06-08 05:00:00,6.55,3.31,0.0,0.0,94.53,2.9,3.2,3.8,0.04,100.15
59,2025-06-08 06:00:00,7.2,1.87,0.0,0.0,95.13,3.9,4.3,5.1,0.04,100.12
59,2025-06-08 07:00:00,9.72,4.48,0.0,0.0,96.58,5.5,5.58,5.6,0.03,100.15
59,2025-06-08 08:00:00,11.12,4.75,1.5,0.0,98.0,5.5,5.55,5.6,0.02,100.19
59,2025-06-08 09:00:00,12.17,4.07,27.4,0.0,98.78,5.1,5.23,5.3,0.01,100.22
59,2025-06-08 10:00:00,8.89,3.31,63.0,0.0,99.25,5.3,5.5,5.6,0.01,100.25
59,2025-06-08 11:00:00,11.3,3.79,95.1,0.0,99.55,5.8,6.0,6.2,0.0,100.25
59,2025-06-08 12:00:00,9.86,3.8,141.7,0.0,98.35,6.3,6.53,6.7,0.02,100.27
59,2025-06-08 13:00:00,10.69,3.8,234.1,0.0,95.75,6.9,7.23,7.6,0.05,100.23
59,2025-06-08 14:00:00,11.84,4.28,455.9,0.0,90.03,7.9,8.9,9.6,0.12,100.16
59,2025-06-08 15:00:00,9.97,4.05,350.8,0.0,82.85,9.9,10.33,10.7,0.22,100.09
59,2025-06-08 16:00:00,10.15,3.39,272.5,0.0,76.8,11.0,11.38,11.6,0.31,100.02
59,2025-06-08 17:00:00,10.01,3.57,166.2,0.0,74.45,11.2,11.5,11.9,0.35,100.0
59,2025-06-08 18:00:00,5.47,2.63,31.7,0.0,80.3,7.4,8.85,10.5,0.23,99.99
59,2025-06-08 19:00:00,5.44,3.01,0.0,0.0,89.03,5.4,6.03,6.6,0.1,99.96
59,2025-06-08 20:00:00,4.82,3.55,0.0,0.0,92.95,4.1,4.6,5.1,0.06,99.96
59,2025-06-08 21:00:00,4.28,2.12,0.0,0.0,92.93,3.4,3.55,3.6,0.06,99.96
59,2025-06-08 22:00:00,5.47,1.96,0.0,0.0,93.73,2.6,2.9,3.3,0.05,99.93
59,2025-06-08 23:00:00,4.86,3.22,0.0,0.0,94.53,2.1,2.35,2.6,0.04,99.91
59,2025-06-09 00:00:00,6.16,3.47,0.0,0.0,94.33,2.2,2.48,2.7,0.05,99.88
59,2025-06-09 01:00:00,5.15,3.33,0.0,0.0,95.15,2.0,2.33,2.5,0.04,99.88
59,2025-06-09 02:00:00,5.04,2.66,0.0,0.0,95.68,1.2,1.55,1.7,0.03,99.87
59,2025-06-09 03:00:00,3.85,2.4,0.0,0.0,94.03,1.1,1.18,1.2,0.04,99.8
59,2025-06-09 04:00:00,3.53,1.5,0.0,0.0,94.48,0.2,0.53,0.9,0.04,99.73
59,2025-06-09 05:00:00,5.65,3.25,0.0,0.0,95.2,-0.3,-0.15,0.0,0.03,99.7
59,2025-06-09 06:00:00,7.2,3.78,0.0,0.0,95.98,-0.3,-0.1,0.0,0.03,99.67
59,2025-06-09 07:00:00,4.21,2.14,0.0,0.0,93.7,0.2,0.95,1.7,0.04,99.7
59,2025-06-09 08:00:00,6.12,2.22,2.1,0.0,97.35,1.8,1.8,1.8,0.02,99.72
59,2025-06-09 09:00:00,5.9,2.55,49.5,0.0,98.1,1.9,2.2,2.7,0.01,99.77
59,2025-06-09 10:00:00,6.48,2.6,133.3,0.0,99.63,3.1,3.4,3.6,0.0,99.81
59,2025-06-09 11:00:00,6.95,2.02,137.4,0.0,100.0,4.0,4.35,4.8,0.0,99.83
59,2025-06-09 12:00:00,11.12,3.55,135.6,0.0,100.13,5.0,5.25,5.4,0.0,99.83
59,2025-06-09 13:00:00,13.03,3.43,145.2,0.0,100.0,5.5,6.03,6.5,0.0,99.81
59,2025-06-09 14:00:00,9.5,3.42,220.9,0.0,99.03,6.8,7.18,7.5,0.01,99.78
59,2025-06-09 15:00:00,10.8,3.93,209.2,0.0,94.35,7.7,8.03,8.3,0.06,99.71
59,2025-06-09 16:00:00,6.7,2.14,252.5,0.0,89.3,8.7,9.4,10.0,0.13,99.67
59,2025-06-09 17:00:00,6.95,1.78,167.5,0.0,83.35,10.2,10.63,10.9,0.21,99.66
59,2025-06-09 18:00:00,3.38,1.78,41.9,0.0,87.6,6.8,8.55,10.0,0.14,99.66
59,2025-06-09 19:00:00,4.36,2.93,0.0,0.0,93.05,4.2,5.15,6.0,0.06,99.65
59,2025-06-09 20:00:00,5.58,3.59,0.0,0.0,95.18,2.5,3.15,3.8,0.04,99.67
59,2025-06-09 21:00:00,5.9,3.31,0.0,0.0,94.85,2.0,2.13,2.3,0.04,99.7
59,2025-06-09 22:00:00,5.15,2.81,0.0,0.0,94.73,1.2,1.4,1.7,0.04,99.66
59,2025-06-09 23:00:00,5.51,3.37,0.0,0.0,95.35,0.5,0.7,0.9,0.03,99.63
59,2025-06-10 00:00:00,5.08,3.11,0.0,0.0,94.85,0.2,0.25,0.3,0.03,99.61
59,2025-06-10 01:00:00,4.36,3.19,0.0,0.0,93.98,0.3,0.5,0.7,0.04,99.59
59,2025-06-10 02:00:00,4.64,1.99,0.0,0.0,95.7,-0.3,-0.05,0.2,0.03,99.52
59,2025-06-10 03:00:00,4.46,2.53,0.0,0.0,95.68,-0.3,0.0,0.4,0.03,99.5
59,2025-06-10 04:00:00,6.44,2.86,0.0,0.02,95.8,0.6,0.93,1.1,0.03,99.51
59,2025-06-10 05:00:00,4.18,1.17,0.0,0.04,96.63,1.2,1.45,1.7,0.02,99.52
59,2025-06-10 06:00:00,5.54,1.16,0.0,0.06,97.38,1.9,2.0,2.1,0.02,99.55
59,2025-06-10 07:00:00,5.8,1.94,0.0,0.02,98.45,1.9,2.0,2.1,0.01,99.57
59,2025-06-10 08:00:00,7.24,1.96,1.1,0.02,98.85,1.6,1.68,1.8,0.01,99.57
59,2025-06-10 09:00:00,6.48,1.86,36.0,0.02,99.5,1.3,1.4,1.5,0.01,99.57
59,2025-06-10 10:00:00,5.0,1.96,90.8,0.02,99.85,1.3,1.63,2.0,0.0,99.62
59,2025-06-10 11:00:00,5.54,2.44,133.4,0.0,99.98,2.4,2.75,3.1,0.0,99.66
59,2025-06-10 12:00:00,6.59,2.3,164.5,0.0,99.88,3.3,3.73,4.1,0.0,99.66
59,2025-06-10 13:00:00,5.0,2.06,214.6,0.0,99.55,4.4,4.9,5.5,0.0,99.6
59,2025-06-10 14:00:00,8.06,3.21,233.9,0.0,100.05,6.0,6.7,7.2,0.0,99.55
59,2025-06-10 15:00:00,9.04,3.96,328.9,0.0,96.5,8.1,9.25,10.4,0.04,99.5
59,2025-06-10 16:00:00,10.08,2.85,273.7,0.0,86.23,10.8,11.8,12.7,0.2,99.47
59,2025-06-10 17:00:00,4.18,1.62,165.6,0.0,78.6,13.3,13.48,13.6,0.33,99.46
59,2025-06-10 18:00:00,6.73,2.87,33.2,0.0,85.58,9.0,10.55,12.2,0.19,99.47
59,2025-06-10 19:00:00,4.97,3.65,0.0,0.0,92.23,6.4,7.0,7.8,0.08,99.48
59,2025-06-10 20:00:00,5.04,3.15,0.0,0.0,94.85,4.6,5.25,5.8,0.05,99.5
59,2025-06-10 21:00:00,3.49,2.48,0.0,0.0,94.63,3.4,3.83,4.4,0.05,99.49
59,2025-06-10 22:00:00,6.77,3.82,0.0,0.0,96.1,2.4,2.6,2.9,0.03,99.47
59,2025-06-10 23:00:00,5.36,2.82,0.0,0.0,94.7,2.4,2.43,2.5,0.04,99.46
59,2025-06-11 00:00:00,12.46,3.94,0.0,0.0,91.83,2.4,3.93,5.2,0.07,99.48
59,2025-06-11 01:00:00,8.93,3.16,0.0,0.02,93.63,5.0,5.33,5.8,0.06,99.52
59,2025-06-11 02:00:00,7.49,2.73,0.0,0.04,94.1,5.9,5.95,6.0,0.06,99.53
59,2025-06-11 03:00:00,8.71,3.55,0.0,0.04,94.53,6.2,6.28,6.3,0.05,99.53
59,2025-06-11 04:00:00,13.0,4.13,0.0,0.04,94.15,6.1,6.78,7.6,0.06,99.52
59,2025-06-11 05:00:00,10.3,4.53,0.0,0.0,96.05,7.4,7.58,7.7,0.04,99.49
59,2025-06-11 06:00:00,9.29,3.26,0.0,0.0,95.9,7.0,7.38,7.9,0.05,99.51
59,2025-06-11 07:00:00,9.25,4.11,0.0,0.0,95.23,7.9,8.1,8.3,0.05,99.58
59,2025-06-11 08:00:00,12.17,4.6,0.0,0.0,94.48,8.6,8.88,9.1,0.07,99.62
59,2025-06-11 09:00:00,11.2,4.71,10.9,0.0,94.1,8.8,8.98,9.3,0.07,99.64
59,2025-06-11 10:00:00,15.91,6.7,28.1,0.0,91.28,9.4,9.7,10.0,0.11,99.66
59,2025-06-11 11:00:00,23.94,9.28,54.9,0.0,87.85,10.3,10.58,10.8,0.16,99.64
59,2025-06-11 12:00:00,23.76,8.72,60.9,0.0,87.2,10.9,11.08,11.3,0.17,99.6
59,2025-06-11 13:00:00,21.31,9.2,69.8,0.0,85.9,11.3,11.53,11.7,0.19,99.51
59,2025-06-11 14:00:00,23.54,9.3,80.6,0.0,83.53,11.8,11.93,12.0,0.23,99.43
59,2025-06-11 15:00:00,21.64,8.66,54.3,0.0,81.53,12.0,12.1,12.2,0.26,99.41
59,2025-06-11 16:00:00,25.2,9.24,41.8,0.0,79.98,12.2,12.35,12.5,0.29,99.39
59,2025-06-11 17:00:00,22.43,10.07,26.4,0.0,77.48,12.6,12.73,12.8,0.33,99.36
59,2025-06-11 18:00:00,28.4,11.29,9.5,0.0,75.78,12.9,12.9,12.9,0.36,99.35
59,2025-06-11 19:00:00,34.31,11.26,0.0,0.0,72.7,13.0,13.23,13.4,0.42,99.34
59,2025-06-11 20:00:00,26.6,10.49,0.0,0.0,70.85,13.3,13.33,13.4,0.45,99.36
59,2025-06-11 21:00:00,30.28,12.84,0.0,0.0,68.78,13.3,13.48,13.7,0.48,99.36
59,2025-06-11 22:00:00,33.62,14.04,0.0,0.0,66.75,13.7,13.78,13.8,0.53,99.33
59,2025-06-11 23:00:00,42.84,15.62,0.0,0.0,64.88,14.0,14.1,14.2,0.56,99.31
59,2025-06-12 00:00:00,36.83,15.4,0.0,0.0,63.6,14.2,14.33,14.5,0.6,99.33
59,2025-06-12 01:00:00,27.9,14.26,0.0,0.0,74.9,12.2,12.93,13.8,0.38,99.38
59,2025-06-12 02:00:00,36.32,12.1,0.0,1.89,89.03,10.2,10.98,11.7,0.15,99.45
59,2025-06-12 03:00:00,18.25,6.64,0.0,1.64,93.35,9.4,9.88,10.2,0.08,99.45
59,2025-06-12 04:00:00,22.57,6.86,0.0,1.89,95.23,9.4,9.48,9.6,0.06,99.43
59,2025-06-12 05:00:00,20.66,8.31,0.0,2.71,96.78,9.3,9.3,9.3,0.04,99.42
59,2025-06-12 06:00:00,23.58,7.61,0.0,1.16,95.98,9.3,9.38,9.6,0.05,99.45
59,2025-06-12 07:00:00,23.9,9.69,0.0,1.46,96.15,9.1,9.35,9.8,0.04,99.46
59,2025-06-12 08:00:00,27.04,11.5,0.0,0.13,93.45,9.9,9.95,10.0,0.08,99.48
59,2025-06-12 09:00:00,20.95,8.98,9.4,0.0,92.9,9.4,9.73,9.9,0.09,99.56
59,2025-06-12 10:00:00,22.36,10.64,74.2,0.53,94.05,8.4,8.63,9.0,0.07,99.64
59,2025-06-12 11:00:00,22.68,8.71,301.4,2.89,97.03,7.7,7.95,8.3,0.03,99.72
59,2025-06-12 12:00:00,25.24,9.8,211.6,0.68,99.58,8.5,8.8,9.0,0.0,99.76
59,2025-06-12 13:00:00,26.86,10.54,205.9,0.4,99.7,9.2,9.38,9.8,0.0,99.79
59,2025-06-12 14:00:00,25.16,10.99,226.2,0.0,99.93,9.1,9.35,9.7,0.0,99.81
59,2025-06-12 15:00:00,25.06,11.02,257.0,0.0,99.2,9.4,9.5,9.6,0.01,99.83
59,2025-06-12 16:00:00,26.89,10.2,134.3,0.12,91.7,9.6,10.3,10.6,0.11,99.86
59,2025-06-12 17:00:00,21.28,9.25,93.2,0.0,88.83,10.1,10.2,10.4,0.14,99.91
59,2025-06-12 18:00:00,21.24,6.19,6.5,0.15,89.28,9.5,9.65,9.8,0.13,99.96
59,2025-06-12 19:00:00,25.56,8.11,0.0,0.07,89.15,9.2,9.45,9.6,0.13,100.04
59,2025-06-12 20:00:00,24.08,6.66,0.0,1.73,95.7,8.2,8.45,8.8,0.05,100.1
59,2025-06-12 21:00:00,14.8,4.9,0.0,0.12,97.25,8.0,8.05,8.2,0.03,100.12
59,2025-06-12 22:00:00,19.08,6.12,0.0,1.11,97.3,7.9,8.03,8.1,0.03,100.13
59,2025-06-12 23:00:00,11.41,4.0,0.0,0.02,96.73,7.4,7.65,8.0,0.04,100.12
59,2025-06-13 00:00:00,11.27,3.78,0.0,0.02,96.15,7.1,7.18,7.2,0.04,100.13
59,2025-06-13 01:00:00,6.77,3.63,0.0,0.0,96.65,7.0,7.0,7.0,0.03,100.14
59,2025-06-13 02:00:00,4.93,2.4,0.0,0.02,96.68,6.6,6.78,7.1,0.04,100.13
59,2025-06-13 03:00:00,7.2,2.28,0.0,0.0,96.25,6.3,6.38,6.5,0.04,100.14
59,2025-06-13 04:00:00,6.8,2.48,0.0,0.02,96.65,6.0,6.23,6.4,0.03,100.15
59,2025-06-13 05:00:00,6.91,2.46,0.0,0.0,96.6,6.0,6.13,6.2,0.03,100.15
59,2025-06-13 06:00:00,11.63,3.91,0.0,0.02,97.18,6.2,6.3,6.4,0.03,100.12
59,2025-06-13 07:00:00,6.16,2.51,0.0,0.0,97.03,6.2,6.33,6.4,0.03,100.15
59,2025-06-13 08:00:00,4.75,2.65,4.0,0.0,96.55,5.6,5.85,6.0,0.03,100.15
59,2025-06-13 09:00:00,5.72,2.03,40.3,0.0,96.93,5.7,5.78,5.9,0.03,100.16
59,2025-06-13 10:00:00,6.19,2.99,215.9,0.02,98.35,6.1,6.68,7.5,0.02,100.2
59,2025-06-13 11:00:00,10.94,4.93,293.1,0.0,96.7,8.7,9.63,10.3,0.04,100.23
59,2025-06-13 12:00:00,9.61,4.11,391.7,0.0,87.85,10.4,10.6,11.0,0.16,100.25
59,2025-06-13 13:00:00,10.76,4.09,406.6,0.0,79.1,11.2,12.2,13.1,0.3,100.23
59,2025-06-13 14:00:00,10.69,4.84,408.8,0.0,67.8,13.3,13.65,14.0,0.51,100.19
59,2025-06-13 15:00:00,14.29,4.14,389.1,0.0,62.73,14.0,14.2,14.4,0.61,100.17
59,2025-06-13 16:00:00,11.23,3.72,303.5,0.0,61.45,14.2,14.45,14.6,0.64,100.17
59,2025-06-13 17:00:00,11.2,4.48,141.5,0.0,63.0,14.0,14.05,14.2,0.59,100.19
59,2025-06-13 18:00:00,3.28,2.2,53.8,0.0,72.6,10.0,11.98,14.1,0.39,100.21
59,2025-06-13 19:00:00,4.28,3.21,0.0,0.0,86.78,7.2,8.03,9.0,0.14,100.21
59,2025-06-13 20:00:00,4.64,3.12,0.0,0.0,91.0,5.8,6.28,6.9,0.09,100.22
59,2025-06-13 21:00:00,9.58,3.96,0.0,0.0,89.58,5.4,5.93,6.9,0.1,100.25
59,2025-06-13 22:00:00,10.26,4.92,0.0,0.0,87.23,6.7,7.0,7.2,0.13,100.29
59,2025-06-13 23:00:00,8.46,3.47,0.0,0.0,88.38,5.5,6.03,6.3,0.11,100.29
59,2025-06-14 00:00:00,6.19,2.77,0.0,0.0,89.1,4.8,5.1,5.3,0.1,100.28
59,2025-06-14 01:00:00,6.59,3.35,0.0,0.0,89.38,4.7,4.98,5.3,0.09,100.26
59,2025-06-14 02:00:00,8.82,3.47,0.0,0.0,89.48,3.9,4.28,4.6,0.09,100.25
59,2025-06-14 03:00:00,8.86,2.73,0.0,0.0,90.18,3.2,3.83,4.7,0.08,100.23
59,2025-06-14 04:00:00,7.52,1.95,0.0,0.0,91.43,2.4,2.68,2.8,0.07,100.19
59,2025-06-14 05:00:00,8.78,4.01,0.0,0.0,90.13,2.6,3.03,3.6,0.08,100.17
59,2025-06-14 06:00:00,4.75,2.0,0.0,0.0,92.73,1.7,1.9,2.2,0.05,100.16
59,2025-06-14 07:00:00,10.19,2.8,0.0,0.0,88.55,2.5,2.93,3.4,0.09,100.16
59,2025-06-14 08:00:00,5.62,1.87,3.7,0.0,90.98,1.6,1.95,2.6,0.07,100.17
59,2025-06-14 09:00:00,7.52,2.54,113.5,0.0,88.08,1.4,3.03,4.3,0.09,100.16
59,2025-06-14 10:00:00,9.18,2.38,204.3,0.0,85.25,4.7,6.03,7.2,0.14,100.2
59,2025-06-14 11:00:00,11.38,5.3,192.3,0.0,78.55,7.3,7.55,8.0,0.22,100.18
59,2025-06-14 12:00:00,13.93,5.63,273.4,0.0,74.03,8.8,9.8,10.7,0.32,100.13
59,2025-06-14 13:00:00,16.78,6.69,283.1,0.0,64.73,11.6,12.53,13.3,0.52,100.07
59,2025-06-14 14:00:00,16.42,6.66,220.5,0.0,57.95,13.6,13.73,13.8,0.66,100.03
59,2025-06-14 15:00:00,13.72,5.15,139.5,0.0,61.8,13.2,13.45,13.6,0.59,100.02
59,2025-06-14 16:00:00,18.43,7.06,56.6,0.0,65.18,12.3,12.58,13.0,0.51,100.02
59,2025-06-14 17:00:00,20.27,6.2,15.1,0.0,67.0,11.7,11.9,12.2,0.46,100.05
59,2025-06-14 18:00:00,14.18,4.69,3.3,0.0,70.68,11.3,11.43,11.5,0.4,100.06
59,2025-06-14 19:00:00,12.13,3.16,0.0,0.0,74.03,10.8,10.88,11.0,0.34,100.07
59,2025-06-14 20:00:00,19.8,6.87,0.0,0.0,70.8,11.4,11.53,11.6,0.4,100.07
59,2025-06-14 21:00:00,21.96,5.98,0.0,0.0,72.13,11.1,11.25,11.4,0.38,100.05
59,2025-06-14 22:00:00,23.11,8.1,0.0,0.0,73.15,11.2,11.43,11.6,0.36,99.97
59,2025-06-14 23:00:00,26.57,6.99,0.0,0.0,74.4,11.0,11.18,11.4,0.34,99.94
59,2025-06-15 00:00:00,32.83,11.3,0.0,0.0,66.48,11.0,12.43,13.7,0.49,99.89
59,2025-06-15 01:00:00,50.54,17.3,0.0,0.0,61.05,12.8,13.35,14.1,0.6,99.79
59,2025-06-15 02:00:00,39.92,16.9,0.0,0.0,55.43,14.0,14.08,14.3,0.72,99.67
59,2025-06-15 03:00:00,29.7,11.65,0.0,0.0,56.38,13.5,13.8,14.3,0.69,99.59
59,2025-06-15 04:00:00,33.44,12.65,0.0,0.43,61.6,11.0,12.48,13.3,0.56,99.51
59,2025-06-15 05:00:00,32.54,13.17,0.0,0.87,76.05,9.9,10.05,10.3,0.3,99.5
59,2025-06-15 06:00:00,38.2,13.79,0.0,1.71,84.33,8.7,9.43,10.2,0.19,99.43
59,2025-06-15 07:00:00,26.53,12.3,0.0,0.83,89.13,8.7,9.25,9.8,0.13,99.43
59,2025-06-15 08:00:00,29.16,11.05,0.0,4.04,94.78,8.5,8.63,8.8,0.06,99.4
59,2025-06-15 09:00:00,28.44,11.94,11.4,3.57,96.58,8.7,8.75,8.8,0.04,99.35
59,2025-06-15 10:00:00,,,18.8,0.84,93.58,8.6,9.15,9.4,0.08,99.32
59,2025-06-15 11:00:00,,,8.4,3.62,95.73,8.1,8.73,9.2,0.05,99.38
59,2025-06-15 12:00:00,,,18.7,6.15,97.6,7.8,7.93,8.1,0.03,99.37
59,2025-06-15 13:00:00,,,19.9,7.75,97.43,8.0,8.13,8.2,0.03,99.35
59,2025-06-15 14:00:00,,,23.5,9.05,97.2,8.0,8.23,8.5,0.03,99.33
59,2025-06-15 15:00:00,,,20.3,4.75,97.35,8.5,8.65,8.9,0.03,99.36
59,2025-06-15 16:00:00,,,13.6,3.32,98.13,8.6,8.73,8.8,0.02,99.37
59,2025-06-15 17:00:00,,,5.1,4.49,97.55,8.6,8.75,9.0,0.03,99.37
59,2025-06-15 18:00:00,,,0.7,3.46,98.0,9.1,9.1,9.1,0.03,99.39
59,2025-06-15 19:00:00,,,0.0,2.8,98.53,8.8,8.93,9.0,0.02,99.4
59,2025-06-15 20:00:00,,,0.0,5.07,99.45,7.3,7.65,8.2,0.01,99.46
59,2025-06-15 21:00:00,,,0.0,2.53,97.53,7.2,7.48,7.7,0.03,99.46
59,2025-06-15 22:00:00,,,0.0,1.04,96.03,7.5,7.85,8.4,0.04,99.45
59,2025-06-15 23:00:00,,,0.0,0.02,92.28,8.5,8.63,8.7,0.09,99.5
59,2025-06-16 00:00:00,,,0.0,0.0,87.03,8.6,8.63,8.7,0.15,99.54
59,2025-06-16 01:00:00,,,0.0,0.0,83.85,8.5,8.65,9.0,0.18,99.58
59,2025-06-16 02:00:00,19.73,9.13,0.0,0.0,84.7,8.5,8.55,8.6,0.17,99.62
59,2025-06-16 03:00:00,17.5,8.38,0.0,0.0,84.63,8.7,8.9,9.1,0.17,99.62
59,2025-06-16 04:00:00,24.55,8.14,0.0,0.0,84.65,9.2,9.35,9.5,0.18,99.62
59,2025-06-16 05:00:00,18.36,5.86,0.0,0.0,85.05,9.2,9.35,9.5,0.18,99.63
59,2025-06-16 06:00:00,15.05,6.58,0.0,0.0,86.75,8.8,9.03,9.2,0.16,99.63
59,2025-06-16 07:00:00,18.0,7.88,0.0,0.12,89.5,8.6,8.7,8.8,0.12,99.66
59,2025-06-16 08:00:00,12.74,5.56,0.0,0.05,91.68,8.4,8.5,8.6,0.09,99.74
59,2025-06-16 09:00:00,6.7,2.49,11.5,1.89,95.48,8.0,8.05,8.2,0.05,99.85
59,2025-06-16 10:00:00,4.5,1.88,22.8,3.34,96.93,8.0,8.05,8.1,0.03,99.93
59,2025-06-16 11:00:00,10.66,3.81,46.3,2.25,97.58,8.1,8.18,8.2,0.03,99.98
59,2025-06-16 12:00:00,14.04,5.73,82.0,0.16,98.9,8.3,8.43,8.5,0.02,100.02
59,2025-06-16 13:00:00,16.6,6.54,176.9,0.14,98.15,8.5,8.95,9.3,0.02,100.04
59,2025-06-16 14:00:00,17.78,7.58,243.5,0.32,95.75,9.2,9.45,9.6,0.05,100.07
59,2025-06-16 15:00:00,13.97,5.13,135.3,0.38,95.25,8.9,9.03,9.2,0.06,100.08
59,2025-06-16 16:00:00,17.6,6.19,100.5,0.1,92.43,9.3,9.33,9.4,0.09,100.12
59,2025-06-16 17:00:00,15.34,5.94,116.3,0.36,91.63,9.2,9.3,9.4,0.1,100.16
59,2025-06-16 18:00:00,14.29,4.32,27.5,0.02,90.63,9.1,9.28,9.4,0.11,100.19
59,2025-06-16 19:00:00,10.98,3.38,0.0,0.14,91.18,8.9,8.93,9.0,0.1,100.2
59,2025-06-16 20:00:00,10.19,2.91,0.0,0.0,89.9,8.8,8.98,9.1,0.12,100.23
59,2025-06-16 21:00:00,9.86,3.11,0.0,0.0,90.55,8.8,8.93,9.0,0.11,100.25
59,2025-06-16 22:00:00,9.83,3.76,0.0,0.0,90.13,9.1,9.25,9.4,0.12,100.23
59,2025-06-16 23:00:00,8.42,2.98,0.0,0.0,90.8,9.0,9.35,9.5,0.11,100.19
59,2025-06-17 00:00:00,5.9,1.68,0.0,0.0,92.7,7.9,8.3,8.7,0.08,100.15
59,2025-06-17 01:00:00,6.01,1.68,0.0,0.0,93.33,7.9,8.13,8.3,0.07,100.12
59,2025-06-17 02:00:00,6.16,2.08,0.0,0.0,93.1,8.1,8.25,8.4,0.08,100.08
59,2025-06-17 03:00:00,4.64,1.75,0.0,0.0,92.83,8.0,8.18,8.3,0.08,100.05
59,2025-06-17 04:00:00,3.53,1.39,0.0,0.0,94.33,7.5,7.68,7.9,0.06,100.02
59,2025-06-17 05:00:00,6.62,2.2,0.0,0.0,92.23,7.6,7.73,7.9,0.08,100.0
59,2025-06-17 06:00:00,4.07,1.83,0.0,0.0,94.08,7.1,7.18,7.3,0.06,99.99
59,2025-06-17 07:00:00,4.57,1.53,0.0,0.0,95.6,6.9,7.0,7.1,0.05,99.99
59,2025-06-17 08:00:00,4.1,1.67,0.9,0.0,96.1,6.4,6.58,6.8,0.04,100.01
59,2025-06-17 09:00:00,4.5,2.99,48.0,0.0,96.35,6.4,6.43,6.5,0.04,100.04
59,2025-06-17 10:00:00,5.33,2.43,110.1,0.0,95.98,7.1,7.93,8.4,0.04,100.08
59,2025-06-17 11:00:00,7.7,3.17,300.2,0.0,95.45,8.5,9.2,10.0,0.05,100.13
59,2025-06-17 12:00:00,11.66,5.2,372.5,0.0,89.55,10.4,11.05,11.9,0.14,100.17
59,2025-06-17 13:00:00,19.69,6.38,410.4,0.0,84.03,12.5,12.85,13.2,0.24,100.19
59,2025-06-17 14:00:00,15.77,5.32,400.1,0.0,80.03,13.0,13.5,13.9,0.31,100.2
59,2025-06-17 15:00:00,12.17,5.38,306.0,0.0,78.33,13.3,13.5,13.7,0.33,100.22
59,2025-06-17 16:00:00,15.01,4.51,277.4,0.0,75.95,14.0,14.28,14.5,0.39,100.26
59,2025-06-17 17:00:00,10.37,4.22,251.2,0.0,72.5,14.4,14.55,14.7,0.46,100.32
59,2025-06-17 18:00:00,6.12,2.2,55.9,0.0,77.4,11.2,12.85,14.3,0.34,100.38
59,2025-06-17 19:00:00,3.78,2.71,0.0,0.0,89.43,8.7,9.38,10.4,0.12,100.42
59,2025-06-17 20:00:00,5.15,3.22,0.0,0.0,92.83,7.4,7.78,8.1,0.08,100.45
59,2025-06-17 21:00:00,6.3,3.35,0.0,0.0,94.83,5.8,6.53,7.0,0.05,100.48
59,2025-06-17 22:00:00,5.0,2.84,0.0,0.0,94.15,5.3,5.5,5.8,0.05,100.5
59,2025-06-17 23:00:00,5.08,2.73,0.0,0.0,94.35,4.6,4.8,5.1,0.05,100.53
59,2025-06-18 00:00:00,4.28,2.69,0.0,0.0,95.03,3.9,4.08,4.3,0.04,100.56
59,2025-06-18 01:00:00,5.69,2.58,0.0,0.0,94.53,3.2,3.53,3.7,0.04,100.53
59,2025-06-18 02:00:00,4.64,2.77,0.0,0.0,94.28,3.0,3.25,3.4,0.05,100.53
59,2025-06-18 03:00:00,4.39,2.63,0.0,0.0,95.48,2.4,2.65,2.9,0.03,100.51
59,2025-06-18 04:00:00,3.64,1.67,0.0,0.0,95.1,1.6,1.83,2.1,0.04,100.47
59,2025-06-18 05:00:00,5.76,2.23,0.0,0.02,95.4,1.2,1.4,1.6,0.04,100.43
59,2025-06-18 06:00:00,4.21,1.91,0.0,0.04,95.6,1.2,1.5,1.7,0.03,100.44
59,2025-06-18 07:00:00,3.89,1.58,0.0,0.02,96.6,1.4,1.65,1.9,0.02,100.45
59,2025-06-18 08:00:00,6.48,1.86,1.4,0.02,96.28,1.5,1.85,2.1,0.03,100.48
59,2025-06-18 09:00:00,9.22,4.14,43.9,0.02,98.2,2.1,2.33,2.5,0.01,100.53
59,2025-06-18 10:00:00,8.96,3.62,82.8,0.0,99.5,2.7,3.05,3.4,0.01,100.56
59,2025-06-18 11:00:00,11.34,3.66,112.2,0.02,99.8,3.7,3.93,4.2,0.0,100.57
59,2025-06-18 12:00:00,10.76,4.25,182.9,0.0,99.93,4.3,4.5,4.6,0.0,100.55
59,2025-06-18 13:00:00,8.93,4.02,239.6,0.0,99.85,4.9,5.55,6.2,0.0,100.52
59,2025-06-18 14:00:00,12.38,4.66,351.9,0.0,97.38,6.4,6.88,7.7,0.03,100.44
59,2025-06-18 15:00:00,15.84,5.11,358.6,0.0,88.0,8.5,9.28,10.0,0.14,100.39
59,2025-06-18 16:00:00,11.56,4.19,280.2,0.0,81.5,10.6,10.9,11.2,0.24,100.38
59,2025-06-18 17:00:00,10.69,5.32,174.5,0.0,79.45,10.9,11.2,11.4,0.27,100.39
59,2025-06-18 18:00:00,7.7,2.6,55.5,0.0,83.08,8.1,9.5,10.6,0.21,100.39
59,2025-06-18 19:00:00,3.28,2.27,0.0,0.0,91.05,5.6,6.33,7.2,0.09,100.36
59,2025-06-18 20:00:00,4.46,3.34,0.0,0.0,93.73,4.3,4.7,5.1,0.06,100.34
59,2025-06-18 21:00:00,4.86,2.88,0.0,0.0,94.5,3.1,3.45,3.9,0.04,100.32
59,2025-06-18 22:00:00,5.47,3.49,0.0,0.0,94.78,2.5,2.63,2.8,0.04,100.31
59,2025-06-18 23:00:00,4.28,2.67,0.0,0.0,95.4,1.5,1.85,2.4,0.03,100.3
59,2025-06-19 00:00:00,7.24,1.82,0.0,0.0,90.95,1.4,2.55,4.5,0.07,100.32
59,2025-06-19 01:00:00,10.94,3.56,0.0,0.0,93.63,5.6,6.15,6.4,0.06,100.36
59,2025-06-19 02:00:00,11.52,5.33,0.0,0.0,98.6,5.8,6.1,6.4,0.01,100.34
59,2025-06-19 03:00:00,8.75,3.37,0.0,0.0,98.53,5.5,5.63,5.8,0.01,100.31
59,2025-06-19 04:00:00,8.17,2.79,0.0,0.0,98.4,5.3,5.35,5.4,0.02,100.3
59,2025-06-19 05:00:00,8.68,3.24,0.0,0.0,98.28,5.1,5.15,5.2,0.02,100.29
59,2025-06-19 06:00:00,9.11,3.13,0.0,0.0,98.88,4.5,4.65,4.8,0.01,100.29
59,2025-06-19 07:00:00,8.24,3.25,0.0,0.0,98.5,4.2,4.28,4.3,0.01,100.33
59,2025-06-19 08:00:00,7.34,3.06,0.1,0.0,98.4,4.0,4.1,4.2,0.01,100.37
59,2025-06-19 09:00:00,9.47,3.47,14.6,0.02,98.68,3.9,3.95,4.0,0.01,100.4
59,2025-06-19 10:00:00,7.38,2.96,50.5,0.0,99.1,3.7,3.8,3.9,0.01,100.43
59,2025-06-19 11:00:00,9.07,2.93,76.3,0.0,99.83,3.8,3.9,4.0,0.0,100.45
59,2025-06-19 12:00:00,10.62,4.2,123.5,0.0,99.45,4.0,4.13,4.2,0.01,100.45
59,2025-06-19 13:00:00,9.97,4.62,151.3,0.0,97.83,4.4,4.58,4.7,0.02,100.41
59,2025-06-19 14:00:00,14.18,6.57,349.9,0.0,94.85,4.6,5.35,6.0,0.05,100.34
59,2025-06-19 15:00:00,14.76,6.84,361.2,0.0,89.83,6.4,6.88,7.2,0.1,100.28
59,2025-06-19 16:00:00,12.92,5.06,287.3,0.0,85.58,7.6,8.03,8.5,0.16,100.25
59,2025-06-19 17:00:00,11.45,5.02,173.6,0.0,79.8,8.8,9.0,9.2,0.23,100.26
59,2025-06-19 18:00:00,6.7,3.4,55.3,0.0,86.03,5.3,6.73,8.1,0.14,100.26
59,2025-06-19 19:00:00,4.64,2.95,0.0,0.0,91.25,3.3,3.93,4.6,0.07,100.23
59,2025-06-19 20:00:00,2.81,1.83,0.0,0.0,92.0,2.3,2.53,2.8,0.06,100.25
59,2025-06-19 21:00:00,5.11,3.24,0.0,0.0,94.18,1.1,1.55,2.3,0.04,100.25
59,2025-06-19 22:00:00,6.3,3.4,0.0,0.0,93.63,0.9,0.98,1.0,0.04,100.25
59,2025-06-19 23:00:00,5.65,3.18,0.0,0.0,94.95,0.5,0.68,0.9,0.03,100.26
59,2025-06-20 00:00:00,6.62,3.47,0.0,0.0,94.23,0.4,0.63,0.9,0.04,100.26
59,2025-06-20 01:00:00,5.36,3.19,0.0,0.0,94.88,0.0,0.2,0.3,0.03,100.26
59,2025-06-20 02:00:00,4.03,2.75,0.0,0.0,93.95,-0.1,0.45,1.0,0.04,100.22
59,2025-06-20 03:00:00,5.65,1.88,0.0,0.02,94.98,1.3,1.85,2.6,0.04,100.23
59,2025-06-20 04:00:00,12.24,4.01,0.0,0.02,94.33,3.1,4.05,4.8,0.05,100.25
59,2025-06-20 05:00:00,12.17,4.48,0.0,0.0,98.28,4.5,4.7,4.8,0.02,100.26
59,2025-06-20 06:00:00,9.5,4.56,0.0,0.0,98.45,4.3,4.33,4.4,0.01,100.24
59,2025-06-20 07:00:00,10.84,4.56,0.0,0.0,98.9,3.7,4.05,4.2,0.01,100.28
59,2025-06-20 08:00:00,10.8,3.34,1.1,0.0,99.4,3.1,3.3,3.5,0.01,100.34
59,2025-06-20 09:00:00,5.15,2.45,31.1,0.02,98.3,3.2,3.35,3.5,0.01,100.35
59,2025-06-20 10:00:00,5.76,2.12,87.1,0.0,99.75,3.7,3.78,3.9,0.0,100.38
59,2025-06-20 11:00:00,7.81,2.25,344.9,0.0,99.93,3.9,4.5,5.5,0.0,100.36
59,2025-06-20 12:00:00,11.92,4.14,493.7,0.0,95.95,6.5,7.6,9.0,0.05,100.37
59,2025-06-20 13:00:00,15.12,5.92,404.2,0.0,84.68,8.7,9.2,9.8,0.18,100.41
59,2025-06-20 14:00:00,23.22,7.73,387.1,0.0,81.58,9.8,10.25,10.8,0.23,100.39
59,2025-06-20 15:00:00,21.71,6.51,417.1,0.0,76.15,11.3,11.85,12.2,0.33,100.37
59,2025-06-20 16:00:00,12.28,4.56,265.4,0.0,77.95,12.3,12.43,12.6,0.32,100.32
59,2025-06-20 17:00:00,10.3,3.13,194.7,0.0,74.85,12.5,12.85,13.2,0.37,100.32
59,2025-06-20 18:00:00,3.78,1.97,51.7,0.0,79.48,9.8,11.35,12.8,0.28,100.37
59,2025-06-20 19:00:00,4.9,2.82,0.0,0.0,88.28,6.9,7.73,8.6,0.13,100.38
59,2025-06-20 20:00:00,5.11,3.48,0.0,0.0,91.65,5.6,5.98,6.4,0.08,100.41
59,2025-06-20 21:00:00,5.33,3.66,0.0,0.0,92.38,5.0,5.28,5.5,0.07,100.42
59,2025-06-20 22:00:00,8.03,4.65,0.0,0.0,91.0,5.7,5.85,6.0,0.08,100.43
59,2025-06-20 23:00:00,7.27,3.92,0.0,0.0,93.5,4.3,4.88,5.3,0.06,100.4
59,2025-06-21 00:00:00,10.08,3.59,0.0,0.0,92.0,4.5,4.85,5.2,0.07,100.38
59,2025-06-21 01:00:00,4.5,2.73,0.0,0.0,93.7,3.2,3.65,4.0,0.05,100.36
59,2025-06-21 02:00:00,4.57,2.36,0.0,0.0,94.43,3.1,3.3,3.5,0.04,100.37
59,2025-06-21 03:00:00,3.89,2.2,0.0,0.0,94.9,3.8,4.13,4.4,0.04,100.34
59,2025-06-21 04:00:00,4.14,1.45,0.0,0.0,95.88,4.4,4.48,4.6,0.03,100.33
59,2025-06-21 05:00:00,4.28,1.73,0.0,0.0,95.28,4.6,4.9,5.2,0.04,100.35
59,2025-06-21 06:00:00,4.18,2.48,0.0,0.0,93.95,5.3,5.53,5.7,0.06,100.36
59,2025-06-21 07:00:00,2.92,1.48,0.0,0.0,94.43,5.8,5.88,5.9,0.05,100.39
59,2025-06-21 08:00:00,5.18,1.54,0.0,0.0,96.95,5.8,5.83,5.9,0.03,100.42
59,2025-06-21 09:00:00,5.33,1.66,14.9,0.0,97.4,5.8,5.83,5.9,0.03,100.46
59,2025-06-21 10:00:00,6.8,2.23,45.0,0.0,98.1,6.0,6.13,6.3,0.02,100.47
59,2025-06-21 11:00:00,5.47,2.32,63.3,0.0,99.48,6.5,6.75,6.9,0.01,100.47
59,2025-06-21 12:00:00,5.87,2.1,103.9,0.0,99.8,7.1,7.33,7.7,0.0,100.5
59,2025-06-21 13:00:00,5.65,2.16,112.7,0.0,99.6,7.8,8.15,8.4,0.0,100.46
59,2025-06-21 14:00:00,8.39,2.16,96.4,0.0,99.03,8.6,8.9,9.1,0.01,100.4
59,2025-06-21 15:00:00,11.12,3.49,88.1,0.0,97.58,9.2,9.3,9.4,0.03,100.28
59,2025-06-21 16:00:00,11.3,5.48,68.1,0.0,94.58,9.4,9.6,9.7,0.07,100.22
59,2025-06-21 17:00:00,9.47,3.11,27.7,0.0,93.25,9.6,9.65,9.7,0.08,100.2
59,2025-06-21 18:00:00,14.76,5.21,6.4,0.1,94.2,9.2,9.28,9.4,0.07,100.18
59,2025-06-21 19:00:00,11.2,4.4,0.0,1.21,95.03,9.0,9.08,9.2,0.06,100.14
59,2025-06-21 20:00:00,11.16,4.49,0.0,4.38,96.8,8.9,8.93,9.0,0.04,100.12
59,2025-06-21 21:00:00,10.48,3.15,0.0,4.51,97.43,8.4,8.8,9.0,0.03,100.16
59,2025-06-21 22:00:00,12.71,5.28,0.0,3.24,97.55,7.9,8.18,8.3,0.03,100.22
59,2025-06-21 23:00:00,17.06,7.29,0.0,1.27,95.95,7.9,8.03,8.1,0.05,100.14
59,2025-06-22 00:00:00,15.37,6.66,0.0,1.42,97.4,7.5,7.73,8.0,0.03,100.09
59,2025-06-22 01:00:00,17.17,6.91,0.0,0.18,97.0,7.4,7.6,8.0,0.03,100.04
59,2025-06-22 02:00:00,13.86,5.37,0.0,0.31,95.08,8.0,8.05,8.1,0.05,100.06
59,2025-06-22 03:00:00,13.54,5.44,0.0,0.63,96.65,7.8,7.93,8.0,0.04,100.05
59,2025-06-22 04:00:00,12.31,4.63,0.0,0.4,97.3,8.0,8.03,8.1,0.03,100.05
59,2025-06-22 05:00:00,11.63,3.93,0.0,0.34,97.35,8.1,8.18,8.2,0.03,100.05
59,2025-06-22 06:00:00,7.6,3.24,0.0,0.38,97.78,8.2,8.2,8.2,0.03,100.08
59,2025-06-22 07:00:00,7.81,2.57,0.0,0.08,97.55,8.3,8.35,8.4,0.03,100.14
59,2025-06-22 08:00:00,5.69,1.7,1.1,0.08,97.85,8.4,8.45,8.5,0.03,100.2
59,2025-06-22 09:00:00,1.87,0.74,15.5,0.04,98.58,8.4,8.45,8.5,0.02,100.27
59,2025-06-22 10:00:00,4.14,1.73,75.3,0.02,99.7,8.5,8.7,8.8,0.01,100.38
59,2025-06-22 11:00:00,9.32,2.15,89.3,0.0,99.8,8.9,9.13,9.3,0.0,100.45
59,2025-06-22 12:00:00,15.05,4.02,83.6,0.0,99.03,9.2,9.23,9.3,0.01,100.47
59,2025-06-22 13:00:00,12.92,3.94,109.3,0.0,97.48,8.9,9.13,9.4,0.03,100.47
59,2025-06-22 14:00:00,17.5,4.47,209.9,0.03,92.95,9.4,9.63,10.1,0.08,100.45
59,2025-06-22 15:00:00,14.26,4.47,322.4,0.0,84.18,10.5,10.88,11.1,0.21,100.42
59,2025-06-22 16:00:00,21.35,5.12,290.7,0.0,72.58,11.0,11.48,11.8,0.37,100.44
59,2025-06-22 17:00:00,12.06,4.01,177.5,0.0,64.45,11.3,11.5,11.7,0.48,100.49
59,2025-06-22 18:00:00,9.58,2.97,58.9,0.0,61.68,8.6,9.85,11.0,0.47,100.56
59,2025-06-22 19:00:00,9.22,2.39,0.0,0.0,68.65,6.7,7.3,7.9,0.32,100.63
59,2025-06-22 20:00:00,7.45,2.25,0.0,0.0,73.83,5.7,5.98,6.3,0.25,100.65
59,2025-06-22 21:00:00,11.7,4.35,0.0,0.0,76.98,5.5,5.68,5.8,0.21,100.68
59,2025-06-22 22:00:00,8.35,3.52,0.0,0.0,80.43,4.7,4.95,5.3,0.17,100.71
59,2025-06-22 23:00:00,6.98,2.34,0.0,0.0,85.28,3.0,3.65,4.4,0.12,100.73
59,2025-06-23 00:00:00,3.74,2.01,0.0,0.0,90.08,1.5,2.03,2.4,0.07,100.75
59,2025-06-23 01:00:00,4.64,2.53,0.0,0.0,92.15,0.8,1.03,1.4,0.05,100.75
59,2025-06-23 02:00:00,3.17,2.06,0.0,0.0,92.55,0.4,0.53,0.7,0.05,100.73
59,2025-06-23 03:00:00,4.0,2.44,0.0,0.0,92.65,-0.2,0.05,0.3,0.04,100.7
59,2025-06-23 04:00:00,3.42,1.85,0.0,0.0,93.03,-0.5,-0.4,-0.3,0.04,100.65
59,2025-06-23 05:00:00,4.25,2.66,0.0,0.0,94.18,-1.0,-0.83,-0.7,0.03,100.62
59,2025-06-23 06:00:00,4.64,2.49,0.0,0.0,93.7,-1.2,-1.13,-1.0,0.04,100.61
59,2025-06-23 07:00:00,5.08,2.86,0.0,0.0,93.8,-1.5,-1.4,-1.3,0.03,100.61
59,2025-06-23 08:00:00,3.6,2.06,1.9,0.0,94.18,-2.2,-1.88,-1.7,0.03,100.61
59,2025-06-23 09:00:00,5.54,2.48,61.3,0.0,93.7,-2.2,-1.88,-1.4,0.03,100.59
59,2025-06-23 10:00:00,8.24,2.87,240.7,0.0,99.25,-0.8,-0.08,0.8,0.01,100.61
59,2025-06-23 11:00:00,10.44,4.45,310.8,0.11,99.65,1.6,2.5,4.0,0.0,100.63
59,2025-06-23 12:00:00,19.08,5.89,383.4,0.02,92.25,4.8,5.65,6.4,0.07,100.61
59,2025-06-23 13:00:00,13.9,5.79,408.2,0.0,78.58,7.0,7.73,8.2,0.23,100.52
59,2025-06-23 14:00:00,16.06,6.03,405.3,0.0,71.2,8.6,9.23,9.8,0.34,100.44
59,2025-06-23 15:00:00,20.88,7.21,370.7,0.0,66.63,9.8,10.15,10.5,0.42,100.37
59,2025-06-23 16:00:00,14.11,5.05,291.1,0.0,60.95,10.8,10.93,11.1,0.51,100.31
59,2025-06-23 17:00:00,10.76,3.91,177.3,0.0,60.7,10.6,10.8,11.0,0.51,100.32
59,2025-06-23 18:00:00,8.68,2.67,59.1,0.0,65.23,7.8,9.23,10.4,0.41,100.35
59,2025-06-23 19:00:00,4.61,2.21,0.0,0.0,79.85,4.4,5.48,6.7,0.18,100.33
59,2025-06-23 20:00:00,4.72,2.87,0.0,0.0,87.43,3.0,3.58,4.0,0.1,100.33
59,2025-06-23 21:00:00,5.58,3.45,0.0,0.0,90.88,2.0,2.6,3.2,0.07,100.33
59,2025-06-23 22:00:00,5.26,3.65,0.0,0.0,92.38,1.4,1.53,1.7,0.05,100.27
59,2025-06-23 23:00:00,5.98,3.47,0.0,0.0,93.35,0.9,1.08,1.3,0.04,100.23
59,2025-06-24 00:00:00,4.79,1.99,0.0,0.0,93.78,0.3,0.43,0.7,0.04,100.18
59,2025-06-24 01:00:00,5.83,2.82,0.0,0.0,94.43,-0.1,-0.03,0.1,0.03,100.11
59,2025-06-24 02:00:00,7.09,3.63,0.0,0.0,95.15,-0.5,-0.38,-0.2,0.03,100.05
59,2025-06-24 03:00:00,5.94,2.33,0.0,0.0,93.9,-0.7,-0.53,-0.4,0.04,100.01
59,2025-06-24 04:00:00,5.83,1.96,0.0,0.0,94.43,-0.8,-0.65,-0.5,0.03,99.95
59,2025-06-24 05:00:00,5.87,2.01,0.0,0.0,93.45,-1.2,-1.05,-0.8,0.04,99.87
59,2025-06-24 06:00:00,4.46,1.86,0.0,0.0,94.93,-1.4,-1.25,-1.2,0.03,99.81
59,2025-06-24 07:00:00,4.21,2.3,0.0,0.0,94.4,-1.6,-1.48,-1.4,0.03,99.8
59,2025-06-24 08:00:00,4.86,2.31,1.3,0.0,93.2,-1.6,-0.83,-0.3,0.04,99.81
59,2025-06-24 09:00:00,8.06,3.1,38.4,0.0,97.2,-0.2,-0.15,-0.1,0.02,99.85
59,2025-06-24 10:00:00,6.59,3.15,186.3,0.0,99.58,-0.2,0.2,0.7,0.0,99.87
59,2025-06-24 11:00:00,8.35,3.8,288.1,0.03,99.6,1.4,2.63,3.7,0.0,99.92
59,2025-06-24 12:00:00,9.61,3.22,376.3,0.02,96.98,4.4,5.98,7.3,0.03,99.9
59,2025-06-24 13:00:00,13.57,5.08,403.7,0.0,80.98,8.0,8.63,9.3,0.22,99.83
59,2025-06-24 14:00:00,18.29,5.21,403.1,0.0,72.88,9.6,10.35,11.0,0.34,99.73
59,2025-06-24 15:00:00,14.36,5.26,367.4,0.0,68.68,11.4,11.88,12.3,0.44,99.65
59,2025-06-24 16:00:00,15.19,5.51,290.9,0.0,69.88,12.4,12.55,12.7,0.44,99.63
59,2025-06-24 17:00:00,13.9,5.26,178.3,0.0,70.63,12.2,12.3,12.5,0.42,99.62
59,2025-06-24 18:00:00,6.26,2.61,72.9,0.0,73.7,9.9,11.45,12.5,0.36,99.63
59,2025-06-24 19:00:00,4.14,2.71,0.0,0.0,86.5,6.5,7.58,8.8,0.14,99.66
59,2025-06-24 20:00:00,8.14,3.52,0.0,0.0,91.28,4.9,5.25,5.8,0.08,99.69
59,2025-06-24 21:00:00,5.47,3.2,0.0,0.0,92.3,5.0,5.2,5.3,0.07,99.71
59,2025-06-24 22:00:00,3.6,1.93,0.0,0.0,93.9,4.6,4.9,5.2,0.05,99.73
59,2025-06-24 23:00:00,6.91,2.88,0.0,0.0,94.15,3.9,4.35,4.7,0.05,99.75
59,2025-06-25 00:00:00,6.41,3.77,0.0,0.0,95.18,3.2,3.38,3.5,0.04,99.78
59,2025-06-25 01:00:00,6.52,3.81,0.0,0.0,94.68,3.8,3.88,4.1,0.04,99.83
59,2025-06-25 02:00:00,5.26,2.66,0.0,0.0,95.15,4.5,5.08,5.5,0.04,99.85
59,2025-06-25 03:00:00,2.88,0.97,0.0,0.0,97.18,5.8,5.88,5.9,0.03,99.88
59,2025-06-25 04:00:00,3.89,1.66,0.0,0.0,97.33,6.0,6.1,6.2,0.03,99.93
59,2025-06-25 05:00:00,5.54,1.61,0.0,0.0,95.58,6.4,6.98,7.3,0.04,99.97
59,2025-06-25 06:00:00,9.61,2.23,0.0,0.0,96.63,5.7,6.48,7.1,0.03,100.0
59,2025-06-25 07:00:00,4.36,1.52,0.0,0.0,95.33,3.4,4.28,5.1,0.04,100.02
59,2025-06-25 08:00:00,3.1,1.69,1.5,0.0,94.33,2.2,2.7,3.2,0.04,100.03
59,2025-06-25 09:00:00,3.2,2.01,69.2,0.0,93.55,1.9,2.2,2.6,0.05,100.04
59,2025-06-25 10:00:00,12.92,4.18,192.5,0.02,98.03,3.2,4.4,5.3,0.02,100.09
59,2025-06-25 11:00:00,14.44,6.82,308.6,0.0,97.05,5.6,5.98,6.3,0.03,100.13
59,2025-06-25 12:00:00,19.19,6.09,370.0,0.0,87.68,6.5,7.55,8.7,0.13,100.12
59,2025-06-25 13:00:00,18.18,6.54,410.3,0.0,73.5,9.3,9.95,10.6,0.33,100.09
59,2025-06-25 14:00:00,22.28,6.67,407.9,0.0,66.75,10.9,11.33,11.6,0.45,100.06
59,2025-06-25 15:00:00,19.8,6.94,371.9,0.0,64.53,11.8,11.93,12.1,0.5,100.05
59,2025-06-25 16:00:00,20.48,5.44,292.2,0.0,62.05,12.0,12.15,12.2,0.54,100.09
59,2025-06-25 17:00:00,15.62,4.38,178.9,0.0,61.03,11.4,11.63,11.9,0.53,100.14
59,2025-06-25 18:00:00,10.55,3.84,60.5,0.0,65.73,8.6,9.8,10.9,0.42,100.19
59,2025-06-25 19:00:00,7.45,1.58,0.0,0.0,72.13,5.9,6.88,7.9,0.28,100.26
59,2025-06-25 20:00:00,3.38,1.83,0.0,0.0,79.58,4.3,4.65,5.2,0.17,100.33
59,2025-06-25 21:00:00,3.92,2.58,0.0,0.0,86.68,2.2,2.88,3.6,0.1,100.37
59,2025-06-25 22:00:00,6.66,3.21,0.0,0.0,90.18,1.3,1.63,2.0,0.07,100.43
59,2025-06-25 23:00:00,6.19,4.16,0.0,0.0,93.05,0.3,0.6,1.0,0.04,100.49
59,2025-06-26 00:00:00,5.9,3.96,0.0,0.0,92.5,0.1,0.25,0.4,0.05,100.52
59,2025-06-26 01:00:00,6.73,4.69,0.0,0.0,94.03,-0.4,0.0,0.4,0.04,100.52
59,2025-06-26 02:00:00,4.64,3.12,0.0,0.0,94.6,-1.1,-0.83,-0.7,0.03,100.5
59,2025-06-26 03:00:00,3.89,2.38,0.0,0.0,93.48,-1.4,-1.2,-1.0,0.04,100.49
59,2025-06-26 04:00:00,5.62,3.2,0.0,0.0,94.05,-1.8,-1.58,-1.4,0.03,100.52
59,2025-06-26 05:00:00,5.26,2.29,0.0,0.0,94.55,-2.2,-2.0,-1.7,0.03,100.53
59,2025-06-26 06:00:00,5.04,2.83,0.0,0.0,94.15,-2.4,-2.23,-2.1,0.03,100.53
59,2025-06-26 07:00:00,4.9,2.77,0.0,0.0,94.6,-2.6,-2.43,-2.3,0.03,100.55
59,2025-06-26 08:00:00,4.5,2.51,1.9,0.0,93.48,-2.7,-2.63,-2.6,0.03,100.61
59,2025-06-26 09:00:00,4.75,1.73,65.7,0.0,93.8,-2.9,-2.5,-1.8,0.03,100.64
59,2025-06-26 10:00:00,4.07,1.42,175.2,0.0,98.4,-1.4,-0.48,0.3,0.01,100.7
59,2025-06-26 11:00:00,8.96,4.04,295.3,0.02,99.15,1.1,2.55,4.0,0.01,100.77
59,2025-06-26 12:00:00,7.49,3.12,367.1,0.02,94.08,4.5,5.33,6.2,0.06,100.78
59,2025-06-26 13:00:00,9.5,3.75,397.4,0.0,83.25,6.7,7.5,8.3,0.17,100.71
59,2025-06-26 14:00:00,17.68,6.41,395.2,0.0,76.35,8.8,9.33,9.8,0.28,100.67
59,2025-06-26 15:00:00,16.06,5.43,361.2,0.0,70.23,10.0,10.53,10.8,0.38,100.62
59,2025-06-26 16:00:00,13.32,4.57,280.7,0.0,64.68,11.0,11.28,11.4,0.47,100.6
59,2025-06-26 17:00:00,12.31,5.06,173.2,0.0,61.3,10.9,11.08,11.3,0.51,100.61
59,2025-06-26 18:00:00,8.82,3.12,63.9,0.0,63.48,8.2,9.58,10.7,0.44,100.62
59,2025-06-26 19:00:00,4.5,2.8,0.0,0.0,77.53,5.1,5.85,6.9,0.21,100.58
59,2025-06-26 20:00:00,4.43,2.98,0.0,0.0,84.95,3.6,3.8,4.2,0.12,100.55
59,2025-06-26 21:00:00,4.54,2.85,0.0,0.0,89.18,2.1,2.58,3.1,0.08,100.53
59,2025-06-26 22:00:00,4.86,2.61,0.0,0.0,91.68,1.4,1.75,2.0,0.06,100.51
59,2025-06-26 23:00:00,4.97,2.77,0.0,0.0,92.45,1.3,1.53,1.6,0.05,100.5
59,2025-06-27 00:00:00,5.51,3.53,0.0,0.0,93.35,1.2,1.33,1.4,0.05,100.49
59,2025-06-27 01:00:00,4.21,2.71,0.0,0.0,94.5,0.8,0.88,0.9,0.04,100.45
59,2025-06-27 02:00:00,4.5,2.73,0.0,0.0,94.23,0.7,0.85,1.0,0.04,100.4
59,2025-06-27 03:00:00,4.03,2.94,0.0,0.0,95.1,1.1,1.1,1.1,0.03,100.37
59,2025-06-27 04:00:00,3.67,2.66,0.0,0.0,95.58,0.9,0.93,1.0,0.03,100.32
59,2025-06-27 05:00:00,4.0,2.2,0.0,0.0,95.58,0.8,0.83,0.9,0.03,100.27
59,2025-06-27 06:00:00,4.21,1.96,0.0,0.0,95.13,0.8,0.9,1.1,0.03,100.23
59,2025-06-27 07:00:00,4.36,2.32,0.0,0.0,95.83,1.0,1.03,1.1,0.03,100.24
59,2025-06-27 08:00:00,4.82,2.63,0.6,0.0,96.33,0.8,0.93,1.0,0.02,100.26
59,2025-06-27 09:00:00,5.0,1.98,21.7,0.0,96.3,0.9,1.08,1.2,0.03,100.27
59,2025-06-27 10:00:00,3.96,1.45,41.3,0.0,96.68,1.4,1.68,2.0,0.02,100.28
59,2025-06-27 11:00:00,5.65,2.07,77.9,0.0,97.85,2.4,2.85,3.3,0.02,100.29
59,2025-06-27 12:00:00,10.98,3.1,91.9,0.0,98.4,3.5,3.93,4.3,0.01,100.32
59,2025-06-27 13:00:00,11.38,3.15,93.3,0.0,96.98,4.6,4.98,5.4,0.03,100.26
59,2025-06-27 14:00:00,7.56,3.17,95.5,0.0,96.5,5.4,5.6,5.8,0.03,100.2
59,2025-06-27 15:00:00,5.15,2.12,106.7,0.0,95.75,6.0,6.13,6.3,0.04,100.17
59,2025-06-27 16:00:00,10.76,3.29,189.0,0.0,90.83,6.6,7.43,8.0,0.1,100.14
59,2025-06-27 17:00:00,7.78,2.98,135.3,0.0,91.03,6.9,7.13,7.6,0.09,100.11
59,2025-06-27 18:00:00,5.83,1.7,47.5,0.0,90.78,5.1,6.0,6.7,0.09,100.11
59,2025-06-27 19:00:00,7.99,3.43,0.0,0.0,92.75,3.9,4.35,4.8,0.06,100.17
59,2025-06-27 20:00:00,7.49,3.62,0.0,0.0,92.8,3.8,4.1,4.3,0.06,100.18
59,2025-06-27 21:00:00,6.23,3.06,0.0,0.0,96.48,1.5,2.38,3.3,0.03,100.17
59,2025-06-27 22:00:00,5.33,2.42,0.0,0.0,93.75,0.9,1.13,1.4,0.04,100.11
59,2025-06-27 23:00:00,7.16,4.54,0.0,0.0,95.08,0.7,0.78,0.8,0.03,100.18
59,2025-06-28 00:00:00,6.55,3.7,0.0,0.0,96.03,0.0,0.3,0.5,0.03,100.21
59,2025-06-28 01:00:00,5.11,2.46,0.0,0.0,96.13,-0.5,-0.13,0.2,0.02,100.16
59,2025-06-28 02:00:00,4.14,2.11,0.0,0.0,95.48,-0.8,-0.63,-0.4,0.02,100.13
59,2025-06-28 03:00:00,5.36,3.39,0.0,0.0,95.8,-0.9,-0.83,-0.7,0.03,100.13
59,2025-06-28 04:00:00,5.33,2.63,0.0,0.0,94.18,-0.8,-0.18,0.4,0.04,100.11
59,2025-06-28 05:00:00,4.43,1.63,0.0,0.0,95.4,0.5,0.75,1.0,0.03,100.14
59,2025-06-28 06:00:00,3.74,1.57,0.0,0.0,96.15,1.1,1.5,1.8,0.03,100.18
59,2025-06-28 07:00:00,3.82,1.24,0.0,0.04,97.13,1.9,2.15,2.3,0.02,100.29
59,2025-06-28 08:00:00,6.88,2.74,0.3,0.04,98.1,2.3,2.4,2.5,0.01,100.37
59,2025-06-28 09:00:00,6.52,3.21,20.0,0.02,99.2,2.2,2.3,2.4,0.01,100.42
59,2025-06-28 10:00:00,6.23,2.86,95.0,0.0,99.9,1.9,2.05,2.2,0.0,100.48
59,2025-06-28 11:00:00,7.78,3.1,126.2,0.0,99.95,2.2,2.48,2.8,0.0,100.57
59,2025-06-28 12:00:00,6.7,2.67,148.0,0.0,99.78,3.2,3.55,3.8,0.0,100.63
59,2025-06-28 13:00:00,12.24,4.96,189.2,0.0,99.25,3.7,4.23,4.7,0.01,100.66
59,2025-06-28 14:00:00,9.29,4.79,159.5,0.0,95.75,4.9,5.0,5.1,0.04,100.68
59,2025-06-28 15:00:00,12.2,4.38,171.7,0.0,92.3,5.2,5.43,5.6,0.07,100.71
59,2025-06-28 16:00:00,12.17,4.92,151.3,0.0,89.63,5.5,5.7,5.8,0.1,100.77
59,2025-06-28 17:00:00,8.6,4.04,129.8,0.0,86.33,5.9,6.2,6.6,0.13,100.82
59,2025-06-28 18:00:00,5.62,2.36,58.1,0.0,87.18,4.0,5.35,6.6,0.12,100.9
59,2025-06-28 19:00:00,6.12,2.4,0.0,0.0,91.5,2.5,2.85,3.2,0.06,100.93
59,2025-06-28 20:00:00,4.9,2.17,0.0,0.0,92.3,1.7,2.2,2.8,0.06,100.97
59,2025-06-28 21:00:00,6.01,4.23,0.0,0.0,94.43,0.8,1.05,1.5,0.04,101.02
59,2025-06-28 22:00:00,6.37,3.79,0.0,0.0,95.7,-0.2,0.0,0.4,0.03,101.07
59,2025-06-28 23:00:00,5.69,3.76,0.0,0.0,94.88,-0.2,-0.2,-0.2,0.03,101.05
59,2025-06-29 00:00:00,5.65,3.85,0.0,0.0,95.25,-0.8,-0.6,-0.4,0.03,101.07
59,2025-06-29 01:00:00,8.64,4.98,0.0,0.0,95.75,-1.3,-1.15,-1.0,0.03,101.06
59,2025-06-29 02:00:00,6.01,3.47,0.0,0.0,95.93,-1.9,-1.5,-1.3,0.02,101.01
59,2025-06-29 03:00:00,4.39,1.32,0.0,0.0,94.63,-3.0,-2.75,-2.4,0.03,100.96
59,2025-06-29 04:00:00,6.26,2.73,0.0,0.0,94.55,-2.5,-2.2,-1.8,0.03,100.97
59,2025-06-29 05:00:00,7.13,3.22,0.0,0.0,98.7,-2.7,-2.35,-2.0,0.01,100.96
59,2025-06-29 06:00:00,8.64,2.84,0.0,0.0,96.48,-3.1,-2.98,-2.7,0.02,100.95
59,2025-06-29 07:00:00,8.71,3.87,0.0,0.0,95.63,-2.2,-1.88,-1.5,0.02,100.98
59,2025-06-29 08:00:00,8.82,4.1,0.7,0.0,97.63,-1.4,-1.28,-1.2,0.02,101.02
59,2025-06-29 09:00:00,9.61,4.37,33.1,0.0,98.65,-1.3,-1.18,-1.1,0.01,101.01
59,2025-06-29 10:00:00,11.56,5.33,68.9,0.0,99.68,-1.4,-1.3,-1.2,0.0,101.03
59,2025-06-29 11:00:00,9.72,4.6,117.2,0.0,99.88,-1.2,-1.05,-0.9,0.0,101.04
59,2025-06-29 12:00:00,10.76,4.96,144.7,0.0,99.88,-0.6,-0.45,-0.3,0.0,101.02
59,2025-06-29 13:00:00,14.51,4.98,256.0,0.09,99.9,-0.1,0.43,1.1,0.0,100.94
59,2025-06-29 14:00:00,11.27,4.79,281.3,0.0,99.45,1.0,1.55,2.3,0.01,100.84
59,2025-06-29 15:00:00,13.64,5.5,389.0,0.0,92.43,3.3,4.23,5.0,0.06,100.76
59,2025-06-29 16:00:00,16.27,5.75,300.4,0.0,83.05,5.1,5.65,6.3,0.16,100.69
59,2025-06-29 17:00:00,13.64,5.31,184.5,0.0,77.9,6.6,6.68,6.7,0.22,100.67
59,2025-06-29 18:00:00,7.49,3.5,62.7,0.0,82.65,3.1,4.83,6.4,0.15,100.64
59,2025-06-29 19:00:00,5.0,2.02,0.0,0.0,89.48,0.7,1.43,2.3,0.07,100.54
59,2025-06-29 20:00:00,5.54,2.75,0.0,0.0,92.53,-0.6,-0.23,0.4,0.05,100.49
59,2025-06-29 21:00:00,6.77,3.93,0.0,0.0,94.3,-1.7,-1.43,-1.1,0.03,100.48
59,2025-06-29 22:00:00,7.78,3.67,0.0,0.0,93.7,-2.2,-2.03,-1.9,0.04,100.46
59,2025-06-29 23:00:00,6.3,3.13,0.0,0.0,93.3,-2.8,-2.55,-2.3,0.03,100.45
59,2025-06-30 00:00:00,6.26,2.55,0.0,0.0,93.05,-3.5,-3.3,-3.1,0.03,100.44
59,2025-06-30 01:00:00,4.9,2.89,0.0,0.0,92.9,-4.1,-3.8,-3.6,0.03,100.43
59,2025-06-30 02:00:00,6.19,3.91,0.0,0.0,93.65,-4.3,-4.2,-4.1,0.03,100.39
59,2025-06-30 03:00:00,6.3,2.89,0.0,0.0,93.78,-4.8,-4.53,-4.2,0.03,100.34
59,2025-06-30 04:00:00,3.78,2.0,0.0,0.0,91.48,-5.2,-5.0,-4.8,0.03,100.3
59,2025-06-30 05:00:00,5.0,2.92,0.0,0.0,91.93,-4.8,-4.7,-4.6,0.04,100.3
59,2025-06-30 06:00:00,4.57,2.95,0.0,0.0,93.23,-4.8,-4.75,-4.7,0.03,100.25
59,2025-06-30 07:00:00,4.68,2.33,0.0,0.0,93.6,-5.2,-5.05,-4.9,0.03,100.2
59,2025-06-30 08:00:00,4.57,2.01,1.5,0.0,93.13,-5.6,-5.23,-4.9,0.03,100.19
59,2025-06-30 09:00:00,7.99,2.43,47.8,0.0,94.18,-5.1,-4.83,-4.4,0.03,100.22
59,2025-06-30 10:00:00,6.05,2.49,192.5,0.0,99.4,-4.2,-3.45,-2.7,0.0,100.32
59,2025-06-30 11:00:00,8.42,2.88,370.8,0.0,99.85,-2.3,-1.7,-1.1,0.0,100.34
59,2025-06-30 12:00:00,12.53,5.62,388.2,0.03,94.65,-1.0,0.63,2.6,0.04,100.3
59,2025-06-30 13:00:00,12.71,5.14,409.5,0.05,76.43,3.1,3.95,4.9,0.2,100.21
59,2025-06-30 14:00:00,16.88,6.29,451.5,0.0,59.83,5.6,6.18,6.7,0.38,100.15
59,2025-06-30 15:00:00,12.6,4.86,278.8,0.0,55.28,6.8,7.03,7.2,0.45,100.1
59,2025-06-30 16:00:00,8.57,4.22,267.7,0.0,54.55,7.5,7.7,7.9,0.48,100.08
59,2025-06-30 17:00:00,10.8,4.66,136.5,0.0,56.5,7.1,7.35,7.6,0.45,100.08
59,2025-06-30 18:00:00,9.65,3.52,90.7,0.0,60.85,5.5,6.75,7.6,0.39,100.08
59,2025-06-30 19:00:00,4.14,2.83,0.0,0.0,75.3,2.2,3.35,4.6,0.19,100.02
59,2025-06-30 20:00:00,4.61,3.12,0.0,0.0,83.98,0.8,1.25,1.8,0.11,99.99
59,2025-06-30 21:00:00,5.4,2.94,0.0,0.0,86.75,0.7,0.88,1.0,0.09,99.99
59,2025-06-30 22:00:00,4.79,2.71,0.0,0.0,88.23,0.8,0.85,0.9,0.08,100.01
59,2025-06-30 23:00:00,7.13,3.03,0.0,0.0,87.83,1.0,1.4,1.9,0.08,100.02
59,2025-07-01 00:00:00,6.01,2.83,0.0,0.0,87.48,1.7,1.85,2.0,0.09,100.03
59,2025-07-01 01:00:00,7.96,2.48,0.0,0.0,88.93,1.4,1.68,1.9,0.08,100.03
59,2025-07-01 02:00:00,7.06,3.36,0.0,0.0,89.78,1.4,1.53,1.7,0.07,100.05
59,2025-07-01 03:00:00,6.52,3.74,0.0,0.0,88.85,2.0,2.05,2.1,0.08,100.08
59,2025-07-01 04:00:00,4.9,2.1,0.0,0.0,90.08,1.8,1.85,1.9,0.07,100.09
59,2025-07-01 05:00:00,7.09,2.85,0.0,0.0,89.7,2.1,2.28,2.4,0.08,100.08
59,2025-07-01 06:00:00,8.28,3.3,0.0,0.0,92.03,1.0,1.65,2.2,0.06,100.07
59,2025-07-01 07:00:00,7.7,3.83,0.0,0.0,91.28,1.1,1.2,1.3,0.06,100.11
59,2025-07-01 08:00:00,8.75,3.74,1.3,0.0,92.05,0.8,0.93,1.1,0.05,100.17
59,2025-07-01 09:00:00,6.55,3.55,83.4,0.0,90.3,0.8,1.65,2.7,0.07,100.22
59,2025-07-01 10:00:00,9.0,2.86,195.7,0.0,86.73,3.3,4.15,4.8,0.11,100.33
59,2025-07-01 11:00:00,6.37,2.38,304.9,0.0,76.45,5.3,6.3,7.1,0.23,100.4
59,2025-07-01 12:00:00,8.93,3.21,382.0,0.0,66.45,7.7,8.3,8.9,0.37,100.38
59,2025-07-01 13:00:00,12.31,4.4,408.1,0.0,59.43,9.5,10.05,10.7,0.5,100.33
59,2025-07-01 14:00:00,11.05,4.82,416.0,0.0,55.43,11.2,11.93,12.4,0.62,100.3
59,2025-07-01 15:00:00,13.0,4.56,380.0,0.0,52.85,12.9,13.13,13.4,0.71,100.27
59,2025-07-01 16:00:00,10.84,3.35,260.8,0.0,50.48,13.4,13.58,13.8,0.77,100.3
59,2025-07-01 17:00:00,8.75,2.16,107.7,0.0,53.2,12.1,12.7,13.2,0.69,100.32
59,2025-07-01 18:00:00,3.74,2.23,21.4,0.0,64.83,9.4,10.4,11.4,0.45,100.29
59,2025-07-01 19:00:00,3.38,2.07,0.0,0.0,72.15,7.7,8.23,8.8,0.3,100.26
59,2025-07-01 20:00:00,4.28,2.48,0.0,0.0,75.33,6.2,6.95,7.7,0.25,100.24
59,2025-07-01 21:00:00,4.64,2.46,0.0,0.0,80.7,4.8,5.28,5.8,0.17,100.25
59,2025-07-01 22:00:00,5.87,4.01,0.0,0.0,81.1,4.1,4.45,4.7,0.16,100.26
59,2025-07-01 23:00:00,5.44,2.08,0.0,0.0,83.3,2.8,3.43,4.3,0.13,100.24
59,2025-07-02 00:00:00,5.04,2.79,0.0,0.0,87.55,1.6,2.1,2.5,0.09,100.23
59,2025-07-02 01:00:00,4.64,3.26,0.0,0.0,90.85,0.2,0.73,1.3,0.06,100.22
59,2025-07-02 02:00:00,5.51,3.58,0.0,0.0,92.1,-0.4,-0.23,0.0,0.05,100.2
59,2025-07-02 03:00:00,7.31,3.66,0.0,0.0,92.9,-0.8,-0.6,-0.5,0.05,100.17
59,2025-07-02 04:00:00,5.76,3.73,0.0,0.0,93.93,-0.9,-0.83,-0.8,0.04,100.15
59,2025-07-02 05:00:00,4.93,3.42,0.0,0.0,94.03,-1.0,-0.95,-0.9,0.03,100.12
59,2025-07-02 06:00:00,5.0,3.29,0.0,0.0,94.38,-1.1,-1.0,-0.9,0.03,100.09
59,2025-07-02 07:00:00,5.98,2.7,0.0,0.0,94.38,-1.2,-1.18,-1.1,0.03,100.08
59,2025-07-02 08:00:00,4.9,2.52,1.3,0.0,94.13,-1.4,-1.25,-1.2,0.03,100.08
59,2025-07-02 09:00:00,5.51,2.31,54.1,0.0,95.33,-1.2,-0.88,-0.5,0.03,100.08
59,2025-07-02 10:00:00,4.61,1.77,169.2,0.0,96.6,0.0,1.6,3.4,0.02,100.11
59,2025-07-02 11:00:00,9.65,2.83,294.6,0.0,95.75,4.3,5.5,6.7,0.04,100.2
59,2025-07-02 12:00:00,10.8,5.44,381.9,0.0,78.2,7.5,8.5,9.5,0.25,100.21
59,2025-07-02 13:00:00,12.17,4.63,378.4,0.0,67.63,10.0,10.63,11.1,0.42,100.14
59,2025-07-02 14:00:00,14.94,5.24,391.3,0.0,62.38,11.4,11.88,12.5,0.52,100.08
59,2025-07-02 15:00:00,14.0,4.64,349.8,0.0,60.18,12.9,13.33,13.7,0.61,100.03
59,2025-07-02 16:00:00,10.22,3.84,249.3,0.0,58.9,13.8,13.98,14.1,0.66,99.99
59,2025-07-02 17:00:00,8.14,4.31,122.4,0.0,58.5,13.2,13.6,14.0,0.65,99.99
59,2025-07-02 18:00:00,5.65,1.83,60.0,0.0,63.28,10.4,11.8,13.0,0.51,100.01
59,2025-07-02 19:00:00,3.82,2.39,0.0,0.0,72.83,7.7,8.7,9.8,0.31,100.02
59,2025-07-02 20:00:00,4.75,3.35,0.0,0.0,81.55,5.6,6.43,7.0,0.18,100.01
59,2025-07-02 21:00:00,4.86,3.58,0.0,0.0,86.95,4.0,4.5,5.1,0.11,100.0
59,2025-07-02 22:00:00,4.75,3.63,0.0,0.0,89.88,2.8,3.23,3.6,0.08,99.96
59,2025-07-02 23:00:00,5.62,4.16,0.0,0.0,91.8,2.3,2.5,2.8,0.06,99.92
59,2025-07-03 00:00:00,6.48,4.42,0.0,0.0,92.73,2.1,2.3,2.4,0.05,99.9
59,2025-07-03 01:00:00,5.83,3.38,0.0,0.0,94.58,1.0,1.43,1.8,0.04,99.9
59,2025-07-03 02:00:00,5.47,2.59,0.0,0.0,93.18,0.6,0.73,0.8,0.05,99.85
59,2025-07-03 03:00:00,5.29,3.87,0.0,0.0,94.78,0.1,0.4,0.7,0.03,99.81
59,2025-07-03 04:00:00,5.8,3.53,0.0,0.0,94.4,-0.1,-0.03,0.0,0.04,99.79
59,2025-07-03 05:00:00,5.94,3.87,0.0,0.0,94.58,-0.2,-0.03,0.2,0.03,99.76
59,2025-07-03 06:00:00,4.39,2.56,0.0,0.0,95.08,-0.6,-0.43,-0.3,0.03,99.74
59,2025-07-03 07:00:00,5.98,3.47,0.0,0.0,95.43,-1.0,-0.88,-0.8,0.03,99.74
59,2025-07-03 08:00:00,4.61,3.07,1.5,0.0,94.63,-1.2,-1.15,-1.1,0.03,99.75
59,2025-07-03 09:00:00,4.97,3.35,93.0,0.0,95.63,-1.4,-0.9,-0.1,0.03,99.76
59,2025-07-03 10:00:00,4.03,2.02,187.3,0.0,97.38,0.7,2.85,4.7,0.02,99.83
59,2025-07-03 11:00:00,6.98,2.63,297.8,0.0,98.35,5.4,6.43,7.4,0.02,99.89
59,2025-07-03 12:00:00,10.3,3.83,354.7,0.0,85.78,8.2,9.23,10.3,0.17,99.88
59,2025-07-03 13:00:00,11.48,4.75,421.2,0.0,73.95,10.8,11.83,12.5,0.37,99.84
59,2025-07-03 14:00:00,12.89,4.44,376.6,0.0,64.5,12.9,13.65,14.3,0.56,99.76
59,2025-07-03 15:00:00,13.1,5.71,311.9,0.0,59.45,14.0,14.48,14.8,0.67,99.68
59,2025-07-03 16:00:00,13.82,4.88,305.1,0.0,59.53,15.1,15.23,15.3,0.7,99.67
59,2025-07-03 17:00:00,8.28,2.82,197.9,0.0,61.38,14.1,14.85,15.5,0.65,99.72
59,2025-07-03 18:00:00,4.1,1.71,38.1,0.0,69.53,10.2,11.83,13.5,0.43,99.73
59,2025-07-03 19:00:00,4.54,2.99,0.3,0.0,82.23,7.1,8.13,9.3,0.19,99.73
59,2025-07-03 20:00:00,4.72,3.48,0.0,0.0,87.38,5.4,6.1,6.8,0.12,99.74
59,2025-07-03 21:00:00,5.22,3.79,0.0,0.0,89.83,4.6,4.85,5.1,0.09,99.74
59,2025-07-03 22:00:00,5.33,3.79,0.0,0.0,91.83,3.9,4.18,4.4,0.07,99.75
59,2025-07-03 23:00:00,5.29,3.71,0.0,0.0,92.75,3.4,3.6,3.8,0.06,99.76
59,2025-07-04 00:00:00,4.72,3.36,0.0,0.0,93.58,2.9,3.15,3.3,0.05,99.79
59,2025-07-04 01:00:00,5.0,3.11,0.0,0.0,94.08,2.4,2.55,2.7,0.04,99.78
59,2025-07-04 02:00:00,4.9,3.08,0.0,0.0,94.68,1.8,2.3,2.7,0.04,99.74
59,2025-07-04 03:00:00,4.86,3.12,0.0,0.0,95.1,0.8,1.08,1.5,0.03,99.72
59,2025-07-04 04:00:00,5.04,2.61,0.0,0.0,94.83,0.2,0.65,1.0,0.03,99.7
59,2025-07-04 05:00:00,4.86,3.35,0.0,0.0,95.5,-0.4,-0.15,0.0,0.03,99.68
59,2025-07-04 06:00:00,4.82,2.74,0.0,0.0,95.55,-0.8,-0.6,-0.4,0.03,99.67
59,2025-07-04 07:00:00,5.0,2.95,0.0,0.0,95.13,-1.2,-1.05,-0.9,0.03,99.68
59,2025-07-04 08:00:00,4.36,2.97,0.9,0.0,95.0,-1.3,-1.25,-1.2,0.03,99.71
59,2025-07-04 09:00:00,4.68,2.85,63.1,0.0,95.0,-1.2,-0.75,-0.1,0.03,99.75
59,2025-07-04 10:00:00,6.12,1.89,179.5,0.0,98.3,0.4,1.45,2.5,0.01,99.8
59,2025-07-04 11:00:00,4.93,1.95,294.7,0.0,100.0,3.1,4.58,6.3,0.0,99.84
59,2025-07-04 12:00:00,9.04,3.98,377.1,0.0,95.15,7.5,8.4,9.3,0.06,99.86
59,2025-07-04 13:00:00,13.72,4.65,385.1,0.0,83.73,10.1,10.85,11.4,0.21,99.81
59,2025-07-04 14:00:00,8.71,3.74,384.1,0.0,76.63,11.8,12.33,12.9,0.34,99.75
59,2025-07-04 15:00:00,8.42,2.67,359.1,0.0,69.83,13.2,13.9,14.5,0.48,99.68
59,2025-07-04 16:00:00,7.2,2.92,290.5,0.0,64.68,14.7,14.93,15.0,0.6,99.67
59,2025-07-04 17:00:00,5.54,2.45,164.8,0.0,63.95,14.7,14.95,15.2,0.62,99.68
59,2025-07-04 18:00:00,4.68,1.91,79.9,0.0,71.55,11.4,13.13,14.6,0.44,99.71
59,2025-07-04 19:00:00,5.11,3.43,0.3,0.0,85.83,7.1,8.45,10.0,0.16,99.72
59,2025-07-04 20:00:00,6.12,3.47,0.0,0.0,88.48,6.9,7.28,7.6,0.12,99.68
59,2025-07-04 21:00:00,4.39,2.7,0.0,0.0,92.35,4.8,5.65,6.4,0.07,99.65
59,2025-07-04 22:00:00,7.81,3.11,0.0,0.0,90.08,4.4,5.25,6.5,0.09,99.62
59,2025-07-04 23:00:00,4.82,1.92,0.0,0.0,92.33,5.7,6.23,6.5,0.07,99.66
59,2025-07-05 00:00:00,7.85,3.3,0.0,0.0,95.03,4.6,4.93,5.4,0.05,99.71
59,2025-07-05 01:00:00,9.29,3.95,0.0,0.0,92.1,6.1,6.55,7.2,0.08,99.74
59,2025-07-05 02:00:00,14.69,5.22,0.0,0.0,95.03,8.1,8.38,8.5,0.06,99.76
59,2025-07-05 03:00:00,9.72,3.42,0.0,0.0,95.78,8.5,8.55,8.6,0.05,99.73
59,2025-07-05 04:00:00,9.25,2.16,0.0,0.0,95.55,8.7,8.78,8.9,0.05,99.74
59,2025-07-05 05:00:00,12.2,4.18,0.0,0.0,94.6,8.9,9.2,9.5,0.06,99.76
59,2025-07-05 06:00:00,15.52,5.53,0.0,0.0,92.2,9.8,9.93,10.2,0.1,99.74
59,2025-07-05 07:00:00,13.1,4.98,0.0,0.0,90.45,10.3,10.35,10.4,0.12,99.78
59,2025-07-05 08:00:00,20.81,8.98,0.0,0.0,87.08,10.4,10.73,10.9,0.17,99.82
59,2025-07-05 09:00:00,21.13,9.78,24.4,0.0,84.73,11.0,11.13,11.2,0.21,99.91
59,2025-07-05 10:00:00,28.08,11.69,161.1,0.0,82.75,11.4,11.85,12.3,0.24,99.96
59,2025-07-05 11:00:00,29.02,11.41,51.4,0.0,79.3,12.3,12.33,12.4,0.3,100.0
59,2025-07-05 12:00:00,25.85,12.37,96.1,0.0,76.3,12.5,12.8,13.0,0.35,99.99
59,2025-07-05 13:00:00,23.22,9.98,111.7,0.0,75.0,13.2,13.2,13.2,0.38,99.92
59,2025-07-05 14:00:00,22.68,8.79,133.1,0.0,73.83,13.4,13.55,13.6,0.41,99.86
59,2025-07-05 15:00:00,17.71,6.99,101.6,0.0,73.68,13.6,13.73,13.8,0.41,99.85
59,2025-07-05 16:00:00,14.76,6.26,72.8,0.0,73.08,13.8,13.8,13.8,0.43,99.84
59,2025-07-05 17:00:00,10.76,4.09,36.5,0.0,76.38,12.7,13.28,13.8,0.36,99.85
59,2025-07-05 18:00:00,6.77,2.47,9.6,0.0,82.08,12.1,12.25,12.5,0.25,99.83
59,2025-07-05 19:00:00,7.81,2.57,0.0,0.0,80.65,10.9,11.5,12.1,0.26,99.78
59,2025-07-05 20:00:00,15.23,5.21,0.0,0.0,79.25,11.2,11.75,12.4,0.29,99.78
59,2025-07-05 21:00:00,23.33,10.05,0.0,0.0,77.23,12.7,12.83,12.9,0.34,99.81
59,2025-07-05 22:00:00,32.58,10.35,0.0,0.0,76.75,12.7,12.83,13.0,0.34,99.87
59,2025-07-05 23:00:00,30.06,12.18,0.0,0.0,75.23,13.0,13.18,13.4,0.38,99.9
59,2025-07-06 00:00:00,25.92,10.18,0.0,0.0,76.65,12.8,13.05,13.2,0.35,99.9
59,2025-07-06 01:00:00,23.0,7.66,0.0,0.0,78.18,12.6,12.65,12.7,0.32,99.92
59,2025-07-06 02:00:00,29.95,10.34,0.0,0.0,75.7,13.0,13.23,13.6,0.37,99.92
59,2025-07-06 03:00:00,24.88,10.27,0.0,0.0,76.65,12.6,13.3,13.7,0.36,99.97
59,2025-07-06 04:00:00,17.78,6.23,0.0,0.0,81.48,12.3,12.53,12.8,0.27,100.01
59,2025-07-06 05:00:00,23.51,9.37,0.0,0.0,77.93,13.2,13.23,13.3,0.34,100.05
59,2025-07-06 06:00:00,30.24,12.54,0.0,0.0,80.75,12.6,12.68,12.8,0.28,100.02
59,2025-07-06 07:00:00,29.2,10.06,0.0,0.0,82.7,12.2,12.35,12.5,0.25,100.04
59,2025-07-06 08:00:00,17.89,8.04,0.9,0.0,87.13,11.4,11.73,12.1,0.18,100.09
59,2025-07-06 09:00:00,13.79,6.18,25.1,0.12,88.78,11.3,11.5,11.6,0.15,100.14
59,2025-07-06 10:00:00,11.12,3.82,113.8,1.33,91.38,11.1,11.28,11.5,0.12,100.22
59,2025-07-06 11:00:00,11.05,4.05,158.3,0.02,90.63,11.9,12.48,13.0,0.14,100.28
59,2025-07-06 12:00:00,11.48,4.89,189.3,0.0,84.85,13.3,14.13,14.7,0.25,100.3
59,2025-07-06 13:00:00,11.27,5.13,142.3,0.21,87.25,13.9,14.1,14.3,0.21,100.27
59,2025-07-06 14:00:00,11.02,4.56,191.3,0.0,85.35,14.3,14.58,15.0,0.25,100.23
59,2025-07-06 15:00:00,21.2,8.05,206.9,0.0,77.95,15.3,15.75,16.1,0.4,100.23
59,2025-07-06 16:00:00,25.45,8.66,149.0,0.0,71.83,16.2,16.3,16.4,0.52,100.24
59,2025-07-06 17:00:00,26.75,9.2,152.9,0.0,68.98,16.2,16.58,16.8,0.59,100.23
59,2025-07-06 18:00:00,22.39,6.3,79.1,0.0,71.33,14.8,15.73,16.7,0.51,100.29
59,2025-07-06 19:00:00,6.55,2.21,0.0,0.0,77.1,13.2,13.68,14.3,0.36,100.32
59,2025-07-06 20:00:00,5.0,1.83,0.0,0.0,79.3,12.1,12.45,13.0,0.3,100.39
59,2025-07-06 21:00:00,7.42,2.52,0.0,0.0,82.18,10.4,11.43,12.4,0.25,100.43
59,2025-07-06 22:00:00,5.29,2.04,0.0,0.0,85.6,10.0,10.18,10.4,0.18,100.46
59,2025-07-06 23:00:00,6.34,3.29,0.0,0.0,90.25,7.8,8.73,9.7,0.11,100.5
59,2025-07-07 00:00:00,8.32,3.94,0.0,0.0,91.7,7.3,7.53,7.7,0.09,100.51
59,2025-07-07 01:00:00,5.94,3.7,0.0,0.0,92.75,6.9,7.03,7.3,0.07,100.49
59,2025-07-07 02:00:00,9.0,4.05,0.0,0.0,91.98,7.0,7.63,8.3,0.09,100.47
59,2025-07-07 03:00:00,5.33,2.52,0.0,0.0,94.58,5.5,5.93,6.4,0.05,100.43
59,2025-07-07 04:00:00,5.11,2.63,0.0,0.0,95.08,4.4,4.8,5.4,0.04,100.36
59,2025-07-07 05:00:00,3.82,2.11,0.0,0.0,94.53,3.3,3.9,4.3,0.05,100.27
59,2025-07-07 06:00:00,5.51,3.77,0.0,0.0,93.78,3.4,4.0,4.5,0.05,100.24
59,2025-07-07 07:00:00,5.15,3.85,0.0,0.0,96.35,2.8,3.23,3.7,0.03,100.21
59,2025-07-07 08:00:00,4.03,2.4,2.1,0.0,96.23,2.0,2.28,2.5,0.03,100.18
59,2025-07-07 09:00:00,3.64,1.55,54.1,0.0,94.35,2.1,3.05,4.0,0.04,100.21
59,2025-07-07 10:00:00,6.3,2.07,129.3,0.02,99.35,4.4,4.6,4.7,0.01,100.25
59,2025-07-07 11:00:00,6.84,2.5,186.3,0.0,99.7,4.9,5.8,7.0,0.0,100.27
59,2025-07-07 12:00:00,13.28,5.48,327.7,0.0,99.83,8.2,8.93,9.5,0.0,100.26
59,2025-07-07 13:00:00,15.77,7.02,425.7,0.0,93.5,11.0,12.1,12.9,0.09,100.16
59,2025-07-07 14:00:00,16.42,6.75,424.2,0.0,83.25,13.4,14.28,15.0,0.27,100.05
59,2025-07-07 15:00:00,16.02,5.85,389.5,0.0,79.48,15.2,15.48,15.8,0.36,99.95
59,2025-07-07 16:00:00,17.03,6.13,307.3,0.0,78.53,15.6,15.68,15.8,0.39,99.93
59,2025-07-07 17:00:00,14.26,4.36,192.4,0.0,80.03,15.0,15.35,15.6,0.35,99.9
59,2025-07-07 18:00:00,12.64,4.03,68.5,0.0,84.15,12.7,13.73,14.6,0.25,99.93
59,2025-07-07 19:00:00,3.31,1.7,0.0,0.0,89.93,10.3,10.98,12.0,0.13,99.98
59,2025-07-07 20:00:00,2.84,0.98,0.0,0.0,92.58,10.4,10.8,11.2,0.1,100.01
59,2025-07-07 21:00:00,11.99,3.3,0.0,0.0,93.2,11.5,11.58,11.7,0.09,100.0
59,2025-07-07 22:00:00,7.96,3.2,0.0,0.0,95.13,11.2,11.23,11.3,0.07,99.96
59,2025-07-07 23:00:00,7.96,3.04,0.0,0.0,95.83,11.1,11.18,11.2,0.06,99.95
59,2025-07-08 00:00:00,7.78,2.34,0.0,0.0,96.55,10.9,10.98,11.0,0.05,99.96
59,2025-07-08 01:00:00,9.25,2.98,0.0,0.02,96.23,10.9,10.9,10.9,0.05,99.94
59,2025-07-08 02:00:00,11.09,3.49,0.0,0.02,95.9,10.7,10.8,10.9,0.05,99.9
59,2025-07-08 03:00:00,15.62,3.23,0.0,0.02,95.33,10.6,10.68,10.7,0.06,99.9
59,2025-07-08 04:00:00,12.2,4.18,0.0,0.0,94.18,10.6,10.65,10.7,0.07,99.88
59,2025-07-08 05:00:00,14.33,4.76,0.0,0.0,93.88,10.5,10.55,10.6,0.08,99.86
59,2025-07-08 06:00:00,11.81,4.28,0.0,0.0,92.6,10.5,10.55,10.6,0.1,99.87
59,2025-07-08 07:00:00,8.64,3.01,0.0,0.0,93.78,10.2,10.23,10.3,0.08,99.9
59,2025-07-08 08:00:00,5.98,2.3,0.6,0.0,91.85,9.9,9.98,10.1,0.1,99.93
59,2025-07-08 09:00:00,10.62,3.72,29.4,0.0,91.75,9.8,9.83,9.9,0.1,99.97
59,2025-07-08 10:00:00,14.11,5.22,78.7,0.0,90.43,9.7,9.78,9.8,0.12,99.99
59,2025-07-08 11:00:00,17.21,5.99,105.2,0.0,88.68,9.6,9.6,9.6,0.14,100.0
59,2025-07-08 12:00:00,14.18,6.28,105.3,0.0,88.13,9.7,9.75,9.8,0.14,100.0
59,2025-07-08 13:00:00,20.05,4.73,110.9,0.0,88.15,9.7,9.83,9.9,0.14,99.96
59,2025-07-08 14:00:00,16.96,5.88,172.7,0.0,86.43,9.4,9.55,9.7,0.16,99.91
59,2025-07-08 15:00:00,20.59,5.39,143.9,0.0,83.85,10.0,10.25,10.4,0.2,99.88
59,2025-07-08 16:00:00,17.75,5.53,156.9,0.0,81.65,10.3,10.7,11.2,0.24,99.9
59,2025-07-08 17:00:00,8.68,2.38,100.9,0.0,80.48,11.3,11.33,11.4,0.26,99.92
59,2025-07-08 18:00:00,7.02,1.72,51.0,0.0,82.0,10.7,11.08,11.5,0.24,99.94
59,2025-07-08 19:00:00,5.83,2.21,0.0,0.0,85.88,9.6,9.98,10.4,0.17,99.96
59,2025-07-08 20:00:00,11.38,4.03,0.0,0.0,86.45,9.3,9.43,9.6,0.16,99.98
59,2025-07-08 21:00:00,6.88,2.93,0.0,0.0,87.4,9.1,9.2,9.3,0.15,99.99
59,2025-07-08 22:00:00,4.97,1.89,0.0,0.0,88.53,9.0,9.03,9.1,0.13,99.99
59,2025-07-08 23:00:00,5.11,2.34,0.0,0.0,89.45,8.8,8.85,8.9,0.12,100.01
59,2025-07-09 00:00:00,9.0,2.46,0.0,0.0,89.05,8.8,9.03,9.3,0.13,100.03
59,2025-07-09 01:00:00,6.34,2.41,0.0,0.0,90.0,8.8,8.98,9.2,0.11,100.04
59,2025-07-09 02:00:00,10.69,4.0,0.0,0.0,89.75,8.4,8.55,8.7,0.11,100.05
59,2025-07-09 03:00:00,9.0,3.8,0.0,0.0,89.63,8.0,8.15,8.3,0.11,100.05
59,2025-07-09 04:00:00,6.66,2.62,0.0,0.0,89.85,7.9,7.93,8.0,0.11,100.1
59,2025-07-09 05:00:00,7.67,3.39,0.0,0.0,90.68,7.7,7.8,7.9,0.1,100.12
59,2025-07-09 06:00:00,8.75,3.21,0.0,0.0,93.63,7.4,7.45,7.6,0.07,100.13
59,2025-07-09 07:00:00,6.12,2.98,0.0,0.0,94.7,7.3,7.35,7.4,0.06,100.19
59,2025-07-09 08:00:00,6.55,2.32,0.0,0.0,94.98,7.2,7.25,7.3,0.05,100.26
59,2025-07-09 09:00:00,10.22,2.94,11.6,0.0,95.25,7.2,7.2,7.2,0.05,100.32
59,2025-07-09 10:00:00,8.86,3.88,29.9,0.0,95.7,7.2,7.33,7.4,0.04,100.36
59,2025-07-09 11:00:00,8.14,3.39,59.7,0.0,96.43,7.5,7.58,7.6,0.04,100.42
59,2025-07-09 12:00:00,10.91,3.44,79.8,0.0,95.35,7.7,8.0,8.3,0.05,100.46
59,2025-07-09 13:00:00,8.68,3.63,87.1,0.0,93.1,8.4,8.48,8.6,0.08,100.45
59,2025-07-09 14:00:00,8.06,3.08,113.3,0.0,90.45,8.7,9.0,9.3,0.11,100.43
59,2025-07-09 15:00:00,6.8,2.99,139.5,0.0,85.13,9.4,9.7,10.0,0.18,100.41
59,2025-07-09 16:00:00,9.14,3.61,107.2,0.0,80.2,10.0,10.08,10.2,0.24,100.43
59,2025-07-09 17:00:00,10.84,4.04,75.4,0.0,80.03,9.7,9.9,10.0,0.24,100.44
59,2025-07-09 18:00:00,7.96,2.56,16.9,0.0,80.03,9.3,9.5,9.7,0.24,100.47
59,2025-07-09 19:00:00,6.01,2.36,0.0,0.0,81.08,8.9,9.05,9.2,0.22,100.51
59,2025-07-09 20:00:00,4.93,1.9,0.0,0.0,82.28,8.5,8.68,8.9,0.2,100.55
59,2025-07-09 21:00:00,5.58,1.98,0.0,0.0,83.3,8.3,8.4,8.5,0.19,100.57
59,2025-07-09 22:00:00,6.48,2.12,0.0,0.0,84.48,7.6,7.85,8.0,0.17,100.57
59,2025-07-09 23:00:00,3.92,1.87,0.0,0.0,88.15,5.3,6.18,7.1,0.11,100.53
59,2025-07-10 00:00:00,5.29,1.78,0.0,0.0,91.05,4.4,4.75,5.2,0.08,100.47
59,2025-07-10 01:00:00,8.64,3.4,0.0,0.0,91.65,5.6,5.93,6.1,0.08,100.5
59,2025-07-10 02:00:00,10.84,3.43,0.0,0.0,90.35,6.0,6.15,6.2,0.09,100.5
59,2025-07-10 03:00:00,11.56,4.02,0.0,0.0,90.38,5.4,5.68,5.9,0.09,100.49
59,2025-07-10 04:00:00,11.99,3.79,0.0,0.0,91.0,4.9,5.08,5.2,0.08,100.5
59,2025-07-10 05:00:00,11.12,3.75,0.0,0.0,91.23,4.8,4.8,4.8,0.08,100.47
59,2025-07-10 06:00:00,13.39,5.32,0.0,0.0,91.68,4.6,4.63,4.7,0.07,100.48
59,2025-07-10 07:00:00,9.79,3.32,0.0,0.0,91.58,4.4,4.48,4.5,0.07,100.5
59,2025-07-10 08:00:00,8.68,3.34,0.5,0.0,92.58,4.4,4.4,4.4,0.06,100.51
59,2025-07-10 09:00:00,10.04,3.63,28.5,0.0,93.2,4.4,4.48,4.6,0.06,100.5
59,2025-07-10 10:00:00,11.45,4.48,90.4,0.0,93.48,4.7,4.88,5.1,0.06,100.55
59,2025-07-10 11:00:00,13.07,4.24,95.3,0.0,90.4,5.3,5.38,5.4,0.09,100.6
59,2025-07-10 12:00:00,17.5,4.77,114.1,0.0,89.78,5.3,5.43,5.5,0.09,100.56
59,2025-07-10 13:00:00,14.26,5.81,110.3,0.0,89.95,5.1,5.13,5.2,0.09,100.49
59,2025-07-10 14:00:00,10.04,4.55,131.7,0.0,89.48,5.2,5.28,5.3,0.1,100.4
59,2025-07-10 15:00:00,17.14,5.8,340.2,0.0,87.35,5.6,6.15,6.8,0.12,100.36
59,2025-07-10 16:00:00,18.97,7.81,299.7,0.0,84.15,7.0,7.1,7.2,0.16,100.38
59,2025-07-10 17:00:00,13.07,6.06,197.5,0.0,82.55,7.1,7.28,7.4,0.18,100.38
59,2025-07-10 18:00:00,10.33,4.02,69.7,0.0,85.03,4.9,5.9,6.7,0.14,100.37
59,2025-07-10 19:00:00,6.19,3.44,0.1,0.0,89.7,3.1,3.65,4.2,0.08,100.34
59,2025-07-10 20:00:00,5.08,3.73,0.0,0.0,93.33,1.6,2.0,2.5,0.05,100.34
59,2025-07-10 21:00:00,5.26,3.14,0.0,0.0,93.08,0.9,1.05,1.2,0.05,100.32
59,2025-07-10 22:00:00,8.24,4.45,0.0,0.0,92.9,1.2,1.5,1.9,0.05,100.32
59,2025-07-10 23:00:00,7.02,2.1,0.0,0.0,95.53,1.7,1.9,2.0,0.03,100.29
59,2025-07-11 00:00:00,5.26,2.36,0.0,0.0,96.13,1.4,1.55,1.8,0.03,100.26
59,2025-07-11 01:00:00,5.72,2.29,0.0,0.0,95.75,1.2,1.3,1.4,0.03,100.23
59,2025-07-11 02:00:00,5.8,1.81,0.0,0.0,96.8,0.8,1.0,1.2,0.02,100.2
59,2025-07-11 03:00:00,6.44,2.49,0.0,0.0,97.43,0.6,0.68,0.8,0.02,100.16
59,2025-07-11 04:00:00,6.52,2.53,0.0,0.0,97.85,0.2,0.23,0.3,0.01,100.1
59,2025-07-11 05:00:00,8.86,2.96,0.0,0.0,97.15,0.1,0.18,0.2,0.02,100.07
59,2025-07-11 06:00:00,6.55,1.94,0.0,0.0,96.4,0.4,0.55,0.7,0.03,100.03
59,2025-07-11 07:00:00,4.25,1.63,0.0,0.0,96.65,0.3,0.43,0.6,0.02,100.05
59,2025-07-11 08:00:00,3.96,1.39,1.1,0.0,95.53,0.8,1.1,1.5,0.03,100.09
59,2025-07-11 09:00:00,3.28,1.41,31.7,0.0,97.0,1.6,1.98,2.5,0.02,100.13
59,2025-07-11 10:00:00,15.41,5.1,77.7,0.0,98.85,3.1,3.18,3.2,0.01,100.17
59,2025-07-11 11:00:00,13.57,3.93,95.1,0.0,100.08,3.3,3.35,3.4,0.0,100.21
59,2025-07-11 12:00:00,9.11,3.97,110.7,0.0,100.15,3.3,3.38,3.4,0.0,100.19
59,2025-07-11 13:00:00,9.5,3.99,249.2,0.0,100.03,3.3,3.63,3.9,0.0,100.11
59,2025-07-11 14:00:00,12.24,4.56,432.4,0.0,97.73,4.2,5.15,6.7,0.02,100.04
59,2025-07-11 15:00:00,13.57,5.27,389.9,0.0,88.55,7.0,7.45,7.9,0.12,100.0
59,2025-07-11 16:00:00,9.94,4.45,308.5,0.0,83.05,8.3,8.8,9.6,0.19,99.98
59,2025-07-11 17:00:00,10.66,4.55,193.2,0.0,77.05,10.0,10.1,10.2,0.28,99.99
59,2025-07-11 18:00:00,6.7,2.11,68.5,0.0,79.65,7.4,9.18,10.2,0.24,100.0
59,2025-07-11 19:00:00,4.5,2.48,0.2,0.0,89.33,4.4,5.48,6.5,0.1,99.98
59,2025-07-11 20:00:00,5.11,2.88,0.0,0.0,92.58,2.8,3.4,4.0,0.06,99.97
59,2025-07-11 21:00:00,5.36,3.81,0.0,0.0,94.0,1.8,2.15,2.5,0.04,99.96
59,2025-07-11 22:00:00,5.22,3.74,0.0,0.0,93.65,1.6,1.7,1.8,0.05,99.95
59,2025-07-11 23:00:00,7.27,4.38,0.0,0.0,94.03,1.4,1.55,1.7,0.04,99.94
59,2025-07-12 00:00:00,6.77,3.11,0.0,0.0,95.5,0.6,1.13,1.6,0.03,99.92
59,2025-07-12 01:00:00,4.03,2.7,0.0,0.0,95.05,-0.2,0.15,0.5,0.03,99.9
59,2025-07-12 02:00:00,5.83,2.48,0.0,0.0,95.1,-0.7,-0.5,-0.4,0.03,99.89
59,2025-07-12 03:00:00,6.16,3.64,0.0,0.0,95.15,-1.0,-0.95,-0.8,0.03,99.88
59,2025-07-12 04:00:00,5.0,2.82,0.0,0.0,95.3,-1.3,-1.15,-1.0,0.03,99.86
59,2025-07-12 05:00:00,4.79,2.03,0.0,0.0,94.95,-0.9,-0.3,0.2,0.03,99.87
59,2025-07-12 06:00:00,6.23,3.04,0.0,0.0,93.28,1.0,1.9,2.4,0.05,99.92
59,2025-07-12 07:00:00,4.68,2.49,0.0,0.06,96.48,2.7,3.0,3.3,0.03,99.96
59,2025-07-12 08:00:00,3.64,1.76,0.2,0.06,97.3,3.4,3.53,3.6,0.02,100.0
59,2025-07-12 09:00:00,6.44,2.93,17.3,0.02,97.55,3.8,3.95,4.2,0.02,100.06
59,2025-07-12 10:00:00,9.54,3.57,44.2,0.02,98.55,4.4,4.6,4.7,0.01,100.11
59,2025-07-12 11:00:00,11.66,4.54,71.4,0.0,99.85,4.8,4.85,4.9,0.0,100.15
59,2025-07-12 12:00:00,11.74,5.11,89.1,0.0,100.0,5.0,5.1,5.2,0.0,100.13
59,2025-07-12 13:00:00,10.66,4.48,86.0,0.0,99.98,5.2,5.3,5.4,0.0,100.06
59,2025-07-12 14:00:00,9.18,4.02,90.6,0.0,99.1,5.7,5.78,5.8,0.01,100.03
59,2025-07-12 15:00:00,10.69,4.14,91.4,0.0,97.13,5.8,6.0,6.2,0.03,100.0
59,2025-07-12 16:00:00,10.48,4.48,108.3,0.0,95.38,6.2,6.48,6.6,0.05,99.98
59,2025-07-12 17:00:00,10.19,4.56,73.3,0.0,92.95,6.5,6.58,6.6,0.07,99.97
59,2025-07-12 18:00:00,8.06,3.68,25.1,0.0,93.05,5.9,6.13,6.4,0.07,99.96
59,2025-07-12 19:00:00,10.58,3.47,0.0,0.0,93.88,5.4,5.65,5.8,0.06,99.97
59,2025-07-12 20:00:00,7.06,2.96,0.0,0.0,95.25,5.0,5.1,5.3,0.04,100.01
59,2025-07-12 21:00:00,5.4,1.6,0.0,0.0,95.05,5.1,5.2,5.3,0.04,100.02
59,2025-07-12 22:00:00,7.06,2.17,0.0,0.0,96.25,5.1,5.13,5.2,0.03,100.01
59,2025-07-12 23:00:00,5.54,1.59,0.0,0.0,97.13,4.9,4.93,5.0,0.03,100.0
59,2025-07-13 00:00:00,4.86,2.18,0.0,0.0,97.58,4.8,4.8,4.8,0.02,99.95
59,2025-07-13 01:00:00,5.72,3.12,0.0,0.0,97.45,4.7,4.7,4.7,0.02,99.94
59,2025-07-13 02:00:00,5.22,2.54,0.0,0.0,97.93,4.4,4.58,4.7,0.02,99.92
59,2025-07-13 03:00:00,3.53,1.83,0.0,0.0,98.4,4.1,4.2,4.3,0.01,99.88
59,2025-07-13 04:00:00,5.04,1.66,0.0,0.0,97.55,4.1,4.23,4.4,0.02,99.86
59,2025-07-13 05:00:00,7.24,3.29,0.0,0.02,98.2,4.0,4.18,4.3,0.02,99.86
59,2025-07-13 06:00:00,6.12,2.5,0.0,0.06,98.13,3.9,3.98,4.0,0.02,99.92
59,2025-07-13 07:00:00,9.25,3.1,0.0,0.04,97.98,3.8,3.9,4.0,0.02,99.99
59,2025-07-13 08:00:00,6.84,3.34,0.3,0.02,98.0,3.8,3.88,3.9,0.02,100.02
59,2025-07-13 09:00:00,6.48,3.06,22.5,0.02,98.43,3.8,3.85,3.9,0.01,100.01
59,2025-07-13 10:00:00,7.27,2.72,37.5,0.0,98.68,3.9,3.93,4.0,0.01,100.0
59,2025-07-13 11:00:00,9.5,3.32,74.7,0.0,99.4,4.0,4.05,4.1,0.01,100.01
59,2025-07-13 12:00:00,10.15,3.75,87.3,0.0,99.8,3.6,3.73,3.8,0.0,99.97
59,2025-07-13 13:00:00,9.86,3.49,94.0,0.0,99.55,3.8,3.98,4.2,0.0,99.87
59,2025-07-13 14:00:00,10.04,3.92,87.0,0.0,98.38,4.4,4.6,4.8,0.02,99.85
59,2025-07-13 15:00:00,7.38,3.03,76.1,0.0,97.9,4.8,4.95,5.0,0.02,99.85
59,2025-07-13 16:00:00,10.84,4.38,51.1,0.0,97.3,5.1,5.15,5.2,0.02,99.87
59,2025-07-13 17:00:00,10.73,4.34,32.6,0.0,96.4,5.1,5.2,5.4,0.03,99.89
59,2025-07-13 18:00:00,6.66,2.88,10.7,0.0,96.0,5.6,5.65,5.7,0.04,99.9
59,2025-07-13 19:00:00,8.03,3.66,0.0,0.0,95.95,5.8,5.93,6.1,0.04,99.93
59,2025-07-13 20:00:00,10.19,4.1,0.0,0.0,94.73,6.2,6.35,6.5,0.05,99.93
59,2025-07-13 21:00:00,9.4,2.91,0.0,0.0,93.1,6.5,6.7,6.9,0.07,99.97
59,2025-07-13 22:00:00,13.82,5.09,0.0,0.0,92.6,6.9,6.93,7.0,0.07,100.02
59,2025-07-13 23:00:00,14.69,6.74,0.0,0.0,93.03,6.5,6.68,6.9,0.07,100.01
59,2025-07-14 00:00:00,14.4,5.54,0.0,0.0,91.98,6.6,6.65,6.7,0.08,100.05
59,2025-07-14 01:00:00,16.63,7.97,0.0,0.0,90.25,6.8,6.93,7.0,0.1,100.07
59,2025-07-14 02:00:00,19.51,6.02,0.0,0.0,88.98,7.0,7.08,7.2,0.11,100.04
59,2025-07-14 03:00:00,7.34,2.79,0.0,0.0,89.45,6.9,7.0,7.1,0.11,100.06
59,2025-07-14 04:00:00,5.33,2.46,0.0,0.0,90.83,6.6,6.85,7.1,0.09,100.08
59,2025-07-14 05:00:00,3.74,1.79,0.0,0.0,92.75,6.4,6.43,6.5,0.07,100.1
59,2025-07-14 06:00:00,5.4,1.6,0.0,0.0,92.5,6.4,6.58,6.9,0.07,100.12
59,2025-07-14 07:00:00,7.52,2.58,0.0,0.0,91.2,7.0,7.15,7.2,0.09,100.12
59,2025-07-14 08:00:00,6.01,2.4,2.5,0.0,91.3,7.0,7.1,7.2,0.09,100.18
59,2025-07-14 09:00:00,9.54,3.4,55.7,0.0,90.4,7.2,7.33,7.6,0.1,100.21
59,2025-07-14 10:00:00,7.2,2.84,132.8,0.0,89.23,8.0,8.4,8.8,0.12,100.23
59,2025-07-14 11:00:00,7.7,2.52,247.2,0.0,86.85,9.1,9.75,10.4,0.16,100.29
59,2025-07-14 12:00:00,12.71,5.01,410.8,0.0,75.53,11.1,11.78,12.4,0.34,100.29
59,2025-07-14 13:00:00,23.11,5.03,418.1,0.0,64.8,12.6,12.7,12.8,0.52,100.23
59,2025-07-14 14:00:00,22.36,8.13,465.5,0.0,64.13,12.4,12.65,13.0,0.53,100.19
59,2025-07-14 15:00:00,11.59,5.21,300.6,0.0,63.93,12.6,12.68,12.8,0.53,100.13
59,2025-07-14 16:00:00,13.93,7.14,276.9,0.0,63.75,12.8,13.0,13.2,0.54,100.1
59,2025-07-14 17:00:00,11.52,4.64,105.1,0.0,65.03,12.1,12.43,12.7,0.5,100.14
59,2025-07-14 18:00:00,4.93,2.03,38.2,0.0,70.68,10.4,11.13,11.9,0.39,100.15
59,2025-07-14 19:00:00,5.29,1.95,0.4,0.0,77.18,9.2,9.58,10.0,0.27,100.18
59,2025-07-14 20:00:00,3.92,2.8,0.0,0.0,82.4,8.0,8.45,8.9,0.2,100.21
59,2025-07-14 21:00:00,4.21,2.83,0.0,0.0,85.85,7.2,7.65,8.0,0.15,100.22
59,2025-07-14 22:00:00,4.9,3.06,0.0,0.0,88.1,6.9,7.0,7.1,0.12,100.25
59,2025-07-14 23:00:00,8.71,3.49,0.0,0.0,89.4,6.2,6.45,6.7,0.1,100.22
59,2025-07-15 00:00:00,4.79,2.79,0.0,0.0,91.98,3.9,4.75,5.7,0.07,100.15
59,2025-07-15 01:00:00,7.56,3.21,0.0,0.0,92.38,3.5,3.73,4.0,0.06,100.06
59,2025-07-15 02:00:00,8.78,5.02,0.0,0.0,94.13,3.0,3.15,3.4,0.04,100.03
59,2025-07-15 03:00:00,9.29,5.27,0.0,0.0,94.13,3.7,3.8,3.9,0.05,100.06
59,2025-07-15 04:00:00,6.01,3.62,0.0,0.0,94.2,3.6,3.8,4.1,0.05,100.05
59,2025-07-15 05:00:00,5.33,2.17,0.0,0.0,95.43,4.0,4.03,4.1,0.04,100.08
59,2025-07-15 06:00:00,4.97,1.71,0.0,0.0,95.65,3.9,4.0,4.1,0.04,100.14
59,2025-07-15 07:00:00,4.36,2.19,0.0,0.0,95.6,4.0,4.1,4.3,0.04,100.18
59,2025-07-15 08:00:00,7.56,2.79,0.3,0.0,93.93,4.8,5.23,5.6,0.06,100.2
59,2025-07-15 09:00:00,6.34,1.78,22.5,0.0,94.45,5.8,5.95,6.1,0.05,100.24
59,2025-07-15 10:00:00,9.94,3.56,39.3,0.0,92.33,6.4,6.75,7.1,0.08,100.26
59,2025-07-15 11:00:00,10.87,2.96,45.3,0.6,92.43,7.0,7.2,7.3,0.08,100.37
59,2025-07-15 12:00:00,9.83,3.68,63.1,2.56,95.7,6.9,7.0,7.1,0.04,100.47
59,2025-07-15 13:00:00,11.09,4.06,29.3,5.71,96.75,7.0,7.05,7.1,0.03,100.53
59,2025-07-15 14:00:00,5.87,2.6,146.3,0.59,99.5,7.0,7.6,8.2,0.01,100.55
59,2025-07-15 15:00:00,11.12,3.91,100.9,0.32,98.63,8.2,8.43,8.6,0.02,100.58
59,2025-07-15 16:00:00,16.24,5.39,281.7,0.02,97.7,8.6,9.03,9.7,0.03,100.62
59,2025-07-15 17:00:00,7.88,1.87,202.8,0.0,93.7,9.9,10.2,10.5,0.08,100.7
59,2025-07-15 18:00:00,9.43,3.4,81.2,0.0,88.9,8.3,9.65,10.6,0.14,100.8
59,2025-07-15 19:00:00,4.75,2.93,0.5,0.0,93.6,5.8,6.68,7.6,0.06,100.85
59,2025-07-15 20:00:00,4.32,2.58,0.0,0.0,94.88,4.2,4.7,5.4,0.04,100.85
59,2025-07-15 21:00:00,5.04,2.1,0.0,0.0,95.5,2.9,3.28,3.8,0.04,100.83
59,2025-07-15 22:00:00,5.83,3.34,0.0,0.0,95.43,2.5,2.68,2.8,0.04,100.84
59,2025-07-15 23:00:00,8.14,3.54,0.0,0.0,93.85,2.8,3.75,4.8,0.05,100.87
59,2025-07-16 00:00:00,6.7,2.51,0.0,0.04,97.4,3.8,4.28,4.6,0.02,100.89
59,2025-07-16 01:00:00,4.43,1.9,0.0,0.02,98.65,2.6,2.93,3.3,0.01,100.89
59,2025-07-16 02:00:00,5.69,1.86,0.0,0.02,97.0,2.8,2.93,3.1,0.02,100.88
59,2025-07-16 03:00:00,7.02,2.58,0.0,0.02,98.28,2.3,2.4,2.6,0.01,100.84
59,2025-07-16 04:00:00,9.29,4.08,0.0,0.02,98.7,1.8,2.03,2.2,0.01,100.81
59,2025-07-16 05:00:00,8.82,4.57,0.0,0.0,99.03,1.2,1.48,1.8,0.01,100.79
59,2025-07-16 06:00:00,10.26,3.37,0.0,0.02,97.05,1.2,1.48,1.9,0.02,100.79
59,2025-07-16 07:00:00,11.23,4.7,0.0,0.0,98.73,1.2,1.68,2.1,0.01,100.78
59,2025-07-16 08:00:00,11.99,4.84,1.5,0.0,98.1,1.3,1.4,1.5,0.01,100.73
59,2025-07-16 09:00:00,14.4,5.52,55.9,0.0,99.23,1.3,1.35,1.4,0.01,100.73
59,2025-07-16 10:00:00,17.03,6.29,137.7,0.02,99.78,1.4,1.6,1.7,0.0,100.73
59,2025-07-16 11:00:00,18.94,6.15,277.5,0.0,99.93,1.6,2.03,2.4,0.0,100.72
59,2025-07-16 12:00:00,15.48,6.28,400.2,0.0,98.33,2.7,3.88,5.4,0.02,100.66
59,2025-07-16 13:00:00,17.86,6.54,438.1,0.0,90.53,5.9,6.7,7.4,0.1,100.59
59,2025-07-16 14:00:00,15.88,6.58,438.3,0.0,84.45,7.9,8.7,9.5,0.18,100.48
59,2025-07-16 15:00:00,16.13,6.82,405.7,0.0,74.73,9.9,10.65,11.2,0.33,100.38
59,2025-07-16 16:00:00,17.96,6.01,280.7,0.0,68.48,11.4,11.83,12.2,0.44,100.34
59,2025-07-16 17:00:00,16.45,6.32,177.8,0.0,65.18,12.1,12.18,12.2,0.49,100.34
59,2025-07-16 18:00:00,12.28,2.62,67.3,0.0,68.25,10.1,11.38,12.1,0.43,100.32
59,2025-07-16 19:00:00,3.78,1.68,0.8,0.0,77.93,7.0,7.85,9.0,0.24,100.28
59,2025-07-16 20:00:00,4.75,2.01,0.0,0.0,83.03,5.7,6.33,6.8,0.16,100.26
59,2025-07-16 21:00:00,5.69,3.03,0.0,0.0,87.85,4.2,4.88,5.5,0.11,100.24
59,2025-07-16 22:00:00,7.63,3.17,0.0,0.0,91.08,3.0,3.4,4.1,0.07,100.21
59,2025-07-16 23:00:00,5.98,3.19,0.0,0.0,93.43,1.9,2.4,2.8,0.05,100.19
59,2025-07-17 00:00:00,5.65,3.22,0.0,0.0,92.73,1.6,1.8,2.0,0.05,100.17
59,2025-07-17 01:00:00,5.54,3.14,0.0,0.0,94.63,0.9,1.2,1.6,0.04,100.1
59,2025-07-17 02:00:00,4.9,2.82,0.0,0.0,94.03,0.6,0.7,0.8,0.04,100.07
59,2025-07-17 03:00:00,5.08,2.81,0.0,0.0,93.35,0.9,1.0,1.1,0.04,100.04
59,2025-07-17 04:00:00,5.69,2.66,0.0,0.0,92.53,0.6,0.85,1.3,0.05,99.98
59,2025-07-17 05:00:00,8.46,3.49,0.0,0.0,90.28,2.4,2.78,3.0,0.07,99.95
59,2025-07-17 06:00:00,4.21,2.46,0.0,0.0,94.7,1.7,2.0,2.6,0.04,99.92
59,2025-07-17 07:00:00,5.0,1.82,0.0,0.0,93.98,1.1,1.45,1.7,0.04,99.92
59,2025-07-17 08:00:00,7.2,2.48,3.6,0.0,92.65,1.5,1.83,2.1,0.05,99.93
59,2025-07-17 09:00:00,4.39,1.66,93.9,0.0,98.63,0.4,1.05,1.9,0.01,99.93
59,2025-07-17 10:00:00,14.94,4.36,210.9,0.04,96.75,2.5,4.43,6.3,0.03,99.95
59,2025-07-17 11:00:00,19.55,6.58,328.1,0.0,91.15,6.9,7.4,7.9,0.09,99.95
59,2025-07-17 12:00:00,15.26,5.91,405.1,0.0,81.98,8.5,9.0,9.6,0.21,99.91
59,2025-07-17 13:00:00,15.37,5.83,435.1,0.0,74.38,10.6,11.25,12.0,0.35,99.84
59,2025-07-17 14:00:00,12.17,5.68,434.9,0.0,68.95,12.5,13.25,14.0,0.47,99.73
59,2025-07-17 15:00:00,17.75,5.79,402.1,0.0,63.43,14.6,15.2,15.7,0.63,99.64
59,2025-07-17 16:00:00,14.29,5.22,322.9,0.0,61.08,16.0,16.28,16.5,0.72,99.6
59,2025-07-17 17:00:00,10.76,4.04,208.4,0.0,60.95,16.4,16.55,16.7,0.73,99.59
59,2025-07-17 18:00:00,11.12,2.69,82.1,0.0,65.98,13.3,15.2,16.3,0.6,99.62
59,2025-07-17 19:00:00,3.89,2.45,0.4,0.0,82.28,9.3,10.5,12.1,0.23,99.62
59,2025-07-17 20:00:00,6.55,3.76,0.0,0.0,88.78,7.4,7.8,8.3,0.12,99.63
59,2025-07-17 21:00:00,5.47,3.71,0.0,0.0,91.58,5.9,6.25,6.8,0.08,99.65
59,2025-07-17 22:00:00,6.52,3.89,0.0,0.0,92.4,5.6,5.98,6.2,0.07,99.7
59,2025-07-17 23:00:00,8.21,4.34,0.0,0.0,94.05,4.9,5.4,5.8,0.06,99.73
59,2025-07-18 00:00:00,4.54,3.19,0.0,0.0,94.98,3.8,4.08,4.5,0.04,99.73
59,2025-07-18 01:00:00,6.08,4.05,0.0,0.0,95.53,2.8,3.35,3.8,0.04,99.71
59,2025-07-18 02:00:00,5.69,3.25,0.0,0.0,94.93,2.3,2.68,3.0,0.04,99.71
59,2025-07-18 03:00:00,4.97,3.33,0.0,0.0,95.1,1.8,1.95,2.1,0.03,99.71
59,2025-07-18 04:00:00,5.0,2.2,0.0,0.0,94.85,1.2,1.25,1.4,0.04,99.67
59,2025-07-18 05:00:00,5.51,3.32,0.0,0.0,95.33,0.6,0.9,1.1,0.03,99.65
59,2025-07-18 06:00:00,4.82,3.18,0.0,0.0,95.65,0.3,0.38,0.4,0.03,99.65
59,2025-07-18 07:00:00,6.19,3.95,0.0,0.0,95.13,0.5,0.6,0.7,0.03,99.69
59,2025-07-18 08:00:00,5.8,3.02,3.8,0.0,96.38,-0.2,0.23,0.7,0.02,99.76
59,2025-07-18 09:00:00,5.98,2.12,114.3,0.0,95.45,0.0,1.1,2.6,0.03,99.83
59,2025-07-18 10:00:00,9.18,2.67,224.6,0.02,98.15,3.4,4.78,6.3,0.02,99.91
59,2025-07-18 11:00:00,10.37,4.5,347.3,0.0,88.88,7.0,8.05,9.2,0.12,99.96
59,2025-07-18 12:00:00,13.64,4.81,402.2,0.0,80.5,9.5,9.9,10.5,0.24,99.97
59,2025-07-18 13:00:00,16.34,6.13,438.8,0.0,74.8,11.2,11.85,12.3,0.35,99.93
59,2025-07-18 14:00:00,16.99,6.33,439.3,0.0,73.95,12.6,13.08,13.5,0.39,99.88
59,2025-07-18 15:00:00,14.11,5.48,404.7,0.0,71.03,13.7,14.0,14.2,0.46,99.82
59,2025-07-18 16:00:00,15.23,4.71,325.1,0.0,65.8,14.5,14.83,15.1,0.58,99.79
59,2025-07-18 17:00:00,14.44,4.38,211.5,0.0,63.68,14.5,14.88,15.2,0.62,99.83
59,2025-07-18 18:00:00,6.7,2.1,92.2,0.0,66.05,12.0,13.58,14.8,0.53,99.82
59,2025-07-18 19:00:00,10.12,2.8,0.5,0.0,75.08,9.8,10.35,11.2,0.32,99.86
59,2025-07-18 20:00:00,4.86,2.43,0.0,0.0,81.45,7.4,8.13,8.9,0.2,99.85
59,2025-07-18 21:00:00,4.72,2.44,0.0,0.0,88.08,5.3,5.98,6.6,0.11,99.84
59,2025-07-18 22:00:00,4.97,3.15,0.0,0.0,90.7,4.5,4.7,4.9,0.08,99.91
59,2025-07-18 23:00:00,3.71,2.26,0.0,0.0,91.5,3.9,4.05,4.2,0.07,99.96
59,2025-07-19 00:00:00,3.24,1.42,0.0,0.0,91.93,3.2,3.68,4.4,0.07,99.98
59,2025-07-19 01:00:00,4.75,3.29,0.0,0.0,94.3,2.3,2.55,3.1,0.04,99.96
59,2025-07-19 02:00:00,5.65,3.38,0.0,0.0,95.45,1.1,1.43,2.0,0.03,99.92
59,2025-07-19 03:00:00,5.18,2.78,0.0,0.0,92.93,1.4,2.23,2.6,0.05,99.86
59,2025-07-19 04:00:00,8.06,2.5,0.0,0.0,96.2,2.1,2.25,2.4,0.03,99.84
59,2025-07-19 05:00:00,4.21,1.79,0.0,0.0,96.05,2.6,2.75,2.8,0.03,99.83
59,2025-07-19 06:00:00,4.39,2.12,0.0,0.0,97.1,3.0,3.08,3.2,0.02,99.86
59,2025-07-19 07:00:00,3.35,1.13,0.0,0.02,96.95,3.4,3.63,3.8,0.03,99.9
59,2025-07-19 08:00:00,3.71,1.28,5.3,0.0,97.05,3.9,4.13,4.3,0.03,99.95
59,2025-07-19 09:00:00,4.43,1.57,38.9,0.02,97.9,4.5,4.73,5.0,0.02,99.97
59,2025-07-19 10:00:00,7.92,3.04,94.8,0.0,99.73,5.3,5.38,5.4,0.0,100.0
59,2025-07-19 11:00:00,8.64,3.91,120.4,0.0,99.88,5.4,5.6,5.7,0.0,100.01
59,2025-07-19 12:00:00,6.95,2.77,187.3,0.0,99.95,6.0,6.18,6.4,0.0,100.01
59,2025-07-19 13:00:00,8.6,3.15,391.9,0.0,98.58,6.6,7.6,9.0,0.02,99.93
59,2025-07-19 14:00:00,10.01,3.32,376.2,0.0,87.95,9.5,10.33,11.0,0.15,99.88
59,2025-07-19 15:00:00,12.38,3.65,282.2,0.0,79.78,11.6,12.2,12.7,0.29,99.84
59,2025-07-19 16:00:00,12.46,4.96,189.8,0.0,74.45,12.4,12.58,12.7,0.37,99.83
59,2025-07-19 17:00:00,9.18,3.58,103.3,0.0,77.33,12.3,12.38,12.4,0.33,99.85
59,2025-07-19 18:00:00,5.94,2.31,44.3,0.0,81.48,10.8,11.58,12.1,0.26,99.85
59,2025-07-19 19:00:00,3.78,1.93,0.0,0.0,88.08,8.6,9.28,10.0,0.14,99.85
59,2025-07-19 20:00:00,3.89,2.51,0.0,0.0,91.08,7.4,7.98,8.5,0.1,99.82
59,2025-07-19 21:00:00,5.72,3.48,0.0,0.0,92.63,6.6,6.83,7.2,0.07,99.82
59,2025-07-19 22:00:00,6.95,3.44,0.0,0.0,93.13,6.4,6.53,6.6,0.07,99.85
59,2025-07-19 23:00:00,6.23,2.33,0.0,0.0,94.5,5.9,6.18,6.6,0.05,99.84
59,2025-07-20 00:00:00,5.4,2.89,0.0,0.0,95.25,5.0,5.4,5.7,0.04,99.82
59,2025-07-20 01:00:00,4.25,2.4,0.0,0.0,95.23,4.3,4.53,4.8,0.04,99.81
59,2025-07-20 02:00:00,5.54,2.57,0.0,0.0,94.85,4.3,4.53,4.7,0.05,99.79
59,2025-07-20 03:00:00,4.21,2.67,0.0,0.0,95.58,4.8,4.93,5.0,0.04,99.76
59,2025-07-20 04:00:00,5.62,2.97,0.0,0.0,95.8,4.9,4.98,5.0,0.04,99.79
59,2025-07-20 05:00:00,5.08,2.24,0.0,0.0,94.33,5.2,6.18,7.1,0.06,99.77
59,2025-07-20 06:00:00,7.52,2.2,0.0,0.0,97.38,6.6,7.0,7.6,0.03,99.77
59,2025-07-20 07:00:00,8.24,3.83,0.0,0.0,96.05,7.8,8.03,8.1,0.04,99.81
59,2025-07-20 08:00:00,8.06,3.15,1.5,0.0,97.95,7.9,7.98,8.0,0.02,99.83
59,2025-07-20 09:00:00,8.46,2.03,27.9,0.0,98.18,7.9,7.93,8.0,0.02,99.83
59,2025-07-20 10:00:00,12.53,3.45,110.0,0.0,99.2,7.9,8.1,8.3,0.01,99.88
59,2025-07-20 11:00:00,11.05,4.05,237.3,0.0,98.93,8.6,8.73,9.0,0.01,99.91
59,2025-07-20 12:00:00,9.22,3.66,357.4,0.0,93.85,9.9,10.48,11.1,0.08,99.9
59,2025-07-20 13:00:00,11.56,4.26,323.3,0.0,85.3,11.2,11.58,11.9,0.2,99.89
59,2025-07-20 14:00:00,12.24,3.76,456.9,0.0,79.1,12.1,12.88,13.6,0.31,99.83
59,2025-07-20 15:00:00,13.72,3.71,431.6,0.0,73.68,13.8,13.95,14.1,0.42,99.78
59,2025-07-20 16:00:00,8.17,3.52,211.9,0.0,72.05,14.2,14.2,14.2,0.46,99.79
59,2025-07-20 17:00:00,6.12,2.49,93.9,0.0,73.48,13.6,13.83,14.1,0.42,99.83
59,2025-07-20 18:00:00,4.32,2.62,47.6,0.0,78.95,11.9,12.73,13.4,0.31,99.86
59,2025-07-20 19:00:00,3.46,2.12,0.5,0.0,85.88,9.8,10.4,11.2,0.18,99.91
59,2025-07-20 20:00:00,3.2,1.7,0.0,0.0,90.33,9.0,9.18,9.3,0.11,99.95
59,2025-07-20 21:00:00,3.42,2.52,0.0,0.0,92.78,8.3,8.63,8.9,0.08,99.95
59,2025-07-20 22:00:00,4.07,1.32,0.0,0.0,92.18,8.3,8.63,9.0,0.09,99.91
59,2025-07-20 23:00:00,4.46,2.95,0.0,0.0,95.08,7.8,8.05,8.4,0.06,99.91
59,2025-07-21 00:00:00,5.36,3.73,0.0,0.0,95.38,7.4,7.55,7.7,0.05,99.93
59,2025-07-21 01:00:00,6.84,4.01,0.0,0.0,95.03,7.5,7.68,7.9,0.05,99.97
59,2025-07-21 02:00:00,5.98,2.39,0.0,0.0,94.93,7.5,8.0,8.6,0.05,99.95
59,2025-07-21 03:00:00,4.43,1.77,0.0,0.0,96.13,7.0,7.18,7.4,0.04,99.96
59,2025-07-21 04:00:00,4.93,3.23,0.0,0.0,96.3,6.6,6.78,7.0,0.04,99.94
59,2025-07-21 05:00:00,6.98,3.97,0.0,0.0,97.05,5.0,5.5,6.0,0.03,99.94
59,2025-07-21 06:00:00,6.62,4.25,0.0,0.0,96.33,4.5,5.03,5.6,0.03,99.94
59,2025-07-21 07:00:00,3.96,2.41,0.0,0.0,96.65,3.2,3.6,4.1,0.03,99.95
59,2025-07-21 08:00:00,3.28,1.59,4.1,0.0,94.75,2.8,2.9,3.0,0.04,99.98
59,2025-07-21 09:00:00,3.74,1.91,125.3,0.0,95.63,2.6,3.6,5.0,0.04,100.02
59,2025-07-21 10:00:00,3.56,1.55,238.1,0.0,99.75,5.9,7.7,9.3,0.01,100.11
59,2025-07-21 11:00:00,6.3,2.36,329.6,0.0,96.93,10.0,11.0,11.8,0.04,100.15
59,2025-07-21 12:00:00,10.33,4.35,412.1,0.0,84.73,12.4,12.98,13.6,0.23,100.16
59,2025-07-21 13:00:00,11.81,3.85,439.9,0.0,75.98,14.6,15.2,15.9,0.42,100.1
59,2025-07-21 14:00:00,15.8,5.5,440.1,0.0,70.88,16.1,16.48,16.8,0.55,100.01
59,2025-07-21 15:00:00,16.13,5.64,406.4,0.0,64.3,17.1,17.45,17.7,0.72,99.97
59,2025-07-21 16:00:00,14.54,4.75,326.6,0.0,58.4,18.0,18.28,18.4,0.87,99.99
59,2025-07-21 17:00:00,9.72,3.26,213.0,0.0,58.33,18.2,18.33,18.4,0.88,99.98
59,2025-07-21 18:00:00,4.28,1.59,86.0,0.0,61.78,15.2,17.3,18.6,0.76,100.01
59,2025-07-21 19:00:00,5.15,3.12,0.4,0.0,77.0,11.3,12.25,13.6,0.33,100.06
59,2025-07-21 20:00:00,5.22,3.59,0.0,0.0,83.95,9.0,10.05,11.0,0.2,100.12
59,2025-07-21 21:00:00,5.76,3.46,0.0,0.0,88.18,7.9,8.43,9.0,0.13,100.14
59,2025-07-21 22:00:00,5.54,3.61,0.0,0.0,89.88,7.5,7.93,8.6,0.11,100.17
59,2025-07-21 23:00:00,6.88,3.3,0.0,0.0,91.93,6.7,7.2,7.6,0.09,100.14
59,2025-07-22 00:00:00,3.78,2.09,0.0,0.0,91.7,6.4,6.58,6.8,0.08,100.14
59,2025-07-22 01:00:00,4.72,3.0,0.0,0.0,94.08,5.6,6.33,6.8,0.06,100.1
59,2025-07-22 02:00:00,4.86,3.31,0.0,0.0,95.18,4.6,4.9,5.3,0.04,100.04
59,2025-07-22 03:00:00,5.47,3.28,0.0,0.0,94.73,4.2,4.53,4.9,0.05,100.01
59,2025-07-22 04:00:00,6.98,3.0,0.0,0.0,92.3,5.6,6.9,7.9,0.08,99.97
59,2025-07-22 05:00:00,7.56,3.74,0.0,0.0,97.25,8.1,8.1,8.1,0.03,99.92
59,2025-07-22 06:00:00,5.83,2.5,0.0,0.0,97.45,8.1,8.23,8.4,0.03,99.9
59,2025-07-22 07:00:00,13.82,4.39,0.0,0.0,97.43,8.6,8.63,8.7,0.03,99.91
59,2025-07-22 08:00:00,10.58,4.33,0.7,0.0,98.0,8.7,8.75,8.8,0.02,99.91
59,2025-07-22 09:00:00,10.87,3.95,22.2,0.0,99.03,8.3,8.43,8.7,0.01,99.91
59,2025-07-22 10:00:00,8.82,3.81,70.3,0.0,99.48,8.3,8.35,8.4,0.01,99.95
59,2025-07-22 11:00:00,10.84,4.27,90.9,0.0,98.9,8.5,9.03,9.4,0.01,99.95
59,2025-07-22 12:00:00,11.52,3.76,139.2,0.0,96.43,9.6,9.78,10.0,0.04,99.96
59,2025-07-22 13:00:00,12.17,4.67,130.2,0.0,93.9,10.1,10.1,10.1,0.08,99.92
59,2025-07-22 14:00:00,8.86,4.2,379.9,0.0,90.63,10.1,10.45,11.0,0.12,99.85
59,2025-07-22 15:00:00,10.15,3.38,486.6,0.0,86.15,11.2,11.83,12.1,0.19,99.77
59,2025-07-22 16:00:00,7.42,3.51,133.3,0.0,83.43,11.6,11.7,11.8,0.23,99.75
59,2025-07-22 17:00:00,12.38,4.43,252.1,0.0,81.7,11.7,12.38,12.9,0.27,99.77
59,2025-07-22 18:00:00,9.14,2.84,89.5,0.0,80.1,11.4,12.53,13.1,0.29,99.72
59,2025-07-22 19:00:00,3.74,2.07,0.3,0.0,89.13,7.9,9.0,10.2,0.13,99.69
59,2025-07-22 20:00:00,5.54,3.75,0.0,0.0,93.85,5.9,6.45,7.2,0.06,99.71
59,2025-07-22 21:00:00,4.64,3.4,0.0,0.0,93.93,5.2,5.45,5.8,0.06,99.7
59,2025-07-22 22:00:00,6.26,3.44,0.0,0.0,94.88,3.9,4.45,5.0,0.04,99.71
59,2025-07-22 23:00:00,5.9,3.56,0.0,0.0,94.68,3.8,3.85,3.9,0.04,99.71
59,2025-07-23 00:00:00,4.07,2.14,0.0,0.0,94.08,3.4,3.58,3.7,0.05,99.7
59,2025-07-23 01:00:00,4.72,2.3,0.0,0.0,96.33,2.8,3.4,3.9,0.03,99.7
59,2025-07-23 02:00:00,4.36,1.72,0.0,0.0,94.8,2.6,2.98,3.4,0.04,99.7
59,2025-07-23 03:00:00,5.8,2.94,0.0,0.0,94.68,3.6,4.35,5.1,0.05,99.69
59,2025-07-23 04:00:00,4.1,1.49,0.0,0.0,97.23,4.8,4.95,5.0,0.03,99.67
59,2025-07-23 05:00:00,6.23,1.91,0.0,0.0,97.53,5.2,5.28,5.4,0.02,99.68
59,2025-07-23 06:00:00,7.13,2.75,0.0,0.0,97.63,5.1,5.33,5.6,0.02,99.73
59,2025-07-23 07:00:00,6.91,2.85,0.0,0.0,97.53,5.7,5.85,6.0,0.02,99.73
59,2025-07-23 08:00:00,6.41,1.94,1.7,0.0,97.93,6.0,6.08,6.1,0.02,99.78
59,2025-07-23 09:00:00,5.33,2.19,28.7,0.0,98.73,6.1,6.2,6.4,0.01,99.85
59,2025-07-23 10:00:00,7.56,2.77,58.5,0.0,99.38,6.5,6.65,6.8,0.01,99.91
59,2025-07-23 11:00:00,8.03,3.05,105.1,0.0,99.98,6.7,6.83,7.0,0.0,99.97
59,2025-07-23 12:00:00,6.34,2.08,150.8,0.0,99.9,7.0,7.1,7.3,0.0,99.97
59,2025-07-23 13:00:00,8.46,3.05,234.9,0.0,100.2,7.4,7.65,7.9,0.0,99.93
59,2025-07-23 14:00:00,8.03,3.01,296.0,0.0,99.85,8.0,8.28,9.0,0.01,99.92
59,2025-07-23 15:00:00,9.0,3.64,399.4,0.0,90.88,10.4,11.85,13.1,0.13,99.87
59,2025-07-23 16:00:00,8.96,3.55,336.6,0.0,79.15,13.7,14.43,14.9,0.35,99.82
59,2025-07-23 17:00:00,9.86,4.29,222.4,0.0,75.48,14.6,14.75,14.9,0.41,99.8
59,2025-07-23 18:00:00,5.54,2.15,92.7,0.0,77.93,11.8,13.73,14.8,0.35,99.79
59,2025-07-23 19:00:00,4.9,3.31,0.3,0.0,89.83,8.4,9.55,10.8,0.13,99.8
59,2025-07-23 20:00:00,5.0,3.46,0.0,0.0,93.6,6.6,7.4,8.0,0.07,99.83
59,2025-07-23 21:00:00,5.08,3.5,0.0,0.0,94.3,5.7,5.93,6.3,0.06,99.83
59,2025-07-23 22:00:00,7.52,3.39,0.0,0.0,91.8,5.6,7.03,8.0,0.08,99.79
59,2025-07-23 23:00:00,5.0,2.06,0.0,0.0,95.95,5.9,6.68,7.2,0.04,99.75
59,2025-07-24 00:00:00,5.51,3.66,0.0,0.0,95.6,5.2,5.33,5.5,0.04,99.72
59,2025-07-24 01:00:00,5.04,3.09,0.0,0.0,95.13,4.8,5.03,5.3,0.04,99.7
59,2025-07-24 02:00:00,6.16,2.43,0.0,0.0,94.7,4.5,5.03,5.6,0.05,99.67
59,2025-07-24 03:00:00,7.45,1.78,0.0,0.0,95.93,5.8,6.08,6.2,0.04,99.69
59,2025-07-24 04:00:00,9.47,3.41,0.0,0.02,97.55,6.2,6.25,6.4,0.02,99.66
59,2025-07-24 05:00:00,10.48,4.63,0.0,0.02,97.08,6.6,6.88,7.1,0.03,99.57
59,2025-07-24 06:00:00,12.67,4.79,0.0,0.0,98.93,6.4,6.78,7.1,0.01,99.51
59,2025-07-24 07:00:00,14.36,5.33,0.0,0.0,97.88,6.4,6.5,6.7,0.02,99.51
59,2025-07-24 08:00:00,10.76,3.69,0.2,0.0,97.05,7.0,7.3,7.5,0.03,99.53
59,2025-07-24 09:00:00,13.18,5.78,21.5,0.0,98.25,7.6,7.75,7.9,0.02,99.55
59,2025-07-24 10:00:00,17.03,6.42,78.6,0.0,100.03,7.2,7.3,7.4,0.0,99.61
59,2025-07-24 11:00:00,20.52,7.64,191.6,0.02,98.48,7.3,7.75,8.7,0.02,99.66
59,2025-07-24 12:00:00,19.91,8.79,281.0,0.0,94.03,9.1,9.3,9.7,0.07,99.7
59,2025-07-24 13:00:00,19.01,8.62,232.3,0.0,83.2,10.4,10.78,11.1,0.22,99.77
59,2025-07-24 14:00:00,20.92,8.07,116.9,0.0,78.5,10.8,10.93,11.1,0.28,99.72
59,2025-07-24 15:00:00,38.09,13.99,400.1,0.0,77.85,11.5,12.15,13.3,0.32,99.59
59,2025-07-24 16:00:00,37.94,15.52,301.0,0.0,68.3,13.0,13.28,13.4,0.48,99.57
59,2025-07-24 17:00:00,32.18,12.44,118.7,0.0,66.8,12.9,13.2,13.5,0.51,99.58
59,2025-07-24 18:00:00,28.26,9.45,19.9,0.0,67.98,12.2,12.83,13.2,0.48,99.64
59,2025-07-24 19:00:00,15.05,5.97,0.2,0.03,76.38,11.4,11.43,11.5,0.32,99.66
59,2025-07-24 20:00:00,20.84,3.67,0.0,0.07,77.95,11.0,11.13,11.2,0.29,99.72
59,2025-07-24 21:00:00,12.67,4.91,0.0,0.84,87.85,9.4,9.8,10.3,0.15,99.79
59,2025-07-24 22:00:00,12.85,3.79,0.0,0.88,93.63,9.0,9.05,9.1,0.07,99.81
59,2025-07-24 23:00:00,19.69,8.78,0.0,0.48,93.15,9.0,9.13,9.2,0.08,99.86
59,2025-07-25 00:00:00,18.68,7.65,0.0,0.31,93.58,9.0,9.03,9.1,0.08,99.9
59,2025-07-25 01:00:00,20.38,9.26,0.0,1.51,95.58,8.9,9.0,9.1,0.05,99.9
59,2025-07-25 02:00:00,29.99,10.45,0.0,0.16,94.8,9.2,9.25,9.3,0.06,99.89
59,2025-07-25 03:00:00,19.37,8.85,0.0,0.12,94.7,9.3,9.4,9.5,0.06,99.88
59,2025-07-25 04:00:00,17.86,8.33,0.0,0.38,94.73,9.5,9.63,9.8,0.07,99.87
59,2025-07-25 05:00:00,17.32,8.55,0.0,0.5,94.08,9.8,9.9,10.0,0.07,99.86
59,2025-07-25 06:00:00,16.63,6.68,0.0,0.02,93.6,9.8,9.85,9.9,0.08,99.87
59,2025-07-25 07:00:00,10.87,4.42,0.0,0.0,94.05,9.3,9.55,9.7,0.07,99.87
59,2025-07-25 08:00:00,9.54,3.5,2.2,0.0,93.15,8.9,9.15,9.4,0.08,99.89
59,2025-07-25 09:00:00,7.56,2.65,39.1,0.0,94.43,9.2,9.63,9.9,0.07,99.92
59,2025-07-25 10:00:00,9.83,3.8,91.5,0.0,95.23,10.0,10.53,11.1,0.06,99.95
59,2025-07-25 11:00:00,8.53,4.18,151.6,0.0,94.5,11.3,11.65,12.0,0.07,99.98
59,2025-07-25 12:00:00,13.86,5.44,404.4,0.0,91.8,12.1,12.68,13.4,0.12,99.95
59,2025-07-25 13:00:00,13.14,5.91,237.5,0.0,86.63,13.5,13.58,13.6,0.21,99.9
59,2025-07-25 14:00:00,11.48,4.98,290.5,0.0,83.1,13.9,14.23,14.5,0.28,99.81
59,2025-07-25 15:00:00,12.53,5.26,291.8,0.0,78.9,14.5,14.78,15.0,0.36,99.75
59,2025-07-25 16:00:00,14.11,7.53,319.7,0.0,72.48,15.2,15.45,15.6,0.49,99.72
59,2025-07-25 17:00:00,10.87,5.11,217.6,0.0,69.25,15.1,15.33,15.6,0.54,99.74
59,2025-07-25 18:00:00,10.33,3.48,85.0,0.0,71.25,13.7,14.43,14.9,0.47,99.74
59,2025-07-25 19:00:00,3.56,2.49,0.5,0.0,81.28,10.8,11.6,12.7,0.26,99.74
59,2025-07-25 20:00:00,5.65,3.63,0.0,0.0,86.9,9.3,9.75,10.2,0.16,99.74
59,2025-07-25 21:00:00,5.15,3.43,0.0,0.0,90.98,8.2,8.5,8.9,0.1,99.71
59,2025-07-25 22:00:00,5.94,2.83,0.0,0.0,92.23,7.9,8.15,8.3,0.09,99.66
59,2025-07-25 23:00:00,4.46,1.97,0.0,0.0,93.2,7.6,7.63,7.7,0.07,99.63
59,2025-07-26 00:00:00,4.5,2.83,0.0,0.0,94.45,7.6,7.7,7.8,0.06,99.61
59,2025-07-26 01:00:00,3.64,1.97,0.0,0.0,95.23,7.2,7.35,7.5,0.05,99.58
59,2025-07-26 02:00:00,3.67,2.21,0.0,0.0,95.4,7.1,7.18,7.2,0.05,99.56
59,2025-07-26 03:00:00,3.74,2.2,0.0,0.0,95.43,7.1,7.15,7.2,0.05,99.55
59,2025-07-26 04:00:00,4.9,2.26,0.0,0.0,96.28,6.8,7.0,7.2,0.04,99.52
59,2025-07-26 05:00:00,3.64,1.88,0.0,0.0,96.18,6.4,6.53,6.6,0.04,99.47
59,2025-07-26 06:00:00,4.68,1.97,0.0,0.0,95.85,6.2,6.28,6.4,0.04,99.43
59,2025-07-26 07:00:00,3.46,1.67,0.0,0.0,96.5,5.5,5.73,6.0,0.03,99.43
59,2025-07-26 08:00:00,3.64,1.99,4.2,0.0,95.83,5.7,6.08,6.5,0.04,99.45
59,2025-07-26 09:00:00,4.28,1.91,55.9,0.0,98.0,6.4,6.45,6.6,0.02,99.49
59,2025-07-26 10:00:00,4.64,1.67,124.3,0.0,99.08,7.0,7.5,8.0,0.01,99.53
59,2025-07-26 11:00:00,4.72,1.74,179.0,0.0,100.0,8.3,8.75,9.3,0.0,99.58
59,2025-07-26 12:00:00,5.04,2.02,284.8,0.0,99.9,9.6,9.93,10.3,0.0,99.62
59,2025-07-26 13:00:00,6.77,2.75,325.3,0.0,96.6,11.0,11.53,12.0,0.05,99.63
59,2025-07-26 14:00:00,7.63,2.55,235.6,0.0,88.98,12.4,12.53,12.7,0.16,99.6
59,2025-07-26 15:00:00,6.88,2.72,192.0,0.0,85.53,12.8,12.9,13.0,0.22,99.61
59,2025-07-26 16:00:00,6.19,2.22,155.5,0.0,81.58,13.0,13.2,13.3,0.28,99.62
59,2025-07-26 17:00:00,5.62,1.82,86.7,0.0,80.08,13.3,13.33,13.4,0.31,99.66
59,2025-07-26 18:00:00,3.53,2.08,26.0,0.0,84.55,12.1,12.6,13.0,0.23,99.71
59,2025-07-26 19:00:00,3.28,1.69,0.3,0.0,90.03,10.6,11.05,11.6,0.13,99.76
59,2025-07-26 20:00:00,3.6,1.9,0.0,0.0,90.2,10.4,10.58,10.8,0.13,99.8
59,2025-07-26 21:00:00,3.53,1.89,0.0,0.0,90.83,10.5,10.65,10.9,0.12,99.83
59,2025-07-26 22:00:00,6.23,2.68,0.0,0.0,91.4,10.5,10.63,10.8,0.11,99.83
59,2025-07-26 23:00:00,6.55,2.5,0.0,0.0,91.5,10.3,10.53,10.8,0.11,99.83
59,2025-07-27 00:00:00,5.15,1.56,0.0,0.0,92.95,9.7,10.0,10.2,0.09,99.9
59,2025-07-27 01:00:00,5.72,2.75,0.0,0.0,93.18,9.8,9.88,9.9,0.09,99.97
59,2025-07-27 02:00:00,9.18,3.65,0.0,0.0,92.2,10.1,10.18,10.2,0.1,99.96
59,2025-07-27 03:00:00,9.5,3.46,0.0,0.0,92.15,10.0,10.13,10.3,0.1,99.95
59,2025-07-27 04:00:00,4.25,1.53,0.0,0.0,93.33,9.6,9.7,9.9,0.08,99.94
59,2025-07-27 05:00:00,9.4,2.93,0.0,0.08,93.3,9.8,9.88,10.0,0.08,99.94
59,2025-07-27 06:00:00,10.04,4.16,0.0,0.04,93.7,9.7,9.8,10.0,0.08,99.95
59,2025-07-27 07:00:00,8.35,2.95,0.0,0.02,92.8,9.9,10.05,10.2,0.09,100.0
59,2025-07-27 08:00:00,8.86,3.06,3.1,0.0,92.28,10.1,10.18,10.3,0.1,100.07
59,2025-07-27 09:00:00,5.83,2.05,50.7,0.0,93.38,9.4,9.6,9.9,0.08,100.1
59,2025-07-27 10:00:00,10.48,3.09,255.9,0.0,93.78,9.9,10.58,11.4,0.08,100.14
59,2025-07-27 11:00:00,13.82,5.43,362.1,0.0,88.83,11.8,12.88,13.7,0.17,100.16
59,2025-07-27 12:00:00,18.14,7.7,341.9,0.0,81.03,13.6,13.83,14.2,0.3,100.18
59,2025-07-27 13:00:00,16.31,6.84,228.7,0.0,76.78,14.1,14.18,14.2,0.38,100.17
59,2025-07-27 14:00:00,13.54,6.18,139.6,0.0,77.7,13.6,13.85,14.1,0.36,100.11
59,2025-07-27 15:00:00,12.1,5.05,113.9,0.0,79.38,13.6,13.63,13.7,0.32,100.06
59,2025-07-27 16:00:00,10.01,4.16,90.0,0.0,78.38,13.6,13.65,13.7,0.34,100.08
59,2025-07-27 17:00:00,5.83,1.78,45.1,0.0,79.6,13.2,13.38,13.6,0.31,100.13
59,2025-07-27 18:00:00,5.62,1.98,18.4,0.0,83.78,12.4,12.7,13.0,0.24,100.18
59,2025-07-27 19:00:00,8.39,2.49,0.0,0.0,86.8,11.7,11.83,12.0,0.18,100.23
59,2025-07-27 20:00:00,9.43,3.91,0.0,0.0,86.38,11.8,11.83,11.9,0.19,100.28
59,2025-07-27 21:00:00,17.17,6.16,0.0,0.17,87.58,11.5,11.6,11.7,0.17,100.25
59,2025-07-27 22:00:00,12.67,4.42,0.0,0.0,86.4,11.2,11.65,11.9,0.19,100.16
59,2025-07-27 23:00:00,4.86,1.68,0.0,0.0,88.15,10.8,11.03,11.2,0.16,100.2
59,2025-07-28 00:00:00,8.39,3.67,0.0,0.0,87.43,10.8,10.93,11.0,0.17,100.19
59,2025-07-28 01:00:00,10.22,4.67,0.0,0.0,85.78,11.0,11.13,11.2,0.19,100.18
59,2025-07-28 02:00:00,10.94,3.6,0.0,0.0,83.95,11.1,11.23,11.4,0.21,100.19
59,2025-07-28 03:00:00,13.5,5.18,0.0,0.0,82.2,11.2,11.43,11.7,0.24,100.2
59,2025-07-28 04:00:00,7.67,2.64,0.0,0.0,81.9,11.1,11.33,11.5,0.24,100.21
59,2025-07-28 05:00:00,6.59,2.45,0.0,0.0,85.18,10.4,10.58,10.9,0.19,100.22
59,2025-07-28 06:00:00,7.81,1.79,0.0,0.0,86.33,10.0,10.28,10.5,0.17,100.18
59,2025-07-28 07:00:00,5.15,2.84,0.0,0.0,85.98,10.0,10.25,10.4,0.18,100.17
59,2025-07-28 08:00:00,3.92,1.85,1.6,0.0,87.85,9.4,9.78,10.1,0.15,100.18
59,2025-07-28 09:00:00,4.28,1.85,45.7,0.0,90.25,9.2,9.28,9.4,0.12,100.18
59,2025-07-28 10:00:00,8.93,2.89,132.5,0.0,86.35,9.8,10.93,11.9,0.18,100.15
59,2025-07-28 11:00:00,8.86,3.6,298.5,0.0,80.78,12.3,13.15,13.8,0.29,100.16
59,2025-07-28 12:00:00,8.32,3.29,413.8,0.0,75.15,14.3,14.93,15.5,0.43,100.18
59,2025-07-28 13:00:00,10.3,3.75,407.9,0.0,66.85,16.2,16.33,16.5,0.62,100.12
59,2025-07-28 14:00:00,9.5,3.54,289.8,0.0,61.5,16.8,17.05,17.2,0.75,100.04
59,2025-07-28 15:00:00,15.26,5.5,152.1,0.0,63.75,16.7,17.0,17.2,0.7,99.99
59,2025-07-28 16:00:00,11.52,4.16,158.9,0.0,69.65,16.5,16.55,16.6,0.57,99.96
59,2025-07-28 17:00:00,11.2,3.27,92.9,0.0,73.95,15.2,15.9,16.4,0.47,99.94
59,2025-07-28 18:00:00,5.15,2.27,15.3,0.05,84.68,13.9,14.35,14.7,0.25,99.93
59,2025-07-28 19:00:00,8.6,2.92,0.0,0.0,86.98,13.4,13.5,13.6,0.2,99.9
59,2025-07-28 20:00:00,9.14,2.18,0.0,0.0,88.03,12.6,12.98,13.3,0.18,99.92
59,2025-07-28 21:00:00,7.2,3.3,0.0,0.02,89.85,11.9,12.1,12.4,0.14,99.9
59,2025-07-28 22:00:00,3.38,1.45,0.0,0.0,90.8,10.8,11.4,12.0,0.13,99.84
59,2025-07-28 23:00:00,3.64,1.41,0.0,0.0,93.08,10.3,10.4,10.5,0.09,99.79
59,2025-07-29 00:00:00,6.23,1.92,0.0,0.0,94.68,10.2,10.38,10.5,0.07,99.77
59,2025-07-29 01:00:00,9.07,2.85,0.0,0.0,92.0,11.4,11.53,11.7,0.11,99.72
59,2025-07-29 02:00:00,11.12,3.64,0.0,0.0,89.35,11.8,11.98,12.2,0.15,99.67
59,2025-07-29 03:00:00,9.76,4.12,0.0,0.0,90.98,11.1,11.25,11.4,0.12,99.65
59,2025-07-29 04:00:00,10.22,4.12,0.0,0.0,86.9,11.4,11.98,12.5,0.19,99.58
59,2025-07-29 05:00:00,10.3,3.3,0.0,0.0,85.13,11.5,12.15,12.8,0.21,99.52
59,2025-07-29 06:00:00,7.88,3.67,0.0,0.0,88.9,11.0,11.25,11.5,0.15,99.45
59,2025-07-29 07:00:00,11.27,3.76,0.0,0.0,90.23,10.7,10.85,11.0,0.13,99.47
59,2025-07-29 08:00:00,7.38,3.38,1.9,0.0,91.35,10.5,10.6,10.7,0.12,99.49
59,2025-07-29 09:00:00,8.32,2.82,30.6,0.0,91.5,10.5,10.7,10.9,0.11,99.55
59,2025-07-29 10:00:00,12.74,4.21,101.9,0.0,91.48,11.1,11.48,11.8,0.12,99.56
59,2025-07-29 11:00:00,17.86,4.62,181.2,0.0,91.58,11.8,12.2,12.6,0.12,99.62
59,2025-07-29 12:00:00,16.85,6.51,241.7,0.0,86.38,13.0,13.95,14.8,0.22,99.49
59,2025-07-29 13:00:00,17.71,6.28,326.3,0.0,82.03,15.2,15.23,15.3,0.31,99.39
59,2025-07-29 14:00:00,22.72,7.63,330.3,0.0,79.08,15.7,16.08,16.4,0.38,99.33
59,2025-07-29 15:00:00,12.96,4.43,387.9,0.0,75.73,16.8,17.3,17.7,0.48,99.23
59,2025-07-29 16:00:00,13.68,4.94,271.7,0.0,73.23,17.8,17.98,18.1,0.55,99.16
59,2025-07-29 17:00:00,5.51,2.41,102.9,0.0,72.15,17.7,17.83,18.0,0.57,99.16
59,2025-07-29 18:00:00,4.39,2.05,74.5,0.0,74.03,16.5,17.25,17.6,0.51,99.17
59,2025-07-29 19:00:00,6.41,3.23,0.0,0.0,80.33,14.8,15.25,15.8,0.34,99.23
59,2025-07-29 20:00:00,16.67,5.24,0.0,0.0,78.93,14.7,15.33,16.0,0.37,99.23
59,2025-07-29 21:00:00,12.49,3.99,0.0,0.0,77.45,15.0,15.4,15.9,0.4,99.19
59,2025-07-29 22:00:00,15.05,6.12,0.0,0.0,75.88,14.9,15.0,15.1,0.41,99.12
59,2025-07-29 23:00:00,12.82,4.31,0.0,0.0,74.85,14.6,14.75,14.9,0.43,99.09
59,2025-07-30 00:00:00,7.63,2.97,0.0,0.0,78.35,13.2,13.63,14.2,0.34,99.16
59,2025-07-30 01:00:00,5.22,2.45,0.0,0.0,81.1,12.3,12.73,13.0,0.28,99.22
59,2025-07-30 02:00:00,8.5,2.94,0.0,0.0,78.28,13.2,13.33,13.6,0.33,99.23
59,2025-07-30 03:00:00,12.31,3.56,0.0,0.0,82.93,12.6,12.83,13.4,0.26,99.22
59,2025-07-30 04:00:00,8.32,3.06,0.0,0.0,83.95,12.4,12.45,12.5,0.23,99.17
59,2025-07-30 05:00:00,7.88,3.44,0.0,0.0,83.7,11.8,12.43,12.8,0.24,99.18
59,2025-07-30 06:00:00,17.1,5.7,0.0,0.0,84.65,12.1,12.25,12.3,0.22,99.16
59,2025-07-30 07:00:00,14.11,4.95,0.0,0.0,82.4,12.5,12.63,12.8,0.26,99.16
59,2025-07-30 08:00:00,12.49,4.28,1.1,0.0,86.58,11.4,11.58,11.9,0.19,99.25
59,2025-07-30 09:00:00,13.64,5.36,22.6,0.0,84.23,11.8,12.0,12.2,0.22,99.29
59,2025-07-30 10:00:00,14.22,5.61,54.8,0.0,81.05,12.3,12.93,13.4,0.28,99.35
59,2025-07-30 11:00:00,17.71,6.99,76.7,0.0,79.45,13.4,13.6,13.9,0.32,99.41
59,2025-07-30 12:00:00,18.79,7.97,86.6,0.0,78.03,14.0,14.18,14.3,0.36,99.4
59,2025-07-30 13:00:00,29.59,11.67,97.6,0.0,79.9,14.2,14.3,14.4,0.33,99.34
59,2025-07-30 14:00:00,30.2,12.54,108.7,0.0,80.8,14.4,14.6,14.8,0.32,99.25
59,2025-07-30 15:00:00,23.15,9.62,90.3,0.0,79.8,14.8,14.85,14.9,0.34,99.16
59,2025-07-30 16:00:00,25.24,8.48,46.9,0.0,77.4,14.6,14.73,14.8,0.38,99.05
59,2025-07-30 17:00:00,28.12,12.49,67.4,0.0,69.48,14.9,15.13,15.4,0.53,98.93
59,2025-07-30 18:00:00,15.7,6.47,108.7,0.0,71.25,14.7,15.1,15.7,0.5,98.98
59,2025-07-30 19:00:00,11.77,3.17,0.1,0.0,75.0,13.3,13.95,14.5,0.4,99.01
59,2025-07-30 20:00:00,15.44,3.45,0.0,0.0,77.75,13.3,13.35,13.4,0.34,99.06
59,2025-07-30 21:00:00,12.96,6.11,0.0,0.0,78.98,12.9,13.28,13.6,0.32,99.08
59,2025-07-30 22:00:00,25.85,6.21,0.0,0.0,80.33,12.6,12.88,13.3,0.29,99.07
59,2025-07-30 23:00:00,30.74,11.65,0.0,0.0,77.1,13.3,13.53,13.8,0.36,99.07
59,2025-07-31 00:00:00,37.48,16.91,0.0,0.0,72.73,14.0,14.08,14.1,0.44,99.03
59,2025-07-31 01:00:00,41.98,18.5,0.0,0.0,70.88,14.1,14.23,14.3,0.47,99.03
59,2025-07-31 02:00:00,43.31,18.57,0.0,0.0,68.93,14.4,14.43,14.5,0.51,99.02
59,2025-07-31 03:00:00,39.46,16.21,0.0,0.0,67.85,14.1,14.38,14.5,0.53,99.0
59,2025-07-31 04:00:00,27.5,10.32,0.0,0.24,72.43,12.3,13.5,14.1,0.43,98.98
59,2025-07-31 05:00:00,29.02,9.6,0.0,3.07,91.45,10.5,10.9,11.5,0.11,98.95
59,2025-07-31 06:00:00,20.27,9.0,0.0,2.06,95.1,10.5,10.6,10.8,0.06,98.98
59,2025-07-31 07:00:00,34.7,11.42,0.0,0.82,95.95,10.7,10.83,11.0,0.05,99.06
59,2025-07-31 08:00:00,36.36,13.69,0.0,1.15,93.68,10.6,11.18,11.6,0.08,99.11
59,2025-07-31 09:00:00,34.02,12.04,2.6,4.98,96.58,10.5,10.58,10.6,0.05,99.15
59,2025-07-31 10:00:00,,,9.1,3.62,96.6,10.6,10.78,11.0,0.04,99.19
59,2025-07-31 11:00:00,,,13.6,3.37,97.7,11.0,11.03,11.1,0.03,99.25
59,2025-07-31 12:00:00,,,20.9,3.34,97.45,11.2,11.25,11.3,0.03,99.3
59,2025-07-31 13:00:00,,,64.4,1.08,97.38,11.2,11.4,11.8,0.04,99.3
59,2025-07-31 14:00:00,,,76.3,0.73,95.25,11.9,12.03,12.1,0.07,99.29
59,2025-07-31 15:00:00,,,123.7,0.6,95.78,11.7,12.05,12.4,0.06,99.23
59,2025-07-31 16:00:00,,,95.5,0.75,94.3,12.0,12.1,12.2,0.08,99.24
59,2025-07-31 17:00:00,13.46,10.91,54.3,0.54,93.9,11.8,12.0,12.2,0.09,99.24
59,2025-07-31 18:00:00,26.5,11.02,10.3,2.08,96.33,11.2,11.38,11.6,0.05,99.28
59,2025-07-31 19:00:00,,,0.0,3.32,96.45,10.9,11.15,11.8,0.05,99.33
59,2025-07-31 20:00:00,,,0.0,1.89,96.03,10.8,11.1,11.8,0.06,99.37
59,2025-07-31 21:00:00,14.94,7.69,0.0,0.05,92.03,11.4,11.5,11.6,0.11,99.38
59,2025-07-31 22:00:00,15.34,5.78,0.0,0.25,91.53,11.4,11.43,11.5,0.12,99.36
59,2025-07-31 23:00:00,12.56,4.9,0.0,0.72,91.95,10.8,10.98,11.1,0.1,99.34
59,2025-08-01 00:00:00,12.46,3.98,0.0,0.12,93.98,10.4,10.58,10.7,0.08,99.32
59,2025-08-01 01:00:00,14.4,4.06,0.0,0.02,93.65,10.4,10.48,10.6,0.08,99.28
59,2025-08-01 02:00:00,12.92,3.59,0.0,0.0,90.68,10.7,10.78,10.9,0.12,99.22
59,2025-08-01 03:00:00,9.54,3.26,0.0,0.0,90.4,10.7,10.75,10.9,0.13,99.19
59,2025-08-01 04:00:00,11.3,4.04,0.0,0.11,90.03,10.6,10.75,10.9,0.13,99.26
59,2025-08-01 05:00:00,15.7,6.41,0.0,0.92,92.43,10.2,10.5,10.7,0.1,99.32
59,2025-08-01 06:00:00,18.94,7.23,0.0,1.09,94.58,10.2,10.3,10.4,0.07,99.38
59,2025-08-01 07:00:00,23.4,9.96,0.0,0.96,95.53,9.7,10.0,10.3,0.06,99.39
59,2025-08-01 08:00:00,26.68,10.73,1.7,0.56,94.3,9.8,9.98,10.1,0.07,99.45
59,2025-08-01 09:00:00,16.85,5.79,15.7,0.38,93.0,9.7,9.88,10.0,0.08,99.51
59,2025-08-01 10:00:00,11.59,4.89,28.3,0.53,94.13,9.7,9.75,9.8,0.07,99.55
59,2025-08-01 11:00:00,16.24,6.56,55.8,1.3,95.55,9.6,9.93,10.1,0.06,99.6
59,2025-08-01 12:00:00,15.62,6.01,56.4,1.56,96.13,10.2,10.28,10.3,0.05,99.65
59,2025-08-01 13:00:00,30.56,9.83,69.5,1.58,96.3,10.3,10.45,10.6,0.05,99.66
59,2025-08-01 14:00:00,28.94,12.04,276.7,0.0,95.0,10.7,11.0,11.5,0.07,99.66
59,2025-08-01 15:00:00,40.36,14.98,122.7,1.53,93.35,9.5,11.03,11.7,0.09,99.65
59,2025-08-01 16:00:00,36.0,14.62,53.1,0.38,92.3,9.4,9.98,10.3,0.1,99.69
59,2025-08-01 17:00:00,35.35,15.76,85.2,0.2,90.78,9.7,9.98,10.3,0.11,99.75
59,2025-08-01 18:00:00,33.37,12.96,4.4,4.33,96.15,8.5,8.63,8.8,0.04,99.79
59,2025-08-01 19:00:00,39.42,16.95,0.0,0.8,95.93,8.5,8.73,9.2,0.05,99.81
59,2025-08-01 20:00:00,31.86,12.6,0.0,0.2,93.93,8.8,8.93,9.1,0.07,99.88
59,2025-08-01 21:00:00,36.54,13.53,0.0,1.21,93.73,7.9,8.3,8.8,0.07,99.93
59,2025-08-01 22:00:00,39.42,10.5,0.0,1.91,94.48,8.1,8.53,8.9,0.07,100.01
59,2025-08-01 23:00:00,25.45,8.77,0.0,3.32,96.65,8.1,8.33,8.5,0.04,100.08
59,2025-08-02 00:00:00,11.59,4.5,0.0,0.1,97.73,7.8,8.05,8.2,0.03,100.11
59,2025-08-02 01:00:00,12.92,5.42,0.0,0.24,97.0,7.8,7.9,8.0,0.03,100.12
59,2025-08-02 02:00:00,17.14,5.53,0.0,0.82,96.68,7.5,7.8,8.1,0.04,100.13
59,2025-08-02 03:00:00,17.53,6.38,0.0,0.02,93.73,8.1,8.13,8.2,0.07,100.14
59,2025-08-02 04:00:00,15.62,6.52,0.0,2.05,94.88,8.0,8.15,8.2,0.06,100.2
59,2025-08-02 05:00:00,15.3,6.38,0.0,0.02,94.88,8.0,8.05,8.1,0.05,100.24
59,2025-08-02 06:00:00,15.16,7.21,0.0,0.12,93.13,7.8,7.98,8.1,0.08,100.29
59,2025-08-02 07:00:00,15.48,6.73,0.0,0.77,93.03,7.6,7.6,7.6,0.07,100.35
59,2025-08-02 08:00:00,15.26,5.7,1.6,0.43,93.93,7.6,7.83,8.0,0.06,100.44
59,2025-08-02 09:00:00,19.98,8.44,54.7,0.11,94.08,7.8,7.95,8.0,0.06,100.52
59,2025-08-02 10:00:00,16.85,6.01,101.6,0.29,93.78,8.3,8.4,8.6,0.07,100.57
59,2025-08-02 11:00:00,16.74,5.57,158.8,0.35,94.73,8.4,8.83,9.1,0.06,100.58
59,2025-08-02 12:00:00,20.74,8.56,276.7,0.0,91.93,9.3,9.53,9.7,0.1,100.56
59,2025-08-02 13:00:00,18.58,7.93,292.0,0.0,86.38,9.9,10.15,10.5,0.17,100.55
59,2025-08-02 14:00:00,16.16,6.13,240.9,0.0,83.7,10.5,10.7,10.9,0.21,100.49
59,2025-08-02 15:00:00,14.4,6.07,289.1,0.0,81.33,11.0,11.28,11.5,0.25,100.42
59,2025-08-02 16:00:00,15.52,6.07,342.3,0.0,78.3,11.7,11.9,12.1,0.3,100.41
59,2025-08-02 17:00:00,16.09,5.49,220.1,0.0,78.48,11.3,11.68,12.0,0.3,100.46
59,2025-08-02 18:00:00,14.51,4.94,39.8,0.0,80.15,10.1,10.7,11.1,0.26,100.49
59,2025-08-02 19:00:00,9.65,3.02,3.3,0.0,80.53,8.2,8.8,9.5,0.22,100.49
59,2025-08-02 20:00:00,7.38,3.84,0.0,0.0,84.25,7.4,7.75,8.2,0.17,100.54
59,2025-08-02 21:00:00,8.68,4.1,0.0,0.0,88.83,5.8,6.35,6.9,0.11,100.52
59,2025-08-02 22:00:00,4.36,2.09,0.0,0.0,92.33,4.0,4.75,5.4,0.07,100.51
59,2025-08-02 23:00:00,5.8,3.54,0.0,0.0,92.95,3.8,3.98,4.1,0.06,100.51
59,2025-08-03 00:00:00,5.33,3.0,0.0,0.0,93.98,3.2,3.28,3.3,0.05,100.48
59,2025-08-03 01:00:00,8.03,4.0,0.0,0.0,92.93,3.8,3.83,3.9,0.06,100.46
59,2025-08-03 02:00:00,4.28,1.64,0.0,0.0,95.48,2.0,2.5,3.3,0.04,100.43
59,2025-08-03 03:00:00,4.07,2.85,0.0,0.0,94.3,1.8,2.03,2.2,0.04,100.41
59,2025-08-03 04:00:00,4.14,2.9,0.0,0.0,95.6,1.4,1.6,1.8,0.03,100.39
59,2025-08-03 05:00:00,4.36,2.39,0.0,0.0,94.98,1.2,1.35,1.6,0.03,100.35
59,2025-08-03 06:00:00,4.03,1.89,0.0,0.0,94.8,1.1,1.2,1.3,0.04,100.3
59,2025-08-03 07:00:00,4.21,2.22,0.0,0.0,94.78,1.2,1.6,2.0,0.04,100.35
59,2025-08-03 08:00:00,4.9,1.43,4.3,0.0,96.95,2.0,2.03,2.1,0.02,100.38
59,2025-08-03 09:00:00,4.79,1.35,23.7,0.0,97.73,2.0,2.15,2.3,0.02,100.4
59,2025-08-03 10:00:00,6.62,2.49,82.1,0.0,99.48,2.2,2.43,2.7,0.01,100.41
59,2025-08-03 11:00:00,5.98,2.3,113.7,0.02,99.85,3.0,3.58,4.0,0.0,100.4
59,2025-08-03 12:00:00,8.32,2.93,126.9,0.0,99.8,4.2,4.55,4.9,0.0,100.39
59,2025-08-03 13:00:00,10.4,3.85,117.1,0.0,99.7,5.2,5.45,5.6,0.0,100.37
59,2025-08-03 14:00:00,8.06,3.12,226.5,0.0,99.18,6.0,6.3,6.6,0.01,100.33
59,2025-08-03 15:00:00,12.13,4.32,233.3,0.0,96.63,7.1,7.6,8.0,0.04,100.3
59,2025-08-03 16:00:00,9.47,3.1,248.0,0.0,92.08,8.2,8.63,9.1,0.09,100.27
59,2025-08-03 17:00:00,9.22,3.5,165.9,0.0,86.93,9.4,9.53,9.6,0.16,100.28
59,2025-08-03 18:00:00,9.04,2.65,62.5,0.0,87.15,8.2,8.9,9.5,0.15,100.32
59,2025-08-03 19:00:00,2.84,1.4,1.9,0.0,91.8,6.0,6.85,7.7,0.08,100.33
59,2025-08-03 20:00:00,2.56,1.3,0.0,0.0,93.0,5.4,5.48,5.6,0.06,100.33
59,2025-08-03 21:00:00,6.26,2.64,0.0,0.0,94.68,4.5,4.65,4.8,0.05,100.33
59,2025-08-03 22:00:00,8.32,3.15,0.0,0.0,93.43,5.8,6.6,7.1,0.06,100.34
59,2025-08-03 23:00:00,7.63,2.63,0.0,0.0,96.33,7.1,7.18,7.2,0.04,100.32
59,2025-08-04 00:00:00,6.84,2.28,0.0,0.0,96.88,7.0,7.1,7.2,0.03,100.28
59,2025-08-04 01:00:00,7.34,2.49,0.0,0.0,97.43,6.6,6.75,6.9,0.03,100.27
59,2025-08-04 02:00:00,11.05,2.74,0.0,0.0,97.7,6.4,6.48,6.5,0.02,100.25
59,2025-08-04 03:00:00,4.97,2.05,0.0,0.0,97.83,6.5,6.5,6.5,0.02,100.22
59,2025-08-04 04:00:00,6.91,2.19,0.0,0.0,97.95,6.3,6.48,6.6,0.02,100.17
59,2025-08-04 05:00:00,7.96,2.57,0.0,0.0,98.3,5.9,6.13,6.3,0.02,100.1
59,2025-08-04 06:00:00,6.98,2.49,0.0,0.0,98.18,5.6,5.73,5.8,0.02,100.09
59,2025-08-04 07:00:00,6.91,2.35,0.0,0.0,98.15,5.4,5.48,5.6,0.02,100.07
59,2025-08-04 08:00:00,6.37,2.81,4.0,0.0,97.93,5.2,5.25,5.3,0.02,100.07
59,2025-08-04 09:00:00,10.55,3.89,45.3,0.0,98.25,5.0,5.15,5.2,0.02,100.08
59,2025-08-04 10:00:00,11.99,3.54,126.6,0.0,98.5,5.0,5.23,5.3,0.01,100.1
59,2025-08-04 11:00:00,11.34,4.22,421.5,0.0,97.18,5.3,6.18,7.2,0.03,100.07
59,2025-08-04 12:00:00,13.75,4.67,464.9,0.0,88.0,8.0,8.8,9.8,0.14,100.06
59,2025-08-04 13:00:00,11.45,4.1,491.7,0.0,79.88,10.3,11.05,11.7,0.27,100.01
59,2025-08-04 14:00:00,13.39,4.65,497.5,0.0,72.13,12.2,13.13,13.8,0.42,99.93
59,2025-08-04 15:00:00,15.16,6.67,459.1,0.0,69.48,13.9,14.0,14.1,0.49,99.88
59,2025-08-04 16:00:00,12.85,4.14,311.6,0.0,69.58,14.1,14.48,14.8,0.5,99.87
59,2025-08-04 17:00:00,12.1,4.73,247.8,0.0,68.18,14.8,15.28,15.7,0.55,99.88
59,2025-08-04 18:00:00,8.89,2.54,121.8,0.0,66.0,15.2,15.48,15.6,0.6,99.93
59,2025-08-04 19:00:00,3.38,2.02,5.3,0.0,82.3,10.2,11.33,12.9,0.24,99.98
59,2025-08-04 20:00:00,6.19,3.2,0.0,0.0,89.48,8.2,8.88,9.6,0.12,100.0
59,2025-08-04 21:00:00,4.79,3.06,0.0,0.0,92.6,6.7,7.23,7.8,0.08,100.03
59,2025-08-04 22:00:00,5.9,3.39,0.0,0.0,93.28,6.5,6.58,6.6,0.07,100.04
59,2025-08-04 23:00:00,4.03,2.33,0.0,0.0,93.95,5.9,6.23,6.6,0.06,100.06
59,2025-08-05 00:00:00,4.25,2.59,0.0,0.0,95.03,5.3,5.4,5.5,0.04,100.05
59,2025-08-05 01:00:00,5.72,2.74,0.0,0.0,94.55,5.2,5.38,5.6,0.05,100.06
59,2025-08-05 02:00:00,5.8,3.18,0.0,0.0,95.53,4.6,5.0,5.3,0.04,100.08
59,2025-08-05 03:00:00,6.44,2.7,0.0,0.0,95.95,4.0,4.25,4.5,0.03,100.06
59,2025-08-05 04:00:00,3.46,2.11,0.0,0.0,95.45,3.2,3.55,3.8,0.04,100.04
59,2025-08-05 05:00:00,6.3,3.27,0.0,0.0,95.8,2.8,3.18,3.5,0.04,100.05
59,2025-08-05 06:00:00,4.46,2.67,0.0,0.0,95.85,2.4,2.48,2.5,0.03,100.05
59,2025-08-05 07:00:00,3.64,1.6,0.0,0.0,94.73,2.3,2.35,2.4,0.04,100.04
59,2025-08-05 08:00:00,6.19,2.64,9.7,0.0,95.28,2.3,2.4,2.5,0.04,100.08
59,2025-08-05 09:00:00,6.3,3.39,96.0,0.0,95.88,2.7,3.55,4.6,0.03,100.17
59,2025-08-05 10:00:00,6.55,2.2,210.1,0.0,98.88,5.5,6.25,7.0,0.01,100.28
59,2025-08-05 11:00:00,5.9,2.13,318.2,0.0,100.35,7.4,8.45,9.4,0.0,100.33
59,2025-08-05 12:00:00,9.79,3.63,415.9,0.0,98.23,9.9,10.93,11.7,0.03,100.32
59,2025-08-05 13:00:00,15.19,5.99,490.4,0.0,82.45,12.4,13.33,14.4,0.28,100.32
59,2025-08-05 14:00:00,17.71,5.94,514.6,0.0,70.93,14.6,15.33,16.0,0.51,100.31
59,2025-08-05 15:00:00,17.1,4.77,459.9,0.0,62.5,16.2,17.1,17.7,0.73,100.31
59,2025-08-05 16:00:00,12.42,4.52,361.4,0.0,61.05,17.7,18.05,18.3,0.81,100.28
59,2025-08-05 17:00:00,14.76,5.26,318.4,0.0,62.63,17.7,18.3,18.6,0.79,100.29
59,2025-08-05 18:00:00,9.83,3.08,115.3,0.0,65.05,16.2,16.98,17.4,0.68,100.34
59,2025-08-05 19:00:00,3.28,1.47,3.8,0.0,73.4,13.6,14.28,15.1,0.43,100.42
59,2025-08-05 20:00:00,3.24,1.55,0.0,0.0,82.83,11.1,11.73,12.6,0.24,100.47
59,2025-08-05 21:00:00,4.32,2.01,0.0,0.0,88.7,9.9,10.28,10.6,0.14,100.47
59,2025-08-05 22:00:00,5.4,3.4,0.0,0.0,90.55,9.3,9.6,10.1,0.11,100.48
59,2025-08-05 23:00:00,5.15,3.15,0.0,0.0,91.98,9.0,9.18,9.4,0.09,100.52
59,2025-08-06 00:00:00,5.69,3.42,0.0,0.0,92.23,8.9,9.1,9.3,0.09,100.55
59,2025-08-06 01:00:00,4.1,2.24,0.0,0.0,93.15,8.8,8.88,9.1,0.08,100.53
59,2025-08-06 02:00:00,4.61,1.85,0.0,0.0,94.23,8.2,8.25,8.3,0.06,100.51
59,2025-08-06 03:00:00,4.21,2.61,0.0,0.0,94.98,8.2,8.28,8.4,0.06,100.43
59,2025-08-06 04:00:00,4.46,2.47,0.0,0.0,94.4,8.5,8.68,8.9,0.06,100.44
59,2025-08-06 05:00:00,7.52,1.91,0.0,0.0,93.03,9.4,10.43,11.1,0.09,100.43
59,2025-08-06 06:00:00,6.01,1.93,0.0,0.0,97.25,10.3,10.55,11.0,0.04,100.39
59,2025-08-06 07:00:00,8.78,2.09,0.0,0.0,95.9,10.6,10.9,11.4,0.05,100.4
59,2025-08-06 08:00:00,10.8,3.64,2.9,0.0,97.4,11.5,11.58,11.6,0.04,100.45
59,2025-08-06 09:00:00,6.16,2.12,34.2,0.0,98.4,11.4,11.48,11.5,0.02,100.47
59,2025-08-06 10:00:00,8.96,3.17,44.7,0.0,98.63,11.7,11.95,12.2,0.02,100.51
59,2025-08-06 11:00:00,9.43,3.47,76.7,0.0,98.98,12.3,12.4,12.5,0.02,100.5
59,2025-08-06 12:00:00,10.66,3.67,84.1,0.0,97.9,12.5,12.58,12.6,0.03,100.49
59,2025-08-06 13:00:00,11.81,3.57,169.1,0.0,96.1,12.5,12.93,13.3,0.06,100.47
59,2025-08-06 14:00:00,13.32,4.56,295.5,0.0,90.65,13.5,13.93,14.4,0.15,100.4
59,2025-08-06 15:00:00,18.22,5.84,417.7,0.0,82.78,14.7,15.55,16.3,0.31,100.35
59,2025-08-06 16:00:00,15.73,5.52,386.0,0.0,76.98,16.5,16.85,17.1,0.45,100.3
59,2025-08-06 17:00:00,16.45,5.02,261.5,0.0,72.5,17.0,17.18,17.3,0.54,100.29
59,2025-08-06 18:00:00,18.36,3.76,120.1,0.0,73.0,15.7,16.25,16.7,0.5,100.29
59,2025-08-06 19:00:00,6.34,1.47,5.5,0.0,78.98,12.8,13.58,14.7,0.33,100.3
59,2025-08-06 20:00:00,5.87,1.95,0.0,0.0,81.68,11.8,12.15,12.6,0.26,100.3
59,2025-08-06 21:00:00,7.42,2.03,0.0,0.0,85.43,10.4,10.68,11.0,0.19,100.33
59,2025-08-06 22:00:00,9.65,2.8,0.0,0.0,84.3,10.4,10.58,10.7,0.2,100.33
59,2025-08-06 23:00:00,10.22,2.38,0.0,0.0,85.45,9.2,9.68,10.2,0.18,100.34
59,2025-08-07 00:00:00,8.82,2.47,0.0,0.0,87.8,8.4,8.83,9.3,0.14,100.33
59,2025-08-07 01:00:00,10.87,1.97,0.0,0.0,90.0,7.8,7.95,8.1,0.11,100.3
59,2025-08-07 02:00:00,9.25,3.49,0.0,0.0,91.0,8.0,8.33,8.7,0.1,100.3
59,2025-08-07 03:00:00,11.27,4.76,0.0,0.0,92.08,8.8,8.9,9.0,0.09,100.25
59,2025-08-07 04:00:00,10.87,4.08,0.0,0.0,92.78,8.5,8.58,8.7,0.08,100.21
59,2025-08-07 05:00:00,9.79,4.2,0.0,0.0,93.9,8.1,8.25,8.4,0.07,100.17
59,2025-08-07 06:00:00,9.25,3.41,0.0,0.0,95.3,7.8,7.9,8.0,0.05,100.16
59,2025-08-07 07:00:00,7.92,3.31,0.0,0.0,96.0,7.8,7.8,7.8,0.04,100.16
59,2025-08-07 08:00:00,7.27,2.66,2.9,0.0,96.1,7.8,7.85,7.9,0.04,100.18
59,2025-08-07 09:00:00,8.82,3.54,23.9,0.0,96.9,7.7,7.78,7.8,0.03,100.19
59,2025-08-07 10:00:00,8.82,3.3,94.5,0.0,97.65,7.8,7.95,8.0,0.03,100.22
59,2025-08-07 11:00:00,10.08,3.82,107.4,0.0,95.78,8.0,8.08,8.1,0.05,100.21
59,2025-08-07 12:00:00,11.16,4.51,94.9,0.0,94.78,8.1,8.1,8.1,0.06,100.19
59,2025-08-07 13:00:00,9.97,3.97,124.9,0.0,93.75,8.2,8.43,8.6,0.07,100.16
59,2025-08-07 14:00:00,10.19,4.34,120.3,0.0,92.7,8.6,8.73,9.0,0.09,100.08
59,2025-08-07 15:00:00,11.12,4.65,138.9,0.0,90.5,9.1,9.2,9.3,0.11,100.05
59,2025-08-07 16:00:00,10.37,4.35,406.5,0.0,89.25,9.5,10.05,10.4,0.13,100.03
59,2025-08-07 17:00:00,9.68,4.5,260.8,0.0,85.13,10.6,10.68,10.8,0.19,100.04
59,2025-08-07 18:00:00,9.32,4.09,114.1,0.0,85.35,9.5,10.05,10.4,0.18,100.06
59,2025-08-07 19:00:00,7.16,2.83,5.3,0.0,88.83,7.5,8.2,8.9,0.12,100.06
59,2025-08-07 20:00:00,4.1,1.81,0.0,0.0,91.85,6.2,6.55,7.1,0.08,100.07
59,2025-08-07 21:00:00,4.72,2.49,0.0,0.0,92.13,6.3,6.3,6.3,0.08,100.09
59,2025-08-07 22:00:00,4.86,2.75,0.0,0.0,95.15,4.5,5.08,5.7,0.04,100.07
59,2025-08-07 23:00:00,9.29,3.86,0.0,0.0,94.95,5.6,5.95,6.3,0.05,100.09
59,2025-08-08 00:00:00,5.11,2.09,0.0,0.0,96.18,5.3,5.43,5.5,0.04,100.06
59,2025-08-08 01:00:00,6.16,2.35,0.0,0.0,96.98,4.4,4.93,5.2,0.03,100.02
59,2025-08-08 02:00:00,4.43,1.8,0.0,0.0,95.98,3.2,3.55,3.9,0.03,99.98
59,2025-08-08 03:00:00,2.92,1.74,0.0,0.0,95.45,1.9,2.43,2.9,0.03,99.92
59,2025-08-08 04:00:00,4.54,2.01,0.0,0.0,94.85,1.8,1.95,2.2,0.04,99.89
59,2025-08-08 05:00:00,3.53,1.39,0.0,0.0,96.48,1.6,1.83,2.1,0.03,99.88
59,2025-08-08 06:00:00,4.5,2.02,0.0,0.02,97.13,1.2,1.3,1.4,0.02,99.89
59,2025-08-08 07:00:00,4.72,1.65,0.0,0.02,96.78,1.6,1.9,2.1,0.02,99.89
59,2025-08-08 08:00:00,3.49,1.34,7.5,0.0,97.9,2.4,2.48,2.6,0.02,99.93
59,2025-08-08 09:00:00,6.66,2.47,57.6,0.0,98.93,2.8,3.05,3.4,0.01,99.97
59,2025-08-08 10:00:00,6.59,2.14,157.7,0.0,99.95,3.8,4.18,4.6,0.0,99.97
59,2025-08-08 11:00:00,6.44,2.22,178.5,0.02,99.98,4.9,5.1,5.3,0.0,99.98
59,2025-08-08 12:00:00,8.53,2.7,194.1,0.0,100.23,5.6,5.9,6.1,0.0,99.98
59,2025-08-08 13:00:00,9.61,3.26,237.5,0.0,100.13,6.5,6.78,7.1,0.0,99.93
59,2025-08-08 14:00:00,7.92,3.17,560.2,0.0,97.25,7.3,8.98,10.6,0.04,99.85
59,2025-08-08 15:00:00,12.46,3.81,480.1,0.0,85.88,11.2,12.2,13.1,0.2,99.79
59,2025-08-08 16:00:00,10.69,3.8,397.5,0.0,74.15,13.6,14.38,15.0,0.43,99.75
59,2025-08-08 17:00:00,6.88,2.39,270.1,0.0,66.78,15.4,15.7,16.0,0.59,99.71
59,2025-08-08 18:00:00,4.61,1.55,126.8,0.0,66.55,14.3,15.45,15.9,0.59,99.69
59,2025-08-08 19:00:00,4.64,2.92,6.3,0.0,83.95,9.3,10.98,13.0,0.22,99.67
59,2025-08-08 20:00:00,4.9,3.68,0.0,0.0,90.58,7.6,8.2,8.8,0.11,99.65
59,2025-08-08 21:00:00,6.05,4.01,0.0,0.0,93.43,6.2,6.9,7.4,0.07,99.67
59,2025-08-08 22:00:00,6.7,4.23,0.0,0.0,94.0,5.2,5.65,6.1,0.06,99.68
59,2025-08-08 23:00:00,4.97,2.93,0.0,0.0,94.03,4.6,5.0,5.4,0.05,99.66
59,2025-08-09 00:00:00,3.53,1.51,0.0,0.0,92.7,4.4,4.5,4.6,0.06,99.66
59,2025-08-09 01:00:00,6.19,3.66,0.0,0.0,95.3,2.8,3.05,3.4,0.04,99.66
59,2025-08-09 02:00:00,8.42,3.82,0.0,0.0,92.7,3.4,4.23,4.7,0.06,99.65
59,2025-08-09 03:00:00,10.37,2.5,0.0,0.0,95.5,4.0,4.65,5.2,0.04,99.63
59,2025-08-09 04:00:00,6.01,2.23,0.0,0.02,94.8,3.7,4.3,4.7,0.04,99.67
59,2025-08-09 05:00:00,6.23,3.22,0.0,0.04,97.1,5.0,5.1,5.2,0.03,99.74
59,2025-08-09 06:00:00,7.81,2.98,0.0,0.0,96.1,5.4,5.93,6.5,0.04,99.86
59,2025-08-09 07:00:00,10.98,4.75,0.0,0.02,96.95,6.8,7.1,7.4,0.03,99.95
59,2025-08-09 08:00:00,9.43,3.89,3.9,0.0,97.55,7.5,7.65,7.9,0.03,100.02
59,2025-08-09 09:00:00,10.26,4.26,21.1,0.0,97.9,7.9,8.08,8.4,0.02,100.07
59,2025-08-09 10:00:00,10.58,3.56,54.6,0.0,97.08,8.5,8.73,8.9,0.03,100.12
59,2025-08-09 11:00:00,11.45,3.88,136.1,0.02,98.2,8.7,9.1,9.6,0.02,100.17
59,2025-08-09 12:00:00,11.63,5.47,147.8,0.0,95.0,9.9,10.3,10.6,0.06,100.2
59,2025-08-09 13:00:00,14.87,4.97,118.1,0.0,91.7,10.7,10.9,11.0,0.11,100.2
59,2025-08-09 14:00:00,12.17,5.71,103.0,0.0,88.53,11.1,11.23,11.3,0.15,100.2
59,2025-08-09 15:00:00,11.38,4.68,127.1,0.0,90.6,10.8,10.95,11.2,0.12,100.23
59,2025-08-09 16:00:00,10.48,4.19,123.3,0.0,89.6,10.9,11.08,11.2,0.14,100.24
59,2025-08-09 17:00:00,8.64,3.97,43.7,0.0,86.7,11.0,11.05,11.1,0.18,100.3
59,2025-08-09 18:00:00,6.88,2.84,24.7,0.0,84.33,10.7,10.85,11.0,0.2,100.33
59,2025-08-09 19:00:00,3.89,1.81,1.1,0.0,85.8,10.1,10.28,10.5,0.18,100.37
59,2025-08-09 20:00:00,5.47,2.93,0.0,0.0,89.8,9.4,9.63,9.8,0.12,100.4
59,2025-08-09 21:00:00,4.25,2.6,0.0,0.0,92.18,8.6,8.83,9.1,0.09,100.44
59,2025-08-09 22:00:00,4.54,2.15,0.0,0.0,93.68,7.7,7.88,8.1,0.07,100.48
59,2025-08-09 23:00:00,5.87,3.91,0.0,0.0,95.05,6.6,7.13,7.8,0.05,100.49
59,2025-08-10 00:00:00,5.44,3.83,0.0,0.0,95.25,5.3,5.68,6.2,0.04,100.45
59,2025-08-10 01:00:00,6.3,3.93,0.0,0.0,95.73,4.4,4.58,4.7,0.04,100.42
59,2025-08-10 02:00:00,5.94,3.54,0.0,0.0,95.53,3.8,3.93,4.2,0.04,100.39
59,2025-08-10 03:00:00,4.79,3.17,0.0,0.0,95.78,2.9,2.98,3.1,0.03,100.4
59,2025-08-10 04:00:00,5.0,2.35,0.0,0.0,95.38,2.1,2.33,2.7,0.04,100.38
59,2025-08-10 05:00:00,4.46,2.34,0.0,0.0,95.25,2.2,2.33,2.4,0.04,100.35
59,2025-08-10 06:00:00,3.17,1.47,0.0,0.0,94.7,2.4,2.55,2.7,0.04,100.38
59,2025-08-10 07:00:00,4.64,2.7,0.0,0.0,95.98,2.5,2.55,2.6,0.03,100.42
59,2025-08-10 08:00:00,4.57,2.4,17.0,0.0,96.68,2.5,2.58,2.7,0.03,100.42
59,2025-08-10 09:00:00,3.53,1.21,115.3,0.0,98.6,2.6,3.28,3.8,0.01,100.42
59,2025-08-10 10:00:00,5.08,2.32,269.7,0.0,100.05,4.2,5.08,6.1,0.0,100.5
59,2025-08-10 11:00:00,7.49,3.37,388.3,0.0,98.93,7.0,8.25,9.5,0.02,100.52
59,2025-08-10 12:00:00,14.08,4.68,528.9,0.0,86.8,10.4,11.28,12.3,0.18,100.54
59,2025-08-10 13:00:00,11.77,4.72,354.4,0.0,76.03,12.4,12.75,13.0,0.36,100.5
59,2025-08-10 14:00:00,13.18,5.32,464.5,0.0,72.25,13.3,13.65,14.1,0.43,100.41
59,2025-08-10 15:00:00,16.81,5.1,485.8,0.0,66.33,14.8,15.28,15.8,0.59,100.37
59,2025-08-10 16:00:00,13.5,5.1,345.6,0.0,62.78,15.7,15.8,15.9,0.67,100.35
59,2025-08-10 17:00:00,9.68,3.3,173.0,0.0,62.75,15.6,15.68,15.7,0.66,100.33
59,2025-08-10 18:00:00,5.98,1.58,56.1,0.0,64.75,14.4,14.8,15.4,0.59,100.31
59,2025-08-10 19:00:00,6.62,2.61,13.0,0.0,76.5,10.8,12.03,13.5,0.33,100.31
59,2025-08-10 20:00:00,4.86,3.41,0.0,0.0,84.95,8.7,9.33,10.2,0.18,100.36
59,2025-08-10 21:00:00,5.18,3.83,0.0,0.0,89.23,7.1,7.63,8.2,0.12,100.39
59,2025-08-10 22:00:00,4.97,2.79,0.0,0.0,90.05,6.7,6.9,7.0,0.1,100.37
59,2025-08-10 23:00:00,4.0,2.4,0.0,0.0,93.43,5.4,5.83,6.3,0.06,100.35
59,2025-08-11 00:00:00,4.61,3.03,0.0,0.0,93.5,5.0,5.1,5.2,0.06,100.33
59,2025-08-11 01:00:00,4.68,2.74,0.0,0.0,94.85,4.4,4.63,4.9,0.04,100.31
59,2025-08-11 02:00:00,5.08,3.47,0.0,0.0,95.43,3.8,4.2,4.5,0.04,100.3
59,2025-08-11 03:00:00,4.1,2.01,0.0,0.0,94.4,3.6,3.78,3.9,0.05,100.21
59,2025-08-11 04:00:00,4.75,1.97,0.0,0.0,95.1,3.3,3.4,3.6,0.04,100.09
59,2025-08-11 05:00:00,3.96,2.19,0.0,0.0,94.8,3.7,4.0,4.3,0.04,100.02
59,2025-08-11 06:00:00,5.33,3.39,0.0,0.0,95.43,4.4,4.53,4.7,0.04,100.02
59,2025-08-11 07:00:00,7.96,4.5,0.0,0.0,95.75,4.2,4.28,4.4,0.04,100.05
59,2025-08-11 08:00:00,5.04,3.23,22.9,0.0,95.15,4.4,4.45,4.5,0.04,100.06
59,2025-08-11 09:00:00,4.61,1.54,83.2,0.0,96.6,4.8,5.48,6.0,0.03,100.04
59,2025-08-11 10:00:00,6.73,2.21,272.1,0.0,96.7,6.3,7.63,8.9,0.04,100.05
59,2025-08-11 11:00:00,11.56,5.01,360.0,0.0,89.35,9.6,10.85,12.2,0.14,100.07
59,2025-08-11 12:00:00,8.06,2.81,453.8,0.0,80.05,12.8,13.8,14.8,0.32,100.04
59,2025-08-11 13:00:00,12.46,3.78,513.7,0.0,70.45,15.6,16.33,17.1,0.55,99.97
59,2025-08-11 14:00:00,12.46,5.17,518.9,0.0,65.9,17.5,18.13,18.7,0.71,99.9
59,2025-08-11 15:00:00,15.34,5.45,431.4,0.0,63.55,19.1,19.35,19.5,0.82,99.84
59,2025-08-11 16:00:00,12.6,3.41,289.1,0.0,61.63,19.7,19.88,20.0,0.89,99.81
59,2025-08-11 17:00:00,9.72,2.27,164.3,0.0,61.33,19.1,19.68,20.1,0.89,99.8
59,2025-08-11 18:00:00,3.53,1.17,69.7,0.0,67.6,17.5,18.3,19.0,0.69,99.79
59,2025-08-11 19:00:00,3.53,2.1,6.7,0.0,73.15,15.1,15.95,16.8,0.49,99.81
59,2025-08-11 20:00:00,3.56,2.36,0.0,0.0,80.48,13.2,13.78,14.5,0.31,99.82
59,2025-08-11 21:00:00,3.82,2.55,0.0,0.0,85.43,12.0,12.45,12.9,0.21,99.8
59,2025-08-11 22:00:00,4.82,2.95,0.0,0.0,87.85,12.0,12.03,12.1,0.17,99.82
59,2025-08-11 23:00:00,5.15,3.4,0.0,0.0,88.58,11.9,12.03,12.1,0.16,99.86
59,2025-08-12 00:00:00,3.89,1.73,0.0,0.0,89.68,11.5,11.65,11.8,0.15,99.86
59,2025-08-12 01:00:00,2.12,1.14,0.0,0.0,92.05,10.8,11.05,11.4,0.11,99.86
59,2025-08-12 02:00:00,3.46,2.2,0.0,0.0,93.7,10.2,10.48,10.8,0.08,99.83
59,2025-08-12 03:00:00,4.14,2.28,0.0,0.0,93.83,10.1,10.23,10.4,0.08,99.81
59,2025-08-12 04:00:00,3.89,1.85,0.0,0.0,95.6,9.6,9.78,9.9,0.05,99.77
59,2025-08-12 05:00:00,4.5,1.42,0.0,0.0,94.48,9.5,9.83,10.2,0.07,99.76
59,2025-08-12 06:00:00,14.47,3.24,0.0,0.0,93.98,10.5,10.83,11.3,0.08,99.83
59,2025-08-12 07:00:00,6.73,2.17,0.0,0.0,95.35,10.6,10.88,11.2,0.06,99.83
59,2025-08-12 08:00:00,4.82,1.23,6.5,0.0,96.45,9.8,10.1,10.5,0.04,99.87
59,2025-08-12 09:00:00,3.64,1.52,68.3,0.0,97.48,9.8,9.85,10.0,0.03,99.89
59,2025-08-12 10:00:00,3.78,1.51,109.5,0.0,98.95,10.2,10.7,11.2,0.01,99.92
59,2025-08-12 11:00:00,9.29,3.1,198.5,0.0,96.7,11.4,12.08,12.7,0.05,99.95
59,2025-08-12 12:00:00,13.1,4.01,273.5,0.0,91.15,13.0,13.65,14.2,0.14,99.96
59,2025-08-12 13:00:00,13.97,4.83,368.3,0.0,86.15,14.6,15.18,15.6,0.24,99.96
59,2025-08-12 14:00:00,14.87,5.45,291.9,0.0,83.8,15.5,15.6,15.7,0.29,99.92
59,2025-08-12 15:00:00,18.54,5.51,197.7,0.0,83.45,15.3,15.35,15.4,0.29,99.9
59,2025-08-12 16:00:00,9.25,3.38,164.5,0.0,83.55,15.3,15.4,15.5,0.29,99.89
59,2025-08-12 17:00:00,11.27,3.74,104.4,0.0,84.38,15.1,15.18,15.2,0.27,99.9
59,2025-08-12 18:00:00,13.68,4.14,64.0,0.0,85.53,14.5,14.8,15.0,0.25,99.95
59,2025-08-12 19:00:00,7.52,3.37,9.9,0.0,87.43,13.7,14.03,14.4,0.2,100.0
59,2025-08-12 20:00:00,3.6,1.45,0.0,0.0,90.63,12.2,12.8,13.4,0.14,99.99
59,2025-08-12 21:00:00,2.3,1.32,0.0,0.0,93.35,11.2,11.6,11.8,0.09,99.99
59,2025-08-12 22:00:00,2.99,1.63,0.0,0.0,94.45,10.8,11.03,11.2,0.07,100.0
59,2025-08-12 23:00:00,2.27,0.94,0.0,0.0,94.5,10.8,10.83,10.9,0.07,100.0
59,2025-08-13 00:00:00,4.18,1.28,0.0,0.0,95.28,10.6,10.65,10.7,0.06,100.01
59,2025-08-13 01:00:00,8.71,2.16,0.0,0.0,95.68,10.6,10.75,10.9,0.06,100.02
59,2025-08-13 02:00:00,8.17,2.7,0.0,0.0,94.18,10.5,10.58,10.6,0.08,100.05
59,2025-08-13 03:00:00,9.94,3.0,0.0,0.0,92.65,10.4,10.48,10.5,0.1,100.03
59,2025-08-13 04:00:00,11.02,2.59,0.0,0.0,91.48,9.9,10.13,10.3,0.11,99.96
59,2025-08-13 05:00:00,12.56,2.75,0.0,0.0,93.0,9.4,9.58,9.8,0.08,99.92
59,2025-08-13 06:00:00,13.36,2.9,0.0,0.0,93.38,8.6,8.78,9.1,0.08,99.93
59,2025-08-13 07:00:00,12.92,3.94,0.0,0.0,93.1,8.0,8.25,8.5,0.08,99.92
59,2025-08-13 08:00:00,11.38,3.03,7.5,0.0,95.03,7.6,7.68,7.7,0.05,99.92
59,2025-08-13 09:00:00,8.89,3.85,37.7,0.0,96.53,7.4,7.5,7.6,0.04,99.93
59,2025-08-13 10:00:00,10.15,4.02,74.3,0.0,97.1,7.3,7.4,7.5,0.03,99.94
59,2025-08-13 11:00:00,9.5,3.96,105.3,0.0,97.4,7.5,7.68,7.8,0.03,99.95
59,2025-08-13 12:00:00,9.54,3.81,125.9,0.0,96.3,8.2,8.35,8.6,0.04,99.93
59,2025-08-13 13:00:00,10.33,4.51,196.7,0.0,94.98,8.6,9.03,9.4,0.06,99.87
59,2025-08-13 14:00:00,12.24,5.47,504.9,0.0,92.0,9.6,10.08,10.9,0.1,99.81
59,2025-08-13 15:00:00,13.9,6.61,503.7,0.0,83.3,11.4,12.15,12.8,0.24,99.74
59,2025-08-13 16:00:00,13.14,4.93,396.7,0.0,75.4,13.4,13.93,14.4,0.39,99.69
59,2025-08-13 17:00:00,8.75,3.2,208.7,0.0,71.1,14.5,14.65,14.8,0.48,99.67
59,2025-08-13 18:00:00,7.27,2.74,112.9,0.0,69.3,14.0,14.53,14.9,0.51,99.67
59,2025-08-13 19:00:00,3.71,2.82,12.9,0.0,80.45,10.6,11.6,12.9,0.27,99.68
59,2025-08-13 20:00:00,3.96,2.62,0.0,0.0,88.25,8.8,9.35,10.0,0.14,99.68
59,2025-08-13 21:00:00,3.31,2.39,0.0,0.0,92.4,7.4,7.8,8.4,0.08,99.65
59,2025-08-13 22:00:00,5.26,3.3,0.0,0.0,94.05,6.3,6.63,7.1,0.06,99.62
59,2025-08-13 23:00:00,4.57,3.03,0.0,0.0,94.48,5.6,5.73,5.9,0.05,99.59
59,2025-08-14 00:00:00,4.36,2.98,0.0,0.0,94.18,5.5,5.65,5.8,0.05,99.55
59,2025-08-14 01:00:00,5.11,3.33,0.0,0.0,94.9,5.3,5.4,5.5,0.05,99.53
59,2025-08-14 02:00:00,7.42,3.71,0.0,0.0,94.8,5.0,5.3,5.6,0.05,99.51
59,2025-08-14 03:00:00,6.48,3.05,0.0,0.0,95.7,5.0,5.45,5.9,0.04,99.48
59,2025-08-14 04:00:00,5.4,3.07,0.0,0.0,96.33,4.0,4.48,4.8,0.03,99.43
59,2025-08-14 05:00:00,5.15,3.09,0.0,0.0,95.75,3.6,3.75,3.9,0.04,99.39
59,2025-08-14 06:00:00,5.44,3.33,0.0,0.0,95.48,3.7,3.8,3.9,0.04,99.38
59,2025-08-14 07:00:00,4.21,2.54,0.0,0.0,96.0,3.1,3.45,3.7,0.03,99.39
59,2025-08-14 08:00:00,4.03,2.22,24.4,0.0,95.9,2.5,2.65,2.8,0.03,99.41
59,2025-08-14 09:00:00,5.0,2.95,163.4,0.0,95.93,3.0,4.53,6.2,0.03,99.45
59,2025-08-14 10:00:00,7.74,2.96,297.5,0.0,99.65,7.2,8.15,8.8,0.01,99.52
59,2025-08-14 11:00:00,10.66,3.65,407.9,0.0,98.93,8.7,10.2,11.6,0.02,99.56
59,2025-08-14 12:00:00,10.22,3.45,502.7,0.0,85.38,12.4,13.5,14.4,0.23,99.57
59,2025-08-14 13:00:00,11.12,4.29,529.1,0.0,75.23,14.9,15.68,16.4,0.45,99.55
59,2025-08-14 14:00:00,14.44,6.35,527.0,0.0,70.78,16.7,17.15,17.6,0.57,99.52
59,2025-08-14 15:00:00,20.3,7.27,490.1,0.0,65.33,18.0,18.85,19.5,0.76,99.5
59,2025-08-14 16:00:00,14.65,5.99,408.1,0.0,61.3,19.5,19.58,19.6,0.88,99.5
59,2025-08-14 17:00:00,12.17,5.01,275.1,0.0,61.18,19.5,19.63,19.7,0.89,99.47
59,2025-08-14 18:00:00,14.44,5.53,131.9,0.0,64.58,17.5,18.43,19.3,0.75,99.47
59,2025-08-14 19:00:00,3.78,1.89,10.7,0.0,74.63,13.5,14.88,16.4,0.44,99.49
59,2025-08-14 20:00:00,4.36,1.81,0.0,0.0,83.43,11.6,12.35,13.0,0.24,99.52
59,2025-08-14 21:00:00,4.86,3.39,0.0,0.0,90.68,10.0,10.4,11.0,0.12,99.55
59,2025-08-14 22:00:00,4.93,3.05,0.0,0.0,91.28,10.5,10.98,11.4,0.12,99.58
59,2025-08-14 23:00:00,4.14,2.54,0.0,0.0,91.8,11.6,11.73,11.8,0.11,99.56
59,2025-08-15 00:00:00,4.07,2.62,0.0,0.0,92.83,11.5,11.68,11.8,0.1,99.55
59,2025-08-15 01:00:00,3.42,2.12,0.0,0.0,95.05,11.4,11.48,11.5,0.07,99.59
59,2025-08-15 02:00:00,5.76,2.25,0.0,0.0,95.43,11.5,11.55,11.6,0.06,99.62
59,2025-08-15 03:00:00,12.67,4.24,0.0,0.0,95.03,11.6,11.6,11.6,0.07,99.65
59,2025-08-15 04:00:00,12.28,4.81,0.0,0.0,95.28,11.5,11.55,11.6,0.07,99.64
59,2025-08-15 05:00:00,11.56,4.84,0.0,0.0,94.28,11.6,11.65,11.7,0.08,99.63
59,2025-08-15 06:00:00,9.72,4.11,0.0,0.0,93.15,11.7,11.7,11.7,0.09,99.66
59,2025-08-15 07:00:00,11.34,4.96,0.0,0.0,91.9,11.7,11.75,11.8,0.11,99.72
59,2025-08-15 08:00:00,17.1,6.89,10.8,0.0,90.4,11.7,11.88,12.0,0.14,99.75
59,2025-08-15 09:00:00,16.81,6.13,35.4,0.0,88.83,12.0,12.18,12.4,0.16,99.81
59,2025-08-15 10:00:00,18.83,7.29,140.7,0.0,86.63,12.5,12.73,13.0,0.2,99.85
59,2025-08-15 11:00:00,20.12,8.15,154.5,0.0,84.48,13.2,13.5,13.8,0.24,99.89
59,2025-08-15 12:00:00,18.97,8.65,263.7,0.0,79.83,14.3,14.7,15.0,0.34,99.92
59,2025-08-15 13:00:00,23.26,10.44,358.7,0.0,74.58,15.2,15.48,15.9,0.45,99.91
59,2025-08-15 14:00:00,26.21,10.38,276.8,0.0,72.6,15.4,15.55,15.8,0.49,99.86
59,2025-08-15 15:00:00,20.66,9.1,161.3,0.0,71.33,15.8,15.88,16.0,0.52,99.84
59,2025-08-15 16:00:00,26.93,11.52,350.3,0.0,67.83,16.0,16.13,16.4,0.59,99.85
59,2025-08-15 17:00:00,28.44,13.42,280.5,0.0,72.5,15.0,15.63,16.2,0.49,99.89
59,2025-08-15 18:00:00,20.12,8.13,82.7,0.0,75.53,14.0,14.45,14.9,0.4,99.94
59,2025-08-15 19:00:00,11.92,4.33,2.3,0.0,79.35,13.1,13.35,13.7,0.32,99.98
59,2025-08-15 20:00:00,9.54,3.37,0.0,0.0,82.5,12.6,12.8,12.9,0.26,100.03
59,2025-08-15 21:00:00,14.62,3.81,0.0,0.0,82.8,12.6,12.8,12.9,0.25,100.09
59,2025-08-15 22:00:00,10.62,2.81,0.0,0.0,82.35,12.4,12.65,13.0,0.26,100.13
59,2025-08-15 23:00:00,7.38,2.98,0.0,0.15,86.48,11.6,11.78,12.0,0.19,100.15
59,2025-08-16 00:00:00,12.6,4.18,0.0,0.14,88.23,11.8,11.88,12.0,0.16,100.16
59,2025-08-16 01:00:00,12.6,5.03,0.0,0.02,85.13,12.2,12.38,12.5,0.21,100.15
59,2025-08-16 02:00:00,12.02,5.31,0.0,0.0,83.38,12.6,12.63,12.7,0.24,100.16
59,2025-08-16 03:00:00,9.0,2.78,0.0,0.0,85.6,11.8,12.08,12.4,0.2,100.13
59,2025-08-16 04:00:00,5.54,1.68,0.0,0.0,87.3,11.2,11.43,11.6,0.17,100.07
59,2025-08-16 05:00:00,6.8,2.15,0.0,0.0,87.73,11.0,11.3,11.4,0.16,100.04
59,2025-08-16 06:00:00,9.0,2.97,0.0,0.0,86.38,11.0,11.28,11.4,0.18,100.0
59,2025-08-16 07:00:00,8.78,4.39,0.0,0.0,88.9,9.4,9.95,10.6,0.14,99.99
59,2025-08-16 08:00:00,5.76,2.52,26.3,0.0,92.68,7.4,7.8,8.4,0.08,99.96
59,2025-08-16 09:00:00,4.9,1.96,171.1,0.0,90.83,9.0,9.95,11.1,0.11,99.97
59,2025-08-16 10:00:00,9.79,3.49,309.1,0.0,85.48,12.1,12.8,13.5,0.22,99.99
59,2025-08-16 11:00:00,10.48,3.92,432.0,0.0,79.58,13.8,14.63,15.4,0.34,99.97
59,2025-08-16 12:00:00,13.9,5.26,515.5,0.0,70.98,15.7,16.13,16.5,0.53,99.93
59,2025-08-16 13:00:00,17.57,6.69,543.1,0.0,67.78,16.5,16.9,17.1,0.62,99.88
59,2025-08-16 14:00:00,14.58,5.02,539.3,0.0,63.38,17.4,17.93,18.3,0.75,99.77
59,2025-08-16 15:00:00,17.86,5.71,526.5,0.0,64.13,18.1,18.3,18.6,0.75,99.68
59,2025-08-16 16:00:00,14.9,5.11,432.3,0.0,63.63,18.5,18.63,18.7,0.78,99.62
59,2025-08-16 17:00:00,11.23,4.55,134.3,0.0,63.18,17.6,17.93,18.5,0.76,99.61
59,2025-08-16 18:00:00,9.58,3.6,84.7,0.0,65.43,16.4,16.98,17.5,0.67,99.57
59,2025-08-16 19:00:00,5.0,1.56,3.7,0.0,73.13,14.5,15.18,16.0,0.47,99.55
59,2025-08-16 20:00:00,3.53,2.01,0.0,0.0,79.4,12.8,13.43,14.0,0.32,99.5
59,2025-08-16 21:00:00,3.6,2.48,0.0,0.0,84.2,11.8,12.1,12.4,0.22,99.44
59,2025-08-16 22:00:00,3.24,2.04,0.0,0.0,87.63,11.0,11.33,11.7,0.17,99.39
59,2025-08-16 23:00:00,3.38,1.47,0.0,0.0,90.6,10.4,10.6,10.8,0.12,99.36
59,2025-08-17 00:00:00,4.18,2.86,0.0,0.0,92.48,9.9,10.13,10.3,0.09,99.34
59,2025-08-17 01:00:00,3.85,2.66,0.0,0.0,93.25,9.4,9.7,9.9,0.08,99.31
59,2025-08-17 02:00:00,4.25,2.19,0.0,0.0,93.93,8.7,8.83,9.0,0.07,99.26
59,2025-08-17 03:00:00,6.59,3.17,0.0,0.0,92.73,8.8,9.28,9.6,0.09,99.2
59,2025-08-17 04:00:00,4.14,2.45,0.0,0.0,94.6,8.2,8.53,8.8,0.06,99.17
59,2025-08-17 05:00:00,5.11,2.43,0.0,0.0,94.33,7.9,7.98,8.1,0.06,99.13
59,2025-08-17 06:00:00,5.65,3.12,0.0,0.0,94.7,8.0,8.05,8.2,0.06,99.16
59,2025-08-17 07:00:00,4.03,2.05,0.0,0.0,95.7,7.6,7.85,8.1,0.05,99.18
59,2025-08-17 08:00:00,2.81,1.12,24.6,0.0,95.2,7.3,7.43,7.5,0.05,99.23
59,2025-08-17 09:00:00,7.27,1.68,151.5,0.0,97.28,7.6,8.1,9.0,0.03,99.29
59,2025-08-17 10:00:00,8.28,2.82,331.0,0.0,98.05,9.8,11.03,12.0,0.03,99.35
59,2025-08-17 11:00:00,11.88,4.24,484.9,0.0,88.15,12.6,13.13,13.7,0.18,99.39
59,2025-08-17 12:00:00,12.13,4.37,509.4,0.0,81.08,14.1,14.63,15.3,0.32,99.41
59,2025-08-17 13:00:00,18.79,6.91,582.3,0.0,75.45,15.9,16.08,16.3,0.45,99.41
59,2025-08-17 14:00:00,18.14,7.45,253.5,0.0,74.93,15.6,15.73,15.8,0.45,99.38
59,2025-08-17 15:00:00,16.85,8.08,162.1,0.0,74.05,15.6,15.73,15.8,0.46,99.4
59,2025-08-17 16:00:00,21.2,9.94,166.5,0.0,75.53,15.0,15.38,15.6,0.43,99.46
59,2025-08-17 17:00:00,16.6,7.16,108.9,0.0,75.8,14.9,14.98,15.0,0.41,99.53
59,2025-08-17 18:00:00,11.52,4.82,45.9,0.0,76.05,14.5,14.65,14.8,0.4,99.59
59,2025-08-17 19:00:00,5.76,1.73,4.5,0.0,78.85,12.9,13.83,14.4,0.34,99.64
59,2025-08-17 20:00:00,2.77,1.18,0.0,0.0,84.4,12.1,12.25,12.5,0.22,99.68
59,2025-08-17 21:00:00,3.28,1.93,0.0,0.0,83.53,12.2,12.38,12.5,0.24,99.69
59,2025-08-17 22:00:00,3.89,2.35,0.0,0.0,86.55,11.2,11.78,12.2,0.19,99.69
59,2025-08-17 23:00:00,4.28,2.18,0.0,0.0,89.75,10.2,10.53,11.0,0.13,99.65
59,2025-08-18 00:00:00,3.82,1.84,0.0,0.0,91.5,9.9,10.18,10.3,0.11,99.6
59,2025-08-18 01:00:00,4.79,2.28,0.0,0.0,92.13,9.5,9.58,9.7,0.1,99.56
59,2025-08-18 02:00:00,4.93,2.28,0.0,0.0,92.33,9.2,9.53,9.7,0.09,99.53
59,2025-08-18 03:00:00,4.0,1.55,0.0,0.0,93.3,8.1,8.35,8.7,0.07,99.45
59,2025-08-18 04:00:00,3.35,1.2,0.0,0.0,93.68,8.3,8.53,8.7,0.07,99.41
59,2025-08-18 05:00:00,4.36,2.08,0.0,0.0,95.1,8.3,8.38,8.5,0.06,99.39
59,2025-08-18 06:00:00,10.19,2.93,0.0,0.0,95.6,8.4,8.55,8.6,0.05,99.37
59,2025-08-18 07:00:00,5.26,1.56,0.0,0.0,96.23,8.2,8.33,8.5,0.04,99.38
59,2025-08-18 08:00:00,10.98,2.93,6.1,0.0,96.55,8.3,8.3,8.3,0.04,99.43
59,2025-08-18 09:00:00,14.65,3.62,38.0,0.0,96.55,8.4,8.68,9.0,0.04,99.44
59,2025-08-18 10:00:00,9.54,3.08,76.1,0.0,98.28,9.1,9.25,9.4,0.02,99.49
59,2025-08-18 11:00:00,9.68,3.57,157.6,0.0,98.58,9.5,9.88,10.3,0.02,99.53
59,2025-08-18 12:00:00,9.72,3.82,429.5,0.0,95.63,10.5,11.15,12.1,0.06,99.57
59,2025-08-18 13:00:00,9.43,3.54,302.0,0.0,88.2,12.3,12.58,12.9,0.17,99.62
59,2025-08-18 14:00:00,11.09,4.16,196.2,0.0,84.08,12.9,13.03,13.2,0.24,99.66
59,2025-08-18 15:00:00,10.33,4.43,152.5,0.0,83.88,13.1,13.18,13.3,0.24,99.67
59,2025-08-18 16:00:00,10.87,4.15,126.7,0.0,83.23,13.1,13.2,13.3,0.26,99.74
59,2025-08-18 17:00:00,10.76,4.32,112.3,0.0,82.05,13.3,13.43,13.5,0.28,99.81
59,2025-08-18 18:00:00,6.44,2.39,25.5,0.0,81.88,13.2,13.35,13.5,0.28,99.91
59,2025-08-18 19:00:00,6.37,3.0,1.2,0.0,83.48,13.0,13.03,13.1,0.25,100.0
59,2025-08-18 20:00:00,10.3,3.97,0.0,0.0,84.18,12.5,12.78,13.0,0.24,100.04
59,2025-08-18 21:00:00,5.47,2.57,0.0,0.0,89.03,10.5,11.13,12.1,0.14,100.09
59,2025-08-18 22:00:00,4.75,2.89,0.0,0.0,90.28,10.6,10.78,11.0,0.13,100.13
59,2025-08-18 23:00:00,6.26,2.59,0.0,0.0,89.28,10.7,11.08,11.4,0.14,100.17
59,2025-08-19 00:00:00,6.05,2.5,0.0,0.0,89.28,10.1,10.68,11.0,0.14,100.2
59,2025-08-19 01:00:00,4.36,1.88,0.0,0.0,91.0,10.1,10.15,10.2,0.11,100.23
59,2025-08-19 02:00:00,3.6,2.23,0.0,0.0,93.73,8.7,9.25,9.8,0.07,100.22
59,2025-08-19 03:00:00,3.2,2.31,0.0,0.0,94.98,7.0,7.7,8.4,0.05,100.18
59,2025-08-19 04:00:00,4.21,2.74,0.0,0.0,94.28,6.6,6.73,6.9,0.06,100.18
59,2025-08-19 05:00:00,4.03,2.55,0.0,0.0,95.65,6.4,6.48,6.6,0.04,100.16
59,2025-08-19 06:00:00,3.74,1.48,0.0,0.0,95.33,6.8,6.93,7.2,0.05,100.2
59,2025-08-19 07:00:00,6.44,2.15,0.0,0.0,95.75,7.5,7.7,8.0,0.04,100.3
59,2025-08-19 08:00:00,6.3,3.13,8.1,0.0,95.93,8.2,8.55,8.9,0.05,100.38
59,2025-08-19 09:00:00,5.8,2.63,69.4,0.0,96.05,9.1,9.5,9.8,0.05,100.4
59,2025-08-19 10:00:00,5.47,2.14,73.6,0.0,96.23,10.2,10.65,11.0,0.05,100.45
59,2025-08-19 11:00:00,7.02,2.98,116.8,0.0,93.4,11.0,11.18,11.4,0.09,100.5
59,2025-08-19 12:00:00,6.73,2.9,247.4,0.0,89.53,11.7,12.15,12.8,0.15,100.49
59,2025-08-19 13:00:00,10.98,3.56,571.7,0.0,80.73,13.2,14.18,15.3,0.32,100.46
59,2025-08-19 14:00:00,17.96,6.61,574.3,0.0,68.55,16.0,16.55,17.0,0.59,100.35
59,2025-08-19 15:00:00,20.02,8.58,369.4,0.0,63.65,16.4,16.68,16.9,0.69,100.3
59,2025-08-19 16:00:00,20.88,10.75,454.8,0.0,61.75,16.8,17.0,17.1,0.74,100.27
59,2025-08-19 17:00:00,23.94,10.15,118.3,0.0,63.4,15.8,16.08,16.5,0.67,100.28
59,2025-08-19 18:00:00,13.57,3.92,41.5,0.0,67.23,14.6,15.13,15.6,0.57,100.29
59,2025-08-19 19:00:00,5.72,1.63,4.3,0.0,73.33,13.4,13.88,14.3,0.43,100.35
59,2025-08-19 20:00:00,6.73,2.24,0.0,0.0,74.3,13.1,13.38,13.5,0.4,100.37
59,2025-08-19 21:00:00,5.15,3.12,0.0,0.0,81.63,11.9,12.2,12.5,0.26,100.39
59,2025-08-19 22:00:00,9.32,3.19,0.0,0.65,88.48,11.2,11.53,11.7,0.16,100.45
59,2025-08-19 23:00:00,9.47,3.13,0.0,0.31,92.6,10.8,10.93,11.0,0.1,100.44
59,2025-08-20 00:00:00,10.84,3.6,0.0,0.06,93.55,10.8,10.83,10.9,0.09,100.38
59,2025-08-20 01:00:00,4.43,1.49,0.0,0.0,94.28,9.9,10.25,10.5,0.07,100.29
59,2025-08-20 02:00:00,3.06,1.46,0.0,0.02,94.8,9.5,9.6,9.8,0.06,100.24
59,2025-08-20 03:00:00,4.07,2.61,0.0,0.0,96.03,9.3,9.33,9.4,0.05,100.2
59,2025-08-20 04:00:00,3.92,2.38,0.0,0.02,96.8,8.2,8.73,9.1,0.04,100.07
59,2025-08-20 05:00:00,5.11,3.04,0.0,0.02,96.38,7.1,7.43,7.6,0.04,99.98
59,2025-08-20 06:00:00,4.64,3.03,0.0,0.02,96.15,6.4,6.58,6.8,0.04,99.94
59,2025-08-20 07:00:00,6.52,3.5,0.0,0.02,96.13,6.0,6.13,6.2,0.04,99.91
59,2025-08-20 08:00:00,7.49,2.45,23.2,0.02,96.88,4.8,5.25,5.7,0.03,99.88
59,2025-08-20 09:00:00,6.66,2.38,99.9,0.02,98.63,6.0,6.23,6.4,0.01,99.89
59,2025-08-20 10:00:00,7.67,2.76,176.1,0.02,99.98,6.7,6.88,7.2,0.0,99.85
59,2025-08-20 11:00:00,11.74,3.86,406.4,0.0,99.85,7.8,8.83,10.0,0.0,99.81
59,2025-08-20 12:00:00,14.62,5.86,494.7,0.0,91.8,11.5,12.48,13.5,0.12,99.75
59,2025-08-20 13:00:00,20.16,8.0,565.6,0.0,83.55,14.0,14.23,14.4,0.27,99.67
59,2025-08-20 14:00:00,19.62,6.9,564.3,0.0,73.5,14.8,15.63,16.2,0.48,99.57
59,2025-08-20 15:00:00,18.54,5.76,529.0,0.0,64.1,16.8,16.93,17.2,0.69,99.52
59,2025-08-20 16:00:00,12.92,4.13,440.3,0.0,63.2,17.2,17.48,17.7,0.73,99.46
59,2025-08-20 17:00:00,10.58,3.16,308.7,0.0,61.75,17.6,17.88,18.0,0.78,99.42
59,2025-08-20 18:00:00,6.8,2.32,98.9,0.0,63.2,15.8,16.85,17.7,0.71,99.43
59,2025-08-20 19:00:00,3.96,2.69,6.9,0.0,76.18,13.0,13.78,14.7,0.38,99.41
59,2025-08-20 20:00:00,7.81,2.25,0.0,0.0,80.13,12.5,12.98,13.5,0.3,99.42
59,2025-08-20 21:00:00,3.49,1.24,0.0,0.0,82.8,12.1,12.38,12.7,0.25,99.45
59,2025-08-20 22:00:00,4.5,1.85,0.0,0.0,85.68,10.3,11.03,11.6,0.19,99.46
59,2025-08-20 23:00:00,5.76,3.28,0.0,0.0,90.25,9.0,9.28,9.7,0.12,99.43
59,2025-08-21 00:00:00,6.34,3.25,0.0,0.0,91.55,8.3,8.55,8.8,0.1,99.36
59,2025-08-21 01:00:00,4.5,1.89,0.0,0.0,90.15,8.6,8.75,8.9,0.11,99.29
59,2025-08-21 02:00:00,11.56,4.41,0.0,0.0,89.5,9.1,9.53,9.9,0.13,99.24
59,2025-08-21 03:00:00,7.7,1.72,0.0,0.0,90.65,9.3,9.55,9.8,0.11,99.2
59,2025-08-21 04:00:00,5.65,2.06,0.0,0.0,90.35,9.4,9.45,9.6,0.11,99.14
59,2025-08-21 05:00:00,12.46,3.1,0.0,0.0,90.7,9.3,9.38,9.4,0.11,99.13
59,2025-08-21 06:00:00,11.34,4.25,0.0,0.0,91.33,9.5,9.63,9.8,0.1,99.12
59,2025-08-21 07:00:00,17.32,6.88,0.0,0.0,88.98,9.8,10.25,10.6,0.14,99.12
59,2025-08-21 08:00:00,19.73,7.66,22.6,0.0,86.08,10.5,10.63,10.9,0.18,99.14
59,2025-08-21 09:00:00,24.3,10.57,36.4,0.0,84.38,10.8,10.85,11.0,0.2,99.12
59,2025-08-21 10:00:00,28.98,10.62,39.1,0.51,85.25,10.0,10.68,11.1,0.19,99.13
59,2025-08-21 11:00:00,25.02,8.94,59.2,0.51,89.93,10.1,10.3,10.5,0.13,99.1
59,2025-08-21 12:00:00,15.98,7.35,65.7,2.79,93.58,9.9,10.3,10.5,0.08,99.08
59,2025-08-21 13:00:00,25.6,8.96,72.1,6.04,97.48,9.4,9.75,9.9,0.03,99.08
59,2025-08-21 14:00:00,12.31,4.84,123.9,2.88,99.15,9.3,9.4,9.5,0.01,99.03
59,2025-08-21 15:00:00,24.3,6.32,99.1,0.94,97.03,9.5,9.73,10.1,0.04,99.09
59,2025-08-21 16:00:00,34.81,8.99,219.7,0.6,91.75,9.8,10.23,10.6,0.11,99.15
59,2025-08-21 17:00:00,23.18,7.69,121.6,0.32,90.58,9.0,9.33,9.6,0.11,99.22
59,2025-08-21 18:00:00,8.28,3.43,98.7,0.0,88.73,9.6,9.93,10.2,0.14,99.22
59,2025-08-21 19:00:00,11.02,3.29,28.3,0.0,86.78,8.7,9.38,9.9,0.16,99.35
59,2025-08-21 20:00:00,10.87,2.36,0.0,0.0,89.15,7.8,7.93,8.2,0.12,99.39
59,2025-08-21 21:00:00,23.94,4.49,0.0,1.77,91.23,5.7,6.98,7.8,0.09,99.47
59,2025-08-21 22:00:00,7.45,3.5,0.0,0.16,95.3,5.4,5.6,5.7,0.04,99.48
59,2025-08-21 23:00:00,15.62,5.17,0.0,0.58,95.08,5.3,5.48,5.7,0.04,99.57
59,2025-08-22 00:00:00,13.5,3.78,0.0,1.83,94.8,5.2,5.4,5.6,0.05,99.6
59,2025-08-22 01:00:00,17.42,5.53,0.0,0.46,94.1,5.2,5.43,5.6,0.05,99.6
59,2025-08-22 02:00:00,15.8,5.45,0.0,0.18,93.75,5.3,5.45,5.5,0.06,99.64
59,2025-08-22 03:00:00,14.0,6.39,0.0,0.04,93.58,5.5,5.5,5.5,0.06,99.67
59,2025-08-22 04:00:00,15.77,5.93,0.0,1.51,94.95,5.3,5.38,5.5,0.05,99.74
59,2025-08-22 05:00:00,16.38,5.99,0.0,0.38,96.15,5.2,5.25,5.4,0.03,99.79
59,2025-08-22 06:00:00,15.08,6.74,0.0,0.02,94.05,5.0,5.13,5.2,0.05,99.86
59,2025-08-22 07:00:00,14.36,6.49,0.0,0.0,92.83,4.8,4.9,5.0,0.06,99.93
59,2025-08-22 08:00:00,19.3,7.96,6.7,0.56,93.03,4.9,5.05,5.2,0.06,100.0
59,2025-08-22 09:00:00,21.82,8.73,38.9,0.97,93.78,4.7,4.93,5.0,0.05,100.09
59,2025-08-22 10:00:00,23.08,9.32,327.3,0.03,94.5,5.5,6.6,7.5,0.05,100.18
59,2025-08-22 11:00:00,21.67,9.39,240.5,0.22,90.9,7.5,7.53,7.6,0.1,100.25
59,2025-08-22 12:00:00,21.85,10.46,680.4,0.03,88.4,7.5,8.63,9.6,0.13,100.29
59,2025-08-22 13:00:00,27.47,11.41,493.3,0.0,84.5,8.8,9.23,9.5,0.18,100.3
59,2025-08-22 14:00:00,30.74,10.9,363.6,0.0,78.78,9.4,9.7,10.2,0.26,100.39
59,2025-08-22 15:00:00,26.06,13.07,397.7,0.0,74.6,9.7,10.05,10.3,0.32,100.44
59,2025-08-22 16:00:00,26.03,13.79,488.7,0.0,72.98,9.8,10.35,10.7,0.34,100.53
59,2025-08-22 17:00:00,22.21,8.98,332.4,0.0,73.0,7.9,9.13,10.3,0.31,100.66
59,2025-08-22 18:00:00,13.14,6.23,51.9,0.0,76.85,7.1,7.38,7.9,0.24,100.77
59,2025-08-22 19:00:00,21.49,7.96,25.9,0.0,82.25,5.5,6.05,6.8,0.17,100.85
59,2025-08-22 20:00:00,14.76,5.46,0.0,0.0,84.03,5.4,5.63,5.8,0.15,100.99
59,2025-08-22 21:00:00,10.76,4.96,0.0,0.0,83.15,5.6,5.83,6.1,0.16,101.1
59,2025-08-22 22:00:00,12.82,4.66,0.0,0.0,85.0,5.1,5.33,5.5,0.14,101.17
59,2025-08-22 23:00:00,12.64,5.32,0.0,0.0,87.1,4.6,4.8,5.0,0.11,101.23
59,2025-08-23 00:00:00,15.62,5.46,0.0,0.0,87.45,4.4,4.65,4.8,0.11,101.27
59,2025-08-23 01:00:00,9.68,3.91,0.0,0.0,88.18,3.8,3.93,4.1,0.1,101.26
59,2025-08-23 02:00:00,12.2,5.45,0.0,0.0,88.1,3.9,4.05,4.2,0.1,101.28
59,2025-08-23 03:00:00,10.01,3.14,0.0,0.0,90.93,2.2,3.05,3.7,0.07,101.23
59,2025-08-23 04:00:00,5.76,2.27,0.0,0.0,92.15,1.1,1.43,1.9,0.05,101.16
59,2025-08-23 05:00:00,5.9,3.1,0.0,0.0,93.4,0.4,0.78,1.0,0.04,101.13
59,2025-08-23 06:00:00,4.97,2.45,0.0,0.0,93.48,0.0,0.23,0.4,0.04,101.15
59,2025-08-23 07:00:00,4.28,1.98,0.0,0.0,93.48,-0.6,-0.4,-0.3,0.04,101.17
59,2025-08-23 08:00:00,5.65,3.39,58.7,0.0,93.8,-0.6,-0.35,0.1,0.04,101.2
59,2025-08-23 09:00:00,7.02,2.99,191.2,0.02,97.9,1.0,2.15,3.4,0.01,101.26
59,2025-08-23 10:00:00,10.76,4.53,352.5,0.07,97.83,3.6,4.73,5.8,0.02,101.3
59,2025-08-23 11:00:00,17.03,6.59,476.1,0.0,89.6,6.2,6.68,7.1,0.1,101.33
59,2025-08-23 12:00:00,20.2,8.13,560.3,0.0,84.98,7.1,8.23,9.3,0.17,101.36
59,2025-08-23 13:00:00,19.55,7.25,588.6,0.0,72.03,9.8,10.83,11.6,0.37,101.29
59,2025-08-23 14:00:00,18.97,6.45,586.5,0.0,59.58,11.8,12.1,12.6,0.57,101.23
59,2025-08-23 15:00:00,16.16,5.83,547.3,0.0,57.48,12.7,12.95,13.2,0.64,101.17
59,2025-08-23 16:00:00,21.17,5.65,457.9,0.0,53.25,13.3,13.45,13.6,0.72,101.12
59,2025-08-23 17:00:00,13.0,4.99,322.7,0.0,51.58,13.6,13.75,13.9,0.76,101.13
59,2025-08-23 18:00:00,13.79,4.33,165.0,0.0,53.38,12.7,13.1,13.6,0.71,101.17
59,2025-08-23 19:00:00,3.89,1.55,28.9,0.0,60.03,8.8,10.45,12.3,0.51,101.15
59,2025-08-23 20:00:00,5.8,2.75,0.0,0.0,70.73,6.1,7.18,8.1,0.3,101.14
59,2025-08-23 21:00:00,4.72,3.02,0.0,0.0,75.93,5.1,5.58,5.9,0.22,101.12
59,2025-08-23 22:00:00,4.46,2.89,0.0,0.0,77.6,4.3,4.6,4.9,0.19,101.12
59,2025-08-23 23:00:00,4.21,2.31,0.0,0.0,80.8,3.5,3.85,4.2,0.16,101.1
59,2025-08-24 00:00:00,6.59,2.74,0.0,0.0,82.93,3.4,3.55,3.7,0.13,101.07
59,2025-08-24 01:00:00,4.68,2.53,0.0,0.0,86.25,2.5,2.8,3.0,0.11,101.03
59,2025-08-24 02:00:00,5.83,2.94,0.0,0.0,87.1,2.5,2.73,3.0,0.1,100.95
59,2025-08-24 03:00:00,4.54,2.54,0.0,0.0,90.43,1.3,1.73,2.1,0.07,100.91
59,2025-08-24 04:00:00,4.14,2.49,0.0,0.0,91.65,1.2,1.28,1.4,0.06,100.86
59,2025-08-24 05:00:00,4.54,2.14,0.0,0.0,91.25,1.4,1.9,2.2,0.06,100.82
59,2025-08-24 06:00:00,6.44,1.74,0.0,0.0,91.33,2.2,2.88,3.4,0.07,100.83
59,2025-08-24 07:00:00,4.79,1.96,0.0,0.0,94.58,3.4,3.58,3.8,0.04,100.82
59,2025-08-24 08:00:00,3.82,1.84,28.7,0.0,95.45,3.4,3.45,3.6,0.04,100.81
59,2025-08-24 09:00:00,5.08,1.93,113.3,0.0,96.8,3.5,3.95,4.5,0.03,100.83
59,2025-08-24 10:00:00,9.07,3.52,203.5,0.0,95.58,4.8,5.3,5.8,0.04,100.81
59,2025-08-24 11:00:00,12.85,4.43,442.1,0.0,90.73,6.4,7.28,8.3,0.1,100.83
59,2025-08-24 12:00:00,12.89,5.28,411.3,0.0,76.8,8.9,9.8,10.5,0.29,100.82
59,2025-08-24 13:00:00,20.63,6.98,599.7,0.0,59.08,10.9,13.08,14.7,0.63,100.79
59,2025-08-24 14:00:00,20.7,7.35,609.9,0.0,54.2,15.0,15.58,16.0,0.81,100.72
59,2025-08-24 15:00:00,21.2,6.59,555.5,0.0,57.58,16.1,16.68,17.1,0.81,100.63
59,2025-08-24 16:00:00,18.65,6.34,465.2,0.0,58.13,17.1,17.18,17.2,0.82,100.6
59,2025-08-24 17:00:00,19.26,5.6,355.7,0.0,61.6,16.5,16.88,17.2,0.74,100.58
59,2025-08-24 18:00:00,23.08,5.32,157.6,0.0,64.5,16.2,16.43,16.6,0.66,100.58
59,2025-08-24 19:00:00,23.22,7.56,30.6,0.0,69.0,14.2,15.03,16.0,0.53,100.61
59,2025-08-24 20:00:00,20.2,6.81,0.0,0.0,74.75,13.1,13.45,13.9,0.39,100.63
59,2025-08-24 21:00:00,16.42,4.0,0.0,0.0,77.45,11.8,12.3,12.8,0.32,100.64
59,2025-08-24 22:00:00,14.65,5.03,0.0,0.0,82.9,11.1,11.35,11.6,0.23,100.61
59,2025-08-24 23:00:00,19.73,6.75,0.0,0.0,86.25,10.7,10.8,10.9,0.18,100.57
59,2025-08-25 00:00:00,19.22,5.67,0.0,0.0,88.55,10.0,10.23,10.4,0.14,100.54
59,2025-08-25 01:00:00,20.81,5.79,0.0,0.0,90.35,9.9,9.95,10.0,0.12,100.53
59,2025-08-25 02:00:00,22.32,7.58,0.0,0.0,91.53,9.0,9.43,9.8,0.1,100.47
59,2025-08-25 03:00:00,20.48,6.07,0.0,0.0,91.1,8.6,8.68,8.7,0.1,100.39
59,2025-08-25 04:00:00,21.6,7.6,0.0,0.0,91.95,8.8,9.03,9.2,0.09,100.35
59,2025-08-25 05:00:00,17.57,5.9,0.0,0.0,91.85,8.2,8.58,9.0,0.09,100.32
59,2025-08-25 06:00:00,13.28,4.36,0.0,0.0,91.28,7.7,7.83,8.0,0.1,100.29
59,2025-08-25 07:00:00,10.01,4.38,0.0,0.0,93.25,7.4,7.48,7.6,0.07,100.3
59,2025-08-25 08:00:00,11.52,4.26,23.1,0.0,93.5,6.7,6.93,7.1,0.07,100.3
59,2025-08-25 09:00:00,9.61,4.03,189.2,0.0,94.23,6.9,7.25,7.5,0.06,100.32
59,2025-08-25 10:00:00,18.65,6.23,368.3,0.0,86.9,8.1,9.13,10.0,0.16,100.33
59,2025-08-25 11:00:00,21.06,6.94,495.3,0.0,77.15,10.7,11.3,12.0,0.31,100.31
59,2025-08-25 12:00:00,18.43,6.87,577.1,0.0,69.8,12.3,13.13,14.1,0.46,100.26
59,2025-08-25 13:00:00,17.82,6.72,604.0,0.0,62.03,15.0,15.53,16.0,0.67,100.16
59,2025-08-25 14:00:00,16.7,6.08,602.3,0.0,60.95,16.5,17.23,17.9,0.77,100.07
59,2025-08-25 15:00:00,17.78,5.72,556.8,0.0,59.33,18.2,19.25,20.3,0.91,99.97
59,2025-08-25 16:00:00,24.26,7.97,466.9,0.0,55.25,20.2,20.28,20.4,1.06,99.92
59,2025-08-25 17:00:00,16.02,5.94,331.1,0.0,56.7,20.2,20.33,20.4,1.03,99.92
59,2025-08-25 18:00:00,16.27,3.82,170.2,0.0,60.08,19.4,19.75,20.1,0.92,99.92
59,2025-08-25 19:00:00,10.76,1.99,30.7,0.0,65.23,15.9,17.2,18.7,0.69,99.96
59,2025-08-25 20:00:00,4.82,1.09,0.0,0.0,73.85,13.6,14.28,15.0,0.43,99.97
59,2025-08-25 21:00:00,5.62,1.32,0.0,0.0,79.3,12.6,12.83,13.3,0.31,99.98
59,2025-08-25 22:00:00,10.44,2.71,0.0,0.0,80.38,12.0,12.38,12.6,0.28,100.0
59,2025-08-25 23:00:00,10.94,2.23,0.0,0.0,83.08,10.7,11.25,11.7,0.23,100.02
59,2025-08-26 00:00:00,7.96,1.81,0.0,0.0,86.65,9.4,9.88,10.2,0.16,100.0
59,2025-08-26 01:00:00,16.7,4.19,0.0,0.0,88.43,9.1,9.43,9.7,0.14,99.96
59,2025-08-26 02:00:00,8.35,2.4,0.0,0.0,90.93,7.8,8.58,9.1,0.1,99.93
59,2025-08-26 03:00:00,21.71,4.73,0.0,0.0,91.08,7.4,8.63,9.5,0.1,99.9
59,2025-08-26 04:00:00,17.24,6.83,0.0,0.0,94.3,9.4,9.48,9.5,0.07,99.87
59,2025-08-26 05:00:00,14.15,5.08,0.0,0.0,94.08,9.2,9.25,9.3,0.07,99.86
59,2025-08-26 06:00:00,15.55,5.14,0.0,0.0,93.18,9.1,9.15,9.2,0.08,99.86
59,2025-08-26 07:00:00,16.7,5.09,0.0,0.0,92.8,8.8,8.93,9.0,0.08,99.84
59,2025-08-26 08:00:00,18.22,4.05,10.6,0.0,92.73,8.6,8.7,8.8,0.08,99.87
59,2025-08-26 09:00:00,13.25,6.17,58.1,0.0,92.95,8.4,8.48,8.5,0.08,99.9
59,2025-08-26 10:00:00,11.59,4.73,112.1,0.0,92.43,8.5,8.7,8.9,0.09,99.9
59,2025-08-26 11:00:00,12.53,4.87,190.3,0.0,90.18,9.1,9.45,9.9,0.12,99.9
59,2025-08-26 12:00:00,11.95,5.41,363.2,0.0,88.85,9.9,10.28,10.8,0.14,99.89
59,2025-08-26 13:00:00,15.37,4.61,624.5,0.0,82.23,11.6,12.6,13.6,0.26,99.84
59,2025-08-26 14:00:00,12.74,4.57,600.7,0.0,73.18,14.2,14.88,15.6,0.46,99.76
59,2025-08-26 15:00:00,15.12,5.36,560.8,0.0,65.55,16.0,16.55,17.1,0.65,99.71
59,2025-08-26 16:00:00,12.42,4.21,427.1,0.0,61.85,17.6,18.1,18.7,0.8,99.66
59,2025-08-26 17:00:00,11.34,4.05,341.3,0.0,61.58,18.4,18.45,18.5,0.82,99.64
59,2025-08-26 18:00:00,8.82,3.39,106.5,0.0,61.75,17.5,17.65,18.0,0.77,99.67
59,2025-08-26 19:00:00,5.4,2.17,43.5,0.0,71.93,13.2,14.98,17.0,0.49,99.71
59,2025-08-26 20:00:00,4.32,2.8,0.0,0.0,84.33,10.8,11.45,12.4,0.22,99.72
59,2025-08-26 21:00:00,5.08,3.44,0.0,0.0,90.0,8.7,9.33,10.1,0.12,99.73
59,2025-08-26 22:00:00,4.54,3.02,0.0,0.0,92.0,7.8,8.08,8.4,0.09,99.73
59,2025-08-26 23:00:00,4.57,3.24,0.0,0.0,94.03,6.8,7.13,7.5,0.06,99.71
59,2025-08-27 00:00:00,5.08,3.23,0.0,0.0,94.05,6.4,6.45,6.6,0.06,99.7
59,2025-08-27 01:00:00,4.75,2.4,0.0,0.04,93.65,5.9,6.3,6.6,0.06,99.72
59,2025-08-27 02:00:00,5.8,3.08,0.0,0.02,95.1,5.1,5.5,6.1,0.04,99.72
59,2025-08-27 03:00:00,5.44,3.36,0.0,0.04,95.05,4.6,4.8,5.2,0.04,99.7
59,2025-08-27 04:00:00,6.44,2.85,0.0,0.04,94.28,4.4,4.53,4.6,0.05,99.65
59,2025-08-27 05:00:00,4.9,2.94,0.0,0.02,96.05,3.3,3.78,4.2,0.03,99.68
59,2025-08-27 06:00:00,5.51,2.84,0.0,0.02,94.9,3.0,3.13,3.2,0.04,99.71
59,2025-08-27 07:00:00,5.94,2.4,0.0,0.02,95.58,2.4,2.7,2.9,0.03,99.74
59,2025-08-27 08:00:00,6.12,1.67,75.7,0.04,92.48,2.4,3.58,4.8,0.06,99.75
59,2025-08-27 09:00:00,7.31,2.81,229.0,0.02,99.4,5.4,6.45,7.8,0.01,99.78
59,2025-08-27 10:00:00,8.39,2.67,369.8,0.0,99.88,8.6,9.75,11.0,0.0,99.8
59,2025-08-27 11:00:00,14.29,5.59,503.4,0.0,91.85,11.9,12.73,13.6,0.12,99.84
59,2025-08-27 12:00:00,14.26,5.03,585.3,0.0,81.7,14.0,14.73,15.4,0.31,99.86
59,2025-08-27 13:00:00,11.88,4.27,615.9,0.0,71.78,15.8,16.65,17.4,0.54,99.8
59,2025-08-27 14:00:00,16.38,5.23,641.1,0.0,65.6,17.7,18.33,18.9,0.72,99.75
59,2025-08-27 15:00:00,14.83,4.26,565.9,0.02,63.28,19.2,19.73,20.2,0.85,99.72
59,2025-08-27 16:00:00,9.54,3.33,465.1,0.0,60.55,20.0,20.33,20.7,0.94,99.71
59,2025-08-27 17:00:00,9.29,3.31,326.1,0.0,58.78,20.9,21.08,21.3,1.03,99.71
59,2025-08-27 18:00:00,5.11,2.05,182.9,0.0,61.53,18.5,19.98,21.0,0.9,99.76
59,2025-08-27 19:00:00,4.32,1.87,20.3,0.0,71.38,16.5,17.0,17.8,0.56,99.76
59,2025-08-27 20:00:00,4.64,1.52,0.0,0.0,80.18,14.3,15.0,15.9,0.34,99.77
59,2025-08-27 21:00:00,6.41,3.63,0.0,0.0,86.98,12.1,13.0,14.2,0.2,99.79
59,2025-08-27 22:00:00,5.94,3.1,0.0,0.0,90.28,11.5,11.68,11.8,0.14,99.8
59,2025-08-27 23:00:00,4.54,2.93,0.0,0.0,93.85,9.6,9.88,10.4,0.08,99.78
59,2025-08-28 00:00:00,4.46,3.01,0.0,0.0,94.93,8.3,8.6,9.3,0.06,99.74
59,2025-08-28 01:00:00,4.54,2.98,0.0,0.0,94.6,8.3,8.75,9.3,0.06,99.72
59,2025-08-28 02:00:00,6.66,2.96,0.0,0.02,95.75,9.8,10.13,10.3,0.05,99.73
59,2025-08-28 03:00:00,5.36,2.77,0.0,0.02,97.25,10.4,10.45,10.5,0.04,99.69
59,2025-08-28 04:00:00,4.97,2.25,0.0,0.08,97.5,10.6,10.6,10.6,0.03,99.61
59,2025-08-28 05:00:00,3.17,1.28,0.0,0.04,97.75,10.6,10.6,10.6,0.03,99.58
59,2025-08-28 06:00:00,2.41,1.54,0.0,0.06,97.78,10.6,10.65,10.7,0.03,99.59
59,2025-08-28 07:00:00,4.18,1.4,0.0,0.06,97.93,10.7,10.73,10.8,0.03,99.62
59,2025-08-28 08:00:00,5.0,1.81,11.5,0.04,98.4,10.6,10.68,10.7,0.02,99.64
59,2025-08-28 09:00:00,7.06,3.52,31.5,0.02,98.53,10.6,10.63,10.7,0.02,99.68
59,2025-08-28 10:00:00,8.24,3.73,102.5,0.0,99.35,10.1,10.25,10.4,0.01,99.72
59,2025-08-28 11:00:00,5.62,2.43,78.7,0.0,97.38,10.6,10.7,10.8,0.03,99.72
59,2025-08-28 12:00:00,6.7,2.26,126.4,0.0,96.83,10.9,11.08,11.2,0.04,99.72
59,2025-08-28 13:00:00,5.29,2.08,167.2,0.0,93.83,11.4,11.65,11.8,0.09,99.69
59,2025-08-28 14:00:00,9.76,4.41,128.3,0.0,91.05,11.9,11.95,12.0,0.12,99.64
59,2025-08-28 15:00:00,9.86,4.11,178.3,0.0,90.43,12.0,12.15,12.3,0.14,99.59
59,2025-08-28 16:00:00,9.5,4.53,117.2,0.0,88.08,12.5,12.58,12.6,0.18,99.6
59,2025-08-28 17:00:00,8.03,3.29,43.7,0.0,86.55,12.4,12.5,12.6,0.2,99.61
59,2025-08-28 18:00:00,8.46,3.19,24.0,0.0,89.73,11.9,12.05,12.2,0.15,99.61
59,2025-08-28 19:00:00,7.16,3.27,4.3,0.0,93.45,11.5,11.65,11.8,0.09,99.64
59,2025-08-28 20:00:00,5.36,2.63,0.0,0.0,95.1,11.3,11.38,11.4,0.07,99.65
59,2025-08-28 21:00:00,6.91,3.43,0.0,0.0,95.83,11.2,11.25,11.3,0.06,99.65
59,2025-08-28 22:00:00,7.56,2.79,0.0,0.13,96.28,10.9,11.05,11.2,0.05,99.64
59,2025-08-28 23:00:00,10.01,3.5,0.0,0.07,96.38,10.6,10.7,10.8,0.05,99.62
59,2025-08-29 00:00:00,6.41,3.02,0.0,0.02,95.75,10.5,10.5,10.5,0.06,99.6
59,2025-08-29 01:00:00,8.17,2.88,0.0,0.02,95.85,10.4,10.4,10.4,0.05,99.59
59,2025-08-29 02:00:00,7.38,2.89,0.0,0.07,96.33,10.2,10.28,10.3,0.05,99.59
59,2025-08-29 03:00:00,7.02,2.54,0.0,0.0,96.55,10.0,10.13,10.2,0.04,99.56
59,2025-08-29 04:00:00,6.77,3.1,0.0,0.0,96.35,9.8,9.9,10.0,0.05,99.53
59,2025-08-29 05:00:00,5.8,2.27,0.0,0.0,96.18,9.7,9.75,9.8,0.05,99.54
59,2025-08-29 06:00:00,6.48,2.91,0.0,0.0,96.3,9.7,9.75,9.8,0.05,99.57
59,2025-08-29 07:00:00,4.82,1.95,0.0,0.02,96.03,9.5,9.58,9.6,0.05,99.59
59,2025-08-29 08:00:00,5.0,1.78,27.7,0.0,96.05,9.1,9.25,9.4,0.05,99.6
59,2025-08-29 09:00:00,6.52,2.91,65.9,0.0,96.2,9.2,9.43,9.6,0.05,99.63
59,2025-08-29 10:00:00,9.83,4.37,115.9,0.0,95.75,9.7,9.78,9.9,0.05,99.68
59,2025-08-29 11:00:00,10.3,3.74,146.3,0.0,93.85,10.1,10.43,10.7,0.08,99.72
59,2025-08-29 12:00:00,8.64,3.6,181.5,0.0,89.93,10.9,11.15,11.4,0.13,99.73
59,2025-08-29 13:00:00,8.68,3.4,229.8,0.0,84.95,11.6,11.75,11.8,0.21,99.75
59,2025-08-29 14:00:00,8.35,3.54,333.7,0.0,83.78,12.1,12.5,12.8,0.24,99.71
59,2025-08-29 15:00:00,9.43,3.65,299.7,0.0,78.88,13.1,13.2,13.3,0.32,99.7
59,2025-08-29 16:00:00,11.52,5.11,211.6,0.0,75.55,13.4,13.5,13.6,0.38,99.73
59,2025-08-29 17:00:00,14.4,6.34,177.4,0.0,74.8,13.5,13.63,13.7,0.4,99.75
59,2025-08-29 18:00:00,12.64,4.83,63.9,0.0,77.55,12.8,13.05,13.3,0.34,99.78
59,2025-08-29 19:00:00,5.51,2.09,9.5,0.0,80.1,11.8,12.28,12.6,0.28,99.83
59,2025-08-29 20:00:00,3.24,1.85,0.0,0.0,85.08,10.4,10.93,11.4,0.2,99.89
59,2025-08-29 21:00:00,3.85,1.63,0.0,0.0,88.78,9.8,10.18,10.4,0.14,99.91
59,2025-08-29 22:00:00,5.69,2.95,0.0,0.0,92.55,7.7,8.48,9.2,0.09,99.94
59,2025-08-29 23:00:00,7.78,4.1,0.0,0.0,93.65,6.9,7.18,7.4,0.07,99.95
59,2025-08-30 00:00:00,6.98,4.27,0.0,0.0,93.8,6.8,7.15,7.5,0.06,99.97
59,2025-08-30 01:00:00,4.82,2.48,0.0,0.0,94.25,7.5,7.6,7.8,0.06,100.01
59,2025-08-30 02:00:00,6.08,2.76,0.0,0.0,94.28,7.9,8.1,8.4,0.06,100.03
59,2025-08-30 03:00:00,5.33,2.22,0.0,0.0,94.8,8.3,8.35,8.4,0.06,100.02
59,2025-08-30 04:00:00,6.73,2.69,0.0,0.0,94.85,8.4,8.43,8.5,0.06,99.96
59,2025-08-30 05:00:00,5.22,1.95,0.0,0.0,95.78,8.3,8.33,8.4,0.05,99.95
59,2025-08-30 06:00:00,5.47,2.26,0.0,0.0,95.78,8.3,8.33,8.4,0.05,99.99
59,2025-08-30 07:00:00,5.9,2.64,0.0,0.0,95.48,8.4,8.5,8.6,0.05,100.02
59,2025-08-30 08:00:00,5.65,2.88,8.3,0.0,95.78,8.4,8.48,8.6,0.05,100.01
59,2025-08-30 09:00:00,9.36,3.06,44.6,0.0,95.43,8.5,8.8,9.1,0.05,100.02
59,2025-08-30 10:00:00,12.92,4.98,146.6,0.0,95.95,9.4,9.73,10.2,0.05,100.04
59,2025-08-30 11:00:00,14.36,5.32,323.4,0.0,91.78,10.4,11.08,11.9,0.11,99.95
59,2025-08-30 12:00:00,21.06,7.56,570.3,0.0,82.88,12.8,13.75,14.5,0.27,99.94
59,2025-08-30 13:00:00,17.14,6.82,398.5,0.0,76.38,14.4,14.68,15.1,0.4,99.93
59,2025-08-30 14:00:00,12.6,5.08,465.5,0.0,72.68,15.2,15.45,15.7,0.48,99.93
59,2025-08-30 15:00:00,12.74,4.7,379.5,0.0,68.3,15.7,15.93,16.1,0.57,99.99
59,2025-08-30 16:00:00,17.35,8.09,204.9,0.0,74.15,14.8,15.25,15.8,0.45,100.07
59,2025-08-30 17:00:00,18.22,6.57,82.1,0.0,75.45,14.4,14.55,14.7,0.41,100.13
59,2025-08-30 18:00:00,11.59,5.83,14.9,0.0,76.05,14.1,14.18,14.3,0.39,100.21
59,2025-08-30 19:00:00,9.14,3.21,3.5,0.0,77.95,13.4,13.73,14.0,0.35,100.29
59,2025-08-30 20:00:00,4.61,2.73,0.0,0.0,80.78,12.8,13.1,13.3,0.29,100.35
59,2025-08-30 21:00:00,4.61,2.36,0.0,0.0,82.73,12.4,12.63,12.8,0.26,100.38
59,2025-08-30 22:00:00,6.12,3.16,0.0,0.0,84.53,12.1,12.28,12.5,0.22,100.39
59,2025-08-30 23:00:00,4.32,1.59,0.0,0.0,86.9,11.8,11.85,11.9,0.18,100.41
59,2025-08-31 00:00:00,8.03,2.07,0.0,0.0,87.78,11.4,11.68,11.8,0.17,100.46
59,2025-08-31 01:00:00,6.52,2.43,0.0,0.0,89.98,11.1,11.23,11.3,0.14,100.4
59,2025-08-31 02:00:00,4.61,2.43,0.0,0.0,91.03,10.9,10.98,11.1,0.12,100.34
59,2025-08-31 03:00:00,4.79,1.83,0.0,0.0,92.48,10.5,10.63,10.7,0.1,100.34
59,2025-08-31 04:00:00,5.69,2.19,0.0,0.0,92.65,10.4,10.55,10.6,0.1,100.28
59,2025-08-31 05:00:00,4.61,1.95,0.0,0.0,92.73,10.4,10.53,10.6,0.1,100.28
59,2025-08-31 06:00:00,4.0,1.74,0.0,0.0,94.33,10.2,10.25,10.3,0.07,100.29
59,2025-08-31 07:00:00,6.84,2.61,0.0,0.0,94.6,10.2,10.25,10.4,0.07,100.31
59,2025-08-31 08:00:00,5.18,1.59,30.1,0.0,94.33,10.2,10.23,10.3,0.07,100.33
59,2025-08-31 09:00:00,6.41,2.46,84.8,0.0,91.78,10.3,10.73,11.0,0.11,100.37
59,2025-08-31 10:00:00,6.41,2.82,259.3,0.0,88.48,11.2,11.78,12.5,0.16,100.36
59,2025-08-31 11:00:00,8.6,3.44,279.1,0.0,86.95,12.8,13.0,13.2,0.2,100.36
59,2025-08-31 12:00:00,10.26,5.16,107.9,0.0,84.3,12.8,12.9,13.0,0.24,100.36
59,2025-08-31 13:00:00,6.7,2.48,169.1,0.0,81.13,13.1,13.28,13.4,0.29,100.35
59,2025-08-31 14:00:00,8.39,2.66,136.3,0.0,80.13,13.6,13.65,13.7,0.31,100.34
59,2025-08-31 15:00:00,8.5,3.51,111.3,0.0,79.65,13.6,13.7,13.8,0.32,100.31
59,2025-08-31 16:00:00,9.97,3.67,82.8,0.0,80.28,13.7,13.73,13.8,0.31,100.31
59,2025-08-31 17:00:00,7.78,2.9,36.5,0.0,81.6,13.3,13.48,13.7,0.28,100.32
59,2025-08-31 18:00:00,6.23,2.06,10.9,1.0,88.65,12.0,12.55,13.2,0.17,100.37
59,2025-08-31 19:00:00,6.59,2.41,1.3,0.17,92.95,11.5,11.8,12.0,0.1,100.41
59,2025-08-31 20:00:00,4.9,2.16,0.0,0.0,94.85,11.0,11.18,11.3,0.07,100.43
59,2025-08-31 21:00:00,4.32,2.06,0.0,0.02,94.63,10.4,10.58,10.8,0.07,100.44
59,2025-08-31 22:00:00,3.64,1.56,0.0,0.0,95.08,10.5,10.58,10.6,0.06,100.43
59,2025-08-31 23:00:00,2.92,1.15,0.0,0.0,95.83,10.4,10.5,10.6,0.05,100.41
59,2025-09-01 00:00:00,6.3,1.38,0.0,0.02,96.15,10.3,10.35,10.4,0.05,100.37
59,2025-09-01 01:00:00,3.67,1.69,0.0,0.0,96.98,10.1,10.23,10.3,0.04,100.34
59,2025-09-01 02:00:00,4.54,1.95,0.0,0.0,96.93,9.8,9.93,10.0,0.04,100.3
59,2025-09-01 03:00:00,5.22,2.4,0.0,0.02,96.75,9.6,9.68,9.8,0.04,100.22
59,2025-09-01 04:00:00,3.42,1.59,0.0,0.0,96.78,9.1,9.2,9.3,0.04,100.16
59,2025-09-01 05:00:00,6.77,2.39,0.0,0.02,97.33,9.3,9.38,9.4,0.03,100.11
59,2025-09-01 06:00:00,10.3,3.22,0.0,0.0,98.1,9.4,9.45,9.5,0.02,100.08
59,2025-09-01 07:00:00,9.07,3.36,0.0,0.0,98.6,9.0,9.13,9.2,0.02,100.08
59,2025-09-01 08:00:00,7.6,2.39,27.7,0.02,98.38,9.0,9.08,9.1,0.02,100.07
59,2025-09-01 09:00:00,8.82,3.26,68.1,0.0,99.53,9.1,9.2,9.3,0.01,100.08
59,2025-09-01 10:00:00,10.8,4.69,336.3,0.0,99.7,9.0,9.5,10.1,0.0,100.08
59,2025-09-01 11:00:00,13.36,5.14,489.0,0.0,96.35,10.0,10.7,11.6,0.05,100.02
59,2025-09-01 12:00:00,19.12,5.3,595.0,0.0,85.73,12.6,13.38,14.2,0.22,99.94
59,2025-09-01 13:00:00,21.92,7.98,646.9,0.0,77.68,14.5,15.3,16.0,0.39,99.86
59,2025-09-01 14:00:00,18.94,6.19,565.5,0.0,72.15,16.3,16.38,16.5,0.52,99.75
59,2025-09-01 15:00:00,15.37,5.39,380.1,0.0,69.25,16.7,16.75,16.8,0.59,99.65
59,2025-09-01 16:00:00,13.1,3.71,237.3,0.0,66.3,16.9,16.95,17.0,0.65,99.61
59,2025-09-01 17:00:00,15.98,6.18,125.1,0.0,65.15,16.4,16.58,16.8,0.66,99.6
59,2025-09-01 18:00:00,8.1,2.79,95.2,0.0,67.3,15.6,16.08,16.3,0.6,99.63
59,2025-09-01 19:00:00,3.2,1.58,19.3,0.0,77.0,13.6,14.28,15.1,0.38,99.67
59,2025-09-01 20:00:00,4.82,3.12,0.0,0.0,84.7,11.4,12.08,12.8,0.22,99.69
59,2025-09-01 21:00:00,4.14,3.09,0.0,0.0,90.13,9.7,10.38,11.0,0.12,99.7
59,2025-09-01 22:00:00,7.7,3.41,0.0,0.0,91.5,9.0,9.5,9.9,0.1,99.7
59,2025-09-01 23:00:00,5.11,2.97,0.0,0.0,93.35,8.4,8.5,8.7,0.07,99.74
59,2025-09-02 00:00:00,4.61,2.68,0.0,0.0,93.85,7.9,8.08,8.4,0.07,99.79
59,2025-09-02 01:00:00,3.56,1.58,0.0,0.0,92.85,7.9,8.28,8.9,0.08,99.81
59,2025-09-02 02:00:00,5.87,2.27,0.0,0.02,95.0,9.2,9.43,9.5,0.06,99.83
59,2025-09-02 03:00:00,7.13,2.45,0.0,0.0,95.65,9.5,9.63,9.7,0.05,99.84
59,2025-09-02 04:00:00,5.65,1.6,0.0,0.0,95.6,9.7,9.8,9.9,0.05,99.86
59,2025-09-02 05:00:00,11.38,3.89,0.0,0.0,94.8,9.5,9.7,10.0,0.06,99.87
59,2025-09-02 06:00:00,8.42,3.56,0.0,0.06,95.9,9.3,9.35,9.4,0.05,99.92
59,2025-09-02 07:00:00,9.97,2.5,0.1,0.31,96.5,9.4,9.45,9.5,0.04,99.96
59,2025-09-02 08:00:00,9.29,2.54,22.3,0.02,96.6,9.2,9.28,9.4,0.04,100.01
59,2025-09-02 09:00:00,8.96,3.35,267.7,0.0,96.5,9.6,9.98,10.2,0.04,100.08
59,2025-09-02 10:00:00,11.99,3.88,187.1,0.0,92.1,10.3,10.4,10.5,0.1,100.13
59,2025-09-02 11:00:00,14.04,5.52,386.2,0.0,88.78,10.8,11.35,11.6,0.15,100.14
59,2025-09-02 12:00:00,9.61,3.93,452.2,0.0,81.53,11.9,12.3,12.8,0.27,100.16
59,2025-09-02 13:00:00,13.64,4.56,415.4,0.0,74.08,13.2,13.3,13.4,0.4,100.14
59,2025-09-02 14:00:00,13.57,4.51,120.1,0.14,76.65,12.2,12.43,12.6,0.34,100.13
59,2025-09-02 15:00:00,20.34,6.98,131.3,0.0,80.58,11.0,11.55,12.4,0.27,100.12
59,2025-09-02 16:00:00,19.44,7.61,167.7,0.0,81.75,10.7,10.8,10.9,0.24,100.15
59,2025-09-02 17:00:00,16.16,7.68,248.5,0.0,78.05,11.2,11.45,11.9,0.3,100.16
59,2025-09-02 18:00:00,13.46,5.2,148.8,0.0,74.3,11.1,11.5,11.7,0.35,100.22
59,2025-09-02 19:00:00,6.62,2.46,21.2,0.0,79.98,9.2,10.0,10.9,0.25,100.28
59,2025-09-02 20:00:00,3.53,2.12,0.0,0.0,86.2,7.8,8.38,8.9,0.15,100.32
59,2025-09-02 21:00:00,11.56,2.6,0.0,0.0,88.05,7.6,7.78,8.0,0.13,100.37
59,2025-09-02 22:00:00,5.9,2.21,0.0,0.0,86.93,8.3,8.55,8.7,0.15,100.42
59,2025-09-02 23:00:00,8.5,3.02,0.0,0.0,86.18,8.8,8.83,8.9,0.16,100.46
59,2025-09-03 00:00:00,5.51,2.16,0.0,0.0,88.93,6.9,7.73,8.6,0.12,100.43
59,2025-09-03 01:00:00,5.33,1.58,0.0,0.0,91.23,5.6,5.95,6.4,0.08,100.43
59,2025-09-03 02:00:00,7.42,2.47,0.0,0.0,91.6,5.4,5.75,5.9,0.08,100.42
59,2025-09-03 03:00:00,4.86,1.78,0.0,0.0,92.2,4.6,4.83,5.1,0.07,100.39
59,2025-09-03 04:00:00,6.88,2.8,0.0,0.0,93.23,3.9,4.23,4.5,0.06,100.35
59,2025-09-03 05:00:00,5.76,2.09,0.0,0.02,93.95,3.6,3.6,3.6,0.05,100.33
59,2025-09-03 06:00:00,9.11,3.63,0.0,0.02,95.35,3.9,3.98,4.0,0.04,100.34
59,2025-09-03 07:00:00,10.48,3.34,0.3,0.0,97.28,3.9,4.05,4.2,0.03,100.37
59,2025-09-03 08:00:00,15.41,3.55,38.0,0.02,97.4,3.7,3.75,3.8,0.02,100.39
59,2025-09-03 09:00:00,11.12,5.36,244.5,0.0,98.65,3.8,4.08,4.6,0.01,100.43
59,2025-09-03 10:00:00,16.7,5.76,417.8,0.0,94.65,4.7,5.95,7.1,0.06,100.46
59,2025-09-03 11:00:00,27.83,8.18,554.7,0.0,75.15,8.0,9.33,10.3,0.3,100.46
59,2025-09-03 12:00:00,22.9,8.44,637.5,0.0,59.73,10.9,11.68,12.6,0.56,100.45
59,2025-09-03 13:00:00,28.55,10.26,664.1,0.0,52.65,13.0,13.75,14.4,0.75,100.4
59,2025-09-03 14:00:00,27.47,8.96,658.0,0.0,49.9,14.9,15.23,15.6,0.87,100.33
59,2025-09-03 15:00:00,27.61,8.17,617.9,0.0,49.73,15.8,15.98,16.1,0.92,100.28
59,2025-09-03 16:00:00,24.19,7.77,521.7,0.0,45.43,15.9,16.25,16.4,1.01,100.26
59,2025-09-03 17:00:00,23.72,7.57,379.8,0.0,46.2,15.5,15.8,16.0,0.97,100.28
59,2025-09-03 18:00:00,26.03,8.65,207.3,0.0,46.13,14.3,14.68,15.2,0.9,100.33
59,2025-09-03 19:00:00,19.33,4.58,50.7,0.0,52.58,11.5,12.65,13.9,0.7,100.35
59,2025-09-03 20:00:00,10.98,3.11,0.0,0.0,59.55,9.7,10.33,11.1,0.51,100.37
59,2025-09-03 21:00:00,10.19,2.91,0.0,0.0,63.65,8.8,9.0,9.2,0.42,100.39
59,2025-09-03 22:00:00,11.7,3.57,0.0,0.0,68.33,7.9,8.23,8.5,0.35,100.38
59,2025-09-03 23:00:00,6.01,2.32,0.0,0.0,75.28,5.7,6.63,7.4,0.24,100.36
59,2025-09-04 00:00:00,6.62,1.57,0.0,0.0,80.88,4.9,5.15,5.6,0.17,100.31
59,2025-09-04 01:00:00,4.93,1.85,0.0,0.0,84.95,4.3,4.48,4.7,0.13,100.27
59,2025-09-04 02:00:00,5.29,1.73,0.0,0.0,87.18,3.7,3.88,4.2,0.11,100.21
59,2025-09-04 03:00:00,4.21,1.33,0.0,0.0,89.3,2.8,3.23,3.6,0.08,100.12
59,2025-09-04 04:00:00,5.11,1.32,0.0,0.0,89.28,2.5,2.63,2.7,0.08,100.04
59,2025-09-04 05:00:00,6.19,2.11,0.0,0.0,90.9,2.4,2.7,3.2,0.07,100.02
59,2025-09-04 06:00:00,15.73,3.63,0.0,0.02,93.43,3.6,3.83,4.0,0.05,100.04
59,2025-09-04 07:00:00,15.34,5.88,0.0,0.0,94.13,4.0,4.0,4.0,0.05,100.06
59,2025-09-04 08:00:00,17.86,6.22,25.2,0.0,92.93,3.8,3.88,4.0,0.06,100.07
59,2025-09-04 09:00:00,15.05,7.07,97.5,0.0,91.8,3.8,3.85,3.9,0.07,100.07
59,2025-09-04 10:00:00,17.78,7.5,262.9,0.0,90.93,3.9,4.18,4.6,0.08,100.08
59,2025-09-04 11:00:00,14.44,6.07,500.7,0.0,88.65,4.9,5.63,6.6,0.11,100.06
59,2025-09-04 12:00:00,15.37,6.39,639.8,0.0,81.03,7.2,8.05,8.8,0.21,100.01
59,2025-09-04 13:00:00,18.72,5.86,664.1,0.0,72.83,9.6,10.68,11.8,0.35,99.94
59,2025-09-04 14:00:00,14.62,5.62,656.6,0.0,63.63,12.2,12.9,13.6,0.54,99.87
59,2025-09-04 15:00:00,17.78,6.44,614.5,0.0,59.13,14.3,14.68,15.3,0.69,99.8
59,2025-09-04 16:00:00,18.0,5.43,520.9,0.0,57.58,15.6,15.85,16.0,0.77,99.76
59,2025-09-04 17:00:00,16.27,5.13,374.0,0.0,56.08,15.8,16.08,16.3,0.8,99.76
59,2025-09-04 18:00:00,8.78,3.16,199.6,0.0,55.48,16.0,16.13,16.3,0.82,99.79
59,2025-09-04 19:00:00,7.13,2.49,44.6,0.0,61.48,12.0,13.78,15.5,0.61,99.82
59,2025-09-04 20:00:00,5.26,3.69,0.0,0.0,75.25,8.6,9.65,10.9,0.3,99.82
59,2025-09-04 21:00:00,5.94,4.29,0.0,0.0,83.93,6.5,7.13,8.1,0.17,99.79
59,2025-09-04 22:00:00,6.91,4.37,0.0,0.0,86.88,5.9,6.13,6.2,0.13,99.77
59,2025-09-04 23:00:00,9.11,4.36,0.0,0.0,88.73,4.9,5.83,6.5,0.1,99.76
59,2025-09-05 00:00:00,3.31,2.15,0.0,0.0,90.83,4.0,4.23,4.6,0.08,99.7
59,2025-09-05 01:00:00,4.32,2.76,0.0,0.0,93.0,2.9,3.38,3.6,0.06,99.66
59,2025-09-05 02:00:00,6.19,3.53,0.0,0.0,94.13,2.1,2.3,2.5,0.04,99.65
59,2025-09-05 03:00:00,5.33,3.38,0.0,0.04,93.5,2.1,2.25,2.5,0.05,99.62
59,2025-09-05 04:00:00,4.39,2.94,0.0,0.02,94.08,1.7,1.93,2.1,0.04,99.6
59,2025-09-05 05:00:00,5.15,2.79,0.0,0.02,93.48,1.4,1.65,1.8,0.05,99.62
59,2025-09-05 06:00:00,6.77,3.03,0.0,0.04,94.1,1.4,1.78,2.2,0.04,99.67
59,2025-09-05 07:00:00,7.2,3.54,1.5,0.02,94.55,1.3,1.45,1.8,0.04,99.7
59,2025-09-05 08:00:00,4.79,2.45,115.1,0.02,95.15,1.2,1.95,3.1,0.04,99.72
59,2025-09-05 09:00:00,6.66,2.21,259.5,0.02,98.93,4.3,6.28,7.8,0.01,99.82
59,2025-09-05 10:00:00,10.84,4.78,419.7,0.0,89.6,8.9,9.95,11.0,0.13,99.88
59,2025-09-05 11:00:00,12.96,5.09,550.9,0.0,75.43,11.5,12.48,13.4,0.36,99.9
59,2025-09-05 12:00:00,13.61,6.01,632.6,0.0,66.0,13.9,14.75,15.4,0.57,99.89
59,2025-09-05 13:00:00,18.83,6.86,655.7,0.0,63.8,15.7,16.23,16.6,0.67,99.85
59,2025-09-05 14:00:00,18.4,6.76,654.0,0.0,63.2,16.8,17.43,18.0,0.74,99.79
59,2025-09-05 15:00:00,16.49,6.14,606.3,0.0,60.05,18.2,18.58,18.9,0.86,99.74
59,2025-09-05 16:00:00,14.0,5.45,515.7,0.0,55.53,19.2,19.35,19.6,1.0,99.71
59,2025-09-05 17:00:00,12.6,4.43,370.3,0.0,54.55,19.7,19.78,19.9,1.05,99.68
59,2025-09-05 18:00:00,5.9,1.95,192.7,0.0,53.1,19.6,19.73,19.9,1.08,99.65
59,2025-09-05 19:00:00,5.26,2.31,40.5,0.0,60.98,15.0,16.8,18.9,0.76,99.65
59,2025-09-05 20:00:00,5.33,2.17,0.0,0.0,72.58,12.1,12.95,14.1,0.41,99.66
59,2025-09-05 21:00:00,5.47,2.72,0.0,0.0,80.6,10.1,11.35,12.1,0.26,99.69
59,2025-09-05 22:00:00,5.87,3.51,0.0,0.0,87.8,8.2,8.85,9.6,0.14,99.69
59,2025-09-05 23:00:00,5.15,2.27,0.0,0.0,90.08,7.0,7.35,7.7,0.1,99.68
59,2025-09-06 00:00:00,7.13,4.17,0.0,0.0,92.4,6.3,6.55,6.9,0.07,99.66
59,2025-09-06 01:00:00,5.62,3.16,0.0,0.0,93.35,5.7,5.85,6.0,0.06,99.64
59,2025-09-06 02:00:00,5.51,3.89,0.0,0.0,93.95,5.3,5.38,5.5,0.06,99.62
59,2025-09-06 03:00:00,6.41,3.6,0.0,0.04,95.25,4.1,4.53,4.8,0.04,99.6
59,2025-09-06 04:00:00,4.72,3.53,0.0,0.02,94.15,4.5,5.15,5.7,0.05,99.59
59,2025-09-06 05:00:00,5.65,2.79,0.0,0.0,95.33,6.2,6.68,7.0,0.05,99.67
59,2025-09-06 06:00:00,7.34,3.2,0.0,0.04,97.08,7.1,7.25,7.4,0.03,99.75
59,2025-09-06 07:00:00,5.69,3.03,0.0,0.07,97.45,7.5,7.63,7.7,0.03,99.81
59,2025-09-06 08:00:00,5.08,2.33,20.5,0.1,97.88,7.8,7.85,7.9,0.02,99.87
59,2025-09-06 09:00:00,7.06,2.68,61.9,0.08,99.18,8.0,8.15,8.3,0.01,99.92
59,2025-09-06 10:00:00,7.38,3.63,86.1,0.07,99.55,8.5,8.78,9.1,0.0,99.96
59,2025-09-06 11:00:00,9.54,4.18,154.3,0.0,98.75,9.2,9.55,9.8,0.02,99.97
59,2025-09-06 12:00:00,11.59,5.06,132.0,0.0,95.43,10.0,10.18,10.3,0.06,99.97
59,2025-09-06 13:00:00,12.53,4.97,110.0,0.0,91.78,10.3,10.4,10.5,0.11,99.98
59,2025-09-06 14:00:00,11.27,5.03,88.6,0.0,89.68,10.6,10.65,10.7,0.14,99.96
59,2025-09-06 15:00:00,12.28,5.8,82.7,0.0,89.38,10.6,10.65,10.7,0.14,99.94
59,2025-09-06 16:00:00,11.81,5.51,74.9,0.0,90.8,10.5,10.55,10.6,0.12,99.95
59,2025-09-06 17:00:00,11.81,4.92,43.8,0.0,89.85,10.3,10.35,10.5,0.13,99.95
59,2025-09-06 18:00:00,8.42,3.41,22.3,0.0,89.95,10.0,10.08,10.2,0.12,99.95
59,2025-09-06 19:00:00,3.42,1.37,3.5,0.0,92.08,9.7,9.78,9.9,0.1,99.98
59,2025-09-06 20:00:00,3.78,2.43,0.0,0.0,92.95,9.6,9.6,9.6,0.09,99.96
59,2025-09-06 21:00:00,4.43,1.79,0.0,0.0,93.1,9.6,9.6,9.6,0.08,99.93
59,2025-09-06 22:00:00,4.0,1.67,0.0,0.0,93.53,9.5,9.55,9.6,0.08,99.91
59,2025-09-06 23:00:00,5.62,2.12,0.0,0.0,92.13,9.5,9.55,9.6,0.1,99.91
59,2025-09-07 01:00:00,6.34,2.17,0.0,0.0,91.33,9.4,9.43,9.5,0.1,99.9
59,2025-09-07 02:00:00,4.43,1.97,0.0,0.0,88.08,9.0,9.18,9.3,0.14,99.91
59,2025-09-07 03:00:00,3.35,1.72,0.0,0.0,88.23,8.8,8.85,9.0,0.13,99.9
59,2025-09-07 04:00:00,3.17,1.77,0.0,0.0,88.45,8.7,8.73,8.8,0.13,99.87
59,2025-09-07 05:00:00,2.88,1.78,0.0,0.0,89.28,8.5,8.55,8.6,0.12,99.85
59,2025-09-07 06:00:00,4.0,2.27,0.0,0.0,88.15,8.3,8.45,8.5,0.13,99.85
59,2025-09-07 07:00:00,3.2,1.58,0.0,0.0,89.4,8.2,8.23,8.3,0.12,99.89
59,2025-09-07 08:00:00,3.1,1.7,0.3,0.0,89.85,8.0,8.13,8.2,0.11,99.98
59,2025-09-07 09:00:00,3.74,1.51,34.3,0.0,91.23,7.9,8.05,8.2,0.1,100.04
59,2025-09-07 10:00:00,5.11,2.21,101.9,0.0,89.48,8.3,8.68,9.1,0.12,100.09
59,2025-09-07 11:00:00,9.0,3.77,171.9,0.0,83.83,9.3,9.7,10.1,0.19,100.14
59,2025-09-07 12:00:00,14.47,6.27,263.3,0.0,76.33,10.2,10.45,10.7,0.3,100.19
59,2025-09-07 13:00:00,19.55,8.25,424.1,0.0,70.85,10.9,11.43,11.9,0.4,100.21
59,2025-09-07 14:00:00,21.78,9.62,378.3,0.0,66.18,12.0,12.28,12.7,0.49,100.21
59,2025-09-07 15:00:00,20.3,9.09,366.5,0.0,62.73,12.7,12.85,13.0,0.56,100.17
59,2025-09-07 16:00:00,15.95,7.35,317.3,0.0,63.0,13.1,13.1,13.1,0.56,100.13
59,2025-09-07 17:00:00,14.54,6.52,170.3,0.0,62.23,13.1,13.18,13.2,0.57,100.11
59,2025-09-07 18:00:00,15.12,6.28,221.6,0.0,63.05,13.1,13.18,13.2,0.56,100.11
59,2025-09-07 19:00:00,12.17,5.89,72.0,0.0,66.33,12.3,12.58,13.0,0.49,100.14
59,2025-09-07 20:00:00,13.57,6.27,12.0,0.0,74.85,10.9,11.4,12.0,0.34,100.17
59,2025-09-07 21:00:00,12.06,4.42,0.0,0.0,80.95,10.3,10.55,10.8,0.24,100.2
59,2025-09-07 22:00:00,5.47,2.3,0.0,0.0,84.15,9.8,9.98,10.2,0.19,100.25
59,2025-09-07 23:00:00,5.22,3.11,0.0,0.0,86.08,9.5,9.65,9.8,0.17,100.28
59,2025-09-08 00:00:00,6.01,3.09,0.0,0.0,87.5,9.3,9.38,9.4,0.15,100.34
59,2025-09-08 01:00:00,5.29,3.09,0.0,0.0,88.25,9.2,9.28,9.4,0.14,100.36
59,2025-09-08 02:00:00,4.97,2.15,0.0,0.0,88.73,9.0,9.05,9.2,0.13,100.39
59,2025-09-08 03:00:00,5.18,1.94,0.0,0.0,89.73,8.4,8.63,8.9,0.12,100.4
59,2025-09-08 04:00:00,4.79,2.44,0.0,0.0,90.28,8.0,8.28,8.4,0.11,100.39
59,2025-09-08 05:00:00,6.44,2.64,0.0,0.0,91.63,7.3,7.53,7.6,0.09,100.35
59,2025-09-08 06:00:00,6.88,3.95,0.0,0.0,91.05,7.3,7.45,7.6,0.09,100.33
59,2025-09-08 07:00:00,7.13,2.5,0.0,0.0,91.08,6.8,7.15,7.5,0.09,100.35
59,2025-09-08 08:00:00,5.29,2.71,1.3,0.0,94.05,5.3,5.55,6.0,0.05,100.38
59,2025-09-08 09:00:00,3.46,1.45,59.3,0.0,93.13,5.1,5.8,6.9,0.06,100.47
59,2025-09-08 10:00:00,5.72,2.15,236.3,0.0,96.05,7.5,8.08,8.9,0.04,100.58
59,2025-09-08 11:00:00,14.58,5.86,510.4,0.0,87.1,9.8,10.85,12.0,0.17,100.63
59,2025-09-08 12:00:00,19.8,8.81,565.3,0.0,73.5,12.6,13.38,14.2,0.41,100.61
59,2025-09-08 13:00:00,26.42,10.01,735.8,0.0,64.33,14.2,14.75,15.8,0.6,100.59
59,2025-09-08 14:00:00,23.26,11.4,526.1,0.0,59.33,15.2,15.5,15.7,0.72,100.57
59,2025-09-08 15:00:00,25.92,10.65,645.8,0.0,57.65,16.0,16.4,16.7,0.79,100.49
59,2025-09-08 16:00:00,22.72,11.06,631.6,0.0,54.95,17.0,17.23,17.3,0.89,100.41
59,2025-09-08 17:00:00,26.39,12.08,522.4,0.0,55.15,17.4,17.43,17.5,0.89,100.31
59,2025-09-08 18:00:00,24.73,12.7,374.3,0.0,56.75,17.1,17.28,17.4,0.85,100.3
59,2025-09-08 19:00:00,21.82,11.61,204.2,0.0,59.68,15.4,16.08,17.0,0.74,100.34
59,2025-09-08 20:00:00,16.7,7.32,37.3,0.0,65.88,13.3,14.18,15.1,0.56,100.39
59,2025-09-08 21:00:00,9.04,2.46,0.0,0.0,72.73,11.5,12.1,12.7,0.39,100.43
59,2025-09-08 22:00:00,4.43,2.4,0.0,0.0,79.78,10.4,10.65,11.1,0.26,100.45
59,2025-09-08 23:00:00,8.1,3.5,0.0,0.0,79.3,10.2,10.7,11.0,0.27,100.39
59,2025-09-09 00:00:00,11.09,4.15,0.0,0.0,75.58,10.4,10.58,10.8,0.31,100.34
59,2025-09-09 01:00:00,6.23,2.19,0.0,0.0,78.05,9.6,9.8,10.0,0.27,100.29
59,2025-09-09 02:00:00,4.93,2.23,0.0,0.0,82.0,9.1,9.2,9.3,0.21,100.28
59,2025-09-09 03:00:00,7.63,3.49,0.0,0.0,83.18,8.9,9.1,9.2,0.19,100.28
59,2025-09-09 04:00:00,12.42,3.5,0.0,0.0,81.83,9.2,9.28,9.3,0.21,100.2
59,2025-09-09 05:00:00,4.32,2.19,0.0,0.0,85.15,7.2,7.9,8.7,0.16,100.14
59,2025-09-09 06:00:00,9.61,4.05,0.0,0.0,88.93,5.7,6.3,6.7,0.11,100.06
59,2025-09-09 07:00:00,9.4,4.01,0.0,0.0,87.45,6.5,6.83,7.0,0.13,100.0
59,2025-09-09 08:00:00,8.24,3.25,2.3,0.0,89.85,5.4,5.78,6.0,0.09,99.96
59,2025-09-09 09:00:00,9.0,2.84,123.5,0.0,91.38,5.6,6.2,7.2,0.08,99.93
59,2025-09-09 10:00:00,14.15,5.18,276.5,0.0,89.18,8.2,9.48,10.7,0.13,99.93
59,2025-09-09 11:00:00,15.73,7.42,441.3,0.0,81.48,11.1,12.0,13.0,0.26,99.91
59,2025-09-09 12:00:00,17.93,8.96,571.5,0.0,70.75,13.8,14.75,15.6,0.49,99.85
59,2025-09-09 13:00:00,19.37,8.34,653.3,0.0,64.1,16.0,16.7,17.6,0.69,99.82
59,2025-09-09 14:00:00,21.96,8.5,676.0,0.0,57.38,18.1,18.8,19.6,0.93,99.79
59,2025-09-09 15:00:00,19.87,9.71,670.7,0.0,45.8,20.2,20.6,20.9,1.32,99.73
59,2025-09-09 16:00:00,25.34,11.28,620.0,0.0,40.4,20.9,21.18,21.4,1.5,99.67
59,2025-09-09 17:00:00,20.7,10.29,477.3,0.0,41.95,20.8,20.98,21.2,1.44,99.63
59,2025-09-09 18:00:00,21.28,11.61,404.9,0.0,47.85,19.9,20.3,20.6,1.24,99.6
59,2025-09-09 19:00:00,27.5,14.32,207.3,0.0,54.43,17.9,18.63,19.4,0.98,99.66
59,2025-09-09 20:00:00,27.83,10.36,68.3,0.0,67.08,14.7,15.83,17.3,0.6,99.77
59,2025-09-09 21:00:00,8.32,2.87,0.0,0.0,73.33,13.4,13.65,14.2,0.42,99.84
59,2025-09-09 22:00:00,11.16,4.42,0.0,0.0,76.7,12.7,12.8,12.9,0.35,99.86
59,2025-09-09 23:00:00,12.38,4.85,0.0,0.0,77.68,12.9,13.05,13.2,0.33,99.85
59,2025-09-10 00:00:00,13.07,5.54,0.0,0.0,78.2,12.7,12.85,13.1,0.33,99.87
59,2025-09-10 01:00:00,16.88,4.88,0.0,0.61,83.63,11.8,12.13,12.6,0.23,99.8
59,2025-09-10 02:00:00,20.7,6.94,0.0,4.31,90.33,11.3,11.43,11.6,0.13,99.86
59,2025-09-10 03:00:00,20.16,7.12,0.0,1.41,95.2,11.3,11.35,11.4,0.07,99.91
59,2025-09-10 04:00:00,13.46,6.32,0.0,0.0,96.2,11.3,11.33,11.4,0.05,100.02
59,2025-09-10 05:00:00,9.25,3.4,0.0,0.58,96.15,11.5,11.55,11.6,0.05,100.11
59,2025-09-10 06:00:00,6.3,2.95,0.0,0.02,96.78,10.4,11.18,11.6,0.04,100.19
59,2025-09-10 07:00:00,5.58,2.45,0.0,0.04,94.73,9.9,10.1,10.4,0.07,100.23
59,2025-09-10 08:00:00,7.31,3.16,3.2,0.02,95.25,9.6,9.7,9.9,0.05,100.33
59,2025-09-10 09:00:00,5.69,2.2,120.1,0.04,97.68,9.1,9.63,10.4,0.03,100.46
59,2025-09-10 10:00:00,10.44,4.59,281.3,0.02,99.65,10.9,11.78,12.5,0.01,100.58
59,2025-09-10 11:00:00,13.54,5.63,435.1,0.0,95.68,12.8,13.53,14.2,0.07,100.65
59,2025-09-10 12:00:00,15.7,5.38,576.5,0.0,85.48,14.7,15.05,15.6,0.25,100.64
59,2025-09-10 13:00:00,15.44,4.99,664.2,0.0,76.93,15.8,16.48,17.0,0.43,100.55
59,2025-09-10 14:00:00,14.04,5.49,688.1,0.0,64.53,17.6,18.03,18.6,0.74,100.51
59,2025-09-10 15:00:00,25.02,6.49,690.2,0.0,60.6,18.8,19.3,19.7,0.88,100.45
59,2025-09-10 16:00:00,16.45,5.81,637.7,0.0,57.13,19.6,19.93,20.2,1.0,100.42
59,2025-09-10 17:00:00,17.57,7.01,538.5,0.0,47.73,19.7,19.88,20.2,1.21,100.38
59,2025-09-10 18:00:00,16.02,5.92,396.1,0.0,48.28,19.6,19.75,19.9,1.19,100.33
59,2025-09-10 19:00:00,17.42,5.33,220.8,0.0,50.38,18.7,19.08,19.5,1.1,100.31
59,2025-09-10 20:00:00,9.14,2.49,57.5,0.0,55.63,15.7,17.05,18.4,0.87,100.31
59,2025-09-10 21:00:00,5.47,1.38,0.0,0.0,63.43,13.5,14.05,14.8,0.59,100.31
59,2025-09-10 22:00:00,4.93,1.31,0.0,0.0,71.23,12.1,12.53,13.1,0.42,100.29
59,2025-09-10 23:00:00,4.86,1.62,0.0,0.0,76.13,11.2,11.63,12.0,0.33,100.27
59,2025-09-11 00:00:00,4.36,1.58,0.0,0.0,78.68,9.7,10.43,11.0,0.27,100.23
59,2025-09-11 01:00:00,5.18,2.55,0.0,0.0,82.55,8.9,9.13,9.4,0.2,100.17
59,2025-09-11 02:00:00,6.88,2.23,0.0,0.0,86.33,7.0,7.8,8.4,0.14,100.08
59,2025-09-11 03:00:00,4.46,2.79,0.0,0.0,91.15,5.6,6.05,6.7,0.09,99.97
59,2025-09-11 04:00:00,4.9,2.55,0.0,0.0,91.8,5.1,5.18,5.3,0.07,99.86
59,2025-09-11 05:00:00,4.61,2.78,0.0,0.0,91.7,5.0,5.13,5.3,0.07,99.78
59,2025-09-11 06:00:00,4.36,2.7,0.0,0.0,94.65,3.5,4.05,4.6,0.04,99.74
59,2025-09-11 07:00:00,4.9,3.07,0.0,0.02,93.53,3.2,3.33,3.5,0.05,99.7
59,2025-09-11 08:00:00,4.82,3.21,4.3,0.04,95.03,2.2,2.73,3.2,0.04,99.68
59,2025-09-11 09:00:00,4.28,1.68,137.5,0.02,95.43,2.2,3.2,4.4,0.04,99.65
59,2025-09-11 10:00:00,7.99,2.62,293.1,0.0,99.85,5.4,6.45,7.6,0.0,99.68
59,2025-09-11 11:00:00,10.44,5.12,449.7,0.0,91.53,8.3,9.38,10.2,0.11,99.73
59,2025-09-11 12:00:00,14.04,5.36,593.7,0.0,78.08,11.0,11.85,12.6,0.31,99.76
59,2025-09-11 13:00:00,22.25,5.07,654.7,0.0,66.63,13.3,14.2,15.0,0.54,99.77
59,2025-09-11 14:00:00,13.28,5.78,710.3,0.0,60.5,15.4,16.23,16.7,0.73,99.75
59,2025-09-11 15:00:00,20.66,6.51,695.9,0.0,56.2,17.1,17.68,18.3,0.89,99.71
59,2025-09-11 16:00:00,22.07,6.34,654.0,0.0,56.98,18.5,18.98,19.5,0.95,99.67
59,2025-09-11 17:00:00,14.22,4.8,552.9,0.0,53.48,19.5,20.05,20.4,1.1,99.63
59,2025-09-11 18:00:00,18.65,5.58,410.2,0.0,49.53,20.5,20.55,20.6,1.22,99.66
59,2025-09-11 19:00:00,13.14,4.59,218.7,0.0,50.2,19.5,19.93,20.4,1.16,99.7
59,2025-09-11 20:00:00,5.4,2.35,60.7,0.0,59.18,15.4,17.23,19.2,0.81,99.76
59,2025-09-11 21:00:00,4.68,3.23,0.0,0.0,71.3,11.4,12.88,14.6,0.44,99.78
59,2025-09-11 22:00:00,4.82,2.95,0.0,0.0,82.15,9.8,10.15,10.7,0.22,99.74
59,2025-09-11 23:00:00,5.72,3.72,0.0,0.0,86.88,8.4,8.9,9.4,0.15,99.71
59,2025-09-12 00:00:00,5.65,3.36,0.0,0.0,89.73,7.3,7.65,8.0,0.11,99.64
59,2025-09-12 01:00:00,5.58,3.41,0.0,0.0,91.13,6.5,7.08,7.5,0.09,99.6
59,2025-09-12 02:00:00,5.29,2.76,0.0,0.0,92.33,5.8,5.93,6.1,0.07,99.56
59,2025-09-12 03:00:00,4.5,2.74,0.0,0.0,92.7,5.2,5.5,5.8,0.07,99.5
59,2025-09-12 04:00:00,4.46,3.07,0.0,0.02,94.55,4.2,4.5,5.0,0.05,99.4
59,2025-09-12 05:00:00,3.89,1.91,0.0,0.04,92.53,4.1,4.23,4.4,0.06,99.31
59,2025-09-12 06:00:00,4.86,3.36,0.0,0.02,94.25,3.6,3.88,4.1,0.05,99.26
59,2025-09-12 07:00:00,5.33,3.17,0.0,0.04,95.08,3.3,3.5,3.7,0.04,99.25
59,2025-09-12 08:00:00,4.32,2.59,5.3,0.02,94.83,2.7,3.05,3.3,0.04,99.3
59,2025-09-12 09:00:00,4.32,2.46,159.7,0.02,96.25,2.8,3.93,5.4,0.03,99.37
59,2025-09-12 10:00:00,6.88,2.6,282.0,0.02,99.65,7.0,8.48,9.4,0.01,99.44
59,2025-09-12 11:00:00,12.92,6.1,432.1,0.0,94.98,10.0,10.7,11.3,0.07,99.49
59,2025-09-12 12:00:00,11.41,4.01,522.4,0.0,82.03,12.3,13.35,14.4,0.28,99.49
59,2025-09-12 13:00:00,12.1,3.99,661.5,0.0,71.5,14.6,15.75,16.9,0.52,99.45
59,2025-09-12 14:00:00,12.85,4.71,695.1,0.0,63.1,17.5,18.2,18.9,0.77,99.37
59,2025-09-12 15:00:00,17.39,6.93,700.9,0.0,56.3,19.2,19.58,19.9,1.0,99.32
59,2025-09-12 16:00:00,19.33,5.84,579.6,0.0,47.48,20.0,20.4,20.7,1.26,99.3
59,2025-09-12 17:00:00,13.28,4.44,394.4,0.0,39.85,20.5,20.75,21.0,1.47,99.27
59,2025-09-12 18:00:00,13.03,4.55,283.8,0.0,42.75,20.8,20.85,20.9,1.41,99.3
59,2025-09-12 19:00:00,6.55,2.29,167.5,0.0,48.88,18.9,19.75,20.5,1.18,99.31
59,2025-09-12 20:00:00,3.85,1.56,27.7,0.0,59.55,15.4,16.73,18.0,0.78,99.37
59,2025-09-12 21:00:00,4.93,1.86,0.0,0.0,66.75,14.0,14.45,14.9,0.55,99.44
59,2025-09-12 22:00:00,5.36,3.0,0.0,0.0,76.63,12.1,12.65,13.6,0.35,99.52
59,2025-09-12 23:00:00,14.11,3.67,0.0,0.0,76.2,12.0,12.2,12.5,0.34,99.61
59,2025-09-13 00:00:00,14.9,5.11,0.0,0.0,72.08,10.5,11.05,11.7,0.37,99.74
59,2025-09-13 01:00:00,7.81,3.84,0.0,0.0,76.55,8.6,9.25,10.0,0.28,99.79
59,2025-09-13 02:00:00,5.76,2.62,0.0,0.0,80.03,7.3,7.83,8.3,0.22,99.82
59,2025-09-13 03:00:00,4.28,1.38,0.0,0.0,84.35,6.7,6.9,7.1,0.16,99.85
59,2025-09-13 04:00:00,10.87,4.3,0.0,0.0,87.45,6.9,7.25,7.5,0.13,99.83
59,2025-09-13 05:00:00,8.86,3.18,0.0,0.0,89.18,6.9,7.2,7.4,0.11,99.82
59,2025-09-13 06:00:00,13.21,3.54,0.0,0.0,87.58,6.8,6.98,7.3,0.12,99.84
59,2025-09-13 07:00:00,13.1,5.6,0.0,0.0,86.7,7.6,8.1,8.6,0.15,99.93
59,2025-09-13 08:00:00,11.34,3.65,0.1,0.0,85.15,8.3,8.58,8.7,0.17,100.05
59,2025-09-13 09:00:00,12.28,5.38,13.7,6.76,93.15,7.7,7.9,8.2,0.07,100.21
59,2025-09-13 10:00:00,7.56,3.25,84.4,2.55,96.0,7.7,7.85,8.1,0.05,100.35
59,2025-09-13 11:00:00,12.89,4.54,100.3,0.76,96.13,8.4,8.6,8.7,0.04,100.43
59,2025-09-13 12:00:00,17.78,6.64,233.1,0.34,96.35,8.6,8.88,9.2,0.04,100.48
59,2025-09-13 13:00:00,14.33,6.31,448.7,0.0,94.75,9.6,10.23,10.8,0.07,100.52
59,2025-09-13 14:00:00,8.21,3.88,594.7,0.0,90.43,11.1,11.5,12.2,0.13,100.54
59,2025-09-13 15:00:00,10.91,4.42,706.7,0.0,83.08,12.7,13.35,14.1,0.26,100.49
59,2025-09-13 16:00:00,13.75,5.0,603.9,0.0,74.03,14.9,15.23,15.7,0.45,100.38
59,2025-09-13 17:00:00,10.58,3.84,546.5,0.0,65.43,16.0,16.4,16.7,0.65,100.31
59,2025-09-13 18:00:00,14.22,5.88,397.9,0.0,67.08,16.8,16.8,16.8,0.63,100.25
59,2025-09-13 19:00:00,15.77,7.38,225.2,0.0,67.4,16.2,16.38,16.6,0.61,100.23
59,2025-09-13 20:00:00,11.59,2.54,59.9,0.0,70.98,13.4,14.75,16.0,0.49,100.22
59,2025-09-13 21:00:00,3.2,1.31,0.0,0.0,79.73,11.6,12.08,12.7,0.29,100.22
59,2025-09-13 22:00:00,12.13,3.2,0.0,0.0,77.95,11.8,12.0,12.2,0.31,100.23
59,2025-09-13 23:00:00,15.95,4.8,0.0,0.0,75.7,12.1,12.28,12.4,0.35,100.21
59,2025-09-14 00:00:00,11.02,3.5,0.0,0.0,77.15,11.6,11.8,11.9,0.32,100.19
59,2025-09-14 01:00:00,8.39,2.52,0.0,0.0,80.98,10.3,10.75,11.2,0.25,100.14
59,2025-09-14 02:00:00,6.8,2.31,0.0,0.0,84.83,9.9,10.03,10.2,0.19,100.09
59,2025-09-14 03:00:00,7.31,2.61,0.0,0.0,85.83,9.6,9.75,9.9,0.17,100.03
59,2025-09-14 04:00:00,7.34,1.87,0.0,0.0,87.1,8.8,9.03,9.3,0.15,99.95
59,2025-09-14 05:00:00,4.9,1.37,0.0,0.0,87.68,8.2,8.4,8.6,0.14,99.87
59,2025-09-14 06:00:00,3.17,1.56,0.0,0.0,89.4,7.8,7.9,8.1,0.11,99.84
59,2025-09-14 07:00:00,5.8,2.12,0.0,0.0,89.78,7.4,7.73,8.0,0.11,99.83
59,2025-09-14 08:00:00,7.52,2.41,4.1,0.0,89.88,7.2,7.45,7.8,0.1,99.83
59,2025-09-14 09:00:00,10.66,4.86,90.2,0.0,86.08,8.0,8.15,8.3,0.15,99.9
59,2025-09-14 10:00:00,13.07,5.14,240.4,0.0,84.1,8.4,8.68,9.0,0.18,99.94
59,2025-09-14 11:00:00,14.44,5.83,342.7,0.0,81.08,9.7,9.98,10.1,0.23,99.91
59,2025-09-14 12:00:00,21.42,6.28,578.1,0.0,79.2,10.2,10.85,11.5,0.27,99.91
59,2025-09-14 13:00:00,13.75,5.29,380.2,0.0,72.7,11.6,11.98,12.4,0.38,99.95
59,2025-09-14 14:00:00,16.85,6.18,412.2,0.0,68.35,12.7,13.1,13.6,0.48,99.95
59,2025-09-14 15:00:00,14.04,5.11,486.5,0.0,64.1,13.9,14.8,15.6,0.61,99.89
59,2025-09-14 16:00:00,15.8,5.84,569.5,0.0,60.08,15.9,16.25,16.5,0.74,99.83
59,2025-09-14 17:00:00,16.06,5.46,609.8,0.0,58.4,16.8,17.43,17.8,0.83,99.78
59,2025-09-14 18:00:00,14.83,4.71,501.1,0.0,58.18,17.6,18.13,18.5,0.87,99.81
59,2025-09-14 19:00:00,8.06,3.49,127.5,0.0,57.48,16.8,17.2,17.4,0.83,99.87
59,2025-09-14 20:00:00,5.18,2.22,54.3,0.0,63.45,13.9,15.33,16.5,0.64,99.9
59,2025-09-14 21:00:00,6.7,3.48,0.0,0.0,75.38,11.6,12.08,12.7,0.35,99.93
59,2025-09-14 22:00:00,4.72,3.22,0.0,0.0,80.5,9.7,10.25,11.1,0.24,99.98
59,2025-09-14 23:00:00,3.71,2.45,0.0,0.0,83.7,8.5,9.1,9.6,0.19,100.02
59,2025-09-15 00:00:00,4.54,2.24,0.0,0.0,85.7,7.7,8.2,8.5,0.15,100.04
59,2025-09-15 01:00:00,4.86,3.29,0.0,0.0,90.15,6.2,6.58,7.2,0.1,100.04
59,2025-09-15 02:00:00,4.0,2.71,0.0,0.0,90.8,5.9,6.13,6.3,0.09,100.03
59,2025-09-15 03:00:00,4.57,2.58,0.0,0.0,92.93,5.1,5.25,5.5,0.06,100.02
59,2025-09-15 04:00:00,4.82,3.22,0.0,0.0,93.75,4.2,4.63,5.0,0.05,99.99
59,2025-09-15 05:00:00,4.03,2.27,0.0,0.0,93.63,3.7,3.93,4.1,0.05,99.95
59,2025-09-15 06:00:00,5.18,2.43,0.0,0.0,93.45,3.1,3.55,3.9,0.05,99.93
59,2025-09-15 07:00:00,3.82,2.51,0.0,0.02,93.88,3.2,3.35,3.6,0.05,99.94
59,2025-09-15 08:00:00,5.11,1.31,3.9,0.06,93.48,3.3,4.08,4.9,0.06,99.97
59,2025-09-15 09:00:00,6.73,2.66,61.1,0.02,95.98,5.5,5.95,6.3,0.04,100.02
59,2025-09-15 10:00:00,10.55,3.57,113.5,0.0,99.65,6.6,6.63,6.7,0.0,100.04
59,2025-09-15 11:00:00,8.14,3.65,311.8,0.0,100.18,6.7,7.03,7.7,0.0,100.02
59,2025-09-15 12:00:00,11.63,4.83,617.5,0.0,96.13,8.0,9.55,10.8,0.05,100.0
59,2025-09-15 13:00:00,19.04,5.55,672.9,0.0,77.58,11.6,13.0,14.2,0.34,100.0
59,2025-09-15 14:00:00,17.64,6.12,713.5,0.0,63.5,15.4,16.23,17.2,0.68,99.98
59,2025-09-15 15:00:00,22.03,6.39,714.2,0.0,59.0,17.8,18.28,18.8,0.86,99.89
59,2025-09-15 16:00:00,17.1,5.36,664.8,0.0,55.83,19.6,19.93,20.2,1.03,99.78
59,2025-09-15 17:00:00,17.39,5.44,556.3,0.0,52.48,20.3,20.63,20.8,1.16,99.72
59,2025-09-15 18:00:00,17.39,5.02,411.3,0.0,50.13,20.5,20.65,20.8,1.22,99.69
59,2025-09-15 19:00:00,14.51,3.9,236.5,0.0,47.73,19.9,20.28,20.5,1.25,99.69
59,2025-09-15 20:00:00,7.42,1.59,67.9,0.0,55.05,16.4,18.05,19.6,0.93,99.75
59,2025-09-15 21:00:00,4.0,1.84,0.0,0.0,65.25,12.5,13.93,15.3,0.56,99.77
59,2025-09-15 22:00:00,4.0,2.5,0.0,0.0,75.75,10.9,11.38,11.8,0.33,99.78
59,2025-09-15 23:00:00,4.5,2.23,0.0,0.0,78.93,10.2,10.5,10.8,0.27,99.8
59,2025-09-16 00:00:00,4.25,2.11,0.0,0.0,80.0,9.0,9.53,10.4,0.24,99.8
59,2025-09-16 01:00:00,3.82,2.12,0.0,0.0,80.3,8.4,8.75,9.0,0.22,99.79
59,2025-09-16 02:00:00,4.46,3.34,0.0,0.0,86.55,6.4,6.88,7.2,0.14,99.77
59,2025-09-16 03:00:00,4.86,2.82,0.0,0.0,88.8,6.3,6.7,7.0,0.11,99.71
59,2025-09-16 04:00:00,4.18,2.19,0.0,0.0,91.25,6.0,6.1,6.3,0.09,99.64
59,2025-09-16 05:00:00,4.0,2.75,0.0,0.0,93.38,5.1,5.4,5.7,0.06,99.55
59,2025-09-16 06:00:00,3.28,2.02,0.0,0.02,92.48,4.7,4.78,4.9,0.06,99.52
59,2025-09-16 07:00:00,4.18,2.34,0.0,0.0,92.05,4.6,4.75,4.9,0.07,99.53
59,2025-09-16 08:00:00,4.18,2.5,12.3,0.02,93.23,4.6,4.78,4.9,0.06,99.54
59,2025-09-16 09:00:00,6.62,2.74,155.5,0.04,96.28,4.9,5.8,6.9,0.03,99.56
59,2025-09-16 10:00:00,10.33,4.42,290.1,0.0,98.03,7.8,8.55,9.5,0.02,99.59
59,2025-09-16 11:00:00,15.34,5.9,471.1,0.0,88.48,10.2,11.13,12.0,0.16,99.58
59,2025-09-16 12:00:00,14.94,5.5,623.0,0.0,75.9,12.9,13.85,14.8,0.38,99.54
59,2025-09-16 13:00:00,19.33,5.55,676.9,0.0,62.53,15.7,16.7,17.7,0.72,99.49
59,2025-09-16 14:00:00,15.08,5.32,724.2,0.0,57.03,18.3,18.98,19.7,0.95,99.43
59,2025-09-16 15:00:00,22.39,6.19,724.8,0.0,54.2,20.2,20.5,21.0,1.11,99.37
59,2025-09-16 16:00:00,20.02,5.89,646.8,0.0,53.33,21.4,21.78,22.2,1.22,99.31
59,2025-09-16 17:00:00,17.57,5.03,563.7,0.0,54.08,22.1,22.18,22.3,1.23,99.29
59,2025-09-16 18:00:00,16.49,5.26,407.5,0.0,55.35,22.1,22.2,22.3,1.2,99.29
59,2025-09-16 19:00:00,17.75,4.48,209.3,0.0,57.23,20.9,21.5,22.0,1.1,99.31
59,2025-09-16 20:00:00,3.35,1.06,37.6,0.0,63.1,17.2,18.8,20.3,0.81,99.36
59,2025-09-16 21:00:00,2.56,1.45,0.0,0.0,72.78,15.0,15.65,16.5,0.49,99.39
59,2025-09-16 22:00:00,6.77,2.83,0.0,0.0,74.65,14.6,15.03,15.3,0.44,99.42
59,2025-09-16 23:00:00,4.5,3.07,0.0,0.0,80.43,12.6,13.3,14.2,0.3,99.42
59,2025-09-17 00:00:00,3.78,1.94,0.0,0.0,86.38,10.5,11.3,12.1,0.18,99.42
59,2025-09-17 01:00:00,4.36,2.7,0.0,0.0,90.68,9.2,9.83,10.6,0.11,99.4
59,2025-09-17 02:00:00,4.9,3.29,0.0,0.0,92.93,8.4,8.7,9.2,0.08,99.39
59,2025-09-17 03:00:00,4.86,3.45,0.0,0.0,94.03,7.8,7.98,8.3,0.07,99.39
59,2025-09-17 04:00:00,5.8,3.98,0.0,0.0,93.5,7.7,7.88,8.1,0.07,99.39
59,2025-09-17 05:00:00,6.16,3.1,0.0,0.0,93.28,7.8,8.13,8.5,0.08,99.37
59,2025-09-17 06:00:00,9.29,3.09,0.0,0.04,93.23,8.6,8.65,8.8,0.08,99.41
59,2025-09-17 07:00:00,8.35,3.25,0.0,0.04,94.1,8.8,8.88,9.0,0.07,99.49
59,2025-09-17 08:00:00,9.94,3.79,8.9,0.04,94.83,8.8,8.98,9.3,0.06,99.59
59,2025-09-17 09:00:00,13.18,6.23,48.2,0.0,94.85,10.1,10.35,10.5,0.07,99.67
59,2025-09-17 10:00:00,12.06,5.78,65.2,0.0,93.98,10.7,10.88,11.1,0.08,99.78
59,2025-09-17 11:00:00,14.18,5.45,80.4,0.0,91.1,11.4,11.7,12.0,0.12,99.88
59,2025-09-17 12:00:00,12.2,6.23,102.5,0.0,88.15,12.1,12.33,12.5,0.17,99.96
59,2025-09-17 13:00:00,14.54,6.64,114.9,0.0,85.38,12.6,12.73,12.8,0.22,99.96
59,2025-09-17 14:00:00,16.81,7.75,193.7,0.0,84.53,12.9,13.23,13.6,0.24,99.92
59,2025-09-17 15:00:00,18.0,8.82,293.1,0.0,81.1,13.9,14.15,14.4,0.31,99.91
59,2025-09-17 16:00:00,17.03,7.66,373.9,0.0,79.5,14.5,14.75,15.0,0.35,99.85
59,2025-09-17 17:00:00,15.55,6.16,260.6,0.0,76.55,15.2,15.23,15.3,0.41,99.85
59,2025-09-17 18:00:00,18.47,6.72,284.2,0.0,74.7,15.3,15.6,15.8,0.45,99.84
59,2025-09-17 19:00:00,13.21,6.19,187.7,0.0,72.65,15.7,15.83,16.0,0.49,99.88
59,2025-09-17 20:00:00,8.93,2.88,35.6,0.0,74.63,14.3,15.03,15.5,0.44,99.95
59,2025-09-17 21:00:00,6.91,1.88,0.0,0.0,80.05,12.8,13.38,13.8,0.3,99.97
59,2025-09-17 22:00:00,2.92,1.53,0.0,0.0,85.2,10.6,11.38,12.4,0.2,99.94
59,2025-09-17 23:00:00,5.11,3.5,0.0,0.0,91.03,8.9,9.38,10.0,0.11,99.97
59,2025-09-18 00:00:00,5.51,3.77,0.0,0.0,93.2,8.2,8.43,8.8,0.07,100.02
59,2025-09-18 01:00:00,5.18,3.96,0.0,0.0,94.58,7.4,7.7,7.9,0.06,100.03
59,2025-09-18 02:00:00,6.48,3.55,0.0,0.0,94.25,7.2,7.35,7.6,0.06,99.99
59,2025-09-18 03:00:00,7.67,3.78,0.0,0.0,93.8,6.6,7.05,7.5,0.06,99.93
59,2025-09-18 04:00:00,6.3,3.59,0.0,0.04,95.25,6.0,6.4,6.9,0.05,99.9
59,2025-09-18 05:00:00,11.77,4.7,0.0,0.04,93.6,6.6,6.73,6.8,0.06,99.83
59,2025-09-18 06:00:00,6.59,2.03,0.0,0.02,95.95,6.5,6.63,6.7,0.04,99.83
59,2025-09-18 07:00:00,6.77,2.73,0.0,0.02,95.43,5.9,6.25,6.5,0.04,99.83
59,2025-09-18 08:00:00,9.58,4.47,10.5,0.0,93.3,7.2,7.83,8.3,0.07,99.81
59,2025-09-18 09:00:00,6.55,2.92,78.8,0.0,94.95,8.4,8.7,9.0,0.06,99.84
59,2025-09-18 10:00:00,7.88,3.1,158.5,0.0,97.63,9.2,9.3,9.4,0.03,99.85
59,2025-09-18 11:00:00,7.92,2.81,429.1,0.0,95.25,9.8,10.8,12.0,0.06,99.83
59,2025-09-18 12:00:00,10.87,4.36,631.6,0.0,81.1,13.3,13.78,14.3,0.3,99.82
59,2025-09-18 13:00:00,12.53,4.83,695.7,0.0,72.65,14.8,15.33,16.1,0.48,99.78
59,2025-09-18 14:00:00,17.89,5.31,726.4,0.0,66.43,16.1,16.63,17.3,0.64,99.72
59,2025-09-18 15:00:00,13.97,4.83,725.2,0.0,60.1,17.5,18.1,18.7,0.83,99.63
59,2025-09-18 16:00:00,13.72,4.99,695.7,0.0,57.33,19.0,19.33,19.6,0.96,99.56
59,2025-09-18 17:00:00,15.48,5.18,558.5,0.0,54.43,19.8,19.85,19.9,1.06,99.52
59,2025-09-18 18:00:00,13.72,4.71,375.9,0.0,54.48,19.9,19.98,20.0,1.07,99.54
59,2025-09-18 19:00:00,10.4,3.41,211.1,0.0,54.83,19.8,19.9,20.1,1.05,99.57
59,2025-09-18 20:00:00,4.64,2.24,74.1,0.0,60.85,16.1,18.03,19.9,0.82,99.62
59,2025-09-18 21:00:00,10.69,3.74,0.0,0.0,70.73,14.1,14.65,15.4,0.49,99.68
59,2025-09-18 22:00:00,8.68,2.39,0.0,0.0,79.18,12.7,13.6,14.4,0.33,99.72
59,2025-09-18 23:00:00,3.85,2.36,0.0,0.0,85.03,11.1,11.73,12.3,0.21,99.72
59,2025-09-19 00:00:00,3.67,2.56,0.0,0.0,89.83,9.7,10.3,10.8,0.13,99.71
59,2025-09-19 01:00:00,4.14,3.21,0.0,0.0,92.7,8.6,9.08,9.4,0.09,99.69
59,2025-09-19 02:00:00,4.75,2.46,0.0,0.0,92.1,7.9,8.13,8.5,0.09,99.69
59,2025-09-19 03:00:00,4.64,1.96,0.0,0.0,91.73,8.0,8.1,8.3,0.09,99.7
59,2025-09-19 04:00:00,5.72,2.76,0.0,0.0,92.7,7.7,7.78,7.9,0.08,99.71
59,2025-09-19 05:00:00,5.29,2.5,0.0,0.0,92.5,7.8,8.13,8.3,0.08,99.68
59,2025-09-19 06:00:00,5.29,2.87,0.0,0.0,93.83,7.4,7.68,7.9,0.06,99.66
59,2025-09-19 07:00:00,7.42,3.29,0.0,0.02,92.1,7.8,7.95,8.1,0.08,99.67
59,2025-09-19 08:00:00,7.42,3.16,11.5,0.0,92.2,7.4,7.7,7.9,0.08,99.69
59,2025-09-19 09:00:00,4.86,2.37,122.4,0.04,93.2,7.8,8.25,9.2,0.08,99.71
59,2025-09-19 10:00:00,9.29,3.17,327.7,0.0,91.9,9.9,11.13,12.1,0.11,99.75
59,2025-09-19 11:00:00,10.55,4.27,477.3,0.0,86.45,12.3,12.93,13.7,0.2,99.71
59,2025-09-19 12:00:00,12.1,4.27,578.3,0.0,79.35,14.3,14.95,15.7,0.35,99.65
59,2025-09-19 13:00:00,12.31,4.52,545.5,0.0,72.48,16.2,16.4,16.6,0.51,99.62
59,2025-09-19 14:00:00,13.93,4.46,572.9,0.0,67.68,16.8,17.45,18.2,0.65,99.61
59,2025-09-19 15:00:00,12.38,5.25,660.5,0.0,61.93,18.4,18.9,19.5,0.83,99.57
59,2025-09-19 16:00:00,12.89,5.05,594.0,0.0,55.1,19.3,19.68,19.8,1.03,99.47
59,2025-09-19 17:00:00,16.31,7.47,364.7,0.0,47.38,19.5,19.85,20.1,1.22,99.43
59,2025-09-19 18:00:00,15.52,7.04,235.4,0.0,50.65,19.2,19.43,19.6,1.12,99.42
59,2025-09-19 19:00:00,15.98,5.1,84.5,0.0,57.23,17.4,18.35,19.0,0.91,99.43
59,2025-09-19 20:00:00,11.45,3.39,18.0,0.0,70.33,15.7,16.28,16.9,0.55,99.45
59,2025-09-19 21:00:00,7.56,1.9,0.0,0.0,74.8,14.6,15.0,15.4,0.43,99.46
59,2025-09-19 22:00:00,12.71,4.46,0.0,0.0,75.78,14.1,14.45,14.8,0.4,99.55
59,2025-09-19 23:00:00,22.72,9.42,0.0,0.0,71.8,14.0,14.23,14.4,0.46,99.67
59,2025-09-20 00:00:00,23.51,7.19,0.0,0.0,76.23,12.9,13.18,13.6,0.36,99.77
59,2025-09-20 01:00:00,16.99,7.65,0.0,0.0,79.25,12.6,12.75,12.8,0.31,99.77
59,2025-09-20 02:00:00,30.28,13.39,0.0,0.0,77.3,13.0,13.18,13.3,0.34,99.73
59,2025-09-20 03:00:00,30.82,12.02,0.0,0.12,77.43,12.7,12.95,13.1,0.34,99.75
59,2025-09-20 04:00:00,13.9,6.71,0.0,2.9,90.28,10.9,11.3,12.2,0.14,99.77
59,2025-09-20 05:00:00,12.74,4.4,0.0,0.76,93.08,11.0,11.1,11.2,0.09,99.73
59,2025-09-20 06:00:00,9.68,3.06,0.0,5.04,94.68,10.7,10.8,11.0,0.07,99.74
59,2025-09-20 07:00:00,14.08,6.11,0.0,1.15,96.03,10.4,10.58,10.7,0.05,99.78
59,2025-09-20 08:00:00,13.1,6.05,0.8,3.47,96.63,9.9,10.2,10.4,0.04,99.83
59,2025-09-20 09:00:00,16.81,7.13,39.1,0.07,97.28,9.8,9.88,10.0,0.03,99.89
59,2025-09-20 10:00:00,14.98,7.93,89.2,0.22,98.45,10.0,10.05,10.2,0.02,99.97
59,2025-09-20 11:00:00,16.74,7.7,238.0,0.29,99.28,10.2,10.63,11.1,0.01,100.03
59,2025-09-20 12:00:00,20.09,8.87,457.7,0.0,99.63,11.2,11.28,11.5,0.01,100.01
59,2025-09-20 13:00:00,27.54,11.49,378.2,0.0,99.18,11.4,11.55,11.6,0.01,99.99
59,2025-09-20 14:00:00,31.1,14.77,750.2,0.05,98.68,11.8,11.93,12.2,0.02,99.96
59,2025-09-20 15:00:00,24.95,11.51,146.3,2.41,96.55,11.3,11.55,11.8,0.05,99.96
59,2025-09-20 16:00:00,22.86,8.85,421.0,0.02,98.9,11.2,11.4,11.6,0.02,99.91
59,2025-09-20 17:00:00,26.71,11.64,346.3,1.89,98.8,11.1,11.55,11.9,0.02,99.87
59,2025-09-20 18:00:00,23.54,9.28,377.3,0.03,99.73,12.2,12.28,12.4,0.0,99.9
59,2025-09-20 19:00:00,23.65,9.72,266.2,0.0,89.73,12.0,12.55,13.6,0.15,99.95
59,2025-09-20 20:00:00,13.79,6.57,35.6,0.0,79.45,12.6,12.93,13.4,0.31,99.97
59,2025-09-20 21:00:00,15.8,7.27,0.0,0.0,82.4,11.6,11.93,12.3,0.25,100.0
59,2025-09-20 22:00:00,17.03,6.0,0.0,0.0,84.2,11.2,11.43,11.6,0.22,100.02
59,2025-09-20 23:00:00,17.68,6.75,0.0,0.1,85.2,10.9,11.08,11.2,0.2,100.02
59,2025-09-21 00:00:00,26.57,6.53,0.0,13.15,93.4,6.8,8.88,10.6,0.08,100.03
59,2025-09-21 01:00:00,,,0.0,0.95,95.03,6.5,6.55,6.6,0.05,100.03
59,2025-09-21 02:00:00,,,0.0,0.0,95.85,6.8,6.83,6.9,0.04,100.02
59,2025-09-21 03:00:00,,,0.0,0.0,96.2,7.0,7.15,7.3,0.04,100.0
59,2025-09-21 04:00:00,,,0.0,0.02,97.18,7.4,7.55,7.7,0.03,100.01
59,2025-09-21 05:00:00,,,0.0,0.0,97.93,7.0,7.05,7.2,0.02,99.99
59,2025-09-21 06:00:00,,,0.0,2.28,96.25,6.9,7.0,7.1,0.04,99.99
59,2025-09-21 07:00:00,,,0.0,0.21,96.1,7.1,7.25,7.4,0.04,100.04
59,2025-09-21 08:00:00,,,6.2,0.39,96.73,7.5,7.6,7.7,0.04,100.1
59,2025-09-21 09:00:00,,,27.6,1.69,97.4,7.5,7.55,7.6,0.03,100.16
59,2025-09-21 10:00:00,,,70.2,3.88,97.33,7.5,7.65,7.8,0.03,100.25
59,2025-09-21 11:00:00,,,177.3,0.41,98.05,8.0,8.2,8.6,0.02,100.29
59,2025-09-21 12:00:00,,,224.1,1.37,99.13,8.9,8.95,9.0,0.01,100.32
59,2025-09-21 13:00:00,,,230.3,1.96,98.38,8.9,9.08,9.3,0.02,100.36
59,2025-09-21 14:00:00,,,499.7,0.0,98.8,9.7,10.3,10.6,0.02,100.35
59,2025-09-21 15:00:00,,,294.3,0.03,98.25,10.1,10.2,10.3,0.02,100.37
59,2025-09-21 16:00:00,,,250.3,0.8,95.65,10.2,10.35,10.6,0.06,100.39
59,2025-09-21 17:00:00,19.84,9.38,373.4,0.29,88.68,11.4,11.75,12.1,0.16,100.4
59,2025-09-21 18:00:00,22.72,8.79,334.7,0.0,84.68,12.0,12.18,12.4,0.22,100.44
59,2025-09-21 19:00:00,19.04,7.32,317.7,0.0,81.5,11.8,12.2,12.6,0.26,100.51
59,2025-09-21 20:00:00,10.76,3.98,73.8,0.0,83.23,10.6,11.35,12.0,0.23,100.56
59,2025-09-21 21:00:00,4.21,2.25,0.0,0.0,89.08,9.0,9.53,10.0,0.13,100.6
59,2025-09-21 22:00:00,5.72,3.49,0.0,0.0,92.93,7.7,8.08,8.6,0.08,100.64
59,2025-09-21 23:00:00,6.01,3.5,0.0,0.0,92.33,7.0,7.45,8.0,0.08,100.65
59,2025-09-22 00:00:00,6.66,3.68,0.0,0.0,92.53,6.5,6.78,7.2,0.08,100.58
59,2025-09-22 01:00:00,8.64,2.6,0.0,0.0,92.68,5.7,6.23,6.9,0.07,100.51
59,2025-09-22 02:00:00,3.96,2.35,0.0,0.02,94.05,5.2,5.38,5.7,0.06,100.46
59,2025-09-22 03:00:00,3.53,2.04,0.0,0.0,93.55,5.0,5.08,5.2,0.06,100.43
59,2025-09-22 04:00:00,2.66,1.77,0.0,0.04,93.58,4.2,4.5,4.8,0.06,100.36
59,2025-09-22 05:00:00,3.17,1.99,0.0,0.02,94.5,4.0,4.18,4.4,0.05,100.3
59,2025-09-22 06:00:00,4.36,2.25,0.0,0.04,96.1,4.9,5.0,5.1,0.04,100.28
59,2025-09-22 07:00:00,6.34,2.75,0.0,0.02,98.13,4.8,4.8,4.8,0.02,100.25
59,2025-09-22 08:00:00,8.93,3.1,9.7,0.04,98.68,4.4,4.53,4.7,0.01,100.21
59,2025-09-22 09:00:00,4.86,1.94,65.1,0.02,99.3,4.2,4.3,4.4,0.0,100.2
59,2025-09-22 10:00:00,6.41,2.81,158.3,0.0,99.85,4.8,4.95,5.1,0.0,100.2
59,2025-09-22 11:00:00,8.64,2.3,315.1,0.02,99.95,5.3,5.65,5.9,0.0,100.2
59,2025-09-22 12:00:00,9.14,3.19,640.5,0.0,99.23,6.2,8.18,10.1,0.01,100.18
59,2025-09-22 13:00:00,13.79,4.83,745.9,0.0,88.08,11.1,12.23,13.2,0.17,100.15
59,2025-09-22 14:00:00,18.07,5.26,760.7,0.0,78.68,13.6,14.3,15.1,0.35,100.07
59,2025-09-22 15:00:00,14.8,5.21,739.9,0.0,68.75,15.0,15.83,16.6,0.56,99.95
59,2025-09-22 16:00:00,20.63,5.2,697.0,0.0,64.98,16.6,17.1,17.3,0.69,99.82
59,2025-09-22 17:00:00,16.06,4.11,555.2,0.0,64.63,17.4,17.55,17.6,0.71,99.74
59,2025-09-22 18:00:00,15.16,3.85,348.9,0.0,65.58,17.2,17.38,17.5,0.68,99.68
59,2025-09-22 19:00:00,11.27,3.11,200.7,0.0,62.4,16.6,16.93,17.2,0.73,99.64
59,2025-09-22 20:00:00,6.52,1.54,54.1,0.0,64.43,14.6,15.53,16.1,0.63,99.61
59,2025-09-22 21:00:00,2.92,1.33,0.0,0.0,76.1,11.6,12.5,13.7,0.35,99.61
59,2025-09-22 22:00:00,8.06,2.1,0.0,0.0,77.68,11.1,11.3,11.5,0.3,99.6
59,2025-09-22 23:00:00,3.89,1.38,0.0,0.0,81.75,9.4,10.28,11.2,0.23,99.55
59,2025-09-23 00:00:00,3.53,1.49,0.0,0.0,84.83,8.9,9.03,9.1,0.18,99.5
59,2025-09-23 01:00:00,4.03,1.85,0.0,0.0,87.38,7.6,8.05,8.4,0.14,99.43
59,2025-09-23 02:00:00,3.96,2.33,0.0,0.0,91.45,6.2,6.58,7.1,0.08,99.4
59,2025-09-23 03:00:00,4.61,2.99,0.0,0.0,92.98,5.5,5.73,6.0,0.06,99.4
59,2025-09-23 04:00:00,5.58,3.34,0.0,0.0,94.1,4.8,5.05,5.2,0.05,99.4
59,2025-09-23 05:00:00,5.72,3.52,0.0,0.0,94.6,4.3,4.45,4.6,0.05,99.4
59,2025-09-23 06:00:00,4.32,2.65,0.0,0.02,94.63,3.8,3.95,4.2,0.04,99.44
59,2025-09-23 07:00:00,3.78,2.56,0.0,0.02,94.53,3.6,3.78,3.9,0.05,99.52
59,2025-09-23 08:00:00,7.2,2.47,8.6,0.02,93.53,3.7,4.43,5.2,0.05,99.6
59,2025-09-23 09:00:00,2.99,1.3,79.8,0.02,97.08,5.4,5.63,5.9,0.03,99.72
59,2025-09-23 10:00:00,5.9,1.48,304.2,0.0,99.85,6.4,7.23,8.2,0.0,99.81
59,2025-09-23 11:00:00,9.5,3.38,504.0,0.0,94.88,9.1,10.48,11.8,0.07,99.9
59,2025-09-23 12:00:00,10.76,4.77,648.8,0.0,83.25,12.0,12.78,13.3,0.25,99.96
59,2025-09-23 13:00:00,15.48,5.27,727.9,0.0,75.88,13.9,14.53,15.2,0.4,99.97
59,2025-09-23 14:00:00,13.5,4.5,749.5,0.0,70.0,15.2,16.15,17.0,0.55,99.97
59,2025-09-23 15:00:00,19.22,5.28,746.7,0.0,64.1,17.4,17.88,18.4,0.74,99.97
59,2025-09-23 16:00:00,13.72,5.05,699.1,0.0,57.15,18.8,19.23,19.8,0.96,99.91
59,2025-09-23 17:00:00,10.94,4.34,602.1,0.0,54.15,20.0,20.15,20.4,1.08,99.88
59,2025-09-23 18:00:00,11.45,3.97,455.6,0.0,50.93,20.7,20.8,20.9,1.21,99.87
59,2025-09-23 19:00:00,9.86,2.55,258.4,0.0,50.83,20.7,20.9,21.1,1.22,99.92
59,2025-09-23 20:00:00,3.31,1.02,76.7,0.0,56.03,16.9,18.8,20.8,0.97,99.94
59,2025-09-23 21:00:00,3.71,2.04,0.0,0.0,71.05,14.0,14.78,15.7,0.49,99.95
59,2025-09-23 22:00:00,6.19,2.66,0.0,0.0,73.35,13.2,13.53,13.7,0.41,99.95
59,2025-09-23 23:00:00,4.21,2.2,0.0,0.0,80.83,11.0,11.65,12.5,0.27,99.92
59,2025-09-24 00:00:00,4.03,2.46,0.0,0.0,86.83,9.7,10.08,10.4,0.16,99.88
59,2025-09-24 01:00:00,4.28,2.55,0.0,0.0,90.68,8.4,8.83,9.4,0.11,99.84
59,2025-09-24 02:00:00,4.03,2.65,0.0,0.0,92.83,7.6,7.85,8.1,0.08,99.8
59,2025-09-24 03:00:00,4.54,2.8,0.0,0.0,93.48,7.3,7.48,7.6,0.07,99.79
59,2025-09-24 04:00:00,4.61,3.04,0.0,0.0,95.08,6.2,6.58,7.0,0.05,99.75
59,2025-09-24 05:00:00,4.14,2.94,0.0,0.0,93.7,6.3,6.38,6.4,0.06,99.72
59,2025-09-24 06:00:00,4.25,2.66,0.0,0.04,93.73,5.9,6.15,6.4,0.06,99.7
59,2025-09-24 07:00:00,3.78,1.81,0.0,0.02,94.83,5.2,5.65,6.4,0.05,99.7
59,2025-09-24 08:00:00,4.25,2.22,23.3,0.02,95.43,4.0,4.38,4.7,0.04,99.7
59,2025-09-24 09:00:00,4.21,2.27,178.5,0.02,98.25,4.6,6.15,7.9,0.02,99.73
59,2025-09-24 10:00:00,8.39,2.89,356.9,0.0,98.85,8.9,10.2,11.4,0.02,99.79
59,2025-09-24 11:00:00,13.1,4.87,501.6,0.02,87.5,11.8,12.35,13.0,0.18,99.79
59,2025-09-24 12:00:00,13.21,4.56,627.5,0.0,76.05,13.7,14.83,15.8,0.41,99.74
59,2025-09-24 13:00:00,12.96,4.25,721.5,0.0,67.35,16.4,17.53,18.4,0.66,99.67
59,2025-09-24 14:00:00,13.68,5.3,754.0,0.0,62.45,18.6,19.38,20.4,0.85,99.61
59,2025-09-24 15:00:00,12.56,4.56,750.1,0.0,58.45,20.8,21.43,22.1,1.06,99.53
59,2025-09-24 16:00:00,13.32,5.53,704.4,0.0,56.13,22.3,22.75,23.1,1.22,99.48
59,2025-09-24 17:00:00,12.82,4.18,600.7,0.0,54.6,23.3,23.5,23.6,1.31,99.45
59,2025-09-24 18:00:00,11.16,2.72,417.1,0.0,51.45,23.8,23.9,24.2,1.44,99.44
59,2025-09-24 19:00:00,11.23,2.85,264.1,0.0,47.5,23.4,23.9,24.4,1.56,99.45
59,2025-09-24 20:00:00,4.61,1.69,71.6,0.0,58.13,18.3,20.45,22.3,1.02,99.48
59,2025-09-24 21:00:00,4.75,3.39,0.0,0.0,72.83,14.4,15.5,17.0,0.48,99.49
59,2025-09-24 22:00:00,5.54,3.41,0.0,0.0,83.03,12.5,13.08,13.8,0.26,99.48
59,2025-09-24 23:00:00,9.07,4.15,0.0,0.0,82.7,12.3,13.5,14.6,0.27,99.46
59,2025-09-25 00:00:00,6.44,2.52,0.0,0.0,87.3,12.2,13.13,14.4,0.19,99.46
59,2025-09-25 01:00:00,10.19,4.11,0.0,0.0,83.45,12.0,12.98,13.6,0.25,99.46
59,2025-09-25 02:00:00,7.99,3.58,0.0,0.0,81.48,11.7,12.5,13.6,0.27,99.47
59,2025-09-25 03:00:00,8.1,4.44,0.0,0.0,83.63,10.8,11.25,11.6,0.22,99.47
59,2025-09-25 04:00:00,11.92,4.97,0.0,0.0,81.85,10.3,11.03,11.4,0.24,99.47
59,2025-09-25 05:00:00,7.02,3.18,0.0,0.0,86.03,8.9,9.58,10.3,0.17,99.51
59,2025-09-25 06:00:00,6.52,4.0,0.0,0.0,88.73,8.0,8.48,9.2,0.13,99.52
59,2025-09-25 07:00:00,10.4,4.15,0.0,0.0,86.58,9.4,9.75,10.0,0.16,99.57
59,2025-09-25 08:00:00,11.16,4.47,15.3,0.0,84.6,9.9,10.15,10.3,0.19,99.6
59,2025-09-25 09:00:00,11.05,4.88,177.5,0.0,81.1,10.9,11.95,13.1,0.27,99.62
59,2025-09-25 10:00:00,10.37,5.05,367.7,0.0,82.65,13.4,14.03,15.1,0.28,99.65
59,2025-09-25 11:00:00,15.41,7.62,538.1,0.0,72.35,15.7,16.98,17.9,0.54,99.65
59,2025-09-25 12:00:00,16.13,8.57,672.8,0.0,61.78,18.5,19.33,20.2,0.86,99.65
59,2025-09-25 13:00:00,18.29,8.76,737.7,0.0,54.18,20.6,21.0,21.4,1.14,99.64
59,2025-09-25 14:00:00,19.73,9.21,773.0,0.0,44.48,21.8,22.53,23.1,1.52,99.61
59,2025-09-25 15:00:00,21.13,11.22,773.7,0.0,36.4,22.7,22.9,23.1,1.78,99.55
59,2025-09-25 16:00:00,23.26,12.85,697.7,0.0,40.5,22.7,22.93,23.2,1.67,99.52
59,2025-09-25 17:00:00,28.22,14.92,568.5,0.0,52.0,20.5,21.65,22.4,1.25,99.54
59,2025-09-25 18:00:00,20.45,12.01,367.7,0.0,64.1,19.1,19.33,19.8,0.81,99.61
59,2025-09-25 19:00:00,27.54,14.28,239.2,0.0,67.08,16.5,17.63,18.8,0.67,99.69
59,2025-09-25 20:00:00,24.48,10.39,65.2,0.0,71.5,14.7,15.23,15.8,0.5,99.77
59,2025-09-25 21:00:00,8.53,2.94,0.0,0.0,74.3,14.2,14.35,14.5,0.42,99.85
59,2025-09-25 22:00:00,12.67,4.47,0.0,0.0,75.88,13.1,13.58,14.0,0.38,99.93
59,2025-09-25 23:00:00,14.15,3.78,0.0,0.0,76.5,12.8,12.93,13.0,0.35,99.96
59,2025-09-26 00:00:00,4.79,1.93,0.0,0.0,79.23,12.0,12.33,12.7,0.3,99.88
59,2025-09-26 01:00:00,4.57,2.32,0.0,0.0,83.88,11.0,11.4,11.7,0.22,99.83
59,2025-09-26 02:00:00,7.49,2.54,0.0,0.0,86.58,10.6,10.73,10.8,0.17,99.82
59,2025-09-26 03:00:00,7.27,3.12,0.0,0.0,86.23,10.6,10.73,10.8,0.18,99.83
59,2025-09-26 04:00:00,4.43,1.58,0.0,0.0,86.95,10.9,10.95,11.0,0.17,99.8
59,2025-09-26 05:00:00,5.11,2.35,0.0,0.0,86.73,11.1,11.15,11.2,0.18,99.75
59,2025-09-26 06:00:00,5.33,2.61,0.0,0.0,88.23,11.1,11.15,11.2,0.16,99.76
59,2025-09-26 07:00:00,7.81,2.92,0.0,0.0,90.5,10.8,10.98,11.1,0.13,99.83
59,2025-09-26 08:00:00,7.6,3.13,8.6,0.83,92.98,10.6,10.73,10.8,0.09,99.91
59,2025-09-26 09:00:00,10.08,4.68,24.4,5.27,94.83,10.6,10.65,10.7,0.07,100.01
59,2025-09-26 10:00:00,8.17,3.87,28.9,7.94,96.05,10.6,10.7,10.8,0.05,100.12
59,2025-09-26 11:00:00,11.16,3.49,94.6,3.66,97.15,10.7,10.85,10.9,0.04,100.16
59,2025-09-26 12:00:00,11.02,4.38,155.7,1.06,97.5,11.2,11.5,11.7,0.04,100.2
59,2025-09-26 13:00:00,13.9,4.94,132.5,0.07,95.58,11.7,11.8,11.9,0.06,100.3
59,2025-09-26 14:00:00,9.65,2.66,96.9,0.0,94.83,11.8,11.95,12.1,0.08,100.39
59,2025-09-26 15:00:00,17.78,6.61,141.4,2.23,94.38,9.8,10.95,12.0,0.07,100.49
59,2025-09-26 16:00:00,22.75,7.66,282.1,0.44,99.2,8.8,8.93,9.0,0.01,100.56
59,2025-09-26 17:00:00,27.97,11.91,629.9,0.0,90.75,9.9,11.45,12.5,0.13,100.6
59,2025-09-26 18:00:00,27.25,10.48,209.3,0.0,77.1,11.6,11.7,11.8,0.32,100.64
59,2025-09-26 19:00:00,19.22,7.81,63.3,0.33,82.85,10.8,11.1,11.6,0.23,100.75
59,2025-09-26 20:00:00,10.76,4.28,44.5,0.04,86.65,10.1,10.48,10.7,0.17,100.79
59,2025-09-26 21:00:00,4.57,2.65,0.0,0.0,90.13,9.5,9.75,10.0,0.12,100.86
59,2025-09-26 22:00:00,4.18,2.86,0.0,0.0,92.15,9.2,9.48,9.6,0.1,100.9
59,2025-09-26 23:00:00,5.94,3.84,0.0,0.0,92.68,8.6,8.88,9.1,0.08,100.9
59,2025-09-27 00:00:00,4.82,3.2,0.0,0.0,94.15,7.2,7.65,8.2,0.06,100.88
59,2025-09-27 01:00:00,7.56,4.0,0.0,0.0,90.95,7.5,7.78,8.0,0.1,100.83
59,2025-09-27 02:00:00,4.54,2.24,0.0,0.0,93.88,5.9,6.63,7.4,0.06,100.77
59,2025-09-27 03:00:00,4.03,2.02,0.0,0.0,93.13,5.3,5.48,5.8,0.06,100.68
59,2025-09-27 04:00:00,5.08,2.98,0.0,0.02,95.08,4.5,4.7,5.1,0.04,100.62
59,2025-09-27 05:00:00,5.15,2.76,0.0,0.02,94.48,4.1,4.33,4.4,0.05,100.58
59,2025-09-27 06:00:00,4.21,1.38,0.0,0.06,95.55,3.6,3.85,4.0,0.04,100.6
59,2025-09-27 07:00:00,3.96,1.75,0.0,0.04,96.2,3.5,3.7,4.0,0.03,100.59
59,2025-09-27 08:00:00,6.95,2.49,20.8,0.04,98.18,3.4,3.83,4.1,0.02,100.61
59,2025-09-27 09:00:00,7.6,2.99,96.8,0.0,99.83,3.3,3.58,4.1,0.0,100.57
59,2025-09-27 10:00:00,8.68,3.35,251.9,0.02,99.98,4.2,4.68,5.3,0.0,100.57
59,2025-09-27 11:00:00,12.78,4.51,539.6,0.0,99.48,5.8,7.43,9.7,0.01,100.55
59,2025-09-27 12:00:00,17.57,5.06,680.0,0.0,82.4,11.6,13.25,14.4,0.28,100.5
59,2025-09-27 13:00:00,15.52,4.7,763.2,0.0,67.8,15.0,15.48,16.2,0.57,100.43
59,2025-09-27 14:00:00,21.31,5.19,782.7,0.0,61.43,16.6,17.23,17.8,0.76,100.35
59,2025-09-27 15:00:00,20.38,6.11,779.1,0.0,60.23,17.8,18.3,18.6,0.84,100.29
59,2025-09-27 16:00:00,19.15,5.85,723.7,0.0,57.7,18.3,18.98,19.5,0.93,100.23
59,2025-09-27 17:00:00,17.71,5.04,616.0,0.0,53.35,19.6,19.6,19.6,1.07,100.17
59,2025-09-27 18:00:00,11.2,3.24,461.5,0.0,50.4,19.8,19.93,20.0,1.16,100.12
59,2025-09-27 19:00:00,10.58,2.53,276.9,0.0,51.73,19.3,19.6,19.8,1.1,100.07
59,2025-09-27 20:00:00,5.8,1.13,97.3,0.0,55.78,15.9,17.98,19.2,0.92,100.06
59,2025-09-27 21:00:00,2.63,1.38,0.0,0.0,65.18,12.7,13.68,14.9,0.55,100.08
59,2025-09-27 22:00:00,3.74,2.13,0.0,0.0,73.85,11.1,11.58,12.3,0.36,100.05
59,2025-09-27 23:00:00,3.42,2.32,0.0,0.0,82.73,9.3,9.83,10.3,0.21,100.0
59,2025-09-28 00:00:00,4.25,3.01,0.0,0.0,88.33,8.2,8.48,8.9,0.13,99.97
59,2025-09-28 01:00:00,5.0,2.81,0.0,0.0,90.1,7.4,7.73,8.2,0.11,99.94
59,2025-09-28 02:00:00,4.97,3.25,0.0,0.0,92.45,6.6,6.98,7.3,0.08,99.91
59,2025-09-28 03:00:00,4.64,2.83,0.0,0.0,93.4,6.1,6.43,6.6,0.07,99.89
59,2025-09-28 04:00:00,3.67,2.03,0.0,0.0,92.58,6.1,6.18,6.2,0.07,99.85
59,2025-09-28 05:00:00,3.13,1.59,0.0,0.0,92.68,6.0,6.18,6.4,0.07,99.81
59,2025-09-28 06:00:00,2.52,1.39,0.0,0.0,93.58,5.5,5.8,5.9,0.06,99.8
59,2025-09-28 07:00:00,3.2,1.81,0.0,0.02,93.08,5.5,5.63,5.8,0.06,99.84
59,2025-09-28 08:00:00,2.81,1.54,22.7,0.02,95.18,5.1,5.38,5.6,0.04,99.86
59,2025-09-28 09:00:00,7.99,2.5,207.2,0.0,98.15,5.6,6.33,7.4,0.02,99.86
59,2025-09-28 10:00:00,9.94,3.57,309.8,0.02,98.15,8.8,9.6,10.4,0.02,99.91
59,2025-09-28 11:00:00,10.33,3.5,406.5,0.0,82.55,11.1,12.1,12.9,0.25,99.93
59,2025-09-28 12:00:00,17.32,5.0,621.3,0.0,67.58,13.6,14.8,15.6,0.55,99.9
59,2025-09-28 13:00:00,21.42,5.64,699.7,0.0,62.58,16.8,17.05,17.2,0.73,99.86
59,2025-09-28 14:00:00,18.18,4.76,724.7,0.0,62.5,17.4,17.45,17.5,0.75,99.83
59,2025-09-28 15:00:00,12.85,4.15,437.0,0.0,61.93,17.6,17.78,18.0,0.78,99.8
59,2025-09-28 16:00:00,15.55,3.95,458.3,0.0,63.1,18.3,18.4,18.6,0.78,99.78
59,2025-09-28 17:00:00,14.18,3.12,285.4,0.0,67.38,17.4,17.73,18.1,0.66,99.78
59,2025-09-28 18:00:00,10.26,2.12,167.5,0.0,69.03,16.9,17.13,17.3,0.61,99.79
59,2025-09-28 19:00:00,8.03,2.2,99.5,0.0,70.2,16.5,16.65,16.8,0.56,99.8
59,2025-09-28 20:00:00,3.85,1.4,37.4,0.0,75.43,14.9,15.6,16.3,0.44,99.81
59,2025-09-28 21:00:00,2.7,1.34,0.0,0.0,82.25,13.8,14.08,14.5,0.29,99.86
59,2025-09-28 22:00:00,3.92,1.35,0.0,0.0,85.05,13.3,13.43,13.6,0.23,99.91
59,2025-09-28 23:00:00,5.36,1.9,0.0,0.0,86.48,12.9,13.23,13.4,0.21,99.94
59,2025-09-29 00:00:00,3.64,1.49,0.0,0.0,89.5,12.4,12.58,12.8,0.16,99.95
59,2025-09-29 01:00:00,5.47,1.19,0.0,0.0,92.08,12.0,12.15,12.3,0.11,99.92
59,2025-09-29 02:00:00,9.97,2.42,0.0,0.0,92.63,12.0,12.1,12.2,0.11,99.94
59,2025-09-29 03:00:00,9.5,2.94,0.0,0.0,92.0,11.9,11.93,12.0,0.11,99.97
59,2025-09-29 04:00:00,8.96,2.72,0.0,0.0,91.73,11.7,11.83,11.9,0.12,99.97
59,2025-09-29 05:00:00,11.77,2.26,0.0,0.0,91.9,11.3,11.43,11.6,0.11,99.98
59,2025-09-29 06:00:00,13.43,2.44,0.0,0.0,91.53,11.4,11.45,11.5,0.12,100.01
59,2025-09-29 07:00:00,7.67,2.44,0.0,0.0,90.08,11.4,11.45,11.5,0.14,100.07
59,2025-09-29 08:00:00,9.0,2.44,7.7,0.0,88.88,11.4,11.43,11.5,0.15,100.15
59,2025-09-29 09:00:00,9.4,2.59,56.4,0.0,87.33,11.4,11.4,11.4,0.17,100.27
59,2025-09-29 10:00:00,7.88,2.85,137.6,0.0,86.13,11.4,11.55,11.7,0.19,100.34
59,2025-09-29 11:00:00,17.78,3.85,295.2,0.0,85.83,11.8,12.05,12.2,0.2,100.38
59,2025-09-29 12:00:00,17.32,4.94,706.0,0.0,80.65,12.9,13.73,14.7,0.31,100.39
59,2025-09-29 13:00:00,20.2,5.43,747.5,0.0,68.73,15.5,16.03,16.5,0.57,100.37
59,2025-09-29 14:00:00,20.77,5.59,708.9,0.0,66.43,16.6,16.98,17.3,0.65,100.35
59,2025-09-29 15:00:00,13.61,4.8,775.3,0.0,64.28,16.9,17.48,18.0,0.71,100.31
59,2025-09-29 16:00:00,16.24,5.2,728.1,0.0,63.5,18.2,18.33,18.5,0.77,100.24
59,2025-09-29 17:00:00,15.05,4.73,607.2,0.0,61.25,18.7,18.98,19.1,0.85,100.2
59,2025-09-29 18:00:00,18.54,4.75,455.3,0.0,60.88,18.9,19.2,19.5,0.87,100.2
59,2025-09-29 19:00:00,14.11,2.79,274.6,0.0,60.93,18.1,18.55,19.0,0.83,100.24
59,2025-09-29 20:00:00,7.7,1.83,96.4,0.0,59.43,15.4,16.73,17.7,0.78,100.31
59,2025-09-29 21:00:00,6.37,1.16,0.0,0.0,63.5,12.6,13.38,14.4,0.56,100.38
59,2025-09-29 22:00:00,6.73,1.79,0.0,0.0,65.25,11.8,12.13,12.6,0.49,100.39
59,2025-09-29 23:00:00,11.12,3.48,0.0,0.0,65.7,11.6,12.05,12.3,0.49,100.41
59,2025-09-30 00:00:00,4.43,1.26,0.0,0.0,72.48,9.5,10.1,11.0,0.34,100.4
59,2025-09-30 01:00:00,4.46,1.49,0.0,0.0,79.58,8.4,8.9,9.4,0.23,100.37
59,2025-09-30 02:00:00,5.54,1.59,0.0,0.0,86.2,7.0,7.45,8.1,0.14,100.37
59,2025-09-30 03:00:00,7.02,2.35,0.0,0.0,87.05,7.0,7.43,7.7,0.13,100.34
59,2025-09-30 04:00:00,10.55,2.37,0.0,0.0,88.3,6.5,6.68,6.9,0.12,100.3
59,2025-09-30 05:00:00,6.59,2.33,0.0,0.0,88.8,5.8,6.15,6.4,0.11,100.25
59,2025-09-30 06:00:00,5.47,1.99,0.0,0.0,90.9,4.6,4.88,5.3,0.08,100.21
59,2025-09-30 07:00:00,5.9,2.75,0.0,0.0,90.45,4.5,4.75,5.0,0.08,100.19
59,2025-09-30 08:00:00,5.11,2.5,32.6,0.0,91.78,4.0,4.2,4.4,0.07,100.2
59,2025-09-30 09:00:00,11.09,4.61,206.1,0.0,94.63,5.3,6.13,7.0,0.05,100.23
59,2025-09-30 10:00:00,17.57,5.23,384.2,0.02,85.93,7.6,8.7,9.8,0.16,100.29
59,2025-09-30 11:00:00,19.98,6.59,571.5,0.0,70.1,10.3,11.3,12.4,0.4,100.3
59,2025-09-30 12:00:00,27.18,6.76,705.0,0.0,61.28,13.2,14.1,15.0,0.63,100.27
59,2025-09-30 13:00:00,23.9,6.08,783.2,0.0,55.0,16.0,16.93,17.7,0.87,100.21
59,2025-09-30 14:00:00,26.03,5.25,800.9,0.0,51.68,18.6,19.25,20.0,1.08,100.1
59,2025-09-30 15:00:00,20.45,5.39,795.7,0.0,48.8,20.8,21.08,21.4,1.28,100.0
59,2025-09-30 16:00:00,18.72,5.72,738.3,0.0,45.88,21.7,21.88,22.0,1.42,99.93
59,2025-09-30 17:00:00,23.51,5.44,625.7,0.0,44.35,22.2,22.3,22.4,1.5,99.87
59,2025-09-30 18:00:00,31.03,6.18,468.1,0.0,44.68,21.7,21.85,21.9,1.45,99.85
59,2025-09-30 19:00:00,13.54,3.69,280.5,0.0,48.9,20.7,21.2,21.6,1.29,99.87
59,2025-09-30 20:00:00,18.9,3.09,100.7,0.0,51.08,17.9,19.2,20.2,1.09,99.92
59,2025-09-30 21:00:00,7.38,1.36,0.0,0.0,59.18,15.1,15.93,16.9,0.74,99.96
59,2025-09-30 22:00:00,4.28,1.23,0.0,0.0,64.65,13.6,14.13,14.8,0.57,100.0
59,2025-09-30 23:00:00,4.18,1.23,0.0,0.0,69.15,12.5,12.85,13.3,0.46,100.02
59,2025-10-01 00:00:00,4.61,1.37,0.0,0.0,73.35,11.5,11.85,12.2,0.37,100.03
59,2025-10-01 01:00:00,9.47,1.46,0.0,0.0,76.55,10.6,10.95,11.4,0.31,100.03
59,2025-10-01 02:00:00,8.21,1.34,0.0,0.0,80.73,9.1,9.7,10.5,0.23,100.01
59,2025-10-01 03:00:00,5.4,1.43,0.0,0.0,83.7,8.5,8.7,8.9,0.18,99.98
59,2025-10-01 04:00:00,4.14,1.62,0.0,0.0,87.13,7.6,7.83,8.0,0.14,99.95
59,2025-10-01 05:00:00,5.51,2.19,0.0,0.0,88.83,7.0,7.75,8.2,0.12,99.94
59,2025-10-01 06:00:00,3.89,2.34,0.0,0.0,93.2,5.1,5.75,6.4,0.06,99.91
59,2025-10-01 07:00:00,4.1,2.68,0.0,0.0,93.03,4.7,4.88,5.0,0.06,99.94
59,2025-10-01 08:00:00,5.58,1.75,22.5,0.0,91.0,4.8,5.25,6.1,0.08,99.99
59,2025-10-01 09:00:00,9.22,3.55,60.2,0.0,94.45,7.0,7.63,8.0,0.06,100.04
59,2025-10-01 10:00:00,13.1,3.32,97.4,0.0,97.6,8.0,8.08,8.2,0.03,100.09
59,2025-10-01 11:00:00,13.72,4.27,153.9,0.0,96.23,8.3,8.35,8.5,0.04,100.1
59,2025-10-01 12:00:00,11.77,3.99,271.7,0.0,94.18,8.8,8.95,9.2,0.07,100.08
59,2025-10-01 13:00:00,11.52,4.53,801.8,0.0,89.35,9.5,10.85,12.1,0.14,100.03
59,2025-10-01 14:00:00,14.65,5.23,799.8,0.0,77.25,12.7,14.03,15.4,0.37,99.98
59,2025-10-01 15:00:00,11.56,3.92,791.2,0.0,65.35,16.2,17.65,19.0,0.71,99.94
59,2025-10-01 16:00:00,10.12,3.94,738.9,0.0,59.25,19.6,19.95,20.3,0.95,99.9
59,2025-10-01 17:00:00,14.18,3.66,626.1,0.0,57.23,20.7,21.0,21.3,1.06,99.89
59,2025-10-01 18:00:00,15.3,3.46,465.6,0.0,58.2,21.3,21.55,21.8,1.08,99.89
59,2025-10-01 19:00:00,9.5,2.7,281.8,0.0,58.15,21.8,21.9,22.0,1.1,99.91
59,2025-10-01 20:00:00,4.14,1.25,99.7,0.0,59.4,18.4,20.35,21.6,0.98,99.95
59,2025-10-01 21:00:00,4.36,2.66,0.0,0.0,70.85,14.7,15.85,17.2,0.53,99.98
59,2025-10-01 22:00:00,5.51,3.85,0.0,0.0,79.65,12.7,13.4,14.1,0.32,99.98
59,2025-10-01 23:00:00,6.16,3.85,0.0,0.0,86.73,11.1,11.4,12.0,0.18,100.0
59,2025-10-02 00:00:00,7.24,2.85,0.0,0.0,90.0,10.2,10.43,10.8,0.13,99.98
59,2025-10-02 01:00:00,4.82,3.08,0.0,0.0,92.45,9.2,9.58,10.1,0.09,99.94
59,2025-10-02 02:00:00,4.14,2.83,0.0,0.0,94.23,7.7,8.13,8.7,0.06,99.91
59,2025-10-02 03:00:00,4.28,2.76,0.0,0.0,93.13,7.5,7.6,7.8,0.07,99.88
59,2025-10-02 04:00:00,4.28,2.86,0.0,0.02,94.5,6.8,6.98,7.2,0.06,99.83
59,2025-10-02 05:00:00,3.2,2.38,0.0,0.02,93.0,6.7,6.9,7.0,0.07,99.79
59,2025-10-02 06:00:00,3.17,1.78,0.0,0.02,93.53,6.3,6.5,6.6,0.06,99.75
59,2025-10-02 07:00:00,3.74,2.46,0.0,0.04,95.38,5.1,5.53,6.3,0.04,99.75
59,2025-10-02 08:00:00,3.82,2.46,28.5,0.02,95.03,5.0,5.15,5.3,0.04,99.77
59,2025-10-02 09:00:00,7.85,2.1,81.9,0.02,95.6,5.5,6.9,8.0,0.04,99.78
59,2025-10-02 10:00:00,8.06,3.15,137.5,0.0,99.9,8.1,8.55,9.0,0.0,99.79
59,2025-10-02 11:00:00,9.36,3.84,262.2,0.0,99.75,9.0,9.4,10.0,0.0,99.77
59,2025-10-02 12:00:00,16.06,4.32,743.0,0.0,95.2,10.1,11.8,13.4,0.07,99.74
59,2025-10-02 13:00:00,12.2,4.28,790.3,0.0,76.83,14.3,15.5,16.8,0.41,99.68
59,2025-10-02 14:00:00,15.16,4.7,806.5,0.0,64.65,17.3,18.18,18.9,0.74,99.63
59,2025-10-02 15:00:00,15.19,4.01,794.5,0.0,55.13,19.9,20.88,21.8,1.11,99.58
59,2025-10-02 16:00:00,9.18,3.69,739.0,0.0,51.33,22.0,22.73,23.2,1.35,99.52
59,2025-10-02 17:00:00,16.09,3.92,632.7,0.0,49.55,23.7,23.98,24.3,1.5,99.49
59,2025-10-02 18:00:00,10.15,3.01,477.9,0.0,46.7,24.3,24.45,24.6,1.64,99.46
59,2025-10-02 19:00:00,8.06,1.97,289.9,0.0,44.85,24.1,24.33,24.4,1.68,99.47
59,2025-10-02 20:00:00,3.02,1.23,108.7,0.0,50.0,19.3,21.75,23.7,1.32,99.49
59,2025-10-02 21:00:00,4.54,3.11,0.0,0.0,64.73,14.5,15.7,17.4,0.64,99.51
59,2025-10-02 22:00:00,4.9,3.6,0.0,0.0,69.13,12.7,13.23,13.8,0.47,99.47
59,2025-10-02 23:00:00,4.72,2.8,0.0,0.0,79.8,10.4,10.98,11.8,0.27,99.44
59,2025-10-03 00:00:00,4.25,2.66,0.0,0.0,85.35,9.2,9.58,10.0,0.18,99.39
59,2025-10-03 01:00:00,4.72,3.03,0.0,0.0,88.53,8.6,8.78,9.0,0.13,99.33
59,2025-10-03 02:00:00,5.76,3.69,0.0,0.0,91.2,7.6,8.03,8.3,0.1,99.28
59,2025-10-03 03:00:00,5.76,3.57,0.0,0.0,92.38,6.8,7.08,7.3,0.08,99.23
59,2025-10-03 04:00:00,4.5,3.09,0.0,0.0,93.35,6.0,6.48,7.0,0.06,99.17
59,2025-10-03 05:00:00,3.71,2.36,0.0,0.0,93.08,5.5,5.6,5.8,0.06,99.12
59,2025-10-03 06:00:00,4.75,3.06,0.0,0.04,94.6,4.4,4.83,5.4,0.05,99.12
59,2025-10-03 07:00:00,5.08,3.49,0.0,0.02,92.98,4.5,4.73,5.2,0.06,99.15
59,2025-10-03 08:00:00,5.18,3.56,51.6,0.04,94.78,4.6,4.8,5.0,0.04,99.21
59,2025-10-03 09:00:00,5.4,1.35,219.9,0.0,98.95,5.8,7.53,9.2,0.01,99.25
59,2025-10-03 10:00:00,9.47,3.78,395.1,0.0,92.95,9.9,10.68,11.5,0.1,99.28
59,2025-10-03 11:00:00,12.96,5.3,573.3,0.0,77.88,12.3,13.38,14.3,0.35,99.3
59,2025-10-03 12:00:00,9.14,3.47,682.8,0.0,66.85,15.0,16.15,17.2,0.61,99.31
59,2025-10-03 13:00:00,13.28,4.52,754.7,0.0,62.75,17.6,18.43,19.0,0.79,99.29
59,2025-10-03 14:00:00,16.88,6.03,761.5,0.0,59.58,19.6,20.1,20.6,0.95,99.26
59,2025-10-03 15:00:00,16.2,5.7,770.0,0.0,59.3,20.6,21.05,21.4,1.02,99.21
59,2025-10-03 16:00:00,26.71,10.5,710.6,0.0,58.75,21.6,21.85,22.0,1.08,99.16
59,2025-10-03 17:00:00,29.52,15.61,611.8,0.0,59.55,20.7,21.13,21.4,1.01,99.17
59,2025-10-03 18:00:00,30.56,16.54,454.9,0.0,61.75,19.2,19.85,20.4,0.89,99.23
59,2025-10-03 19:00:00,26.5,14.34,274.4,0.0,65.55,16.8,17.8,18.7,0.71,99.31
59,2025-10-03 20:00:00,27.86,13.12,124.3,0.0,69.25,13.8,15.1,16.2,0.53,99.44
59,2025-10-03 21:00:00,24.91,9.53,0.0,0.0,72.95,12.2,12.9,13.4,0.4,99.58
59,2025-10-03 22:00:00,14.83,6.83,0.0,0.0,75.6,11.7,11.78,11.9,0.34,99.69
59,2025-10-03 23:00:00,14.0,5.36,0.0,0.0,75.55,11.7,11.73,11.8,0.34,99.77
59,2025-10-04 00:00:00,14.69,4.94,0.0,0.0,76.33,11.8,11.83,11.9,0.33,99.78
59,2025-10-04 01:00:00,19.8,6.08,0.0,0.0,78.35,11.5,11.68,11.8,0.3,99.8
59,2025-10-04 02:00:00,17.14,7.19,0.0,0.0,82.85,11.0,11.2,11.4,0.23,99.82
59,2025-10-04 03:00:00,9.94,4.51,0.0,0.0,84.28,10.6,10.85,11.0,0.21,99.81
59,2025-10-04 04:00:00,9.9,2.51,0.0,0.0,87.28,9.9,10.15,10.5,0.16,99.76
59,2025-10-04 05:00:00,10.48,3.25,0.0,0.0,88.23,9.8,10.0,10.3,0.15,99.69
59,2025-10-04 06:00:00,6.62,2.43,0.0,0.0,89.35,9.6,9.78,10.0,0.13,99.7
59,2025-10-04 07:00:00,22.68,6.26,0.0,0.0,85.23,10.3,10.73,11.2,0.19,99.72
59,2025-10-04 08:00:00,20.27,7.99,16.1,0.0,81.6,11.3,11.35,11.4,0.25,99.77
59,2025-10-04 09:00:00,9.18,4.07,58.8,0.0,81.5,11.4,11.58,11.8,0.25,99.87
59,2025-10-04 10:00:00,9.07,3.64,83.4,0.53,84.0,11.6,11.73,11.9,0.22,99.91
59,2025-10-04 11:00:00,12.89,4.91,87.3,2.36,89.0,11.4,11.48,11.6,0.15,99.94
59,2025-10-04 12:00:00,17.6,7.7,162.5,1.66,91.13,11.6,11.68,11.8,0.12,99.97
59,2025-10-04 13:00:00,18.76,8.81,130.5,2.08,92.45,11.5,11.63,11.7,0.11,99.98
59,2025-10-04 14:00:00,21.1,8.37,142.5,1.52,92.33,11.8,11.9,12.0,0.11,99.99
59,2025-10-04 15:00:00,17.03,7.03,131.1,1.01,92.63,12.0,12.08,12.1,0.1,99.96
59,2025-10-04 16:00:00,21.6,10.02,141.5,2.18,93.68,12.0,12.05,12.2,0.09,99.95
59,2025-10-04 17:00:00,21.38,10.91,165.7,0.57,93.0,11.8,12.05,12.2,0.1,99.96
59,2025-10-04 18:00:00,21.46,11.47,91.2,1.86,93.93,11.4,11.63,11.9,0.08,99.99
59,2025-10-04 19:00:00,17.78,8.57,63.5,0.63,93.53,11.4,11.48,11.7,0.09,100.03
59,2025-10-04 20:00:00,11.63,4.89,14.9,1.42,93.75,10.9,11.05,11.2,0.08,100.08
59,2025-10-04 21:00:00,8.96,2.83,0.0,0.62,94.4,10.5,10.65,10.8,0.07,100.15
59,2025-10-04 22:00:00,6.59,2.59,0.0,0.05,94.65,10.1,10.23,10.3,0.07,100.2
59,2025-10-04 23:00:00,5.26,1.69,0.0,0.0,94.78,9.6,9.85,10.0,0.07,100.26
59,2025-10-05 00:00:00,6.3,1.97,0.0,0.04,94.9,9.2,9.35,9.5,0.06,100.26
59,2025-10-05 01:00:00,2.59,1.42,0.0,0.02,95.38,8.1,8.48,8.9,0.05,100.25
59,2025-10-05 02:00:00,9.61,2.79,0.0,0.02,94.1,8.1,8.33,8.6,0.07,100.26
59,2025-10-05 03:00:00,7.85,3.01,0.0,0.02,95.0,8.8,8.88,9.0,0.06,100.26
59,2025-10-05 04:00:00,6.55,3.2,0.0,0.56,96.55,8.8,8.85,8.9,0.04,100.25
59,2025-10-05 05:00:00,11.45,3.96,0.0,1.32,97.95,8.1,8.55,8.8,0.03,100.24
59,2025-10-05 06:00:00,16.6,3.58,0.0,0.02,95.7,7.9,8.25,8.6,0.05,100.27
59,2025-10-05 07:00:00,17.14,6.77,0.0,1.8,97.75,7.2,7.75,8.6,0.02,100.35
59,2025-10-05 08:00:00,12.24,4.27,36.7,0.0,96.98,6.7,6.78,6.8,0.03,100.45
59,2025-10-05 09:00:00,11.05,4.05,82.2,0.0,95.1,7.2,7.83,8.2,0.05,100.56
59,2025-10-05 10:00:00,14.72,3.68,435.7,0.0,96.35,8.3,8.88,9.8,0.04,100.66
59,2025-10-05 11:00:00,16.56,7.9,611.6,0.0,88.13,10.2,10.9,11.7,0.16,100.72
59,2025-10-05 12:00:00,17.78,7.42,765.8,0.0,79.55,12.2,12.35,12.6,0.29,100.75
59,2025-10-05 13:00:00,17.21,5.22,846.0,0.75,74.98,10.8,12.1,13.3,0.36,100.8
59,2025-10-05 14:00:00,18.97,5.85,654.1,0.02,79.7,10.7,11.45,12.3,0.28,100.83
59,2025-10-05 15:00:00,23.15,8.73,819.6,0.0,68.75,12.9,13.33,13.8,0.48,100.82
59,2025-10-05 16:00:00,20.92,6.32,746.1,0.0,65.1,14.3,14.38,14.4,0.57,100.79
59,2025-10-05 17:00:00,17.06,5.0,698.4,0.0,60.35,14.6,14.83,15.1,0.67,100.76
59,2025-10-05 18:00:00,13.39,3.74,287.3,0.0,57.63,14.4,14.68,14.9,0.71,100.78
59,2025-10-05 19:00:00,24.7,6.41,162.9,0.0,64.98,13.9,14.13,14.4,0.56,100.79
59,2025-10-05 20:00:00,8.89,2.38,105.8,0.0,68.55,12.0,13.33,14.3,0.48,100.83
59,2025-10-05 21:00:00,7.99,3.15,0.3,0.0,78.85,9.9,10.63,11.5,0.28,100.86
59,2025-10-05 22:00:00,6.12,3.44,0.0,0.0,84.55,9.4,9.55,9.7,0.19,100.86
59,2025-10-05 23:00:00,5.44,2.5,0.0,0.0,85.73,8.5,8.98,9.4,0.16,100.84
59,2025-10-06 00:00:00,4.86,1.69,0.0,0.0,88.8,7.1,7.48,7.9,0.12,100.83
59,2025-10-06 01:00:00,6.05,1.68,0.0,0.0,90.28,7.0,7.18,7.4,0.1,100.78
59,2025-10-06 02:00:00,8.03,1.75,0.0,0.0,91.65,6.6,6.93,7.2,0.09,100.75
59,2025-10-06 03:00:00,9.9,2.14,0.0,0.02,91.55,6.4,6.6,6.8,0.08,100.69
59,2025-10-06 04:00:00,9.9,2.14,0.0,0.04,93.43,6.0,6.45,6.8,0.07,100.61
59,2025-10-06 05:00:00,6.73,1.74,0.0,0.04,93.35,5.3,5.58,5.8,0.06,100.54
59,2025-10-06 06:00:00,11.05,3.54,0.0,0.0,95.48,6.1,6.25,6.4,0.04,100.54
59,2025-10-06 07:00:00,10.37,3.24,0.0,0.02,96.35,5.6,5.93,6.3,0.04,100.52
59,2025-10-06 08:00:00,11.59,3.09,22.8,0.02,95.95,5.6,5.63,5.7,0.04,100.5
59,2025-10-06 09:00:00,12.85,3.38,102.9,0.0,97.28,5.7,6.0,6.3,0.03,100.53
59,2025-10-06 10:00:00,11.02,3.19,214.2,0.0,98.25,6.6,7.1,7.4,0.02,100.56
59,2025-10-06 11:00:00,16.56,5.47,593.2,0.0,91.05,8.0,9.58,11.1,0.11,100.52
59,2025-10-06 12:00:00,17.17,5.19,727.3,0.0,77.05,12.2,12.85,13.8,0.34,100.49
59,2025-10-06 13:00:00,16.09,5.25,804.0,0.0,66.3,14.4,15.33,16.2,0.59,100.44
59,2025-10-06 14:00:00,23.04,5.19,821.5,0.0,62.43,16.3,16.75,17.2,0.72,100.38
59,2025-10-06 15:00:00,25.02,5.6,816.8,0.0,60.65,17.6,17.9,18.3,0.81,100.31
59,2025-10-06 16:00:00,17.39,4.95,762.2,0.0,57.6,18.2,18.53,18.8,0.91,100.24
59,2025-10-06 17:00:00,22.1,4.94,648.7,0.0,54.55,18.8,19.0,19.2,1.0,100.18
59,2025-10-06 18:00:00,14.29,4.44,489.8,0.0,55.18,19.0,19.15,19.2,1.0,100.13
59,2025-10-06 19:00:00,12.71,3.41,302.2,0.0,56.05,18.8,19.0,19.2,0.97,100.09
59,2025-10-06 20:00:00,12.35,2.8,115.7,0.0,57.68,16.3,17.5,18.4,0.85,100.09
59,2025-10-06 21:00:00,8.1,2.1,0.4,0.0,64.38,13.8,14.65,15.6,0.6,100.11
59,2025-10-06 22:00:00,13.14,2.24,0.0,0.0,71.08,12.8,13.2,13.6,0.44,100.1
59,2025-10-06 23:00:00,7.88,2.69,0.0,0.0,75.53,12.0,12.28,12.6,0.35,100.1
59,2025-10-07 00:00:00,3.85,1.31,0.0,0.0,79.83,10.2,10.83,11.5,0.26,100.09
59,2025-10-07 01:00:00,7.34,1.82,0.0,0.0,83.6,9.5,9.75,10.1,0.2,100.07
59,2025-10-07 02:00:00,4.39,1.62,0.0,0.0,87.2,8.3,8.65,9.0,0.15,100.06
59,2025-10-07 03:00:00,4.93,1.4,0.0,0.0,88.58,7.9,8.05,8.2,0.13,100.04
59,2025-10-07 04:00:00,4.07,1.66,0.0,0.0,90.98,6.7,7.28,7.8,0.09,99.98
59,2025-10-07 05:00:00,4.79,1.85,0.0,0.0,90.9,6.6,6.73,6.9,0.09,99.93
59,2025-10-07 06:00:00,5.94,1.9,0.0,0.0,92.98,5.7,6.0,6.4,0.07,99.93
59,2025-10-07 07:00:00,4.28,2.17,0.0,0.02,93.88,4.5,5.13,5.7,0.05,99.92
59,2025-10-07 08:00:00,3.85,1.52,56.8,0.02,92.0,4.5,4.95,5.4,0.07,99.93
59,2025-10-07 09:00:00,10.26,3.56,193.1,0.02,96.18,6.3,7.25,8.0,0.04,99.99
59,2025-10-07 10:00:00,11.3,4.13,270.2,0.0,97.43,8.4,8.83,9.2,0.03,100.01
59,2025-10-07 11:00:00,12.92,4.13,395.4,0.0,88.98,10.0,10.6,10.9,0.14,100.0
59,2025-10-07 12:00:00,16.06,4.33,846.3,0.0,81.53,11.0,12.18,14.2,0.27,99.99
59,2025-10-07 13:00:00,17.53,4.44,630.4,0.0,72.38,14.0,14.25,14.9,0.45,99.95
59,2025-10-07 14:00:00,16.96,5.22,809.5,0.0,61.93,15.7,16.53,17.7,0.72,99.88
59,2025-10-07 15:00:00,20.84,5.23,822.3,0.0,59.35,18.7,19.28,19.9,0.91,99.78
59,2025-10-07 16:00:00,20.05,4.77,752.0,0.0,58.83,20.5,20.88,21.2,1.02,99.69
59,2025-10-07 17:00:00,12.46,3.75,639.7,0.0,58.5,21.5,21.78,22.0,1.08,99.65
59,2025-10-07 18:00:00,15.48,3.27,484.0,0.0,59.73,21.8,22.08,22.3,1.07,99.61
59,2025-10-07 19:00:00,11.48,2.99,296.5,0.0,60.88,21.0,21.45,21.8,1.0,99.64
59,2025-10-07 20:00:00,8.42,1.54,112.2,0.0,64.35,18.4,19.8,20.7,0.83,99.68
59,2025-10-07 21:00:00,2.41,1.29,0.5,0.0,73.8,15.4,16.33,17.4,0.49,99.73
59,2025-10-07 22:00:00,2.34,1.36,0.0,0.0,80.95,13.8,14.35,14.9,0.31,99.78
59,2025-10-07 23:00:00,2.74,0.89,0.0,0.0,82.48,13.4,13.5,13.6,0.27,99.81
59,2025-10-08 00:00:00,4.9,1.2,0.0,0.0,83.65,12.9,13.03,13.2,0.25,99.82
59,2025-10-08 01:00:00,8.6,2.33,0.0,0.0,83.65,12.6,12.95,13.2,0.24,99.84
59,2025-10-08 02:00:00,11.09,1.64,0.0,0.0,85.48,11.7,12.1,12.6,0.21,99.84
59,2025-10-08 03:00:00,5.36,1.73,0.0,0.0,87.28,11.2,11.33,11.4,0.17,99.84
59,2025-10-08 04:00:00,4.18,1.24,0.0,0.0,90.43,10.0,10.33,10.7,0.12,99.82
59,2025-10-08 05:00:00,4.32,2.15,0.0,0.02,92.88,9.1,9.53,9.8,0.09,99.78
59,2025-10-08 06:00:00,3.67,1.87,0.0,0.02,94.5,7.6,8.18,8.7,0.06,99.77
59,2025-10-08 07:00:00,7.49,2.02,0.0,0.02,93.45,7.6,8.35,9.4,0.08,99.77
59,2025-10-08 08:00:00,9.65,2.74,16.1,0.0,95.78,10.1,10.18,10.2,0.05,99.82
59,2025-10-08 09:00:00,8.64,2.75,46.1,0.0,98.2,10.1,10.15,10.2,0.02,99.85
59,2025-10-08 10:00:00,7.92,3.2,84.9,0.0,99.5,9.9,9.95,10.0,0.01,99.86
59,2025-10-08 11:00:00,10.15,3.1,116.5,0.0,99.03,10.1,10.33,10.6,0.01,99.88
59,2025-10-08 12:00:00,10.04,2.85,168.7,0.0,98.08,10.7,10.98,11.2,0.03,99.87
59,2025-10-08 13:00:00,10.15,3.17,342.9,0.0,95.45,11.4,11.88,12.3,0.06,99.84
59,2025-10-08 14:00:00,16.16,4.23,825.9,0.0,87.75,13.4,14.45,15.6,0.21,99.77
59,2025-10-08 15:00:00,14.65,4.65,815.7,0.0,76.35,16.4,17.73,19.1,0.49,99.68
59,2025-10-08 16:00:00,15.66,4.97,759.7,0.0,65.53,19.5,20.33,21.2,0.83,99.61
59,2025-10-08 17:00:00,10.19,3.24,646.7,0.0,61.83,21.4,22.1,22.7,1.02,99.54
59,2025-10-08 18:00:00,8.89,2.72,487.1,0.0,60.48,22.8,23.38,23.9,1.14,99.52
59,2025-10-08 19:00:00,8.71,1.76,301.5,0.0,57.58,24.1,24.18,24.2,1.28,99.52
59,2025-10-08 20:00:00,3.78,0.92,115.9,0.0,60.03,20.6,22.55,23.7,1.1,99.56
59,2025-10-08 21:00:00,3.31,2.23,0.3,0.0,75.53,15.8,17.28,19.0,0.49,99.63
59,2025-10-08 22:00:00,4.61,3.08,0.0,0.0,84.73,13.7,14.38,15.2,0.25,99.66
59,2025-10-08 23:00:00,5.54,3.17,0.0,0.0,88.4,12.7,13.0,13.2,0.17,99.69
59,2025-10-09 00:00:00,5.15,2.95,0.0,0.0,90.43,12.1,12.45,12.9,0.14,99.7
59,2025-10-09 01:00:00,5.54,3.33,0.0,0.0,85.83,11.8,12.3,12.7,0.2,99.7
59,2025-10-09 02:00:00,3.56,2.12,0.0,0.0,86.6,11.1,11.28,11.4,0.18,99.69
59,2025-10-09 03:00:00,3.49,1.06,0.0,0.0,83.63,11.2,11.63,11.8,0.22,99.71
59,2025-10-09 04:00:00,6.62,1.04,0.0,0.0,85.48,11.2,11.5,11.8,0.2,99.67
59,2025-10-09 05:00:00,4.93,1.54,0.0,0.04,88.48,10.2,10.6,11.0,0.15,99.66
59,2025-10-09 06:00:00,5.11,1.32,0.0,0.02,89.28,10.0,10.15,10.3,0.14,99.68
59,2025-10-09 07:00:00,3.82,1.58,0.0,0.04,92.28,9.1,9.48,10.0,0.09,99.72
59,2025-10-09 08:00:00,2.84,1.66,42.8,0.02,93.98,8.4,8.7,9.0,0.07,99.76
59,2025-10-09 09:00:00,6.7,2.31,82.8,0.0,95.3,9.2,10.2,10.8,0.06,99.84
59,2025-10-09 10:00:00,9.11,3.31,156.2,0.0,99.35,10.8,10.85,10.9,0.01,99.89
59,2025-10-09 11:00:00,15.12,4.36,423.3,0.0,96.7,11.2,11.78,12.6,0.05,99.9
59,2025-10-09 12:00:00,13.18,4.47,662.7,0.0,83.15,13.8,15.25,16.5,0.3,99.89
59,2025-10-09 13:00:00,14.33,4.3,795.4,0.0,67.98,17.2,18.7,20.0,0.7,99.87
59,2025-10-09 14:00:00,16.02,4.32,806.7,0.0,60.85,20.6,21.28,22.0,0.99,99.82
59,2025-10-09 15:00:00,17.1,4.31,812.0,0.0,56.13,22.7,22.83,23.0,1.22,99.78
59,2025-10-09 16:00:00,13.9,4.0,705.4,0.0,52.3,23.2,23.38,23.5,1.37,99.74
59,2025-10-09 17:00:00,10.08,2.98,560.5,0.0,49.78,23.5,23.58,23.7,1.46,99.7
59,2025-10-09 18:00:00,10.19,2.81,440.0,0.0,43.9,23.4,23.55,23.6,1.63,99.7
59,2025-10-09 19:00:00,6.52,1.51,231.5,0.0,46.5,22.2,22.7,23.1,1.48,99.73
59,2025-10-09 20:00:00,6.73,1.58,73.4,0.0,49.13,18.8,20.18,21.5,1.21,99.78
59,2025-10-09 21:00:00,4.97,2.47,0.1,0.0,58.2,15.2,16.55,18.0,0.8,99.81
59,2025-10-09 22:00:00,4.75,2.69,0.0,0.0,69.2,13.1,14.2,14.7,0.5,99.81
59,2025-10-09 23:00:00,5.83,3.69,0.0,0.0,77.9,11.9,12.23,12.5,0.32,99.8
59,2025-10-10 00:00:00,4.21,3.01,0.0,0.0,86.05,10.4,10.68,11.1,0.18,99.78
59,2025-10-10 01:00:00,4.32,3.17,0.0,0.0,88.8,9.8,10.03,10.2,0.14,99.76
59,2025-10-10 02:00:00,4.64,3.13,0.0,0.0,90.63,9.3,9.48,9.6,0.11,99.74
59,2025-10-10 03:00:00,4.97,2.95,0.0,0.0,92.48,8.7,8.85,9.0,0.09,99.7
59,2025-10-10 04:00:00,4.36,2.87,0.0,0.0,93.7,7.8,8.0,8.4,0.07,99.67
59,2025-10-10 05:00:00,4.07,3.1,0.0,0.0,94.23,7.3,7.45,7.6,0.06,99.64
59,2025-10-10 06:00:00,4.46,2.65,0.0,0.0,94.35,7.0,7.08,7.2,0.06,99.61
59,2025-10-10 07:00:00,3.67,2.09,0.0,0.04,94.25,6.6,6.78,6.9,0.06,99.63
59,2025-10-10 08:00:00,3.92,2.34,67.7,0.04,94.93,6.1,6.3,6.7,0.05,99.66
59,2025-10-10 09:00:00,4.03,1.13,258.2,0.0,98.23,7.8,9.98,11.9,0.02,99.71
59,2025-10-10 10:00:00,7.2,2.52,410.3,0.0,88.73,12.7,13.78,14.7,0.18,99.77
59,2025-10-10 11:00:00,10.4,3.56,608.0,0.0,77.73,15.4,16.4,17.2,0.42,99.77
59,2025-10-10 12:00:00,13.5,4.71,731.0,0.0,69.38,17.6,18.33,19.2,0.65,99.75
59,2025-10-10 13:00:00,18.07,6.7,799.5,0.0,62.95,19.6,20.15,20.8,0.88,99.74
59,2025-10-10 14:00:00,16.88,5.96,812.7,0.0,59.2,21.0,21.43,21.7,1.04,99.71
59,2025-10-10 15:00:00,14.94,5.9,811.7,0.0,51.98,22.0,22.53,23.0,1.31,99.68
59,2025-10-10 16:00:00,22.9,8.11,758.6,0.0,52.8,22.8,23.1,23.3,1.34,99.65
59,2025-10-10 17:00:00,24.37,13.31,654.3,0.0,53.38,22.8,23.03,23.2,1.31,99.64
59,2025-10-10 18:00:00,26.03,14.03,493.9,0.0,51.45,21.3,21.95,22.5,1.28,99.67
59,2025-10-10 19:00:00,26.03,14.2,310.0,0.0,56.35,19.1,20.0,20.9,1.02,99.74
59,2025-10-10 20:00:00,25.16,10.75,122.2,0.0,61.48,16.4,17.4,18.4,0.77,99.88
59,2025-10-10 21:00:00,17.86,6.83,0.9,0.0,65.63,14.0,14.75,15.7,0.58,100.0
59,2025-10-10 22:00:00,10.3,3.81,0.0,0.0,73.53,12.1,12.85,13.6,0.4,100.06
59,2025-10-10 23:00:00,18.14,6.16,0.0,0.0,77.73,11.4,11.9,12.2,0.31,100.12
59,2025-10-11 00:00:00,7.92,2.57,0.0,0.0,82.28,10.5,10.85,11.2,0.23,100.09
59,2025-10-11 01:00:00,6.62,2.32,0.0,0.0,84.9,10.5,10.55,10.6,0.2,100.1
59,2025-10-11 02:00:00,5.29,1.37,0.0,0.0,88.33,9.4,9.65,10.1,0.14,100.1
59,2025-10-11 03:00:00,10.01,3.04,0.0,0.0,88.7,9.7,10.05,10.3,0.14,100.11
59,2025-10-11 04:00:00,13.18,3.9,0.0,4.34,91.53,8.7,9.55,10.4,0.1,100.2
59,2025-10-11 05:00:00,15.19,5.63,0.0,1.63,94.88,7.4,7.8,8.2,0.05,100.26
59,2025-10-11 06:00:00,10.73,4.07,0.0,0.12,92.58,7.5,7.53,7.6,0.08,100.3
59,2025-10-11 07:00:00,6.19,1.65,0.0,0.02,92.4,7.1,7.35,7.5,0.08,100.34
59,2025-10-11 08:00:00,10.01,2.79,58.6,0.0,93.6,6.1,6.35,6.6,0.06,100.36
59,2025-10-11 09:00:00,6.77,2.57,246.7,0.02,99.15,7.4,8.1,8.9,0.01,100.43
59,2025-10-11 10:00:00,8.71,2.98,444.5,0.0,95.93,9.4,10.1,10.6,0.05,100.48
59,2025-10-11 11:00:00,16.02,4.36,612.6,0.0,81.75,11.4,12.1,12.8,0.26,100.51
59,2025-10-11 12:00:00,13.68,4.39,753.4,0.0,72.75,13.3,13.8,14.2,0.43,100.55
59,2025-10-11 13:00:00,16.31,5.37,825.2,0.0,66.18,14.4,14.7,15.2,0.57,100.52
59,2025-10-11 14:00:00,18.61,5.29,845.1,0.0,63.55,15.3,15.78,16.1,0.66,100.47
59,2025-10-11 15:00:00,22.25,5.0,839.4,0.0,59.48,16.5,16.83,17.0,0.78,100.39
59,2025-10-11 16:00:00,14.9,4.68,778.8,0.0,53.55,17.3,17.53,17.7,0.93,100.33
59,2025-10-11 17:00:00,19.33,5.01,666.3,0.0,49.35,17.6,17.7,17.8,1.03,100.29
59,2025-10-11 18:00:00,24.62,4.69,507.6,0.0,47.93,17.2,17.5,17.7,1.04,100.27
59,2025-10-11 19:00:00,16.09,4.48,317.2,0.0,49.48,16.5,16.78,17.0,0.97,100.27
59,2025-10-11 20:00:00,18.5,3.82,126.0,0.0,55.65,14.4,15.33,16.1,0.78,100.3
59,2025-10-11 21:00:00,17.14,2.72,1.1,0.0,61.93,12.2,13.0,13.8,0.57,100.31
59,2025-10-11 22:00:00,8.75,2.04,0.0,0.0,70.2,10.9,11.4,11.8,0.4,100.29
59,2025-10-11 23:00:00,8.6,1.75,0.0,0.0,76.65,9.5,10.08,10.6,0.29,100.26
59,2025-10-12 00:00:00,6.8,1.95,0.0,0.0,81.58,8.8,9.03,9.2,0.21,100.21
59,2025-10-12 01:00:00,5.87,1.24,0.0,0.0,86.13,7.5,7.98,8.6,0.15,100.17
59,2025-10-12 02:00:00,5.4,1.17,0.0,0.0,88.63,6.8,7.05,7.3,0.12,100.1
59,2025-10-12 03:00:00,5.94,1.49,0.0,0.0,90.38,6.3,6.73,7.0,0.1,100.06
59,2025-10-12 04:00:00,3.89,1.5,0.0,0.0,91.65,5.6,5.93,6.2,0.08,100.02
59,2025-10-12 05:00:00,3.02,1.32,0.0,0.0,92.15,4.9,5.2,5.5,0.07,99.97
59,2025-10-12 06:00:00,9.43,2.56,0.0,0.02,91.5,5.1,5.8,6.6,0.08,99.92
59,2025-10-12 07:00:00,10.69,3.28,0.0,0.0,94.85,6.8,6.83,6.9,0.05,99.91
59,2025-10-12 08:00:00,12.89,3.97,15.9,0.0,94.68,6.8,6.83,6.9,0.05,99.91
59,2025-10-12 09:00:00,15.01,4.0,79.3,0.0,94.1,6.8,6.85,6.9,0.06,99.9
59,2025-10-12 10:00:00,15.55,4.17,151.3,0.0,91.75,7.1,7.33,7.5,0.08,99.92
59,2025-10-12 11:00:00,12.46,3.86,317.5,0.0,89.93,7.7,8.13,8.5,0.11,99.91
59,2025-10-12 12:00:00,14.36,4.49,763.9,0.0,84.95,8.9,9.83,10.8,0.18,99.91
59,2025-10-12 13:00:00,13.18,5.02,831.3,0.0,75.78,11.7,12.33,13.0,0.35,99.88
59,2025-10-12 14:00:00,12.2,4.57,848.2,0.0,67.88,13.5,14.75,15.8,0.54,99.81
59,2025-10-12 15:00:00,14.83,4.5,837.1,0.0,61.63,16.2,17.05,17.7,0.75,99.75
59,2025-10-12 16:00:00,19.44,5.16,783.1,0.0,57.78,18.2,18.75,19.4,0.92,99.69
59,2025-10-12 17:00:00,15.77,4.36,669.9,0.0,54.33,19.7,19.78,19.8,1.05,99.65
59,2025-10-12 18:00:00,13.9,3.58,512.5,0.0,51.7,20.0,20.23,20.4,1.15,99.62
59,2025-10-12 19:00:00,7.52,2.17,321.3,0.0,52.13,20.2,20.35,20.5,1.15,99.64
59,2025-10-12 20:00:00,7.13,1.6,127.3,0.0,56.6,17.0,18.4,19.5,0.92,99.69
59,2025-10-12 21:00:00,2.45,0.94,1.3,0.0,64.0,13.6,14.68,15.9,0.61,99.76
59,2025-10-12 22:00:00,2.99,1.28,0.0,0.0,73.05,11.9,12.4,13.0,0.39,99.81
59,2025-10-12 23:00:00,3.35,2.14,0.0,0.0,81.43,10.1,10.78,11.4,0.24,99.83
59,2025-10-13 00:00:00,3.46,1.92,0.0,0.0,86.6,9.4,9.53,9.7,0.16,99.79
59,2025-10-13 01:00:00,4.21,2.23,0.0,0.0,87.25,8.9,9.15,9.4,0.15,99.74
59,2025-10-13 02:00:00,3.64,2.35,0.0,0.0,90.05,8.4,8.48,8.6,0.11,99.73
59,2025-10-13 03:00:00,3.24,2.13,0.0,0.0,92.1,7.4,7.7,8.1,0.08,99.7
59,2025-10-13 04:00:00,2.99,1.48,0.0,0.0,92.83,6.4,6.65,7.1,0.07,99.66
59,2025-10-13 05:00:00,5.8,2.04,0.0,0.0,91.88,6.3,6.53,7.0,0.08,99.66
59,2025-10-13 06:00:00,11.2,2.59,0.0,0.04,92.73,7.2,7.53,7.9,0.08,99.69
59,2025-10-13 07:00:00,10.84,3.34,0.0,0.02,95.83,7.7,7.83,7.9,0.05,99.71
59,2025-10-13 08:00:00,7.49,2.1,18.4,0.0,96.88,7.6,7.63,7.7,0.03,99.76
59,2025-10-13 09:00:00,9.4,3.04,58.1,0.0,98.05,7.4,7.45,7.6,0.02,99.8
59,2025-10-13 10:00:00,8.57,3.09,110.7,0.0,98.1,7.5,7.6,7.7,0.02,99.81
59,2025-10-13 11:00:00,12.67,3.83,178.8,0.0,98.0,7.8,7.88,8.0,0.02,99.79
59,2025-10-13 12:00:00,11.77,4.14,231.5,0.0,96.1,8.2,8.4,8.6,0.05,99.78
59,2025-10-13 13:00:00,11.34,4.17,832.8,0.0,91.13,9.2,10.25,11.6,0.11,99.74
59,2025-10-13 14:00:00,14.18,5.43,850.1,0.0,78.55,12.4,13.55,14.5,0.34,99.67
59,2025-10-13 15:00:00,16.02,4.79,842.3,0.0,67.18,15.2,16.6,18.2,0.63,99.59
59,2025-10-13 16:00:00,17.42,4.82,779.5,0.0,61.13,18.6,19.65,20.5,0.89,99.48
59,2025-10-13 17:00:00,12.96,4.18,661.2,0.0,61.13,20.9,21.43,22.3,0.99,99.41
59,2025-10-13 18:00:00,18.97,4.07,503.8,0.0,57.05,22.5,22.55,22.6,1.18,99.37
59,2025-10-13 19:00:00,8.89,2.32,315.1,0.0,56.38,22.3,22.45,22.6,1.19,99.37
59,2025-10-13 20:00:00,6.59,1.54,124.6,0.0,60.03,19.8,21.03,21.9,1.0,99.4
59,2025-10-13 21:00:00,3.24,0.82,1.1,0.0,68.58,16.5,17.45,18.7,0.63,99.43
59,2025-10-13 22:00:00,3.53,0.81,0.0,0.0,74.98,14.7,15.38,16.2,0.44,99.46
59,2025-10-13 23:00:00,2.59,0.86,0.0,0.0,77.2,13.6,14.08,14.5,0.37,99.47
59,2025-10-14 00:00:00,4.86,1.1,0.0,0.0,79.8,12.4,12.83,13.2,0.3,99.48
59,2025-10-14 01:00:00,2.16,0.97,0.0,0.0,82.83,11.0,11.4,11.9,0.23,99.47
59,2025-10-14 02:00:00,2.92,1.6,0.0,0.0,85.63,10.1,10.43,10.7,0.18,99.46
59,2025-10-14 03:00:00,3.49,2.33,0.0,0.0,89.73,8.6,9.25,9.8,0.12,99.43
59,2025-10-14 04:00:00,3.24,2.6,0.0,0.0,92.63,7.6,7.93,8.3,0.08,99.4
59,2025-10-14 05:00:00,3.67,2.86,0.0,0.0,93.5,7.0,7.18,7.5,0.06,99.4
59,2025-10-14 06:00:00,3.85,2.79,0.0,0.0,93.98,6.6,6.73,6.8,0.06,99.42
59,2025-10-14 07:00:00,3.46,2.21,0.6,0.02,94.13,5.8,6.1,6.4,0.06,99.46
59,2025-10-14 08:00:00,4.03,2.61,95.4,0.02,94.8,5.9,6.18,6.7,0.05,99.52
59,2025-10-14 09:00:00,6.77,1.7,259.1,0.02,99.58,8.0,9.53,11.2,0.01,99.6
59,2025-10-14 10:00:00,8.53,2.88,402.8,0.0,90.68,11.9,12.5,13.1,0.14,99.63
59,2025-10-14 11:00:00,9.97,3.74,611.1,0.0,81.83,13.5,14.2,14.9,0.3,99.64
59,2025-10-14 12:00:00,11.52,4.24,738.5,0.0,74.8,15.5,16.28,17.0,0.47,99.63
59,2025-10-14 13:00:00,14.26,4.7,810.2,0.0,70.48,17.5,18.25,18.9,0.62,99.59
59,2025-10-14 14:00:00,16.34,5.32,832.6,0.0,65.45,19.3,19.95,20.6,0.81,99.53
59,2025-10-14 15:00:00,15.26,5.49,824.9,0.0,59.5,21.0,21.48,22.1,1.04,99.49
59,2025-10-14 16:00:00,14.33,5.54,768.9,0.0,50.3,22.1,22.65,23.0,1.37,99.44
59,2025-10-14 17:00:00,14.54,5.97,657.6,0.0,40.55,23.4,23.58,23.8,1.73,99.41
59,2025-10-14 18:00:00,17.14,3.48,504.1,0.0,40.65,23.7,23.85,24.1,1.76,99.38
59,2025-10-14 19:00:00,20.34,2.3,196.8,0.0,45.55,22.2,22.9,23.6,1.53,99.4
59,2025-10-14 20:00:00,16.7,6.62,116.9,0.0,60.65,18.6,19.88,21.3,0.92,99.46
59,2025-10-14 21:00:00,5.87,1.73,0.8,0.0,69.33,16.0,16.9,17.9,0.59,99.5
59,2025-10-14 22:00:00,5.08,1.69,0.0,0.0,76.6,14.7,15.15,15.6,0.41,99.53
59,2025-10-14 23:00:00,6.88,2.85,0.0,0.0,79.33,13.4,13.88,14.5,0.33,99.6
59,2025-10-15 00:00:00,4.57,2.49,0.0,0.0,83.05,12.0,12.48,13.0,0.25,99.65
59,2025-10-15 01:00:00,6.73,1.95,0.0,0.0,86.28,11.3,11.58,11.8,0.19,99.69
59,2025-10-15 02:00:00,5.87,2.72,0.0,0.0,88.95,10.4,10.75,11.1,0.14,99.73
59,2025-10-15 03:00:00,4.75,1.72,0.0,0.0,90.45,10.0,10.18,10.4,0.12,99.75
59,2025-10-15 04:00:00,3.31,2.19,0.0,0.0,91.45,9.0,9.6,10.2,0.1,99.73
59,2025-10-15 05:00:00,3.38,2.24,0.0,0.0,93.0,8.3,8.6,8.8,0.08,99.74
59,2025-10-15 06:00:00,4.36,2.54,0.0,0.0,94.18,9.0,9.23,9.5,0.07,99.81
59,2025-10-15 07:00:00,5.22,3.05,0.0,0.0,94.6,9.5,9.8,10.1,0.07,99.87
59,2025-10-15 08:00:00,4.82,2.09,28.2,0.0,93.6,10.2,10.38,10.6,0.08,99.93
59,2025-10-15 09:00:00,5.33,1.75,105.6,0.0,93.03,10.7,11.05,11.4,0.09,99.98
59,2025-10-15 10:00:00,8.86,2.86,264.9,0.0,89.38,11.6,11.98,12.4,0.15,100.02
59,2025-10-15 11:00:00,11.92,3.59,341.9,0.0,85.18,13.0,13.4,13.6,0.23,100.07
59,2025-10-15 12:00:00,13.79,3.67,332.4,0.0,82.25,13.5,13.75,14.0,0.28,100.09
59,2025-10-15 13:00:00,9.94,3.48,665.8,0.0,77.8,14.3,14.98,16.0,0.38,100.07
59,2025-10-15 14:00:00,16.38,4.88,843.4,0.0,70.05,16.4,16.95,17.6,0.58,100.05
59,2025-10-15 15:00:00,17.68,5.4,869.7,0.0,65.0,18.2,18.58,19.0,0.75,100.03
59,2025-10-15 16:00:00,16.24,4.75,797.3,0.0,62.95,19.2,19.7,20.2,0.85,99.98
59,2025-10-15 17:00:00,14.72,4.36,658.6,0.0,60.4,20.3,20.6,20.9,0.96,99.92
59,2025-10-15 18:00:00,11.88,3.92,498.7,0.0,59.48,20.5,20.7,20.8,0.99,99.89
59,2025-10-15 19:00:00,10.22,2.72,314.5,0.0,59.15,20.3,20.68,20.9,1.0,99.91
59,2025-10-15 20:00:00,9.25,1.58,128.9,0.0,60.48,18.2,19.4,20.3,0.9,99.95
59,2025-10-15 21:00:00,4.43,0.89,1.8,0.0,66.23,15.1,16.15,17.3,0.62,99.98
59,2025-10-15 22:00:00,3.71,1.11,0.0,0.0,73.83,13.5,13.98,14.5,0.42,100.0
59,2025-10-15 23:00:00,4.28,1.36,0.0,0.0,76.83,12.9,13.2,13.5,0.35,100.03
59,2025-10-16 00:00:00,5.44,1.29,0.0,0.0,81.45,12.0,12.38,12.8,0.27,100.02
59,2025-10-16 01:00:00,3.49,1.31,0.0,0.0,86.23,11.1,11.55,11.9,0.19,100.0
59,2025-10-16 02:00:00,3.24,1.14,0.0,0.0,89.28,10.3,10.55,10.8,0.14,100.01
59,2025-10-16 03:00:00,6.08,1.23,0.0,0.0,91.18,9.5,9.75,10.0,0.11,100.0
59,2025-10-16 04:00:00,4.1,1.31,0.0,0.0,92.3,8.8,9.05,9.2,0.09,99.96
59,2025-10-16 05:00:00,2.77,0.94,0.0,0.04,92.58,8.1,8.33,8.7,0.08,99.91
59,2025-10-16 06:00:00,4.0,1.05,0.0,0.02,92.75,8.0,8.3,8.8,0.08,99.86
59,2025-10-16 07:00:00,9.54,2.11,0.0,0.0,96.38,9.0,9.05,9.1,0.04,99.85
59,2025-10-16 08:00:00,9.29,2.05,24.9,0.0,97.6,8.8,8.85,9.0,0.03,99.88
59,2025-10-16 09:00:00,7.96,2.45,58.5,0.0,98.83,8.6,8.65,8.7,0.01,99.9
59,2025-10-16 10:00:00,11.95,2.99,136.0,0.0,99.15,8.4,8.55,8.7,0.01,99.93
59,2025-10-16 11:00:00,10.48,3.52,378.5,0.0,97.65,8.8,9.2,9.7,0.03,99.92
59,2025-10-16 12:00:00,13.36,5.05,765.3,0.0,86.6,11.0,12.38,13.8,0.2,99.91
59,2025-10-16 13:00:00,14.44,5.02,836.7,0.0,69.5,15.4,16.7,17.6,0.58,99.88
59,2025-10-16 14:00:00,17.24,5.07,857.6,0.0,61.68,18.2,18.85,19.5,0.84,99.83
59,2025-10-16 15:00:00,16.99,4.86,848.5,0.0,57.83,19.7,20.43,21.1,1.02,99.79
59,2025-10-16 16:00:00,22.54,5.19,789.6,0.0,53.75,21.5,21.83,22.0,1.21,99.75
59,2025-10-16 17:00:00,13.03,3.84,676.6,0.0,50.05,22.1,22.3,22.6,1.35,99.72
59,2025-10-16 18:00:00,11.63,3.29,517.6,0.0,48.15,22.3,22.38,22.5,1.4,99.69
59,2025-10-16 19:00:00,12.13,2.79,327.7,0.0,49.38,21.7,22.03,22.2,1.34,99.71
59,2025-10-16 20:00:00,4.72,1.55,133.7,0.0,51.93,18.8,20.08,21.2,1.13,99.75
59,2025-10-16 21:00:00,3.82,0.96,2.3,0.0,57.95,15.3,16.45,17.6,0.79,99.77
59,2025-10-16 22:00:00,4.54,1.03,0.0,0.0,61.15,13.6,14.43,15.1,0.64,99.81
59,2025-10-16 23:00:00,7.09,1.29,0.0,0.0,64.23,12.7,12.98,13.3,0.54,99.84
59,2025-10-17 00:00:00,5.87,1.47,0.0,0.0,67.13,11.4,12.03,12.6,0.46,99.81
59,2025-10-17 01:00:00,4.68,1.31,0.0,0.0,73.23,10.3,10.58,10.8,0.34,99.79
59,2025-10-17 02:00:00,5.9,1.4,0.0,0.0,77.43,9.1,9.6,10.1,0.27,99.77
59,2025-10-17 03:00:00,5.22,1.4,0.0,0.0,80.85,8.6,8.78,8.9,0.22,99.73
59,2025-10-17 04:00:00,4.79,1.14,0.0,0.0,84.43,7.5,7.95,8.4,0.17,99.7
59,2025-10-17 05:00:00,4.21,1.06,0.0,0.0,86.93,6.9,7.05,7.2,0.13,99.67
59,2025-10-17 06:00:00,4.43,1.48,0.0,0.0,89.48,6.4,6.5,6.6,0.1,99.69
59,2025-10-17 07:00:00,10.66,1.66,1.1,0.0,90.48,6.2,6.33,6.5,0.09,99.73
59,2025-10-17 08:00:00,10.44,2.35,36.7,0.02,91.78,6.6,7.13,7.7,0.09,99.8
59,2025-10-17 09:00:00,10.26,3.35,86.2,0.0,92.6,7.9,8.05,8.2,0.08,99.84
59,2025-10-17 10:00:00,10.62,4.04,160.4,0.0,90.7,8.3,8.6,8.9,0.11,99.86
59,2025-10-17 11:00:00,11.77,4.09,348.3,0.0,89.28,9.0,9.35,9.8,0.13,99.88
59,2025-10-17 12:00:00,10.12,4.23,769.5,0.0,83.03,10.3,11.43,12.5,0.23,99.9
59,2025-10-17 13:00:00,14.33,5.02,841.5,0.0,73.38,13.5,14.08,14.8,0.43,99.88
59,2025-10-17 14:00:00,10.69,4.03,857.7,0.0,65.7,15.6,16.53,17.6,0.65,99.82
59,2025-10-17 15:00:00,19.51,3.68,850.4,0.0,59.85,18.4,19.5,20.6,0.92,99.79
59,2025-10-17 16:00:00,18.79,5.08,791.1,0.0,56.23,20.3,20.95,21.5,1.09,99.76
59,2025-10-17 17:00:00,16.56,5.05,679.8,0.0,54.65,21.8,22.13,22.5,1.21,99.73
59,2025-10-17 18:00:00,11.45,3.23,519.3,0.0,52.65,22.5,22.68,22.8,1.31,99.69
59,2025-10-17 19:00:00,10.58,2.38,328.7,0.0,53.45,22.7,22.93,23.1,1.3,99.7
59,2025-10-17 20:00:00,7.16,1.4,135.2,0.0,56.95,20.1,21.43,22.4,1.1,99.73
59,2025-10-17 21:00:00,3.6,1.5,2.4,0.0,66.38,16.2,17.55,18.9,0.68,99.77
59,2025-10-17 22:00:00,4.46,3.11,0.0,0.0,79.63,13.2,14.18,15.1,0.33,99.78
59,2025-10-17 23:00:00,4.68,2.96,0.0,0.0,85.13,12.0,12.35,12.8,0.21,99.79
59,2025-10-18 00:00:00,5.4,2.96,0.0,0.0,89.1,10.7,11.1,11.6,0.15,99.77
59,2025-10-18 01:00:00,5.36,2.65,0.0,0.0,91.0,9.6,10.18,10.7,0.11,99.74
59,2025-10-18 02:00:00,4.0,2.09,0.0,0.0,90.6,9.4,9.73,10.0,0.12,99.69
59,2025-10-18 03:00:00,4.18,2.24,0.0,0.0,92.18,8.8,8.95,9.2,0.09,99.62
59,2025-10-18 04:00:00,3.92,1.57,0.0,0.02,90.38,8.6,8.88,9.1,0.11,99.55
59,2025-10-18 05:00:00,3.56,1.9,0.0,0.02,91.9,8.5,8.75,9.2,0.09,99.48
59,2025-10-18 06:00:00,4.68,1.74,0.0,0.02,91.95,8.4,8.6,8.8,0.09,99.46
59,2025-10-18 07:00:00,5.76,1.74,2.1,0.04,93.68,7.1,7.75,8.1,0.07,99.45
59,2025-10-18 08:00:00,3.42,1.51,110.1,0.02,95.75,6.4,7.08,7.8,0.04,99.45
59,2025-10-18 09:00:00,9.32,2.81,274.6,0.02,97.53,9.0,10.28,11.3,0.03,99.46
59,2025-10-18 10:00:00,9.0,3.11,429.4,0.0,89.7,12.0,12.48,12.8,0.15,99.46
59,2025-10-18 11:00:00,10.33,4.0,574.7,0.0,80.93,13.6,14.43,15.0,0.32,99.45
59,2025-10-18 12:00:00,11.16,4.18,633.7,0.0,73.93,15.9,16.48,17.0,0.49,99.42
59,2025-10-18 13:00:00,12.6,4.0,781.7,0.0,67.5,17.7,18.4,19.4,0.69,99.4
59,2025-10-18 14:00:00,13.36,3.84,909.9,0.0,62.6,19.6,20.9,21.9,0.93,99.38
59,2025-10-18 15:00:00,12.46,4.4,911.5,0.0,58.85,22.2,22.93,23.8,1.15,99.34
59,2025-10-18 16:00:00,11.66,4.6,629.6,0.0,54.48,23.9,24.0,24.2,1.36,99.33
59,2025-10-18 17:00:00,7.99,2.47,422.3,0.0,54.88,23.9,23.95,24.0,1.34,99.33
59,2025-10-18 18:00:00,6.48,1.71,418.5,0.0,53.63,24.2,24.3,24.4,1.41,99.34
59,2025-10-18 19:00:00,2.34,0.92,127.2,0.0,57.08,23.2,23.58,24.1,1.25,99.4
59,2025-10-18 20:00:00,3.06,1.25,174.3,0.0,61.55,21.1,22.48,23.5,1.05,99.45
59,2025-10-18 21:00:00,3.67,2.28,3.5,0.0,71.1,17.8,18.73,20.0,0.63,99.5
59,2025-10-18 22:00:00,3.74,2.57,0.0,0.0,80.08,16.1,16.73,17.2,0.38,99.54
59,2025-10-18 23:00:00,5.72,2.88,0.0,0.0,84.33,15.2,15.55,15.9,0.28,99.56
59,2025-10-19 00:00:00,5.98,3.52,0.0,0.0,85.93,14.6,15.0,15.3,0.24,99.52
59,2025-10-19 01:00:00,5.22,2.75,0.0,0.0,90.08,13.0,13.8,15.1,0.16,99.48
59,2025-10-19 02:00:00,5.87,2.7,0.0,0.0,86.45,12.8,13.4,14.0,0.21,99.45
59,2025-10-19 03:00:00,6.08,2.49,0.0,0.0,85.5,13.0,13.15,13.4,0.22,99.44
59,2025-10-19 04:00:00,6.88,2.6,0.0,0.0,84.75,12.4,12.68,13.1,0.22,99.4
59,2025-10-19 05:00:00,5.51,2.33,0.0,0.0,88.03,11.4,11.85,12.2,0.17,99.37
59,2025-10-19 06:00:00,4.32,1.91,0.0,0.0,90.4,11.2,11.23,11.3,0.13,99.35
59,2025-10-19 07:00:00,5.15,2.77,0.7,0.0,91.45,10.9,11.05,11.2,0.11,99.37
59,2025-10-19 08:00:00,4.28,1.99,65.7,0.0,91.88,11.0,11.23,11.6,0.11,99.42
59,2025-10-19 09:00:00,5.58,1.95,248.1,0.0,91.35,12.0,12.83,13.6,0.13,99.48
59,2025-10-19 10:00:00,7.06,2.98,235.1,0.0,86.63,14.2,14.65,15.2,0.22,99.52
59,2025-10-19 11:00:00,11.41,5.02,645.4,0.0,80.85,15.7,16.55,17.6,0.36,99.59
59,2025-10-19 12:00:00,9.86,3.28,657.1,0.0,67.43,18.4,18.8,19.4,0.71,99.61
59,2025-10-19 13:00:00,15.84,4.9,838.3,0.0,65.23,20.0,20.7,21.3,0.85,99.63
59,2025-10-19 14:00:00,16.09,5.6,853.8,0.0,63.43,21.5,22.33,22.8,0.99,99.64
59,2025-10-19 15:00:00,14.11,5.5,840.7,0.0,61.23,23.4,24.0,24.5,1.16,99.65
59,2025-10-19 16:00:00,14.54,6.36,777.9,0.0,57.23,24.9,25.23,25.5,1.38,99.61
59,2025-10-19 17:00:00,18.29,8.17,686.6,0.0,55.5,25.5,25.65,25.7,1.47,99.6
59,2025-10-19 18:00:00,18.5,6.96,514.4,0.0,53.15,25.2,25.43,25.6,1.52,99.62
59,2025-10-19 19:00:00,15.77,7.87,325.7,0.0,52.55,24.3,24.75,25.2,1.48,99.64
59,2025-10-19 20:00:00,16.42,8.1,136.0,0.0,57.53,20.9,22.33,23.5,1.15,99.71
59,2025-10-19 21:00:00,12.82,3.77,3.1,0.0,62.1,17.6,18.95,20.2,0.83,99.8
59,2025-10-19 22:00:00,5.18,2.04,0.0,0.0,69.43,15.0,15.7,16.8,0.55,99.87
59,2025-10-19 23:00:00,5.18,1.85,0.0,0.0,75.35,13.3,13.88,14.5,0.39,99.91
59,2025-10-20 00:00:00,4.03,2.07,0.0,0.0,78.15,11.5,12.28,13.0,0.32,99.9
59,2025-10-20 01:00:00,4.79,2.74,0.0,0.0,85.88,10.3,10.73,11.1,0.19,99.89
59,2025-10-20 02:00:00,4.39,1.46,0.0,0.0,89.0,9.3,9.75,10.4,0.14,99.86
59,2025-10-20 03:00:00,4.64,2.94,0.0,0.0,91.6,8.6,8.85,9.0,0.1,99.83
59,2025-10-20 04:00:00,5.0,2.58,0.0,0.0,92.85,7.7,8.08,8.3,0.08,99.8
59,2025-10-20 05:00:00,2.45,1.37,0.0,0.0,90.8,7.0,7.3,7.5,0.1,99.77
59,2025-10-20 06:00:00,2.27,1.32,0.0,0.0,90.7,6.4,6.58,6.7,0.09,99.79
59,2025-10-20 07:00:00,2.48,1.63,2.2,0.0,91.83,6.0,6.18,6.4,0.08,99.85
59,2025-10-20 08:00:00,4.86,1.08,123.5,0.04,94.73,5.8,6.38,7.3,0.05,99.92
59,2025-10-20 09:00:00,6.62,2.59,287.3,0.02,98.38,8.0,9.35,10.7,0.02,100.0
59,2025-10-20 10:00:00,10.94,3.5,480.0,0.0,86.35,11.5,12.3,13.2,0.2,100.03
59,2025-10-20 11:00:00,10.94,4.2,648.4,0.0,73.85,13.6,14.38,15.3,0.43,100.02
59,2025-10-20 12:00:00,13.0,4.51,775.9,0.0,64.75,15.7,16.78,17.6,0.67,100.01
59,2025-10-20 13:00:00,13.43,4.58,847.8,0.0,59.13,17.8,18.83,19.7,0.89,99.95
59,2025-10-20 14:00:00,18.83,6.28,864.1,0.0,53.28,20.2,20.9,21.6,1.16,99.91
59,2025-10-20 15:00:00,21.31,5.01,856.5,0.0,47.9,21.8,22.23,22.6,1.4,99.88
59,2025-10-20 16:00:00,14.8,4.6,794.9,0.0,45.35,23.0,23.08,23.1,1.55,99.84
59,2025-10-20 17:00:00,11.48,3.79,676.6,0.0,41.95,23.2,23.58,23.8,1.69,99.79
59,2025-10-20 18:00:00,9.47,2.78,521.8,0.0,37.65,23.8,23.85,23.9,1.85,99.77
59,2025-10-20 19:00:00,9.61,2.23,334.1,0.0,36.13,23.0,23.45,23.7,1.85,99.77
59,2025-10-20 20:00:00,5.33,1.65,140.6,0.0,44.55,20.0,21.5,22.7,1.43,99.78
59,2025-10-20 21:00:00,3.1,2.01,2.0,0.0,59.65,16.2,17.23,18.6,0.8,99.82
59,2025-10-20 22:00:00,13.28,2.33,0.0,0.0,67.28,15.7,16.23,16.6,0.61,99.88
59,2025-10-20 23:00:00,15.66,2.97,0.0,0.0,74.5,15.7,16.13,16.4,0.47,99.89
59,2025-10-21 00:00:00,7.2,2.09,0.0,0.0,79.18,14.5,14.9,15.3,0.35,99.86
59,2025-10-21 01:00:00,4.32,1.19,0.0,0.0,83.18,13.3,13.7,14.1,0.27,99.82
59,2025-10-21 02:00:00,3.49,0.89,0.0,0.0,87.43,12.3,12.68,13.0,0.19,99.78
59,2025-10-21 03:00:00,3.46,0.9,0.0,0.0,90.03,11.6,11.88,12.1,0.14,99.74
59,2025-10-21 04:00:00,2.95,0.79,0.0,0.0,91.4,11.2,11.4,11.6,0.11,99.69
59,2025-10-21 05:00:00,3.24,0.9,0.0,0.0,92.45,10.7,10.95,11.2,0.1,99.67
59,2025-10-21 06:00:00,2.88,1.24,0.0,0.0,93.33,10.4,10.53,10.7,0.09,99.7
59,2025-10-21 07:00:00,2.99,1.37,0.4,0.0,94.2,10.1,10.2,10.3,0.07,99.74
59,2025-10-21 08:00:00,3.82,1.44,42.9,0.0,94.65,10.2,10.3,10.4,0.07,99.78
59,2025-10-21 09:00:00,7.13,1.92,167.9,0.0,96.1,10.7,11.13,11.7,0.05,99.81
59,2025-10-21 10:00:00,10.98,3.23,209.5,0.0,91.5,12.1,12.68,13.1,0.13,99.89
59,2025-10-21 11:00:00,19.76,4.54,731.7,0.0,82.48,13.2,13.98,15.3,0.28,99.96
59,2025-10-21 12:00:00,22.54,5.08,735.3,0.0,72.1,15.7,16.75,17.7,0.54,99.98
59,2025-10-21 13:00:00,13.36,4.2,846.9,0.0,63.15,18.3,18.95,19.7,0.81,99.95
59,2025-10-21 14:00:00,21.31,4.78,862.5,0.0,59.2,20.2,20.48,20.9,0.98,99.89
59,2025-10-21 15:00:00,15.52,4.32,856.3,0.0,54.5,21.2,21.4,21.8,1.16,99.83
59,2025-10-21 16:00:00,17.64,4.73,794.3,0.0,51.95,21.7,22.28,22.7,1.29,99.76
59,2025-10-21 17:00:00,20.59,4.33,682.1,0.0,48.65,22.5,22.78,23.0,1.43,99.69
59,2025-10-21 18:00:00,15.23,3.97,521.0,0.0,46.68,22.8,22.98,23.1,1.5,99.62
59,2025-10-21 19:00:00,13.82,3.85,331.9,0.0,46.38,22.2,22.55,22.8,1.47,99.61
59,2025-10-21 20:00:00,6.77,1.54,145.0,0.0,48.65,19.6,20.98,21.9,1.28,99.65
59,2025-10-21 21:00:00,2.7,0.82,3.7,0.0,57.55,15.8,17.1,18.6,0.84,99.7
59,2025-10-21 22:00:00,2.7,1.19,0.0,0.0,65.48,13.7,14.33,15.0,0.56,99.73
59,2025-10-21 23:00:00,3.42,1.26,0.0,0.0,67.13,12.8,13.15,13.5,0.5,99.73
59,2025-10-22 00:00:00,10.3,1.6,0.0,0.0,70.33,12.5,12.65,12.8,0.44,99.75
59,2025-10-22 01:00:00,7.7,1.62,0.0,0.0,69.4,11.5,12.08,12.5,0.43,99.75
59,2025-10-22 02:00:00,2.66,1.23,0.0,0.0,77.23,9.4,10.13,10.9,0.29,99.76
59,2025-10-22 03:00:00,2.95,1.6,0.0,0.0,84.48,8.0,8.7,9.2,0.18,99.74
59,2025-10-22 04:00:00,3.6,1.67,0.0,0.0,88.7,7.3,7.78,8.1,0.12,99.69
59,2025-10-22 05:00:00,3.74,2.12,0.0,0.0,90.78,6.8,7.05,7.2,0.09,99.66
59,2025-10-22 06:00:00,4.1,2.78,0.0,0.0,93.45,5.6,6.1,6.5,0.06,99.67
59,2025-10-22 07:00:00,3.53,2.52,3.1,0.0,93.25,5.3,5.4,5.5,0.06,99.66
59,2025-10-22 08:00:00,4.28,1.89,128.0,0.0,94.83,5.2,6.13,7.1,0.05,99.65
59,2025-10-22 09:00:00,10.37,2.4,283.4,0.02,95.25,8.5,10.48,12.1,0.06,99.68
59,2025-10-22 10:00:00,15.41,3.83,484.1,0.0,83.4,12.5,13.28,14.0,0.26,99.68
59,2025-10-22 11:00:00,14.69,4.87,653.1,0.0,73.95,14.4,15.45,16.4,0.46,99.66
59,2025-10-22 12:00:00,17.03,4.68,779.1,0.0,63.78,16.8,17.95,19.0,0.75,99.64
59,2025-10-22 13:00:00,16.42,5.31,833.7,0.0,57.53,19.8,20.4,20.9,1.02,99.6
59,2025-10-22 14:00:00,20.7,5.25,868.7,0.0,53.25,21.6,21.93,22.1,1.23,99.54
59,2025-10-22 15:00:00,18.43,5.65,860.0,0.0,49.93,22.1,22.78,23.3,1.39,99.48
59,2025-10-22 16:00:00,19.12,5.73,782.1,0.0,44.33,23.5,24.0,24.6,1.66,99.45
59,2025-10-22 17:00:00,12.13,3.4,670.9,0.0,40.6,24.5,24.6,24.8,1.84,99.41
59,2025-10-22 18:00:00,11.2,2.61,412.7,0.0,42.7,23.3,23.93,24.5,1.7,99.43
59,2025-10-22 19:00:00,7.7,2.43,183.6,0.0,44.05,22.0,22.45,23.0,1.52,99.47
59,2025-10-22 20:00:00,8.82,2.09,61.3,0.0,48.65,19.2,20.33,21.4,1.23,99.54
59,2025-10-22 21:00:00,4.75,1.6,1.3,0.0,57.53,17.3,17.7,18.5,0.86,99.59
59,2025-10-22 22:00:00,8.03,1.67,0.0,0.0,61.9,16.4,16.95,17.5,0.74,99.65
59,2025-10-22 23:00:00,4.03,1.43,0.0,0.0,63.78,15.0,15.73,16.4,0.65,99.67
59,2025-10-23 00:00:00,2.99,1.2,0.0,0.0,67.05,13.4,13.83,14.4,0.52,99.65
59,2025-10-23 01:00:00,4.0,1.29,0.0,0.0,67.5,13.0,13.1,13.3,0.49,99.65
59,2025-10-23 02:00:00,2.27,1.12,0.0,0.0,70.23,12.2,12.55,12.8,0.43,99.65
59,2025-10-23 03:00:00,2.63,1.09,0.0,0.0,74.93,11.4,11.78,12.1,0.35,99.62
59,2025-10-23 04:00:00,2.66,1.43,0.0,0.0,80.45,10.9,11.2,11.4,0.26,99.6
59,2025-10-23 05:00:00,2.2,1.15,0.0,0.0,83.23,10.4,10.6,10.9,0.21,99.6
59,2025-10-23 06:00:00,2.88,1.47,0.0,0.0,86.5,9.7,9.95,10.3,0.17,99.59
59,2025-10-23 07:00:00,2.63,1.23,1.0,0.0,88.75,9.4,9.5,9.7,0.13,99.62
59,2025-10-23 08:00:00,2.3,1.21,55.7,0.0,90.48,9.5,9.75,10.0,0.12,99.65
59,2025-10-23 09:00:00,4.43,1.13,106.1,0.0,88.98,10.3,10.93,11.5,0.15,99.7
59,2025-10-23 10:00:00,6.88,2.12,235.5,0.0,82.9,11.8,12.3,12.8,0.25,99.74
59,2025-10-23 11:00:00,9.72,3.07,256.1,0.0,78.95,13.0,13.28,13.5,0.32,99.77
59,2025-10-23 12:00:00,12.96,3.64,311.8,0.0,76.63,13.7,13.98,14.2,0.37,99.79
59,2025-10-23 13:00:00,8.64,3.18,358.2,0.0,75.0,14.3,14.38,14.5,0.41,99.8
59,2025-10-23 14:00:00,11.41,3.65,396.7,0.0,73.2,14.6,15.13,15.6,0.46,99.8
59,2025-10-23 15:00:00,9.83,3.49,430.7,0.0,69.15,15.9,16.3,16.7,0.57,99.8
59,2025-10-23 16:00:00,11.84,4.29,425.6,0.0,67.0,16.9,17.15,17.3,0.65,99.79
59,2025-10-23 17:00:00,13.07,5.07,294.1,0.0,68.68,17.1,17.13,17.2,0.61,99.77
59,2025-10-23 18:00:00,12.74,5.23,228.1,0.0,69.4,17.1,17.13,17.2,0.6,99.75
59,2025-10-23 19:00:00,10.94,4.0,212.3,0.0,69.5,17.0,17.15,17.2,0.6,99.79
59,2025-10-23 20:00:00,6.98,1.88,59.7,0.0,72.08,16.4,16.68,16.9,0.53,99.83
59,2025-10-23 21:00:00,3.13,1.37,7.9,0.0,79.0,15.0,15.58,16.1,0.37,99.86
59,2025-10-23 22:00:00,5.22,2.26,0.0,0.0,82.5,14.3,14.45,14.7,0.29,99.87
59,2025-10-23 23:00:00,7.63,1.15,0.0,0.0,78.4,13.3,13.65,14.1,0.34,99.88
59,2025-10-24 00:00:00,5.51,1.23,0.0,0.0,79.58,12.0,12.4,12.9,0.3,99.87
59,2025-10-24 01:00:00,4.86,1.05,0.0,0.0,82.9,11.7,11.85,12.0,0.24,99.84
59,2025-10-24 02:00:00,5.29,1.08,0.0,0.0,85.78,11.3,11.38,11.4,0.19,99.84
59,2025-10-24 03:00:00,4.93,1.21,0.0,0.0,86.2,10.8,10.88,11.0,0.18,99.82
59,2025-10-24 04:00:00,2.95,0.99,0.0,0.0,87.73,9.7,10.23,10.8,0.16,99.79
59,2025-10-24 05:00:00,3.13,1.21,0.0,0.0,90.15,8.2,8.83,9.4,0.11,99.78
59,2025-10-24 06:00:00,2.48,1.51,0.0,0.0,91.13,7.8,8.0,8.3,0.1,99.8
59,2025-10-24 07:00:00,3.56,2.03,3.1,0.0,93.05,7.0,7.38,7.7,0.07,99.83
59,2025-10-24 08:00:00,3.96,1.55,116.9,0.0,94.83,6.8,7.2,8.0,0.06,99.86
59,2025-10-24 09:00:00,10.73,2.92,267.2,0.0,94.08,9.3,10.48,11.4,0.08,99.93
59,2025-10-24 10:00:00,11.16,3.81,453.3,0.0,82.93,11.6,12.3,13.2,0.25,99.95
59,2025-10-24 11:00:00,15.48,4.31,654.1,0.0,72.73,14.0,14.85,15.8,0.46,99.94
59,2025-10-24 12:00:00,14.29,5.0,779.1,0.0,62.78,16.4,16.88,17.4,0.72,99.92
59,2025-10-24 13:00:00,16.7,4.83,918.8,0.0,58.98,17.9,18.18,18.5,0.86,99.9
59,2025-10-24 14:00:00,23.69,5.68,1005.9,0.0,56.25,17.3,18.25,18.9,0.92,99.88
59,2025-10-24 15:00:00,19.84,5.0,895.4,0.0,52.7,18.1,18.7,19.4,1.02,99.86
59,2025-10-24 16:00:00,18.25,5.04,846.5,0.0,49.58,18.6,19.3,19.8,1.13,99.85
59,2025-10-24 17:00:00,12.35,3.25,288.1,0.0,51.13,18.1,18.6,19.0,1.05,99.86
59,2025-10-24 18:00:00,15.77,3.62,177.9,0.0,54.7,17.0,17.33,17.8,0.9,99.9
59,2025-10-24 19:00:00,26.24,3.64,63.9,0.73,64.65,13.4,15.2,16.9,0.63,99.98
59,2025-10-24 20:00:00,17.53,4.33,52.8,0.02,80.2,12.6,13.13,13.3,0.3,100.04
59,2025-10-24 21:00:00,11.7,2.84,2.4,0.0,80.0,11.8,12.2,12.5,0.29,100.1
59,2025-10-24 22:00:00,11.95,2.48,0.0,0.0,71.85,11.6,11.88,12.1,0.39,100.16
59,2025-10-24 23:00:00,5.11,1.29,0.0,0.0,74.85,10.0,10.53,11.2,0.32,100.21
59,2025-10-25 00:00:00,3.38,1.12,0.0,0.0,79.03,8.9,9.25,9.6,0.25,100.22
59,2025-10-25 01:00:00,10.44,2.2,0.0,0.0,81.13,8.4,8.65,9.0,0.21,100.23
59,2025-10-25 02:00:00,6.16,1.97,0.0,0.0,80.13,8.2,8.48,8.6,0.22,100.28
59,2025-10-25 03:00:00,7.52,1.63,0.0,0.0,79.63,7.3,7.8,8.2,0.22,100.3
59,2025-10-25 04:00:00,6.59,1.39,0.0,0.0,80.23,6.3,6.78,7.0,0.2,100.33
59,2025-10-25 05:00:00,3.53,1.24,0.0,0.0,83.6,5.1,5.53,6.0,0.15,100.37
59,2025-10-25 06:00:00,3.74,1.07,0.0,0.0,86.0,4.5,4.68,4.9,0.12,100.42
59,2025-10-25 07:00:00,6.98,1.44,4.2,0.0,87.35,4.5,4.55,4.6,0.11,100.48
59,2025-10-25 08:00:00,6.01,1.45,130.7,0.0,89.58,4.2,5.13,6.2,0.09,100.52
59,2025-10-25 09:00:00,12.74,3.25,302.3,0.0,86.63,7.0,7.83,8.6,0.14,100.59
59,2025-10-25 10:00:00,14.26,3.91,493.1,0.0,80.8,9.0,9.43,9.9,0.23,100.61
59,2025-10-25 11:00:00,16.85,5.11,661.7,0.0,73.35,10.2,11.03,11.9,0.35,100.57
59,2025-10-25 12:00:00,15.48,4.43,789.3,0.0,65.0,12.8,13.78,14.8,0.56,100.48
59,2025-10-25 13:00:00,17.21,5.19,865.0,0.0,57.2,15.4,16.15,17.3,0.79,100.41
59,2025-10-25 14:00:00,14.47,4.9,901.5,0.0,47.5,17.5,18.58,19.4,1.13,100.35
59,2025-10-25 15:00:00,16.49,4.98,849.9,0.0,43.08,19.2,19.8,20.2,1.32,100.3
59,2025-10-25 16:00:00,18.0,4.03,813.1,0.0,40.05,20.4,20.6,20.8,1.45,100.23
59,2025-10-25 17:00:00,15.44,3.75,662.5,0.0,35.9,20.2,20.6,20.8,1.56,100.16
59,2025-10-25 18:00:00,12.17,3.38,505.5,0.0,37.73,19.6,20.38,21.0,1.49,100.12
59,2025-10-25 19:00:00,11.84,2.73,170.1,0.0,40.5,18.2,18.68,19.1,1.28,100.13
59,2025-10-25 20:00:00,17.96,3.24,161.7,0.0,42.8,16.8,17.58,18.1,1.15,100.16
59,2025-10-25 21:00:00,4.82,1.04,5.0,0.0,51.43,12.9,14.28,15.7,0.8,100.18
59,2025-10-25 22:00:00,2.66,1.26,0.0,0.0,60.4,10.9,11.6,12.4,0.54,100.18
59,2025-10-25 23:00:00,5.51,1.57,0.0,0.0,64.23,10.2,10.45,10.7,0.46,100.19
59,2025-10-26 00:00:00,13.1,1.95,0.0,0.0,67.98,10.6,10.83,11.0,0.42,100.17
59,2025-10-26 01:00:00,7.06,1.1,0.0,0.0,77.35,8.8,9.45,10.2,0.27,100.14
59,2025-10-26 02:00:00,5.62,1.33,0.0,0.0,80.9,8.4,8.7,9.0,0.22,100.12
59,2025-10-26 03:00:00,7.6,1.23,0.0,0.0,83.25,7.9,8.05,8.1,0.18,100.07
59,2025-10-26 04:00:00,8.14,2.09,0.0,0.0,83.8,7.8,8.0,8.2,0.18,100.04
59,2025-10-26 05:00:00,9.22,1.92,0.0,0.0,85.83,7.3,7.6,8.0,0.15,100.03
59,2025-10-26 06:00:00,3.02,1.79,0.0,0.0,89.05,6.0,6.6,7.2,0.11,100.02
59,2025-10-26 07:00:00,3.82,2.18,3.9,0.0,90.6,5.7,5.93,6.1,0.09,100.0
59,2025-10-26 08:00:00,6.08,1.62,133.2,0.0,92.83,5.6,6.73,8.0,0.07,100.02
59,2025-10-26 09:00:00,11.7,3.52,296.1,0.0,86.4,8.9,10.2,11.2,0.17,100.04
59,2025-10-26 10:00:00,11.05,3.64,487.5,0.0,76.1,12.0,12.73,13.9,0.35,100.04
59,2025-10-26 11:00:00,15.66,4.13,658.3,0.0,65.23,14.7,15.8,16.7,0.63,99.98
59,2025-10-26 12:00:00,13.18,3.87,781.9,0.0,60.08,17.4,18.23,19.2,0.84,99.93
59,2025-10-26 13:00:00,20.95,4.6,856.7,0.0,56.98,19.4,20.0,20.7,1.01,99.86
59,2025-10-26 14:00:00,18.79,4.58,872.9,0.0,54.15,21.2,21.75,22.2,1.2,99.81
59,2025-10-26 15:00:00,13.32,4.09,849.6,0.0,51.38,22.3,22.85,23.3,1.35,99.74
59,2025-10-26 16:00:00,14.51,4.56,769.9,0.0,49.78,23.2,23.55,23.9,1.46,99.66
59,2025-10-26 17:00:00,20.7,4.48,694.7,0.0,46.9,24.0,24.13,24.3,1.6,99.6
59,2025-10-26 18:00:00,10.73,3.11,484.3,0.0,47.55,23.5,23.78,24.0,1.55,99.58
59,2025-10-26 19:00:00,13.07,2.73,299.3,0.0,49.18,22.7,22.8,22.9,1.41,99.59
59,2025-10-26 20:00:00,9.36,1.85,87.6,0.0,52.68,20.5,21.33,22.1,1.21,99.61
59,2025-10-26 21:00:00,4.93,0.9,4.0,0.0,60.23,17.0,18.3,19.7,0.84,99.64
59,2025-10-26 22:00:00,2.05,1.0,0.0,0.0,68.53,15.3,15.83,16.4,0.57,99.65
59,2025-10-26 23:00:00,3.31,0.84,0.0,0.0,73.13,14.3,14.6,15.0,0.45,99.66
59,2025-10-27 00:00:00,3.1,0.98,0.0,0.0,79.45,13.2,13.6,14.0,0.32,99.64
59,2025-10-27 01:00:00,6.73,1.45,0.0,0.0,84.0,12.7,12.9,13.1,0.24,99.61
59,2025-10-27 02:00:00,2.52,1.05,0.0,0.0,86.75,12.1,12.35,12.6,0.19,99.57
59,2025-10-27 03:00:00,2.12,0.91,0.0,0.0,88.23,11.8,11.93,12.1,0.17,99.51
59,2025-10-27 04:00:00,5.62,1.27,0.0,0.0,88.25,11.8,12.0,12.2,0.17,99.47
59,2025-10-27 05:00:00,3.1,0.97,0.0,0.0,87.53,11.9,12.0,12.1,0.18,99.41
59,2025-10-27 06:00:00,3.2,1.07,0.0,0.0,89.28,10.9,11.25,11.6,0.14,99.39
59,2025-10-27 07:00:00,3.67,1.09,2.7,0.0,90.6,10.7,10.73,10.8,0.12,99.41
59,2025-10-27 08:00:00,5.76,1.43,68.7,0.0,91.55,10.7,10.93,11.2,0.11,99.46
59,2025-10-27 09:00:00,9.94,2.31,144.9,0.0,90.73,11.5,11.8,12.0,0.13,99.49
59,2025-10-27 10:00:00,10.33,3.44,296.9,0.0,88.73,12.2,12.5,12.9,0.17,99.49
59,2025-10-27 11:00:00,9.04,3.82,571.8,0.0,84.35,13.2,14.08,14.9,0.26,99.46
59,2025-10-27 12:00:00,14.58,4.43,867.1,0.0,76.33,14.8,15.98,17.2,0.44,99.42
59,2025-10-27 13:00:00,15.37,5.14,903.5,0.0,65.45,17.7,18.6,19.8,0.74,99.4
59,2025-10-27 14:00:00,15.59,4.66,880.3,0.0,63.53,19.7,20.35,20.9,0.88,99.36
59,2025-10-27 15:00:00,12.96,4.21,888.1,0.0,58.78,20.8,21.48,22.0,1.06,99.34
59,2025-10-27 16:00:00,13.68,4.29,801.7,0.0,54.03,22.4,22.9,23.3,1.29,99.31
59,2025-10-27 17:00:00,12.06,4.65,654.1,0.0,49.55,23.6,24.18,24.6,1.52,99.28
59,2025-10-27 18:00:00,9.86,2.41,525.3,0.0,47.15,24.1,24.5,24.7,1.63,99.29
59,2025-10-27 19:00:00,8.86,2.31,340.3,0.0,45.73,24.4,24.83,25.2,1.7,99.31
59,2025-10-27 20:00:00,4.28,1.43,157.2,0.0,48.3,23.0,24.1,25.0,1.56,99.37
59,2025-10-27 21:00:00,4.0,2.61,6.3,0.0,62.8,18.2,19.58,21.4,0.86,99.44
59,2025-10-27 22:00:00,3.71,1.37,0.0,0.0,70.1,16.8,17.03,17.1,0.58,99.5
59,2025-10-27 23:00:00,8.14,2.69,0.0,0.0,77.03,14.8,15.73,16.7,0.41,99.54
59,2025-10-28 00:00:00,8.75,3.24,0.0,0.0,79.43,14.7,14.98,15.5,0.35,99.56
59,2025-10-28 01:00:00,7.78,2.95,0.0,0.0,82.43,13.4,14.03,14.5,0.28,99.6
59,2025-10-28 02:00:00,4.79,2.33,0.0,0.0,87.53,12.0,12.53,13.1,0.18,99.64
59,2025-10-28 03:00:00,5.33,2.08,0.0,0.0,88.58,12.0,12.05,12.2,0.16,99.64
59,2025-10-28 04:00:00,6.37,2.67,0.0,0.0,88.15,11.7,11.78,11.9,0.17,99.64
59,2025-10-28 05:00:00,5.44,1.83,0.0,0.0,88.15,10.9,11.48,11.9,0.16,99.67
59,2025-10-28 06:00:00,4.25,1.67,0.0,0.0,89.63,10.4,10.85,11.2,0.14,99.71
59,2025-10-28 07:00:00,4.64,2.24,5.3,0.0,92.0,9.5,9.8,10.2,0.1,99.76
59,2025-10-28 08:00:00,7.99,2.06,129.3,0.0,90.68,10.3,11.38,12.3,0.12,99.83
59,2025-10-28 09:00:00,14.44,4.97,302.8,0.02,85.7,13.0,13.93,14.8,0.23,99.9
59,2025-10-28 10:00:00,13.18,5.41,492.4,0.0,77.48,15.4,16.53,17.6,0.43,99.91
59,2025-10-28 11:00:00,12.31,4.84,659.0,0.0,69.1,17.7,18.65,19.6,0.67,99.91
59,2025-10-28 12:00:00,11.05,4.07,780.5,0.0,60.33,20.5,21.3,22.0,1.01,99.89
59,2025-10-28 13:00:00,11.77,4.72,851.8,0.0,55.95,22.5,23.08,23.7,1.24,99.85
59,2025-10-28 14:00:00,16.13,4.6,868.9,0.0,51.75,24.0,24.7,25.2,1.5,99.8
59,2025-10-28 15:00:00,17.17,5.38,860.3,0.0,49.25,25.5,25.78,26.1,1.68,99.76
59,2025-10-28 16:00:00,17.96,5.76,798.5,0.0,46.18,26.3,26.48,26.6,1.86,99.72
59,2025-10-28 17:00:00,17.14,5.11,687.4,0.0,42.43,26.8,26.93,27.1,2.05,99.68
59,2025-10-28 18:00:00,14.22,3.34,528.6,0.0,40.35,27.2,27.35,27.5,2.17,99.67
59,2025-10-28 19:00:00,10.48,1.9,345.0,0.0,41.08,26.9,27.15,27.4,2.12,99.67
59,2025-10-28 20:00:00,5.18,1.01,150.2,0.0,45.23,24.0,25.53,26.4,1.8,99.68
59,2025-10-28 21:00:00,5.65,1.71,6.4,0.0,58.8,19.2,20.9,22.6,1.03,99.72
59,2025-10-28 22:00:00,4.61,1.44,0.0,0.0,64.55,18.0,18.5,18.9,0.76,99.77
59,2025-10-28 23:00:00,4.1,1.13,0.0,0.0,64.6,16.5,17.05,17.5,0.69,99.81
59,2025-10-29 00:00:00,2.12,0.91,0.0,0.0,61.9,14.9,15.43,16.0,0.67,99.84
59,2025-10-29 01:00:00,3.31,1.36,0.0,0.0,65.78,13.0,13.65,14.2,0.54,99.82
59,2025-10-29 02:00:00,3.53,1.81,0.0,0.0,71.73,11.4,12.1,13.0,0.4,99.8
59,2025-10-29 03:00:00,3.02,1.7,0.0,0.0,73.33,11.0,11.15,11.3,0.36,99.74
59,2025-10-29 04:00:00,2.77,1.66,0.0,0.0,73.1,9.9,10.45,10.9,0.34,99.7
59,2025-10-29 05:00:00,3.53,1.8,0.0,0.0,77.25,9.4,9.58,9.8,0.27,99.69
59,2025-10-29 06:00:00,3.71,2.11,0.0,0.0,76.25,9.0,9.43,9.8,0.28,99.7
59,2025-10-29 07:00:00,3.1,1.53,6.0,0.0,81.53,8.0,8.3,8.8,0.2,99.7
59,2025-10-29 08:00:00,2.84,1.55,129.1,0.0,83.33,8.4,9.48,10.8,0.2,99.74
59,2025-10-29 09:00:00,10.66,1.93,289.2,0.0,70.6,12.0,13.65,14.9,0.46,99.81
59,2025-10-29 10:00:00,14.9,3.79,437.3,0.0,63.53,15.6,16.1,16.6,0.67,99.85
59,2025-10-29 11:00:00,18.25,4.18,691.3,0.0,59.78,16.3,17.28,18.1,0.8,99.87
59,2025-10-29 12:00:00,11.84,3.93,814.1,0.0,55.68,18.8,19.48,20.2,1.01,99.85
59,2025-10-29 13:00:00,11.3,4.22,824.2,0.0,51.15,20.9,21.23,21.8,1.23,99.82
59,2025-10-29 14:00:00,12.92,4.35,629.5,0.0,49.45,21.6,21.8,22.1,1.32,99.81
59,2025-10-29 15:00:00,12.2,3.53,796.1,0.0,45.75,22.4,22.98,23.8,1.53,99.78
59,2025-10-29 16:00:00,12.6,4.28,763.6,0.0,43.3,23.9,24.38,24.8,1.73,99.74
59,2025-10-29 17:00:00,12.02,4.46,688.1,0.0,38.65,25.4,25.45,25.5,2.0,99.69
59,2025-10-29 18:00:00,13.82,4.37,535.1,0.0,35.23,25.4,25.73,26.0,2.14,99.67
59,2025-10-29 19:00:00,7.38,1.98,345.5,0.0,35.1,25.4,25.58,25.7,2.13,99.66
59,2025-10-29 20:00:00,3.96,1.22,154.5,0.0,40.48,23.0,24.33,25.4,1.82,99.68
59,2025-10-29 21:00:00,4.43,1.49,7.5,0.0,54.7,18.5,19.9,21.7,1.06,99.75
59,2025-10-29 22:00:00,7.92,1.99,0.0,0.0,59.18,16.9,17.45,18.1,0.81,99.83
59,2025-10-29 23:00:00,4.03,2.11,0.0,0.0,64.15,14.7,15.48,16.2,0.63,99.9
59,2025-10-30 00:00:00,3.89,1.46,0.0,0.0,73.63,13.0,13.4,14.2,0.41,99.93
59,2025-10-30 01:00:00,4.36,2.69,0.0,0.0,79.98,11.8,12.13,12.6,0.29,99.94
59,2025-10-30 02:00:00,4.14,2.91,0.0,0.0,83.43,11.1,11.45,11.7,0.22,99.91
59,2025-10-30 03:00:00,3.49,2.1,0.0,0.0,87.75,9.8,10.3,10.8,0.16,99.86
59,2025-10-30 04:00:00,3.2,1.96,0.0,0.0,89.63,9.3,9.5,9.7,0.13,99.82
59,2025-10-30 05:00:00,3.53,2.18,0.0,0.0,91.68,8.6,8.8,9.0,0.1,99.8
59,2025-10-30 06:00:00,3.64,2.23,0.0,0.0,93.05,7.8,8.18,8.4,0.08,99.8
59,2025-10-30 07:00:00,3.35,2.03,6.4,0.0,93.5,7.2,7.48,7.7,0.07,99.8
59,2025-10-30 08:00:00,3.6,1.76,136.4,0.0,94.5,7.4,8.65,9.9,0.06,99.84
59,2025-10-30 09:00:00,10.87,2.41,310.1,0.02,89.45,11.0,12.65,14.2,0.16,99.91
59,2025-10-30 10:00:00,11.12,3.28,498.5,0.0,75.73,14.6,15.65,16.6,0.44,99.92
59,2025-10-30 11:00:00,11.77,3.72,665.9,0.0,67.88,17.1,17.68,18.6,0.65,99.89
59,2025-10-30 12:00:00,12.35,4.37,789.7,0.0,65.0,18.7,19.48,20.2,0.79,99.86
59,2025-10-30 13:00:00,14.29,4.76,861.6,0.0,60.98,20.7,21.35,22.0,1.0,99.84
59,2025-10-30 14:00:00,12.89,4.43,878.3,0.0,56.95,22.5,22.9,23.6,1.2,99.77
59,2025-10-30 15:00:00,12.31,3.74,866.5,0.0,51.63,24.5,24.98,25.4,1.53,99.7
59,2025-10-30 16:00:00,12.17,3.98,804.4,0.0,46.68,25.0,25.58,26.2,1.75,99.63
59,2025-10-30 17:00:00,13.43,4.19,691.3,0.0,41.7,25.9,26.08,26.4,1.97,99.56
59,2025-10-30 18:00:00,10.37,2.94,527.9,0.0,40.78,25.8,26.08,26.3,2.0,99.53
59,2025-10-30 19:00:00,8.28,2.37,329.9,0.0,41.93,26.2,26.28,26.4,1.99,99.51
59,2025-10-30 20:00:00,14.33,5.84,147.5,0.0,50.88,22.4,23.8,25.3,1.46,99.56
59,2025-10-30 21:00:00,10.4,2.83,8.3,0.0,54.43,18.9,20.18,21.6,1.08,99.63
59,2025-10-30 22:00:00,7.24,1.49,0.0,0.0,58.98,16.0,17.13,18.4,0.81,99.69
59,2025-10-30 23:00:00,3.85,1.25,0.0,0.0,62.13,14.8,15.35,15.9,0.66,99.76
59,2025-10-31 00:00:00,7.38,1.15,0.0,0.0,61.85,12.7,13.53,14.3,0.59,99.78
59,2025-10-31 01:00:00,3.24,1.34,0.0,0.0,64.6,11.3,11.73,12.4,0.49,99.8
59,2025-10-31 02:00:00,2.84,1.73,0.0,0.0,71.28,9.8,10.33,10.8,0.36,99.8
59,2025-10-31 03:00:00,2.84,1.46,0.0,0.0,76.15,9.0,9.23,9.6,0.28,99.74
59,2025-10-31 04:00:00,3.24,1.5,0.0,0.0,79.3,8.6,8.7,8.8,0.24,99.73
59,2025-10-31 05:00:00,4.1,1.65,0.0,0.0,81.33,7.7,8.05,8.3,0.2,99.73
59,2025-10-31 06:00:00,2.56,1.43,0.0,0.0,84.55,7.0,7.3,7.6,0.16,99.73
59,2025-10-31 07:00:00,2.74,1.3,7.5,0.0,87.75,6.4,6.63,6.7,0.12,99.75
59,2025-10-31 08:00:00,3.31,1.21,115.7,0.0,89.85,6.7,7.4,8.6,0.11,99.78
59,2025-10-31 09:00:00,6.62,2.43,258.5,0.0,82.95,9.7,11.03,12.2,0.23,99.83
59,2025-10-31 10:00:00,13.97,4.96,454.4,0.0,76.5,12.9,13.25,13.6,0.36,99.86
59,2025-10-31 11:00:00,14.65,4.3,510.4,0.0,70.25,14.0,14.53,15.2,0.5,99.85
59,2025-10-31 12:00:00,17.86,4.28,838.1,0.0,61.4,16.1,17.2,18.4,0.76,99.83
59,2025-10-31 13:00:00,21.49,4.68,743.1,0.0,59.58,18.2,18.38,18.6,0.86,99.81
59,2025-10-31 14:00:00,16.99,4.75,808.7,0.0,57.93,18.4,18.65,19.1,0.9,99.79
59,2025-10-31 15:00:00,14.54,5.02,835.9,0.0,54.6,19.1,19.68,20.1,1.04,99.74
59,2025-10-31 16:00:00,14.8,4.4,852.3,0.0,52.6,19.6,20.43,20.8,1.14,99.69
59,2025-10-31 17:00:00,18.04,4.44,529.1,0.0,53.68,19.7,20.03,20.3,1.09,99.65
59,2025-10-31 18:00:00,8.82,2.73,370.7,0.0,55.3,19.2,19.3,19.4,1.0,99.67
59,2025-10-31 19:00:00,13.46,3.39,511.5,0.0,53.08,19.9,20.1,20.4,1.11,99.68
59,2025-10-31 20:00:00,7.74,1.73,162.0,0.0,53.25,17.7,18.6,19.4,1.01,99.73
59,2025-10-31 21:00:00,4.43,1.54,8.3,0.0,59.98,13.6,15.0,16.5,0.69,99.76
59,2025-10-31 22:00:00,6.44,1.65,0.0,0.0,66.83,12.9,13.05,13.2,0.5,99.83
59,2025-10-31 23:00:00,5.18,1.27,0.0,0.0,71.85,11.6,12.15,12.7,0.4,99.89
59,2025-11-01 00:00:00,2.84,0.86,0.0,0.0,78.23,9.8,10.4,11.0,0.28,99.92
59,2025-11-01 01:00:00,2.99,0.93,0.0,0.0,82.5,9.0,9.25,9.6,0.2,99.91
59,2025-11-01 02:00:00,2.77,1.2,0.0,0.0,85.2,8.3,8.7,9.0,0.17,99.9
59,2025-11-01 03:00:00,2.92,1.67,0.0,0.0,88.83,7.4,7.8,8.2,0.12,99.87
59,2025-11-01 04:00:00,2.95,1.79,0.0,0.0,90.88,6.5,6.95,7.3,0.09,99.86
59,2025-11-01 05:00:00,2.95,1.81,0.0,0.0,92.68,5.9,6.15,6.7,0.07,99.86
59,2025-11-01 06:00:00,2.81,1.96,0.0,0.0,92.35,5.6,5.78,6.0,0.07,99.9
59,2025-11-01 07:00:00,3.74,2.13,7.3,0.0,93.53,5.2,5.33,5.5,0.06,99.93
59,2025-11-01 08:00:00,4.5,1.75,138.9,0.04,96.6,5.2,6.53,8.0,0.03,99.98
59,2025-11-01 09:00:00,9.65,2.68,305.9,0.0,95.18,9.1,10.23,11.3,0.06,100.03
59,2025-11-01 10:00:00,11.23,3.51,507.9,0.0,82.83,11.5,12.28,12.9,0.25,100.06
59,2025-11-01 11:00:00,13.75,4.33,673.1,0.0,73.38,13.8,14.53,15.3,0.44,100.04
59,2025-11-01 12:00:00,16.31,5.13,800.6,0.0,63.85,15.8,16.88,17.8,0.7,100.02
59,2025-11-01 13:00:00,20.7,4.58,874.3,0.0,56.85,18.9,19.58,20.3,0.99,99.95
59,2025-11-01 14:00:00,22.03,4.75,890.2,0.0,49.55,20.9,21.53,21.9,1.3,99.86
59,2025-11-01 15:00:00,13.68,4.76,881.2,0.0,44.33,22.4,22.88,23.1,1.55,99.79
59,2025-11-01 16:00:00,17.93,4.47,821.7,0.0,41.03,23.5,23.9,24.2,1.75,99.75
59,2025-11-01 17:00:00,13.21,4.13,707.5,0.0,38.53,24.4,24.73,25.0,1.92,99.71
59,2025-11-01 18:00:00,14.54,3.47,549.4,0.0,36.3,24.5,24.65,24.8,1.98,99.72
59,2025-11-01 19:00:00,10.26,2.15,364.3,0.0,36.5,24.4,24.65,24.8,1.97,99.72
59,2025-11-01 20:00:00,6.23,1.15,171.5,0.0,37.93,22.0,23.13,24.1,1.76,99.73
59,2025-11-01 21:00:00,3.64,1.02,7.9,0.0,48.18,17.0,18.75,20.8,1.14,99.76
59,2025-11-01 22:00:00,4.32,2.39,0.0,0.0,55.33,15.5,15.93,16.5,0.81,99.77
59,2025-11-01 23:00:00,3.85,2.53,0.0,0.0,59.73,14.0,14.65,15.3,0.67,99.78
59,2025-11-02 00:00:00,3.2,1.45,0.0,0.0,68.05,12.4,12.83,13.3,0.47,99.74
59,2025-11-02 01:00:00,4.14,2.61,0.0,0.0,75.3,10.9,11.48,12.1,0.34,99.7
59,2025-11-02 02:00:00,3.49,1.14,0.0,0.0,76.13,10.6,10.83,11.0,0.31,99.66
59,2025-11-02 03:00:00,4.72,1.42,0.0,0.0,80.83,9.8,10.28,10.5,0.24,99.62
59,2025-11-02 04:00:00,3.53,2.23,0.0,0.0,86.6,8.6,9.03,9.5,0.16,99.58
59,2025-11-02 05:00:00,3.82,2.09,0.0,0.0,88.35,7.9,8.15,8.3,0.13,99.54
59,2025-11-02 06:00:00,3.2,1.83,0.0,0.0,90.35,7.2,7.35,7.5,0.1,99.52
59,2025-11-02 07:00:00,2.63,1.56,7.7,0.0,92.45,6.4,6.58,6.7,0.08,99.5
59,2025-11-02 08:00:00,3.64,1.32,147.3,0.0,94.83,6.7,8.03,9.8,0.06,99.53
59,2025-11-02 09:00:00,7.49,2.36,321.4,0.0,90.38,10.9,11.88,12.8,0.14,99.57
59,2025-11-02 10:00:00,7.2,2.84,514.5,0.0,79.1,13.0,13.9,14.8,0.34,99.56
59,2025-11-02 11:00:00,12.49,3.69,679.5,0.0,69.35,15.1,16.13,17.2,0.56,99.53
59,2025-11-02 12:00:00,11.56,3.29,806.2,0.0,63.83,17.6,18.45,19.3,0.77,99.49
59,2025-11-02 13:00:00,9.68,3.72,876.3,0.0,58.35,19.7,20.7,21.7,1.02,99.44
59,2025-11-02 14:00:00,11.63,4.44,893.7,0.0,51.25,22.1,22.73,23.3,1.35,99.38
59,2025-11-02 15:00:00,14.11,3.7,886.9,0.0,44.15,24.0,24.7,25.4,1.74,99.31
59,2025-11-02 16:00:00,10.26,3.1,823.3,0.0,41.15,25.4,25.9,26.5,1.97,99.24
59,2025-11-02 17:00:00,7.92,3.08,703.4,0.0,40.35,26.7,26.83,27.0,2.11,99.19
59,2025-11-02 18:00:00,8.75,2.43,546.3,0.0,38.0,27.1,27.63,28.0,2.3,99.16
59,2025-11-02 19:00:00,18.97,3.9,362.0,0.0,40.5,26.5,27.25,27.7,2.16,99.19
59,2025-11-02 20:00:00,16.74,5.73,165.1,0.0,50.58,23.3,24.5,25.6,1.53,99.26
59,2025-11-02 21:00:00,10.51,2.36,5.3,0.0,55.03,19.4,20.9,22.4,1.12,99.36
59,2025-11-02 22:00:00,4.14,1.93,0.0,0.0,65.33,15.9,16.98,18.0,0.67,99.47
59,2025-11-02 23:00:00,5.36,2.78,0.0,0.0,68.03,14.6,15.18,15.9,0.55,99.57
59,2025-11-03 00:00:00,8.75,2.79,0.0,0.0,66.75,13.6,14.08,14.6,0.53,99.58
59,2025-11-03 01:00:00,7.16,2.49,0.0,0.0,72.68,12.6,12.85,13.2,0.41,99.56
59,2025-11-03 02:00:00,12.35,3.24,0.0,0.0,76.55,11.7,12.13,12.5,0.33,99.5
59,2025-11-03 03:00:00,7.85,2.38,0.0,0.0,82.73,10.6,11.05,11.5,0.23,99.45
59,2025-11-03 04:00:00,7.02,2.13,0.0,0.0,87.05,10.0,10.2,10.4,0.16,99.4
59,2025-11-03 05:00:00,6.48,1.96,0.0,0.0,89.63,9.6,9.75,9.8,0.12,99.38
59,2025-11-03 06:00:00,3.46,1.04,0.0,0.0,91.63,9.0,9.18,9.4,0.1,99.38
59,2025-11-03 07:00:00,3.49,1.46,9.0,0.0,92.4,8.7,8.75,8.8,0.09,99.44
59,2025-11-03 08:00:00,5.51,2.71,78.3,0.0,93.68,8.9,9.2,9.6,0.07,99.53
59,2025-11-03 09:00:00,7.52,2.44,233.6,0.0,93.28,10.0,10.78,11.5,0.09,99.6
59,2025-11-03 10:00:00,9.86,3.76,485.6,0.0,84.43,12.0,12.98,13.8,0.24,99.63
59,2025-11-03 11:00:00,19.58,5.9,669.1,0.0,74.93,14.2,14.9,15.6,0.43,99.65
59,2025-11-03 12:00:00,17.28,6.72,799.4,0.0,67.15,16.1,16.7,17.3,0.63,99.67
59,2025-11-03 13:00:00,21.71,6.28,666.6,0.0,64.78,17.6,17.73,18.0,0.71,99.68
59,2025-11-03 14:00:00,20.41,7.34,844.5,0.0,62.73,18.3,18.73,19.3,0.81,99.66
59,2025-11-03 15:00:00,18.04,6.98,700.3,0.0,61.93,19.1,19.35,19.7,0.86,99.65
59,2025-11-03 16:00:00,19.87,8.25,662.4,0.0,61.6,19.5,19.73,19.9,0.88,99.64
59,2025-11-03 17:00:00,23.54,9.84,481.7,0.0,62.13,19.2,19.4,19.7,0.85,99.65
59,2025-11-03 18:00:00,21.71,9.46,357.7,0.0,62.38,18.1,18.45,18.9,0.8,99.69
59,2025-11-03 19:00:00,16.06,6.53,155.9,0.0,61.93,17.4,17.65,17.9,0.77,99.75
59,2025-11-03 20:00:00,13.07,5.91,66.5,0.0,62.55,16.5,16.9,17.3,0.72,99.81
59,2025-11-03 21:00:00,16.27,4.0,4.2,0.0,66.9,15.0,15.55,16.1,0.59,99.88
59,2025-11-03 22:00:00,7.63,1.71,0.0,0.0,71.68,14.1,14.38,14.6,0.46,99.94
59,2025-11-03 23:00:00,6.7,1.35,0.0,0.0,73.68,13.9,13.93,14.0,0.42,99.98
59,2025-11-04 00:00:00,5.22,2.21,0.0,0.0,74.45,13.6,13.65,13.8,0.4,100.02
59,2025-11-04 01:00:00,3.67,1.15,0.0,0.0,75.75,13.5,13.53,13.6,0.38,100.06
59,2025-11-04 02:00:00,3.35,1.16,0.0,0.0,76.58,13.2,13.33,13.4,0.36,100.09
59,2025-11-04 03:00:00,2.77,1.11,0.0,0.0,78.53,12.9,13.05,13.2,0.32,100.08
59,2025-11-04 04:00:00,3.49,1.22,0.0,0.0,81.18,12.8,12.85,12.9,0.28,100.05
59,2025-11-04 05:00:00,3.78,1.2,0.0,0.0,81.95,12.5,12.68,12.8,0.27,100.04
59,2025-11-04 06:00:00,3.06,0.8,0.0,0.0,84.1,12.1,12.28,12.4,0.23,100.06
59,2025-11-04 07:00:00,2.99,1.16,4.7,0.0,86.23,11.9,11.95,12.0,0.19,100.09
59,2025-11-04 08:00:00,4.39,1.46,76.8,0.0,86.38,12.0,12.15,12.4,0.19,100.13
59,2025-11-04 09:00:00,6.95,2.45,264.0,0.0,84.05,12.6,13.53,14.4,0.25,100.15
59,2025-11-04 10:00:00,8.96,2.79,391.0,0.0,73.3,14.8,15.45,15.9,0.47,100.15
59,2025-11-04 11:00:00,8.53,3.51,576.6,0.0,66.65,16.4,16.63,16.8,0.63,100.13
59,2025-11-04 12:00:00,11.02,3.6,549.9,0.0,64.5,16.9,17.05,17.4,0.69,100.12
59,2025-11-04 13:00:00,11.45,3.84,732.9,0.0,60.98,18.2,18.43,18.7,0.83,100.09
59,2025-11-04 14:00:00,12.6,4.18,984.3,0.0,55.6,19.4,20.15,21.0,1.05,100.04
59,2025-11-04 15:00:00,16.78,4.85,886.5,0.0,54.38,19.9,20.83,21.9,1.13,99.99
59,2025-11-04 16:00:00,16.06,4.28,831.3,0.0,51.0,21.5,21.85,22.2,1.29,99.94
59,2025-11-04 17:00:00,17.5,4.17,709.7,0.0,48.23,22.6,22.8,23.1,1.44,99.88
59,2025-11-04 18:00:00,11.23,2.9,520.5,0.0,48.15,22.7,22.95,23.2,1.45,99.87
59,2025-11-04 19:00:00,6.91,2.25,363.3,0.0,47.68,22.7,22.88,23.0,1.46,99.88
59,2025-11-04 20:00:00,7.96,1.09,159.4,0.0,49.65,20.8,22.0,22.9,1.34,99.9
59,2025-11-04 21:00:00,1.94,0.74,10.6,0.0,57.43,16.9,18.25,19.8,0.9,99.94
59,2025-11-04 22:00:00,5.33,1.01,0.0,0.0,63.93,15.2,15.68,16.2,0.64,99.95
59,2025-11-04 23:00:00,2.88,0.98,0.0,0.0,71.73,13.8,14.18,14.8,0.46,99.98
59,2025-11-05 00:00:00,2.92,1.0,0.0,0.0,79.48,12.4,12.83,13.4,0.3,99.96
59,2025-11-05 01:00:00,2.59,1.29,0.0,0.0,84.0,11.3,11.78,12.3,0.22,99.94
59,2025-11-05 02:00:00,2.77,1.22,0.0,0.0,88.0,10.4,10.68,11.1,0.15,99.9
59,2025-11-05 03:00:00,3.06,1.58,0.0,0.0,91.13,9.3,9.83,10.4,0.11,99.86
59,2025-11-05 04:00:00,3.82,2.19,0.0,0.0,92.48,8.6,9.0,9.3,0.09,99.84
59,2025-11-05 05:00:00,3.74,2.68,0.0,0.0,93.75,8.1,8.33,8.5,0.07,99.84
59,2025-11-05 06:00:00,5.94,3.04,0.0,0.0,93.33,8.3,8.58,8.8,0.08,99.82
59,2025-11-05 07:00:00,4.21,2.67,10.1,0.04,94.7,7.7,7.85,8.1,0.06,99.84
59,2025-11-05 08:00:00,4.79,2.4,147.5,0.02,95.28,8.1,9.48,10.8,0.06,99.86
59,2025-11-05 09:00:00,4.64,1.61,312.5,0.02,92.08,11.8,12.98,14.0,0.12,99.91
59,2025-11-05 10:00:00,10.8,3.27,483.6,0.0,81.33,14.6,15.58,16.4,0.33,99.92
59,2025-11-05 11:00:00,11.63,3.43,675.3,0.0,72.43,17.1,17.6,18.4,0.56,99.93
59,2025-11-05 12:00:00,11.45,3.77,801.1,0.0,64.85,19.1,19.55,20.0,0.8,99.9
59,2025-11-05 13:00:00,15.62,4.19,870.1,0.0,62.0,20.6,21.1,21.6,0.95,99.86
59,2025-11-05 14:00:00,14.15,4.55,892.7,0.0,57.28,22.3,22.8,23.5,1.19,99.81
59,2025-11-05 15:00:00,16.67,5.01,880.6,0.0,51.23,23.7,23.98,24.4,1.45,99.76
59,2025-11-05 16:00:00,13.14,4.59,825.5,0.0,47.55,24.8,25.03,25.2,1.67,99.71
59,2025-11-05 17:00:00,21.71,5.1,666.3,0.0,46.13,25.0,25.38,25.6,1.75,99.66
59,2025-11-05 18:00:00,15.66,6.08,554.9,0.0,42.88,25.8,25.85,25.9,1.9,99.62
59,2025-11-05 19:00:00,15.66,6.64,367.9,0.0,43.2,24.7,25.38,25.8,1.84,99.6
59,2025-11-05 20:00:00,22.5,7.69,171.0,0.0,51.85,21.5,22.53,23.6,1.32,99.61
59,2025-11-05 21:00:00,13.39,3.62,11.4,0.0,58.2,18.1,19.48,20.7,0.95,99.65
59,2025-11-05 22:00:00,3.64,1.13,0.0,0.0,67.05,16.0,16.58,17.4,0.62,99.7
59,2025-11-05 23:00:00,5.47,1.09,0.0,0.0,74.63,15.0,15.28,15.7,0.44,99.74
59,2025-11-06 00:00:00,4.93,1.8,0.0,0.0,78.28,14.1,14.5,14.8,0.36,99.72
59,2025-11-06 01:00:00,5.26,1.49,0.0,0.0,82.18,13.5,13.8,14.0,0.28,99.69
59,2025-11-06 02:00:00,7.31,2.2,0.0,0.0,85.28,12.5,12.8,13.1,0.22,99.64
59,2025-11-06 03:00:00,11.52,2.39,0.0,0.0,86.65,12.1,12.23,12.3,0.19,99.59
59,2025-11-06 04:00:00,10.62,2.09,0.0,0.0,88.13,11.6,11.78,12.0,0.17,99.56
59,2025-11-06 05:00:00,9.36,2.87,0.0,0.0,88.88,11.2,11.43,11.7,0.15,99.56
59,2025-11-06 06:00:00,11.77,3.35,0.0,0.0,88.25,11.1,11.58,12.0,0.16,99.57
59,2025-11-06 07:00:00,14.29,4.33,2.2,0.0,87.4,12.1,12.13,12.2,0.18,99.64
59,2025-11-06 08:00:00,13.07,4.41,29.2,0.0,85.3,12.2,12.33,12.4,0.21,99.7
59,2025-11-06 09:00:00,13.14,4.72,81.4,0.0,83.33,12.5,12.7,12.8,0.25,99.76
59,2025-11-06 10:00:00,15.26,4.76,140.7,0.0,82.13,12.9,13.0,13.1,0.27,99.82
59,2025-11-06 11:00:00,10.01,3.23,162.3,0.0,80.23,13.3,13.5,13.7,0.31,99.85
59,2025-11-06 12:00:00,11.95,4.85,344.9,0.0,72.58,14.2,14.58,15.0,0.46,99.86
59,2025-11-06 13:00:00,17.96,5.46,259.3,0.0,66.9,15.0,15.13,15.2,0.57,99.9
59,2025-11-06 14:00:00,23.54,6.39,366.9,0.0,66.43,15.2,15.4,15.6,0.59,99.95
59,2025-11-06 15:00:00,10.22,3.19,174.0,0.0,66.28,15.6,15.65,15.7,0.6,99.99
59,2025-11-06 16:00:00,15.44,4.58,313.4,0.0,66.38,15.6,16.03,16.2,0.61,100.01
59,2025-11-06 17:00:00,16.2,4.33,485.8,0.0,65.18,16.4,16.85,17.4,0.67,100.0
59,2025-11-06 18:00:00,10.08,3.73,207.5,0.0,63.43,16.8,16.9,17.0,0.71,99.99
59,2025-11-06 19:00:00,9.25,3.13,168.0,0.0,63.65,16.6,16.85,17.1,0.7,99.99
59,2025-11-06 20:00:00,16.67,4.07,61.3,0.0,65.88,15.0,15.75,16.4,0.61,100.03
59,2025-11-06 21:00:00,15.23,2.57,6.3,0.12,77.5,12.1,13.15,14.1,0.34,100.08
59,2025-11-06 22:00:00,3.96,1.71,0.0,0.0,85.63,10.4,10.88,11.6,0.19,100.11
59,2025-11-06 23:00:00,8.03,2.87,0.0,0.02,88.73,10.1,10.28,10.4,0.14,100.19
59,2025-11-07 00:00:00,3.2,1.35,0.0,0.0,90.85,10.0,10.23,10.5,0.11,100.24
59,2025-11-07 01:00:00,4.5,1.7,0.0,0.0,89.5,10.7,10.95,11.1,0.14,100.26
59,2025-11-07 02:00:00,2.45,1.3,0.0,0.0,91.15,10.0,10.2,10.3,0.11,100.26
59,2025-11-07 03:00:00,6.16,2.1,0.0,0.02,91.58,10.2,10.28,10.4,0.11,100.27
59,2025-11-07 04:00:00,5.8,2.54,0.0,0.02,92.63,9.5,9.75,10.2,0.09,100.24
59,2025-11-07 05:00:00,7.06,3.05,0.0,0.02,93.98,8.3,8.8,9.2,0.07,100.22
59,2025-11-07 06:00:00,5.8,2.33,0.0,0.0,94.03,8.4,8.7,9.0,0.07,100.24
59,2025-11-07 07:00:00,3.31,1.62,5.3,0.02,93.95,7.7,7.95,8.2,0.06,100.25
59,2025-11-07 08:00:00,4.54,2.24,110.2,0.02,95.7,8.7,9.73,10.6,0.05,100.25
59,2025-11-07 09:00:00,6.12,2.02,322.8,0.0,94.1,11.2,12.43,13.4,0.09,100.26
59,2025-11-07 10:00:00,9.25,2.98,544.3,0.0,81.55,14.2,14.83,15.5,0.32,100.21
59,2025-11-07 11:00:00,11.23,3.3,723.1,0.0,70.63,15.9,16.65,17.3,0.56,100.15
59,2025-11-07 12:00:00,18.0,4.99,680.0,0.0,65.28,16.7,17.45,18.1,0.69,100.12
59,2025-11-07 13:00:00,14.44,3.88,909.3,0.0,61.5,18.4,18.63,19.1,0.83,100.05
59,2025-11-07 14:00:00,12.53,3.99,932.9,0.0,57.4,19.4,19.88,20.5,0.99,99.96
59,2025-11-07 15:00:00,14.76,4.65,926.1,0.0,51.6,20.8,21.15,21.4,1.22,99.89
59,2025-11-07 16:00:00,17.39,4.44,837.5,0.0,48.33,21.8,22.0,22.2,1.37,99.82
59,2025-11-07 17:00:00,11.66,3.84,711.3,0.0,46.35,22.7,22.93,23.1,1.5,99.75
59,2025-11-07 18:00:00,10.87,3.01,564.1,0.0,43.73,23.0,23.33,23.5,1.61,99.7
59,2025-11-07 19:00:00,10.55,2.47,381.5,0.0,42.03,22.8,23.08,23.3,1.64,99.66
59,2025-11-07 20:00:00,5.26,1.58,185.7,0.0,43.1,20.8,22.05,22.9,1.52,99.66
59,2025-11-07 21:00:00,3.1,2.02,12.1,0.0,56.95,16.5,17.88,19.4,0.89,99.64
59,2025-11-07 22:00:00,7.56,1.53,0.0,0.0,67.33,14.5,14.78,15.0,0.55,99.66
59,2025-11-07 23:00:00,2.99,0.96,0.0,0.0,75.38,13.0,13.63,14.3,0.39,99.66
59,2025-11-08 00:00:00,2.45,1.07,0.0,0.0,80.43,11.7,12.18,12.6,0.28,99.59
59,2025-11-08 01:00:00,2.27,1.13,0.0,0.0,86.38,10.4,10.73,11.3,0.18,99.49
59,2025-11-08 02:00:00,3.24,1.52,0.0,0.0,88.53,9.8,10.03,10.2,0.14,99.41
59,2025-11-08 03:00:00,3.17,2.04,0.0,0.0,91.53,9.0,9.48,9.8,0.1,99.34
59,2025-11-08 04:00:00,2.81,1.76,0.0,0.0,91.88,8.7,8.73,8.8,0.09,99.28
59,2025-11-08 05:00:00,3.56,1.87,0.0,0.0,93.4,8.4,8.48,8.6,0.07,99.27
59,2025-11-08 06:00:00,3.92,2.44,0.0,0.0,94.05,8.0,8.18,8.3,0.07,99.25
59,2025-11-08 07:00:00,3.42,2.39,13.3,0.02,94.5,7.5,7.65,7.8,0.06,99.26
59,2025-11-08 08:00:00,4.97,2.32,100.2,0.02,95.3,7.5,8.65,9.9,0.05,99.27
59,2025-11-08 09:00:00,7.63,2.54,148.6,0.0,95.13,10.6,11.2,11.6,0.07,99.31
59,2025-11-08 10:00:00,8.5,3.29,530.5,0.0,92.53,12.0,12.38,13.0,0.11,99.31
59,2025-11-08 11:00:00,10.91,4.01,682.6,0.0,81.2,14.1,15.18,16.3,0.33,99.29
59,2025-11-08 12:00:00,11.66,3.43,811.3,0.0,68.28,16.9,18.1,19.4,0.67,99.28
59,2025-11-08 13:00:00,11.92,3.91,878.9,0.0,61.6,19.9,20.63,21.5,0.94,99.28
59,2025-11-08 14:00:00,12.82,4.11,899.7,0.0,53.83,21.9,22.45,23.0,1.26,99.28
59,2025-11-08 15:00:00,13.9,3.87,899.6,0.0,50.4,23.2,23.43,23.7,1.43,99.25
59,2025-11-08 16:00:00,15.3,4.98,876.5,0.0,49.08,23.5,24.23,24.9,1.54,99.21
59,2025-11-08 17:00:00,21.24,7.08,588.5,0.0,43.4,24.6,24.83,25.1,1.78,99.17
59,2025-11-08 18:00:00,20.3,9.13,576.1,0.0,47.08,24.4,24.93,25.3,1.67,99.16
59,2025-11-08 19:00:00,26.75,12.31,376.3,0.0,51.33,21.9,23.0,24.0,1.37,99.22
59,2025-11-08 20:00:00,29.02,9.68,182.2,0.0,58.08,18.4,20.03,21.3,0.99,99.33
59,2025-11-08 21:00:00,14.08,5.7,23.3,0.0,66.03,16.4,17.1,17.8,0.66,99.44
59,2025-11-08 22:00:00,15.19,5.92,0.0,0.0,71.28,14.7,15.38,16.1,0.5,99.57
59,2025-11-08 23:00:00,11.81,5.47,0.0,0.0,76.48,13.7,13.95,14.3,0.38,99.64
59,2025-11-09 00:00:00,8.93,2.47,0.0,0.0,78.78,13.5,13.55,13.6,0.33,99.66
59,2025-11-09 01:00:00,4.0,1.38,0.0,0.0,78.68,13.5,13.55,13.6,0.33,99.65
59,2025-11-09 02:00:00,5.04,1.46,0.0,0.0,79.9,13.4,13.4,13.4,0.31,99.62
59,2025-11-09 03:00:00,5.9,2.01,0.0,0.0,80.8,13.4,13.4,13.4,0.3,99.6
59,2025-11-09 04:00:00,6.16,2.09,0.0,0.0,80.35,13.4,13.4,13.4,0.3,99.57
59,2025-11-09 05:00:00,8.24,2.28,0.0,0.0,80.73,13.2,13.25,13.3,0.29,99.58
59,2025-11-09 06:00:00,6.3,1.62,0.0,0.0,79.63,13.2,13.28,13.3,0.31,99.61
59,2025-11-09 07:00:00,2.92,0.86,2.9,0.0,80.2,13.2,13.23,13.3,0.3,99.66
59,2025-11-09 08:00:00,5.72,1.85,55.8,0.0,80.95,13.2,13.35,13.5,0.29,99.72
59,2025-11-09 09:00:00,6.88,2.83,224.6,0.0,80.48,13.7,14.03,14.4,0.31,99.77
59,2025-11-09 10:00:00,12.6,4.12,363.8,0.0,77.45,14.9,15.0,15.1,0.38,99.81
59,2025-11-09 11:00:00,18.14,5.57,669.7,0.0,72.78,15.2,15.85,16.9,0.5,99.86
59,2025-11-09 12:00:00,16.92,5.97,624.9,0.0,66.23,16.7,17.15,17.7,0.67,99.87
59,2025-11-09 13:00:00,20.09,6.14,801.9,0.0,63.53,17.8,18.23,18.7,0.77,99.87
59,2025-11-09 14:00:00,19.91,6.44,848.6,0.0,57.55,19.0,19.88,20.4,0.99,99.85
59,2025-11-09 15:00:00,21.89,7.3,911.1,0.0,53.03,20.7,21.08,21.4,1.17,99.84
59,2025-11-09 16:00:00,19.58,6.18,836.5,0.0,49.88,21.4,21.73,22.0,1.3,99.83
59,2025-11-09 17:00:00,18.94,5.19,741.8,0.0,48.38,22.4,22.58,22.9,1.41,99.8
59,2025-11-09 18:00:00,14.18,5.4,569.5,0.0,48.93,22.4,22.65,23.0,1.41,99.77
59,2025-11-09 19:00:00,15.12,4.59,382.1,0.0,50.83,21.8,21.98,22.2,1.3,99.76
59,2025-11-09 20:00:00,14.83,4.14,189.5,0.0,52.35,19.9,20.85,21.8,1.18,99.79
59,2025-11-09 21:00:00,11.27,3.96,13.4,0.0,57.5,17.0,18.0,19.1,0.88,99.85
59,2025-11-09 22:00:00,7.24,2.5,0.0,0.0,66.15,14.4,15.3,16.2,0.59,99.91
59,2025-11-09 23:00:00,6.8,1.35,0.0,0.0,74.68,12.3,13.23,14.0,0.39,99.94
59,2025-11-10 00:00:00,2.23,1.09,0.0,0.0,82.25,10.8,11.4,12.0,0.24,99.93
59,2025-11-10 01:00:00,2.88,1.3,0.0,0.0,85.95,10.0,10.25,10.4,0.18,99.91
59,2025-11-10 02:00:00,2.34,1.49,0.0,0.0,88.05,9.4,9.68,10.0,0.14,99.88
59,2025-11-10 03:00:00,2.7,1.92,0.0,0.0,90.15,8.8,9.08,9.3,0.12,99.84
59,2025-11-10 04:00:00,3.24,2.19,0.0,0.0,92.3,8.1,8.33,8.6,0.09,99.81
59,2025-11-10 05:00:00,2.99,2.3,0.0,0.0,93.25,7.5,7.73,8.0,0.07,99.79
59,2025-11-10 06:00:00,2.99,1.83,0.0,0.0,93.38,7.0,7.1,7.2,0.07,99.78
59,2025-11-10 07:00:00,2.66,1.86,15.8,0.02,93.95,6.7,6.75,6.9,0.06,99.79
59,2025-11-10 08:00:00,4.93,2.07,87.1,0.02,94.15,7.3,8.43,9.4,0.07,99.81
59,2025-11-10 09:00:00,10.48,2.39,251.8,0.0,98.53,10.0,10.73,11.4,0.02,99.83
59,2025-11-10 10:00:00,11.34,3.55,581.7,0.0,88.23,12.0,13.4,14.4,0.19,99.83
59,2025-11-10 11:00:00,13.97,3.69,697.7,0.0,72.4,15.5,16.3,16.9,0.51,99.84
59,2025-11-10 12:00:00,15.73,4.78,885.1,0.0,67.13,16.9,17.73,18.4,0.67,99.81
59,2025-11-10 13:00:00,11.66,4.09,897.8,0.0,65.0,18.6,19.18,20.1,0.78,99.77
59,2025-11-10 14:00:00,14.0,4.64,966.5,0.0,62.1,20.1,20.53,21.2,0.92,99.73
59,2025-11-10 15:00:00,14.87,4.89,938.3,0.0,57.5,21.2,21.65,22.0,1.1,99.7
59,2025-11-10 16:00:00,16.13,4.11,842.3,0.0,53.1,21.9,22.08,22.3,1.25,99.65
59,2025-11-10 17:00:00,12.38,3.68,790.5,0.0,48.6,23.3,23.53,23.8,1.49,99.6
59,2025-11-10 18:00:00,7.92,2.73,205.8,0.0,49.53,22.2,22.45,22.8,1.37,99.58
59,2025-11-10 19:00:00,23.36,6.34,243.3,0.0,52.3,21.6,21.85,22.1,1.25,99.6
59,2025-11-10 20:00:00,16.99,6.09,189.8,0.0,54.7,19.6,20.48,21.3,1.1,99.67
59,2025-11-10 21:00:00,21.6,6.13,19.8,0.0,57.43,16.9,17.9,18.9,0.88,99.76
59,2025-11-10 22:00:00,12.1,2.6,0.0,0.0,60.35,15.1,15.78,16.4,0.71,99.86
59,2025-11-10 23:00:00,11.48,2.45,0.0,0.0,64.43,13.9,14.13,14.5,0.58,99.96
59,2025-11-11 00:00:00,11.59,2.73,0.0,0.0,72.23,12.8,13.2,13.6,0.42,100.01
59,2025-11-11 01:00:00,4.97,0.99,0.0,0.0,78.05,11.4,11.95,12.4,0.31,100.01
59,2025-11-11 02:00:00,3.89,1.35,0.0,0.0,81.78,11.3,11.48,11.8,0.25,100.01
59,2025-11-11 03:00:00,2.77,1.12,0.0,0.0,85.0,9.9,10.58,11.2,0.19,100.0
59,2025-11-11 04:00:00,2.63,1.49,0.0,0.0,88.63,8.9,9.25,9.6,0.13,99.98
59,2025-11-11 05:00:00,3.24,1.92,0.0,0.0,91.68,7.7,8.18,8.6,0.09,99.99
59,2025-11-11 06:00:00,4.0,2.59,0.0,0.0,92.48,7.3,7.48,7.7,0.08,100.04
59,2025-11-11 07:00:00,3.64,2.26,11.5,0.0,93.35,6.7,6.9,7.1,0.07,100.08
59,2025-11-11 08:00:00,3.46,1.84,157.3,0.0,96.65,6.8,8.23,9.9,0.04,100.13
59,2025-11-11 09:00:00,7.38,2.37,342.2,0.0,92.03,11.0,12.45,13.7,0.12,100.22
59,2025-11-11 10:00:00,9.72,3.36,549.6,0.0,77.18,14.1,14.9,15.8,0.39,100.25
59,2025-11-11 11:00:00,11.59,3.59,709.9,0.0,65.6,16.4,17.2,18.0,0.68,100.23
59,2025-11-11 12:00:00,14.58,4.68,858.8,0.0,60.1,18.3,18.8,19.4,0.87,100.23
59,2025-11-11 13:00:00,18.04,4.56,939.6,0.0,53.78,20.1,20.28,20.5,1.1,100.23
59,2025-11-11 14:00:00,18.9,4.76,951.1,0.0,50.75,20.3,20.55,20.9,1.19,100.22
59,2025-11-11 15:00:00,15.73,4.26,924.0,0.0,47.78,20.8,21.33,21.7,1.33,100.17
59,2025-11-11 16:00:00,14.65,4.61,844.3,0.0,45.83,21.6,22.33,23.0,1.46,100.13
59,2025-11-11 17:00:00,16.42,4.72,735.3,0.0,44.7,22.6,22.75,22.9,1.53,100.11
59,2025-11-11 18:00:00,14.04,4.2,577.8,0.0,43.6,22.6,22.8,23.0,1.57,100.08
59,2025-11-11 19:00:00,12.92,2.91,389.9,0.0,42.58,22.6,22.78,23.0,1.59,100.08
59,2025-11-11 20:00:00,10.48,2.58,193.2,0.0,49.05,20.3,21.33,22.3,1.3,100.11
59,2025-11-11 21:00:00,8.03,2.04,14.5,0.0,56.55,17.2,18.35,19.5,0.92,100.15
59,2025-11-11 22:00:00,8.06,2.02,0.0,0.0,62.1,15.8,16.23,16.6,0.7,100.19
59,2025-11-11 23:00:00,11.63,2.2,0.0,0.0,65.85,14.4,14.88,15.4,0.58,100.24
59,2025-11-12 00:00:00,10.44,2.18,0.0,0.0,68.8,12.9,13.48,14.2,0.48,100.23
59,2025-11-12 01:00:00,9.76,2.42,0.0,0.0,74.08,12.0,12.3,12.6,0.37,100.19
59,2025-11-12 02:00:00,11.12,2.39,0.0,0.0,78.4,11.2,11.5,11.8,0.29,100.14
59,2025-11-12 03:00:00,7.34,1.32,0.0,0.0,84.2,9.4,10.15,10.8,0.2,100.06
59,2025-11-12 04:00:00,3.67,1.02,0.0,0.0,88.13,8.4,8.7,9.2,0.14,99.98
59,2025-11-12 05:00:00,2.3,0.98,0.0,0.0,90.33,7.8,8.08,8.3,0.11,99.95
59,2025-11-12 06:00:00,2.7,1.38,0.0,0.0,92.15,7.1,7.3,7.6,0.08,99.94
59,2025-11-12 07:00:00,8.64,1.77,7.1,0.0,92.25,7.2,7.98,8.8,0.08,99.94
59,2025-11-12 08:00:00,9.43,2.49,42.3,0.0,94.4,9.2,9.3,9.5,0.07,99.98
59,2025-11-12 09:00:00,9.76,3.35,103.8,0.0,93.13,9.6,9.65,9.7,0.08,100.01
59,2025-11-12 10:00:00,8.82,3.18,215.7,0.0,90.1,10.0,10.25,10.7,0.12,100.01
59,2025-11-12 11:00:00,11.02,4.07,711.5,0.0,81.2,11.3,12.95,14.2,0.29,99.99
59,2025-11-12 12:00:00,12.35,4.35,827.2,0.0,67.55,14.8,16.25,17.7,0.61,99.94
59,2025-11-12 13:00:00,13.82,4.2,899.3,0.0,59.73,18.0,19.4,20.6,0.91,99.89
59,2025-11-12 14:00:00,13.79,3.85,914.3,0.0,51.9,21.1,22.08,23.1,1.28,99.84
59,2025-11-12 15:00:00,13.32,3.94,905.3,0.0,47.83,23.3,23.73,24.2,1.53,99.81
59,2025-11-12 16:00:00,14.08,4.2,845.5,0.0,44.65,24.7,25.0,25.4,1.76,99.79
59,2025-11-12 17:00:00,15.37,3.66,732.2,0.0,42.65,25.5,25.65,25.8,1.89,99.74
59,2025-11-12 18:00:00,11.52,3.04,581.8,0.0,41.23,25.8,25.93,26.1,1.97,99.7
59,2025-11-12 19:00:00,11.99,2.35,398.9,0.0,40.25,25.0,25.33,25.6,1.93,99.68
59,2025-11-12 20:00:00,9.65,2.02,204.7,0.0,41.28,22.4,23.65,24.6,1.72,99.69
59,2025-11-12 21:00:00,3.6,1.1,14.1,0.0,48.8,18.4,19.85,21.4,1.2,99.72
59,2025-11-12 22:00:00,2.02,0.74,0.0,0.0,56.65,15.8,16.73,17.7,0.83,99.74
59,2025-11-12 23:00:00,4.46,0.87,0.0,0.0,62.83,14.5,14.85,15.2,0.63,99.76
59,2025-11-13 00:00:00,3.1,0.9,0.0,0.0,67.75,13.3,13.68,13.9,0.51,99.77
59,2025-11-13 01:00:00,3.71,1.04,0.0,0.0,72.28,12.7,12.98,13.2,0.41,99.75
59,2025-11-13 02:00:00,10.58,1.44,0.0,0.0,75.23,12.4,12.73,13.0,0.37,99.74
59,2025-11-13 03:00:00,6.84,1.49,0.0,0.0,78.83,11.6,12.03,12.4,0.3,99.69
59,2025-11-13 04:00:00,7.56,1.91,0.0,0.0,83.18,11.2,11.45,11.6,0.23,99.63
59,2025-11-13 05:00:00,5.33,1.35,0.0,0.0,87.68,10.2,10.6,11.0,0.16,99.62
59,2025-11-13 06:00:00,6.73,1.33,0.0,0.0,89.78,9.8,10.15,10.7,0.13,99.62
59,2025-11-13 07:00:00,10.94,2.68,5.3,0.0,89.4,10.9,11.0,11.1,0.14,99.63
59,2025-11-13 08:00:00,9.47,2.61,37.8,0.0,89.3,11.0,11.0,11.0,0.14,99.67
59,2025-11-13 09:00:00,7.63,2.1,90.1,0.0,88.75,11.2,11.38,11.5,0.15,99.71
59,2025-11-13 10:00:00,10.12,3.25,178.4,0.0,87.08,11.6,11.9,12.3,0.18,99.73
59,2025-11-13 11:00:00,17.78,2.95,344.5,0.0,83.68,12.6,13.13,13.7,0.25,99.73
59,2025-11-13 12:00:00,14.62,4.23,813.1,0.0,75.13,14.4,16.0,17.0,0.46,99.69
59,2025-11-13 13:00:00,14.29,4.21,902.7,0.0,64.65,18.2,18.88,19.8,0.77,99.66
59,2025-11-13 14:00:00,18.0,4.3,917.1,0.0,59.95,20.5,21.15,21.8,1.01,99.61
59,2025-11-13 15:00:00,11.81,3.5,910.1,0.0,55.75,22.5,23.48,24.5,1.29,99.55
59,2025-11-13 16:00:00,9.79,3.57,852.1,0.0,49.8,25.5,26.2,27.0,1.71,99.48
59,2025-11-13 17:00:00,15.05,3.4,741.2,0.0,44.93,27.0,27.88,28.5,2.07,99.41
59,2025-11-13 18:00:00,14.65,3.08,587.3,0.0,41.25,28.4,28.68,28.8,2.31,99.39
59,2025-11-13 19:00:00,7.7,2.46,399.5,0.0,40.53,27.9,28.3,28.6,2.29,99.4
59,2025-11-13 20:00:00,5.4,1.5,206.3,0.0,43.3,25.1,26.53,27.7,1.97,99.41
59,2025-11-13 21:00:00,2.92,0.84,14.5,0.0,50.75,20.4,22.03,23.7,1.31,99.45
59,2025-11-13 22:00:00,3.42,1.98,0.0,0.0,56.38,17.7,18.65,19.7,0.94,99.5
59,2025-11-13 23:00:00,2.45,1.19,0.0,0.0,62.0,16.1,16.83,17.4,0.73,99.55
59,2025-11-14 00:00:00,3.13,1.11,0.0,0.0,65.75,15.0,15.33,15.9,0.6,99.55
59,2025-11-14 01:00:00,4.82,1.16,0.0,0.0,67.7,14.4,14.55,14.7,0.54,99.53
59,2025-11-14 02:00:00,7.99,1.13,0.0,0.0,73.1,13.7,14.13,14.5,0.44,99.49
59,2025-11-14 03:00:00,5.04,1.09,0.0,0.0,79.25,12.6,13.1,13.5,0.32,99.45
59,2025-11-14 04:00:00,2.45,0.8,0.0,0.0,83.03,11.6,12.03,12.5,0.24,99.4
59,2025-11-14 05:00:00,2.3,0.86,0.0,0.0,86.58,10.8,11.1,11.4,0.18,99.4
59,2025-11-14 06:00:00,2.7,0.8,0.0,0.0,89.15,10.0,10.28,10.5,0.14,99.4
59,2025-11-14 07:00:00,2.48,0.86,18.7,0.0,90.78,9.5,9.63,9.7,0.11,99.42
59,2025-11-14 08:00:00,6.7,1.42,156.1,0.0,91.13,10.0,11.18,12.6,0.12,99.48
59,2025-11-14 09:00:00,9.18,2.5,354.3,0.0,82.85,13.1,13.68,14.4,0.27,99.52
59,2025-11-14 10:00:00,7.92,2.9,526.3,0.0,77.15,14.7,15.18,15.8,0.4,99.52
59,2025-11-14 11:00:00,11.77,3.74,687.7,0.0,70.38,16.1,17.08,17.9,0.58,99.51
59,2025-11-14 12:00:00,12.56,3.78,813.2,0.0,65.6,18.5,18.98,19.6,0.76,99.51
59,2025-11-14 13:00:00,12.28,4.65,883.9,0.0,61.8,20.5,21.13,22.0,0.96,99.49
59,2025-11-14 14:00:00,14.62,4.36,900.2,0.0,57.53,22.2,23.05,23.8,1.2,99.45
59,2025-11-14 15:00:00,15.19,5.53,893.2,0.0,52.95,24.3,25.08,25.7,1.5,99.41
59,2025-11-14 16:00:00,16.24,5.05,830.9,0.0,49.4,26.3,26.75,27.3,1.78,99.34
59,2025-11-14 17:00:00,14.83,4.19,717.1,0.0,46.4,27.8,28.13,28.5,2.04,99.29
59,2025-11-14 18:00:00,12.92,3.19,566.3,0.0,44.2,28.5,28.9,29.3,2.22,99.27
59,2025-11-14 19:00:00,27.72,7.64,378.2,0.0,46.7,27.3,28.15,29.2,2.04,99.27
59,2025-11-14 20:00:00,19.22,7.43,192.0,0.0,48.28,24.4,25.68,26.8,1.71,99.33
59,2025-11-14 21:00:00,13.0,4.13,16.2,0.0,53.65,20.3,21.78,23.4,1.22,99.42
59,2025-11-14 22:00:00,10.33,2.4,0.0,0.0,60.83,17.2,18.43,19.6,0.84,99.55
59,2025-11-14 23:00:00,7.92,2.05,0.0,0.0,67.53,15.2,15.93,16.6,0.59,99.61
59,2025-11-15 00:00:00,6.05,1.73,0.0,0.0,73.43,13.6,14.18,14.8,0.43,99.62
59,2025-11-15 01:00:00,5.94,1.92,0.0,0.0,78.4,12.5,12.83,13.2,0.32,99.63
59,2025-11-15 02:00:00,7.38,2.09,0.0,0.0,81.65,11.6,11.85,12.2,0.26,99.61
59,2025-11-15 03:00:00,8.03,2.59,0.0,0.0,84.6,10.9,11.15,11.5,0.21,99.54
59,2025-11-15 04:00:00,9.86,2.35,0.0,0.0,87.78,10.3,10.58,10.8,0.16,99.51
59,2025-11-15 05:00:00,6.84,2.48,0.0,0.0,89.93,10.0,10.1,10.2,0.13,99.52
59,2025-11-15 06:00:00,5.0,2.0,0.0,0.0,91.58,9.5,9.65,9.8,0.1,99.55
59,2025-11-15 07:00:00,5.4,1.88,19.2,0.0,92.53,9.4,9.45,9.5,0.09,99.58
59,2025-11-15 08:00:00,6.98,2.02,160.3,0.02,94.0,9.8,10.6,11.6,0.08,99.64
59,2025-11-15 09:00:00,11.99,3.63,292.1,0.0,87.8,12.3,13.13,13.8,0.19,99.7
59,2025-11-15 10:00:00,12.17,4.02,522.2,0.0,79.38,14.3,14.8,15.5,0.35,99.73
59,2025-11-15 11:00:00,13.68,4.72,680.8,0.0,71.85,16.0,16.95,17.8,0.54,99.72
59,2025-11-15 12:00:00,13.25,4.41,804.7,0.0,64.85,18.2,19.2,19.9,0.78,99.71
59,2025-11-15 13:00:00,17.64,4.42,882.0,0.0,60.85,20.5,21.13,21.8,0.99,99.68
59,2025-11-15 14:00:00,14.36,4.41,896.5,0.0,57.35,22.2,23.08,23.8,1.21,99.63
59,2025-11-15 15:00:00,14.15,4.5,889.4,0.0,54.7,23.6,24.38,25.0,1.38,99.58
59,2025-11-15 16:00:00,12.38,4.17,827.5,0.0,51.23,25.4,26.05,26.7,1.65,99.54
59,2025-11-15 17:00:00,12.49,3.47,712.5,0.0,49.4,26.2,26.63,27.1,1.77,99.47
59,2025-11-15 18:00:00,8.35,2.57,567.0,0.0,48.53,26.8,26.93,27.0,1.83,99.43
59,2025-11-15 19:00:00,12.6,2.32,346.0,0.0,49.95,25.4,26.13,26.6,1.7,99.44
59,2025-11-15 20:00:00,18.11,3.85,92.7,0.0,53.55,23.1,24.25,25.0,1.41,99.47
59,2025-11-15 21:00:00,13.75,4.52,12.5,0.0,56.63,20.8,21.63,22.5,1.12,99.58
59,2025-11-15 22:00:00,8.82,1.98,0.0,0.0,57.28,18.4,19.38,20.3,0.96,99.7
59,2025-11-15 23:00:00,11.88,1.9,0.0,0.0,55.3,17.5,18.05,18.4,0.93,99.77
59,2025-11-16 00:00:00,11.52,2.03,0.0,0.0,60.35,16.7,16.98,17.3,0.77,99.76
59,2025-11-16 01:00:00,7.42,1.51,0.0,0.0,66.53,16.2,16.4,16.6,0.63,99.79
59,2025-11-16 02:00:00,7.49,1.38,0.0,0.0,72.13,15.8,15.93,16.2,0.5,99.78
59,2025-11-16 03:00:00,10.15,1.94,0.0,0.0,75.58,15.4,15.78,16.0,0.44,99.77
59,2025-11-16 04:00:00,6.62,1.82,0.0,0.0,80.48,14.5,14.65,14.9,0.33,99.77
59,2025-11-16 05:00:00,13.1,2.15,0.0,0.0,81.58,13.5,14.3,14.8,0.3,99.79
59,2025-11-16 06:00:00,15.3,2.67,0.0,0.0,80.73,12.3,12.8,13.3,0.28,99.87
59,2025-11-16 07:00:00,9.61,2.41,10.5,0.0,81.9,11.7,11.98,12.2,0.26,99.93
59,2025-11-16 08:00:00,16.85,2.51,84.5,0.0,78.58,11.3,11.4,11.5,0.29,100.01
59,2025-11-16 09:00:00,14.15,2.6,129.1,0.0,77.88,11.6,11.63,11.7,0.3,100.05
59,2025-11-16 10:00:00,12.6,3.02,251.6,0.0,76.78,11.7,12.13,12.6,0.33,100.03
59,2025-11-16 11:00:00,12.67,3.67,629.4,0.0,74.1,13.1,14.23,15.5,0.42,100.05
59,2025-11-16 12:00:00,13.86,4.01,823.5,0.0,67.1,16.6,17.58,18.4,0.66,100.04
59,2025-11-16 13:00:00,14.51,3.93,896.7,0.0,62.6,19.2,19.85,20.6,0.87,100.03
59,2025-11-16 14:00:00,16.49,3.94,915.9,0.0,59.18,21.2,21.83,22.5,1.07,99.99
59,2025-11-16 15:00:00,11.09,3.38,909.5,0.0,54.9,22.8,23.63,24.2,1.32,99.98
59,2025-11-16 16:00:00,16.16,3.42,850.3,0.0,51.15,24.4,25.25,25.8,1.58,99.93
59,2025-11-16 17:00:00,16.2,3.59,742.7,0.0,47.33,25.3,25.6,25.8,1.73,99.93
59,2025-11-16 18:00:00,13.82,3.38,587.8,0.0,43.73,25.4,25.8,26.1,1.87,99.91
59,2025-11-16 19:00:00,16.99,2.83,411.3,0.0,40.53,25.5,25.73,26.1,1.97,99.92
59,2025-11-16 20:00:00,7.31,1.37,221.5,0.0,41.08,22.7,24.18,25.2,1.78,99.95
59,2025-11-16 21:00:00,2.09,0.75,19.8,0.0,49.13,18.9,20.13,21.7,1.21,100.01
59,2025-11-16 22:00:00,3.06,1.4,0.0,0.0,58.28,16.0,17.0,18.0,0.81,100.05
59,2025-11-16 23:00:00,2.52,0.95,0.0,0.0,64.53,14.7,15.15,15.6,0.61,100.08
59,2025-11-17 00:00:00,3.89,1.15,0.0,0.0,61.78,14.4,14.85,15.6,0.65,100.11
59,2025-11-17 01:00:00,4.9,1.15,0.0,0.0,60.6,14.5,14.9,15.4,0.67,100.11
59,2025-11-17 02:00:00,3.64,1.25,0.0,0.0,64.03,13.1,13.73,14.1,0.57,100.1
59,2025-11-17 03:00:00,3.71,1.79,0.0,0.0,69.98,11.6,12.3,12.9,0.43,100.06
59,2025-11-17 04:00:00,3.92,2.51,0.0,0.0,78.2,10.3,10.63,11.2,0.28,100.02
59,2025-11-17 05:00:00,3.92,1.64,0.0,0.0,76.23,10.6,10.88,11.1,0.31,99.99
59,2025-11-17 06:00:00,4.03,1.36,0.0,0.0,78.03,10.0,10.43,10.8,0.28,99.95
59,2025-11-17 07:00:00,5.15,1.25,31.4,0.0,82.1,9.4,9.5,9.6,0.21,99.93
59,2025-11-17 08:00:00,5.47,1.59,137.0,0.0,82.68,10.2,10.98,11.7,0.23,99.96
59,2025-11-17 09:00:00,11.34,2.7,342.3,0.0,78.18,12.5,13.48,14.4,0.34,99.97
59,2025-11-17 10:00:00,10.44,3.85,539.9,0.0,71.3,15.0,15.73,16.3,0.51,99.94
59,2025-11-17 11:00:00,11.41,3.69,688.9,0.0,66.0,16.5,17.7,18.8,0.69,99.89
59,2025-11-17 12:00:00,10.84,3.26,833.6,0.0,59.15,19.0,20.4,21.9,0.99,99.83
59,2025-11-17 13:00:00,16.81,3.77,924.5,0.0,44.05,22.7,23.68,24.9,1.65,99.75
59,2025-11-17 14:00:00,13.61,3.89,916.3,0.0,36.23,25.4,25.88,26.1,2.13,99.66
59,2025-11-17 15:00:00,13.93,4.44,879.3,0.0,33.25,26.3,26.63,27.0,2.33,99.57
59,2025-11-17 16:00:00,18.0,4.35,852.5,0.0,33.05,27.3,27.58,27.8,2.47,99.49
59,2025-11-17 17:00:00,21.38,4.52,710.4,0.0,37.1,27.6,27.7,27.8,2.34,99.45
59,2025-11-17 18:00:00,17.39,3.92,586.2,0.0,36.73,27.2,27.5,27.7,2.32,99.43
59,2025-11-17 19:00:00,19.87,3.85,400.4,0.0,38.53,26.4,26.73,27.0,2.16,99.43
59,2025-11-17 20:00:00,13.64,3.04,198.3,0.0,41.55,24.3,25.18,26.0,1.88,99.46
59,2025-11-17 21:00:00,9.58,2.3,23.2,0.0,46.8,22.2,22.9,23.8,1.49,99.52
59,2025-11-17 22:00:00,11.88,1.73,0.0,0.0,52.65,20.4,20.9,21.6,1.17,99.57
59,2025-11-17 23:00:00,7.67,1.79,0.0,0.0,55.2,19.3,19.83,20.2,1.04,99.62
59,2025-11-18 00:00:00,6.98,1.61,0.0,0.0,58.7,18.2,18.6,18.8,0.89,99.66
59,2025-11-18 01:00:00,22.25,2.84,0.0,0.0,59.78,18.4,18.6,18.7,0.86,99.67
59,2025-11-18 02:00:00,11.02,3.28,0.0,0.0,61.28,18.2,18.5,18.7,0.83,99.65
59,2025-11-18 03:00:00,11.52,2.87,0.0,0.0,65.63,17.0,17.45,17.8,0.69,99.62
59,2025-11-18 04:00:00,11.2,2.76,0.0,0.0,70.83,16.1,16.55,16.8,0.55,99.6
59,2025-11-18 05:00:00,9.43,1.75,0.0,0.0,78.03,14.5,15.1,15.8,0.38,99.61
59,2025-11-18 06:00:00,7.78,1.88,0.0,0.0,82.75,13.2,13.65,14.1,0.27,99.64
59,2025-11-18 07:00:00,7.34,2.06,14.8,0.0,84.95,12.5,12.8,13.1,0.23,99.68
59,2025-11-18 08:00:00,8.28,2.14,77.8,0.0,85.6,12.5,12.78,13.2,0.21,99.74
59,2025-11-18 09:00:00,11.23,3.21,352.0,0.0,81.35,13.5,14.48,15.7,0.31,99.77
59,2025-11-18 10:00:00,16.85,3.56,545.2,0.0,71.75,16.1,17.28,18.5,0.56,99.78
59,2025-11-18 11:00:00,12.24,3.51,705.5,0.0,59.23,19.2,20.23,21.3,0.97,99.76
59,2025-11-18 12:00:00,15.73,3.78,826.9,0.0,52.5,21.8,22.45,22.8,1.29,99.74
59,2025-11-18 13:00:00,12.64,3.64,904.3,0.0,48.38,23.3,23.95,24.5,1.54,99.73
59,2025-11-18 14:00:00,16.2,3.72,912.1,0.0,43.75,25.0,25.58,26.2,1.85,99.69
59,2025-11-18 15:00:00,14.51,3.83,908.1,0.0,39.93,26.8,27.45,27.8,2.2,99.65
59,2025-11-18 16:00:00,17.6,3.7,851.1,0.0,38.18,28.5,28.73,29.0,2.44,99.6
59,2025-11-18 17:00:00,18.79,3.58,741.1,0.0,36.7,28.8,29.08,29.4,2.55,99.56
59,2025-11-18 18:00:00,17.78,3.55,588.2,0.0,36.48,28.1,28.75,29.2,2.51,99.56
59,2025-11-18 19:00:00,12.06,3.14,408.9,0.0,38.3,27.0,27.53,27.9,2.27,99.58
59,2025-11-18 20:00:00,9.54,2.12,209.9,0.0,41.55,24.6,25.78,26.7,1.94,99.6
59,2025-11-18 21:00:00,6.3,1.46,16.0,0.0,47.85,21.5,22.55,23.8,1.43,99.65
59,2025-11-18 22:00:00,7.96,1.56,0.0,0.0,52.3,20.1,20.45,20.8,1.15,99.72
59,2025-11-18 23:00:00,8.28,1.78,0.0,0.0,55.0,18.9,19.28,19.9,1.01,99.76
59,2025-11-19 00:00:00,7.85,1.51,0.0,0.0,57.95,17.4,18.2,18.9,0.88,99.77
59,2025-11-19 01:00:00,4.39,0.99,0.0,0.0,64.28,15.6,16.33,17.0,0.67,99.76
59,2025-11-19 02:00:00,5.44,1.3,0.0,0.0,68.28,14.8,15.23,15.6,0.55,99.74
59,2025-11-19 03:00:00,4.0,1.18,0.0,0.0,72.35,13.8,14.15,14.7,0.45,99.66
59,2025-11-19 04:00:00,4.39,1.48,0.0,0.0,77.5,12.4,12.9,13.4,0.34,99.61
59,2025-11-19 05:00:00,3.31,1.23,0.0,0.0,82.83,11.0,11.5,11.9,0.23,99.58
59,2025-11-19 06:00:00,3.2,1.66,0.0,0.0,87.15,9.8,10.28,11.0,0.16,99.56
59,2025-11-19 07:00:00,4.5,1.57,27.7,0.0,87.5,9.4,9.75,10.1,0.15,99.57
59,2025-11-19 08:00:00,5.65,1.31,172.3,0.0,84.8,10.8,12.1,13.6,0.22,99.6
59,2025-11-19 09:00:00,7.42,2.2,342.5,0.0,74.18,14.4,15.38,16.0,0.46,99.61
59,2025-11-19 10:00:00,9.83,3.22,537.0,0.0,68.8,16.5,16.83,17.2,0.6,99.61
59,2025-11-19 11:00:00,12.28,3.96,685.5,0.0,66.75,17.4,17.98,18.8,0.69,99.6
59,2025-11-19 12:00:00,11.48,3.73,820.7,0.0,62.15,19.4,20.35,21.5,0.91,99.54
59,2025-11-19 13:00:00,12.53,3.33,896.3,0.0,58.18,22.0,22.53,23.3,1.14,99.48
59,2025-11-19 14:00:00,10.8,3.67,910.3,0.0,53.35,23.6,24.25,25.2,1.42,99.42
59,2025-11-19 15:00:00,11.34,3.49,902.2,0.0,47.5,25.5,26.35,27.2,1.81,99.36
59,2025-11-19 16:00:00,11.92,3.58,854.4,0.0,43.48,27.4,27.78,28.1,2.11,99.28
59,2025-11-19 17:00:00,12.49,3.52,737.7,0.0,39.68,28.3,28.75,29.0,2.38,99.21
59,2025-11-19 18:00:00,9.18,2.31,573.3,0.0,36.43,28.8,28.9,29.0,2.54,99.19
59,2025-11-19 19:00:00,8.57,1.86,412.3,0.0,38.6,28.2,28.55,28.7,2.4,99.16
59,2025-11-19 20:00:00,6.41,0.95,160.1,0.0,43.65,25.8,26.8,27.8,1.99,99.17
59,2025-11-19 21:00:00,8.03,1.31,26.9,0.0,51.98,22.6,23.63,25.1,1.41,99.2
59,2025-11-19 22:00:00,4.36,1.03,0.0,0.0,57.53,20.3,21.23,22.1,1.08,99.24
59,2025-11-19 23:00:00,2.3,0.88,0.0,0.0,65.08,18.2,19.13,20.0,0.78,99.26
59,2025-11-20 00:00:00,3.24,1.58,0.0,0.0,69.65,17.5,17.95,18.3,0.63,99.29
59,2025-11-20 01:00:00,4.93,1.24,0.0,0.0,69.9,17.2,17.3,17.5,0.6,99.29
59,2025-11-20 02:00:00,3.96,1.55,0.0,0.0,69.98,16.9,17.13,17.3,0.59,99.27
59,2025-11-20 03:00:00,7.99,2.02,0.0,0.0,72.38,16.2,16.48,16.8,0.52,99.26
59,2025-11-20 04:00:00,10.3,2.95,0.0,0.0,74.85,15.4,15.68,15.9,0.45,99.27
59,2025-11-20 05:00:00,5.11,1.5,0.0,0.0,78.13,14.2,14.7,15.1,0.37,99.34
59,2025-11-20 06:00:00,3.85,1.54,0.0,0.0,81.5,13.7,13.95,14.1,0.3,99.4
59,2025-11-20 07:00:00,6.12,1.78,10.1,0.0,84.33,13.3,13.43,13.5,0.24,99.45
59,2025-11-20 08:00:00,12.49,4.02,58.1,0.0,85.05,13.4,13.5,13.6,0.23,99.48
59,2025-11-20 09:00:00,6.3,2.18,114.3,0.0,84.05,13.7,13.93,14.2,0.26,99.6
59,2025-11-20 10:00:00,6.05,2.32,552.4,0.0,79.03,14.6,16.43,18.0,0.4,99.63
59,2025-11-20 11:00:00,8.89,2.93,731.8,0.0,68.2,18.5,18.85,19.4,0.69,99.65
59,2025-11-20 12:00:00,10.4,3.28,804.1,0.0,65.13,19.6,20.53,21.3,0.84,99.65
59,2025-11-20 13:00:00,11.3,3.34,902.8,0.0,63.48,20.9,21.5,22.0,0.94,99.66
59,2025-11-20 14:00:00,11.41,3.5,960.9,0.0,61.78,22.1,22.23,22.5,1.02,99.65
59,2025-11-20 15:00:00,11.95,3.92,899.8,0.0,58.45,22.5,23.38,24.0,1.2,99.61
59,2025-11-20 16:00:00,14.26,3.65,825.5,0.0,53.48,23.9,24.68,25.1,1.45,99.59
59,2025-11-20 17:00:00,14.08,3.18,733.9,0.0,48.23,25.1,25.55,26.0,1.7,99.55
59,2025-11-20 18:00:00,13.14,3.29,572.9,0.0,46.43,25.7,26.0,26.2,1.8,99.54
59,2025-11-20 19:00:00,10.4,2.22,395.5,0.0,46.05,25.7,25.9,26.0,1.8,99.52
59,2025-11-20 20:00:00,7.42,1.68,187.8,0.0,47.45,23.8,24.9,26.0,1.66,99.54
59,2025-11-20 21:00:00,6.41,1.31,17.9,0.0,53.8,20.1,21.38,22.9,1.18,99.57
59,2025-11-20 22:00:00,4.32,1.29,0.0,0.0,56.18,18.6,19.08,19.6,0.97,99.6
59,2025-11-20 23:00:00,4.46,1.5,0.0,0.0,57.88,17.0,17.6,18.2,0.85,99.61
59,2025-11-21 00:00:00,3.31,0.91,0.0,0.0,62.53,15.2,15.95,16.7,0.68,99.63
59,2025-11-21 01:00:00,2.48,0.78,0.0,0.0,69.28,13.4,14.05,14.8,0.49,99.59
59,2025-11-21 02:00:00,2.34,0.95,0.0,0.0,74.43,12.7,12.93,13.1,0.38,99.54
59,2025-11-21 03:00:00,2.88,0.89,0.0,0.0,79.33,11.6,11.98,12.4,0.29,99.49
59,2025-11-21 04:00:00,3.06,1.12,0.0,0.0,82.53,10.9,11.2,11.4,0.23,99.47
59,2025-11-21 05:00:00,2.23,1.11,0.0,0.0,85.95,9.6,10.2,10.6,0.18,99.44
59,2025-11-21 06:00:00,3.06,1.94,0.0,0.0,88.58,9.0,9.4,9.6,0.14,99.43
59,2025-11-21 07:00:00,3.17,1.83,28.5,0.0,90.68,8.5,8.75,9.0,0.11,99.45
59,2025-11-21 08:00:00,4.25,1.02,179.0,0.0,90.8,9.2,10.68,12.5,0.12,99.49
59,2025-11-21 09:00:00,9.58,2.54,359.9,0.0,79.65,13.3,13.98,14.6,0.33,99.51
59,2025-11-21 10:00:00,8.17,2.78,547.1,0.0,72.33,14.9,15.93,16.9,0.5,99.48
59,2025-11-21 11:00:00,9.29,3.04,712.5,0.0,66.48,17.6,18.18,18.9,0.7,99.44
59,2025-11-21 12:00:00,10.44,2.94,832.8,0.0,61.25,19.7,20.55,21.8,0.94,99.4
59,2025-11-21 13:00:00,10.84,3.12,910.2,0.0,56.83,22.0,22.7,23.3,1.19,99.38
59,2025-11-21 14:00:00,11.45,3.34,927.7,0.0,49.45,24.2,25.03,25.9,1.61,99.33
59,2025-11-21 15:00:00,10.73,3.12,922.8,0.0,42.68,26.3,27.3,28.0,2.08,99.29
59,2025-11-21 16:00:00,13.14,3.18,863.3,0.0,38.58,28.5,29.25,29.9,2.5,99.25
59,2025-11-21 17:00:00,10.8,3.45,750.9,0.0,35.58,29.8,30.28,30.8,2.78,99.19
59,2025-11-21 18:00:00,9.61,2.69,614.6,0.0,27.65,31.0,31.2,31.3,3.29,99.14
59,2025-11-21 19:00:00,7.6,1.98,421.5,0.0,32.18,30.4,30.78,31.2,3.01,99.13
59,2025-11-21 20:00:00,2.77,0.99,218.3,0.0,36.73,27.2,29.03,30.6,2.55,99.12
59,2025-11-21 21:00:00,2.3,1.27,15.7,0.0,50.58,21.8,23.8,26.0,1.48,99.14
59,2025-11-21 22:00:00,3.6,2.21,0.0,0.0,62.53,18.6,19.63,20.6,0.86,99.18
59,2025-11-21 23:00:00,7.78,2.75,0.0,0.0,70.78,16.4,17.13,18.2,0.58,99.24
59,2025-11-22 00:00:00,4.82,2.58,0.0,0.0,73.0,15.8,16.2,16.5,0.5,99.28
59,2025-11-22 01:00:00,3.89,2.85,0.0,0.0,77.38,14.5,15.05,15.4,0.39,99.3
59,2025-11-22 02:00:00,4.5,2.71,0.0,0.0,80.5,13.9,14.15,14.4,0.32,99.31
59,2025-11-22 03:00:00,4.46,2.11,0.0,0.0,85.7,12.6,12.85,13.2,0.21,99.29
59,2025-11-22 04:00:00,3.6,2.28,0.0,0.0,88.13,11.6,12.03,12.4,0.17,99.26
59,2025-11-22 05:00:00,3.6,2.6,0.0,0.0,89.13,11.3,11.5,11.7,0.15,99.26
59,2025-11-22 06:00:00,3.6,2.51,0.0,0.0,90.35,10.6,10.9,11.2,0.13,99.27
59,2025-11-22 07:00:00,3.49,1.93,15.9,0.0,91.4,10.1,10.23,10.3,0.11,99.29
59,2025-11-22 08:00:00,2.23,0.78,175.7,0.0,91.95,11.1,12.75,15.1,0.12,99.35
59,2025-11-22 09:00:00,8.53,1.98,351.8,0.0,79.28,16.3,17.35,18.1,0.41,99.39
59,2025-11-22 10:00:00,9.14,2.85,538.9,0.0,69.5,18.6,19.63,20.6,0.7,99.41
59,2025-11-22 11:00:00,10.04,3.03,701.8,0.0,64.28,21.2,21.95,22.7,0.94,99.39
59,2025-11-22 12:00:00,10.84,3.48,825.0,0.0,60.85,22.8,23.83,24.6,1.16,99.37
59,2025-11-22 13:00:00,9.18,3.25,899.4,0.0,55.8,24.9,25.63,26.4,1.46,99.34
59,2025-11-22 14:00:00,11.56,3.15,917.2,0.0,50.2,26.9,27.78,28.7,1.86,99.31
59,2025-11-22 15:00:00,10.37,3.03,911.0,0.0,42.98,28.8,29.35,29.9,2.34,99.26
59,2025-11-22 16:00:00,16.88,3.52,858.0,0.0,38.68,30.0,30.83,31.5,2.73,99.23
59,2025-11-22 17:00:00,7.16,2.09,750.3,0.0,34.5,31.3,31.83,32.2,3.09,99.18
59,2025-11-22 18:00:00,7.06,2.26,601.8,0.0,30.73,31.9,32.23,32.5,3.34,99.15
59,2025-11-22 19:00:00,9.86,1.85,424.3,0.0,31.0,31.8,32.08,32.5,3.3,99.14
59,2025-11-22 20:00:00,13.75,4.31,212.1,0.0,45.3,28.2,29.45,30.8,2.26,99.19
59,2025-11-22 21:00:00,7.78,1.86,18.5,0.0,53.58,24.1,25.78,27.4,1.55,99.25
59,2025-11-22 22:00:00,4.61,1.32,0.0,0.0,62.9,20.1,21.55,23.1,0.96,99.3
59,2025-11-22 23:00:00,7.31,2.05,0.0,0.0,63.8,19.0,19.63,20.1,0.83,99.34
59,2025-11-23 00:00:00,6.19,1.72,0.0,0.0,64.6,17.3,17.98,18.7,0.73,99.37
59,2025-11-23 01:00:00,4.9,1.69,0.0,0.0,69.9,15.9,16.43,17.1,0.57,99.35
59,2025-11-23 02:00:00,4.97,1.61,0.0,0.0,74.4,14.9,15.2,15.5,0.44,99.33
59,2025-11-23 03:00:00,5.0,1.67,0.0,0.0,78.78,13.8,14.18,14.6,0.34,99.3
59,2025-11-23 04:00:00,3.85,1.99,0.0,0.0,83.73,12.4,13.0,13.6,0.24,99.26
59,2025-11-23 05:00:00,4.72,1.78,0.0,0.0,86.1,12.1,12.38,12.7,0.2,99.24
59,2025-11-23 06:00:00,3.74,2.02,0.0,0.0,89.48,11.1,11.48,12.0,0.14,99.23
59,2025-11-23 07:00:00,3.06,1.71,16.9,0.0,91.33,10.7,10.83,11.0,0.11,99.26
59,2025-11-23 08:00:00,5.29,1.68,171.1,0.0,91.85,12.0,12.65,13.5,0.12,99.3
59,2025-11-23 09:00:00,6.55,1.88,353.3,0.0,85.13,14.2,15.43,16.6,0.27,99.33
59,2025-11-23 10:00:00,10.58,2.82,539.7,0.0,72.58,17.3,18.28,19.3,0.58,99.3
59,2025-11-23 11:00:00,9.86,3.14,702.3,0.0,65.83,20.0,20.95,22.0,0.85,99.28
59,2025-11-23 12:00:00,8.75,3.19,822.3,0.0,64.2,22.4,23.23,24.1,1.02,99.27
59,2025-11-23 13:00:00,11.84,3.21,896.3,0.0,61.5,24.6,25.05,25.8,1.23,99.25
59,2025-11-23 14:00:00,10.87,3.23,914.9,0.0,57.68,26.1,26.63,27.4,1.48,99.21
59,2025-11-23 15:00:00,12.38,3.68,908.7,0.0,50.58,27.9,28.65,29.2,1.95,99.15
59,2025-11-23 16:00:00,11.38,3.27,855.1,0.0,43.18,29.6,30.4,31.2,2.47,99.09
59,2025-11-23 17:00:00,14.9,3.22,749.1,0.0,40.43,31.1,31.45,31.9,2.75,99.04
59,2025-11-23 18:00:00,11.52,2.88,588.0,0.0,42.45,31.6,31.75,31.9,2.7,99.0
59,2025-11-23 19:00:00,17.57,7.03,404.5,0.0,49.35,29.0,30.18,31.5,2.18,98.98
59,2025-11-23 20:00:00,22.39,6.9,222.2,0.0,53.0,26.3,27.4,28.3,1.72,99.01
59,2025-11-23 21:00:00,12.71,3.19,19.6,0.0,58.15,22.5,23.98,25.4,1.25,99.07
59,2025-11-23 22:00:00,4.43,1.56,0.0,0.0,67.68,19.3,20.2,21.4,0.77,99.16
59,2025-11-23 23:00:00,9.58,2.19,0.0,0.0,73.2,16.6,17.68,18.8,0.55,99.24
59,2025-11-24 00:00:00,9.97,1.94,0.0,0.0,79.6,14.8,15.38,16.0,0.36,99.28
59,2025-11-24 01:00:00,9.04,2.33,0.0,0.0,83.83,13.5,13.93,14.4,0.26,99.27
59,2025-11-24 02:00:00,6.34,1.62,0.0,0.0,87.18,12.7,12.95,13.3,0.19,99.25
59,2025-11-24 03:00:00,5.69,1.91,0.0,0.0,89.65,12.2,12.35,12.5,0.15,99.23
59,2025-11-24 04:00:00,6.37,1.83,0.0,0.0,91.48,11.8,11.93,12.1,0.12,99.2
59,2025-11-24 05:00:00,4.64,1.17,0.0,0.0,92.95,11.3,11.4,11.6,0.1,99.2
59,2025-11-24 06:00:00,4.46,1.38,0.0,0.02,93.85,11.0,11.1,11.2,0.08,99.21
59,2025-11-24 07:00:00,3.13,1.45,25.4,0.02,94.63,10.6,10.83,11.0,0.07,99.25
59,2025-11-24 08:00:00,4.61,1.51,67.7,0.02,96.23,11.1,11.5,11.9,0.05,99.29
59,2025-11-24 09:00:00,6.95,2.47,134.1,0.0,94.85,12.2,12.78,13.3,0.08,99.32
59,2025-11-24 10:00:00,12.31,4.23,229.7,0.0,89.83,13.7,14.03,14.4,0.16,99.33
59,2025-11-24 11:00:00,15.84,4.84,408.3,0.0,86.28,14.6,15.13,15.7,0.24,99.34
59,2025-11-24 12:00:00,12.89,4.23,822.9,0.0,78.68,16.4,17.83,19.0,0.44,99.33
59,2025-11-24 13:00:00,18.54,4.42,895.9,0.0,69.05,19.9,20.75,21.6,0.76,99.3
59,2025-11-24 14:00:00,10.98,4.2,914.9,0.0,61.33,22.4,23.55,24.6,1.13,99.26
59,2025-11-24 15:00:00,13.03,4.65,907.8,0.0,58.4,24.7,25.45,26.2,1.36,99.23
59,2025-11-24 16:00:00,12.78,4.3,852.8,0.0,53.35,26.3,27.2,27.8,1.69,99.18
59,2025-11-24 17:00:00,11.52,4.16,741.6,0.0,49.1,27.9,28.43,28.7,1.97,99.15
59,2025-11-24 18:00:00,8.96,2.82,594.7,0.0,44.9,28.5,29.05,29.5,2.22,99.13
59,2025-11-24 19:00:00,18.29,6.13,419.7,0.0,48.9,27.0,28.23,29.3,1.97,99.14
59,2025-11-24 20:00:00,16.88,7.16,224.7,0.0,54.25,24.1,25.28,26.4,1.48,99.22
59,2025-11-24 21:00:00,11.38,3.57,19.1,0.0,58.43,20.7,21.98,23.2,1.1,99.33
59,2025-11-24 22:00:00,5.47,1.72,0.0,0.0,67.38,17.6,18.5,19.6,0.7,99.43
59,2025-11-24 23:00:00,3.42,1.66,0.0,0.0,75.23,15.5,16.13,17.0,0.46,99.49
59,2025-11-25 00:00:00,4.39,1.52,0.0,0.0,79.1,13.8,14.53,15.3,0.35,99.53
59,2025-11-25 01:00:00,3.31,1.77,0.0,0.0,81.05,13.0,13.3,13.6,0.29,99.5
59,2025-11-25 02:00:00,3.89,2.04,0.0,0.0,85.95,12.0,12.28,12.6,0.2,99.47
59,2025-11-25 03:00:00,5.9,1.78,0.0,0.0,88.73,11.4,11.6,11.9,0.15,99.44
59,2025-11-25 04:00:00,3.56,2.17,0.0,0.0,90.35,10.8,10.98,11.2,0.13,99.4
59,2025-11-25 05:00:00,3.71,2.23,0.0,0.0,91.83,10.4,10.58,10.7,0.11,99.37
59,2025-11-25 06:00:00,3.02,1.46,0.0,0.0,92.93,9.9,10.15,10.3,0.09,99.39
59,2025-11-25 07:00:00,3.31,1.57,19.7,0.0,93.73,9.7,9.78,9.9,0.08,99.41
59,2025-11-25 08:00:00,5.51,1.87,91.1,0.02,95.18,10.6,11.18,11.6,0.07,99.44
59,2025-11-25 09:00:00,12.38,3.26,126.3,0.02,93.03,12.1,12.38,12.6,0.1,99.47
59,2025-11-25 10:00:00,14.15,4.27,209.1,0.0,89.73,12.8,13.23,13.7,0.16,99.51
59,2025-11-25 11:00:00,11.48,4.0,391.9,0.0,87.3,14.0,14.48,15.1,0.21,99.51
59,2025-11-25 12:00:00,14.36,4.35,835.1,0.0,78.05,16.4,17.65,18.9,0.45,99.48
59,2025-11-25 13:00:00,13.28,4.66,887.1,0.0,68.93,19.0,20.05,21.2,0.73,99.47
59,2025-11-25 14:00:00,13.43,4.67,919.7,0.0,62.53,21.4,22.2,22.9,1.01,99.44
59,2025-11-25 15:00:00,13.5,4.13,910.6,0.0,59.93,23.3,24.03,24.6,1.2,99.4
59,2025-11-25 16:00:00,21.53,5.06,852.7,0.0,58.78,25.0,25.28,25.6,1.33,99.36
59,2025-11-25 17:00:00,18.29,6.3,737.3,0.0,57.45,25.8,25.83,25.9,1.42,99.34
59,2025-11-25 18:00:00,18.47,6.33,591.7,0.0,58.2,25.5,25.6,25.8,1.37,99.33
59,2025-11-25 19:00:00,14.29,6.46,412.3,0.0,59.08,24.8,25.1,25.5,1.31,99.31
59,2025-11-25 20:00:00,18.86,8.0,224.5,0.0,60.38,21.9,23.03,24.2,1.12,99.34
59,2025-11-25 21:00:00,17.64,5.52,22.0,0.0,64.45,18.8,19.9,21.0,0.83,99.39
59,2025-11-25 22:00:00,5.9,1.48,0.0,0.0,71.65,16.4,17.2,18.1,0.56,99.45
59,2025-11-25 23:00:00,4.07,1.73,0.0,0.0,80.35,14.4,15.08,15.8,0.34,99.5
59,2025-11-26 00:00:00,3.53,1.09,0.0,0.0,84.53,13.3,13.68,14.1,0.24,99.5
59,2025-11-26 01:00:00,3.35,1.85,0.0,0.0,87.28,12.7,13.0,13.2,0.19,99.48
59,2025-11-26 02:00:00,3.38,1.88,0.0,0.0,89.73,12.1,12.38,12.7,0.15,99.45
59,2025-11-26 03:00:00,2.59,1.64,0.0,0.0,91.33,11.6,11.88,12.0,0.12,99.4
59,2025-11-26 04:00:00,5.33,2.16,0.0,0.0,92.28,11.1,11.63,12.1,0.11,99.36
59,2025-11-26 05:00:00,3.24,1.46,0.0,0.0,91.88,12.6,12.9,13.2,0.12,99.34
59,2025-11-26 06:00:00,2.74,0.96,0.0,0.0,91.23,13.4,13.65,13.8,0.14,99.33
59,2025-11-26 07:00:00,3.17,1.0,6.7,0.0,89.93,13.9,13.98,14.0,0.16,99.34
59,2025-11-26 08:00:00,5.87,1.6,58.9,0.0,90.13,14.0,14.13,14.2,0.16,99.35
59,2025-11-26 09:00:00,5.29,1.68,60.9,0.0,89.28,14.4,14.53,14.7,0.18,99.37
59,2025-11-26 10:00:00,8.82,2.04,172.6,0.0,89.1,14.7,14.88,15.2,0.19,99.41
59,2025-11-26 11:00:00,7.49,2.56,210.1,0.0,87.08,15.3,15.53,15.8,0.23,99.41
59,2025-11-26 12:00:00,9.36,2.31,248.9,0.0,84.05,16.0,16.08,16.1,0.29,99.42
59,2025-11-26 13:00:00,5.98,1.96,198.1,0.0,81.88,16.5,16.7,16.9,0.35,99.43
59,2025-11-26 14:00:00,11.38,3.49,320.5,0.0,79.8,17.0,17.3,17.8,0.4,99.44
59,2025-11-26 15:00:00,12.78,4.27,226.3,0.0,77.95,17.9,18.0,18.2,0.46,99.44
59,2025-11-26 16:00:00,10.84,3.9,248.8,0.0,76.2,18.4,18.58,18.8,0.51,99.41
59,2025-11-26 17:00:00,12.85,3.96,200.2,0.0,74.28,18.8,18.98,19.1,0.57,99.37
59,2025-11-26 18:00:00,8.64,3.11,284.1,0.0,71.35,19.3,19.65,19.8,0.66,99.34
59,2025-11-26 19:00:00,10.4,2.64,407.9,0.0,66.2,20.3,20.88,21.2,0.84,99.29
59,2025-11-26 20:00:00,9.18,2.33,97.1,0.0,67.08,19.5,20.2,21.0,0.79,99.34
59,2025-11-26 21:00:00,13.14,3.93,16.7,0.0,68.55,18.3,18.93,19.3,0.69,99.42
59,2025-11-26 22:00:00,13.46,3.25,0.0,0.0,70.4,15.4,16.45,17.5,0.56,99.48
59,2025-11-26 23:00:00,3.74,1.56,0.0,0.0,77.5,13.7,14.45,15.2,0.37,99.49
59,2025-11-27 00:00:00,3.92,1.83,0.0,0.0,83.0,13.2,13.4,13.5,0.26,99.47
59,2025-11-27 01:00:00,3.17,1.41,0.0,0.0,88.38,11.3,12.08,12.8,0.17,99.39
59,2025-11-27 02:00:00,3.17,1.5,0.0,0.0,91.0,10.6,10.8,11.2,0.12,99.33
59,2025-11-27 03:00:00,3.13,1.26,0.0,0.0,92.7,9.6,9.93,10.4,0.09,99.26
59,2025-11-27 04:00:00,2.63,1.24,0.0,0.0,93.33,10.8,11.28,11.7,0.09,99.21
59,2025-11-27 05:00:00,2.27,0.85,0.0,0.0,94.6,11.8,12.05,12.2,0.08,99.19
59,2025-11-27 06:00:00,2.74,1.79,0.0,0.0,94.28,10.9,11.35,11.7,0.08,99.19
59,2025-11-27 07:00:00,2.99,1.28,23.5,0.0,94.25,10.6,10.8,11.2,0.08,99.19
59,2025-11-27 08:00:00,6.66,2.15,97.8,0.0,95.55,11.8,12.35,12.6,0.07,99.21
59,2025-11-27 09:00:00,6.59,1.98,143.8,0.0,97.35,12.9,13.05,13.3,0.04,99.23
59,2025-11-27 10:00:00,8.32,2.28,414.4,0.0,92.2,13.7,15.05,16.5,0.14,99.25
59,2025-11-27 11:00:00,9.79,3.13,907.6,0.0,79.53,17.0,17.83,19.2,0.42,99.24
59,2025-11-27 12:00:00,11.3,3.13,843.4,0.0,69.98,19.7,20.28,21.1,0.72,99.22
59,2025-11-27 13:00:00,11.12,3.78,916.9,0.0,64.35,21.1,21.83,22.3,0.94,99.21
59,2025-11-27 14:00:00,12.71,4.21,937.9,0.0,61.23,22.8,23.28,23.9,1.11,99.18
59,2025-11-27 15:00:00,8.75,2.73,964.9,0.0,58.63,24.4,24.7,25.1,1.29,99.16
59,2025-11-27 16:00:00,9.11,3.21,661.2,0.0,55.93,25.2,25.35,25.5,1.43,99.12
59,2025-11-27 17:00:00,9.86,2.49,534.1,0.0,54.78,25.1,25.3,25.5,1.46,99.09
59,2025-11-27 18:00:00,7.13,2.01,642.1,0.0,51.93,26.1,26.68,27.6,1.68,99.05
59,2025-11-27 19:00:00,8.24,2.72,440.3,0.0,51.73,27.4,27.45,27.6,1.77,99.05
59,2025-11-27 20:00:00,18.54,4.96,243.5,0.0,55.23,23.8,25.5,27.1,1.47,99.08
59,2025-11-27 21:00:00,14.54,5.1,23.9,0.0,60.1,20.4,21.6,22.8,1.03,99.17
59,2025-11-27 22:00:00,10.69,2.87,0.0,0.0,66.13,17.6,18.75,19.8,0.74,99.26
59,2025-11-27 23:00:00,3.71,1.5,0.0,0.0,75.25,15.4,16.15,16.9,0.46,99.33
59,2025-11-28 00:00:00,3.31,2.02,0.0,0.0,81.63,13.9,14.48,15.0,0.3,99.35
59,2025-11-28 01:00:00,4.25,2.21,0.0,0.0,85.43,13.1,13.38,13.6,0.23,99.36
59,2025-11-28 02:00:00,3.35,2.23,0.0,0.0,87.48,12.4,12.65,12.9,0.19,99.33
59,2025-11-28 03:00:00,4.07,2.05,0.0,0.0,88.73,11.9,12.13,12.3,0.16,99.3
59,2025-11-28 04:00:00,3.6,1.67,0.0,0.0,88.48,12.1,12.45,12.8,0.17,99.3
59,2025-11-28 05:00:00,2.92,1.25,0.0,0.0,87.15,12.5,12.68,12.8,0.19,99.32
59,2025-11-28 06:00:00,3.28,1.41,0.0,0.0,88.28,12.0,12.3,12.5,0.17,99.38
59,2025-11-28 07:00:00,3.24,1.32,15.5,0.0,90.43,11.0,11.3,11.7,0.13,99.43
59,2025-11-28 08:00:00,6.01,2.12,99.8,0.0,89.43,11.4,12.25,12.8,0.15,99.49
59,2025-11-28 09:00:00,8.64,2.47,410.6,0.0,85.08,13.2,14.18,15.5,0.25,99.54
59,2025-11-28 10:00:00,10.15,3.04,259.3,0.0,74.28,15.8,15.88,16.0,0.47,99.58
59,2025-11-28 11:00:00,9.79,3.57,288.1,0.0,70.68,16.2,16.48,16.7,0.55,99.6
59,2025-11-28 12:00:00,16.27,4.74,396.2,0.0,69.0,16.9,17.28,17.7,0.61,99.61
59,2025-11-28 13:00:00,21.17,5.94,1010.4,0.0,65.23,17.9,18.73,20.0,0.76,99.6
59,2025-11-28 14:00:00,16.7,5.12,999.8,0.0,61.45,20.6,20.98,21.4,0.96,99.54
59,2025-11-28 15:00:00,15.34,4.96,950.6,0.0,60.13,21.8,21.98,22.5,1.06,99.51
59,2025-11-28 16:00:00,16.52,4.1,921.7,0.0,57.65,22.6,22.9,23.3,1.19,99.48
59,2025-11-28 17:00:00,13.0,3.57,779.6,0.0,55.65,23.4,23.9,24.3,1.32,99.45
59,2025-11-28 18:00:00,13.57,4.77,647.1,0.0,50.45,24.7,24.9,25.2,1.56,99.42
59,2025-11-28 19:00:00,25.67,7.24,443.2,0.0,50.93,22.4,23.88,25.0,1.46,99.43
59,2025-11-28 20:00:00,20.41,7.32,249.2,0.0,55.53,20.1,21.2,22.2,1.12,99.49
59,2025-11-28 21:00:00,17.96,4.83,19.0,0.0,59.33,17.5,18.45,19.3,0.87,99.56
59,2025-11-28 22:00:00,3.85,1.52,0.0,0.0,67.08,15.0,15.8,16.6,0.6,99.61
59,2025-11-28 23:00:00,3.78,1.68,0.0,0.0,74.6,13.3,13.98,14.6,0.41,99.63
59,2025-11-29 00:00:00,3.74,1.91,0.0,0.0,80.78,11.8,12.45,13.2,0.28,99.61
59,2025-11-29 01:00:00,4.0,2.21,0.0,0.0,85.78,11.0,11.28,11.4,0.19,99.55
59,2025-11-29 02:00:00,4.86,2.76,0.0,0.0,87.38,10.6,10.88,11.1,0.17,99.48
59,2025-11-29 03:00:00,4.03,2.09,0.0,0.0,88.83,9.9,10.15,10.6,0.14,99.41
59,2025-11-29 04:00:00,3.6,1.97,0.0,0.0,91.15,9.0,9.33,9.9,0.1,99.35
59,2025-11-29 05:00:00,4.86,2.49,0.0,0.0,91.73,8.8,8.98,9.3,0.09,99.32
59,2025-11-29 06:00:00,4.75,1.7,0.0,0.0,92.93,8.2,8.85,9.3,0.08,99.31
59,2025-11-29 07:00:00,3.53,1.83,15.8,0.02,93.0,8.0,8.1,8.2,0.08,99.34
59,2025-11-29 08:00:00,6.01,1.59,127.7,0.02,92.68,9.3,10.85,12.5,0.1,99.38
59,2025-11-29 09:00:00,8.6,2.3,377.2,0.0,83.45,13.2,14.4,15.6,0.28,99.42
59,2025-11-29 10:00:00,7.81,2.86,607.3,0.0,71.85,16.1,17.15,18.2,0.55,99.44
59,2025-11-29 11:00:00,15.98,3.09,745.3,0.0,66.65,18.9,19.43,20.0,0.76,99.46
59,2025-11-29 12:00:00,13.39,4.52,804.3,0.0,62.55,20.0,20.43,20.7,0.9,99.47
59,2025-11-29 13:00:00,14.72,4.18,883.5,0.0,58.2,21.2,21.95,22.7,1.11,99.47
59,2025-11-29 14:00:00,15.26,5.65,1049.2,0.0,51.38,23.3,23.65,24.1,1.42,99.45
59,2025-11-29 15:00:00,19.8,6.53,834.8,0.0,46.43,24.1,24.43,24.7,1.64,99.44
59,2025-11-29 16:00:00,20.41,7.42,979.4,0.0,44.03,25.4,25.5,25.6,1.83,99.43
59,2025-11-29 17:00:00,24.08,7.58,777.5,0.0,48.6,24.8,25.28,25.6,1.66,99.42
59,2025-11-29 18:00:00,26.96,8.95,708.1,0.0,52.73,23.9,24.25,24.9,1.43,99.43
59,2025-11-29 19:00:00,22.61,8.25,435.6,0.0,54.03,21.8,22.9,23.7,1.29,99.45
59,2025-11-29 20:00:00,20.52,7.84,148.7,0.0,55.73,20.2,20.65,21.2,1.08,99.52
59,2025-11-29 21:00:00,15.01,4.93,30.8,0.0,57.38,19.2,19.73,20.1,0.98,99.61
59,2025-11-29 22:00:00,13.72,3.74,0.0,0.0,62.03,17.7,18.33,18.9,0.8,99.7
59,2025-11-29 23:00:00,8.86,2.63,0.0,0.0,67.25,16.6,16.83,17.3,0.63,99.77
59,2025-11-30 00:00:00,6.91,3.04,0.0,0.0,68.88,16.2,16.53,16.7,0.59,99.8
59,2025-11-30 01:00:00,3.35,1.02,0.0,0.0,74.93,14.2,14.88,15.6,0.43,99.81
59,2025-11-30 02:00:00,6.23,1.5,0.0,0.0,79.83,14.0,14.18,14.3,0.33,99.79
59,2025-11-30 03:00:00,3.42,1.33,0.0,0.0,81.2,13.7,14.3,14.6,0.31,99.78
59,2025-11-30 04:00:00,4.82,1.46,0.0,0.0,85.03,13.5,13.65,13.8,0.24,99.75
59,2025-11-30 05:00:00,2.59,1.09,0.0,0.0,87.45,12.6,13.08,13.6,0.19,99.76
59,2025-11-30 06:00:00,2.77,1.52,0.0,0.0,89.58,12.2,12.53,12.7,0.15,99.78
59,2025-11-30 07:00:00,3.67,2.14,15.7,0.0,91.95,11.3,11.43,11.6,0.11,99.79
59,2025-11-30 08:00:00,4.39,1.49,164.8,0.0,90.78,12.4,13.78,15.5,0.15,99.78
59,2025-11-30 09:00:00,8.82,2.35,385.1,0.0,83.53,16.1,16.38,16.9,0.31,99.8
59,2025-11-30 10:00:00,8.35,2.53,571.3,0.0,71.23,17.6,18.25,18.9,0.61,99.82
59,2025-11-30 11:00:00,12.67,4.11,732.4,0.0,62.3,19.3,19.58,20.1,0.86,99.82
59,2025-11-30 12:00:00,13.32,3.86,862.8,0.0,58.2,20.5,21.05,21.5,1.04,99.81
59,2025-11-30 13:00:00,15.01,4.22,994.5,0.0,54.93,21.7,22.1,22.9,1.2,99.79
59,2025-11-30 14:00:00,17.21,3.75,1022.6,0.0,50.13,22.7,23.55,24.2,1.45,99.76
59,2025-11-30 15:00:00,11.92,3.13,823.7,0.0,48.1,23.0,23.8,24.4,1.53,99.73
59,2025-11-30 16:00:00,14.87,3.65,977.5,0.0,45.2,24.1,24.83,25.4,1.72,99.68
59,2025-11-30 17:00:00,10.73,3.15,564.8,0.0,45.95,24.3,24.6,25.0,1.67,99.66
59,2025-11-30 18:00:00,5.62,1.59,288.0,0.0,47.95,23.9,24.15,24.4,1.57,99.66
59,2025-11-30 19:00:00,14.87,2.65,306.8,0.0,51.88,23.2,23.48,23.6,1.39,99.67
59,2025-11-30 20:00:00,10.26,1.93,264.1,0.0,53.65,22.3,23.1,23.7,1.31,99.68
59,2025-11-30 21:00:00,7.85,1.31,18.7,0.0,57.28,19.0,20.25,21.6,1.02,99.74
59,2025-11-30 22:00:00,5.9,1.04,0.0,0.0,63.3,16.3,17.35,18.5,0.73,99.82
59,2025-11-30 23:00:00,8.57,1.27,0.0,0.0,66.83,15.3,15.63,16.0,0.59,99.9
59,2025-12-01 00:00:00,3.71,0.99,0.0,0.0,71.45,13.7,14.2,14.8,0.46,99.91
59,2025-12-01 01:00:00,3.35,0.76,0.0,0.0,78.88,11.9,12.48,12.9,0.31,99.89
59,2025-12-01 02:00:00,2.12,1.11,0.0,0.0,84.43,10.8,11.35,11.8,0.21,99.84
59,2025-12-01 03:00:00,2.27,1.15,0.0,0.0,88.4,10.2,10.38,10.5,0.15,99.8
59,2025-12-01 04:00:00,2.84,1.14,0.0,0.0,90.65,10.1,10.23,10.4,0.12,99.8
59,2025-12-01 05:00:00,2.59,1.29,0.0,0.0,92.95,9.6,9.83,10.2,0.09,99.78
59,2025-12-01 06:00:00,1.98,0.89,0.0,0.0,93.6,8.8,9.13,9.3,0.07,99.78
59,2025-12-01 07:00:00,3.02,1.74,18.9,0.0,94.05,8.9,9.08,9.2,0.07,99.78
59,2025-12-01 08:00:00,3.67,1.47,75.2,0.0,95.18,9.3,10.4,11.4,0.06,99.79
59,2025-12-01 09:00:00,6.23,2.17,288.9,0.0,98.05,11.7,12.2,13.1,0.03,99.82
59,2025-12-01 10:00:00,10.01,2.28,576.9,0.0,86.0,14.6,16.0,17.2,0.26,99.81
59,2025-12-01 11:00:00,10.08,2.98,731.6,0.0,72.48,17.7,18.65,19.4,0.6,99.79
59,2025-12-01 12:00:00,10.3,2.71,855.3,0.0,64.88,20.6,21.33,22.0,0.89,99.74
59,2025-12-01 13:00:00,14.54,3.62,935.2,0.0,60.43,22.2,22.95,23.6,1.11,99.72
59,2025-12-01 14:00:00,15.91,3.5,966.7,0.0,53.18,24.2,24.45,24.7,1.44,99.69
59,2025-12-01 15:00:00,13.57,3.07,791.5,0.0,48.43,24.0,24.75,25.1,1.61,99.66
59,2025-12-01 16:00:00,12.31,2.61,931.5,0.0,41.43,25.9,26.13,26.2,1.99,99.61
59,2025-12-01 17:00:00,8.86,2.9,735.4,0.0,41.48,26.5,26.73,26.9,2.06,99.56
59,2025-12-01 18:00:00,8.82,2.07,570.1,0.0,42.58,26.4,26.88,27.3,2.03,99.54
59,2025-12-01 19:00:00,7.99,1.58,159.2,0.0,44.58,25.0,25.33,25.8,1.79,99.55
59,2025-12-01 20:00:00,11.41,2.13,72.9,0.0,47.15,22.7,23.8,24.7,1.56,99.58
59,2025-12-01 21:00:00,8.35,2.13,23.5,0.0,54.68,20.4,21.1,21.9,1.14,99.64
59,2025-12-01 22:00:00,5.22,1.25,0.0,0.0,56.33,18.9,19.43,20.0,0.99,99.69
59,2025-12-01 23:00:00,3.64,0.89,0.0,0.0,60.85,17.6,18.05,18.5,0.81,99.7
59,2025-12-02 00:00:00,4.57,1.17,0.0,0.0,63.4,16.9,17.13,17.3,0.72,99.72
59,2025-12-02 01:00:00,5.22,1.13,0.0,0.0,67.73,16.2,16.48,16.7,0.61,99.74
59,2025-12-02 02:00:00,3.02,0.75,0.0,0.0,73.1,15.1,15.6,16.0,0.48,99.75
59,2025-12-02 03:00:00,2.34,0.89,0.0,0.0,80.75,13.1,13.73,14.5,0.3,99.75
59,2025-12-02 04:00:00,2.3,1.11,0.0,0.0,85.98,12.1,12.4,12.7,0.2,99.75
59,2025-12-02 05:00:00,2.23,1.26,0.0,0.0,89.1,11.4,11.73,12.0,0.15,99.75
59,2025-12-02 06:00:00,2.09,1.04,0.0,0.0,91.63,10.5,10.8,11.2,0.11,99.75
59,2025-12-02 07:00:00,2.7,1.53,15.8,0.0,92.68,10.3,10.53,10.7,0.09,99.77
59,2025-12-02 08:00:00,5.11,0.98,104.3,0.0,93.7,11.3,12.75,14.0,0.09,99.8
59,2025-12-02 09:00:00,9.18,2.6,217.3,0.0,86.33,14.7,15.2,15.6,0.24,99.83
59,2025-12-02 10:00:00,8.1,2.68,401.0,0.0,82.93,15.6,16.05,16.7,0.31,99.85
59,2025-12-02 11:00:00,15.59,3.66,689.5,0.0,78.48,16.5,17.8,19.0,0.45,99.82
59,2025-12-02 12:00:00,13.03,3.6,845.7,0.0,70.4,19.2,20.3,21.1,0.71,99.76
59,2025-12-02 13:00:00,13.0,3.04,927.3,0.0,62.8,22.2,23.03,23.6,1.05,99.74
59,2025-12-02 14:00:00,18.54,2.97,949.6,0.0,56.8,24.3,25.05,26.1,1.38,99.71
59,2025-12-02 15:00:00,13.18,3.28,941.3,0.0,52.25,26.3,26.65,27.0,1.67,99.65
59,2025-12-02 16:00:00,13.1,3.43,816.3,0.0,45.78,27.5,27.73,28.2,2.02,99.56
59,2025-12-02 17:00:00,12.78,4.25,782.9,0.0,40.15,28.2,28.43,28.6,2.32,99.49
59,2025-12-02 18:00:00,8.46,2.26,603.7,0.0,36.1,28.6,28.83,29.0,2.53,99.44
59,2025-12-02 19:00:00,12.31,1.98,288.7,0.0,33.9,28.8,28.9,29.1,2.63,99.44
59,2025-12-02 20:00:00,7.06,1.83,150.4,0.0,34.5,25.9,27.25,28.4,2.38,99.44
59,2025-12-02 21:00:00,3.64,0.88,16.3,0.0,43.65,21.6,23.13,24.9,1.61,99.45
59,2025-12-02 22:00:00,4.82,0.92,0.0,0.0,51.75,19.4,20.1,20.8,1.14,99.49
59,2025-12-02 23:00:00,2.48,0.91,0.0,0.0,57.05,18.0,18.58,19.0,0.92,99.53
59,2025-12-03 00:00:00,2.45,0.8,0.0,0.0,68.95,16.4,16.88,17.4,0.6,99.54
59,2025-12-03 01:00:00,4.64,0.9,0.0,0.0,76.68,16.0,16.2,16.4,0.43,99.52
59,2025-12-03 02:00:00,6.16,1.34,0.0,0.0,79.33,16.1,16.3,16.6,0.39,99.5
59,2025-12-03 03:00:00,2.59,0.96,0.0,0.0,84.68,14.0,14.83,15.5,0.26,99.45
59,2025-12-03 04:00:00,2.2,0.96,0.0,0.0,88.83,13.4,13.58,13.8,0.18,99.41
59,2025-12-03 05:00:00,2.52,0.8,0.0,0.0,91.2,12.9,13.2,13.4,0.14,99.39
59,2025-12-03 06:00:00,2.23,1.02,0.0,0.0,93.23,12.0,12.38,12.6,0.1,99.41
59,2025-12-03 07:00:00,2.59,0.96,16.0,0.0,93.4,11.8,12.03,12.3,0.09,99.44
59,2025-12-03 08:00:00,9.07,1.35,188.6,0.0,94.78,13.4,14.7,15.8,0.09,99.46
59,2025-12-03 09:00:00,12.49,2.13,433.1,0.0,85.95,16.7,17.63,18.7,0.29,99.46
59,2025-12-03 10:00:00,10.76,2.46,584.6,0.0,76.73,19.1,19.65,20.4,0.54,99.44
59,2025-12-03 11:00:00,14.62,3.11,731.3,0.0,69.85,20.9,21.48,22.2,0.78,99.38
59,2025-12-03 12:00:00,11.59,2.96,858.2,0.0,62.0,22.8,24.1,25.3,1.15,99.34
59,2025-12-03 13:00:00,12.46,2.91,928.1,0.0,55.43,26.0,26.9,27.8,1.58,99.3
59,2025-12-03 14:00:00,10.4,2.95,944.7,0.0,50.28,28.3,28.65,29.2,1.95,99.27
59,2025-12-03 15:00:00,12.24,3.0,734.9,0.0,45.1,29.1,29.83,30.4,2.31,99.26
59,2025-12-03 16:00:00,13.25,3.11,794.9,0.0,40.65,30.8,31.15,31.4,2.69,99.23
59,2025-12-03 17:00:00,10.55,2.92,752.5,0.0,36.93,31.6,31.9,32.1,2.98,99.21
59,2025-12-03 18:00:00,8.82,2.65,434.3,0.0,36.28,32.1,32.3,32.5,3.08,99.19
59,2025-12-03 19:00:00,7.78,2.21,354.4,0.0,36.9,32.0,32.15,32.2,3.02,99.18
59,2025-12-03 20:00:00,5.62,1.59,105.9,0.0,38.45,29.1,30.58,32.0,2.71,99.18
59,2025-12-03 21:00:00,5.26,0.93,16.8,0.0,47.93,24.9,26.5,28.0,1.81,99.2
59,2025-12-03 22:00:00,2.48,0.8,0.0,0.0,55.73,21.9,22.98,24.2,1.25,99.24
59,2025-12-03 23:00:00,2.7,0.83,0.0,0.0,56.73,20.5,21.2,21.6,1.09,99.27
59,2025-12-04 00:00:00,2.74,0.94,0.0,0.0,60.23,19.6,19.93,20.3,0.93,99.33
59,2025-12-04 01:00:00,6.66,1.2,0.0,0.0,64.38,19.4,19.88,20.3,0.83,99.37
59,2025-12-04 02:00:00,4.32,1.14,0.0,0.0,66.73,18.6,19.23,19.9,0.74,99.38
59,2025-12-04 03:00:00,4.54,0.87,0.0,0.0,72.3,17.3,17.7,18.1,0.56,99.38
59,2025-12-04 04:00:00,3.13,0.91,0.0,0.0,77.8,16.2,16.58,16.9,0.42,99.38
59,2025-12-04 05:00:00,3.56,0.97,0.0,0.0,78.03,14.9,15.35,15.9,0.38,99.39
59,2025-12-04 06:00:00,4.21,1.0,0.0,0.0,75.58,13.9,14.1,14.5,0.4,99.42
59,2025-12-04 07:00:00,4.86,1.27,15.5,0.0,74.53,13.5,13.6,13.8,0.4,99.44
59,2025-12-04 08:00:00,7.45,1.26,179.7,0.0,72.45,14.2,15.45,16.6,0.49,99.43
59,2025-12-04 09:00:00,8.6,1.83,413.7,0.0,67.28,17.1,18.0,18.7,0.68,99.45
59,2025-12-04 10:00:00,12.64,2.88,584.7,0.0,68.2,18.5,19.08,19.9,0.7,99.46
59,2025-12-04 11:00:00,9.29,2.53,742.5,0.0,65.4,20.4,21.3,22.1,0.88,99.46
59,2025-12-04 12:00:00,10.58,2.79,867.3,0.0,62.0,22.3,23.15,24.1,1.08,99.45
59,2025-12-04 13:00:00,9.65,3.01,922.4,0.0,56.0,24.6,25.53,26.6,1.44,99.43
59,2025-12-04 14:00:00,11.66,3.04,867.1,0.0,46.83,27.0,27.55,28.0,1.96,99.41
59,2025-12-04 15:00:00,12.96,3.76,830.7,0.0,42.78,28.2,28.73,29.2,2.26,99.38
59,2025-12-04 16:00:00,14.29,3.57,795.0,0.0,40.0,29.4,29.98,30.8,2.54,99.34
59,2025-12-04 17:00:00,8.28,2.33,586.5,0.0,36.6,30.1,30.65,31.1,2.79,99.31
59,2025-12-04 18:00:00,9.4,2.51,242.5,0.0,37.18,30.1,30.58,30.8,2.76,99.27
59,2025-12-04 19:00:00,8.6,2.25,196.6,0.0,39.65,30.1,30.5,30.9,2.64,99.23
59,2025-12-04 20:00:00,7.7,1.68,233.4,0.0,42.45,27.8,28.8,29.7,2.28,99.26
59,2025-12-04 21:00:00,6.41,1.26,16.1,0.0,47.28,25.2,26.03,27.0,1.78,99.3
59,2025-12-04 22:00:00,3.24,0.87,0.0,0.0,51.08,21.3,22.7,24.1,1.36,99.38
59,2025-12-04 23:00:00,5.83,1.53,0.0,0.0,60.9,19.1,19.45,20.2,0.89,99.47
59,2025-12-05 00:00:00,2.59,0.74,0.0,0.0,63.6,18.4,18.83,19.2,0.79,99.5
59,2025-12-05 01:00:00,2.45,0.8,0.0,0.0,71.18,17.4,17.83,18.4,0.59,99.51
59,2025-12-05 02:00:00,2.77,1.38,0.0,0.0,76.68,16.0,16.53,17.3,0.44,99.49
59,2025-12-05 03:00:00,4.03,0.85,0.0,0.0,79.75,15.1,15.35,15.7,0.36,99.47
59,2025-12-05 04:00:00,5.62,0.93,0.0,0.0,83.88,14.7,14.9,15.1,0.27,99.47
59,2025-12-05 05:00:00,5.51,0.97,0.0,0.0,85.38,13.7,14.18,14.6,0.24,99.51
59,2025-12-05 06:00:00,4.57,0.86,0.0,0.0,88.25,12.5,12.83,13.3,0.18,99.58
59,2025-12-05 07:00:00,3.1,0.82,20.5,0.0,89.53,12.0,12.18,12.4,0.15,99.62
59,2025-12-05 08:00:00,6.7,1.36,201.3,0.0,88.6,12.7,13.58,14.4,0.18,99.68
59,2025-12-05 09:00:00,7.09,2.32,386.1,0.0,78.9,15.1,15.58,16.1,0.38,99.72
59,2025-12-05 10:00:00,12.13,2.55,579.1,0.0,73.15,16.7,17.08,17.8,0.52,99.73
59,2025-12-05 11:00:00,13.32,3.4,728.0,0.0,70.2,17.9,18.58,19.4,0.64,99.72
59,2025-12-05 12:00:00,10.12,3.2,850.7,0.0,67.03,19.8,20.25,20.8,0.79,99.67
59,2025-12-05 13:00:00,8.82,2.91,923.6,0.0,62.83,21.8,22.18,23.0,1.0,99.64
59,2025-12-05 14:00:00,11.63,3.99,942.7,0.0,58.43,22.8,23.93,24.8,1.24,99.57
59,2025-12-05 15:00:00,9.47,2.92,931.9,0.0,53.15,25.1,25.93,26.8,1.57,99.47
59,2025-12-05 16:00:00,11.45,3.37,743.1,0.0,47.45,27.0,27.5,27.8,1.93,99.39
59,2025-12-05 17:00:00,9.83,2.86,718.8,0.0,43.25,28.2,28.5,28.9,2.21,99.33
59,2025-12-05 18:00:00,11.3,2.71,527.0,0.0,41.5,28.9,29.08,29.3,2.36,99.27
59,2025-12-05 19:00:00,7.02,2.17,360.7,0.0,40.1,29.4,29.48,29.6,2.47,99.2
59,2025-12-05 20:00:00,8.14,1.5,197.0,0.0,41.38,26.4,27.7,29.1,2.18,99.19
59,2025-12-05 21:00:00,3.53,0.92,25.5,0.0,44.7,22.7,24.05,25.5,1.66,99.21
59,2025-12-05 22:00:00,2.38,0.96,0.3,0.0,52.5,19.8,20.73,21.9,1.17,99.26
59,2025-12-05 23:00:00,3.13,1.46,0.0,0.0,59.2,18.1,18.58,19.4,0.88,99.31
59,2025-12-06 00:00:00,2.74,0.92,0.0,0.0,58.6,17.6,17.8,18.2,0.85,99.34
59,2025-12-06 01:00:00,2.63,1.07,0.0,0.0,64.2,15.8,16.43,17.0,0.67,99.36
59,2025-12-06 02:00:00,2.52,0.75,0.0,0.0,65.85,14.7,15.13,15.6,0.59,99.34
59,2025-12-06 03:00:00,2.02,0.78,0.0,0.0,69.53,13.8,14.0,14.3,0.49,99.34
59,2025-12-06 04:00:00,2.52,0.86,0.0,0.0,75.23,12.7,12.93,13.3,0.37,99.33
59,2025-12-06 05:00:00,2.52,0.86,0.0,0.0,81.4,11.8,12.08,12.4,0.27,99.32
59,2025-12-06 06:00:00,2.7,0.91,0.0,0.0,85.1,11.0,11.25,11.6,0.2,99.35
59,2025-12-06 07:00:00,4.21,1.15,23.7,0.0,86.05,10.9,11.0,11.1,0.18,99.37
59,2025-12-06 08:00:00,7.16,1.56,178.7,0.0,82.7,11.9,13.13,14.4,0.27,99.42
59,2025-12-06 09:00:00,6.34,1.75,342.1,0.0,73.2,15.3,15.95,16.7,0.49,99.47
59,2025-12-06 10:00:00,6.88,2.15,582.9,0.0,69.35,17.4,17.95,18.6,0.63,99.48
59,2025-12-06 11:00:00,8.86,2.64,697.9,0.0,65.53,19.1,19.75,20.5,0.8,99.5
59,2025-12-06 12:00:00,9.29,2.93,830.9,0.0,59.98,21.1,22.05,22.8,1.07,99.49
59,2025-12-06 13:00:00,13.03,4.02,919.5,0.0,54.65,23.5,24.33,25.0,1.38,99.48
59,2025-12-06 14:00:00,14.29,4.32,941.0,0.0,50.1,25.6,26.4,27.0,1.72,99.46
59,2025-12-06 15:00:00,13.72,4.31,828.2,0.0,46.58,27.1,27.75,28.4,1.99,99.42
59,2025-12-06 16:00:00,17.53,5.54,747.7,0.0,42.28,28.5,28.8,29.2,2.29,99.44
59,2025-12-06 17:00:00,20.99,8.27,728.5,0.0,45.0,28.5,28.75,28.9,2.17,99.48
59,2025-12-06 18:00:00,20.2,7.62,319.6,0.0,50.35,26.4,27.18,27.9,1.79,99.55
59,2025-12-06 19:00:00,21.6,7.72,197.3,0.0,56.93,24.1,24.85,25.6,1.36,99.6
59,2025-12-06 20:00:00,12.71,5.33,157.3,0.0,61.33,22.2,23.0,23.8,1.09,99.67
59,2025-12-06 21:00:00,10.55,2.33,34.1,0.0,64.25,20.5,21.15,21.8,0.9,99.76
59,2025-12-06 22:00:00,4.1,1.06,0.8,0.0,69.9,19.0,19.65,20.1,0.69,99.82
59,2025-12-06 23:00:00,3.35,1.3,0.0,0.0,75.0,18.2,18.55,18.9,0.53,99.86
59,2025-12-07 00:00:00,3.56,1.57,0.0,0.0,79.73,17.4,17.63,17.9,0.41,99.87
59,2025-12-07 01:00:00,1.66,0.75,0.0,0.0,83.05,16.5,16.75,17.0,0.33,99.83
59,2025-12-07 02:00:00,2.48,0.7,0.0,0.0,85.23,15.4,15.78,16.2,0.27,99.77
59,2025-12-07 03:00:00,2.34,0.87,0.0,0.0,87.63,14.9,15.05,15.3,0.21,99.7
59,2025-12-07 04:00:00,3.28,0.93,0.0,0.0,88.85,14.7,14.88,15.0,0.19,99.61
59,2025-12-07 05:00:00,4.93,1.35,0.0,0.0,90.0,14.2,14.4,14.5,0.16,99.63
59,2025-12-07 06:00:00,4.18,1.69,0.0,0.0,91.03,14.0,14.13,14.3,0.14,99.69
59,2025-12-07 07:00:00,4.28,1.85,18.3,0.0,91.7,14.1,14.18,14.3,0.14,99.75
59,2025-12-07 08:00:00,4.75,1.29,82.4,0.0,92.2,14.5,14.78,15.2,0.13,99.79
59,2025-12-07 09:00:00,4.86,1.46,337.4,0.0,89.3,15.7,16.63,17.7,0.21,99.8
59,2025-12-07 10:00:00,10.91,2.36,372.3,0.0,78.43,18.5,19.2,19.8,0.48,99.81
59,2025-12-07 11:00:00,10.55,3.81,607.0,0.0,72.8,19.8,20.78,21.3,0.67,99.81
59,2025-12-07 12:00:00,10.69,3.55,797.8,0.0,68.7,21.6,22.25,22.6,0.84,99.81
59,2025-12-07 13:00:00,11.09,3.46,884.0,0.0,63.93,23.6,24.05,24.6,1.08,99.79
59,2025-12-07 14:00:00,10.19,3.44,934.1,0.0,61.35,24.8,25.65,26.2,1.28,99.74
59,2025-12-07 15:00:00,5.15,1.48,420.1,0.0,60.95,26.0,26.08,26.2,1.32,99.69
59,2025-12-07 16:00:00,7.13,1.78,417.8,0.0,57.58,26.3,26.7,27.2,1.49,99.63
59,2025-12-07 17:00:00,8.06,2.28,295.9,0.0,56.2,27.3,27.55,28.1,1.62,99.56
59,2025-12-07 18:00:00,12.24,3.1,437.3,0.0,49.95,29.0,29.35,29.8,2.05,99.51
59,2025-12-07 19:00:00,15.23,4.22,257.3,0.0,54.23,26.3,28.25,30.1,1.78,99.57
59,2025-12-07 20:00:00,16.99,4.21,98.0,0.0,60.03,24.4,24.95,25.6,1.26,99.61
59,2025-12-07 21:00:00,7.85,2.09,53.9,0.0,64.43,22.1,23.1,23.9,1.01,99.68
59,2025-12-07 22:00:00,3.24,1.15,0.0,0.0,72.7,19.8,20.58,21.4,0.66,99.73
59,2025-12-07 23:00:00,2.16,0.83,0.0,0.0,78.78,18.5,18.98,19.5,0.47,99.79
59,2025-12-08 00:00:00,3.31,0.93,0.0,0.0,81.23,18.1,18.33,18.7,0.4,99.85
59,2025-12-08 01:00:00,4.32,1.33,0.0,0.0,83.18,17.2,17.55,18.0,0.34,99.9
59,2025-12-08 02:00:00,5.47,1.83,0.0,0.0,85.18,16.5,16.68,16.8,0.29,99.91
59,2025-12-08 03:00:00,5.83,1.68,0.0,0.0,86.93,15.8,16.18,16.5,0.24,99.83
59,2025-12-08 04:00:00,2.74,1.38,0.0,0.0,90.43,14.7,14.98,15.3,0.16,99.71
59,2025-12-08 05:00:00,2.41,1.43,0.0,0.0,91.53,14.1,14.2,14.3,0.14,99.64
59,2025-12-08 06:00:00,2.7,1.71,0.0,0.0,93.6,13.5,13.78,14.0,0.1,99.58
59,2025-12-08 07:00:00,2.38,0.96,25.5,0.0,94.4,13.1,13.2,13.3,0.09,99.55
59,2025-12-08 08:00:00,3.49,0.93,213.4,0.0,96.05,13.8,15.23,16.7,0.07,99.54
59,2025-12-08 09:00:00,6.26,1.73,310.3,0.0,87.6,17.7,18.5,19.1,0.27,99.51
59,2025-12-08 10:00:00,6.08,1.77,493.7,0.0,77.8,19.7,20.68,21.4,0.55,99.45
59,2025-12-08 11:00:00,7.92,3.14,713.6,0.0,69.55,22.0,22.63,23.3,0.84,99.4
59,2025-12-08 12:00:00,8.24,2.65,836.8,0.0,66.25,23.7,24.28,24.8,1.03,99.36
59,2025-12-08 13:00:00,9.4,3.01,919.0,0.0,62.98,25.6,26.23,26.5,1.26,99.32
59,2025-12-08 14:00:00,9.0,2.9,921.0,0.0,59.8,26.9,27.38,27.9,1.47,99.28
59,2025-12-08 15:00:00,10.55,2.74,743.5,0.0,54.63,28.3,29.35,29.9,1.86,99.22
59,2025-12-08 16:00:00,12.24,3.23,416.8,0.0,48.78,30.6,31.0,31.3,2.3,99.17
59,2025-12-08 17:00:00,10.84,2.84,308.1,0.0,46.25,31.4,31.88,32.3,2.54,99.12
59,2025-12-08 18:00:00,8.28,1.71,205.9,0.0,45.75,32.2,32.25,32.4,2.62,99.07
59,2025-12-08 19:00:00,5.36,1.4,341.8,0.0,47.93,31.2,31.65,32.6,2.43,99.04
59,2025-12-08 20:00:00,13.07,3.02,145.8,0.0,50.25,28.7,30.03,31.2,2.12,99.09
59,2025-12-08 21:00:00,9.0,3.16,18.7,0.0,52.73,26.3,27.13,28.0,1.7,99.16
59,2025-12-08 22:00:00,10.76,3.44,0.0,0.0,56.13,23.8,24.73,25.7,1.37,99.24
59,2025-12-08 23:00:00,6.77,2.23,0.0,0.0,59.38,21.3,22.3,23.2,1.1,99.33
59,2025-12-09 00:00:00,4.72,1.09,0.0,0.0,64.08,19.3,20.03,20.7,0.84,99.38
59,2025-12-09 01:00:00,4.72,1.09,0.0,0.0,71.9,17.4,17.9,18.6,0.58,99.39
59,2025-12-09 02:00:00,5.94,1.94,0.0,0.0,76.5,16.6,16.98,17.4,0.46,99.36
59,2025-12-09 03:00:00,4.43,1.68,0.0,0.0,79.03,15.6,15.98,16.4,0.38,99.33
59,2025-12-09 04:00:00,4.36,1.2,0.0,0.0,82.25,14.6,14.98,15.3,0.3,99.33
59,2025-12-09 05:00:00,5.33,1.61,0.0,0.0,86.35,13.8,13.95,14.2,0.22,99.34
59,2025-12-09 06:00:00,8.17,1.41,0.0,0.0,89.13,13.0,13.33,13.6,0.17,99.36
59,2025-12-09 07:00:00,6.84,1.64,26.5,0.0,90.88,12.8,12.95,13.2,0.14,99.37
59,2025-12-09 08:00:00,8.68,2.56,174.1,0.0,92.25,13.5,13.95,14.6,0.12,99.39
59,2025-12-09 09:00:00,8.35,2.79,357.5,0.0,87.5,15.3,16.13,17.0,0.23,99.43
59,2025-12-09 10:00:00,10.8,2.37,559.8,0.0,78.9,17.3,17.95,18.5,0.44,99.48
59,2025-12-09 11:00:00,11.27,3.1,502.8,0.0,74.4,18.8,19.03,19.2,0.56,99.5
59,2025-12-09 12:00:00,10.44,3.25,839.8,0.0,69.58,19.5,20.55,21.3,0.74,99.47
59,2025-12-09 13:00:00,11.38,3.86,892.5,0.0,64.55,21.7,22.13,22.8,0.95,99.44
59,2025-12-09 14:00:00,12.78,3.76,929.4,0.0,62.23,23.1,23.53,23.7,1.09,99.38
59,2025-12-09 15:00:00,14.36,3.86,921.8,0.0,59.6,24.0,24.73,25.2,1.26,99.3
59,2025-12-09 16:00:00,12.46,4.38,898.5,0.0,54.28,25.9,26.4,26.8,1.58,99.25
59,2025-12-09 17:00:00,13.21,4.53,748.0,0.0,49.9,26.9,27.53,28.2,1.84,99.19
59,2025-12-09 18:00:00,13.1,4.2,554.1,0.0,48.2,28.1,28.33,28.6,2.0,99.17
59,2025-12-09 19:00:00,12.78,2.98,273.9,0.0,42.2,28.4,28.83,29.1,2.29,99.14
59,2025-12-09 20:00:00,8.89,3.31,207.3,0.0,46.23,26.6,27.38,28.2,1.96,99.17
59,2025-12-09 21:00:00,13.93,4.13,20.7,0.0,53.58,22.8,24.28,25.8,1.42,99.24
59,2025-12-09 22:00:00,9.47,2.07,0.3,0.0,63.78,19.2,20.53,21.9,0.88,99.33
59,2025-12-09 23:00:00,4.61,0.87,0.0,0.0,72.33,17.1,17.78,18.5,0.56,99.43
59,2025-12-10 00:00:00,4.5,1.02,0.0,0.0,78.45,15.8,16.2,16.6,0.4,99.42
59,2025-12-10 01:00:00,2.92,1.24,0.0,0.0,83.08,14.6,15.05,15.5,0.29,99.38
59,2025-12-10 02:00:00,1.69,0.86,0.0,0.0,86.98,13.5,13.83,14.0,0.21,99.33
59,2025-12-10 03:00:00,2.41,1.12,0.0,0.0,89.55,13.0,13.25,13.4,0.16,99.3
59,2025-12-10 04:00:00,2.56,1.68,0.0,0.0,91.15,12.8,13.0,13.2,0.13,99.31
59,2025-12-10 05:00:00,2.56,1.48,0.0,0.0,92.7,12.1,12.33,12.6,0.1,99.32
59,2025-12-10 06:00:00,2.74,1.25,0.0,0.0,93.4,11.7,11.98,12.2,0.09,99.36
59,2025-12-10 07:00:00,2.23,0.91,16.3,0.0,94.33,12.4,12.43,12.5,0.08,99.41
59,2025-12-10 08:00:00,4.68,1.27,51.1,0.0,93.55,12.8,13.35,13.8,0.1,99.45
59,2025-12-10 09:00:00,4.25,1.49,156.2,0.0,91.63,14.1,14.38,14.8,0.14,99.46
59,2025-12-10 10:00:00,5.18,1.55,226.7,0.0,86.83,15.2,15.98,16.5,0.24,99.48
59,2025-12-10 11:00:00,6.08,2.11,280.1,0.0,82.4,16.8,17.08,17.3,0.35,99.44
59,2025-12-10 12:00:00,8.53,2.85,784.2,0.0,79.43,17.6,18.5,19.6,0.44,99.41
59,2025-12-10 13:00:00,9.76,3.3,893.5,0.0,71.2,20.4,21.18,22.0,0.73,99.36
59,2025-12-10 14:00:00,8.57,2.67,926.9,0.0,63.2,22.8,23.83,24.8,1.09,99.3
59,2025-12-10 15:00:00,8.06,2.13,922.7,0.0,60.45,24.8,25.4,25.9,1.29,99.24
59,2025-12-10 16:00:00,10.51,2.49,870.7,0.0,56.5,26.3,26.9,27.5,1.55,99.19
59,2025-12-10 17:00:00,9.4,2.56,752.8,0.0,53.43,27.8,28.03,28.3,1.76,99.15
59,2025-12-10 18:00:00,10.94,2.72,464.8,0.0,51.58,27.4,27.8,28.1,1.81,99.13
59,2025-12-10 19:00:00,24.05,6.65,327.5,0.0,56.43,26.3,26.95,27.9,1.55,99.14
59,2025-12-10 20:00:00,20.59,7.57,255.9,0.0,58.45,24.1,25.1,26.0,1.33,99.18
59,2025-12-10 21:00:00,14.76,5.62,27.9,0.0,61.05,21.0,22.08,23.2,1.04,99.25
59,2025-12-10 22:00:00,8.46,2.11,0.2,0.0,67.88,18.4,19.28,20.3,0.72,99.33
59,2025-12-10 23:00:00,8.35,1.35,0.0,0.0,74.1,16.3,17.13,18.0,0.51,99.39
59,2025-12-11 00:00:00,2.99,0.78,0.0,0.0,80.15,14.8,15.38,15.9,0.35,99.41
59,2025-12-11 01:00:00,2.95,1.43,0.0,0.0,84.4,14.1,14.4,14.7,0.26,99.36
59,2025-12-11 02:00:00,3.2,1.65,0.0,0.0,88.35,13.4,13.63,14.0,0.18,99.29
59,2025-12-11 03:00:00,3.46,1.66,0.0,0.0,88.98,13.2,13.35,13.5,0.17,99.23
59,2025-12-11 04:00:00,3.35,1.92,0.0,0.0,89.88,12.8,12.98,13.1,0.15,99.26
59,2025-12-11 05:00:00,3.56,1.16,0.0,0.0,90.98,13.4,13.53,13.7,0.14,99.3
59,2025-12-11 06:00:00,4.36,1.54,0.0,0.0,90.43,13.4,13.75,14.0,0.15,99.32
59,2025-12-11 07:00:00,5.26,1.82,9.3,0.0,88.63,14.1,14.3,14.5,0.19,99.36
59,2025-12-11 08:00:00,6.88,1.97,51.0,0.0,86.65,14.6,14.8,15.0,0.23,99.41
59,2025-12-11 09:00:00,9.04,2.39,112.3,0.0,84.7,15.1,15.48,15.8,0.27,99.46
59,2025-12-11 10:00:00,9.25,3.07,244.3,0.0,82.88,16.0,16.28,16.7,0.32,99.51
59,2025-12-11 11:00:00,9.11,2.83,292.1,0.0,80.98,16.8,17.25,17.6,0.37,99.52
59,2025-12-11 12:00:00,9.4,2.77,406.9,0.0,77.83,18.1,18.58,19.0,0.48,99.5
59,2025-12-11 13:00:00,7.31,2.65,471.9,0.0,73.08,19.6,20.03,20.5,0.63,99.49
59,2025-12-11 14:00:00,8.17,2.53,630.1,0.0,68.8,20.8,21.28,21.8,0.79,99.48
59,2025-12-11 15:00:00,8.82,2.76,835.7,0.0,65.38,22.1,22.65,23.5,0.96,99.46
59,2025-12-11 16:00:00,10.69,2.59,934.3,0.0,63.25,23.8,24.05,24.4,1.1,99.43
59,2025-12-11 17:00:00,7.49,2.19,745.1,0.0,62.45,24.0,24.7,25.3,1.17,99.39
59,2025-12-11 18:00:00,11.7,2.26,524.6,0.0,61.1,25.0,25.65,26.2,1.28,99.35
59,2025-12-11 19:00:00,11.16,3.84,471.7,0.0,61.8,24.9,25.78,26.2,1.27,99.36
59,2025-12-11 20:00:00,9.14,3.95,67.8,0.0,60.7,24.2,24.33,24.5,1.2,99.39
59,2025-12-11 21:00:00,16.74,5.01,41.8,0.0,66.18,20.6,22.0,23.6,0.9,99.43
59,2025-12-11 22:00:00,13.36,3.08,0.5,0.0,73.45,18.1,19.08,20.0,0.59,99.51
59,2025-12-11 23:00:00,5.72,1.58,0.0,0.0,81.18,16.1,16.65,17.4,0.36,99.56
59,2025-12-12 00:00:00,3.28,1.62,0.0,0.0,84.58,15.0,15.53,15.9,0.27,99.56
59,2025-12-12 01:00:00,2.48,1.07,0.0,0.0,88.2,13.8,14.2,14.4,0.19,99.57
59,2025-12-12 02:00:00,8.93,1.64,0.0,0.0,87.53,14.8,15.35,15.7,0.22,99.53
59,2025-12-12 03:00:00,5.4,1.08,0.0,0.0,85.25,15.1,15.35,15.6,0.26,99.46
59,2025-12-12 04:00:00,2.77,0.91,0.0,0.0,88.2,13.6,14.2,14.7,0.19,99.43
59,2025-12-12 05:00:00,2.34,1.02,0.0,0.0,90.13,13.0,13.23,13.6,0.15,99.39
59,2025-12-12 06:00:00,3.24,1.0,0.0,0.0,91.5,12.5,12.85,13.0,0.13,99.38
59,2025-12-12 07:00:00,2.41,1.0,24.3,0.0,92.08,11.9,12.0,12.2,0.11,99.37
59,2025-12-12 08:00:00,4.25,0.9,170.9,0.0,93.7,12.6,13.88,15.2,0.1,99.38
59,2025-12-12 09:00:00,8.82,2.76,352.6,0.0,87.03,15.6,16.23,17.0,0.24,99.4
59,2025-12-12 10:00:00,8.14,2.63,530.1,0.0,76.23,17.4,18.0,18.7,0.5,99.4
59,2025-12-12 11:00:00,10.22,2.67,691.7,0.0,70.48,19.5,19.98,20.4,0.69,99.37
59,2025-12-12 12:00:00,12.06,3.74,817.9,0.0,68.85,20.6,21.3,21.9,0.79,99.34
59,2025-12-12 13:00:00,15.7,4.66,896.1,0.0,64.38,23.1,23.48,23.8,1.03,99.31
59,2025-12-12 14:00:00,12.85,3.7,941.8,0.0,61.25,24.0,24.8,25.4,1.22,99.26
59,2025-12-12 15:00:00,13.32,4.29,950.7,0.0,56.2,25.9,26.2,26.8,1.49,99.22
59,2025-12-12 16:00:00,13.61,4.65,907.1,0.0,51.75,26.9,27.55,28.1,1.78,99.16
59,2025-12-12 17:00:00,18.14,5.55,779.1,0.0,49.43,28.0,28.13,28.3,1.93,99.1
59,2025-12-12 18:00:00,16.38,5.51,598.1,0.0,48.48,27.8,28.03,28.3,1.95,99.07
59,2025-12-12 19:00:00,20.56,8.7,464.3,0.0,45.08,26.8,27.23,27.7,1.98,99.06
59,2025-12-12 20:00:00,18.11,7.66,278.3,0.0,45.0,24.6,25.6,26.4,1.81,99.11
59,2025-12-12 21:00:00,18.72,5.65,19.7,0.0,50.3,21.4,22.48,23.6,1.36,99.21
59,2025-12-12 22:00:00,11.23,3.27,0.3,0.0,60.88,18.8,19.7,20.6,0.9,99.33
59,2025-12-12 23:00:00,5.11,1.24,0.0,0.0,67.33,16.6,17.6,18.5,0.66,99.43
59,2025-12-13 00:00:00,5.87,2.01,0.0,0.0,75.28,15.3,15.88,16.3,0.45,99.46
59,2025-12-13 01:00:00,6.34,1.25,0.0,0.0,83.25,13.6,14.15,14.8,0.27,99.43
59,2025-12-13 02:00:00,2.45,1.16,0.0,0.0,87.7,13.0,13.15,13.3,0.19,99.36
59,2025-12-13 03:00:00,2.77,1.54,0.0,0.0,90.3,12.5,12.75,13.0,0.14,99.29
59,2025-12-13 04:00:00,2.34,1.03,0.0,0.0,91.93,12.3,12.45,12.5,0.12,99.23
59,2025-12-13 05:00:00,5.36,1.0,0.0,0.0,91.7,12.9,13.45,13.9,0.13,99.21
59,2025-12-13 06:00:00,3.1,0.71,0.0,0.0,90.73,13.8,14.03,14.2,0.15,99.2
59,2025-12-13 07:00:00,3.82,1.02,11.1,0.0,88.93,14.4,14.55,14.7,0.18,99.23
59,2025-12-13 08:00:00,5.44,1.41,32.7,0.0,88.35,14.8,15.0,15.2,0.2,99.27
59,2025-12-13 09:00:00,5.83,1.96,131.7,0.0,88.63,14.9,15.18,15.6,0.2,99.32
59,2025-12-13 10:00:00,7.38,1.95,273.3,0.0,83.3,15.9,16.28,16.7,0.31,99.34
59,2025-12-13 11:00:00,9.9,2.56,392.6,0.0,79.05,17.4,17.75,18.0,0.43,99.34
59,2025-12-13 12:00:00,8.24,2.04,331.1,0.0,76.88,17.4,17.83,18.2,0.47,99.4
59,2025-12-13 13:00:00,7.45,2.04,182.9,0.0,77.8,17.2,17.28,17.3,0.44,99.44
59,2025-12-13 14:00:00,10.44,2.85,238.6,0.0,75.3,17.7,17.95,18.2,0.51,99.45
59,2025-12-13 15:00:00,9.43,2.71,411.8,0.0,72.05,18.2,18.45,18.8,0.59,99.43
59,2025-12-13 16:00:00,8.89,2.59,504.1,0.0,67.2,19.5,19.85,20.1,0.76,99.4
59,2025-12-13 17:00:00,8.75,2.76,424.4,0.0,66.53,20.0,20.28,20.6,0.8,99.37
59,2025-12-13 18:00:00,9.0,2.85,227.0,0.0,67.8,19.6,19.7,19.8,0.74,99.37
59,2025-12-13 19:00:00,6.73,2.07,162.4,0.0,67.63,19.6,19.6,19.6,0.74,99.36
59,2025-12-13 20:00:00,4.43,1.42,111.9,0.0,68.18,19.2,19.38,19.5,0.72,99.38
59,2025-12-13 21:00:00,7.06,1.32,7.3,0.0,71.93,18.1,18.63,19.1,0.6,99.43
59,2025-12-13 22:00:00,6.26,1.5,0.0,0.0,73.78,17.3,17.63,17.9,0.53,99.49
59,2025-12-13 23:00:00,4.43,1.42,0.0,0.0,74.95,16.8,17.08,17.3,0.49,99.57
59,2025-12-14 00:00:00,4.32,1.25,0.0,0.0,68.73,16.1,16.33,16.6,0.58,99.62
59,2025-12-14 01:00:00,3.89,1.1,0.0,0.0,64.05,15.3,15.65,16.0,0.64,99.63
59,2025-12-14 02:00:00,5.36,1.23,0.0,0.0,64.33,15.1,15.13,15.2,0.62,99.59
59,2025-12-14 03:00:00,6.7,1.75,0.0,0.0,61.63,14.9,15.1,15.2,0.66,99.57
59,2025-12-14 04:00:00,6.84,1.54,0.0,0.0,62.18,14.4,14.63,14.8,0.63,99.56
59,2025-12-14 05:00:00,8.32,1.27,0.0,0.0,66.05,12.9,13.53,14.2,0.53,99.57
59,2025-12-14 06:00:00,3.49,0.99,0.0,0.0,71.8,11.8,12.18,12.6,0.4,99.61
59,2025-12-14 07:00:00,3.06,0.99,10.3,0.0,76.5,10.8,11.25,11.6,0.32,99.66
59,2025-12-14 08:00:00,5.76,1.5,157.5,0.0,76.35,10.7,12.0,13.1,0.33,99.72
59,2025-12-14 09:00:00,8.78,2.29,360.5,0.0,70.03,13.6,14.33,15.0,0.49,99.77
59,2025-12-14 10:00:00,12.49,3.11,532.7,0.0,68.25,14.8,15.53,16.1,0.56,99.8
59,2025-12-14 11:00:00,9.65,2.95,713.4,0.0,65.53,16.7,17.25,17.7,0.68,99.81
59,2025-12-14 12:00:00,13.5,3.11,841.6,0.0,59.73,18.4,19.53,20.4,0.92,99.8
59,2025-12-14 13:00:00,14.58,3.74,925.5,0.0,53.4,20.7,21.18,21.7,1.17,99.8
59,2025-12-14 14:00:00,13.43,3.23,971.2,0.0,50.5,21.5,21.93,22.4,1.31,99.81
59,2025-12-14 15:00:00,11.66,3.65,948.4,0.0,47.8,21.7,22.03,22.5,1.38,99.8
59,2025-12-14 16:00:00,14.33,3.66,898.9,0.0,43.65,22.7,22.98,23.3,1.58,99.79
59,2025-12-14 17:00:00,12.2,2.79,798.3,0.0,40.43,23.4,23.75,24.1,1.76,99.78
59,2025-12-14 18:00:00,13.07,2.75,652.5,0.0,36.75,23.6,23.88,24.3,1.88,99.77
59,2025-12-14 19:00:00,7.96,2.09,419.5,0.0,33.63,24.0,24.05,24.1,1.99,99.78
59,2025-12-14 20:00:00,6.62,1.84,106.5,0.0,35.38,21.9,22.98,23.8,1.82,99.82
59,2025-12-14 21:00:00,5.54,1.28,19.4,0.0,43.55,18.4,19.75,21.1,1.31,99.9
59,2025-12-14 22:00:00,5.08,1.05,0.7,0.0,53.33,16.0,16.65,17.6,0.89,100.01
59,2025-12-14 23:00:00,5.22,1.4,0.0,0.0,60.78,15.2,15.65,16.1,0.7,100.09
59,2025-12-15 00:00:00,5.87,1.52,0.0,0.0,64.8,13.7,14.18,14.6,0.57,100.15
59,2025-12-15 01:00:00,5.15,1.64,0.0,0.0,69.05,13.0,13.13,13.4,0.47,100.17
59,2025-12-15 02:00:00,7.74,1.44,0.0,0.0,71.15,12.2,12.58,13.0,0.42,100.17
59,2025-12-15 03:00:00,4.82,1.4,0.0,0.0,74.93,11.4,11.58,11.9,0.35,100.14
59,2025-12-15 04:00:00,8.78,1.53,0.0,0.0,76.95,10.7,10.88,11.1,0.3,100.14
59,2025-12-15 05:00:00,2.2,1.07,0.0,0.0,81.05,9.0,9.65,10.3,0.23,100.13
59,2025-12-15 06:00:00,2.48,1.13,0.0,0.0,85.5,8.2,8.38,8.7,0.16,100.12
59,2025-12-15 07:00:00,2.16,1.14,15.3,0.0,87.5,7.6,7.85,8.0,0.14,100.13
59,2025-12-15 08:00:00,6.52,1.76,177.7,0.0,85.88,8.4,10.4,12.1,0.18,100.19
59,2025-12-15 09:00:00,10.12,2.07,358.3,0.0,74.2,13.1,13.98,14.6,0.41,100.23
59,2025-12-15 10:00:00,9.68,2.42,543.7,0.0,68.1,15.2,16.28,17.4,0.59,100.23
59,2025-12-15 11:00:00,14.11,2.93,705.7,0.0,62.05,17.5,18.7,19.4,0.82,100.17
59,2025-12-15 12:00:00,11.16,2.74,831.6,0.0,54.2,20.5,21.1,21.5,1.15,100.13
59,2025-12-15 13:00:00,14.36,3.08,910.7,0.0,49.83,22.0,22.7,23.7,1.39,100.09
59,2025-12-15 14:00:00,15.01,3.2,937.3,0.0,46.03,23.9,24.15,24.4,1.63,100.05
59,2025-12-15 15:00:00,12.2,3.11,933.6,0.0,41.03,24.8,25.2,25.7,1.89,100.0
59,2025-12-15 16:00:00,15.16,3.35,890.1,0.0,35.65,25.8,26.18,26.6,2.19,99.96
59,2025-12-15 17:00:00,10.8,2.92,792.9,0.0,36.05,26.5,26.6,26.8,2.23,99.93
59,2025-12-15 18:00:00,9.94,2.8,647.1,0.0,39.03,26.4,26.55,26.9,2.12,99.88
59,2025-12-15 19:00:00,9.68,2.33,469.5,0.0,41.7,25.4,25.63,26.0,1.92,99.88
59,2025-12-15 20:00:00,10.01,2.24,263.4,0.0,42.93,23.9,24.55,25.1,1.76,99.88
59,2025-12-15 21:00:00,6.12,1.64,19.1,0.0,48.03,21.4,22.35,23.2,1.41,99.91
59,2025-12-15 22:00:00,7.81,1.6,0.9,0.0,51.98,19.8,20.28,20.8,1.14,99.96
59,2025-12-15 23:00:00,8.82,1.95,0.0,0.0,54.1,18.9,19.3,19.6,1.03,99.98
59,2025-12-16 00:00:00,7.88,1.8,0.0,0.0,57.7,17.5,18.18,19.0,0.89,99.98
59,2025-12-16 01:00:00,6.91,1.32,0.0,0.0,63.73,15.7,16.53,17.2,0.69,99.94
59,2025-12-16 02:00:00,7.63,1.42,0.0,0.0,68.95,15.0,15.28,15.5,0.54,99.88
59,2025-12-16 03:00:00,3.6,1.01,0.0,0.0,75.75,13.4,13.93,14.5,0.39,99.81
59,2025-12-16 04:00:00,4.75,1.01,0.0,0.0,81.43,12.3,12.58,13.0,0.27,99.74
59,2025-12-16 05:00:00,3.85,1.02,0.0,0.0,84.0,11.9,12.15,12.3,0.23,99.69
59,2025-12-16 06:00:00,3.06,0.92,0.0,0.0,87.58,10.8,11.25,11.7,0.17,99.63
59,2025-12-16 07:00:00,2.66,0.98,25.9,0.0,89.98,10.2,10.4,10.8,0.13,99.58
59,2025-12-16 08:00:00,11.56,1.33,159.6,0.0,90.3,11.3,12.93,14.1,0.15,99.55
59,2025-12-16 09:00:00,10.87,2.69,179.6,0.0,82.23,14.5,14.63,14.8,0.3,99.53
59,2025-12-16 10:00:00,8.82,2.41,551.9,0.0,75.98,15.2,16.78,18.3,0.47,99.45
59,2025-12-16 11:00:00,11.05,2.74,708.9,0.0,68.18,18.8,19.5,20.1,0.72,99.37
59,2025-12-16 12:00:00,16.38,2.92,836.5,0.0,64.13,20.8,21.4,22.0,0.92,99.31
59,2025-12-16 13:00:00,13.57,3.02,917.0,0.0,59.63,22.3,23.08,23.7,1.14,99.23
59,2025-12-16 14:00:00,15.7,3.21,938.9,0.0,55.13,24.1,24.98,25.6,1.42,99.15
59,2025-12-16 15:00:00,12.31,3.43,935.5,0.0,51.15,26.2,26.9,27.6,1.74,99.08
59,2025-12-16 16:00:00,16.88,3.71,888.3,0.0,46.7,27.8,28.35,29.0,2.06,99.06
59,2025-12-16 17:00:00,12.31,3.6,790.5,0.0,44.4,29.0,29.35,29.7,2.27,99.02
59,2025-12-16 18:00:00,16.2,3.59,649.7,0.0,42.05,29.8,29.8,29.8,2.43,98.97
59,2025-12-16 19:00:00,12.6,2.77,480.6,0.0,40.63,29.4,29.78,30.0,2.49,98.95
59,2025-12-16 20:00:00,6.19,1.48,289.3,0.0,41.8,28.0,28.98,29.6,2.33,98.95
59,2025-12-16 21:00:00,2.02,0.68,25.9,0.0,50.95,24.4,25.68,27.0,1.62,98.97
59,2025-12-16 22:00:00,1.8,0.86,0.5,0.0,57.73,21.9,22.75,23.8,1.17,99.03
59,2025-12-16 23:00:00,2.74,0.73,0.0,0.0,59.85,20.5,21.1,21.4,1.01,99.09
59,2025-12-17 00:00:00,3.96,0.99,0.0,0.0,61.55,20.1,20.25,20.4,0.91,99.14
59,2025-12-17 01:00:00,5.62,1.42,0.0,0.0,66.2,19.3,19.75,20.0,0.78,99.17
59,2025-12-17 02:00:00,7.96,1.58,0.0,0.0,70.4,17.8,18.5,19.2,0.63,99.21
59,2025-12-17 03:00:00,7.6,1.32,0.0,0.0,74.6,16.4,17.0,17.5,0.49,99.22
59,2025-12-17 04:00:00,3.17,0.76,0.0,0.0,80.5,14.6,15.25,15.9,0.34,99.23
59,2025-12-17 05:00:00,2.02,0.95,0.0,0.0,84.9,13.7,13.98,14.4,0.24,99.25
59,2025-12-17 06:00:00,2.02,0.93,0.0,0.0,87.8,12.6,13.05,13.5,0.18,99.29
59,2025-12-17 07:00:00,1.69,0.99,29.9,0.0,89.7,12.4,12.55,12.7,0.15,99.37
59,2025-12-17 08:00:00,2.59,0.62,126.9,0.0,90.7,12.7,13.7,15.1,0.15,99.43
59,2025-12-17 09:00:00,5.18,1.69,349.5,0.0,79.33,15.8,17.35,18.6,0.42,99.48
59,2025-12-17 10:00:00,10.37,2.61,531.3,0.0,71.05,18.9,19.28,20.1,0.65,99.51
59,2025-12-17 11:00:00,12.71,3.5,692.8,0.0,69.63,20.1,20.43,21.0,0.73,99.53
59,2025-12-17 12:00:00,11.16,3.58,818.9,0.0,67.05,21.2,21.63,22.1,0.85,99.54
59,2025-12-17 22:00:00,2.12,0.63,5.5,0.0,55.34,20.0,21.48,23.2,1.15,99.37
59,2025-12-17 23:00:00,5.29,1.23,0.0,0.0,53.63,20.4,20.95,21.2,1.15,99.42
59,2025-12-18 00:00:00,9.54,1.2,0.0,0.0,57.43,19.3,20.28,21.0,1.02,99.44
59,2025-12-18 01:00:00,4.5,1.18,0.0,0.0,62.18,18.4,18.73,18.9,0.82,99.43
59,2025-12-18 02:00:00,5.54,1.48,0.0,0.0,65.13,17.6,18.0,18.2,0.72,99.38
59,2025-12-18 03:00:00,5.47,1.14,0.0,0.0,71.45,15.9,16.53,17.2,0.54,99.33
59,2025-12-18 04:00:00,2.27,0.72,0.0,0.0,79.73,14.0,14.45,15.1,0.34,99.29
59,2025-12-18 05:00:00,2.3,0.88,0.0,0.0,83.3,13.3,13.58,13.9,0.26,99.25
59,2025-12-18 06:00:00,1.94,0.93,0.0,0.0,86.58,12.4,12.68,13.1,0.2,99.25
59,2025-12-18 07:00:00,2.2,1.07,23.7,0.0,90.28,11.7,11.88,12.0,0.14,99.27
59,2025-12-18 08:00:00,4.32,0.85,164.9,0.0,90.18,12.1,13.98,15.9,0.16,99.32
59,2025-12-18 09:00:00,6.34,1.86,375.1,0.0,81.23,16.8,17.33,17.6,0.37,99.33
59,2025-12-18 10:00:00,5.98,1.88,535.8,0.0,74.13,18.3,18.8,19.2,0.56,99.33
59,2025-12-18 11:00:00,9.72,2.82,699.0,0.0,70.5,19.9,20.33,21.0,0.7,99.3
59,2025-12-18 12:00:00,9.9,2.73,827.7,0.0,67.43,21.3,22.18,22.8,0.87,99.28
59,2025-12-18 13:00:00,11.38,3.89,910.7,0.0,61.33,23.1,23.93,24.5,1.15,99.28
59,2025-12-18 14:00:00,11.88,2.95,938.1,0.0,54.88,25.3,25.85,26.7,1.51,99.26
59,2025-12-18 15:00:00,15.91,3.05,937.3,0.0,49.58,26.8,27.53,28.2,1.86,99.2
59,2025-12-18 16:00:00,10.22,2.8,888.2,0.0,45.9,28.3,28.8,29.1,2.14,99.15
59,2025-12-18 17:00:00,8.96,1.93,796.1,0.0,40.35,29.2,29.43,29.6,2.45,99.08
59,2025-12-18 18:00:00,4.46,1.58,654.0,0.0,38.9,29.6,29.6,29.6,2.53,99.03
59,2025-12-18 22:00:00,7.88,1.7,6.1,0.0,56.16,20.8,22.92,25.0,1.24,99.07
59,2025-12-18 23:00:00,7.96,1.98,0.0,0.0,65.8,19.1,19.4,20.1,0.77,99.15
59,2025-12-19 00:00:00,6.48,1.55,0.0,0.0,63.38,17.7,18.35,18.9,0.77,99.21
59,2025-12-19 01:00:00,4.03,1.25,0.0,0.0,68.4,16.4,16.78,17.2,0.61,99.22
59,2025-12-19 02:00:00,5.22,1.78,0.0,0.0,71.3,15.7,16.0,16.2,0.52,99.2
59,2025-12-19 03:00:00,6.05,1.56,0.0,0.0,73.73,15.0,15.3,15.6,0.46,99.18
59,2025-12-19 04:00:00,4.28,1.45,0.0,0.0,78.4,13.9,14.25,14.7,0.35,99.18
59,2025-12-19 05:00:00,7.6,2.21,0.0,0.0,81.83,13.3,13.65,13.9,0.28,99.18
59,2025-12-19 06:00:00,7.92,2.1,0.0,0.0,85.93,12.7,12.88,13.1,0.21,99.2
59,2025-12-19 07:00:00,7.96,2.87,22.7,0.0,88.83,12.4,12.5,12.6,0.16,99.25
59,2025-12-19 08:00:00,9.94,3.34,166.8,0.0,89.05,12.8,13.75,14.8,0.17,99.29
59,2025-12-19 09:00:00,12.6,4.74,346.5,0.0,83.3,15.4,16.13,16.9,0.31,99.31
59,2025-12-19 10:00:00,15.77,5.62,537.3,0.0,76.15,17.3,17.88,18.3,0.49,99.33
59,2025-12-19 11:00:00,19.19,5.57,703.5,0.0,68.18,18.8,19.6,20.8,0.73,99.35
59,2025-12-19 12:00:00,16.7,5.27,831.8,0.0,63.13,21.1,21.85,22.6,0.97,99.36
59,2025-12-19 13:00:00,19.19,5.91,904.7,0.0,59.7,22.9,23.35,23.7,1.16,99.39
59,2025-12-19 14:00:00,15.3,5.46,914.8,0.0,56.88,24.2,24.35,24.5,1.32,99.38
59,2025-12-19 15:00:00,15.91,5.47,982.3,0.0,51.7,25.1,25.38,25.7,1.57,99.34
59,2025-12-19 16:00:00,12.96,5.42,892.3,0.0,46.6,25.7,26.4,26.8,1.84,99.3
59,2025-12-19 17:00:00,14.94,5.53,810.9,0.0,44.55,26.8,26.9,27.0,1.97,99.26
59,2025-12-19 18:00:00,22.61,5.83,639.3,0.0,42.53,27.0,27.08,27.1,2.06,99.22
59,2025-12-19 19:00:00,17.21,7.37,498.1,0.0,45.3,26.0,26.38,27.0,1.88,99.2
59,2025-12-19 20:00:00,18.18,6.42,270.3,0.0,48.43,23.6,24.6,25.6,1.6,99.24
59,2025-12-19 21:00:00,14.26,5.26,62.4,0.0,52.05,21.4,22.33,23.1,1.29,99.32
59,2025-12-19 22:00:00,11.63,3.04,3.6,0.0,59.33,18.6,19.45,20.5,0.92,99.43
59,2025-12-19 23:00:00,9.04,2.83,0.0,0.0,66.23,16.3,17.18,18.0,0.66,99.51
59,2025-12-20 00:00:00,4.64,1.32,0.0,0.0,76.05,14.6,15.03,15.6,0.41,99.55
59,2025-12-20 01:00:00,6.73,1.29,0.0,0.0,80.9,13.5,14.08,14.5,0.31,99.54
59,2025-12-20 02:00:00,4.1,1.52,0.0,0.0,84.73,12.8,13.08,13.2,0.23,99.51
59,2025-12-20 03:00:00,3.17,1.52,0.0,0.0,87.73,12.5,12.58,12.6,0.18,99.48
59,2025-12-20 04:00:00,3.35,1.93,0.0,0.0,88.68,12.0,12.23,12.4,0.16,99.44
59,2025-12-20 05:00:00,2.59,1.09,0.0,0.0,91.05,10.9,11.3,11.8,0.12,99.39
59,2025-12-20 06:00:00,3.02,1.44,0.0,0.0,92.65,10.3,10.53,10.8,0.09,99.4
59,2025-12-20 07:00:00,2.95,1.71,21.5,0.02,93.73,10.2,10.28,10.4,0.08,99.42
59,2025-12-20 08:00:00,6.12,1.6,155.9,0.04,95.68,10.7,12.03,13.2,0.06,99.48
59,2025-12-20 09:00:00,8.14,2.03,278.4,0.0,88.03,14.1,14.9,15.3,0.21,99.56
59,2025-12-20 10:00:00,9.94,3.18,269.8,0.0,79.88,15.4,15.78,16.2,0.36,99.61
59,2025-12-20 11:00:00,14.51,3.88,272.1,0.0,74.8,16.4,16.75,17.0,0.48,99.62
59,2025-12-20 12:00:00,14.15,4.19,516.3,0.0,71.1,17.1,17.85,18.8,0.59,99.63
59,2025-12-20 13:00:00,17.21,5.22,708.3,0.0,65.73,19.0,19.35,19.9,0.77,99.65
59,2025-12-20 14:00:00,15.37,3.94,349.7,0.0,65.78,18.9,18.95,19.1,0.75,99.68
59,2025-12-20 15:00:00,16.27,4.9,465.1,0.0,64.6,18.9,19.28,19.9,0.79,99.67
59,2025-12-20 16:00:00,14.94,5.06,313.9,0.0,63.58,19.6,19.73,19.9,0.84,99.66
59,2025-12-20 17:00:00,11.27,3.54,290.6,0.0,63.68,19.8,19.98,20.1,0.85,99.66
59,2025-12-20 18:00:00,9.43,3.85,260.9,0.0,62.78,20.2,20.28,20.4,0.89,99.63
59,2025-12-20 19:00:00,12.1,4.21,180.7,0.0,62.43,20.0,20.13,20.2,0.89,99.62
59,2025-12-20 20:00:00,10.15,3.21,155.3,0.0,62.55,19.7,19.98,20.4,0.88,99.63
59,2025-12-20 21:00:00,11.52,3.92,38.2,0.0,64.33,18.4,18.85,19.4,0.78,99.68
59,2025-12-20 22:00:00,6.88,2.18,2.2,0.0,67.23,17.0,17.68,18.2,0.66,99.71
59,2025-12-20 23:00:00,2.23,0.87,0.0,0.0,75.33,16.0,16.3,16.6,0.46,99.73
59,2025-12-21 00:00:00,6.16,1.66,0.0,0.0,75.38,16.0,16.08,16.2,0.45,99.75
59,2025-12-21 01:00:00,2.74,0.94,0.0,0.0,76.75,15.5,15.63,15.7,0.42,99.75
59,2025-12-21 02:00:00,2.66,1.0,0.0,0.0,81.13,14.8,14.98,15.3,0.32,99.73
59,2025-12-21 03:00:00,3.28,1.8,0.0,0.0,85.8,13.2,13.93,14.6,0.23,99.72
59,2025-12-21 04:00:00,3.53,1.9,0.0,0.0,89.55,12.1,12.4,12.8,0.15,99.67
59,2025-12-21 05:00:00,3.17,1.61,0.0,0.0,90.63,11.6,11.9,12.3,0.13,99.66
59,2025-12-21 06:00:00,2.74,1.09,0.0,0.0,92.23,11.4,11.55,11.8,0.11,99.68
59,2025-12-21 07:00:00,3.96,1.7,19.5,0.0,92.43,11.4,11.48,11.6,0.1,99.7
59,2025-12-21 08:00:00,4.61,1.62,163.5,0.0,92.23,11.3,12.78,14.6,0.12,99.72
59,2025-12-21 09:00:00,4.79,1.46,346.5,0.0,84.33,15.2,16.3,17.1,0.3,99.73
59,2025-12-21 10:00:00,9.0,2.63,528.5,0.0,70.4,18.5,18.85,19.2,0.65,99.72
59,2025-12-21 11:00:00,9.79,2.79,690.1,0.0,65.0,19.7,20.28,21.0,0.83,99.71
59,2025-12-21 12:00:00,11.45,3.66,819.3,0.0,60.7,21.1,21.35,21.8,1.0,99.7
59,2025-12-21 13:00:00,9.94,3.12,894.6,0.0,56.23,21.9,22.53,23.0,1.2,99.68
59,2025-12-21 14:00:00,12.85,3.19,1008.5,0.0,54.2,22.7,23.53,23.9,1.33,99.66
59,2025-12-21 15:00:00,9.4,2.55,1008.1,0.0,51.13,24.5,24.8,25.1,1.53,99.61
59,2025-12-21 16:00:00,11.63,3.37,920.0,0.0,51.6,24.6,24.98,25.8,1.53,99.57
59,2025-12-21 17:00:00,10.26,2.34,815.0,0.0,50.98,24.8,25.58,26.1,1.61,99.52
59,2025-12-21 18:00:00,15.41,3.37,679.6,0.0,51.03,25.9,26.15,26.4,1.66,99.45
59,2025-12-21 19:00:00,11.59,3.1,502.1,0.0,52.28,25.1,25.48,25.8,1.56,99.42
59,2025-12-21 20:00:00,11.48,2.28,303.1,0.0,53.88,23.8,24.4,24.8,1.41,99.45
59,2025-12-21 21:00:00,4.75,1.32,22.9,0.0,57.1,21.1,22.18,23.2,1.15,99.5
59,2025-12-21 22:00:00,4.18,1.06,1.6,0.0,64.6,19.0,19.73,20.5,0.82,99.54
59,2025-12-21 23:00:00,2.38,0.81,0.0,0.0,72.28,16.8,17.63,18.5,0.56,99.59
59,2025-12-22 00:00:00,4.0,0.89,0.0,0.0,73.4,15.8,16.35,16.6,0.5,99.63
59,2025-12-22 01:00:00,2.84,0.78,0.0,0.0,73.9,14.2,14.8,15.4,0.44,99.63
59,2025-12-22 02:00:00,2.66,0.75,0.0,0.0,77.7,13.0,13.48,13.9,0.35,99.6
59,2025-12-22 03:00:00,2.27,0.85,0.0,0.0,81.38,12.1,12.5,12.8,0.27,99.57
59,2025-12-22 04:00:00,2.09,0.94,0.0,0.0,84.85,11.4,11.68,11.9,0.21,99.54
59,2025-12-22 05:00:00,2.16,1.01,0.0,0.0,87.55,10.9,10.98,11.2,0.17,99.52
59,2025-12-22 06:00:00,1.87,1.03,0.0,0.0,90.88,10.1,10.23,10.3,0.12,99.56
59,2025-12-22 07:00:00,2.45,1.1,23.4,0.0,92.03,9.7,10.0,10.4,0.1,99.58
59,2025-12-22 08:00:00,4.86,1.42,159.6,0.0,91.3,10.6,12.45,14.2,0.13,99.63
59,2025-12-22 09:00:00,8.86,1.66,334.5,0.0,78.53,15.1,16.05,16.9,0.4,99.67
59,2025-12-22 10:00:00,7.42,2.05,521.3,0.0,71.25,17.1,17.55,18.1,0.58,99.69
59,2025-12-22 11:00:00,12.13,2.99,680.0,0.0,69.15,18.6,19.0,19.5,0.68,99.67
59,2025-12-22 12:00:00,15.01,3.29,816.1,0.0,64.83,20.1,20.95,21.4,0.87,99.66
59,2025-12-22 13:00:00,15.37,3.18,898.7,0.0,61.15,21.9,22.65,23.2,1.07,99.62
59,2025-12-22 14:00:00,15.84,3.74,926.7,0.0,57.65,23.4,24.0,24.6,1.27,99.6
59,2025-12-22 15:00:00,11.84,2.66,924.5,0.0,54.53,24.7,25.18,25.6,1.46,99.57
59,2025-12-22 16:00:00,7.2,2.34,890.9,0.0,50.15,25.7,26.1,26.6,1.69,99.53
59,2025-12-22 17:00:00,9.54,2.42,791.7,0.0,47.7,26.3,26.5,26.6,1.81,99.49
59,2025-12-22 18:00:00,7.56,2.06,649.9,0.0,46.65,26.7,27.0,27.1,1.9,99.46
59,2025-12-22 19:00:00,6.16,1.52,481.7,0.0,47.33,25.9,26.3,27.0,1.8,99.44
59,2025-12-22 20:00:00,15.16,4.57,285.0,0.0,47.45,24.9,25.55,26.0,1.72,99.47
59,2025-12-22 21:00:00,13.5,3.49,23.7,0.0,49.5,21.9,23.15,24.2,1.44,99.54
59,2025-12-22 22:00:00,6.44,1.19,1.6,0.0,56.1,18.6,19.83,21.3,1.02,99.64
59,2025-12-22 23:00:00,3.13,0.79,0.0,0.0,61.5,16.1,16.88,17.8,0.74,99.74
59,2025-12-23 00:00:00,3.67,0.82,0.0,0.0,61.73,14.6,15.23,15.9,0.66,99.79
59,2025-12-23 01:00:00,2.56,0.84,0.0,0.0,67.2,13.2,13.7,14.2,0.52,99.77
59,2025-12-23 02:00:00,1.91,0.8,0.0,0.0,73.78,12.0,12.35,12.7,0.38,99.76
59,2025-12-23 03:00:00,3.2,0.96,0.0,0.0,78.03,11.4,11.78,12.0,0.31,99.71
59,2025-12-23 04:00:00,2.2,0.94,0.0,0.0,83.1,11.0,11.03,11.1,0.23,99.66
59,2025-12-23 05:00:00,2.02,0.95,0.0,0.0,88.15,9.9,10.18,10.6,0.15,99.63
59,2025-12-23 06:00:00,3.1,1.42,0.0,0.0,90.6,9.4,9.63,9.8,0.12,99.62
59,2025-12-23 07:00:00,3.85,1.74,21.5,0.0,91.5,9.3,9.55,10.1,0.1,99.63
59,2025-12-23 08:00:00,6.55,1.33,160.4,0.0,91.45,10.6,12.25,13.8,0.12,99.66
59,2025-12-23 09:00:00,7.2,1.65,344.9,0.0,80.33,14.8,15.7,16.6,0.35,99.65
59,2025-12-23 10:00:00,8.6,2.25,485.8,0.0,71.78,16.8,17.88,18.5,0.58,99.64
59,2025-12-23 11:00:00,11.27,2.93,689.6,0.0,68.08,18.8,19.6,20.8,0.73,99.62
59,2025-12-23 12:00:00,11.12,3.68,819.0,0.0,62.53,20.9,21.55,22.6,0.97,99.59
59,2025-12-23 13:00:00,13.28,2.3,905.1,0.0,53.53,23.2,23.9,24.6,1.38,99.58
59,2025-12-23 14:00:00,10.08,2.47,934.7,0.0,49.63,25.2,25.33,25.4,1.63,99.56
59,2025-12-23 15:00:00,13.39,2.42,929.5,0.0,46.7,26.1,26.23,26.4,1.82,99.51
59,2025-12-23 16:00:00,9.36,2.32,889.7,0.0,43.33,26.8,27.18,27.6,2.04,99.46
59,2025-12-23 17:00:00,10.48,2.8,800.1,0.0,36.63,28.1,28.18,28.2,2.42,99.42
59,2025-12-23 18:00:00,7.78,1.87,656.4,0.0,38.3,27.8,27.9,28.0,2.32,99.36
59,2025-12-23 19:00:00,5.8,1.56,486.3,0.0,41.4,27.2,27.5,27.7,2.15,99.3
59,2025-12-23 20:00:00,4.68,1.12,296.5,0.0,43.93,26.4,26.68,26.9,1.96,99.3
59,2025-12-23 21:00:00,2.09,0.59,20.4,0.0,52.35,23.2,24.4,25.7,1.46,99.34
59,2025-12-23 22:00:00,6.98,1.66,1.7,0.0,57.43,21.5,22.23,22.7,1.14,99.42
59,2025-12-23 23:00:00,5.76,1.21,0.0,0.0,60.98,19.6,20.28,21.0,0.93,99.51
59,2025-12-24 00:00:00,3.78,0.98,0.0,0.0,63.5,17.6,18.48,19.3,0.78,99.57
59,2025-12-24 01:00:00,2.34,0.86,0.0,0.0,68.73,15.7,16.4,17.1,0.59,99.58
59,2025-12-24 02:00:00,4.0,0.75,0.0,0.0,74.0,14.3,14.83,15.4,0.44,99.57
59,2025-12-24 03:00:00,1.91,0.68,0.0,0.0,77.8,13.2,13.63,14.1,0.35,99.56
59,2025-12-24 04:00:00,3.17,0.84,0.0,0.0,80.93,12.6,12.78,12.9,0.29,99.56
59,2025-12-24 05:00:00,3.38,1.01,0.0,0.0,80.13,12.7,12.78,12.8,0.3,99.56
59,2025-12-24 06:00:00,5.26,1.06,0.0,0.0,79.6,12.2,12.4,12.6,0.3,99.62
59,2025-12-24 07:00:00,3.02,0.85,20.5,0.0,77.83,11.4,11.7,12.0,0.3,99.66
59,2025-12-24 08:00:00,5.04,1.15,158.0,0.0,74.48,11.7,13.3,14.7,0.39,99.7
59,2025-12-24 09:00:00,6.95,1.74,334.1,0.0,67.53,15.5,16.15,16.6,0.6,99.73
59,2025-12-24 10:00:00,10.01,2.35,519.0,0.0,66.7,16.8,17.58,18.1,0.67,99.73
59,2025-12-24 11:00:00,12.35,2.48,683.2,0.0,64.3,18.8,19.48,20.2,0.81,99.73
59,2025-12-24 12:00:00,9.97,2.43,814.7,0.0,59.7,21.0,21.8,22.6,1.06,99.69
59,2025-12-24 13:00:00,9.4,2.31,898.6,0.0,54.75,23.0,23.88,24.7,1.35,99.67
59,2025-12-24 14:00:00,14.36,2.62,931.8,0.0,49.7,24.7,25.28,26.2,1.62,99.65
59,2025-12-24 15:00:00,16.74,2.77,929.1,0.0,43.85,26.8,27.2,27.5,2.03,99.6
59,2025-12-24 16:00:00,10.33,2.45,886.9,0.0,41.0,27.9,28.65,29.0,2.32,99.56
59,2025-12-24 17:00:00,12.89,2.74,794.6,0.0,39.93,29.0,29.18,29.3,2.43,99.52
59,2025-12-24 18:00:00,10.19,2.2,662.6,0.0,38.98,28.3,28.73,29.2,2.41,99.5
59,2025-12-24 19:00:00,10.12,2.06,495.1,0.0,39.1,27.2,27.78,28.4,2.27,99.48
59,2025-12-24 20:00:00,8.46,1.79,301.4,0.0,40.25,26.1,26.55,27.0,2.08,99.5
59,2025-12-24 21:00:00,4.64,1.13,21.0,0.0,45.7,22.6,24.03,25.3,1.63,99.53
59,2025-12-24 22:00:00,3.64,1.07,2.0,0.0,50.93,20.8,21.3,22.0,1.25,99.6
59,2025-12-24 23:00:00,3.6,0.99,0.0,0.0,52.75,19.3,19.8,20.3,1.09,99.67
59,2025-12-25 00:00:00,3.67,1.05,0.0,0.0,56.1,18.3,18.6,19.0,0.94,99.72
59,2025-12-25 01:00:00,6.08,1.19,0.0,0.0,60.03,16.9,17.6,17.9,0.81,99.73
59,2025-12-25 02:00:00,2.45,1.04,0.0,0.0,70.53,14.4,15.2,16.2,0.51,99.73
59,2025-12-25 03:00:00,3.96,0.95,0.0,0.0,78.78,12.7,13.2,13.8,0.32,99.67
59,2025-12-25 04:00:00,5.36,0.88,0.0,0.0,79.98,13.0,13.23,13.5,0.31,99.62
59,2025-12-25 05:00:00,3.6,0.84,0.0,0.0,83.7,12.3,12.58,12.9,0.24,99.61
59,2025-12-25 06:00:00,6.73,0.97,0.0,0.0,86.75,12.0,12.08,12.1,0.19,99.6
59,2025-12-25 07:00:00,4.54,1.33,24.2,0.0,88.28,12.1,12.2,12.3,0.17,99.63
59,2025-12-25 08:00:00,5.0,1.35,118.3,0.02,87.7,12.2,12.48,12.9,0.18,99.66
59,2025-12-25 09:00:00,9.29,1.72,345.5,0.0,80.65,13.8,15.13,16.1,0.34,99.67
59,2025-12-25 10:00:00,11.41,2.12,532.9,0.0,72.53,16.5,17.08,17.4,0.54,99.66
59,2025-12-25 11:00:00,8.46,2.35,699.8,0.0,68.65,18.3,18.73,19.5,0.68,99.61
59,2025-12-25 12:00:00,14.15,2.45,832.5,0.0,63.68,19.9,20.98,21.9,0.91,99.54
59,2025-12-25 13:00:00,14.58,2.49,920.0,0.0,57.48,22.5,23.33,24.2,1.22,99.48
59,2025-12-25 14:00:00,9.0,2.2,950.3,0.0,51.38,24.7,25.58,26.4,1.6,99.38
59,2025-12-25 15:00:00,10.98,2.59,949.7,0.0,45.13,27.5,27.98,28.6,2.07,99.28
59,2025-12-25 16:00:00,10.15,2.73,903.3,0.0,40.15,28.7,29.3,29.6,2.44,99.21
59,2025-12-25 17:00:00,10.51,2.61,809.5,0.0,39.25,29.9,29.98,30.0,2.58,99.14
59,2025-12-25 18:00:00,9.0,2.29,669.6,0.0,39.7,29.6,29.68,29.8,2.51,99.08
59,2025-12-25 19:00:00,9.58,1.87,493.9,0.0,41.98,28.8,29.15,29.4,2.35,99.0
59,2025-12-25 20:00:00,9.22,1.8,311.4,0.0,44.63,27.6,28.35,28.7,2.14,98.99
59,2025-12-25 21:00:00,4.86,0.98,21.1,0.0,48.78,24.2,25.58,26.9,1.69,99.02
59,2025-12-25 22:00:00,1.4,0.49,2.3,0.0,54.8,21.0,22.15,23.3,1.21,99.06
59,2025-12-25 23:00:00,1.69,0.59,0.0,0.0,58.63,19.2,19.75,20.4,0.95,99.11
59,2025-12-26 00:00:00,2.02,0.67,0.0,0.0,61.75,17.9,18.3,18.8,0.81,99.13
59,2025-12-26 01:00:00,2.59,1.28,0.0,0.0,67.8,16.7,16.93,17.4,0.62,99.15
59,2025-12-26 02:00:00,2.34,1.25,0.0,0.0,73.0,14.6,15.48,16.2,0.48,99.15
59,2025-12-26 03:00:00,2.63,1.31,0.0,0.0,79.55,13.3,14.0,14.4,0.33,99.15
59,2025-12-26 04:00:00,3.78,2.23,0.0,0.0,84.0,12.5,12.85,13.3,0.24,99.18
59,2025-12-26 05:00:00,4.03,1.91,0.0,0.0,86.33,11.7,11.95,12.4,0.19,99.24
59,2025-12-26 06:00:00,3.49,1.38,0.0,0.0,86.18,11.6,11.9,12.1,0.19,99.33
59,2025-12-26 07:00:00,2.77,1.28,20.7,0.0,88.2,10.9,11.2,11.6,0.16,99.41
59,2025-12-26 08:00:00,3.56,1.25,161.7,0.0,88.6,11.8,13.55,15.2,0.18,99.51
59,2025-12-26 09:00:00,4.39,1.23,339.5,0.0,74.05,16.5,18.0,19.0,0.54,99.56
59,2025-12-26 10:00:00,8.96,2.21,528.1,0.0,68.88,19.0,19.8,20.3,0.72,99.6
59,2025-12-26 11:00:00,8.53,2.79,693.2,0.0,64.85,21.0,21.45,22.0,0.9,99.59
59,2025-12-26 12:00:00,14.29,3.13,823.8,0.0,60.05,22.6,23.15,23.8,1.14,99.59
59,2025-12-26 13:00:00,8.57,2.07,910.9,0.0,53.18,24.4,25.3,26.1,1.52,99.57
59,2025-12-26 14:00:00,12.89,2.44,940.9,0.0,47.28,26.2,26.33,26.5,1.81,99.58
59,2025-12-26 15:00:00,9.86,2.2,937.1,0.0,45.3,26.8,27.23,27.8,1.98,99.55
59,2025-12-26 16:00:00,9.79,2.26,892.1,0.0,43.9,27.9,28.0,28.2,2.12,99.52
59,2025-12-26 17:00:00,7.52,1.72,790.2,0.0,42.75,28.2,28.6,28.8,2.24,99.46
59,2025-12-26 18:00:00,6.73,2.11,658.7,0.0,42.8,28.6,28.75,28.9,2.26,99.42
59,2025-12-26 19:00:00,20.23,2.38,502.5,0.0,45.95,28.1,28.45,28.7,2.1,99.38
59,2025-12-26 20:00:00,18.07,4.45,296.4,0.0,45.2,26.3,27.08,27.9,1.96,99.42
59,2025-12-26 21:00:00,12.46,2.72,27.5,0.0,44.13,23.3,24.5,25.7,1.72,99.52
59,2025-12-26 22:00:00,4.21,1.03,2.1,0.0,52.6,20.1,20.83,22.0,1.17,99.62
59,2025-12-26 23:00:00,1.91,0.62,0.0,0.0,57.7,17.8,18.58,19.5,0.91,99.71
59,2025-12-27 00:00:00,2.7,0.67,0.0,0.0,60.93,16.4,16.93,17.4,0.75,99.73
59,2025-12-27 01:00:00,2.05,0.74,0.0,0.0,64.6,14.9,15.4,16.0,0.62,99.72
59,2025-12-27 02:00:00,1.98,0.96,0.0,0.0,68.93,13.6,14.15,14.6,0.51,99.7
59,2025-12-27 03:00:00,2.38,1.08,0.0,0.0,72.85,13.1,13.33,13.4,0.42,99.65
59,2025-12-27 04:00:00,5.51,1.11,0.0,0.0,77.08,12.9,12.98,13.0,0.34,99.61
59,2025-12-27 05:00:00,2.38,0.86,0.0,0.0,80.68,12.0,12.35,12.8,0.28,99.59
59,2025-12-27 06:00:00,2.52,0.82,0.0,0.0,83.23,11.7,11.83,12.0,0.23,99.61
59,2025-12-27 07:00:00,3.49,0.91,20.4,0.0,84.8,11.5,11.68,11.8,0.21,99.65
59,2025-12-27 08:00:00,5.9,1.22,154.3,0.0,82.65,12.1,13.48,14.8,0.27,99.67
59,2025-12-27 09:00:00,13.0,1.63,331.0,0.0,74.7,15.6,16.15,16.5,0.47,99.69
59,2025-12-27 10:00:00,11.09,2.14,517.1,0.0,70.68,16.9,17.55,18.1,0.59,99.69
59,2025-12-27 11:00:00,9.68,2.15,684.0,0.0,67.98,18.9,19.5,20.1,0.73,99.66
59,2025-12-27 12:00:00,8.93,2.05,817.7,0.0,64.38,20.6,21.65,22.7,0.92,99.63
59,2025-12-27 13:00:00,7.63,2.06,903.5,0.0,60.65,23.2,23.98,24.8,1.18,99.58
59,2025-12-27 14:00:00,13.5,2.3,937.2,0.0,55.65,25.2,25.88,26.3,1.48,99.53
59,2025-12-27 15:00:00,9.9,2.02,935.8,0.0,50.83,26.6,27.38,27.9,1.8,99.47
59,2025-12-27 16:00:00,13.1,2.22,894.3,0.0,46.18,28.2,28.65,29.0,2.12,99.42
59,2025-12-27 17:00:00,10.58,2.37,811.9,0.0,36.3,29.1,29.28,29.6,2.59,99.37
59,2025-12-27 18:00:00,7.27,1.89,681.2,0.0,34.88,29.1,29.33,29.5,2.66,99.31
59,2025-12-27 19:00:00,4.9,1.3,508.7,0.0,33.88,28.2,28.68,29.0,2.6,99.25
59,2025-12-27 20:00:00,5.62,1.04,258.6,0.0,35.6,27.2,27.98,28.6,2.43,99.26
59,2025-12-27 21:00:00,3.71,0.87,19.9,0.0,44.53,23.1,24.83,26.3,1.76,99.3
59,2025-12-27 22:00:00,2.3,0.89,2.3,0.0,56.45,19.8,20.95,22.2,1.09,99.35
59,2025-12-27 23:00:00,2.02,1.08,0.0,0.0,59.18,18.7,19.15,19.6,0.91,99.38
59,2025-12-28 00:00:00,2.09,1.05,0.0,0.0,63.4,17.4,17.75,18.1,0.75,99.4
59,2025-12-28 01:00:00,2.12,1.14,0.0,0.0,67.85,15.9,16.35,16.9,0.6,99.37
59,2025-12-28 02:00:00,2.45,0.94,0.0,0.0,70.38,14.7,15.0,15.5,0.5,99.34
59,2025-12-28 03:00:00,2.77,1.12,0.0,0.0,75.63,13.2,13.8,14.3,0.39,99.33
59,2025-12-28 04:00:00,2.12,1.05,0.0,0.0,82.18,12.4,12.63,12.8,0.26,99.34
59,2025-12-28 05:00:00,1.87,0.84,0.0,0.0,82.58,11.6,11.95,12.2,0.25,99.36
59,2025-12-28 06:00:00,2.27,1.03,0.0,0.0,84.75,11.4,11.65,11.8,0.21,99.41
59,2025-12-28 07:00:00,2.88,1.75,18.7,0.0,89.08,10.5,10.85,11.3,0.14,99.46
59,2025-12-28 08:00:00,3.02,0.96,163.5,0.0,89.7,10.9,12.7,15.0,0.15,99.52
59,2025-12-28 09:00:00,6.59,1.51,337.9,0.0,75.83,16.0,17.03,17.9,0.47,99.56
59,2025-12-28 10:00:00,6.77,1.77,522.8,0.0,69.95,18.4,18.88,19.6,0.66,99.58
59,2025-12-28 11:00:00,12.38,2.1,689.3,0.0,66.6,20.2,20.88,21.7,0.83,99.58
59,2025-12-28 12:00:00,9.14,2.03,820.3,0.0,62.23,21.9,23.1,24.2,1.07,99.56
59,2025-12-28 13:00:00,8.78,1.89,911.5,0.0,57.73,24.2,25.08,25.8,1.35,99.56
59,2025-12-28 14:00:00,11.74,2.4,945.3,0.0,50.98,26.3,27.13,27.9,1.77,99.54
59,2025-12-28 15:00:00,9.29,1.94,943.3,0.0,41.9,28.3,29.08,29.8,2.34,99.49
59,2025-12-28 16:00:00,8.5,2.05,904.5,0.0,36.35,30.0,30.18,30.4,2.73,99.42
59,2025-12-28 17:00:00,9.83,1.76,813.1,0.0,34.78,30.7,30.83,30.9,2.9,99.36
59,2025-12-28 18:00:00,10.08,1.41,681.8,0.0,32.43,30.7,30.83,31.0,3.01,99.29
59,2025-12-28 19:00:00,4.43,1.18,506.5,0.0,31.9,30.1,30.4,30.6,2.96,99.24
59,2025-12-28 20:00:00,3.35,0.83,268.1,0.0,34.33,29.3,30.08,30.6,2.8,99.25
59,2025-12-28 21:00:00,1.62,0.57,20.6,0.0,43.75,25.0,26.58,28.2,1.97,99.3
59,2025-12-28 22:00:00,2.56,0.75,2.5,0.0,53.33,21.8,22.63,23.7,1.29,99.36
59,2025-12-28 23:00:00,2.52,0.93,0.0,0.0,56.28,20.1,20.58,21.4,1.06,99.42
59,2025-12-29 00:00:00,3.13,1.85,0.0,0.0,67.3,17.0,17.98,19.1,0.68,99.45
59,2025-12-29 01:00:00,2.99,1.85,0.0,0.0,72.6,15.9,16.48,17.0,0.52,99.43
59,2025-12-29 02:00:00,3.06,1.31,0.0,0.0,78.63,14.6,15.08,15.7,0.37,99.4
59,2025-12-29 03:00:00,3.1,1.54,0.0,0.0,80.65,14.2,14.35,14.4,0.32,99.36
59,2025-12-29 04:00:00,2.95,1.58,0.0,0.0,84.73,12.8,13.28,13.9,0.23,99.34
59,2025-12-29 05:00:00,2.84,1.26,0.0,0.0,88.73,12.0,12.2,12.7,0.16,99.33
59,2025-12-29 06:00:00,2.7,1.58,0.0,0.0,88.93,11.9,12.1,12.3,0.16,99.35
59,2025-12-29 07:00:00,2.99,1.66,18.6,0.0,90.23,11.7,11.75,11.8,0.14,99.39
59,2025-12-29 08:00:00,3.31,1.35,164.4,0.0,88.5,12.0,13.93,16.1,0.19,99.43
59,2025-12-29 09:00:00,5.9,1.24,337.2,0.02,78.08,17.3,18.53,19.2,0.47,99.47
59,2025-12-29 10:00:00,5.69,1.58,524.3,0.0,68.43,19.7,20.75,21.8,0.78,99.48
59,2025-12-29 11:00:00,6.26,1.6,692.6,0.0,64.43,22.0,22.65,23.3,0.98,99.47
59,2025-12-29 12:00:00,10.01,2.35,829.7,0.0,59.5,23.4,24.38,25.5,1.24,99.45
59,2025-12-29 13:00:00,8.64,2.38,914.4,0.0,53.7,25.8,26.75,27.7,1.63,99.42
59,2025-12-29 14:00:00,9.14,2.15,948.9,0.0,48.28,27.7,28.6,29.2,2.03,99.38
59,2025-12-29 15:00:00,9.9,2.64,949.7,0.0,39.08,29.9,30.45,31.0,2.66,99.33
59,2025-12-29 16:00:00,8.68,2.23,912.7,0.0,32.23,31.1,31.58,31.9,3.15,99.27
59,2025-12-29 17:00:00,8.71,1.89,823.6,0.0,27.05,31.8,32.2,32.4,3.51,99.21
59,2025-12-29 18:00:00,8.5,1.61,684.4,0.0,31.18,31.6,31.75,32.0,3.23,99.14
59,2025-12-29 19:00:00,4.07,1.23,511.5,0.0,31.83,31.0,31.28,31.7,3.11,99.1
59,2025-12-29 20:00:00,3.24,0.83,194.7,0.0,31.35,29.7,30.7,31.3,3.04,99.11
59,2025-12-29 21:00:00,1.4,0.5,21.1,0.0,41.93,25.4,27.1,28.6,2.1,99.16
59,2025-12-29 22:00:00,1.8,0.64,2.5,0.0,51.98,22.2,23.13,24.1,1.36,99.22
59,2025-12-29 23:00:00,1.66,0.69,0.0,0.0,53.2,20.6,21.35,21.9,1.19,99.28
59,2025-12-30 00:00:00,2.09,0.6,0.0,0.0,55.85,19.2,19.63,20.0,1.01,99.28
59,2025-12-30 01:00:00,2.81,1.13,0.0,0.0,59.23,17.7,18.5,19.0,0.87,99.29
59,2025-12-30 02:00:00,2.52,0.85,0.0,0.0,61.88,16.5,17.08,17.6,0.74,99.29
59,2025-12-30 03:00:00,2.7,1.25,0.0,0.0,70.93,14.7,15.38,16.0,0.51,99.31
59,2025-12-30 04:00:00,2.38,1.23,0.0,0.0,77.68,13.8,14.15,14.4,0.36,99.3
59,2025-12-30 05:00:00,2.2,0.77,0.0,0.0,77.83,13.7,13.7,13.7,0.35,99.29
59,2025-12-30 06:00:00,2.63,0.78,0.0,0.0,77.83,13.4,13.48,13.6,0.34,99.32
59,2025-12-30 07:00:00,1.8,0.8,17.0,0.0,81.63,12.5,12.7,13.0,0.27,99.36
59,2025-12-30 08:00:00,6.3,0.91,157.0,0.0,78.65,12.8,14.55,16.5,0.36,99.42
59,2025-12-30 09:00:00,5.83,1.44,337.8,0.0,65.8,17.6,18.43,19.1,0.73,99.45
59,2025-12-30 10:00:00,7.45,1.57,525.2,0.0,64.73,19.4,20.15,20.6,0.83,99.45
59,2025-12-30 11:00:00,9.29,1.76,695.5,0.0,62.33,20.6,21.38,22.2,0.96,99.43
59,2025-12-30 12:00:00,7.96,2.04,828.1,0.0,58.4,22.1,23.15,24.1,1.18,99.4
59,2025-12-30 13:00:00,8.89,2.27,911.3,0.0,53.9,24.5,25.15,25.9,1.48,99.4
59,2025-12-30 14:00:00,9.11,2.02,947.2,0.0,49.08,26.7,27.45,28.1,1.87,99.36
59,2025-12-30 15:00:00,17.93,2.15,947.2,0.0,45.53,28.6,29.23,29.9,2.21,99.31
59,2025-12-30 16:00:00,8.42,2.24,912.2,0.0,40.05,30.2,30.6,30.9,2.63,99.27
59,2025-12-30 17:00:00,14.04,2.55,821.1,0.0,37.43,31.2,31.43,31.6,2.88,99.22
59,2025-12-30 18:00:00,8.14,2.21,684.5,0.0,35.98,31.4,31.55,31.7,2.97,99.18
59,2025-12-30 19:00:00,7.56,2.17,508.3,0.0,37.03,31.0,31.25,31.5,2.87,99.14
59,2025-12-30 20:00:00,6.16,1.59,269.5,0.0,38.03,29.7,30.68,31.3,2.74,99.16
59,2025-12-30 21:00:00,2.74,0.9,21.4,0.0,43.85,25.7,27.2,28.7,2.04,99.21
59,2025-12-30 22:00:00,2.02,0.58,2.5,0.0,53.65,22.2,23.4,24.7,1.34,99.25
59,2025-12-30 23:00:00,3.31,0.75,0.0,0.0,55.2,21.4,21.63,21.8,1.16,99.29
59,2025-12-31 00:00:00,4.57,0.97,0.0,0.0,57.1,21.2,21.65,22.1,1.11,99.3
59,2025-12-31 01:00:00,5.4,0.93,0.0,0.0,62.58,20.6,21.38,22.0,0.96,99.31
59,2025-12-31 02:00:00,4.25,0.76,0.0,0.0,69.28,19.4,19.78,20.3,0.71,99.34
59,2025-12-31 03:00:00,3.49,0.82,0.0,0.0,73.25,18.6,18.98,19.4,0.59,99.33
59,2025-12-31 04:00:00,3.1,0.72,0.0,0.0,78.95,17.1,17.5,18.0,0.42,99.31
59,2025-12-31 05:00:00,3.35,0.65,0.0,0.0,82.78,16.2,16.5,16.9,0.32,99.29
59,2025-12-31 06:00:00,1.66,0.61,0.0,0.0,86.25,15.2,15.58,16.0,0.25,99.31
59,2025-12-31 07:00:00,2.2,0.6,15.3,0.0,89.43,14.3,14.58,14.9,0.17,99.34
59,2025-12-31 08:00:00,4.14,0.99,152.9,0.0,88.38,14.6,16.25,18.0,0.22,99.36
59,2025-12-31 09:00:00,6.01,1.29,326.6,0.0,78.88,19.0,19.63,20.0,0.49,99.38
59,2025-12-31 10:00:00,10.08,1.7,513.8,0.0,74.6,20.6,20.85,21.1,0.63,99.39
59,2025-12-31 11:00:00,7.34,2.0,680.1,0.0,70.55,21.5,22.15,23.0,0.79,99.38
59,2025-12-31 12:00:00,8.78,2.02,811.7,0.0,64.63,24.0,24.3,24.7,1.08,99.35
59,2025-12-31 13:00:00,9.07,1.65,898.7,0.0,61.23,25.3,26.08,27.1,1.31,99.34
59,2025-12-31 14:00:00,8.53,2.48,934.5,0.0,54.88,27.6,28.3,28.8,1.74,99.31
59,2025-12-31 15:00:00,8.06,2.29,936.1,0.0,48.68,29.1,30.03,30.9,2.19,99.28
59,2025-12-31 16:00:00,8.32,1.86,901.7,0.0,37.83,31.7,32.2,32.7,3.0,99.23
59,2025-12-31 17:00:00,5.54,1.67,814.0,0.0,29.08,32.6,32.68,32.7,3.5,99.19
59,2025-12-31 18:00:00,9.4,1.67,665.9,0.0,33.33,32.8,32.9,33.1,3.34,99.13
59,2025-12-31 19:00:00,6.66,2.08,493.9,0.0,34.95,32.5,32.73,32.9,3.22,99.1
59,2025-12-31 20:00:00,8.5,2.04,281.6,0.0,40.2,31.4,32.28,32.8,2.89,99.13
59,2025-12-31 21:00:00,6.95,1.67,24.2,0.0,48.33,27.2,28.9,30.3,2.07,99.18
59,2025-12-31 22:00:00,3.06,0.82,2.0,0.0,53.65,23.6,24.78,26.2,1.46,99.24
59,2025-12-31 23:00:00,4.72,1.06,0.0,0.0,59.23,21.8,22.25,23.0,1.1,99.29
59,2026-01-01 00:00:00,4.9,1.33,0.0,0.0,59.8,20.6,21.28,21.9,1.02,99.33
59,2026-01-01 01:00:00,2.84,1.06,0.0,0.0,65.18,18.7,19.33,19.9,0.79,99.34
59,2026-01-01 02:00:00,3.49,1.41,0.0,0.0,73.05,17.0,17.6,18.1,0.55,99.31
59,2026-01-01 03:00:00,3.82,1.57,0.0,0.0,77.73,16.0,16.43,16.8,0.42,99.27
59,2026-01-01 04:00:00,2.74,1.32,0.0,0.0,83.15,15.0,15.3,15.7,0.29,99.2
59,2026-01-01 05:00:00,2.74,1.41,0.0,0.0,87.15,14.1,14.4,14.5,0.21,99.15
59,2026-01-01 06:00:00,2.81,1.63,0.0,0.0,89.68,13.5,13.73,14.0,0.16,99.15
59,2026-01-01 07:00:00,2.09,1.25,14.6,0.0,91.0,13.0,13.2,13.4,0.14,99.17
59,2026-01-01 08:00:00,2.45,0.86,146.9,0.0,89.68,13.4,15.05,17.0,0.18,99.21
59,2026-01-01 09:00:00,4.36,0.93,323.3,0.0,76.25,18.2,19.7,20.9,0.55,99.24
59,2026-01-01 10:00:00,5.11,1.46,509.3,0.0,67.43,21.2,21.95,22.7,0.86,99.25
59,2026-01-01 11:00:00,7.2,2.14,675.2,0.0,64.85,22.8,23.48,23.7,1.02,99.25
59,2026-01-01 12:00:00,8.21,2.18,810.5,0.0,62.2,24.2,24.75,25.5,1.18,99.26
59,2026-01-01 13:00:00,8.17,2.42,894.7,0.0,58.18,26.0,26.7,27.5,1.47,99.27
59,2026-01-01 14:00:00,9.22,2.49,928.1,0.0,55.03,28.2,28.7,29.5,1.77,99.28
59,2026-01-01 15:00:00,8.39,2.11,927.5,0.0,48.55,29.6,30.48,31.3,2.25,99.27
59,2026-01-01 16:00:00,8.93,1.79,885.1,0.0,42.75,32.1,32.1,32.1,2.74,99.25
59,2026-01-01 17:00:00,7.31,1.96,790.3,0.0,42.53,32.1,32.3,32.4,2.78,99.22
59,2026-01-01 18:00:00,15.19,5.46,644.9,0.0,43.65,32.3,32.75,33.0,2.79,99.18
59,2026-01-01 19:00:00,18.72,4.73,490.5,0.0,44.23,30.6,31.38,32.1,2.56,99.19
59,2026-01-01 20:00:00,11.09,2.75,301.0,0.0,46.98,29.1,29.78,30.4,2.22,99.22
59,2026-01-01 21:00:00,12.2,1.87,24.9,0.0,51.43,25.9,27.23,28.5,1.76,99.29
59,2026-01-01 22:00:00,6.84,0.86,2.6,0.0,58.58,22.2,23.63,25.0,1.22,99.37
59,2026-01-01 23:00:00,2.74,0.76,0.0,0.0,68.03,19.7,20.65,21.5,0.78,99.42
59,2026-01-02 00:00:00,2.2,0.91,0.0,0.0,77.05,17.7,18.33,19.2,0.48,99.44
59,2026-01-02 01:00:00,2.84,1.41,0.0,0.0,82.08,16.8,17.15,17.6,0.35,99.42
59,2026-01-02 02:00:00,2.23,1.21,0.0,0.0,86.25,15.8,16.08,16.4,0.25,99.39
59,2026-01-02 03:00:00,2.41,1.3,0.0,0.0,89.23,14.8,15.0,15.2,0.19,99.35
59,2026-01-02 04:00:00,2.38,1.39,0.0,0.0,91.13,14.1,14.35,14.7,0.15,99.32
59,2026-01-02 05:00:00,2.45,1.24,0.0,0.0,92.73,13.4,13.68,13.9,0.11,99.3
59,2026-01-02 06:00:00,2.63,1.36,0.0,0.02,93.65,12.8,13.03,13.2,0.1,99.3
59,2026-01-02 07:00:00,2.45,0.88,12.4,0.02,94.3,12.2,12.35,12.7,0.08,99.31
59,2026-01-02 08:00:00,2.99,0.8,138.5,0.04,95.7,12.7,13.93,15.2,0.07,99.34
59,2026-01-02 09:00:00,5.36,1.38,320.6,0.0,83.75,16.0,17.63,19.0,0.34,99.36
59,2026-01-02 10:00:00,5.98,1.48,504.9,0.0,65.03,19.6,20.45,21.2,0.84,99.37
59,2026-01-02 11:00:00,7.85,1.92,672.0,0.0,63.18,21.1,21.73,22.3,0.96,99.38
59,2026-01-02 12:00:00,7.96,2.1,805.7,0.0,59.1,22.7,23.35,24.1,1.17,99.37
59,2026-01-02 13:00:00,8.82,2.09,892.3,0.0,55.4,24.6,25.28,26.0,1.44,99.37
59,2026-01-02 14:00:00,10.04,2.6,923.1,0.0,51.1,26.2,26.95,27.7,1.74,99.35
59,2026-01-02 15:00:00,7.99,1.93,921.3,0.0,48.75,28.0,28.65,29.2,2.01,99.32
59,2026-01-02 16:00:00,14.62,3.01,877.3,0.0,47.53,29.7,30.08,30.9,2.24,99.29
59,2026-01-02 17:00:00,18.36,6.71,781.2,0.0,50.73,30.3,30.63,30.8,2.17,99.27
59,2026-01-02 18:00:00,22.14,8.11,653.9,0.0,50.73,28.9,29.45,30.1,2.03,99.28
59,2026-01-02 19:00:00,19.84,7.6,490.8,0.0,53.8,26.8,27.6,28.3,1.71,99.29
59,2026-01-02 20:00:00,19.22,6.27,305.3,0.0,56.73,25.0,25.68,26.4,1.43,99.33
59,2026-01-02 21:00:00,11.99,2.84,27.8,0.0,59.55,22.4,23.45,24.5,1.17,99.41
59,2026-01-02 22:00:00,4.64,0.88,2.5,0.0,67.65,19.3,20.38,21.5,0.78,99.5
59,2026-01-02 23:00:00,3.78,1.2,0.0,0.0,76.55,17.5,18.03,18.6,0.49,99.56
59,2026-01-03 00:00:00,3.92,1.38,0.0,0.0,82.3,16.4,16.78,17.2,0.34,99.58
59,2026-01-03 01:00:00,2.59,1.41,0.0,0.0,86.0,15.4,15.78,16.1,0.25,99.57
59,2026-01-03 02:00:00,2.09,1.04,0.0,0.0,89.45,14.4,14.75,15.1,0.18,99.52
59,2026-01-03 03:00:00,3.1,1.65,0.0,0.0,91.2,14.0,14.18,14.3,0.14,99.46
59,2026-01-03 04:00:00,3.42,1.75,0.0,0.0,92.78,13.5,13.68,13.9,0.12,99.41
59,2026-01-03 05:00:00,2.63,1.64,0.0,0.02,93.65,13.1,13.18,13.3,0.1,99.38
59,2026-01-03 06:00:00,2.41,1.42,0.0,0.02,93.98,12.9,12.98,13.0,0.09,99.36
59,2026-01-03 07:00:00,2.16,1.26,10.1,0.02,94.88,12.6,12.7,12.8,0.08,99.38
59,2026-01-03 08:00:00,3.1,0.98,63.5,0.02,95.28,13.1,13.7,14.4,0.08,99.4
59,2026-01-03 09:00:00,4.1,1.2,118.1,0.0,96.13,14.6,14.98,15.3,0.07,99.42
59,2026-01-03 10:00:00,8.96,2.18,130.7,0.0,92.6,15.5,15.83,16.2,0.13,99.46
59,2026-01-03 11:00:00,7.96,2.61,254.1,0.0,90.35,16.1,16.33,16.6,0.18,99.48
59,2026-01-03 12:00:00,12.06,3.33,723.4,0.0,85.5,17.1,18.4,19.6,0.31,99.45
59,2026-01-03 13:00:00,15.23,3.03,875.6,0.0,74.28,20.6,21.75,22.8,0.68,99.41
59,2026-01-03 14:00:00,11.09,3.07,904.9,0.0,65.1,23.4,24.4,25.6,1.07,99.38
59,2026-01-03 15:00:00,11.38,3.12,904.1,0.0,59.38,25.6,26.2,26.6,1.39,99.33
59,2026-01-03 16:00:00,12.89,3.74,870.9,0.0,56.73,27.6,27.8,28.0,1.62,99.31
59,2026-01-03 17:00:00,13.57,4.28,783.7,0.0,55.45,28.5,28.73,28.9,1.76,99.29
59,2026-01-03 18:00:00,19.37,4.79,650.3,0.0,57.8,27.1,27.83,28.5,1.58,99.28
59,2026-01-03 19:00:00,19.33,5.44,486.7,0.0,59.83,25.7,26.33,27.0,1.38,99.26
59,2026-01-03 20:00:00,15.55,4.71,299.4,0.0,61.35,24.3,24.83,25.4,1.21,99.29
59,2026-01-03 21:00:00,13.36,3.75,29.3,0.0,64.4,21.5,22.63,23.7,0.98,99.35
59,2026-01-03 22:00:00,10.73,1.38,2.6,0.0,70.83,18.9,19.93,20.9,0.68,99.41
59,2026-01-03 23:00:00,3.38,0.97,0.0,0.0,78.48,16.8,17.58,18.3,0.44,99.45
59,2026-01-04 00:00:00,2.05,0.71,0.0,0.0,83.7,15.7,16.0,16.4,0.3,99.43
59,2026-01-04 01:00:00,3.96,1.32,0.0,0.0,86.33,15.2,15.3,15.5,0.24,99.42
59,2026-01-04 02:00:00,4.68,1.78,0.0,0.0,89.25,14.5,14.75,15.0,0.18,99.37
59,2026-01-04 03:00:00,2.92,1.48,0.0,0.0,90.3,14.0,14.28,14.5,0.16,99.33
59,2026-01-04 04:00:00,2.27,1.08,0.0,0.0,91.45,13.5,13.68,13.8,0.14,99.3
59,2026-01-04 05:00:00,1.84,1.02,0.0,0.0,92.6,13.2,13.3,13.5,0.12,99.27
59,2026-01-04 06:00:00,2.16,1.27,0.0,0.02,93.73,12.9,12.98,13.1,0.1,99.27
59,2026-01-04 07:00:00,2.05,0.92,12.1,0.02,94.35,12.8,12.93,13.1,0.08,99.3
59,2026-01-04 08:00:00,3.17,1.14,61.3,0.0,94.6,13.2,13.85,14.4,0.09,99.37
59,2026-01-04 09:00:00,8.5,2.2,84.3,0.0,92.9,14.7,15.2,15.6,0.13,99.44
59,2026-01-04 10:00:00,8.71,3.16,100.4,0.0,90.8,15.6,15.85,16.1,0.17,99.49
59,2026-01-04 11:00:00,12.28,4.68,170.0,0.0,88.75,16.2,16.43,16.7,0.21,99.52
59,2026-01-04 12:00:00,12.82,5.02,289.7,0.0,86.6,16.8,17.23,17.6,0.26,99.54
59,2026-01-04 13:00:00,14.58,5.22,315.9,0.0,83.6,17.7,18.08,18.4,0.34,99.61
59,2026-01-04 14:00:00,15.66,4.91,346.9,0.0,79.78,18.7,18.93,19.2,0.44,99.65
59,2026-01-04 15:00:00,15.23,4.7,393.9,0.0,77.38,19.3,19.53,19.8,0.52,99.67
59,2026-01-04 16:00:00,15.88,4.97,433.5,0.0,74.55,20.0,20.4,20.6,0.61,99.67
59,2026-01-04 17:00:00,13.03,4.83,401.7,0.0,73.15,20.6,20.68,20.7,0.65,99.64
59,2026-01-04 18:00:00,12.85,4.31,263.8,0.0,72.45,20.7,20.7,20.7,0.68,99.61
59,2026-01-04 19:00:00,11.56,4.29,217.9,0.0,71.9,20.4,20.58,20.7,0.68,99.56
59,2026-01-04 20:00:00,10.98,4.01,121.7,0.0,71.13,20.0,20.23,20.4,0.69,99.53
59,2026-01-04 21:00:00,9.22,3.28,39.9,0.0,71.55,19.7,19.83,20.0,0.66,99.54
59,2026-01-04 22:00:00,9.22,3.52,0.3,0.0,72.05,19.1,19.38,19.6,0.63,99.55
59,2026-01-04 23:00:00,4.75,1.9,0.0,0.0,73.53,18.8,18.9,19.0,0.58,99.52
59,2026-01-05 00:00:00,4.28,1.35,0.0,0.0,74.33,18.5,18.65,18.8,0.55,99.49
59,2026-01-05 01:00:00,4.14,0.74,0.0,0.0,75.73,17.9,18.08,18.3,0.5,99.45
59,2026-01-05 02:00:00,3.6,0.91,0.0,0.0,75.98,17.5,17.65,17.8,0.48,99.44
59,2026-01-05 03:00:00,5.29,1.17,0.0,0.0,77.63,17.1,17.3,17.5,0.44,99.42
59,2026-01-05 04:00:00,4.1,0.97,0.0,0.0,77.93,16.7,16.85,17.0,0.43,99.38
59,2026-01-05 05:00:00,3.42,0.83,0.0,0.0,78.48,16.5,16.55,16.6,0.41,99.35
59,2026-01-05 06:00:00,4.46,1.07,0.0,0.0,79.43,16.3,16.38,16.4,0.38,99.37
59,2026-01-05 07:00:00,4.79,1.31,4.1,0.0,81.65,16.0,16.15,16.3,0.34,99.4
59,2026-01-05 08:00:00,6.62,1.46,60.2,0.0,85.2,15.9,15.98,16.0,0.27,99.46
59,2026-01-05 09:00:00,5.4,1.06,82.5,0.0,86.65,16.2,16.25,16.4,0.25,99.52
59,2026-01-05 10:00:00,5.36,1.28,104.7,0.0,85.75,16.4,16.53,16.6,0.27,99.58
59,2026-01-05 11:00:00,4.64,1.21,198.6,0.0,83.85,16.8,17.28,17.6,0.32,99.62
59,2026-01-05 12:00:00,6.84,1.78,397.9,0.0,82.5,17.7,17.85,18.1,0.36,99.65
59,2026-01-05 13:00:00,9.61,2.78,309.8,0.0,79.85,18.7,18.8,18.9,0.44,99.67
59,2026-01-05 14:00:00,11.27,4.29,404.3,0.0,79.13,19.1,19.3,19.5,0.47,99.72
59,2026-01-05 15:00:00,14.33,5.64,329.4,0.0,77.63,19.6,19.65,19.7,0.51,99.71
59,2026-01-05 16:00:00,21.38,5.95,222.7,0.0,75.75,19.2,19.55,19.7,0.55,99.73
59,2026-01-05 17:00:00,17.06,6.52,174.9,0.0,75.58,18.9,19.0,19.1,0.54,99.77
59,2026-01-05 18:00:00,10.3,3.4,117.8,0.0,74.33,19.0,19.03,19.1,0.57,99.78
59,2026-01-05 19:00:00,7.52,2.11,129.0,0.0,74.53,19.1,19.18,19.3,0.57,99.75
59,2026-01-05 20:00:00,7.99,2.37,120.1,0.0,74.48,18.9,19.15,19.3,0.57,99.74
59,2026-01-05 21:00:00,8.28,2.77,73.1,0.0,78.8,17.8,18.25,18.8,0.45,99.74
59,2026-01-05 22:00:00,3.74,1.11,2.1,0.0,83.83,16.4,17.0,17.6,0.32,99.74
59,2026-01-05 23:00:00,2.84,1.03,0.0,0.0,88.83,14.9,15.33,16.0,0.2,99.74
59,2026-01-06 00:00:00,2.02,1.03,0.0,0.0,91.35,14.8,14.85,15.0,0.15,99.75
59,2026-01-06 01:00:00,2.02,0.87,0.0,0.0,92.78,14.8,14.9,15.0,0.13,99.73
59,2026-01-06 02:00:00,2.95,1.24,0.0,0.0,93.8,14.4,14.45,14.5,0.1,99.71
59,2026-01-06 03:00:00,2.56,1.17,0.0,0.0,93.95,13.9,14.23,14.4,0.1,99.67
59,2026-01-06 04:00:00,1.87,0.75,0.0,0.0,92.78,12.6,13.03,13.5,0.11,99.64
59,2026-01-06 05:00:00,1.98,1.05,0.0,0.02,93.73,11.5,11.9,12.3,0.09,99.61
59,2026-01-06 06:00:00,2.45,1.09,0.0,0.02,93.53,11.2,11.3,11.4,0.09,99.61
59,2026-01-06 07:00:00,2.23,0.85,11.6,0.0,95.45,10.5,10.75,11.2,0.06,99.64
59,2026-01-06 08:00:00,1.73,0.71,125.7,0.02,96.95,10.8,11.95,13.2,0.04,99.66
59,2026-01-06 09:00:00,5.58,0.97,300.5,0.02,89.7,14.5,15.88,17.1,0.19,99.69
59,2026-01-06 10:00:00,7.38,1.66,489.1,0.0,80.93,17.3,17.93,18.8,0.4,99.7
59,2026-01-06 11:00:00,8.5,2.23,655.1,0.0,72.9,18.9,19.83,20.5,0.63,99.71
59,2026-01-06 12:00:00,11.74,2.21,848.7,0.0,65.08,21.1,21.93,23.0,0.92,99.72
59,2026-01-06 13:00:00,11.09,2.44,909.5,0.0,58.55,22.4,23.08,23.5,1.17,99.71
59,2026-01-06 14:00:00,12.06,2.88,959.1,0.0,56.58,23.8,24.2,24.5,1.31,99.68
59,2026-01-06 15:00:00,10.48,2.32,926.1,0.0,54.45,24.6,25.23,25.6,1.47,99.62
59,2026-01-06 16:00:00,10.51,2.11,887.9,0.0,50.83,25.7,26.15,26.7,1.67,99.57
59,2026-01-06 17:00:00,9.04,2.4,799.0,0.0,46.65,26.9,27.0,27.1,1.9,99.51
59,2026-01-06 18:00:00,7.2,1.68,672.6,0.0,43.8,26.9,27.18,27.5,2.03,99.45
59,2026-01-06 19:00:00,3.46,1.14,509.1,0.0,41.05,26.3,26.58,26.8,2.05,99.4
59,2026-01-06 20:00:00,3.53,0.9,279.7,0.0,41.93,26.1,26.38,26.6,2.0,99.38
59,2026-01-06 21:00:00,1.98,0.66,21.7,0.0,47.8,22.6,23.98,25.2,1.57,99.39
59,2026-01-06 22:00:00,2.23,1.02,2.6,0.0,57.23,19.5,20.63,21.7,1.05,99.43
59,2026-01-06 23:00:00,4.28,1.21,0.0,0.0,66.7,17.9,18.33,19.0,0.7,99.45
59,2026-01-07 00:00:00,2.48,1.08,0.0,0.0,72.08,16.7,16.93,17.2,0.54,99.44
59,2026-01-07 01:00:00,1.55,0.58,0.0,0.0,75.45,15.9,16.28,16.6,0.46,99.39
59,2026-01-07 02:00:00,2.23,1.06,0.0,0.0,81.8,14.8,15.3,15.7,0.32,99.34
59,2026-01-07 03:00:00,2.56,1.37,0.0,0.0,86.03,13.9,14.15,14.4,0.23,99.28
59,2026-01-07 04:00:00,2.52,1.46,0.0,0.0,89.03,13.2,13.45,13.7,0.17,99.24
59,2026-01-07 05:00:00,2.59,1.57,0.0,0.0,91.1,12.3,12.7,13.0,0.13,99.2
59,2026-01-07 06:00:00,2.02,1.27,0.0,0.0,92.65,11.5,11.68,11.9,0.1,99.21
59,2026-01-07 07:00:00,2.41,1.52,8.7,0.0,93.93,10.9,11.05,11.2,0.08,99.25
59,2026-01-07 08:00:00,2.34,1.06,146.5,0.02,94.15,11.0,12.53,14.2,0.09,99.26
59,2026-01-07 09:00:00,4.57,1.14,308.9,0.0,84.3,15.5,17.23,18.9,0.32,99.3
59,2026-01-07 10:00:00,5.22,1.35,494.3,0.0,72.03,19.7,20.5,21.3,0.68,99.3
59,2026-01-07 11:00:00,6.08,1.68,662.3,0.0,67.08,21.2,22.05,22.6,0.87,99.31
59,2026-01-07 12:00:00,8.53,2.61,795.6,0.0,63.8,23.3,24.0,24.5,1.08,99.3
59,2026-01-07 13:00:00,10.12,3.2,889.1,0.0,58.25,25.4,25.85,26.6,1.39,99.3
59,2026-01-07 14:00:00,13.79,2.76,927.6,0.0,51.2,27.0,27.73,28.4,1.82,99.28
59,2026-01-07 15:00:00,10.01,3.14,932.5,0.0,45.78,28.7,29.25,30.0,2.21,99.23
59,2026-01-07 16:00:00,13.28,3.83,898.5,0.0,41.48,30.2,30.68,31.1,2.58,99.18
59,2026-01-07 17:00:00,18.11,4.11,790.1,0.0,38.33,31.2,31.55,31.9,2.86,99.14
59,2026-01-07 18:00:00,21.53,5.94,648.1,0.0,41.75,31.0,31.33,31.7,2.67,99.11
59,2026-01-07 19:00:00,18.68,7.05,496.5,0.0,44.3,29.0,29.75,30.6,2.34,99.09
59,2026-01-07 20:00:00,24.8,6.39,305.2,0.0,46.85,27.3,27.9,28.6,2.0,99.12
59,2026-01-07 21:00:00,16.38,5.98,29.3,0.0,51.48,24.3,25.5,26.7,1.59,99.2
59,2026-01-07 22:00:00,3.64,1.11,2.5,0.0,58.48,20.8,22.13,23.4,1.11,99.29
59,2026-01-07 23:00:00,2.48,0.87,0.0,0.0,66.83,19.0,19.5,20.3,0.75,99.37
59,2026-01-08 00:00:00,2.81,1.24,0.0,0.0,73.73,17.4,18.0,18.7,0.54,99.44
59,2026-01-08 01:00:00,2.99,1.51,0.0,0.0,80.38,16.2,16.48,16.7,0.37,99.44
59,2026-01-08 02:00:00,3.06,1.06,0.0,0.0,85.03,15.3,15.63,16.0,0.27,99.4
59,2026-01-08 03:00:00,3.1,1.38,0.0,0.0,88.4,15.1,15.28,15.5,0.2,99.35
59,2026-01-08 04:00:00,2.38,1.06,0.0,0.0,90.68,14.5,14.63,14.7,0.16,99.3
59,2026-01-08 05:00:00,4.03,1.06,0.0,0.0,91.75,14.1,14.38,14.6,0.14,99.31
59,2026-01-08 06:00:00,3.1,1.17,0.0,0.0,92.43,14.6,14.65,14.7,0.13,99.31
59,2026-01-08 07:00:00,2.92,1.33,4.3,0.0,93.13,14.4,14.5,14.6,0.12,99.34
59,2026-01-08 08:00:00,4.28,1.13,44.9,0.0,93.23,14.7,14.83,15.0,0.12,99.39
59,2026-01-08 09:00:00,6.08,1.99,162.3,0.0,92.8,15.2,15.78,16.4,0.13,99.47
59,2026-01-08 10:00:00,5.72,1.63,351.7,0.0,86.75,16.8,17.55,18.3,0.27,99.49
59,2026-01-08 11:00:00,8.68,2.68,636.1,0.0,79.2,18.8,19.7,20.7,0.48,99.49
59,2026-01-08 12:00:00,11.34,3.44,681.5,0.0,71.15,21.3,21.68,22.3,0.75,99.47
59,2026-01-08 13:00:00,13.57,3.93,876.2,0.0,65.68,22.4,22.88,23.6,0.96,99.45
59,2026-01-08 14:00:00,11.12,3.31,821.5,0.0,62.6,24.0,24.45,25.1,1.15,99.42
59,2026-01-08 15:00:00,10.91,3.17,741.7,0.0,61.1,25.2,25.45,25.7,1.27,99.4
59,2026-01-08 16:00:00,11.77,2.45,694.5,0.0,61.13,25.4,25.8,26.1,1.29,99.37
59,2026-01-08 17:00:00,9.43,2.99,663.5,0.0,60.53,26.2,26.4,26.9,1.36,99.41
59,2026-01-08 18:00:00,8.86,2.76,387.6,0.0,60.08,25.6,25.8,26.0,1.33,99.4
59,2026-01-08 19:00:00,9.47,2.67,306.1,0.0,58.63,25.2,25.63,26.1,1.36,99.36
59,2026-01-08 20:00:00,12.89,3.76,86.6,0.0,58.25,24.1,24.45,24.9,1.28,99.4
59,2026-01-08 21:00:00,7.63,1.59,29.1,0.0,62.58,22.6,23.15,23.7,1.06,99.43
59,2026-01-08 22:00:00,2.7,0.73,7.3,0.0,69.6,20.5,21.23,22.0,0.77,99.45
59,2026-01-08 23:00:00,3.31,1.28,0.0,0.0,75.05,18.8,19.4,19.9,0.56,99.5
59,2026-01-09 00:00:00,3.17,1.52,0.0,0.0,81.08,17.7,18.1,18.6,0.4,99.5
59,2026-01-09 01:00:00,2.99,1.55,0.0,0.0,82.5,16.9,17.28,17.5,0.35,99.48
59,2026-01-09 02:00:00,2.92,0.93,0.0,0.0,84.1,16.2,16.38,16.7,0.3,99.41
59,2026-01-09 03:00:00,3.49,1.12,0.0,0.0,86.73,15.5,15.75,16.0,0.24,99.32
59,2026-01-09 04:00:00,2.23,0.83,0.0,0.0,90.08,14.8,14.93,15.0,0.17,99.24
59,2026-01-09 05:00:00,1.62,0.76,0.0,0.0,91.63,14.2,14.4,14.5,0.14,99.22
59,2026-01-09 06:00:00,1.98,0.81,0.0,0.0,92.73,13.7,13.93,14.2,0.12,99.21
59,2026-01-09 07:00:00,2.02,0.86,8.1,0.0,94.2,13.2,13.43,13.8,0.09,99.24
59,2026-01-09 08:00:00,2.66,0.5,125.1,0.0,95.6,13.3,14.38,15.7,0.07,99.27
59,2026-01-09 09:00:00,5.8,1.1,284.7,0.0,87.33,17.0,18.08,18.7,0.27,99.27
59,2026-01-09 10:00:00,6.26,1.9,466.1,0.0,79.95,18.7,19.55,20.4,0.46,99.27
59,2026-01-09 11:00:00,8.28,2.18,631.7,0.0,73.03,20.8,21.75,22.3,0.71,99.25
59,2026-01-09 12:00:00,13.18,2.36,768.5,0.0,66.98,22.9,23.7,24.5,0.97,99.23
59,2026-01-09 13:00:00,11.7,2.48,855.5,0.0,61.85,24.9,25.88,26.6,1.28,99.21
59,2026-01-09 14:00:00,11.45,2.99,892.3,0.0,59.35,26.9,27.53,28.0,1.5,99.19
59,2026-01-09 15:00:00,11.3,3.45,893.3,0.0,55.28,28.2,28.85,29.6,1.78,99.16
59,2026-01-09 16:00:00,13.61,3.03,863.0,0.0,48.48,29.7,30.23,30.7,2.22,99.13
59,2026-01-09 17:00:00,7.78,2.19,776.2,0.0,46.35,30.9,31.05,31.2,2.42,99.12
59,2026-01-09 18:00:00,5.36,1.71,646.5,0.0,45.2,31.0,31.28,31.8,2.5,99.09
59,2026-01-09 19:00:00,4.54,1.4,475.8,0.0,44.33,30.8,31.4,32.0,2.56,99.09
59,2026-01-09 20:00:00,4.57,1.55,289.9,0.0,46.28,30.7,31.0,31.3,2.42,99.1
59,2026-01-09 21:00:00,7.96,2.43,32.2,0.0,45.43,27.7,28.75,30.0,2.15,99.14
59,2026-01-09 22:00:00,5.51,1.02,2.5,0.0,49.83,22.9,24.53,26.4,1.57,99.21
59,2026-01-09 23:00:00,3.24,0.94,0.0,0.0,53.28,21.6,22.13,22.6,1.25,99.3
59,2026-01-10 00:00:00,3.31,1.34,0.0,0.0,63.73,19.1,19.98,20.8,0.85,99.38
59,2026-01-10 01:00:00,3.31,0.89,0.0,0.0,66.75,18.2,18.33,18.5,0.7,99.41
59,2026-01-10 02:00:00,3.78,1.77,0.0,0.0,73.28,16.7,17.18,17.9,0.53,99.42
59,2026-01-10 03:00:00,3.53,1.65,0.0,0.0,78.93,15.5,15.93,16.3,0.38,99.42
59,2026-01-10 04:00:00,3.2,1.63,0.0,0.0,83.3,14.7,15.05,15.4,0.29,99.42
59,2026-01-10 05:00:00,2.88,1.6,0.0,0.0,86.48,14.4,14.5,14.7,0.22,99.42
59,2026-01-10 06:00:00,3.49,1.41,0.0,0.0,89.03,13.6,13.8,14.1,0.18,99.42
59,2026-01-10 07:00:00,2.66,1.28,7.3,0.0,90.25,13.0,13.18,13.3,0.15,99.44
59,2026-01-10 08:00:00,2.7,1.3,127.9,0.0,89.03,13.3,14.8,16.6,0.19,99.47
59,2026-01-10 09:00:00,7.24,1.61,290.8,0.0,76.28,17.8,19.13,20.3,0.53,99.51
59,2026-01-10 10:00:00,8.21,2.12,473.3,0.0,67.28,21.3,21.83,22.4,0.86,99.51
59,2026-01-10 11:00:00,10.33,2.12,642.2,0.0,63.7,23.4,23.75,24.1,1.07,99.5
59,2026-01-10 12:00:00,9.72,2.9,777.4,0.0,59.78,24.6,25.45,26.1,1.31,99.48
59,2026-01-10 13:00:00,13.18,2.82,868.1,0.0,55.55,26.5,27.43,28.2,1.63,99.45
59,2026-01-10 14:00:00,13.43,3.01,906.6,0.0,51.25,28.9,29.6,30.2,2.02,99.41
59,2026-01-10 15:00:00,10.37,2.73,906.3,0.0,47.33,31.0,31.78,32.6,2.48,99.37
59,2026-01-10 16:00:00,12.56,2.15,875.3,0.0,42.03,32.6,33.25,33.6,2.96,99.33
59,2026-01-10 17:00:00,7.06,2.32,792.2,0.0,37.23,34.0,34.25,34.5,3.39,99.29
59,2026-01-10 18:00:00,8.53,1.75,671.2,0.0,33.88,33.7,34.05,34.3,3.53,99.25
59,2026-01-10 19:00:00,10.15,1.34,510.2,0.0,34.88,32.0,32.65,33.3,3.22,99.22
59,2026-01-10 20:00:00,4.75,1.03,321.9,0.0,32.58,30.7,31.28,31.8,3.08,99.22
59,2026-01-10 21:00:00,2.41,0.68,22.5,0.0,41.45,26.9,28.35,29.8,2.27,99.26
59,2026-01-10 22:00:00,4.25,0.9,2.8,0.0,40.78,24.9,25.73,26.0,1.96,99.34
59,2026-01-10 23:00:00,2.84,0.75,0.0,0.0,46.13,21.5,22.7,24.0,1.49,99.41
59,2026-01-11 00:00:00,2.38,1.13,0.0,0.0,58.2,18.6,19.38,20.6,0.95,99.48
59,2026-01-11 01:00:00,3.46,1.39,0.0,0.0,56.1,17.5,17.98,18.7,0.91,99.52
59,2026-01-11 02:00:00,3.1,1.25,0.0,0.0,55.7,16.8,17.08,17.3,0.86,99.5
59,2026-01-11 03:00:00,4.46,2.47,0.0,0.0,62.2,14.9,15.85,16.8,0.68,99.48
59,2026-01-11 04:00:00,3.64,2.04,0.0,0.0,71.2,13.5,14.08,14.7,0.47,99.43
59,2026-01-11 05:00:00,3.53,2.06,0.0,0.0,77.3,12.1,12.68,13.3,0.33,99.38
59,2026-01-11 06:00:00,3.24,1.91,0.0,0.0,80.35,11.8,12.1,12.4,0.28,99.36
59,2026-01-11 07:00:00,4.36,1.35,6.7,0.0,84.48,10.8,11.03,11.2,0.2,99.36
59,2026-01-11 08:00:00,4.57,1.37,131.5,0.0,79.35,11.6,13.55,15.8,0.33,99.4
59,2026-01-11 09:00:00,4.1,1.07,306.1,0.0,69.15,17.3,18.83,20.0,0.68,99.4
59,2026-01-11 10:00:00,9.5,1.68,494.7,0.0,65.73,20.5,21.1,22.1,0.86,99.39
59,2026-01-11 11:00:00,11.3,2.91,665.4,0.0,62.28,21.8,23.0,24.0,1.07,99.35
59,2026-01-11 12:00:00,10.87,2.94,803.5,0.0,56.85,24.5,25.5,26.6,1.41,99.32
59,2026-01-11 13:00:00,12.67,2.75,900.1,0.0,50.08,27.2,28.05,29.0,1.9,99.3
59,2026-01-11 14:00:00,8.96,2.43,939.3,0.0,45.23,29.6,30.23,31.2,2.36,99.27
59,2026-01-11 15:00:00,10.44,1.89,944.1,0.0,38.63,31.8,31.95,32.2,2.91,99.22
59,2026-01-11 16:00:00,5.8,1.74,884.2,0.0,33.9,32.2,33.1,34.1,3.35,99.18
59,2026-01-11 17:00:00,7.78,1.76,764.3,0.0,27.83,33.3,33.7,34.1,3.78,99.17
59,2026-01-11 18:00:00,5.36,1.32,487.9,0.0,27.98,32.0,32.18,32.4,3.46,99.14
59,2026-01-11 19:00:00,5.15,1.0,445.4,0.0,33.45,31.1,31.28,31.5,3.04,99.13
59,2026-01-11 20:00:00,5.76,1.7,137.5,0.0,34.78,29.2,30.03,31.2,2.77,99.19
59,2026-01-11 21:00:00,4.5,0.98,46.5,0.0,38.48,25.2,26.58,28.1,2.15,99.26
59,2026-01-11 22:00:00,3.28,0.74,5.8,0.0,44.9,22.2,23.3,24.6,1.58,99.33
59,2026-01-11 23:00:00,4.18,1.01,0.0,0.0,44.9,21.5,21.9,22.3,1.45,99.39
59,2026-01-12 00:00:00,4.5,1.03,0.0,0.0,48.33,19.9,20.78,21.4,1.27,99.42
59,2026-01-12 01:00:00,3.17,1.38,0.0,0.0,61.53,16.5,17.73,18.8,0.78,99.44
59,2026-01-12 02:00:00,3.2,1.41,0.0,0.0,72.68,14.8,15.53,16.2,0.48,99.41
59,2026-01-12 03:00:00,2.84,1.04,0.0,0.0,74.83,15.1,15.38,15.6,0.44,99.39
59,2026-01-12 04:00:00,4.07,1.1,0.0,0.0,78.4,14.6,14.9,15.2,0.37,99.38
59,2026-01-12 05:00:00,2.59,1.28,0.0,0.0,84.38,13.3,13.58,14.0,0.24,99.37
59,2026-01-12 06:00:00,2.84,1.26,0.0,0.0,88.45,12.7,12.93,13.2,0.18,99.4
59,2026-01-12 07:00:00,2.27,0.96,7.5,0.0,91.15,12.3,12.48,12.7,0.13,99.44
59,2026-01-12 08:00:00,3.17,1.34,91.6,0.0,91.85,13.0,13.83,14.6,0.13,99.46
59,2026-01-12 09:00:00,6.95,0.83,235.9,0.0,87.75,15.6,16.58,17.7,0.23,99.5
59,2026-01-12 10:00:00,10.15,1.73,487.2,0.0,76.5,18.9,19.55,20.4,0.54,99.52
59,2026-01-12 11:00:00,10.12,2.41,632.5,0.0,67.53,21.0,21.65,22.1,0.84,99.53
59,2026-01-12 12:00:00,12.6,3.04,823.4,0.0,64.2,22.7,23.73,24.6,1.05,99.54
59,2026-01-12 13:00:00,13.46,2.78,903.0,0.0,59.93,25.3,25.95,26.8,1.34,99.55
59,2026-01-12 14:00:00,10.26,2.2,940.9,0.0,53.75,26.9,27.28,27.8,1.68,99.55
59,2026-01-12 15:00:00,14.0,3.16,926.9,0.0,46.53,27.8,28.4,29.0,2.08,99.52
59,2026-01-12 16:00:00,10.55,2.58,894.5,0.0,41.18,29.0,29.43,29.9,2.42,99.48
59,2026-01-12 17:00:00,7.56,1.82,788.9,0.0,41.45,30.0,30.2,30.3,2.51,99.42
59,2026-01-12 18:00:00,6.37,1.58,668.4,0.0,43.03,29.7,29.95,30.1,2.41,99.37
59,2026-01-12 19:00:00,4.68,1.26,403.6,0.0,45.23,28.6,28.93,29.2,2.18,99.35
59,2026-01-12 20:00:00,3.17,0.9,282.1,0.0,47.4,27.3,28.1,28.5,2.0,99.36
59,2026-01-12 21:00:00,3.46,0.79,55.3,0.0,52.23,25.4,26.0,26.8,1.61,99.38
59,2026-01-12 22:00:00,2.92,0.77,10.6,0.0,55.83,23.7,24.23,24.8,1.34,99.41
59,2026-01-12 23:00:00,2.88,0.83,0.0,0.0,56.33,22.1,22.63,23.2,1.2,99.44
59,2026-01-13 00:00:00,4.79,0.87,0.0,0.0,55.65,21.0,21.45,21.9,1.14,99.44
59,2026-01-13 01:00:00,5.33,0.88,0.0,0.0,59.13,19.1,19.63,20.4,0.94,99.43
59,2026-01-13 02:00:00,4.07,1.01,0.0,0.0,61.43,18.1,18.45,18.9,0.82,99.41
59,2026-01-13 03:00:00,4.79,1.11,0.0,0.0,62.85,17.0,17.5,18.0,0.75,99.36
59,2026-01-13 04:00:00,2.84,0.88,0.0,0.0,66.83,15.6,16.05,16.6,0.61,99.33
59,2026-01-13 05:00:00,3.24,0.82,0.0,0.0,70.2,14.4,14.78,15.2,0.5,99.33
59,2026-01-13 06:00:00,4.93,0.99,0.0,0.0,72.43,13.6,13.95,14.2,0.44,99.36
59,2026-01-13 07:00:00,4.75,0.94,6.3,0.0,77.13,12.4,12.78,13.2,0.34,99.39
59,2026-01-13 08:00:00,5.44,1.26,120.4,0.0,76.53,12.3,13.3,14.0,0.36,99.45
59,2026-01-13 09:00:00,9.9,1.77,291.5,0.0,70.2,14.6,15.6,16.7,0.53,99.45
59,2026-01-13 10:00:00,15.8,2.33,478.4,0.0,68.4,17.2,17.4,17.7,0.63,99.45
59,2026-01-13 11:00:00,10.33,2.83,649.3,0.0,66.13,17.8,18.68,19.7,0.73,99.43
59,2026-01-13 12:00:00,10.94,2.7,788.0,0.0,62.53,20.0,21.03,21.7,0.94,99.39
59,2026-01-13 13:00:00,10.55,2.62,882.7,0.0,58.5,22.5,23.35,24.3,1.2,99.34
59,2026-01-13 14:00:00,11.92,2.43,921.3,0.0,53.95,24.9,25.68,26.6,1.52,99.3
59,2026-01-13 15:00:00,12.35,2.18,922.4,0.0,46.98,27.1,27.88,28.6,1.99,99.27
59,2026-01-13 16:00:00,9.32,2.16,897.1,0.0,40.63,28.8,29.28,29.6,2.42,99.22
59,2026-01-13 17:00:00,7.81,2.08,810.5,0.0,34.95,30.1,30.23,30.4,2.8,99.16
59,2026-01-13 18:00:00,7.96,2.25,677.0,0.0,33.95,30.6,30.8,31.1,2.94,99.1
59,2026-01-13 19:00:00,5.29,1.35,510.7,0.0,34.95,29.5,29.95,30.6,2.76,99.06
59,2026-01-13 20:00:00,4.25,0.94,319.7,0.0,37.03,28.7,28.93,29.3,2.51,99.04
59,2026-01-13 21:00:00,1.94,0.55,22.5,0.0,45.3,24.5,26.3,27.8,1.89,99.05
59,2026-01-13 22:00:00,2.12,0.92,2.5,0.0,58.28,20.9,22.18,23.6,1.12,99.08
59,2026-01-13 23:00:00,2.74,1.18,0.0,0.0,65.48,18.9,19.45,19.8,0.78,99.11
59,2026-01-14 00:00:00,2.63,1.32,0.0,0.0,70.6,16.8,17.43,18.1,0.59,99.12
59,2026-01-14 01:00:00,3.49,2.0,0.0,0.0,75.7,15.4,15.85,16.4,0.44,99.09
59,2026-01-14 02:00:00,3.13,1.87,0.0,0.0,78.98,14.5,14.8,15.0,0.36,99.05
59,2026-01-14 03:00:00,3.2,1.44,0.0,0.0,78.43,14.2,14.33,14.5,0.35,99.0
59,2026-01-14 04:00:00,2.81,1.93,0.0,0.0,81.9,13.2,13.6,13.9,0.28,98.97
59,2026-01-14 05:00:00,3.28,1.74,0.0,0.0,86.35,12.1,12.4,12.6,0.2,98.96
59,2026-01-14 06:00:00,3.35,1.81,0.0,0.0,87.9,11.4,11.7,12.0,0.17,98.99
59,2026-01-14 07:00:00,6.01,1.64,5.5,0.0,89.48,10.5,11.03,11.5,0.14,99.06
59,2026-01-14 08:00:00,3.49,1.67,123.2,0.0,88.38,10.6,12.08,13.7,0.16,99.16
59,2026-01-14 09:00:00,5.76,1.04,282.4,0.0,73.43,15.3,17.13,18.4,0.53,99.24
59,2026-01-14 10:00:00,7.81,2.3,466.8,0.0,64.78,18.8,19.13,20.0,0.78,99.33
59,2026-01-14 11:00:00,6.37,1.73,638.1,0.0,58.38,20.8,21.5,22.2,1.07,99.37
59,2026-01-14 12:00:00,9.29,1.96,775.6,0.0,52.08,22.1,23.2,23.8,1.37,99.36
59,2026-01-14 13:00:00,11.7,3.7,864.9,0.0,45.35,24.8,25.35,26.1,1.77,99.36
59,2026-01-14 14:00:00,19.55,7.51,918.5,0.0,38.93,26.4,27.15,27.7,2.2,99.36
59,2026-01-14 15:00:00,23.47,8.92,919.4,0.0,38.88,27.9,27.93,28.0,2.3,99.38
59,2026-01-14 16:00:00,20.77,8.87,877.1,0.0,44.55,27.6,27.7,27.8,2.06,99.39
59,2026-01-14 17:00:00,21.64,8.23,802.1,0.0,41.63,27.3,27.48,27.6,2.14,99.4
59,2026-01-14 18:00:00,23.72,8.57,663.2,0.0,39.75,26.8,27.1,27.3,2.16,99.36
59,2026-01-14 19:00:00,22.07,7.18,474.9,0.0,42.05,26.0,26.28,26.6,1.98,99.34
59,2026-01-14 20:00:00,15.7,5.62,302.3,0.0,47.9,24.2,25.03,25.6,1.66,99.35
59,2026-01-14 21:00:00,16.49,3.15,28.9,0.0,49.45,21.1,22.4,23.6,1.37,99.43
59,2026-01-14 22:00:00,13.9,2.14,1.9,0.0,55.18,18.4,19.43,20.2,1.02,99.54
59,2026-01-14 23:00:00,4.86,0.92,0.0,0.0,67.4,16.0,16.65,17.4,0.62,99.64
59,2026-01-15 00:00:00,4.32,0.93,0.0,0.0,76.05,14.7,15.2,15.6,0.42,99.67
59,2026-01-15 01:00:00,3.89,0.96,0.0,0.0,81.5,13.9,14.18,14.5,0.3,99.67
59,2026-01-15 02:00:00,2.52,0.83,0.0,0.0,85.23,13.0,13.38,13.7,0.23,99.64
59,2026-01-15 03:00:00,4.03,0.89,0.0,0.0,87.6,12.5,12.78,12.9,0.18,99.62
59,2026-01-15 04:00:00,2.34,1.22,0.0,0.0,89.88,12.0,12.18,12.4,0.15,99.58
59,2026-01-15 05:00:00,2.81,1.0,0.0,0.0,92.18,11.0,11.4,11.9,0.11,99.54
59,2026-01-15 06:00:00,2.48,1.03,0.0,0.0,92.48,10.6,10.73,10.8,0.1,99.55
59,2026-01-15 07:00:00,3.35,1.75,5.1,0.0,94.3,10.1,10.25,10.5,0.07,99.59
59,2026-01-15 08:00:00,2.7,1.07,84.4,0.04,95.98,10.0,11.05,12.1,0.05,99.65
59,2026-01-15 09:00:00,5.54,1.32,206.3,0.0,96.5,12.7,14.05,15.0,0.06,99.73
59,2026-01-15 10:00:00,7.67,1.83,358.0,0.0,85.8,15.2,16.48,17.5,0.27,99.78
59,2026-01-15 11:00:00,7.99,1.81,477.9,0.0,78.2,17.8,18.45,19.3,0.47,99.81
59,2026-01-15 12:00:00,13.93,2.94,792.0,0.0,67.98,20.4,21.05,21.7,0.8,99.82
59,2026-01-15 13:00:00,15.98,3.07,844.7,0.0,65.08,22.1,22.25,22.4,0.94,99.83
59,2026-01-15 14:00:00,12.28,3.07,911.4,0.0,61.18,23.1,23.68,24.6,1.14,99.8
59,2026-01-15 15:00:00,14.33,3.15,906.9,0.0,55.68,24.5,24.8,25.4,1.39,99.74
59,2026-01-15 16:00:00,12.85,2.49,879.9,0.0,51.33,25.5,26.1,26.5,1.65,99.71
59,2026-01-15 17:00:00,12.1,2.59,791.3,0.0,45.43,26.6,27.03,27.6,1.95,99.7
59,2026-01-15 18:00:00,12.49,3.04,668.4,0.0,43.65,27.2,27.43,27.6,2.06,99.65
59,2026-01-15 19:00:00,12.82,3.12,501.3,0.0,43.0,27.4,27.6,27.8,2.1,99.6
59,2026-01-15 20:00:00,6.66,1.38,312.4,0.0,46.33,26.4,27.0,27.7,1.92,99.59
59,2026-01-15 21:00:00,6.34,0.96,24.4,0.0,52.3,22.6,23.98,25.2,1.43,99.61
59,2026-01-15 22:00:00,3.1,0.78,1.9,0.0,57.63,19.9,20.85,21.9,1.05,99.64
59,2026-01-15 23:00:00,3.64,0.8,0.0,0.0,59.1,18.8,19.03,19.4,0.9,99.67
59,2026-01-16 00:00:00,4.64,1.11,0.0,0.0,55.55,18.0,18.43,18.7,0.94,99.66
59,2026-01-16 01:00:00,3.82,1.05,0.0,0.0,56.85,16.5,17.1,17.4,0.84,99.65
59,2026-01-16 02:00:00,3.2,0.81,0.0,0.0,61.8,14.5,15.13,15.8,0.66,99.61
59,2026-01-16 03:00:00,3.56,0.87,0.0,0.0,63.68,13.4,13.9,14.4,0.58,99.57
59,2026-01-16 04:00:00,1.87,0.91,0.0,0.0,67.93,11.9,12.53,13.1,0.47,99.52
59,2026-01-16 05:00:00,3.31,0.92,0.0,0.0,72.8,11.4,11.55,11.7,0.37,99.51
59,2026-01-16 06:00:00,2.81,1.0,0.0,0.0,76.23,11.0,11.05,11.2,0.32,99.52
59,2026-01-16 07:00:00,8.06,1.12,5.7,0.0,78.43,10.3,10.48,10.6,0.27,99.57
59,2026-01-16 08:00:00,3.42,0.89,110.9,0.0,78.75,10.1,11.3,12.6,0.29,99.6
59,2026-01-16 09:00:00,7.88,1.52,283.9,0.0,70.33,13.5,14.58,15.3,0.5,99.65
59,2026-01-16 10:00:00,13.28,2.19,472.8,0.0,68.0,15.9,16.45,17.0,0.6,99.65
59,2026-01-16 11:00:00,12.78,2.58,643.6,0.0,64.9,17.6,18.05,18.8,0.73,99.63
59,2026-01-16 12:00:00,13.68,3.61,782.0,0.0,61.78,19.0,19.78,20.2,0.88,99.63
59,2026-01-16 13:00:00,13.03,3.51,876.6,0.0,57.85,20.9,21.7,22.1,1.1,99.6
59,2026-01-16 14:00:00,10.76,3.55,920.1,0.0,53.5,23.1,23.93,24.6,1.38,99.55
59,2026-01-16 15:00:00,12.38,3.43,921.7,0.0,49.9,25.5,26.0,26.7,1.69,99.49
59,2026-01-16 16:00:00,9.86,2.76,891.5,0.0,45.75,27.0,27.7,28.4,2.02,99.43
59,2026-01-16 17:00:00,12.53,2.55,807.6,0.0,39.03,28.9,29.35,30.0,2.5,99.37
59,2026-01-16 18:00:00,9.61,2.55,680.3,0.0,34.68,30.2,30.5,30.7,2.85,99.3
59,2026-01-16 19:00:00,7.78,2.42,514.2,0.0,34.48,30.6,30.65,30.8,2.89,99.25
59,2026-01-16 20:00:00,6.08,1.75,323.0,0.0,37.88,28.9,29.9,30.6,2.63,99.22
59,2026-01-16 21:00:00,2.34,0.74,23.1,0.0,47.2,23.9,25.73,27.7,1.76,99.23
59,2026-01-16 22:00:00,1.91,0.61,1.8,0.0,58.98,20.3,21.33,22.6,1.05,99.25
59,2026-01-16 23:00:00,2.3,0.79,0.0,0.0,64.4,18.7,19.23,19.9,0.8,99.29
59,2026-01-17 00:00:00,3.17,0.77,0.0,0.0,63.93,18.2,18.38,18.6,0.76,99.33
59,2026-01-17 01:00:00,4.97,1.13,0.0,0.0,58.18,18.6,19.13,19.4,0.93,99.37
59,2026-01-17 02:00:00,5.47,1.29,0.0,0.0,59.08,19.0,19.35,19.6,0.92,99.41
59,2026-01-17 03:00:00,6.84,1.3,0.0,0.0,64.75,17.6,18.13,18.7,0.74,99.42
59,2026-01-17 04:00:00,4.61,1.13,0.0,0.0,70.15,16.5,16.83,17.3,0.57,99.41
59,2026-01-17 05:00:00,3.53,1.0,0.0,0.0,75.9,14.9,15.48,16.0,0.43,99.42
59,2026-01-17 06:00:00,3.35,0.87,0.0,0.0,81.8,13.6,14.15,14.7,0.3,99.45
59,2026-01-17 07:00:00,1.8,0.78,5.0,0.0,86.08,12.8,13.1,13.4,0.21,99.5
59,2026-01-17 08:00:00,5.94,1.06,111.7,0.0,87.05,12.8,13.88,15.0,0.21,99.55
59,2026-01-17 09:00:00,8.17,1.68,278.7,0.0,80.25,15.8,16.78,17.7,0.38,99.56
59,2026-01-17 10:00:00,10.76,2.16,470.3,0.0,73.13,18.1,18.83,19.5,0.59,99.55
59,2026-01-17 11:00:00,12.46,2.69,642.2,0.0,68.38,19.8,20.33,21.4,0.76,99.55
59,2026-01-17 12:00:00,13.28,2.58,781.1,0.0,65.28,21.6,22.25,23.0,0.93,99.53
59,2026-01-17 13:00:00,10.84,2.52,876.3,0.0,61.18,23.2,24.15,25.0,1.17,99.49
59,2026-01-17 14:00:00,13.9,2.33,917.7,0.0,55.2,25.6,26.13,26.7,1.52,99.44
59,2026-01-17 15:00:00,11.7,2.69,920.7,0.0,49.85,27.6,28.25,28.8,1.93,99.35
59,2026-01-17 16:00:00,13.36,2.86,886.8,0.0,46.43,29.1,29.58,30.1,2.22,99.27
59,2026-01-17 17:00:00,9.9,2.8,801.5,0.0,42.88,30.3,30.75,31.1,2.53,99.19
59,2026-01-17 18:00:00,14.44,2.94,675.4,0.0,38.65,31.0,31.18,31.3,2.79,99.14
59,2026-01-17 19:00:00,9.36,2.27,509.5,0.0,35.83,30.3,30.65,30.9,2.83,99.08
59,2026-01-17 20:00:00,7.31,1.81,309.8,0.0,37.13,28.6,29.6,30.3,2.61,99.06
59,2026-01-17 21:00:00,3.46,0.95,30.7,0.0,42.38,23.7,25.43,27.1,1.88,99.06
59,2026-01-17 22:00:00,3.67,1.07,1.9,0.0,44.4,21.4,22.0,22.8,1.47,99.07
59,2026-01-17 23:00:00,5.26,1.07,0.0,0.0,39.48,20.4,20.9,21.3,1.5,99.11
59,2026-01-18 00:00:00,4.54,1.01,0.0,0.0,41.78,18.6,19.28,20.0,1.31,99.11
59,2026-01-18 01:00:00,4.93,1.13,0.0,0.0,45.28,18.0,18.13,18.2,1.14,99.09
59,2026-01-18 02:00:00,5.94,1.22,0.0,0.0,49.83,17.5,17.75,18.1,1.02,99.04
59,2026-01-18 03:00:00,3.1,1.01,0.0,0.0,55.03,16.2,16.73,17.2,0.86,99.01
59,2026-01-18 04:00:00,4.32,0.96,0.0,0.0,61.25,14.9,15.43,16.0,0.68,98.97
59,2026-01-18 05:00:00,4.18,0.81,0.0,0.0,66.43,13.6,14.05,14.6,0.54,98.93
59,2026-01-18 06:00:00,2.74,0.81,0.0,0.0,69.18,12.6,13.03,13.4,0.46,98.89
59,2026-01-18 07:00:00,2.27,0.92,4.1,0.0,72.73,11.6,11.98,12.3,0.38,98.91
59,2026-01-18 08:00:00,3.13,1.23,107.1,0.0,74.43,11.6,12.78,14.2,0.38,98.94
59,2026-01-18 09:00:00,6.73,1.46,276.8,0.0,64.48,15.5,16.53,17.4,0.67,98.96
59,2026-01-18 10:00:00,6.05,1.62,464.6,0.0,60.78,18.1,18.73,19.2,0.85,98.96
59,2026-01-18 11:00:00,9.11,2.78,637.0,0.0,57.73,19.2,19.8,20.6,0.98,98.97
59,2026-01-18 12:00:00,8.82,2.72,777.5,0.0,53.9,21.0,21.88,22.7,1.21,98.97
59,2026-01-18 13:00:00,9.54,2.45,870.2,0.0,50.6,23.2,24.08,25.0,1.48,98.98
59,2026-01-18 14:00:00,12.89,2.53,906.5,0.0,46.98,25.4,26.55,27.5,1.85,98.96
59,2026-01-18 15:00:00,8.82,2.06,913.1,0.0,44.05,28.0,28.3,28.8,2.16,98.9
59,2026-01-18 16:00:00,8.71,2.58,881.9,0.0,40.93,29.4,30.4,31.4,2.57,98.82
59,2026-01-18 17:00:00,8.93,2.7,799.7,0.0,37.75,31.9,32.33,32.7,3.02,98.76
59,2026-01-18 18:00:00,6.05,1.67,667.1,0.0,35.55,32.7,33.13,33.5,3.27,98.71
59,2026-01-18 19:00:00,3.71,1.51,508.3,0.0,32.28,33.0,33.58,34.0,3.52,98.67
59,2026-01-18 20:00:00,4.0,1.47,313.5,0.0,38.25,32.3,32.85,33.8,3.09,98.68
59,2026-01-18 21:00:00,7.56,1.87,29.3,0.0,47.48,26.8,28.58,30.6,2.07,98.71
59,2026-01-18 22:00:00,4.46,0.93,1.8,0.0,55.5,22.1,23.75,25.2,1.32,98.77
59,2026-01-18 23:00:00,4.9,1.61,0.0,0.0,61.4,20.7,21.15,21.7,0.97,98.87
59,2026-01-19 00:00:00,5.44,1.66,0.0,0.0,57.7,19.8,20.2,20.6,1.0,98.92
59,2026-01-19 01:00:00,3.56,1.06,0.0,0.0,59.2,18.5,18.8,19.4,0.89,98.91
59,2026-01-19 02:00:00,4.9,1.59,0.0,0.0,65.03,16.9,17.35,17.8,0.69,98.9
59,2026-01-19 03:00:00,5.8,1.65,0.0,0.0,64.8,16.7,16.93,17.2,0.68,98.86
59,2026-01-19 04:00:00,4.57,1.63,0.0,0.0,65.83,15.7,16.28,16.6,0.64,98.84
59,2026-01-19 05:00:00,3.92,1.59,0.0,0.0,75.75,14.0,14.43,15.1,0.4,98.82
59,2026-01-19 06:00:00,2.84,1.36,0.0,0.0,82.23,12.9,13.2,13.6,0.27,98.82
59,2026-01-19 07:00:00,3.42,1.73,3.4,0.0,85.73,12.3,12.58,12.9,0.21,98.85
59,2026-01-19 08:00:00,5.65,1.93,85.9,0.0,81.0,12.5,14.0,15.4,0.31,98.92
59,2026-01-19 09:00:00,6.52,1.49,252.5,0.0,72.85,16.1,17.75,19.2,0.56,99.0
59,2026-01-19 10:00:00,9.0,2.81,431.7,0.0,63.4,20.0,21.03,22.1,0.91,99.02
59,2026-01-19 11:00:00,9.36,3.49,605.9,0.0,56.6,23.0,23.7,24.4,1.27,99.04
59,2026-01-19 12:00:00,10.51,3.13,733.4,0.0,50.18,25.3,25.9,26.5,1.67,99.05
59,2026-01-19 13:00:00,10.66,2.85,809.5,0.0,47.5,27.1,27.88,28.6,1.97,99.05
59,2026-01-19 14:00:00,12.28,3.85,877.3,0.0,44.68,29.1,29.53,30.0,2.29,99.03
59,2026-01-19 15:00:00,10.94,2.33,873.7,0.0,42.9,30.3,30.85,31.6,2.55,99.0
59,2026-01-19 16:00:00,13.28,2.87,828.8,0.0,37.75,31.9,32.5,32.9,3.05,98.96
59,2026-01-19 17:00:00,15.3,4.74,743.9,0.0,35.88,33.1,33.35,33.6,3.29,98.94
59,2026-01-19 18:00:00,14.9,5.06,601.7,0.0,37.28,32.8,33.28,33.7,3.21,98.91
59,2026-01-19 19:00:00,12.89,6.24,418.5,0.0,41.43,31.3,31.78,32.2,2.75,98.89
59,2026-01-19 20:00:00,15.8,6.26,203.3,0.0,44.78,28.8,29.68,30.6,2.3,98.93
59,2026-01-19 21:00:00,9.61,3.46,60.5,0.0,50.93,25.4,26.83,28.1,1.74,99.0
59,2026-01-19 22:00:00,4.72,1.06,1.5,0.0,59.1,22.1,23.05,24.3,1.16,99.08
59,2026-01-19 23:00:00,5.15,1.32,0.0,0.0,64.38,19.9,20.73,21.5,0.87,99.15
59,2026-01-20 00:00:00,4.18,1.17,0.0,0.0,70.58,18.2,18.63,19.2,0.63,99.18
59,2026-01-20 01:00:00,4.5,1.31,0.0,0.0,73.73,16.8,17.3,17.8,0.52,99.18
59,2026-01-20 02:00:00,4.0,1.58,0.0,0.0,76.75,16.2,16.43,16.7,0.43,99.18
59,2026-01-20 03:00:00,3.89,1.46,0.0,0.0,80.73,15.1,15.58,15.9,0.34,99.15
59,2026-01-20 04:00:00,3.42,1.31,0.0,0.0,85.63,14.2,14.45,14.8,0.24,99.1
59,2026-01-20 05:00:00,3.46,1.1,0.0,0.0,88.5,13.6,13.78,14.0,0.18,99.06
59,2026-01-20 06:00:00,2.77,1.34,0.0,0.0,90.83,13.0,13.23,13.5,0.14,99.06
59,2026-01-20 07:00:00,2.56,1.26,2.8,0.0,91.83,12.7,12.78,12.8,0.12,99.08
59,2026-01-20 08:00:00,3.96,1.56,86.8,0.0,92.23,12.8,13.4,14.1,0.12,99.13
59,2026-01-20 09:00:00,8.24,2.7,230.4,0.0,89.85,14.7,15.68,16.6,0.19,99.18
59,2026-01-20 10:00:00,10.48,3.49,404.8,0.0,79.98,17.5,18.55,19.6,0.43,99.21
59,2026-01-20 11:00:00,12.78,4.24,581.0,0.0,69.93,20.4,21.25,22.1,0.76,99.22
59,2026-01-20 12:00:00,12.28,4.61,712.4,0.0,62.68,22.4,23.05,23.6,1.06,99.24
59,2026-01-20 13:00:00,12.71,5.24,793.6,0.0,60.83,23.8,24.55,25.5,1.21,99.27
59,2026-01-20 14:00:00,14.62,4.42,844.1,0.0,59.33,25.7,26.25,26.7,1.39,99.27
59,2026-01-20 15:00:00,17.5,6.77,852.3,0.0,56.5,26.8,26.95,27.3,1.55,99.27
59,2026-01-20 16:00:00,16.56,5.79,818.9,0.0,54.73,27.3,27.55,27.7,1.67,99.27
59,2026-01-20 17:00:00,15.16,5.67,737.5,0.0,53.23,27.8,28.03,28.3,1.77,99.24
59,2026-01-20 18:00:00,14.58,4.85,599.7,0.0,52.25,28.2,28.35,28.5,1.84,99.22
59,2026-01-20 19:00:00,9.86,3.49,421.7,0.0,52.93,28.1,28.3,28.5,1.81,99.18
59,2026-01-20 20:00:00,10.26,3.63,232.5,0.0,56.05,26.1,26.95,27.6,1.56,99.17
59,2026-01-20 21:00:00,9.5,2.55,42.9,0.0,59.63,23.1,24.23,25.3,1.23,99.19
59,2026-01-20 22:00:00,2.7,0.53,1.3,0.0,67.33,20.2,21.1,22.1,0.82,99.21
59,2026-01-20 23:00:00,2.52,0.79,0.0,0.0,73.73,18.5,19.1,19.7,0.58,99.27
59,2026-01-21 00:00:00,3.56,1.09,0.0,0.0,78.28,17.2,17.68,18.1,0.44,99.3
59,2026-01-21 01:00:00,2.52,0.87,0.0,0.0,82.05,16.3,16.65,17.1,0.34,99.3
59,2026-01-21 02:00:00,2.2,0.82,0.0,0.0,85.0,15.3,15.73,16.1,0.27,99.3
59,2026-01-21 03:00:00,2.02,0.93,0.0,0.0,89.08,14.3,14.68,15.1,0.18,99.28
59,2026-01-21 04:00:00,2.66,1.25,0.0,0.0,91.18,13.6,13.93,14.3,0.14,99.23
59,2026-01-21 05:00:00,2.7,0.92,0.0,0.0,90.35,12.8,13.08,13.6,0.15,99.19
59,2026-01-21 06:00:00,1.98,0.86,0.0,0.0,92.03,12.1,12.25,12.4,0.12,99.2
59,2026-01-21 07:00:00,1.58,0.79,2.7,0.0,92.98,11.6,11.7,11.9,0.1,99.24
59,2026-01-21 08:00:00,2.02,0.8,91.6,0.0,94.55,11.5,11.98,12.7,0.08,99.28
59,2026-01-21 09:00:00,6.05,1.45,236.5,0.0,93.58,13.7,14.88,15.9,0.11,99.33
59,2026-01-21 10:00:00,9.94,2.92,421.8,0.0,81.25,16.3,17.25,18.5,0.38,99.36
59,2026-01-21 11:00:00,10.98,3.22,589.4,0.0,70.9,18.7,19.6,20.2,0.67,99.38
59,2026-01-21 12:00:00,10.04,2.91,734.3,0.0,64.0,21.3,21.6,21.9,0.93,99.41
59,2026-01-21 13:00:00,10.4,3.13,838.1,0.0,60.93,22.2,23.33,24.3,1.12,99.42
59,2026-01-21 14:00:00,11.81,3.04,882.5,0.0,56.43,24.4,25.13,26.0,1.39,99.4
59,2026-01-21 15:00:00,12.6,3.56,881.5,0.0,52.83,26.6,27.4,28.5,1.73,99.36
59,2026-01-21 16:00:00,16.24,3.32,840.5,0.0,47.9,28.1,28.6,28.9,2.04,99.31
59,2026-01-21 17:00:00,10.26,3.5,767.9,0.0,47.15,29.3,29.55,29.7,2.19,99.25
59,2026-01-21 18:00:00,14.15,5.47,617.5,0.0,50.25,29.4,29.58,29.7,2.06,99.21
59,2026-01-21 19:00:00,14.54,5.23,465.3,0.0,49.35,28.7,29.1,29.3,2.04,99.16
59,2026-01-21 20:00:00,16.67,4.76,289.5,0.0,49.68,27.0,27.8,28.6,1.88,99.17
59,2026-01-21 21:00:00,10.87,3.35,36.9,0.0,52.3,23.6,24.93,26.2,1.51,99.2
59,2026-01-21 22:00:00,6.52,1.54,1.5,0.0,57.03,20.3,21.48,22.9,1.11,99.26
59,2026-01-21 23:00:00,4.64,1.03,0.0,0.0,60.7,17.6,18.48,19.4,0.84,99.34
59,2026-01-22 00:00:00,1.91,0.86,0.0,0.0,67.58,16.0,16.48,17.2,0.61,99.37
59,2026-01-22 01:00:00,1.87,0.93,0.0,0.0,71.2,14.9,15.25,15.6,0.5,99.35
59,2026-01-22 02:00:00,2.12,0.88,0.0,0.0,75.48,13.8,14.13,14.7,0.4,99.34
59,2026-01-22 03:00:00,2.81,1.3,0.0,0.0,80.18,12.9,13.23,13.6,0.3,99.34
59,2026-01-22 04:00:00,2.63,1.13,0.0,0.0,83.53,12.0,12.33,12.6,0.24,99.33
59,2026-01-22 05:00:00,3.38,1.08,0.0,0.0,87.18,11.3,11.68,11.8,0.18,99.32
59,2026-01-22 06:00:00,2.77,1.22,0.0,0.0,89.38,11.0,11.33,11.5,0.14,99.34
59,2026-01-22 07:00:00,2.23,1.06,2.3,0.0,91.03,10.7,10.73,10.8,0.12,99.4
59,2026-01-22 08:00:00,2.3,1.12,85.3,0.0,93.35,10.6,11.05,11.7,0.09,99.46
59,2026-01-22 09:00:00,6.23,0.98,227.3,0.0,89.93,12.7,14.53,16.1,0.17,99.51
59,2026-01-22 10:00:00,6.91,1.57,404.1,0.0,76.93,17.0,17.68,18.3,0.47,99.54
59,2026-01-22 11:00:00,12.35,3.22,586.1,0.0,70.58,18.6,19.1,19.7,0.65,99.54
59,2026-01-22 12:00:00,14.33,3.03,723.1,0.0,64.85,20.2,21.13,22.1,0.88,99.54
59,2026-01-22 13:00:00,10.01,3.15,829.6,0.0,62.43,22.1,22.9,23.5,1.05,99.53
59,2026-01-22 14:00:00,10.66,2.93,874.4,0.0,58.9,24.0,24.68,25.3,1.28,99.48
59,2026-01-22 15:00:00,10.3,2.83,875.9,0.0,54.68,25.8,26.38,26.9,1.56,99.4
59,2026-01-22 16:00:00,10.33,3.28,828.9,0.0,49.88,27.6,27.98,28.5,1.89,99.33
59,2026-01-22 17:00:00,9.76,2.15,752.7,0.0,46.9,28.8,29.03,29.5,2.13,99.26
59,2026-01-22 18:00:00,8.68,1.74,633.6,0.0,44.58,28.9,29.38,29.8,2.27,99.2
59,2026-01-22 19:00:00,6.73,1.34,471.5,0.0,43.75,29.4,29.48,29.6,2.32,99.15
59,2026-01-22 20:00:00,3.78,0.94,281.1,0.0,45.7,28.1,28.73,29.4,2.15,99.14
59,2026-01-22 21:00:00,2.09,0.63,34.2,0.0,52.75,24.4,25.88,27.3,1.58,99.16
59,2026-01-22 22:00:00,7.2,1.12,1.5,0.0,59.25,21.4,22.28,23.2,1.1,99.19
59,2026-01-22 23:00:00,2.48,0.71,0.0,0.0,63.98,19.0,19.85,20.8,0.84,99.23
59,2026-01-23 00:00:00,2.74,0.79,0.0,0.0,65.0,17.6,18.18,18.5,0.73,99.24
59,2026-01-23 01:00:00,2.59,0.89,0.0,0.0,73.6,15.4,16.03,16.7,0.48,99.23
59,2026-01-23 02:00:00,1.58,0.68,0.0,0.0,77.58,14.0,14.58,15.1,0.37,99.21
59,2026-01-23 03:00:00,2.52,0.86,0.0,0.0,80.3,13.4,13.63,13.9,0.31,99.19
59,2026-01-23 04:00:00,2.74,1.24,0.0,0.0,85.13,12.5,12.8,13.1,0.22,99.16
59,2026-01-23 05:00:00,3.13,1.62,0.0,0.0,88.15,11.8,12.08,12.5,0.17,99.16
59,2026-01-23 06:00:00,3.64,1.71,0.0,0.0,90.45,11.2,11.53,11.7,0.13,99.18
59,2026-01-23 07:00:00,3.71,1.64,2.2,0.0,91.33,11.0,11.28,11.4,0.12,99.25
59,2026-01-23 08:00:00,2.41,0.96,87.3,0.0,92.4,10.8,11.25,12.1,0.1,99.33
59,2026-01-23 09:00:00,4.82,1.15,235.1,0.0,88.83,13.4,15.33,16.9,0.2,99.41
59,2026-01-23 10:00:00,5.15,1.6,420.5,0.0,73.1,18.2,19.0,19.9,0.6,99.43
59,2026-01-23 11:00:00,8.6,2.5,587.6,0.0,67.1,20.2,20.75,21.4,0.81,99.45
59,2026-01-23 12:00:00,8.93,2.82,728.5,0.0,61.83,22.2,23.15,23.8,1.08,99.45
59,2026-01-23 13:00:00,10.84,3.26,822.0,0.0,58.0,24.5,25.25,25.9,1.35,99.44
59,2026-01-23 14:00:00,9.94,2.84,864.3,0.0,53.25,26.9,27.53,28.4,1.72,99.41
59,2026-01-23 15:00:00,8.68,2.39,867.9,0.0,46.05,28.6,29.3,29.8,2.2,99.37
59,2026-01-23 16:00:00,11.84,2.77,835.5,0.0,44.95,30.1,30.68,31.2,2.43,99.32
59,2026-01-23 17:00:00,10.98,3.27,747.6,0.0,42.08,30.9,31.58,32.0,2.69,99.26
59,2026-01-23 18:00:00,8.21,1.84,615.7,0.0,42.35,31.4,31.55,31.7,2.68,99.2
59,2026-01-23 19:00:00,16.31,3.6,443.7,0.0,43.2,30.7,31.53,32.0,2.63,99.16
59,2026-01-23 20:00:00,17.14,6.11,272.5,0.0,44.63,29.1,29.78,30.4,2.32,99.17
59,2026-01-23 21:00:00,12.67,3.95,40.5,0.0,46.2,25.7,26.93,28.2,1.91,99.22
59,2026-01-23 22:00:00,6.44,1.55,1.1,0.0,49.95,22.5,23.43,24.7,1.45,99.29
59,2026-01-23 23:00:00,2.56,0.86,0.0,0.0,54.93,20.1,20.98,21.8,1.12,99.36
59,2026-01-24 00:00:00,2.02,0.61,0.0,0.0,62.18,18.0,18.78,19.5,0.82,99.37
59,2026-01-24 01:00:00,3.06,1.1,0.0,0.0,72.6,16.2,16.85,17.6,0.53,99.37
59,2026-01-24 02:00:00,2.7,1.41,0.0,0.0,79.2,15.2,15.58,15.8,0.37,99.36
59,2026-01-24 03:00:00,2.95,1.25,0.0,0.0,81.58,14.3,14.73,15.3,0.31,99.34
59,2026-01-24 04:00:00,4.75,2.05,0.0,0.0,81.83,13.8,14.13,14.5,0.29,99.31
59,2026-01-24 05:00:00,4.75,1.56,0.0,0.0,80.03,13.7,14.05,14.4,0.32,99.3
59,2026-01-24 06:00:00,4.0,1.64,0.0,0.0,82.43,13.2,13.4,13.6,0.27,99.34
59,2026-01-24 07:00:00,4.39,1.66,1.9,0.0,84.1,12.7,12.95,13.1,0.24,99.43
59,2026-01-24 08:00:00,7.09,2.23,81.2,0.0,86.35,12.6,12.95,13.5,0.21,99.49
59,2026-01-24 09:00:00,8.89,2.92,246.3,0.0,85.45,14.1,15.03,16.0,0.25,99.55
59,2026-01-24 10:00:00,11.95,3.5,428.6,0.0,75.88,16.8,17.63,18.5,0.49,99.57
59,2026-01-24 11:00:00,13.03,3.67,599.8,0.0,66.8,18.9,19.73,20.6,0.76,99.55
59,2026-01-24 12:00:00,11.38,3.53,740.4,0.0,63.28,21.3,21.73,22.3,0.96,99.52
59,2026-01-24 13:00:00,15.3,3.43,838.2,0.0,57.9,23.4,23.98,24.5,1.26,99.49
59,2026-01-24 14:00:00,11.59,3.83,883.4,0.0,51.03,25.6,26.0,26.5,1.65,99.45
59,2026-01-24 15:00:00,10.37,3.56,885.0,0.0,49.23,26.5,27.43,28.0,1.86,99.38
59,2026-01-24 16:00:00,12.13,3.76,856.2,0.0,46.98,28.5,29.03,29.7,2.13,99.3
59,2026-01-24 17:00:00,11.99,3.96,776.4,0.0,43.13,30.0,30.2,30.4,2.44,99.24
59,2026-01-24 18:00:00,8.93,2.58,646.9,0.0,40.9,30.5,30.55,30.6,2.59,99.18
59,2026-01-24 19:00:00,8.57,2.12,483.0,0.0,39.5,30.8,31.03,31.2,2.72,99.12
59,2026-01-24 20:00:00,14.18,4.36,299.2,0.0,40.25,28.3,29.45,30.6,2.46,99.11
59,2026-01-24 21:00:00,13.07,2.87,26.5,0.0,42.0,24.2,25.88,27.5,1.95,99.16
59,2026-01-24 22:00:00,5.76,0.93,1.1,0.0,51.1,20.6,21.9,23.4,1.29,99.24
59,2026-01-24 23:00:00,3.06,0.81,0.0,0.0,59.23,18.0,19.05,20.0,0.9,99.3
59,2026-01-25 00:00:00,2.81,1.0,0.0,0.0,64.8,16.8,17.45,18.1,0.71,99.31
59,2026-01-25 01:00:00,2.38,0.84,0.0,0.0,70.2,15.7,16.03,16.4,0.55,99.31
59,2026-01-25 02:00:00,2.63,1.08,0.0,0.0,74.95,14.7,15.23,15.5,0.44,99.3
59,2026-01-25 03:00:00,1.73,0.84,0.0,0.0,79.3,13.8,14.1,14.5,0.34,99.25
59,2026-01-25 04:00:00,2.81,0.86,0.0,0.0,82.55,13.2,13.35,13.6,0.27,99.21
59,2026-01-25 05:00:00,3.67,1.58,0.0,0.0,84.45,12.7,12.93,13.2,0.23,99.21
59,2026-01-25 06:00:00,3.71,1.37,0.0,0.0,85.9,12.3,12.48,12.6,0.2,99.22
59,2026-01-25 07:00:00,4.72,1.95,1.4,0.0,87.7,12.1,12.25,12.3,0.18,99.29
59,2026-01-25 08:00:00,6.84,1.99,78.1,0.0,86.53,12.2,12.8,13.5,0.2,99.37
59,2026-01-25 09:00:00,9.22,2.96,240.1,0.0,83.18,14.2,15.15,16.1,0.29,99.43
59,2026-01-25 10:00:00,12.38,4.3,415.7,0.0,73.63,16.7,17.53,18.2,0.53,99.5
59,2026-01-25 11:00:00,15.16,4.68,594.9,0.0,65.78,18.7,19.45,20.2,0.78,99.54
59,2026-01-25 12:00:00,17.1,6.03,755.0,0.0,58.38,20.6,21.2,22.0,1.05,99.58
59,2026-01-25 13:00:00,15.19,5.24,809.8,0.0,52.55,22.7,22.95,23.1,1.33,99.62
59,2026-01-25 14:00:00,14.22,5.16,842.7,0.0,52.58,23.1,23.7,24.1,1.39,99.65
59,2026-01-25 15:00:00,13.86,4.76,535.8,0.0,53.38,22.1,22.9,23.5,1.3,99.69
59,2026-01-25 16:00:00,14.9,5.46,172.2,0.0,56.48,21.0,21.4,21.9,1.11,99.72
59,2026-01-25 17:00:00,18.07,6.34,223.6,0.0,58.45,20.2,20.73,21.1,1.02,99.73
59,2026-01-25 18:00:00,13.72,4.76,107.1,0.0,61.3,19.3,19.73,20.0,0.89,99.73
59,2026-01-25 19:00:00,13.21,3.92,63.3,0.0,62.75,18.5,18.8,19.0,0.81,99.68
59,2026-01-25 20:00:00,10.44,2.81,48.1,0.0,63.73,18.1,18.28,18.4,0.76,99.67
59,2026-01-25 21:00:00,4.9,1.8,39.3,0.0,65.5,17.8,17.98,18.1,0.71,99.69
59,2026-01-25 22:00:00,3.82,1.22,3.5,0.0,74.23,15.6,16.38,17.2,0.48,99.72
59,2026-01-25 23:00:00,3.42,1.59,0.0,0.0,80.6,14.3,14.75,15.3,0.33,99.72
59,2026-01-26 00:00:00,4.64,1.86,0.0,0.0,82.78,13.5,14.03,14.3,0.28,99.74
59,2026-01-26 01:00:00,3.85,1.5,0.0,0.0,86.3,12.7,12.95,13.1,0.2,99.78
59,2026-01-26 02:00:00,7.85,2.42,0.0,0.0,87.95,12.6,12.7,13.0,0.18,99.81
59,2026-01-26 03:00:00,4.28,1.17,0.0,0.0,89.28,11.7,12.05,12.6,0.15,99.76
59,2026-01-26 04:00:00,1.69,0.94,0.0,0.0,90.68,11.3,11.43,11.6,0.13,99.74
59,2026-01-26 05:00:00,2.52,1.08,0.0,0.0,91.03,11.0,11.1,11.2,0.12,99.73
59,2026-01-26 06:00:00,2.27,1.16,0.0,0.0,92.45,10.5,10.7,11.0,0.1,99.76
59,2026-01-26 07:00:00,2.77,1.39,1.3,0.0,93.58,10.0,10.18,10.4,0.08,99.79
59,2026-01-26 08:00:00,3.49,1.65,77.4,0.0,93.45,10.0,10.65,11.6,0.08,99.79
59,2026-01-26 09:00:00,6.77,1.42,232.2,0.0,91.7,12.5,13.98,15.3,0.14,99.8
59,2026-01-26 10:00:00,6.62,1.56,420.4,0.0,75.7,16.4,17.33,18.0,0.48,99.79
59,2026-01-26 11:00:00,10.91,2.55,588.7,0.0,67.53,18.5,19.2,20.1,0.73,99.79
59,2026-01-26 12:00:00,9.97,2.33,732.1,0.0,64.7,20.0,21.08,21.7,0.88,99.79
59,2026-01-26 13:00:00,13.93,3.25,829.3,0.0,61.88,22.4,22.93,23.6,1.07,99.76
59,2026-01-26 14:00:00,10.91,2.76,872.9,0.0,58.9,24.1,24.78,25.6,1.29,99.7
59,2026-01-26 15:00:00,12.2,2.69,874.2,0.0,56.43,25.5,26.1,26.5,1.48,99.65
59,2026-01-26 16:00:00,12.53,3.16,845.3,0.0,53.85,26.7,27.25,27.8,1.67,99.6
59,2026-01-26 17:00:00,8.75,2.42,766.8,0.0,51.35,27.8,27.93,28.2,1.83,99.56
59,2026-01-26 18:00:00,9.36,2.18,635.5,0.0,50.38,28.0,28.28,28.6,1.91,99.52
59,2026-01-26 19:00:00,6.34,1.79,468.3,0.0,48.78,28.3,28.65,29.1,2.01,99.49
59,2026-01-26 20:00:00,14.15,2.85,223.5,0.0,49.75,27.7,28.18,28.6,1.92,99.5
59,2026-01-26 21:00:00,14.76,5.39,34.9,0.0,53.23,24.1,25.38,26.6,1.52,99.58
59,2026-01-26 22:00:00,13.82,3.67,0.7,0.0,58.5,21.6,22.33,23.2,1.12,99.69
59,2026-01-26 23:00:00,6.52,1.21,0.0,0.0,64.43,19.2,20.2,21.2,0.85,99.78
59,2026-01-27 00:00:00,2.74,1.17,0.0,0.0,72.83,17.2,17.9,18.8,0.56,99.83
59,2026-01-27 01:00:00,3.02,1.43,0.0,0.0,79.83,15.8,16.33,16.8,0.38,99.83
59,2026-01-27 02:00:00,3.06,1.44,0.0,0.0,83.6,15.0,15.38,15.8,0.29,99.84
59,2026-01-27 03:00:00,2.92,1.35,0.0,0.0,86.35,14.2,14.43,14.6,0.23,99.81
59,2026-01-27 04:00:00,2.95,1.35,0.0,0.0,88.1,13.4,13.7,14.0,0.19,99.79
59,2026-01-27 05:00:00,3.53,1.65,0.0,0.0,89.98,12.9,13.15,13.4,0.15,99.78
59,2026-01-27 06:00:00,2.48,1.24,0.0,0.0,91.68,12.3,12.4,12.6,0.12,99.78
59,2026-01-27 07:00:00,3.02,1.3,1.3,0.0,92.93,11.7,11.85,12.0,0.1,99.81
59,2026-01-27 08:00:00,2.52,1.23,70.5,0.0,93.2,11.6,12.0,12.8,0.1,99.86
59,2026-01-27 09:00:00,5.76,1.06,238.1,0.0,88.13,14.1,16.15,17.8,0.23,99.91
59,2026-01-27 10:00:00,9.54,1.68,428.7,0.0,73.68,18.4,19.2,19.9,0.59,99.9
59,2026-01-27 11:00:00,9.14,2.78,599.3,0.0,67.85,19.8,20.58,21.4,0.78,99.9
59,2026-01-27 12:00:00,15.48,3.0,742.3,0.0,62.85,22.0,23.08,24.1,1.05,99.89
59,2026-01-27 13:00:00,11.56,3.02,919.8,0.0,57.88,24.7,25.5,26.4,1.38,99.87
59,2026-01-27 14:00:00,13.86,2.82,765.1,0.0,56.6,25.8,26.25,26.6,1.48,99.86
59,2026-01-27 15:00:00,9.94,2.62,496.3,0.0,58.25,25.5,25.9,26.1,1.4,99.85
59,2026-01-27 16:00:00,12.6,2.26,1027.1,0.0,53.0,25.9,27.65,28.8,1.75,99.81
59,2026-01-27 17:00:00,16.78,2.89,823.9,0.0,49.43,28.4,28.78,29.0,2.0,99.76
59,2026-01-27 18:00:00,8.78,2.1,675.6,0.0,46.63,29.1,29.48,30.0,2.2,99.71
59,2026-01-27 19:00:00,7.99,1.61,441.7,0.0,44.7,29.4,29.7,30.0,2.31,99.69
59,2026-01-27 20:00:00,3.74,1.01,244.0,0.0,48.03,28.2,28.7,29.1,2.05,99.7
59,2026-01-27 21:00:00,2.34,0.48,31.5,0.0,54.65,24.6,26.1,27.5,1.54,99.74
59,2026-01-27 22:00:00,9.11,1.63,0.7,0.0,58.03,21.7,22.9,23.7,1.18,99.8
59,2026-01-27 23:00:00,2.77,0.83,0.0,0.0,64.75,19.4,20.25,21.0,0.84,99.87
59,2026-01-28 00:00:00,2.81,0.83,0.0,0.0,69.5,18.4,18.7,19.0,0.66,99.92
59,2026-01-28 01:00:00,3.42,0.89,0.0,0.0,71.4,17.0,17.53,18.0,0.58,99.91
59,2026-01-28 02:00:00,3.67,1.01,0.0,0.0,75.98,16.2,16.48,16.6,0.45,99.89
59,2026-01-28 03:00:00,2.38,0.79,0.0,0.0,81.4,15.0,15.3,15.7,0.32,99.8
59,2026-01-28 04:00:00,2.74,0.8,0.0,0.0,86.78,14.9,15.05,15.2,0.23,99.76
59,2026-01-28 05:00:00,2.45,1.08,0.0,0.0,90.63,14.2,14.55,14.9,0.15,99.73
59,2026-01-28 06:00:00,2.59,0.96,0.0,0.0,91.8,13.7,13.95,14.2,0.13,99.68
59,2026-01-28 07:00:00,2.84,0.9,1.1,0.0,93.68,12.9,13.15,13.4,0.1,99.66
59,2026-01-28 08:00:00,2.81,1.34,71.5,0.0,94.03,13.0,13.23,13.7,0.09,99.67
59,2026-01-28 09:00:00,5.76,1.12,233.7,0.0,93.8,15.1,16.98,18.5,0.13,99.65
59,2026-01-28 10:00:00,7.24,1.44,425.9,0.0,78.95,19.2,20.0,20.7,0.5,99.63
59,2026-01-28 11:00:00,10.19,2.42,599.3,0.0,70.65,21.0,21.68,22.6,0.76,99.62
59,2026-01-28 12:00:00,10.55,1.88,742.3,0.0,63.6,23.2,23.98,24.6,1.09,99.61
59,2026-01-28 13:00:00,13.68,2.17,839.9,0.0,57.98,25.4,26.18,27.0,1.43,99.56
59,2026-01-28 14:00:00,11.59,2.61,883.4,0.0,53.2,27.7,28.58,29.5,1.83,99.51
59,2026-01-28 15:00:00,12.2,2.25,885.8,0.0,48.35,30.0,30.45,30.9,2.25,99.45
59,2026-01-28 16:00:00,11.2,2.34,859.5,0.0,44.33,31.2,31.6,32.1,2.59,99.38
59,2026-01-28 17:00:00,14.9,3.03,784.3,0.0,40.15,32.9,33.05,33.1,3.02,99.31
59,2026-01-28 18:00:00,12.35,2.8,647.1,0.0,38.73,33.2,33.6,33.9,3.19,99.25
59,2026-01-28 19:00:00,7.92,2.59,484.7,0.0,38.25,33.7,33.88,34.0,3.26,99.2
59,2026-01-28 20:00:00,4.79,1.56,296.0,0.0,40.23,31.7,32.53,33.1,2.93,99.19
59,2026-01-28 21:00:00,2.3,0.69,35.1,0.0,47.2,26.5,28.65,30.8,2.1,99.19
59,2026-01-28 22:00:00,4.54,0.7,0.7,0.0,58.08,23.6,24.33,25.3,1.28,99.2
59,2026-01-28 23:00:00,2.2,0.6,0.0,0.0,62.15,22.3,22.83,23.3,1.05,99.21
59,2026-01-29 00:00:00,1.66,0.56,0.0,0.0,68.8,21.2,21.68,22.1,0.81,99.21
59,2026-01-29 01:00:00,2.16,0.74,0.0,0.0,73.5,20.4,20.83,21.1,0.65,99.19
59,2026-01-29 02:00:00,2.52,0.77,0.0,0.0,79.6,18.7,19.35,19.9,0.46,99.19
59,2026-01-29 03:00:00,2.41,1.17,0.0,0.0,83.83,18.1,18.35,18.6,0.35,99.14
59,2026-01-29 04:00:00,3.02,1.25,0.0,0.0,86.6,17.4,17.63,17.9,0.27,99.11
59,2026-01-29 05:00:00,2.7,1.31,0.0,0.0,87.33,17.2,17.48,17.6,0.25,99.1
59,2026-01-29 06:00:00,3.24,1.59,0.0,0.0,90.03,16.1,16.48,16.8,0.19,99.1
59,2026-01-29 07:00:00,2.77,1.66,0.9,0.0,91.43,15.5,15.73,16.0,0.15,99.15
59,2026-01-29 08:00:00,3.1,1.34,65.5,0.0,92.13,15.4,15.73,16.5,0.14,99.24
59,2026-01-29 09:00:00,4.9,1.31,230.3,0.0,88.03,18.0,19.68,21.2,0.28,99.3
59,2026-01-29 10:00:00,7.45,1.97,409.4,0.0,76.73,22.2,22.9,23.4,0.66,99.36
59,2026-01-29 11:00:00,10.3,2.72,582.9,0.0,70.1,23.5,24.58,25.7,0.93,99.39
59,2026-01-29 12:00:00,10.55,3.68,722.1,0.0,62.75,26.0,26.93,27.7,1.33,99.41
59,2026-01-29 13:00:00,15.41,5.99,819.2,0.0,57.3,28.3,28.78,29.1,1.69,99.4
59,2026-01-29 14:00:00,19.08,7.63,861.3,0.0,53.28,29.3,29.73,30.2,1.95,99.39
59,2026-01-29 15:00:00,16.81,7.29,863.1,0.0,50.63,30.0,30.53,31.0,2.16,99.37
59,2026-01-29 16:00:00,16.49,6.56,834.9,0.0,50.13,30.9,31.2,31.4,2.27,99.33
59,2026-01-29 17:00:00,17.93,7.65,750.3,0.0,48.83,31.4,31.53,31.7,2.37,99.3
59,2026-01-29 18:00:00,17.42,8.38,625.3,0.0,49.53,30.8,31.05,31.3,2.27,99.29
59,2026-01-29 19:00:00,17.57,8.31,464.1,0.0,51.53,29.8,30.15,30.5,2.08,99.29
59,2026-01-29 20:00:00,13.0,6.06,282.0,0.0,54.15,28.8,29.28,29.6,1.87,99.31
59,2026-01-29 21:00:00,10.76,4.13,33.9,0.0,58.5,25.5,26.95,28.3,1.48,99.37
59,2026-01-29 22:00:00,5.76,1.46,0.5,0.0,66.35,22.5,23.53,24.7,0.98,99.44
59,2026-01-29 23:00:00,4.18,1.22,0.0,0.0,72.55,20.8,21.38,22.0,0.7,99.52
59,2026-01-30 00:00:00,3.1,0.82,0.0,0.0,78.35,19.1,19.73,20.4,0.5,99.58
59,2026-01-30 01:00:00,5.15,1.17,0.0,0.0,82.7,17.9,18.38,19.0,0.37,99.56
59,2026-01-30 02:00:00,3.56,0.98,0.0,0.0,86.48,17.0,17.25,17.6,0.27,99.59
59,2026-01-30 03:00:00,2.77,0.94,0.0,0.0,89.53,16.2,16.38,16.6,0.19,99.6
59,2026-01-30 04:00:00,3.35,1.18,0.0,0.0,91.5,16.0,16.1,16.2,0.16,99.61
59,2026-01-30 05:00:00,7.6,1.69,0.0,0.0,91.85,15.9,16.18,16.5,0.15,99.58
59,2026-01-30 06:00:00,7.74,2.4,0.0,0.0,90.7,16.8,17.23,17.5,0.18,99.59
59,2026-01-30 07:00:00,7.6,2.28,0.0,0.0,89.5,17.5,17.65,17.8,0.21,99.64
59,2026-01-30 08:00:00,11.56,3.08,31.2,0.0,86.95,17.9,17.98,18.1,0.27,99.67
59,2026-01-30 09:00:00,11.92,3.38,139.8,0.0,85.65,18.2,18.58,18.9,0.31,99.7
59,2026-01-30 10:00:00,12.78,4.65,169.0,0.0,83.33,19.0,19.1,19.2,0.37,99.69
59,2026-01-30 11:00:00,10.19,4.61,174.1,0.0,81.78,19.3,19.38,19.5,0.41,99.73
59,2026-01-30 12:00:00,10.55,3.97,347.7,0.0,79.68,20.0,20.38,20.7,0.49,99.74
59,2026-01-30 13:00:00,8.32,2.64,355.5,0.0,77.85,20.8,21.05,21.5,0.55,99.73
59,2026-01-30 14:00:00,7.96,1.8,789.5,0.0,73.2,22.1,22.63,23.5,0.74,99.69
59,2026-01-30 15:00:00,10.76,2.48,885.7,0.0,66.08,23.7,24.33,25.1,1.04,99.63
59,2026-01-30 16:00:00,6.62,2.11,849.9,0.0,61.05,25.4,25.85,26.4,1.3,99.56
59,2026-01-30 17:00:00,10.69,3.33,760.1,0.0,57.75,26.6,27.1,27.4,1.52,99.42
59,2026-01-30 18:00:00,10.26,1.94,632.7,0.0,56.78,27.6,28.18,28.7,1.65,99.37
59,2026-01-30 19:00:00,5.72,1.94,469.3,0.0,55.83,29.2,29.33,29.5,1.81,99.33
59,2026-01-30 20:00:00,7.45,1.35,289.1,0.0,56.48,28.0,28.35,28.9,1.68,99.3
59,2026-01-30 21:00:00,3.02,0.84,32.1,0.0,60.98,24.3,25.9,27.6,1.32,99.32
59,2026-01-30 22:00:00,7.24,1.35,0.3,0.0,70.13,21.4,22.43,23.4,0.82,99.38
59,2026-01-30 23:00:00,2.52,0.61,0.0,0.0,77.9,19.4,20.08,20.8,0.52,99.39
59,2026-01-31 00:00:00,2.02,0.61,0.0,0.0,82.4,18.4,18.8,19.2,0.38,99.38
59,2026-01-31 01:00:00,4.32,1.2,0.0,0.0,81.7,18.8,18.95,19.1,0.4,99.35
59,2026-01-31 02:00:00,5.18,1.01,0.0,0.0,83.08,18.7,18.83,18.9,0.37,99.3
59,2026-01-31 03:00:00,5.18,1.07,0.0,0.0,84.68,18.5,18.55,18.6,0.33,99.26
59,2026-01-31 04:00:00,6.48,0.97,0.0,0.0,87.08,17.7,18.0,18.4,0.27,99.21
59,2026-01-31 05:00:00,2.92,1.01,0.0,0.0,89.68,17.2,17.38,17.6,0.2,99.18
59,2026-01-31 06:00:00,3.02,0.85,0.0,0.0,91.13,16.8,16.95,17.1,0.17,99.14
59,2026-01-31 07:00:00,2.77,1.04,0.3,0.0,92.4,16.3,16.43,16.6,0.14,99.16
59,2026-01-31 08:00:00,6.52,1.41,81.5,0.0,93.08,16.2,16.5,17.2,0.13,99.15
59,2026-01-31 09:00:00,6.77,1.23,99.9,0.0,91.93,17.4,17.75,18.0,0.16,99.22
59,2026-01-31 10:00:00,6.73,1.31,229.3,0.0,90.3,18.1,18.28,18.6,0.21,99.26
59,2026-01-31 11:00:00,8.96,1.44,204.7,0.0,89.0,18.7,19.05,19.4,0.24,99.27
59,2026-01-31 12:00:00,8.28,1.34,425.5,0.0,86.53,19.4,19.68,20.2,0.31,99.3
59,2026-01-31 13:00:00,7.42,1.6,815.1,0.0,78.7,21.4,22.38,23.0,0.58,99.28
59,2026-01-31 14:00:00,8.21,1.78,885.5,0.0,74.1,22.7,23.18,23.5,0.74,99.25
59,2026-01-31 15:00:00,7.34,1.71,948.0,0.0,71.25,23.1,24.2,25.4,0.87,99.2
59,2026-01-31 16:00:00,7.45,1.92,836.4,0.0,64.75,26.1,26.63,27.3,1.23,99.19
59,2026-01-31 17:00:00,7.16,1.83,711.2,0.0,60.7,27.5,28.15,28.7,1.5,99.16
59,2026-01-31 18:00:00,7.27,1.52,577.2,0.0,59.4,28.2,28.5,28.8,1.59,99.14
59,2026-01-31 19:00:00,13.75,2.09,282.2,0.0,55.9,28.2,28.5,28.7,1.72,99.14
59,2026-01-31 20:00:00,4.39,0.93,244.4,0.0,58.35,27.6,28.18,28.5,1.59,99.15
59,2026-01-31 21:00:00,10.4,2.83,41.3,0.0,60.9,25.8,26.23,26.5,1.33,99.2
59,2026-01-31 22:00:00,9.11,3.38,0.3,0.0,61.83,23.2,24.28,25.2,1.16,99.27
59,2026-01-31 23:00:00,5.0,1.39,0.0,0.0,70.08,20.9,21.63,22.5,0.78,99.4
59,2026-02-01 00:00:00,8.5,1.88,0.0,0.0,73.45,19.4,19.93,20.6,0.62,99.51
59,2026-02-01 01:00:00,10.01,1.83,0.0,0.0,78.73,17.8,18.35,19.0,0.45,99.52
59,2026-02-01 02:00:00,4.79,1.33,0.0,0.0,82.55,17.3,17.48,17.6,0.35,99.48
59,2026-02-01 03:00:00,4.32,1.3,0.0,0.0,85.93,16.4,16.73,17.1,0.27,99.42
59,2026-02-01 04:00:00,5.51,1.22,0.0,0.0,88.65,15.7,15.95,16.3,0.21,99.37
59,2026-02-01 05:00:00,4.5,1.5,0.0,0.0,90.9,15.3,15.48,15.7,0.16,99.35
59,2026-02-01 06:00:00,3.1,1.1,0.0,0.0,92.05,15.0,15.05,15.2,0.13,99.33
59,2026-02-01 07:00:00,3.49,1.19,0.3,0.0,92.83,14.8,14.93,15.0,0.12,99.34
59,2026-02-01 08:00:00,2.34,0.87,66.5,0.0,93.58,14.7,15.03,15.8,0.11,99.39
59,2026-02-01 09:00:00,5.72,1.85,215.7,0.0,92.55,16.4,17.48,18.4,0.15,99.4
59,2026-02-01 10:00:00,6.91,2.21,395.5,0.0,83.48,18.9,19.9,20.9,0.39,99.39
59,2026-02-01 11:00:00,8.86,3.09,560.3,0.0,75.15,21.6,22.25,22.9,0.67,99.37
59,2026-02-01 12:00:00,10.84,3.65,712.2,0.0,65.98,23.5,24.05,24.8,1.02,99.36
59,2026-02-01 13:00:00,12.1,3.45,820.1,0.0,59.13,25.4,26.2,26.8,1.39,99.34
59,2026-02-01 14:00:00,12.13,3.2,828.4,0.0,56.93,27.2,27.7,28.2,1.6,99.3
59,2026-02-01 15:00:00,9.94,2.73,829.1,0.0,55.48,28.6,28.95,29.6,1.78,99.26
59,2026-02-01 16:00:00,7.74,2.51,744.3,0.0,55.48,29.5,29.63,29.9,1.85,99.23
59,2026-02-01 17:00:00,11.48,2.51,563.4,0.0,55.33,29.2,29.48,29.8,1.84,99.19
59,2026-02-01 18:00:00,15.66,5.46,600.7,0.0,54.05,29.2,30.05,30.7,1.96,99.17
59,2026-02-01 19:00:00,19.22,7.04,440.5,0.0,54.5,29.9,30.03,30.2,1.93,99.15
59,2026-02-01 20:00:00,17.86,6.76,273.6,0.0,55.08,28.5,29.1,29.6,1.81,99.16
59,2026-02-01 21:00:00,13.79,5.2,51.1,0.0,57.08,25.4,26.6,27.8,1.5,99.22
59,2026-02-01 22:00:00,8.93,2.35,0.3,0.0,61.35,23.0,23.93,24.8,1.15,99.3
59,2026-02-01 23:00:00,1.84,0.57,0.0,0.0,69.13,21.4,21.8,22.4,0.81,99.35
59,2026-02-02 00:00:00,6.98,1.25,0.0,0.0,70.9,20.7,20.95,21.3,0.72,99.4
59,2026-02-02 01:00:00,2.52,0.88,0.0,0.0,75.65,19.1,19.73,20.4,0.56,99.39
59,2026-02-02 02:00:00,3.38,0.97,0.0,0.0,81.25,18.2,18.35,18.8,0.4,99.41
59,2026-02-02 03:00:00,5.8,1.69,0.0,0.0,83.4,17.6,17.85,18.0,0.34,99.38
59,2026-02-02 04:00:00,5.08,1.58,0.0,0.0,84.0,17.2,17.33,17.5,0.32,99.37
59,2026-02-02 05:00:00,8.57,1.95,0.0,0.0,84.25,17.1,17.3,17.5,0.31,99.37
59,2026-02-02 06:00:00,5.9,1.5,0.0,0.0,87.58,16.0,16.35,16.8,0.23,99.37
59,2026-02-02 07:00:00,9.0,1.85,0.3,0.0,89.1,15.7,15.88,16.1,0.2,99.41
59,2026-02-02 08:00:00,8.32,2.39,73.7,0.0,89.95,15.6,15.8,16.3,0.18,99.48
59,2026-02-02 09:00:00,11.12,3.78,214.4,0.0,88.65,16.7,17.43,18.2,0.23,99.54
59,2026-02-02 10:00:00,13.9,5.09,404.1,0.0,83.13,18.6,19.1,19.7,0.38,99.57
59,2026-02-02 11:00:00,12.49,4.17,572.9,0.0,77.25,20.1,20.75,21.5,0.56,99.6
59,2026-02-02 12:00:00,12.42,4.37,726.1,0.0,71.65,21.7,22.05,22.7,0.75,99.62
59,2026-02-02 13:00:00,15.37,4.76,883.9,0.0,67.93,22.4,23.28,24.1,0.92,99.62
59,2026-02-02 14:00:00,13.72,4.79,898.7,0.0,64.6,23.8,24.38,24.7,1.08,99.6
59,2026-02-02 15:00:00,22.82,5.27,901.7,0.0,61.35,24.9,25.43,25.9,1.26,99.57
59,2026-02-02 16:00:00,17.14,6.05,851.5,0.0,57.68,26.3,26.6,26.7,1.48,99.54
59,2026-02-02 17:00:00,17.03,6.45,665.0,0.0,60.05,25.6,26.3,26.9,1.37,99.5
59,2026-02-02 18:00:00,16.45,6.88,203.7,0.0,62.08,24.9,25.1,25.3,1.21,99.51
59,2026-02-02 19:00:00,18.43,7.34,148.2,0.0,64.58,24.2,24.38,24.7,1.08,99.49
59,2026-02-02 20:00:00,16.78,6.52,108.5,0.0,65.5,23.6,23.83,24.1,1.02,99.5
59,2026-02-02 21:00:00,13.61,4.41,42.6,0.0,67.6,21.9,22.7,23.5,0.9,99.53
59,2026-02-02 22:00:00,8.68,2.72,0.2,0.0,72.48,20.4,21.0,21.5,0.69,99.58
59,2026-02-02 23:00:00,5.36,1.28,0.0,0.0,79.85,18.3,19.18,20.2,0.45,99.65
59,2026-02-03 00:00:00,3.71,1.33,0.0,0.0,84.25,17.8,17.9,18.0,0.32,99.71
59,2026-02-03 01:00:00,8.82,1.75,0.0,0.0,85.73,17.0,17.5,18.0,0.29,99.72
59,2026-02-03 02:00:00,8.46,2.13,0.0,0.0,84.53,16.8,17.58,18.2,0.31,99.73
59,2026-02-03 03:00:00,8.75,3.01,0.0,0.0,82.03,18.4,18.5,18.6,0.39,99.72
59,2026-02-03 04:00:00,8.32,2.43,0.0,0.0,82.15,18.5,18.55,18.6,0.38,99.7
59,2026-02-03 05:00:00,9.83,2.24,0.0,0.0,82.78,18.5,18.53,18.6,0.37,99.69
59,2026-02-03 06:00:00,7.09,1.85,0.0,0.0,82.48,18.2,18.4,18.5,0.37,99.69
59,2026-02-03 07:00:00,5.94,1.39,0.0,0.0,84.48,18.0,18.05,18.1,0.32,99.71
59,2026-02-03 08:00:00,7.78,1.85,49.6,0.0,85.2,17.9,18.05,18.3,0.31,99.74
59,2026-02-03 09:00:00,13.9,3.56,142.3,0.0,81.5,18.6,18.98,19.4,0.41,99.75
59,2026-02-03 10:00:00,13.97,4.39,262.3,0.0,75.83,19.7,20.28,20.7,0.58,99.76
59,2026-02-03 11:00:00,11.74,4.33,332.5,0.0,70.6,21.1,21.28,21.6,0.75,99.75
59,2026-02-03 12:00:00,16.56,5.95,605.9,0.0,63.85,22.7,22.83,22.9,1.0,99.73
59,2026-02-03 13:00:00,18.76,4.52,481.6,0.0,62.78,23.0,23.35,23.8,1.07,99.71
59,2026-02-03 14:00:00,16.34,6.18,536.9,0.0,59.53,23.8,24.28,24.7,1.23,99.67
59,2026-02-03 15:00:00,17.64,6.88,874.9,0.0,57.4,24.6,25.63,26.4,1.41,99.62
59,2026-02-03 16:00:00,20.23,6.77,940.7,0.0,56.78,26.6,27.0,27.4,1.54,99.57
59,2026-02-03 17:00:00,17.35,5.72,660.6,0.0,57.88,26.9,27.2,27.4,1.52,99.54
59,2026-02-03 18:00:00,15.23,4.71,620.7,0.0,59.88,26.2,26.73,26.9,1.41,99.5
59,2026-02-03 19:00:00,16.67,4.94,533.2,0.0,62.98,24.5,25.55,26.6,1.21,99.5
59,2026-02-03 20:00:00,17.14,4.52,181.3,0.0,64.05,23.0,23.68,24.2,1.05,99.51
59,2026-02-03 21:00:00,12.46,4.62,46.5,0.0,66.98,21.7,22.18,22.6,0.89,99.55
59,2026-02-03 22:00:00,10.69,3.16,0.0,0.0,67.95,20.6,21.03,21.4,0.8,99.6
59,2026-02-03 23:00:00,7.92,1.89,0.0,0.0,72.0,19.4,19.8,20.3,0.65,99.65
59,2026-02-04 00:00:00,6.59,1.16,0.0,0.0,77.2,18.2,18.58,19.0,0.49,99.68
59,2026-02-04 01:00:00,2.63,0.84,0.0,0.0,80.63,17.8,18.0,18.2,0.4,99.68
59,2026-02-04 02:00:00,1.8,0.64,0.0,0.0,83.38,17.4,17.53,17.6,0.33,99.7
59,2026-02-04 03:00:00,6.23,1.22,0.0,0.0,84.03,17.0,17.15,17.3,0.31,99.65
59,2026-02-04 04:00:00,5.47,1.27,0.0,0.0,85.7,16.8,16.9,17.0,0.28,99.59
59,2026-02-04 05:00:00,5.65,1.38,0.0,0.0,86.25,16.5,16.73,17.0,0.26,99.55
59,2026-02-04 06:00:00,4.75,0.95,0.0,0.0,87.08,16.3,16.4,16.6,0.24,99.53
59,2026-02-04 07:00:00,6.26,1.51,0.0,0.0,86.18,16.9,17.0,17.1,0.27,99.54
59,2026-02-04 08:00:00,6.34,1.04,24.5,0.0,86.23,17.1,17.35,17.6,0.27,99.57
59,2026-02-04 09:00:00,8.32,2.3,108.5,0.0,84.95,17.6,17.88,18.1,0.31,99.6
59,2026-02-04 10:00:00,10.01,2.99,175.0,0.0,82.33,18.2,18.65,19.1,0.38,99.61
59,2026-02-04 11:00:00,9.54,3.64,219.1,0.0,78.4,19.3,19.65,19.9,0.49,99.61
59,2026-02-04 12:00:00,10.55,3.93,299.2,0.0,74.55,20.3,20.48,20.7,0.61,99.61
59,2026-02-04 13:00:00,14.33,4.0,433.7,0.0,71.93,21.0,21.2,21.3,0.71,99.6
59,2026-02-04 14:00:00,16.02,5.0,518.3,0.0,65.33,21.7,22.25,23.0,0.93,99.58
59,2026-02-04 15:00:00,12.31,4.14,497.7,0.0,61.05,23.2,23.45,23.6,1.13,99.56
59,2026-02-04 16:00:00,12.02,3.65,572.7,0.0,58.43,24.0,24.25,24.4,1.26,99.54
59,2026-02-04 17:00:00,9.72,3.34,390.5,0.0,61.4,23.4,24.0,24.2,1.16,99.52
59,2026-02-04 18:00:00,7.92,1.75,496.6,0.0,70.65,22.7,23.3,23.8,0.84,99.54
59,2026-02-04 19:00:00,7.45,1.58,368.9,0.0,71.95,22.0,22.3,22.8,0.76,99.56
59,2026-02-04 20:00:00,7.78,1.38,148.9,0.0,73.73,20.7,21.2,21.8,0.66,99.59
59,2026-02-04 21:00:00,3.6,1.17,35.7,0.0,77.85,19.5,19.95,20.4,0.52,99.62
59,2026-02-04 22:00:00,5.8,1.01,0.0,0.0,79.58,18.9,19.13,19.4,0.46,99.68
59,2026-02-04 23:00:00,2.48,0.64,0.0,0.0,80.78,18.8,18.85,18.9,0.42,99.72
59,2026-02-05 00:00:00,4.64,1.28,0.0,0.0,81.45,18.9,18.9,18.9,0.41,99.73
59,2026-02-05 01:00:00,7.81,1.62,0.0,0.0,82.98,18.5,18.68,18.8,0.37,99.75
59,2026-02-05 02:00:00,2.63,0.7,0.0,0.0,83.83,18.1,18.25,18.4,0.34,99.76
59,2026-02-05 03:00:00,3.24,0.85,0.0,0.0,84.5,17.3,17.75,18.0,0.32,99.75
59,2026-02-05 04:00:00,2.34,0.8,0.0,0.0,88.3,15.5,16.2,16.9,0.22,99.73
59,2026-02-05 05:00:00,2.48,0.7,0.0,0.0,91.4,14.6,14.9,15.2,0.15,99.7
59,2026-02-05 06:00:00,2.05,0.8,0.0,0.0,93.4,13.9,14.05,14.3,0.11,99.7
59,2026-02-05 07:00:00,1.91,0.67,0.0,0.0,93.78,13.4,13.58,13.8,0.1,99.73
59,2026-02-05 08:00:00,1.73,0.7,28.3,0.0,94.28,13.2,13.48,13.8,0.09,99.79
59,2026-02-05 09:00:00,4.39,0.81,100.3,0.0,96.15,14.0,14.85,15.6,0.07,99.87
59,2026-02-05 10:00:00,4.68,1.23,177.8,0.0,96.45,16.0,16.68,17.3,0.07,99.91
59,2026-02-05 11:00:00,6.84,1.52,350.9,0.0,87.8,17.8,18.3,19.0,0.26,99.93
59,2026-02-05 12:00:00,8.21,1.81,433.1,0.0,78.08,19.8,20.28,20.6,0.53,99.95
59,2026-02-05 13:00:00,10.22,1.95,513.0,0.0,71.9,20.7,21.38,21.8,0.72,99.95
59,2026-02-05 14:00:00,9.86,2.03,734.0,0.0,64.4,22.5,23.13,23.7,1.01,99.93
59,2026-02-05 15:00:00,9.11,2.02,661.7,0.0,60.78,23.7,24.2,24.5,1.18,99.92
59,2026-02-05 16:00:00,12.64,2.67,927.2,0.0,57.7,24.3,25.18,25.5,1.36,99.87
59,2026-02-05 17:00:00,11.38,2.66,772.3,0.0,55.08,25.2,25.65,26.0,1.48,99.83
59,2026-02-05 18:00:00,10.26,2.31,617.4,0.0,53.2,26.1,26.43,26.6,1.62,99.79
59,2026-02-05 19:00:00,5.4,1.76,456.0,0.0,53.05,26.3,26.45,26.5,1.62,99.75
59,2026-02-05 20:00:00,7.78,1.42,271.5,0.0,53.08,25.0,25.68,26.3,1.55,99.75
59,2026-02-05 21:00:00,6.55,0.91,79.5,0.0,57.28,20.8,22.6,24.5,1.19,99.78
59,2026-02-05 22:00:00,2.81,1.24,0.1,0.0,67.2,18.2,18.93,19.9,0.72,99.82
59,2026-02-05 23:00:00,3.17,1.18,0.0,0.0,73.55,16.7,17.15,17.4,0.52,99.86
59,2026-02-06 00:00:00,2.41,1.08,0.0,0.0,76.73,16.1,16.5,16.7,0.44,99.86
59,2026-02-06 01:00:00,2.3,0.83,0.0,0.0,79.58,15.1,15.73,16.3,0.37,99.86
59,2026-02-06 02:00:00,2.41,0.81,0.0,0.0,81.48,14.8,14.95,15.1,0.32,99.86
59,2026-02-06 03:00:00,3.67,0.97,0.0,0.0,81.13,14.3,14.53,14.7,0.31,99.85
59,2026-02-06 04:00:00,2.7,0.91,0.0,0.0,79.33,13.8,13.95,14.1,0.33,99.85
59,2026-02-06 05:00:00,1.98,0.8,0.0,0.0,80.08,12.5,13.05,13.6,0.3,99.87
59,2026-02-06 06:00:00,1.84,0.75,0.0,0.0,82.08,11.6,11.9,12.2,0.25,99.88
59,2026-02-06 07:00:00,2.74,0.96,0.0,0.0,84.25,11.1,11.23,11.4,0.21,99.89
59,2026-02-06 08:00:00,2.12,0.89,73.7,0.0,85.75,10.6,11.05,12.0,0.19,99.93
59,2026-02-06 09:00:00,4.86,1.41,217.5,0.0,80.33,12.8,13.95,15.0,0.32,99.98
59,2026-02-06 10:00:00,6.48,1.72,400.5,0.0,72.33,15.4,16.05,16.8,0.51,100.02
59,2026-02-06 11:00:00,11.63,2.5,572.9,0.0,68.68,17.1,17.65,18.4,0.64,100.0
59,2026-02-06 12:00:00,11.38,3.15,713.7,0.0,64.28,18.6,19.55,20.5,0.82,99.98
59,2026-02-06 13:00:00,14.72,2.91,816.0,0.0,60.3,20.9,21.95,23.1,1.05,99.95
59,2026-02-06 14:00:00,11.7,2.52,859.9,0.0,56.18,23.6,24.33,25.2,1.33,99.91
59,2026-02-06 15:00:00,12.2,2.98,864.6,0.0,52.33,25.9,26.45,27.0,1.65,99.85
59,2026-02-06 16:00:00,11.48,2.57,841.9,0.0,46.65,27.4,27.73,28.4,1.99,99.79
59,2026-02-06 17:00:00,14.51,2.9,762.1,0.0,38.83,28.6,29.23,29.6,2.49,99.72
59,2026-02-06 18:00:00,10.33,2.76,640.1,0.0,34.95,29.9,30.05,30.2,2.77,99.66
59,2026-02-06 19:00:00,8.28,1.77,473.6,0.0,35.45,29.6,29.98,30.4,2.74,99.61
59,2026-02-06 20:00:00,4.82,1.03,288.5,0.0,35.63,28.0,28.53,28.9,2.51,99.59
59,2026-02-06 21:00:00,1.91,0.66,77.5,0.0,42.05,22.6,25.13,27.2,1.87,99.61
59,2026-02-06 22:00:00,2.63,0.96,0.1,0.0,52.83,19.0,19.95,21.3,1.1,99.65
59,2026-02-06 23:00:00,3.31,0.99,0.0,0.0,53.98,17.8,18.38,18.8,0.98,99.66
59,2026-02-07 00:00:00,2.88,0.9,0.0,0.0,56.93,16.5,16.98,17.5,0.84,99.66
59,2026-02-07 01:00:00,3.82,1.03,0.0,0.0,64.1,15.0,15.4,15.9,0.63,99.64
59,2026-02-07 02:00:00,2.56,1.05,0.0,0.0,72.43,13.5,13.95,14.5,0.44,99.61
59,2026-02-07 03:00:00,2.56,1.02,0.0,0.0,74.23,13.1,13.15,13.2,0.39,99.58
59,2026-02-07 04:00:00,2.38,0.97,0.0,0.0,74.98,12.1,12.58,13.0,0.36,99.55
59,2026-02-07 05:00:00,2.77,0.88,0.0,0.0,76.85,11.7,12.0,12.2,0.33,99.52
59,2026-02-07 06:00:00,2.34,1.05,0.0,0.0,80.6,11.4,11.55,11.7,0.26,99.52
59,2026-02-07 07:00:00,2.48,1.12,0.0,0.0,86.8,10.4,10.78,11.2,0.18,99.55
59,2026-02-07 08:00:00,2.27,1.13,74.2,0.0,89.65,10.0,10.38,11.4,0.13,99.54
59,2026-02-07 09:00:00,4.07,1.14,220.1,0.0,84.7,12.8,14.5,16.1,0.26,99.59
59,2026-02-07 10:00:00,6.98,1.64,408.2,0.0,72.4,16.5,17.45,18.3,0.55,99.59
59,2026-02-07 11:00:00,11.38,2.81,584.7,0.0,66.38,18.5,19.1,19.7,0.75,99.57
59,2026-02-07 12:00:00,11.2,3.38,727.2,0.0,61.95,20.0,20.95,22.0,0.95,99.54
59,2026-02-07 13:00:00,12.74,3.5,831.7,0.0,55.98,22.6,23.68,24.8,1.29,99.51
59,2026-02-07 14:00:00,10.48,3.29,879.6,0.0,49.35,25.4,26.3,27.0,1.73,99.49
59,2026-02-07 15:00:00,10.76,2.77,883.8,0.0,41.3,27.4,27.78,28.4,2.2,99.46
59,2026-02-07 16:00:00,7.6,2.11,857.1,0.0,35.8,28.9,29.35,29.9,2.63,99.4
59,2026-02-07 17:00:00,8.93,2.4,769.5,0.0,34.68,30.0,30.53,31.0,2.86,99.36
59,2026-02-07 18:00:00,6.08,1.67,631.1,0.0,34.28,30.8,30.98,31.2,2.95,99.35
59,2026-02-07 19:00:00,6.05,1.56,462.0,0.0,33.78,30.8,31.13,31.6,3.0,99.32
59,2026-02-07 20:00:00,14.83,3.32,272.0,0.0,34.65,29.7,30.88,31.7,2.92,99.33
59,2026-02-07 21:00:00,9.76,2.96,85.7,0.0,35.45,24.4,26.73,28.8,2.28,99.38
59,2026-02-07 22:00:00,4.57,1.19,0.0,0.0,44.8,20.9,21.88,23.2,1.46,99.45
59,2026-02-07 23:00:00,2.77,0.83,0.0,0.0,53.55,18.7,19.45,20.4,1.06,99.57
59,2026-02-08 00:00:00,2.66,0.76,0.0,0.0,61.1,16.6,17.3,18.1,0.77,99.62
59,2026-02-08 01:00:00,4.57,0.88,0.0,0.0,68.23,15.2,15.63,16.1,0.56,99.61
59,2026-02-08 02:00:00,5.18,1.04,0.0,0.0,73.98,14.0,14.5,14.9,0.43,99.62
59,2026-02-08 03:00:00,2.77,0.68,0.0,0.0,81.08,12.4,12.98,13.6,0.28,99.59
59,2026-02-08 04:00:00,2.77,0.94,0.0,0.0,86.0,11.6,12.0,12.4,0.2,99.57
59,2026-02-08 05:00:00,2.3,1.21,0.0,0.0,89.2,11.1,11.3,11.4,0.15,99.55
59,2026-02-08 06:00:00,2.16,0.96,0.0,0.0,91.8,10.4,10.68,11.1,0.1,99.53
59,2026-02-08 07:00:00,1.48,0.74,0.0,0.0,92.88,9.8,10.05,10.3,0.09,99.52
59,2026-02-08 08:00:00,1.66,0.68,69.9,0.0,93.25,9.2,9.68,10.4,0.08,99.56
59,2026-02-08 09:00:00,4.72,1.6,216.4,0.0,97.65,11.2,13.05,15.1,0.04,99.62
59,2026-02-08 10:00:00,7.42,1.68,466.3,0.0,83.45,16.1,17.05,18.1,0.33,99.63
59,2026-02-08 11:00:00,10.26,2.76,579.5,0.0,74.28,18.4,18.95,19.5,0.56,99.63
59,2026-02-08 12:00:00,11.23,3.07,720.5,0.0,66.73,19.4,20.4,21.0,0.8,99.65
59,2026-02-08 13:00:00,11.41,3.05,818.2,0.0,61.7,21.6,22.08,22.5,1.02,99.66
59,2026-02-08 14:00:00,11.59,2.88,861.9,0.0,57.45,23.0,23.53,23.8,1.24,99.67
59,2026-02-08 15:00:00,9.54,2.28,863.2,0.0,54.1,24.5,25.13,25.4,1.47,99.66
59,2026-02-08 16:00:00,12.02,2.48,833.5,0.0,51.45,26.2,26.58,26.8,1.69,99.63
59,2026-02-08 17:00:00,9.68,2.28,749.3,0.0,48.8,27.3,27.5,27.7,1.88,99.61
59,2026-02-08 18:00:00,9.11,1.96,620.3,0.0,48.0,28.3,28.43,28.6,2.02,99.58
59,2026-02-08 19:00:00,9.61,2.26,474.3,0.0,48.58,28.6,28.68,28.8,2.02,99.57
59,2026-02-08 20:00:00,19.26,3.26,234.0,0.0,50.83,26.5,27.18,27.9,1.77,99.62
59,2026-02-08 21:00:00,13.25,2.42,96.9,0.0,54.35,22.9,24.43,25.9,1.41,99.71
59,2026-02-08 22:00:00,6.12,1.12,0.0,0.0,61.78,20.2,21.13,22.2,0.96,99.8
59,2026-02-08 23:00:00,5.29,1.2,0.0,0.0,65.78,18.8,19.3,19.6,0.77,99.87
59,2026-02-09 00:00:00,3.42,0.86,0.0,0.0,70.0,17.4,17.88,18.4,0.62,99.91
59,2026-02-09 01:00:00,1.84,0.64,0.0,0.0,76.28,15.7,16.35,16.9,0.44,99.92
59,2026-02-09 02:00:00,2.02,0.75,0.0,0.0,82.08,14.7,15.08,15.4,0.31,99.93
59,2026-02-09 03:00:00,1.98,0.68,0.0,0.0,85.68,14.0,14.28,14.5,0.23,99.91
59,2026-02-09 04:00:00,2.09,0.88,0.0,0.0,88.35,13.4,13.73,14.2,0.19,99.88
59,2026-02-09 05:00:00,1.84,0.89,0.0,0.0,91.03,12.9,13.05,13.3,0.14,99.85
59,2026-02-09 06:00:00,1.87,0.88,0.0,0.0,92.9,12.5,12.78,13.0,0.11,99.81
59,2026-02-09 07:00:00,2.23,0.83,0.0,0.0,93.38,12.3,12.38,12.5,0.09,99.81
59,2026-02-09 08:00:00,1.73,0.71,65.3,0.0,93.13,12.2,12.58,13.5,0.1,99.84
59,2026-02-09 09:00:00,5.4,1.17,187.7,0.0,95.08,14.4,15.68,16.8,0.09,99.88
59,2026-02-09 10:00:00,6.66,1.69,416.7,0.0,84.3,17.5,17.98,18.9,0.33,99.9
59,2026-02-09 11:00:00,10.69,1.92,561.3,0.0,74.83,19.9,20.75,21.6,0.62,99.89
59,2026-02-09 12:00:00,11.56,2.6,703.0,0.0,67.15,21.7,22.7,23.6,0.91,99.87
59,2026-02-09 13:00:00,12.53,2.38,801.2,0.0,60.4,23.8,24.63,25.4,1.23,99.85
59,2026-02-09 14:00:00,8.1,2.0,846.2,0.0,55.93,25.7,25.95,26.2,1.48,99.83
59,2026-02-09 15:00:00,17.28,2.91,846.6,0.0,53.48,26.3,27.08,27.8,1.67,99.75
59,2026-02-09 16:00:00,17.57,3.21,823.3,0.0,50.6,28.1,28.4,28.7,1.91,99.67
59,2026-02-09 17:00:00,12.67,2.93,744.1,0.0,47.95,28.9,29.25,29.6,2.12,99.61
59,2026-02-09 18:00:00,8.21,2.27,620.0,0.0,44.7,29.6,29.75,29.9,2.31,99.57
59,2026-02-09 19:00:00,6.3,1.5,451.1,0.0,45.85,29.0,29.38,29.7,2.22,99.52
59,2026-02-09 20:00:00,3.53,1.02,263.7,0.0,46.63,28.6,29.0,29.3,2.14,99.5
59,2026-02-09 21:00:00,9.25,1.75,88.9,0.0,51.48,24.6,26.3,28.2,1.67,99.54
59,2026-02-09 22:00:00,4.36,0.84,0.0,0.0,58.58,20.7,21.88,23.2,1.1,99.62
59,2026-02-09 23:00:00,2.3,0.76,0.0,0.0,67.05,18.5,19.33,20.1,0.74,99.68
59,2026-02-10 00:00:00,2.27,0.74,0.0,0.0,72.23,17.0,17.6,18.2,0.56,99.7
59,2026-02-10 01:00:00,1.51,0.59,0.0,0.0,77.45,16.0,16.25,16.6,0.42,99.69
59,2026-02-10 02:00:00,2.7,0.78,0.0,0.0,79.05,15.1,15.25,15.5,0.36,99.68
59,2026-02-10 03:00:00,3.78,0.91,0.0,0.0,77.68,14.9,14.95,15.0,0.38,99.64
59,2026-02-10 04:00:00,2.84,1.12,0.0,0.0,80.3,13.8,14.2,14.6,0.32,99.62
59,2026-02-10 05:00:00,2.41,1.05,0.0,0.0,85.38,12.9,13.25,13.5,0.22,99.6
59,2026-02-10 06:00:00,2.2,0.91,0.0,0.0,89.15,12.0,12.38,12.8,0.16,99.59
59,2026-02-10 07:00:00,1.98,0.96,0.0,0.0,89.75,11.6,11.75,11.9,0.15,99.61
59,2026-02-10 08:00:00,3.49,0.93,45.0,0.0,89.83,11.5,11.78,12.4,0.14,99.66
59,2026-02-10 09:00:00,5.11,0.97,209.3,0.0,86.03,13.6,15.35,17.1,0.25,99.72
59,2026-02-10 10:00:00,12.96,1.69,388.7,0.0,74.35,17.6,18.05,18.4,0.53,99.79
59,2026-02-10 11:00:00,9.18,2.93,559.9,0.0,67.6,18.8,19.58,20.6,0.74,99.79
59,2026-02-10 12:00:00,13.57,2.57,703.1,0.0,59.25,21.2,21.58,22.0,1.05,99.8
59,2026-02-10 13:00:00,11.84,2.68,807.9,0.0,53.95,22.3,22.8,23.4,1.28,99.77
59,2026-02-10 14:00:00,13.07,3.43,857.4,0.0,50.68,23.4,23.73,24.2,1.45,99.74
59,2026-02-10 15:00:00,10.58,2.83,862.7,0.0,47.78,23.9,24.55,25.1,1.61,99.69
59,2026-02-10 16:00:00,18.58,2.49,835.9,0.0,45.63,25.6,26.03,26.5,1.83,99.66
59,2026-02-10 17:00:00,7.42,1.63,724.7,0.0,42.45,26.0,26.58,27.0,2.0,99.63
59,2026-02-10 18:00:00,20.3,4.51,612.9,0.0,41.38,26.8,27.1,27.5,2.1,99.65
59,2026-02-10 19:00:00,19.26,5.5,455.7,0.0,42.7,25.4,26.03,26.7,1.93,99.69
59,2026-02-10 20:00:00,17.93,4.17,268.7,0.0,47.35,23.1,23.85,24.8,1.56,99.76
59,2026-02-10 21:00:00,9.0,1.63,96.0,0.0,54.05,19.3,21.0,22.6,1.15,99.87
59,2026-02-10 22:00:00,4.14,1.08,0.0,0.0,63.5,17.1,17.93,18.8,0.75,99.99
59,2026-02-10 23:00:00,2.7,1.0,0.0,0.0,74.63,15.4,16.0,16.7,0.46,100.08
59,2026-02-11 00:00:00,2.09,1.07,0.0,0.0,82.45,14.4,14.6,14.9,0.29,100.14
59,2026-02-11 01:00:00,3.24,1.22,0.0,0.0,85.2,13.5,13.9,14.3,0.24,100.1
59,2026-02-11 02:00:00,3.02,1.29,0.0,0.0,87.23,13.0,13.23,13.5,0.2,100.07
59,2026-02-11 03:00:00,2.52,0.98,0.0,0.0,89.7,11.8,12.35,12.8,0.15,100.02
59,2026-02-11 04:00:00,2.02,0.92,0.0,0.0,91.9,11.2,11.4,11.8,0.11,99.94
59,2026-02-11 05:00:00,2.74,1.22,0.0,0.0,92.25,11.2,11.25,11.3,0.11,99.88
59,2026-02-11 06:00:00,2.41,1.24,0.0,0.0,93.58,11.2,11.25,11.3,0.09,99.84
59,2026-02-11 07:00:00,3.1,0.95,0.0,0.0,93.43,11.0,11.05,11.1,0.09,99.82
59,2026-02-11 08:00:00,4.39,0.75,31.0,0.0,93.55,11.2,11.33,11.6,0.09,99.85
59,2026-02-11 09:00:00,4.9,1.22,231.3,0.0,95.95,12.2,13.03,14.3,0.06,99.88
59,2026-02-11 10:00:00,6.44,1.69,364.1,0.0,86.75,15.3,16.73,17.7,0.26,99.87
59,2026-02-11 11:00:00,11.52,2.19,571.9,0.0,72.13,18.5,19.13,19.6,0.62,99.87
59,2026-02-11 12:00:00,9.04,2.06,711.9,0.0,61.6,19.6,20.48,21.2,0.93,99.83
59,2026-02-11 13:00:00,10.33,2.57,815.3,0.0,55.65,21.5,22.23,22.8,1.19,99.78
59,2026-02-11 14:00:00,14.94,3.29,859.5,0.0,50.88,22.6,23.15,23.6,1.4,99.72
59,2026-02-11 15:00:00,17.86,3.54,862.1,0.0,45.68,23.7,24.03,24.2,1.63,99.68
59,2026-02-11 16:00:00,18.11,3.25,835.7,0.0,41.88,24.1,24.55,24.8,1.79,99.65
59,2026-02-11 17:00:00,12.53,2.83,750.6,0.0,39.88,24.6,24.93,25.1,1.9,99.63
59,2026-02-11 18:00:00,11.12,2.59,618.7,0.0,40.65,25.2,25.38,25.6,1.92,99.62
59,2026-02-11 19:00:00,6.8,1.4,354.6,0.0,42.33,22.1,23.13,24.2,1.64,99.63
59,2026-02-11 20:00:00,4.28,0.98,88.9,0.0,48.83,19.8,20.75,21.6,1.26,99.63
59,2026-02-11 21:00:00,2.84,0.85,35.8,0.0,54.23,18.2,18.85,19.4,1.0,99.66
59,2026-02-11 22:00:00,2.99,0.96,0.0,0.0,57.65,17.3,17.5,17.9,0.85,99.68
59,2026-02-11 23:00:00,4.68,0.91,0.0,0.0,57.3,16.8,17.08,17.3,0.83,99.72
59,2026-02-12 00:00:00,7.2,1.34,0.0,0.0,57.55,15.9,16.35,16.9,0.79,99.75
59,2026-02-12 01:00:00,6.19,1.26,0.0,0.0,65.6,14.7,15.18,15.7,0.59,99.76
59,2026-02-12 02:00:00,4.82,1.16,0.0,0.0,69.68,13.5,13.9,14.3,0.48,99.75
59,2026-02-12 03:00:00,2.48,0.9,0.0,0.0,73.08,12.2,12.78,13.2,0.4,99.74
59,2026-02-12 04:00:00,2.41,0.86,0.0,0.0,77.75,11.0,11.45,12.0,0.3,99.7
59,2026-02-12 05:00:00,2.95,0.96,0.0,0.0,82.58,10.1,10.38,10.7,0.22,99.68
59,2026-02-12 06:00:00,2.92,1.24,0.0,0.0,86.13,9.6,9.73,9.9,0.17,99.67
59,2026-02-12 07:00:00,2.99,1.32,0.0,0.0,89.1,9.2,9.25,9.3,0.13,99.69
59,2026-02-12 08:00:00,2.99,0.93,25.2,0.0,88.78,9.2,9.45,9.8,0.13,99.73
59,2026-02-12 09:00:00,5.26,1.7,203.7,0.0,85.58,10.0,11.7,13.9,0.2,99.79
59,2026-02-12 10:00:00,9.86,1.75,384.7,0.0,71.9,14.9,15.9,16.9,0.51,99.79
59,2026-02-12 11:00:00,13.25,2.87,555.7,0.0,65.63,16.9,17.9,18.8,0.71,99.76
59,2026-02-12 12:00:00,11.45,2.24,708.5,0.0,59.03,19.4,20.13,21.0,0.97,99.74
59,2026-02-12 13:00:00,8.21,2.02,791.1,0.0,52.13,21.6,22.38,22.7,1.3,99.72
59,2026-02-12 14:00:00,12.1,2.43,839.9,0.0,48.6,23.6,24.18,25.0,1.55,99.71
59,2026-02-12 15:00:00,11.05,2.92,842.3,0.0,45.28,25.4,25.85,26.3,1.83,99.69
59,2026-02-12 16:00:00,13.1,2.53,818.6,0.0,42.58,26.6,26.93,27.4,2.04,99.66
59,2026-02-12 17:00:00,10.19,2.2,736.5,0.0,39.8,27.5,27.58,27.7,2.22,99.62
59,2026-02-12 18:00:00,15.52,2.2,609.1,0.0,37.4,28.1,28.23,28.3,2.4,99.59
59,2026-02-12 19:00:00,10.94,2.26,447.4,0.0,36.28,27.8,27.98,28.1,2.41,99.57
59,2026-02-12 20:00:00,6.16,1.44,264.3,0.0,38.08,26.2,26.95,27.6,2.21,99.58
59,2026-02-12 21:00:00,2.99,0.77,86.9,0.0,43.7,21.4,23.38,25.3,1.63,99.64
59,2026-02-12 22:00:00,2.38,0.75,0.0,0.0,48.85,18.6,19.45,20.4,1.16,99.69
59,2026-02-12 23:00:00,3.64,0.91,0.0,0.0,48.7,17.5,18.05,18.5,1.06,99.74
59,2026-02-13 00:00:00,4.43,0.99,0.0,0.0,48.18,16.8,16.9,17.2,1.0,99.77
59,2026-02-13 01:00:00,2.99,0.93,0.0,0.0,50.08,14.8,15.68,16.4,0.89,99.77
59,2026-02-13 02:00:00,2.99,0.97,0.0,0.0,57.5,13.7,13.98,14.4,0.68,99.76
59,2026-02-13 03:00:00,2.92,1.31,0.0,0.0,65.48,11.7,12.58,13.5,0.51,99.74
59,2026-02-13 04:00:00,2.77,1.45,0.0,0.0,75.8,10.7,11.05,11.4,0.32,99.69
59,2026-02-13 05:00:00,3.02,1.6,0.0,0.0,80.88,9.8,10.15,10.4,0.24,99.66
59,2026-02-13 06:00:00,2.88,1.68,0.0,0.0,83.35,9.5,9.58,9.6,0.2,99.62
59,2026-02-13 07:00:00,2.59,1.46,0.0,0.0,84.08,9.2,9.28,9.3,0.19,99.64
59,2026-02-13 08:00:00,2.05,1.32,64.3,0.0,85.05,8.8,9.2,10.4,0.18,99.68
59,2026-02-13 09:00:00,4.9,1.16,203.3,0.0,78.08,11.5,13.53,15.6,0.35,99.72
59,2026-02-13 10:00:00,8.82,1.97,387.8,0.0,65.73,16.5,17.18,17.7,0.67,99.73
59,2026-02-13 11:00:00,12.31,2.53,565.9,0.0,62.55,17.8,18.98,19.7,0.83,99.71
59,2026-02-13 12:00:00,12.13,2.86,708.9,0.0,58.73,20.3,20.8,21.4,1.02,99.7
59,2026-02-13 13:00:00,10.58,2.66,807.8,0.0,52.93,22.0,22.85,23.9,1.32,99.67
59,2026-02-13 14:00:00,10.8,2.69,853.9,0.0,48.55,24.3,24.98,25.4,1.63,99.62
59,2026-02-13 15:00:00,12.1,2.19,855.9,0.0,45.33,26.4,26.93,27.4,1.94,99.58
59,2026-02-13 16:00:00,10.26,2.21,833.5,0.0,38.6,27.9,28.4,28.8,2.38,99.53
59,2026-02-13 17:00:00,11.99,3.12,751.9,0.0,34.85,29.6,29.65,29.8,2.71,99.5
59,2026-02-13 18:00:00,8.39,1.88,621.0,0.0,34.43,29.7,29.8,29.9,2.75,99.47
59,2026-02-13 19:00:00,7.52,1.37,455.9,0.0,34.88,29.0,29.55,29.9,2.7,99.43
59,2026-02-13 20:00:00,5.4,0.9,266.6,0.0,37.45,28.2,28.65,29.1,2.46,99.41
59,2026-02-13 21:00:00,2.81,0.69,84.1,0.0,49.0,22.2,24.48,26.8,1.59,99.42
59,2026-02-13 22:00:00,3.42,0.87,0.0,0.0,54.1,20.4,20.95,21.5,1.14,99.5
59,2026-02-13 23:00:00,3.92,1.02,0.0,0.0,54.88,19.2,19.78,20.3,1.04,99.56
59,2026-02-14 00:00:00,2.52,0.76,0.0,0.0,60.78,16.9,17.75,18.7,0.8,99.6
59,2026-02-14 01:00:00,2.3,0.92,0.0,0.0,68.15,15.8,16.18,16.7,0.59,99.61
59,2026-02-14 02:00:00,2.63,0.85,0.0,0.0,75.08,14.8,15.15,15.6,0.43,99.62
59,2026-02-14 03:00:00,3.02,1.32,0.0,0.0,81.5,13.6,14.05,14.6,0.3,99.59
59,2026-02-14 04:00:00,2.02,1.02,0.0,0.0,87.38,12.3,12.7,13.2,0.19,99.54
59,2026-02-14 05:00:00,2.88,1.05,0.0,0.0,88.93,12.3,12.68,13.5,0.16,99.48
59,2026-02-14 06:00:00,3.28,1.15,0.0,0.0,89.93,13.8,14.08,14.2,0.16,99.45
59,2026-02-14 07:00:00,2.84,0.87,0.0,0.0,91.13,13.2,13.5,14.0,0.14,99.45
59,2026-02-14 08:00:00,2.95,1.19,23.7,0.0,91.85,13.2,13.45,13.7,0.13,99.46
59,2026-02-14 09:00:00,6.73,1.74,91.5,0.0,92.35,13.9,14.35,14.7,0.13,99.49
59,2026-02-14 10:00:00,5.98,1.5,185.9,0.0,89.45,15.2,16.13,17.0,0.2,99.5
59,2026-02-14 11:00:00,9.18,2.33,437.5,0.0,83.0,17.5,18.53,19.2,0.37,99.49
59,2026-02-14 12:00:00,9.43,2.42,685.9,0.0,75.58,19.1,20.2,21.5,0.58,99.53
59,2026-02-14 13:00:00,9.83,2.46,779.6,0.0,66.0,22.4,22.73,23.0,0.94,99.54
59,2026-02-14 14:00:00,11.99,2.82,884.7,0.0,62.85,23.5,23.95,24.6,1.11,99.54
59,2026-02-14 15:00:00,12.74,2.9,910.6,0.0,59.15,24.8,25.18,25.4,1.31,99.54
59,2026-02-14 16:00:00,11.99,3.06,824.1,0.0,53.4,25.7,26.53,27.4,1.62,99.51
59,2026-02-14 17:00:00,9.76,3.21,735.6,0.0,52.65,27.2,27.75,28.3,1.77,99.47
59,2026-02-14 18:00:00,9.07,2.85,595.2,0.0,51.63,27.9,28.18,28.4,1.85,99.42
59,2026-02-14 19:00:00,10.22,3.25,429.6,0.0,47.98,28.7,28.9,29.2,2.07,99.39
59,2026-02-14 20:00:00,14.51,4.31,243.9,0.0,48.68,26.7,27.88,28.7,1.93,99.39
59,2026-02-14 21:00:00,12.2,3.56,75.7,0.0,52.35,22.8,24.35,26.0,1.46,99.48
59,2026-02-14 22:00:00,7.92,1.4,0.0,0.0,58.33,19.2,20.6,22.1,1.02,99.58
59,2026-02-14 23:00:00,4.28,0.92,0.0,0.0,64.28,17.2,17.88,18.6,0.74,99.67
59,2026-02-15 00:00:00,2.45,0.81,0.0,0.0,70.63,15.5,15.95,16.5,0.54,99.68
59,2026-02-15 01:00:00,1.98,0.83,0.0,0.0,76.4,14.4,14.78,15.1,0.4,99.67
59,2026-02-15 02:00:00,3.6,1.12,0.0,0.0,83.08,13.0,13.58,14.1,0.27,99.63
59,2026-02-15 03:00:00,1.84,0.99,0.0,0.0,86.6,12.5,12.83,13.1,0.2,99.58
59,2026-02-15 04:00:00,2.52,1.19,0.0,0.0,89.83,11.7,12.0,12.3,0.15,99.53
59,2026-02-15 05:00:00,2.41,1.14,0.0,0.0,92.1,10.7,11.23,11.6,0.11,99.5
59,2026-02-15 06:00:00,1.84,1.08,0.0,0.0,92.65,10.4,10.68,10.8,0.09,99.49
59,2026-02-15 07:00:00,2.56,1.23,0.0,0.0,93.98,9.8,10.13,10.4,0.08,99.52
59,2026-02-15 08:00:00,2.27,1.2,45.1,0.0,93.08,9.8,10.15,10.8,0.09,99.54
59,2026-02-15 09:00:00,4.18,0.89,192.1,0.0,94.55,12.0,13.38,14.9,0.09,99.57
59,2026-02-15 10:00:00,7.88,1.52,375.6,0.0,75.33,15.7,16.73,17.7,0.48,99.6
59,2026-02-15 11:00:00,11.02,2.94,550.7,0.0,67.15,17.9,18.55,19.0,0.7,99.59
59,2026-02-15 12:00:00,12.85,3.03,694.9,0.0,64.63,19.7,20.43,21.3,0.85,99.58
59,2026-02-15 13:00:00,13.39,3.03,795.9,0.0,61.68,21.7,22.4,22.9,1.04,99.57
59,2026-02-15 14:00:00,8.86,2.71,843.1,0.0,58.13,23.3,23.78,24.5,1.23,99.54
59,2026-02-15 15:00:00,13.03,2.82,845.3,0.0,54.38,24.7,25.3,26.1,1.47,99.5
59,2026-02-15 16:00:00,10.84,3.21,818.7,0.0,50.1,26.2,26.68,27.0,1.75,99.44
59,2026-02-15 17:00:00,9.72,1.91,736.1,0.0,46.55,26.9,27.55,28.0,1.97,99.4
59,2026-02-15 18:00:00,5.33,1.68,605.1,0.0,44.05,28.0,28.3,28.8,2.15,99.35
59,2026-02-15 19:00:00,5.87,1.29,436.7,0.0,43.38,28.1,28.38,28.7,2.19,99.31
59,2026-02-15 20:00:00,11.84,1.91,242.6,0.0,44.48,27.2,27.88,28.3,2.08,99.31
59,2026-02-15 21:00:00,10.98,3.14,70.5,0.0,46.78,22.8,24.55,26.2,1.65,99.39
59,2026-02-15 22:00:00,3.24,0.75,0.0,0.0,57.13,18.8,20.03,21.5,1.01,99.45
59,2026-02-15 23:00:00,2.52,0.79,0.0,0.0,63.4,16.5,17.35,18.2,0.73,99.52
59,2026-02-16 00:00:00,1.8,0.81,0.0,0.0,67.2,15.6,16.03,16.4,0.6,99.54
59,2026-02-16 01:00:00,2.88,0.89,0.0,0.0,70.5,14.2,14.7,15.3,0.5,99.55
59,2026-02-16 02:00:00,3.38,0.87,0.0,0.0,70.58,13.2,13.58,14.0,0.46,99.54
59,2026-02-16 03:00:00,4.93,1.11,0.0,0.0,74.53,11.9,12.28,12.7,0.36,99.5
59,2026-02-16 04:00:00,2.88,1.39,0.0,0.0,77.53,11.3,11.35,11.5,0.3,99.43
59,2026-02-16 05:00:00,2.52,1.15,0.0,0.0,80.13,10.1,10.58,11.0,0.25,99.4
59,2026-02-16 06:00:00,2.27,1.04,0.0,0.0,84.53,9.3,9.63,9.9,0.19,99.37
59,2026-02-16 07:00:00,2.05,1.04,0.0,0.0,88.68,8.6,8.85,9.1,0.13,99.38
59,2026-02-16 08:00:00,2.3,1.4,46.7,0.0,90.35,8.3,8.6,9.3,0.11,99.42
59,2026-02-16 09:00:00,4.1,1.45,194.5,0.0,87.03,10.4,12.05,13.8,0.19,99.48
59,2026-02-16 10:00:00,5.9,1.53,379.1,0.0,71.05,14.8,16.15,17.2,0.54,99.53
59,2026-02-16 11:00:00,13.5,1.94,557.1,0.0,64.6,18.1,18.68,19.2,0.77,99.54
59,2026-02-16 12:00:00,9.43,2.91,699.9,0.0,61.43,19.4,19.88,20.6,0.9,99.55
59,2026-02-16 13:00:00,8.24,2.71,802.9,0.0,58.15,20.7,21.4,22.2,1.07,99.53
59,2026-02-16 14:00:00,21.49,2.88,852.0,0.0,53.0,22.5,23.5,24.4,1.37,99.5
59,2026-02-16 15:00:00,10.51,3.84,853.5,0.0,47.35,25.2,25.73,26.2,1.74,99.48
59,2026-02-16 16:00:00,10.04,3.34,822.8,0.0,40.55,26.6,27.35,27.9,2.17,99.42
59,2026-02-16 17:00:00,8.78,2.93,742.6,0.0,34.53,28.3,28.55,28.9,2.56,99.38
59,2026-02-16 18:00:00,12.92,3.5,610.9,0.0,31.93,29.5,29.83,30.1,2.86,99.35
59,2026-02-16 19:00:00,17.82,6.94,437.3,0.0,28.85,29.4,29.85,30.2,2.99,99.34
59,2026-02-16 20:00:00,16.78,6.64,260.0,0.0,25.43,26.8,27.85,28.9,2.8,99.41
59,2026-02-16 21:00:00,16.74,4.56,83.1,0.0,31.58,21.6,23.83,25.8,2.03,99.51
59,2026-02-16 22:00:00,9.0,1.37,0.0,0.0,42.35,18.3,19.6,20.4,1.32,99.65
59,2026-02-16 23:00:00,4.18,1.19,0.0,0.0,55.95,15.5,16.28,17.0,0.82,99.78
59,2026-02-17 00:00:00,2.45,0.99,0.0,0.0,62.38,14.3,14.98,15.5,0.64,99.83
59,2026-02-17 01:00:00,3.85,1.22,0.0,0.0,73.38,12.6,13.3,14.0,0.41,99.79
59,2026-02-17 02:00:00,3.6,1.33,0.0,0.0,81.2,11.6,11.88,12.1,0.26,99.72
59,2026-02-17 03:00:00,2.92,1.3,0.0,0.0,85.18,10.8,11.08,11.4,0.2,99.67
59,2026-02-17 04:00:00,3.46,1.46,0.0,0.0,88.43,10.1,10.33,10.5,0.15,99.64
59,2026-02-17 05:00:00,3.31,1.62,0.0,0.0,89.65,9.7,9.95,10.1,0.13,99.62
59,2026-02-17 06:00:00,3.42,1.7,0.0,0.0,89.68,9.0,9.35,9.6,0.12,99.61
59,2026-02-17 07:00:00,2.41,1.31,0.0,0.0,89.13,8.4,8.48,8.7,0.12,99.67
59,2026-02-17 08:00:00,2.66,1.54,43.5,0.0,91.2,8.0,8.33,8.9,0.1,99.72
59,2026-02-17 09:00:00,2.84,0.95,149.4,0.02,88.35,10.2,11.98,13.5,0.17,99.78
59,2026-02-17 10:00:00,4.79,1.41,274.9,0.0,75.18,14.7,15.58,16.4,0.44,99.84
59,2026-02-17 11:00:00,7.09,2.05,532.3,0.0,67.9,16.5,17.48,18.9,0.65,99.84
59,2026-02-17 12:00:00,8.24,2.16,545.6,0.0,61.35,19.4,20.75,21.8,0.95,99.85
59,2026-02-17 13:00:00,9.5,2.29,845.8,0.0,56.75,22.3,23.38,24.4,1.25,99.83
59,2026-02-17 14:00:00,11.99,2.74,771.0,0.0,53.5,24.3,25.0,25.9,1.48,99.84
59,2026-02-17 15:00:00,10.04,1.68,694.9,0.0,52.58,25.3,25.83,26.5,1.58,99.82
59,2026-02-17 16:00:00,6.16,1.55,790.5,0.0,50.33,26.6,27.1,27.6,1.78,99.78
59,2026-02-17 17:00:00,5.11,1.27,549.9,0.0,50.0,27.0,27.18,27.3,1.8,99.73
59,2026-02-17 18:00:00,4.64,1.06,351.9,0.0,52.08,26.6,26.88,27.3,1.7,99.72
59,2026-02-17 19:00:00,10.51,1.67,482.3,0.0,51.88,26.9,28.1,28.9,1.83,99.68
59,2026-02-17 20:00:00,7.27,1.64,241.6,0.0,61.4,25.1,26.3,27.5,1.33,99.7
59,2026-02-17 21:00:00,7.2,1.69,63.7,0.0,65.85,21.8,22.93,24.2,0.96,99.79
59,2026-02-17 22:00:00,6.77,1.58,0.0,0.0,70.85,20.3,20.83,21.4,0.72,99.87
59,2026-02-17 23:00:00,5.69,0.99,0.0,0.0,75.15,18.5,19.33,20.0,0.56,99.89
59,2026-02-18 00:00:00,3.06,1.13,0.0,0.0,81.15,17.0,17.6,18.2,0.38,99.87
59,2026-02-18 01:00:00,1.94,1.0,0.0,0.0,86.43,15.6,15.98,16.4,0.25,99.8
59,2026-02-18 02:00:00,2.41,0.95,0.0,0.0,90.48,14.2,14.5,15.0,0.16,99.75
59,2026-02-18 03:00:00,2.63,0.92,0.0,0.0,90.63,14.1,14.23,14.4,0.15,99.72
59,2026-02-18 04:00:00,3.89,0.99,0.0,0.0,90.23,14.3,14.53,14.7,0.16,99.67
59,2026-02-18 05:00:00,3.38,0.86,0.0,0.0,90.95,14.0,14.2,14.4,0.15,99.65
59,2026-02-18 06:00:00,4.14,0.83,0.0,0.02,92.5,13.3,13.58,13.9,0.12,99.65
59,2026-02-18 07:00:00,2.84,0.72,0.0,0.02,93.13,12.4,12.7,13.0,0.1,99.65
59,2026-02-18 08:00:00,3.53,0.82,37.5,0.02,93.05,11.9,12.23,12.4,0.1,99.67
59,2026-02-18 09:00:00,5.0,1.44,177.1,0.02,89.98,13.6,14.58,15.6,0.17,99.69
59,2026-02-18 10:00:00,8.24,1.77,367.4,0.0,81.73,16.2,17.0,17.8,0.36,99.68
59,2026-02-18 11:00:00,12.02,2.6,543.3,0.0,71.8,18.2,19.13,20.0,0.63,99.67
59,2026-02-18 12:00:00,12.49,2.19,687.1,0.0,63.33,20.1,21.15,22.3,0.93,99.69
59,2026-02-18 13:00:00,9.94,2.17,785.3,0.0,58.73,22.4,23.05,23.7,1.17,99.72
59,2026-02-18 14:00:00,11.92,2.45,832.6,0.0,55.88,23.9,24.33,24.7,1.34,99.7
59,2026-02-18 15:00:00,11.05,2.52,835.1,0.0,51.85,25.2,25.43,25.8,1.57,99.66
59,2026-02-18 16:00:00,12.6,2.75,808.7,0.0,48.7,25.8,26.4,26.8,1.77,99.62
59,2026-02-18 17:00:00,8.6,2.1,727.5,0.0,46.6,26.6,26.88,27.2,1.89,99.57
59,2026-02-18 18:00:00,9.83,2.09,598.7,0.0,44.35,27.4,27.48,27.6,2.04,99.51
59,2026-02-18 19:00:00,7.88,1.55,429.5,0.0,44.88,27.7,27.98,28.2,2.08,99.47
59,2026-02-18 20:00:00,7.06,1.08,241.1,0.0,46.35,26.0,26.83,27.3,1.9,99.47
59,2026-02-18 21:00:00,4.36,1.04,58.9,0.0,50.15,21.9,23.48,25.3,1.45,99.53
59,2026-02-18 22:00:00,5.98,1.03,0.0,0.0,55.25,19.7,20.33,21.1,1.07,99.6
59,2026-02-18 23:00:00,4.82,0.93,0.0,0.0,60.28,18.2,18.53,19.1,0.85,99.64
59,2026-02-19 00:00:00,6.01,1.39,0.0,0.0,58.3,18.5,18.63,18.7,0.9,99.62
59,2026-02-19 01:00:00,6.59,1.46,0.0,0.0,60.45,17.5,17.75,18.1,0.8,99.61
59,2026-02-19 02:00:00,4.28,0.99,0.0,0.0,66.63,15.2,15.83,16.6,0.6,99.6
59,2026-02-19 03:00:00,5.26,0.88,0.0,0.0,71.28,13.4,14.08,14.8,0.46,99.57
59,2026-02-19 04:00:00,3.96,0.8,0.0,0.0,74.25,12.2,12.78,13.2,0.38,99.53
59,2026-02-19 05:00:00,2.84,0.9,0.0,0.0,80.3,11.2,11.55,12.1,0.27,99.49
59,2026-02-19 06:00:00,3.46,1.09,0.0,0.0,84.43,10.7,10.88,11.0,0.21,99.45
59,2026-02-19 07:00:00,3.46,1.01,0.0,0.0,85.63,10.3,10.5,10.7,0.19,99.45
59,2026-02-19 08:00:00,2.74,0.93,36.3,0.0,86.93,9.7,9.93,10.3,0.16,99.46
59,2026-02-19 09:00:00,6.12,1.51,182.5,0.0,81.85,11.6,12.8,14.0,0.27,99.49
59,2026-02-19 10:00:00,7.45,1.68,367.7,0.0,73.28,14.9,15.53,16.0,0.47,99.47
59,2026-02-19 11:00:00,10.08,2.14,544.2,0.0,67.78,16.9,17.25,17.7,0.64,99.41
59,2026-02-19 12:00:00,11.02,2.32,690.5,0.0,65.55,18.0,18.83,19.5,0.75,99.36
59,2026-02-19 13:00:00,11.23,3.13,790.1,0.0,62.23,19.9,20.83,21.4,0.93,99.29
59,2026-02-19 14:00:00,10.8,2.87,831.0,0.0,58.68,22.2,23.18,24.2,1.18,99.22
59,2026-02-19 15:00:00,8.93,2.37,833.3,0.0,53.65,25.0,25.73,26.7,1.54,99.16
59,2026-02-19 16:00:00,10.76,2.43,809.9,0.0,49.03,26.7,27.25,27.9,1.85,99.1
59,2026-02-19 17:00:00,8.5,2.59,727.3,0.0,45.28,28.4,28.95,29.7,2.19,99.04
59,2026-02-19 18:00:00,5.98,1.48,602.7,0.0,43.4,30.1,30.23,30.4,2.43,99.01
59,2026-02-19 19:00:00,4.36,1.2,435.7,0.0,42.08,30.2,30.43,30.6,2.52,98.97
59,2026-02-19 20:00:00,1.98,0.81,249.3,0.0,45.6,29.0,29.78,30.6,2.28,98.97
59,2026-02-19 21:00:00,1.66,0.6,48.7,0.0,58.93,22.2,24.8,27.4,1.31,98.99
59,2026-02-19 22:00:00,5.33,0.79,0.0,0.0,70.58,19.5,20.3,21.2,0.7,99.02
59,2026-02-19 23:00:00,3.1,1.17,0.0,0.0,75.35,18.2,18.68,19.3,0.53,99.04
59,2026-02-20 00:00:00,3.71,1.17,0.0,0.0,75.23,17.8,18.08,18.4,0.52,99.01
59,2026-02-20 01:00:00,2.81,1.17,0.0,0.0,78.43,16.9,17.28,17.5,0.43,98.97
59,2026-02-20 02:00:00,2.77,1.21,0.0,0.0,79.9,16.5,16.78,17.1,0.39,98.95
59,2026-02-20 03:00:00,3.53,1.21,0.0,0.0,80.0,15.7,16.1,16.3,0.37,98.94
59,2026-02-20 04:00:00,3.6,1.57,0.0,0.0,83.3,14.7,15.08,15.5,0.29,98.93
59,2026-02-20 05:00:00,2.74,1.2,0.0,0.0,81.05,14.5,14.55,14.7,0.31,98.92
59,2026-02-20 06:00:00,3.42,1.2,0.0,0.0,77.85,14.2,14.65,14.8,0.37,98.92
59,2026-02-20 07:00:00,4.39,1.34,0.0,0.0,84.63,13.0,13.33,13.8,0.24,98.94
59,2026-02-20 08:00:00,8.82,1.86,13.6,0.0,79.78,13.6,13.85,14.0,0.32,98.99
59,2026-02-20 09:00:00,11.05,2.65,174.8,0.0,77.95,14.2,15.43,16.6,0.39,99.07
59,2026-02-20 10:00:00,15.55,4.73,352.9,0.0,71.18,17.3,18.18,18.9,0.61,99.16
59,2026-02-20 11:00:00,15.88,5.58,525.7,0.0,64.98,19.2,19.98,20.8,0.82,99.22
59,2026-02-20 12:00:00,17.42,6.27,667.2,0.0,61.15,21.2,21.63,22.4,1.0,99.26
59,2026-02-20 13:00:00,23.18,6.98,768.9,0.0,55.55,23.0,23.73,24.7,1.31,99.27
59,2026-02-20 14:00:00,16.49,6.67,811.5,0.0,52.5,24.5,25.23,25.9,1.53,99.27
59,2026-02-20 15:00:00,23.08,6.2,814.4,0.0,49.7,26.1,26.65,27.1,1.76,99.28
59,2026-02-20 16:00:00,16.34,4.74,789.8,0.0,46.78,27.2,27.63,28.1,1.97,99.27
59,2026-02-20 17:00:00,17.68,5.43,707.9,0.0,46.2,28.0,28.2,28.4,2.06,99.24
59,2026-02-20 18:00:00,16.7,4.83,580.9,0.0,46.73,28.4,28.53,28.6,2.08,99.2
59,2026-02-20 19:00:00,11.63,3.92,420.5,0.0,47.83,28.1,28.38,28.6,2.02,99.22
59,2026-02-20 20:00:00,13.28,4.3,232.6,0.0,52.48,25.3,26.53,27.6,1.65,99.28
59,2026-02-20 21:00:00,8.42,2.11,34.5,0.0,59.45,21.0,22.65,24.4,1.13,99.31
59,2026-02-20 22:00:00,2.92,0.77,0.0,0.0,67.58,18.3,19.3,20.3,0.73,99.39
59,2026-02-20 23:00:00,2.7,0.82,0.0,0.0,75.2,16.9,17.4,17.8,0.49,99.41
59,2026-02-21 00:00:00,2.77,1.04,0.0,0.0,79.5,15.9,16.35,16.7,0.38,99.4
59,2026-02-21 01:00:00,2.34,0.94,0.0,0.0,85.08,14.4,14.98,15.6,0.25,99.36
59,2026-02-21 02:00:00,2.38,1.01,0.0,0.0,89.0,13.3,13.63,13.9,0.17,99.34
59,2026-02-21 03:00:00,3.31,1.17,0.0,0.0,91.1,13.0,13.2,13.3,0.14,99.33
59,2026-02-21 04:00:00,2.84,1.16,0.0,0.0,92.35,12.4,12.7,13.0,0.11,99.32
59,2026-02-21 05:00:00,2.27,0.99,0.0,0.0,93.25,11.8,11.95,12.3,0.1,99.28
59,2026-02-21 06:00:00,2.3,1.11,0.0,0.02,94.1,11.6,11.65,11.8,0.08,99.26
59,2026-02-21 07:00:00,3.42,1.46,0.0,0.02,94.95,11.1,11.35,11.6,0.07,99.27
59,2026-02-21 08:00:00,2.81,1.2,30.6,0.02,94.65,11.0,11.13,11.3,0.07,99.3
59,2026-02-21 09:00:00,3.02,1.04,181.5,0.02,95.88,12.5,13.9,15.5,0.07,99.33
59,2026-02-21 10:00:00,5.26,1.85,349.0,0.0,86.9,16.3,17.25,18.1,0.26,99.35
59,2026-02-21 11:00:00,8.28,2.58,524.9,0.0,73.95,18.9,19.9,20.7,0.61,99.35
59,2026-02-21 12:00:00,8.32,1.92,670.0,0.0,64.08,21.6,22.55,23.6,0.99,99.34
59,2026-02-21 13:00:00,10.33,3.38,764.5,0.0,60.1,23.8,24.08,24.4,1.2,99.31
59,2026-02-21 14:00:00,10.33,2.8,806.1,0.0,57.6,25.2,25.98,26.7,1.43,99.28
59,2026-02-21 15:00:00,9.18,2.68,807.4,0.0,53.63,27.3,28.0,28.4,1.76,99.26
59,2026-02-21 16:00:00,10.3,3.29,783.5,0.0,50.58,28.7,29.25,29.6,2.01,99.23
59,2026-02-21 17:00:00,7.09,1.79,699.1,0.0,48.85,29.9,30.28,30.7,2.21,99.18
59,2026-02-21 18:00:00,6.77,1.86,568.9,0.0,47.3,30.6,30.95,31.3,2.36,99.13
59,2026-02-21 19:00:00,4.03,1.5,370.3,0.0,46.6,31.2,31.35,31.6,2.45,99.14
59,2026-02-21 20:00:00,13.43,3.41,242.3,0.0,47.45,29.3,30.83,32.4,2.35,99.18
59,2026-02-21 21:00:00,9.22,3.33,40.3,0.0,54.5,25.4,26.95,28.4,1.63,99.23
59,2026-02-21 22:00:00,3.02,0.85,0.0,0.0,65.6,21.9,23.03,24.2,0.98,99.28
59,2026-02-21 23:00:00,4.97,1.13,0.0,0.0,69.78,20.8,21.15,21.4,0.76,99.33
59,2026-02-22 00:00:00,2.48,0.86,0.0,0.0,74.83,18.4,19.33,20.0,0.57,99.34
59,2026-02-22 01:00:00,3.74,1.2,0.0,0.0,82.53,16.9,17.4,18.0,0.35,99.34
59,2026-02-22 02:00:00,3.02,1.09,0.0,0.0,83.53,16.2,16.78,17.2,0.32,99.34
59,2026-02-22 03:00:00,2.23,0.99,0.0,0.0,87.45,15.4,15.65,15.8,0.22,99.31
59,2026-02-22 04:00:00,3.2,1.17,0.0,0.0,89.9,14.8,15.03,15.2,0.17,99.27
59,2026-02-22 05:00:00,2.48,1.18,0.0,0.0,91.38,14.2,14.45,14.7,0.14,99.26
59,2026-02-22 06:00:00,3.06,0.94,0.0,0.0,92.78,13.6,13.9,14.2,0.12,99.26
59,2026-02-22 07:00:00,2.92,1.05,0.0,0.0,93.53,13.1,13.35,13.6,0.1,99.27
59,2026-02-22 08:00:00,2.41,1.06,24.8,0.02,93.68,13.0,13.05,13.2,0.09,99.29
59,2026-02-22 09:00:00,2.59,0.81,167.7,0.02,91.53,14.3,16.0,17.7,0.16,99.32
59,2026-02-22 10:00:00,9.58,1.44,342.4,0.0,77.23,18.9,20.28,21.4,0.55,99.34
59,2026-02-22 11:00:00,11.84,3.05,517.8,0.0,66.8,21.4,22.4,23.2,0.9,99.33
59,2026-02-22 12:00:00,11.59,2.58,658.7,0.0,62.78,24.0,24.35,24.9,1.14,99.33
59,2026-02-22 13:00:00,11.02,3.29,755.9,0.0,61.08,25.0,25.65,26.3,1.28,99.3
59,2026-02-22 14:00:00,8.46,2.23,800.3,0.0,58.05,27.2,27.75,28.3,1.56,99.28
59,2026-02-22 15:00:00,9.61,2.62,804.3,0.0,55.65,28.4,29.1,29.9,1.79,99.25
59,2026-02-22 16:00:00,14.04,2.6,777.0,0.0,51.75,30.2,30.7,31.4,2.13,99.19
59,2026-02-22 17:00:00,11.38,2.74,688.2,0.0,47.35,31.6,32.03,32.4,2.51,99.12
59,2026-02-22 18:00:00,9.32,2.93,567.4,0.0,44.48,32.7,32.93,33.1,2.78,99.08
59,2026-02-22 19:00:00,6.88,1.95,410.1,0.0,43.63,32.5,32.93,33.3,2.83,99.06
59,2026-02-22 20:00:00,3.56,1.3,222.9,0.0,47.18,30.8,32.1,32.7,2.53,99.07
59,2026-02-22 21:00:00,1.48,0.56,18.2,0.0,58.68,24.8,26.9,29.2,1.48,99.1
59,2026-02-22 22:00:00,3.78,0.84,0.0,0.0,64.08,22.6,23.45,24.3,1.04,99.18
59,2026-02-22 23:00:00,3.02,1.06,0.0,0.0,71.78,20.1,20.95,21.8,0.7,99.24
59,2026-02-23 00:00:00,3.06,1.14,0.0,0.0,77.18,18.2,18.85,19.6,0.5,99.27
59,2026-02-23 01:00:00,3.71,1.2,0.0,0.0,81.33,17.2,17.5,17.9,0.37,99.27
59,2026-02-23 02:00:00,3.28,1.31,0.0,0.0,83.38,16.1,16.58,17.0,0.32,99.27
59,2026-02-23 03:00:00,2.81,0.98,0.0,0.0,88.5,15.0,15.4,15.8,0.2,99.25
59,2026-02-23 04:00:00,2.7,0.99,0.0,0.0,89.73,14.5,14.7,14.9,0.17,99.23
59,2026-02-23 05:00:00,1.73,0.75,0.0,0.0,88.65,14.2,14.35,14.5,0.19,99.24
59,2026-02-23 06:00:00,2.7,0.9,0.0,0.0,85.1,14.0,14.08,14.2,0.24,99.25
59,2026-02-23 07:00:00,2.88,1.14,0.0,0.0,88.38,12.9,13.3,13.8,0.18,99.27
59,2026-02-23 08:00:00,2.95,1.28,27.6,0.02,90.7,12.3,12.5,12.7,0.14,99.32
59,2026-02-23 09:00:00,3.85,1.26,173.5,0.02,84.05,14.1,15.98,17.8,0.29,99.38
59,2026-02-23 10:00:00,5.51,1.34,341.3,0.0,73.0,18.6,19.38,19.8,0.61,99.41
59,2026-02-23 11:00:00,10.8,1.98,512.5,0.0,67.53,20.1,20.75,21.3,0.8,99.41
59,2026-02-23 12:00:00,9.72,3.05,662.1,0.0,64.3,21.9,22.53,23.0,0.98,99.41
59,2026-02-23 13:00:00,12.38,2.97,764.7,0.0,60.48,23.7,24.6,25.5,1.22,99.38
59,2026-02-23 14:00:00,9.14,2.45,809.5,0.0,56.0,25.8,26.78,27.6,1.55,99.34
59,2026-02-23 15:00:00,10.55,2.71,820.3,0.0,51.98,28.3,28.95,29.6,1.92,99.3
59,2026-02-23 16:00:00,9.5,2.44,786.3,0.0,48.55,29.7,30.35,30.7,2.23,99.24
59,2026-02-23 17:00:00,10.62,1.89,706.9,0.0,43.13,30.8,30.98,31.4,2.55,99.17
59,2026-02-23 18:00:00,13.0,2.58,581.1,0.0,39.63,31.6,31.93,32.1,2.86,99.14
59,2026-02-23 19:00:00,5.83,1.87,414.2,0.0,37.6,31.2,31.58,32.0,2.9,99.13
59,2026-02-23 20:00:00,4.36,1.13,226.8,0.0,38.95,29.5,30.08,30.6,2.6,99.12
59,2026-02-23 21:00:00,2.45,0.61,14.1,0.0,46.23,23.5,25.45,28.1,1.77,99.14
59,2026-02-23 22:00:00,2.99,0.92,0.0,0.0,56.43,19.8,21.08,22.4,1.1,99.17
59,2026-02-23 23:00:00,2.12,0.97,0.0,0.0,66.23,18.1,18.55,19.3,0.73,99.21
59,2026-02-24 00:00:00,2.2,0.87,0.0,0.0,65.9,17.7,18.0,18.2,0.7,99.21
59,2026-02-24 01:00:00,3.17,1.18,0.0,0.0,72.03,16.3,16.98,17.8,0.55,99.21
59,2026-02-24 02:00:00,2.84,0.95,0.0,0.0,78.5,15.4,15.55,15.7,0.38,99.21
59,2026-02-24 03:00:00,2.3,1.04,0.0,0.0,81.43,15.1,15.5,15.9,0.33,99.19
59,2026-02-24 04:00:00,2.02,0.86,0.0,0.0,86.58,14.1,14.25,14.7,0.22,99.2
59,2026-02-24 05:00:00,1.58,0.66,0.0,0.0,87.28,13.8,13.93,14.1,0.2,99.21
59,2026-02-24 06:00:00,1.66,0.72,0.0,0.0,89.88,13.1,13.45,13.7,0.16,99.21
59,2026-02-24 07:00:00,2.09,0.75,0.0,0.0,91.1,13.3,13.38,13.4,0.14,99.23
59,2026-02-24 08:00:00,2.81,0.75,19.5,0.02,92.88,13.0,13.1,13.3,0.11,99.27
59,2026-02-24 09:00:00,4.97,1.17,68.1,0.02,94.58,14.0,14.48,14.8,0.09,99.32
59,2026-02-24 10:00:00,5.22,1.4,207.2,0.0,92.3,15.1,15.45,15.9,0.14,99.35
59,2026-02-24 11:00:00,7.42,2.19,523.2,0.0,83.8,16.3,17.58,18.7,0.33,99.35
59,2026-02-24 12:00:00,12.49,3.72,666.7,0.0,74.05,19.3,20.03,20.9,0.61,99.35
59,2026-02-24 13:00:00,11.23,2.53,767.0,0.0,66.13,21.6,22.2,22.9,0.91,99.33
59,2026-02-24 14:00:00,12.6,3.38,811.9,0.0,60.4,23.0,23.83,24.6,1.17,99.31
59,2026-02-24 15:00:00,9.9,2.78,813.7,0.0,55.85,25.2,26.18,27.0,1.5,99.29
59,2026-02-24 16:00:00,13.36,3.61,789.7,0.0,49.88,27.4,28.15,28.6,1.91,99.26
59,2026-02-24 17:00:00,9.97,1.96,711.7,0.0,42.25,29.3,29.75,30.3,2.42,99.21
59,2026-02-24 18:00:00,5.51,1.62,576.4,0.0,35.78,29.7,30.13,30.7,2.75,99.18
59,2026-02-24 19:00:00,5.0,1.24,410.3,0.0,34.85,30.2,30.35,30.6,2.82,99.17
59,2026-02-24 20:00:00,3.1,0.83,221.9,0.0,41.13,28.6,29.75,31.0,2.47,99.16
59,2026-02-24 21:00:00,1.48,0.47,14.7,0.0,56.88,22.3,24.33,26.9,1.33,99.18
59,2026-02-24 22:00:00,4.43,0.82,0.0,0.0,67.43,18.9,20.33,21.5,0.79,99.23
59,2026-02-24 23:00:00,3.06,0.87,0.0,0.0,71.6,17.6,18.28,18.7,0.6,99.29
59,2026-02-25 00:00:00,3.71,1.2,0.0,0.0,75.6,16.5,16.9,17.3,0.47,99.29
59,2026-02-25 01:00:00,3.28,1.57,0.0,0.0,79.88,15.2,15.48,16.0,0.35,99.28
59,2026-02-25 02:00:00,4.03,1.41,0.0,0.0,81.23,14.4,14.5,14.6,0.31,99.27
59,2026-02-25 03:00:00,3.28,1.4,0.0,0.0,82.58,13.5,13.75,14.0,0.27,99.26
59,2026-02-25 04:00:00,3.46,1.52,0.0,0.0,83.63,13.0,13.13,13.2,0.25,99.25
59,2026-02-25 05:00:00,3.78,1.48,0.0,0.0,84.28,12.3,12.65,13.1,0.23,99.24
59,2026-02-25 06:00:00,4.68,1.52,0.0,0.0,85.15,11.8,12.1,12.5,0.21,99.23
59,2026-02-25 07:00:00,5.47,1.78,0.0,0.0,83.53,11.8,12.13,12.6,0.23,99.25
59,2026-02-25 08:00:00,4.82,1.43,15.5,0.0,78.5,12.4,12.6,12.8,0.32,99.3
59,2026-02-25 09:00:00,8.64,1.91,166.9,0.0,75.0,13.1,14.6,16.0,0.42,99.33
59,2026-02-25 10:00:00,9.43,3.45,345.7,0.0,67.68,16.4,17.5,18.8,0.65,99.35
59,2026-02-25 11:00:00,9.86,3.17,521.2,0.0,57.98,19.5,20.73,21.7,1.03,99.34
59,2026-02-25 12:00:00,14.58,3.84,667.7,0.0,50.48,22.5,23.4,24.3,1.43,99.35
59,2026-02-25 13:00:00,15.48,4.67,766.2,0.0,41.93,24.6,25.45,26.4,1.89,99.34
59,2026-02-25 14:00:00,13.03,5.15,811.7,0.0,37.13,26.7,27.35,28.0,2.29,99.33
59,2026-02-25 15:00:00,11.92,4.93,812.7,0.0,33.15,28.2,28.8,29.3,2.65,99.32
59,2026-02-25 16:00:00,17.68,5.81,785.7,0.0,31.18,29.5,29.78,30.1,2.88,99.28
59,2026-02-25 17:00:00,17.96,7.37,712.5,0.0,26.65,30.0,30.03,30.1,3.12,99.26
59,2026-02-25 18:00:00,16.6,6.57,590.5,0.0,24.33,29.7,29.85,30.0,3.19,99.25
59,2026-02-25 19:00:00,16.42,6.28,417.7,0.0,27.18,28.6,29.03,29.4,2.93,99.24
59,2026-02-25 20:00:00,13.28,6.13,261.7,0.0,36.1,25.6,26.93,28.0,2.28,99.26
59,2026-02-25 21:00:00,9.61,2.38,28.0,0.0,47.05,20.9,22.53,24.3,1.46,99.32
59,2026-02-25 22:00:00,3.6,1.81,0.0,0.0,58.3,17.5,18.63,19.9,0.9,99.42
59,2026-02-25 23:00:00,2.99,1.17,0.0,0.0,68.45,15.8,16.3,17.0,0.59,99.5
59,2026-02-26 00:00:00,4.9,1.45,0.0,0.0,72.0,14.5,15.0,15.4,0.48,99.51
59,2026-02-26 01:00:00,3.42,2.36,0.0,0.0,74.85,13.1,13.63,14.3,0.39,99.51
59,2026-02-26 02:00:00,4.0,1.88,0.0,0.0,79.45,12.2,12.48,12.7,0.3,99.51
59,2026-02-26 03:00:00,3.96,1.6,0.0,0.0,83.25,11.2,11.5,11.8,0.23,99.5
59,2026-02-26 04:00:00,2.23,0.99,0.0,0.0,85.68,9.8,10.18,10.7,0.18,99.48
59,2026-02-26 05:00:00,2.74,1.8,0.0,0.0,87.98,9.2,9.63,9.9,0.14,99.44
59,2026-02-26 06:00:00,3.71,2.34,0.0,0.0,90.68,8.8,8.95,9.1,0.11,99.43
59,2026-02-26 07:00:00,3.1,1.84,0.0,0.0,91.45,8.3,8.4,8.5,0.1,99.44
59,2026-02-26 08:00:00,2.95,1.83,19.9,0.02,92.28,7.8,7.88,8.0,0.08,99.46
59,2026-02-26 09:00:00,4.5,1.55,169.4,0.02,93.33,8.4,9.88,11.4,0.08,99.48
59,2026-02-26 10:00:00,7.85,2.25,341.5,0.0,83.43,12.6,13.95,15.1,0.27,99.52
59,2026-02-26 11:00:00,9.4,3.09,509.6,0.0,68.98,15.8,16.88,17.8,0.6,99.52
59,2026-02-26 12:00:00,12.35,3.4,652.1,0.0,61.53,18.6,19.25,20.1,0.86,99.52
59,2026-02-26 13:00:00,11.59,3.76,753.7,0.0,55.78,20.7,21.53,22.5,1.14,99.49
59,2026-02-26 14:00:00,11.88,3.22,795.4,0.0,50.68,23.1,23.93,24.6,1.47,99.43
59,2026-02-26 15:00:00,11.41,3.24,799.9,0.0,45.13,24.6,25.53,26.1,1.8,99.39
59,2026-02-26 16:00:00,8.78,2.94,774.2,0.0,35.55,26.4,27.03,27.6,2.3,99.34
59,2026-02-26 17:00:00,8.71,2.53,693.5,0.0,32.8,27.6,27.95,28.3,2.53,99.28
59,2026-02-26 18:00:00,8.57,2.13,549.3,0.0,32.1,27.9,28.3,28.5,2.61,99.24
59,2026-02-26 19:00:00,5.26,1.36,406.2,0.0,33.18,28.3,28.48,28.8,2.6,99.21
59,2026-02-26 20:00:00,10.19,1.64,205.6,0.0,38.48,26.4,27.58,28.7,2.28,99.22
59,2026-02-26 21:00:00,8.39,1.42,15.4,0.0,46.78,21.7,23.23,24.8,1.53,99.25
59,2026-02-26 22:00:00,9.25,1.68,0.0,0.0,48.48,18.7,20.33,22.0,1.24,99.31
59,2026-02-26 23:00:00,4.03,2.31,0.0,0.0,55.75,16.7,17.53,18.2,0.89,99.38
59,2026-02-27 00:00:00,4.14,2.25,0.0,0.0,64.83,14.6,15.4,16.0,0.62,99.38
59,2026-02-27 01:00:00,3.85,2.34,0.0,0.0,68.9,13.5,13.78,14.1,0.49,99.35
59,2026-02-27 02:00:00,3.28,1.71,0.0,0.0,75.2,12.6,12.7,12.8,0.37,99.3
59,2026-02-27 03:00:00,3.13,1.96,0.0,0.0,68.53,12.6,12.9,13.2,0.47,99.27
59,2026-02-27 04:00:00,3.71,2.51,0.0,0.0,72.7,12.2,12.45,12.8,0.39,99.24
59,2026-02-27 05:00:00,3.96,2.51,0.0,0.0,75.43,11.7,11.9,12.1,0.34,99.21
59,2026-02-27 06:00:00,3.13,1.61,0.0,0.0,78.55,11.4,11.6,11.7,0.29,99.2
59,2026-02-27 07:00:00,3.82,1.54,0.0,0.0,79.3,11.4,11.55,11.7,0.28,99.2
59,2026-02-27 08:00:00,3.13,1.34,14.3,0.0,80.7,11.4,11.55,11.8,0.26,99.23
59,2026-02-27 09:00:00,5.4,1.52,84.8,0.0,77.6,12.1,12.7,13.3,0.33,99.26
59,2026-02-27 10:00:00,5.15,1.68,175.9,0.0,70.98,13.8,14.73,15.7,0.49,99.31
59,2026-02-27 11:00:00,5.47,1.85,229.3,0.0,62.4,16.3,16.68,17.1,0.72,99.37
59,2026-02-27 12:00:00,10.19,2.73,458.1,0.0,59.38,17.6,17.9,18.4,0.83,99.41
59,2026-02-27 13:00:00,8.86,2.34,360.1,0.0,57.65,18.7,19.33,19.8,0.95,99.4
59,2026-02-27 14:00:00,7.06,2.24,483.1,0.0,56.0,20.7,21.2,21.6,1.11,99.37
59,2026-02-27 15:00:00,8.93,2.74,515.2,0.0,48.5,21.7,22.58,23.2,1.41,99.35
59,2026-02-27 16:00:00,6.98,2.31,416.5,0.0,41.53,23.3,23.5,23.7,1.69,99.33
59,2026-02-27 17:00:00,8.35,2.41,432.8,0.0,41.38,24.0,24.18,24.4,1.77,99.31
59,2026-02-27 18:00:00,9.07,2.79,479.8,0.0,41.33,24.5,25.35,26.0,1.9,99.27
59,2026-02-27 19:00:00,6.62,1.75,259.5,0.0,42.45,25.1,25.2,25.3,1.85,99.27
59,2026-02-27 20:00:00,13.03,1.91,189.1,0.0,47.35,24.1,24.95,25.4,1.67,99.32
59,2026-02-27 21:00:00,16.78,4.33,29.1,0.0,61.13,21.8,22.7,23.6,1.08,99.4
59,2026-02-27 22:00:00,4.75,1.17,0.0,0.0,70.28,19.3,20.05,21.0,0.7,99.46
59,2026-02-27 23:00:00,3.28,1.68,0.0,0.0,76.78,17.8,18.28,18.8,0.49,99.52
59,2026-02-28 00:00:00,2.77,0.96,0.0,0.0,82.0,16.7,16.88,17.0,0.35,99.55
59,2026-02-28 01:00:00,2.77,1.32,0.0,0.0,86.45,15.2,15.7,16.2,0.24,99.55
59,2026-02-28 02:00:00,2.59,1.43,0.0,0.0,89.65,14.1,14.6,15.1,0.17,99.55
59,2026-02-28 03:00:00,3.46,1.65,0.0,0.0,91.63,13.3,13.65,14.1,0.13,99.49
59,2026-02-28 04:00:00,3.82,2.48,0.0,0.0,92.95,13.0,13.18,13.3,0.11,99.44
59,2026-02-28 05:00:00,5.15,2.54,0.0,0.02,93.75,12.4,12.7,13.0,0.09,99.41
59,2026-02-28 06:00:00,4.54,2.27,0.0,0.02,92.55,11.7,11.98,12.3,0.11,99.39
59,2026-02-28 07:00:00,4.43,2.11,0.0,0.02,93.68,11.1,11.35,11.5,0.09,99.38
59,2026-02-28 08:00:00,2.92,1.4,12.6,0.02,94.15,10.5,10.75,11.0,0.08,99.4
59,2026-02-28 09:00:00,3.89,1.29,161.8,0.02,94.23,11.0,12.7,14.3,0.08,99.42
59,2026-02-28 10:00:00,5.47,1.71,331.5,0.0,87.1,15.4,16.98,18.4,0.25,99.4
59,2026-02-28 11:00:00,11.84,3.45,501.1,0.0,79.5,19.3,20.13,21.0,0.49,99.39
59,2026-02-28 12:00:00,9.61,3.01,643.5,0.0,71.03,21.5,22.35,23.1,0.79,99.39
59,2026-02-28 13:00:00,9.18,2.92,741.3,0.0,62.78,23.0,24.18,25.0,1.13,99.37
59,2026-02-28 14:00:00,10.33,3.31,782.8,0.0,58.2,25.5,26.23,26.9,1.43,99.34
59,2026-02-28 15:00:00,12.46,3.34,784.6,0.0,55.48,27.1,27.43,27.9,1.63,99.29
59,2026-02-28 16:00:00,14.18,3.35,762.4,0.0,50.73,27.9,28.35,28.9,1.9,99.23
59,2026-02-28 17:00:00,10.69,2.85,672.5,0.0,46.15,28.9,29.3,29.7,2.2,99.18
59,2026-02-28 18:00:00,7.92,2.22,544.3,0.0,44.05,29.4,29.45,29.6,2.3,99.13
59,2026-02-28 19:00:00,7.09,1.74,382.4,0.0,43.13,29.3,29.38,29.4,2.33,99.1
59,2026-02-28 20:00:00,4.21,0.86,202.6,0.0,46.33,27.8,28.63,29.3,2.11,99.08
59,2026-02-28 21:00:00,7.52,1.7,11.0,0.0,55.3,23.0,24.6,26.3,1.39,99.1
59,2026-02-28 22:00:00,2.48,1.21,0.0,0.0,61.2,20.7,21.5,22.2,1.0,99.16
59,2026-02-28 23:00:00,2.81,1.13,0.0,0.0,68.73,18.9,19.6,20.3,0.71,99.24
59,2026-03-01 00:00:00,2.16,0.6,0.0,0.0,75.8,17.3,17.88,18.4,0.5,99.27
59,2026-03-01 01:00:00,2.12,0.85,0.0,0.0,80.5,16.6,16.95,17.4,0.38,99.28
59,2026-03-01 02:00:00,2.27,0.97,0.0,0.0,84.7,16.0,16.08,16.2,0.28,99.27
59,2026-03-01 03:00:00,3.49,1.79,0.0,0.0,87.68,14.9,15.45,16.0,0.22,99.24
59,2026-03-01 04:00:00,2.56,1.68,0.0,0.0,90.63,14.1,14.18,14.2,0.15,99.24
59,2026-03-01 05:00:00,2.92,1.79,0.0,0.0,92.45,13.3,13.55,13.9,0.12,99.24
59,2026-03-01 06:00:00,4.03,1.24,0.0,0.02,93.43,12.6,12.83,13.2,0.1,99.23
59,2026-03-01 07:00:00,3.02,1.93,0.0,0.02,94.15,12.2,12.38,12.5,0.08,99.25
59,2026-03-01 08:00:00,4.07,2.04,19.4,0.02,94.6,12.0,12.05,12.1,0.08,99.27
59,2026-03-01 09:00:00,2.99,1.23,171.8,0.0,94.03,12.4,14.03,15.6,0.1,99.31
59,2026-03-01 10:00:00,8.28,2.02,326.5,0.0,87.45,16.7,17.98,19.3,0.27,99.29
59,2026-03-01 11:00:00,8.17,2.06,499.7,0.0,73.6,20.0,20.88,21.7,0.65,99.27
59,2026-03-01 12:00:00,8.42,2.58,578.2,0.0,65.53,22.6,23.28,23.8,0.99,99.25
59,2026-03-01 13:00:00,10.66,3.46,784.3,0.0,60.93,24.2,24.88,25.5,1.23,99.21
59,2026-03-01 14:00:00,11.02,2.91,744.5,0.0,58.2,25.5,26.2,26.9,1.42,99.15
59,2026-03-01 15:00:00,11.02,3.37,738.3,0.0,55.48,27.3,27.75,28.0,1.66,99.1
59,2026-03-01 16:00:00,14.62,4.0,707.8,0.0,52.3,28.3,28.6,28.8,1.87,99.03
59,2026-03-01 17:00:00,11.09,4.09,592.9,0.0,49.48,28.7,29.38,29.7,2.07,98.96
59,2026-03-01 18:00:00,17.42,4.64,554.5,0.0,48.15,29.1,29.68,30.3,2.16,98.92
59,2026-03-01 19:00:00,18.79,7.26,391.5,0.0,49.85,27.6,28.6,29.2,1.97,98.91
59,2026-03-01 20:00:00,21.1,6.14,106.5,0.0,54.45,24.7,25.85,26.9,1.52,98.97
59,2026-03-01 21:00:00,10.04,2.77,11.5,0.0,63.8,22.0,22.83,23.8,1.01,99.04
59,2026-03-01 22:00:00,8.24,1.73,0.0,0.0,70.28,20.4,20.78,21.3,0.73,99.09
59,2026-03-01 23:00:00,5.47,1.3,0.0,0.0,77.33,19.2,19.68,20.2,0.52,99.11
59,2026-03-02 00:00:00,4.82,1.0,0.0,0.0,82.03,18.6,18.9,19.1,0.4,99.11
59,2026-03-02 01:00:00,2.56,1.03,0.0,0.0,85.33,17.8,18.1,18.4,0.3,99.11
59,2026-03-02 02:00:00,2.45,1.03,0.0,0.0,88.65,16.8,17.13,17.5,0.23,99.1
59,2026-03-02 03:00:00,4.0,1.43,0.0,0.0,90.85,16.3,16.33,16.4,0.17,99.09
59,2026-03-02 04:00:00,6.73,2.32,0.0,0.0,90.25,16.6,16.93,17.1,0.19,99.04
59,2026-03-02 05:00:00,7.27,1.57,0.0,0.0,90.9,16.8,17.0,17.2,0.18,99.03
59,2026-03-02 06:00:00,11.38,2.81,0.0,0.0,90.23,17.3,17.48,17.6,0.2,99.04
59,2026-03-02 07:00:00,10.04,3.36,0.0,0.0,88.7,17.6,17.68,17.8,0.23,99.08
59,2026-03-02 08:00:00,13.93,3.51,42.1,0.0,89.45,17.0,17.18,17.4,0.21,99.13
59,2026-03-02 09:00:00,8.96,2.97,31.2,6.12,91.98,14.9,16.28,17.6,0.15,99.26
59,2026-03-02 10:00:00,9.72,3.19,81.1,6.73,96.23,13.8,13.95,14.1,0.06,99.38
59,2026-03-02 11:00:00,10.98,3.24,191.8,1.04,99.28,13.7,13.78,13.9,0.01,99.47
59,2026-03-02 12:00:00,14.98,3.62,525.3,0.0,96.08,14.1,14.78,15.8,0.07,99.55
59,2026-03-02 13:00:00,12.28,4.08,581.7,0.0,92.9,16.1,16.63,17.1,0.14,99.59
59,2026-03-02 14:00:00,12.46,3.66,733.2,0.0,80.5,17.2,18.18,18.7,0.41,99.6
59,2026-03-02 15:00:00,8.1,2.59,385.4,0.0,74.03,18.6,18.95,19.2,0.57,99.6
59,2026-03-02 16:00:00,6.34,2.05,214.1,0.0,70.7,19.2,19.38,19.5,0.66,99.61
59,2026-03-02 17:00:00,8.35,2.13,400.7,0.0,69.78,19.4,19.83,20.0,0.7,99.59
59,2026-03-02 18:00:00,10.58,3.75,452.5,0.0,71.65,20.1,20.2,20.3,0.67,99.56
59,2026-03-02 19:00:00,9.68,3.26,225.5,0.0,74.15,19.5,19.73,20.0,0.6,99.56
59,2026-03-02 20:00:00,6.7,1.95,133.7,0.0,73.73,19.7,19.83,19.9,0.61,99.56
59,2026-03-02 21:00:00,4.68,1.11,24.5,0.0,78.18,18.5,19.1,19.6,0.49,99.59
59,2026-03-02 22:00:00,3.74,0.98,0.0,0.0,85.43,17.4,17.73,18.1,0.3,99.61
59,2026-03-02 23:00:00,3.28,1.87,0.0,0.0,89.53,15.8,16.28,16.9,0.2,99.65
59,2026-03-03 00:00:00,3.96,1.37,0.0,0.0,90.85,15.4,15.55,15.7,0.16,99.7
59,2026-03-03 01:00:00,6.26,1.45,0.0,0.0,84.4,14.1,14.65,15.3,0.26,99.69
59,2026-03-03 02:00:00,8.03,1.56,0.0,0.0,82.85,13.2,13.45,13.8,0.27,99.71
59,2026-03-03 03:00:00,3.56,0.92,0.0,0.0,86.55,11.7,12.25,12.8,0.2,99.65
59,2026-03-03 04:00:00,2.05,0.99,0.0,0.0,89.73,11.0,11.33,11.7,0.14,99.59
59,2026-03-03 05:00:00,1.91,0.83,0.0,0.0,91.95,10.3,10.45,10.7,0.11,99.56
59,2026-03-03 06:00:00,4.0,0.94,0.0,0.02,92.73,10.1,10.18,10.2,0.09,99.56
59,2026-03-03 07:00:00,4.0,1.16,0.0,0.02,93.33,10.0,10.18,10.3,0.08,99.58
59,2026-03-03 08:00:00,2.27,1.05,12.3,0.02,93.85,9.6,9.68,9.8,0.08,99.59
59,2026-03-03 09:00:00,6.8,1.7,163.8,0.02,94.53,9.7,11.05,12.1,0.07,99.63
59,2026-03-03 10:00:00,10.37,2.9,308.5,0.0,91.48,12.7,13.53,14.3,0.14,99.66
59,2026-03-03 11:00:00,10.33,3.22,506.1,0.0,82.1,14.9,15.83,16.8,0.33,99.66
59,2026-03-03 12:00:00,11.63,3.51,649.1,0.0,72.83,17.4,18.25,19.1,0.57,99.66
59,2026-03-03 13:00:00,9.47,3.44,749.0,0.0,64.43,19.8,20.5,21.2,0.86,99.59
59,2026-03-03 14:00:00,11.99,3.22,792.9,0.0,59.2,21.7,22.55,23.3,1.12,99.51
59,2026-03-03 15:00:00,13.93,3.3,888.3,0.0,56.75,23.6,23.75,24.0,1.27,99.45
59,2026-03-03 16:00:00,17.64,4.92,864.2,0.0,52.8,24.0,24.38,24.8,1.44,99.4
59,2026-03-03 17:00:00,20.88,4.94,727.3,0.0,48.23,24.8,25.08,25.3,1.65,99.35
59,2026-03-03 18:00:00,16.45,5.46,539.3,0.0,43.48,25.0,25.13,25.2,1.81,99.32
59,2026-03-03 19:00:00,22.93,8.16,248.7,0.0,39.08,24.4,24.95,25.5,1.93,99.33
59,2026-03-03 20:00:00,16.56,7.2,163.7,0.0,38.48,22.9,23.6,24.2,1.8,99.37
59,2026-03-03 21:00:00,8.6,4.5,20.9,0.0,45.93,19.3,20.3,21.6,1.29,99.43
59,2026-03-03 22:00:00,7.88,3.33,0.0,0.0,54.28,16.8,17.58,18.5,0.92,99.48
59,2026-03-03 23:00:00,14.0,6.35,0.0,0.0,58.7,16.3,16.9,17.3,0.8,99.54
59,2026-03-04 00:00:00,20.56,9.59,0.0,0.0,65.78,17.0,17.18,17.3,0.67,99.58
59,2026-03-04 01:00:00,22.14,7.38,0.0,0.0,71.3,15.8,16.05,16.5,0.52,99.6
59,2026-03-04 02:00:00,17.28,5.92,0.0,0.0,75.98,14.6,15.0,15.6,0.41,99.58
59,2026-03-04 03:00:00,13.57,5.46,0.0,0.0,79.28,13.8,14.15,14.4,0.34,99.55
59,2026-03-04 04:00:00,12.49,6.57,0.0,0.0,81.38,13.5,13.58,13.6,0.29,99.51
59,2026-03-04 05:00:00,12.42,3.35,0.0,0.0,84.93,12.0,12.6,13.2,0.22,99.49
59,2026-03-04 06:00:00,2.92,1.48,0.0,0.0,90.0,9.7,10.55,11.4,0.13,99.46
59,2026-03-04 07:00:00,4.03,2.22,0.0,0.0,91.93,9.2,9.28,9.4,0.1,99.46
59,2026-03-04 08:00:00,3.85,1.24,36.7,0.0,92.9,8.5,8.7,8.9,0.08,99.46
59,2026-03-04 09:00:00,5.33,1.53,161.0,0.0,97.3,9.3,10.83,12.4,0.04,99.47
59,2026-03-04 10:00:00,18.54,7.45,448.5,0.0,89.05,13.3,14.45,15.6,0.19,99.48
59,2026-03-04 11:00:00,22.61,8.24,542.9,0.0,79.6,15.5,16.45,17.4,0.38,99.47
59,2026-03-04 12:00:00,19.8,9.04,670.7,0.0,70.88,17.8,18.53,19.4,0.63,99.43
59,2026-03-04 13:00:00,27.68,9.18,752.2,0.0,62.8,19.6,20.63,21.6,0.91,99.36
59,2026-03-04 14:00:00,24.05,8.79,776.3,0.0,56.58,22.0,22.53,23.1,1.19,99.3
59,2026-03-04 15:00:00,21.74,8.66,772.8,0.0,52.1,23.5,24.05,24.5,1.44,99.28
59,2026-03-04 16:00:00,24.88,9.03,729.6,0.0,46.28,25.1,25.5,25.9,1.76,99.25
59,2026-03-04 17:00:00,23.62,9.46,633.3,0.0,42.48,26.1,26.3,26.4,1.97,99.21
59,2026-03-04 18:00:00,19.73,8.47,496.9,0.0,40.28,26.5,26.55,26.6,2.07,99.19
59,2026-03-04 19:00:00,14.58,6.89,330.3,0.0,38.73,26.4,26.58,26.7,2.13,99.2
59,2026-03-04 20:00:00,13.93,4.96,157.9,0.0,40.65,24.8,25.55,26.1,1.95,99.21
59,2026-03-04 21:00:00,5.87,2.51,19.3,0.0,49.03,20.2,21.9,23.6,1.35,99.25
59,2026-03-04 22:00:00,5.98,3.25,0.0,0.0,54.8,18.7,19.15,19.5,1.0,99.34
59,2026-03-04 23:00:00,10.84,4.07,0.0,0.0,57.15,17.0,18.08,18.8,0.89,99.4
59,2026-03-05 00:00:00,7.78,4.12,0.0,0.0,61.8,16.1,16.53,16.8,0.72,99.43
59,2026-03-05 01:00:00,8.93,3.8,0.0,0.0,64.05,14.8,15.55,15.9,0.64,99.44
59,2026-03-05 02:00:00,3.82,1.93,0.0,0.0,72.73,12.6,13.35,14.0,0.42,99.42
59,2026-03-05 03:00:00,3.6,1.92,0.0,0.0,83.8,10.4,11.05,12.0,0.22,99.37
59,2026-03-05 04:00:00,3.6,1.3,0.0,0.0,87.9,9.6,9.9,10.1,0.15,99.33
59,2026-03-05 05:00:00,4.97,2.43,0.0,0.0,87.05,9.3,9.65,10.3,0.16,99.31
59,2026-03-05 06:00:00,3.64,1.85,0.0,0.0,85.6,9.0,9.6,10.1,0.17,99.33
59,2026-03-05 07:00:00,2.66,1.15,0.0,0.0,90.38,7.8,8.23,8.8,0.11,99.35
59,2026-03-05 08:00:00,3.24,1.99,28.1,0.0,91.78,7.6,7.65,7.7,0.09,99.38
59,2026-03-05 09:00:00,7.63,2.6,188.1,0.0,92.35,8.6,10.2,11.9,0.1,99.42
59,2026-03-05 10:00:00,14.04,6.85,363.2,0.0,79.23,12.6,13.43,14.3,0.33,99.44
59,2026-03-05 11:00:00,13.72,5.54,528.7,0.0,69.33,14.8,15.75,16.6,0.55,99.43
59,2026-03-05 12:00:00,10.98,4.44,658.9,0.0,62.63,17.0,18.08,19.2,0.78,99.42
59,2026-03-05 13:00:00,11.52,4.77,738.3,0.0,59.18,19.9,20.63,21.3,0.99,99.39
59,2026-03-05 14:00:00,13.39,4.34,768.3,0.0,55.68,21.9,23.03,23.9,1.25,99.34
59,2026-03-05 15:00:00,12.92,4.48,765.5,0.0,51.6,24.6,25.48,26.3,1.58,99.29
59,2026-03-05 16:00:00,12.56,5.4,721.1,0.0,49.65,26.8,27.05,27.3,1.8,99.26
59,2026-03-05 17:00:00,13.43,4.42,627.8,0.0,46.05,27.4,27.8,28.2,2.02,99.22
59,2026-03-05 18:00:00,10.08,3.47,492.3,0.0,40.65,28.6,28.68,28.7,2.33,99.18
59,2026-03-05 19:00:00,10.51,3.16,325.7,0.0,38.85,28.6,28.7,28.8,2.41,99.15
59,2026-03-05 20:00:00,4.07,1.15,154.7,0.0,45.95,27.3,28.15,28.5,2.07,99.15
59,2026-03-05 21:00:00,3.64,1.49,15.7,0.0,66.8,19.6,22.33,25.5,0.92,99.17
59,2026-03-05 22:00:00,3.24,2.03,0.0,0.0,79.73,17.0,17.75,18.7,0.42,99.22
59,2026-03-05 23:00:00,6.16,2.6,0.0,0.0,83.45,15.9,16.2,16.5,0.3,99.27
59,2026-03-06 00:00:00,5.76,2.34,0.0,0.0,82.3,15.2,15.75,16.2,0.32,99.28
59,2026-03-06 01:00:00,4.9,2.47,0.0,0.0,81.18,14.9,15.23,15.4,0.33,99.24
59,2026-03-06 02:00:00,4.64,2.0,0.0,0.0,85.13,13.2,13.93,14.7,0.24,99.22
59,2026-03-06 03:00:00,2.74,1.51,0.0,0.0,86.78,12.8,13.18,13.6,0.2,99.18
59,2026-03-06 04:00:00,3.96,1.98,0.0,0.0,90.03,11.6,12.25,13.2,0.15,99.14
59,2026-03-06 05:00:00,3.53,2.07,0.0,0.0,89.83,11.4,11.7,11.9,0.14,99.11
59,2026-03-06 06:00:00,2.99,1.87,0.0,0.02,92.63,10.4,10.85,11.2,0.1,99.09
59,2026-03-06 07:00:00,3.71,2.1,0.0,0.02,93.0,10.2,10.28,10.4,0.09,99.11
59,2026-03-06 08:00:00,4.68,2.5,22.3,0.02,93.65,10.0,10.15,10.2,0.08,99.15
59,2026-03-06 09:00:00,4.61,1.67,181.7,0.02,94.18,11.2,12.73,14.5,0.09,99.16
59,2026-03-06 10:00:00,9.47,3.91,359.7,0.0,81.25,15.5,16.43,17.2,0.35,99.18
59,2026-03-06 11:00:00,8.32,3.49,524.2,0.0,68.9,17.9,19.0,20.1,0.69,99.15
59,2026-03-06 12:00:00,10.12,3.61,665.3,0.0,60.68,20.8,22.0,23.1,1.04,99.13
59,2026-03-06 13:00:00,10.94,4.15,728.9,0.0,55.73,23.6,24.28,25.0,1.34,99.12
59,2026-03-06 14:00:00,11.56,4.27,776.8,0.0,50.23,25.8,26.68,27.5,1.75,99.1
59,2026-03-06 15:00:00,15.95,5.33,756.1,0.0,43.08,28.1,28.55,29.1,2.23,99.09
59,2026-03-06 16:00:00,11.63,4.86,704.1,0.0,36.95,29.3,29.83,30.2,2.65,99.04
59,2026-03-06 17:00:00,11.99,3.98,637.3,0.0,35.05,30.6,30.83,31.2,2.89,98.99
59,2026-03-06 18:00:00,10.94,3.78,487.6,0.0,32.98,31.2,31.43,31.6,3.09,98.96
59,2026-03-06 19:00:00,8.1,2.75,317.6,0.0,33.08,31.4,31.5,31.6,3.1,98.94
59,2026-03-06 20:00:00,9.9,1.11,144.2,0.0,44.18,28.8,30.05,31.2,2.39,98.96
59,2026-03-06 21:00:00,13.39,5.73,14.4,0.0,45.6,24.4,25.95,27.5,1.83,99.02
59,2026-03-06 22:00:00,8.71,3.44,0.0,0.0,51.7,21.7,22.65,23.7,1.33,99.12
59,2026-03-06 23:00:00,5.29,2.0,0.0,0.0,62.03,17.9,19.55,21.3,0.88,99.23
59,2026-03-07 00:00:00,5.08,1.95,0.0,0.0,75.28,16.0,16.6,17.4,0.47,99.25
59,2026-03-07 01:00:00,5.22,2.05,0.0,0.0,78.48,15.0,15.3,15.8,0.37,99.2
59,2026-03-07 02:00:00,4.82,2.34,0.0,0.0,81.88,13.5,13.88,14.4,0.29,99.17
59,2026-03-07 03:00:00,3.85,2.04,0.0,0.0,84.78,12.5,12.78,13.2,0.23,99.16
59,2026-03-07 04:00:00,3.13,1.68,0.0,0.0,87.23,11.9,11.95,12.1,0.18,99.1
59,2026-03-07 05:00:00,3.42,1.57,0.0,0.0,87.48,11.3,11.55,11.8,0.17,99.05
59,2026-03-07 06:00:00,3.56,2.12,0.0,0.0,89.43,10.5,10.8,11.1,0.14,99.05
59,2026-03-07 07:00:00,4.21,2.44,0.0,0.0,90.58,10.4,10.58,10.8,0.12,99.1
59,2026-03-07 08:00:00,5.15,2.7,14.5,0.02,91.93,9.9,10.1,10.5,0.1,99.2
59,2026-03-07 09:00:00,11.99,4.28,172.4,0.02,92.43,11.2,11.78,12.4,0.11,99.28
59,2026-03-07 10:00:00,13.32,5.58,349.6,0.0,88.03,12.8,13.78,14.7,0.19,99.35
59,2026-03-07 11:00:00,19.04,9.16,523.7,0.0,76.8,15.5,16.33,17.1,0.43,99.35
59,2026-03-07 12:00:00,18.4,8.29,570.8,0.0,69.95,17.6,18.33,19.1,0.64,99.34
59,2026-03-07 13:00:00,21.96,7.81,689.9,0.0,62.05,20.0,20.95,21.8,0.94,99.32
59,2026-03-07 14:00:00,22.03,8.36,732.5,0.0,57.18,22.2,22.7,23.3,1.19,99.28
59,2026-03-07 15:00:00,19.4,9.58,742.1,0.0,50.8,23.4,23.95,24.4,1.47,99.25
59,2026-03-07 16:00:00,24.12,8.64,680.3,0.0,43.63,24.8,25.38,25.8,1.83,99.21
59,2026-03-07 17:00:00,22.86,9.38,593.9,0.0,41.8,26.0,26.1,26.4,1.97,99.19
59,2026-03-07 18:00:00,27.07,10.41,404.1,0.0,46.3,23.8,25.18,26.2,1.73,99.18
59,2026-03-07 19:00:00,23.0,9.25,249.1,0.0,55.45,22.5,22.7,23.1,1.23,99.2
59,2026-03-07 20:00:00,15.91,5.68,65.9,0.0,58.9,20.2,21.05,21.8,1.03,99.23
59,2026-03-07 21:00:00,9.4,2.69,6.3,0.0,66.6,17.6,18.6,19.5,0.72,99.29
59,2026-03-07 22:00:00,5.29,2.03,0.0,0.0,76.98,15.8,16.03,16.5,0.42,99.38
59,2026-03-07 23:00:00,4.72,2.33,0.0,0.0,79.35,14.4,15.15,15.9,0.36,99.42
59,2026-03-08 00:00:00,5.44,2.09,0.0,0.0,86.45,12.9,13.23,13.6,0.21,99.42
59,2026-03-08 01:00:00,7.02,3.01,0.0,0.0,88.23,12.8,12.93,13.2,0.18,99.44
59,2026-03-08 02:00:00,3.67,1.89,0.0,0.0,90.3,11.9,12.35,13.0,0.14,99.43
59,2026-03-08 03:00:00,2.34,1.14,0.0,0.0,91.9,10.7,11.15,11.5,0.11,99.44
59,2026-03-08 04:00:00,5.94,2.25,0.0,0.0,91.95,10.7,10.78,11.0,0.1,99.45
59,2026-03-08 05:00:00,5.9,2.55,0.0,0.02,92.95,11.2,11.25,11.4,0.1,99.4
59,2026-03-08 06:00:00,5.8,1.82,0.0,0.02,94.05,10.2,10.6,10.8,0.08,99.37
59,2026-03-08 07:00:00,4.82,2.25,0.0,0.02,94.43,9.3,9.6,10.0,0.06,99.44
59,2026-03-08 08:00:00,5.44,2.81,15.1,0.04,94.33,9.1,9.33,9.5,0.07,99.49
59,2026-03-08 09:00:00,5.87,1.81,183.7,0.02,97.03,9.8,11.28,12.6,0.04,99.55
59,2026-03-08 10:00:00,9.94,3.52,346.4,0.0,91.55,13.5,14.48,15.4,0.14,99.57
59,2026-03-08 11:00:00,11.7,3.45,507.3,0.0,82.18,15.9,16.78,17.7,0.34,99.56
59,2026-03-08 12:00:00,13.75,4.4,636.8,0.0,72.38,18.5,19.18,19.9,0.62,99.6
59,2026-03-08 13:00:00,19.3,5.87,722.7,0.0,64.4,20.8,21.53,22.4,0.92,99.57
59,2026-03-08 14:00:00,20.59,7.46,742.6,0.0,58.28,22.9,23.43,24.1,1.2,99.54
59,2026-03-08 15:00:00,20.88,7.57,745.8,0.0,53.75,24.5,25.13,25.7,1.48,99.51
59,2026-03-08 16:00:00,19.73,7.99,696.5,0.0,48.63,26.2,26.38,26.6,1.77,99.48
59,2026-03-08 17:00:00,16.52,6.36,597.1,0.0,44.53,26.8,27.13,27.5,1.99,99.43
59,2026-03-08 18:00:00,18.11,7.13,348.1,0.0,42.15,25.5,26.35,26.9,1.99,99.45
59,2026-03-08 19:00:00,15.48,6.71,151.1,0.0,51.65,23.7,24.45,25.1,1.48,99.48
59,2026-03-08 20:00:00,15.01,4.66,51.5,0.0,55.0,22.2,22.78,23.3,1.25,99.49
59,2026-03-08 21:00:00,18.79,5.17,13.9,0.0,58.5,19.9,20.7,21.6,1.02,99.57
59,2026-03-08 22:00:00,12.46,4.85,0.0,0.0,65.53,18.2,18.8,19.4,0.75,99.65
59,2026-03-08 23:00:00,6.91,3.25,0.0,0.0,73.08,16.4,17.0,17.7,0.52,99.66
59,2026-03-09 00:00:00,5.76,2.68,0.0,0.0,77.6,15.3,15.75,16.2,0.4,99.64
59,2026-03-09 01:00:00,5.47,2.31,0.0,0.0,80.5,14.0,14.8,15.4,0.33,99.63
59,2026-03-09 02:00:00,3.92,2.38,0.0,0.0,85.65,12.8,13.25,13.8,0.22,99.62
59,2026-03-09 03:00:00,3.46,1.58,0.0,0.0,88.95,11.5,12.08,12.5,0.16,99.57
59,2026-03-09 04:00:00,3.31,1.57,0.0,0.0,90.18,10.8,11.03,11.3,0.13,99.52
59,2026-03-09 05:00:00,3.35,1.81,0.0,0.0,92.4,10.1,10.23,10.3,0.1,99.51
59,2026-03-09 06:00:00,4.1,2.45,0.0,0.0,92.98,10.0,10.1,10.2,0.09,99.54
59,2026-03-09 07:00:00,3.24,2.04,0.0,0.0,94.05,9.4,9.55,9.6,0.07,99.58
59,2026-03-09 08:00:00,3.74,1.87,12.0,0.04,93.63,9.5,9.65,9.9,0.08,99.64
59,2026-03-09 09:00:00,6.77,1.57,171.3,0.0,97.03,10.3,11.38,12.6,0.04,99.67
59,2026-03-09 10:00:00,9.18,3.69,345.5,0.0,90.1,13.3,14.25,15.2,0.17,99.68
59,2026-03-09 11:00:00,11.88,4.34,508.0,0.0,76.53,16.0,17.08,18.2,0.47,99.67
59,2026-03-09 12:00:00,17.03,6.57,638.3,0.0,63.05,19.0,20.15,21.0,0.88,99.67
59,2026-03-09 13:00:00,16.7,7.05,718.3,0.0,56.7,21.5,22.35,23.0,1.17,99.63
59,2026-03-09 14:00:00,16.67,6.74,745.6,0.0,50.5,23.7,24.6,25.5,1.54,99.59
59,2026-03-09 15:00:00,16.49,7.27,743.1,0.0,46.43,25.7,26.3,26.7,1.83,99.57
59,2026-03-09 16:00:00,18.97,7.66,700.6,0.0,43.48,27.2,27.6,28.0,2.09,99.51
59,2026-03-09 17:00:00,17.93,7.5,606.6,0.0,41.5,28.1,28.35,28.5,2.26,99.46
59,2026-03-09 18:00:00,22.0,7.76,471.5,0.0,38.78,28.7,28.78,28.8,2.42,99.43
59,2026-03-09 19:00:00,16.24,6.74,302.7,0.0,37.48,27.8,28.33,28.7,2.41,99.43
59,2026-03-09 20:00:00,13.46,4.55,163.8,0.0,41.13,25.0,26.5,27.8,2.05,99.43
59,2026-03-09 21:00:00,5.72,3.13,4.5,0.0,48.48,22.1,22.98,23.9,1.45,99.45
59,2026-03-09 22:00:00,6.84,3.44,0.0,0.0,51.75,21.3,21.4,21.6,1.23,99.48
59,2026-03-09 23:00:00,4.46,1.86,0.0,0.0,57.58,18.2,19.48,20.5,0.97,99.49
59,2026-03-10 00:00:00,4.32,2.06,0.0,0.0,72.18,15.6,16.13,17.2,0.51,99.47
59,2026-03-10 01:00:00,6.73,2.9,0.0,0.0,69.65,16.1,16.85,17.4,0.59,99.44
59,2026-03-10 02:00:00,3.82,1.87,0.0,0.0,77.18,14.5,15.5,16.3,0.41,99.41
59,2026-03-10 03:00:00,4.28,1.39,0.0,0.0,82.1,13.4,13.9,14.2,0.29,99.41
59,2026-03-10 04:00:00,3.74,2.2,0.0,0.0,86.65,12.2,12.48,12.9,0.19,99.39
59,2026-03-10 05:00:00,2.74,1.15,0.0,0.0,88.65,11.3,11.78,12.4,0.16,99.39
59,2026-03-10 06:00:00,4.03,1.98,0.0,0.0,91.05,10.3,10.75,11.2,0.12,99.38
59,2026-03-10 07:00:00,3.17,2.06,0.0,0.0,92.23,10.0,10.23,10.5,0.1,99.39
59,2026-03-10 08:00:00,3.96,1.87,9.7,0.0,92.83,9.3,9.48,9.8,0.09,99.44
59,2026-03-10 09:00:00,11.41,2.92,174.5,0.02,90.98,10.2,12.53,14.8,0.13,99.48
59,2026-03-10 10:00:00,14.22,5.73,343.3,0.0,83.48,15.8,16.83,17.6,0.32,99.5
59,2026-03-10 11:00:00,11.74,4.74,502.7,0.0,73.83,18.1,18.98,19.9,0.58,99.51
59,2026-03-10 12:00:00,10.58,4.2,633.3,0.0,62.8,20.5,21.48,22.6,0.96,99.52
59,2026-03-10 13:00:00,12.24,4.23,713.4,0.0,58.18,23.0,23.9,24.7,1.25,99.5
59,2026-03-10 14:00:00,15.88,6.1,739.6,0.0,51.5,25.6,26.45,27.4,1.68,99.47
59,2026-03-10 15:00:00,20.45,6.84,735.2,0.0,47.6,27.7,28.15,28.5,2.0,99.44
59,2026-03-10 16:00:00,13.28,5.18,689.8,0.0,43.8,28.9,29.43,29.9,2.31,99.4
59,2026-03-10 17:00:00,15.3,4.48,595.3,0.0,39.43,30.4,30.5,30.6,2.65,99.36
59,2026-03-10 18:00:00,10.55,4.2,454.4,0.0,38.68,30.6,30.73,30.8,2.71,99.32
59,2026-03-10 19:00:00,8.82,3.38,287.3,0.0,39.28,30.3,30.55,30.7,2.66,99.32
59,2026-03-10 20:00:00,18.29,5.37,124.4,0.0,43.78,27.4,28.95,30.0,2.26,99.34
59,2026-03-10 21:00:00,14.72,5.58,8.7,0.0,49.38,23.9,25.0,26.3,1.61,99.4
59,2026-03-10 22:00:00,11.09,3.66,0.0,0.0,54.28,21.6,22.43,23.4,1.24,99.49
59,2026-03-10 23:00:00,7.74,3.14,0.0,0.0,61.73,19.0,20.03,21.1,0.9,99.59
59,2026-03-11 00:00:00,8.64,3.7,0.0,0.0,64.28,18.2,18.7,19.0,0.77,99.62
59,2026-03-11 01:00:00,8.21,3.12,0.0,0.0,71.58,16.1,16.88,17.3,0.55,99.63
59,2026-03-11 02:00:00,4.39,1.98,0.0,0.0,78.33,14.3,15.13,15.9,0.37,99.62
59,2026-03-11 03:00:00,4.72,1.87,0.0,0.0,84.58,13.0,13.3,13.6,0.24,99.6
59,2026-03-11 04:00:00,3.67,1.41,0.0,0.0,87.98,11.6,12.1,12.4,0.17,99.56
59,2026-03-11 05:00:00,4.5,2.19,0.0,0.0,89.38,11.3,11.55,11.8,0.15,99.55
59,2026-03-11 06:00:00,4.43,2.71,0.0,0.0,90.48,11.8,11.9,12.0,0.13,99.55
59,2026-03-11 07:00:00,3.64,1.59,0.0,0.0,91.8,11.0,11.4,11.7,0.11,99.59
59,2026-03-11 08:00:00,4.54,2.68,15.1,0.02,92.58,10.5,10.7,11.0,0.1,99.66
59,2026-03-11 09:00:00,6.37,2.89,143.7,0.0,91.7,11.9,12.75,13.8,0.12,99.72
59,2026-03-11 10:00:00,13.9,5.93,322.3,0.0,83.7,14.8,15.83,16.7,0.3,99.76
59,2026-03-11 11:00:00,14.51,6.02,498.9,0.0,73.08,17.2,17.95,18.8,0.56,99.78
59,2026-03-11 12:00:00,14.33,6.11,625.1,0.0,66.6,19.2,20.03,20.7,0.79,99.77
59,2026-03-11 13:00:00,18.07,7.83,704.0,0.0,60.63,21.3,21.9,22.7,1.04,99.76
59,2026-03-11 14:00:00,24.23,7.93,729.2,0.0,56.25,22.9,23.78,24.4,1.29,99.73
59,2026-03-11 15:00:00,19.01,7.63,727.0,0.0,51.68,24.9,25.45,26.0,1.57,99.7
59,2026-03-11 16:00:00,14.22,6.61,680.4,0.0,48.48,26.2,26.7,27.3,1.81,99.66
59,2026-03-11 17:00:00,20.12,7.47,589.7,0.0,45.4,27.2,27.48,27.6,2.0,99.61
59,2026-03-11 18:00:00,18.43,7.58,452.8,0.0,42.58,27.9,27.95,28.0,2.17,99.6
59,2026-03-11 19:00:00,15.16,6.46,291.1,0.0,41.7,27.5,27.7,27.8,2.17,99.6
59,2026-03-11 20:00:00,12.64,3.78,124.1,0.0,45.35,24.7,26.15,27.1,1.86,99.65
59,2026-03-11 21:00:00,3.67,1.95,5.6,0.0,56.73,19.0,21.28,23.4,1.11,99.69
59,2026-03-11 22:00:00,14.44,3.49,0.0,0.0,59.48,19.0,19.63,20.4,0.93,99.76
59,2026-03-11 23:00:00,10.33,4.54,0.0,0.0,61.2,19.2,19.93,20.6,0.91,99.83
59,2026-03-12 00:00:00,8.5,3.72,0.0,0.0,68.43,17.7,17.95,18.4,0.65,99.83
59,2026-03-12 01:00:00,10.26,3.61,0.0,0.0,72.3,17.5,17.73,17.9,0.56,99.8
59,2026-03-12 02:00:00,5.04,2.21,0.0,0.0,78.35,15.8,16.2,16.7,0.4,99.78
59,2026-03-12 03:00:00,2.99,1.34,0.0,0.0,85.7,12.9,13.48,14.4,0.22,99.75
59,2026-03-12 04:00:00,3.49,2.23,0.0,0.0,88.5,12.6,12.73,12.8,0.17,99.72
59,2026-03-12 05:00:00,3.82,2.02,0.0,0.0,91.3,11.7,11.9,12.2,0.12,99.69
59,2026-03-12 06:00:00,2.84,1.22,0.0,0.0,92.48,11.2,11.35,11.7,0.1,99.67
59,2026-03-12 07:00:00,3.42,1.62,0.0,0.0,93.55,10.3,10.8,11.2,0.09,99.65
59,2026-03-12 08:00:00,5.11,2.01,6.1,0.0,93.0,10.2,10.43,11.0,0.09,99.66
59,2026-03-12 09:00:00,5.76,2.14,70.2,0.02,93.6,11.8,12.38,13.1,0.09,99.69
59,2026-03-12 10:00:00,13.72,4.38,121.0,0.0,93.8,14.1,15.13,16.0,0.11,99.7
59,2026-03-12 11:00:00,18.76,7.83,306.1,0.0,90.6,16.4,17.05,17.7,0.19,99.7
59,2026-03-12 12:00:00,15.12,5.75,612.1,0.0,80.98,18.5,19.55,20.4,0.44,99.67
59,2026-03-12 13:00:00,14.58,5.94,693.5,0.0,67.55,21.4,22.38,23.5,0.89,99.64
59,2026-03-12 14:00:00,16.42,6.78,716.4,0.0,56.03,24.3,25.4,26.3,1.43,99.61
59,2026-03-12 15:00:00,17.14,8.23,714.1,0.0,51.55,26.8,27.28,27.8,1.76,99.56
59,2026-03-12 16:00:00,15.98,6.65,668.6,0.0,48.45,28.1,28.58,29.0,2.02,99.5
59,2026-03-12 17:00:00,12.89,4.72,579.3,0.0,45.5,29.0,29.38,29.7,2.23,99.42
59,2026-03-12 18:00:00,13.97,4.92,440.9,0.0,44.25,30.0,30.0,30.0,2.37,99.39
59,2026-03-12 19:00:00,12.64,4.25,269.6,0.0,44.5,29.2,29.6,29.8,2.3,99.37
59,2026-03-12 20:00:00,8.32,2.61,108.7,0.0,48.05,26.7,27.88,28.7,1.95,99.4
59,2026-03-12 21:00:00,12.46,4.46,3.5,0.0,54.7,23.6,24.45,25.3,1.39,99.47
59,2026-03-12 22:00:00,5.15,2.46,0.0,0.0,61.18,20.9,21.95,22.8,1.03,99.55
59,2026-03-12 23:00:00,6.3,2.98,0.0,0.0,68.45,19.7,20.05,20.6,0.74,99.62
59,2026-03-13 00:00:00,5.98,2.29,0.0,0.0,69.03,19.0,19.3,19.5,0.69,99.61
59,2026-03-13 01:00:00,9.18,3.39,0.0,0.0,70.28,18.2,18.35,18.6,0.63,99.61
59,2026-03-13 02:00:00,7.96,3.97,0.0,0.0,69.0,18.0,18.33,18.6,0.66,99.6
59,2026-03-13 03:00:00,9.94,4.45,0.0,0.0,71.75,17.0,17.33,17.7,0.56,99.58
59,2026-03-13 04:00:00,12.71,4.43,0.0,0.0,73.88,16.1,16.35,16.7,0.49,99.58
59,2026-03-13 05:00:00,16.99,6.42,0.0,0.0,71.1,15.6,15.83,16.0,0.52,99.57
59,2026-03-13 06:00:00,16.78,7.27,0.0,0.0,70.93,14.6,14.95,15.3,0.5,99.58
59,2026-03-13 07:00:00,15.66,5.83,0.0,0.0,74.0,13.6,13.93,14.4,0.41,99.58
59,2026-03-13 08:00:00,16.2,6.63,11.1,0.0,76.85,13.1,13.28,13.5,0.36,99.63
59,2026-03-13 09:00:00,14.08,7.25,155.5,0.0,78.4,13.2,13.43,13.9,0.33,99.67
59,2026-03-13 10:00:00,19.15,8.98,314.3,0.0,75.95,14.3,14.85,15.5,0.41,99.7
59,2026-03-13 11:00:00,18.58,8.08,526.9,0.0,71.65,15.6,16.45,17.2,0.53,99.71
59,2026-03-13 12:00:00,19.66,7.06,558.2,0.0,68.88,17.1,17.35,17.7,0.62,99.72
59,2026-03-13 13:00:00,15.95,6.44,688.8,0.0,63.73,18.9,19.48,20.2,0.82,99.66
59,2026-03-13 14:00:00,21.82,7.45,783.1,0.0,61.53,20.7,21.2,21.7,0.97,99.62
59,2026-03-13 15:00:00,16.45,6.9,660.3,0.0,59.5,22.0,22.6,23.0,1.11,99.59
59,2026-03-13 16:00:00,14.87,6.18,537.0,0.0,55.9,23.3,23.98,24.7,1.32,99.54
59,2026-03-13 17:00:00,14.44,6.34,579.9,0.0,51.9,24.7,25.18,25.4,1.54,99.5
59,2026-03-13 18:00:00,13.82,5.48,443.9,0.0,48.53,25.7,26.05,26.2,1.74,99.46
59,2026-03-13 19:00:00,12.6,5.6,278.8,0.0,47.73,25.7,25.95,26.2,1.75,99.46
59,2026-03-13 20:00:00,8.89,3.71,119.9,0.0,51.88,22.9,24.45,25.4,1.48,99.46
59,2026-03-13 21:00:00,5.83,2.66,3.3,0.0,59.68,18.9,20.35,21.8,0.97,99.5
59,2026-03-13 22:00:00,4.21,1.97,0.0,0.0,68.1,16.4,17.18,17.8,0.63,99.57
59,2026-03-13 23:00:00,5.87,1.96,0.0,0.0,66.75,16.1,16.33,16.7,0.62,99.62
59,2026-03-14 00:00:00,12.42,4.88,0.0,0.0,59.13,16.1,16.95,17.4,0.79,99.61
59,2026-03-14 01:00:00,5.47,3.27,0.0,0.0,68.5,13.7,14.43,15.2,0.52,99.62
59,2026-03-14 02:00:00,5.51,2.16,0.0,0.0,77.53,11.0,12.2,13.8,0.32,99.62
59,2026-03-14 03:00:00,3.74,1.69,0.0,0.0,84.55,10.3,10.38,10.5,0.2,99.58
59,2026-03-14 04:00:00,8.24,2.71,0.0,0.0,86.0,9.7,10.18,10.9,0.18,99.55
59,2026-03-14 05:00:00,10.58,4.28,0.0,0.0,80.68,11.3,11.63,11.8,0.27,99.56
59,2026-03-14 06:00:00,6.41,2.87,0.0,0.0,83.2,10.0,10.48,11.0,0.22,99.59
59,2026-03-14 07:00:00,5.4,2.62,0.0,0.0,85.65,9.0,9.45,10.3,0.17,99.6
59,2026-03-14 08:00:00,7.52,3.22,7.3,0.0,86.0,9.0,9.4,9.7,0.17,99.64
59,2026-03-14 09:00:00,7.78,2.72,160.7,0.0,86.0,9.4,10.6,12.1,0.18,99.68
59,2026-03-14 10:00:00,13.43,6.22,326.1,0.0,77.45,12.8,13.78,14.7,0.36,99.71
59,2026-03-14 11:00:00,13.82,6.53,484.0,0.0,70.43,15.4,15.98,16.6,0.54,99.75
59,2026-03-14 12:00:00,13.0,4.27,635.8,0.0,64.05,17.0,17.95,18.9,0.74,99.74
59,2026-03-14 13:00:00,15.52,5.57,690.8,0.0,58.2,19.4,20.33,21.3,1.0,99.7
59,2026-03-14 14:00:00,13.46,4.57,740.5,0.0,51.95,21.7,22.55,23.3,1.32,99.63
59,2026-03-14 15:00:00,12.85,4.97,759.3,0.0,46.6,23.6,24.3,24.8,1.63,99.57
59,2026-03-14 16:00:00,13.07,4.39,428.5,0.0,44.88,24.3,24.38,24.4,1.68,99.48
59,2026-03-14 17:00:00,13.1,4.36,445.3,0.0,43.35,24.4,24.68,25.0,1.76,99.42
59,2026-03-14 18:00:00,14.33,5.09,525.3,0.0,42.15,25.1,25.35,25.7,1.87,99.37
59,2026-03-14 19:00:00,9.83,3.68,134.6,0.0,43.53,24.4,24.65,25.0,1.75,99.35
59,2026-03-14 20:00:00,14.8,5.46,58.6,0.0,39.58,22.6,23.48,24.1,1.75,99.37
59,2026-03-14 21:00:00,13.5,5.6,0.5,0.0,37.43,20.5,21.18,22.0,1.57,99.38
59,2026-03-14 22:00:00,11.74,4.02,0.0,0.0,42.55,19.0,19.68,20.3,1.32,99.4
59,2026-03-14 23:00:00,9.0,3.11,0.0,0.0,48.25,18.0,18.48,18.8,1.1,99.46
59,2026-03-15 00:00:00,11.34,3.09,0.0,0.0,53.7,17.4,17.5,17.6,0.93,99.46
59,2026-03-15 01:00:00,9.94,3.26,0.0,0.0,58.18,16.5,16.98,17.4,0.81,99.48
59,2026-03-15 02:00:00,4.79,1.68,0.0,0.0,64.13,15.8,16.03,16.2,0.66,99.45
59,2026-03-15 03:00:00,4.07,1.34,0.0,0.0,71.03,15.0,15.2,15.4,0.5,99.38
59,2026-03-15 04:00:00,9.86,2.37,0.0,0.0,70.28,15.0,15.0,15.0,0.51,99.31
59,2026-03-15 05:00:00,10.08,3.86,0.0,0.0,70.08,14.8,14.88,15.0,0.5,99.26
59,2026-03-15 06:00:00,11.99,5.76,0.0,0.0,71.1,14.8,14.88,15.0,0.49,99.22
59,2026-03-15 07:00:00,10.76,5.19,0.0,0.0,71.08,14.7,14.8,14.9,0.49,99.21
59,2026-03-15 08:00:00,13.82,5.3,0.5,0.0,71.45,14.5,14.75,14.9,0.48,99.24
59,2026-03-15 09:00:00,13.07,5.03,45.0,0.0,70.95,14.6,14.83,15.0,0.49,99.26
59,2026-03-15 10:00:00,14.72,6.76,142.0,0.0,68.73,15.3,15.78,16.2,0.56,99.28
59,2026-03-15 11:00:00,26.21,9.23,236.0,0.0,66.95,16.5,17.43,18.4,0.66,99.25
59,2026-03-15 12:00:00,22.93,10.78,314.1,0.0,62.68,18.7,19.45,20.0,0.85,99.24
59,2026-03-15 13:00:00,27.72,11.87,413.9,0.0,56.65,20.7,21.05,21.8,1.08,99.17
59,2026-03-15 14:00:00,28.87,12.39,613.9,0.0,47.95,22.2,23.55,24.3,1.52,99.09
59,2026-03-15 15:00:00,34.7,13.79,386.8,0.0,49.2,24.0,24.23,24.7,1.54,99.05
59,2026-03-15 16:00:00,33.55,14.99,417.2,0.0,50.63,24.3,24.55,25.0,1.53,98.99
59,2026-03-15 17:00:00,30.42,13.91,252.5,0.0,50.9,24.0,24.6,25.0,1.52,98.95
59,2026-03-15 18:00:00,40.36,16.12,109.3,0.0,56.93,22.5,22.85,23.5,1.2,98.97
59,2026-03-15 19:00:00,41.33,16.37,36.4,0.0,58.65,21.9,22.03,22.3,1.1,99.02
59,2026-03-15 20:00:00,36.54,15.85,15.2,0.0,62.85,20.9,21.28,21.6,0.94,99.05
59,2026-03-15 21:00:00,34.16,14.72,0.0,0.09,67.9,19.8,20.55,20.8,0.78,99.05
59,2026-03-15 22:00:00,38.41,9.44,0.0,11.99,91.55,16.9,17.08,17.4,0.17,99.23
59,2026-03-15 23:00:00,13.68,4.95,0.0,3.13,95.95,15.4,16.2,17.2,0.08,99.31
59,2026-03-16 00:00:00,11.12,3.65,0.0,10.52,94.88,14.8,15.05,15.4,0.09,99.33
59,2026-03-16 01:00:00,8.03,3.19,0.0,2.43,95.05,14.8,14.98,15.1,0.08,99.35
59,2026-03-16 02:00:00,6.41,3.39,0.0,1.12,95.53,15.1,15.25,15.4,0.08,99.37
59,2026-03-16 03:00:00,9.58,3.83,0.0,0.51,95.78,15.3,15.43,15.5,0.08,99.34
59,2026-03-16 04:00:00,8.82,3.97,0.0,0.34,95.93,15.3,15.3,15.3,0.07,99.31
59,2026-03-16 05:00:00,10.55,4.16,0.0,0.1,96.08,14.9,15.08,15.3,0.07,99.3
59,2026-03-16 06:00:00,12.96,5.31,0.0,0.5,96.1,14.6,14.75,14.9,0.07,99.3
59,2026-03-16 07:00:00,12.35,5.46,0.0,0.04,96.25,14.4,14.43,14.5,0.06,99.3
59,2026-03-16 08:00:00,11.3,4.76,0.0,0.0,95.13,14.4,14.45,14.5,0.08,99.35
59,2026-03-16 09:00:00,9.4,3.81,26.3,0.0,95.35,14.5,14.5,14.5,0.08,99.41
59,2026-03-16 10:00:00,11.34,5.0,111.9,0.0,96.3,14.6,14.88,15.2,0.06,99.44
59,2026-03-16 11:00:00,16.78,5.79,269.8,0.0,97.75,15.5,15.78,16.2,0.04,99.43
59,2026-03-16 12:00:00,15.98,5.58,242.8,0.0,95.75,16.4,16.58,16.7,0.08,99.45
59,2026-03-16 13:00:00,18.22,8.69,208.9,0.02,91.5,16.6,16.78,17.0,0.16,99.45
59,2026-03-16 14:00:00,17.82,9.18,181.3,0.53,93.53,16.2,16.48,16.6,0.12,99.43
59,2026-03-16 15:00:00,21.74,10.95,228.5,0.39,95.0,16.1,16.23,16.3,0.1,99.42
59,2026-03-16 16:00:00,18.25,10.01,299.9,0.02,94.05,16.3,16.43,16.5,0.11,99.38
59,2026-03-16 17:00:00,19.66,8.78,282.0,0.0,90.95,16.6,16.78,16.9,0.17,99.36
59,2026-03-16 18:00:00,17.57,8.51,248.7,0.0,89.2,16.9,17.05,17.2,0.21,99.38
59,2026-03-16 19:00:00,18.54,8.03,115.9,0.0,86.18,17.1,17.23,17.4,0.27,99.4
59,2026-03-16 20:00:00,14.47,6.37,147.2,0.0,83.98,17.0,17.55,17.9,0.32,99.42
59,2026-03-16 21:00:00,10.4,3.56,2.2,0.0,88.1,15.3,15.78,16.3,0.22,99.52
59,2026-03-16 22:00:00,6.19,1.97,0.0,0.0,91.6,13.8,14.33,14.9,0.14,99.61
59,2026-03-16 23:00:00,8.42,3.19,0.0,0.0,92.58,13.3,13.98,14.8,0.12,99.7
59,2026-03-17 00:00:00,11.95,4.94,0.0,0.0,92.2,15.0,15.13,15.3,0.13,99.7
59,2026-03-17 01:00:00,10.37,4.82,0.0,0.0,91.15,15.0,15.18,15.3,0.16,99.73
59,2026-03-17 02:00:00,15.52,5.9,0.0,0.0,89.83,14.7,14.95,15.1,0.18,99.78
59,2026-03-17 03:00:00,19.37,7.63,0.0,0.0,88.75,14.5,14.55,14.6,0.19,99.79
59,2026-03-17 04:00:00,20.34,10.07,0.0,0.0,88.23,14.3,14.43,14.5,0.19,99.78
59,2026-03-17 05:00:00,15.77,4.71,0.0,0.0,90.2,12.7,13.43,14.1,0.15,99.8
59,2026-03-17 06:00:00,9.61,4.04,0.0,0.0,93.18,11.6,11.93,12.2,0.1,99.81
59,2026-03-17 07:00:00,8.64,4.09,0.0,0.0,94.38,12.1,12.15,12.2,0.08,99.85
59,2026-03-17 08:00:00,8.53,3.3,3.7,0.0,95.38,12.2,12.35,12.5,0.07,99.84
59,2026-03-17 09:00:00,9.94,4.12,125.5,0.0,95.38,12.1,12.68,13.4,0.07,99.85
59,2026-03-17 10:00:00,10.48,5.2,343.7,0.0,91.2,14.6,15.73,16.5,0.16,99.84
59,2026-03-17 11:00:00,12.46,4.86,486.4,0.0,83.05,16.7,17.3,17.8,0.33,99.85
59,2026-03-17 12:00:00,17.24,7.43,614.1,0.0,75.95,18.2,18.75,19.2,0.52,99.86
59,2026-03-17 13:00:00,18.97,7.55,729.8,0.0,71.45,19.4,19.93,20.6,0.67,99.84
59,2026-03-17 14:00:00,17.46,7.08,781.3,0.0,65.48,20.6,20.93,21.6,0.86,99.8
59,2026-03-17 15:00:00,14.83,6.67,749.8,0.0,61.93,21.3,21.75,22.2,0.99,99.8
59,2026-03-17 16:00:00,14.36,5.13,636.1,0.0,57.93,21.8,22.28,22.5,1.13,99.78
59,2026-03-17 17:00:00,12.67,5.38,578.5,0.0,56.55,22.8,23.0,23.2,1.22,99.77
59,2026-03-17 18:00:00,12.56,5.12,451.0,0.0,56.03,23.3,23.38,23.4,1.27,99.76
59,2026-03-17 19:00:00,13.1,5.46,266.9,0.0,56.98,22.7,23.08,23.4,1.22,99.74
59,2026-03-17 20:00:00,12.24,4.26,103.9,0.0,60.9,20.3,21.6,22.5,1.02,99.76
59,2026-03-17 21:00:00,9.07,4.24,2.0,0.0,69.73,18.4,18.75,19.4,0.66,99.79
59,2026-03-17 22:00:00,8.53,4.2,0.0,0.0,74.98,16.6,17.23,17.9,0.49,99.83
59,2026-03-17 23:00:00,5.72,2.78,0.0,0.0,81.28,15.0,15.58,16.2,0.33,99.84
59,2026-03-18 00:00:00,10.91,5.23,0.0,0.0,78.2,14.7,15.0,15.2,0.37,99.83
59,2026-03-18 01:00:00,15.48,5.57,0.0,0.0,74.88,13.6,14.08,14.4,0.41,99.83
59,2026-03-18 02:00:00,14.83,4.54,0.0,0.0,76.53,12.3,12.85,13.3,0.35,99.82
59,2026-03-18 03:00:00,6.48,2.46,0.0,0.0,81.08,11.0,11.58,12.0,0.26,99.8
59,2026-03-18 04:00:00,2.95,1.34,0.0,0.0,88.6,9.7,10.15,10.5,0.14,99.77
59,2026-03-18 05:00:00,5.54,2.53,0.0,0.0,88.48,9.7,9.98,10.1,0.14,99.75
59,2026-03-18 06:00:00,2.63,1.31,0.0,0.0,91.88,8.7,9.05,9.5,0.1,99.7
59,2026-03-18 07:00:00,3.31,1.59,0.0,0.0,93.35,8.2,8.35,8.5,0.08,99.66
59,2026-03-18 08:00:00,3.78,2.01,5.6,0.0,93.88,7.8,7.95,8.1,0.07,99.64
59,2026-03-18 09:00:00,7.06,2.31,156.0,0.0,94.48,8.4,9.8,11.2,0.07,99.65
59,2026-03-18 10:00:00,9.94,4.37,318.9,0.0,87.15,12.0,12.83,13.6,0.19,99.66
59,2026-03-18 11:00:00,10.33,2.99,483.3,0.0,79.05,14.0,14.78,15.6,0.35,99.64
59,2026-03-18 12:00:00,10.98,3.95,608.3,0.0,73.18,16.1,16.95,17.8,0.52,99.64
59,2026-03-18 13:00:00,12.38,4.67,684.5,0.0,68.03,18.3,19.05,19.9,0.71,99.61
59,2026-03-18 14:00:00,14.87,4.27,707.0,0.0,62.78,20.5,21.33,22.2,0.95,99.58
59,2026-03-18 15:00:00,12.74,4.99,699.1,0.0,58.75,22.5,23.23,23.8,1.18,99.55
59,2026-03-18 16:00:00,12.1,4.33,655.3,0.0,56.18,24.1,24.48,24.9,1.35,99.52
59,2026-03-18 17:00:00,10.19,4.02,555.8,0.0,54.95,25.0,25.43,25.8,1.46,99.47
59,2026-03-18 18:00:00,11.84,3.84,417.4,0.0,53.75,25.8,25.95,26.1,1.55,99.43
59,2026-03-18 19:00:00,6.7,2.13,251.3,0.0,52.9,26.0,26.1,26.2,1.6,99.41
59,2026-03-18 20:00:00,5.98,1.41,91.2,0.0,58.53,23.4,25.0,26.0,1.32,99.42
59,2026-03-18 21:00:00,8.68,3.4,1.5,0.0,61.83,19.6,20.85,22.2,0.94,99.45
59,2026-03-18 22:00:00,9.14,2.93,0.0,0.0,62.88,18.0,18.53,19.0,0.79,99.5
59,2026-03-18 23:00:00,8.96,3.83,0.0,0.0,67.7,16.2,16.6,17.2,0.61,99.53
59,2026-03-19 00:00:00,7.31,3.2,0.0,0.0,72.75,14.7,15.4,16.0,0.48,99.54
59,2026-03-19 01:00:00,2.77,1.34,0.0,0.0,85.25,12.4,13.08,14.0,0.23,99.54
59,2026-03-19 02:00:00,3.38,1.65,0.0,0.0,89.68,11.4,11.85,12.3,0.14,99.54
59,2026-03-19 03:00:00,3.96,1.96,0.0,0.0,92.0,10.7,11.0,11.3,0.11,99.51
59,2026-03-19 04:00:00,3.92,1.92,0.0,0.0,92.33,10.2,10.3,10.5,0.1,99.49
59,2026-03-19 05:00:00,4.25,2.37,0.0,0.0,92.83,9.4,9.75,10.2,0.09,99.47
59,2026-03-19 06:00:00,5.54,3.0,0.0,0.0,93.88,8.8,9.03,9.2,0.07,99.5
59,2026-03-19 07:00:00,5.29,3.0,0.0,0.0,92.83,8.6,9.05,9.4,0.08,99.53
59,2026-03-19 08:00:00,9.11,3.03,4.4,0.02,92.58,9.6,9.88,10.2,0.09,99.53
59,2026-03-19 09:00:00,8.93,2.13,168.5,0.04,93.78,9.4,9.83,10.6,0.08,99.53
59,2026-03-19 10:00:00,12.49,5.64,316.8,0.0,90.33,12.0,13.13,14.3,0.15,99.56
59,2026-03-19 11:00:00,11.3,5.37,482.9,0.0,80.2,15.2,16.08,17.0,0.37,99.59
59,2026-03-19 12:00:00,16.52,4.76,613.1,0.0,72.4,17.6,18.48,19.5,0.59,99.61
59,2026-03-19 13:00:00,22.39,9.16,743.3,0.0,59.75,19.7,20.2,20.6,0.96,99.57
59,2026-03-19 14:00:00,21.49,7.09,722.1,0.0,55.1,20.8,21.48,22.5,1.15,99.51
59,2026-03-19 15:00:00,20.38,7.4,781.7,0.0,55.3,22.8,23.23,23.8,1.27,99.47
59,2026-03-19 16:00:00,18.58,7.19,541.9,0.0,56.53,22.9,23.13,23.3,1.23,99.43
59,2026-03-19 17:00:00,18.18,6.67,183.1,0.0,65.8,19.9,21.53,23.0,0.89,99.4
59,2026-03-19 18:00:00,22.32,10.16,156.7,0.0,78.3,18.6,18.98,19.4,0.48,99.43
59,2026-03-19 19:00:00,28.48,10.51,102.4,0.0,82.98,16.7,17.3,18.2,0.34,99.43
59,2026-03-19 20:00:00,17.28,7.99,18.8,0.0,83.18,16.5,16.53,16.6,0.32,99.44
59,2026-03-19 21:00:00,10.94,5.07,0.0,0.0,84.5,16.2,16.35,16.4,0.29,99.44
59,2026-03-19 22:00:00,13.79,5.34,0.0,0.0,86.68,15.7,15.78,15.9,0.24,99.48
59,2026-03-19 23:00:00,11.95,5.31,0.0,0.0,87.58,15.3,15.45,15.6,0.22,99.56
59,2026-03-20 00:00:00,16.16,6.54,0.0,0.05,90.58,14.4,14.73,15.1,0.16,99.61
59,2026-03-20 01:00:00,10.69,4.16,0.0,0.0,91.8,14.3,14.3,14.3,0.14,99.64
59,2026-03-20 02:00:00,8.68,3.25,0.0,4.58,93.08,13.7,13.93,14.2,0.11,99.7
59,2026-03-20 03:00:00,15.41,5.98,0.0,1.94,94.35,13.6,13.65,13.7,0.09,99.63
59,2026-03-20 04:00:00,15.41,5.78,0.0,0.17,93.28,13.7,13.78,13.8,0.11,99.57
59,2026-03-20 05:00:00,6.44,2.73,0.0,0.3,94.58,13.6,13.65,13.7,0.09,99.46
59,2026-03-20 06:00:00,7.96,2.98,0.0,1.69,95.25,13.5,13.6,13.7,0.07,99.45
59,2026-03-20 07:00:00,6.73,2.16,0.0,3.11,96.25,13.5,13.53,13.6,0.06,99.48
59,2026-03-20 08:00:00,9.79,3.37,0.0,4.13,97.03,13.3,13.33,13.4,0.05,99.47
59,2026-03-20 09:00:00,11.16,3.73,2.6,4.43,97.4,13.1,13.18,13.3,0.04,99.5
59,2026-03-20 10:00:00,16.13,5.54,12.3,2.84,97.43,13.1,13.18,13.3,0.04,99.55
59,2026-03-20 11:00:00,11.56,4.27,68.1,0.72,98.1,12.9,13.03,13.2,0.03,99.56
59,2026-03-20 12:00:00,16.63,4.35,16.1,2.94,98.0,12.5,12.63,12.9,0.03,99.64
59,2026-03-20 13:00:00,13.82,5.12,109.3,2.98,98.55,12.1,12.23,12.3,0.02,99.65
59,2026-03-20 14:00:00,11.63,4.08,69.5,1.45,98.48,12.1,12.23,12.3,0.02,99.68
59,2026-03-20 15:00:00,5.69,2.41,78.1,1.52,98.35,12.1,12.28,12.4,0.02,99.73
59,2026-03-20 16:00:00,10.66,4.81,149.9,0.04,98.25,12.6,12.88,13.1,0.03,99.72
59,2026-03-20 17:00:00,9.43,4.05,302.8,0.0,99.05,13.1,13.43,13.8,0.01,99.73
59,2026-03-20 18:00:00,21.85,7.25,192.4,0.0,97.05,13.6,13.68,13.8,0.05,99.78
59,2026-03-20 19:00:00,17.78,7.07,155.7,0.0,94.8,13.2,13.43,13.5,0.08,99.81
59,2026-03-20 20:00:00,15.59,3.75,37.8,0.0,90.23,12.6,12.85,13.0,0.15,99.85
59,2026-03-20 21:00:00,6.98,3.39,0.3,0.0,91.98,12.2,12.25,12.3,0.12,99.9
59,2026-03-20 22:00:00,6.48,3.24,0.0,1.06,93.28,12.1,12.2,12.3,0.09,99.97
59,2026-03-20 23:00:00,8.86,4.19,0.0,0.02,94.5,11.7,11.85,12.0,0.08,100.02
59,2026-03-21 00:00:00,8.14,3.66,0.0,0.02,94.35,11.2,11.45,11.6,0.08,100.05
59,2026-03-21 01:00:00,6.41,3.03,0.0,0.02,94.38,10.6,10.68,10.8,0.08,100.07
59,2026-03-21 02:00:00,5.51,2.48,0.0,0.02,94.6,10.8,11.05,11.3,0.07,100.09
59,2026-03-21 03:00:00,5.33,2.23,0.0,0.0,95.6,11.3,11.33,11.4,0.06,100.12
59,2026-03-21 04:00:00,6.59,3.02,0.0,0.0,96.78,10.4,11.0,11.4,0.05,100.13
59,2026-03-21 05:00:00,3.56,1.39,0.0,0.04,96.58,9.0,9.48,9.9,0.04,100.11
59,2026-03-21 06:00:00,7.09,2.06,0.0,0.02,96.53,7.3,7.95,8.8,0.04,100.11
59,2026-03-21 07:00:00,4.61,2.69,0.0,0.04,95.48,7.3,7.3,7.3,0.05,100.12
59,2026-03-21 08:00:00,3.78,1.75,4.5,0.02,95.08,6.6,6.85,7.0,0.05,100.14
59,2026-03-21 09:00:00,9.94,2.99,149.1,0.04,97.95,7.2,8.13,9.1,0.02,100.14
59,2026-03-21 10:00:00,7.49,2.75,310.8,0.0,99.3,9.9,10.83,11.7,0.01,100.19
59,2026-03-21 11:00:00,7.74,2.62,486.3,0.0,94.0,12.0,12.8,13.4,0.09,100.19
59,2026-03-21 12:00:00,8.17,3.5,609.7,0.0,85.08,14.0,14.48,15.1,0.25,100.13
59,2026-03-21 13:00:00,10.01,3.77,680.7,0.0,66.83,15.7,16.33,17.1,0.62,100.07
59,2026-03-21 14:00:00,14.9,5.85,722.5,0.0,60.83,17.2,17.65,18.0,0.79,100.0
59,2026-03-21 15:00:00,15.48,5.87,752.7,0.0,57.13,18.6,18.7,18.8,0.93,99.91
59,2026-03-21 16:00:00,13.75,4.04,661.5,0.0,52.58,18.6,19.05,19.6,1.05,99.84
59,2026-03-21 17:00:00,12.74,4.33,563.5,0.0,47.35,18.9,19.28,19.7,1.18,99.76
59,2026-03-21 18:00:00,11.12,3.54,220.1,0.0,51.23,18.4,18.7,18.9,1.05,99.72
59,2026-03-21 19:00:00,10.48,3.62,148.4,0.0,57.5,17.4,17.98,18.4,0.88,99.71
59,2026-03-21 20:00:00,12.92,3.28,32.1,0.0,65.63,16.3,16.6,17.0,0.65,99.7
59,2026-03-21 21:00:00,14.18,4.65,0.0,0.0,68.98,15.2,15.7,16.2,0.55,99.74
59,2026-03-21 22:00:00,4.68,2.23,0.0,0.0,78.18,14.0,14.35,14.8,0.36,99.72
59,2026-03-21 23:00:00,2.7,1.48,0.0,0.0,83.53,13.6,13.7,13.8,0.26,99.72
59,2026-03-22 00:00:00,4.68,1.95,0.0,0.0,83.43,13.5,13.55,13.6,0.26,99.7
59,2026-03-22 01:00:00,5.15,2.25,0.0,0.0,87.8,12.7,12.85,13.0,0.18,99.64
59,2026-03-22 02:00:00,3.96,1.78,0.0,0.0,89.88,12.5,12.63,12.8,0.15,99.64
59,2026-03-22 03:00:00,5.4,1.98,0.0,0.0,88.8,12.5,12.58,12.6,0.16,99.64
59,2026-03-22 04:00:00,14.58,4.36,0.0,0.0,88.08,12.4,12.45,12.5,0.17,99.61
59,2026-03-22 05:00:00,15.16,4.55,0.0,0.0,84.78,12.4,12.48,12.6,0.22,99.55
59,2026-03-22 06:00:00,15.84,5.24,0.0,0.0,83.53,12.5,12.63,12.8,0.24,99.57
59,2026-03-22 07:00:00,9.4,3.06,0.0,0.0,84.55,12.5,12.65,12.8,0.23,99.62
59,2026-03-22 08:00:00,6.66,2.76,0.0,0.3,89.65,11.9,12.08,12.3,0.15,99.68
59,2026-03-22 09:00:00,12.13,4.32,14.4,1.18,92.1,11.6,11.68,11.8,0.11,99.75
59,2026-03-22 10:00:00,12.46,4.69,31.8,2.22,93.65,11.6,11.68,11.7,0.09,99.87
59,2026-03-22 11:00:00,6.95,2.87,78.9,1.0,95.53,11.6,11.68,11.8,0.06,99.97
59,2026-03-22 12:00:00,6.48,2.38,158.9,0.36,95.85,11.5,11.55,11.6,0.06,100.06
59,2026-03-22 13:00:00,7.78,2.48,231.3,0.0,95.08,11.7,11.98,12.2,0.07,100.12
59,2026-03-22 14:00:00,14.8,5.71,632.9,0.0,91.23,12.3,13.3,14.0,0.14,100.14
59,2026-03-22 15:00:00,22.18,8.16,287.5,0.0,85.18,14.0,14.18,14.3,0.24,100.18
59,2026-03-22 16:00:00,26.28,9.31,555.7,0.0,80.4,14.6,15.23,16.0,0.34,100.18
59,2026-03-22 17:00:00,25.02,11.98,533.0,0.0,72.9,16.2,16.68,17.3,0.52,100.18
59,2026-03-22 18:00:00,20.45,8.96,441.4,0.0,70.95,17.0,17.15,17.3,0.57,100.18
59,2026-03-22 19:00:00,20.23,7.63,214.3,0.0,69.1,16.8,17.05,17.3,0.6,100.2
59,2026-03-22 20:00:00,15.52,4.4,99.1,0.0,73.73,14.6,15.83,17.0,0.48,100.24
59,2026-03-22 21:00:00,4.75,2.37,0.4,0.0,85.05,11.8,12.73,13.8,0.22,100.27
59,2026-03-22 22:00:00,6.23,3.02,0.0,0.0,89.3,10.9,11.5,12.0,0.15,100.34
59,2026-03-22 23:00:00,4.86,2.57,0.0,0.0,91.6,10.4,10.68,11.0,0.11,100.4
59,2026-03-23 00:00:00,5.15,1.97,0.0,0.0,92.6,10.2,10.38,10.6,0.1,100.41
59,2026-03-23 01:00:00,12.82,4.99,0.0,0.0,91.68,10.7,10.8,10.9,0.11,100.38
59,2026-03-23 02:00:00,14.08,5.36,0.0,0.0,90.68,10.0,10.38,10.8,0.12,100.38
59,2026-03-23 03:00:00,9.5,4.36,0.0,0.0,91.65,9.0,9.38,9.8,0.1,100.36
59,2026-03-23 04:00:00,11.7,4.44,0.0,0.0,91.88,8.5,8.63,8.8,0.09,100.32
59,2026-03-23 05:00:00,11.12,3.19,0.0,0.02,92.8,7.3,7.88,8.3,0.08,100.29
59,2026-03-23 06:00:00,6.19,2.69,0.0,0.04,92.8,7.0,7.15,7.2,0.07,100.27
59,2026-03-23 07:00:00,4.43,2.47,0.0,0.02,93.98,6.0,6.38,6.8,0.06,100.27
59,2026-03-23 08:00:00,4.82,1.94,4.1,0.02,94.78,5.0,5.65,6.1,0.05,100.28
59,2026-03-23 09:00:00,7.09,1.83,104.7,0.02,94.68,4.9,5.43,6.3,0.05,100.26
59,2026-03-23 10:00:00,10.62,5.23,244.5,0.02,98.65,7.0,7.48,8.1,0.01,100.3
59,2026-03-23 11:00:00,13.36,5.71,456.2,0.0,96.7,9.1,10.08,11.1,0.04,100.32
59,2026-03-23 12:00:00,10.91,4.17,597.0,0.0,87.93,11.7,12.53,13.6,0.18,100.32
59,2026-03-23 13:00:00,20.09,8.54,673.8,0.0,69.63,14.7,15.73,16.6,0.55,100.27
59,2026-03-23 14:00:00,20.09,8.98,693.5,0.0,59.85,17.2,17.93,18.5,0.83,100.21
59,2026-03-23 15:00:00,23.08,9.16,690.1,0.0,56.85,18.9,19.3,19.8,0.97,100.14
59,2026-03-23 16:00:00,19.84,8.98,638.2,0.0,56.25,19.9,20.4,20.7,1.05,100.06
59,2026-03-23 17:00:00,21.78,8.77,543.8,0.0,54.13,21.0,21.23,21.4,1.16,99.98
59,2026-03-23 18:00:00,22.86,7.65,405.2,0.0,53.55,21.5,21.6,21.7,1.2,99.91
59,2026-03-23 19:00:00,16.7,8.14,240.1,0.0,53.25,20.5,20.95,21.4,1.16,99.88
59,2026-03-23 20:00:00,15.08,5.31,86.7,0.0,55.68,17.2,18.8,20.2,0.97,99.85
59,2026-03-23 21:00:00,10.87,4.16,0.3,0.0,60.78,15.1,15.58,16.3,0.69,99.81
59,2026-03-23 22:00:00,8.71,4.78,0.0,0.0,63.63,13.6,14.1,14.7,0.59,99.83
59,2026-03-23 23:00:00,10.15,4.01,0.0,0.0,66.6,12.6,13.18,13.6,0.51,99.83
59,2026-03-24 00:00:00,18.04,6.83,0.0,0.0,71.3,12.7,12.78,12.8,0.42,99.81
59,2026-03-24 01:00:00,15.59,6.45,0.0,0.0,77.15,11.7,12.33,12.8,0.33,99.77
59,2026-03-24 02:00:00,7.02,2.97,0.0,0.0,84.03,9.7,10.55,11.3,0.21,99.71
59,2026-03-24 03:00:00,3.2,1.65,0.0,0.0,90.13,7.8,8.23,8.8,0.11,99.64
59,2026-03-24 04:00:00,3.2,1.84,0.0,0.0,92.08,7.0,7.35,7.6,0.08,99.57
59,2026-03-24 05:00:00,4.75,2.53,0.0,0.0,93.35,6.7,7.0,7.4,0.07,99.5
59,2026-03-24 06:00:00,2.45,1.18,0.0,0.0,93.33,6.2,6.38,6.6,0.06,99.47
59,2026-03-24 07:00:00,3.82,1.7,0.0,0.0,94.38,5.9,5.93,6.0,0.05,99.47
59,2026-03-24 08:00:00,2.99,1.51,3.5,0.0,94.45,5.5,5.53,5.6,0.05,99.51
59,2026-03-24 09:00:00,3.82,1.86,107.8,0.0,96.4,5.9,7.2,8.2,0.04,99.6
59,2026-03-24 10:00:00,4.72,1.58,171.1,0.0,99.3,8.6,9.35,10.2,0.01,99.71
59,2026-03-24 11:00:00,12.38,3.84,254.9,0.0,93.8,10.8,11.95,13.2,0.09,99.78
59,2026-03-24 12:00:00,17.32,7.5,542.6,0.0,83.63,14.2,15.63,17.0,0.3,99.82
59,2026-03-24 13:00:00,25.85,9.59,685.7,0.0,76.53,17.6,18.5,19.2,0.5,99.83
59,2026-03-24 14:00:00,25.49,10.99,627.4,0.0,72.33,19.3,19.58,19.9,0.63,99.84
59,2026-03-24 15:00:00,22.07,10.4,699.6,0.0,67.65,20.6,20.83,21.1,0.8,99.84
59,2026-03-24 16:00:00,25.6,10.25,640.3,0.0,68.3,20.5,20.93,21.2,0.79,99.86
59,2026-03-24 17:00:00,19.19,8.52,503.4,0.0,65.08,20.6,21.33,21.8,0.89,99.86
59,2026-03-24 18:00:00,20.74,7.86,326.9,0.0,63.9,21.0,21.13,21.3,0.91,99.87
59,2026-03-24 19:00:00,19.04,8.39,138.1,0.0,66.98,19.7,19.88,20.0,0.77,99.91
59,2026-03-24 20:00:00,26.57,9.49,77.5,0.0,69.2,16.2,17.3,18.8,0.61,99.97
59,2026-03-24 21:00:00,17.14,6.34,0.1,0.0,73.25,14.7,15.25,15.8,0.46,100.01
59,2026-03-24 22:00:00,20.34,7.08,0.0,0.0,75.65,13.8,14.03,14.4,0.39,100.05
59,2026-03-24 23:00:00,19.44,7.79,0.0,0.0,76.7,12.7,13.23,13.7,0.36,100.06
59,2026-03-25 00:00:00,14.72,6.05,0.0,0.0,79.3,11.5,11.95,12.4,0.29,100.04
59,2026-03-25 01:00:00,15.34,5.82,0.0,0.0,81.23,10.5,10.85,11.4,0.24,100.01
59,2026-03-25 02:00:00,13.25,5.12,0.0,0.0,81.4,9.7,9.9,10.2,0.23,99.99
59,2026-03-25 03:00:00,13.82,5.79,0.0,0.0,80.5,9.0,9.35,9.6,0.23,99.99
59,2026-03-25 04:00:00,12.49,5.35,0.0,0.0,82.25,8.1,8.48,8.9,0.2,99.94
59,2026-03-25 05:00:00,10.12,3.93,0.0,0.0,85.28,7.2,7.43,7.7,0.15,99.88
59,2026-03-25 06:00:00,11.95,4.89,0.0,0.0,86.68,6.8,6.98,7.2,0.14,99.85
59,2026-03-25 07:00:00,13.32,5.52,0.0,0.0,87.78,6.2,6.5,6.7,0.12,99.85
59,2026-03-25 08:00:00,6.91,3.23,3.1,0.0,89.93,5.3,5.63,5.9,0.1,99.88
59,2026-03-25 09:00:00,5.26,2.33,47.7,0.0,91.65,4.6,5.03,5.6,0.07,99.91
59,2026-03-25 10:00:00,17.96,6.96,185.5,0.0,90.63,6.2,7.13,7.9,0.1,99.95
59,2026-03-25 11:00:00,15.62,6.67,326.1,0.0,86.35,8.3,8.83,9.5,0.16,99.97
59,2026-03-25 12:00:00,15.77,7.26,590.2,0.0,79.15,10.3,11.03,11.6,0.28,99.96
59,2026-03-25 13:00:00,20.41,7.94,665.9,0.0,72.38,12.1,12.7,13.4,0.41,99.95
59,2026-03-25 14:00:00,19.12,7.51,686.1,0.0,66.08,14.0,14.7,15.4,0.57,99.92
59,2026-03-25 15:00:00,18.14,7.81,681.7,0.0,59.15,15.9,16.65,17.2,0.78,99.85
59,2026-03-25 16:00:00,17.82,7.65,632.3,0.0,55.38,17.6,18.08,18.6,0.93,99.78
59,2026-03-25 17:00:00,16.85,7.56,534.3,0.0,54.15,18.9,19.25,19.6,1.02,99.73
59,2026-03-25 18:00:00,16.38,7.04,396.3,0.0,52.85,19.7,19.83,19.9,1.09,99.69
59,2026-03-25 19:00:00,15.66,6.64,232.8,0.0,51.8,19.4,19.63,19.8,1.1,99.66
59,2026-03-25 20:00:00,10.33,3.98,80.7,0.0,55.88,16.4,17.83,19.1,0.91,99.67
59,2026-03-25 21:00:00,7.88,3.67,0.1,0.0,63.95,14.0,14.55,15.4,0.6,99.7
59,2026-03-25 22:00:00,7.06,3.72,0.0,0.0,68.93,12.4,13.0,13.6,0.47,99.72
59,2026-03-25 23:00:00,7.52,3.9,0.0,0.0,74.33,11.4,11.65,12.0,0.35,99.74
59,2026-03-26 00:00:00,10.12,4.56,0.0,0.0,75.6,10.9,11.1,11.4,0.32,99.74
59,2026-03-26 01:00:00,13.18,5.75,0.0,0.0,76.63,10.7,10.88,11.1,0.3,99.74
59,2026-03-26 02:00:00,11.45,5.62,0.0,0.0,78.53,9.8,10.23,10.5,0.27,99.73
59,2026-03-26 03:00:00,9.86,4.98,0.0,0.0,81.53,9.0,9.3,9.6,0.22,99.71
59,2026-03-26 04:00:00,9.79,4.3,0.0,0.0,84.4,8.3,8.45,8.7,0.18,99.69
59,2026-03-26 05:00:00,8.1,3.82,0.0,0.0,87.08,7.3,7.68,8.1,0.14,99.67
59,2026-03-26 06:00:00,5.72,2.35,0.0,0.0,90.63,5.4,6.2,7.0,0.09,99.65
59,2026-03-26 07:00:00,3.24,2.1,0.0,0.0,92.7,4.4,4.63,5.0,0.06,99.66
59,2026-03-26 08:00:00,3.31,1.86,3.0,0.0,92.8,3.9,4.15,4.3,0.06,99.7
59,2026-03-26 09:00:00,3.53,1.1,136.9,0.0,94.33,3.8,4.98,6.4,0.05,99.74
59,2026-03-26 10:00:00,10.26,2.93,178.9,0.0,97.3,7.4,8.2,8.8,0.03,99.78
59,2026-03-26 11:00:00,12.13,5.37,309.1,0.0,90.9,8.9,9.18,9.4,0.11,99.8
59,2026-03-26 12:00:00,14.4,6.46,558.9,0.0,88.98,9.6,10.15,10.8,0.14,99.8
59,2026-03-26 13:00:00,15.98,4.82,654.7,0.0,82.65,11.5,12.48,13.6,0.25,99.78
59,2026-03-26 14:00:00,13.97,5.28,677.5,0.0,74.48,14.1,15.13,16.1,0.44,99.74
59,2026-03-26 15:00:00,13.43,5.34,671.8,0.0,68.6,16.6,17.28,18.1,0.62,99.68
59,2026-03-26 16:00:00,19.51,5.47,623.3,0.0,61.98,18.6,19.08,19.6,0.84,99.62
59,2026-03-26 17:00:00,14.08,5.94,527.8,0.0,57.7,20.1,20.5,20.8,1.02,99.57
59,2026-03-26 18:00:00,13.0,5.2,390.3,0.0,57.5,20.8,21.05,21.2,1.06,99.53
59,2026-03-26 19:00:00,11.34,5.33,227.5,0.0,57.75,20.5,20.83,21.1,1.04,99.5
59,2026-03-26 20:00:00,8.64,3.49,77.3,0.0,62.2,17.2,18.83,20.3,0.83,99.51
59,2026-03-26 21:00:00,4.79,2.68,0.0,0.0,76.4,12.8,14.53,16.4,0.4,99.54
59,2026-03-26 22:00:00,3.67,2.61,0.0,0.0,86.3,11.3,11.73,12.3,0.19,99.55
59,2026-03-26 23:00:00,3.31,1.84,0.0,0.0,89.73,10.1,10.5,11.0,0.13,99.57
59,2026-03-27 00:00:00,3.89,2.13,0.0,0.0,92.15,8.8,9.33,10.0,0.09,99.56
59,2026-03-27 01:00:00,3.74,2.39,0.0,0.0,93.03,8.2,8.55,8.8,0.08,99.55
59,2026-03-27 02:00:00,3.42,2.32,0.0,0.0,93.9,7.6,7.85,8.2,0.07,99.56
59,2026-03-27 03:00:00,4.46,2.51,0.0,0.0,94.1,7.1,7.33,7.5,0.06,99.55
59,2026-03-27 04:00:00,3.31,1.65,0.0,0.0,94.1,6.7,6.78,6.9,0.06,99.52
59,2026-03-27 05:00:00,3.67,2.07,0.0,0.0,94.8,6.0,6.23,6.4,0.05,99.5
59,2026-03-27 06:00:00,3.31,1.96,0.0,0.02,94.48,5.7,5.85,6.0,0.05,99.52
59,2026-03-27 07:00:00,3.1,1.75,0.0,0.02,95.08,5.0,5.23,5.5,0.05,99.56
59,2026-03-27 08:00:00,4.32,1.85,2.3,0.02,94.2,4.9,5.13,5.4,0.05,99.63
59,2026-03-27 09:00:00,6.7,2.14,105.5,0.02,95.3,4.6,5.73,7.1,0.04,99.7
59,2026-03-27 10:00:00,11.52,5.41,193.3,0.0,98.9,8.3,8.95,9.3,0.01,99.78
59,2026-03-27 11:00:00,8.71,4.44,400.6,0.0,98.38,9.2,10.0,10.9,0.02,99.81
59,2026-03-27 12:00:00,9.29,3.81,544.1,0.0,89.98,11.5,12.78,14.0,0.15,99.81
59,2026-03-27 13:00:00,12.24,3.52,620.1,0.0,78.45,14.9,15.68,16.8,0.39,99.79
59,2026-03-27 14:00:00,11.48,4.56,646.3,0.0,68.63,17.5,18.43,19.4,0.67,99.73
59,2026-03-27 15:00:00,15.48,5.8,642.3,0.0,59.6,19.9,20.3,20.7,0.97,99.67
59,2026-03-27 16:00:00,13.72,4.87,595.3,0.0,55.75,21.0,21.6,22.3,1.14,99.61
59,2026-03-27 17:00:00,13.14,4.83,503.5,0.0,55.18,22.3,22.6,22.8,1.23,99.57
59,2026-03-27 18:00:00,11.88,4.03,372.6,0.0,54.83,22.9,23.0,23.1,1.27,99.54
59,2026-03-27 19:00:00,8.68,3.73,214.5,0.0,54.9,22.2,22.58,23.0,1.24,99.52
59,2026-03-27 20:00:00,5.69,2.01,68.9,0.0,64.73,17.2,20.0,21.9,0.85,99.5
59,2026-03-27 21:00:00,3.85,2.15,0.0,0.0,83.1,13.2,14.45,15.8,0.28,99.48
59,2026-03-27 22:00:00,4.1,2.76,0.0,0.0,87.83,11.9,12.63,13.2,0.18,99.47
59,2026-03-27 23:00:00,3.13,2.05,0.0,0.0,90.7,10.7,11.15,11.7,0.12,99.46
59,2026-03-28 00:00:00,3.89,1.89,0.0,0.0,92.55,9.6,9.93,10.2,0.1,99.48
59,2026-03-28 01:00:00,4.21,2.58,0.0,0.0,89.2,10.2,10.55,10.9,0.14,99.48
59,2026-03-28 02:00:00,3.24,1.86,0.0,0.0,93.9,8.1,8.68,9.5,0.07,99.45
59,2026-03-28 03:00:00,3.78,1.73,0.0,0.0,92.63,7.6,7.93,8.1,0.08,99.43
59,2026-03-28 04:00:00,4.43,2.32,0.0,0.0,94.85,7.0,7.38,7.6,0.06,99.42
59,2026-03-28 05:00:00,3.89,2.12,0.0,0.02,94.43,6.5,6.73,7.2,0.06,99.45
59,2026-03-28 06:00:00,3.31,1.51,0.0,0.02,94.7,6.4,6.6,6.8,0.05,99.47
59,2026-03-28 07:00:00,2.59,1.59,0.0,0.02,95.08,6.1,6.38,6.6,0.05,99.52
59,2026-03-28 08:00:00,3.02,2.0,2.3,0.02,94.98,5.9,6.03,6.2,0.05,99.56
59,2026-03-28 09:00:00,4.1,2.18,126.5,0.02,95.2,6.4,7.55,8.9,0.05,99.61
59,2026-03-28 10:00:00,7.6,2.61,276.5,0.0,99.7,10.0,11.03,11.9,0.01,99.73
59,2026-03-28 11:00:00,11.16,4.59,422.9,0.0,90.18,12.7,13.83,14.8,0.16,99.8
59,2026-03-28 12:00:00,11.77,5.2,549.6,0.0,77.63,15.3,16.15,17.1,0.41,99.84
59,2026-03-28 13:00:00,19.51,7.01,621.3,0.0,68.6,17.4,18.38,19.3,0.67,99.85
59,2026-03-28 14:00:00,16.45,6.54,636.9,0.0,63.55,19.6,20.13,20.7,0.86,99.88
59,2026-03-28 15:00:00,12.42,4.77,632.5,0.0,59.33,21.1,21.63,22.2,1.05,99.86
59,2026-03-28 16:00:00,14.58,5.36,586.7,0.0,57.73,22.2,22.53,22.8,1.16,99.83
59,2026-03-28 17:00:00,14.15,5.27,497.9,0.0,57.53,22.8,22.88,23.0,1.19,99.79
59,2026-03-28 18:00:00,16.31,4.63,361.1,0.0,56.83,22.9,23.05,23.2,1.22,99.76
59,2026-03-28 19:00:00,11.38,4.89,205.5,0.0,57.8,22.0,22.35,22.8,1.14,99.73
59,2026-03-28 20:00:00,6.01,2.59,65.0,0.0,60.85,19.1,20.58,21.8,0.95,99.74
59,2026-03-28 21:00:00,11.81,2.79,0.0,0.0,74.48,16.0,16.65,17.5,0.49,99.77
59,2026-03-28 22:00:00,11.16,3.24,0.0,0.0,74.45,14.3,15.23,16.2,0.44,99.84
59,2026-03-28 23:00:00,8.64,4.0,0.0,0.0,76.95,13.2,13.43,13.9,0.36,99.9
59,2026-03-29 00:00:00,7.56,3.77,0.0,0.0,79.73,11.6,12.2,12.8,0.29,99.92
59,2026-03-29 01:00:00,5.15,1.57,0.0,0.0,85.33,9.3,10.25,11.2,0.18,99.87
59,2026-03-29 02:00:00,4.28,1.93,0.0,0.0,90.3,7.9,8.45,8.9,0.11,99.81
59,2026-03-29 03:00:00,4.28,2.21,0.0,0.0,92.18,7.2,7.58,7.8,0.08,99.79
59,2026-03-29 04:00:00,3.2,1.59,0.0,0.0,91.68,7.0,7.25,7.5,0.09,99.74
59,2026-03-29 05:00:00,3.71,1.34,0.0,0.0,93.75,5.6,6.13,6.5,0.06,99.67
59,2026-03-29 06:00:00,4.25,2.48,0.0,0.0,93.8,5.4,5.55,5.7,0.06,99.63
59,2026-03-29 07:00:00,4.75,2.68,0.0,0.0,94.53,5.0,5.08,5.2,0.05,99.66
59,2026-03-29 08:00:00,5.04,2.42,2.2,0.0,94.18,5.1,5.3,5.5,0.05,99.7
59,2026-03-29 09:00:00,2.56,1.19,125.9,0.0,95.8,4.9,6.08,7.6,0.04,99.75
59,2026-03-29 10:00:00,11.7,2.72,273.0,0.02,98.8,8.8,10.2,11.6,0.02,99.82
59,2026-03-29 11:00:00,15.26,6.95,438.2,0.0,85.83,12.5,13.28,13.9,0.22,99.86
59,2026-03-29 12:00:00,15.41,6.0,557.9,0.0,77.15,14.5,15.43,16.4,0.41,99.87
59,2026-03-29 13:00:00,24.34,6.73,630.9,0.0,69.35,17.0,17.93,18.8,0.63,99.84
59,2026-03-29 14:00:00,18.65,8.04,653.3,0.0,63.28,19.5,20.23,20.6,0.87,99.78
59,2026-03-29 15:00:00,18.0,7.7,650.2,0.0,58.0,21.3,21.73,22.2,1.1,99.72
59,2026-03-29 16:00:00,15.73,6.92,602.3,0.0,55.03,22.7,23.1,23.6,1.27,99.67
59,2026-03-29 17:00:00,17.17,7.56,507.1,0.0,51.33,24.0,24.1,24.3,1.46,99.63
59,2026-03-29 18:00:00,16.81,7.1,371.9,0.0,47.25,24.3,24.4,24.5,1.61,99.61
59,2026-03-29 19:00:00,14.18,5.36,213.9,0.0,47.4,23.9,24.1,24.4,1.58,99.59
59,2026-03-29 20:00:00,4.86,2.3,70.3,0.0,54.03,19.3,21.85,23.6,1.22,99.59
59,2026-03-29 21:00:00,3.38,2.34,0.0,0.0,78.3,13.8,15.3,17.0,0.38,99.61
59,2026-03-29 22:00:00,4.72,2.68,0.0,0.0,84.03,12.6,13.18,13.6,0.24,99.6
59,2026-03-29 23:00:00,4.36,2.39,0.0,0.0,88.33,11.3,11.85,12.2,0.16,99.61
59,2026-03-30 00:00:00,5.69,2.24,0.0,0.0,90.7,10.1,10.68,11.1,0.12,99.6
59,2026-03-30 01:00:00,3.92,2.42,0.0,0.0,91.65,9.5,9.78,10.1,0.1,99.56
59,2026-03-30 02:00:00,4.25,2.65,0.0,0.0,92.58,9.0,9.28,9.4,0.09,99.51
59,2026-03-30 03:00:00,3.42,1.89,0.0,0.0,93.13,8.2,8.48,8.7,0.08,99.48
59,2026-03-30 04:00:00,3.46,2.22,0.0,0.0,93.75,7.8,7.95,8.1,0.07,99.44
59,2026-03-30 05:00:00,4.07,1.69,0.0,0.0,94.15,7.3,7.48,7.7,0.06,99.41
59,2026-03-30 06:00:00,3.64,2.1,0.0,0.0,94.75,7.0,7.15,7.4,0.05,99.39
59,2026-03-30 07:00:00,4.64,2.26,0.0,0.04,95.13,6.7,6.75,6.8,0.05,99.43
59,2026-03-30 08:00:00,4.21,2.29,1.9,0.02,94.7,6.6,6.65,6.7,0.05,99.49
59,2026-03-30 09:00:00,5.29,2.39,109.0,0.04,94.45,7.1,8.48,10.0,0.06,99.56
59,2026-03-30 10:00:00,5.04,1.84,275.1,0.0,98.6,11.1,12.35,13.7,0.02,99.65
59,2026-03-30 11:00:00,10.8,2.69,428.3,0.0,90.38,14.4,15.6,16.8,0.18,99.72
59,2026-03-30 12:00:00,14.08,5.83,541.3,0.0,79.6,17.4,18.38,19.2,0.43,99.71
59,2026-03-30 13:00:00,16.96,5.92,611.2,0.0,72.9,19.6,20.38,21.2,0.65,99.68
59,2026-03-30 14:00:00,18.61,7.28,636.1,0.0,67.63,21.6,22.3,22.9,0.87,99.63
59,2026-03-30 15:00:00,20.38,7.51,632.5,0.0,61.73,23.3,23.9,24.4,1.14,99.58
59,2026-03-30 16:00:00,19.15,8.2,586.0,0.0,57.4,24.7,25.18,25.5,1.37,99.54
59,2026-03-30 17:00:00,16.85,7.37,489.1,0.0,57.28,25.9,26.08,26.2,1.44,99.49
59,2026-03-30 18:00:00,11.2,5.22,355.7,0.0,57.5,26.3,26.4,26.5,1.46,99.45
59,2026-03-30 19:00:00,13.36,4.81,199.4,0.0,57.63,25.9,26.1,26.3,1.43,99.43
59,2026-03-30 20:00:00,4.97,2.36,61.9,0.0,63.55,20.8,23.6,25.5,1.09,99.43
59,2026-03-30 21:00:00,3.13,2.09,0.0,0.0,82.83,17.0,17.93,19.3,0.36,99.46
59,2026-03-30 22:00:00,5.65,2.96,0.0,0.0,87.9,15.4,15.88,16.2,0.22,99.49
59,2026-03-30 23:00:00,12.67,1.92,0.0,0.0,87.9,15.0,15.58,16.2,0.22,99.51
59,2026-03-31 00:00:00,3.64,2.16,0.0,0.0,91.65,13.2,13.73,14.2,0.13,99.52
59,2026-03-31 01:00:00,4.36,2.38,0.0,0.0,92.45,12.5,12.88,13.1,0.11,99.51
59,2026-03-31 02:00:00,3.1,2.03,0.0,0.0,93.6,11.6,11.88,12.2,0.09,99.52
59,2026-03-31 03:00:00,4.03,2.21,0.0,0.0,92.15,11.4,12.05,13.0,0.11,99.52
59,2026-03-31 04:00:00,5.0,1.85,0.0,0.0,95.38,11.9,12.88,13.4,0.07,99.52
59,2026-03-31 05:00:00,9.76,1.64,0.0,0.02,94.18,11.2,11.75,12.8,0.08,99.5
59,2026-03-31 06:00:00,8.32,2.12,0.0,0.02,94.7,14.4,14.43,14.5,0.09,99.52
59,2026-03-31 07:00:00,7.96,2.24,0.0,0.02,97.35,14.3,14.4,14.6,0.04,99.56
59,2026-03-31 08:00:00,10.76,4.58,0.1,0.02,97.63,14.5,14.5,14.5,0.04,99.59
59,2026-03-31 09:00:00,10.51,5.09,26.3,0.0,98.45,13.8,14.18,14.5,0.03,99.63
59,2026-03-31 10:00:00,10.48,3.88,54.2,0.0,98.5,13.8,14.03,14.2,0.03,99.68
59,2026-03-31 11:00:00,7.96,3.58,88.5,0.0,98.8,14.3,14.65,15.0,0.02,99.7
59,2026-03-31 12:00:00,9.83,4.42,155.9,0.0,98.45,15.2,15.55,15.9,0.03,99.71
59,2026-03-31 13:00:00,10.08,3.31,198.8,0.0,96.65,16.3,16.63,16.9,0.06,99.7
59,2026-03-31 14:00:00,10.69,2.91,532.1,0.0,92.73,17.2,18.18,19.5,0.16,99.66
59,2026-03-31 15:00:00,12.82,5.24,597.5,0.0,80.65,20.5,21.65,22.8,0.51,99.58
59,2026-03-31 16:00:00,16.42,6.55,574.1,0.0,70.4,23.4,24.18,24.9,0.9,99.51
59,2026-03-31 17:00:00,16.74,7.54,476.6,0.0,66.73,25.1,25.25,25.4,1.07,99.48
59,2026-03-31 18:00:00,17.35,7.22,344.5,0.0,65.83,25.4,25.5,25.6,1.12,99.47
59,2026-03-31 19:00:00,17.75,8.02,190.7,0.0,65.53,24.4,24.88,25.3,1.09,99.48
59,2026-03-31 20:00:00,15.98,5.41,58.3,0.0,69.58,21.4,22.63,23.9,0.84,99.52
59,2026-03-31 21:00:00,8.06,4.37,0.0,0.0,75.55,19.7,20.38,21.0,0.59,99.57
59,2026-03-31 22:00:00,7.24,3.32,0.0,0.0,79.9,18.5,18.8,19.3,0.44,99.61
59,2026-03-31 23:00:00,7.13,3.36,0.0,0.0,82.25,17.6,17.8,18.1,0.36,99.65
59,2026-04-01 00:00:00,13.86,5.51,0.0,0.0,81.88,17.3,17.45,17.6,0.36,99.65
59,2026-04-01 01:00:00,10.04,4.93,0.0,0.0,84.23,16.2,16.63,17.1,0.3,99.67
59,2026-04-01 02:00:00,14.08,5.81,0.0,0.0,84.8,15.3,15.63,15.8,0.27,99.68
59,2026-04-01 03:00:00,10.04,3.86,0.0,0.0,85.08,13.8,14.55,15.2,0.25,99.68
59,2026-04-01 04:00:00,8.06,3.22,0.0,0.0,87.78,13.2,13.43,13.6,0.19,99.66
59,2026-04-01 05:00:00,16.27,6.66,0.0,0.0,87.38,13.4,13.5,13.6,0.2,99.67
59,2026-04-01 06:00:00,16.31,7.16,0.0,0.0,88.75,12.5,12.88,13.2,0.17,99.7
59,2026-04-01 07:00:00,13.72,5.41,0.0,0.0,89.58,12.1,12.2,12.3,0.15,99.74
59,2026-04-01 08:00:00,11.74,5.3,0.6,0.0,88.28,11.6,11.88,12.1,0.16,99.78
59,2026-04-01 09:00:00,15.52,6.06,32.7,0.0,83.95,11.5,11.55,11.6,0.22,99.83
59,2026-04-01 10:00:00,16.45,7.52,135.3,0.0,82.7,11.6,11.8,12.0,0.24,99.9
59,2026-04-01 11:00:00,17.89,8.37,229.4,0.0,82.6,11.9,12.2,12.6,0.25,99.95
59,2026-04-01 12:00:00,17.03,7.57,354.3,0.0,83.1,12.7,13.3,14.0,0.26,99.97
59,2026-04-01 13:00:00,13.79,5.24,621.9,0.0,77.05,14.8,15.8,16.6,0.42,99.95
59,2026-04-01 14:00:00,15.55,5.58,628.1,0.0,71.7,17.2,18.03,19.0,0.59,99.92
59,2026-04-01 15:00:00,15.41,6.73,626.5,0.0,66.25,19.2,20.03,20.7,0.8,99.88
59,2026-04-01 16:00:00,17.1,6.37,581.7,0.0,62.18,21.0,21.38,21.9,0.96,99.82
59,2026-04-01 17:00:00,15.84,5.55,486.7,0.0,59.6,21.9,22.13,22.4,1.08,99.76
59,2026-04-01 18:00:00,15.01,6.34,351.2,0.0,58.2,22.3,22.33,22.4,1.13,99.75
59,2026-04-01 19:00:00,13.68,5.47,192.2,0.0,59.43,21.6,21.83,22.1,1.06,99.76
59,2026-04-01 20:00:00,8.82,3.13,56.1,0.0,67.48,17.8,19.4,21.0,0.74,99.79
59,2026-04-01 21:00:00,5.51,2.54,0.0,0.0,79.98,15.2,15.73,16.5,0.36,99.82
59,2026-04-01 22:00:00,8.5,3.96,0.0,0.0,78.28,15.1,15.33,15.5,0.38,99.85
59,2026-04-01 23:00:00,10.62,4.91,0.0,0.0,75.58,14.3,14.8,15.0,0.41,99.86
59,2026-04-02 00:00:00,9.54,3.9,0.0,0.0,78.43,12.7,13.48,14.1,0.34,99.85
59,2026-04-02 01:00:00,8.68,3.69,0.0,0.0,81.6,11.8,11.95,12.2,0.26,99.85
59,2026-04-02 02:00:00,9.14,3.98,0.0,0.0,82.33,10.8,11.23,11.8,0.24,99.83
59,2026-04-02 03:00:00,10.22,3.65,0.0,0.0,83.4,10.1,10.28,10.5,0.21,99.81
59,2026-04-02 04:00:00,7.16,3.5,0.0,0.0,83.88,9.4,9.68,9.9,0.2,99.79
59,2026-04-02 05:00:00,8.46,3.81,0.0,0.0,85.2,8.6,8.88,9.2,0.17,99.76
59,2026-04-02 06:00:00,8.39,4.34,0.0,0.0,86.83,8.1,8.25,8.5,0.14,99.74
59,2026-04-02 07:00:00,6.08,2.49,0.0,0.0,90.25,6.2,7.05,7.9,0.1,99.73
59,2026-04-02 08:00:00,2.99,1.91,1.1,0.0,92.18,5.1,5.48,5.9,0.07,99.72
59,2026-04-02 09:00:00,3.1,1.71,94.7,0.0,92.38,4.8,5.68,6.9,0.07,99.72
59,2026-04-02 10:00:00,13.93,5.42,156.3,0.0,94.03,7.9,8.73,9.2,0.07,99.78
59,2026-04-02 11:00:00,16.67,6.74,394.9,0.0,87.73,10.1,10.75,11.4,0.16,99.84
59,2026-04-02 12:00:00,11.88,5.24,528.7,0.0,82.55,11.6,12.5,13.4,0.26,99.84
59,2026-04-02 13:00:00,14.69,4.83,608.5,0.0,74.58,14.1,14.88,15.8,0.43,99.83
59,2026-04-02 14:00:00,13.61,5.11,626.3,0.0,66.68,16.3,17.18,17.9,0.66,99.79
59,2026-04-02 15:00:00,18.47,6.45,622.8,0.0,59.88,18.4,19.2,19.9,0.9,99.72
59,2026-04-02 16:00:00,13.39,5.82,577.1,0.0,55.5,20.2,20.8,21.3,1.1,99.68
59,2026-04-02 17:00:00,14.26,5.86,483.2,0.0,53.83,21.6,21.9,22.1,1.22,99.66
59,2026-04-02 18:00:00,12.49,5.26,347.3,0.0,50.23,22.3,22.4,22.5,1.35,99.65
59,2026-04-02 19:00:00,9.79,3.56,192.9,0.0,49.88,22.0,22.2,22.5,1.34,99.67
59,2026-04-02 20:00:00,4.9,2.59,53.2,0.0,58.55,17.0,19.23,21.2,0.94,99.7
59,2026-04-02 21:00:00,3.89,2.9,0.0,0.0,75.45,13.9,14.35,14.8,0.4,99.76
59,2026-04-02 22:00:00,5.44,3.05,0.0,0.0,76.98,12.8,13.23,13.7,0.35,99.83
59,2026-04-02 23:00:00,7.49,3.22,0.0,0.0,74.53,12.7,13.13,13.5,0.38,99.85
59,2026-04-03 00:00:00,4.36,2.32,0.0,0.0,86.08,8.9,9.83,11.0,0.17,99.83
59,2026-04-03 01:00:00,10.51,4.41,0.0,0.0,80.43,10.2,10.6,10.8,0.25,99.8
59,2026-04-03 02:00:00,10.94,4.27,0.0,0.0,83.58,10.2,10.23,10.3,0.21,99.81
59,2026-04-03 03:00:00,8.32,3.48,0.0,0.0,87.2,9.2,9.93,10.4,0.16,99.82
59,2026-04-03 04:00:00,3.64,1.76,0.0,0.0,90.93,7.5,7.93,8.4,0.1,99.78
59,2026-04-03 05:00:00,4.61,2.68,0.0,0.0,92.28,6.8,7.25,7.8,0.08,99.75
59,2026-04-03 06:00:00,3.53,1.46,0.0,0.0,92.93,5.9,6.38,6.8,0.07,99.72
59,2026-04-03 07:00:00,8.82,3.84,0.0,0.0,90.93,7.0,7.45,7.7,0.1,99.75
59,2026-04-03 08:00:00,7.56,3.65,0.9,0.0,94.05,7.2,7.45,7.6,0.06,99.8
59,2026-04-03 09:00:00,6.05,3.1,85.3,0.0,94.65,6.9,7.3,7.9,0.06,99.8
59,2026-04-03 10:00:00,9.68,4.05,206.1,0.02,96.65,8.5,9.33,10.0,0.04,99.84
59,2026-04-03 11:00:00,16.74,7.41,351.8,0.0,89.6,10.6,11.0,11.6,0.14,99.9
59,2026-04-03 12:00:00,16.42,6.53,534.7,0.0,83.2,12.3,13.03,13.7,0.25,99.89
59,2026-04-03 13:00:00,16.7,5.97,590.3,0.0,74.78,14.6,15.48,16.3,0.44,99.84
59,2026-04-03 14:00:00,19.84,7.48,624.0,0.0,65.8,17.1,18.08,18.9,0.71,99.79
59,2026-04-03 15:00:00,19.51,8.61,618.0,0.0,56.7,19.7,20.38,21.0,1.04,99.71
59,2026-04-03 16:00:00,23.11,10.13,572.9,0.0,51.1,21.4,21.93,22.6,1.29,99.66
59,2026-04-03 17:00:00,21.89,9.15,469.7,0.0,49.43,23.0,23.38,23.8,1.46,99.62
59,2026-04-03 18:00:00,20.16,8.31,335.4,0.0,50.3,23.8,24.0,24.1,1.49,99.6
59,2026-04-03 19:00:00,15.3,6.67,181.3,0.0,52.68,23.4,23.68,23.9,1.39,99.62
59,2026-04-03 20:00:00,7.31,3.13,49.2,0.0,60.78,19.4,21.2,22.8,1.0,99.64
59,2026-04-03 21:00:00,4.36,1.5,0.0,0.0,72.43,16.1,17.15,18.4,0.54,99.66
59,2026-04-03 22:00:00,10.98,2.88,0.0,0.0,75.4,15.3,16.0,16.7,0.45,99.68
59,2026-04-03 23:00:00,8.68,4.03,0.0,0.0,73.8,16.1,16.38,16.7,0.49,99.68
59,2026-04-04 00:00:00,11.59,4.46,0.0,0.0,78.25,15.1,15.18,15.4,0.38,99.65
59,2026-04-04 01:00:00,13.97,6.37,0.0,0.0,79.98,14.6,14.78,15.0,0.34,99.64
59,2026-04-04 02:00:00,14.0,6.8,0.0,0.0,81.75,13.8,14.1,14.3,0.29,99.61
59,2026-04-04 03:00:00,16.34,5.36,0.0,0.0,84.9,12.8,13.15,13.6,0.23,99.57
59,2026-04-04 04:00:00,11.77,5.24,0.0,0.0,87.45,12.3,12.5,12.6,0.18,99.56
59,2026-04-04 05:00:00,8.86,4.55,0.0,0.0,89.9,11.5,11.68,11.9,0.14,99.53
59,2026-04-04 06:00:00,8.89,3.47,0.0,0.0,91.6,10.8,11.1,11.4,0.12,99.52
59,2026-04-04 07:00:00,3.92,2.06,0.0,0.0,93.75,8.8,9.35,10.1,0.07,99.55
59,2026-04-04 08:00:00,5.76,2.04,0.2,0.0,93.58,10.1,10.53,11.0,0.08,99.56
59,2026-04-04 09:00:00,10.8,3.49,20.2,0.0,94.28,11.2,11.5,11.7,0.08,99.57
59,2026-04-04 10:00:00,11.52,4.55,63.0,0.0,94.98,11.6,11.68,11.7,0.07,99.59
59,2026-04-04 11:00:00,9.68,4.48,119.6,0.0,94.35,11.8,11.9,12.1,0.08,99.59
59,2026-04-04 12:00:00,13.07,4.45,533.6,0.0,89.8,12.4,13.5,14.6,0.16,99.59
59,2026-04-04 13:00:00,15.16,5.85,603.5,0.0,77.95,15.5,16.5,17.3,0.42,99.57
59,2026-04-04 14:00:00,15.3,5.27,622.9,0.0,68.13,18.0,18.63,19.5,0.69,99.52
59,2026-04-04 15:00:00,18.36,6.88,618.0,0.0,60.38,19.7,20.3,20.9,0.95,99.46
59,2026-04-04 16:00:00,14.69,5.8,569.0,0.0,55.5,21.3,21.95,22.6,1.17,99.39
59,2026-04-04 17:00:00,15.48,4.73,471.5,0.0,54.93,22.8,23.05,23.4,1.27,99.35
59,2026-04-04 18:00:00,7.6,2.76,335.1,0.0,54.33,23.6,23.83,23.9,1.35,99.36
59,2026-04-04 19:00:00,4.68,2.17,179.4,0.0,54.63,23.8,23.85,24.0,1.34,99.37
59,2026-04-04 20:00:00,3.89,1.32,47.6,0.0,66.73,17.4,20.28,23.6,0.83,99.41
59,2026-04-04 21:00:00,6.23,2.43,0.0,0.0,80.68,13.8,14.95,15.9,0.33,99.48
59,2026-04-04 22:00:00,5.8,2.64,0.0,0.0,86.03,12.2,12.9,13.8,0.21,99.49
59,2026-04-04 23:00:00,4.86,2.34,0.0,0.0,88.35,11.5,11.78,12.2,0.16,99.47
59,2026-04-05 00:00:00,5.11,2.21,0.0,0.0,90.95,10.6,10.88,11.1,0.12,99.47
59,2026-04-05 01:00:00,5.22,2.17,0.0,0.0,92.3,10.0,11.03,12.2,0.11,99.45
59,2026-04-05 02:00:00,4.25,2.29,0.0,0.0,94.73,9.1,9.53,10.0,0.06,99.44
59,2026-04-05 03:00:00,5.26,2.58,0.0,0.0,95.0,8.4,8.73,9.0,0.06,99.42
59,2026-04-05 04:00:00,4.61,1.66,0.0,0.0,94.73,7.7,7.88,8.1,0.06,99.38
59,2026-04-05 05:00:00,4.54,2.36,0.0,0.0,94.45,7.6,7.7,7.8,0.06,99.38
59,2026-04-05 06:00:00,3.82,2.23,0.0,0.02,95.65,7.0,7.38,7.6,0.04,99.41
59,2026-04-05 07:00:00,3.56,2.07,0.8,0.04,95.55,6.3,6.58,6.8,0.04,99.44
59,2026-04-05 08:00:00,3.64,1.86,102.1,0.02,95.13,6.4,7.4,8.7,0.05,99.48
59,2026-04-05 09:00:00,5.72,2.03,241.1,0.02,98.13,9.6,11.2,12.6,0.03,99.58
59,2026-04-05 10:00:00,8.39,3.45,402.9,0.0,85.28,13.5,14.3,15.2,0.25,99.64
59,2026-04-05 11:00:00,9.54,3.14,519.6,0.0,75.3,15.8,16.53,17.1,0.47,99.65
59,2026-04-05 12:00:00,10.15,4.09,591.7,0.0,68.35,17.6,18.28,18.9,0.67,99.64
59,2026-04-05 13:00:00,12.82,4.09,612.9,0.0,62.13,19.5,20.03,20.6,0.89,99.61
59,2026-04-05 14:00:00,14.11,5.33,609.0,0.0,59.68,21.0,21.58,22.0,1.04,99.58
59,2026-04-05 15:00:00,15.91,5.76,558.7,0.0,51.65,22.1,22.63,23.1,1.33,99.54
59,2026-04-05 16:00:00,13.28,5.79,464.9,0.0,44.33,23.1,23.28,23.4,1.59,99.52
59,2026-04-05 17:00:00,14.29,5.1,328.4,0.0,41.6,23.2,23.38,23.5,1.68,99.51
59,2026-04-05 18:00:00,10.44,4.81,174.5,0.0,46.73,22.0,22.53,23.0,1.46,99.51
59,2026-04-05 19:00:00,5.58,3.11,42.3,0.0,54.93,17.7,19.35,21.1,1.02,99.55
59,2026-04-05 20:00:00,7.6,3.19,0.0,0.0,61.68,15.3,16.13,17.0,0.7,99.59
59,2026-04-05 21:00:00,10.94,4.64,0.0,0.0,65.68,15.0,15.08,15.2,0.59,99.64
59,2026-04-05 22:00:00,12.35,5.57,0.0,0.0,73.4,14.0,14.58,15.0,0.44,99.66
59,2026-04-05 23:00:00,9.43,4.5,0.0,0.0,79.4,13.0,13.4,13.7,0.32,99.68
59,2026-04-06 00:00:00,5.62,2.5,0.0,0.0,84.9,11.1,11.93,12.6,0.21,99.68
59,2026-04-06 01:00:00,3.46,1.86,0.0,0.0,90.28,8.7,9.3,10.4,0.12,99.64
59,2026-04-06 02:00:00,4.1,2.65,0.0,0.0,92.08,7.8,8.08,8.4,0.09,99.62
59,2026-04-06 03:00:00,4.28,2.39,0.0,0.0,92.2,7.7,7.95,8.4,0.08,99.62
59,2026-04-06 04:00:00,4.07,2.16,0.0,0.0,94.18,7.4,7.53,7.8,0.06,99.61
59,2026-04-06 05:00:00,2.84,1.44,0.0,0.0,93.38,7.0,7.43,8.2,0.07,99.6
59,2026-04-06 06:00:00,11.7,4.42,0.0,0.0,91.43,9.7,10.88,11.6,0.11,99.65
59,2026-04-06 07:00:00,12.53,4.53,0.0,0.0,96.23,11.3,11.45,11.6,0.05,99.66
59,2026-04-06 08:00:00,6.41,3.29,14.5,0.0,96.68,11.1,11.18,11.2,0.05,99.69
59,2026-04-06 09:00:00,10.91,4.27,42.6,0.0,96.85,11.1,11.2,11.3,0.04,99.73
59,2026-04-06 10:00:00,12.71,5.57,85.7,0.0,95.0,11.4,11.6,11.7,0.07,99.77
59,2026-04-06 11:00:00,13.0,5.89,121.9,0.0,93.5,11.7,11.9,12.1,0.09,99.79
59,2026-04-06 12:00:00,12.92,5.26,169.2,0.0,91.15,12.2,12.35,12.6,0.13,99.81
59,2026-04-06 13:00:00,12.42,4.64,430.3,0.0,89.63,12.6,13.1,13.9,0.16,99.8
59,2026-04-06 14:00:00,15.05,4.36,646.5,0.0,79.85,14.8,15.8,16.8,0.37,99.74
59,2026-04-06 15:00:00,19.08,5.63,548.9,0.0,70.33,17.5,18.43,19.1,0.63,99.68
59,2026-04-06 16:00:00,13.61,5.63,456.7,0.0,63.75,19.7,19.93,20.2,0.85,99.66
59,2026-04-06 17:00:00,14.8,4.9,321.0,0.0,62.25,20.3,20.45,20.6,0.91,99.66
59,2026-04-06 18:00:00,9.9,3.04,165.5,0.0,62.15,20.5,20.53,20.6,0.92,99.67
59,2026-04-06 19:00:00,2.95,1.72,38.6,0.0,76.13,15.0,17.18,19.6,0.49,99.7
59,2026-04-06 20:00:00,4.93,2.35,0.0,0.0,85.88,13.0,13.43,14.0,0.22,99.72
59,2026-04-06 21:00:00,5.65,2.64,0.0,0.0,89.23,11.6,11.78,12.1,0.15,99.74
59,2026-04-06 22:00:00,6.34,2.88,0.0,0.0,89.8,11.7,11.83,12.1,0.14,99.75
59,2026-04-06 23:00:00,5.08,2.29,0.0,0.0,92.75,9.9,10.5,11.1,0.09,99.78
59,2026-04-07 00:00:00,4.97,2.32,0.0,0.0,93.65,9.2,9.38,9.6,0.08,99.78
59,2026-04-07 01:00:00,4.18,2.4,0.0,0.0,93.93,8.7,8.83,9.0,0.07,99.77
59,2026-04-07 02:00:00,5.08,1.79,0.0,0.0,94.93,7.9,8.23,8.6,0.06,99.74
59,2026-04-07 03:00:00,2.99,1.9,0.0,0.0,94.58,7.0,7.33,7.8,0.06,99.73
59,2026-04-07 04:00:00,3.42,1.86,0.0,0.0,95.13,6.3,6.6,7.0,0.05,99.69
59,2026-04-07 05:00:00,3.64,2.12,0.0,0.0,94.65,6.0,6.1,6.4,0.05,99.68
59,2026-04-07 06:00:00,4.14,1.82,0.0,0.0,94.93,5.5,5.58,5.7,0.05,99.69
59,2026-04-07 07:00:00,3.78,1.9,0.5,0.02,95.28,5.1,5.2,5.3,0.04,99.72
59,2026-04-07 08:00:00,3.35,1.3,91.7,0.02,94.83,5.1,5.83,7.0,0.05,99.73
59,2026-04-07 09:00:00,10.12,3.19,234.3,0.02,98.68,8.4,10.2,11.7,0.02,99.77
59,2026-04-07 10:00:00,12.13,6.03,226.2,0.0,95.4,11.9,12.03,12.2,0.07,99.78
59,2026-04-07 11:00:00,14.4,5.83,339.4,0.0,90.78,12.4,12.75,13.2,0.14,99.77
59,2026-04-07 12:00:00,13.64,5.92,574.5,0.0,85.73,13.4,14.5,15.7,0.24,99.73
59,2026-04-07 13:00:00,14.69,6.21,592.4,0.0,76.43,16.4,17.45,18.3,0.48,99.67
59,2026-04-07 14:00:00,17.75,6.19,585.3,0.0,68.78,19.1,19.93,20.7,0.73,99.61
59,2026-04-07 15:00:00,19.22,6.76,542.5,0.0,62.25,21.1,21.65,22.1,0.98,99.53
59,2026-04-07 16:00:00,17.35,7.02,446.5,0.0,58.58,22.4,22.65,22.8,1.14,99.5
59,2026-04-07 17:00:00,16.85,7.05,309.3,0.0,57.73,22.9,22.98,23.0,1.19,99.51
59,2026-04-07 18:00:00,15.12,6.26,162.7,0.0,57.75,22.0,22.45,22.8,1.15,99.52
59,2026-04-07 19:00:00,9.36,3.53,39.5,0.0,62.95,17.7,19.45,21.2,0.85,99.55
59,2026-04-07 20:00:00,3.56,2.28,0.0,0.0,75.58,14.4,15.5,16.1,0.43,99.57
59,2026-04-07 21:00:00,3.67,2.28,0.0,0.0,84.8,11.8,12.6,13.2,0.22,99.6
59,2026-04-07 22:00:00,6.95,3.15,0.0,0.0,83.4,12.3,12.78,13.2,0.25,99.63
59,2026-04-07 23:00:00,11.12,3.74,0.0,0.0,82.65,12.7,13.23,13.4,0.27,99.67
59,2026-04-08 00:00:00,8.75,3.89,0.0,0.0,83.93,12.2,12.3,12.4,0.23,99.67
59,2026-04-08 01:00:00,8.42,3.34,0.0,0.0,85.93,11.1,11.55,12.0,0.19,99.67
59,2026-04-08 02:00:00,7.85,3.76,0.0,0.0,88.68,10.6,10.6,10.6,0.15,99.65
59,2026-04-08 03:00:00,8.1,3.69,0.0,0.0,90.53,10.1,10.53,10.8,0.12,99.63
59,2026-04-08 04:00:00,5.54,2.55,0.0,0.0,92.6,8.8,9.23,9.7,0.09,99.61
59,2026-04-08 05:00:00,7.24,2.85,0.0,0.0,93.25,8.1,8.78,9.2,0.08,99.61
59,2026-04-08 06:00:00,3.06,1.59,0.0,0.0,95.45,5.7,6.1,6.8,0.05,99.61
59,2026-04-08 07:00:00,4.32,2.08,0.0,0.0,93.63,5.2,5.45,5.9,0.06,99.6
59,2026-04-08 08:00:00,9.5,1.75,21.6,0.02,92.3,6.7,7.7,9.1,0.08,99.61
59,2026-04-08 09:00:00,13.1,5.41,53.9,0.0,95.93,9.6,9.95,10.1,0.05,99.63
59,2026-04-08 10:00:00,14.87,5.96,79.1,0.0,96.53,10.2,10.3,10.4,0.05,99.66
59,2026-04-08 11:00:00,16.24,7.59,114.9,0.0,95.83,10.1,10.3,10.4,0.05,99.66
59,2026-04-08 12:00:00,16.56,7.2,137.8,0.0,94.38,10.5,10.78,11.1,0.07,99.65
59,2026-04-08 13:00:00,13.07,5.82,166.8,0.0,91.48,11.4,11.7,11.9,0.12,99.62
59,2026-04-08 14:00:00,9.29,3.27,209.9,0.0,90.4,12.0,12.25,12.4,0.14,99.54
59,2026-04-08 15:00:00,10.94,3.6,472.9,0.0,86.88,12.9,13.58,14.5,0.21,99.48
59,2026-04-08 16:00:00,10.62,4.45,441.4,0.0,79.45,15.3,15.73,16.2,0.37,99.47
59,2026-04-08 17:00:00,13.64,5.17,305.7,0.0,74.95,16.5,16.78,17.0,0.48,99.48
59,2026-04-08 18:00:00,8.82,3.43,155.3,0.0,73.05,16.9,17.08,17.3,0.53,99.48
59,2026-04-08 19:00:00,3.2,1.11,33.9,0.0,80.2,12.4,14.73,16.9,0.35,99.48
59,2026-04-08 20:00:00,4.39,2.58,0.0,0.0,90.63,9.2,10.3,11.1,0.12,99.48
59,2026-04-08 21:00:00,5.26,3.06,0.0,0.0,92.28,8.5,8.73,9.0,0.09,99.5
59,2026-04-08 22:00:00,5.04,2.67,0.0,0.0,93.9,7.8,8.25,8.5,0.07,99.5
59,2026-04-08 23:00:00,4.14,2.53,0.0,0.0,94.48,6.8,7.25,7.5,0.06,99.5
59,2026-04-09 00:00:00,5.18,2.7,0.0,0.0,94.25,6.7,6.8,6.9,0.06,99.49
59,2026-04-09 01:00:00,3.46,2.18,0.0,0.0,95.03,6.0,6.25,6.5,0.05,99.47
59,2026-04-09 02:00:00,3.17,1.57,0.0,0.02,95.13,5.1,5.48,5.7,0.04,99.45
59,2026-04-09 03:00:00,3.78,2.29,0.0,0.02,95.4,4.9,5.08,5.3,0.04,99.42
59,2026-04-09 04:00:00,3.13,1.47,0.0,0.02,95.53,4.5,4.6,4.7,0.04,99.36
59,2026-04-09 05:00:00,3.82,1.26,0.0,0.02,93.6,5.4,6.1,6.7,0.06,99.36
59,2026-04-09 06:00:00,3.06,1.45,0.0,0.02,96.38,6.9,7.15,7.4,0.04,99.39
59,2026-04-09 07:00:00,4.03,1.66,0.3,0.04,97.13,7.6,7.68,7.8,0.03,99.42
59,2026-04-09 08:00:00,3.6,1.16,31.3,0.06,97.88,7.9,8.0,8.2,0.03,99.44
59,2026-04-09 09:00:00,3.17,1.3,76.9,0.02,98.98,8.5,9.0,9.6,0.01,99.5
59,2026-04-09 10:00:00,7.52,2.95,87.3,0.02,99.55,10.0,10.5,10.8,0.01,99.54
59,2026-04-09 11:00:00,6.8,2.4,128.1,0.0,99.98,10.7,10.8,10.9,0.0,99.56
59,2026-04-09 12:00:00,5.65,1.99,137.9,0.0,99.7,11.0,11.28,11.7,0.01,99.55
59,2026-04-09 13:00:00,4.72,1.76,268.6,0.0,99.55,11.4,12.15,12.8,0.01,99.52
59,2026-04-09 14:00:00,10.3,3.15,544.0,0.0,92.65,13.3,14.85,16.3,0.13,99.44
59,2026-04-09 15:00:00,8.06,3.13,518.9,0.0,78.53,17.3,18.48,19.6,0.46,99.36
59,2026-04-09 16:00:00,8.17,3.13,425.3,0.0,67.58,20.2,20.83,21.3,0.8,99.31
59,2026-04-09 17:00:00,6.34,2.29,298.8,0.0,60.9,21.7,22.05,22.3,1.04,99.29
59,2026-04-09 18:00:00,4.07,1.39,150.3,0.0,59.75,21.8,22.23,22.6,1.08,99.3
59,2026-04-09 19:00:00,4.14,2.4,28.9,0.0,81.4,14.6,16.95,19.8,0.37,99.32
59,2026-04-09 20:00:00,3.96,2.26,0.0,0.0,88.58,12.4,13.03,13.6,0.17,99.36
59,2026-04-09 21:00:00,6.62,2.42,0.0,0.0,91.5,11.2,11.45,11.9,0.12,99.39
59,2026-04-09 22:00:00,4.68,2.94,0.0,0.0,93.85,9.9,10.35,10.8,0.08,99.39
59,2026-04-09 23:00:00,4.57,2.83,0.0,0.0,94.05,9.2,9.4,9.6,0.07,99.37
59,2026-04-10 00:00:00,3.49,2.28,0.0,0.0,94.63,8.8,9.08,9.3,0.06,99.36
59,2026-04-10 01:00:00,3.89,2.24,0.0,0.0,93.9,9.2,9.4,9.7,0.07,99.37
59,2026-04-10 02:00:00,4.57,2.36,0.0,0.04,94.45,9.2,9.33,9.6,0.07,99.37
59,2026-04-10 03:00:00,9.07,3.32,0.0,0.04,94.75,9.6,10.0,10.5,0.06,99.38
59,2026-04-10 04:00:00,10.33,4.24,0.0,0.02,97.13,10.7,10.83,10.9,0.04,99.36
59,2026-04-10 05:00:00,7.45,3.04,0.0,0.02,97.68,11.0,11.05,11.1,0.03,99.34
59,2026-04-10 06:00:00,7.42,3.35,0.0,0.0,98.75,10.4,10.58,10.8,0.02,99.35
59,2026-04-10 07:00:00,6.59,2.43,0.0,0.02,97.78,10.4,10.55,10.7,0.03,99.37
59,2026-04-10 08:00:00,7.06,2.99,13.5,0.08,97.95,10.7,10.83,11.0,0.03,99.39
59,2026-04-10 09:00:00,7.34,3.6,53.5,0.09,98.9,11.1,11.13,11.2,0.02,99.43
59,2026-04-10 10:00:00,6.48,2.31,56.0,0.04,99.65,11.4,11.53,11.6,0.01,99.49
59,2026-04-10 11:00:00,8.17,2.93,66.0,0.02,99.88,11.8,11.88,12.0,0.0,99.5
59,2026-04-10 12:00:00,9.4,4.19,75.3,0.0,99.83,12.0,12.1,12.2,0.0,99.51
59,2026-04-10 13:00:00,10.55,4.79,92.9,0.0,97.55,12.3,12.75,13.0,0.04,99.52
59,2026-04-10 14:00:00,13.43,6.25,96.7,0.0,94.95,13.1,13.28,13.4,0.08,99.54
59,2026-04-10 15:00:00,12.31,5.56,94.9,0.0,93.9,13.5,13.65,13.8,0.09,99.54
59,2026-04-10 16:00:00,14.0,6.47,90.7,0.0,91.98,13.8,13.93,14.2,0.13,99.54
59,2026-04-10 17:00:00,11.84,5.12,83.1,0.0,89.25,14.4,14.53,14.6,0.18,99.55
59,2026-04-10 18:00:00,9.83,4.06,31.1,0.0,89.3,14.5,14.58,14.6,0.18,99.58
59,2026-04-10 19:00:00,8.28,3.74,5.6,0.0,90.7,14.2,14.25,14.3,0.15,99.6
59,2026-04-10 20:00:00,6.44,2.61,0.0,0.0,91.2,14.1,14.1,14.1,0.14,99.63
59,2026-04-10 21:00:00,2.99,1.17,0.0,0.0,92.23,13.9,13.93,14.0,0.12,99.65
59,2026-04-10 22:00:00,4.75,1.81,0.0,0.0,92.43,13.9,13.93,14.0,0.12,99.68
59,2026-04-10 23:00:00,3.17,1.15,0.0,0.0,93.28,13.8,13.8,13.8,0.11,99.72
59,2026-04-11 00:00:00,3.74,1.51,0.0,0.0,93.88,13.6,13.73,13.8,0.1,99.74
59,2026-04-11 01:00:00,4.1,1.63,0.0,0.0,95.58,13.4,13.5,13.6,0.07,99.73
59,2026-04-11 02:00:00,5.58,2.39,0.0,0.0,96.33,13.4,13.4,13.4,0.06,99.69
59,2026-04-11 03:00:00,4.36,1.34,0.0,0.0,96.48,13.2,13.3,13.4,0.05,99.68
59,2026-04-11 04:00:00,5.47,2.22,0.0,0.0,96.25,13.1,13.15,13.2,0.06,99.67
59,2026-04-11 05:00:00,6.01,2.73,0.0,0.0,95.75,13.1,13.1,13.1,0.06,99.68
59,2026-04-11 06:00:00,4.21,1.69,0.0,0.0,95.73,13.1,13.13,13.2,0.06,99.69
59,2026-04-11 07:00:00,3.78,1.74,0.0,0.0,95.8,13.0,13.05,13.1,0.06,99.72
59,2026-04-11 08:00:00,7.02,2.92,20.9,0.0,95.15,13.2,13.3,13.5,0.07,99.74
59,2026-04-11 09:00:00,10.22,4.25,98.2,0.0,93.3,13.7,14.05,14.4,0.11,99.75
59,2026-04-11 10:00:00,10.48,3.95,265.9,0.0,88.75,14.8,15.2,15.6,0.2,99.78
59,2026-04-11 11:00:00,10.69,3.24,511.6,0.0,78.93,16.1,16.68,17.5,0.4,99.8
59,2026-04-11 12:00:00,13.18,4.3,497.4,0.0,70.38,17.1,17.4,17.8,0.59,99.84
59,2026-04-11 13:00:00,15.48,4.87,647.5,0.0,67.0,18.2,18.4,18.6,0.7,99.86
59,2026-04-11 14:00:00,17.1,6.12,665.8,0.0,63.5,19.2,19.7,20.0,0.84,99.84
59,2026-04-11 15:00:00,13.28,5.69,526.3,0.0,60.63,20.2,20.5,20.8,0.95,99.79
59,2026-04-11 16:00:00,13.79,5.03,415.0,0.0,57.78,21.1,21.2,21.3,1.06,99.74
59,2026-04-11 17:00:00,12.71,4.31,299.7,0.0,57.8,21.4,21.5,21.6,1.08,99.71
59,2026-04-11 18:00:00,5.62,2.4,146.7,0.0,58.88,20.7,21.3,21.6,1.04,99.68
59,2026-04-11 19:00:00,4.97,2.71,24.5,0.0,69.38,16.5,18.18,19.7,0.65,99.69
59,2026-04-11 20:00:00,8.03,3.4,0.0,0.0,76.05,15.4,15.78,16.2,0.43,99.75
59,2026-04-11 21:00:00,6.48,2.4,0.0,0.0,79.75,13.8,14.38,15.0,0.33,99.79
59,2026-04-11 22:00:00,4.68,2.46,0.0,0.0,86.63,11.6,12.43,13.4,0.2,99.77
59,2026-04-11 23:00:00,3.28,2.04,0.0,0.0,89.65,10.8,10.88,11.0,0.14,99.77
59,2026-04-12 00:00:00,3.67,2.48,0.0,0.0,93.45,9.4,9.83,10.2,0.08,99.79
59,2026-04-12 01:00:00,7.38,2.49,0.0,0.0,91.45,9.3,9.73,10.2,0.11,99.77
59,2026-04-12 02:00:00,4.07,1.54,0.0,0.0,94.43,8.5,9.15,9.9,0.07,99.74
59,2026-04-12 03:00:00,2.38,1.3,0.0,0.0,93.8,7.6,7.98,8.3,0.07,99.7
59,2026-04-12 04:00:00,2.56,1.04,0.0,0.0,94.15,6.9,7.13,7.3,0.06,99.65
59,2026-04-12 05:00:00,4.72,2.37,0.0,0.0,95.73,6.0,6.28,6.6,0.04,99.62
59,2026-04-12 06:00:00,4.5,2.45,0.0,0.0,95.7,5.8,5.98,6.2,0.04,99.62
59,2026-04-12 07:00:00,5.15,2.2,0.0,0.02,93.93,6.0,7.03,8.2,0.06,99.66
59,2026-04-12 08:00:00,14.76,4.12,22.7,0.0,96.18,8.6,9.13,9.4,0.05,99.68
59,2026-04-12 09:00:00,11.3,5.13,111.6,0.0,99.33,9.4,9.53,9.6,0.01,99.7
59,2026-04-12 10:00:00,11.09,4.52,218.6,0.0,100.13,9.8,10.03,10.4,0.0,99.72
59,2026-04-12 11:00:00,17.86,4.93,449.9,0.0,96.45,10.9,12.08,13.4,0.05,99.73
59,2026-04-12 12:00:00,16.52,6.76,552.9,0.0,83.35,14.0,15.13,16.0,0.29,99.7
59,2026-04-12 13:00:00,17.21,6.16,596.5,0.0,72.93,16.3,17.23,18.2,0.54,99.64
59,2026-04-12 14:00:00,17.32,5.18,566.3,0.0,65.93,18.6,19.43,20.1,0.77,99.56
59,2026-04-12 15:00:00,14.94,6.14,437.1,0.0,61.05,20.3,20.65,21.2,0.95,99.52
59,2026-04-12 16:00:00,12.92,4.22,421.5,0.0,58.33,21.4,21.63,22.0,1.08,99.47
59,2026-04-12 17:00:00,18.47,5.27,262.9,0.0,55.3,22.2,22.25,22.3,1.2,99.46
59,2026-04-12 18:00:00,11.59,4.1,140.8,0.0,56.75,20.9,21.43,21.8,1.1,99.48
59,2026-04-12 19:00:00,4.43,2.2,20.7,0.0,70.13,15.3,17.58,19.8,0.62,99.48
59,2026-04-12 20:00:00,3.82,2.61,0.0,0.0,83.73,13.1,13.75,14.7,0.26,99.5
59,2026-04-12 21:00:00,8.35,3.4,0.0,0.0,83.53,13.0,13.9,15.2,0.27,99.5
59,2026-04-12 22:00:00,11.63,5.88,0.0,0.0,81.65,15.2,15.35,15.5,0.32,99.52
59,2026-04-12 23:00:00,12.38,5.61,0.0,0.0,85.88,13.8,14.33,14.8,0.23,99.53
59,2026-04-13 00:00:00,9.76,4.19,0.0,0.0,89.78,12.4,12.9,13.4,0.15,99.52
59,2026-04-13 01:00:00,7.38,2.74,0.0,0.0,91.8,11.1,11.6,12.1,0.11,99.5
59,2026-04-13 02:00:00,8.42,4.16,0.0,0.0,92.35,10.8,10.93,11.0,0.1,99.5
59,2026-04-13 03:00:00,5.04,2.36,0.0,0.0,94.45,9.2,9.83,10.4,0.07,99.47
59,2026-04-13 04:00:00,2.66,1.23,0.0,0.0,93.88,7.9,8.23,8.4,0.07,99.41
59,2026-04-13 05:00:00,9.22,2.91,0.0,0.0,93.53,9.2,10.03,10.6,0.08,99.38
59,2026-04-13 06:00:00,10.33,4.23,0.0,0.0,96.75,10.5,10.58,10.6,0.04,99.4
59,2026-04-13 07:00:00,6.37,3.13,0.0,0.0,97.1,10.4,10.43,10.5,0.04,99.42
59,2026-04-13 08:00:00,9.86,3.79,12.1,0.0,97.85,10.1,10.2,10.4,0.03,99.46
59,2026-04-13 09:00:00,8.64,3.63,47.6,0.02,98.45,10.0,10.0,10.0,0.02,99.49
59,2026-04-13 10:00:00,8.24,3.17,120.1,0.0,99.08,10.1,10.23,10.4,0.01,99.49
59,2026-04-13 11:00:00,9.47,3.46,181.7,0.0,98.33,10.6,10.9,11.1,0.02,99.48
59,2026-04-13 12:00:00,9.83,3.39,571.5,0.0,94.2,11.6,12.55,14.0,0.09,99.44
59,2026-04-13 13:00:00,12.13,4.29,585.5,0.0,84.48,14.3,15.43,16.9,0.28,99.39
59,2026-04-13 14:00:00,13.46,4.24,558.7,0.0,72.75,17.6,18.58,19.3,0.59,99.3
59,2026-04-13 15:00:00,13.46,5.69,508.4,0.0,62.6,19.8,20.33,20.7,0.89,99.22
59,2026-04-13 16:00:00,11.84,4.99,423.9,0.0,56.88,21.2,21.4,21.7,1.1,99.16
59,2026-04-13 17:00:00,9.4,4.29,294.4,0.0,52.1,21.8,21.93,22.0,1.26,99.13
59,2026-04-13 18:00:00,8.5,3.48,146.7,0.0,53.23,20.8,21.35,21.7,1.19,99.13
59,2026-04-13 19:00:00,4.5,2.6,26.1,0.0,72.43,13.7,16.13,19.3,0.53,99.17
59,2026-04-13 20:00:00,4.82,3.13,0.0,0.0,82.03,10.9,12.0,13.1,0.26,99.21
59,2026-04-13 21:00:00,5.11,3.09,0.0,0.0,87.98,9.6,9.98,10.5,0.15,99.24
59,2026-04-13 22:00:00,5.4,2.17,0.0,0.0,88.9,9.5,9.68,9.8,0.14,99.24
59,2026-04-13 23:00:00,4.18,2.36,0.0,0.0,92.8,7.5,8.3,9.3,0.08,99.28
59,2026-04-14 00:00:00,3.92,2.28,0.0,0.0,92.63,7.1,7.65,8.2,0.08,99.28
59,2026-04-14 01:00:00,5.29,2.87,0.0,0.0,94.03,6.8,7.0,7.2,0.06,99.3
59,2026-04-14 02:00:00,4.39,2.36,0.0,0.0,91.38,6.6,7.5,8.6,0.09,99.3
59,2026-04-14 03:00:00,4.14,1.93,0.0,0.0,95.73,6.3,7.03,8.1,0.04,99.32
59,2026-04-14 04:00:00,5.83,2.21,0.0,0.0,91.53,6.6,6.95,7.6,0.08,99.33
59,2026-04-14 05:00:00,5.36,1.89,0.0,0.0,94.8,6.2,6.75,7.6,0.05,99.36
59,2026-04-14 06:00:00,5.69,2.5,0.0,0.0,95.7,5.0,5.43,6.0,0.04,99.47
59,2026-04-14 07:00:00,7.42,3.49,0.5,0.02,93.35,5.3,6.03,6.6,0.06,99.6
59,2026-04-14 08:00:00,16.49,6.15,114.1,0.05,92.38,7.5,8.2,9.1,0.08,99.75
59,2026-04-14 09:00:00,22.39,9.41,190.8,0.0,95.35,9.8,10.58,11.1,0.06,99.89
59,2026-04-14 10:00:00,26.78,10.87,237.4,0.0,87.6,11.6,11.78,12.0,0.17,99.98
59,2026-04-14 11:00:00,20.3,9.58,387.3,0.0,79.85,12.5,13.23,13.9,0.31,100.03
59,2026-04-14 12:00:00,22.03,8.52,326.0,0.0,74.13,14.1,14.3,14.4,0.42,100.05
59,2026-04-14 13:00:00,18.43,6.69,336.4,0.0,71.2,14.7,15.15,15.4,0.5,100.1
59,2026-04-14 14:00:00,16.27,7.3,234.5,0.0,69.78,15.6,15.75,15.9,0.54,100.1
59,2026-04-14 15:00:00,15.3,6.89,324.4,0.0,69.73,16.0,16.28,16.5,0.56,100.07
59,2026-04-14 16:00:00,12.89,6.22,326.5,0.0,68.55,16.6,16.75,16.8,0.6,100.06
59,2026-04-14 17:00:00,13.28,4.99,321.8,0.0,66.95,16.7,17.38,17.8,0.66,100.03
59,2026-04-14 18:00:00,7.2,2.0,119.3,0.0,63.8,17.6,17.85,18.1,0.74,100.02
59,2026-04-14 19:00:00,4.72,2.76,18.5,0.0,80.95,11.4,13.43,16.1,0.31,100.01
59,2026-04-14 20:00:00,5.54,3.33,0.0,0.0,88.15,9.9,10.33,10.7,0.15,100.0
59,2026-04-14 21:00:00,5.47,2.87,0.0,0.0,90.53,9.0,9.55,9.9,0.11,99.97
59,2026-04-14 22:00:00,6.23,2.98,0.0,0.0,92.45,8.1,8.45,8.8,0.09,99.95
59,2026-04-14 23:00:00,6.23,1.56,0.0,0.0,93.35,6.6,7.43,8.0,0.07,99.93
59,2026-04-15 00:00:00,4.93,2.48,0.0,0.0,93.45,6.2,6.5,6.8,0.07,99.9
59,2026-04-15 01:00:00,6.59,2.5,0.0,0.0,94.93,5.8,5.88,5.9,0.05,99.85
59,2026-04-15 02:00:00,3.92,2.21,0.0,0.0,94.5,5.6,5.78,6.0,0.05,99.8
59,2026-04-15 03:00:00,3.38,1.62,0.0,0.0,94.98,4.7,5.18,5.4,0.05,99.75
59,2026-04-15 04:00:00,5.11,2.6,0.0,0.0,95.0,4.1,4.5,4.9,0.05,99.69
59,2026-04-15 05:00:00,4.18,1.79,0.0,0.0,95.68,3.6,4.18,4.5,0.04,99.65
59,2026-04-15 06:00:00,4.75,1.94,0.0,0.02,96.03,2.9,3.35,3.7,0.03,99.63
59,2026-04-15 07:00:00,3.85,1.83,0.0,0.02,94.45,3.0,3.3,4.0,0.04,99.62
59,2026-04-15 08:00:00,5.47,2.17,39.0,0.02,94.43,4.7,5.5,6.2,0.05,99.65
59,2026-04-15 09:00:00,5.29,2.5,152.4,0.0,99.5,6.4,6.75,7.1,0.01,99.68
59,2026-04-15 10:00:00,5.08,1.86,266.1,0.0,99.6,7.2,7.68,8.2,0.01,99.67
59,2026-04-15 11:00:00,8.78,3.22,429.5,0.0,99.13,8.8,10.0,11.4,0.01,99.64
59,2026-04-15 12:00:00,10.84,4.28,543.3,0.0,89.0,12.3,13.75,15.2,0.18,99.61
59,2026-04-15 13:00:00,13.36,6.02,561.1,0.0,75.93,15.6,16.65,17.7,0.46,99.57
59,2026-04-15 14:00:00,14.04,5.83,555.5,0.0,61.43,18.6,19.48,20.3,0.88,99.5
59,2026-04-15 15:00:00,13.82,4.39,510.9,0.0,51.78,20.9,21.73,22.5,1.26,99.42
59,2026-04-15 16:00:00,13.68,5.44,415.8,0.0,47.33,22.8,23.1,23.3,1.49,99.4
59,2026-04-15 17:00:00,11.05,4.65,283.5,0.0,45.98,23.4,23.53,23.6,1.57,99.39
59,2026-04-15 18:00:00,5.44,1.79,135.5,0.0,48.15,22.9,23.53,23.9,1.51,99.36
59,2026-04-15 19:00:00,3.42,2.04,19.8,0.0,71.25,14.6,17.08,20.1,0.58,99.37
59,2026-04-15 20:00:00,4.61,2.51,0.0,0.0,81.95,11.8,12.63,13.6,0.27,99.39
59,2026-04-15 21:00:00,4.9,2.77,0.0,0.0,86.8,10.6,11.13,11.6,0.17,99.39
59,2026-04-15 22:00:00,4.61,2.43,0.0,0.0,87.38,9.7,10.25,10.6,0.16,99.4
59,2026-04-15 23:00:00,4.9,2.57,0.0,0.0,89.78,9.2,9.28,9.5,0.12,99.43
59,2026-04-16 00:00:00,5.0,2.56,0.0,0.0,89.93,9.0,9.45,9.8,0.12,99.4
59,2026-04-16 01:00:00,5.15,1.91,0.0,0.0,93.33,8.1,8.43,8.8,0.07,99.4
59,2026-04-16 02:00:00,6.3,2.33,0.0,0.0,93.15,7.7,7.85,8.1,0.07,99.4
59,2026-04-16 03:00:00,5.44,2.42,0.0,0.0,93.33,7.9,8.1,8.3,0.07,99.34
59,2026-04-16 04:00:00,2.95,1.64,0.0,0.0,94.03,6.8,7.35,7.8,0.06,99.32
59,2026-04-16 05:00:00,4.14,2.39,0.0,0.0,93.43,6.6,6.75,7.1,0.06,99.33
59,2026-04-16 06:00:00,5.72,2.53,0.0,0.0,94.4,6.5,6.73,6.9,0.05,99.39
59,2026-04-16 07:00:00,4.86,2.57,0.0,0.0,93.1,6.8,7.25,7.7,0.07,99.42
59,2026-04-16 08:00:00,4.9,2.25,57.7,0.0,93.88,6.4,6.8,7.5,0.06,99.46
59,2026-04-16 09:00:00,8.57,2.67,257.7,0.0,90.8,8.7,10.6,12.6,0.12,99.53
59,2026-04-16 10:00:00,10.4,4.64,315.7,0.0,79.2,14.0,14.8,15.4,0.35,99.56
59,2026-04-16 11:00:00,11.88,5.63,360.0,0.0,74.78,15.8,16.55,17.0,0.48,99.54
59,2026-04-16 12:00:00,12.31,5.0,521.8,0.0,68.55,17.6,18.78,20.1,0.69,99.54
59,2026-04-16 13:00:00,12.28,4.12,504.1,0.0,63.08,20.5,20.65,21.0,0.9,99.54
59,2026-04-16 14:00:00,12.96,4.73,426.4,0.0,62.28,21.5,21.55,21.6,0.97,99.52
59,2026-04-16 15:00:00,6.48,2.57,191.4,0.0,63.7,21.3,21.3,21.3,0.92,99.49
59,2026-04-16 16:00:00,8.82,3.46,169.1,0.0,63.58,21.2,21.43,21.6,0.93,99.46
59,2026-04-16 17:00:00,4.79,1.28,111.6,0.0,68.23,21.0,21.15,21.3,0.8,99.49
59,2026-04-16 18:00:00,4.79,1.89,29.5,0.0,75.4,19.2,19.98,20.5,0.58,99.55
59,2026-04-16 19:00:00,4.5,1.76,2.7,0.0,83.95,17.2,17.85,18.5,0.33,99.57
59,2026-04-16 20:00:00,12.38,3.45,0.0,0.0,82.48,17.1,17.45,17.7,0.35,99.57
59,2026-04-16 21:00:00,6.52,3.02,0.0,0.0,82.48,16.8,17.0,17.1,0.34,99.6
59,2026-04-16 22:00:00,6.7,2.66,0.0,0.0,86.03,15.5,15.8,16.2,0.25,99.6
59,2026-04-16 23:00:00,8.86,3.05,0.0,0.0,87.8,15.3,15.38,15.5,0.21,99.6
59,2026-04-17 00:00:00,11.99,4.4,0.0,0.0,87.68,15.1,15.53,15.9,0.22,99.59
59,2026-04-17 01:00:00,12.6,3.34,0.0,0.0,88.4,15.1,15.48,15.9,0.21,99.64
59,2026-04-17 02:00:00,10.8,3.15,0.0,0.13,91.6,14.8,14.88,15.0,0.14,99.64
59,2026-04-17 03:00:00,14.83,5.39,0.0,0.13,91.88,14.8,14.95,15.2,0.14,99.6
59,2026-04-17 04:00:00,8.21,3.02,0.0,0.0,92.75,14.2,14.75,15.1,0.12,99.6
59,2026-04-17 05:00:00,8.1,2.74,0.0,0.02,94.45,13.0,13.3,13.8,0.09,99.58
59,2026-04-17 06:00:00,6.98,2.33,0.0,0.0,96.13,11.8,12.38,12.8,0.06,99.63
59,2026-04-17 07:00:00,8.68,3.14,0.0,0.04,95.05,11.7,12.05,12.3,0.07,99.66
59,2026-04-17 08:00:00,5.29,2.14,36.7,0.02,95.8,12.0,12.25,12.6,0.06,99.67
59,2026-04-17 09:00:00,4.54,1.55,191.4,0.02,98.3,13.3,13.93,14.7,0.03,99.69
59,2026-04-17 10:00:00,9.54,3.17,335.3,0.0,94.98,15.4,16.18,17.2,0.09,99.74
59,2026-04-17 11:00:00,8.28,2.69,446.7,0.0,86.9,17.8,18.58,19.1,0.28,99.71
59,2026-04-17 12:00:00,12.17,3.64,434.5,0.0,80.13,19.4,19.85,20.1,0.46,99.7
59,2026-04-17 13:00:00,12.53,4.97,594.7,0.0,73.75,20.6,21.18,21.6,0.66,99.66
59,2026-04-17 14:00:00,12.13,4.37,529.3,0.0,68.65,21.9,22.33,22.9,0.85,99.58
59,2026-04-17 15:00:00,10.3,3.88,418.7,0.0,66.95,22.3,22.55,23.0,0.91,99.5
59,2026-04-17 16:00:00,10.4,4.01,259.3,0.0,66.35,22.4,22.53,22.6,0.92,99.48
59,2026-04-17 17:00:00,8.24,3.12,169.3,0.0,66.7,21.9,22.25,22.5,0.9,99.45
59,2026-04-17 18:00:00,3.35,1.32,69.7,0.0,73.63,20.3,21.13,21.7,0.67,99.4
59,2026-04-17 19:00:00,9.29,2.34,4.2,0.0,81.1,19.0,19.2,19.6,0.42,99.39
59,2026-04-17 20:00:00,10.62,4.67,0.0,0.0,79.18,18.4,18.8,19.2,0.45,99.43
59,2026-04-17 21:00:00,8.86,3.72,0.0,0.0,82.6,18.0,18.0,18.0,0.36,99.46
59,2026-04-17 22:00:00,7.74,2.75,0.0,0.0,84.3,17.2,17.43,17.7,0.32,99.49
59,2026-04-17 23:00:00,4.28,1.65,0.0,0.0,86.18,16.4,16.58,16.8,0.26,99.51
59,2026-04-18 00:00:00,5.4,1.93,0.0,0.0,87.7,16.5,16.6,16.7,0.23,99.54
59,2026-04-18 01:00:00,4.0,1.71,0.0,0.0,88.45,15.9,16.33,16.7,0.22,99.54
59,2026-04-18 02:00:00,6.19,2.12,0.0,0.0,91.2,15.3,15.45,15.7,0.15,99.5
59,2026-04-18 03:00:00,8.14,2.74,0.0,0.0,91.35,15.2,15.38,15.6,0.15,99.46
59,2026-04-18 04:00:00,5.11,1.97,0.0,0.0,92.73,14.9,15.23,15.4,0.13,99.46
59,2026-04-18 05:00:00,6.01,2.32,0.0,0.0,93.83,14.6,14.7,14.8,0.11,99.44
59,2026-04-18 06:00:00,7.13,3.2,0.0,0.0,93.23,14.8,14.83,14.9,0.11,99.48
59,2026-04-18 07:00:00,4.9,1.32,0.0,0.0,93.98,14.7,14.8,14.9,0.1,99.53
59,2026-04-18 08:00:00,4.57,1.05,17.0,0.0,94.58,14.6,14.65,14.8,0.09,99.57
59,2026-04-18 09:00:00,3.71,1.59,62.5,0.0,94.6,15.0,15.13,15.3,0.09,99.63
59,2026-04-18 10:00:00,3.6,1.34,113.8,0.0,91.75,15.5,15.95,16.4,0.15,99.67
59,2026-04-18 11:00:00,7.31,2.09,206.7,0.0,86.75,16.6,17.0,17.4,0.26,99.69
59,2026-04-18 12:00:00,10.44,3.38,426.7,0.0,82.75,17.7,18.15,18.6,0.36,99.69
59,2026-04-18 13:00:00,10.04,3.38,410.2,0.0,74.73,19.3,19.75,20.1,0.59,99.65
59,2026-04-18 14:00:00,10.73,4.21,465.3,0.0,71.0,20.4,20.68,21.0,0.71,99.59
59,2026-04-18 15:00:00,11.02,3.33,286.2,0.0,66.93,20.8,21.1,21.4,0.83,99.52
59,2026-04-18 16:00:00,13.32,2.92,307.4,0.0,63.35,21.5,21.63,21.7,0.95,99.47
59,2026-04-18 17:00:00,7.6,3.34,194.9,0.0,64.23,20.7,21.15,21.5,0.9,99.48
59,2026-04-18 18:00:00,8.1,3.23,58.0,0.0,66.33,19.5,20.03,20.5,0.79,99.49
59,2026-04-18 19:00:00,5.8,2.57,4.7,0.0,71.08,18.5,18.78,19.2,0.63,99.52
59,2026-04-18 20:00:00,12.6,4.65,0.0,0.0,70.8,18.1,18.28,18.5,0.61,99.55
59,2026-04-18 21:00:00,16.88,5.98,0.0,0.0,72.35,16.8,17.33,17.7,0.55,99.58
59,2026-04-18 22:00:00,22.79,8.29,0.0,0.0,78.95,15.7,16.08,16.5,0.38,99.62
59,2026-04-18 23:00:00,18.65,7.81,0.0,0.0,81.78,15.0,15.28,15.5,0.32,99.66
59,2026-04-19 00:00:00,15.48,6.7,0.0,0.0,82.93,14.2,14.53,14.9,0.29,99.66
59,2026-04-19 01:00:00,12.82,4.33,0.0,0.0,85.95,13.2,13.6,14.0,0.22,99.64
59,2026-04-19 02:00:00,9.07,3.2,0.0,0.0,89.0,12.7,12.93,13.1,0.16,99.63
59,2026-04-19 03:00:00,12.2,5.2,0.0,0.0,90.4,11.5,11.98,12.4,0.14,99.6
59,2026-04-19 04:00:00,10.08,4.79,0.0,0.0,90.28,10.9,11.05,11.3,0.13,99.57
59,2026-04-19 05:00:00,12.38,5.07,0.0,0.0,90.1,10.9,10.93,11.0,0.13,99.56
59,2026-04-19 06:00:00,15.37,5.85,0.0,0.0,89.43,10.8,10.85,10.9,0.14,99.57
59,2026-04-19 07:00:00,13.1,5.86,0.0,0.0,90.1,10.4,10.48,10.6,0.13,99.6
59,2026-04-19 08:00:00,8.35,4.05,10.9,0.0,90.65,10.3,10.33,10.4,0.12,99.62
59,2026-04-19 09:00:00,8.96,4.46,62.4,0.0,91.43,10.4,10.4,10.4,0.11,99.67
59,2026-04-19 10:00:00,10.62,5.18,119.5,0.0,89.43,10.5,10.78,11.0,0.14,99.7
59,2026-04-19 11:00:00,9.14,3.44,247.9,0.0,87.5,11.2,11.63,12.1,0.17,99.7
59,2026-04-19 12:00:00,13.43,3.98,180.9,0.0,85.6,12.3,12.48,12.6,0.21,99.71
59,2026-04-19 13:00:00,10.48,3.49,218.1,0.0,82.7,12.6,12.85,13.2,0.26,99.69
59,2026-04-19 14:00:00,6.3,2.41,201.0,0.0,81.08,13.2,13.58,13.8,0.29,99.64
59,2026-04-19 15:00:00,7.52,1.99,113.4,0.0,79.78,14.0,14.03,14.1,0.32,99.6
59,2026-04-19 16:00:00,7.13,2.99,166.6,0.12,84.85,13.8,13.9,14.0,0.24,99.59
59,2026-04-19 17:00:00,8.17,3.83,89.6,0.24,89.33,13.4,13.55,13.8,0.17,99.61
59,2026-04-19 18:00:00,9.65,4.05,84.3,0.02,92.23,13.3,13.35,13.4,0.12,99.61
59,2026-04-19 19:00:00,5.08,2.21,4.1,0.0,92.1,13.0,13.2,13.3,0.12,99.64
59,2026-04-19 20:00:00,7.52,2.73,0.0,0.0,93.1,12.9,12.95,13.0,0.1,99.66
59,2026-04-19 21:00:00,5.44,1.78,0.0,0.0,94.13,12.9,12.98,13.0,0.09,99.67
59,2026-04-19 22:00:00,4.14,1.34,0.0,0.0,94.83,13.0,13.05,13.1,0.08,99.7
59,2026-04-19 23:00:00,8.03,2.37,0.0,0.0,94.78,13.0,13.03,13.1,0.08,99.72
59,2026-04-20 00:00:00,9.94,4.2,0.0,0.0,94.48,12.9,12.98,13.0,0.08,99.75
59,2026-04-20 01:00:00,11.34,4.23,0.0,0.0,90.95,12.4,12.55,12.8,0.14,99.76
59,2026-04-20 02:00:00,7.7,2.85,0.0,0.0,89.05,12.3,12.35,12.4,0.16,99.79
59,2026-04-20 03:00:00,7.45,2.02,0.0,0.0,89.0,12.0,12.13,12.2,0.16,99.78
59,2026-04-20 04:00:00,3.74,1.57,0.0,0.0,88.45,11.5,11.75,12.0,0.16,99.81
59,2026-04-20 05:00:00,4.86,2.04,0.0,0.0,89.5,11.4,11.5,11.6,0.14,99.85
59,2026-04-20 06:00:00,4.75,1.66,0.0,0.0,86.78,11.0,11.15,11.3,0.18,99.9
59,2026-04-20 07:00:00,2.63,1.03,0.0,0.0,89.0,10.9,10.98,11.0,0.15,99.9
59,2026-04-20 08:00:00,4.14,1.52,23.1,0.0,89.45,10.9,10.95,11.0,0.14,99.94
59,2026-04-20 09:00:00,6.62,2.24,90.9,0.0,88.58,11.1,11.33,11.6,0.16,100.01
59,2026-04-20 10:00:00,10.48,3.71,124.7,0.0,84.68,11.8,11.95,12.1,0.22,100.08
59,2026-04-20 11:00:00,12.17,5.55,165.1,0.0,83.08,12.2,12.43,12.6,0.24,100.14
59,2026-04-20 12:00:00,18.43,7.31,371.3,0.0,80.18,12.7,12.93,13.4,0.3,100.2
59,2026-04-20 13:00:00,16.31,7.07,540.4,0.0,75.58,14.4,14.4,14.4,0.4,100.2
59,2026-04-20 14:00:00,19.19,7.88,364.7,0.0,73.43,14.4,14.78,15.2,0.45,100.2
59,2026-04-20 15:00:00,19.87,8.38,508.3,0.0,68.95,15.5,16.13,16.4,0.57,100.19
59,2026-04-20 16:00:00,22.03,9.16,404.9,0.0,64.2,16.3,16.6,17.0,0.68,100.21
59,2026-04-20 17:00:00,20.63,7.49,227.3,0.0,60.28,16.4,16.7,16.8,0.76,100.23
59,2026-04-20 18:00:00,12.38,3.75,34.7,0.0,65.13,13.7,14.83,15.7,0.59,100.26
59,2026-04-20 19:00:00,4.82,2.9,9.3,0.0,77.93,10.1,11.48,13.3,0.31,100.26
59,2026-04-20 20:00:00,7.31,3.23,0.0,0.0,86.3,8.4,8.78,9.3,0.16,100.26
59,2026-04-20 21:00:00,6.48,3.28,0.0,0.0,87.4,8.0,8.25,8.4,0.14,100.24
59,2026-04-20 22:00:00,5.69,2.57,0.0,0.0,89.63,6.5,7.6,8.4,0.11,100.24
59,2026-04-20 23:00:00,5.9,2.82,0.0,0.0,91.8,5.2,5.78,6.1,0.08,100.26
59,2026-04-21 00:00:00,6.34,3.21,0.0,0.0,92.48,4.8,5.05,5.2,0.07,100.25
59,2026-04-21 01:00:00,4.43,2.35,0.0,0.0,93.83,3.8,4.18,4.7,0.05,100.24
59,2026-04-21 02:00:00,4.61,2.51,0.0,0.0,93.73,3.2,3.55,3.8,0.05,100.2
59,2026-04-21 03:00:00,3.74,2.32,0.0,0.0,93.95,2.6,2.78,2.9,0.05,100.14
59,2026-04-21 04:00:00,4.07,1.67,0.0,0.0,96.0,1.2,1.48,2.0,0.03,100.04
59,2026-04-21 05:00:00,3.74,1.56,0.0,0.02,92.2,1.6,2.38,3.3,0.06,100.0
59,2026-04-21 06:00:00,7.2,2.56,0.0,0.02,95.4,3.4,3.63,4.0,0.04,100.0
59,2026-04-21 07:00:00,6.91,3.54,0.0,0.02,97.38,2.9,3.05,3.2,0.02,99.98
59,2026-04-21 08:00:00,6.08,3.12,51.4,0.02,98.45,1.8,2.03,2.4,0.01,99.95
59,2026-04-21 09:00:00,5.87,1.78,151.3,0.02,99.45,2.2,2.83,3.5,0.0,100.0
59,2026-04-21 10:00:00,6.01,2.34,212.7,0.0,99.98,4.4,4.78,5.2,0.0,100.03
59,2026-04-21 11:00:00,10.01,3.7,473.3,0.0,98.63,5.9,7.38,8.5,0.02,100.04
59,2026-04-21 12:00:00,13.54,4.37,528.5,0.0,88.03,9.2,10.53,11.8,0.16,100.05
59,2026-04-21 13:00:00,13.14,4.46,545.1,0.0,73.85,12.7,13.6,14.6,0.41,100.04
59,2026-04-21 14:00:00,10.26,4.04,538.7,0.0,63.18,15.2,16.08,17.0,0.68,99.99
59,2026-04-21 15:00:00,15.41,5.71,487.2,0.0,54.83,17.1,17.9,18.4,0.93,99.98
59,2026-04-21 16:00:00,13.68,6.24,387.1,0.0,51.53,18.7,18.93,19.2,1.06,100.0
59,2026-04-21 17:00:00,15.73,5.08,259.6,0.0,48.68,18.9,19.1,19.3,1.13,100.01
59,2026-04-21 18:00:00,11.56,3.91,120.3,0.0,51.68,16.5,17.9,18.9,1.0,100.04
59,2026-04-21 19:00:00,4.21,2.93,5.7,0.0,68.25,10.8,12.85,15.2,0.48,100.13
59,2026-04-21 20:00:00,5.58,3.16,0.0,0.0,78.85,9.0,9.6,10.0,0.25,100.16
59,2026-04-21 21:00:00,8.82,3.5,0.0,0.0,75.73,8.8,9.53,10.0,0.29,100.16
59,2026-04-21 22:00:00,6.55,2.18,0.0,0.0,81.25,7.3,7.85,8.8,0.2,100.18
59,2026-04-21 23:00:00,5.22,3.2,0.0,0.0,87.85,5.4,5.8,6.3,0.11,100.18
59,2026-04-22 00:00:00,8.21,4.14,0.0,0.0,84.83,7.0,7.28,7.4,0.16,100.21
59,2026-04-22 01:00:00,6.16,1.8,0.0,0.0,89.7,4.9,5.75,6.6,0.1,100.22
59,2026-04-22 02:00:00,4.68,2.88,0.0,0.0,92.08,3.5,3.83,4.1,0.06,100.24
59,2026-04-22 03:00:00,5.08,2.12,0.0,0.0,92.88,3.6,3.75,4.0,0.06,100.27
59,2026-04-22 04:00:00,3.64,2.11,0.0,0.0,92.73,3.8,4.05,4.3,0.06,100.27
59,2026-04-22 05:00:00,3.49,1.48,0.0,0.0,94.4,3.5,3.8,4.1,0.05,100.3
59,2026-04-22 06:00:00,3.85,2.33,0.0,0.0,94.78,2.7,3.03,3.2,0.04,100.33
59,2026-04-22 07:00:00,4.54,2.36,0.0,0.0,95.53,1.5,1.9,2.4,0.03,100.32
59,2026-04-22 08:00:00,6.12,2.52,70.7,0.0,93.63,1.5,2.0,3.0,0.04,100.33
59,2026-04-22 09:00:00,4.64,1.44,203.3,0.0,97.75,4.2,5.98,7.7,0.02,100.41
59,2026-04-22 10:00:00,13.82,5.42,342.3,0.0,95.3,8.6,9.7,10.6,0.06,100.47
59,2026-04-22 11:00:00,17.24,7.64,415.2,0.0,80.05,11.7,12.58,13.5,0.3,100.48
59,2026-04-22 12:00:00,21.1,8.76,527.9,0.0,65.15,14.3,15.58,16.9,0.62,100.43
59,2026-04-22 13:00:00,23.54,10.08,541.3,0.0,55.38,17.3,17.98,18.5,0.92,100.38
59,2026-04-22 14:00:00,20.09,9.36,533.8,0.0,52.93,19.1,19.58,20.1,1.07,100.3
59,2026-04-22 15:00:00,25.24,10.97,480.6,0.0,50.83,20.6,20.8,21.0,1.21,100.24
59,2026-04-22 16:00:00,22.43,10.62,382.7,0.0,51.55,21.0,21.08,21.2,1.21,100.22
59,2026-04-22 17:00:00,23.22,9.44,253.6,0.0,51.78,20.4,20.68,20.9,1.18,100.2
59,2026-04-22 18:00:00,23.18,7.87,115.5,0.0,54.7,18.6,19.55,20.2,1.03,100.2
59,2026-04-22 19:00:00,8.21,3.96,9.7,0.0,63.95,14.8,15.8,17.1,0.65,100.23
59,2026-04-22 20:00:00,7.67,3.85,0.0,0.0,70.8,13.0,13.73,14.4,0.46,100.26
59,2026-04-22 21:00:00,6.44,3.56,0.0,0.0,78.68,11.3,11.85,12.4,0.3,100.26
59,2026-04-22 22:00:00,8.03,3.47,0.0,0.0,81.93,10.8,11.15,11.4,0.24,100.26
59,2026-04-22 23:00:00,5.98,2.59,0.0,0.0,87.3,9.1,9.48,9.8,0.15,100.25
59,2026-04-23 00:00:00,5.94,2.83,0.0,0.0,90.35,8.2,8.4,8.7,0.11,100.22
59,2026-04-23 01:00:00,6.01,2.93,0.0,0.0,93.45,6.8,7.83,8.3,0.07,100.17
59,2026-04-23 02:00:00,4.9,2.67,0.0,0.0,92.93,5.3,5.88,6.5,0.07,100.14
59,2026-04-23 03:00:00,5.44,2.83,0.0,0.0,91.65,6.6,6.95,7.8,0.08,100.12
59,2026-04-23 04:00:00,17.86,5.9,0.0,0.0,94.73,8.6,8.98,9.2,0.06,100.11
59,2026-04-23 05:00:00,15.52,6.19,0.0,0.0,97.88,8.4,8.7,9.1,0.03,100.1
59,2026-04-23 06:00:00,11.48,6.43,0.0,0.0,97.1,8.0,8.15,8.3,0.03,100.11
59,2026-04-23 07:00:00,12.17,5.44,0.0,0.0,96.5,8.0,8.0,8.0,0.04,100.13
59,2026-04-23 08:00:00,10.87,4.65,9.1,0.0,96.45,7.6,7.75,7.9,0.04,100.16
59,2026-04-23 09:00:00,11.84,5.47,38.4,0.0,96.2,7.6,7.63,7.7,0.04,100.21
59,2026-04-23 10:00:00,13.79,5.84,100.9,0.0,96.13,7.6,7.68,7.7,0.04,100.23
59,2026-04-23 11:00:00,16.06,6.39,473.1,0.0,92.45,8.0,8.7,9.6,0.09,100.24
59,2026-04-23 12:00:00,14.33,6.38,513.4,0.0,83.35,10.1,11.0,11.8,0.22,100.24
59,2026-04-23 13:00:00,17.53,7.37,529.5,0.0,70.9,12.4,13.43,14.6,0.45,100.19
59,2026-04-23 14:00:00,26.17,8.26,515.3,0.0,60.38,15.3,16.08,16.9,0.73,100.11
59,2026-04-23 15:00:00,21.56,8.9,472.7,0.0,56.93,17.5,17.93,18.3,0.89,100.05
59,2026-04-23 16:00:00,17.64,8.43,375.5,0.0,55.43,18.5,18.8,19.2,0.97,100.02
59,2026-04-23 17:00:00,17.57,7.87,246.7,0.0,53.35,18.7,18.95,19.1,1.02,100.02
59,2026-04-23 18:00:00,16.16,6.56,112.2,0.0,54.88,16.6,17.78,18.6,0.92,100.04
59,2026-04-23 19:00:00,5.83,3.2,7.9,0.0,64.6,12.2,13.75,15.3,0.56,100.09
59,2026-04-23 20:00:00,4.18,2.45,0.0,0.0,75.83,9.3,10.18,11.2,0.3,100.11
59,2026-04-23 21:00:00,5.36,3.01,0.0,0.0,80.9,8.1,8.68,9.1,0.21,100.12
59,2026-04-23 22:00:00,5.0,3.56,0.0,0.0,83.23,7.4,7.78,8.3,0.18,100.12
59,2026-04-23 23:00:00,6.91,2.51,0.0,0.0,83.5,7.7,8.03,8.4,0.18,100.15
59,2026-04-24 00:00:00,4.64,2.15,0.0,0.0,89.73,4.5,5.13,6.0,0.09,100.15
59,2026-04-24 01:00:00,5.11,2.76,0.0,0.0,90.93,3.4,4.35,5.9,0.08,100.15
59,2026-04-24 02:00:00,3.67,2.49,0.0,0.0,91.53,2.5,2.8,3.1,0.06,100.15
59,2026-04-24 03:00:00,4.14,2.36,0.0,0.0,94.2,1.7,1.95,2.3,0.04,100.15
59,2026-04-24 04:00:00,4.39,2.64,0.0,0.0,93.65,1.0,1.23,1.4,0.04,100.14
59,2026-04-24 05:00:00,5.0,2.92,0.0,0.0,93.28,0.6,0.8,1.0,0.04,100.13
59,2026-04-24 06:00:00,4.43,2.6,0.0,0.0,93.8,0.4,0.55,0.6,0.04,100.16
59,2026-04-24 07:00:00,3.49,1.66,0.0,0.0,95.1,-0.5,-0.3,0.0,0.03,100.18
59,2026-04-24 08:00:00,5.22,2.44,86.3,0.0,93.73,-0.4,0.08,0.8,0.04,100.23
59,2026-04-24 09:00:00,4.03,1.61,162.7,0.0,96.53,1.8,3.23,4.8,0.03,100.33
59,2026-04-24 10:00:00,14.26,3.5,294.4,0.0,97.55,5.9,7.75,9.5,0.03,100.4
59,2026-04-24 11:00:00,14.65,7.27,428.5,0.0,84.7,10.2,11.28,12.4,0.21,100.41
59,2026-04-24 12:00:00,25.27,9.97,488.9,0.0,67.73,13.2,14.15,15.0,0.52,100.42
59,2026-04-24 13:00:00,26.42,11.5,525.4,0.0,61.25,15.5,15.9,16.3,0.7,100.4
59,2026-04-24 14:00:00,26.14,10.36,493.2,0.0,61.3,16.3,16.73,17.4,0.74,100.32
59,2026-04-24 15:00:00,25.6,9.61,447.2,0.0,60.4,17.3,17.5,17.7,0.79,100.27
59,2026-04-24 16:00:00,19.48,8.1,368.5,0.0,58.9,17.8,18.28,18.8,0.86,100.23
59,2026-04-24 17:00:00,19.08,7.72,236.5,0.0,58.38,18.6,18.7,18.8,0.9,100.26
59,2026-04-24 18:00:00,17.03,6.21,99.8,0.0,60.2,16.4,17.35,18.4,0.79,100.28
59,2026-04-24 19:00:00,6.62,3.13,6.5,0.0,69.0,12.2,13.93,15.3,0.5,100.26
59,2026-04-24 20:00:00,9.5,3.47,0.0,0.0,75.33,11.2,11.85,12.3,0.35,100.25
59,2026-04-24 21:00:00,4.97,2.89,0.0,0.0,81.8,9.7,9.95,10.4,0.22,100.28
59,2026-04-24 22:00:00,4.1,2.1,0.0,0.0,87.23,7.2,8.43,9.2,0.15,100.31
59,2026-04-24 23:00:00,6.05,3.22,0.0,0.0,87.13,6.7,7.63,8.6,0.14,100.31
59,2026-04-25 00:00:00,9.11,3.71,0.0,0.0,88.1,9.0,9.38,9.6,0.14,100.3
59,2026-04-25 01:00:00,5.15,1.8,0.0,0.0,92.83,6.7,7.88,8.8,0.08,100.3
59,2026-04-25 02:00:00,9.0,3.48,0.0,0.0,91.4,6.1,6.83,7.9,0.09,100.3
59,2026-04-25 03:00:00,15.08,3.23,0.0,0.0,93.95,6.9,7.25,7.7,0.06,100.28
59,2026-04-25 04:00:00,14.0,5.81,0.0,0.0,93.35,8.6,9.03,9.3,0.08,100.27
59,2026-04-25 05:00:00,12.85,5.96,0.0,0.0,96.7,8.9,9.05,9.2,0.04,100.25
59,2026-04-25 06:00:00,12.74,6.18,0.0,0.0,97.03,8.2,8.45,8.7,0.04,100.24
59,2026-04-25 07:00:00,14.98,6.54,0.0,0.0,95.7,8.3,8.43,8.5,0.05,100.26
59,2026-04-25 08:00:00,12.53,5.2,9.5,0.0,95.75,7.9,8.1,8.3,0.05,100.27
59,2026-04-25 09:00:00,14.4,6.72,47.2,0.0,94.5,7.7,7.78,7.9,0.06,100.31
59,2026-04-25 10:00:00,19.15,7.51,95.4,0.0,94.1,7.6,7.65,7.7,0.07,100.37
59,2026-04-25 11:00:00,16.16,7.51,403.6,0.0,89.68,7.9,9.08,10.0,0.12,100.37
59,2026-04-25 12:00:00,17.71,7.58,497.3,0.0,81.23,10.8,11.5,12.2,0.26,100.38
59,2026-04-25 13:00:00,15.88,6.97,513.7,0.0,71.1,13.1,14.03,14.9,0.47,100.34
59,2026-04-25 14:00:00,24.16,8.44,507.3,0.0,63.05,15.7,16.0,16.5,0.67,100.28
59,2026-04-25 15:00:00,23.08,9.1,455.0,0.0,60.2,16.8,17.0,17.5,0.77,100.25
59,2026-04-25 16:00:00,20.92,9.6,359.1,0.0,59.28,17.3,17.4,17.6,0.81,100.22
59,2026-04-25 17:00:00,25.16,9.8,235.1,0.0,57.28,17.1,17.35,17.6,0.85,100.23
59,2026-04-25 18:00:00,17.57,7.4,103.1,0.0,57.68,15.2,16.28,17.0,0.78,100.25
59,2026-04-25 19:00:00,7.16,2.85,6.0,0.0,64.28,11.2,12.48,13.8,0.52,100.28
59,2026-04-25 20:00:00,12.42,4.46,0.0,0.0,67.05,10.1,10.4,10.7,0.42,100.33
59,2026-04-25 21:00:00,8.42,3.85,0.0,0.0,69.2,8.5,9.58,10.4,0.37,100.39
59,2026-04-25 22:00:00,5.04,2.19,0.0,0.0,80.08,5.5,6.2,7.0,0.19,100.39
59,2026-04-25 23:00:00,6.12,3.35,0.0,0.0,81.33,5.1,5.85,6.6,0.17,100.41
59,2026-04-26 00:00:00,6.62,3.35,0.0,0.0,82.93,5.2,5.48,6.1,0.15,100.43
59,2026-04-26 01:00:00,4.57,2.69,0.0,0.0,85.98,4.4,4.83,5.3,0.12,100.41
59,2026-04-26 02:00:00,7.88,3.91,0.0,0.0,88.05,3.2,3.95,4.6,0.1,100.37
59,2026-04-26 03:00:00,9.18,3.71,0.0,0.0,89.53,3.8,4.48,5.1,0.09,100.34
59,2026-04-26 04:00:00,4.28,2.62,0.0,0.0,91.18,2.4,2.9,3.4,0.07,100.29
59,2026-04-26 05:00:00,3.96,1.96,0.0,0.0,93.3,0.8,1.33,2.2,0.05,100.27
59,2026-04-26 06:00:00,5.36,2.45,0.0,0.0,91.68,0.3,0.63,1.2,0.06,100.25
59,2026-04-26 07:00:00,7.92,3.81,0.0,0.0,90.58,2.0,2.3,2.4,0.07,100.25
59,2026-04-26 08:00:00,4.68,1.07,60.9,0.0,94.68,1.1,1.58,1.9,0.04,100.25
59,2026-04-26 09:00:00,10.33,4.14,152.5,0.0,94.23,3.4,4.83,6.1,0.05,100.3
59,2026-04-26 10:00:00,25.92,8.91,330.3,0.0,87.25,7.1,8.9,10.8,0.15,100.37
59,2026-04-26 11:00:00,32.8,13.61,439.3,0.0,75.13,11.8,12.6,13.4,0.36,100.36
59,2026-04-26 12:00:00,33.73,14.55,505.1,0.0,64.5,13.5,14.48,15.4,0.59,100.32
59,2026-04-26 13:00:00,31.64,14.49,520.9,0.0,56.73,15.8,16.28,16.6,0.8,100.25
59,2026-04-26 14:00:00,26.68,12.06,512.9,0.0,54.8,17.0,17.33,17.6,0.89,100.19
59,2026-04-26 15:00:00,30.46,12.67,461.6,0.0,52.95,17.6,17.8,18.0,0.96,100.12
59,2026-04-26 16:00:00,28.87,12.45,367.5,0.0,49.73,17.6,17.8,17.9,1.03,100.1
59,2026-04-26 17:00:00,24.41,10.69,241.1,0.0,49.93,17.0,17.35,17.6,1.0,100.06
59,2026-04-26 18:00:00,22.79,9.15,105.2,0.0,53.3,15.1,16.1,16.8,0.86,100.06
59,2026-04-26 19:00:00,18.47,7.89,5.1,0.0,58.2,12.6,13.23,14.0,0.64,100.11
59,2026-04-26 20:00:00,17.32,7.46,0.0,0.0,60.3,11.2,11.7,12.3,0.55,100.17
59,2026-04-26 21:00:00,13.5,5.99,0.0,0.0,64.7,9.4,10.15,10.8,0.44,100.14
59,2026-04-26 22:00:00,20.02,8.44,0.0,0.0,67.23,9.3,9.45,9.6,0.39,100.16
59,2026-04-26 23:00:00,18.86,6.42,0.0,0.0,70.78,7.6,8.48,9.3,0.32,100.18
59,2026-04-27 00:00:00,12.24,5.7,0.0,0.0,75.45,6.4,6.85,7.1,0.25,100.14
59,2026-04-27 01:00:00,11.95,6.35,0.0,0.0,79.08,5.8,5.9,6.1,0.2,100.12
59,2026-04-27 02:00:00,9.54,5.01,0.0,0.0,81.9,5.1,5.45,5.8,0.16,100.11
59,2026-04-27 03:00:00,10.69,5.56,0.0,0.0,84.38,4.4,4.83,5.1,0.14,100.08
59,2026-04-27 04:00:00,10.73,5.05,0.0,0.0,86.23,4.1,4.18,4.2,0.11,100.05
59,2026-04-27 05:00:00,6.95,3.27,0.0,0.0,88.05,3.2,3.5,3.9,0.09,100.0
59,2026-04-27 06:00:00,4.25,1.88,0.0,0.0,91.1,1.0,1.78,2.4,0.06,99.98
59,2026-04-27 07:00:00,6.77,2.35,0.0,0.0,89.63,0.6,1.2,1.9,0.07,99.99
59,2026-04-27 08:00:00,6.98,2.86,49.3,0.0,91.0,1.8,2.2,3.2,0.07,99.99
59,2026-04-27 09:00:00,14.04,5.27,176.9,0.0,93.03,4.0,4.68,5.6,0.06,100.06
59,2026-04-27 10:00:00,17.42,8.06,286.4,0.0,86.88,6.1,6.95,7.7,0.13,100.11
59,2026-04-27 11:00:00,17.03,7.09,422.7,0.0,80.13,8.1,8.78,9.1,0.23,100.14
59,2026-04-27 12:00:00,13.18,6.1,246.5,0.0,76.63,9.1,9.33,9.5,0.28,100.14
59,2026-04-27 13:00:00,12.1,4.34,190.2,0.0,75.55,9.4,9.53,9.6,0.29,100.1
59,2026-04-27 14:00:00,9.14,4.29,157.0,0.0,75.88,9.6,9.78,10.0,0.29,100.06
59,2026-04-27 15:00:00,10.3,4.97,183.0,0.0,73.1,10.3,10.63,11.0,0.34,100.03
59,2026-04-27 16:00:00,8.96,4.01,125.7,0.0,71.25,11.2,11.2,11.2,0.38,100.01
59,2026-04-27 17:00:00,6.98,3.17,62.2,0.0,71.43,11.1,11.18,11.2,0.38,100.03
59,2026-04-27 18:00:00,3.6,1.69,24.2,0.0,75.78,10.6,10.83,11.0,0.31,100.04
59,2026-04-27 19:00:00,4.25,2.55,0.0,0.41,84.9,9.7,9.98,10.2,0.19,100.08
59,2026-04-27 20:00:00,4.57,1.83,0.0,2.1,90.7,9.3,9.38,9.5,0.11,100.17
59,2026-04-27 21:00:00,3.28,1.48,0.0,5.08,93.7,8.9,9.05,9.2,0.08,100.17
59,2026-04-27 22:00:00,5.87,2.33,0.0,1.9,95.1,8.6,8.8,8.9,0.06,100.18
59,2026-04-27 23:00:00,5.9,2.39,0.0,0.29,94.73,8.4,8.43,8.5,0.06,100.2
59,2026-04-28 00:00:00,4.36,2.04,0.0,1.02,95.18,8.5,8.58,8.6,0.06,100.19
59,2026-04-28 01:00:00,9.72,2.04,0.0,0.33,95.45,8.6,8.68,8.8,0.05,100.11
59,2026-04-28 02:00:00,7.42,2.51,0.0,0.05,95.98,8.9,8.95,9.0,0.05,100.08
59,2026-04-28 03:00:00,6.84,3.19,0.0,0.02,96.5,8.8,8.9,9.0,0.04,100.05
59,2026-04-28 04:00:00,6.41,2.51,0.0,0.0,96.85,8.4,8.48,8.6,0.04,99.97
59,2026-04-28 05:00:00,4.61,1.81,0.0,0.0,96.75,8.4,8.45,8.5,0.04,99.94
59,2026-04-28 06:00:00,4.25,1.79,0.0,0.02,97.58,8.1,8.2,8.4,0.03,99.95
59,2026-04-28 07:00:00,5.08,2.29,0.0,0.0,97.23,8.0,8.05,8.1,0.03,99.95
59,2026-04-28 08:00:00,5.62,2.37,19.1,0.0,97.55,7.7,7.9,8.1,0.03,99.96
59,2026-04-28 09:00:00,4.39,1.78,55.5,0.02,98.48,7.8,8.13,8.3,0.02,99.99
59,2026-04-28 10:00:00,7.45,1.83,116.5,0.0,99.85,8.3,8.43,8.6,0.0,100.0
59,2026-04-28 11:00:00,5.54,2.17,140.9,0.0,99.7,8.7,9.18,9.6,0.0,99.99
59,2026-04-28 12:00:00,6.52,2.83,203.6,0.0,99.55,9.8,10.1,10.4,0.01,99.99
59,2026-04-28 13:00:00,8.93,2.69,226.4,0.0,98.8,10.6,10.95,11.4,0.02,99.94
59,2026-04-28 14:00:00,10.44,3.09,323.3,0.0,94.55,11.8,12.6,13.7,0.08,99.9
59,2026-04-28 15:00:00,13.97,4.93,412.0,0.0,89.43,13.9,14.63,15.1,0.18,99.82
59,2026-04-28 16:00:00,8.32,2.69,175.9,0.0,86.65,15.0,15.05,15.1,0.23,99.82
59,2026-04-28 17:00:00,10.19,3.38,55.4,0.0,86.58,14.7,14.88,15.0,0.23,99.82
59,2026-04-28 18:00:00,11.34,3.89,48.3,0.0,88.48,14.5,14.58,14.6,0.19,99.79
59,2026-04-28 19:00:00,4.64,1.42,2.8,0.0,90.58,13.9,14.08,14.4,0.16,99.8
59,2026-04-28 20:00:00,4.1,1.86,0.0,0.0,93.0,13.3,13.45,13.7,0.11,99.79
59,2026-04-28 21:00:00,8.6,3.39,0.0,0.0,93.55,13.3,13.45,13.7,0.1,99.81
59,2026-04-28 22:00:00,8.39,3.83,0.0,0.36,93.68,13.7,13.75,13.8,0.1,99.81
59,2026-04-28 23:00:00,7.06,2.65,0.0,1.86,94.65,13.6,13.68,13.8,0.09,99.85
59,2026-04-29 00:00:00,5.9,2.34,0.0,0.9,95.63,13.6,13.68,13.7,0.07,99.88
59,2026-04-29 01:00:00,9.97,3.89,0.0,0.95,96.65,13.6,13.63,13.7,0.05,99.86
59,2026-04-29 02:00:00,10.08,4.33,0.0,0.69,96.78,13.5,13.55,13.6,0.05,99.85
59,2026-04-29 03:00:00,8.32,3.28,0.0,0.36,96.63,13.6,13.6,13.6,0.05,99.82
59,2026-04-29 04:00:00,5.18,2.14,0.0,0.02,97.0,13.5,13.6,13.7,0.05,99.79
59,2026-04-29 05:00:00,4.07,2.39,0.0,0.02,97.9,12.0,12.65,13.2,0.03,99.75
59,2026-04-29 06:00:00,3.92,2.19,0.0,0.02,97.73,10.4,11.0,11.7,0.03,99.72
59,2026-04-29 07:00:00,4.75,2.0,0.0,0.06,96.43,10.4,10.83,11.5,0.05,99.71
59,2026-04-29 08:00:00,6.3,2.27,12.0,0.02,96.88,11.8,12.1,12.4,0.04,99.72
59,2026-04-29 09:00:00,14.69,5.36,67.1,0.02,97.73,12.7,13.13,13.5,0.04,99.79
59,2026-04-29 10:00:00,16.96,7.32,109.5,0.0,99.3,13.6,13.9,14.3,0.02,99.8
59,2026-04-29 11:00:00,15.41,6.87,201.7,0.0,96.8,14.7,14.95,15.3,0.06,99.78
59,2026-04-29 12:00:00,20.7,8.36,160.4,0.0,96.4,15.0,15.05,15.1,0.06,99.74
59,2026-04-29 13:00:00,18.14,8.43,161.2,0.0,93.13,15.1,15.23,15.3,0.12,99.69
59,2026-04-29 14:00:00,20.23,9.03,173.5,0.0,91.6,15.2,15.35,15.6,0.15,99.62
59,2026-04-29 15:00:00,21.06,7.47,275.9,0.0,88.03,15.9,16.4,17.2,0.23,99.55
59,2026-04-29 16:00:00,15.26,6.37,307.7,0.0,81.1,17.8,18.68,19.4,0.41,99.47
59,2026-04-29 17:00:00,12.67,5.24,223.3,0.0,76.73,19.8,19.83,19.9,0.54,99.42
59,2026-04-29 18:00:00,8.68,3.05,93.3,0.0,76.38,18.6,19.45,20.1,0.54,99.4
59,2026-04-29 19:00:00,4.72,1.51,3.2,0.0,87.73,13.7,15.25,17.2,0.22,99.39
59,2026-04-29 20:00:00,5.54,2.21,0.0,0.0,91.43,13.4,13.83,14.0,0.14,99.41
59,2026-04-29 21:00:00,4.5,1.99,0.0,0.0,92.65,11.8,12.58,13.2,0.11,99.4
59,2026-04-29 22:00:00,8.78,3.34,0.0,0.0,92.45,11.9,12.05,12.1,0.11,99.38
59,2026-04-29 23:00:00,13.36,4.29,0.0,0.0,93.38,11.3,11.75,12.0,0.09,99.36
59,2026-04-30 00:00:00,6.98,3.63,0.0,0.0,94.33,10.2,10.5,10.8,0.07,99.31
59,2026-04-30 01:00:00,6.95,3.39,0.0,0.0,94.83,9.4,9.65,10.0,0.06,99.28
59,2026-04-30 02:00:00,13.39,5.52,0.0,0.0,94.4,9.2,9.9,10.5,0.07,99.26
59,2026-04-30 03:00:00,16.2,6.62,0.0,0.02,96.25,10.7,10.75,10.8,0.05,99.25
59,2026-04-30 04:00:00,11.77,4.44,0.0,0.06,97.4,10.4,10.43,10.5,0.03,99.22
59,2026-04-30 05:00:00,8.39,3.48,0.0,0.1,97.88,10.0,10.2,10.3,0.03,99.19
59,2026-04-30 06:00:00,13.86,5.65,0.0,0.04,98.7,9.1,9.5,9.9,0.02,99.23
59,2026-04-30 07:00:00,9.4,3.72,0.0,0.0,97.7,8.8,8.88,9.0,0.03,99.23
59,2026-04-30 08:00:00,6.95,2.65,15.7,0.0,97.98,8.6,8.7,8.8,0.02,99.25
59,2026-04-30 09:00:00,13.07,2.47,59.6,0.02,99.2,8.8,8.85,8.9,0.01,99.28
59,2026-04-30 10:00:00,10.73,4.52,192.9,0.0,97.4,8.9,9.18,9.7,0.03,99.3
59,2026-04-30 11:00:00,14.58,5.44,433.1,0.0,92.9,10.4,11.1,11.9,0.1,99.33
59,2026-04-30 12:00:00,16.27,5.81,492.2,0.0,92.53,11.8,11.9,12.2,0.11,99.36
59,2026-04-30 13:00:00,13.61,5.74,541.3,0.0,88.4,12.7,13.23,13.6,0.18,99.37
59,2026-04-30 14:00:00,11.05,4.72,491.1,0.0,80.1,14.2,14.75,15.6,0.34,99.37
59,2026-04-30 15:00:00,12.56,4.74,453.3,0.0,76.23,15.6,16.18,16.7,0.44,99.35
59,2026-04-30 16:00:00,14.47,5.08,293.5,0.0,74.95,16.8,16.9,17.0,0.48,99.36
59,2026-04-30 17:00:00,14.65,4.98,194.6,0.0,73.35,16.8,17.03,17.2,0.52,99.35
59,2026-04-30 18:00:00,7.7,2.78,59.2,0.0,76.38,15.4,15.95,16.4,0.43,99.36
59,2026-04-30 19:00:00,6.34,2.93,3.6,0.0,84.78,13.1,14.03,14.7,0.24,99.4
59,2026-04-30 20:00:00,7.81,3.83,0.0,0.0,88.48,12.1,12.58,13.0,0.17,99.46
59,2026-04-30 21:00:00,4.39,2.3,0.0,0.0,91.65,11.0,11.35,11.6,0.11,99.52
59,2026-04-30 22:00:00,6.12,2.08,0.0,0.0,93.05,10.2,10.38,10.6,0.09,99.6
59,2026-04-30 23:00:00,3.85,2.13,0.0,0.0,94.88,9.6,10.1,10.5,0.06,99.66
59,2026-05-01 00:00:00,3.85,1.87,0.0,0.0,95.28,8.8,9.0,9.1,0.05,99.7
59,2026-05-01 01:00:00,5.69,2.14,0.0,0.0,94.55,9.3,9.48,9.7,0.07,99.75
59,2026-05-01 02:00:00,5.11,1.97,0.0,0.0,96.6,7.3,7.8,8.5,0.04,99.77
59,2026-05-01 03:00:00,2.48,1.25,0.0,0.0,93.98,7.8,8.33,8.8,0.07,99.81
59,2026-05-01 04:00:00,3.74,1.39,0.0,0.0,96.65,9.1,9.23,9.3,0.04,99.86
59,2026-05-01 05:00:00,5.51,2.17,0.0,0.0,96.08,9.3,9.4,9.5,0.05,99.91
59,2026-05-01 06:00:00,3.56,1.61,0.0,0.0,95.83,9.4,9.4,9.4,0.05,99.96
59,2026-05-01 07:00:00,2.3,0.91,0.0,0.0,95.68,9.0,9.08,9.2,0.05,99.98
59,2026-05-01 08:00:00,4.75,2.1,5.9,0.0,95.38,8.8,8.8,8.8,0.05,100.02
59,2026-05-01 09:00:00,6.62,2.43,38.1,0.0,95.6,8.9,9.03,9.1,0.05,100.1
59,2026-05-01 10:00:00,6.73,3.06,96.4,0.0,95.45,9.2,9.5,9.8,0.05,100.18
59,2026-05-01 11:00:00,11.12,4.93,215.7,0.0,94.3,10.2,10.7,11.2,0.08,100.24
59,2026-05-01 12:00:00,16.45,6.98,272.1,0.0,88.9,11.8,12.58,13.3,0.16,100.27
59,2026-05-01 13:00:00,17.96,7.16,393.5,0.0,81.45,13.7,14.0,14.5,0.3,100.24
59,2026-05-01 14:00:00,17.64,7.23,401.9,0.0,76.88,14.8,15.15,15.4,0.4,100.21
59,2026-05-01 15:00:00,15.95,6.87,412.1,0.0,69.33,16.1,16.85,17.2,0.59,100.19
59,2026-05-01 16:00:00,18.11,6.44,330.9,0.0,65.58,17.5,17.85,18.1,0.71,100.18
59,2026-05-01 17:00:00,14.0,6.79,212.2,0.0,60.78,17.9,18.05,18.2,0.81,100.2
59,2026-05-01 18:00:00,12.85,5.32,86.5,0.0,63.38,15.8,16.95,17.9,0.71,100.22
59,2026-05-01 19:00:00,7.99,4.55,2.4,0.0,72.45,12.9,13.75,14.7,0.43,100.25
59,2026-05-01 20:00:00,7.27,4.18,0.0,0.0,78.75,11.1,11.9,12.6,0.3,100.26
59,2026-05-01 21:00:00,6.52,3.45,0.0,0.0,83.05,10.1,10.4,10.6,0.22,100.27
59,2026-05-01 22:00:00,6.48,2.56,0.0,0.0,86.5,8.5,9.15,9.6,0.16,100.26
59,2026-05-01 23:00:00,5.11,3.0,0.0,0.0,88.9,7.4,8.1,8.5,0.12,100.25
59,2026-05-02 00:00:00,3.96,2.56,0.0,0.0,90.23,6.8,7.18,7.4,0.1,100.23
59,2026-05-02 01:00:00,3.82,1.75,0.0,0.0,92.98,4.9,5.58,6.4,0.07,100.17
59,2026-05-02 02:00:00,5.29,2.68,0.0,0.0,91.85,5.4,5.48,5.7,0.08,100.09
59,2026-05-02 03:00:00,6.12,3.16,0.0,0.0,93.08,5.0,5.13,5.2,0.06,100.06
59,2026-05-02 04:00:00,5.33,2.96,0.0,0.0,94.38,4.0,4.48,4.8,0.05,100.01
59,2026-05-02 05:00:00,5.36,2.22,0.0,0.0,94.38,3.2,3.55,3.9,0.05,99.94
59,2026-05-02 06:00:00,4.03,2.2,0.0,0.0,95.1,1.8,2.43,3.2,0.04,99.88
59,2026-05-02 07:00:00,3.82,2.14,0.0,0.0,94.55,1.0,1.35,1.6,0.04,99.86
59,2026-05-02 08:00:00,15.48,4.6,12.3,0.02,91.48,1.8,2.65,3.8,0.06,99.87
59,2026-05-02 09:00:00,11.66,5.05,140.1,0.02,97.88,4.0,4.2,4.5,0.02,99.91
59,2026-05-02 10:00:00,15.59,6.8,325.9,0.0,99.63,5.0,5.68,6.3,0.01,99.93
59,2026-05-02 11:00:00,12.46,5.42,417.9,0.0,95.15,6.5,7.35,8.3,0.05,99.91
59,2026-05-02 12:00:00,12.6,5.02,478.3,0.0,81.63,8.9,9.88,10.8,0.23,99.86
59,2026-05-02 13:00:00,11.3,4.51,489.1,0.0,70.88,11.4,12.3,13.2,0.42,99.78
59,2026-05-02 14:00:00,12.17,4.18,474.1,0.0,63.63,13.7,14.58,15.3,0.61,99.69
59,2026-05-02 15:00:00,11.05,4.34,428.8,0.0,59.28,15.6,16.25,16.8,0.75,99.64
59,2026-05-02 16:00:00,12.28,4.59,335.5,0.0,57.65,17.1,17.38,17.7,0.84,99.63
59,2026-05-02 17:00:00,9.4,3.76,214.8,0.0,56.63,17.8,17.88,17.9,0.89,99.63
59,2026-05-02 18:00:00,4.86,2.09,88.0,0.0,58.08,15.6,17.2,18.2,0.83,99.62
59,2026-05-02 19:00:00,5.22,3.48,1.7,0.0,78.98,9.0,11.08,13.1,0.29,99.68
59,2026-05-02 20:00:00,12.35,4.5,0.0,0.0,83.85,8.4,9.1,9.8,0.19,99.73
59,2026-05-02 21:00:00,5.58,1.84,0.0,0.0,87.05,6.6,7.6,8.9,0.14,99.75
59,2026-05-02 22:00:00,5.33,2.3,0.0,0.0,90.1,5.7,5.93,6.3,0.1,99.74
59,2026-05-02 23:00:00,5.36,3.15,0.0,0.0,91.68,4.7,5.18,5.4,0.07,99.73
59,2026-05-03 00:00:00,6.16,3.54,0.0,0.0,93.83,4.2,4.58,5.2,0.05,99.71
59,2026-05-03 01:00:00,7.06,3.26,0.0,0.0,92.75,4.4,5.05,5.8,0.07,99.69
59,2026-05-03 02:00:00,4.93,2.45,0.0,0.0,96.18,3.1,3.43,4.0,0.03,99.7
59,2026-05-03 03:00:00,4.5,2.7,0.0,0.0,94.2,3.4,3.58,3.8,0.05,99.7
59,2026-05-03 04:00:00,3.17,1.67,0.0,0.0,94.08,2.6,2.9,3.2,0.05,99.67
59,2026-05-03 05:00:00,4.72,2.32,0.0,0.0,94.45,1.4,2.0,2.6,0.04,99.63
59,2026-05-03 06:00:00,5.33,3.0,0.0,0.02,94.1,1.8,2.28,2.5,0.04,99.59
59,2026-05-03 07:00:00,5.87,3.06,0.0,0.02,95.45,1.5,1.78,2.1,0.03,99.61
59,2026-05-03 08:00:00,5.04,2.93,73.5,0.02,94.48,1.5,1.88,2.9,0.04,99.66
59,2026-05-03 09:00:00,5.04,1.88,146.2,0.02,97.85,4.4,5.6,7.0,0.02,99.76
59,2026-05-03 10:00:00,6.7,3.0,216.5,0.0,99.73,7.0,7.5,8.3,0.01,99.82
59,2026-05-03 11:00:00,7.34,2.78,282.4,0.0,94.7,9.2,10.2,10.9,0.07,99.85
59,2026-05-03 12:00:00,8.21,2.99,272.9,0.0,83.73,11.6,12.05,12.5,0.23,99.83
59,2026-05-03 13:00:00,5.94,2.3,175.3,0.0,78.83,12.8,13.18,13.6,0.32,99.82
59,2026-05-03 14:00:00,8.39,3.48,178.7,0.0,76.4,13.8,14.18,14.5,0.38,99.8
59,2026-05-03 15:00:00,9.68,4.21,287.2,0.0,73.6,14.8,15.3,16.0,0.46,99.76
59,2026-05-03 16:00:00,9.5,3.98,167.8,0.0,66.45,16.6,16.75,16.9,0.64,99.75
59,2026-05-03 17:00:00,7.88,3.3,106.1,0.0,64.98,16.6,16.85,17.1,0.67,99.75
59,2026-05-03 18:00:00,3.89,1.44,42.2,0.0,70.85,15.2,16.1,16.6,0.54,99.78
59,2026-05-03 19:00:00,3.71,1.8,1.1,0.0,81.05,13.1,13.73,14.7,0.3,99.78
59,2026-05-03 20:00:00,6.3,2.71,0.0,0.0,86.18,12.2,12.43,12.6,0.2,99.79
59,2026-05-03 21:00:00,4.79,2.59,0.0,0.0,87.25,12.2,12.45,12.6,0.18,99.81
59,2026-05-03 22:00:00,5.8,1.77,0.0,0.0,86.48,12.4,12.68,12.9,0.2,99.82
59,2026-05-03 23:00:00,7.6,3.86,0.0,0.0,88.95,12.1,12.2,12.4,0.16,99.84
59,2026-05-04 00:00:00,18.86,4.42,0.0,0.0,86.55,12.6,12.9,13.2,0.2,99.8
59,2026-05-04 01:00:00,4.1,1.95,0.0,0.0,90.38,11.6,11.98,12.5,0.14,99.74
59,2026-05-04 02:00:00,4.82,2.69,0.0,0.0,92.18,11.4,11.58,11.7,0.11,99.73
59,2026-05-04 03:00:00,5.36,2.55,0.0,0.0,94.08,11.2,11.33,11.4,0.08,99.67
59,2026-05-04 04:00:00,2.52,1.17,0.0,0.0,95.2,10.6,10.8,11.1,0.06,99.62
59,2026-05-04 05:00:00,4.93,2.54,0.0,0.0,94.98,10.0,10.2,10.4,0.06,99.59
59,2026-05-04 06:00:00,4.82,1.69,0.0,0.0,91.58,8.9,9.28,9.6,0.1,99.57
59,2026-05-04 07:00:00,4.54,2.43,0.0,0.0,93.18,7.2,7.75,8.5,0.07,99.61
59,2026-05-04 08:00:00,5.54,1.94,16.3,0.0,93.98,7.1,7.23,7.3,0.06,99.61
59,2026-05-04 09:00:00,9.36,2.72,69.8,0.0,94.05,7.4,8.23,9.1,0.06,99.66
59,2026-05-04 10:00:00,6.52,3.04,107.5,0.0,91.03,9.9,10.7,11.3,0.12,99.7
59,2026-05-04 11:00:00,5.8,1.95,102.7,0.0,85.93,11.5,12.03,12.6,0.2,99.74
59,2026-05-04 12:00:00,6.48,2.8,130.1,0.0,82.18,13.0,13.43,13.7,0.28,99.77
59,2026-05-04 13:00:00,6.41,2.17,219.1,0.0,79.43,13.8,14.4,15.0,0.34,99.73
59,2026-05-04 14:00:00,8.6,3.3,323.4,0.0,76.5,15.4,16.0,16.4,0.43,99.67
59,2026-05-04 15:00:00,8.78,2.0,191.7,0.48,71.1,17.2,18.73,19.8,0.63,99.59
59,2026-05-04 16:00:00,4.9,1.65,0.0,0.0,71.9,17.6,17.65,17.7,0.57,99.5
59,2026-05-04 17:00:00,5.8,1.43,3.3,0.0,70.23,17.4,17.75,18.4,0.61,99.46
59,2026-05-04 18:00:00,5.22,1.69,71.9,0.0,72.15,17.0,17.75,18.2,0.57,99.44
59,2026-05-04 19:00:00,3.28,1.6,0.0,0.0,82.88,14.5,15.25,16.1,0.3,99.4
59,2026-05-04 20:00:00,3.56,1.88,0.0,0.0,86.68,13.6,14.03,14.4,0.21,99.43
59,2026-05-04 21:00:00,3.42,2.39,0.0,0.0,88.78,13.2,13.3,13.4,0.17,99.44
59,2026-05-04 22:00:00,3.56,2.24,0.0,0.0,90.0,12.2,12.65,13.0,0.15,99.47
59,2026-05-04 23:00:00,3.06,1.41,0.0,0.0,93.05,11.0,11.43,11.8,0.09,99.48
59,2026-05-05 00:00:00,4.07,1.95,0.0,0.0,93.58,10.9,10.98,11.1,0.09,99.5
59,2026-05-05 01:00:00,4.14,2.75,0.0,0.0,94.8,10.6,10.68,10.8,0.07,99.51
59,2026-05-05 02:00:00,3.74,2.07,0.0,0.0,95.25,10.4,10.48,10.5,0.06,99.49
59,2026-05-05 03:00:00,3.31,1.66,0.0,0.0,95.83,10.4,10.43,10.5,0.05,99.44
59,2026-05-05 04:00:00,4.28,1.7,0.0,0.0,95.75,10.2,10.38,10.5,0.05,99.4
59,2026-05-05 05:00:00,9.32,2.23,0.0,0.0,96.08,10.4,10.5,10.6,0.05,99.44
59,2026-05-05 06:00:00,16.92,3.49,0.0,0.0,95.4,10.8,10.83,10.9,0.06,99.4
59,2026-05-05 07:00:00,18.58,3.85,0.0,0.0,95.33,10.6,10.65,10.7,0.06,99.38
59,2026-05-05 08:00:00,11.88,3.59,0.0,0.0,95.03,10.6,10.65,10.7,0.06,99.33
59,2026-05-05 09:00:00,10.94,3.35,0.0,0.0,93.75,10.8,11.48,12.2,0.09,99.33
59,2026-05-05 10:00:00,10.87,4.0,0.0,0.0,90.55,12.9,13.83,14.7,0.15,99.26
59,2026-05-05 11:00:00,13.43,4.22,0.3,0.0,84.93,15.4,15.58,15.8,0.27,99.27
59,2026-05-05 12:00:00,8.42,3.58,279.0,0.0,80.4,16.3,16.75,17.4,0.38,99.23
59,2026-05-05 13:00:00,9.32,3.4,11.1,0.0,74.78,17.5,17.83,18.2,0.52,99.22
59,2026-05-05 14:00:00,10.94,3.28,310.7,0.0,70.25,18.3,18.9,19.3,0.65,99.17
59,2026-05-05 15:00:00,15.41,6.53,282.5,0.0,66.18,19.3,19.75,20.1,0.78,99.15
59,2026-05-05 16:00:00,13.36,5.54,0.1,0.0,68.2,19.4,19.65,19.8,0.73,99.19
59,2026-05-05 17:00:00,9.04,3.13,0.0,0.0,67.6,18.4,18.88,19.3,0.71,99.26
59,2026-05-05 18:00:00,5.0,1.58,0.0,0.0,73.0,17.1,17.5,18.0,0.54,99.3
59,2026-05-05 19:00:00,6.91,1.59,0.0,0.0,77.3,15.2,15.85,16.6,0.41,99.35
59,2026-05-05 20:00:00,6.37,1.94,0.0,0.0,80.73,14.5,14.63,14.8,0.32,99.37
59,2026-05-05 21:00:00,8.21,2.34,0.0,0.0,83.83,14.1,14.15,14.3,0.26,99.38
59,2026-05-05 22:00:00,8.06,2.79,0.0,0.0,86.08,13.6,13.7,13.8,0.22,99.41
59,2026-05-05 23:00:00,8.17,3.19,0.0,0.0,86.18,13.4,13.55,13.7,0.21,99.37
59,2026-05-06 00:00:00,20.05,6.43,0.0,0.0,84.2,13.5,13.65,13.7,0.25,99.29
59,2026-05-06 01:00:00,11.2,2.98,0.0,0.0,85.48,12.6,13.15,13.7,0.22,99.31
59,2026-05-06 02:00:00,15.55,5.75,0.0,0.0,85.38,13.0,13.05,13.2,0.22,99.27
59,2026-05-06 03:00:00,22.79,8.31,0.0,0.0,83.4,13.4,13.6,13.7,0.26,99.26
59,2026-05-06 04:00:00,17.57,6.53,0.0,0.0,84.35,13.4,13.4,13.4,0.24,99.24
59,2026-05-06 05:00:00,23.47,8.88,0.0,0.0,82.18,13.4,13.8,14.2,0.28,99.18
59,2026-05-06 06:00:00,28.01,9.54,0.0,0.0,78.03,14.5,14.65,14.8,0.37,99.17
59,2026-05-06 07:00:00,29.66,8.4,0.0,0.17,84.05,13.0,13.58,14.2,0.25,99.22
59,2026-05-06 08:00:00,15.77,5.31,0.0,0.2,91.23,12.4,12.45,12.6,0.13,99.26
59,2026-05-06 09:00:00,20.84,8.72,0.0,2.97,94.23,12.2,12.38,12.5,0.09,99.29
59,2026-05-06 10:00:00,23.36,7.52,0.0,0.59,96.03,12.2,12.38,12.6,0.06,99.31
59,2026-05-06 11:00:00,19.51,6.66,0.0,0.07,96.48,12.8,13.05,13.3,0.05,99.37
59,2026-05-06 12:00:00,25.74,6.91,0.0,2.95,97.18,13.3,13.4,13.6,0.04,99.44
59,2026-05-06 13:00:00,23.76,8.78,151.7,0.6,98.3,13.9,14.3,14.6,0.03,99.49
59,2026-05-06 14:00:00,20.92,8.63,220.3,0.02,100.03,13.6,13.8,14.0,0.0,99.59
59,2026-05-06 15:00:00,24.55,10.43,307.8,0.0,89.48,14.5,15.45,15.8,0.19,99.69
59,2026-05-06 16:00:00,32.22,11.15,91.1,0.0,81.3,15.2,15.5,15.7,0.33,99.79
59,2026-05-06 17:00:00,18.94,7.45,0.0,0.0,79.08,14.5,14.73,15.0,0.35,99.85
59,2026-05-06 18:00:00,8.28,3.36,0.0,0.0,80.4,13.6,13.9,14.2,0.31,99.9
59,2026-05-06 19:00:00,10.3,3.99,0.0,0.0,81.08,12.8,13.03,13.4,0.28,99.97
59,2026-05-06 20:00:00,7.06,2.83,0.0,0.0,81.53,12.4,12.58,12.7,0.27,100.05
59,2026-05-06 21:00:00,3.35,1.36,0.0,0.0,84.9,11.6,12.0,12.3,0.21,100.12
59,2026-05-06 22:00:00,2.92,1.4,0.0,0.0,88.5,10.7,11.15,11.5,0.15,100.16
59,2026-05-06 23:00:00,3.53,1.23,0.0,0.0,90.78,10.1,10.15,10.3,0.12,100.21
59,2026-05-07 00:00:00,3.49,1.31,0.0,0.0,90.25,9.2,9.7,10.3,0.12,100.23
59,2026-05-07 01:00:00,2.56,1.52,0.0,0.0,91.7,8.6,8.85,9.0,0.09,100.27
59,2026-05-07 02:00:00,3.82,2.21,0.0,0.0,92.33,7.8,8.0,8.3,0.08,100.29
59,2026-05-07 03:00:00,3.06,1.26,0.0,0.0,93.23,7.6,8.05,8.3,0.07,100.33
59,2026-05-07 04:00:00,4.1,1.77,0.0,0.0,93.48,6.6,6.95,7.4,0.07,100.34
59,2026-05-07 05:00:00,2.92,1.44,0.0,0.0,93.15,5.8,5.98,6.2,0.07,100.36
59,2026-05-07 06:00:00,4.5,2.19,0.0,0.0,93.73,5.3,5.48,5.8,0.06,100.42
59,2026-05-07 07:00:00,6.7,1.69,0.0,0.0,92.58,5.4,5.75,6.1,0.07,100.46
59,2026-05-07 08:00:00,3.67,1.46,0.0,0.0,93.25,5.0,5.05,5.2,0.06,100.51
59,2026-05-07 09:00:00,7.16,2.77,0.0,0.02,95.4,6.4,7.5,8.5,0.05,100.58
59,2026-05-07 10:00:00,8.14,3.26,0.0,0.02,94.68,8.9,9.75,10.8,0.07,100.65
59,2026-05-07 11:00:00,14.26,3.92,31.8,0.0,82.7,11.3,11.88,12.8,0.24,100.66
59,2026-05-07 12:00:00,14.29,4.32,475.1,0.0,73.38,12.9,13.0,13.2,0.4,100.66
59,2026-05-07 13:00:00,14.22,4.71,501.9,0.0,65.48,13.2,13.7,14.1,0.54,100.62
59,2026-05-07 14:00:00,13.57,4.02,499.8,0.0,62.3,14.5,14.7,14.9,0.63,100.57
59,2026-05-07 15:00:00,18.76,4.49,446.1,0.0,60.8,15.0,15.48,15.8,0.69,100.53
59,2026-05-07 16:00:00,10.87,3.66,0.0,0.0,62.8,14.0,14.65,15.3,0.62,100.55
59,2026-05-07 17:00:00,12.28,3.77,0.0,0.0,64.43,12.9,13.3,13.7,0.55,100.53
59,2026-05-07 18:00:00,13.39,3.9,0.0,0.0,67.33,11.9,12.28,12.7,0.47,100.55
59,2026-05-07 19:00:00,11.7,3.49,0.0,0.0,70.58,11.0,11.3,11.6,0.39,100.52
59,2026-05-07 20:00:00,12.1,3.64,0.0,0.0,72.73,10.6,10.75,10.9,0.35,100.57
59,2026-05-07 21:00:00,5.33,1.83,0.0,0.0,75.23,9.9,10.05,10.3,0.31,100.56
59,2026-05-07 22:00:00,5.76,1.65,0.0,0.0,75.83,9.3,9.58,9.8,0.29,100.52
59,2026-05-07 23:00:00,4.28,1.99,0.0,0.0,79.93,7.7,8.55,9.1,0.23,100.51
59,2026-05-08 00:00:00,3.17,1.61,0.0,0.0,86.55,5.9,6.45,7.0,0.13,100.44
59,2026-05-08 01:00:00,3.71,2.26,0.0,0.0,89.48,5.2,5.63,5.9,0.1,100.38
59,2026-05-08 02:00:00,3.2,2.24,0.0,0.0,91.9,4.1,4.48,4.9,0.07,100.32
59,2026-05-08 03:00:00,3.96,2.8,0.0,0.0,92.5,3.5,3.83,4.2,0.06,100.28
59,2026-05-08 04:00:00,5.08,2.18,0.0,0.0,93.73,2.7,3.1,3.3,0.05,100.19
59,2026-05-08 05:00:00,7.7,2.6,0.0,0.0,92.75,2.7,3.08,3.5,0.06,100.15
59,2026-05-08 06:00:00,6.16,2.4,0.0,0.0,94.28,3.7,3.95,4.2,0.05,100.15
59,2026-05-08 07:00:00,6.55,2.57,0.0,0.0,94.78,3.5,3.63,3.7,0.04,100.11
59,2026-05-08 08:00:00,5.26,2.5,0.0,0.0,94.38,3.4,3.58,4.0,0.05,100.09
59,2026-05-08 09:00:00,10.51,3.86,0.0,0.0,95.08,5.4,6.58,7.4,0.05,100.1
59,2026-05-08 10:00:00,13.1,4.26,0.0,0.0,92.03,8.0,8.6,9.4,0.09,100.11
59,2026-05-08 11:00:00,11.05,4.4,3.8,0.0,83.88,10.1,10.55,11.0,0.21,100.11
59,2026-05-08 12:00:00,12.31,3.77,296.8,0.0,76.55,11.8,12.33,13.1,0.34,100.06
59,2026-05-08 13:00:00,12.46,3.66,285.3,0.0,72.93,12.7,12.95,13.2,0.4,100.03
59,2026-05-08 14:00:00,11.05,4.52,319.7,0.0,66.73,13.5,14.0,14.5,0.53,99.99
59,2026-05-08 15:00:00,13.1,3.9,160.2,0.6,73.78,11.7,13.45,14.7,0.42,99.97
59,2026-05-08 16:00:00,8.17,3.52,183.5,0.14,88.63,11.5,12.15,13.1,0.16,99.94
59,2026-05-08 17:00:00,7.09,2.52,65.5,0.0,85.53,13.4,13.7,14.0,0.23,99.94
59,2026-05-08 18:00:00,6.66,1.91,0.0,0.0,87.45,11.7,12.5,13.1,0.18,99.94
59,2026-05-08 19:00:00,4.28,1.32,0.0,0.0,91.05,10.3,10.58,11.0,0.12,99.93
59,2026-05-08 20:00:00,8.6,2.77,0.0,0.0,91.78,10.6,10.8,10.9,0.11,99.97
59,2026-05-08 21:00:00,4.46,1.27,0.0,0.0,92.88,9.9,10.13,10.6,0.09,99.99
59,2026-05-08 22:00:00,4.54,1.48,0.0,0.0,93.53,10.1,10.28,10.4,0.08,100.02
59,2026-05-08 23:00:00,7.42,1.93,0.0,0.0,93.8,10.0,10.15,10.4,0.08,100.0
59,2026-05-09 00:00:00,10.19,3.34,0.0,0.0,93.48,9.8,9.93,10.0,0.08,99.98
59,2026-05-09 01:00:00,12.31,3.8,0.0,0.0,93.88,9.3,9.43,9.6,0.08,99.97
59,2026-05-09 02:00:00,12.82,3.53,0.0,0.0,94.2,9.0,9.05,9.2,0.07,99.97
59,2026-05-09 03:00:00,11.48,4.07,0.0,0.0,94.73,8.6,8.78,9.0,0.06,99.94
59,2026-05-09 04:00:00,12.53,3.72,0.0,0.0,93.95,7.6,7.93,8.4,0.07,99.9
59,2026-05-09 05:00:00,13.54,3.77,0.0,0.0,93.33,6.8,7.15,7.4,0.07,99.86
59,2026-05-09 06:00:00,9.11,3.47,0.0,0.0,94.1,5.9,6.28,6.6,0.06,99.85
59,2026-05-09 07:00:00,8.68,2.41,0.0,0.0,93.48,4.3,4.93,5.6,0.06,99.81
59,2026-05-09 08:00:00,10.66,2.38,0.0,0.0,91.9,3.7,4.08,4.5,0.07,99.77
59,2026-05-09 09:00:00,8.21,2.98,0.0,0.0,90.75,5.4,6.15,6.8,0.09,99.79
59,2026-05-09 10:00:00,11.95,3.7,0.0,0.0,86.1,7.1,8.18,9.1,0.15,99.8
59,2026-05-09 11:00:00,10.84,4.17,0.0,0.0,74.95,10.2,10.75,11.5,0.33,99.79
59,2026-05-09 12:00:00,15.91,4.43,43.3,0.0,67.2,12.1,13.03,14.2,0.5,99.79
59,2026-05-09 13:00:00,11.63,4.42,497.1,0.0,60.65,14.7,15.1,15.6,0.68,99.73
59,2026-05-09 14:00:00,12.82,3.69,491.8,0.0,59.03,16.4,16.9,17.5,0.79,99.65
59,2026-05-09 15:00:00,12.82,3.68,453.5,0.0,58.88,17.4,17.55,17.6,0.83,99.61
59,2026-05-09 16:00:00,18.5,3.47,363.6,0.0,57.5,17.4,17.6,17.9,0.85,99.62
59,2026-05-09 17:00:00,9.25,2.98,242.9,0.0,55.95,17.7,17.85,18.0,0.9,99.6
59,2026-05-09 18:00:00,7.96,1.74,0.0,0.0,59.85,14.5,16.08,17.3,0.74,99.61
59,2026-05-09 19:00:00,3.89,1.73,0.0,0.0,73.58,10.5,11.7,13.2,0.37,99.62
59,2026-05-09 20:00:00,4.93,1.54,0.0,0.0,77.63,9.5,9.73,10.2,0.27,99.64
59,2026-05-09 21:00:00,3.2,1.27,0.0,0.0,79.83,8.3,8.63,9.0,0.23,99.64
59,2026-05-09 22:00:00,3.24,1.3,0.0,0.0,83.15,7.4,7.65,8.1,0.18,99.64
59,2026-05-09 23:00:00,5.94,2.11,0.0,0.0,85.05,7.3,7.5,7.7,0.16,99.64
59,2026-05-10 00:00:00,7.38,2.02,0.0,0.0,88.05,6.2,6.7,7.0,0.12,99.61
59,2026-05-10 01:00:00,5.08,1.9,0.0,0.0,91.95,4.4,4.9,5.6,0.07,99.57
59,2026-05-10 02:00:00,3.85,2.3,0.0,0.0,92.88,3.2,3.55,3.9,0.06,99.55
59,2026-05-10 03:00:00,5.94,2.86,0.0,0.0,93.55,2.6,2.75,3.0,0.05,99.51
59,2026-05-10 04:00:00,5.4,3.04,0.0,0.02,93.23,2.2,2.33,2.5,0.05,99.48
59,2026-05-10 05:00:00,5.76,3.31,0.0,0.0,94.28,1.8,2.0,2.4,0.04,99.46
59,2026-05-10 06:00:00,4.61,2.6,0.0,0.02,95.08,1.0,1.38,1.9,0.04,99.45
59,2026-05-10 07:00:00,5.15,2.8,0.0,0.04,94.23,0.5,0.78,1.0,0.04,99.46
59,2026-05-10 08:00:00,3.82,2.05,0.0,0.02,93.85,0.4,0.5,0.6,0.04,99.45
59,2026-05-10 09:00:00,9.11,2.56,0.0,0.02,95.45,1.0,2.35,3.3,0.03,99.5
59,2026-05-10 10:00:00,6.91,2.46,0.0,0.02,98.58,4.2,6.08,7.6,0.01,99.58
59,2026-05-10 11:00:00,10.8,3.72,0.0,0.0,84.58,9.1,10.3,11.3,0.2,99.57
59,2026-05-10 12:00:00,11.59,4.05,0.0,0.0,69.35,12.0,12.8,13.6,0.46,99.53
59,2026-05-10 13:00:00,9.29,3.86,0.0,0.0,61.4,14.1,15.0,15.7,0.66,99.45
59,2026-05-10 14:00:00,11.84,3.95,2.9,0.0,57.93,16.5,17.1,17.5,0.82,99.38
59,2026-05-10 15:00:00,13.03,3.95,411.1,0.0,57.83,17.6,17.95,18.5,0.87,99.35
59,2026-05-10 16:00:00,11.27,3.31,362.3,0.0,58.6,17.8,18.15,18.5,0.87,99.34
59,2026-05-10 17:00:00,6.91,2.43,29.9,0.0,56.45,18.6,18.85,19.0,0.95,99.33
59,2026-05-10 18:00:00,3.6,1.63,0.0,0.0,61.15,14.6,16.98,18.7,0.76,99.32
59,2026-05-10 19:00:00,4.32,2.98,0.0,0.0,78.9,10.4,11.53,12.9,0.29,99.33
59,2026-05-10 20:00:00,4.28,3.28,0.0,0.0,86.93,8.1,8.93,10.0,0.15,99.34
59,2026-05-10 21:00:00,4.39,2.97,0.0,0.0,89.85,7.0,7.4,7.9,0.11,99.35
59,2026-05-10 22:00:00,4.68,3.01,0.0,0.0,91.95,6.1,6.43,6.7,0.08,99.37
59,2026-05-10 23:00:00,4.75,3.02,0.0,0.0,92.9,5.4,5.7,6.0,0.07,99.36
59,2026-05-11 00:00:00,4.1,2.6,0.0,0.0,92.85,5.2,5.5,5.7,0.06,99.34
59,2026-05-11 01:00:00,4.72,3.11,0.0,0.0,94.8,4.4,4.75,5.0,0.05,99.32
59,2026-05-11 02:00:00,5.15,2.93,0.0,0.0,94.03,4.4,4.93,5.4,0.05,99.32
59,2026-05-11 03:00:00,5.08,2.75,0.0,0.02,95.23,3.6,4.03,4.7,0.04,99.32
59,2026-05-11 04:00:00,4.79,2.85,0.0,0.02,93.78,3.5,3.58,3.6,0.05,99.33
59,2026-05-11 05:00:00,5.04,2.56,0.0,0.0,96.15,2.4,2.95,3.3,0.03,99.33
59,2026-05-11 06:00:00,4.82,2.5,0.0,0.02,94.13,2.3,2.48,2.6,0.05,99.33
59,2026-05-11 07:00:00,5.26,3.19,0.0,0.02,94.98,2.2,2.3,2.4,0.04,99.36
59,2026-05-11 08:00:00,5.04,2.97,0.0,0.02,94.58,2.1,2.38,2.8,0.04,99.42
59,2026-05-11 09:00:00,4.1,2.55,0.0,0.04,95.65,3.4,5.15,7.2,0.04,99.52
59,2026-05-11 10:00:00,6.01,2.14,0.0,0.02,97.93,8.6,10.0,11.3,0.03,99.62
59,2026-05-11 11:00:00,10.26,3.63,4.3,0.0,87.18,12.2,13.48,14.6,0.21,99.65
59,2026-05-11 12:00:00,11.16,4.08,459.9,0.0,76.83,14.7,15.03,15.4,0.4,99.67
59,2026-05-11 13:00:00,9.07,3.39,478.4,0.0,70.55,16.7,16.98,17.5,0.57,99.64
59,2026-05-11 14:00:00,14.11,3.92,480.5,0.0,65.75,17.8,18.63,19.2,0.74,99.59
59,2026-05-11 15:00:00,10.94,3.46,436.9,0.0,64.35,19.5,19.88,20.1,0.83,99.56
59,2026-05-11 16:00:00,7.45,2.79,352.8,0.0,62.68,20.4,20.58,20.8,0.91,99.57
59,2026-05-11 17:00:00,6.95,2.22,228.0,0.0,60.78,20.9,21.0,21.1,0.98,99.57
59,2026-05-11 18:00:00,4.07,1.3,6.4,0.0,66.05,16.0,18.8,20.7,0.76,99.58
59,2026-05-11 19:00:00,5.51,3.13,0.0,0.0,80.53,12.6,13.75,15.0,0.31,99.66
59,2026-05-11 20:00:00,5.4,3.91,0.0,0.0,84.7,11.1,11.78,12.7,0.21,99.75
59,2026-05-11 21:00:00,5.0,1.71,0.0,0.0,89.2,9.2,9.53,10.0,0.13,99.77
59,2026-05-11 22:00:00,5.08,2.98,0.0,0.0,91.9,8.0,8.68,9.3,0.09,99.78
59,2026-05-11 23:00:00,5.0,3.32,0.0,0.0,93.38,7.1,7.28,7.5,0.07,99.8
59,2026-05-12 00:00:00,5.15,3.4,0.0,0.0,93.5,7.0,7.25,7.6,0.07,99.81
59,2026-05-12 01:00:00,4.79,3.08,0.0,0.0,95.6,5.6,5.9,6.4,0.04,99.82
59,2026-05-12 02:00:00,4.28,2.74,0.0,0.02,93.65,6.2,6.58,7.1,0.06,99.83
59,2026-05-12 03:00:00,7.45,2.39,0.0,0.04,95.63,7.8,7.93,8.0,0.05,99.84
59,2026-05-12 04:00:00,4.9,2.22,0.0,0.06,96.8,8.2,8.43,8.7,0.04,99.82
59,2026-05-12 05:00:00,5.72,2.25,0.0,0.02,97.98,8.5,8.73,8.9,0.02,99.83
59,2026-05-12 06:00:00,4.18,1.57,0.0,0.06,98.28,8.2,8.3,8.4,0.02,99.88
59,2026-05-12 07:00:00,6.16,2.03,0.0,0.07,97.78,8.3,8.33,8.4,0.02,99.91
59,2026-05-12 08:00:00,8.24,2.08,1.6,0.02,97.75,8.3,8.4,8.5,0.02,99.89
59,2026-05-12 09:00:00,3.92,0.99,11.3,0.09,98.25,8.6,8.68,8.8,0.02,99.94
59,2026-05-12 10:00:00,5.54,2.38,38.5,0.08,99.2,8.9,9.05,9.2,0.01,99.95
59,2026-05-12 11:00:00,6.08,2.42,36.8,0.0,99.88,9.2,9.25,9.3,0.0,99.94
59,2026-05-12 12:00:00,7.56,2.59,63.3,0.0,99.83,9.4,9.5,9.6,0.0,99.93
59,2026-05-12 13:00:00,6.77,2.17,54.9,0.0,99.6,9.4,9.58,9.9,0.01,99.92
59,2026-05-12 14:00:00,6.91,2.29,73.5,0.0,97.08,10.0,10.08,10.2,0.04,99.86
59,2026-05-12 15:00:00,4.21,1.77,71.8,0.0,96.73,10.1,10.18,10.2,0.04,99.81
59,2026-05-12 16:00:00,6.3,2.38,70.1,0.0,95.1,10.5,10.6,10.7,0.06,99.8
59,2026-05-12 17:00:00,6.01,2.3,46.4,0.0,93.23,10.8,10.88,10.9,0.09,99.8
59,2026-05-12 18:00:00,8.68,3.02,8.9,0.0,92.55,10.7,10.8,10.9,0.1,99.81
59,2026-05-12 19:00:00,6.91,2.17,0.0,0.0,93.0,10.5,10.55,10.6,0.09,99.83
59,2026-05-12 20:00:00,7.02,2.57,0.0,0.0,93.5,10.4,10.4,10.4,0.08,99.79
59,2026-05-12 21:00:00,7.27,2.37,0.0,0.0,93.4,10.4,10.48,10.5,0.09,99.8
59,2026-05-12 22:00:00,3.46,1.33,0.0,0.0,94.03,10.3,10.33,10.4,0.08,99.77
59,2026-05-12 23:00:00,2.45,1.1,0.0,0.0,93.98,10.3,10.3,10.3,0.08,99.75
59,2026-05-13 00:00:00,3.71,1.45,0.0,0.0,94.18,10.3,10.3,10.3,0.07,99.73
59,2026-05-13 01:00:00,3.56,1.32,0.0,0.0,93.85,10.3,10.38,10.4,0.08,99.72
59,2026-05-13 02:00:00,6.08,2.5,0.0,0.0,95.45,10.0,10.08,10.2,0.06,99.72
59,2026-05-13 03:00:00,3.56,1.29,0.0,0.0,96.33,9.9,9.93,10.0,0.05,99.69
59,2026-05-13 04:00:00,2.59,1.12,0.0,0.0,96.73,9.9,9.9,9.9,0.04,99.66
59,2026-05-13 05:00:00,2.99,1.06,0.0,0.0,97.2,9.9,9.9,9.9,0.03,99.64
59,2026-05-13 06:00:00,2.56,0.89,0.0,0.02,97.48,9.9,9.9,9.9,0.03,99.64
59,2026-05-13 07:00:00,6.52,1.6,0.0,0.0,97.7,9.8,9.83,9.9,0.03,99.65
59,2026-05-13 08:00:00,7.67,2.48,1.0,0.04,97.7,9.7,9.78,9.8,0.03,99.65
59,2026-05-13 09:00:00,6.77,2.46,15.8,0.06,97.68,9.9,9.98,10.0,0.03,99.75
59,2026-05-13 10:00:00,6.23,2.76,28.0,0.04,98.28,10.1,10.15,10.2,0.02,99.8
59,2026-05-13 11:00:00,3.53,1.12,64.3,0.04,98.6,10.1,10.23,10.4,0.02,99.79
59,2026-05-13 12:00:00,4.61,1.96,54.1,0.0,98.13,10.6,10.6,10.6,0.02,99.79
59,2026-05-13 13:00:00,6.05,1.82,60.5,0.0,97.1,10.7,10.85,11.0,0.04,99.76
59,2026-05-13 14:00:00,6.8,2.34,73.2,0.0,95.23,11.2,11.28,11.3,0.07,99.74
59,2026-05-13 15:00:00,6.84,2.74,65.7,0.0,93.63,11.3,11.45,11.5,0.09,99.73
59,2026-05-13 16:00:00,6.7,1.89,58.3,0.0,92.55,11.5,11.55,11.6,0.1,99.71
59,2026-05-13 17:00:00,7.96,2.96,84.2,0.0,91.7,11.7,11.73,11.8,0.12,99.7
59,2026-05-13 18:00:00,4.46,1.69,39.2,0.0,91.45,11.2,11.5,11.7,0.12,99.71
59,2026-05-13 19:00:00,2.52,1.77,0.6,0.0,94.25,9.2,9.93,10.6,0.07,99.72
59,2026-05-13 20:00:00,3.35,2.13,0.0,0.0,94.68,7.9,8.35,8.6,0.06,99.73
59,2026-05-13 21:00:00,2.77,2.0,0.0,0.0,96.33,6.6,7.2,7.6,0.04,99.73
59,2026-05-13 22:00:00,3.96,2.76,0.0,0.0,96.3,6.0,6.18,6.4,0.04,99.74
59,2026-05-13 23:00:00,4.86,2.64,0.0,0.0,96.38,6.1,6.23,6.4,0.04,99.76
59,2026-05-14 00:00:00,8.42,3.99,0.0,0.02,96.35,6.2,6.45,6.9,0.03,99.77
59,2026-05-14 01:00:00,4.64,1.7,0.0,0.0,96.13,7.2,7.55,7.8,0.04,99.78
59,2026-05-14 02:00:00,3.78,1.61,0.0,0.02,97.4,7.9,8.05,8.2,0.03,99.8
59,2026-05-14 03:00:00,5.08,1.63,0.0,0.02,98.65,7.8,8.18,8.4,0.02,99.78
59,2026-05-14 04:00:00,3.13,0.85,0.0,0.02,99.13,7.3,7.5,7.6,0.01,99.76
59,2026-05-14 05:00:00,2.23,0.69,0.0,0.02,99.05,5.8,6.4,6.9,0.01,99.71
59,2026-05-14 06:00:00,3.6,1.33,0.0,0.04,97.3,5.4,5.43,5.5,0.03,99.7
59,2026-05-14 07:00:00,6.8,1.85,0.0,0.02,94.15,5.4,6.28,7.1,0.06,99.72
59,2026-05-14 08:00:00,6.73,2.67,0.0,0.0,98.18,7.1,7.1,7.1,0.02,99.79
59,2026-05-14 09:00:00,8.75,2.43,0.0,0.0,99.28,7.0,7.08,7.1,0.01,99.85
59,2026-05-14 10:00:00,8.78,2.81,18.3,0.0,99.78,7.0,7.1,7.3,0.0,99.87
59,2026-05-14 11:00:00,10.94,3.35,47.2,0.0,99.78,7.1,7.23,7.3,0.0,99.85
59,2026-05-14 12:00:00,9.97,3.98,172.3,0.0,99.65,7.4,7.85,8.0,0.0,99.82
59,2026-05-14 13:00:00,14.8,3.93,363.5,0.0,99.08,8.1,8.65,9.2,0.01,99.76
59,2026-05-14 14:00:00,13.18,5.57,431.2,0.0,94.03,9.5,10.13,10.8,0.08,99.7
59,2026-05-14 15:00:00,11.88,4.77,413.6,0.0,86.78,11.3,11.58,11.9,0.18,99.66
59,2026-05-14 16:00:00,11.41,4.55,325.8,0.0,81.7,12.1,12.3,12.5,0.26,99.66
59,2026-05-14 17:00:00,9.07,3.21,205.0,0.0,79.73,11.4,12.05,12.5,0.29,99.65
59,2026-05-14 18:00:00,4.0,1.75,0.0,0.0,85.58,8.7,9.75,10.7,0.18,99.66
59,2026-05-14 19:00:00,4.39,2.54,0.0,0.0,90.7,7.1,7.55,8.2,0.1,99.69
59,2026-05-14 20:00:00,3.38,2.02,0.0,0.0,94.1,5.6,6.2,6.8,0.06,99.73
59,2026-05-14 21:00:00,3.67,1.62,0.0,0.0,93.98,4.9,5.23,5.6,0.05,99.76
59,2026-05-14 22:00:00,3.64,2.3,0.0,0.0,94.3,4.2,4.6,4.8,0.05,99.79
59,2026-05-14 23:00:00,3.6,2.4,0.0,0.0,95.25,3.3,3.73,4.1,0.04,99.81
59,2026-05-15 00:00:00,4.54,3.19,0.0,0.0,95.5,3.2,3.4,3.6,0.04,99.81
59,2026-05-15 01:00:00,4.18,2.61,0.0,0.02,96.35,3.0,3.2,3.4,0.03,99.8
59,2026-05-15 02:00:00,4.36,2.55,0.0,0.02,95.4,2.5,2.63,2.8,0.03,99.77
59,2026-05-15 03:00:00,4.57,3.13,0.0,0.02,95.8,2.3,2.33,2.4,0.03,99.79
59,2026-05-15 04:00:00,3.49,1.63,0.0,0.02,96.53,1.8,2.03,2.3,0.03,99.79
59,2026-05-15 05:00:00,4.43,1.43,0.0,0.0,96.05,2.6,3.03,3.3,0.03,99.79
59,2026-05-15 06:00:00,3.89,1.65,0.0,0.02,97.3,3.4,3.4,3.4,0.02,99.81
59,2026-05-15 07:00:00,3.56,1.65,0.0,0.02,97.33,3.4,3.48,3.6,0.02,99.84
59,2026-05-15 08:00:00,4.5,1.64,0.0,0.0,97.3,3.6,3.78,3.9,0.02,99.89
59,2026-05-15 09:00:00,6.05,2.5,0.0,0.0,97.08,4.0,4.38,4.8,0.03,99.95
59,2026-05-15 10:00:00,4.86,2.25,0.0,0.02,97.3,5.1,5.65,6.2,0.02,99.97
59,2026-05-15 11:00:00,3.82,1.4,4.5,0.0,98.7,6.5,7.0,7.4,0.02,100.0
59,2026-05-15 12:00:00,6.98,2.22,34.1,0.0,98.35,7.8,8.55,9.3,0.02,100.0
59,2026-05-15 13:00:00,9.36,3.55,335.3,0.0,94.95,10.2,11.05,11.7,0.07,99.97
59,2026-05-15 14:00:00,10.51,3.96,356.9,0.0,85.13,11.6,12.5,13.8,0.22,99.92
59,2026-05-15 15:00:00,10.87,4.39,442.2,0.0,79.48,13.6,14.0,14.5,0.33,99.88
59,2026-05-15 16:00:00,8.78,3.75,2.0,0.0,75.03,14.4,14.48,14.6,0.41,99.86
59,2026-05-15 17:00:00,11.59,3.72,1.7,0.0,75.6,14.1,14.25,14.4,0.4,99.86
59,2026-05-15 18:00:00,9.32,3.9,0.0,0.0,76.53,11.8,12.83,13.7,0.35,99.89
59,2026-05-15 19:00:00,5.8,1.63,0.0,0.0,84.88,9.4,10.1,10.9,0.19,99.89
59,2026-05-15 20:00:00,3.24,1.91,0.0,0.0,90.1,8.0,8.6,9.1,0.11,99.89
59,2026-05-15 21:00:00,3.02,1.82,0.0,0.0,92.0,6.7,6.95,7.4,0.08,99.9
59,2026-05-15 22:00:00,4.46,1.65,0.0,0.0,91.08,6.5,6.88,7.0,0.09,99.95
59,2026-05-15 23:00:00,6.19,1.8,0.0,0.0,90.63,6.8,6.88,7.0,0.09,99.99
59,2026-05-16 00:00:00,5.69,1.49,0.0,0.0,90.75,5.2,5.9,6.7,0.09,100.0
59,2026-05-16 01:00:00,4.39,1.87,0.0,0.0,90.98,4.7,4.88,5.0,0.08,99.99
59,2026-05-16 02:00:00,6.3,2.31,0.0,0.0,91.68,5.4,5.53,5.7,0.08,99.98
59,2026-05-16 03:00:00,9.9,2.1,0.0,0.0,92.4,5.8,5.88,6.0,0.07,99.97
59,2026-05-16 04:00:00,8.14,2.24,0.0,0.0,91.95,6.0,6.08,6.2,0.08,99.96
59,2026-05-16 05:00:00,9.22,2.58,0.0,0.0,91.08,6.1,6.18,6.2,0.08,99.94
59,2026-05-16 06:00:00,10.22,3.68,0.0,0.0,90.38,6.0,6.0,6.0,0.09,99.92
59,2026-05-16 07:00:00,8.32,3.23,0.0,0.0,91.68,5.7,5.78,5.9,0.08,99.92
59,2026-05-16 08:00:00,7.38,2.57,0.0,0.0,93.4,5.5,5.53,5.6,0.06,99.94
59,2026-05-16 09:00:00,7.99,2.6,0.0,0.04,93.93,5.5,5.63,5.8,0.05,99.96
59,2026-05-16 10:00:00,12.46,4.19,0.0,0.0,92.38,5.8,5.95,6.1,0.07,99.96
59,2026-05-16 11:00:00,10.44,4.59,0.0,0.0,91.23,5.8,6.03,6.2,0.08,99.95
59,2026-05-16 12:00:00,11.34,4.14,0.0,0.0,90.15,6.3,6.43,6.6,0.1,99.93
59,2026-05-16 13:00:00,14.98,4.02,0.0,0.0,88.03,6.8,7.05,7.3,0.12,99.86
59,2026-05-16 14:00:00,12.64,4.5,8.8,0.0,84.68,7.6,8.18,9.1,0.17,99.8
59,2026-05-16 15:00:00,13.9,5.29,34.4,0.0,78.53,9.5,10.38,10.9,0.27,99.73
59,2026-05-16 16:00:00,13.79,5.44,30.6,0.0,74.13,11.3,11.6,11.9,0.35,99.71
59,2026-05-16 17:00:00,9.9,4.83,40.7,0.0,76.18,10.7,11.2,11.6,0.32,99.7
59,2026-05-16 18:00:00,8.39,3.46,0.0,0.0,81.4,8.2,9.38,10.4,0.22,99.71
59,2026-05-16 19:00:00,6.91,2.58,0.0,0.0,87.35,5.9,6.7,7.6,0.13,99.71
59,2026-05-16 20:00:00,5.44,2.51,0.0,0.0,90.88,4.7,5.15,5.7,0.08,99.7
59,2026-05-16 21:00:00,5.44,3.0,0.0,0.0,91.98,4.2,4.45,4.8,0.07,99.69
59,2026-05-16 22:00:00,7.27,3.28,0.0,0.0,94.18,2.9,3.25,3.7,0.05,99.68
59,2026-05-16 23:00:00,4.68,2.27,0.0,0.0,94.83,1.5,1.83,2.2,0.03,99.67
59,2026-05-17 00:00:00,3.82,2.29,0.0,0.0,94.7,0.3,0.73,1.1,0.03,99.66
59,2026-05-17 01:00:00,5.44,2.44,0.0,0.02,94.03,-0.1,-0.05,0.0,0.04,99.62
59,2026-05-17 02:00:00,4.21,2.56,0.0,0.0,93.88,0.1,0.25,0.4,0.04,99.61
59,2026-05-17 03:00:00,5.18,2.86,0.0,0.0,95.35,-0.3,-0.05,0.1,0.03,99.6
59,2026-05-17 04:00:00,6.91,2.87,0.0,0.0,94.58,-0.4,-0.33,-0.2,0.03,99.58
59,2026-05-17 05:00:00,7.74,2.31,0.0,0.0,95.15,-1.0,-0.38,0.0,0.03,99.58
59,2026-05-17 06:00:00,4.93,2.37,0.0,0.0,93.7,-0.9,-0.58,-0.2,0.04,99.58
59,2026-05-17 07:00:00,4.18,1.79,0.0,0.0,95.5,0.0,0.2,0.4,0.03,99.63
59,2026-05-17 08:00:00,4.5,1.39,0.0,0.0,95.93,0.4,0.63,1.1,0.03,99.69
59,2026-05-17 09:00:00,6.84,2.76,0.0,0.0,95.63,1.6,2.33,3.0,0.03,99.73
59,2026-05-17 10:00:00,8.17,2.57,1.1,0.0,98.85,3.3,3.63,4.0,0.01,99.81
59,2026-05-17 11:00:00,5.26,2.02,135.2,0.02,100.08,4.0,4.18,4.3,0.0,99.83
59,2026-05-17 12:00:00,7.96,3.03,218.0,0.0,99.88,4.4,4.65,4.8,0.0,99.82
59,2026-05-17 13:00:00,8.86,3.29,298.5,0.0,99.78,5.2,5.75,6.2,0.0,99.79
59,2026-05-17 14:00:00,7.27,2.78,441.9,0.0,92.85,7.1,9.58,11.4,0.09,99.76
59,2026-05-17 15:00:00,10.01,3.38,416.9,0.0,77.6,12.0,13.03,13.9,0.34,99.74
59,2026-05-17 16:00:00,6.95,2.84,277.3,0.0,64.4,15.0,15.15,15.4,0.61,99.73
59,2026-05-17 17:00:00,5.98,2.14,213.9,0.0,59.68,15.6,15.88,16.0,0.73,99.73
59,2026-05-17 18:00:00,4.61,2.02,0.6,0.0,70.25,10.6,13.3,15.5,0.47,99.74
59,2026-05-17 19:00:00,5.44,3.66,0.0,0.0,86.05,6.9,8.08,9.3,0.15,99.74
59,2026-05-17 20:00:00,5.0,3.72,0.0,0.0,90.35,5.0,5.73,6.1,0.09,99.75
59,2026-05-17 21:00:00,5.29,3.78,0.0,0.0,92.18,4.2,4.68,5.0,0.07,99.76
59,2026-05-17 22:00:00,5.4,4.02,0.0,0.0,93.5,3.4,3.65,4.1,0.05,99.75
59,2026-05-17 23:00:00,5.15,3.22,0.0,0.0,94.13,2.7,2.85,3.1,0.05,99.74
59,2026-05-18 00:00:00,4.07,2.36,0.0,0.0,94.4,1.7,2.1,2.7,0.04,99.73
59,2026-05-18 01:00:00,4.57,2.79,0.0,0.0,93.03,1.5,1.58,1.7,0.05,99.72
59,2026-05-18 02:00:00,4.97,3.62,0.0,0.02,95.4,0.6,0.9,1.3,0.03,99.7
59,2026-05-18 03:00:00,4.79,3.63,0.0,0.02,94.55,0.3,0.35,0.5,0.03,99.69
59,2026-05-18 04:00:00,4.54,3.06,0.0,0.04,94.48,0.3,0.38,0.4,0.04,99.68
59,2026-05-18 05:00:00,4.21,3.01,0.0,0.02,95.4,-0.5,-0.28,0.0,0.03,99.65
59,2026-05-18 06:00:00,3.46,2.06,0.0,0.0,95.18,-0.7,-0.55,-0.3,0.03,99.65
59,2026-05-18 07:00:00,4.79,3.25,0.0,0.0,95.2,-1.0,-0.85,-0.6,0.03,99.65
59,2026-05-18 08:00:00,3.89,2.47,0.0,0.0,94.95,-1.1,-0.83,-0.6,0.03,99.69
59,2026-05-18 09:00:00,3.35,1.2,0.0,0.0,97.33,-0.5,-0.33,-0.1,0.01,99.73
59,2026-05-18 10:00:00,4.0,1.54,0.6,0.0,96.33,0.8,2.8,4.8,0.02,99.8
59,2026-05-18 11:00:00,6.52,2.29,76.6,0.0,99.83,5.7,6.75,8.1,0.0,99.86
59,2026-05-18 12:00:00,10.08,3.85,420.3,0.0,90.68,9.9,10.5,11.4,0.12,99.86
59,2026-05-18 13:00:00,11.41,4.29,445.2,0.0,79.08,12.0,12.63,13.3,0.31,99.82
59,2026-05-18 14:00:00,13.86,4.68,446.7,0.0,70.4,14.0,14.58,15.1,0.49,99.77
59,2026-05-18 15:00:00,9.11,3.11,409.2,0.0,61.6,15.7,16.35,17.0,0.71,99.74
59,2026-05-18 16:00:00,7.52,2.55,326.3,0.0,59.9,17.2,17.6,17.8,0.81,99.72
59,2026-05-18 17:00:00,5.98,2.27,182.0,0.0,57.33,18.0,18.15,18.3,0.89,99.72
59,2026-05-18 18:00:00,3.53,1.97,0.0,0.0,67.3,12.5,14.85,17.3,0.57,99.73
59,2026-05-18 19:00:00,4.43,3.7,0.0,0.0,83.58,8.1,9.48,11.0,0.2,99.72
59,2026-05-18 20:00:00,5.04,3.81,0.0,0.0,88.85,6.2,7.05,7.8,0.12,99.72
59,2026-05-18 21:00:00,4.82,3.57,0.0,0.0,91.98,4.6,5.23,5.8,0.07,99.72
59,2026-05-18 22:00:00,4.0,3.09,0.0,0.0,92.35,4.0,4.3,4.5,0.07,99.75
59,2026-05-18 23:00:00,5.4,3.35,0.0,0.0,93.58,3.2,3.55,3.9,0.05,99.75
