idEstacion,fecha,velocidadMaximaViento,velocidadPromedioViento,radiacion,precipitacion,humedadRelativa,tempMinima,tempMedia,tempMaxima,dpv,presion
24,2025-01-17 00:00:00,0.0,0.0,0.0,0.0,62.12,17.07,17.66,18.37,0.77,
24,2025-01-17 01:00:00,0.65,0.02,0.0,0.0,67.89,15.56,15.99,16.5,0.59,
24,2025-01-17 02:00:00,0.5,0.01,0.0,0.0,73.03,14.42,14.89,15.35,0.46,
24,2025-01-17 03:00:00,0.72,0.02,0.0,0.0,72.76,13.97,14.1,14.2,0.44,
24,2025-01-17 04:00:00,1.1,0.04,0.0,0.0,73.23,13.61,13.74,13.82,0.42,
24,2025-01-17 05:00:00,0.0,0.0,0.0,0.0,78.69,12.78,13.12,13.55,0.32,
24,2025-01-17 06:00:00,0.88,0.01,4.66,0.0,82.25,11.89,12.16,12.57,0.25,
24,2025-01-17 07:00:00,0.8,0.08,131.9,0.0,75.97,11.88,12.84,14.84,0.37,
24,2025-01-17 08:00:00,3.35,1.64,317.5,0.0,57.7,17.04,18.09,19.0,0.88,
24,2025-01-17 09:00:00,3.05,1.75,513.1,0.0,53.63,19.39,19.97,20.7,1.09,
24,2025-01-17 10:00:00,3.58,1.6,692.4,0.0,48.68,21.21,21.97,22.72,1.36,
24,2025-01-17 11:00:00,2.82,1.36,839.0,0.0,44.06,23.02,24.04,24.9,1.68,
24,2025-01-17 12:00:00,3.72,1.75,934.0,0.0,40.13,25.54,26.56,27.55,2.08,
24,2025-01-17 13:00:00,4.32,2.22,965.0,0.0,34.43,28.03,28.49,29.1,2.55,
24,2025-01-17 14:00:00,4.7,2.37,971.0,0.0,31.91,29.41,29.78,30.25,2.86,
24,2025-01-17 15:00:00,5.52,2.55,936.0,0.0,29.56,30.54,30.68,31.0,3.11,
24,2025-01-17 16:00:00,6.05,2.8,868.0,0.0,26.12,31.1,31.26,31.55,3.37,
24,2025-01-17 17:00:00,5.52,3.02,596.6,0.0,25.05,30.5,30.76,30.9,3.32,
24,2025-01-17 18:00:00,5.22,2.87,456.1,0.0,27.13,30.06,30.65,30.94,3.22,
24,2025-01-17 19:00:00,5.08,2.31,153.9,0.0,35.58,27.45,28.03,28.84,2.44,
24,2025-01-17 20:00:00,3.58,1.95,51.17,0.0,35.7,25.1,26.01,26.96,2.17,
24,2025-01-17 21:00:00,3.2,1.12,1.57,0.0,39.21,22.19,23.23,24.51,1.74,
24,2025-01-17 22:00:00,1.7,0.32,0.0,0.0,40.78,20.1,20.57,21.32,1.43,
24,2025-01-17 23:00:00,1.32,0.15,0.0,0.0,43.82,18.36,18.93,19.38,1.23,
24,2025-01-18 00:00:00,1.02,0.07,0.0,0.0,50.23,16.29,16.93,17.55,0.96,
24,2025-01-18 01:00:00,0.95,0.03,0.0,0.0,57.7,15.34,15.65,16.0,0.75,
24,2025-01-18 02:00:00,0.72,0.03,0.0,0.0,59.91,15.3,15.38,15.49,0.7,
24,2025-01-18 03:00:00,0.72,0.01,0.0,0.0,61.36,15.13,15.35,15.52,0.68,
24,2025-01-18 04:00:00,0.0,0.0,0.0,0.0,64.45,14.25,14.67,14.91,0.6,
24,2025-01-18 05:00:00,0.57,0.0,0.0,0.0,63.42,13.8,13.88,13.95,0.58,
24,2025-01-18 06:00:00,0.57,0.01,3.91,0.0,66.28,13.69,13.79,13.9,0.54,
24,2025-01-18 07:00:00,1.02,0.03,62.96,0.0,58.84,13.79,14.29,14.93,0.67,
24,2025-01-18 08:00:00,1.85,0.62,207.4,0.0,58.08,15.04,15.3,15.76,0.73,
24,2025-01-18 09:00:00,2.15,0.74,515.3,0.0,51.42,16.59,17.64,19.28,0.99,
24,2025-01-18 10:00:00,2.82,1.1,690.2,0.0,45.3,19.73,20.52,21.39,1.33,
24,2025-01-18 11:00:00,3.05,1.11,833.0,0.0,40.11,22.11,23.05,23.86,1.69,
24,2025-01-18 12:00:00,2.82,1.15,930.0,0.0,32.72,24.35,25.4,26.44,2.19,
24,2025-01-18 13:00:00,3.05,1.29,965.0,0.0,28.45,27.04,27.61,28.34,2.65,
24,2025-01-18 14:00:00,4.1,1.62,964.0,0.0,28.45,28.31,28.83,29.41,2.84,
24,2025-01-18 15:00:00,4.62,2.44,918.0,0.0,27.51,29.62,29.89,30.29,3.06,
24,2025-01-18 16:00:00,4.47,2.18,815.0,0.0,25.53,30.37,30.6,30.81,3.27,
24,2025-01-18 17:00:00,5.9,2.19,662.7,0.0,25.29,30.3,30.71,30.94,3.3,
24,2025-01-18 18:00:00,5.08,2.77,482.3,0.0,26.73,29.09,29.62,30.05,3.04,
24,2025-01-18 19:00:00,5.08,2.95,283.0,0.0,29.49,26.51,27.56,28.56,2.6,
24,2025-01-18 20:00:00,4.4,1.7,72.74,0.0,35.31,23.87,24.7,25.75,2.02,
24,2025-01-18 21:00:00,1.48,0.09,2.17,0.0,44.4,20.59,22.04,23.42,1.49,
24,2025-01-18 22:00:00,1.18,0.1,0.0,0.0,51.31,18.9,19.77,20.2,1.13,
24,2025-01-18 23:00:00,1.02,0.07,0.0,0.0,59.3,16.84,17.29,17.98,0.8,
24,2025-01-19 00:00:00,0.65,0.01,0.0,0.0,64.18,15.21,15.73,16.26,0.64,
24,2025-01-19 01:00:00,1.02,0.08,0.0,0.0,65.18,14.36,14.58,14.87,0.58,
24,2025-01-19 02:00:00,1.1,0.19,0.0,0.0,68.04,13.33,13.81,14.11,0.51,
24,2025-01-19 03:00:00,0.0,0.0,0.0,0.0,76.14,12.06,12.39,12.78,0.34,
24,2025-01-19 04:00:00,0.0,0.0,0.0,0.0,79.47,10.91,11.28,11.7,0.28,
24,2025-01-19 05:00:00,0.28,0.0,0.0,0.0,81.68,10.79,10.82,10.84,0.24,
24,2025-01-19 06:00:00,1.02,0.12,4.64,0.0,83.83,10.02,10.61,11.1,0.21,
24,2025-01-19 07:00:00,0.8,0.04,128.0,0.0,79.48,9.87,10.87,12.94,0.28,
24,2025-01-19 08:00:00,2.08,0.46,325.7,0.0,55.33,15.23,17.17,18.39,0.88,
24,2025-01-19 09:00:00,3.05,1.01,523.9,0.0,48.62,19.04,19.97,20.46,1.2,
24,2025-01-19 10:00:00,3.2,1.23,707.9,0.0,42.26,21.52,22.4,23.49,1.57,
24,2025-01-19 11:00:00,4.32,1.94,857.0,0.0,37.32,24.03,24.87,25.65,1.97,
24,2025-01-19 12:00:00,5.0,2.71,949.0,0.0,32.3,25.8,26.88,27.97,2.4,
24,2025-01-19 13:00:00,5.98,3.3,993.0,0.0,28.03,28.37,29.04,29.63,2.89,
24,2025-01-19 14:00:00,6.42,3.83,993.0,0.0,24.55,29.75,30.29,30.63,3.25,
24,2025-01-19 15:00:00,6.05,3.47,950.0,0.0,20.84,31.3,31.71,32.22,3.71,
24,2025-01-19 16:00:00,5.68,2.98,839.0,0.0,16.15,32.43,32.85,33.11,4.18,
24,2025-01-19 17:00:00,4.92,2.66,678.3,0.0,17.4,33.32,33.43,33.5,4.26,
24,2025-01-19 18:00:00,4.85,2.5,498.0,0.0,17.12,33.26,33.35,33.46,4.25,
24,2025-01-19 19:00:00,3.8,2.18,292.5,0.0,18.46,32.04,32.46,32.86,3.98,
24,2025-01-19 20:00:00,2.9,0.54,73.87,0.0,30.09,27.03,29.13,31.2,2.85,
24,2025-01-19 21:00:00,1.85,0.65,1.29,0.0,34.9,23.73,24.78,25.58,2.04,
24,2025-01-19 22:00:00,1.55,0.57,0.0,0.0,40.65,20.82,22.2,23.14,1.6,
24,2025-01-19 23:00:00,0.95,0.08,0.0,0.0,45.52,18.6,19.23,20.21,1.22,
24,2025-01-20 00:00:00,1.55,0.34,0.0,0.0,47.17,17.63,17.74,17.89,1.07,
24,2025-01-20 01:00:00,1.4,0.3,0.0,0.0,50.4,16.14,16.44,17.02,0.93,
24,2025-01-20 02:00:00,0.95,0.09,0.0,0.0,53.66,15.03,15.35,15.92,0.81,
24,2025-01-20 03:00:00,0.88,0.03,0.0,0.0,60.2,13.14,13.92,14.42,0.64,
24,2025-01-20 04:00:00,0.88,0.06,0.0,0.0,68.32,11.65,12.2,12.68,0.45,
24,2025-01-20 05:00:00,0.42,0.01,0.0,0.0,69.97,10.43,10.96,11.45,0.4,
24,2025-01-20 06:00:00,0.8,0.03,3.68,0.0,69.76,9.67,9.82,10.07,0.37,
24,2025-01-20 07:00:00,0.0,0.0,117.0,0.0,67.76,9.57,10.46,12.03,0.41,
24,2025-01-20 08:00:00,0.95,0.05,318.8,0.0,45.49,14.08,16.73,18.58,1.05,
24,2025-01-20 09:00:00,3.8,0.62,514.5,0.0,41.3,19.16,20.15,21.48,1.39,
24,2025-01-20 10:00:00,2.3,0.86,695.2,0.0,34.64,21.77,22.71,23.78,1.81,
24,2025-01-20 11:00:00,3.28,1.19,837.0,0.0,32.07,24.61,25.49,26.56,2.22,
24,2025-01-20 12:00:00,3.72,1.52,927.0,0.0,27.37,27.0,27.72,28.37,2.71,
24,2025-01-20 13:00:00,4.92,2.15,969.0,0.0,24.21,28.96,29.8,30.58,3.18,
24,2025-01-20 14:00:00,5.6,2.46,968.0,0.0,22.66,31.01,31.18,31.26,3.51,
24,2025-01-20 15:00:00,4.7,2.45,933.0,0.0,21.71,31.48,31.94,32.38,3.71,
24,2025-01-20 16:00:00,4.62,2.43,817.0,0.0,21.65,32.07,32.32,32.53,3.8,
24,2025-01-20 17:00:00,5.45,2.33,710.4,0.0,23.61,32.18,32.33,32.57,3.7,
24,2025-01-20 18:00:00,5.75,3.09,511.4,0.0,30.29,29.4,30.36,31.54,3.03,
24,2025-01-20 19:00:00,4.92,2.74,249.1,0.0,34.09,26.89,27.89,28.94,2.48,
24,2025-01-20 20:00:00,3.88,1.01,77.49,0.0,39.25,24.17,25.18,26.34,1.95,
24,2025-01-20 21:00:00,1.4,0.28,1.17,0.0,46.56,21.57,22.34,23.42,1.45,
24,2025-01-20 22:00:00,1.92,0.48,0.0,0.0,50.97,19.43,20.29,21.29,1.17,
24,2025-01-20 23:00:00,0.8,0.02,0.0,0.0,62.21,16.88,17.5,18.34,0.76,
24,2025-01-21 00:00:00,1.02,0.19,0.0,0.0,59.47,16.5,16.65,16.83,0.77,
24,2025-01-21 01:00:00,1.32,0.06,0.0,0.0,69.78,14.71,15.3,16.22,0.53,
24,2025-01-21 02:00:00,0.95,0.06,0.0,0.0,72.4,13.23,13.98,14.86,0.44,
24,2025-01-21 03:00:00,1.18,0.12,0.0,0.0,74.02,12.58,12.77,13.01,0.38,
24,2025-01-21 04:00:00,0.8,0.01,0.0,0.0,76.03,12.74,12.8,12.85,0.35,
24,2025-01-21 05:00:00,0.42,0.01,0.0,0.0,78.8,12.24,12.5,12.79,0.31,
24,2025-01-21 06:00:00,0.5,0.0,3.64,0.0,82.69,11.4,11.77,12.04,0.24,
24,2025-01-21 07:00:00,0.72,0.0,100.6,0.0,80.75,11.34,11.92,13.01,0.27,
24,2025-01-21 08:00:00,1.55,0.33,295.5,0.0,61.7,14.99,16.57,18.27,0.73,
24,2025-01-21 09:00:00,2.3,0.54,492.4,0.0,51.07,19.02,20.08,21.01,1.15,
24,2025-01-21 10:00:00,3.05,0.97,671.5,0.0,45.82,21.34,22.21,23.08,1.45,
24,2025-01-21 11:00:00,2.68,0.88,816.0,0.0,39.51,23.64,24.67,25.34,1.88,
24,2025-01-21 12:00:00,2.82,1.2,910.0,0.0,33.0,25.52,26.27,27.04,2.29,
24,2025-01-21 13:00:00,4.03,1.63,953.0,0.0,27.86,27.7,28.18,28.82,2.76,
24,2025-01-21 14:00:00,3.28,1.51,952.0,0.0,28.84,29.21,29.75,30.23,2.98,
24,2025-01-21 15:00:00,3.72,1.69,900.0,0.0,29.11,30.49,30.97,31.37,3.18,
24,2025-01-21 16:00:00,3.72,1.56,790.0,0.0,28.73,31.4,31.41,31.42,3.28,
24,2025-01-21 17:00:00,6.58,2.06,640.8,0.0,29.18,30.62,31.51,32.28,3.29,
24,2025-01-21 18:00:00,6.2,3.52,462.1,0.0,39.64,28.16,28.96,29.74,2.42,
24,2025-01-21 19:00:00,6.72,3.08,265.0,0.0,44.01,26.07,26.81,27.56,1.97,
24,2025-01-21 20:00:00,4.4,1.48,69.48,0.0,50.76,23.5,24.34,25.32,1.5,
24,2025-01-21 21:00:00,2.38,0.49,1.77,0.0,55.82,21.98,22.62,23.2,1.22,
24,2025-01-21 22:00:00,2.08,0.31,0.0,0.0,61.13,20.43,20.93,21.36,0.96,
24,2025-01-21 23:00:00,1.02,0.07,0.0,0.0,67.78,18.64,19.16,19.88,0.72,
24,2025-01-22 00:00:00,0.8,0.01,0.0,0.0,74.46,16.53,17.48,18.23,0.51,
24,2025-01-22 01:00:00,0.72,0.01,0.0,0.0,80.63,15.13,15.69,16.27,0.35,
24,2025-01-22 02:00:00,0.5,0.01,0.0,0.0,84.0,14.18,14.39,14.66,0.26,
24,2025-01-22 03:00:00,0.0,0.0,0.0,0.0,84.65,13.4,13.73,14.11,0.24,
24,2025-01-22 04:00:00,0.57,0.01,0.0,0.0,86.15,12.85,12.92,13.01,0.21,
24,2025-01-22 05:00:00,0.42,0.0,0.0,0.0,88.43,12.23,12.36,12.59,0.17,
24,2025-01-22 06:00:00,0.8,0.01,3.67,0.0,89.15,11.45,11.84,12.23,0.15,
24,2025-01-22 07:00:00,0.95,0.02,106.2,0.0,87.8,11.55,12.01,13.12,0.18,
24,2025-01-22 08:00:00,1.55,0.17,294.6,0.0,70.4,15.14,16.26,16.97,0.55,
24,2025-01-22 09:00:00,2.15,0.76,488.9,0.0,68.22,17.54,18.31,19.17,0.67,
24,2025-01-22 10:00:00,3.5,0.77,662.8,0.0,59.9,19.61,20.72,21.74,0.99,
24,2025-01-22 11:00:00,2.75,1.06,808.0,0.0,53.92,22.03,22.64,23.5,1.27,
24,2025-01-22 12:00:00,2.98,1.19,900.0,0.0,48.18,24.06,24.9,25.46,1.63,
24,2025-01-22 13:00:00,4.25,1.48,940.0,0.0,43.63,25.87,26.63,27.17,1.97,
24,2025-01-22 14:00:00,3.95,1.87,941.0,0.0,40.45,27.41,28.16,28.74,2.27,
24,2025-01-22 15:00:00,4.85,2.32,894.0,0.0,39.63,28.9,29.18,29.33,2.44,
24,2025-01-22 16:00:00,4.32,2.49,790.4,0.0,37.22,29.42,29.64,29.78,2.61,
24,2025-01-22 17:00:00,6.2,2.56,640.2,0.0,37.06,29.32,29.7,29.96,2.63,
24,2025-01-22 18:00:00,5.82,3.06,462.8,0.0,40.42,26.62,27.57,28.64,2.2,
24,2025-01-22 19:00:00,6.42,2.56,272.0,0.0,44.04,23.98,24.94,25.82,1.77,
24,2025-01-22 20:00:00,5.0,1.51,71.7,0.0,49.4,21.7,22.36,23.28,1.37,
24,2025-01-22 21:00:00,3.12,1.13,1.3,0.0,55.52,18.92,19.92,20.94,1.04,
24,2025-01-22 22:00:00,2.75,0.72,0.0,0.0,60.74,17.13,17.77,18.42,0.8,
24,2025-01-22 23:00:00,2.98,0.99,0.0,0.0,63.92,16.01,16.34,16.75,0.67,
24,2025-01-23 00:00:00,2.38,0.56,0.0,0.0,67.87,14.92,15.3,15.69,0.56,
24,2025-01-23 01:00:00,1.02,0.05,0.0,0.0,72.4,14.02,14.59,15.07,0.46,
24,2025-01-23 02:00:00,1.02,0.09,0.0,0.0,75.41,13.12,13.51,13.83,0.38,
24,2025-01-23 03:00:00,0.95,0.04,0.0,0.0,80.33,12.26,12.57,12.91,0.29,
24,2025-01-23 04:00:00,1.02,0.05,0.0,0.0,84.4,11.45,11.78,12.17,0.22,
24,2025-01-23 05:00:00,1.02,0.02,0.0,0.0,86.65,10.96,11.2,11.42,0.18,
24,2025-01-23 06:00:00,2.9,0.84,3.22,0.0,78.1,11.82,12.32,12.66,0.32,
24,2025-01-23 07:00:00,2.15,0.43,90.2,0.0,82.11,10.82,11.41,12.29,0.24,
24,2025-01-23 08:00:00,3.42,1.58,299.2,0.0,69.68,13.29,14.18,15.23,0.49,
24,2025-01-23 09:00:00,5.3,2.45,492.6,0.0,63.51,15.6,16.17,16.61,0.67,
24,2025-01-23 10:00:00,4.7,2.87,670.9,0.0,57.43,17.27,18.15,18.99,0.89,
24,2025-01-23 11:00:00,5.9,3.16,818.0,0.0,53.19,19.58,20.29,21.07,1.12,
24,2025-01-23 12:00:00,5.22,2.87,915.0,0.0,48.09,21.55,22.48,23.38,1.42,
24,2025-01-23 13:00:00,5.82,3.27,951.0,0.0,43.67,23.87,24.66,25.43,1.75,
24,2025-01-23 14:00:00,4.85,2.65,950.0,0.0,39.91,25.96,26.67,27.34,2.1,
24,2025-01-23 15:00:00,5.52,2.84,911.0,0.0,34.64,27.71,28.24,28.65,2.51,
24,2025-01-23 16:00:00,5.22,2.82,819.0,0.0,32.69,28.87,29.19,29.44,2.73,
24,2025-01-23 17:00:00,5.0,2.66,658.9,0.0,30.31,29.56,29.66,29.73,2.9,
24,2025-01-23 18:00:00,5.52,3.02,453.0,0.0,23.83,29.01,29.4,29.72,3.12,
24,2025-01-23 19:00:00,5.22,2.93,298.1,0.0,23.13,28.24,28.66,28.98,3.02,
24,2025-01-23 20:00:00,4.78,2.44,78.91,0.0,27.06,25.71,26.72,27.79,2.56,
24,2025-01-23 21:00:00,4.4,1.97,1.46,0.0,32.48,22.94,24.12,25.29,2.04,
24,2025-01-23 22:00:00,3.8,2.09,0.0,0.0,32.26,23.22,23.77,24.18,2.0,
24,2025-01-23 23:00:00,4.03,2.35,0.0,0.0,41.68,22.56,22.69,22.95,1.61,
24,2025-01-24 00:00:00,5.82,2.89,0.0,0.0,48.25,21.21,21.86,22.43,1.37,
24,2025-01-24 01:00:00,5.52,3.12,0.0,0.0,61.62,19.61,20.15,20.69,0.91,
24,2025-01-24 02:00:00,5.52,3.26,0.0,0.0,65.18,18.53,18.95,19.34,0.76,
24,2025-01-24 03:00:00,6.12,2.54,0.0,0.0,70.14,16.88,17.57,18.19,0.6,
24,2025-01-24 04:00:00,5.9,2.27,0.0,0.0,71.8,15.73,16.18,16.55,0.52,
24,2025-01-24 05:00:00,4.03,2.09,0.0,0.0,72.87,14.5,14.98,15.5,0.46,
24,2025-01-24 06:00:00,4.1,1.95,3.1,0.0,73.48,13.77,14.04,14.34,0.43,
24,2025-01-24 07:00:00,4.03,1.94,87.3,0.0,73.78,13.35,13.52,13.64,0.41,
24,2025-01-24 08:00:00,3.65,1.77,300.4,0.0,67.95,14.2,14.89,15.7,0.54,
24,2025-01-24 09:00:00,4.78,2.07,495.6,0.0,60.67,16.44,17.64,18.24,0.8,
24,2025-01-24 10:00:00,4.92,2.76,678.9,0.0,55.16,18.53,19.58,20.68,1.03,
24,2025-01-24 11:00:00,5.82,3.34,823.0,0.0,49.61,21.36,21.95,22.83,1.33,
24,2025-01-24 12:00:00,5.45,3.41,918.0,0.0,44.53,23.48,24.37,25.12,1.7,
24,2025-01-24 13:00:00,6.58,3.79,957.0,0.0,41.58,25.63,26.14,26.73,1.98,
24,2025-01-24 14:00:00,7.02,4.05,956.0,0.0,37.87,27.2,27.62,28.11,2.3,
24,2025-01-24 15:00:00,6.5,3.97,915.0,0.0,35.05,28.5,28.78,28.98,2.57,
24,2025-01-24 16:00:00,6.35,3.83,815.0,0.0,29.86,29.44,29.7,29.92,2.93,
24,2025-01-24 17:00:00,5.9,3.76,661.9,0.0,29.09,29.95,30.07,30.21,3.02,
24,2025-01-24 18:00:00,6.42,3.4,476.4,0.0,29.45,29.72,29.93,30.14,2.99,
24,2025-01-24 19:00:00,5.38,3.11,278.0,0.0,30.04,28.44,29.01,29.65,2.8,
24,2025-01-24 20:00:00,5.3,2.8,76.25,0.0,27.78,26.35,27.08,27.93,2.59,
24,2025-01-24 21:00:00,4.03,1.99,1.51,0.0,31.5,23.75,25.06,26.05,2.19,
24,2025-01-24 22:00:00,3.8,1.99,0.0,0.0,35.91,22.44,22.75,23.2,1.77,
24,2025-01-24 23:00:00,3.95,2.33,0.0,0.0,36.41,21.98,22.18,22.46,1.7,
24,2025-01-25 00:00:00,4.18,2.2,0.0,0.0,37.18,21.56,21.93,22.18,1.66,
24,2025-01-25 01:00:00,3.8,2.0,0.0,0.0,40.78,20.67,21.06,21.44,1.48,
24,2025-01-25 02:00:00,4.25,2.22,0.0,0.0,44.16,19.73,20.15,20.38,1.32,
24,2025-01-25 03:00:00,4.78,2.44,0.0,0.0,47.99,18.64,19.1,19.4,1.15,
24,2025-01-25 04:00:00,4.55,2.4,0.0,0.0,52.56,17.55,17.92,18.26,0.97,
24,2025-01-25 05:00:00,3.65,1.47,0.0,0.0,56.97,16.26,16.86,17.31,0.83,
24,2025-01-25 06:00:00,2.9,0.7,2.8,0.0,64.38,14.0,15.31,16.24,0.63,
24,2025-01-25 07:00:00,1.85,0.1,85.6,0.0,71.78,12.92,13.33,13.79,0.44,
24,2025-01-25 08:00:00,3.42,1.49,294.0,0.0,61.61,15.64,16.69,17.56,0.73,
24,2025-01-25 09:00:00,3.2,1.55,489.7,0.0,55.21,17.95,18.94,19.71,0.98,
24,2025-01-25 10:00:00,3.12,1.31,669.0,0.0,48.41,20.54,21.57,22.43,1.33,
24,2025-01-25 11:00:00,2.98,1.25,816.0,0.0,41.14,23.08,24.39,25.66,1.8,
24,2025-01-25 12:00:00,3.35,1.37,910.0,0.0,33.2,26.15,27.35,28.47,2.44,
24,2025-01-25 13:00:00,3.8,1.7,951.0,0.0,31.0,28.67,29.48,30.21,2.85,
24,2025-01-25 14:00:00,4.18,2.12,945.0,0.0,29.51,30.89,31.34,31.94,3.23,
24,2025-01-25 15:00:00,4.4,2.41,902.0,0.0,27.3,32.2,32.58,32.82,3.57,
24,2025-01-25 16:00:00,4.92,2.35,796.9,0.0,24.82,33.16,33.34,33.55,3.85,
24,2025-01-25 17:00:00,5.08,2.25,649.3,0.0,24.08,33.35,33.65,33.89,3.96,
24,2025-01-25 18:00:00,3.72,1.78,467.2,0.0,23.16,33.35,33.48,33.62,3.97,
24,2025-01-25 19:00:00,5.38,2.52,267.8,0.0,29.35,29.76,30.99,32.5,3.18,
24,2025-01-25 20:00:00,4.03,1.36,74.29,0.0,34.12,26.64,27.83,28.96,2.47,
24,2025-01-25 21:00:00,1.02,0.04,1.36,0.0,42.98,22.79,24.42,26.13,1.76,
24,2025-01-25 22:00:00,1.25,0.16,0.0,0.0,49.7,21.13,22.07,22.51,1.34,
24,2025-01-25 23:00:00,1.18,0.09,0.0,0.0,54.7,18.89,19.95,20.59,1.06,
24,2025-01-26 00:00:00,1.18,0.05,0.0,0.0,59.15,17.34,18.37,19.4,0.87,
24,2025-01-26 01:00:00,1.02,0.09,0.0,0.0,61.75,16.72,16.85,17.01,0.74,
24,2025-01-26 02:00:00,0.65,0.01,0.0,0.0,68.6,14.93,15.48,16.12,0.55,
24,2025-01-26 03:00:00,0.0,0.0,0.0,0.0,72.3,13.96,14.49,14.92,0.46,
24,2025-01-26 04:00:00,0.88,0.04,0.0,0.0,75.45,13.04,13.41,13.71,0.38,
24,2025-01-26 05:00:00,1.4,0.2,0.0,0.0,72.42,13.07,13.7,14.87,0.44,
24,2025-01-26 06:00:00,0.42,0.0,2.41,0.0,75.17,12.95,13.52,14.12,0.39,
24,2025-01-26 07:00:00,0.88,0.06,75.8,0.0,76.53,12.58,13.0,13.89,0.35,
24,2025-01-26 08:00:00,2.38,0.63,284.9,0.0,57.85,15.98,17.86,19.24,0.87,
24,2025-01-26 09:00:00,3.35,1.56,483.5,0.0,49.79,19.99,21.13,22.02,1.26,
24,2025-01-26 10:00:00,2.9,1.22,660.1,0.0,42.78,22.64,23.57,24.38,1.67,
24,2025-01-26 11:00:00,2.9,0.99,806.0,0.0,37.01,24.95,25.97,26.94,2.12,
24,2025-01-26 12:00:00,3.8,1.27,902.0,0.0,32.85,27.46,28.36,29.32,2.59,
24,2025-01-26 13:00:00,4.85,1.78,940.0,0.0,27.17,29.67,30.39,30.78,3.17,
24,2025-01-26 14:00:00,4.92,2.27,941.0,0.0,22.32,31.58,31.77,31.89,3.65,
24,2025-01-26 15:00:00,4.85,1.99,903.0,0.0,20.54,32.37,32.63,32.86,3.91,
24,2025-01-26 16:00:00,4.85,2.04,797.4,0.0,22.22,32.73,32.91,33.05,3.9,
24,2025-01-26 17:00:00,5.0,2.05,644.1,0.0,22.33,32.89,33.02,33.18,3.91,
24,2025-01-26 18:00:00,5.3,2.94,461.4,0.0,25.36,31.28,31.88,32.35,3.53,
24,2025-01-26 19:00:00,5.98,2.68,265.5,0.0,23.91,29.01,29.94,30.66,3.22,
24,2025-01-26 20:00:00,4.03,1.11,76.81,0.0,28.3,25.84,26.92,28.23,2.55,
24,2025-01-26 21:00:00,4.1,1.38,1.17,0.0,33.31,23.7,24.48,25.21,2.05,
24,2025-01-26 22:00:00,1.62,0.31,0.0,0.0,40.22,20.94,21.84,22.81,1.57,
24,2025-01-26 23:00:00,1.1,0.03,0.0,0.0,48.9,18.49,19.26,20.39,1.14,
24,2025-01-27 00:00:00,0.88,0.03,0.0,0.0,60.21,15.96,16.73,17.61,0.76,
24,2025-01-27 01:00:00,4.55,0.93,0.0,0.0,55.01,15.52,16.6,19.18,0.87,
24,2025-01-27 02:00:00,3.95,1.74,0.0,0.0,48.09,17.76,18.49,19.09,1.11,
24,2025-01-27 03:00:00,4.62,1.75,0.0,0.0,54.43,16.84,17.19,17.43,0.9,
24,2025-01-27 04:00:00,5.08,2.76,0.0,0.0,61.98,15.54,15.98,16.4,0.69,
24,2025-01-27 05:00:00,3.88,1.6,0.0,0.0,67.38,14.75,14.94,15.19,0.56,
24,2025-01-27 06:00:00,2.82,0.88,2.04,0.0,72.25,13.03,13.86,14.6,0.44,
24,2025-01-27 07:00:00,3.58,1.66,71.99,0.0,72.77,13.65,13.95,14.26,0.44,
24,2025-01-27 08:00:00,3.2,1.59,292.7,0.0,65.61,14.8,15.69,16.76,0.62,
24,2025-01-27 09:00:00,3.42,1.96,489.9,0.0,56.33,17.4,18.13,18.91,0.91,
24,2025-01-27 10:00:00,4.78,2.46,672.8,0.0,50.61,19.45,20.49,21.56,1.2,
24,2025-01-27 11:00:00,6.28,3.67,817.0,0.0,47.41,22.01,22.55,22.78,1.44,
24,2025-01-27 12:00:00,6.8,4.09,915.0,0.0,44.11,23.06,24.03,24.9,1.67,
24,2025-01-27 13:00:00,7.78,4.2,954.0,0.0,39.74,25.49,26.04,26.64,2.03,
24,2025-01-27 14:00:00,6.95,3.75,956.0,0.0,32.93,27.16,27.92,28.67,2.53,
24,2025-01-27 15:00:00,5.98,3.76,924.0,0.0,27.92,29.06,29.49,29.97,2.97,
24,2025-01-27 16:00:00,5.45,3.28,822.0,0.0,23.11,30.16,30.66,31.03,3.39,
24,2025-01-27 17:00:00,5.38,2.88,665.6,0.0,21.35,31.17,31.36,31.45,3.61,
24,2025-01-27 18:00:00,5.6,3.13,480.3,0.0,22.65,30.7,31.06,31.45,3.49,
24,2025-01-27 19:00:00,5.0,2.75,279.6,0.0,25.07,29.55,30.06,30.47,3.19,
24,2025-01-27 20:00:00,4.18,2.01,81.6,0.0,32.79,26.27,27.66,28.95,2.5,
24,2025-01-27 21:00:00,3.12,1.45,1.2,0.0,40.01,25.08,25.22,25.48,1.93,
24,2025-01-27 22:00:00,3.72,1.95,0.0,0.0,42.53,24.66,24.99,25.21,1.82,
24,2025-01-27 23:00:00,3.58,1.87,0.0,0.0,47.51,23.38,23.75,24.3,1.54,
24,2025-01-28 00:00:00,3.2,1.69,0.0,0.0,51.14,22.31,22.79,23.22,1.36,
24,2025-01-28 01:00:00,5.38,2.32,0.0,0.0,51.98,21.49,21.82,22.06,1.26,
24,2025-01-28 02:00:00,5.82,3.16,0.0,0.0,50.35,19.93,20.68,21.36,1.21,
24,2025-01-28 03:00:00,4.4,2.55,0.0,0.0,52.07,18.61,18.99,19.4,1.05,
24,2025-01-28 04:00:00,3.95,1.98,0.0,0.0,52.52,17.2,17.66,18.12,0.96,
24,2025-01-28 05:00:00,2.82,0.75,0.0,0.0,58.91,14.67,16.0,16.91,0.75,
24,2025-01-28 06:00:00,1.85,0.33,2.19,0.0,71.85,12.39,12.99,13.52,0.42,
24,2025-01-28 07:00:00,2.98,0.76,69.42,0.0,62.44,13.79,13.92,14.07,0.6,
24,2025-01-28 08:00:00,1.62,0.39,292.4,0.0,56.49,14.52,15.74,17.2,0.78,
24,2025-01-28 09:00:00,2.45,0.92,489.8,0.0,48.51,18.28,19.13,20.14,1.14,
24,2025-01-28 10:00:00,3.05,1.36,669.5,0.0,46.4,20.76,21.82,22.87,1.41,
24,2025-01-28 11:00:00,3.88,1.85,816.0,0.0,42.81,23.4,24.3,25.26,1.74,
24,2025-01-28 12:00:00,4.03,2.14,915.0,0.0,38.49,25.66,26.65,27.82,2.16,
24,2025-01-28 13:00:00,4.92,2.62,951.0,0.0,30.76,28.81,29.51,30.11,2.86,
24,2025-01-28 14:00:00,4.85,2.8,953.0,0.0,26.81,30.44,30.89,31.5,3.27,
24,2025-01-28 15:00:00,4.62,2.61,914.0,0.0,26.46,31.59,31.9,32.32,3.48,
24,2025-01-28 16:00:00,4.47,2.25,815.0,0.0,25.74,32.67,32.92,33.11,3.72,
24,2025-01-28 17:00:00,4.25,2.36,661.7,0.0,24.15,33.26,33.31,33.38,3.88,
24,2025-01-28 18:00:00,4.92,2.39,474.5,0.0,22.82,32.91,33.1,33.24,3.91,
24,2025-01-28 19:00:00,4.25,1.71,276.2,0.0,22.83,31.99,32.51,32.85,3.78,
24,2025-01-28 20:00:00,4.62,1.68,80.9,0.0,22.9,27.26,28.64,30.1,3.04,
24,2025-01-28 21:00:00,1.78,0.31,1.12,0.0,31.43,23.29,24.95,26.13,2.18,
24,2025-01-28 22:00:00,1.1,0.09,0.0,0.0,42.2,19.66,20.82,21.89,1.43,
24,2025-01-28 23:00:00,0.95,0.09,0.0,0.0,48.82,18.4,18.92,19.25,1.12,
24,2025-01-29 00:00:00,1.32,0.09,0.0,0.0,52.53,16.68,17.08,17.55,0.93,
24,2025-01-29 01:00:00,0.72,0.01,0.0,0.0,61.41,14.78,15.39,16.09,0.68,
24,2025-01-29 02:00:00,0.95,0.05,0.0,0.0,66.64,13.19,13.71,14.25,0.52,
24,2025-01-29 03:00:00,0.42,0.0,0.0,0.0,70.69,12.72,12.95,13.1,0.44,
24,2025-01-29 04:00:00,0.8,0.01,0.0,0.0,74.9,11.66,12.11,12.55,0.36,
24,2025-01-29 05:00:00,1.18,0.05,0.0,0.0,76.11,11.25,11.36,11.52,0.32,
24,2025-01-29 06:00:00,0.8,0.03,1.84,0.0,78.57,11.04,11.15,11.26,0.29,
24,2025-01-29 07:00:00,0.65,0.01,66.24,0.0,75.27,10.73,11.15,11.98,0.33,
24,2025-01-29 08:00:00,1.62,0.27,286.0,0.0,53.97,14.71,17.65,19.49,0.95,
24,2025-01-29 09:00:00,2.45,1.26,483.4,0.0,48.69,19.5,20.79,22.0,1.26,
24,2025-01-29 10:00:00,2.3,1.01,665.7,0.0,40.06,22.97,23.71,24.61,1.76,
24,2025-01-29 11:00:00,2.82,1.21,806.0,0.0,35.55,25.29,26.54,27.61,2.24,
24,2025-01-29 12:00:00,3.42,1.43,904.0,0.0,32.65,27.89,28.75,29.77,2.66,
24,2025-01-29 13:00:00,4.55,1.99,944.0,0.0,27.79,30.05,30.75,31.5,3.21,
24,2025-01-29 14:00:00,5.15,2.25,943.0,0.0,21.53,31.96,32.4,32.7,3.82,
24,2025-01-29 15:00:00,5.68,2.29,906.0,0.0,23.7,32.74,33.2,33.65,3.88,
24,2025-01-29 16:00:00,6.28,3.13,797.4,0.0,29.03,31.75,32.09,32.43,3.39,
24,2025-01-29 17:00:00,6.28,3.43,646.5,0.0,33.62,29.31,30.36,31.43,2.88,
24,2025-01-29 18:00:00,5.68,3.12,458.1,0.0,37.96,27.32,27.8,28.4,2.32,
24,2025-01-29 19:00:00,4.7,2.01,261.3,0.0,41.66,25.67,26.17,26.99,1.98,
24,2025-01-29 20:00:00,2.0,0.38,66.33,0.0,47.11,22.76,23.8,24.81,1.56,
24,2025-01-29 21:00:00,1.1,0.07,0.95,0.0,56.16,20.11,21.13,22.13,1.1,
24,2025-01-29 22:00:00,1.7,0.29,0.0,0.0,61.31,18.8,19.27,19.5,0.87,
24,2025-01-29 23:00:00,0.42,0.0,0.0,0.0,71.08,16.56,17.37,18.24,0.58,
24,2025-01-30 00:00:00,1.48,0.11,0.0,0.0,73.87,16.09,16.33,16.45,0.49,
24,2025-01-30 01:00:00,1.55,0.03,0.0,0.0,80.33,14.31,15.08,15.68,0.34,
24,2025-01-30 02:00:00,0.65,0.01,0.0,0.0,83.35,12.97,13.43,14.04,0.26,
24,2025-01-30 03:00:00,0.5,0.0,0.0,0.0,86.58,12.2,12.65,12.81,0.2,
24,2025-01-30 04:00:00,0.72,0.02,0.0,0.0,86.68,11.31,11.55,11.77,0.18,
24,2025-01-30 05:00:00,0.5,0.0,0.0,0.0,88.53,11.01,11.14,11.31,0.15,
24,2025-01-30 06:00:00,0.0,0.0,1.71,0.0,90.53,10.91,11.02,11.09,0.12,
24,2025-01-30 07:00:00,0.0,0.0,67.1,0.0,90.15,10.88,11.28,11.98,0.13,
24,2025-01-30 08:00:00,0.95,0.11,277.8,0.0,77.28,13.63,14.93,16.32,0.39,
24,2025-01-30 09:00:00,2.52,0.87,476.8,0.0,69.35,17.35,17.87,18.29,0.63,
24,2025-01-30 10:00:00,2.9,1.62,660.3,0.0,60.78,19.07,20.27,21.36,0.94,
24,2025-01-30 11:00:00,2.82,1.25,806.0,0.0,47.95,22.11,23.51,24.87,1.51,
24,2025-01-30 12:00:00,3.35,1.29,905.0,0.0,42.73,24.9,25.88,26.86,1.92,
24,2025-01-30 13:00:00,4.1,1.49,942.0,0.0,38.97,27.76,28.23,28.6,2.34,
24,2025-01-30 14:00:00,4.78,2.07,943.0,0.0,37.62,28.97,29.62,30.06,2.59,
24,2025-01-30 15:00:00,4.85,2.29,905.0,0.0,27.05,30.22,30.89,31.36,3.26,
24,2025-01-30 16:00:00,4.55,2.1,806.0,0.0,27.56,31.68,31.88,32.05,3.42,
24,2025-01-30 17:00:00,5.52,2.29,648.9,0.0,32.35,30.15,30.7,31.31,2.99,
24,2025-01-30 18:00:00,5.22,2.69,462.6,0.0,35.03,28.49,29.25,30.06,2.64,
24,2025-01-30 19:00:00,4.18,1.53,264.8,0.0,38.83,27.04,27.51,28.27,2.25,
24,2025-01-30 20:00:00,1.85,0.79,55.56,0.0,46.04,23.43,24.63,26.0,1.68,
24,2025-01-30 21:00:00,1.25,0.16,0.89,0.0,54.29,20.63,21.7,22.69,1.19,
24,2025-01-30 22:00:00,1.4,0.25,0.0,0.0,61.06,18.64,19.2,19.98,0.87,
24,2025-01-30 23:00:00,0.88,0.08,0.0,0.0,66.19,17.1,17.85,18.61,0.69,
24,2025-01-31 00:00:00,1.1,0.02,0.0,0.0,71.35,15.92,16.39,16.75,0.53,
24,2025-01-31 01:00:00,1.02,0.08,0.0,0.0,75.6,14.22,14.91,15.42,0.41,
24,2025-01-31 02:00:00,0.95,0.04,0.0,0.0,79.68,12.96,13.68,14.59,0.32,
24,2025-01-31 03:00:00,3.72,0.85,0.0,0.0,65.39,13.05,14.74,16.77,0.6,
24,2025-01-31 04:00:00,4.1,2.05,0.0,0.0,57.52,16.05,16.42,16.78,0.8,
24,2025-01-31 05:00:00,1.55,0.17,0.0,0.0,73.43,12.74,13.93,15.32,0.43,
24,2025-01-31 06:00:00,1.78,0.06,1.57,0.0,81.64,11.36,11.68,12.15,0.25,
24,2025-01-31 07:00:00,3.5,1.25,55.41,0.0,75.53,12.57,13.05,13.28,0.37,
24,2025-01-31 08:00:00,3.12,1.6,279.3,0.0,70.29,13.9,14.94,16.03,0.51,
24,2025-01-31 09:00:00,3.35,1.77,477.0,0.0,61.07,16.58,17.61,18.59,0.79,
24,2025-01-31 10:00:00,4.03,1.84,656.3,0.0,54.07,19.26,19.93,20.72,1.07,
24,2025-01-31 11:00:00,3.58,1.81,803.0,0.0,47.02,21.63,22.66,23.6,1.46,
24,2025-01-31 12:00:00,4.92,2.45,904.0,0.0,40.71,24.51,25.4,26.28,1.93,
24,2025-01-31 13:00:00,6.58,3.39,946.0,0.0,36.33,26.61,27.04,27.4,2.28,
24,2025-01-31 14:00:00,5.82,3.47,949.0,0.0,29.45,27.78,28.41,29.0,2.74,
24,2025-01-31 15:00:00,6.28,3.68,918.0,0.0,25.61,29.04,29.64,30.2,3.1,
24,2025-01-31 16:00:00,5.98,3.57,821.0,0.0,21.08,30.44,30.67,30.9,3.48,
24,2025-01-31 17:00:00,6.12,3.44,676.9,0.0,18.55,30.91,31.12,31.28,3.68,
24,2025-01-31 18:00:00,5.75,3.07,494.6,0.0,16.65,31.06,31.24,31.37,3.8,
24,2025-01-31 19:00:00,5.0,2.77,294.7,0.0,16.66,29.78,30.41,30.91,3.62,
24,2025-01-31 20:00:00,4.03,2.01,51.42,0.0,19.7,27.04,27.88,28.92,3.02,
24,2025-01-31 21:00:00,3.95,1.8,0.84,0.0,22.51,23.65,25.66,26.68,2.57,
24,2025-01-31 22:00:00,2.6,0.33,0.0,0.0,37.91,19.21,20.99,22.41,1.56,
24,2025-01-31 23:00:00,0.95,0.04,0.0,0.0,47.16,16.81,17.58,18.39,1.07,
24,2025-02-01 00:00:00,0.72,0.02,0.0,0.0,54.35,16.19,16.38,16.66,0.85,
24,2025-02-01 01:00:00,2.68,0.33,0.0,0.0,56.18,15.68,16.9,18.99,0.85,
24,2025-02-01 02:00:00,3.12,1.52,0.0,0.0,52.36,21.12,21.36,21.59,1.21,
24,2025-02-01 03:00:00,2.08,0.57,0.0,0.0,53.92,18.02,19.07,20.62,1.02,
24,2025-02-01 04:00:00,1.55,0.1,0.0,0.0,59.39,15.42,16.1,16.72,0.74,
24,2025-02-01 05:00:00,0.88,0.07,0.0,0.0,66.51,13.15,14.03,14.86,0.54,
24,2025-02-01 06:00:00,0.88,0.05,1.35,0.0,70.41,12.26,12.49,12.78,0.43,
24,2025-02-01 07:00:00,0.8,0.02,56.8,0.0,75.46,11.71,11.91,12.4,0.34,
24,2025-02-01 08:00:00,2.52,0.5,279.5,0.0,55.86,15.01,18.01,19.85,0.92,
24,2025-02-01 09:00:00,3.05,1.39,479.6,0.0,49.53,20.47,21.21,22.05,1.28,
24,2025-02-01 10:00:00,2.68,1.19,659.4,0.0,43.66,22.51,23.44,24.49,1.63,
24,2025-02-01 11:00:00,2.52,0.92,802.0,0.0,38.66,25.09,26.28,27.53,2.1,
24,2025-02-01 12:00:00,3.95,1.67,899.0,0.0,34.77,27.8,28.47,29.17,2.54,
24,2025-02-01 13:00:00,5.08,2.37,934.0,0.0,32.16,29.73,30.4,30.92,2.95,
24,2025-02-01 14:00:00,5.75,2.73,933.0,0.0,29.94,30.9,31.44,31.83,3.23,
24,2025-02-01 15:00:00,4.25,2.19,892.0,0.0,28.45,32.05,32.33,32.6,3.47,
24,2025-02-01 16:00:00,4.55,2.02,789.8,0.0,27.43,32.6,33.14,33.55,3.68,
24,2025-02-01 17:00:00,4.92,1.83,639.2,0.0,25.29,33.47,33.75,33.96,3.92,
24,2025-02-01 18:00:00,6.65,3.11,457.3,0.0,30.43,30.69,31.98,33.66,3.31,
24,2025-02-01 19:00:00,5.98,3.03,261.4,0.0,33.83,28.43,29.24,30.07,2.69,
24,2025-02-01 20:00:00,4.25,1.82,50.31,0.0,39.16,25.46,26.45,27.6,2.11,
24,2025-02-01 21:00:00,3.5,0.92,0.69,0.0,43.78,23.2,24.03,24.8,1.69,
24,2025-02-01 22:00:00,1.18,0.06,0.0,0.0,53.46,20.45,21.3,22.51,1.18,
24,2025-02-01 23:00:00,0.88,0.03,0.0,0.0,58.75,18.21,19.0,19.86,0.91,
24,2025-02-02 00:00:00,0.5,0.01,0.0,0.0,61.89,16.81,17.28,17.69,0.75,
24,2025-02-02 01:00:00,0.57,0.01,0.0,0.0,66.37,15.64,16.09,16.5,0.62,
24,2025-02-02 02:00:00,0.5,0.0,0.0,0.0,70.36,14.63,14.94,15.33,0.51,
24,2025-02-02 03:00:00,0.42,0.0,0.0,0.0,74.48,13.97,14.15,14.33,0.41,
24,2025-02-02 04:00:00,0.28,0.0,0.0,0.0,77.56,12.55,13.04,13.61,0.34,
24,2025-02-02 05:00:00,0.0,0.0,0.0,0.0,79.24,11.82,12.04,12.35,0.29,
24,2025-02-02 06:00:00,3.2,0.28,1.13,0.0,75.02,11.55,11.83,12.44,0.35,
24,2025-02-02 07:00:00,4.1,1.51,55.24,0.0,52.65,14.55,14.64,14.72,0.79,
24,2025-02-02 08:00:00,3.5,1.91,269.9,0.0,51.16,14.99,15.68,16.4,0.87,
24,2025-02-02 09:00:00,3.5,1.98,399.2,0.0,48.89,16.59,17.3,17.85,1.01,
24,2025-02-02 10:00:00,3.88,2.01,660.1,0.0,45.06,18.17,19.44,20.37,1.24,
24,2025-02-02 11:00:00,5.6,3.24,816.0,0.0,41.14,20.71,21.1,21.58,1.47,
24,2025-02-02 12:00:00,5.68,3.43,868.0,0.0,38.71,22.19,22.92,23.61,1.72,
24,2025-02-02 13:00:00,6.58,3.82,931.0,0.0,36.73,23.46,24.23,24.8,1.92,
24,2025-02-02 14:00:00,6.28,3.73,934.0,0.0,33.66,25.37,25.92,26.41,2.22,
24,2025-02-02 15:00:00,5.98,3.63,901.0,0.0,31.15,26.65,27.21,27.84,2.49,
24,2025-02-02 16:00:00,5.68,3.33,746.9,0.0,29.89,27.96,28.3,28.6,2.7,
24,2025-02-02 17:00:00,6.2,3.38,634.7,0.0,29.04,28.71,28.85,28.94,2.82,
24,2025-02-02 18:00:00,5.08,2.92,459.4,0.0,30.06,28.48,28.69,28.92,2.75,
24,2025-02-02 19:00:00,4.85,2.82,227.7,0.0,28.25,27.38,27.95,28.27,2.71,
24,2025-02-02 20:00:00,4.55,2.61,54.51,0.0,30.65,24.94,25.64,26.6,2.28,
24,2025-02-02 21:00:00,4.92,2.34,0.59,0.0,35.25,22.73,23.35,24.49,1.86,
24,2025-02-02 22:00:00,4.62,2.74,0.0,0.0,36.01,21.98,22.39,22.63,1.73,
24,2025-02-02 23:00:00,4.25,2.25,0.0,0.0,35.61,21.51,21.58,21.67,1.66,
24,2025-02-03 00:00:00,6.95,3.34,0.0,0.0,39.36,20.38,20.99,21.41,1.51,
24,2025-02-03 01:00:00,7.18,3.84,0.0,0.0,52.32,18.56,19.08,19.59,1.06,
24,2025-02-03 02:00:00,6.5,3.29,0.0,0.0,59.3,17.26,17.77,18.29,0.83,
24,2025-02-03 03:00:00,5.45,2.6,0.0,0.0,65.15,16.48,16.65,16.86,0.66,
24,2025-02-03 04:00:00,5.15,2.9,0.0,0.0,70.23,15.44,15.87,16.25,0.54,
24,2025-02-03 05:00:00,4.78,2.29,0.0,0.0,76.94,14.71,14.92,15.17,0.39,
24,2025-02-03 06:00:00,4.32,2.16,1.01,0.0,81.13,14.13,14.42,14.6,0.31,
24,2025-02-03 07:00:00,2.6,0.99,51.38,0.0,81.99,13.63,13.77,13.9,0.28,
24,2025-02-03 08:00:00,1.78,0.56,255.7,0.0,72.56,14.8,15.57,16.74,0.49,
24,2025-02-03 09:00:00,2.52,0.88,417.4,0.0,59.68,17.68,18.24,18.72,0.85,
24,2025-02-03 10:00:00,3.65,1.66,662.6,0.0,58.16,19.25,19.52,20.0,0.95,
24,2025-02-03 11:00:00,3.65,1.99,653.2,0.0,51.86,20.91,21.7,22.3,1.26,
24,2025-02-03 12:00:00,4.47,2.36,872.0,0.0,43.25,22.76,23.92,24.7,1.69,
24,2025-02-03 13:00:00,5.22,2.56,975.0,0.0,36.15,25.51,26.37,27.29,2.2,
24,2025-02-03 14:00:00,6.58,3.65,926.0,0.0,32.97,27.34,27.48,27.77,2.46,
24,2025-02-03 15:00:00,6.28,3.56,898.0,0.0,30.57,28.19,28.58,28.94,2.71,
24,2025-02-03 16:00:00,5.75,3.57,816.0,0.0,27.27,29.14,29.38,29.58,2.98,
24,2025-02-03 17:00:00,5.68,3.55,648.0,0.0,22.2,29.68,29.88,30.03,3.28,
24,2025-02-03 18:00:00,5.38,3.13,461.9,0.0,20.21,29.72,29.96,30.1,3.38,
24,2025-02-03 19:00:00,5.22,3.03,264.7,0.0,27.08,28.18,28.81,29.34,2.89,
24,2025-02-03 20:00:00,4.25,2.59,60.22,0.0,31.63,25.96,26.59,27.48,2.38,
24,2025-02-03 21:00:00,3.8,1.9,0.46,0.0,37.97,23.31,23.82,25.0,1.83,
24,2025-02-03 22:00:00,4.47,2.55,0.0,0.0,34.52,23.6,23.66,23.71,1.92,
24,2025-02-03 23:00:00,4.18,2.34,0.0,0.0,35.76,22.67,22.94,23.31,1.8,
24,2025-02-04 00:00:00,3.8,2.17,0.0,0.0,37.18,21.85,22.1,22.36,1.67,
24,2025-02-04 01:00:00,4.47,2.49,0.0,0.0,37.54,21.07,21.55,21.94,1.61,
24,2025-02-04 02:00:00,5.0,2.47,0.0,0.0,41.96,19.66,20.28,20.8,1.38,
24,2025-02-04 03:00:00,3.5,1.14,0.0,0.0,48.3,17.43,18.39,19.08,1.1,
24,2025-02-04 04:00:00,1.4,0.14,0.0,0.0,59.87,13.84,15.11,16.25,0.69,
24,2025-02-04 05:00:00,1.02,0.16,0.0,0.0,69.24,11.34,12.39,13.01,0.45,
24,2025-02-04 06:00:00,0.0,0.0,0.85,0.0,76.12,10.38,10.72,11.07,0.31,
24,2025-02-04 07:00:00,0.42,0.0,57.63,0.0,76.78,9.91,10.09,10.46,0.29,
24,2025-02-04 08:00:00,1.4,0.29,264.7,0.0,57.68,13.13,15.45,17.1,0.75,
24,2025-02-04 09:00:00,2.0,0.94,469.1,0.0,52.87,18.12,19.16,20.22,1.05,
24,2025-02-04 10:00:00,2.3,0.95,629.3,0.0,43.43,21.11,21.99,22.92,1.5,
24,2025-02-04 11:00:00,2.45,1.07,742.4,0.0,37.12,23.62,24.77,26.33,1.98,
24,2025-02-04 12:00:00,3.05,1.18,883.0,0.0,28.41,27.17,28.03,28.8,2.72,
24,2025-02-04 13:00:00,4.25,2.24,910.0,0.0,27.07,28.82,29.49,30.01,3.01,
24,2025-02-04 14:00:00,6.5,3.08,795.3,0.0,26.12,29.69,29.97,30.22,3.13,
24,2025-02-04 15:00:00,5.45,3.24,869.0,0.0,22.87,29.97,30.38,30.59,3.34,
24,2025-02-04 16:00:00,5.08,2.93,706.7,0.0,21.84,30.6,30.92,31.21,3.5,
24,2025-02-04 17:00:00,4.7,2.3,529.6,0.0,20.91,30.81,31.26,31.61,3.61,
24,2025-02-04 18:00:00,4.25,2.32,472.8,0.0,21.36,31.26,31.47,31.59,3.63,
24,2025-02-04 19:00:00,5.15,2.09,197.7,0.0,25.97,28.63,29.8,30.55,3.11,
24,2025-02-04 20:00:00,3.72,1.82,45.27,0.0,26.52,26.05,26.72,27.52,2.58,
24,2025-02-04 21:00:00,4.18,1.64,0.4,0.0,27.75,23.84,24.62,25.38,2.24,
24,2025-02-04 22:00:00,3.28,1.35,0.0,0.0,34.15,21.52,22.36,23.28,1.78,
24,2025-02-04 23:00:00,1.78,0.36,0.0,0.0,41.66,18.58,20.04,21.37,1.38,
24,2025-02-05 00:00:00,1.32,0.17,0.0,0.0,52.98,16.13,17.07,18.22,0.92,
24,2025-02-05 01:00:00,0.88,0.05,0.0,0.0,60.29,14.03,14.71,15.5,0.67,
24,2025-02-05 02:00:00,1.32,0.1,0.0,0.0,63.39,13.2,13.62,13.89,0.57,
24,2025-02-05 03:00:00,1.1,0.06,0.0,0.0,68.51,11.88,12.47,13.02,0.45,
24,2025-02-05 04:00:00,0.72,0.01,0.0,0.0,69.99,11.28,11.68,12.0,0.41,
24,2025-02-05 05:00:00,1.1,0.05,0.0,0.0,73.27,10.25,10.71,11.05,0.35,
24,2025-02-05 06:00:00,2.52,0.3,0.68,0.0,66.36,10.36,11.71,13.5,0.47,
24,2025-02-05 07:00:00,5.82,2.48,57.38,0.0,55.15,14.85,15.41,15.8,0.79,
24,2025-02-05 08:00:00,3.2,1.45,260.6,0.0,52.96,16.08,16.46,16.78,0.88,
24,2025-02-05 09:00:00,2.68,1.32,467.9,0.0,47.32,17.38,18.59,19.81,1.13,
24,2025-02-05 10:00:00,3.35,1.78,650.1,0.0,38.84,20.38,21.45,22.51,1.57,
24,2025-02-05 11:00:00,4.4,2.29,798.3,0.0,36.58,23.15,23.85,24.52,1.88,
24,2025-02-05 12:00:00,5.38,2.57,901.0,0.0,31.87,25.08,26.16,27.17,2.32,
24,2025-02-05 13:00:00,5.98,3.26,950.0,0.0,24.57,27.58,28.36,28.93,2.92,
24,2025-02-05 14:00:00,6.12,3.5,949.0,0.0,23.59,29.48,29.81,30.22,3.21,
24,2025-02-05 15:00:00,6.05,3.55,905.0,0.0,19.49,30.49,30.96,31.34,3.61,
24,2025-02-05 16:00:00,5.9,3.42,800.0,0.0,20.29,31.49,31.63,31.76,3.71,
24,2025-02-05 17:00:00,5.52,3.38,647.0,0.0,19.81,31.68,31.73,31.78,3.75,
24,2025-02-05 18:00:00,5.9,3.02,459.8,0.0,21.62,31.23,31.53,31.8,3.63,
24,2025-02-05 19:00:00,4.92,2.72,260.1,0.0,23.89,29.69,30.41,30.97,3.31,
24,2025-02-05 20:00:00,3.65,1.95,39.54,0.0,27.63,27.06,27.94,28.86,2.73,
24,2025-02-05 21:00:00,3.12,1.68,0.39,0.0,34.02,24.51,25.3,26.69,2.13,
24,2025-02-05 22:00:00,4.32,2.56,0.0,0.0,35.75,24.38,24.86,25.29,2.02,
24,2025-02-05 23:00:00,5.15,2.56,0.0,0.0,38.53,24.04,24.36,24.75,1.88,
24,2025-02-06 00:00:00,6.8,3.54,0.0,0.0,43.06,22.04,23.12,24.01,1.62,
24,2025-02-06 01:00:00,5.9,3.38,0.0,0.0,50.47,20.06,20.84,21.66,1.23,
24,2025-02-06 02:00:00,5.9,2.96,0.0,0.0,54.85,18.74,19.06,19.37,1.0,
24,2025-02-06 03:00:00,4.92,2.44,0.0,0.0,59.59,17.22,17.88,18.46,0.83,
24,2025-02-06 04:00:00,4.1,2.01,0.0,0.0,65.97,16.12,16.52,16.89,0.64,
24,2025-02-06 05:00:00,4.55,2.16,0.0,0.0,72.73,15.23,15.56,15.92,0.48,
24,2025-02-06 06:00:00,4.78,2.31,0.69,0.0,79.35,14.4,14.66,14.93,0.35,
24,2025-02-06 07:00:00,3.35,1.35,57.31,0.0,81.93,13.78,13.97,14.17,0.29,
24,2025-02-06 08:00:00,3.5,1.75,262.4,0.0,75.16,14.59,15.24,16.14,0.43,
24,2025-02-06 09:00:00,2.98,1.76,469.4,0.0,66.91,16.75,17.52,18.59,0.67,
24,2025-02-06 10:00:00,3.28,1.7,652.9,0.0,55.91,19.12,20.26,21.34,1.06,
24,2025-02-06 11:00:00,3.95,1.94,803.0,0.0,47.63,22.05,23.09,24.1,1.48,
24,2025-02-06 12:00:00,3.8,1.83,904.0,0.0,36.15,24.9,25.92,26.76,2.14,
24,2025-02-06 13:00:00,4.18,2.07,941.0,0.0,34.33,27.67,28.33,28.99,2.53,
24,2025-02-06 14:00:00,4.62,2.11,942.0,0.0,28.36,29.78,30.65,31.39,3.16,
24,2025-02-06 15:00:00,5.0,3.01,905.0,0.0,23.93,31.34,31.55,31.69,3.53,
24,2025-02-06 16:00:00,5.75,3.29,801.0,0.0,22.25,31.98,32.08,32.3,3.72,
24,2025-02-06 17:00:00,5.9,3.49,649.9,0.0,20.46,32.07,32.24,32.35,3.84,
24,2025-02-06 18:00:00,5.75,3.18,466.8,0.0,17.06,32.02,32.18,32.32,3.99,
24,2025-02-06 19:00:00,5.68,2.71,265.6,0.0,15.9,30.87,31.44,31.91,3.88,
24,2025-02-06 20:00:00,3.65,1.71,29.51,0.0,20.13,25.67,28.17,29.9,3.08,
24,2025-02-06 21:00:00,2.3,0.54,0.33,0.0,30.63,22.33,23.49,24.9,2.02,
24,2025-02-06 22:00:00,1.18,0.15,0.0,0.0,41.08,18.8,19.79,21.09,1.36,
24,2025-02-06 23:00:00,0.72,0.03,0.0,0.0,41.82,16.42,17.26,17.91,1.15,
24,2025-02-07 00:00:00,0.72,0.01,0.0,0.0,46.7,14.87,15.55,16.0,0.94,
24,2025-02-07 01:00:00,0.57,0.01,0.0,0.0,55.27,13.7,14.12,14.56,0.72,
24,2025-02-07 02:00:00,0.65,0.01,0.0,0.0,61.39,12.81,13.13,13.45,0.58,
24,2025-02-07 03:00:00,1.32,0.11,0.0,0.0,60.96,12.86,13.31,13.69,0.6,
24,2025-02-07 04:00:00,1.02,0.03,0.0,0.0,61.02,12.53,12.76,12.99,0.57,
24,2025-02-07 05:00:00,0.8,0.03,0.0,0.0,64.91,11.44,11.93,12.41,0.49,
24,2025-02-07 06:00:00,0.88,0.02,0.51,0.0,67.73,10.87,11.05,11.22,0.43,
24,2025-02-07 07:00:00,0.72,0.02,54.59,0.0,70.15,10.69,10.87,11.12,0.39,
24,2025-02-07 08:00:00,0.95,0.07,257.7,0.0,48.18,14.02,16.94,18.91,1.02,
24,2025-02-07 09:00:00,1.55,0.39,463.4,0.0,37.55,20.33,21.8,22.83,1.64,
24,2025-02-07 10:00:00,2.45,0.97,642.6,0.0,36.16,23.38,24.04,24.95,1.91,
24,2025-02-07 11:00:00,2.75,1.05,790.0,0.0,32.12,25.72,26.63,27.74,2.37,
24,2025-02-07 12:00:00,3.35,1.25,882.0,0.0,30.47,28.1,28.84,29.64,2.76,
24,2025-02-07 13:00:00,3.72,1.62,917.0,0.0,30.75,29.9,30.61,31.05,3.04,
24,2025-02-07 14:00:00,4.62,1.95,920.0,0.0,26.96,31.86,32.15,32.62,3.51,
24,2025-02-07 15:00:00,5.98,2.66,881.0,0.0,30.2,31.18,32.35,33.29,3.4,
24,2025-02-07 16:00:00,6.42,3.44,768.6,0.0,34.68,30.68,30.9,31.2,2.92,
24,2025-02-07 17:00:00,5.98,3.09,614.8,0.0,34.32,30.35,30.43,30.5,2.86,
24,2025-02-07 18:00:00,4.62,2.15,432.2,0.0,35.89,29.51,29.91,30.31,2.71,
24,2025-02-07 19:00:00,2.75,0.84,238.3,0.0,36.06,29.65,29.74,29.84,2.67,
24,2025-02-07 20:00:00,2.08,0.79,35.5,0.0,46.68,24.55,26.14,28.34,1.82,
24,2025-02-07 21:00:00,1.7,0.31,0.23,0.0,52.73,22.25,23.3,24.01,1.36,
24,2025-02-07 22:00:00,0.0,0.0,0.0,0.0,62.67,19.39,20.34,21.36,0.89,
24,2025-02-07 23:00:00,1.1,0.05,0.0,0.0,67.27,18.2,18.51,18.86,0.7,
24,2025-02-08 00:00:00,0.88,0.08,0.0,0.0,72.48,16.42,17.14,18.32,0.54,
24,2025-02-08 01:00:00,0.35,0.0,0.0,0.0,76.87,15.43,15.78,16.16,0.42,
24,2025-02-08 02:00:00,1.02,0.1,0.0,0.0,80.3,14.68,15.02,15.29,0.34,
24,2025-02-08 03:00:00,0.8,0.04,0.0,0.0,82.1,13.78,14.07,14.34,0.29,
24,2025-02-08 04:00:00,1.48,0.12,0.0,0.0,85.68,13.61,13.77,14.04,0.23,
24,2025-02-08 05:00:00,1.02,0.02,0.0,0.0,85.98,13.03,13.23,13.44,0.21,
24,2025-02-08 06:00:00,0.28,0.0,0.3,0.0,86.75,12.31,12.64,12.98,0.2,
24,2025-02-08 07:00:00,4.7,1.12,50.22,0.0,70.86,13.22,15.44,16.39,0.52,
24,2025-02-08 08:00:00,2.9,1.5,243.8,0.0,65.4,16.71,17.39,18.23,0.69,
24,2025-02-08 09:00:00,3.12,1.55,448.1,0.0,59.9,18.75,19.57,20.36,0.92,
24,2025-02-08 10:00:00,4.18,1.79,626.9,0.0,50.96,21.35,22.33,23.26,1.33,
24,2025-02-08 11:00:00,4.78,1.96,788.3,0.0,42.7,23.63,24.74,25.92,1.8,
24,2025-02-08 12:00:00,3.88,1.96,887.0,0.0,32.9,26.57,27.48,28.53,2.47,
24,2025-02-08 13:00:00,4.1,2.46,921.0,0.0,28.83,29.18,29.88,30.59,3.0,
24,2025-02-08 14:00:00,5.3,2.54,922.0,0.0,28.67,31.0,31.59,32.1,3.32,
24,2025-02-08 15:00:00,5.9,3.19,888.0,0.0,26.84,32.41,32.59,32.8,3.6,
24,2025-02-08 16:00:00,5.75,3.64,779.9,0.0,25.6,32.83,32.97,33.1,3.74,
24,2025-02-08 17:00:00,7.02,3.79,623.5,0.0,25.13,33.06,33.16,33.29,3.8,
24,2025-02-08 18:00:00,6.05,3.48,445.5,0.0,23.87,33.28,33.38,33.52,3.91,
24,2025-02-08 19:00:00,5.9,3.32,250.1,0.0,26.04,31.85,32.47,33.04,3.61,
24,2025-02-08 20:00:00,4.55,2.19,30.66,0.0,29.04,29.77,30.37,31.06,3.08,
24,2025-02-08 21:00:00,3.8,1.87,0.11,0.0,33.44,27.61,28.41,29.28,2.58,
24,2025-02-08 22:00:00,4.78,2.35,0.0,0.0,37.33,26.37,26.85,27.28,2.22,
24,2025-02-08 23:00:00,3.95,1.79,0.0,0.0,42.33,23.42,25.3,26.68,1.87,
24,2025-02-09 00:00:00,3.8,1.59,0.0,0.0,38.78,24.55,24.79,25.31,1.92,
24,2025-02-09 01:00:00,5.0,1.57,0.0,0.0,40.62,22.77,23.82,24.75,1.76,
24,2025-02-09 02:00:00,4.92,2.29,0.0,0.0,39.64,22.62,23.16,23.73,1.72,
24,2025-02-09 03:00:00,3.8,1.84,0.0,0.0,42.28,21.43,21.75,22.24,1.5,
24,2025-02-09 04:00:00,4.18,0.69,0.0,0.0,53.84,17.36,19.3,21.29,1.05,
24,2025-02-09 05:00:00,1.18,0.06,0.0,0.0,63.87,15.4,16.45,17.03,0.68,
24,2025-02-09 06:00:00,2.3,0.8,0.21,0.0,54.72,15.57,17.28,18.03,0.9,
24,2025-02-09 07:00:00,1.92,0.56,48.99,0.0,60.21,16.36,16.68,17.12,0.76,
24,2025-02-09 08:00:00,2.6,0.73,239.6,0.0,54.85,16.92,18.23,19.15,0.95,
24,2025-02-09 09:00:00,2.98,1.37,444.4,0.0,50.09,19.92,20.78,21.85,1.23,
24,2025-02-09 10:00:00,2.75,1.2,623.5,0.0,43.38,22.35,23.59,24.65,1.65,
24,2025-02-09 11:00:00,2.9,1.16,763.6,0.0,36.63,25.03,26.5,27.85,2.2,
24,2025-02-09 12:00:00,3.35,1.78,859.0,0.0,33.09,28.85,29.29,29.84,2.72,
24,2025-02-09 13:00:00,4.55,2.11,891.0,0.0,35.4,29.82,30.16,30.4,2.77,
24,2025-02-09 14:00:00,5.82,3.04,889.0,0.0,36.21,29.75,29.85,29.95,2.68,
24,2025-02-09 15:00:00,5.98,3.05,841.0,0.0,35.65,29.6,30.0,30.31,2.73,
24,2025-02-09 16:00:00,6.12,3.21,744.1,0.0,38.48,29.17,29.84,30.3,2.59,
24,2025-02-09 17:00:00,6.12,3.02,590.2,0.0,41.57,28.23,28.74,28.99,2.31,
24,2025-02-09 18:00:00,6.35,2.72,408.4,0.0,44.94,26.82,27.33,27.93,2.0,
24,2025-02-09 19:00:00,5.22,2.39,220.2,0.0,49.94,24.72,25.52,26.45,1.64,
24,2025-02-09 20:00:00,3.12,1.09,31.31,0.0,56.81,22.58,23.38,24.19,1.25,
24,2025-02-09 21:00:00,1.32,0.13,0.08,0.0,63.06,21.12,21.56,22.03,0.95,
24,2025-02-09 22:00:00,1.4,0.15,0.0,0.0,68.54,19.51,20.25,20.89,0.75,
24,2025-02-09 23:00:00,0.72,0.01,0.0,0.0,75.18,17.93,18.46,19.07,0.53,
24,2025-02-10 00:00:00,0.0,0.0,0.0,0.0,78.22,16.68,17.13,17.56,0.43,
24,2025-02-10 01:00:00,0.5,0.01,0.0,0.0,80.5,15.6,15.97,16.38,0.35,
24,2025-02-10 02:00:00,0.72,0.01,0.0,0.0,81.58,15.29,15.37,15.44,0.32,
24,2025-02-10 03:00:00,0.8,0.02,0.0,0.0,84.78,14.55,14.74,15.05,0.26,
24,2025-02-10 04:00:00,0.72,0.01,0.0,0.0,86.23,13.87,14.08,14.4,0.22,
24,2025-02-10 05:00:00,0.65,0.02,0.0,0.0,87.18,13.37,13.53,13.75,0.2,
24,2025-02-10 06:00:00,3.2,0.85,0.11,0.0,86.65,13.41,14.86,16.07,0.23,
24,2025-02-10 07:00:00,2.0,0.74,42.34,0.0,85.85,15.58,15.71,15.82,0.25,
24,2025-02-10 08:00:00,1.55,0.19,214.8,0.0,74.89,16.41,17.43,18.44,0.51,
24,2025-02-10 09:00:00,2.15,0.45,421.1,0.0,66.21,19.5,20.21,20.99,0.81,
24,2025-02-10 10:00:00,2.3,0.6,604.4,0.0,57.0,21.38,22.51,23.65,1.18,
24,2025-02-10 11:00:00,3.05,1.16,747.7,0.0,48.41,24.11,24.93,25.79,1.63,
24,2025-02-10 12:00:00,4.47,1.83,839.0,0.0,44.05,26.37,26.9,27.65,1.98,
24,2025-02-10 13:00:00,4.47,2.24,879.0,0.0,42.32,28.04,28.4,28.92,2.23,
24,2025-02-10 14:00:00,4.62,2.27,876.0,0.0,38.97,29.36,29.95,30.34,2.58,
24,2025-02-10 15:00:00,5.15,2.24,835.0,0.0,36.2,30.3,30.64,30.9,2.81,
24,2025-02-10 16:00:00,5.15,2.5,695.4,0.0,34.06,31.02,31.27,31.62,3.01,
24,2025-02-10 17:00:00,7.02,2.42,587.5,0.0,38.4,29.96,30.79,31.32,2.74,
24,2025-02-10 18:00:00,6.72,3.4,293.6,0.0,46.06,26.4,27.0,28.11,1.93,
24,2025-02-10 19:00:00,6.5,2.52,246.5,0.0,49.49,24.68,25.62,26.57,1.67,
24,2025-02-10 20:00:00,4.92,0.73,30.57,0.0,55.99,22.55,23.22,23.9,1.26,
24,2025-02-10 21:00:00,1.1,0.13,0.12,0.0,62.93,20.74,21.45,22.19,0.95,
24,2025-02-10 22:00:00,1.4,0.19,0.0,0.0,69.2,19.42,19.82,20.17,0.71,
24,2025-02-10 23:00:00,0.95,0.17,0.0,0.0,73.56,17.84,18.22,18.72,0.55,
24,2025-02-11 00:00:00,1.1,0.11,0.0,0.0,75.79,17.23,17.4,17.64,0.48,
24,2025-02-11 01:00:00,0.95,0.11,0.0,0.0,77.18,16.31,16.62,16.96,0.43,
24,2025-02-11 02:00:00,0.65,0.02,0.0,0.0,82.82,15.25,15.72,16.24,0.31,
24,2025-02-11 03:00:00,0.65,0.01,0.0,0.0,86.13,14.33,14.53,14.85,0.23,
24,2025-02-11 04:00:00,0.0,0.0,0.0,0.0,87.73,13.56,13.86,14.27,0.2,
24,2025-02-11 05:00:00,0.8,0.01,0.0,0.0,88.85,12.79,13.29,13.58,0.17,
24,2025-02-11 06:00:00,1.55,0.31,0.21,0.0,77.1,12.48,13.11,13.87,0.35,
24,2025-02-11 07:00:00,1.7,0.23,36.83,0.0,70.44,12.95,13.29,13.84,0.45,
24,2025-02-11 08:00:00,2.38,0.92,211.8,0.0,62.98,14.05,14.95,15.83,0.63,
24,2025-02-11 09:00:00,2.9,1.47,413.2,0.0,58.35,16.33,17.15,18.04,0.82,
24,2025-02-11 10:00:00,3.2,1.71,595.4,0.0,54.28,18.35,19.3,20.23,1.03,
24,2025-02-11 11:00:00,3.2,1.62,752.6,0.0,51.29,20.89,21.85,22.78,1.28,
24,2025-02-11 12:00:00,4.1,2.11,862.0,0.0,45.23,23.39,24.39,25.36,1.68,
24,2025-02-11 13:00:00,4.7,2.8,908.0,0.0,36.39,25.81,26.61,27.43,2.22,
24,2025-02-11 14:00:00,5.15,2.9,901.0,0.0,26.68,28.03,28.38,28.83,2.84,
24,2025-02-11 15:00:00,4.18,2.32,849.0,0.0,27.23,29.0,29.35,29.67,2.98,
24,2025-02-11 16:00:00,4.7,2.48,743.8,0.0,23.05,29.78,29.88,29.93,3.24,
24,2025-02-11 17:00:00,5.52,2.58,595.4,0.0,22.98,29.98,30.1,30.22,3.29,
24,2025-02-11 18:00:00,4.47,2.27,415.2,0.0,22.79,29.49,29.66,29.85,3.22,
24,2025-02-11 19:00:00,4.03,2.03,225.2,0.0,24.33,27.62,28.51,29.28,2.95,
24,2025-02-11 20:00:00,3.05,1.52,28.66,0.0,29.17,23.84,25.2,26.6,2.28,
24,2025-02-11 21:00:00,4.18,2.12,0.09,0.0,25.25,23.85,24.66,25.12,2.32,
24,2025-02-11 22:00:00,3.65,2.03,0.0,0.0,25.52,22.9,23.17,23.51,2.11,
24,2025-02-11 23:00:00,3.65,2.06,0.0,0.0,26.31,21.84,22.4,23.09,2.0,
24,2025-02-12 00:00:00,2.75,0.71,0.0,0.0,35.22,17.95,20.11,21.66,1.55,
24,2025-02-12 01:00:00,0.8,0.01,0.0,0.0,53.35,14.75,15.74,17.11,0.84,
24,2025-02-12 02:00:00,3.65,0.84,0.0,0.0,44.64,13.72,16.14,19.47,1.06,
24,2025-02-12 03:00:00,4.92,2.56,0.0,0.0,34.35,18.46,19.16,19.73,1.46,
24,2025-02-12 04:00:00,4.03,1.79,0.0,0.0,42.15,16.26,17.14,17.94,1.14,
24,2025-02-12 05:00:00,3.05,1.67,0.0,0.0,48.76,15.13,15.42,15.8,0.9,
24,2025-02-12 06:00:00,2.6,0.47,0.17,0.0,59.58,12.5,13.63,14.82,0.64,
24,2025-02-12 07:00:00,1.25,0.12,38.39,0.0,67.46,11.43,11.77,12.08,0.45,
24,2025-02-12 08:00:00,2.52,0.59,216.8,0.0,60.01,12.0,13.73,14.88,0.63,
24,2025-02-12 09:00:00,2.6,1.23,422.2,0.0,52.2,15.49,16.7,17.81,0.91,
24,2025-02-12 10:00:00,2.9,1.47,606.3,0.0,45.96,18.3,19.1,20.09,1.2,
24,2025-02-12 11:00:00,2.9,1.47,757.5,0.0,38.06,20.62,21.65,22.9,1.61,
24,2025-02-12 12:00:00,4.1,1.72,862.0,0.0,30.73,24.15,24.79,25.8,2.17,
24,2025-02-12 13:00:00,5.3,2.66,899.0,0.0,25.12,26.37,27.02,27.79,2.68,
24,2025-02-12 14:00:00,4.32,2.39,899.0,0.0,23.36,28.12,28.58,28.87,3.0,
24,2025-02-12 15:00:00,4.32,2.08,855.0,0.0,22.41,29.31,29.71,30.08,3.24,
24,2025-02-12 16:00:00,5.08,1.98,761.7,0.0,20.9,29.81,30.23,30.5,3.4,
24,2025-02-12 17:00:00,4.18,2.02,606.6,0.0,21.33,30.84,30.89,30.94,3.51,
24,2025-02-12 18:00:00,3.58,1.86,424.4,0.0,21.65,30.59,30.77,30.98,3.47,
24,2025-02-12 19:00:00,3.28,1.75,227.4,0.0,22.17,28.85,29.66,30.4,3.24,
24,2025-02-12 20:00:00,5.22,1.8,25.54,0.0,26.43,24.47,25.99,27.63,2.48,
24,2025-02-12 21:00:00,3.12,1.2,0.07,0.0,29.84,22.6,23.6,24.34,2.05,
24,2025-02-12 22:00:00,2.98,0.58,0.0,0.0,35.15,20.02,20.93,21.99,1.61,
24,2025-02-12 23:00:00,0.8,0.02,0.0,0.0,48.63,16.58,17.76,19.46,1.05,
24,2025-02-13 00:00:00,0.8,0.03,0.0,0.0,55.0,14.98,15.36,15.97,0.79,
24,2025-02-13 01:00:00,0.88,0.02,0.0,0.0,60.2,13.29,13.66,14.26,0.62,
24,2025-02-13 02:00:00,0.72,0.01,0.0,0.0,64.28,12.41,12.72,13.0,0.53,
24,2025-02-13 03:00:00,1.1,0.03,0.0,0.0,65.07,12.04,12.17,12.37,0.5,
24,2025-02-13 04:00:00,0.0,0.0,0.0,0.0,70.14,10.73,11.15,11.66,0.4,
24,2025-02-13 05:00:00,0.72,0.01,0.0,0.0,69.51,10.45,10.89,11.71,0.4,
24,2025-02-13 06:00:00,1.85,0.29,0.14,0.0,59.52,12.55,13.36,14.26,0.62,
24,2025-02-13 07:00:00,1.1,0.04,38.48,0.0,71.09,10.04,10.69,12.03,0.37,
24,2025-02-13 08:00:00,2.08,0.19,219.6,0.0,55.39,12.01,14.56,16.42,0.75,
24,2025-02-13 09:00:00,2.45,0.93,424.0,0.0,46.04,16.99,18.12,19.27,1.13,
24,2025-02-13 10:00:00,2.08,0.81,607.3,0.0,38.26,20.43,21.15,22.02,1.55,
24,2025-02-13 11:00:00,2.68,1.12,755.7,0.0,33.17,22.88,23.99,25.2,2.0,
24,2025-02-13 12:00:00,3.35,1.54,856.0,0.0,27.75,25.46,26.39,27.22,2.49,
24,2025-02-13 13:00:00,4.78,2.59,892.0,0.0,25.13,27.74,28.45,29.05,2.91,
24,2025-02-13 14:00:00,4.78,2.6,892.0,0.0,24.21,29.3,29.66,30.1,3.16,
24,2025-02-13 15:00:00,4.55,1.97,854.0,0.0,20.93,30.34,30.82,31.28,3.52,
24,2025-02-13 16:00:00,4.7,2.27,752.7,0.0,19.73,31.26,31.5,31.62,3.71,
24,2025-02-13 17:00:00,4.1,2.18,607.1,0.0,19.22,31.62,31.75,31.85,3.79,
24,2025-02-13 18:00:00,4.03,2.0,421.2,0.0,18.13,31.41,31.53,31.68,3.79,
24,2025-02-13 19:00:00,3.42,1.56,227.4,0.0,20.71,29.53,30.59,31.19,3.49,
24,2025-02-13 20:00:00,3.2,0.65,26.21,0.0,26.74,24.95,26.47,28.07,2.54,
24,2025-02-13 21:00:00,1.7,0.43,0.05,0.0,29.81,22.03,23.01,24.11,1.98,
24,2025-02-13 22:00:00,1.18,0.08,0.0,0.0,39.64,18.1,19.82,21.63,1.41,
24,2025-02-13 23:00:00,0.8,0.03,0.0,0.0,52.51,15.47,16.23,17.08,0.88,
24,2025-02-14 00:00:00,0.57,0.01,0.0,0.0,51.84,13.97,14.61,15.05,0.8,
24,2025-02-14 01:00:00,0.5,0.01,0.0,0.0,59.61,12.68,13.23,13.81,0.62,
24,2025-02-14 02:00:00,0.8,0.02,0.0,0.0,65.68,11.66,11.96,12.28,0.48,
24,2025-02-14 03:00:00,1.1,0.07,0.0,0.0,63.39,11.29,11.45,11.6,0.5,
24,2025-02-14 04:00:00,2.75,0.74,0.0,0.0,43.58,12.93,15.27,16.77,0.99,
24,2025-02-14 05:00:00,1.02,0.05,0.0,0.0,63.28,11.14,12.15,13.58,0.53,
24,2025-02-14 06:00:00,0.8,0.03,0.06,0.0,69.95,9.26,9.67,10.36,0.36,
24,2025-02-14 07:00:00,0.35,0.0,45.73,0.0,70.41,9.19,9.6,10.31,0.35,
24,2025-02-14 08:00:00,1.78,0.5,204.7,0.0,59.43,11.98,13.94,15.52,0.65,
24,2025-02-14 09:00:00,3.12,0.96,428.4,0.0,49.21,16.62,17.49,18.12,1.02,
24,2025-02-14 10:00:00,3.58,1.57,602.7,0.0,45.15,18.37,19.17,20.43,1.22,
24,2025-02-14 11:00:00,3.42,1.56,746.7,0.0,38.86,21.16,21.91,22.65,1.61,
24,2025-02-14 12:00:00,3.88,1.48,848.0,0.0,31.29,23.08,24.21,25.06,2.08,
24,2025-02-14 13:00:00,4.1,1.77,888.0,0.0,30.03,25.35,26.23,27.02,2.38,
24,2025-02-14 14:00:00,3.65,1.73,886.0,0.0,27.69,27.49,28.26,28.83,2.78,
24,2025-02-14 15:00:00,3.88,1.52,843.0,0.0,24.42,29.28,29.75,30.62,3.17,
24,2025-02-14 16:00:00,4.32,1.87,750.9,0.0,20.74,30.71,30.93,31.1,3.55,
24,2025-02-14 17:00:00,4.47,2.23,598.7,0.0,17.15,30.94,31.04,31.18,3.73,
24,2025-02-14 18:00:00,5.45,2.44,419.6,0.0,19.73,29.09,30.02,30.65,3.42,
24,2025-02-14 19:00:00,5.08,2.68,223.6,0.0,28.49,26.05,27.2,28.2,2.59,
24,2025-02-14 20:00:00,4.32,1.14,21.96,0.0,33.14,23.18,24.12,25.15,2.02,
24,2025-02-14 21:00:00,2.22,0.43,0.03,0.0,39.5,21.11,21.5,22.47,1.55,
24,2025-02-14 22:00:00,1.02,0.07,0.0,0.0,47.15,17.51,18.88,20.29,1.16,
24,2025-02-14 23:00:00,1.02,0.04,0.0,0.0,56.64,15.09,15.78,16.57,0.78,
24,2025-02-15 00:00:00,0.28,0.0,0.0,0.0,58.0,13.8,14.26,14.72,0.68,
24,2025-02-15 01:00:00,0.88,0.02,0.0,0.0,64.05,12.34,12.73,13.23,0.53,
24,2025-02-15 02:00:00,0.57,0.01,0.0,0.0,67.48,10.91,11.43,11.89,0.44,
24,2025-02-15 03:00:00,0.8,0.01,0.0,0.0,70.7,10.35,10.49,10.81,0.37,
24,2025-02-15 04:00:00,1.25,0.08,0.0,0.0,73.88,9.61,9.84,10.24,0.32,
24,2025-02-15 05:00:00,0.0,0.0,0.0,0.0,79.47,9.16,9.36,9.55,0.24,
24,2025-02-15 06:00:00,1.4,0.16,0.05,0.0,84.33,9.21,9.47,10.06,0.19,
24,2025-02-15 07:00:00,1.7,0.09,35.38,0.0,83.93,9.44,9.66,10.08,0.19,
24,2025-02-15 08:00:00,0.88,0.06,228.6,0.0,70.01,10.1,12.09,13.88,0.44,
24,2025-02-15 09:00:00,1.48,0.26,424.3,0.0,56.94,14.72,15.66,16.57,0.77,
24,2025-02-15 10:00:00,2.3,0.72,608.8,0.0,47.5,16.91,17.8,18.69,1.08,
24,2025-02-15 11:00:00,2.82,1.01,762.5,0.0,42.75,19.34,20.31,21.29,1.37,
24,2025-02-15 12:00:00,2.82,1.13,865.0,0.0,30.81,21.61,22.54,23.52,1.9,
24,2025-02-15 13:00:00,3.65,1.65,899.0,0.0,28.02,24.08,24.7,25.4,2.24,
24,2025-02-15 14:00:00,3.65,1.54,898.0,0.0,30.94,25.92,26.55,27.06,2.4,
24,2025-02-15 15:00:00,4.4,1.72,858.0,0.0,28.16,27.09,27.61,27.92,2.66,
24,2025-02-15 16:00:00,4.32,2.22,760.0,0.0,24.43,27.83,28.2,28.39,2.89,
24,2025-02-15 17:00:00,4.47,2.0,602.8,0.0,20.66,28.4,28.6,28.97,3.11,
24,2025-02-15 18:00:00,4.03,1.7,424.0,0.0,18.68,27.26,27.85,28.55,3.05,
24,2025-02-15 19:00:00,4.47,2.39,227.9,0.0,31.49,24.05,25.46,26.55,2.25,
24,2025-02-15 20:00:00,4.18,1.2,21.54,0.0,42.99,21.51,22.2,23.08,1.53,
24,2025-02-15 21:00:00,1.92,0.7,0.03,0.0,49.18,19.25,19.78,20.77,1.18,
24,2025-02-15 22:00:00,2.52,0.56,0.0,0.0,54.76,16.34,17.56,18.75,0.91,
24,2025-02-15 23:00:00,1.1,0.08,0.0,0.0,62.57,14.35,15.3,16.39,0.66,
24,2025-02-16 00:00:00,0.8,0.03,0.0,0.0,69.45,12.28,13.06,13.83,0.46,
24,2025-02-16 01:00:00,0.95,0.05,0.0,0.0,74.69,11.0,11.64,11.94,0.35,
24,2025-02-16 02:00:00,0.65,0.02,0.0,0.0,77.85,10.14,10.49,10.62,0.28,
24,2025-02-16 03:00:00,0.88,0.03,0.0,0.0,80.9,9.24,9.33,9.54,0.22,
24,2025-02-16 04:00:00,0.65,0.01,0.0,0.0,84.48,8.39,8.7,9.13,0.17,
24,2025-02-16 05:00:00,0.0,0.0,0.0,0.0,84.55,7.63,8.04,8.51,0.17,
24,2025-02-16 06:00:00,0.8,0.01,0.06,0.0,85.53,7.13,7.33,7.5,0.15,
24,2025-02-16 07:00:00,0.0,0.0,40.49,0.0,86.58,7.03,7.13,7.27,0.14,
24,2025-02-16 08:00:00,1.02,0.12,234.7,0.0,73.5,8.9,11.1,13.24,0.36,
24,2025-02-16 09:00:00,1.85,0.59,431.1,0.0,60.66,14.04,15.37,16.81,0.7,
24,2025-02-16 10:00:00,3.2,1.21,613.1,0.0,52.06,17.43,18.3,19.28,1.01,
24,2025-02-16 11:00:00,4.03,1.83,764.5,0.0,42.66,20.12,21.2,22.24,1.45,
24,2025-02-16 12:00:00,4.4,2.06,865.0,0.0,36.04,22.53,23.59,24.48,1.87,
24,2025-02-16 13:00:00,4.85,2.43,906.0,0.0,32.13,25.05,25.82,26.41,2.26,
24,2025-02-16 14:00:00,5.3,3.2,906.0,0.0,28.24,26.99,27.43,27.78,2.63,
24,2025-02-16 15:00:00,6.05,3.19,869.0,0.0,24.25,27.89,28.3,28.67,2.92,
24,2025-02-16 16:00:00,4.92,2.98,764.4,0.0,23.68,28.83,29.07,29.34,3.07,
24,2025-02-16 17:00:00,4.78,3.0,606.9,0.0,23.02,29.25,29.31,29.38,3.14,
24,2025-02-16 18:00:00,4.78,2.84,422.0,0.0,21.41,28.83,29.1,29.55,3.17,
24,2025-02-16 19:00:00,5.3,2.45,223.9,0.0,21.56,27.19,27.99,28.53,2.97,
24,2025-02-16 20:00:00,3.5,1.93,20.12,0.0,28.44,24.54,25.48,26.42,2.34,
24,2025-02-16 21:00:00,4.7,2.0,0.02,0.0,32.26,22.19,23.07,24.0,1.92,
24,2025-02-16 22:00:00,4.55,2.16,0.0,0.0,30.28,22.53,22.94,23.65,1.95,
24,2025-02-16 23:00:00,3.58,1.76,0.0,0.0,31.34,21.23,21.85,22.39,1.8,
24,2025-02-17 00:00:00,3.05,1.67,0.0,0.0,34.63,20.77,20.97,21.14,1.62,
24,2025-02-17 01:00:00,4.55,2.43,0.0,0.0,35.68,20.1,20.53,20.77,1.56,
24,2025-02-17 02:00:00,5.45,3.03,0.0,0.0,35.49,18.92,19.43,19.87,1.46,
24,2025-02-17 03:00:00,6.35,3.6,0.0,0.0,42.25,17.48,18.03,18.54,1.19,
24,2025-02-17 04:00:00,5.9,2.43,0.0,0.0,47.33,16.02,16.48,16.95,0.99,
24,2025-02-17 05:00:00,2.68,0.79,0.0,0.0,51.1,13.85,15.01,15.69,0.84,
24,2025-02-17 06:00:00,0.65,0.01,0.05,0.0,64.97,10.08,11.35,12.78,0.48,
24,2025-02-17 07:00:00,0.95,0.08,33.83,0.0,70.09,8.94,9.16,9.47,0.35,
24,2025-02-17 08:00:00,2.9,0.44,231.3,0.0,58.46,10.82,13.32,15.12,0.64,
24,2025-02-17 09:00:00,4.55,2.0,425.5,0.0,52.6,15.73,16.77,17.6,0.91,
24,2025-02-17 10:00:00,4.62,2.72,607.8,0.0,49.43,17.72,18.4,19.28,1.07,
24,2025-02-17 11:00:00,4.4,1.78,759.1,0.0,39.59,19.93,21.02,22.34,1.51,
24,2025-02-17 12:00:00,2.9,1.12,861.0,0.0,30.43,23.6,24.42,25.32,2.13,
24,2025-02-17 13:00:00,3.42,1.69,899.0,0.0,28.83,26.13,26.91,27.8,2.52,
24,2025-02-17 14:00:00,4.32,1.97,901.0,0.0,21.6,28.24,29.19,29.81,3.18,
24,2025-02-17 15:00:00,5.68,2.92,861.0,0.0,22.06,30.06,30.15,30.28,3.34,
24,2025-02-17 16:00:00,5.08,3.08,760.1,0.0,21.24,30.06,30.37,30.75,3.42,
24,2025-02-17 17:00:00,5.08,3.05,608.8,0.0,20.09,30.4,30.43,30.5,3.48,
24,2025-02-17 18:00:00,5.08,2.95,422.6,0.0,19.15,29.6,30.02,30.33,3.43,
24,2025-02-17 19:00:00,4.7,2.58,226.8,0.0,18.31,27.62,28.71,29.62,3.22,
24,2025-02-17 20:00:00,3.72,1.97,18.33,0.0,22.43,25.23,26.01,26.71,2.61,
24,2025-02-17 21:00:00,3.72,1.86,0.02,0.0,26.45,23.1,23.17,23.28,2.09,
24,2025-02-17 22:00:00,4.18,1.81,0.0,0.0,26.76,22.32,22.57,22.81,2.0,
24,2025-02-17 23:00:00,2.9,1.21,0.0,0.0,29.26,20.77,21.69,22.31,1.84,
24,2025-02-18 00:00:00,2.68,0.66,0.0,0.0,35.75,17.13,19.85,21.85,1.51,
24,2025-02-18 01:00:00,1.02,0.08,0.0,0.0,44.38,15.26,15.42,15.69,0.98,
24,2025-02-18 02:00:00,1.1,0.15,0.0,0.0,50.09,13.71,14.31,14.8,0.82,
24,2025-02-18 03:00:00,1.4,0.26,0.0,0.0,52.83,13.25,14.0,14.7,0.75,
24,2025-02-18 04:00:00,1.02,0.09,0.0,0.0,57.41,11.82,12.28,12.8,0.61,
24,2025-02-18 05:00:00,1.55,0.32,0.0,0.0,57.72,12.54,13.16,13.46,0.64,
24,2025-02-18 06:00:00,0.72,0.01,0.04,0.0,65.15,9.54,10.25,11.18,0.44,
24,2025-02-18 07:00:00,0.65,0.01,28.15,0.0,71.23,8.82,8.96,9.1,0.33,
24,2025-02-18 08:00:00,0.95,0.12,226.8,0.0,56.85,10.42,13.51,15.9,0.68,
24,2025-02-18 09:00:00,2.6,1.13,422.0,0.0,48.9,16.35,17.51,18.82,1.03,
24,2025-02-18 10:00:00,2.45,1.11,609.2,0.0,41.68,19.53,20.74,21.99,1.43,
24,2025-02-18 11:00:00,2.6,0.91,758.0,0.0,34.06,22.87,24.01,25.06,1.98,
24,2025-02-18 12:00:00,2.52,0.91,855.0,0.0,28.02,25.7,27.29,28.42,2.62,
24,2025-02-18 13:00:00,3.12,1.19,903.0,0.0,22.39,28.77,29.77,30.42,3.25,
24,2025-02-18 14:00:00,3.65,1.23,903.0,0.0,21.66,31.36,31.66,32.11,3.65,
24,2025-02-18 15:00:00,5.45,1.56,851.0,0.0,22.99,32.11,32.55,32.94,3.78,
24,2025-02-18 16:00:00,5.15,1.88,748.4,0.0,22.1,33.14,33.32,33.66,3.99,
24,2025-02-18 17:00:00,5.3,2.69,589.5,0.0,25.95,30.74,32.01,33.05,3.53,
24,2025-02-18 18:00:00,6.72,3.1,404.3,0.0,32.8,27.08,28.31,29.75,2.6,
24,2025-02-18 19:00:00,3.8,0.92,209.2,0.0,39.97,24.43,25.73,26.8,1.99,
24,2025-02-18 20:00:00,4.25,0.69,23.08,0.0,50.05,20.94,21.94,23.11,1.32,
24,2025-02-18 21:00:00,1.1,0.06,0.01,0.0,57.57,18.74,19.51,20.34,0.96,
24,2025-02-18 22:00:00,0.95,0.04,0.0,0.0,64.4,16.93,17.56,18.17,0.72,
24,2025-02-18 23:00:00,1.25,0.19,0.0,0.0,71.35,15.8,16.26,16.75,0.53,
24,2025-02-19 00:00:00,1.02,0.05,0.0,0.0,78.55,14.55,14.92,15.42,0.37,
24,2025-02-19 01:00:00,1.32,0.08,0.0,0.0,82.25,13.64,13.98,14.33,0.29,
24,2025-02-19 02:00:00,1.7,0.13,0.0,0.0,85.43,13.1,13.44,13.65,0.23,
24,2025-02-19 03:00:00,1.25,0.11,0.0,0.0,89.23,11.96,12.52,12.94,0.16,
24,2025-02-19 04:00:00,1.48,0.16,0.0,0.0,92.18,11.53,11.83,12.15,0.11,
24,2025-02-19 05:00:00,1.18,0.22,0.0,0.0,91.45,11.83,12.2,12.46,0.12,
24,2025-02-19 06:00:00,1.02,0.09,0.01,0.0,89.88,12.48,12.52,12.55,0.15,
24,2025-02-19 07:00:00,1.4,0.22,15.52,0.0,88.78,12.53,12.69,12.8,0.16,
24,2025-02-19 08:00:00,2.45,0.69,68.09,0.0,87.1,12.95,13.02,13.17,0.19,
24,2025-02-19 09:00:00,2.0,0.75,141.6,0.0,82.15,13.57,13.81,14.09,0.29,
24,2025-02-19 10:00:00,2.22,0.76,418.8,0.0,77.18,14.41,14.91,15.64,0.39,
24,2025-02-19 11:00:00,2.75,0.88,724.0,0.0,64.72,16.38,17.8,18.89,0.73,
24,2025-02-19 12:00:00,3.28,1.44,826.0,0.0,57.3,19.48,20.3,21.18,1.02,
24,2025-02-19 13:00:00,3.95,1.65,866.0,0.0,49.68,22.29,22.66,22.98,1.39,
24,2025-02-19 14:00:00,3.35,1.44,865.0,0.0,46.01,23.26,24.03,24.99,1.62,
24,2025-02-19 15:00:00,3.58,1.89,817.0,0.0,44.04,24.97,25.28,25.52,1.8,
24,2025-02-19 16:00:00,4.1,2.24,720.1,0.0,41.46,25.9,26.1,26.3,1.98,
24,2025-02-19 17:00:00,3.95,2.09,571.5,0.0,40.98,26.14,26.23,26.37,2.01,
24,2025-02-19 18:00:00,3.28,1.68,389.5,0.0,42.02,25.81,25.86,25.94,1.93,
24,2025-02-19 19:00:00,3.72,1.49,194.2,0.0,46.97,23.28,24.3,25.1,1.61,
24,2025-02-19 20:00:00,3.05,1.03,23.52,0.0,55.32,20.33,21.21,22.33,1.13,
24,2025-02-19 21:00:00,1.48,0.24,0.01,0.0,62.66,18.23,19.07,19.82,0.83,
24,2025-02-19 22:00:00,1.62,0.23,0.0,0.0,69.26,16.53,17.18,17.83,0.61,
24,2025-02-19 23:00:00,1.48,0.1,0.0,0.0,74.81,15.2,15.6,16.14,0.45,
24,2025-02-20 00:00:00,1.02,0.03,0.0,0.0,79.88,13.59,14.23,14.83,0.33,
24,2025-02-20 01:00:00,0.88,0.04,0.0,0.0,83.53,12.54,12.97,13.36,0.25,
24,2025-02-20 02:00:00,0.0,0.0,0.0,0.0,85.58,11.34,11.84,12.28,0.2,
24,2025-02-20 03:00:00,0.0,0.0,0.0,0.0,87.0,10.87,10.99,11.13,0.17,
24,2025-02-20 04:00:00,0.0,0.0,0.0,0.0,88.15,9.92,10.27,10.56,0.15,
24,2025-02-20 05:00:00,0.0,0.0,0.0,0.0,89.63,9.43,9.56,9.72,0.13,
24,2025-02-20 06:00:00,0.0,0.0,0.02,0.0,90.23,8.88,9.06,9.3,0.11,
24,2025-02-20 07:00:00,0.0,0.0,30.88,0.0,91.28,8.6,8.79,9.1,0.1,
24,2025-02-20 08:00:00,1.55,0.09,209.3,0.0,81.62,10.03,12.25,14.09,0.27,
24,2025-02-20 09:00:00,3.12,1.18,430.1,0.0,76.97,14.66,15.4,16.04,0.41,
24,2025-02-20 10:00:00,3.2,1.4,577.3,0.0,70.5,16.18,17.03,17.94,0.58,
24,2025-02-20 11:00:00,3.12,0.98,726.5,0.0,59.86,18.64,19.78,20.75,0.93,
24,2025-02-20 12:00:00,2.98,1.02,822.0,0.0,51.14,21.68,22.83,23.89,1.36,
24,2025-02-20 13:00:00,3.35,1.25,858.0,0.0,44.94,24.58,25.41,26.27,1.79,
24,2025-02-20 14:00:00,3.88,1.73,867.0,0.0,41.6,26.68,27.24,27.95,2.12,
24,2025-02-20 15:00:00,4.03,2.02,816.0,0.0,40.46,28.15,28.54,28.87,2.33,
24,2025-02-20 16:00:00,4.18,1.64,715.2,0.0,38.21,29.08,29.48,29.79,2.55,
24,2025-02-20 17:00:00,5.0,2.09,563.1,0.0,36.19,29.53,29.68,29.83,2.66,
24,2025-02-20 18:00:00,4.25,2.19,384.9,0.0,34.88,28.43,28.97,29.27,2.6,
24,2025-02-20 19:00:00,4.18,2.28,192.3,0.0,36.91,25.7,26.84,27.82,2.23,
24,2025-02-20 20:00:00,3.58,0.95,19.31,0.0,48.5,22.63,23.78,24.79,1.52,
24,2025-02-20 21:00:00,2.22,0.33,0.0,0.0,58.21,19.98,21.05,21.79,1.05,
24,2025-02-20 22:00:00,0.8,0.02,0.0,0.0,66.57,17.83,18.69,19.26,0.72,
24,2025-02-20 23:00:00,0.8,0.02,0.0,0.0,72.98,15.68,16.55,17.6,0.51,
24,2025-02-21 00:00:00,0.72,0.01,0.0,0.0,77.86,14.53,14.9,15.26,0.38,
24,2025-02-21 01:00:00,0.57,0.0,0.0,0.0,80.53,13.34,13.78,14.18,0.31,
24,2025-02-21 02:00:00,0.57,0.0,0.0,0.0,82.3,12.36,12.77,13.16,0.27,
24,2025-02-21 03:00:00,0.0,0.0,0.0,0.0,84.93,11.73,11.93,12.12,0.21,
24,2025-02-21 04:00:00,0.0,0.0,0.0,0.0,86.63,11.1,11.3,11.52,0.18,
24,2025-02-21 05:00:00,0.95,0.02,0.0,0.0,88.33,10.55,10.69,10.96,0.15,
24,2025-02-21 06:00:00,0.0,0.0,0.01,0.0,90.65,10.27,10.46,10.64,0.12,
24,2025-02-21 07:00:00,0.0,0.0,28.9,0.0,89.83,10.04,10.17,10.31,0.13,
24,2025-02-21 08:00:00,1.18,0.12,217.6,0.0,78.09,11.29,13.54,15.14,0.35,
24,2025-02-21 09:00:00,1.85,0.59,412.0,0.0,68.28,15.78,17.11,18.42,0.62,
24,2025-02-21 10:00:00,2.08,0.73,594.6,0.0,58.73,19.1,20.12,21.18,0.98,
24,2025-02-21 11:00:00,2.3,0.67,736.0,0.0,48.22,22.22,23.46,24.27,1.5,
24,2025-02-21 12:00:00,3.5,1.54,830.0,0.0,44.28,24.87,25.63,26.51,1.84,
24,2025-02-21 13:00:00,4.47,2.27,871.0,0.0,38.92,26.65,27.65,28.49,2.27,
24,2025-02-21 14:00:00,4.92,2.15,870.0,0.0,34.52,29.17,29.75,30.41,2.74,
24,2025-02-21 15:00:00,4.7,2.13,825.0,0.0,33.69,30.43,30.94,31.35,2.97,
24,2025-02-21 16:00:00,4.92,2.11,721.3,0.0,32.15,31.62,31.87,32.04,3.2,
24,2025-02-21 17:00:00,4.18,2.09,572.3,0.0,30.87,32.17,32.29,32.37,3.34,
24,2025-02-21 18:00:00,3.8,2.15,386.9,0.0,30.1,31.54,31.82,31.97,3.29,
24,2025-02-21 19:00:00,3.2,1.58,192.3,0.0,30.67,29.88,30.88,31.61,3.1,
24,2025-02-21 20:00:00,2.68,1.32,16.62,0.0,38.24,26.52,27.72,28.85,2.3,
24,2025-02-21 21:00:00,2.9,1.1,0.0,0.0,45.17,24.53,25.31,25.94,1.77,
24,2025-02-21 22:00:00,0.88,0.03,0.0,0.0,56.62,20.53,21.94,23.37,1.15,
24,2025-02-21 23:00:00,0.88,0.03,0.0,0.0,64.38,18.48,19.28,20.06,0.8,
24,2025-02-22 00:00:00,0.8,0.03,0.0,0.0,64.81,17.76,18.0,18.31,0.73,
24,2025-02-22 01:00:00,5.75,3.06,0.0,0.0,47.48,19.92,21.48,22.49,1.35,
24,2025-02-22 02:00:00,5.3,2.65,0.0,0.0,50.86,19.76,20.35,20.97,1.18,
24,2025-02-22 03:00:00,3.72,1.43,0.0,0.0,55.43,18.09,18.98,19.62,0.98,
24,2025-02-22 04:00:00,2.3,1.07,0.0,0.0,60.61,16.95,17.22,17.65,0.77,
24,2025-02-22 05:00:00,1.55,0.19,0.0,0.0,68.27,14.73,15.63,16.66,0.57,
24,2025-02-22 06:00:00,0.88,0.06,0.0,0.0,74.17,13.75,14.31,14.68,0.42,
24,2025-02-22 07:00:00,2.38,0.43,28.5,0.0,71.94,13.3,13.92,14.78,0.45,
24,2025-02-22 08:00:00,3.05,1.45,158.0,0.0,65.59,15.13,15.7,16.27,0.62,
24,2025-02-22 09:00:00,3.88,1.74,331.5,0.0,58.83,16.81,17.85,18.59,0.84,
24,2025-02-22 10:00:00,3.05,1.63,536.2,0.0,52.15,19.15,20.24,21.05,1.14,
24,2025-02-22 11:00:00,3.88,1.67,707.8,0.0,48.34,21.2,22.18,23.48,1.38,
24,2025-02-22 12:00:00,4.25,2.04,886.0,0.0,42.1,24.3,25.35,26.6,1.88,
24,2025-02-22 13:00:00,4.62,2.82,871.0,0.0,34.82,26.5,27.62,28.65,2.42,
24,2025-02-22 14:00:00,5.75,3.35,876.0,0.0,27.02,28.84,29.7,30.56,3.05,
24,2025-02-22 15:00:00,7.02,3.63,862.0,0.0,25.52,30.83,31.03,31.2,3.35,
24,2025-02-22 16:00:00,5.22,3.24,790.6,0.0,24.2,31.42,31.72,32.21,3.55,
24,2025-02-22 17:00:00,5.98,3.32,582.7,0.0,22.94,31.76,31.94,32.11,3.65,
24,2025-02-22 18:00:00,5.45,2.97,221.9,0.0,22.33,30.2,30.47,30.96,3.39,
24,2025-02-22 19:00:00,5.08,2.44,147.6,0.0,24.23,29.15,29.6,30.12,3.14,
24,2025-02-22 20:00:00,3.95,2.01,31.16,0.0,25.77,26.95,27.73,28.56,2.77,
24,2025-02-22 21:00:00,3.28,1.47,0.0,0.0,35.92,24.24,24.54,25.39,1.98,
24,2025-02-22 22:00:00,3.72,1.87,0.0,0.0,35.43,23.41,23.78,24.2,1.9,
24,2025-02-22 23:00:00,3.88,2.13,0.0,0.0,34.0,24.02,24.15,24.38,1.99,
24,2025-02-23 00:00:00,4.92,2.66,0.0,0.0,36.09,23.21,23.47,23.95,1.85,
24,2025-02-23 01:00:00,6.65,3.88,0.0,0.0,42.88,21.03,22.14,23.02,1.53,
24,2025-02-23 02:00:00,6.12,3.31,0.0,0.0,54.84,19.54,19.97,20.47,1.05,
24,2025-02-23 03:00:00,4.78,1.98,0.0,0.0,60.21,18.21,18.71,19.24,0.86,
24,2025-02-23 04:00:00,3.28,1.06,0.0,0.0,64.39,16.22,17.39,17.94,0.71,
24,2025-02-23 05:00:00,0.88,0.01,0.0,0.0,73.82,12.78,13.61,14.62,0.41,
24,2025-02-23 06:00:00,0.65,0.02,0.0,0.0,81.5,11.25,11.93,12.63,0.26,
24,2025-02-23 07:00:00,0.8,0.02,21.04,0.0,82.08,10.92,11.03,11.18,0.24,
24,2025-02-23 08:00:00,1.55,0.18,223.5,0.0,69.86,12.27,15.23,17.01,0.53,
24,2025-02-23 09:00:00,4.03,1.95,418.7,0.0,63.34,17.81,18.89,19.77,0.8,
24,2025-02-23 10:00:00,3.65,1.95,602.3,0.0,56.08,20.48,21.41,22.24,1.12,
24,2025-02-23 11:00:00,3.42,1.58,752.8,0.0,46.97,22.82,23.95,25.17,1.59,
24,2025-02-23 12:00:00,4.55,2.23,856.0,0.0,38.38,25.75,26.43,27.35,2.13,
24,2025-02-23 13:00:00,4.7,2.65,903.0,0.0,34.2,27.94,28.68,29.33,2.59,
24,2025-02-23 14:00:00,5.82,3.21,915.0,0.0,28.1,29.64,30.27,30.74,3.1,
24,2025-02-23 15:00:00,5.75,3.44,865.0,0.0,26.08,30.96,31.28,31.53,3.37,
24,2025-02-23 16:00:00,6.65,3.52,748.2,0.0,21.59,31.7,31.87,32.13,3.7,
24,2025-02-23 17:00:00,5.9,3.33,569.4,0.0,19.46,32.03,32.12,32.18,3.86,
24,2025-02-23 18:00:00,5.08,2.99,356.5,0.0,20.66,31.34,31.55,31.76,3.68,
24,2025-02-23 19:00:00,4.92,2.4,232.7,0.0,22.03,29.49,30.54,31.52,3.42,
24,2025-02-23 20:00:00,2.68,1.35,25.03,0.0,27.41,25.62,27.26,28.77,2.65,
24,2025-02-23 21:00:00,3.42,1.94,0.0,0.0,32.13,25.11,25.77,26.31,2.25,
24,2025-02-23 22:00:00,3.42,1.87,0.0,0.0,34.94,24.85,25.11,25.54,2.08,
24,2025-02-23 23:00:00,6.28,2.36,0.0,0.0,34.94,23.98,24.45,24.85,2.0,
24,2025-02-24 00:00:00,7.1,3.5,0.0,0.0,45.11,21.76,22.69,23.78,1.52,
24,2025-02-24 01:00:00,5.68,2.92,0.0,0.0,52.7,20.76,21.0,21.31,1.18,
24,2025-02-24 02:00:00,5.3,2.7,0.0,0.0,59.39,19.44,19.88,20.45,0.95,
24,2025-02-24 03:00:00,5.0,1.88,0.0,0.0,65.31,17.92,18.62,19.17,0.74,
24,2025-02-24 04:00:00,1.25,0.14,0.0,0.0,69.27,14.19,15.52,17.15,0.55,
24,2025-02-24 05:00:00,0.65,0.02,0.0,0.0,75.25,12.62,13.15,13.74,0.37,
24,2025-02-24 06:00:00,0.42,0.01,0.0,0.0,78.8,11.09,11.51,12.11,0.29,
24,2025-02-24 07:00:00,0.72,0.04,16.75,0.0,82.38,10.66,10.83,10.95,0.23,
24,2025-02-24 08:00:00,1.85,0.31,225.2,0.0,71.14,12.41,15.54,17.63,0.52,
24,2025-02-24 09:00:00,3.12,1.45,424.6,0.0,59.29,17.98,19.0,19.92,0.9,
24,2025-02-24 10:00:00,4.18,2.12,609.1,0.0,56.81,20.43,21.28,21.94,1.1,
24,2025-02-24 11:00:00,4.18,2.04,758.1,0.0,50.19,22.64,23.64,24.78,1.46,
24,2025-02-24 12:00:00,5.08,2.41,858.0,0.0,39.79,25.56,26.41,27.02,2.08,
24,2025-02-24 13:00:00,6.58,3.22,903.0,0.0,34.23,27.7,28.35,28.92,2.54,
24,2025-02-24 14:00:00,6.65,3.88,904.0,0.0,26.74,29.32,29.78,30.04,3.07,
24,2025-02-24 15:00:00,6.2,3.88,859.0,0.0,27.99,30.14,30.55,30.93,3.16,
24,2025-02-24 16:00:00,6.42,3.63,755.3,0.0,22.75,31.07,31.46,31.7,3.56,
24,2025-02-24 17:00:00,5.15,3.05,591.7,0.0,22.42,31.66,31.9,32.12,3.67,
24,2025-02-24 18:00:00,5.38,2.98,405.2,0.0,23.42,31.11,31.48,31.71,3.54,
24,2025-02-24 19:00:00,4.32,2.32,197.7,0.0,27.6,29.37,30.25,30.96,3.12,
24,2025-02-24 20:00:00,3.12,1.66,13.05,0.0,31.84,26.98,27.68,28.54,2.53,
24,2025-02-24 21:00:00,3.28,1.43,0.0,0.0,42.63,24.4,24.71,25.18,1.79,
24,2025-02-24 22:00:00,3.65,1.14,0.0,0.0,44.28,23.94,24.75,25.26,1.74,
24,2025-02-24 23:00:00,3.8,0.94,0.0,0.0,47.89,20.34,22.23,24.53,1.42,
24,2025-02-25 00:00:00,5.0,2.59,0.0,0.0,44.39,23.62,24.05,24.46,1.67,
24,2025-02-25 01:00:00,5.75,3.07,0.0,0.0,44.88,22.47,22.95,23.41,1.55,
24,2025-02-25 02:00:00,5.0,2.54,0.0,0.0,45.76,21.13,21.52,21.99,1.39,
24,2025-02-25 03:00:00,5.45,2.74,0.0,0.0,46.12,19.48,20.17,20.84,1.28,
24,2025-02-25 04:00:00,3.95,1.93,0.0,0.0,49.47,17.95,18.63,19.3,1.09,
24,2025-02-25 05:00:00,3.65,1.26,0.0,0.0,51.29,16.97,17.38,17.8,0.97,
24,2025-02-25 06:00:00,2.15,0.51,0.0,0.0,60.66,14.41,15.28,16.4,0.69,
24,2025-02-25 07:00:00,1.02,0.04,14.83,0.0,72.85,11.62,12.24,12.99,0.39,
24,2025-02-25 08:00:00,1.55,0.16,217.2,0.0,58.18,12.55,15.31,17.64,0.74,
24,2025-02-25 09:00:00,2.52,1.06,413.0,0.0,49.07,17.76,18.92,20.07,1.12,
24,2025-02-25 10:00:00,2.9,1.44,595.3,0.0,43.48,20.72,21.71,22.52,1.47,
24,2025-02-25 11:00:00,2.68,1.01,739.3,0.0,38.66,23.68,24.69,25.59,1.91,
24,2025-02-25 12:00:00,3.42,1.34,857.0,0.0,34.76,26.23,27.51,28.61,2.4,
24,2025-02-25 13:00:00,4.47,1.91,899.0,0.0,31.52,29.3,29.58,30.02,2.84,
24,2025-02-25 14:00:00,4.78,2.26,896.0,0.0,30.13,30.43,30.86,31.39,3.12,
24,2025-02-25 15:00:00,5.9,2.59,858.0,0.0,28.3,31.24,31.59,31.95,3.33,
24,2025-02-25 16:00:00,4.32,2.62,752.9,0.0,25.55,32.12,32.25,32.34,3.59,
24,2025-02-25 17:00:00,4.4,2.57,594.5,0.0,22.28,32.3,32.4,32.52,3.78,
24,2025-02-25 18:00:00,4.7,2.7,403.7,0.0,21.75,31.43,31.74,32.08,3.67,
24,2025-02-25 19:00:00,3.95,1.75,184.4,0.0,24.31,29.1,30.37,31.19,3.29,
24,2025-02-25 20:00:00,2.9,1.4,15.28,0.0,26.55,25.8,26.9,28.23,2.61,
24,2025-02-25 21:00:00,3.65,1.48,0.0,0.0,26.12,25.09,25.45,25.9,2.41,
24,2025-02-25 22:00:00,3.42,1.26,0.0,0.0,27.16,23.44,24.5,25.39,2.25,
24,2025-02-25 23:00:00,3.58,1.35,0.0,0.0,28.21,22.95,23.5,23.98,2.08,
24,2025-02-26 00:00:00,3.42,1.42,0.0,0.0,33.41,20.07,22.7,23.98,1.86,
24,2025-02-26 01:00:00,0.8,0.04,0.0,0.0,49.28,16.23,17.35,18.65,1.01,
24,2025-02-26 02:00:00,5.45,2.14,0.0,0.0,39.26,15.99,19.84,21.52,1.44,
24,2025-02-26 03:00:00,6.65,3.82,0.0,0.0,40.35,19.9,20.53,21.22,1.44,
24,2025-02-26 04:00:00,6.65,2.99,0.0,0.0,45.94,17.81,18.76,19.64,1.17,
24,2025-02-26 05:00:00,4.1,1.22,0.0,0.0,52.44,15.96,17.0,17.58,0.93,
24,2025-02-26 06:00:00,0.95,0.04,0.0,0.0,66.83,11.67,12.76,14.03,0.49,
24,2025-02-26 07:00:00,0.65,0.02,14.99,0.0,73.92,10.22,10.6,11.19,0.34,
24,2025-02-26 08:00:00,1.4,0.21,223.4,0.0,60.01,11.25,14.23,16.49,0.66,
24,2025-02-26 09:00:00,2.3,0.67,428.4,0.0,47.72,17.4,18.53,19.5,1.12,
24,2025-02-26 10:00:00,2.3,0.91,615.7,0.0,40.92,20.51,21.62,22.66,1.53,
24,2025-02-26 11:00:00,3.12,1.33,766.9,0.0,35.71,23.27,24.27,25.3,1.96,
24,2025-02-26 12:00:00,3.42,1.61,870.0,0.0,29.36,25.74,26.71,27.46,2.48,
24,2025-02-26 13:00:00,4.18,2.27,906.0,0.0,29.82,28.01,28.44,28.91,2.72,
24,2025-02-26 14:00:00,5.08,2.81,910.0,0.0,27.42,29.22,29.79,30.28,3.05,
24,2025-02-26 15:00:00,5.15,2.89,874.0,0.0,21.9,30.51,31.14,31.76,3.54,
24,2025-02-26 16:00:00,5.9,3.06,779.5,0.0,18.62,31.86,32.11,32.38,3.9,
24,2025-02-26 17:00:00,5.38,2.73,614.3,0.0,15.95,32.39,32.51,32.67,4.11,
24,2025-02-26 18:00:00,4.78,2.52,410.0,0.0,14.87,31.63,32.06,32.32,4.06,
24,2025-02-26 19:00:00,4.18,2.17,164.2,0.0,14.54,29.22,30.26,31.1,3.69,
24,2025-02-26 20:00:00,2.45,0.69,14.75,0.0,31.18,24.87,25.98,27.62,2.33,
24,2025-02-26 21:00:00,1.78,0.25,0.0,0.0,40.58,20.57,22.69,23.94,1.65,
24,2025-02-26 22:00:00,0.57,0.01,0.0,0.0,54.7,16.71,17.82,19.24,0.93,
24,2025-02-26 23:00:00,0.88,0.07,0.0,0.0,53.84,15.92,16.35,16.63,0.86,
24,2025-02-27 00:00:00,1.55,0.11,0.0,0.0,55.94,14.66,15.01,15.28,0.75,
24,2025-02-27 01:00:00,0.35,0.0,0.0,0.0,61.94,13.09,13.62,14.4,0.6,
24,2025-02-27 02:00:00,1.92,0.45,0.0,0.0,55.31,12.96,13.7,14.64,0.7,
24,2025-02-27 03:00:00,1.1,0.12,0.0,0.0,68.04,11.48,12.21,12.99,0.46,
24,2025-02-27 04:00:00,1.85,0.2,0.0,0.0,72.09,11.18,11.32,11.56,0.37,
24,2025-02-27 05:00:00,1.1,0.07,0.0,0.0,78.6,10.01,10.59,11.09,0.27,
24,2025-02-27 06:00:00,0.72,0.02,0.0,0.0,80.3,9.3,9.52,9.73,0.23,
24,2025-02-27 07:00:00,0.72,0.01,15.86,0.0,81.18,9.08,9.22,9.49,0.22,
24,2025-02-27 08:00:00,0.88,0.06,213.1,0.0,60.33,10.27,13.7,16.79,0.65,
24,2025-02-27 09:00:00,2.3,0.9,416.2,0.0,52.78,17.55,18.47,19.73,1.01,
24,2025-02-27 10:00:00,2.38,1.03,606.1,0.0,45.02,20.1,21.3,22.49,1.4,
24,2025-02-27 11:00:00,2.6,0.9,753.1,0.0,39.61,22.64,23.85,24.77,1.79,
24,2025-02-27 12:00:00,3.2,1.23,839.0,0.0,34.51,25.32,26.1,26.98,2.22,
24,2025-02-27 13:00:00,3.42,1.77,899.0,0.0,34.7,27.03,27.45,27.83,2.39,
24,2025-02-27 14:00:00,3.35,1.35,899.0,0.0,30.61,28.09,29.06,29.79,2.79,
24,2025-02-27 15:00:00,4.7,2.45,841.0,0.0,33.17,29.36,29.74,29.89,2.8,
24,2025-02-27 16:00:00,4.85,2.63,739.6,0.0,31.38,29.57,29.67,29.74,2.86,
24,2025-02-27 17:00:00,4.78,2.51,577.2,0.0,30.4,28.91,29.41,29.78,2.86,
24,2025-02-27 18:00:00,6.12,3.0,389.5,0.0,31.95,26.63,27.56,28.66,2.51,
24,2025-02-27 19:00:00,5.22,2.63,135.1,0.0,38.23,23.69,24.9,26.12,1.95,
24,2025-02-27 20:00:00,4.47,1.22,14.8,0.0,47.09,21.31,22.13,23.01,1.41,
24,2025-02-27 21:00:00,1.92,0.09,0.0,0.0,59.32,18.2,19.4,20.73,0.92,
24,2025-02-27 22:00:00,1.18,0.13,0.0,0.0,64.52,16.57,17.54,18.22,0.71,
24,2025-02-27 23:00:00,1.62,0.13,0.0,0.0,70.18,15.49,15.82,16.16,0.54,
24,2025-02-28 00:00:00,0.8,0.02,0.0,0.0,74.44,14.02,14.87,15.78,0.43,
24,2025-02-28 01:00:00,0.88,0.03,0.0,0.0,76.38,13.69,13.89,14.2,0.37,
24,2025-02-28 02:00:00,0.95,0.02,0.0,0.0,74.91,14.19,14.35,14.51,0.41,
24,2025-02-28 03:00:00,1.32,0.16,0.0,0.0,74.55,14.77,14.92,14.97,0.43,
24,2025-02-28 04:00:00,1.62,0.41,0.0,0.0,75.09,14.97,15.07,15.13,0.43,
24,2025-02-28 05:00:00,3.42,0.89,0.0,0.0,73.79,15.04,15.2,15.38,0.45,
24,2025-02-28 06:00:00,1.7,0.41,0.0,0.0,74.91,15.14,15.18,15.27,0.43,
24,2025-02-28 07:00:00,2.15,0.53,8.26,0.0,76.54,15.0,15.03,15.06,0.4,
24,2025-02-28 08:00:00,3.05,0.89,161.8,0.0,77.47,15.07,15.38,15.74,0.4,
24,2025-02-28 09:00:00,4.03,1.38,457.5,0.0,69.78,16.51,17.6,18.73,0.61,
24,2025-02-28 10:00:00,4.92,2.52,583.5,0.0,64.25,18.21,19.08,19.89,0.79,
24,2025-02-28 11:00:00,4.62,2.31,742.4,0.0,57.71,20.43,21.04,21.54,1.06,
24,2025-02-28 12:00:00,5.0,1.7,840.0,0.0,50.53,21.88,22.63,23.44,1.37,
24,2025-02-28 13:00:00,3.58,1.27,877.0,0.0,42.55,23.86,24.59,25.27,1.78,
24,2025-02-28 14:00:00,3.2,1.09,887.0,0.0,31.15,26.17,26.68,27.16,2.41,
24,2025-02-28 15:00:00,3.58,1.31,850.0,0.0,30.19,27.81,28.0,28.54,2.64,
24,2025-02-28 16:00:00,4.18,1.71,741.9,0.0,30.5,28.78,28.9,29.0,2.77,
24,2025-02-28 17:00:00,3.72,1.83,587.7,0.0,30.9,28.48,28.88,29.35,2.75,
24,2025-02-28 18:00:00,3.8,1.97,388.6,0.0,33.9,27.79,28.1,28.31,2.51,
24,2025-02-28 19:00:00,3.35,1.05,112.2,0.0,39.04,25.71,26.73,27.45,2.14,
24,2025-02-28 20:00:00,2.68,0.61,13.27,0.0,47.6,22.95,23.89,25.04,1.56,
24,2025-02-28 21:00:00,3.12,1.61,0.0,0.0,57.11,21.81,22.27,22.7,1.15,
24,2025-02-28 22:00:00,2.52,0.49,0.0,0.0,65.87,19.28,20.27,21.62,0.82,
24,2025-02-28 23:00:00,2.0,0.74,0.0,0.0,69.55,18.87,19.07,19.25,0.67,
24,2025-03-01 00:00:00,2.52,0.81,0.0,0.0,72.58,18.04,18.41,18.81,0.58,
24,2025-03-01 01:00:00,3.12,1.36,0.0,0.0,72.81,17.87,18.03,18.28,0.56,
24,2025-03-01 02:00:00,4.1,1.92,0.0,0.0,74.57,17.71,17.99,18.24,0.52,
24,2025-03-01 03:00:00,3.12,0.93,0.0,0.0,78.12,16.52,17.22,17.68,0.43,
24,2025-03-01 04:00:00,1.25,0.12,0.0,0.0,83.48,14.32,15.27,15.96,0.29,
24,2025-03-01 05:00:00,1.32,0.09,0.0,0.0,84.9,13.38,13.94,14.51,0.24,
24,2025-03-01 06:00:00,0.42,0.01,0.0,0.0,87.73,12.15,12.62,13.01,0.18,
24,2025-03-01 07:00:00,0.0,0.0,15.69,0.0,90.03,11.5,11.64,11.85,0.14,
24,2025-03-01 08:00:00,1.02,0.14,205.0,0.0,78.51,12.39,14.94,16.89,0.38,
24,2025-03-01 09:00:00,2.08,0.29,410.2,0.0,68.57,17.82,18.81,19.41,0.68,
24,2025-03-01 10:00:00,2.45,0.95,596.2,0.0,63.38,19.73,20.68,21.5,0.9,
24,2025-03-01 11:00:00,3.35,1.49,746.2,0.0,56.31,22.27,22.82,23.37,1.22,
24,2025-03-01 12:00:00,3.42,1.38,837.0,0.0,51.04,24.04,24.71,25.44,1.53,
24,2025-03-01 13:00:00,4.25,1.89,882.0,0.0,47.05,25.81,26.34,26.88,1.82,
24,2025-03-01 14:00:00,4.7,2.15,876.0,0.0,44.27,27.25,27.61,28.2,2.06,
24,2025-03-01 15:00:00,4.47,1.98,842.0,0.0,41.33,28.26,28.77,29.06,2.32,
24,2025-03-01 16:00:00,4.25,1.57,722.4,0.0,39.37,29.16,29.4,29.72,2.49,
24,2025-03-01 17:00:00,3.65,1.49,579.1,0.0,36.4,29.72,29.88,30.09,2.68,
24,2025-03-01 18:00:00,3.05,1.28,389.5,0.0,36.04,29.39,29.79,30.07,2.68,
24,2025-03-01 19:00:00,3.5,1.07,86.9,0.0,41.35,26.38,27.97,28.99,2.22,
24,2025-03-01 20:00:00,3.28,0.78,12.34,0.0,50.99,23.44,24.5,25.58,1.51,
24,2025-03-01 21:00:00,2.68,0.69,0.0,0.0,59.34,21.0,21.73,22.54,1.06,
24,2025-03-01 22:00:00,0.88,0.05,0.0,0.0,68.11,18.68,19.63,20.46,0.73,
24,2025-03-01 23:00:00,0.8,0.02,0.0,0.0,74.2,17.33,17.87,18.55,0.53,
24,2025-03-02 00:00:00,1.1,0.02,0.0,0.0,78.31,16.27,16.52,16.95,0.41,
24,2025-03-02 01:00:00,0.35,0.0,0.0,0.0,80.56,15.18,15.74,16.43,0.35,
24,2025-03-02 02:00:00,0.0,0.0,0.0,0.0,83.38,14.13,14.51,14.93,0.28,
24,2025-03-02 03:00:00,0.8,0.02,0.0,0.0,86.23,13.24,13.58,13.8,0.22,
24,2025-03-02 04:00:00,0.8,0.01,0.0,0.0,87.63,12.52,12.74,12.99,0.18,
24,2025-03-02 05:00:00,0.72,0.02,0.0,0.0,88.88,11.64,11.95,12.21,0.16,
24,2025-03-02 06:00:00,0.88,0.04,0.0,0.0,90.2,11.28,11.47,11.62,0.13,
24,2025-03-02 07:00:00,0.0,0.0,13.32,0.0,91.7,11.03,11.2,11.51,0.11,
24,2025-03-02 08:00:00,1.02,0.06,114.1,0.0,94.08,11.93,12.88,13.6,0.09,
24,2025-03-02 09:00:00,2.15,0.7,153.8,0.0,90.83,13.89,14.12,14.22,0.15,
24,2025-03-02 10:00:00,1.7,0.44,594.4,0.0,83.11,14.59,15.32,16.46,0.3,
24,2025-03-02 11:00:00,2.82,0.97,743.9,0.0,69.5,17.9,18.78,19.4,0.66,
24,2025-03-02 12:00:00,3.2,1.32,844.0,0.0,61.01,20.26,21.05,21.94,0.98,
24,2025-03-02 13:00:00,3.35,1.17,884.0,0.0,54.05,22.51,23.51,24.4,1.33,
24,2025-03-02 14:00:00,4.85,2.27,883.0,0.0,53.61,24.33,24.51,24.62,1.43,
24,2025-03-02 15:00:00,5.0,2.48,833.0,0.0,50.99,24.56,25.18,25.81,1.57,
24,2025-03-02 16:00:00,4.92,2.21,739.0,0.0,46.74,26.03,26.33,26.75,1.83,
24,2025-03-02 17:00:00,4.47,2.1,534.3,0.0,43.99,25.63,25.88,26.1,1.87,
24,2025-03-02 18:00:00,3.2,1.29,385.3,0.0,42.86,25.97,26.19,26.44,1.94,
24,2025-03-02 19:00:00,3.65,1.51,79.66,0.0,48.57,23.34,24.36,25.28,1.57,
24,2025-03-02 20:00:00,2.6,0.63,11.27,0.0,54.73,21.49,22.09,22.78,1.21,
24,2025-03-02 21:00:00,2.52,0.46,0.0,0.0,58.15,19.8,20.54,21.11,1.01,
24,2025-03-02 22:00:00,2.9,0.64,0.0,0.0,60.44,18.04,19.1,19.85,0.88,
24,2025-03-02 23:00:00,1.32,0.09,0.0,0.0,69.14,15.89,17.02,17.91,0.6,
24,2025-03-03 00:00:00,1.25,0.15,0.0,0.0,74.53,14.95,15.42,15.72,0.45,
24,2025-03-03 01:00:00,1.48,0.11,0.0,0.0,78.27,14.36,14.63,15.07,0.36,
24,2025-03-03 02:00:00,1.7,0.19,0.0,0.0,79.29,13.08,13.65,14.23,0.32,
24,2025-03-03 03:00:00,3.72,1.88,0.0,0.0,69.98,14.91,15.02,15.18,0.51,
24,2025-03-03 04:00:00,3.2,0.96,0.0,0.0,74.06,13.87,14.35,14.8,0.43,
24,2025-03-03 05:00:00,2.3,0.71,0.0,0.0,79.02,12.57,13.38,13.92,0.33,
24,2025-03-03 06:00:00,1.18,0.1,0.0,0.0,85.08,11.61,11.79,11.96,0.21,
24,2025-03-03 07:00:00,0.57,0.01,13.2,0.0,88.68,9.98,10.23,10.7,0.14,
24,2025-03-03 08:00:00,1.62,0.08,206.0,0.0,76.07,10.56,13.12,15.32,0.37,
24,2025-03-03 09:00:00,2.9,1.32,407.4,0.0,68.57,15.25,15.98,16.94,0.57,
24,2025-03-03 10:00:00,4.62,2.11,595.8,0.0,61.44,17.49,18.2,18.83,0.81,
24,2025-03-03 11:00:00,4.25,2.12,745.7,0.0,54.15,19.29,20.34,21.31,1.1,
24,2025-03-03 12:00:00,4.62,2.18,845.0,0.0,47.34,22.06,22.87,23.68,1.47,
24,2025-03-03 13:00:00,5.15,2.75,883.0,0.0,40.09,24.24,24.89,25.43,1.89,
24,2025-03-03 14:00:00,5.0,2.52,882.0,0.0,38.06,26.09,26.39,26.84,2.13,
24,2025-03-03 15:00:00,4.85,2.36,839.0,0.0,36.09,27.1,27.54,28.02,2.35,
24,2025-03-03 16:00:00,4.62,2.35,733.8,0.0,34.16,28.19,28.42,28.83,2.55,
24,2025-03-03 17:00:00,5.75,2.9,573.7,0.0,32.46,28.22,28.45,28.63,2.62,
24,2025-03-03 18:00:00,4.1,2.06,388.3,0.0,30.09,28.06,28.25,28.38,2.68,
24,2025-03-03 19:00:00,3.28,1.82,90.3,0.0,33.16,25.64,26.7,27.58,2.35,
24,2025-03-03 20:00:00,2.75,0.92,10.09,0.0,41.46,22.11,23.49,24.96,1.71,
24,2025-03-03 21:00:00,3.42,1.81,0.0,0.0,44.02,22.05,22.58,23.14,1.53,
24,2025-03-03 22:00:00,3.65,1.93,0.0,0.0,50.06,20.89,21.18,21.54,1.26,
24,2025-03-03 23:00:00,4.03,2.31,0.0,0.0,47.96,20.67,20.97,21.16,1.29,
24,2025-03-04 00:00:00,4.92,2.83,0.0,0.0,51.64,19.76,20.26,20.69,1.15,
24,2025-03-04 01:00:00,5.52,2.83,0.0,0.0,57.44,18.42,18.78,19.29,0.93,
24,2025-03-04 02:00:00,5.08,2.88,0.0,0.0,60.11,17.44,17.8,18.22,0.81,
24,2025-03-04 03:00:00,5.6,2.41,0.0,0.0,63.38,16.55,16.96,17.35,0.71,
24,2025-03-04 04:00:00,3.72,1.73,0.0,0.0,67.68,15.57,15.93,16.23,0.59,
24,2025-03-04 05:00:00,2.98,1.53,0.0,0.0,72.53,14.54,14.83,15.3,0.46,
24,2025-03-04 06:00:00,2.9,0.98,0.0,0.0,76.34,13.4,13.9,14.42,0.38,
24,2025-03-04 07:00:00,1.4,0.17,12.11,0.0,81.64,10.71,11.92,12.95,0.26,
24,2025-03-04 08:00:00,1.85,0.29,202.1,0.0,74.2,11.12,13.39,14.82,0.4,
24,2025-03-04 09:00:00,7.02,1.68,404.5,0.0,66.21,15.79,16.53,17.06,0.64,
24,2025-03-04 10:00:00,6.05,3.34,591.9,0.0,60.85,17.26,17.87,18.54,0.8,
24,2025-03-04 11:00:00,4.47,2.41,741.3,0.0,52.0,19.22,20.49,21.73,1.16,
24,2025-03-04 12:00:00,5.82,2.15,844.0,0.0,42.94,22.25,23.24,24.14,1.63,
24,2025-03-04 13:00:00,6.05,2.87,884.0,0.0,36.98,24.75,25.39,26.1,2.05,
24,2025-03-04 14:00:00,6.12,3.45,884.0,0.0,34.28,26.15,26.63,27.25,2.29,
24,2025-03-04 15:00:00,5.45,2.76,837.0,0.0,30.06,27.5,28.01,28.47,2.65,
24,2025-03-04 16:00:00,5.15,3.08,731.9,0.0,30.23,28.46,28.64,28.8,2.74,
24,2025-03-04 17:00:00,5.15,3.15,575.9,0.0,29.64,28.66,28.77,28.92,2.78,
24,2025-03-04 18:00:00,5.0,3.08,382.5,0.0,27.53,28.14,28.51,28.75,2.82,
24,2025-03-04 19:00:00,5.38,2.55,101.4,0.0,30.88,26.02,26.97,27.85,2.46,
24,2025-03-04 20:00:00,4.4,2.5,9.52,0.0,33.4,24.26,24.77,25.55,2.08,
24,2025-03-04 21:00:00,4.62,2.55,0.0,0.0,35.3,22.67,22.8,23.01,1.8,
24,2025-03-04 22:00:00,4.92,2.64,0.0,0.0,31.2,22.07,22.4,22.62,1.86,
24,2025-03-04 23:00:00,6.8,3.29,0.0,0.0,37.54,20.69,21.46,21.89,1.6,
24,2025-03-05 00:00:00,6.35,3.32,0.0,0.0,52.7,19.01,19.52,20.03,1.08,
24,2025-03-05 01:00:00,5.6,3.08,0.0,0.0,58.79,18.03,18.38,18.72,0.87,
24,2025-03-05 02:00:00,5.0,2.9,0.0,0.0,63.0,16.97,17.43,17.79,0.74,
24,2025-03-05 03:00:00,4.1,1.71,0.0,0.0,68.53,15.72,16.18,16.57,0.58,
24,2025-03-05 04:00:00,1.85,0.35,0.0,0.0,75.83,13.57,14.65,15.43,0.41,
24,2025-03-05 05:00:00,0.88,0.03,0.0,0.0,80.12,11.13,11.85,12.81,0.28,
24,2025-03-05 06:00:00,0.88,0.02,0.0,0.0,83.48,10.08,10.39,10.74,0.21,
24,2025-03-05 07:00:00,0.88,0.09,11.31,0.0,85.6,9.85,10.03,10.23,0.18,
24,2025-03-05 08:00:00,1.48,0.17,199.8,0.0,73.85,10.86,13.52,15.48,0.41,
24,2025-03-05 09:00:00,1.7,0.47,399.6,0.0,62.03,15.87,17.17,18.81,0.75,
24,2025-03-05 10:00:00,1.48,0.35,584.8,0.0,48.38,19.1,20.71,22.15,1.27,
24,2025-03-05 11:00:00,2.52,0.91,733.3,0.0,39.06,22.83,24.08,25.06,1.83,
24,2025-03-05 12:00:00,3.2,1.39,812.0,0.0,31.76,25.48,26.52,27.31,2.37,
24,2025-03-05 13:00:00,4.1,1.52,868.0,0.0,31.58,27.74,28.3,28.82,2.63,
24,2025-03-05 14:00:00,6.05,1.72,867.0,0.0,29.28,29.33,29.68,30.22,2.95,
24,2025-03-05 15:00:00,4.32,1.82,826.0,0.0,28.16,29.94,30.35,30.79,3.11,
24,2025-03-05 16:00:00,4.92,2.14,726.0,0.0,27.55,30.78,30.85,30.89,3.23,
24,2025-03-05 17:00:00,4.4,2.37,562.5,0.0,27.33,30.31,30.47,30.68,3.17,
24,2025-03-05 18:00:00,5.52,2.58,371.0,0.0,31.24,28.62,29.46,30.29,2.83,
24,2025-03-05 19:00:00,4.92,2.64,101.9,0.0,36.95,25.77,26.85,27.97,2.23,
24,2025-03-05 20:00:00,5.0,1.24,9.24,0.0,42.17,23.32,24.3,25.2,1.76,
24,2025-03-05 21:00:00,2.08,0.3,0.0,0.0,49.04,21.64,22.12,22.72,1.36,
24,2025-03-05 22:00:00,0.88,0.1,0.0,0.0,56.95,19.44,19.96,20.8,1.01,
24,2025-03-05 23:00:00,0.8,0.03,0.0,0.0,66.92,16.77,17.64,18.78,0.67,
24,2025-03-06 00:00:00,0.8,0.02,0.0,0.0,70.79,15.09,15.64,16.17,0.52,
24,2025-03-06 01:00:00,1.02,0.04,0.0,0.0,73.38,14.01,14.49,14.87,0.44,
24,2025-03-06 02:00:00,0.65,0.01,0.0,0.0,76.51,13.44,13.59,13.79,0.37,
24,2025-03-06 03:00:00,1.1,0.09,0.0,0.0,77.67,12.89,13.05,13.2,0.34,
24,2025-03-06 04:00:00,0.0,0.0,0.0,0.0,80.17,11.99,12.41,12.94,0.29,
24,2025-03-06 05:00:00,0.0,0.0,0.0,0.0,82.8,11.22,11.46,11.75,0.24,
24,2025-03-06 06:00:00,0.8,0.02,0.0,0.0,85.03,10.7,11.08,11.3,0.2,
24,2025-03-06 07:00:00,0.0,0.0,12.29,0.0,88.45,9.96,10.15,10.5,0.14,
24,2025-03-06 08:00:00,0.8,0.01,170.7,0.0,80.52,10.63,13.19,14.95,0.3,
24,2025-03-06 09:00:00,1.92,0.46,401.6,0.0,75.46,15.68,16.54,17.16,0.46,
24,2025-03-06 10:00:00,2.15,0.89,576.1,0.0,69.63,17.33,17.99,18.8,0.63,
24,2025-03-06 11:00:00,3.58,1.47,725.3,0.0,62.98,19.6,20.13,20.4,0.87,
24,2025-03-06 12:00:00,3.8,1.65,822.0,0.0,56.96,20.97,21.74,22.51,1.12,
24,2025-03-06 13:00:00,3.28,1.21,863.0,0.0,50.58,23.11,23.77,24.88,1.46,
24,2025-03-06 14:00:00,4.18,2.08,860.0,0.0,46.0,24.91,25.31,25.7,1.74,
24,2025-03-06 15:00:00,5.0,2.31,818.0,0.0,43.4,26.23,26.36,26.5,1.94,
24,2025-03-06 16:00:00,4.7,2.42,710.7,0.0,43.28,26.61,26.86,27.01,2.01,
24,2025-03-06 17:00:00,5.08,2.52,551.4,0.0,44.26,26.55,26.64,26.74,1.95,
24,2025-03-06 18:00:00,5.52,2.56,362.6,0.0,46.98,25.01,25.75,26.48,1.76,
24,2025-03-06 19:00:00,4.18,2.06,103.1,0.0,54.22,22.3,23.4,24.45,1.32,
24,2025-03-06 20:00:00,4.03,1.03,8.16,0.0,61.42,20.36,20.95,21.64,0.96,
24,2025-03-06 21:00:00,1.7,0.25,0.0,0.0,66.07,18.71,19.47,20.12,0.77,
24,2025-03-06 22:00:00,1.55,0.33,0.0,0.0,72.49,16.96,17.69,18.53,0.56,
24,2025-03-06 23:00:00,1.02,0.12,0.0,0.0,77.39,16.11,16.46,16.91,0.43,
24,2025-03-07 00:00:00,0.0,0.0,0.0,0.0,82.33,14.65,15.19,15.8,0.31,
24,2025-03-07 01:00:00,0.65,0.01,0.0,0.0,86.25,13.7,14.08,14.43,0.22,
24,2025-03-07 02:00:00,0.57,0.01,0.0,0.0,87.3,12.5,13.0,13.51,0.19,
24,2025-03-07 03:00:00,0.0,0.0,0.0,0.0,88.55,12.28,12.34,12.39,0.17,
24,2025-03-07 04:00:00,0.72,0.02,0.0,0.0,89.5,11.8,12.08,12.43,0.15,
24,2025-03-07 05:00:00,0.72,0.01,0.0,0.0,88.83,12.29,12.56,12.77,0.16,
24,2025-03-07 06:00:00,0.8,0.02,0.0,0.0,89.78,12.42,12.63,12.83,0.15,
24,2025-03-07 07:00:00,0.35,0.0,11.05,0.0,90.8,12.12,12.47,12.89,0.13,
24,2025-03-07 08:00:00,1.85,0.41,176.8,0.0,86.55,12.26,13.48,14.97,0.21,
24,2025-03-07 09:00:00,2.9,1.44,385.0,0.0,75.62,15.97,16.85,17.66,0.47,
24,2025-03-07 10:00:00,2.6,1.1,569.5,0.0,64.36,18.41,19.56,20.51,0.82,
24,2025-03-07 11:00:00,2.6,0.93,720.7,0.0,57.5,21.0,21.69,22.32,1.1,
24,2025-03-07 12:00:00,2.52,0.87,880.0,0.0,49.23,23.3,23.93,24.66,1.51,
24,2025-03-07 13:00:00,3.58,1.29,909.0,0.0,42.22,25.4,25.8,25.97,1.92,
24,2025-03-07 14:00:00,3.5,1.35,917.0,0.0,40.65,25.49,26.07,26.62,2.0,
24,2025-03-07 15:00:00,4.4,1.77,877.0,0.0,41.2,26.47,26.63,27.01,2.05,
24,2025-03-07 16:00:00,7.02,3.55,689.0,0.0,44.91,25.97,26.26,26.64,1.88,
24,2025-03-07 17:00:00,6.42,3.76,555.7,0.0,49.97,25.04,25.23,25.47,1.61,
24,2025-03-07 18:00:00,6.8,3.98,362.1,0.0,53.94,23.35,23.95,24.57,1.37,
24,2025-03-07 19:00:00,6.42,3.52,100.6,0.0,56.99,21.48,22.25,23.02,1.16,
24,2025-03-07 20:00:00,5.75,3.4,7.58,0.0,58.82,20.17,20.6,21.04,1.0,
24,2025-03-07 21:00:00,5.98,3.29,0.0,0.0,60.99,19.28,19.6,19.92,0.89,
24,2025-03-07 22:00:00,4.85,2.58,0.0,0.0,67.83,18.01,18.51,19.15,0.69,
24,2025-03-07 23:00:00,5.68,3.1,0.0,0.0,73.79,17.54,17.63,17.73,0.53,
24,2025-03-08 00:00:00,6.12,3.06,0.0,0.0,78.65,16.36,16.91,17.34,0.41,
24,2025-03-08 01:00:00,5.3,2.91,0.0,0.0,77.26,15.85,16.14,16.27,0.42,
24,2025-03-08 02:00:00,5.45,2.9,0.0,0.0,78.76,14.79,15.15,15.53,0.37,
24,2025-03-08 03:00:00,5.52,3.05,0.0,0.0,79.17,13.75,14.16,14.55,0.34,
24,2025-03-08 04:00:00,4.47,2.47,0.0,0.0,81.25,12.78,13.12,13.5,0.28,
24,2025-03-08 05:00:00,3.28,1.59,0.0,0.0,85.53,12.12,12.27,12.5,0.21,
24,2025-03-08 06:00:00,3.72,1.04,0.0,0.0,87.85,11.38,11.71,12.05,0.17,
24,2025-03-08 07:00:00,3.35,1.7,9.95,0.0,88.78,10.88,11.13,11.36,0.15,
24,2025-03-08 08:00:00,4.92,2.43,192.2,0.0,86.73,10.92,11.21,11.9,0.18,
24,2025-03-08 09:00:00,4.1,2.01,399.5,0.0,78.05,12.51,13.05,13.77,0.33,
24,2025-03-08 10:00:00,4.4,2.26,586.5,0.0,68.5,14.55,15.29,15.88,0.55,
24,2025-03-08 11:00:00,4.25,2.48,739.9,0.0,63.1,16.26,17.11,17.64,0.72,
24,2025-03-08 12:00:00,5.0,2.74,842.0,0.0,55.13,18.64,19.62,20.28,1.03,
24,2025-03-08 13:00:00,5.3,3.01,883.0,0.0,46.67,21.03,21.93,22.89,1.41,
24,2025-03-08 14:00:00,6.5,3.63,882.0,0.0,40.82,23.26,23.7,24.27,1.74,
24,2025-03-08 15:00:00,6.8,3.94,840.0,0.0,39.84,24.48,24.62,24.77,1.86,
24,2025-03-08 16:00:00,6.28,3.91,732.3,0.0,36.67,25.16,25.38,25.53,2.05,
24,2025-03-08 17:00:00,5.9,3.49,576.2,0.0,34.98,25.62,25.72,25.84,2.15,
24,2025-03-08 18:00:00,5.75,3.33,380.7,0.0,36.79,24.67,25.18,25.53,2.03,
24,2025-03-08 19:00:00,4.85,2.66,106.2,0.0,39.4,22.44,23.38,24.36,1.75,
24,2025-03-08 20:00:00,4.47,2.5,6.59,0.0,42.02,20.96,21.4,21.98,1.48,
24,2025-03-08 21:00:00,5.45,2.61,0.0,0.0,41.84,20.13,20.56,20.94,1.41,
24,2025-03-08 22:00:00,4.18,2.04,0.0,0.0,45.25,18.33,19.44,20.07,1.24,
24,2025-03-08 23:00:00,4.32,1.94,0.0,0.0,47.19,18.0,18.2,18.3,1.11,
24,2025-03-09 00:00:00,4.7,2.35,0.0,0.0,46.6,17.59,18.01,18.3,1.1,
24,2025-03-09 01:00:00,5.08,2.72,0.0,0.0,49.83,16.55,16.91,17.29,0.97,
24,2025-03-09 02:00:00,4.4,2.14,0.0,0.0,55.19,15.07,15.55,16.05,0.79,
24,2025-03-09 03:00:00,3.2,1.24,0.0,0.0,60.52,13.83,14.33,14.84,0.65,
24,2025-03-09 04:00:00,3.2,1.03,0.0,0.0,65.73,12.64,13.2,13.46,0.52,
24,2025-03-09 05:00:00,4.32,1.45,0.0,0.0,68.05,12.1,12.33,12.6,0.46,
24,2025-03-09 06:00:00,2.75,0.95,0.0,0.0,72.89,10.88,11.43,11.9,0.37,
24,2025-03-09 07:00:00,1.78,0.28,10.0,0.0,78.88,8.5,9.91,10.87,0.26,
24,2025-03-09 08:00:00,2.52,0.98,198.4,0.0,73.48,8.55,10.86,12.32,0.35,
24,2025-03-09 09:00:00,3.42,1.93,402.7,0.0,63.17,12.91,13.86,14.85,0.59,
24,2025-03-09 10:00:00,3.65,2.0,591.4,0.0,56.82,15.35,16.17,17.05,0.8,
24,2025-03-09 11:00:00,3.42,1.44,743.2,0.0,49.22,17.97,19.16,20.32,1.13,
24,2025-03-09 12:00:00,2.45,1.08,844.0,0.0,39.48,20.96,22.44,23.98,1.65,
24,2025-03-09 13:00:00,3.05,1.19,880.0,0.0,32.52,24.58,25.62,26.63,2.22,
24,2025-03-09 14:00:00,3.35,1.49,879.0,0.0,29.64,27.23,27.84,28.28,2.64,
24,2025-03-09 15:00:00,3.58,1.71,834.0,0.0,29.45,28.91,29.2,29.41,2.86,
24,2025-03-09 16:00:00,4.25,2.26,725.6,0.0,29.66,29.43,29.54,29.64,2.91,
24,2025-03-09 17:00:00,4.47,2.6,567.0,0.0,28.1,29.52,29.61,29.77,2.98,
24,2025-03-09 18:00:00,4.47,2.67,371.8,0.0,27.59,28.47,29.01,29.47,2.9,
24,2025-03-09 19:00:00,4.18,2.03,97.9,0.0,27.3,25.81,27.01,28.07,2.6,
24,2025-03-09 20:00:00,2.82,1.33,6.19,0.0,33.38,22.12,23.49,25.31,1.94,
24,2025-03-09 21:00:00,2.52,0.5,0.0,0.0,39.6,19.6,21.26,22.05,1.54,
24,2025-03-09 22:00:00,0.88,0.02,0.0,0.0,55.95,15.07,16.39,17.84,0.83,
24,2025-03-09 23:00:00,0.0,0.0,0.0,0.0,63.66,13.3,13.86,14.43,0.58,
24,2025-03-10 00:00:00,0.88,0.02,0.0,0.0,66.58,12.2,12.69,13.12,0.49,
24,2025-03-10 01:00:00,0.0,0.0,0.0,0.0,71.48,11.21,11.65,12.12,0.39,
24,2025-03-10 02:00:00,0.0,0.0,0.0,0.0,73.91,10.31,10.68,10.95,0.34,
24,2025-03-10 03:00:00,1.7,0.12,0.0,0.0,73.71,9.88,10.75,12.14,0.34,
24,2025-03-10 04:00:00,3.35,1.26,0.0,0.0,55.91,11.95,14.41,16.02,0.74,
24,2025-03-10 05:00:00,1.1,0.15,0.0,0.0,63.9,12.22,13.25,13.88,0.55,
24,2025-03-10 06:00:00,2.08,0.26,0.0,0.0,63.35,12.24,12.61,12.91,0.54,
24,2025-03-10 07:00:00,1.1,0.05,9.64,0.0,76.9,9.01,9.47,10.3,0.27,
24,2025-03-10 08:00:00,3.42,0.52,191.0,0.0,63.34,9.21,12.64,14.42,0.56,
24,2025-03-10 09:00:00,2.3,0.83,391.5,0.0,51.37,15.55,16.59,17.82,0.92,
24,2025-03-10 10:00:00,2.9,1.06,578.0,0.0,43.53,18.84,19.58,20.37,1.29,
24,2025-03-10 11:00:00,2.22,0.76,726.0,0.0,38.25,21.6,22.42,23.42,1.68,
24,2025-03-10 12:00:00,3.42,1.18,820.0,0.0,33.18,23.83,24.66,25.54,2.08,
24,2025-03-10 13:00:00,4.7,2.2,855.0,0.0,33.04,25.71,26.26,27.08,2.29,
24,2025-03-10 14:00:00,4.92,2.57,857.0,0.0,30.11,27.23,27.7,28.26,2.6,
24,2025-03-10 15:00:00,4.7,2.52,813.0,0.0,28.64,28.34,28.77,29.25,2.82,
24,2025-03-10 16:00:00,5.45,3.18,701.7,0.0,27.86,29.22,29.3,29.34,2.94,
24,2025-03-10 17:00:00,6.35,3.7,550.8,0.0,28.62,28.52,28.82,29.13,2.83,
24,2025-03-10 18:00:00,5.68,3.26,358.8,0.0,28.76,27.6,28.06,28.35,2.7,
24,2025-03-10 19:00:00,5.3,2.94,107.0,0.0,34.82,25.06,26.02,27.01,2.2,
24,2025-03-10 20:00:00,5.08,2.88,5.51,0.0,37.43,23.75,24.07,24.58,1.88,
24,2025-03-10 21:00:00,4.7,2.63,0.0,0.0,40.66,21.68,22.59,23.45,1.63,
24,2025-03-10 22:00:00,4.18,2.36,0.0,0.0,43.56,21.23,21.32,21.41,1.43,
24,2025-03-10 23:00:00,5.3,2.79,0.0,0.0,47.64,20.01,20.67,21.09,1.28,
24,2025-03-11 00:00:00,5.68,2.53,0.0,0.0,56.37,18.97,19.19,19.64,0.97,
24,2025-03-11 01:00:00,6.35,3.04,0.0,0.0,62.22,18.14,18.42,18.75,0.8,
24,2025-03-11 02:00:00,3.72,1.78,0.0,0.0,66.89,16.92,17.31,17.71,0.65,
24,2025-03-11 03:00:00,3.28,1.19,0.0,0.0,69.76,15.66,16.25,16.78,0.56,
24,2025-03-11 04:00:00,3.95,1.13,0.0,0.0,73.9,15.13,15.26,15.41,0.45,
24,2025-03-11 05:00:00,5.22,2.23,0.0,0.0,75.58,14.75,15.04,15.24,0.42,
24,2025-03-11 06:00:00,2.75,1.09,0.0,0.0,81.24,13.54,13.88,14.31,0.3,
24,2025-03-11 07:00:00,2.45,0.78,8.8,0.0,84.9,12.7,13.08,13.38,0.23,
24,2025-03-11 08:00:00,3.12,1.29,181.4,0.0,81.7,12.69,13.46,14.01,0.29,
24,2025-03-11 09:00:00,3.58,2.09,377.2,0.0,74.99,14.48,15.08,15.65,0.43,
24,2025-03-11 10:00:00,3.65,1.62,563.1,0.0,67.19,15.82,16.97,18.42,0.64,
24,2025-03-11 11:00:00,3.72,0.84,711.7,0.0,54.08,18.8,20.6,21.94,1.13,
24,2025-03-11 12:00:00,3.05,1.18,811.0,0.0,45.2,22.74,23.43,24.43,1.59,
24,2025-03-11 13:00:00,3.8,1.66,846.0,0.0,40.04,25.14,25.79,26.28,2.0,
24,2025-03-11 14:00:00,3.42,1.46,844.0,0.0,36.12,26.25,27.25,27.97,2.31,
24,2025-03-11 15:00:00,3.58,1.73,803.0,0.0,35.98,28.46,28.78,29.25,2.53,
24,2025-03-11 16:00:00,5.0,2.39,693.7,0.0,34.89,29.66,29.72,29.75,2.72,
24,2025-03-11 17:00:00,4.85,2.86,530.0,0.0,34.18,29.31,29.42,29.53,2.7,
24,2025-03-11 18:00:00,5.0,2.88,340.7,0.0,31.13,28.57,28.98,29.31,2.76,
24,2025-03-11 19:00:00,4.1,2.19,111.3,0.0,35.63,25.76,26.9,28.02,2.29,
24,2025-03-11 20:00:00,3.12,1.35,5.27,0.0,41.82,22.46,24.14,25.37,1.76,
24,2025-03-11 21:00:00,3.35,1.75,0.0,0.0,47.21,21.69,22.15,22.44,1.41,
24,2025-03-11 22:00:00,2.82,0.99,0.0,0.0,53.83,19.51,20.45,21.12,1.11,
24,2025-03-11 23:00:00,1.85,0.4,0.0,0.0,58.36,17.91,18.62,19.17,0.89,
24,2025-03-12 00:00:00,1.85,0.2,0.0,0.0,60.9,16.19,17.55,18.35,0.79,
24,2025-03-12 01:00:00,0.95,0.03,0.0,0.0,68.08,14.33,15.16,15.8,0.55,
24,2025-03-12 02:00:00,0.72,0.01,0.0,0.0,73.89,13.0,13.53,14.0,0.41,
24,2025-03-12 03:00:00,1.02,0.04,0.0,0.0,77.28,12.18,12.38,12.62,0.33,
24,2025-03-12 04:00:00,0.5,0.01,0.0,0.0,79.57,11.46,11.78,12.09,0.29,
24,2025-03-12 05:00:00,0.28,0.0,0.0,0.0,80.41,10.79,11.05,11.35,0.26,
24,2025-03-12 06:00:00,0.35,0.0,0.0,0.0,82.98,10.33,10.46,10.61,0.22,
24,2025-03-12 07:00:00,0.8,0.02,9.07,0.0,84.78,9.93,10.15,10.33,0.19,
24,2025-03-12 08:00:00,1.1,0.03,176.2,0.0,68.83,10.16,13.27,16.09,0.5,
24,2025-03-12 09:00:00,1.55,0.41,378.6,0.0,56.54,16.46,17.68,19.01,0.89,
24,2025-03-12 10:00:00,2.52,0.95,563.9,0.0,46.98,19.85,20.9,21.99,1.31,
24,2025-03-12 11:00:00,2.9,1.3,713.4,0.0,40.7,22.52,23.61,24.78,1.73,
24,2025-03-12 12:00:00,3.8,1.94,813.0,0.0,35.27,25.49,26.35,27.36,2.22,
24,2025-03-12 13:00:00,4.7,2.17,851.0,0.0,30.58,27.85,28.62,29.33,2.72,
24,2025-03-12 14:00:00,4.78,2.44,849.0,0.0,25.54,30.03,30.49,30.9,3.25,
24,2025-03-12 15:00:00,4.7,2.27,802.0,0.0,22.56,31.45,31.92,32.43,3.67,
24,2025-03-12 16:00:00,3.95,2.28,693.7,0.0,20.12,32.64,32.74,32.8,3.96,
24,2025-03-12 17:00:00,4.1,2.47,533.5,0.0,20.99,32.71,32.73,32.75,3.92,
24,2025-03-12 18:00:00,3.65,2.02,335.4,0.0,22.41,32.13,32.31,32.53,3.76,
24,2025-03-12 19:00:00,2.68,1.05,124.1,0.0,28.09,28.2,30.02,31.58,3.07,
24,2025-03-12 20:00:00,1.7,0.35,4.43,0.0,37.22,23.76,25.6,27.2,2.08,
24,2025-03-12 21:00:00,0.8,0.02,0.0,0.0,49.57,19.26,20.85,22.42,1.25,
24,2025-03-12 22:00:00,0.88,0.07,0.0,0.0,51.95,18.07,18.86,19.44,1.05,
24,2025-03-12 23:00:00,0.72,0.02,0.0,0.0,58.31,15.92,16.67,17.36,0.79,
24,2025-03-13 00:00:00,0.65,0.01,0.0,0.0,64.31,14.53,15.01,15.39,0.61,
24,2025-03-13 01:00:00,0.0,0.0,0.0,0.0,68.16,13.03,13.63,14.22,0.5,
24,2025-03-13 02:00:00,0.0,0.0,0.0,0.0,70.21,12.3,12.64,12.88,0.44,
24,2025-03-13 03:00:00,0.42,0.0,0.0,0.0,75.48,11.38,11.77,12.11,0.34,
24,2025-03-13 04:00:00,0.8,0.02,0.0,0.0,76.26,10.65,10.89,11.17,0.31,
24,2025-03-13 05:00:00,0.0,0.0,0.0,0.0,77.87,10.22,10.4,10.53,0.28,
24,2025-03-13 06:00:00,0.0,0.0,0.0,0.0,80.65,9.54,9.79,10.03,0.24,
24,2025-03-13 07:00:00,0.0,0.0,8.53,0.0,82.4,9.13,9.2,9.35,0.21,
24,2025-03-13 08:00:00,0.57,0.0,166.4,0.0,67.07,9.37,12.59,16.12,0.51,
24,2025-03-13 09:00:00,1.25,0.13,367.3,0.0,51.01,17.45,18.72,20.12,1.07,
24,2025-03-13 10:00:00,2.3,0.71,554.7,0.0,41.53,20.85,22.04,22.77,1.55,
24,2025-03-13 11:00:00,2.82,1.29,701.8,0.0,37.24,23.5,24.5,25.63,1.94,
24,2025-03-13 12:00:00,2.82,0.86,797.4,0.0,31.09,26.63,27.38,28.09,2.52,
24,2025-03-13 13:00:00,2.98,1.3,829.0,0.0,29.31,28.31,28.94,29.76,2.82,
24,2025-03-13 14:00:00,3.8,1.47,828.0,0.0,26.92,30.2,30.52,31.02,3.2,
24,2025-03-13 15:00:00,5.0,1.73,783.2,0.0,28.32,31.21,31.4,31.56,3.3,
24,2025-03-13 16:00:00,4.55,2.17,678.8,0.0,28.83,30.86,31.3,31.7,3.25,
24,2025-03-13 17:00:00,4.92,2.58,517.7,0.0,31.14,29.2,30.06,30.63,2.94,
24,2025-03-13 18:00:00,5.0,2.79,325.7,0.0,39.23,25.81,26.97,28.22,2.17,
24,2025-03-13 19:00:00,3.42,0.58,128.1,0.0,47.13,22.71,24.1,24.98,1.6,
24,2025-03-13 20:00:00,2.3,0.14,3.9,0.0,57.58,19.71,20.69,21.76,1.04,
24,2025-03-13 21:00:00,1.32,0.14,0.0,0.0,65.88,17.85,18.53,19.22,0.73,
24,2025-03-13 22:00:00,0.8,0.03,0.0,0.0,71.52,16.13,16.82,17.42,0.55,
24,2025-03-13 23:00:00,1.1,0.14,0.0,0.0,78.79,15.06,15.19,15.52,0.37,
24,2025-03-14 00:00:00,0.0,0.0,0.0,0.0,81.26,13.58,14.17,14.85,0.31,
24,2025-03-14 01:00:00,0.8,0.01,0.0,0.0,87.53,12.89,13.07,13.25,0.19,
24,2025-03-14 02:00:00,0.0,0.0,0.0,0.0,88.4,11.76,12.14,12.49,0.17,
24,2025-03-14 03:00:00,0.0,0.0,0.0,0.0,89.78,11.52,11.63,11.72,0.14,
24,2025-03-14 04:00:00,0.65,0.01,0.0,0.0,90.33,10.48,10.81,11.07,0.13,
24,2025-03-14 05:00:00,0.35,0.01,0.0,0.0,90.6,10.08,10.22,10.36,0.12,
24,2025-03-14 06:00:00,1.02,0.07,0.0,0.0,91.5,9.84,10.37,10.97,0.11,
24,2025-03-14 07:00:00,1.1,0.34,4.02,0.0,89.93,11.22,11.75,12.32,0.14,
24,2025-03-14 08:00:00,1.85,0.51,42.48,0.0,92.38,12.85,12.91,12.95,0.12,
24,2025-03-14 09:00:00,2.82,0.43,65.01,0.0,89.95,13.04,13.42,13.67,0.16,
24,2025-03-14 10:00:00,2.68,1.16,125.3,0.0,87.45,13.34,13.75,14.1,0.2,
24,2025-03-14 11:00:00,2.68,0.96,237.6,0.0,82.08,14.29,14.79,15.28,0.3,
24,2025-03-14 12:00:00,2.08,0.58,302.1,0.0,75.47,15.37,15.95,16.55,0.45,
24,2025-03-14 13:00:00,2.68,0.79,440.2,0.0,69.58,16.82,17.35,17.99,0.6,
24,2025-03-14 14:00:00,3.35,1.26,817.0,0.0,64.04,18.49,19.26,20.22,0.81,
24,2025-03-14 15:00:00,4.32,2.08,852.0,0.0,60.0,20.55,20.76,21.0,0.98,
24,2025-03-14 16:00:00,3.65,1.83,664.7,0.0,57.71,21.25,21.46,21.85,1.08,
24,2025-03-14 17:00:00,4.55,1.96,497.0,0.0,56.77,21.34,21.64,21.8,1.12,
24,2025-03-14 18:00:00,3.65,1.78,309.3,0.0,59.91,20.27,21.01,21.45,1.0,
24,2025-03-14 19:00:00,3.2,1.27,117.8,0.0,68.64,17.67,18.59,19.48,0.67,
24,2025-03-14 20:00:00,1.48,0.13,3.31,0.0,76.0,16.04,16.59,17.24,0.46,
24,2025-03-14 21:00:00,0.8,0.04,0.0,0.0,80.66,14.22,14.86,15.54,0.33,
24,2025-03-14 22:00:00,0.8,0.02,0.0,0.0,84.58,13.11,13.36,13.73,0.24,
24,2025-03-14 23:00:00,1.18,0.1,0.0,0.0,86.0,12.51,12.66,12.92,0.21,
24,2025-03-15 00:00:00,0.28,0.0,0.0,0.0,87.73,11.55,11.86,12.3,0.17,
24,2025-03-15 01:00:00,0.0,0.0,0.0,0.0,89.43,10.71,11.05,11.39,0.14,
24,2025-03-15 02:00:00,0.0,0.0,0.0,0.0,91.68,10.31,10.44,10.6,0.11,
24,2025-03-15 03:00:00,0.65,0.02,0.0,0.0,87.38,11.37,12.24,12.77,0.18,
24,2025-03-15 04:00:00,0.8,0.01,0.0,0.0,84.95,12.97,13.29,13.59,0.23,
24,2025-03-15 05:00:00,0.8,0.02,0.0,0.0,83.18,13.7,13.88,14.0,0.27,
24,2025-03-15 06:00:00,0.95,0.04,0.0,0.0,82.55,14.03,14.17,14.32,0.29,
24,2025-03-15 07:00:00,0.8,0.06,2.22,0.0,83.18,14.33,14.35,14.37,0.28,
24,2025-03-15 08:00:00,1.4,0.26,38.31,0.0,83.78,14.47,14.59,14.67,0.27,
24,2025-03-15 09:00:00,2.15,0.73,77.12,0.0,84.15,14.73,14.87,15.02,0.27,
24,2025-03-15 10:00:00,1.78,0.61,143.7,0.0,81.29,15.14,15.49,15.89,0.33,
24,2025-03-15 11:00:00,2.15,0.8,204.6,0.0,77.2,16.0,16.18,16.35,0.42,
24,2025-03-15 12:00:00,2.45,0.89,231.0,0.0,73.9,16.63,17.03,17.25,0.51,
24,2025-03-15 13:00:00,2.68,1.08,341.2,0.0,70.75,17.21,17.69,18.18,0.59,
24,2025-03-15 14:00:00,2.15,0.94,341.1,0.0,65.77,18.43,18.8,19.06,0.75,
24,2025-03-15 15:00:00,2.82,0.87,769.7,0.0,58.82,19.41,20.4,21.58,0.99,
24,2025-03-15 16:00:00,2.38,0.6,624.2,0.0,53.5,21.91,22.5,22.85,1.27,
24,2025-03-15 17:00:00,2.08,0.66,427.8,0.0,50.23,22.97,23.27,23.74,1.42,
24,2025-03-15 18:00:00,3.05,1.07,328.6,0.0,50.82,23.18,23.67,23.9,1.44,
24,2025-03-15 19:00:00,2.52,1.04,136.8,0.0,59.15,20.28,21.4,22.58,1.05,
24,2025-03-15 20:00:00,1.25,0.04,3.13,0.0,70.97,17.08,18.3,19.64,0.62,
24,2025-03-15 21:00:00,1.55,0.1,0.0,0.0,78.5,14.91,15.51,16.4,0.38,
24,2025-03-15 22:00:00,1.78,0.27,0.0,0.0,77.07,14.43,15.38,16.12,0.41,
24,2025-03-15 23:00:00,0.42,0.0,0.0,0.0,84.5,12.43,13.4,14.45,0.24,
24,2025-03-16 00:00:00,0.28,0.0,0.0,0.0,88.43,10.91,11.54,12.13,0.16,
24,2025-03-16 01:00:00,0.0,0.0,0.0,0.0,90.13,9.94,10.22,10.6,0.12,
24,2025-03-16 02:00:00,0.0,0.0,0.0,0.0,91.15,9.38,9.57,9.76,0.11,
24,2025-03-16 03:00:00,0.0,0.0,0.0,0.0,91.45,8.64,8.93,9.22,0.1,
24,2025-03-16 04:00:00,0.0,0.0,0.0,0.0,92.33,8.32,8.51,8.65,0.09,
24,2025-03-16 05:00:00,0.0,0.0,0.0,0.0,92.75,7.71,7.88,8.09,0.08,
24,2025-03-16 06:00:00,0.0,0.0,0.0,0.0,93.03,7.48,7.62,7.73,0.07,
24,2025-03-16 07:00:00,0.28,0.0,7.72,0.0,93.3,7.32,7.45,7.54,0.07,
24,2025-03-16 08:00:00,1.18,0.07,120.8,0.0,94.25,7.4,8.85,10.96,0.07,
24,2025-03-16 09:00:00,3.65,1.69,310.3,0.0,85.55,12.18,12.89,13.44,0.22,
24,2025-03-16 10:00:00,3.8,2.15,550.0,0.0,82.27,13.12,13.99,14.92,0.29,
24,2025-03-16 11:00:00,3.42,1.47,699.0,0.0,70.66,15.66,16.85,18.45,0.57,
24,2025-03-16 12:00:00,4.18,1.88,801.0,0.0,57.24,19.29,20.23,21.11,1.02,
24,2025-03-16 13:00:00,5.9,2.94,841.0,0.0,45.71,21.97,22.74,23.34,1.51,
24,2025-03-16 14:00:00,5.45,3.13,839.0,0.0,40.78,24.1,24.48,24.88,1.82,
24,2025-03-16 15:00:00,5.52,3.4,794.5,0.0,35.94,25.31,25.7,26.2,2.12,
24,2025-03-16 16:00:00,5.22,3.04,685.4,0.0,31.45,26.44,26.91,27.18,2.43,
24,2025-03-16 17:00:00,4.92,3.08,526.2,0.0,31.66,27.11,27.32,27.48,2.49,
24,2025-03-16 18:00:00,5.68,3.05,326.1,0.0,34.17,26.19,26.56,26.83,2.29,
24,2025-03-16 19:00:00,4.25,1.89,126.9,0.0,37.27,23.76,24.81,25.82,1.97,
24,2025-03-16 20:00:00,3.05,1.24,2.68,0.0,47.09,20.46,21.95,23.37,1.41,
24,2025-03-16 21:00:00,2.98,0.86,0.0,0.0,55.85,18.08,19.54,20.36,1.01,
24,2025-03-16 22:00:00,1.25,0.32,0.0,0.0,63.56,16.58,16.92,17.18,0.7,
24,2025-03-16 23:00:00,1.48,0.27,0.0,0.0,66.22,15.36,15.66,15.9,0.6,
24,2025-03-17 00:00:00,1.4,0.18,0.0,0.0,68.0,14.11,15.0,15.97,0.55,
24,2025-03-17 01:00:00,0.8,0.03,0.0,0.0,73.81,12.1,12.93,13.62,0.39,
24,2025-03-17 02:00:00,4.78,1.7,0.0,0.0,60.18,12.37,16.18,18.24,0.76,
24,2025-03-17 03:00:00,4.32,2.56,0.0,0.0,57.41,16.79,17.26,17.86,0.84,
24,2025-03-17 04:00:00,4.18,1.95,0.0,0.0,63.96,15.15,15.82,16.43,0.65,
24,2025-03-17 05:00:00,3.5,1.03,0.0,0.0,69.66,13.6,14.21,14.79,0.5,
24,2025-03-17 06:00:00,0.88,0.05,0.0,0.0,80.82,9.27,10.88,12.76,0.25,
24,2025-03-17 07:00:00,0.72,0.02,7.32,0.0,87.6,7.66,8.16,8.71,0.14,
24,2025-03-17 08:00:00,1.4,0.1,132.9,0.0,76.9,7.56,10.25,13.27,0.31,
24,2025-03-17 09:00:00,3.58,1.1,370.0,0.0,64.17,14.5,15.36,16.28,0.63,
24,2025-03-17 10:00:00,4.03,1.96,556.3,0.0,59.09,16.76,17.56,18.72,0.83,
24,2025-03-17 11:00:00,3.58,1.7,709.3,0.0,49.16,19.21,20.07,21.3,1.2,
24,2025-03-17 12:00:00,4.7,2.15,805.0,0.0,41.79,22.14,23.05,23.79,1.64,
24,2025-03-17 13:00:00,4.25,2.29,844.0,0.0,33.49,24.3,25.29,26.18,2.15,
24,2025-03-17 14:00:00,5.22,2.72,846.0,0.0,28.65,26.75,27.31,27.81,2.59,
24,2025-03-17 15:00:00,6.2,3.68,804.0,0.0,28.52,28.06,28.28,28.37,2.75,
24,2025-03-17 16:00:00,6.95,4.03,695.4,0.0,26.38,28.17,28.3,28.36,2.83,
24,2025-03-17 17:00:00,6.58,3.65,540.4,0.0,23.88,28.17,28.29,28.35,2.93,
24,2025-03-17 18:00:00,6.05,3.44,343.1,0.0,25.05,27.11,27.53,27.91,2.76,
24,2025-03-17 19:00:00,5.68,2.97,137.4,0.0,29.26,24.31,25.4,26.5,2.3,
24,2025-03-17 20:00:00,4.32,2.29,2.28,0.0,32.57,23.0,23.35,23.7,1.94,
24,2025-03-17 21:00:00,2.98,0.43,0.0,0.0,46.13,16.71,19.55,22.23,1.26,
24,2025-03-17 22:00:00,1.55,0.22,0.0,0.0,54.16,15.3,15.61,15.86,0.81,
24,2025-03-17 23:00:00,1.92,0.47,0.0,0.0,50.1,15.47,15.81,16.09,0.9,
24,2025-03-18 00:00:00,1.55,0.17,0.0,0.0,54.55,13.74,14.55,15.65,0.75,
24,2025-03-18 01:00:00,0.95,0.06,0.0,0.0,59.91,12.73,13.11,13.47,0.61,
24,2025-03-18 02:00:00,3.88,1.22,0.0,0.0,57.81,12.51,15.82,18.2,0.77,
24,2025-03-18 03:00:00,3.72,1.74,0.0,0.0,63.05,16.45,16.95,17.55,0.72,
24,2025-03-18 04:00:00,1.85,0.44,0.0,0.0,67.05,12.89,14.22,15.87,0.54,
24,2025-03-18 05:00:00,1.02,0.04,0.0,0.0,77.0,8.98,10.05,11.62,0.29,
24,2025-03-18 06:00:00,0.0,0.0,0.0,0.0,82.63,7.32,7.83,8.29,0.19,
24,2025-03-18 07:00:00,0.8,0.04,7.01,0.0,85.95,6.48,6.75,6.99,0.14,
24,2025-03-18 08:00:00,1.32,0.05,131.0,0.0,77.76,6.55,9.78,13.49,0.29,
24,2025-03-18 09:00:00,2.68,1.34,373.0,0.0,70.68,13.41,14.36,15.52,0.48,
24,2025-03-18 10:00:00,2.6,1.08,558.2,0.0,58.51,16.22,17.43,18.64,0.83,
24,2025-03-18 11:00:00,2.38,1.0,709.0,0.0,47.46,19.49,20.75,22.09,1.29,
24,2025-03-18 12:00:00,2.6,1.34,809.0,0.0,38.47,22.96,23.77,24.75,1.82,
24,2025-03-18 13:00:00,3.12,1.42,849.0,0.0,30.52,25.67,26.76,27.75,2.45,
24,2025-03-18 14:00:00,4.03,2.04,849.0,0.0,26.34,28.14,29.0,29.39,2.95,
24,2025-03-18 15:00:00,4.62,2.52,798.6,0.0,24.67,29.94,30.54,31.23,3.3,
24,2025-03-18 16:00:00,5.22,3.11,690.2,0.0,24.45,30.65,30.87,31.1,3.37,
24,2025-03-18 17:00:00,5.82,2.98,533.3,0.0,19.71,30.66,30.72,30.76,3.55,
24,2025-03-18 18:00:00,4.78,2.99,335.8,0.0,18.13,29.46,30.06,30.53,3.49,
24,2025-03-18 19:00:00,3.72,1.94,129.5,0.0,21.0,26.85,27.81,28.98,2.96,
24,2025-03-18 20:00:00,2.0,0.79,1.9,0.0,38.34,21.14,22.24,24.5,1.66,
24,2025-03-18 21:00:00,1.62,0.37,0.0,0.0,44.13,16.27,19.29,21.38,1.28,
24,2025-03-18 22:00:00,0.28,0.0,0.0,0.0,55.52,13.58,14.47,15.39,0.73,
24,2025-03-18 23:00:00,0.8,0.03,0.0,0.0,61.53,12.02,12.56,13.23,0.56,
24,2025-03-19 00:00:00,0.0,0.0,0.0,0.0,63.05,10.99,11.36,11.61,0.5,
24,2025-03-19 01:00:00,0.8,0.01,0.0,0.0,66.14,10.03,10.37,10.66,0.43,
24,2025-03-19 02:00:00,0.0,0.0,0.0,0.0,71.2,9.02,9.55,10.0,0.34,
24,2025-03-19 03:00:00,0.0,0.0,0.0,0.0,74.48,8.65,8.79,8.87,0.29,
24,2025-03-19 04:00:00,0.42,0.0,0.0,0.0,77.3,8.02,8.37,8.58,0.25,
24,2025-03-19 05:00:00,0.88,0.05,0.0,0.0,75.59,7.71,8.13,8.9,0.27,
24,2025-03-19 06:00:00,1.18,0.06,0.0,0.0,76.28,8.17,8.65,9.28,0.27,
24,2025-03-19 07:00:00,0.57,0.01,6.61,0.0,79.21,6.88,7.35,7.83,0.22,
24,2025-03-19 08:00:00,0.88,0.04,123.0,0.0,66.59,7.1,9.62,12.7,0.42,
24,2025-03-19 09:00:00,1.25,0.13,358.9,0.0,53.84,14.6,16.54,18.12,0.87,
24,2025-03-19 10:00:00,2.9,1.35,542.1,0.0,61.22,17.7,18.04,18.39,0.8,
24,2025-03-19 11:00:00,3.05,1.2,688.0,0.0,53.53,18.53,19.59,20.76,1.06,
24,2025-03-19 12:00:00,3.05,1.24,784.3,0.0,47.15,21.57,21.97,22.49,1.4,
24,2025-03-19 13:00:00,4.03,1.84,814.0,0.0,45.24,23.15,23.44,23.68,1.58,
24,2025-03-19 14:00:00,4.1,1.84,811.0,0.0,43.62,24.33,24.74,24.96,1.76,
24,2025-03-19 15:00:00,4.55,2.61,758.7,0.0,45.36,24.96,25.28,25.74,1.76,
24,2025-03-19 16:00:00,5.15,2.5,650.6,0.0,44.44,25.5,25.56,25.62,1.82,
24,2025-03-19 17:00:00,4.92,2.46,494.8,0.0,45.17,24.98,25.16,25.48,1.76,
24,2025-03-19 18:00:00,3.88,1.83,300.6,0.0,48.85,23.36,24.03,24.68,1.53,
24,2025-03-19 19:00:00,2.6,0.7,101.1,0.0,56.47,20.44,21.66,22.94,1.14,
24,2025-03-19 20:00:00,0.72,0.02,1.46,0.0,67.76,17.51,18.35,19.41,0.69,
24,2025-03-19 21:00:00,0.88,0.02,0.0,0.0,72.17,15.84,16.4,17.08,0.52,
24,2025-03-19 22:00:00,1.02,0.09,0.0,0.0,75.95,15.3,15.64,15.99,0.43,
24,2025-03-19 23:00:00,0.95,0.06,0.0,0.0,79.4,14.1,14.9,15.42,0.35,
24,2025-03-20 00:00:00,1.18,0.11,0.0,0.0,83.0,13.23,13.58,14.01,0.27,
24,2025-03-20 01:00:00,0.72,0.03,0.0,0.0,86.95,11.45,11.95,12.53,0.18,
24,2025-03-20 02:00:00,0.0,0.0,0.0,0.0,87.68,10.63,10.97,11.34,0.16,
24,2025-03-20 03:00:00,0.0,0.0,0.0,0.0,89.03,9.95,10.13,10.4,0.14,
24,2025-03-20 04:00:00,0.0,0.0,0.0,0.0,90.2,9.18,9.4,9.7,0.12,
24,2025-03-20 05:00:00,0.0,0.0,0.0,0.0,90.0,8.73,8.83,8.97,0.11,
24,2025-03-20 06:00:00,0.0,0.0,0.0,0.0,90.45,8.09,8.34,8.51,0.1,
24,2025-03-20 07:00:00,0.0,0.0,6.24,0.0,91.0,7.8,7.89,7.96,0.1,
24,2025-03-20 08:00:00,1.1,0.04,117.7,0.0,87.38,7.91,9.75,11.93,0.16,
24,2025-03-20 09:00:00,2.0,0.49,334.7,0.0,81.31,12.66,13.94,15.16,0.3,
24,2025-03-20 10:00:00,1.78,0.44,518.5,0.0,67.07,16.04,17.48,18.56,0.66,
24,2025-03-20 11:00:00,2.82,1.01,663.9,0.0,60.03,18.92,19.99,21.13,0.94,
24,2025-03-20 12:00:00,3.28,1.2,755.8,0.0,52.54,21.42,22.37,22.95,1.29,
24,2025-03-20 13:00:00,3.35,1.39,793.5,0.0,48.93,23.56,24.14,24.56,1.54,
24,2025-03-20 14:00:00,3.72,1.45,792.0,0.0,44.37,25.5,25.83,26.34,1.85,
24,2025-03-20 15:00:00,5.6,1.3,747.9,0.0,39.84,26.43,27.09,27.59,2.16,
24,2025-03-20 16:00:00,4.7,1.42,635.7,0.0,39.38,27.38,27.62,27.85,2.24,
24,2025-03-20 17:00:00,3.65,1.45,479.3,0.0,37.71,27.64,27.77,27.99,2.33,
24,2025-03-20 18:00:00,3.28,1.36,292.5,0.0,36.53,27.17,27.56,27.89,2.34,
24,2025-03-20 19:00:00,2.0,0.78,97.7,0.0,43.63,23.5,25.3,26.86,1.83,
24,2025-03-20 20:00:00,1.92,0.66,1.17,0.0,53.12,20.92,21.64,22.67,1.22,
24,2025-03-20 21:00:00,2.45,0.35,0.0,0.0,57.43,19.29,20.11,20.73,1.01,
24,2025-03-20 22:00:00,1.32,0.11,0.0,0.0,67.75,16.28,17.36,18.94,0.64,
24,2025-03-20 23:00:00,0.8,0.04,0.0,0.0,72.52,15.0,15.19,15.59,0.48,
24,2025-03-21 00:00:00,0.5,0.01,0.0,0.0,75.38,13.69,14.09,14.41,0.4,
24,2025-03-21 01:00:00,0.57,0.01,0.0,0.0,80.26,12.37,12.72,13.21,0.29,
24,2025-03-21 02:00:00,0.35,0.0,0.0,0.0,83.48,11.2,11.65,12.19,0.23,
24,2025-03-21 03:00:00,0.57,0.0,0.0,0.0,85.33,10.52,10.67,10.93,0.19,
24,2025-03-21 04:00:00,0.95,0.04,0.0,0.0,87.2,10.35,10.49,10.56,0.16,
24,2025-03-21 05:00:00,2.98,0.64,0.0,0.0,80.95,10.42,12.41,15.61,0.29,
24,2025-03-21 06:00:00,3.05,0.99,0.0,0.0,78.96,14.1,14.64,14.89,0.35,
24,2025-03-21 07:00:00,1.02,0.1,6.8,0.0,84.43,11.32,12.72,14.39,0.23,
24,2025-03-21 08:00:00,2.0,0.29,112.9,0.0,82.56,11.22,13.23,15.51,0.27,
24,2025-03-21 09:00:00,2.98,1.13,269.9,0.0,74.28,15.78,16.41,17.01,0.48,
24,2025-03-21 10:00:00,3.12,1.42,518.0,0.0,66.02,17.75,18.66,19.59,0.74,
24,2025-03-21 11:00:00,4.32,2.13,662.9,0.0,58.34,20.0,20.67,21.16,1.02,
24,2025-03-21 12:00:00,5.22,2.38,758.5,0.0,52.41,21.84,22.28,23.0,1.28,
24,2025-03-21 13:00:00,4.55,2.51,796.2,0.0,47.62,23.55,24.39,25.36,1.61,
24,2025-03-21 14:00:00,5.38,2.93,793.5,0.0,42.1,25.82,26.29,26.9,1.99,
24,2025-03-21 15:00:00,5.15,3.14,753.8,0.0,37.22,27.24,27.47,27.68,2.3,
24,2025-03-21 16:00:00,5.45,2.95,644.3,0.0,35.82,27.88,28.06,28.19,2.44,
24,2025-03-21 17:00:00,5.38,3.04,487.3,0.0,37.42,27.53,27.86,28.06,2.35,
24,2025-03-21 18:00:00,5.22,3.04,302.9,0.0,36.54,26.6,26.94,27.17,2.25,
24,2025-03-21 19:00:00,4.85,2.36,77.22,0.0,36.76,24.29,25.19,26.03,2.03,
24,2025-03-21 20:00:00,2.98,1.45,1.24,0.0,45.16,21.45,22.72,23.84,1.52,
24,2025-03-21 21:00:00,2.82,1.06,0.0,0.0,53.02,20.12,21.08,21.54,1.18,
24,2025-03-21 22:00:00,0.95,0.07,0.0,0.0,65.07,15.98,17.4,18.96,0.7,
24,2025-03-21 23:00:00,1.4,0.16,0.0,0.0,66.77,15.94,16.04,16.21,0.61,
24,2025-03-22 00:00:00,0.42,0.0,0.0,0.0,71.23,13.48,14.76,15.96,0.49,
24,2025-03-22 01:00:00,1.1,0.03,0.0,0.0,78.35,12.2,12.58,12.87,0.32,
24,2025-03-22 02:00:00,2.52,0.12,0.0,0.0,79.59,11.77,11.96,12.23,0.29,
24,2025-03-22 03:00:00,3.72,1.72,0.0,0.0,67.42,16.28,17.35,17.86,0.65,
24,2025-03-22 04:00:00,2.08,0.82,0.0,0.0,71.78,15.97,16.47,16.96,0.53,
24,2025-03-22 05:00:00,2.75,0.64,0.0,0.0,75.21,12.6,14.87,16.18,0.43,
24,2025-03-22 06:00:00,0.88,0.02,0.0,0.0,85.73,10.21,10.79,11.63,0.19,
24,2025-03-22 07:00:00,0.0,0.0,4.93,0.0,87.9,9.76,9.99,10.14,0.15,
24,2025-03-22 08:00:00,2.6,0.32,59.66,0.0,86.5,9.62,11.62,13.14,0.19,
24,2025-03-22 09:00:00,1.32,0.35,222.6,0.0,74.45,13.29,15.01,16.1,0.44,
24,2025-03-22 10:00:00,3.8,1.34,390.6,0.0,69.23,17.28,17.54,17.92,0.62,
24,2025-03-22 11:00:00,2.98,1.19,660.2,0.0,59.45,18.23,19.84,20.94,0.95,
24,2025-03-22 12:00:00,3.58,1.53,753.5,0.0,50.48,21.96,22.96,23.87,1.39,
24,2025-03-22 13:00:00,5.22,2.41,794.2,0.0,44.5,24.43,25.18,25.92,1.78,
24,2025-03-22 14:00:00,5.6,3.45,795.6,0.0,38.87,26.15,26.49,26.69,2.12,
24,2025-03-22 15:00:00,6.12,3.31,746.9,0.0,36.21,26.86,27.27,27.79,2.31,
24,2025-03-22 16:00:00,4.92,2.73,638.0,0.0,36.13,27.82,27.95,28.07,2.41,
24,2025-03-22 17:00:00,4.47,2.45,481.0,0.0,35.08,28.2,28.26,28.34,2.49,
24,2025-03-22 18:00:00,4.4,2.18,267.5,0.0,34.68,27.19,27.75,28.06,2.43,
24,2025-03-22 19:00:00,3.5,1.68,86.3,0.0,37.73,24.73,25.77,26.71,2.07,
24,2025-03-22 20:00:00,3.35,1.66,0.84,0.0,47.89,22.33,22.88,23.96,1.46,
24,2025-03-22 21:00:00,4.1,2.37,0.0,0.0,51.31,21.41,21.89,22.2,1.28,
24,2025-03-22 22:00:00,4.32,2.32,0.0,0.0,52.78,20.83,20.89,20.99,1.17,
24,2025-03-22 23:00:00,4.78,2.59,0.0,0.0,51.64,20.05,20.37,20.67,1.16,
24,2025-03-23 00:00:00,4.62,2.43,0.0,0.0,53.69,18.8,19.17,19.63,1.03,
24,2025-03-23 01:00:00,4.78,2.51,0.0,0.0,56.68,17.29,17.79,18.17,0.89,
24,2025-03-23 02:00:00,4.4,1.97,0.0,0.0,61.25,15.51,16.25,16.86,0.72,
24,2025-03-23 03:00:00,2.52,1.1,0.0,0.0,68.24,13.83,14.59,15.09,0.53,
24,2025-03-23 04:00:00,1.85,0.11,0.0,0.0,76.92,11.09,12.25,13.25,0.33,
24,2025-03-23 05:00:00,0.95,0.04,0.0,0.0,82.83,10.1,10.52,10.89,0.22,
24,2025-03-23 06:00:00,3.8,1.04,0.0,0.0,82.6,9.52,10.48,11.72,0.22,
24,2025-03-23 07:00:00,2.68,0.54,4.82,0.0,82.17,10.82,11.19,11.78,0.24,
24,2025-03-23 08:00:00,1.85,0.21,99.1,0.0,75.62,10.86,12.0,13.6,0.35,
24,2025-03-23 09:00:00,1.78,0.41,313.9,0.0,66.1,14.12,14.91,16.2,0.58,
24,2025-03-23 10:00:00,3.65,1.54,494.5,0.0,56.27,16.96,17.98,18.96,0.9,
24,2025-03-23 11:00:00,3.65,2.28,647.2,0.0,49.55,19.64,20.72,21.99,1.24,
24,2025-03-23 12:00:00,3.65,2.16,754.7,0.0,41.59,22.74,23.81,24.87,1.73,
24,2025-03-23 13:00:00,5.15,2.3,792.4,0.0,39.7,25.39,25.76,26.05,2.0,
24,2025-03-23 14:00:00,5.3,2.97,789.5,0.0,39.81,25.09,25.3,25.38,1.94,
24,2025-03-23 15:00:00,5.82,3.16,722.2,0.0,37.48,25.4,25.53,25.61,2.04,
24,2025-03-23 16:00:00,5.75,3.05,607.6,0.0,33.52,25.27,25.47,25.83,2.17,
24,2025-03-23 17:00:00,6.88,3.68,501.9,0.0,31.3,23.84,24.36,25.04,2.1,
24,2025-03-23 18:00:00,6.05,3.39,208.0,0.0,29.39,22.36,22.89,23.36,1.97,
24,2025-03-23 19:00:00,6.35,1.43,94.3,0.0,33.61,20.1,20.92,21.78,1.65,
24,2025-03-23 20:00:00,2.22,0.59,0.73,0.0,42.75,17.58,18.52,19.41,1.23,
24,2025-03-23 21:00:00,2.75,0.72,0.0,0.0,52.42,15.93,16.59,17.26,0.9,
24,2025-03-23 22:00:00,1.92,0.54,0.0,0.0,57.8,14.47,14.93,15.53,0.72,
24,2025-03-23 23:00:00,2.22,0.4,0.0,0.0,66.11,11.91,12.8,14.35,0.5,
24,2025-03-24 00:00:00,1.18,0.14,0.0,0.0,72.8,9.85,10.5,11.16,0.35,
24,2025-03-24 01:00:00,1.7,0.53,0.0,0.0,75.24,9.31,9.67,10.28,0.3,
24,2025-03-24 02:00:00,2.0,0.27,0.0,0.0,77.5,10.11,10.24,10.46,0.28,
24,2025-03-24 03:00:00,0.5,0.01,0.0,0.0,84.15,7.02,7.96,9.2,0.17,
24,2025-03-24 04:00:00,0.95,0.06,0.0,0.0,87.93,6.19,6.37,6.57,0.12,
24,2025-03-24 05:00:00,0.8,0.04,0.0,0.0,88.95,5.05,5.44,5.86,0.1,
24,2025-03-24 06:00:00,1.25,0.09,0.0,0.0,89.4,4.38,4.6,5.02,0.09,
24,2025-03-24 07:00:00,1.02,0.1,5.02,0.0,91.18,4.05,4.16,4.29,0.07,
24,2025-03-24 08:00:00,1.55,0.27,111.1,0.0,84.92,4.3,5.66,8.17,0.15,
24,2025-03-24 09:00:00,1.7,0.38,338.4,0.0,67.66,10.06,11.84,13.27,0.45,
24,2025-03-24 10:00:00,1.85,0.56,517.9,0.0,59.38,13.8,15.23,16.42,0.71,
24,2025-03-24 11:00:00,2.6,0.74,666.3,0.0,49.26,16.74,17.88,19.27,1.05,
24,2025-03-24 12:00:00,2.6,1.06,759.3,0.0,39.93,19.64,20.23,20.93,1.43,
24,2025-03-24 13:00:00,3.5,1.05,792.8,0.0,33.86,21.62,22.36,23.11,1.79,
24,2025-03-24 14:00:00,2.68,1.03,788.7,0.0,27.47,23.44,24.3,25.21,2.21,
24,2025-03-24 15:00:00,3.65,1.41,746.7,0.0,25.08,25.22,25.34,25.4,2.42,
24,2025-03-24 16:00:00,3.28,1.26,637.4,0.0,23.25,25.39,25.8,26.41,2.55,
24,2025-03-24 17:00:00,3.5,1.31,476.1,0.0,21.98,26.29,26.45,26.58,2.7,
24,2025-03-24 18:00:00,2.9,1.08,194.3,0.0,24.69,24.97,25.57,26.04,2.47,
24,2025-03-24 19:00:00,1.7,0.37,75.74,0.0,36.81,20.01,22.18,24.08,1.71,
24,2025-03-24 20:00:00,0.95,0.09,0.42,0.0,46.15,16.53,17.46,18.85,1.08,
24,2025-03-24 21:00:00,1.85,0.53,0.0,0.0,49.88,14.91,16.75,17.95,0.96,
24,2025-03-24 22:00:00,0.8,0.04,0.0,0.0,62.24,12.37,13.09,13.81,0.57,
24,2025-03-24 23:00:00,2.22,0.29,0.0,0.0,66.78,11.94,12.32,12.81,0.48,
24,2025-03-25 00:00:00,1.25,0.11,0.0,0.0,69.33,10.73,11.27,11.69,0.41,
24,2025-03-25 01:00:00,1.02,0.13,0.0,0.0,74.99,9.69,10.28,10.79,0.31,
24,2025-03-25 02:00:00,0.95,0.07,0.0,0.0,77.37,8.95,9.4,9.72,0.27,
24,2025-03-25 03:00:00,1.02,0.1,0.0,0.0,84.4,8.77,8.96,9.18,0.18,
24,2025-03-25 04:00:00,1.48,0.1,0.0,0.0,87.53,8.95,9.59,10.17,0.15,
24,2025-03-25 05:00:00,1.25,0.14,0.0,0.0,88.68,8.53,8.86,9.14,0.13,
24,2025-03-25 06:00:00,0.72,0.01,0.0,0.0,89.9,7.2,7.54,8.07,0.11,
24,2025-03-25 07:00:00,0.88,0.02,4.73,0.0,94.6,7.06,7.2,7.32,0.06,
24,2025-03-25 08:00:00,0.95,0.07,126.7,0.0,96.63,7.51,8.18,9.0,0.04,
24,2025-03-25 09:00:00,2.22,0.32,336.8,0.0,82.62,10.85,12.05,12.78,0.25,
24,2025-03-25 10:00:00,2.68,0.91,402.2,0.0,74.81,13.65,14.15,14.73,0.41,
24,2025-03-25 11:00:00,3.05,1.2,673.4,0.0,63.96,15.5,16.07,16.75,0.66,
24,2025-03-25 12:00:00,3.28,1.43,522.4,0.0,58.16,16.6,16.96,17.33,0.81,
24,2025-03-25 13:00:00,3.2,1.52,369.5,0.0,54.16,17.07,17.45,17.79,0.92,
24,2025-03-25 14:00:00,3.58,1.68,353.0,0.0,57.64,17.41,17.72,18.0,0.86,
24,2025-03-25 15:00:00,3.88,1.35,311.8,0.0,56.22,17.87,18.12,18.5,0.91,
24,2025-03-25 16:00:00,3.05,0.97,290.6,0.0,52.94,18.33,18.56,18.82,1.01,
24,2025-03-25 17:00:00,2.38,0.6,599.4,0.0,45.75,19.3,20.47,21.27,1.31,
24,2025-03-25 18:00:00,3.12,1.28,188.8,0.0,48.13,20.0,20.45,21.13,1.25,
24,2025-03-25 19:00:00,3.12,1.23,86.6,0.0,55.27,17.76,18.71,19.62,0.97,
24,2025-03-25 20:00:00,2.68,0.28,0.37,0.0,65.43,15.1,16.16,17.2,0.64,
24,2025-03-25 21:00:00,3.72,1.3,0.0,0.0,61.18,15.2,16.04,16.52,0.71,
24,2025-03-25 22:00:00,2.68,0.49,0.0,0.0,60.17,15.62,15.96,16.1,0.72,
24,2025-03-25 23:00:00,1.48,0.38,0.0,0.0,68.19,13.15,14.28,15.23,0.52,
24,2025-03-26 00:00:00,1.48,0.11,0.0,0.0,76.98,11.38,12.12,12.72,0.33,
24,2025-03-26 01:00:00,1.25,0.13,0.0,0.0,82.08,10.34,11.02,12.15,0.24,
24,2025-03-26 02:00:00,0.8,0.03,0.0,0.0,84.03,8.78,9.51,10.1,0.19,
24,2025-03-26 03:00:00,0.88,0.04,0.0,0.0,87.3,7.4,7.88,8.43,0.14,
24,2025-03-26 04:00:00,0.65,0.01,0.0,0.0,88.85,6.73,7.03,7.24,0.11,
24,2025-03-26 05:00:00,0.35,0.0,0.0,0.0,91.0,6.42,6.78,7.22,0.09,
24,2025-03-26 06:00:00,1.1,0.13,0.0,0.0,91.1,5.97,6.47,6.99,0.09,
24,2025-03-26 07:00:00,0.88,0.01,4.45,0.0,91.7,5.29,5.45,5.76,0.08,
24,2025-03-26 08:00:00,1.18,0.1,99.6,0.0,87.5,5.12,6.93,9.68,0.13,
24,2025-03-26 09:00:00,2.45,0.78,320.8,0.0,67.59,11.5,13.28,14.66,0.5,
24,2025-03-26 10:00:00,2.22,1.06,511.2,0.0,59.78,15.37,16.44,17.45,0.75,
24,2025-03-26 11:00:00,2.52,0.76,658.1,0.0,49.12,18.04,19.22,20.39,1.14,
24,2025-03-26 12:00:00,3.42,0.8,753.0,0.0,39.89,21.09,21.95,22.9,1.59,
24,2025-03-26 13:00:00,2.98,1.13,789.6,0.0,30.77,23.34,24.23,25.02,2.1,
24,2025-03-26 14:00:00,3.8,1.4,786.2,0.0,30.03,25.74,25.9,26.04,2.34,
24,2025-03-26 15:00:00,3.42,1.05,750.6,0.0,23.83,27.06,27.43,27.64,2.79,
24,2025-03-26 16:00:00,4.1,1.96,329.7,0.0,29.75,25.87,26.03,26.41,2.37,
24,2025-03-26 17:00:00,4.1,2.23,230.2,0.0,29.4,24.73,25.19,25.46,2.26,
24,2025-03-26 18:00:00,4.03,1.95,167.4,0.0,29.08,23.92,24.44,24.81,2.18,
24,2025-03-26 19:00:00,2.38,1.06,40.97,0.0,38.32,21.12,22.03,23.09,1.64,
24,2025-03-26 20:00:00,1.92,0.77,0.09,0.0,47.52,17.73,19.52,20.44,1.2,
24,2025-03-26 21:00:00,1.32,0.07,0.0,0.0,58.69,14.8,16.23,17.25,0.77,
24,2025-03-26 22:00:00,1.1,0.1,0.0,0.0,57.47,14.09,14.34,14.56,0.7,
24,2025-03-26 23:00:00,1.18,0.07,0.0,0.0,60.81,11.97,12.78,13.2,0.58,
24,2025-03-27 00:00:00,0.88,0.06,0.0,0.0,64.42,11.23,11.6,12.33,0.49,
24,2025-03-27 01:00:00,1.18,0.13,0.0,0.0,63.58,11.83,12.18,12.47,0.52,
24,2025-03-27 02:00:00,1.4,0.35,0.0,0.0,63.53,12.37,12.84,13.12,0.54,
24,2025-03-27 03:00:00,0.8,0.02,0.0,0.0,71.17,11.52,12.18,12.83,0.41,
24,2025-03-27 04:00:00,1.1,0.12,0.0,0.0,79.22,9.75,10.13,10.63,0.26,
24,2025-03-27 05:00:00,1.85,0.34,0.0,0.0,82.55,10.17,10.91,11.44,0.23,
24,2025-03-27 06:00:00,2.3,0.46,0.0,0.0,85.43,10.69,11.53,12.34,0.2,
24,2025-03-27 07:00:00,2.98,0.56,2.44,0.0,85.05,11.54,12.08,12.42,0.21,
24,2025-03-27 08:00:00,0.95,0.05,109.3,0.0,85.77,10.87,11.45,12.28,0.19,
24,2025-03-27 09:00:00,1.7,0.59,197.5,0.0,76.0,13.39,13.53,13.79,0.37,
24,2025-03-27 10:00:00,1.7,0.56,450.4,0.0,67.04,14.14,15.06,15.94,0.57,
24,2025-03-27 11:00:00,2.52,0.79,520.8,0.0,60.09,16.62,17.04,17.55,0.78,
24,2025-03-27 12:00:00,2.52,0.75,683.2,0.0,52.14,18.27,19.26,19.98,1.07,
24,2025-03-27 13:00:00,2.98,1.13,736.7,0.0,45.0,20.38,21.04,21.41,1.38,
24,2025-03-27 14:00:00,3.88,1.8,772.4,0.0,41.4,22.04,22.14,22.3,1.56,
24,2025-03-27 15:00:00,3.95,1.7,722.9,0.0,37.38,22.88,23.15,23.36,1.78,
24,2025-03-27 16:00:00,4.18,1.73,613.1,0.0,35.56,23.43,23.82,24.21,1.91,
24,2025-03-27 17:00:00,4.7,1.84,438.8,0.0,32.58,23.83,24.13,24.35,2.03,
24,2025-03-27 18:00:00,3.88,2.06,139.1,0.0,34.87,21.91,22.77,23.6,1.81,
24,2025-03-27 19:00:00,3.8,1.46,57.0,0.0,38.09,19.4,20.39,21.4,1.49,
24,2025-03-27 20:00:00,1.55,0.12,0.18,0.0,48.83,15.88,17.16,18.67,1.01,
24,2025-03-27 21:00:00,3.2,0.77,0.0,0.0,52.27,16.02,16.39,16.85,0.89,
24,2025-03-27 22:00:00,1.02,0.15,0.0,0.0,62.11,13.63,14.5,15.33,0.63,
24,2025-03-27 23:00:00,0.65,0.01,0.0,0.0,71.96,10.36,11.27,12.37,0.38,
24,2025-03-28 00:00:00,0.65,0.01,0.0,0.0,77.06,9.02,9.38,9.88,0.27,
24,2025-03-28 01:00:00,0.72,0.01,0.0,0.0,79.13,8.24,8.6,8.83,0.23,
24,2025-03-28 02:00:00,0.0,0.0,0.0,0.0,82.95,7.48,7.69,7.97,0.18,
24,2025-03-28 03:00:00,0.0,0.0,0.0,0.0,82.2,7.19,7.38,7.6,0.19,
24,2025-03-28 04:00:00,0.0,0.0,0.0,0.0,85.25,6.15,6.46,6.88,0.14,
24,2025-03-28 05:00:00,0.0,0.0,0.0,0.0,88.28,5.6,5.78,5.88,0.11,
24,2025-03-28 06:00:00,0.57,0.01,0.0,0.0,88.48,5.2,5.26,5.38,0.11,
24,2025-03-28 07:00:00,1.7,0.11,4.53,0.0,90.1,5.11,5.59,6.04,0.09,
24,2025-03-28 08:00:00,0.72,0.01,118.4,0.0,85.7,5.73,7.36,9.89,0.16,
24,2025-03-28 09:00:00,1.48,0.16,304.2,0.0,67.84,11.2,12.66,14.04,0.48,
24,2025-03-28 10:00:00,2.82,1.12,492.7,0.0,61.59,14.56,15.59,16.63,0.68,
24,2025-03-28 11:00:00,4.78,1.84,631.7,0.0,51.7,17.18,17.98,18.86,1.0,
24,2025-03-28 12:00:00,4.4,2.36,706.5,0.0,44.7,19.44,20.07,20.46,1.3,
24,2025-03-28 13:00:00,4.18,2.51,681.2,0.0,41.81,20.71,21.35,22.03,1.48,
24,2025-03-28 14:00:00,5.38,2.68,607.4,0.0,40.9,22.26,22.43,22.61,1.61,
24,2025-03-28 15:00:00,4.32,2.25,449.6,0.0,40.76,22.65,22.77,22.92,1.64,
24,2025-03-28 16:00:00,3.65,1.87,207.4,0.0,43.21,22.08,22.37,22.65,1.54,
24,2025-03-28 17:00:00,3.28,1.4,150.8,0.0,46.0,21.79,21.87,21.94,1.42,
24,2025-03-28 18:00:00,2.52,1.31,113.3,0.0,47.68,21.17,21.5,21.76,1.34,
24,2025-03-28 19:00:00,2.22,0.59,21.09,0.0,51.79,19.71,20.38,20.88,1.16,
24,2025-03-28 20:00:00,1.55,0.26,0.11,0.0,57.93,18.14,18.73,18.96,0.91,
24,2025-03-28 21:00:00,0.72,0.02,0.0,0.0,66.6,15.08,16.07,17.22,0.61,
24,2025-03-28 22:00:00,0.0,0.0,0.0,0.0,71.83,12.82,13.94,14.88,0.45,
24,2025-03-28 23:00:00,0.65,0.01,0.0,0.0,78.65,11.77,12.23,12.49,0.31,
24,2025-03-29 00:00:00,0.72,0.01,0.0,0.0,79.79,10.24,10.78,11.37,0.27,
24,2025-03-29 01:00:00,0.0,0.0,0.0,0.0,81.88,9.35,9.66,9.87,0.22,
24,2025-03-29 02:00:00,0.0,0.0,0.0,0.0,84.58,8.93,9.01,9.04,0.18,
24,2025-03-29 03:00:00,0.5,0.01,0.0,0.0,86.5,8.15,8.55,8.85,0.15,
24,2025-03-29 04:00:00,0.0,0.0,0.0,0.0,88.2,7.7,7.84,7.92,0.13,
24,2025-03-29 05:00:00,0.65,0.01,0.0,0.0,88.53,7.76,7.88,8.02,0.13,
24,2025-03-29 06:00:00,1.18,0.16,0.0,0.0,90.03,7.99,8.05,8.14,0.11,
24,2025-03-29 07:00:00,1.62,0.33,2.78,0.0,88.68,8.64,9.11,9.61,0.13,
24,2025-03-29 08:00:00,0.95,0.08,96.2,0.0,84.18,9.1,10.38,12.1,0.21,
24,2025-03-29 09:00:00,2.22,0.72,211.5,0.0,70.97,12.59,13.82,14.84,0.46,
24,2025-03-29 10:00:00,3.72,1.8,475.9,0.0,60.39,15.17,16.98,18.42,0.77,
24,2025-03-29 11:00:00,3.65,2.04,610.4,0.0,51.31,18.91,20.01,21.15,1.15,
24,2025-03-29 12:00:00,3.35,1.47,679.7,0.0,44.91,22.0,22.62,23.45,1.52,
24,2025-03-29 13:00:00,3.2,1.06,656.6,0.0,41.61,23.33,24.08,24.62,1.76,
24,2025-03-29 14:00:00,4.03,1.54,719.5,0.0,40.07,24.94,25.48,25.82,1.95,
24,2025-03-29 15:00:00,3.88,1.96,669.7,0.0,38.72,25.72,25.95,26.11,2.06,
24,2025-03-29 16:00:00,4.18,2.09,586.7,0.0,36.5,26.03,26.33,26.62,2.18,
24,2025-03-29 17:00:00,5.08,2.66,274.1,0.0,36.33,23.8,24.43,25.5,1.95,
24,2025-03-29 18:00:00,5.22,2.46,131.2,0.0,37.02,21.9,22.54,23.35,1.72,
24,2025-03-29 19:00:00,3.8,1.16,40.87,0.0,40.57,20.09,20.78,21.53,1.46,
24,2025-03-29 20:00:00,1.62,0.3,0.02,0.0,52.46,17.66,18.62,19.48,1.02,
24,2025-03-29 21:00:00,1.18,0.1,0.0,0.0,64.3,15.49,15.76,16.32,0.64,
24,2025-03-29 22:00:00,2.15,0.34,0.0,0.0,67.38,15.42,15.83,16.11,0.59,
24,2025-03-29 23:00:00,0.95,0.11,0.0,0.0,71.28,14.89,15.29,15.61,0.5,
24,2025-03-30 00:00:00,1.32,0.13,0.0,0.0,73.37,14.61,14.79,14.9,0.45,
24,2025-03-30 01:00:00,1.85,0.35,0.0,0.0,74.62,14.58,14.6,14.64,0.42,
24,2025-03-30 02:00:00,1.7,0.33,0.0,0.0,73.93,14.35,14.5,14.58,0.43,
24,2025-03-30 03:00:00,1.55,0.47,0.0,0.0,75.06,14.19,14.28,14.34,0.41,
24,2025-03-30 04:00:00,3.58,1.44,0.0,0.0,72.74,14.41,14.6,14.79,0.45,
24,2025-03-30 05:00:00,3.65,0.85,0.0,0.3,80.87,13.72,14.21,14.69,0.31,
24,2025-03-30 06:00:00,1.78,0.47,0.0,4.2,93.33,12.79,12.99,13.29,0.1,
24,2025-03-30 07:00:00,2.3,0.39,0.19,3.4,90.98,11.71,12.15,12.49,0.13,
24,2025-03-30 08:00:00,1.55,0.36,12.31,4.0,95.05,11.42,11.47,11.51,0.07,
24,2025-03-30 09:00:00,1.32,0.22,56.71,4.1,95.93,11.61,11.66,11.73,0.06,
24,2025-03-30 10:00:00,4.7,1.2,73.1,3.2,94.65,10.91,11.7,12.04,0.07,
24,2025-03-30 11:00:00,4.03,1.77,159.4,1.0,93.78,10.92,11.24,11.7,0.08,
24,2025-03-30 12:00:00,4.1,1.69,346.5,0.1,89.63,11.9,12.47,13.2,0.16,
24,2025-03-30 13:00:00,4.55,2.07,781.6,0.0,73.28,13.54,14.75,16.0,0.46,
24,2025-03-30 14:00:00,4.4,1.75,822.0,0.0,58.34,16.62,17.12,17.6,0.81,
24,2025-03-30 15:00:00,4.47,2.4,762.9,0.0,53.31,17.71,17.95,18.13,0.96,
24,2025-03-30 16:00:00,3.95,1.98,637.6,0.0,44.99,18.34,18.54,18.74,1.17,
24,2025-03-30 17:00:00,4.32,2.21,476.3,0.0,48.72,18.26,18.51,18.63,1.09,
24,2025-03-30 18:00:00,4.85,2.54,171.4,0.0,49.23,17.24,17.69,18.17,1.03,
24,2025-03-30 19:00:00,3.95,1.93,42.63,0.0,55.56,15.05,15.79,16.65,0.8,
24,2025-03-30 20:00:00,3.35,1.62,0.07,0.0,59.47,13.98,14.33,14.63,0.66,
24,2025-03-30 21:00:00,4.03,2.04,0.0,0.0,64.45,12.79,13.26,13.85,0.54,
24,2025-03-30 22:00:00,4.7,2.58,0.0,0.0,65.69,12.06,12.29,12.46,0.49,
24,2025-03-30 23:00:00,4.03,2.3,0.0,0.0,66.63,11.76,11.89,11.97,0.46,
24,2025-03-31 00:00:00,4.7,2.42,0.0,0.0,66.68,11.25,11.46,11.63,0.45,
24,2025-03-31 01:00:00,4.92,2.39,0.0,0.0,71.22,10.31,10.69,11.0,0.37,
24,2025-03-31 02:00:00,6.28,3.36,0.0,0.0,70.91,10.04,10.17,10.3,0.36,
24,2025-03-31 03:00:00,5.68,2.61,0.0,0.0,75.88,8.76,9.34,9.93,0.29,
24,2025-03-31 04:00:00,3.5,1.84,0.0,0.0,80.37,8.3,8.41,8.47,0.22,
24,2025-03-31 05:00:00,3.72,1.46,0.0,0.0,84.8,7.48,7.87,8.24,0.17,
24,2025-03-31 06:00:00,2.75,0.7,0.0,0.0,89.7,5.42,6.57,7.38,0.1,
24,2025-03-31 07:00:00,2.38,0.48,3.67,0.0,92.63,5.44,5.74,5.89,0.07,
24,2025-03-31 08:00:00,4.55,1.77,117.6,0.0,91.55,6.04,6.34,6.51,0.08,
24,2025-03-31 09:00:00,3.5,1.33,338.3,0.0,78.32,7.06,8.39,10.04,0.24,
24,2025-03-31 10:00:00,4.03,1.95,537.0,0.0,63.49,10.84,11.38,11.86,0.49,
24,2025-03-31 11:00:00,5.3,2.86,684.1,0.0,51.82,12.05,12.95,13.61,0.72,
24,2025-03-31 12:00:00,5.45,3.0,720.7,0.0,51.61,13.76,14.19,14.65,0.78,
24,2025-03-31 13:00:00,5.45,2.91,853.0,0.0,47.61,15.6,16.4,16.95,0.98,
24,2025-03-31 14:00:00,6.5,3.82,818.0,0.0,47.63,16.77,17.06,17.39,1.02,
24,2025-03-31 15:00:00,6.58,3.41,740.0,0.0,43.52,18.03,18.71,19.14,1.22,
24,2025-03-31 16:00:00,6.28,3.36,633.2,0.0,36.79,19.69,19.84,20.01,1.46,
24,2025-03-31 17:00:00,5.38,3.02,471.4,0.0,34.97,20.24,20.33,20.47,1.55,
24,2025-03-31 18:00:00,5.15,2.41,164.9,0.0,37.35,19.26,19.78,20.16,1.45,
24,2025-03-31 19:00:00,4.25,2.12,28.14,0.0,44.0,16.67,17.48,18.48,1.12,
24,2025-03-31 20:00:00,3.35,1.7,0.04,0.0,48.83,15.62,15.95,16.44,0.93,
24,2025-03-31 21:00:00,2.9,1.28,0.0,0.0,53.68,14.11,14.92,15.83,0.79,
24,2025-03-31 22:00:00,2.3,0.83,0.0,0.0,59.11,13.05,13.37,13.78,0.63,
24,2025-03-31 23:00:00,1.1,0.08,0.0,0.0,81.84,8.8,10.09,12.28,0.23,
24,2025-04-01 00:00:00,2.22,0.57,0.0,0.0,69.23,10.26,10.88,11.68,0.4,
24,2025-04-01 01:00:00,2.82,1.27,0.0,0.0,66.34,11.52,11.7,11.84,0.46,
24,2025-04-01 02:00:00,1.78,0.18,0.0,0.0,83.07,7.37,9.01,11.07,0.2,
24,2025-04-01 03:00:00,2.22,0.26,0.0,0.0,86.57,6.94,7.9,9.09,0.15,
24,2025-04-01 04:00:00,1.02,0.08,0.0,0.0,85.78,7.16,7.69,8.25,0.15,
24,2025-04-01 05:00:00,1.48,0.15,0.0,0.0,88.85,6.68,7.32,7.95,0.12,
24,2025-04-01 06:00:00,1.55,0.22,0.0,0.0,84.0,8.05,8.47,8.72,0.18,
24,2025-04-01 07:00:00,2.22,0.53,2.36,0.0,84.7,7.9,8.05,8.2,0.16,
24,2025-04-01 08:00:00,1.92,0.56,53.82,0.0,84.78,7.99,8.17,8.32,0.17,
24,2025-04-01 09:00:00,2.3,0.81,160.8,0.0,81.48,8.45,8.93,9.43,0.21,
24,2025-04-01 10:00:00,2.9,1.26,296.3,0.0,73.78,9.76,10.36,10.91,0.33,
24,2025-04-01 11:00:00,2.82,1.5,294.6,0.0,70.26,11.26,11.54,11.8,0.41,
24,2025-04-01 12:00:00,2.45,0.83,728.0,0.0,60.12,12.51,14.09,15.89,0.65,
24,2025-04-01 13:00:00,2.45,1.04,823.0,0.0,53.28,16.15,16.95,17.99,0.9,
24,2025-04-01 14:00:00,2.98,0.94,783.8,0.0,45.5,18.33,19.17,19.93,1.21,
24,2025-04-01 15:00:00,2.68,0.95,730.2,0.0,38.21,20.61,21.13,21.55,1.55,
24,2025-04-01 16:00:00,3.35,1.39,620.9,0.0,35.38,21.76,22.13,22.42,1.72,
24,2025-04-01 17:00:00,3.5,1.57,456.0,0.0,36.99,22.37,22.54,22.75,1.72,
24,2025-04-01 18:00:00,4.18,2.2,167.6,0.0,39.28,20.26,21.26,22.06,1.54,
24,2025-04-01 19:00:00,3.28,1.52,30.47,0.0,47.7,17.37,18.47,19.51,1.12,
24,2025-04-01 20:00:00,1.25,0.11,0.04,0.0,71.63,12.01,13.64,15.27,0.46,
24,2025-04-01 21:00:00,0.88,0.07,0.0,0.0,82.36,10.47,11.11,11.69,0.24,
24,2025-04-01 22:00:00,1.85,0.28,0.0,0.0,80.41,9.71,10.21,11.04,0.25,
24,2025-04-01 23:00:00,1.7,0.33,0.0,0.0,82.0,8.56,9.85,10.97,0.23,
24,2025-04-02 00:00:00,1.62,0.28,0.0,0.0,81.68,8.3,8.89,9.09,0.21,
24,2025-04-02 01:00:00,0.95,0.02,0.0,0.0,89.13,7.08,7.62,8.3,0.11,
24,2025-04-02 02:00:00,0.28,0.0,0.0,0.0,92.1,6.34,6.56,6.88,0.08,
24,2025-04-02 03:00:00,0.42,0.0,0.0,0.0,92.68,5.48,5.9,6.21,0.07,
24,2025-04-02 04:00:00,0.8,0.02,0.0,0.0,93.75,4.94,5.08,5.27,0.06,
24,2025-04-02 05:00:00,0.8,0.02,0.0,0.0,90.25,4.95,5.38,5.99,0.09,
24,2025-04-02 06:00:00,0.42,0.0,0.0,0.0,93.33,3.95,4.23,4.6,0.06,
24,2025-04-02 07:00:00,0.65,0.01,4.84,0.0,94.18,3.66,3.7,3.73,0.05,
24,2025-04-02 08:00:00,0.57,0.0,68.59,0.0,94.38,3.69,5.01,6.06,0.05,
24,2025-04-02 09:00:00,2.08,0.2,144.4,0.0,87.2,6.95,8.27,9.45,0.14,
24,2025-04-02 10:00:00,1.55,0.25,262.5,0.0,74.03,9.92,11.18,12.23,0.35,
24,2025-04-02 11:00:00,1.85,0.31,541.3,0.0,58.21,13.08,14.41,15.58,0.69,
24,2025-04-02 12:00:00,4.32,1.13,549.8,0.0,48.44,16.34,16.84,17.73,0.99,
24,2025-04-02 13:00:00,4.18,1.89,684.3,0.0,36.09,18.64,19.3,19.87,1.43,
24,2025-04-02 14:00:00,4.55,2.32,648.5,0.0,34.33,20.05,20.61,21.3,1.6,
24,2025-04-02 15:00:00,4.32,2.42,630.1,0.0,27.55,21.71,21.91,22.04,1.91,
24,2025-04-02 16:00:00,4.47,2.58,520.4,0.0,25.01,22.15,22.59,23.02,2.06,
24,2025-04-02 17:00:00,5.0,2.79,434.4,0.0,26.88,23.03,23.16,23.27,2.08,
24,2025-04-02 18:00:00,4.55,2.3,269.8,0.0,22.33,22.5,23.21,23.64,2.21,
24,2025-04-02 19:00:00,3.65,1.84,61.8,0.0,31.06,18.92,20.31,21.71,1.65,
24,2025-04-02 20:00:00,3.58,1.47,0.02,0.0,40.76,16.75,17.18,17.39,1.16,
24,2025-04-02 21:00:00,3.35,1.56,0.0,0.0,42.78,15.92,16.5,17.11,1.08,
24,2025-04-02 22:00:00,1.55,0.05,0.0,0.0,60.13,11.83,12.71,14.41,0.59,
24,2025-04-02 23:00:00,4.32,1.46,0.0,0.0,52.13,12.72,14.56,15.51,0.8,
24,2025-04-03 00:00:00,3.35,1.31,0.0,0.0,54.99,13.21,13.99,14.85,0.72,
24,2025-04-03 01:00:00,2.9,1.45,0.0,0.0,50.11,13.34,13.47,13.65,0.77,
24,2025-04-03 02:00:00,1.92,0.7,0.0,0.0,55.06,11.61,12.26,12.93,0.64,
24,2025-04-03 03:00:00,2.38,0.83,0.0,0.0,59.5,11.64,12.03,12.28,0.57,
24,2025-04-03 04:00:00,1.55,0.21,0.0,0.0,71.25,8.59,9.6,10.94,0.35,
24,2025-04-03 05:00:00,2.98,0.9,0.0,0.0,69.65,9.07,9.78,10.26,0.37,
24,2025-04-03 06:00:00,3.72,0.72,0.0,0.0,73.74,8.27,9.27,9.86,0.31,
24,2025-04-03 07:00:00,1.62,0.19,2.86,0.0,83.4,4.7,6.32,7.86,0.16,
24,2025-04-03 08:00:00,0.57,0.02,124.7,0.0,81.89,4.17,5.46,7.84,0.17,
24,2025-04-03 09:00:00,2.82,0.57,319.1,0.0,61.23,9.95,11.12,12.22,0.52,
24,2025-04-03 10:00:00,2.68,1.12,510.7,0.0,55.88,13.2,14.19,15.03,0.72,
24,2025-04-03 11:00:00,2.45,0.73,653.9,0.0,45.84,15.85,17.18,18.41,1.07,
24,2025-04-03 12:00:00,3.42,1.61,746.4,0.0,38.7,18.52,19.66,20.63,1.41,
24,2025-04-03 13:00:00,4.03,2.19,776.9,0.0,29.95,20.97,21.71,22.69,1.82,
24,2025-04-03 14:00:00,5.3,2.54,776.3,0.0,24.58,23.19,23.68,24.18,2.21,
24,2025-04-03 15:00:00,4.7,2.64,720.6,0.0,26.45,24.53,24.78,24.96,2.3,
24,2025-04-03 16:00:00,5.3,2.98,611.8,0.0,25.41,25.14,25.25,25.38,2.4,
24,2025-04-03 17:00:00,5.22,2.79,446.3,0.0,25.81,25.09,25.25,25.43,2.39,
24,2025-04-03 18:00:00,3.8,1.95,199.9,0.0,31.32,23.71,24.33,24.86,2.09,
24,2025-04-03 19:00:00,2.38,0.84,39.88,0.0,42.54,20.47,21.56,23.01,1.49,
24,2025-04-03 20:00:00,0.72,0.02,0.01,0.0,64.09,14.86,16.3,18.23,0.67,
24,2025-04-03 21:00:00,0.88,0.03,0.0,0.0,68.17,13.1,13.58,14.03,0.5,
24,2025-04-03 22:00:00,0.5,0.0,0.0,0.0,77.03,11.1,11.91,13.11,0.32,
24,2025-04-03 23:00:00,0.0,0.0,0.0,0.0,83.28,9.9,10.28,10.71,0.21,
24,2025-04-04 00:00:00,0.95,0.05,0.0,0.0,84.8,9.51,9.61,9.73,0.18,
24,2025-04-04 01:00:00,0.8,0.04,0.0,0.0,86.25,8.93,9.16,9.45,0.16,
24,2025-04-04 02:00:00,0.88,0.04,0.0,0.0,88.1,8.16,8.43,8.87,0.13,
24,2025-04-04 03:00:00,0.72,0.01,0.0,0.0,89.5,7.26,7.57,8.0,0.11,
24,2025-04-04 04:00:00,0.57,0.01,0.0,0.0,90.23,6.65,6.82,7.0,0.1,
24,2025-04-04 05:00:00,0.0,0.0,0.0,0.0,91.0,6.0,6.26,6.58,0.09,
24,2025-04-04 06:00:00,0.0,0.0,0.0,0.0,90.48,5.85,6.02,6.27,0.09,
24,2025-04-04 07:00:00,1.02,0.05,2.62,0.0,90.55,5.48,5.75,5.86,0.09,
24,2025-04-04 08:00:00,0.72,0.02,133.2,0.0,87.9,5.29,6.54,8.52,0.12,
24,2025-04-04 09:00:00,0.88,0.04,306.4,0.0,59.88,10.11,13.4,16.07,0.64,
24,2025-04-04 10:00:00,1.48,0.22,501.5,0.0,44.63,16.7,18.05,19.5,1.15,
24,2025-04-04 11:00:00,2.15,0.62,640.9,0.0,32.61,20.4,21.61,23.02,1.75,
24,2025-04-04 12:00:00,2.3,0.91,729.9,0.0,29.88,23.66,24.46,24.97,2.16,
24,2025-04-04 13:00:00,3.35,1.06,759.8,0.0,30.56,25.51,25.96,26.48,2.33,
24,2025-04-04 14:00:00,2.98,1.08,753.9,0.0,29.45,26.29,27.37,28.18,2.58,
24,2025-04-04 15:00:00,3.05,1.03,699.6,0.0,29.13,28.41,28.56,28.69,2.77,
24,2025-04-04 16:00:00,3.12,1.4,586.8,0.0,29.18,28.65,29.02,29.26,2.84,
24,2025-04-04 17:00:00,2.68,1.2,427.2,0.0,28.97,28.93,29.33,29.54,2.9,
24,2025-04-04 18:00:00,2.68,1.32,183.6,0.0,34.73,26.33,27.53,28.54,2.41,
24,2025-04-04 19:00:00,2.68,0.53,33.31,0.0,43.96,22.31,23.58,25.15,1.64,
24,2025-04-04 20:00:00,2.08,0.19,0.0,0.0,57.17,18.8,19.68,21.24,0.99,
24,2025-04-04 21:00:00,2.52,0.71,0.0,0.0,64.13,17.01,17.71,18.24,0.73,
24,2025-04-04 22:00:00,2.3,0.23,0.0,0.0,80.55,13.19,14.46,15.83,0.32,
24,2025-04-04 23:00:00,0.65,0.0,0.0,0.0,88.55,11.85,12.22,12.62,0.17,
24,2025-04-05 00:00:00,0.95,0.04,0.0,0.0,92.68,11.28,11.47,11.57,0.1,
24,2025-04-05 01:00:00,0.88,0.03,0.0,0.0,93.4,9.78,10.16,10.77,0.09,
24,2025-04-05 02:00:00,1.25,0.16,0.0,0.0,96.75,10.23,11.1,11.65,0.04,
24,2025-04-05 03:00:00,1.18,0.17,0.0,0.0,96.65,11.57,11.65,11.7,0.05,
24,2025-04-05 04:00:00,1.55,0.13,0.0,0.0,96.03,11.24,11.38,11.48,0.05,
24,2025-04-05 05:00:00,1.55,0.24,0.0,0.0,96.4,11.6,11.66,11.71,0.05,
24,2025-04-05 06:00:00,1.92,0.54,0.0,0.0,97.13,11.16,11.21,11.3,0.04,
24,2025-04-05 07:00:00,1.4,0.38,0.7,0.0,97.45,10.98,11.11,11.23,0.03,
24,2025-04-05 08:00:00,1.48,0.41,22.67,0.0,97.63,10.85,10.98,11.15,0.03,
24,2025-04-05 09:00:00,2.38,0.56,61.55,0.0,97.8,10.82,11.2,11.44,0.03,
24,2025-04-05 10:00:00,2.52,0.69,91.7,0.0,97.53,11.44,11.56,11.74,0.03,
24,2025-04-05 11:00:00,1.48,0.38,90.2,0.0,94.25,11.91,12.07,12.2,0.08,
24,2025-04-05 12:00:00,1.48,0.4,104.2,0.0,89.28,12.4,12.65,12.91,0.16,
24,2025-04-05 13:00:00,1.32,0.28,203.3,0.0,84.73,13.04,13.36,13.68,0.24,
24,2025-04-05 14:00:00,1.7,0.31,192.6,0.0,80.26,14.06,14.24,14.32,0.32,
24,2025-04-05 15:00:00,2.08,0.7,185.9,0.0,78.16,14.43,14.54,14.72,0.36,
24,2025-04-05 16:00:00,2.15,0.57,153.2,0.0,76.46,14.83,14.91,14.99,0.4,
24,2025-04-05 17:00:00,1.85,0.53,148.5,0.0,75.03,14.98,15.07,15.22,0.43,
24,2025-04-05 18:00:00,1.62,0.37,36.3,0.0,76.76,14.7,14.81,14.9,0.39,
24,2025-04-05 19:00:00,1.25,0.2,13.86,0.0,78.01,14.48,14.59,14.7,0.37,
24,2025-04-05 20:00:00,1.32,0.25,0.0,0.0,78.27,14.39,14.42,14.43,0.36,
24,2025-04-05 21:00:00,1.25,0.29,0.0,0.0,77.98,14.32,14.34,14.37,0.36,
24,2025-04-05 22:00:00,1.92,0.54,0.0,0.0,77.51,14.3,14.31,14.32,0.37,
24,2025-04-05 23:00:00,1.02,0.05,0.0,0.0,78.69,14.19,14.25,14.31,0.35,
24,2025-04-06 00:00:00,1.55,0.19,0.0,0.0,78.52,13.86,14.03,14.18,0.34,
24,2025-04-06 01:00:00,0.8,0.03,0.0,0.0,76.5,13.78,13.81,13.83,0.37,
24,2025-04-06 02:00:00,0.8,0.02,0.0,0.0,78.4,13.63,13.71,13.74,0.34,
24,2025-04-06 03:00:00,1.4,0.21,0.0,0.0,78.5,13.31,13.43,13.55,0.33,
24,2025-04-06 04:00:00,1.18,0.1,0.0,0.0,81.22,13.05,13.17,13.28,0.29,
24,2025-04-06 05:00:00,1.62,0.21,0.0,0.0,84.15,12.58,12.79,13.02,0.24,
24,2025-04-06 06:00:00,1.92,0.22,0.0,0.0,84.8,12.23,12.36,12.47,0.22,
24,2025-04-06 07:00:00,1.7,0.29,0.43,0.0,84.8,12.16,12.19,12.21,0.22,
24,2025-04-06 08:00:00,1.1,0.17,15.64,0.0,84.4,12.18,12.27,12.35,0.23,
24,2025-04-06 09:00:00,1.18,0.19,59.68,0.0,80.14,12.44,12.72,13.05,0.29,
24,2025-04-06 10:00:00,1.55,0.3,243.9,0.0,74.88,13.31,13.67,14.21,0.39,
24,2025-04-06 11:00:00,2.0,0.48,389.4,0.0,66.89,14.8,15.46,16.22,0.59,
24,2025-04-06 12:00:00,2.45,0.63,328.3,0.0,68.23,15.99,16.09,16.24,0.58,
24,2025-04-06 13:00:00,2.45,0.66,344.7,0.0,65.15,16.38,16.77,17.13,0.67,
24,2025-04-06 14:00:00,3.5,1.11,703.6,0.0,60.1,17.17,18.11,18.82,0.83,
24,2025-04-06 15:00:00,4.62,2.28,532.0,0.0,60.45,17.98,18.35,18.61,0.83,
24,2025-04-06 16:00:00,4.92,2.58,556.9,0.0,57.41,18.88,19.28,19.65,0.95,
24,2025-04-06 17:00:00,3.95,2.25,397.5,0.0,56.24,19.51,19.58,19.69,1.0,
24,2025-04-06 18:00:00,3.95,1.87,163.2,0.0,57.75,18.8,19.15,19.42,0.94,
24,2025-04-06 19:00:00,2.82,0.4,28.05,0.0,69.01,15.39,16.89,18.22,0.6,
24,2025-04-06 20:00:00,1.1,0.1,0.0,0.0,81.68,13.09,13.67,14.65,0.29,
24,2025-04-06 21:00:00,1.4,0.12,0.0,0.0,83.9,11.77,12.45,12.72,0.24,
24,2025-04-06 22:00:00,1.92,0.18,0.0,0.0,89.93,9.98,10.35,10.83,0.13,
24,2025-04-06 23:00:00,1.85,0.18,0.0,0.0,89.53,9.68,10.35,11.04,0.13,
24,2025-04-07 00:00:00,1.4,0.29,0.0,0.0,91.88,8.91,9.25,9.5,0.1,
24,2025-04-07 01:00:00,1.02,0.02,0.0,0.0,93.65,7.82,8.05,8.4,0.07,
24,2025-04-07 02:00:00,0.88,0.01,0.0,0.0,93.75,7.21,7.65,8.01,0.07,
24,2025-04-07 03:00:00,0.72,0.01,0.0,0.0,94.13,6.33,6.55,6.93,0.06,
24,2025-04-07 04:00:00,0.72,0.01,0.0,0.0,94.43,5.51,5.71,6.05,0.05,
24,2025-04-07 05:00:00,1.02,0.14,0.0,0.0,95.75,5.52,5.89,6.35,0.04,
24,2025-04-07 06:00:00,2.6,0.41,0.0,0.0,92.63,7.28,8.77,9.97,0.09,
24,2025-04-07 07:00:00,0.95,0.03,1.96,0.0,92.03,5.46,6.57,7.79,0.08,
24,2025-04-07 08:00:00,0.0,0.0,76.45,0.0,94.43,4.8,5.6,7.01,0.05,
24,2025-04-07 09:00:00,0.95,0.08,259.4,0.0,95.6,7.78,9.06,10.14,0.05,
24,2025-04-07 10:00:00,1.7,0.55,487.4,0.0,80.52,11.71,12.93,14.08,0.29,
24,2025-04-07 11:00:00,2.9,1.01,630.1,0.0,66.07,14.89,16.32,17.86,0.64,
24,2025-04-07 12:00:00,4.32,2.28,724.0,0.0,56.41,18.41,18.68,19.02,0.94,
24,2025-04-07 13:00:00,5.0,2.69,754.9,0.0,47.88,19.26,20.24,21.04,1.24,
24,2025-04-07 14:00:00,5.82,2.79,754.1,0.0,40.72,21.47,22.25,23.03,1.6,
24,2025-04-07 15:00:00,4.32,2.38,702.2,0.0,35.74,23.2,24.03,24.54,1.92,
24,2025-04-07 16:00:00,4.4,2.43,577.9,0.0,31.3,24.78,24.87,24.91,2.16,
24,2025-04-07 17:00:00,4.47,2.56,411.1,0.0,29.66,24.84,25.02,25.23,2.24,
24,2025-04-07 18:00:00,3.65,1.58,187.0,0.0,36.82,22.98,23.92,24.63,1.88,
24,2025-04-07 19:00:00,2.75,0.93,20.16,0.0,51.4,18.26,19.92,21.53,1.14,
24,2025-04-07 20:00:00,1.02,0.06,0.0,0.0,66.91,14.63,15.1,16.06,0.57,
24,2025-04-07 21:00:00,1.1,0.1,0.0,0.0,76.92,11.45,12.14,13.24,0.33,
24,2025-04-07 22:00:00,0.65,0.01,0.0,0.0,82.1,9.76,10.23,10.98,0.23,
24,2025-04-07 23:00:00,0.95,0.03,0.0,0.0,83.53,8.98,9.15,9.41,0.19,
24,2025-04-08 00:00:00,0.0,0.0,0.0,0.0,85.28,8.29,8.48,8.73,0.16,
24,2025-04-08 01:00:00,0.72,0.02,0.0,0.0,87.78,7.56,7.69,7.96,0.13,
24,2025-04-08 02:00:00,0.88,0.04,0.0,0.0,87.8,7.23,7.51,7.7,0.13,
24,2025-04-08 03:00:00,1.18,0.09,0.0,0.0,87.9,7.04,7.44,7.78,0.13,
24,2025-04-08 04:00:00,0.0,0.0,0.0,0.0,90.3,5.98,6.33,6.83,0.09,
24,2025-04-08 05:00:00,0.0,0.0,0.0,0.0,91.43,5.33,5.5,5.74,0.08,
24,2025-04-08 06:00:00,0.72,0.01,0.0,0.0,92.4,4.7,4.93,5.22,0.07,
24,2025-04-08 07:00:00,0.28,0.0,1.81,0.0,93.18,4.49,4.62,4.7,0.06,
24,2025-04-08 08:00:00,0.72,0.01,121.5,0.0,91.98,4.58,5.56,7.42,0.08,
24,2025-04-08 09:00:00,0.8,0.02,293.0,0.0,65.7,9.2,12.27,14.57,0.51,
24,2025-04-08 10:00:00,2.22,0.82,478.6,0.0,54.49,15.73,16.45,17.46,0.85,
24,2025-04-08 11:00:00,1.85,0.65,614.5,0.0,47.53,18.72,19.81,20.75,1.22,
24,2025-04-08 12:00:00,2.0,0.55,702.0,0.0,37.71,21.87,23.04,24.27,1.76,
24,2025-04-08 13:00:00,3.05,0.93,735.4,0.0,32.17,24.41,25.18,25.82,2.18,
24,2025-04-08 14:00:00,2.98,1.0,733.3,0.0,28.08,25.92,26.61,27.07,2.51,
24,2025-04-08 15:00:00,3.5,1.61,673.8,0.0,32.82,26.68,26.9,27.09,2.38,
24,2025-04-08 16:00:00,3.58,1.63,549.2,0.0,34.14,26.97,27.12,27.37,2.37,
24,2025-04-08 17:00:00,3.95,1.38,393.0,0.0,36.54,26.21,26.92,27.2,2.26,
24,2025-04-08 18:00:00,3.35,1.64,162.3,0.0,46.04,22.84,24.11,25.32,1.63,
24,2025-04-08 19:00:00,2.68,0.46,11.97,0.0,60.02,18.54,19.96,21.38,0.94,
24,2025-04-08 20:00:00,2.9,0.66,0.0,0.0,69.84,16.2,17.07,17.9,0.59,
24,2025-04-08 21:00:00,2.0,0.27,0.0,0.0,79.48,14.18,14.77,15.51,0.35,
24,2025-04-08 22:00:00,1.55,0.11,0.0,0.0,86.83,12.68,13.05,13.64,0.2,
24,2025-04-08 23:00:00,0.8,0.05,0.0,0.0,90.85,11.13,11.59,12.15,0.12,
24,2025-04-09 00:00:00,0.88,0.01,0.0,0.0,91.93,9.84,10.26,10.81,0.1,
24,2025-04-09 01:00:00,0.72,0.02,0.0,0.0,93.03,9.18,9.61,10.22,0.09,
24,2025-04-09 02:00:00,0.95,0.03,0.0,0.0,93.05,10.57,11.18,11.58,0.09,
24,2025-04-09 03:00:00,1.4,0.13,0.0,0.0,95.5,11.58,11.6,11.62,0.06,
24,2025-04-09 04:00:00,0.95,0.08,0.0,0.0,95.95,11.57,11.63,11.7,0.05,
24,2025-04-09 05:00:00,1.7,0.39,0.0,0.0,96.45,11.5,11.57,11.63,0.05,
24,2025-04-09 06:00:00,1.85,0.59,0.0,0.0,96.75,11.24,11.31,11.46,0.04,
24,2025-04-09 07:00:00,2.08,0.41,1.18,0.0,96.25,11.07,11.17,11.32,0.05,
24,2025-04-09 08:00:00,1.4,0.16,21.43,0.0,95.45,11.11,11.18,11.23,0.06,
24,2025-04-09 09:00:00,1.78,0.28,70.37,0.0,94.0,11.27,11.47,11.61,0.08,
24,2025-04-09 10:00:00,2.15,0.67,109.5,0.0,91.45,11.85,12.08,12.33,0.12,
24,2025-04-09 11:00:00,1.78,0.51,264.7,0.0,84.93,12.59,13.15,13.79,0.23,
24,2025-04-09 12:00:00,3.12,1.28,591.5,0.0,78.02,14.21,15.02,15.45,0.38,
24,2025-04-09 13:00:00,3.12,1.05,413.2,0.0,76.8,14.87,15.43,15.85,0.41,
24,2025-04-09 14:00:00,2.98,1.29,609.7,0.0,70.53,16.23,16.73,17.62,0.56,
24,2025-04-09 15:00:00,3.05,1.28,588.2,0.0,65.05,17.89,18.34,18.58,0.74,
24,2025-04-09 16:00:00,3.28,1.34,467.4,0.0,65.27,18.4,18.69,19.07,0.75,
24,2025-04-09 17:00:00,2.75,1.18,273.0,0.0,67.31,18.15,18.23,18.32,0.68,
24,2025-04-09 18:00:00,2.6,0.97,139.6,0.0,72.0,16.89,17.41,17.9,0.56,
24,2025-04-09 19:00:00,1.02,0.1,21.34,0.0,78.91,15.14,15.79,16.5,0.38,
24,2025-04-09 20:00:00,0.8,0.01,0.0,0.0,85.73,13.34,13.93,14.54,0.23,
24,2025-04-09 21:00:00,1.62,0.16,0.0,0.0,82.58,13.0,13.67,14.26,0.28,
24,2025-04-09 22:00:00,1.32,0.12,0.0,0.0,78.07,14.26,14.31,14.35,0.36,
24,2025-04-09 23:00:00,0.95,0.1,0.0,0.0,78.6,13.84,14.01,14.23,0.35,
24,2025-04-10 00:00:00,2.0,0.12,0.0,0.0,79.8,13.52,13.57,13.64,0.32,
24,2025-04-10 01:00:00,1.18,0.18,0.0,0.0,80.65,13.39,13.45,13.5,0.3,
24,2025-04-10 02:00:00,1.55,0.24,0.0,0.0,82.1,13.08,13.13,13.16,0.27,
24,2025-04-10 03:00:00,0.65,0.03,0.0,0.0,83.15,13.04,13.09,13.13,0.25,
24,2025-04-10 04:00:00,1.02,0.1,0.0,0.0,85.35,12.85,12.93,13.04,0.22,
24,2025-04-10 05:00:00,1.18,0.21,0.0,0.0,87.08,12.73,12.81,12.88,0.19,
24,2025-04-10 06:00:00,2.0,0.37,0.0,0.0,84.48,12.76,12.89,12.96,0.23,
24,2025-04-10 07:00:00,1.48,0.24,0.43,0.0,85.03,12.61,12.7,12.77,0.22,
24,2025-04-10 08:00:00,1.7,0.34,52.37,0.0,87.03,12.3,12.42,12.52,0.19,
24,2025-04-10 09:00:00,1.92,0.69,218.7,0.0,83.68,12.29,12.83,13.38,0.25,
24,2025-04-10 10:00:00,2.6,1.13,406.0,0.0,73.87,14.44,15.34,16.02,0.46,
24,2025-04-10 11:00:00,2.22,0.76,634.9,0.0,66.25,16.07,17.15,18.31,0.67,
24,2025-04-10 12:00:00,2.38,0.77,558.2,0.0,60.93,18.35,18.7,18.95,0.85,
24,2025-04-10 13:00:00,5.45,2.68,476.7,0.0,67.36,16.72,17.33,18.29,0.65,
24,2025-04-10 14:00:00,5.6,3.1,507.7,0.0,68.01,16.54,16.8,17.17,0.61,
24,2025-04-10 15:00:00,5.6,3.12,382.7,0.0,67.87,16.63,16.74,16.97,0.61,
24,2025-04-10 16:00:00,5.45,3.09,355.2,0.0,73.6,15.45,16.19,16.9,0.49,
24,2025-04-10 17:00:00,5.45,3.13,127.1,0.0,81.08,13.91,14.11,14.39,0.31,
24,2025-04-10 18:00:00,4.92,2.59,70.47,0.0,81.0,13.53,13.68,13.89,0.3,
24,2025-04-10 19:00:00,4.4,2.39,11.92,0.0,79.34,13.27,13.39,13.49,0.32,
24,2025-04-10 20:00:00,3.65,1.84,0.0,0.0,79.57,12.99,13.1,13.23,0.31,
24,2025-04-10 21:00:00,2.82,1.07,0.0,0.0,81.8,12.58,12.72,12.88,0.27,
24,2025-04-10 22:00:00,2.22,0.97,0.0,0.0,83.45,12.34,12.6,12.82,0.24,
24,2025-04-10 23:00:00,3.65,1.15,0.0,0.0,83.63,12.42,12.56,12.82,0.24,
24,2025-04-11 00:00:00,3.35,1.57,0.0,0.0,82.78,12.74,12.87,12.95,0.26,
24,2025-04-11 01:00:00,3.72,1.96,0.0,0.0,84.2,12.69,12.73,12.76,0.23,
24,2025-04-11 02:00:00,3.8,1.88,0.0,0.0,84.63,12.58,12.65,12.7,0.23,
24,2025-04-11 03:00:00,3.88,2.17,0.0,0.0,89.95,11.89,12.22,12.51,0.14,
24,2025-04-11 04:00:00,5.0,2.6,0.0,0.0,85.25,11.37,11.56,11.69,0.2,
24,2025-04-11 05:00:00,4.7,2.4,0.0,0.0,83.78,11.06,11.12,11.18,0.22,
24,2025-04-11 06:00:00,4.85,2.44,0.0,0.0,85.53,10.58,10.75,10.96,0.19,
24,2025-04-11 07:00:00,5.52,3.16,0.18,0.0,86.28,10.25,10.32,10.36,0.17,
24,2025-04-11 08:00:00,5.82,3.36,19.31,0.0,85.03,9.54,9.7,9.87,0.18,
24,2025-04-11 09:00:00,5.45,3.1,49.08,0.0,80.03,9.7,9.83,9.9,0.24,
24,2025-04-11 10:00:00,5.0,2.88,147.2,0.0,79.24,9.89,10.07,10.44,0.26,
24,2025-04-11 11:00:00,5.38,2.8,243.0,0.0,75.81,10.49,10.78,11.13,0.32,
24,2025-04-11 12:00:00,4.18,2.49,280.9,0.0,72.15,11.6,11.95,12.28,0.39,
24,2025-04-11 13:00:00,5.3,2.42,498.6,0.0,63.91,12.85,13.92,14.72,0.58,
24,2025-04-11 14:00:00,4.78,2.77,514.3,0.0,57.38,14.86,15.51,16.15,0.75,
24,2025-04-11 15:00:00,4.18,2.46,277.8,0.0,56.02,15.58,15.76,15.9,0.79,
24,2025-04-11 16:00:00,4.18,2.25,520.5,0.0,47.81,16.39,17.11,17.5,1.02,
24,2025-04-11 17:00:00,3.72,1.79,372.3,0.0,45.79,17.63,17.71,17.85,1.1,
24,2025-04-11 18:00:00,3.58,1.81,194.6,0.0,49.97,16.47,17.02,17.46,0.97,
24,2025-04-11 19:00:00,2.6,1.36,18.36,0.0,56.71,14.79,15.22,15.79,0.75,
24,2025-04-11 20:00:00,2.9,1.22,0.0,0.0,64.68,12.64,13.03,13.7,0.53,
24,2025-04-11 21:00:00,3.88,1.97,0.0,0.0,60.58,11.86,12.04,12.32,0.56,
24,2025-04-11 22:00:00,3.05,0.92,0.0,0.0,63.13,9.92,11.33,12.38,0.5,
24,2025-04-11 23:00:00,1.85,0.27,0.0,0.0,72.0,9.27,9.44,9.66,0.33,
24,2025-04-12 00:00:00,1.25,0.26,0.0,0.0,76.28,8.85,9.05,9.4,0.27,
24,2025-04-12 01:00:00,1.25,0.27,0.0,0.0,80.18,6.59,8.26,9.26,0.22,
24,2025-04-12 02:00:00,2.45,0.17,0.0,0.0,87.27,5.31,5.58,6.1,0.12,
24,2025-04-12 03:00:00,4.18,2.09,0.0,0.0,72.28,8.56,9.07,9.42,0.32,
24,2025-04-12 04:00:00,3.42,1.67,0.0,0.0,75.56,8.12,8.24,8.32,0.27,
24,2025-04-12 05:00:00,1.18,0.07,0.0,0.0,86.65,4.46,5.76,7.68,0.13,
24,2025-04-12 06:00:00,0.8,0.02,0.0,0.0,91.68,3.24,3.47,3.98,0.07,
24,2025-04-12 07:00:00,0.42,0.01,1.12,0.0,92.73,1.32,1.87,2.46,0.05,
24,2025-04-12 08:00:00,0.65,0.02,111.4,0.0,94.78,1.06,1.81,3.35,0.04,
24,2025-04-12 09:00:00,1.25,0.31,288.9,0.0,79.03,5.6,7.25,8.61,0.22,
24,2025-04-12 10:00:00,2.15,0.41,464.6,0.0,63.72,9.49,10.88,12.12,0.47,
24,2025-04-12 11:00:00,3.05,1.15,604.3,0.0,55.59,12.45,13.53,14.79,0.69,
24,2025-04-12 12:00:00,4.18,2.01,688.8,0.0,48.09,15.42,16.15,16.73,0.96,
24,2025-04-12 13:00:00,4.85,2.48,722.4,0.0,39.69,17.03,17.69,18.16,1.22,
24,2025-04-12 14:00:00,5.98,3.33,718.9,0.0,35.32,18.33,18.63,18.96,1.39,
24,2025-04-12 15:00:00,5.52,3.13,671.5,0.0,28.27,19.33,19.93,20.34,1.67,
24,2025-04-12 16:00:00,5.68,3.38,560.6,0.0,28.24,20.55,20.6,20.64,1.74,
24,2025-04-12 17:00:00,6.2,3.13,397.1,0.0,29.14,20.39,20.61,20.72,1.72,
24,2025-04-12 18:00:00,4.62,2.22,210.1,0.0,35.53,18.8,19.65,20.42,1.48,
24,2025-04-12 19:00:00,4.47,2.11,17.67,0.0,40.66,16.93,17.56,18.23,1.19,
24,2025-04-12 20:00:00,2.22,0.59,0.0,0.0,52.16,12.47,14.77,16.04,0.82,
24,2025-04-12 21:00:00,1.62,0.21,0.0,0.0,64.59,10.13,10.44,10.67,0.45,
24,2025-04-12 22:00:00,1.32,0.14,0.0,0.0,73.21,7.47,8.69,9.79,0.3,
24,2025-04-12 23:00:00,1.02,0.04,0.0,0.0,77.67,7.0,7.2,7.54,0.23,
24,2025-04-13 00:00:00,1.18,0.09,0.0,0.0,80.09,6.34,6.44,6.56,0.19,
24,2025-04-13 01:00:00,2.45,0.69,0.0,0.0,69.89,8.56,10.17,10.92,0.38,
24,2025-04-13 02:00:00,2.9,0.81,0.0,0.0,73.16,7.8,9.77,10.81,0.33,
24,2025-04-13 03:00:00,0.95,0.06,0.0,0.0,86.68,4.24,5.2,6.35,0.12,
24,2025-04-13 04:00:00,0.72,0.01,0.0,0.0,89.93,3.57,3.81,4.04,0.08,
24,2025-04-13 05:00:00,0.0,0.0,0.0,0.0,90.33,2.6,3.03,3.5,0.08,
24,2025-04-13 06:00:00,0.0,0.0,0.0,0.0,91.9,1.96,2.14,2.35,0.06,
24,2025-04-13 07:00:00,0.0,0.0,0.98,0.0,92.85,1.73,1.94,2.1,0.05,
24,2025-04-13 08:00:00,0.5,0.0,108.7,0.0,94.55,1.81,2.81,4.42,0.04,
24,2025-04-13 09:00:00,2.15,0.49,279.6,0.0,77.84,6.19,7.91,9.28,0.24,
24,2025-04-13 10:00:00,2.15,0.79,465.8,0.0,66.79,10.26,11.52,12.7,0.45,
24,2025-04-13 11:00:00,2.6,0.85,584.7,0.0,55.8,13.46,14.51,15.8,0.74,
24,2025-04-13 12:00:00,3.2,1.39,710.0,0.0,47.6,16.12,17.13,18.33,1.03,
24,2025-04-13 13:00:00,3.2,1.39,726.1,0.0,38.72,19.32,20.01,20.68,1.44,
24,2025-04-13 14:00:00,3.12,1.34,701.7,0.0,33.71,20.93,21.67,22.5,1.72,
24,2025-04-13 15:00:00,4.03,1.88,638.9,0.0,28.99,22.73,23.02,23.42,2.0,
24,2025-04-13 16:00:00,4.4,2.05,508.2,0.0,31.22,23.23,23.34,23.43,1.97,
24,2025-04-13 17:00:00,4.25,2.49,298.9,0.0,34.14,22.31,22.62,22.73,1.81,
24,2025-04-13 18:00:00,3.28,1.35,182.1,0.0,34.96,20.22,21.23,22.16,1.64,
24,2025-04-13 19:00:00,1.32,0.21,18.2,0.0,45.39,15.26,17.25,19.38,1.09,
24,2025-04-13 20:00:00,0.5,0.0,0.0,0.0,62.15,11.78,12.78,13.95,0.56,
24,2025-04-13 21:00:00,0.72,0.02,0.0,0.0,68.25,10.52,10.84,11.28,0.41,
24,2025-04-13 22:00:00,0.72,0.01,0.0,0.0,73.27,9.37,9.77,10.27,0.32,
24,2025-04-13 23:00:00,0.0,0.0,0.0,0.0,76.84,8.4,8.79,8.96,0.26,
24,2025-04-14 00:00:00,1.18,0.14,0.0,0.0,78.98,7.78,8.16,8.37,0.23,
24,2025-04-14 01:00:00,0.0,0.0,0.0,0.0,79.67,8.25,8.32,8.42,0.22,
24,2025-04-14 02:00:00,0.88,0.04,0.0,0.0,83.13,7.44,7.6,7.8,0.18,
24,2025-04-14 03:00:00,0.95,0.09,0.0,0.0,84.58,6.8,7.24,7.8,0.16,
24,2025-04-14 04:00:00,1.25,0.13,0.0,0.0,85.15,6.39,6.71,6.95,0.15,
24,2025-04-14 05:00:00,0.88,0.09,0.0,0.0,87.93,5.24,5.93,6.77,0.12,
24,2025-04-14 06:00:00,0.65,0.03,0.0,0.0,91.2,4.37,4.72,5.25,0.08,
24,2025-04-14 07:00:00,0.88,0.03,0.78,0.0,91.7,3.76,4.09,4.6,0.07,
24,2025-04-14 08:00:00,1.02,0.03,105.4,0.0,93.13,3.92,4.86,6.4,0.06,
24,2025-04-14 09:00:00,1.92,0.51,279.7,0.0,76.57,8.29,10.33,11.75,0.3,
24,2025-04-14 10:00:00,2.38,1.31,411.9,0.0,67.42,12.28,12.96,13.72,0.49,
24,2025-04-14 11:00:00,2.68,1.45,589.6,0.0,56.39,14.88,15.93,16.94,0.79,
24,2025-04-14 12:00:00,2.75,1.28,635.5,0.0,48.43,17.8,18.49,18.97,1.1,
24,2025-04-14 13:00:00,2.75,1.24,424.5,0.0,48.7,18.66,18.77,18.95,1.11,
24,2025-04-14 14:00:00,3.88,1.95,421.1,0.0,49.37,18.7,18.9,19.13,1.11,
24,2025-04-14 15:00:00,4.18,1.59,382.0,0.0,45.67,19.03,19.34,19.74,1.22,
24,2025-04-14 16:00:00,3.35,1.6,551.2,0.0,41.51,19.9,20.32,20.48,1.4,
24,2025-04-14 17:00:00,4.1,1.64,522.2,0.0,38.74,20.34,21.04,21.67,1.53,
24,2025-04-14 18:00:00,3.12,1.51,106.5,0.0,41.62,18.7,19.22,19.66,1.3,
24,2025-04-14 19:00:00,1.85,0.98,30.66,0.0,47.43,16.56,17.53,18.43,1.05,
24,2025-04-14 20:00:00,1.25,0.19,0.0,0.0,55.21,14.17,14.86,15.95,0.76,
24,2025-04-14 21:00:00,1.62,0.16,0.0,0.0,64.46,11.68,12.49,13.66,0.52,
24,2025-04-14 22:00:00,5.3,2.31,0.0,0.0,82.53,12.42,12.6,12.74,0.26,
24,2025-04-14 23:00:00,3.05,0.96,0.0,0.0,90.05,11.63,12.21,12.74,0.14,
24,2025-04-15 00:00:00,1.92,0.54,0.0,0.0,85.8,10.36,10.61,11.27,0.18,
24,2025-04-15 01:00:00,1.62,0.23,0.0,0.0,90.48,8.59,9.23,9.8,0.11,
24,2025-04-15 02:00:00,2.15,0.54,0.0,0.0,87.03,9.28,9.51,9.59,0.16,
24,2025-04-15 03:00:00,4.25,1.31,0.0,0.0,90.9,8.99,9.92,10.51,0.11,
24,2025-04-15 04:00:00,2.08,0.49,0.0,0.0,89.35,8.66,9.15,10.06,0.12,
24,2025-04-15 05:00:00,1.02,0.08,0.0,0.0,91.35,6.52,7.03,7.87,0.09,
24,2025-04-15 06:00:00,0.0,0.0,0.0,0.0,91.98,4.52,5.22,6.05,0.07,
24,2025-04-15 07:00:00,0.65,0.01,0.66,0.0,93.6,3.43,3.84,4.35,0.05,
24,2025-04-15 08:00:00,1.25,0.12,39.79,0.0,96.88,4.61,5.51,6.4,0.03,
24,2025-04-15 09:00:00,2.08,0.78,217.5,0.0,94.28,7.16,7.96,8.85,0.06,
24,2025-04-15 10:00:00,3.58,1.48,519.5,0.0,82.67,9.15,10.12,11.15,0.22,
24,2025-04-15 11:00:00,3.88,1.97,578.7,0.0,71.42,11.5,12.53,13.27,0.42,
24,2025-04-15 12:00:00,3.12,1.42,647.5,0.0,61.32,13.86,15.09,16.15,0.67,
24,2025-04-15 13:00:00,4.1,1.99,708.7,0.0,49.96,16.88,17.67,18.64,1.02,
24,2025-04-15 14:00:00,4.7,2.42,571.7,0.0,41.5,18.97,19.13,19.27,1.3,
24,2025-04-15 15:00:00,5.15,2.82,355.6,0.0,46.85,18.69,18.79,18.98,1.15,
24,2025-04-15 16:00:00,5.08,2.57,373.2,0.0,48.43,18.73,18.95,19.14,1.13,
24,2025-04-15 17:00:00,4.7,2.41,195.4,0.0,52.02,18.15,18.37,18.53,1.01,
24,2025-04-15 18:00:00,4.25,1.74,101.8,0.0,57.61,17.06,17.38,17.85,0.84,
24,2025-04-15 19:00:00,3.35,1.52,14.23,0.0,65.5,15.19,15.61,16.25,0.61,
24,2025-04-15 20:00:00,2.9,0.93,0.0,0.0,67.56,14.04,14.5,15.03,0.54,
24,2025-04-15 21:00:00,1.62,0.19,0.0,0.0,74.03,12.24,12.97,13.77,0.39,
24,2025-04-15 22:00:00,1.62,0.4,0.0,0.0,79.11,11.66,12.02,12.46,0.3,
24,2025-04-15 23:00:00,1.25,0.05,0.0,0.0,86.33,8.57,9.45,10.68,0.16,
24,2025-04-16 00:00:00,1.32,0.04,0.0,0.0,90.45,7.51,7.65,7.89,0.1,
24,2025-04-16 01:00:00,0.72,0.02,0.0,0.0,91.6,6.77,7.0,7.28,0.09,
24,2025-04-16 02:00:00,0.95,0.02,0.0,0.0,92.58,5.48,5.84,6.22,0.07,
24,2025-04-16 03:00:00,1.25,0.13,0.0,0.0,93.63,5.62,6.26,6.66,0.06,
24,2025-04-16 04:00:00,0.28,0.0,0.0,0.0,93.13,4.84,5.11,5.56,0.06,
24,2025-04-16 05:00:00,0.57,0.01,0.0,0.0,94.73,4.51,4.69,4.84,0.05,
24,2025-04-16 06:00:00,0.95,0.04,0.0,0.0,95.18,4.27,4.55,5.13,0.04,
24,2025-04-16 07:00:00,0.88,0.03,0.51,0.0,95.48,5.69,6.24,6.8,0.04,
24,2025-04-16 08:00:00,1.62,0.27,38.33,0.0,94.98,6.42,6.95,8.13,0.05,
24,2025-04-16 09:00:00,1.62,0.38,90.9,0.0,96.45,8.66,8.78,8.9,0.04,
24,2025-04-16 10:00:00,1.78,0.56,426.6,0.0,82.58,9.13,10.96,12.62,0.24,
24,2025-04-16 11:00:00,2.6,0.7,568.9,0.0,68.61,13.34,14.64,16.13,0.53,
24,2025-04-16 12:00:00,3.5,0.94,654.4,0.0,55.33,16.54,17.63,18.32,0.91,
24,2025-04-16 13:00:00,3.8,1.78,701.3,0.0,46.38,18.92,19.75,20.56,1.24,
24,2025-04-16 14:00:00,4.85,2.58,695.0,0.0,41.1,21.05,21.26,21.58,1.49,
24,2025-04-16 15:00:00,5.15,3.21,711.5,0.0,35.47,21.83,22.27,22.71,1.74,
24,2025-04-16 16:00:00,6.58,3.16,467.8,0.0,30.91,22.28,22.4,22.58,1.87,
24,2025-04-16 17:00:00,5.38,2.74,345.7,0.0,23.31,22.2,22.3,22.42,2.06,
24,2025-04-16 18:00:00,3.88,2.04,204.0,0.0,25.27,20.55,21.5,22.21,1.92,
24,2025-04-16 19:00:00,3.65,1.93,13.69,0.0,35.77,18.23,18.81,19.56,1.4,
24,2025-04-16 20:00:00,2.3,0.61,0.0,0.0,45.88,15.27,16.5,17.94,1.02,
24,2025-04-16 21:00:00,2.52,0.41,0.0,0.0,50.36,14.36,15.08,15.59,0.85,
24,2025-04-16 22:00:00,1.55,0.31,0.0,0.0,49.72,14.08,14.48,14.75,0.83,
24,2025-04-16 23:00:00,1.78,0.36,0.0,0.0,49.46,13.83,14.43,14.8,0.83,
24,2025-04-17 00:00:00,2.68,0.4,0.0,0.0,53.32,12.77,13.54,14.53,0.73,
24,2025-04-17 01:00:00,4.25,1.32,0.0,0.0,54.07,14.89,15.39,15.68,0.81,
24,2025-04-17 02:00:00,3.35,1.39,0.0,0.0,72.26,13.41,13.86,14.41,0.44,
24,2025-04-17 03:00:00,5.22,1.13,0.0,0.0,80.98,12.46,12.62,12.85,0.28,
24,2025-04-17 04:00:00,6.28,3.01,0.0,0.0,82.8,12.24,12.57,12.79,0.25,
24,2025-04-17 05:00:00,5.3,2.79,0.0,0.0,87.8,11.7,11.81,11.98,0.17,
24,2025-04-17 06:00:00,4.03,2.21,0.0,0.0,88.33,11.5,11.57,11.66,0.16,
24,2025-04-17 07:00:00,4.7,2.66,0.14,0.0,88.3,11.49,11.56,11.65,0.16,
24,2025-04-17 08:00:00,4.03,1.81,19.99,0.0,87.88,11.37,11.45,11.57,0.16,
24,2025-04-17 09:00:00,2.98,1.59,67.77,0.0,86.65,11.44,11.54,11.71,0.18,
24,2025-04-17 10:00:00,3.58,1.89,136.4,0.0,83.13,11.78,12.06,12.31,0.24,
24,2025-04-17 11:00:00,4.62,2.36,154.6,0.0,80.55,12.58,12.71,12.79,0.29,
24,2025-04-17 12:00:00,5.0,2.69,298.1,0.0,78.48,12.89,13.21,13.53,0.33,
24,2025-04-17 13:00:00,4.32,2.22,352.1,0.0,72.68,13.91,14.3,14.74,0.45,
24,2025-04-17 14:00:00,4.55,2.38,597.9,0.0,67.36,15.41,15.77,16.11,0.59,
24,2025-04-17 15:00:00,4.85,2.93,659.6,0.0,57.27,17.32,17.88,18.18,0.88,
24,2025-04-17 16:00:00,5.52,2.91,483.8,0.0,52.73,18.55,19.25,19.99,1.06,
24,2025-04-17 17:00:00,5.0,2.89,325.7,0.0,49.81,19.84,19.95,20.03,1.17,
24,2025-04-17 18:00:00,4.85,2.31,191.1,0.0,53.98,18.28,19.0,19.65,1.02,
24,2025-04-17 19:00:00,3.05,1.57,11.14,0.0,62.07,16.2,16.75,17.52,0.73,
24,2025-04-17 20:00:00,3.58,1.8,0.0,0.0,58.85,15.94,16.01,16.04,0.75,
24,2025-04-17 21:00:00,3.95,1.79,0.0,0.0,58.73,13.92,14.98,15.72,0.71,
24,2025-04-17 22:00:00,4.92,2.28,0.0,0.0,59.36,13.72,13.88,13.97,0.65,
24,2025-04-17 23:00:00,4.03,2.17,0.0,0.0,60.7,12.6,13.13,13.53,0.6,
24,2025-04-18 00:00:00,2.68,0.84,0.0,0.0,68.95,10.36,11.29,12.38,0.42,
24,2025-04-18 01:00:00,2.6,0.51,0.0,0.0,77.92,7.19,9.2,10.57,0.26,
24,2025-04-18 02:00:00,0.65,0.02,0.0,0.0,89.03,4.81,5.62,6.33,0.1,
24,2025-04-18 03:00:00,0.0,0.0,0.0,0.0,91.28,3.76,4.1,4.41,0.07,
24,2025-04-18 04:00:00,0.57,0.01,0.0,0.0,92.03,2.73,3.16,3.52,0.06,
24,2025-04-18 05:00:00,0.72,0.01,0.0,0.0,92.25,1.86,2.25,2.62,0.06,
24,2025-04-18 06:00:00,0.8,0.04,0.0,0.0,93.75,1.57,1.72,1.84,0.04,
24,2025-04-18 07:00:00,0.65,0.01,0.49,0.0,94.35,1.59,1.78,1.99,0.04,
24,2025-04-18 08:00:00,0.42,0.0,63.17,0.0,95.68,1.87,2.24,2.79,0.03,
24,2025-04-18 09:00:00,2.82,0.97,150.3,0.0,96.78,3.45,4.96,6.08,0.03,
24,2025-04-18 10:00:00,2.9,1.07,452.1,0.0,86.2,6.78,7.82,8.83,0.15,
24,2025-04-18 11:00:00,2.98,1.2,567.1,0.0,74.59,9.57,10.46,11.17,0.33,
24,2025-04-18 12:00:00,2.98,1.34,652.5,0.0,60.18,12.27,13.61,14.86,0.63,
24,2025-04-18 13:00:00,4.1,2.32,679.1,0.0,52.95,15.58,16.05,16.31,0.86,
24,2025-04-18 14:00:00,3.8,1.98,676.3,0.0,42.06,17.1,18.23,18.99,1.22,
24,2025-04-18 15:00:00,3.72,1.94,624.2,0.0,36.17,19.7,20.47,21.14,1.54,
24,2025-04-18 16:00:00,3.35,1.67,517.2,0.0,32.59,21.51,22.01,22.38,1.78,
24,2025-04-18 17:00:00,3.12,1.57,253.6,0.0,34.3,22.06,22.37,22.66,1.78,
24,2025-04-18 18:00:00,2.75,1.14,176.7,0.0,39.25,19.75,20.89,21.89,1.51,
24,2025-04-18 19:00:00,2.52,0.46,9.53,0.0,52.11,14.29,16.29,18.22,0.9,
24,2025-04-18 20:00:00,0.88,0.06,0.0,0.0,64.21,10.94,12.12,12.91,0.51,
24,2025-04-18 21:00:00,0.8,0.01,0.0,0.0,76.7,7.83,8.59,9.67,0.26,
24,2025-04-18 22:00:00,0.65,0.01,0.0,0.0,81.02,6.57,7.12,7.84,0.2,
24,2025-04-18 23:00:00,0.65,0.01,0.0,0.0,83.28,5.31,5.79,6.19,0.16,
24,2025-04-19 00:00:00,1.25,0.07,0.0,0.0,83.53,5.16,5.56,5.98,0.15,
24,2025-04-19 01:00:00,1.1,0.08,0.0,0.0,85.2,5.15,5.39,5.72,0.13,
24,2025-04-19 02:00:00,0.88,0.02,0.0,0.0,84.13,5.07,5.47,5.87,0.14,
24,2025-04-19 03:00:00,0.65,0.01,0.0,0.0,86.58,4.44,4.54,4.77,0.11,
24,2025-04-19 04:00:00,0.95,0.02,0.0,0.0,88.28,3.4,3.81,4.38,0.1,
24,2025-04-19 05:00:00,0.57,0.01,0.0,0.0,89.33,2.42,2.77,3.16,0.08,
24,2025-04-19 06:00:00,0.8,0.01,0.0,0.0,90.45,2.22,2.27,2.31,0.07,
24,2025-04-19 07:00:00,0.88,0.07,0.47,0.0,90.43,2.7,2.86,3.01,0.07,
24,2025-04-19 08:00:00,0.0,0.0,93.8,0.0,88.75,2.32,2.92,4.28,0.09,
24,2025-04-19 09:00:00,0.95,0.09,262.4,0.0,64.75,6.6,9.55,12.0,0.43,
24,2025-04-19 10:00:00,1.25,0.26,432.1,0.0,54.47,12.27,13.43,15.23,0.71,
24,2025-04-19 11:00:00,1.85,0.61,565.3,0.0,46.01,15.8,16.88,18.0,1.04,
24,2025-04-19 12:00:00,2.38,0.84,655.5,0.0,34.01,18.86,20.12,21.17,1.56,
24,2025-04-19 13:00:00,2.9,0.98,680.6,0.0,30.92,21.67,22.53,23.19,1.89,
24,2025-04-19 14:00:00,3.35,1.44,671.1,0.0,27.18,23.56,24.11,24.38,2.19,
24,2025-04-19 15:00:00,3.95,1.69,622.7,0.0,23.61,24.63,25.14,25.67,2.45,
24,2025-04-19 16:00:00,3.35,1.1,486.3,0.0,21.35,25.29,25.62,25.84,2.59,
24,2025-04-19 17:00:00,2.15,0.75,156.8,0.0,28.96,22.96,23.99,25.05,2.12,
24,2025-04-19 18:00:00,1.62,0.16,64.15,0.0,33.92,20.54,21.65,22.5,1.72,
24,2025-04-19 19:00:00,0.95,0.08,5.08,0.0,48.88,16.21,17.74,19.54,1.05,
24,2025-04-19 20:00:00,1.25,0.13,0.0,0.0,54.89,14.17,15.04,15.81,0.77,
24,2025-04-19 21:00:00,0.95,0.12,0.0,0.0,61.88,12.7,13.61,14.44,0.6,
24,2025-04-19 22:00:00,0.72,0.02,0.0,0.0,69.76,11.92,12.03,12.19,0.43,
24,2025-04-19 23:00:00,0.88,0.01,0.0,0.0,73.41,11.11,11.37,11.8,0.36,
24,2025-04-20 00:00:00,1.18,0.14,0.0,0.0,75.27,10.14,10.68,11.01,0.32,
24,2025-04-20 01:00:00,0.88,0.04,0.0,0.0,80.09,8.53,9.04,9.51,0.23,
24,2025-04-20 02:00:00,0.72,0.02,0.0,0.0,83.98,6.62,7.44,8.24,0.17,
24,2025-04-20 03:00:00,0.8,0.02,0.0,0.0,87.1,5.79,5.97,6.28,0.12,
24,2025-04-20 04:00:00,0.57,0.01,0.0,0.0,88.83,5.01,5.13,5.32,0.1,
24,2025-04-20 05:00:00,0.0,0.0,0.0,0.0,90.33,4.68,4.84,4.96,0.08,
24,2025-04-20 06:00:00,0.0,0.0,0.0,0.0,90.3,4.42,4.58,4.74,0.08,
24,2025-04-20 07:00:00,1.32,0.25,0.4,0.0,92.33,4.8,5.18,5.56,0.07,
24,2025-04-20 08:00:00,0.57,0.01,82.8,0.0,93.13,4.43,5.01,5.95,0.06,
24,2025-04-20 09:00:00,2.15,0.54,252.0,0.0,81.74,7.47,8.99,10.19,0.22,
24,2025-04-20 10:00:00,2.52,1.24,419.5,0.0,77.91,9.94,10.95,12.19,0.29,
24,2025-04-20 11:00:00,2.52,1.25,552.3,0.0,59.55,13.55,15.19,16.86,0.71,
24,2025-04-20 12:00:00,2.3,0.92,635.0,0.0,45.8,17.48,18.97,20.38,1.2,
24,2025-04-20 13:00:00,3.65,1.57,655.8,0.0,39.11,20.84,21.26,21.63,1.54,
24,2025-04-20 14:00:00,4.62,1.89,654.2,0.0,38.88,22.21,22.61,22.97,1.68,
24,2025-04-20 15:00:00,4.1,1.93,602.9,0.0,33.44,23.05,23.51,23.84,1.93,
24,2025-04-20 16:00:00,4.03,1.52,494.7,0.0,29.24,23.82,24.36,24.83,2.16,
24,2025-04-20 17:00:00,3.05,1.37,201.6,0.0,27.64,24.33,24.55,24.66,2.23,
24,2025-04-20 18:00:00,2.6,0.8,159.9,0.0,35.13,21.68,22.88,23.95,1.82,
24,2025-04-20 19:00:00,1.25,0.06,5.98,0.0,50.61,15.18,17.52,19.85,1.01,
24,2025-04-20 20:00:00,0.8,0.02,0.0,0.0,63.06,11.46,12.57,13.88,0.54,
24,2025-04-20 21:00:00,1.18,0.1,0.0,0.0,63.39,10.75,11.32,11.83,0.49,
24,2025-04-20 22:00:00,1.1,0.14,0.0,0.0,72.6,8.93,9.54,10.26,0.33,
24,2025-04-20 23:00:00,0.42,0.0,0.0,0.0,76.1,7.94,8.16,8.41,0.26,
24,2025-04-21 00:00:00,1.32,0.1,0.0,0.0,80.79,7.04,7.21,7.69,0.2,
24,2025-04-21 01:00:00,1.1,0.09,0.0,0.0,80.45,6.69,7.04,7.35,0.2,
24,2025-04-21 02:00:00,1.1,0.09,0.0,0.0,82.85,6.09,6.4,6.69,0.16,
24,2025-04-21 03:00:00,0.65,0.02,0.0,0.0,86.45,5.08,5.61,6.27,0.13,
24,2025-04-21 04:00:00,0.72,0.03,0.0,0.0,86.95,4.66,4.9,5.16,0.11,
24,2025-04-21 05:00:00,0.5,0.01,0.0,0.0,86.58,4.74,4.89,5.04,0.12,
24,2025-04-21 06:00:00,0.72,0.01,0.0,0.0,86.93,4.71,4.87,5.23,0.12,
24,2025-04-21 07:00:00,0.57,0.02,0.3,0.0,87.7,4.96,5.09,5.21,0.11,
24,2025-04-21 08:00:00,0.72,0.05,63.17,0.0,87.38,4.96,5.53,6.16,0.11,
24,2025-04-21 09:00:00,1.1,0.11,232.9,0.0,68.97,7.83,9.93,12.24,0.39,
24,2025-04-21 10:00:00,2.15,0.55,413.1,0.0,58.06,12.34,13.62,14.77,0.66,
24,2025-04-21 11:00:00,2.68,0.88,233.9,0.0,56.86,14.9,15.16,15.43,0.74,
24,2025-04-21 12:00:00,1.48,0.16,225.5,0.0,52.4,15.72,16.28,16.87,0.88,
24,2025-04-21 13:00:00,2.0,0.52,198.4,0.0,49.78,17.17,17.3,17.45,1.0,
24,2025-04-21 14:00:00,2.08,0.88,220.7,0.0,50.34,17.59,17.68,17.77,1.0,
24,2025-04-21 15:00:00,2.22,1.0,183.1,0.0,54.56,17.48,17.74,17.9,0.92,
24,2025-04-21 16:00:00,2.82,1.01,145.6,0.0,52.04,17.48,17.63,17.75,0.97,
24,2025-04-21 17:00:00,1.25,0.28,80.2,0.0,54.13,16.78,17.14,17.43,0.9,
24,2025-04-21 18:00:00,0.88,0.07,46.61,0.0,60.73,15.7,16.2,16.52,0.73,
24,2025-04-21 19:00:00,0.8,0.0,4.56,0.0,68.25,13.93,14.53,15.06,0.53,
24,2025-04-21 20:00:00,1.32,0.09,0.0,0.0,67.98,13.52,13.7,13.9,0.5,
24,2025-04-21 21:00:00,0.88,0.01,0.0,0.0,72.41,12.57,13.15,13.91,0.42,
24,2025-04-21 22:00:00,1.25,0.15,0.0,0.0,71.14,12.48,12.69,12.86,0.42,
24,2025-04-21 23:00:00,1.85,0.26,0.0,0.0,72.82,11.68,12.19,12.6,0.39,
24,2025-04-22 00:00:00,1.4,0.05,0.0,0.0,79.18,9.61,10.3,11.19,0.27,
24,2025-04-22 01:00:00,0.0,0.0,0.0,0.0,85.1,8.47,8.75,9.13,0.17,
24,2025-04-22 02:00:00,0.95,0.04,0.0,0.0,84.65,7.45,8.28,8.84,0.17,
24,2025-04-22 03:00:00,1.1,0.14,0.0,0.0,89.28,6.59,6.87,7.25,0.11,
24,2025-04-22 04:00:00,1.18,0.18,0.0,0.0,82.23,6.98,8.23,9.17,0.2,
24,2025-04-22 05:00:00,0.88,0.08,0.0,0.0,84.33,8.49,8.58,8.77,0.17,
24,2025-04-22 06:00:00,0.8,0.04,0.0,0.0,86.03,7.85,8.38,8.76,0.15,
24,2025-04-22 07:00:00,2.0,0.24,0.19,0.0,87.13,7.73,8.23,8.47,0.14,
24,2025-04-22 08:00:00,0.88,0.02,27.77,0.0,84.9,8.62,9.24,9.93,0.18,
24,2025-04-22 09:00:00,0.95,0.06,129.7,0.0,75.92,10.47,11.23,12.03,0.32,
24,2025-04-22 10:00:00,1.78,0.28,248.5,0.0,61.71,12.85,13.97,14.97,0.61,
24,2025-04-22 11:00:00,2.22,1.19,499.9,0.0,47.63,15.64,17.18,18.77,1.04,
24,2025-04-22 12:00:00,2.75,0.63,546.6,0.0,36.54,19.95,20.98,21.53,1.58,
24,2025-04-22 13:00:00,2.68,0.7,565.5,0.0,32.85,21.56,22.39,23.37,1.82,
24,2025-04-22 14:00:00,2.15,0.66,424.5,0.0,28.36,23.72,23.94,24.47,2.13,
24,2025-04-22 15:00:00,1.7,0.48,222.7,0.0,32.23,23.37,23.56,23.74,1.97,
24,2025-04-22 16:00:00,5.68,2.12,219.1,0.0,37.03,22.47,23.12,23.87,1.79,
24,2025-04-22 17:00:00,4.25,2.24,157.1,0.0,41.68,21.52,21.99,22.44,1.54,
24,2025-04-22 18:00:00,3.05,1.43,43.32,0.0,47.77,20.27,20.8,21.22,1.29,
24,2025-04-22 19:00:00,3.42,0.88,1.08,0.0,53.34,19.05,19.33,19.84,1.05,
24,2025-04-22 20:00:00,3.05,1.04,0.0,0.0,55.35,18.48,18.99,19.48,0.98,
24,2025-04-22 21:00:00,3.5,1.45,0.0,0.0,58.66,18.36,18.67,18.93,0.89,
24,2025-04-22 22:00:00,2.82,1.09,0.0,0.0,64.13,17.33,17.6,18.06,0.72,
24,2025-04-22 23:00:00,3.65,0.92,0.0,0.0,61.59,17.75,17.94,18.27,0.79,
24,2025-04-23 00:00:00,6.5,2.46,0.0,0.0,68.03,17.04,17.16,17.4,0.63,
24,2025-04-23 01:00:00,5.0,2.02,0.0,0.0,72.89,16.13,16.45,16.92,0.51,
24,2025-04-23 02:00:00,2.45,0.68,0.0,0.0,74.51,15.83,16.16,16.51,0.47,
24,2025-04-23 03:00:00,2.38,0.73,0.0,0.2,83.48,14.94,15.4,15.67,0.29,
24,2025-04-23 04:00:00,3.5,1.58,0.0,0.1,89.15,14.56,14.63,14.66,0.18,
24,2025-04-23 05:00:00,3.58,0.4,0.0,0.1,91.95,13.79,14.21,14.6,0.13,
24,2025-04-23 06:00:00,1.62,0.28,0.0,0.0,92.65,13.52,13.7,13.83,0.12,
24,2025-04-23 07:00:00,2.45,0.49,0.04,0.0,91.08,13.57,13.73,13.87,0.14,
24,2025-04-23 08:00:00,1.62,0.22,21.58,0.0,90.9,13.59,13.83,13.93,0.15,
24,2025-04-23 09:00:00,0.95,0.07,65.78,0.0,92.25,13.97,14.23,14.45,0.13,
24,2025-04-23 10:00:00,1.62,0.48,115.2,0.0,88.73,14.81,15.2,15.47,0.2,
24,2025-04-23 11:00:00,1.48,0.17,200.5,0.0,83.58,15.74,16.34,16.94,0.31,
24,2025-04-23 12:00:00,1.32,0.16,218.4,0.0,79.43,17.26,17.44,17.62,0.41,
24,2025-04-23 13:00:00,2.15,0.78,47.32,0.0,84.15,16.38,16.74,17.15,0.3,
24,2025-04-23 14:00:00,2.6,1.03,165.2,0.6,91.48,15.86,16.01,16.26,0.16,
24,2025-04-23 15:00:00,2.22,0.72,221.5,0.1,88.3,16.43,16.71,17.09,0.22,
24,2025-04-23 16:00:00,2.3,0.62,244.9,0.1,83.7,16.94,17.47,17.93,0.33,
24,2025-04-23 17:00:00,2.0,0.57,170.5,0.0,79.49,17.85,17.93,18.04,0.42,
24,2025-04-23 18:00:00,2.0,0.62,88.8,0.0,82.85,17.02,17.34,17.68,0.34,
24,2025-04-23 19:00:00,1.02,0.08,4.55,0.0,86.2,16.22,16.4,16.69,0.26,
24,2025-04-23 20:00:00,1.32,0.16,0.0,0.0,87.9,15.64,15.85,16.05,0.22,
24,2025-04-23 21:00:00,0.65,0.02,0.0,0.0,89.2,15.04,15.26,15.42,0.19,
24,2025-04-23 22:00:00,1.92,0.37,0.0,0.0,89.48,14.73,15.06,15.44,0.18,
24,2025-04-23 23:00:00,1.25,0.14,0.0,0.0,92.2,13.87,14.55,15.24,0.13,
24,2025-04-24 00:00:00,1.25,0.14,0.0,0.0,94.68,13.28,13.73,14.24,0.09,
24,2025-04-24 01:00:00,1.1,0.08,0.0,0.0,95.6,13.66,13.9,14.03,0.07,
24,2025-04-24 02:00:00,0.95,0.13,0.0,0.0,94.53,14.08,14.13,14.17,0.09,
24,2025-04-24 03:00:00,0.95,0.07,0.0,0.0,91.8,14.08,14.17,14.23,0.13,
24,2025-04-24 04:00:00,1.1,0.2,0.0,0.0,92.88,14.21,14.43,14.58,0.12,
24,2025-04-24 05:00:00,1.62,0.54,0.0,0.0,93.58,14.52,14.54,14.55,0.11,
24,2025-04-24 06:00:00,1.48,0.33,0.0,0.0,93.05,14.32,14.38,14.47,0.11,
24,2025-04-24 07:00:00,2.38,0.7,0.02,0.0,92.28,14.18,14.25,14.29,0.12,
24,2025-04-24 08:00:00,2.52,0.75,8.33,0.0,92.55,13.94,14.01,14.12,0.12,
24,2025-04-24 09:00:00,2.38,0.87,49.31,0.0,90.05,13.99,14.07,14.15,0.16,
24,2025-04-24 10:00:00,2.38,0.4,127.5,0.0,84.63,14.39,14.82,15.2,0.26,
24,2025-04-24 11:00:00,2.22,0.76,200.2,0.0,82.1,15.33,15.47,15.76,0.32,
24,2025-04-24 12:00:00,2.3,0.96,280.7,0.0,76.96,16.02,16.58,17.04,0.44,
24,2025-04-24 13:00:00,2.08,0.43,335.6,0.0,70.54,17.36,17.82,18.14,0.6,
24,2025-04-24 14:00:00,1.92,0.57,430.7,0.0,62.91,18.39,18.85,19.41,0.81,
24,2025-04-24 15:00:00,2.98,0.94,574.9,0.0,54.32,20.37,20.68,20.9,1.12,
24,2025-04-24 16:00:00,2.52,0.86,495.3,0.0,49.49,21.17,21.34,21.49,1.28,
24,2025-04-24 17:00:00,3.95,1.7,212.3,0.0,49.64,20.31,20.85,21.24,1.24,
24,2025-04-24 18:00:00,4.25,2.28,65.79,0.0,53.13,18.65,19.05,19.56,1.04,
24,2025-04-24 19:00:00,5.9,2.21,6.57,0.0,61.75,16.8,17.29,17.91,0.76,
24,2025-04-24 20:00:00,3.88,1.05,0.0,0.0,65.02,15.75,16.14,16.52,0.64,
24,2025-04-24 21:00:00,1.92,0.49,0.0,0.0,72.9,13.12,14.34,15.44,0.45,
24,2025-04-24 22:00:00,2.0,0.81,0.0,0.0,76.64,12.79,13.23,13.61,0.35,
24,2025-04-24 23:00:00,2.3,0.74,0.0,0.0,76.3,13.46,13.57,13.73,0.37,
24,2025-04-25 00:00:00,4.47,2.05,0.0,0.0,70.64,14.72,14.83,14.94,0.5,
24,2025-04-25 01:00:00,3.58,1.28,0.0,0.0,71.78,14.53,14.61,14.69,0.47,
24,2025-04-25 02:00:00,2.3,0.94,0.0,0.0,72.91,14.03,14.36,14.65,0.44,
24,2025-04-25 03:00:00,1.92,0.67,0.0,0.0,71.18,14.2,14.28,14.47,0.47,
24,2025-04-25 04:00:00,2.22,0.78,0.0,0.0,68.38,14.77,14.95,15.08,0.54,
24,2025-04-25 05:00:00,3.05,0.91,0.0,0.0,67.43,14.89,15.05,15.33,0.56,
24,2025-04-25 06:00:00,4.1,1.07,0.0,0.2,77.95,13.3,13.96,14.46,0.35,
24,2025-04-25 07:00:00,2.98,1.19,0.02,4.4,92.58,11.81,12.17,12.7,0.11,
24,2025-04-25 08:00:00,1.1,0.16,7.39,4.0,96.05,11.8,11.84,11.86,0.06,
24,2025-04-25 09:00:00,1.25,0.19,35.19,4.6,96.73,11.88,11.98,12.07,0.05,
24,2025-04-25 10:00:00,1.1,0.07,49.33,3.8,96.68,12.18,12.33,12.49,0.05,
24,2025-04-25 11:00:00,2.0,0.53,150.8,2.9,95.78,12.64,12.72,12.8,0.06,
24,2025-04-25 12:00:00,2.0,0.59,181.3,1.5,94.23,12.66,12.76,12.91,0.08,
24,2025-04-25 13:00:00,1.7,0.26,130.9,2.8,94.78,12.84,12.98,13.06,0.08,
24,2025-04-25 14:00:00,1.85,0.6,331.3,0.5,94.53,13.08,13.37,13.8,0.09,
24,2025-04-25 15:00:00,1.4,0.17,517.9,0.0,83.59,14.19,15.02,15.87,0.29,
24,2025-04-25 16:00:00,1.7,0.34,494.4,0.0,74.64,16.14,16.47,16.78,0.48,
24,2025-04-25 17:00:00,1.18,0.15,129.6,0.0,75.24,15.91,15.98,16.01,0.45,
24,2025-04-25 18:00:00,1.18,0.15,83.6,0.0,80.81,15.03,15.59,15.95,0.34,
24,2025-04-25 19:00:00,1.18,0.09,5.19,0.0,90.83,12.78,13.54,14.38,0.14,
24,2025-04-25 20:00:00,0.8,0.03,0.0,0.0,94.4,12.15,12.38,12.63,0.08,
24,2025-04-25 21:00:00,1.4,0.15,0.0,0.0,95.05,11.41,11.71,11.99,0.07,
24,2025-04-25 22:00:00,0.0,0.0,0.0,0.0,94.6,9.78,10.41,11.26,0.07,
24,2025-04-25 23:00:00,4.03,0.73,0.0,0.0,93.78,9.62,10.0,10.84,0.08,
24,2025-04-26 00:00:00,5.38,2.61,0.0,0.0,85.25,10.74,11.0,11.11,0.2,
24,2025-04-26 01:00:00,5.15,2.16,0.0,0.0,88.73,10.21,10.31,10.41,0.14,
24,2025-04-26 02:00:00,5.68,2.34,0.0,0.0,88.75,10.06,10.18,10.29,0.14,
24,2025-04-26 03:00:00,2.98,1.42,0.0,0.0,93.2,8.9,9.26,9.76,0.08,
24,2025-04-26 04:00:00,3.65,1.43,0.0,0.0,92.65,8.88,9.03,9.28,0.08,
24,2025-04-26 05:00:00,5.52,2.57,0.0,0.0,91.08,8.95,9.33,9.67,0.11,
24,2025-04-26 06:00:00,5.3,2.7,0.0,0.0,94.58,8.28,8.43,8.56,0.06,
24,2025-04-26 07:00:00,5.98,2.47,0.12,0.0,95.4,7.94,8.07,8.18,0.05,
24,2025-04-26 08:00:00,3.65,1.61,21.39,0.0,95.9,7.94,7.96,7.98,0.04,
24,2025-04-26 09:00:00,1.62,0.49,123.1,0.0,94.85,8.11,8.53,8.94,0.06,
24,2025-04-26 10:00:00,2.52,0.6,467.8,0.0,82.68,9.64,11.04,11.99,0.23,
24,2025-04-26 11:00:00,2.68,0.85,541.9,0.0,77.77,11.85,12.52,13.1,0.33,
24,2025-04-26 12:00:00,3.95,1.39,627.7,0.0,69.9,13.49,14.06,14.59,0.48,
24,2025-04-26 13:00:00,5.75,3.08,611.2,0.0,72.32,13.61,13.89,14.07,0.44,
24,2025-04-26 14:00:00,5.68,2.93,523.6,0.0,64.25,13.78,14.45,15.06,0.59,
24,2025-04-26 15:00:00,4.32,2.1,555.1,0.0,59.41,15.31,15.64,15.96,0.72,
24,2025-04-26 16:00:00,6.05,3.03,519.3,0.0,60.93,15.58,16.33,16.8,0.73,
24,2025-04-26 17:00:00,5.15,2.56,229.2,0.0,62.46,15.53,15.61,15.68,0.67,
24,2025-04-26 18:00:00,3.95,1.9,140.2,0.0,66.98,14.18,14.93,15.64,0.56,
24,2025-04-26 19:00:00,3.8,1.94,4.89,0.0,69.59,13.11,13.34,13.66,0.47,
24,2025-04-26 20:00:00,2.6,0.64,0.0,0.0,78.39,10.65,11.9,12.74,0.31,
24,2025-04-26 21:00:00,1.92,0.22,0.0,0.0,89.15,9.27,9.52,9.86,0.13,
24,2025-04-26 22:00:00,2.68,0.73,0.0,0.0,84.12,9.83,10.62,11.39,0.21,
24,2025-04-26 23:00:00,3.2,1.19,0.0,0.0,82.6,9.68,10.68,11.4,0.23,
24,2025-04-27 00:00:00,5.6,2.44,0.0,0.0,77.93,10.72,10.99,11.21,0.29,
24,2025-04-27 01:00:00,2.75,1.03,0.0,0.0,83.04,9.08,9.67,10.41,0.2,
24,2025-04-27 02:00:00,2.38,1.11,0.0,0.0,86.35,8.54,8.89,9.08,0.16,
24,2025-04-27 03:00:00,2.08,0.36,0.0,0.0,89.53,6.58,7.6,8.26,0.11,
24,2025-04-27 04:00:00,1.1,0.06,0.0,0.0,93.13,5.09,5.89,6.64,0.06,
24,2025-04-27 05:00:00,0.72,0.01,0.0,0.0,94.95,4.22,4.49,4.71,0.04,
24,2025-04-27 06:00:00,0.8,0.04,0.0,0.0,96.05,4.02,4.15,4.27,0.03,
24,2025-04-27 07:00:00,2.15,0.41,0.14,0.0,96.63,4.79,5.71,6.32,0.03,
24,2025-04-27 08:00:00,1.7,0.27,19.87,0.0,96.73,4.72,5.78,6.61,0.03,
24,2025-04-27 09:00:00,2.08,0.47,84.9,0.0,97.25,5.96,6.56,6.88,0.03,
24,2025-04-27 10:00:00,2.68,1.14,175.4,0.0,97.2,7.25,7.52,7.96,0.03,
24,2025-04-27 11:00:00,2.45,0.96,546.2,0.0,87.99,8.43,9.59,11.26,0.15,
24,2025-04-27 12:00:00,3.28,1.6,620.4,0.0,71.78,12.23,13.06,14.08,0.43,
24,2025-04-27 13:00:00,4.55,2.42,642.8,0.0,64.9,14.6,14.93,15.54,0.6,
24,2025-04-27 14:00:00,4.92,2.67,639.5,0.0,57.01,16.14,16.74,17.64,0.83,
24,2025-04-27 15:00:00,5.0,2.85,589.3,0.0,46.87,18.0,18.42,18.85,1.13,
24,2025-04-27 16:00:00,5.0,2.7,482.9,0.0,43.24,18.97,19.23,19.49,1.27,
24,2025-04-27 17:00:00,4.25,2.29,236.3,0.0,45.95,18.77,19.23,19.59,1.21,
24,2025-04-27 18:00:00,3.12,1.15,143.3,0.0,56.45,16.3,17.5,18.51,0.88,
24,2025-04-27 19:00:00,1.48,0.25,4.9,0.0,69.87,13.22,13.99,14.99,0.48,
24,2025-04-27 20:00:00,2.08,0.35,0.0,0.0,74.47,11.42,12.98,13.85,0.39,
24,2025-04-27 21:00:00,1.32,0.11,0.0,0.0,86.08,9.48,9.89,10.45,0.17,
24,2025-04-27 22:00:00,0.8,0.02,0.0,0.0,89.5,8.1,8.81,9.6,0.12,
24,2025-04-27 23:00:00,0.65,0.01,0.0,0.0,91.43,7.52,8.01,8.45,0.1,
24,2025-04-28 00:00:00,0.72,0.01,0.0,0.0,92.88,6.83,7.2,7.57,0.08,
24,2025-04-28 01:00:00,0.8,0.01,0.0,0.0,93.63,5.47,6.01,6.59,0.06,
24,2025-04-28 02:00:00,0.0,0.0,0.0,0.0,94.63,4.53,4.84,5.19,0.05,
24,2025-04-28 03:00:00,0.0,0.0,0.0,0.0,95.08,3.9,4.09,4.36,0.04,
24,2025-04-28 04:00:00,0.42,0.0,0.0,0.0,95.4,3.3,3.41,3.59,0.04,
24,2025-04-28 05:00:00,0.0,0.0,0.0,0.0,95.8,2.93,3.04,3.16,0.03,
24,2025-04-28 06:00:00,0.65,0.02,0.0,0.0,97.0,3.66,4.37,5.14,0.03,
24,2025-04-28 07:00:00,0.8,0.03,0.06,0.0,97.4,5.26,5.57,5.84,0.02,
24,2025-04-28 08:00:00,1.1,0.26,25.78,0.0,97.6,5.84,5.93,6.12,0.02,
24,2025-04-28 09:00:00,1.85,0.46,97.4,0.0,97.73,5.98,6.06,6.15,0.02,
24,2025-04-28 10:00:00,1.4,0.31,203.9,0.0,97.85,6.41,6.74,6.97,0.02,
24,2025-04-28 11:00:00,2.08,0.58,515.4,0.0,96.33,7.68,8.69,10.11,0.04,
24,2025-04-28 12:00:00,2.82,0.85,618.2,0.0,71.97,12.56,13.86,14.87,0.45,
24,2025-04-28 13:00:00,2.6,1.29,643.8,0.0,62.31,15.43,16.99,18.38,0.74,
24,2025-04-28 14:00:00,4.1,2.05,639.7,0.0,55.87,18.63,18.92,19.22,0.96,
24,2025-04-28 15:00:00,4.1,2.24,585.0,0.0,53.4,18.51,18.88,19.32,1.02,
24,2025-04-28 16:00:00,3.42,1.58,476.0,0.0,45.54,19.79,20.35,20.79,1.3,
24,2025-04-28 17:00:00,3.05,1.38,225.2,0.0,45.87,20.18,20.44,20.63,1.3,
24,2025-04-28 18:00:00,2.08,0.81,132.1,0.0,55.15,16.88,18.35,19.89,0.96,
24,2025-04-28 19:00:00,1.48,0.28,4.78,0.0,74.6,13.22,14.36,15.69,0.42,
24,2025-04-28 20:00:00,1.02,0.04,0.0,0.0,88.93,9.67,10.75,12.06,0.14,
24,2025-04-28 21:00:00,0.42,0.01,0.0,0.0,92.45,8.73,9.04,9.39,0.09,
24,2025-04-28 22:00:00,1.4,0.09,0.0,0.0,92.88,8.19,8.68,9.16,0.08,
24,2025-04-28 23:00:00,0.72,0.04,0.0,0.0,93.98,6.66,7.0,7.54,0.06,
24,2025-04-29 00:00:00,0.0,0.0,0.0,0.0,95.13,6.33,6.48,6.59,0.05,
24,2025-04-29 01:00:00,0.57,0.01,0.0,0.0,95.33,5.45,5.8,6.18,0.04,
24,2025-04-29 02:00:00,0.0,0.0,0.0,0.0,95.68,4.81,5.17,5.36,0.04,
24,2025-04-29 03:00:00,0.0,0.0,0.0,0.0,95.73,4.19,4.38,4.62,0.04,
24,2025-04-29 04:00:00,0.35,0.01,0.0,0.0,95.98,3.81,4.08,4.27,0.03,
24,2025-04-29 05:00:00,0.0,0.0,0.0,0.0,96.3,3.62,3.71,3.82,0.03,
24,2025-04-29 06:00:00,0.72,0.03,0.0,0.0,96.38,3.28,3.51,3.69,0.03,
24,2025-04-29 07:00:00,0.0,0.0,0.04,0.0,96.7,3.16,3.25,3.35,0.03,
24,2025-04-29 08:00:00,0.0,0.0,23.71,0.0,97.63,4.29,5.4,6.34,0.02,
24,2025-04-29 09:00:00,2.52,0.55,82.9,0.0,97.65,6.63,7.19,7.42,0.02,
24,2025-04-29 10:00:00,2.15,0.6,192.7,0.0,97.8,6.82,7.14,7.39,0.02,
24,2025-04-29 11:00:00,1.02,0.07,307.7,0.0,97.68,7.67,8.25,8.98,0.03,
24,2025-04-29 12:00:00,2.08,0.62,326.0,0.0,89.2,9.65,10.09,10.51,0.14,
24,2025-04-29 13:00:00,2.52,0.65,647.2,0.0,76.87,11.19,12.36,13.18,0.34,
24,2025-04-29 14:00:00,2.82,1.11,600.5,0.0,72.75,13.52,14.18,14.8,0.44,
24,2025-04-29 15:00:00,2.98,1.25,552.9,0.0,67.96,15.12,15.93,16.43,0.58,
24,2025-04-29 16:00:00,3.35,1.59,434.5,0.0,68.96,15.29,15.56,16.01,0.55,
24,2025-04-29 17:00:00,2.15,1.05,193.4,0.0,71.25,14.62,15.4,15.78,0.51,
24,2025-04-29 18:00:00,1.55,0.48,86.5,0.0,83.9,11.72,12.81,14.16,0.24,
24,2025-04-29 19:00:00,0.65,0.02,3.34,0.0,92.0,9.52,10.26,10.97,0.1,
24,2025-04-29 20:00:00,0.0,0.0,0.0,0.0,94.0,8.5,8.88,9.26,0.07,
24,2025-04-29 21:00:00,0.95,0.03,0.0,0.0,94.83,7.5,7.89,8.41,0.06,
24,2025-04-29 22:00:00,0.65,0.02,0.0,0.0,96.3,8.14,8.79,9.38,0.04,
24,2025-04-29 23:00:00,2.45,0.37,0.0,0.0,96.43,9.39,9.65,9.95,0.04,
24,2025-04-30 00:00:00,1.32,0.22,0.0,0.0,97.08,9.55,9.61,9.68,0.04,
24,2025-04-30 01:00:00,1.55,0.29,0.0,0.0,97.18,9.7,9.72,9.74,0.03,
24,2025-04-30 02:00:00,1.1,0.17,0.0,0.0,96.63,9.65,9.7,9.74,0.04,
24,2025-04-30 03:00:00,1.62,0.33,0.0,0.0,95.95,9.77,9.79,9.81,0.05,
24,2025-04-30 04:00:00,1.32,0.3,0.0,0.0,94.58,9.83,9.87,9.91,0.07,
24,2025-04-30 05:00:00,1.25,0.19,0.0,0.0,94.13,9.57,9.63,9.73,0.07,
24,2025-04-30 06:00:00,1.4,0.37,0.0,0.0,94.5,9.48,9.51,9.52,0.07,
24,2025-04-30 07:00:00,1.32,0.28,0.01,0.1,93.85,9.54,9.57,9.58,0.07,
24,2025-04-30 08:00:00,1.48,0.29,10.45,0.0,93.18,9.58,9.61,9.64,0.08,
24,2025-04-30 09:00:00,1.55,0.27,36.77,0.0,89.95,9.6,9.86,10.13,0.13,
24,2025-04-30 10:00:00,0.95,0.07,47.05,0.0,91.3,10.25,10.33,10.39,0.11,
24,2025-04-30 11:00:00,1.32,0.12,55.28,0.1,93.78,10.28,10.38,10.47,0.08,
24,2025-04-30 12:00:00,1.02,0.08,97.5,0.1,93.38,10.29,10.51,10.76,0.09,
24,2025-04-30 13:00:00,1.7,0.65,142.9,0.0,90.13,10.79,11.06,11.35,0.13,
24,2025-04-30 14:00:00,1.85,0.77,140.3,0.0,84.73,11.55,11.73,11.87,0.21,
24,2025-04-30 15:00:00,1.4,0.34,133.6,0.0,80.78,11.99,12.06,12.12,0.27,
24,2025-04-30 16:00:00,1.18,0.13,72.7,0.0,79.18,12.14,12.26,12.37,0.3,
24,2025-04-30 17:00:00,1.32,0.23,61.93,0.0,79.16,12.27,12.3,12.31,0.3,
24,2025-04-30 18:00:00,1.1,0.05,23.8,0.0,81.43,12.06,12.18,12.31,0.26,
24,2025-04-30 19:00:00,0.35,0.0,0.84,0.0,83.08,11.81,11.94,12.02,0.24,
24,2025-04-30 20:00:00,0.72,0.01,0.0,0.0,87.68,11.55,11.63,11.69,0.17,
24,2025-04-30 21:00:00,1.02,0.03,0.0,0.0,87.95,11.3,11.44,11.51,0.16,
24,2025-04-30 22:00:00,0.88,0.03,0.0,0.0,90.6,10.56,10.88,11.1,0.12,
24,2025-04-30 23:00:00,0.8,0.04,0.0,0.0,93.55,10.31,10.37,10.46,0.08,
24,2025-05-01 00:00:00,0.28,0.0,0.0,0.0,93.75,10.21,10.37,10.48,0.08,
24,2025-05-01 01:00:00,0.65,0.01,0.0,0.0,93.43,10.13,10.21,10.26,0.08,
24,2025-05-01 02:00:00,1.78,0.29,0.0,0.0,84.35,10.14,10.27,10.51,0.2,
24,2025-05-01 03:00:00,1.48,0.09,0.0,0.0,84.39,10.23,10.4,10.55,0.2,
24,2025-05-01 04:00:00,1.25,0.05,0.0,0.0,83.3,10.14,10.26,10.48,0.21,
24,2025-05-01 05:00:00,1.85,0.19,0.0,0.0,80.29,10.07,10.36,10.55,0.25,
24,2025-05-01 06:00:00,0.95,0.03,0.0,0.0,91.6,9.31,9.49,9.78,0.1,
24,2025-05-01 07:00:00,1.18,0.1,0.01,0.0,93.3,8.46,8.78,9.14,0.08,
24,2025-05-01 08:00:00,1.32,0.11,29.89,0.0,94.68,8.06,8.32,8.53,0.06,
24,2025-05-01 09:00:00,0.28,0.0,76.12,0.0,94.55,8.04,8.4,8.81,0.06,
24,2025-05-01 10:00:00,1.55,0.24,352.4,0.0,77.19,9.39,11.19,12.61,0.31,
24,2025-05-01 11:00:00,1.85,0.48,499.3,0.0,63.82,13.01,13.79,14.53,0.58,
24,2025-05-01 12:00:00,2.45,0.7,576.7,0.0,57.19,15.24,15.52,15.81,0.76,
24,2025-05-01 13:00:00,2.6,0.68,602.1,0.0,52.24,16.33,16.92,17.53,0.92,
24,2025-05-01 14:00:00,2.68,0.85,600.6,0.0,45.26,17.11,17.8,18.3,1.12,
24,2025-05-01 15:00:00,2.9,1.16,560.2,0.0,40.78,18.46,18.93,19.18,1.3,
24,2025-05-01 16:00:00,4.32,1.83,410.1,0.0,45.55,18.92,19.09,19.38,1.2,
24,2025-05-01 17:00:00,3.95,2.02,136.3,0.0,48.18,17.56,18.05,18.47,1.08,
24,2025-05-01 18:00:00,2.9,1.59,70.45,0.0,54.14,15.93,16.6,17.25,0.87,
24,2025-05-01 19:00:00,2.15,0.65,2.44,0.0,64.61,13.64,14.77,15.51,0.6,
24,2025-05-01 20:00:00,1.55,0.22,0.0,0.0,70.46,13.06,13.3,13.74,0.45,
24,2025-05-01 21:00:00,0.95,0.06,0.0,0.0,77.0,11.78,12.28,13.09,0.33,
24,2025-05-01 22:00:00,0.95,0.08,0.0,0.0,82.42,10.77,11.27,12.12,0.24,
24,2025-05-01 23:00:00,1.48,0.08,0.0,0.0,85.63,9.6,10.28,10.67,0.18,
24,2025-05-02 00:00:00,3.12,1.02,0.0,0.0,83.9,8.98,10.22,11.18,0.2,
24,2025-05-02 01:00:00,4.62,2.19,0.0,0.0,86.8,10.5,10.64,10.81,0.17,
24,2025-05-02 02:00:00,2.75,1.37,0.0,0.0,89.75,9.45,9.71,10.16,0.12,
24,2025-05-02 03:00:00,1.92,0.21,0.0,0.0,90.6,7.38,8.36,9.42,0.11,
24,2025-05-02 04:00:00,1.32,0.07,0.0,0.0,93.8,5.58,6.01,6.45,0.06,
24,2025-05-02 05:00:00,3.35,1.29,0.0,0.0,95.88,6.01,7.65,8.31,0.05,
24,2025-05-02 06:00:00,2.6,0.54,0.0,0.0,94.83,5.26,6.5,7.98,0.05,
24,2025-05-02 07:00:00,0.72,0.02,0.04,0.0,94.68,3.06,3.82,4.85,0.04,
24,2025-05-02 08:00:00,1.1,0.2,29.8,0.0,96.55,3.33,3.6,4.05,0.03,
24,2025-05-02 09:00:00,1.02,0.06,105.6,0.0,97.43,4.73,5.61,6.31,0.02,
24,2025-05-02 10:00:00,2.52,0.64,301.8,0.0,97.23,6.4,7.17,8.09,0.03,
24,2025-05-02 11:00:00,2.45,0.68,512.0,0.0,71.11,9.62,11.41,12.97,0.4,
24,2025-05-02 12:00:00,4.1,1.5,593.5,0.0,66.41,13.03,13.87,14.39,0.53,
24,2025-05-02 13:00:00,5.38,2.81,618.0,0.0,59.68,14.47,14.79,15.06,0.68,
24,2025-05-02 14:00:00,4.32,2.61,615.6,0.0,50.96,15.17,16.12,17.01,0.9,
24,2025-05-02 15:00:00,4.25,2.29,565.4,0.0,43.16,17.54,18.02,18.42,1.18,
24,2025-05-02 16:00:00,4.78,2.76,461.0,0.0,43.11,18.23,18.5,18.67,1.21,
24,2025-05-02 17:00:00,5.08,2.58,225.9,0.0,52.8,17.14,17.55,17.93,0.95,
24,2025-05-02 18:00:00,5.38,2.76,99.9,0.0,59.9,14.72,15.69,16.58,0.72,
24,2025-05-02 19:00:00,4.62,1.26,2.92,0.0,70.48,12.19,13.26,14.28,0.46,
24,2025-05-02 20:00:00,1.32,0.21,0.0,0.0,83.14,9.02,10.08,11.33,0.21,
24,2025-05-02 21:00:00,0.72,0.02,0.0,0.0,88.95,7.5,8.15,8.45,0.12,
24,2025-05-02 22:00:00,0.88,0.05,0.0,0.0,91.18,6.18,6.78,7.38,0.09,
24,2025-05-02 23:00:00,1.02,0.03,0.0,0.0,92.88,5.25,5.84,6.47,0.06,
24,2025-05-03 00:00:00,0.5,0.01,0.0,0.0,94.0,4.53,4.95,5.26,0.05,
24,2025-05-03 01:00:00,0.57,0.0,0.0,0.0,94.18,3.36,3.71,4.02,0.05,
24,2025-05-03 02:00:00,0.65,0.01,0.0,0.0,95.05,3.01,3.08,3.15,0.04,
24,2025-05-03 03:00:00,0.72,0.03,0.0,0.0,95.28,2.65,2.73,2.88,0.04,
24,2025-05-03 04:00:00,0.72,0.01,0.0,0.0,95.4,2.03,2.32,2.59,0.03,
24,2025-05-03 05:00:00,0.0,0.0,0.0,0.0,95.45,1.52,1.71,1.94,0.03,
24,2025-05-03 06:00:00,0.0,0.0,0.0,0.0,95.35,0.85,1.16,1.43,0.03,
24,2025-05-03 07:00:00,0.0,0.0,0.03,0.0,95.58,0.45,0.7,0.91,0.03,
24,2025-05-03 08:00:00,0.8,0.05,37.78,0.0,96.6,0.62,1.31,2.25,0.02,
24,2025-05-03 09:00:00,1.4,0.23,230.6,0.0,91.88,3.38,5.57,7.98,0.08,
24,2025-05-03 10:00:00,1.55,0.28,384.2,0.0,74.31,9.2,10.06,11.05,0.32,
24,2025-05-03 11:00:00,1.85,0.48,511.8,0.0,63.06,12.2,13.09,14.11,0.56,
24,2025-05-03 12:00:00,2.82,1.11,591.4,0.0,49.38,15.09,16.08,16.85,0.93,
24,2025-05-03 13:00:00,3.12,1.42,609.4,0.0,44.61,17.77,18.56,19.18,1.19,
24,2025-05-03 14:00:00,3.12,1.26,605.5,0.0,38.44,19.11,19.96,20.84,1.44,
24,2025-05-03 15:00:00,4.18,1.99,561.1,0.0,33.75,20.97,21.47,21.69,1.7,
24,2025-05-03 16:00:00,4.32,2.33,450.0,0.0,31.82,21.75,21.85,21.91,1.79,
24,2025-05-03 17:00:00,4.4,2.12,242.2,0.0,30.82,19.98,21.07,21.69,1.73,
24,2025-05-03 18:00:00,3.72,1.55,127.2,0.0,41.52,17.65,18.81,19.69,1.28,
24,2025-05-03 19:00:00,2.9,1.43,2.86,0.0,42.04,16.29,16.69,17.07,1.1,
24,2025-05-03 20:00:00,2.68,0.35,0.0,0.0,57.63,11.18,13.16,16.32,0.66,
24,2025-05-03 21:00:00,2.0,0.42,0.0,0.0,61.81,10.43,11.22,12.0,0.51,
24,2025-05-03 22:00:00,1.78,0.46,0.0,0.0,68.56,8.93,9.39,10.01,0.37,
24,2025-05-03 23:00:00,1.02,0.05,0.0,0.0,77.25,6.78,7.88,9.05,0.25,
24,2025-05-04 00:00:00,0.8,0.02,0.0,0.0,85.03,5.35,6.03,6.65,0.14,
24,2025-05-04 01:00:00,0.95,0.07,0.0,0.0,87.88,4.62,4.78,4.89,0.1,
24,2025-05-04 02:00:00,0.8,0.05,0.0,0.0,89.95,4.04,4.39,4.62,0.09,
24,2025-05-04 03:00:00,1.48,0.09,0.0,0.0,91.03,3.8,4.05,4.4,0.07,
24,2025-05-04 04:00:00,1.32,0.14,0.0,0.0,90.48,3.98,4.22,4.38,0.08,
24,2025-05-04 05:00:00,0.5,0.01,0.0,0.0,89.68,4.31,4.49,4.63,0.09,
24,2025-05-04 06:00:00,1.02,0.07,0.0,0.0,91.03,3.69,4.05,4.37,0.07,
24,2025-05-04 07:00:00,0.88,0.04,0.03,0.0,92.63,3.05,3.24,3.51,0.06,
24,2025-05-04 08:00:00,1.1,0.03,53.64,0.0,91.63,3.37,3.76,4.54,0.07,
24,2025-05-04 09:00:00,2.0,0.3,251.9,0.0,76.37,6.45,9.53,12.1,0.29,
24,2025-05-04 10:00:00,1.62,0.39,349.8,0.0,60.3,12.84,14.0,14.9,0.64,
24,2025-05-04 11:00:00,4.78,2.05,398.6,0.0,59.56,15.06,15.25,15.37,0.7,
24,2025-05-04 12:00:00,4.78,2.67,578.6,0.0,57.27,15.75,16.7,17.64,0.82,
24,2025-05-04 13:00:00,4.18,2.24,635.5,0.0,46.65,17.86,18.79,19.36,1.16,
24,2025-05-04 14:00:00,5.15,2.62,572.7,0.0,47.95,19.28,19.45,19.64,1.18,
24,2025-05-04 15:00:00,5.6,2.8,521.0,0.0,51.99,19.82,19.95,20.16,1.12,
24,2025-05-04 16:00:00,5.0,2.88,399.3,0.0,57.57,19.22,19.4,19.69,0.96,
24,2025-05-04 17:00:00,4.1,1.99,195.4,0.0,64.34,18.14,18.46,18.97,0.76,
24,2025-05-04 18:00:00,4.03,1.87,77.69,0.0,70.78,16.04,16.76,17.49,0.56,
24,2025-05-04 19:00:00,2.82,0.49,1.14,0.0,79.18,13.98,14.86,15.7,0.35,
24,2025-05-04 20:00:00,1.32,0.17,0.0,0.0,84.2,13.57,13.73,13.86,0.25,
24,2025-05-04 21:00:00,1.18,0.13,0.0,0.0,87.75,12.3,12.73,13.32,0.18,
24,2025-05-04 22:00:00,0.35,0.0,0.0,0.0,90.1,10.14,10.98,12.14,0.13,
24,2025-05-04 23:00:00,1.18,0.02,0.0,0.0,93.7,10.07,10.14,10.3,0.08,
24,2025-05-05 00:00:00,2.0,0.39,0.0,0.0,88.9,11.71,12.17,12.41,0.16,
24,2025-05-05 01:00:00,1.18,0.15,0.0,0.0,92.2,10.5,10.94,11.64,0.11,
24,2025-05-05 02:00:00,2.52,0.92,0.0,0.0,92.5,11.25,11.51,11.74,0.1,
24,2025-05-05 03:00:00,2.45,0.69,0.0,0.0,94.48,10.24,10.35,10.51,0.07,
24,2025-05-05 04:00:00,1.78,0.25,0.0,0.0,95.23,10.0,10.05,10.09,0.06,
24,2025-05-05 05:00:00,1.92,0.74,0.0,0.0,95.45,10.13,10.17,10.24,0.06,
24,2025-05-05 06:00:00,1.7,0.24,0.0,0.0,96.45,9.97,10.01,10.03,0.04,
24,2025-05-05 07:00:00,3.12,0.93,0.0,0.0,97.15,9.54,9.72,9.91,0.04,
24,2025-05-05 08:00:00,1.55,0.22,12.23,0.0,97.23,9.48,9.52,9.55,0.03,
24,2025-05-05 09:00:00,2.3,0.55,61.46,0.0,97.3,9.39,9.5,9.55,0.03,
24,2025-05-05 10:00:00,2.9,1.24,126.3,0.0,96.9,9.33,9.45,9.6,0.04,
24,2025-05-05 11:00:00,2.52,0.89,257.5,0.0,87.68,10.19,10.82,11.42,0.16,
24,2025-05-05 12:00:00,3.35,0.95,558.7,0.0,77.84,12.05,13.23,14.38,0.34,
24,2025-05-05 13:00:00,3.58,1.91,582.3,0.0,71.68,14.61,14.73,14.91,0.48,
24,2025-05-05 14:00:00,3.8,2.05,578.2,0.0,66.89,15.52,16.05,16.36,0.6,
24,2025-05-05 15:00:00,3.95,2.19,529.5,0.0,62.94,16.74,17.02,17.16,0.72,
24,2025-05-05 16:00:00,4.25,2.08,435.6,0.0,61.59,17.43,17.63,17.81,0.77,
24,2025-05-05 17:00:00,3.8,2.04,281.0,0.0,59.33,17.65,18.09,18.44,0.85,
24,2025-05-05 18:00:00,3.12,1.51,128.7,0.0,67.2,15.41,16.25,17.02,0.61,
24,2025-05-05 19:00:00,2.0,0.46,2.97,0.0,76.5,13.49,14.19,14.96,0.38,
24,2025-05-05 20:00:00,1.7,0.35,0.0,0.0,82.9,12.12,12.64,13.17,0.25,
24,2025-05-05 21:00:00,0.88,0.01,0.0,0.0,88.08,10.37,11.08,11.71,0.16,
24,2025-05-05 22:00:00,0.0,0.0,0.0,0.0,91.75,10.02,10.1,10.18,0.1,
24,2025-05-05 23:00:00,0.0,0.0,0.0,0.0,91.38,9.11,9.65,10.15,0.1,
24,2025-05-06 00:00:00,0.0,0.0,0.0,0.0,93.75,8.19,8.56,8.88,0.07,
24,2025-05-06 01:00:00,0.88,0.04,0.0,0.0,94.38,7.38,7.56,7.89,0.06,
24,2025-05-06 02:00:00,0.72,0.02,0.0,0.0,94.88,7.35,7.45,7.57,0.05,
24,2025-05-06 03:00:00,0.28,0.0,0.0,0.0,95.1,6.84,7.03,7.27,0.05,
24,2025-05-06 04:00:00,0.72,0.03,0.0,0.0,95.8,7.04,7.41,7.61,0.04,
24,2025-05-06 05:00:00,0.0,0.0,0.0,0.0,95.35,6.96,7.24,7.51,0.05,
24,2025-05-06 06:00:00,0.8,0.03,0.0,0.0,95.7,6.99,7.03,7.06,0.04,
24,2025-05-06 07:00:00,0.0,0.0,0.01,0.0,95.78,6.76,6.89,6.94,0.04,
24,2025-05-06 08:00:00,0.72,0.01,11.17,0.0,96.0,6.76,6.85,6.98,0.04,
24,2025-05-06 09:00:00,1.7,0.25,42.34,0.0,96.08,7.19,7.63,8.17,0.04,
24,2025-05-06 10:00:00,1.4,0.12,77.54,0.0,93.63,8.6,8.99,9.48,0.08,
24,2025-05-06 11:00:00,1.55,0.33,202.3,0.0,85.4,9.84,10.58,11.22,0.19,
24,2025-05-06 12:00:00,1.48,0.23,229.8,0.0,79.05,11.58,12.05,12.55,0.3,
24,2025-05-06 13:00:00,1.55,0.35,318.5,0.0,72.73,12.79,13.28,13.73,0.42,
24,2025-05-06 14:00:00,1.78,0.48,283.9,0.0,68.66,14.11,14.44,14.77,0.52,
24,2025-05-06 15:00:00,1.92,0.41,286.2,0.0,64.14,15.1,15.37,15.6,0.63,
24,2025-05-06 16:00:00,1.48,0.25,221.9,0.0,62.07,15.81,16.05,16.24,0.69,
24,2025-05-06 17:00:00,0.88,0.03,115.6,0.0,63.71,15.65,15.93,16.12,0.66,
24,2025-05-06 18:00:00,0.57,0.01,46.07,0.0,72.97,14.11,14.9,15.45,0.46,
24,2025-05-06 19:00:00,0.95,0.02,0.54,0.0,83.3,12.19,12.64,13.37,0.25,
24,2025-05-06 20:00:00,0.0,0.0,0.0,0.0,87.3,11.15,11.52,11.99,0.17,
24,2025-05-06 21:00:00,0.88,0.06,0.0,0.0,87.2,11.16,11.24,11.3,0.17,
24,2025-05-06 22:00:00,0.72,0.02,0.0,0.0,90.0,10.77,10.85,11.03,0.13,
24,2025-05-06 23:00:00,1.48,0.19,0.0,0.0,88.8,10.83,11.03,11.2,0.15,
24,2025-05-07 00:00:00,1.85,0.4,0.0,0.0,85.65,11.19,11.43,11.66,0.2,
24,2025-05-07 01:00:00,1.85,0.57,0.0,0.0,87.43,11.24,11.46,11.81,0.17,
24,2025-05-07 02:00:00,1.85,0.41,0.0,0.0,89.15,10.85,11.06,11.25,0.14,
24,2025-05-07 03:00:00,2.52,0.51,0.0,0.0,90.93,10.53,10.62,10.69,0.12,
24,2025-05-07 04:00:00,1.92,0.42,0.0,0.0,91.03,10.34,10.53,10.8,0.12,
24,2025-05-07 05:00:00,2.0,0.24,0.0,0.0,92.9,9.99,10.07,10.14,0.09,
24,2025-05-07 06:00:00,1.1,0.18,0.0,0.0,92.75,9.82,10.0,10.17,0.09,
24,2025-05-07 07:00:00,1.32,0.15,0.0,0.0,93.93,9.72,9.76,9.84,0.07,
24,2025-05-07 08:00:00,0.8,0.06,8.19,0.0,93.93,9.71,9.79,9.94,0.07,
24,2025-05-07 09:00:00,2.52,0.27,14.82,0.0,92.58,10.07,10.2,10.37,0.1,
24,2025-05-07 10:00:00,3.12,1.46,11.5,0.7,89.8,10.62,11.15,11.84,0.14,
24,2025-05-07 11:00:00,5.9,2.44,82.4,0.8,77.53,11.56,12.56,13.96,0.33,
24,2025-05-07 12:00:00,6.5,2.67,113.8,0.0,71.29,12.73,13.53,14.7,0.45,
24,2025-05-07 13:00:00,5.75,3.11,104.0,0.1,59.72,15.01,15.23,15.47,0.7,
24,2025-05-07 14:00:00,4.85,2.2,50.46,1.0,76.39,12.77,13.49,14.71,0.37,
24,2025-05-07 15:00:00,3.35,1.4,77.46,0.3,77.68,13.02,13.19,13.42,0.34,
24,2025-05-07 16:00:00,4.1,1.55,83.5,0.2,82.46,12.6,12.89,13.18,0.26,
24,2025-05-07 17:00:00,3.65,1.8,82.3,0.0,71.42,13.46,13.85,14.21,0.45,
24,2025-05-07 18:00:00,3.28,1.85,33.38,0.0,79.86,12.84,13.26,13.98,0.31,
24,2025-05-07 19:00:00,2.82,0.98,0.74,0.0,80.31,12.56,12.8,12.97,0.29,
24,2025-05-07 20:00:00,3.2,0.78,0.0,0.0,79.03,12.83,12.94,13.02,0.31,
24,2025-05-07 21:00:00,2.08,0.59,0.0,0.0,79.55,12.36,12.71,12.96,0.3,
24,2025-05-07 22:00:00,1.1,0.14,0.0,0.0,85.85,11.58,11.84,12.21,0.2,
24,2025-05-07 23:00:00,3.05,1.17,0.0,0.0,83.14,11.53,11.98,12.4,0.24,
24,2025-05-08 00:00:00,3.2,1.15,0.0,0.0,80.86,12.47,12.79,13.07,0.29,
24,2025-05-08 01:00:00,2.68,0.73,0.0,0.6,84.7,12.01,12.28,12.61,0.22,
24,2025-05-08 02:00:00,3.8,1.59,0.0,0.2,74.4,12.39,12.66,13.15,0.38,
24,2025-05-08 03:00:00,3.58,0.76,0.0,0.0,78.3,11.44,12.37,13.65,0.32,
24,2025-05-08 04:00:00,2.22,0.46,0.0,0.0,81.18,10.81,11.49,11.87,0.26,
24,2025-05-08 05:00:00,2.98,0.78,0.0,0.0,75.61,12.3,12.54,12.85,0.36,
24,2025-05-08 06:00:00,2.9,0.96,0.0,0.0,73.56,12.7,13.01,13.34,0.4,
24,2025-05-08 07:00:00,1.78,0.49,0.0,0.4,84.4,11.27,12.05,12.78,0.22,
24,2025-05-08 08:00:00,3.42,1.18,3.68,0.0,83.7,11.14,11.68,12.07,0.23,
24,2025-05-08 09:00:00,3.2,1.28,20.08,0.6,88.28,11.87,11.99,12.13,0.17,
24,2025-05-08 10:00:00,4.62,1.62,29.1,1.1,85.9,12.01,12.3,12.57,0.2,
24,2025-05-08 11:00:00,5.98,2.64,105.0,0.8,82.69,11.94,12.13,12.29,0.25,
24,2025-05-08 12:00:00,6.95,3.5,189.0,0.0,65.16,12.31,12.99,13.48,0.52,
24,2025-05-08 13:00:00,5.38,2.5,176.9,0.2,67.79,12.71,13.36,13.99,0.5,
24,2025-05-08 14:00:00,4.78,2.23,279.4,0.1,66.81,12.5,13.75,14.61,0.53,
24,2025-05-08 15:00:00,4.1,1.42,83.5,0.7,75.57,12.89,13.18,13.87,0.37,
24,2025-05-08 16:00:00,3.5,0.67,68.46,0.1,77.51,12.87,13.33,13.54,0.35,
24,2025-05-08 17:00:00,2.75,0.81,28.78,1.3,89.58,11.7,11.98,12.51,0.15,
24,2025-05-08 18:00:00,2.68,0.89,26.95,0.0,87.3,11.66,12.09,12.72,0.18,
24,2025-05-08 19:00:00,2.52,1.11,0.78,0.0,75.97,12.68,13.16,13.42,0.37,
24,2025-05-08 20:00:00,6.28,1.68,0.0,0.0,77.72,13.01,13.27,13.47,0.34,
24,2025-05-08 21:00:00,6.58,0.96,0.0,0.3,86.95,11.8,12.14,12.36,0.19,
24,2025-05-08 22:00:00,1.85,0.42,0.0,0.5,89.85,11.51,11.72,11.87,0.14,
24,2025-05-08 23:00:00,2.0,0.76,0.0,0.1,90.85,11.52,11.62,11.75,0.13,
24,2025-05-09 00:00:00,1.02,0.1,0.0,0.0,92.83,10.4,10.89,11.39,0.1,
24,2025-05-09 01:00:00,1.4,0.06,0.0,0.0,94.48,8.36,9.05,9.9,0.06,
24,2025-05-09 02:00:00,0.88,0.08,0.0,0.0,95.35,7.34,7.69,8.34,0.05,
24,2025-05-09 03:00:00,0.95,0.06,0.0,0.0,96.3,6.73,6.85,6.98,0.04,
24,2025-05-09 04:00:00,0.88,0.04,0.0,0.0,96.43,6.17,6.44,6.84,0.04,
24,2025-05-09 05:00:00,0.72,0.05,0.0,0.1,97.05,6.96,7.31,7.55,0.03,
24,2025-05-09 06:00:00,0.0,0.0,0.0,0.0,96.93,6.86,7.52,7.86,0.03,
24,2025-05-09 07:00:00,0.0,0.0,0.0,0.0,96.9,5.96,6.19,6.44,0.03,
24,2025-05-09 08:00:00,0.0,0.0,14.68,0.0,97.13,5.39,5.46,5.61,0.03,
24,2025-05-09 09:00:00,0.72,0.02,95.8,0.0,97.65,5.7,7.09,8.45,0.02,
24,2025-05-09 10:00:00,0.95,0.05,354.8,0.0,94.35,8.36,10.31,12.05,0.08,
24,2025-05-09 11:00:00,1.48,0.15,482.8,0.0,75.36,13.12,14.42,15.68,0.41,
24,2025-05-09 12:00:00,1.92,0.54,559.7,0.0,64.98,15.94,16.53,16.99,0.66,
24,2025-05-09 13:00:00,3.42,1.29,578.5,0.0,62.48,17.64,18.04,18.68,0.78,
24,2025-05-09 14:00:00,4.55,2.39,575.7,0.0,54.42,18.93,19.11,19.44,1.01,
24,2025-05-09 15:00:00,5.38,2.62,523.5,0.0,56.17,19.38,19.57,19.83,1.0,
24,2025-05-09 16:00:00,5.0,2.69,416.0,0.0,54.85,19.87,19.89,19.91,1.05,
24,2025-05-09 17:00:00,5.3,2.85,225.8,0.0,57.81,19.22,19.5,19.69,0.96,
24,2025-05-09 18:00:00,5.98,2.62,103.2,0.0,63.67,17.22,18.07,18.87,0.76,
24,2025-05-09 19:00:00,2.6,1.29,1.3,0.0,72.58,15.5,15.97,16.47,0.5,
24,2025-05-09 20:00:00,3.42,0.74,0.0,0.0,79.24,13.58,14.32,15.21,0.34,
24,2025-05-09 21:00:00,2.45,0.45,0.0,0.0,84.73,12.26,13.14,14.81,0.24,
24,2025-05-09 22:00:00,3.88,0.93,0.0,0.0,83.82,11.86,13.31,14.17,0.25,
24,2025-05-09 23:00:00,3.95,1.64,0.0,0.0,84.6,12.29,12.81,13.24,0.23,
24,2025-05-10 00:00:00,2.52,0.46,0.0,0.0,89.18,10.97,11.38,12.18,0.15,
24,2025-05-10 01:00:00,1.32,0.14,0.0,0.0,93.1,7.63,8.58,9.81,0.08,
24,2025-05-10 02:00:00,0.42,0.0,0.0,0.0,94.3,6.02,6.45,7.05,0.06,
24,2025-05-10 03:00:00,0.72,0.01,0.0,0.0,95.2,5.27,5.46,5.8,0.04,
24,2025-05-10 04:00:00,1.25,0.09,0.0,0.0,96.78,5.34,6.51,7.37,0.03,
24,2025-05-10 05:00:00,1.4,0.16,0.0,0.0,95.85,7.47,8.08,8.68,0.05,
24,2025-05-10 06:00:00,0.8,0.03,0.0,0.0,95.08,5.55,6.38,7.43,0.05,
24,2025-05-10 07:00:00,0.42,0.01,0.01,0.0,95.35,3.85,4.37,4.98,0.04,
24,2025-05-10 08:00:00,1.18,0.1,34.83,0.0,96.7,3.85,4.3,4.66,0.03,
24,2025-05-10 09:00:00,1.92,0.5,210.1,0.0,96.83,5.87,7.63,8.67,0.03,
24,2025-05-10 10:00:00,2.45,0.63,360.9,0.0,82.26,9.67,10.93,12.18,0.24,
24,2025-05-10 11:00:00,4.32,1.7,487.3,0.0,69.86,12.78,13.67,14.17,0.48,
24,2025-05-10 12:00:00,4.03,2.12,565.9,0.0,61.53,14.82,15.53,16.44,0.68,
24,2025-05-10 13:00:00,4.18,2.06,590.0,0.0,50.37,16.8,17.71,18.62,1.01,
24,2025-05-10 14:00:00,3.58,1.96,585.5,0.0,43.39,19.32,20.14,20.96,1.34,
24,2025-05-10 15:00:00,3.65,2.01,532.7,0.0,41.34,21.19,21.73,22.13,1.53,
24,2025-05-10 16:00:00,4.4,2.11,425.0,0.0,42.84,21.92,22.01,22.19,1.51,
24,2025-05-10 17:00:00,2.52,1.05,232.0,0.0,42.53,21.96,22.18,22.38,1.54,
24,2025-05-10 18:00:00,1.48,0.45,105.7,0.0,54.84,18.42,20.25,21.73,1.08,
24,2025-05-10 19:00:00,1.92,0.68,1.19,0.0,69.25,13.8,16.15,17.46,0.58,
24,2025-05-10 20:00:00,0.72,0.03,0.0,0.0,87.63,10.27,11.26,12.25,0.17,
24,2025-05-10 21:00:00,0.35,0.0,0.0,0.0,91.9,8.84,9.37,9.87,0.1,
24,2025-05-10 22:00:00,0.88,0.03,0.0,0.0,93.65,8.02,8.3,8.49,0.07,
24,2025-05-10 23:00:00,0.8,0.04,0.0,0.0,94.08,7.44,7.74,7.99,0.06,
24,2025-05-11 00:00:00,1.1,0.09,0.0,0.0,93.78,7.6,7.71,7.86,0.07,
24,2025-05-11 01:00:00,1.62,0.09,0.0,0.0,92.8,7.24,7.51,7.76,0.08,
24,2025-05-11 02:00:00,1.02,0.05,0.0,0.0,93.9,6.44,6.61,6.8,0.06,
24,2025-05-11 03:00:00,0.95,0.06,0.0,0.0,94.28,6.13,6.28,6.45,0.06,
24,2025-05-11 04:00:00,1.18,0.1,0.0,0.0,94.53,5.92,6.06,6.12,0.06,
24,2025-05-11 05:00:00,0.8,0.07,0.0,0.0,94.58,5.25,5.51,5.81,0.05,
24,2025-05-11 06:00:00,0.72,0.01,0.0,0.0,95.35,4.63,4.76,4.97,0.04,
24,2025-05-11 07:00:00,1.1,0.06,0.01,0.0,95.73,4.2,4.35,4.58,0.04,
24,2025-05-11 08:00:00,0.8,0.02,42.7,0.0,96.4,4.41,4.61,5.0,0.03,
24,2025-05-11 09:00:00,0.8,0.03,166.8,0.0,95.2,6.32,7.44,8.45,0.05,
24,2025-05-11 10:00:00,0.65,0.01,258.2,0.0,83.45,9.63,11.45,13.39,0.24,
24,2025-05-11 11:00:00,3.58,1.06,380.5,0.0,75.68,13.37,13.82,14.39,0.39,
24,2025-05-11 12:00:00,2.3,0.9,463.4,0.0,74.7,14.16,14.73,15.09,0.43,
24,2025-05-11 13:00:00,1.62,0.34,517.4,0.0,65.39,15.72,16.86,17.59,0.67,
24,2025-05-11 14:00:00,2.9,1.38,455.4,0.0,66.23,17.6,17.68,17.81,0.69,
24,2025-05-11 15:00:00,4.03,1.82,465.1,0.0,67.38,16.8,17.37,17.91,0.65,
24,2025-05-11 16:00:00,2.9,1.5,401.2,0.0,66.42,17.82,18.09,18.32,0.7,
24,2025-05-11 17:00:00,2.38,1.15,209.8,0.0,69.04,16.32,17.45,18.34,0.62,
24,2025-05-11 18:00:00,1.62,0.27,89.2,0.0,79.4,13.63,14.96,16.06,0.36,
24,2025-05-11 19:00:00,0.35,0.0,0.95,0.0,90.33,10.77,11.74,12.83,0.13,
24,2025-05-11 20:00:00,0.65,0.01,0.0,0.0,93.2,8.86,9.67,10.25,0.08,
24,2025-05-11 21:00:00,0.0,0.0,0.0,0.0,94.18,7.48,7.92,8.39,0.06,
24,2025-05-11 22:00:00,0.0,0.0,0.0,0.0,95.15,6.8,7.0,7.25,0.05,
24,2025-05-11 23:00:00,0.5,0.01,0.0,0.0,95.83,6.46,6.59,6.85,0.04,
24,2025-05-12 00:00:00,0.72,0.02,0.0,0.0,97.03,6.4,7.06,7.75,0.03,
24,2025-05-12 01:00:00,0.65,0.01,0.0,0.0,97.48,8.15,8.82,9.34,0.03,
24,2025-05-12 02:00:00,0.72,0.01,0.0,0.0,97.48,9.43,9.71,10.02,0.03,
24,2025-05-12 03:00:00,0.0,0.0,0.0,0.0,97.48,10.15,10.4,10.73,0.03,
24,2025-05-12 04:00:00,1.1,0.06,0.0,0.0,97.48,10.92,11.04,11.1,0.03,
24,2025-05-12 05:00:00,1.1,0.12,0.0,0.0,97.03,10.89,10.92,10.95,0.04,
24,2025-05-12 06:00:00,0.57,0.02,0.0,0.1,95.7,10.76,10.86,10.91,0.06,
24,2025-05-12 07:00:00,0.8,0.03,0.0,0.0,94.85,10.7,10.87,11.03,0.07,
24,2025-05-12 08:00:00,1.18,0.1,11.81,0.0,90.35,10.91,10.94,10.98,0.13,
24,2025-05-12 09:00:00,1.55,0.16,45.33,0.0,88.58,11.07,11.2,11.32,0.15,
24,2025-05-12 10:00:00,2.15,1.01,114.5,0.0,87.93,11.15,11.21,11.29,0.16,
24,2025-05-12 11:00:00,2.52,0.89,219.3,0.0,81.78,11.59,12.1,12.55,0.26,
24,2025-05-12 12:00:00,2.0,0.54,350.7,0.0,77.82,12.15,12.88,13.58,0.33,
24,2025-05-12 13:00:00,2.6,0.86,524.8,0.0,75.31,13.41,14.05,14.79,0.4,
24,2025-05-12 14:00:00,3.35,1.3,527.0,0.0,71.16,14.99,15.47,15.84,0.51,
24,2025-05-12 15:00:00,3.42,1.64,499.0,0.0,66.73,16.16,16.22,16.27,0.62,
24,2025-05-12 16:00:00,3.58,1.81,395.1,0.0,68.9,15.99,16.17,16.37,0.57,
24,2025-05-12 17:00:00,2.98,1.21,221.6,0.0,70.16,15.73,15.81,15.89,0.54,
24,2025-05-12 18:00:00,1.62,0.32,85.2,0.0,76.73,13.34,14.64,15.62,0.39,
24,2025-05-12 19:00:00,0.5,0.0,0.74,0.0,89.05,9.51,10.84,12.37,0.15,
24,2025-05-12 20:00:00,0.5,0.01,0.0,0.0,92.88,7.97,8.56,9.18,0.08,
24,2025-05-12 21:00:00,0.65,0.01,0.0,0.0,94.05,6.61,7.16,7.8,0.06,
24,2025-05-12 22:00:00,0.0,0.0,0.0,0.0,94.48,5.68,6.07,6.43,0.05,
24,2025-05-12 23:00:00,0.0,0.0,0.0,0.0,95.15,5.01,5.23,5.45,0.04,
24,2025-05-13 00:00:00,0.0,0.0,0.0,0.0,96.03,4.73,4.82,4.92,0.03,
24,2025-05-13 01:00:00,0.0,0.0,0.0,0.0,96.4,4.81,4.88,4.94,0.03,
24,2025-05-13 02:00:00,0.5,0.01,0.0,0.0,96.6,4.63,4.79,5.04,0.03,
24,2025-05-13 03:00:00,0.0,0.0,0.0,0.0,96.85,4.62,4.75,4.96,0.03,
24,2025-05-13 04:00:00,0.0,0.0,0.0,0.0,97.28,4.65,4.93,5.21,0.02,
24,2025-05-13 05:00:00,0.35,0.01,0.0,0.0,97.43,5.21,5.43,5.65,0.02,
24,2025-05-13 06:00:00,0.28,0.0,0.0,0.0,97.53,4.89,5.1,5.3,0.02,
24,2025-05-13 07:00:00,0.0,0.0,0.01,0.0,97.53,4.53,4.82,5.02,0.02,
24,2025-05-13 08:00:00,0.42,0.0,26.09,0.0,97.53,3.76,3.88,4.14,0.02,
24,2025-05-13 09:00:00,0.0,0.0,102.5,0.1,97.98,4.29,5.4,6.26,0.02,
24,2025-05-13 10:00:00,1.32,0.13,139.3,0.0,98.1,6.93,7.85,8.69,0.02,
24,2025-05-13 11:00:00,2.52,0.72,354.6,0.0,97.0,9.28,10.06,10.83,0.04,
24,2025-05-13 12:00:00,2.82,1.23,522.8,0.0,88.53,10.85,11.28,12.01,0.15,
24,2025-05-13 13:00:00,2.6,0.95,536.4,0.0,79.43,13.0,13.65,14.19,0.32,
24,2025-05-13 14:00:00,3.28,1.45,526.2,0.0,74.56,14.73,15.25,15.56,0.44,
24,2025-05-13 15:00:00,3.12,1.64,435.9,0.0,72.84,15.48,15.6,15.74,0.48,
24,2025-05-13 16:00:00,3.42,1.49,266.1,0.0,75.68,14.85,15.1,15.4,0.42,
24,2025-05-13 17:00:00,4.4,1.99,178.8,0.0,75.57,14.27,14.58,14.98,0.41,
24,2025-05-13 18:00:00,1.48,0.1,51.1,0.0,82.07,12.43,13.46,14.26,0.28,
24,2025-05-13 19:00:00,0.88,0.04,1.23,0.0,89.65,10.29,11.14,11.76,0.14,
24,2025-05-13 20:00:00,1.55,0.25,0.0,0.0,93.73,9.71,9.92,10.26,0.08,
24,2025-05-13 21:00:00,1.18,0.05,0.0,0.0,94.0,7.82,8.64,9.56,0.07,
24,2025-05-13 22:00:00,0.8,0.07,0.0,0.0,95.88,6.99,7.43,7.66,0.04,
24,2025-05-13 23:00:00,1.25,0.13,0.0,0.0,96.5,7.21,7.32,7.44,0.04,
24,2025-05-14 00:00:00,0.5,0.0,0.0,0.0,96.4,7.17,7.37,7.59,0.04,
24,2025-05-14 01:00:00,0.28,0.0,0.0,0.0,96.75,6.47,6.83,7.39,0.03,
24,2025-05-14 02:00:00,0.88,0.05,0.0,0.0,97.38,6.03,6.5,6.87,0.03,
24,2025-05-14 03:00:00,1.18,0.25,0.0,0.0,97.6,6.53,6.62,6.72,0.02,
24,2025-05-14 04:00:00,1.7,0.46,0.0,0.0,97.88,6.76,6.99,7.14,0.02,
24,2025-05-14 05:00:00,1.48,0.51,0.0,0.0,97.88,6.58,6.7,6.86,0.02,
24,2025-05-14 06:00:00,1.1,0.12,0.0,0.1,97.95,6.42,6.64,6.81,0.02,
24,2025-05-14 07:00:00,0.88,0.06,0.0,0.0,97.98,6.16,6.23,6.29,0.02,
24,2025-05-14 08:00:00,1.25,0.27,6.9,0.0,97.9,4.71,5.04,5.58,0.02,
24,2025-05-14 09:00:00,1.4,0.34,103.0,0.0,98.13,4.78,5.34,5.82,0.02,
24,2025-05-14 10:00:00,2.45,1.11,297.7,0.0,98.28,6.63,7.25,7.91,0.02,
24,2025-05-14 11:00:00,2.98,1.44,424.2,0.0,91.55,8.71,9.49,10.11,0.1,
24,2025-05-14 12:00:00,3.5,1.72,542.4,0.0,81.77,10.63,11.25,11.96,0.24,
24,2025-05-14 13:00:00,3.95,2.16,562.8,0.0,73.81,12.39,12.63,13.05,0.38,
24,2025-05-14 14:00:00,3.8,2.03,559.2,0.0,65.3,13.73,14.37,14.97,0.57,
24,2025-05-14 15:00:00,3.28,1.62,508.7,0.0,59.77,15.3,15.86,16.62,0.73,
24,2025-05-14 16:00:00,3.5,1.6,402.4,0.0,56.57,16.86,17.03,17.34,0.85,
24,2025-05-14 17:00:00,2.98,1.46,251.2,0.0,54.27,17.03,17.37,17.59,0.91,
24,2025-05-14 18:00:00,2.6,1.14,89.4,0.0,67.85,13.21,14.81,16.3,0.55,
24,2025-05-14 19:00:00,1.7,0.33,0.82,0.0,84.9,10.04,11.23,12.25,0.2,
24,2025-05-14 20:00:00,1.25,0.05,0.0,0.0,90.45,7.56,8.65,9.25,0.11,
24,2025-05-14 21:00:00,0.0,0.0,0.0,0.0,92.6,5.58,6.16,6.86,0.07,
24,2025-05-14 22:00:00,0.57,0.01,0.0,0.0,94.05,4.74,4.92,5.27,0.05,
24,2025-05-14 23:00:00,0.57,0.01,0.0,0.0,95.2,4.09,4.5,4.83,0.04,
24,2025-05-15 00:00:00,0.0,0.0,0.0,0.0,95.55,3.54,3.77,4.03,0.04,
24,2025-05-15 01:00:00,0.5,0.0,0.0,0.0,95.7,2.88,3.14,3.39,0.03,
24,2025-05-15 02:00:00,0.72,0.01,0.0,0.0,96.48,2.98,3.05,3.19,0.03,
24,2025-05-15 03:00:00,0.65,0.01,0.0,0.0,96.65,2.99,3.12,3.34,0.02,
24,2025-05-15 04:00:00,1.1,0.07,0.0,0.0,97.55,3.2,4.71,6.37,0.02,
24,2025-05-15 05:00:00,1.78,0.44,0.0,0.0,96.65,6.97,7.03,7.12,0.03,
24,2025-05-15 06:00:00,1.1,0.11,0.0,0.0,95.55,5.43,6.19,6.72,0.04,
24,2025-05-15 07:00:00,0.95,0.09,0.0,0.0,96.03,5.18,5.75,6.28,0.04,
24,2025-05-15 08:00:00,2.0,0.65,17.01,0.0,95.75,5.94,6.02,6.15,0.04,
24,2025-05-15 09:00:00,0.95,0.03,143.8,0.0,91.48,6.37,7.8,9.12,0.09,
24,2025-05-15 10:00:00,2.22,0.38,325.3,0.0,78.54,9.7,11.0,11.61,0.28,
24,2025-05-15 11:00:00,2.22,0.88,443.3,0.0,73.64,11.8,12.52,13.27,0.39,
24,2025-05-15 12:00:00,3.8,1.16,523.3,0.0,66.55,13.48,14.07,14.89,0.54,
24,2025-05-15 13:00:00,4.47,1.71,543.7,0.0,62.1,15.03,15.4,15.84,0.66,
24,2025-05-15 14:00:00,3.65,2.03,536.4,0.0,60.49,15.93,16.17,16.58,0.73,
24,2025-05-15 15:00:00,5.0,2.56,483.6,0.0,57.77,16.65,16.75,16.82,0.81,
24,2025-05-15 16:00:00,5.15,2.74,375.5,0.0,60.81,16.49,16.57,16.62,0.74,
24,2025-05-15 17:00:00,3.95,2.0,231.6,0.0,62.32,16.16,16.29,16.46,0.7,
24,2025-05-15 18:00:00,2.15,0.75,76.17,0.0,65.0,13.21,14.75,15.88,0.6,
24,2025-05-15 19:00:00,1.18,0.11,0.72,0.0,81.36,9.25,10.8,12.5,0.25,
24,2025-05-15 20:00:00,0.65,0.03,0.0,0.0,90.65,7.11,7.79,8.41,0.1,
24,2025-05-15 21:00:00,0.0,0.0,0.0,0.0,92.68,5.7,6.27,6.74,0.07,
24,2025-05-15 22:00:00,0.95,0.14,0.0,0.0,94.43,5.5,5.86,6.29,0.05,
24,2025-05-15 23:00:00,1.18,0.13,0.0,0.0,94.98,5.18,5.73,6.26,0.05,
24,2025-05-16 00:00:00,0.0,0.0,0.0,0.0,94.9,4.19,4.69,5.2,0.04,
24,2025-05-16 01:00:00,0.95,0.02,0.0,0.0,95.63,3.56,3.69,3.98,0.04,
24,2025-05-16 02:00:00,0.95,0.05,0.0,0.0,96.33,3.27,3.58,3.93,0.03,
24,2025-05-16 03:00:00,0.0,0.0,0.0,0.0,96.25,2.85,3.19,3.64,0.03,
24,2025-05-16 04:00:00,1.02,0.05,0.0,0.0,96.83,2.81,3.54,4.37,0.03,
24,2025-05-16 05:00:00,0.88,0.04,0.0,0.0,96.48,2.11,2.61,3.11,0.03,
24,2025-05-16 06:00:00,0.65,0.02,0.0,0.0,96.68,1.6,1.69,1.85,0.02,
24,2025-05-16 07:00:00,0.88,0.06,0.0,0.0,96.88,1.63,1.99,2.32,0.02,
24,2025-05-16 08:00:00,1.18,0.14,16.66,0.0,97.0,1.18,1.3,1.6,0.02,
24,2025-05-16 09:00:00,0.95,0.06,128.2,0.0,97.45,1.99,2.68,3.84,0.02,
24,2025-05-16 10:00:00,1.02,0.24,292.5,0.0,94.6,5.01,7.19,9.39,0.06,
24,2025-05-16 11:00:00,2.82,0.66,424.3,0.0,72.5,10.87,12.26,13.02,0.4,
24,2025-05-16 12:00:00,3.8,2.15,502.0,0.0,67.55,13.41,14.17,14.76,0.53,
24,2025-05-16 13:00:00,3.42,1.74,521.7,0.0,63.18,15.13,15.69,16.13,0.66,
24,2025-05-16 14:00:00,3.2,1.51,508.5,0.0,60.55,16.04,16.5,17.16,0.74,
24,2025-05-16 15:00:00,2.98,1.29,449.7,0.0,58.67,17.09,17.38,17.56,0.82,
24,2025-05-16 16:00:00,3.28,1.54,333.0,0.0,58.91,16.94,17.07,17.29,0.8,
24,2025-05-16 17:00:00,2.22,1.15,200.7,0.0,60.49,15.89,16.53,17.01,0.75,
24,2025-05-16 18:00:00,2.15,0.5,61.35,0.0,66.77,13.77,14.62,15.42,0.56,
24,2025-05-16 19:00:00,1.32,0.18,0.33,0.0,80.18,10.24,11.48,13.14,0.27,
24,2025-05-16 20:00:00,1.62,0.69,0.0,0.0,85.55,9.81,9.93,10.13,0.18,
24,2025-05-16 21:00:00,2.22,0.6,0.0,0.0,86.13,9.92,10.37,10.72,0.17,
24,2025-05-16 22:00:00,2.0,0.69,0.0,0.0,85.68,10.87,10.92,10.97,0.19,
24,2025-05-16 23:00:00,1.4,0.42,0.0,0.0,83.05,10.8,11.12,11.36,0.22,
24,2025-05-17 00:00:00,2.0,0.66,0.0,0.0,82.45,11.02,11.1,11.16,0.23,
24,2025-05-17 01:00:00,1.55,0.21,0.0,0.0,83.98,10.4,10.92,11.3,0.21,
24,2025-05-17 02:00:00,1.4,0.21,0.0,0.0,87.05,10.21,10.29,10.35,0.16,
24,2025-05-17 03:00:00,1.62,0.4,0.0,0.0,86.9,9.85,10.06,10.32,0.16,
24,2025-05-17 04:00:00,1.78,0.17,0.0,0.0,86.48,10.09,10.3,10.61,0.17,
24,2025-05-17 05:00:00,2.75,0.98,0.0,0.0,84.9,10.46,10.68,11.02,0.2,
24,2025-05-17 06:00:00,2.98,1.08,0.0,0.0,81.88,11.17,11.22,11.25,0.24,
24,2025-05-17 07:00:00,3.35,1.22,0.0,0.0,81.73,10.92,11.19,11.39,0.24,
24,2025-05-17 08:00:00,3.88,1.67,9.49,0.0,81.9,10.83,10.96,11.05,0.24,
24,2025-05-17 09:00:00,3.72,1.93,33.97,0.0,78.84,11.41,11.51,11.78,0.29,
24,2025-05-17 10:00:00,3.35,1.23,76.41,0.0,79.03,11.12,11.51,12.04,0.29,
24,2025-05-17 11:00:00,4.03,1.4,64.94,0.0,76.86,11.93,12.13,12.3,0.33,
24,2025-05-17 12:00:00,5.52,2.34,63.7,0.0,75.49,12.22,12.29,12.41,0.35,
24,2025-05-17 13:00:00,4.62,1.9,49.95,0.1,79.6,11.67,12.22,12.63,0.29,
24,2025-05-17 14:00:00,2.6,0.96,30.06,5.7,92.3,10.79,11.07,11.57,0.1,
24,2025-05-17 15:00:00,3.58,0.74,28.2,5.0,94.5,10.77,10.89,11.03,0.07,
24,2025-05-17 16:00:00,7.02,3.14,11.21,8.0,93.68,9.06,9.7,10.71,0.08,
24,2025-05-17 17:00:00,5.0,2.21,11.71,5.7,94.85,8.88,8.97,9.02,0.06,
24,2025-05-17 18:00:00,3.5,1.07,5.91,2.0,94.33,8.55,8.66,8.74,0.06,
24,2025-05-17 19:00:00,4.47,1.41,0.05,1.8,89.9,8.42,9.14,10.81,0.12,
24,2025-05-17 20:00:00,6.65,3.27,0.0,0.9,75.73,11.15,11.74,12.6,0.34,
24,2025-05-17 21:00:00,5.9,3.17,0.0,0.0,65.87,13.32,13.64,14.11,0.54,
24,2025-05-17 22:00:00,4.47,2.14,0.0,0.0,86.43,10.18,10.3,10.5,0.17,
24,2025-05-17 23:00:00,2.75,1.11,0.0,0.0,86.9,9.93,10.01,10.18,0.16,
24,2025-05-18 00:00:00,4.03,1.64,0.0,0.0,86.95,9.39,9.7,9.83,0.16,
24,2025-05-18 01:00:00,3.95,2.23,0.0,0.0,85.5,8.41,8.6,8.78,0.17,
24,2025-05-18 02:00:00,5.75,2.35,0.0,0.0,78.44,9.01,9.57,10.01,0.26,
24,2025-05-18 03:00:00,6.42,2.12,0.0,0.0,85.5,8.39,8.74,9.3,0.17,
24,2025-05-18 04:00:00,4.4,1.91,0.0,0.0,84.98,8.53,8.67,8.76,0.17,
24,2025-05-18 05:00:00,1.85,0.45,0.0,0.0,87.15,8.43,8.66,8.81,0.14,
24,2025-05-18 06:00:00,2.0,0.19,0.0,0.7,93.18,7.98,8.16,8.34,0.07,
24,2025-05-18 07:00:00,1.18,0.2,0.0,0.0,94.4,7.99,8.05,8.12,0.06,
24,2025-05-18 08:00:00,1.62,0.39,7.05,0.1,93.23,8.16,8.22,8.26,0.08,
24,2025-05-18 09:00:00,3.35,1.13,33.59,0.1,92.78,7.79,7.99,8.24,0.08,
24,2025-05-18 10:00:00,2.98,1.7,188.7,0.0,92.6,7.8,8.13,8.63,0.08,
24,2025-05-18 11:00:00,2.3,0.74,256.6,0.0,85.8,9.17,9.69,10.18,0.17,
24,2025-05-18 12:00:00,1.55,0.26,255.0,0.0,79.24,10.94,11.3,11.49,0.28,
24,2025-05-18 13:00:00,1.1,0.11,147.5,0.0,77.08,11.65,12.04,12.46,0.32,
24,2025-05-18 14:00:00,2.68,1.08,179.0,0.0,76.81,12.33,12.58,12.96,0.34,
24,2025-05-18 15:00:00,3.28,1.51,219.6,0.0,76.83,13.05,13.15,13.22,0.35,
24,2025-05-18 16:00:00,2.3,0.72,168.3,0.0,77.25,13.22,13.34,13.46,0.35,
24,2025-05-18 17:00:00,1.62,0.25,29.51,0.0,80.67,12.79,12.99,13.13,0.29,
24,2025-05-18 18:00:00,6.05,2.21,7.84,0.0,81.4,12.05,12.32,12.61,0.27,
24,2025-05-18 19:00:00,4.92,2.19,0.03,0.0,80.77,11.66,11.77,11.89,0.27,
24,2025-05-18 20:00:00,3.42,1.04,0.0,0.0,82.15,11.35,11.58,11.77,0.25,
24,2025-05-18 21:00:00,3.88,1.05,0.0,0.3,86.4,10.54,10.92,11.21,0.18,
24,2025-05-18 22:00:00,2.3,0.48,0.0,0.4,92.5,10.2,10.45,10.78,0.09,
24,2025-05-18 23:00:00,2.82,1.33,0.0,0.0,93.23,10.13,10.25,10.41,0.09,
24,2025-05-19 00:00:00,5.22,1.6,0.0,0.1,92.45,9.77,10.04,10.2,0.09,
24,2025-05-19 01:00:00,4.62,1.8,0.0,0.0,93.1,9.4,9.48,9.57,0.08,
24,2025-05-19 02:00:00,4.1,1.17,0.0,0.0,93.33,9.26,9.42,9.56,0.08,
24,2025-05-19 03:00:00,1.92,0.32,0.0,0.0,94.68,9.41,9.43,9.45,0.07,
24,2025-05-19 04:00:00,1.62,0.22,0.0,0.0,95.45,9.35,9.4,9.44,0.05,
24,2025-05-19 05:00:00,0.95,0.02,0.0,0.0,95.93,9.31,9.43,9.65,0.05,
24,2025-05-19 06:00:00,3.05,1.52,0.0,0.0,94.98,9.46,9.54,9.64,0.06,
24,2025-05-19 07:00:00,4.92,2.99,0.0,0.0,92.98,8.96,9.35,9.58,0.08,
24,2025-05-19 08:00:00,4.62,2.22,6.08,0.0,93.88,8.81,8.87,8.92,0.07,
24,2025-05-19 09:00:00,3.42,1.42,65.59,0.0,96.45,8.67,8.78,9.02,0.04,
24,2025-05-19 10:00:00,2.3,0.57,312.7,0.0,87.08,9.42,10.73,12.07,0.17,
24,2025-05-19 11:00:00,1.85,0.3,436.5,0.0,72.89,12.93,13.9,14.57,0.43,
24,2025-05-19 12:00:00,2.82,1.31,506.5,0.0,70.51,14.58,15.31,16.17,0.52,
24,2025-05-19 13:00:00,3.28,1.95,531.5,0.0,69.62,15.52,15.93,16.28,0.55,
24,2025-05-19 14:00:00,3.88,2.08,534.1,0.0,71.13,15.33,15.41,15.53,0.51,
24,2025-05-19 15:00:00,3.72,2.03,493.1,0.0,72.05,14.76,15.16,15.47,0.48,
24,2025-05-19 16:00:00,3.88,2.29,289.7,0.0,76.39,14.24,14.39,14.5,0.39,
24,2025-05-19 17:00:00,4.03,1.96,126.4,0.0,77.31,12.92,13.53,14.1,0.36,
24,2025-05-19 18:00:00,3.05,0.87,21.34,0.0,81.74,12.6,12.69,12.81,0.27,
24,2025-05-19 19:00:00,1.92,0.67,0.08,0.0,83.15,12.25,12.41,12.61,0.24,
24,2025-05-19 20:00:00,1.32,0.15,0.0,0.0,85.7,11.77,12.02,12.19,0.2,
24,2025-05-19 21:00:00,0.8,0.04,0.0,0.0,90.2,11.37,11.46,11.62,0.13,
24,2025-05-19 22:00:00,1.1,0.07,0.0,0.0,89.75,11.39,11.44,11.47,0.14,
24,2025-05-19 23:00:00,0.72,0.03,0.0,0.0,90.5,11.14,11.32,11.45,0.13,
24,2025-05-20 00:00:00,1.1,0.05,0.0,0.0,92.68,10.94,11.0,11.07,0.1,
24,2025-05-20 01:00:00,2.08,0.3,0.0,0.0,89.93,10.73,10.88,10.99,0.13,
24,2025-05-20 02:00:00,2.22,0.48,0.0,0.0,87.8,10.44,10.72,10.99,0.16,
24,2025-05-20 03:00:00,1.4,0.34,0.0,0.0,88.98,9.82,10.09,10.29,0.14,
24,2025-05-20 04:00:00,1.32,0.25,0.0,0.0,91.93,9.29,9.5,9.73,0.1,
24,2025-05-20 05:00:00,1.62,0.25,0.0,0.0,91.98,9.17,9.42,9.54,0.09,
24,2025-05-20 06:00:00,1.02,0.08,0.0,0.0,92.38,8.77,8.85,8.93,0.09,
24,2025-05-20 07:00:00,0.5,0.01,0.0,0.0,93.6,8.4,8.55,8.7,0.07,
24,2025-05-20 08:00:00,0.0,0.0,10.9,0.0,95.4,8.39,8.42,8.44,0.05,
24,2025-05-20 09:00:00,1.4,0.26,64.57,0.0,93.88,8.56,8.81,9.07,0.07,
24,2025-05-20 10:00:00,1.55,0.33,133.8,0.0,86.68,9.35,9.86,10.19,0.16,
24,2025-05-20 11:00:00,1.55,0.39,216.4,0.0,83.16,10.37,10.96,11.72,0.22,
24,2025-05-20 12:00:00,1.4,0.25,223.4,0.0,79.21,12.39,13.17,13.98,0.32,
24,2025-05-20 13:00:00,1.18,0.18,265.4,0.0,73.59,14.37,15.15,15.52,0.46,
24,2025-05-20 14:00:00,1.48,0.45,245.9,0.0,70.73,16.09,16.52,16.86,0.55,
24,2025-05-20 15:00:00,1.32,0.15,164.6,0.0,72.24,17.21,17.27,17.35,0.55,
24,2025-05-20 16:00:00,1.32,0.17,82.1,0.0,74.54,16.6,16.92,17.17,0.49,
24,2025-05-20 17:00:00,0.95,0.07,40.12,0.0,78.27,15.94,16.2,16.42,0.4,
24,2025-05-20 18:00:00,0.0,0.0,25.52,0.0,85.0,14.69,15.34,15.85,0.26,
24,2025-05-20 19:00:00,1.78,0.34,0.04,0.0,88.68,14.24,14.33,14.38,0.19,
24,2025-05-20 20:00:00,2.15,0.42,0.0,0.0,87.53,14.13,14.45,14.71,0.21,
24,2025-05-20 21:00:00,0.88,0.13,0.0,0.0,91.65,13.31,13.58,13.94,0.13,
24,2025-05-20 22:00:00,1.48,0.22,0.0,0.0,93.13,13.22,13.28,13.35,0.11,
24,2025-05-20 23:00:00,1.18,0.19,0.0,0.0,93.08,12.98,13.19,13.4,0.11,
24,2025-05-21 00:00:00,0.95,0.05,0.0,0.0,93.03,13.0,13.15,13.26,0.11,
24,2025-05-21 01:00:00,1.18,0.2,0.0,0.0,91.75,13.07,13.37,13.67,0.13,
24,2025-05-21 02:00:00,0.88,0.06,0.0,0.0,92.98,13.02,13.1,13.16,0.11,
24,2025-05-21 03:00:00,2.0,0.63,0.0,0.0,90.33,12.97,13.44,13.66,0.15,
24,2025-05-21 04:00:00,1.92,0.43,0.0,0.0,91.3,12.66,13.13,13.73,0.13,
24,2025-05-21 05:00:00,1.25,0.18,0.0,0.0,93.98,11.7,12.07,12.43,0.09,
24,2025-05-21 06:00:00,1.02,0.09,0.0,0.0,95.25,11.23,11.5,11.67,0.07,
24,2025-05-21 07:00:00,0.88,0.04,0.0,0.0,95.28,9.92,10.4,10.83,0.06,
24,2025-05-21 08:00:00,1.02,0.06,10.08,0.0,96.35,9.28,9.58,9.89,0.05,
24,2025-05-21 09:00:00,3.28,1.18,126.1,0.0,89.25,10.73,12.28,13.44,0.16,
24,2025-05-21 10:00:00,3.95,2.18,302.0,0.0,76.98,13.99,14.61,15.02,0.38,
24,2025-05-21 11:00:00,3.58,1.7,431.8,0.0,70.13,15.13,16.02,16.83,0.55,
24,2025-05-21 12:00:00,4.18,2.02,509.0,0.0,61.83,17.32,18.09,18.76,0.8,
24,2025-05-21 13:00:00,5.45,2.93,532.5,0.0,57.02,18.82,19.1,19.28,0.95,
24,2025-05-21 14:00:00,5.0,2.9,541.8,0.0,56.44,19.63,19.86,20.03,1.01,
24,2025-05-21 15:00:00,6.05,3.3,411.0,0.0,60.36,19.47,19.57,19.71,0.9,
24,2025-05-21 16:00:00,5.82,3.33,211.7,0.0,55.88,19.72,19.83,19.92,1.02,
24,2025-05-21 17:00:00,5.0,2.83,129.8,0.0,59.63,18.39,18.86,19.38,0.88,
24,2025-05-21 18:00:00,5.6,2.72,81.1,0.0,59.84,17.27,17.88,18.48,0.83,
24,2025-05-21 19:00:00,5.3,2.98,0.39,0.0,58.72,16.1,16.42,16.92,0.77,
24,2025-05-21 20:00:00,4.62,2.32,0.0,0.0,63.55,14.91,15.32,15.7,0.63,
24,2025-05-21 21:00:00,4.78,2.49,0.0,0.0,65.78,14.56,14.84,15.09,0.58,
24,2025-05-21 22:00:00,3.65,1.41,0.0,0.0,75.34,13.21,13.68,14.39,0.39,
24,2025-05-21 23:00:00,2.08,0.41,0.0,0.0,85.84,10.46,11.17,12.56,0.19,
24,2025-05-22 00:00:00,2.68,0.68,0.0,0.0,89.4,9.23,10.54,11.61,0.14,
24,2025-05-22 01:00:00,1.02,0.06,0.0,0.0,92.93,7.38,8.19,9.23,0.08,
24,2025-05-22 02:00:00,0.65,0.02,0.0,0.0,95.0,6.01,6.39,6.96,0.05,
24,2025-05-22 03:00:00,1.4,0.1,0.0,0.0,96.93,6.25,7.37,8.32,0.03,
24,2025-05-22 04:00:00,1.32,0.28,0.0,0.0,97.55,8.51,8.65,8.74,0.03,
24,2025-05-22 05:00:00,1.62,0.42,0.0,0.0,97.68,8.12,8.25,8.45,0.03,
24,2025-05-22 06:00:00,2.38,0.81,0.0,0.0,97.78,7.36,7.61,7.88,0.02,
24,2025-05-22 07:00:00,2.08,0.82,0.0,0.0,97.9,6.86,7.03,7.29,0.02,
24,2025-05-22 08:00:00,2.6,0.78,5.9,0.0,98.0,6.75,6.92,7.1,0.02,
24,2025-05-22 09:00:00,1.85,0.68,65.97,0.0,98.1,6.69,6.79,6.86,0.02,
24,2025-05-22 10:00:00,2.08,0.65,122.4,0.0,98.15,6.89,7.11,7.36,0.02,
24,2025-05-22 11:00:00,2.45,1.0,242.5,0.0,98.2,7.49,7.99,8.6,0.02,
24,2025-05-22 12:00:00,2.15,0.86,411.3,0.0,88.68,9.04,10.36,11.26,0.15,
24,2025-05-22 13:00:00,1.92,0.69,368.7,0.0,80.07,11.79,12.35,12.77,0.29,
24,2025-05-22 14:00:00,2.38,1.1,289.6,0.0,78.64,12.82,13.07,13.32,0.32,
24,2025-05-22 15:00:00,3.35,1.7,243.6,0.0,79.94,12.88,13.06,13.23,0.3,
24,2025-05-22 16:00:00,2.82,1.22,280.6,0.0,71.8,13.29,13.86,14.84,0.45,
24,2025-05-22 17:00:00,2.08,0.57,291.5,0.0,64.56,15.75,16.24,16.58,0.66,
24,2025-05-22 18:00:00,3.05,1.08,100.1,0.0,74.19,12.86,14.16,15.34,0.42,
24,2025-05-22 19:00:00,1.7,0.18,0.21,0.0,85.42,9.48,10.9,12.2,0.19,
24,2025-05-22 20:00:00,0.8,0.05,0.0,0.0,93.68,7.68,8.33,8.78,0.07,
24,2025-05-22 21:00:00,0.5,0.01,0.0,0.0,95.1,6.68,6.91,7.18,0.05,
24,2025-05-22 22:00:00,1.25,0.17,0.0,0.0,96.15,6.6,7.0,7.24,0.04,
24,2025-05-22 23:00:00,0.88,0.05,0.0,0.0,96.33,6.7,6.91,7.28,0.04,
24,2025-05-23 00:00:00,0.88,0.07,0.0,0.0,95.78,5.63,6.39,6.99,0.04,
24,2025-05-23 01:00:00,0.8,0.09,0.0,0.0,96.38,4.97,5.12,5.33,0.03,
24,2025-05-23 02:00:00,0.72,0.05,0.0,0.0,96.55,5.11,5.25,5.5,0.03,
24,2025-05-23 03:00:00,0.8,0.02,0.0,0.0,96.68,5.2,5.26,5.41,0.03,
24,2025-05-23 04:00:00,0.28,0.0,0.0,0.0,96.88,4.9,5.07,5.4,0.03,
24,2025-05-23 05:00:00,0.88,0.05,0.0,0.0,97.08,6.0,6.26,6.41,0.03,
24,2025-05-23 06:00:00,0.57,0.01,0.0,0.0,96.65,5.46,5.75,6.07,0.03,
24,2025-05-23 07:00:00,0.95,0.06,0.0,0.0,96.83,5.35,5.46,5.6,0.03,
24,2025-05-23 08:00:00,1.18,0.23,8.12,0.0,96.78,5.1,5.24,5.35,0.03,
24,2025-05-23 09:00:00,0.65,0.01,64.44,0.0,97.1,5.45,5.9,6.45,0.03,
24,2025-05-23 10:00:00,1.25,0.16,108.6,0.0,96.33,6.86,7.59,8.23,0.04,
24,2025-05-23 11:00:00,2.3,0.87,176.3,0.0,87.63,8.95,10.16,11.01,0.16,
24,2025-05-23 12:00:00,2.15,0.71,268.0,0.0,78.74,11.56,12.16,12.53,0.3,
24,2025-05-23 13:00:00,1.32,0.39,350.9,0.0,69.98,13.28,14.17,14.84,0.49,
24,2025-05-23 14:00:00,1.92,0.51,294.1,0.0,65.88,15.13,15.38,15.84,0.6,
24,2025-05-23 15:00:00,1.1,0.19,210.8,0.0,63.17,15.71,15.9,16.33,0.67,
24,2025-05-23 16:00:00,1.55,0.53,271.8,0.0,61.1,16.35,16.74,17.37,0.74,
24,2025-05-23 17:00:00,2.68,1.21,199.9,0.0,60.37,16.29,16.83,17.42,0.76,
24,2025-05-23 18:00:00,1.7,0.39,73.72,0.0,68.92,13.88,15.01,16.05,0.53,
24,2025-05-23 19:00:00,2.08,0.18,0.24,0.0,83.6,11.17,11.52,12.53,0.22,
24,2025-05-23 20:00:00,2.6,0.91,0.0,0.0,80.51,11.27,11.62,11.78,0.27,
24,2025-05-23 21:00:00,2.9,0.46,0.0,0.0,82.39,9.72,10.75,11.45,0.23,
24,2025-05-23 22:00:00,0.72,0.01,0.0,0.0,91.53,8.35,8.76,9.05,0.1,
24,2025-05-23 23:00:00,0.8,0.08,0.0,0.0,93.3,8.18,8.33,8.53,0.07,
24,2025-05-24 00:00:00,0.88,0.07,0.0,0.0,94.65,6.95,7.25,7.92,0.06,
24,2025-05-24 01:00:00,1.32,0.32,0.0,0.0,95.2,6.12,6.68,7.21,0.05,
24,2025-05-24 02:00:00,0.72,0.02,0.0,0.0,95.7,4.72,5.15,5.65,0.04,
24,2025-05-24 03:00:00,1.48,0.13,0.0,0.0,96.55,4.35,4.64,5.02,0.03,
24,2025-05-24 04:00:00,0.88,0.03,0.0,0.0,96.18,3.75,4.15,4.85,0.03,
24,2025-05-24 05:00:00,0.88,0.12,0.0,0.0,96.65,3.27,3.6,3.87,0.03,
24,2025-05-24 06:00:00,0.88,0.01,0.0,0.0,96.83,3.1,3.32,3.44,0.02,
24,2025-05-24 07:00:00,0.8,0.01,0.0,0.0,97.25,2.87,3.73,4.68,0.02,
24,2025-05-24 08:00:00,1.25,0.23,5.52,0.0,97.6,4.12,4.39,4.55,0.02,
24,2025-05-24 09:00:00,1.48,0.35,90.5,0.0,97.83,4.26,4.44,4.64,0.02,
24,2025-05-24 10:00:00,1.62,0.22,197.0,0.0,98.13,5.46,6.06,6.69,0.02,
24,2025-05-24 11:00:00,1.32,0.22,415.4,0.0,94.95,7.4,8.73,10.11,0.06,
24,2025-05-24 12:00:00,1.7,0.34,490.9,0.0,66.29,11.77,13.59,15.12,0.53,
24,2025-05-24 13:00:00,1.62,0.43,517.9,0.0,53.54,15.54,16.67,17.95,0.89,
24,2025-05-24 14:00:00,2.82,1.08,513.5,0.0,40.84,18.54,18.99,19.28,1.3,
24,2025-05-24 15:00:00,3.58,1.61,462.8,0.0,43.84,19.47,19.77,19.95,1.3,
24,2025-05-24 16:00:00,4.7,2.52,249.0,0.0,35.82,19.64,19.85,20.03,1.49,
24,2025-05-24 17:00:00,4.25,2.24,226.4,0.0,38.92,18.48,19.13,19.58,1.36,
24,2025-05-24 18:00:00,4.25,2.0,70.95,0.0,54.36,15.42,16.56,17.59,0.87,
24,2025-05-24 19:00:00,2.22,0.53,0.24,0.0,65.35,13.04,13.54,14.42,0.54,
24,2025-05-24 20:00:00,1.02,0.1,0.0,0.0,78.65,8.81,10.21,11.65,0.27,
24,2025-05-24 21:00:00,0.65,0.01,0.0,0.0,88.3,6.51,7.24,8.07,0.12,
24,2025-05-24 22:00:00,0.72,0.02,0.0,0.0,92.15,5.5,5.78,6.3,0.08,
24,2025-05-24 23:00:00,0.0,0.0,0.0,0.0,92.53,5.21,5.62,6.06,0.07,
24,2025-05-25 00:00:00,1.02,0.04,0.0,0.0,94.05,4.82,5.12,5.71,0.05,
24,2025-05-25 01:00:00,0.88,0.02,0.0,0.0,92.58,4.42,4.96,5.86,0.07,
24,2025-05-25 02:00:00,1.1,0.1,0.0,0.0,94.63,3.6,3.86,4.18,0.04,
24,2025-05-25 03:00:00,1.32,0.18,0.0,0.0,94.38,4.19,4.29,4.45,0.05,
24,2025-05-25 04:00:00,1.48,0.28,0.0,0.0,93.6,4.05,4.37,4.56,0.06,
24,2025-05-25 05:00:00,1.48,0.23,0.0,0.0,92.88,4.2,4.74,5.19,0.06,
24,2025-05-25 06:00:00,1.62,0.19,0.0,0.0,91.8,5.04,5.23,5.56,0.07,
24,2025-05-25 07:00:00,1.02,0.12,0.0,0.0,92.38,4.67,4.98,5.23,0.07,
24,2025-05-25 08:00:00,1.1,0.17,12.95,0.0,89.23,5.14,5.92,6.63,0.1,
24,2025-05-25 09:00:00,1.4,0.17,64.82,0.0,88.73,6.26,6.96,7.77,0.11,
24,2025-05-25 10:00:00,1.92,0.79,156.1,0.0,76.94,8.58,9.98,10.77,0.29,
24,2025-05-25 11:00:00,1.92,0.52,130.5,0.0,73.57,10.79,11.29,11.92,0.35,
24,2025-05-25 12:00:00,1.7,0.69,158.2,0.0,69.59,12.24,12.69,13.1,0.45,
24,2025-05-25 13:00:00,2.3,1.0,166.9,0.0,67.83,13.51,13.73,13.84,0.51,
24,2025-05-25 14:00:00,3.28,1.79,155.4,0.0,66.95,14.02,14.26,14.39,0.54,
24,2025-05-25 15:00:00,3.2,1.83,220.8,0.0,65.46,14.53,14.95,15.32,0.59,
24,2025-05-25 16:00:00,3.95,1.05,196.2,0.0,58.85,15.49,16.27,16.8,0.76,
24,2025-05-25 17:00:00,2.3,0.58,99.3,0.0,61.41,15.67,16.04,16.44,0.71,
24,2025-05-25 18:00:00,2.45,0.49,26.35,0.0,62.16,14.82,15.4,15.89,0.66,
24,2025-05-25 19:00:00,1.4,0.28,0.03,0.0,74.26,12.72,13.2,14.03,0.39,
24,2025-05-25 20:00:00,3.05,0.87,0.0,0.0,75.79,12.28,12.84,13.36,0.36,
24,2025-05-25 21:00:00,2.45,0.78,0.0,0.0,81.55,11.82,12.18,12.78,0.26,
24,2025-05-25 22:00:00,1.92,0.44,0.0,0.0,83.8,11.12,11.68,12.3,0.23,
24,2025-05-25 23:00:00,2.15,0.51,0.0,0.0,83.48,10.75,11.37,11.91,0.22,
24,2025-05-26 00:00:00,1.62,0.49,0.0,0.0,83.08,11.18,11.34,11.55,0.23,
24,2025-05-26 01:00:00,3.12,1.04,0.0,0.0,78.07,12.08,12.31,12.57,0.31,
24,2025-05-26 02:00:00,3.2,0.44,0.0,0.0,74.38,12.34,12.42,12.54,0.37,
24,2025-05-26 03:00:00,3.88,0.97,0.0,0.0,68.63,13.14,13.3,13.53,0.48,
24,2025-05-26 04:00:00,3.95,2.5,0.0,0.0,67.71,13.57,13.9,14.28,0.52,
24,2025-05-26 05:00:00,2.15,0.59,0.0,0.0,72.9,13.38,13.59,13.81,0.42,
24,2025-05-26 06:00:00,3.2,0.87,0.0,1.4,80.95,12.95,13.59,13.94,0.3,
24,2025-05-26 07:00:00,2.08,0.45,0.0,2.2,93.2,12.16,12.27,12.51,0.1,
24,2025-05-26 08:00:00,2.68,1.04,0.28,9.5,92.53,11.93,12.39,12.63,0.11,
24,2025-05-26 09:00:00,3.05,1.64,2.17,11.3,94.55,11.29,11.52,11.98,0.08,
24,2025-05-26 10:00:00,2.9,0.73,12.08,7.2,94.8,10.86,10.98,11.2,0.07,
24,2025-05-26 11:00:00,2.52,1.09,27.63,4.2,96.03,10.78,10.8,10.82,0.05,
24,2025-05-26 12:00:00,2.45,1.0,33.12,6.1,96.7,10.72,10.78,10.84,0.04,
24,2025-05-26 13:00:00,3.8,1.63,72.28,2.3,92.28,10.48,10.65,10.97,0.1,
24,2025-05-26 14:00:00,4.4,2.22,105.9,0.1,78.59,11.26,11.82,12.05,0.3,
24,2025-05-26 15:00:00,4.47,2.22,295.9,0.0,68.02,12.64,13.51,14.54,0.5,
24,2025-05-26 16:00:00,3.58,2.04,186.9,0.0,72.66,14.56,14.76,14.98,0.46,
24,2025-05-26 17:00:00,3.12,1.89,145.1,0.0,77.09,13.93,14.15,14.34,0.37,
24,2025-05-26 18:00:00,2.6,0.81,21.09,0.0,82.9,12.88,13.23,13.62,0.26,
24,2025-05-26 19:00:00,1.85,0.33,0.12,0.0,86.93,12.28,12.43,12.63,0.19,
24,2025-05-26 20:00:00,2.38,0.48,0.0,0.4,92.3,11.21,11.63,12.08,0.11,
24,2025-05-26 21:00:00,1.1,0.09,0.0,1.7,94.73,10.94,10.99,11.12,0.07,
24,2025-05-26 22:00:00,5.9,0.77,0.0,0.1,93.4,10.75,10.83,10.98,0.09,
24,2025-05-26 23:00:00,5.6,3.21,0.0,2.3,88.95,9.43,9.83,10.67,0.14,
24,2025-05-27 00:00:00,6.2,3.42,0.0,0.7,88.03,8.47,8.67,8.92,0.14,
24,2025-05-27 01:00:00,3.8,1.71,0.0,0.1,90.78,8.16,8.43,8.58,0.1,
24,2025-05-27 02:00:00,5.0,2.63,0.0,0.0,90.88,8.03,8.18,8.27,0.1,
24,2025-05-27 03:00:00,4.55,2.41,0.0,0.0,90.58,7.39,7.76,8.08,0.1,
24,2025-05-27 04:00:00,3.88,1.72,0.0,0.0,91.6,6.97,7.0,7.07,0.09,
24,2025-05-27 05:00:00,3.72,1.93,0.0,0.0,91.18,6.83,6.92,7.02,0.09,
24,2025-05-27 06:00:00,5.15,2.26,0.0,0.0,91.4,6.37,6.66,6.92,0.09,
24,2025-05-27 07:00:00,3.35,1.89,0.0,0.0,92.58,6.19,6.27,6.34,0.07,
24,2025-05-27 08:00:00,3.72,1.99,8.66,0.0,92.8,5.98,6.1,6.26,0.07,
24,2025-05-27 09:00:00,3.05,1.69,94.6,0.0,92.5,5.92,6.06,6.21,0.07,
24,2025-05-27 10:00:00,4.62,2.33,217.7,0.0,89.55,6.13,6.46,6.82,0.1,
24,2025-05-27 11:00:00,5.98,3.45,204.9,0.0,90.45,6.02,6.2,6.54,0.09,
24,2025-05-27 12:00:00,5.08,2.93,268.2,0.0,87.93,6.15,6.48,6.66,0.12,
24,2025-05-27 13:00:00,4.18,2.27,570.0,0.0,81.23,6.9,7.91,8.76,0.2,
24,2025-05-27 14:00:00,4.32,2.46,522.5,0.0,73.25,9.19,9.68,10.15,0.32,
24,2025-05-27 15:00:00,5.9,3.49,476.3,0.0,74.81,8.58,9.21,9.89,0.3,
24,2025-05-27 16:00:00,6.58,3.73,269.2,0.0,78.1,8.46,8.51,8.57,0.24,
24,2025-05-27 17:00:00,5.45,3.21,230.3,0.0,77.16,8.4,8.47,8.55,0.25,
24,2025-05-27 18:00:00,4.92,2.51,76.46,0.0,80.78,7.2,7.72,8.3,0.2,
24,2025-05-27 19:00:00,5.22,2.55,0.22,0.0,83.93,7.0,7.1,7.18,0.16,
24,2025-05-27 20:00:00,4.85,2.28,0.0,0.0,84.23,7.01,7.23,7.4,0.16,
24,2025-05-27 21:00:00,3.42,2.01,0.0,0.0,83.53,6.78,7.05,7.46,0.17,
24,2025-05-27 22:00:00,5.15,2.41,0.0,0.0,80.5,7.24,7.45,7.54,0.2,
24,2025-05-27 23:00:00,4.55,2.59,0.0,0.0,81.5,6.23,6.54,7.02,0.18,
24,2025-05-28 00:00:00,3.58,1.82,0.0,0.0,84.63,5.46,5.79,6.12,0.14,
24,2025-05-28 01:00:00,3.42,1.39,0.0,0.0,86.68,4.88,5.17,5.45,0.12,
24,2025-05-28 02:00:00,2.0,0.43,0.0,0.0,90.05,3.34,4.17,4.58,0.08,
24,2025-05-28 03:00:00,1.18,0.08,0.0,0.0,94.48,2.21,2.63,3.11,0.04,
24,2025-05-28 04:00:00,0.8,0.1,0.0,0.0,95.33,0.65,1.1,1.76,0.03,
24,2025-05-28 05:00:00,1.4,0.15,0.0,0.0,96.23,0.26,0.43,0.59,0.03,
24,2025-05-28 06:00:00,2.0,0.39,0.0,0.0,97.2,1.25,2.27,2.88,0.02,
24,2025-05-28 07:00:00,2.22,0.61,0.0,0.0,96.8,2.85,2.95,3.03,0.02,
24,2025-05-28 08:00:00,2.15,0.74,3.55,0.0,96.6,2.86,2.92,2.97,0.03,
24,2025-05-28 09:00:00,3.28,0.94,82.4,0.0,95.85,2.73,3.06,3.36,0.03,
24,2025-05-28 10:00:00,1.92,0.64,156.6,0.0,92.6,3.51,3.68,3.76,0.06,
24,2025-05-28 11:00:00,3.12,0.92,210.5,0.0,91.4,4.01,4.19,4.44,0.07,
24,2025-05-28 12:00:00,3.2,1.83,497.0,0.0,84.6,4.61,5.53,6.37,0.14,
24,2025-05-28 13:00:00,3.88,1.72,519.5,0.0,77.27,7.03,7.86,8.42,0.24,
24,2025-05-28 14:00:00,4.78,2.51,514.0,0.0,70.99,7.94,8.45,9.2,0.32,
24,2025-05-28 15:00:00,4.32,2.45,470.7,0.0,66.51,9.66,9.97,10.17,0.41,
24,2025-05-28 16:00:00,4.85,2.49,226.9,0.0,66.8,9.72,10.15,10.66,0.42,
24,2025-05-28 17:00:00,3.5,1.46,103.4,0.0,67.55,9.41,9.53,9.68,0.39,
24,2025-05-28 18:00:00,2.22,1.12,55.4,0.0,76.34,7.45,8.37,9.32,0.26,
24,2025-05-28 19:00:00,3.88,1.94,0.11,0.0,79.52,6.56,6.74,7.02,0.2,
24,2025-05-28 20:00:00,3.28,0.69,0.0,0.0,85.45,5.29,5.91,6.65,0.14,
24,2025-05-28 21:00:00,1.18,0.06,0.0,0.0,89.33,4.33,4.84,5.12,0.09,
24,2025-05-28 22:00:00,0.95,0.04,0.0,0.0,93.8,3.22,3.44,3.79,0.05,
24,2025-05-28 23:00:00,1.62,0.47,0.0,0.0,89.58,3.53,4.94,5.89,0.09,
24,2025-05-29 00:00:00,1.25,0.06,0.0,0.0,87.95,3.78,4.96,5.76,0.11,
24,2025-05-29 01:00:00,1.02,0.06,0.0,0.0,93.88,2.62,2.94,3.13,0.05,
24,2025-05-29 02:00:00,0.8,0.04,0.0,0.0,95.08,1.36,1.64,2.02,0.03,
24,2025-05-29 03:00:00,0.88,0.05,0.0,0.0,95.78,1.26,1.54,1.76,0.03,
24,2025-05-29 04:00:00,1.18,0.22,0.0,0.0,96.48,1.16,1.69,2.14,0.02,
24,2025-05-29 05:00:00,1.02,0.17,0.0,0.0,96.33,1.18,1.45,1.84,0.03,
24,2025-05-29 06:00:00,1.18,0.19,0.0,0.0,96.63,1.14,1.3,1.52,0.02,
24,2025-05-29 07:00:00,1.78,0.33,0.0,0.0,96.68,0.86,0.98,1.05,0.02,
24,2025-05-29 08:00:00,1.4,0.25,8.62,0.0,96.9,1.0,1.13,1.24,0.02,
24,2025-05-29 09:00:00,2.0,0.32,115.8,0.0,96.23,1.17,2.63,4.43,0.03,
24,2025-05-29 10:00:00,1.85,0.63,279.9,0.0,82.96,5.74,6.81,8.15,0.17,
24,2025-05-29 11:00:00,2.3,1.19,420.5,0.0,73.53,8.97,9.61,10.37,0.32,
24,2025-05-29 12:00:00,2.3,0.89,493.4,0.0,66.36,10.93,11.65,12.34,0.46,
24,2025-05-29 13:00:00,3.95,1.63,518.3,0.0,59.71,13.03,13.98,14.73,0.65,
24,2025-05-29 14:00:00,4.92,2.89,511.9,0.0,57.23,14.83,14.86,14.89,0.72,
24,2025-05-29 15:00:00,4.78,2.77,459.4,0.0,59.91,15.16,15.33,15.54,0.7,
24,2025-05-29 16:00:00,5.3,3.01,255.7,0.0,60.53,15.42,15.6,15.72,0.7,
24,2025-05-29 17:00:00,6.12,3.38,216.2,0.0,61.05,14.07,14.72,15.3,0.65,
24,2025-05-29 18:00:00,4.62,2.22,49.76,0.0,65.76,12.52,12.95,13.61,0.51,
24,2025-05-29 19:00:00,2.0,0.24,0.17,0.0,73.41,10.48,11.14,11.94,0.35,
24,2025-05-29 20:00:00,1.25,0.23,0.0,0.0,78.07,9.0,9.96,11.07,0.27,
24,2025-05-29 21:00:00,2.08,0.53,0.0,0.0,83.07,8.18,8.7,9.99,0.2,
24,2025-05-29 22:00:00,2.6,0.57,0.0,0.0,86.13,7.2,7.74,8.72,0.15,
24,2025-05-29 23:00:00,1.85,0.52,0.0,0.0,85.5,7.3,8.29,8.84,0.16,
24,2025-05-30 00:00:00,1.4,0.14,0.0,0.0,91.23,6.08,6.45,6.6,0.08,
24,2025-05-30 01:00:00,1.02,0.06,0.0,0.0,94.53,4.92,5.17,5.5,0.05,
24,2025-05-30 02:00:00,1.55,0.31,0.0,0.0,94.88,4.84,5.3,5.73,0.05,
24,2025-05-30 03:00:00,1.92,0.19,0.0,0.0,93.88,5.45,5.6,5.81,0.06,
24,2025-05-30 04:00:00,1.1,0.06,0.0,0.0,93.85,4.88,5.04,5.31,0.06,
24,2025-05-30 05:00:00,1.18,0.33,0.0,0.0,94.7,3.72,4.27,4.93,0.04,
24,2025-05-30 06:00:00,1.32,0.35,0.0,0.0,96.03,3.68,3.95,4.27,0.03,
24,2025-05-30 07:00:00,0.8,0.05,0.0,0.0,96.13,2.81,3.25,3.67,0.03,
24,2025-05-30 08:00:00,1.62,0.29,7.22,0.0,96.9,2.63,2.96,3.35,0.03,
24,2025-05-30 09:00:00,1.55,0.36,78.81,0.0,97.45,4.3,5.17,6.41,0.02,
24,2025-05-30 10:00:00,4.25,2.08,168.4,0.0,94.15,7.91,8.43,8.85,0.07,
24,2025-05-30 11:00:00,4.4,2.73,389.0,0.0,88.73,9.0,9.36,9.76,0.13,
24,2025-05-30 12:00:00,4.7,2.6,468.9,0.0,83.53,10.23,10.45,10.74,0.21,
24,2025-05-30 13:00:00,4.4,2.61,504.7,0.0,78.7,11.09,11.54,12.02,0.29,
24,2025-05-30 14:00:00,4.55,2.73,506.4,0.0,72.69,12.36,12.62,12.76,0.4,
24,2025-05-30 15:00:00,5.45,2.78,457.0,0.0,70.16,13.11,13.4,13.64,0.46,
24,2025-05-30 16:00:00,5.82,3.39,258.8,0.0,67.6,12.63,12.84,12.98,0.48,
24,2025-05-30 17:00:00,5.52,3.24,206.4,0.0,73.54,11.63,12.01,12.41,0.37,
24,2025-05-30 18:00:00,5.6,3.08,75.33,0.0,77.6,10.57,10.97,11.37,0.3,
24,2025-05-30 19:00:00,4.25,2.22,0.04,0.0,80.31,9.57,10.36,10.7,0.25,
24,2025-05-30 20:00:00,1.92,0.78,0.0,0.0,85.15,8.02,8.8,9.18,0.17,
24,2025-05-30 21:00:00,1.78,0.46,0.0,0.0,88.53,7.08,7.75,8.66,0.12,
24,2025-05-30 22:00:00,4.32,1.93,0.0,0.0,82.58,9.03,9.5,9.81,0.21,
24,2025-05-30 23:00:00,4.4,2.37,0.0,0.0,86.4,8.38,8.77,9.2,0.15,
24,2025-05-31 00:00:00,3.05,1.42,0.0,0.0,88.88,7.4,7.76,8.01,0.12,
24,2025-05-31 01:00:00,2.52,0.96,0.0,0.0,90.7,6.74,6.95,7.1,0.09,
24,2025-05-31 02:00:00,3.88,1.9,0.0,0.0,91.45,6.62,6.68,6.73,0.09,
24,2025-05-31 03:00:00,4.03,2.21,0.0,0.0,93.13,5.99,6.24,6.56,0.07,
24,2025-05-31 04:00:00,3.58,1.95,0.0,0.0,94.9,5.68,5.79,5.89,0.05,
24,2025-05-31 05:00:00,3.8,2.04,0.0,0.0,96.08,5.4,5.51,5.62,0.04,
24,2025-05-31 06:00:00,4.03,2.12,0.0,0.0,95.78,5.11,5.17,5.26,0.04,
24,2025-05-31 07:00:00,3.42,1.76,0.0,0.0,93.35,4.89,5.0,5.15,0.06,
24,2025-05-31 08:00:00,3.72,2.03,4.84,0.0,90.88,4.51,4.65,4.76,0.08,
24,2025-05-31 09:00:00,3.95,1.79,50.19,0.0,90.98,4.4,4.49,4.57,0.08,
24,2025-05-31 10:00:00,4.25,2.09,105.5,0.0,91.38,4.5,4.71,4.84,0.07,
24,2025-05-31 11:00:00,3.05,1.57,176.5,0.0,90.05,4.71,5.03,5.28,0.09,
24,2025-05-31 12:00:00,4.03,1.58,308.7,0.0,86.05,5.37,5.79,6.21,0.13,
24,2025-05-31 13:00:00,4.62,2.53,510.0,0.0,81.15,6.4,6.92,7.43,0.19,
24,2025-05-31 14:00:00,5.68,3.09,511.4,0.0,71.79,7.94,8.24,8.42,0.31,
24,2025-05-31 15:00:00,5.9,3.27,464.5,0.0,62.91,8.63,9.35,10.01,0.44,
24,2025-05-31 16:00:00,6.05,2.92,255.8,0.0,55.88,10.66,11.08,11.33,0.59,
24,2025-05-31 17:00:00,3.8,2.04,216.6,0.0,59.26,10.71,11.25,11.61,0.55,
24,2025-05-31 18:00:00,2.38,0.77,55.24,0.0,68.48,8.16,9.46,10.76,0.38,
24,2025-05-31 19:00:00,2.52,0.96,0.05,0.0,76.66,6.76,7.28,7.7,0.24,
24,2025-05-31 20:00:00,0.95,0.04,0.0,0.0,87.95,3.13,4.47,6.36,0.11,
24,2025-05-31 21:00:00,0.95,0.02,0.0,0.0,92.3,2.47,2.65,2.79,0.06,
24,2025-05-31 22:00:00,1.25,0.25,0.0,0.0,93.5,1.7,2.17,2.49,0.05,
24,2025-05-31 23:00:00,0.72,0.02,0.0,0.0,90.48,2.68,3.03,3.58,0.08,
24,2025-06-01 00:00:00,0.8,0.01,0.0,0.0,93.15,1.88,2.0,2.24,0.05,
24,2025-06-01 01:00:00,0.57,0.01,0.0,0.0,93.93,0.36,0.86,1.43,0.04,
24,2025-06-01 02:00:00,0.5,0.0,0.0,0.0,94.9,-0.11,0.15,0.35,0.03,
24,2025-06-01 03:00:00,0.0,0.0,0.0,0.0,95.4,-0.24,-0.07,0.23,0.03,
24,2025-06-01 04:00:00,0.88,0.09,0.0,0.0,95.78,-0.37,-0.12,0.32,0.03,
24,2025-06-01 05:00:00,1.55,0.2,0.0,0.0,96.0,-0.64,-0.28,0.05,0.02,
24,2025-06-01 06:00:00,0.8,0.1,0.0,0.0,96.0,-0.72,-0.52,-0.27,0.02,
24,2025-06-01 07:00:00,0.8,0.03,0.0,0.0,96.0,-1.32,-1.24,-1.08,0.02,
24,2025-06-01 08:00:00,0.8,0.06,6.32,0.0,96.0,-1.55,-1.12,-0.73,0.02,
24,2025-06-01 09:00:00,0.88,0.03,134.9,0.0,96.3,-1.2,0.81,3.25,0.03,
24,2025-06-01 10:00:00,1.7,0.52,282.0,0.0,83.39,4.15,5.3,6.38,0.15,
24,2025-06-01 11:00:00,1.7,0.42,412.6,0.0,71.46,7.32,8.44,9.21,0.32,
24,2025-06-01 12:00:00,2.15,0.72,487.3,0.0,63.71,10.05,10.96,11.75,0.48,
24,2025-06-01 13:00:00,1.78,0.49,509.1,0.0,55.16,12.37,13.67,14.59,0.71,
24,2025-06-01 14:00:00,2.68,1.02,501.8,0.0,54.4,14.82,15.3,15.58,0.79,
24,2025-06-01 15:00:00,3.65,2.05,450.9,0.0,51.72,15.98,16.11,16.21,0.89,
24,2025-06-01 16:00:00,2.75,1.59,253.1,0.0,42.92,16.6,16.97,17.21,1.1,
24,2025-06-01 17:00:00,2.9,1.43,213.8,0.0,46.44,16.37,16.9,17.46,1.03,
24,2025-06-01 18:00:00,2.52,1.05,68.65,0.0,56.11,12.76,14.28,15.8,0.72,
24,2025-06-01 19:00:00,2.08,0.33,0.03,0.0,73.27,8.09,10.21,11.94,0.34,
24,2025-06-01 20:00:00,1.18,0.27,0.0,0.0,84.9,6.26,6.97,7.54,0.15,
24,2025-06-01 21:00:00,0.5,0.01,0.0,0.0,88.23,5.42,5.79,5.97,0.11,
24,2025-06-01 22:00:00,1.1,0.05,0.0,0.0,92.1,3.77,4.14,4.85,0.07,
24,2025-06-01 23:00:00,0.0,0.0,0.0,0.0,92.55,3.11,3.61,3.92,0.06,
24,2025-06-02 00:00:00,1.02,0.05,0.0,0.0,93.85,2.36,2.75,3.22,0.05,
24,2025-06-02 01:00:00,0.88,0.05,0.0,0.0,94.18,1.81,2.27,2.56,0.04,
24,2025-06-02 02:00:00,0.42,0.0,0.0,0.0,94.98,2.28,2.56,2.77,0.04,
24,2025-06-02 03:00:00,1.18,0.15,0.0,0.0,94.95,1.77,1.97,2.2,0.04,
24,2025-06-02 04:00:00,1.48,0.29,0.0,0.0,94.38,2.5,2.83,3.12,0.04,
24,2025-06-02 05:00:00,0.95,0.09,0.0,0.0,94.48,2.79,3.12,3.5,0.04,
24,2025-06-02 06:00:00,1.1,0.17,0.0,0.0,94.13,3.38,3.56,4.05,0.05,
24,2025-06-02 07:00:00,1.02,0.21,0.0,0.0,93.5,4.07,4.15,4.25,0.05,
24,2025-06-02 08:00:00,2.3,0.84,4.52,0.0,89.85,4.26,4.74,5.41,0.09,
24,2025-06-02 09:00:00,1.55,0.37,54.01,0.0,90.58,4.1,4.57,5.34,0.08,
24,2025-06-02 10:00:00,1.48,0.25,108.1,0.0,82.33,6.0,7.36,8.54,0.18,
24,2025-06-02 11:00:00,1.62,0.48,215.2,0.0,75.07,8.75,9.48,10.28,0.3,
24,2025-06-02 12:00:00,1.55,0.43,259.1,0.0,68.4,10.87,11.56,12.34,0.43,
24,2025-06-02 13:00:00,2.75,0.93,364.6,0.0,59.19,12.53,13.34,14.21,0.63,
24,2025-06-02 14:00:00,3.35,1.73,291.3,0.0,56.72,14.4,14.75,15.08,0.73,
24,2025-06-02 15:00:00,3.12,1.01,282.4,0.0,53.82,15.36,15.49,15.74,0.81,
24,2025-06-02 16:00:00,3.65,0.4,165.8,0.0,57.24,15.26,15.42,15.54,0.75,
24,2025-06-02 17:00:00,3.42,1.37,64.65,0.0,64.42,13.1,13.59,14.19,0.55,
24,2025-06-02 18:00:00,1.78,0.32,18.55,0.0,73.59,11.04,11.92,12.64,0.37,
24,2025-06-02 19:00:00,1.18,0.33,0.03,0.0,81.01,9.96,10.21,10.61,0.24,
24,2025-06-02 20:00:00,1.55,0.27,0.0,0.0,85.28,9.06,9.33,9.81,0.17,
24,2025-06-02 21:00:00,1.62,0.41,0.0,0.0,85.85,8.94,9.02,9.24,0.16,
24,2025-06-02 22:00:00,1.62,0.42,0.0,0.0,84.0,8.98,9.27,9.44,0.19,
24,2025-06-02 23:00:00,4.1,1.31,0.0,0.0,83.35,9.05,9.16,9.27,0.19,
24,2025-06-03 00:00:00,2.68,0.61,0.0,0.0,84.08,8.63,9.01,9.34,0.19,
24,2025-06-03 01:00:00,1.4,0.3,0.0,0.0,84.0,8.59,8.84,9.1,0.18,
24,2025-06-03 02:00:00,1.25,0.33,0.0,0.0,85.33,8.39,8.57,8.77,0.16,
24,2025-06-03 03:00:00,2.68,1.05,0.0,0.0,80.14,8.69,9.3,10.05,0.24,
24,2025-06-03 04:00:00,2.15,0.78,0.0,0.0,83.9,8.47,8.91,9.47,0.18,
24,2025-06-03 05:00:00,3.28,1.08,0.0,0.0,86.25,8.16,8.29,8.48,0.15,
24,2025-06-03 06:00:00,1.92,0.68,0.0,0.0,84.68,8.35,8.52,8.67,0.17,
24,2025-06-03 07:00:00,2.0,0.63,0.0,0.0,85.8,8.19,8.36,8.51,0.16,
24,2025-06-03 08:00:00,1.78,0.65,2.66,0.0,86.63,7.92,8.09,8.27,0.14,
24,2025-06-03 09:00:00,2.08,0.63,31.21,0.0,86.8,7.89,8.08,8.43,0.14,
24,2025-06-03 10:00:00,3.5,0.67,40.7,0.0,79.78,8.86,9.32,9.91,0.24,
24,2025-06-03 11:00:00,3.88,0.86,95.6,0.0,81.34,9.57,9.9,10.44,0.23,
24,2025-06-03 12:00:00,2.38,0.68,154.7,0.0,75.65,10.28,10.95,11.73,0.32,
24,2025-06-03 13:00:00,3.88,1.35,161.5,0.0,70.31,11.59,12.06,12.47,0.42,
24,2025-06-03 14:00:00,3.58,1.4,105.9,0.0,69.4,12.07,12.18,12.25,0.43,
24,2025-06-03 15:00:00,2.75,0.89,103.2,0.0,69.56,12.29,12.41,12.52,0.44,
24,2025-06-03 16:00:00,1.62,0.51,81.4,0.0,70.98,12.41,12.51,12.58,0.42,
24,2025-06-03 17:00:00,2.15,0.54,52.03,0.0,75.35,11.33,11.9,12.31,0.35,
24,2025-06-03 18:00:00,3.12,1.11,8.25,0.0,76.2,11.05,11.2,11.38,0.32,
24,2025-06-03 19:00:00,3.5,0.94,0.01,0.0,80.5,10.01,10.43,10.85,0.25,
24,2025-06-03 20:00:00,1.92,0.46,0.0,0.0,81.13,9.43,9.71,9.9,0.23,
24,2025-06-03 21:00:00,1.62,0.38,0.0,0.0,83.35,8.98,9.17,9.38,0.19,
24,2025-06-03 22:00:00,1.85,0.83,0.0,0.0,85.03,8.22,8.71,9.08,0.17,
24,2025-06-03 23:00:00,2.6,0.81,0.0,0.0,82.75,8.21,8.65,9.17,0.19,
24,2025-06-04 00:00:00,2.9,1.0,0.0,0.0,86.08,8.28,8.47,8.72,0.16,
24,2025-06-04 01:00:00,5.15,1.99,0.0,0.0,79.39,8.98,9.59,10.37,0.25,
24,2025-06-04 02:00:00,2.08,0.83,0.0,0.0,75.83,9.89,10.2,10.65,0.3,
24,2025-06-04 03:00:00,2.6,0.79,0.0,0.0,79.27,9.21,10.08,11.06,0.26,
24,2025-06-04 04:00:00,2.08,0.54,0.0,0.0,85.3,8.54,8.72,8.83,0.16,
24,2025-06-04 05:00:00,2.08,0.61,0.0,0.0,86.35,8.08,8.2,8.39,0.15,
24,2025-06-04 06:00:00,0.95,0.11,0.0,0.0,86.7,7.57,8.21,8.91,0.15,
24,2025-06-04 07:00:00,1.18,0.17,0.0,0.0,90.53,7.1,7.22,7.38,0.1,
24,2025-06-04 08:00:00,1.78,0.32,2.44,0.0,90.1,7.24,7.4,7.58,0.1,
24,2025-06-04 09:00:00,1.25,0.25,67.57,0.0,90.2,8.11,8.37,8.6,0.11,
24,2025-06-04 10:00:00,0.8,0.03,168.9,0.0,87.53,8.35,9.17,10.1,0.15,
24,2025-06-04 11:00:00,1.78,0.47,354.7,0.0,76.25,10.6,11.47,12.16,0.33,
24,2025-06-04 12:00:00,3.35,1.6,455.6,0.0,77.39,11.79,12.13,12.94,0.32,
24,2025-06-04 13:00:00,3.05,1.63,283.7,0.0,71.32,12.56,12.99,13.38,0.43,
24,2025-06-04 14:00:00,2.45,1.29,287.2,0.0,64.88,13.7,14.26,14.88,0.57,
24,2025-06-04 15:00:00,2.15,0.66,433.8,0.0,54.95,15.43,16.24,16.66,0.84,
24,2025-06-04 16:00:00,4.47,1.93,172.4,0.0,57.93,16.02,16.4,16.82,0.79,
24,2025-06-04 17:00:00,3.88,1.88,136.8,0.0,62.06,15.47,15.64,15.79,0.67,
24,2025-06-04 18:00:00,2.68,0.64,83.5,0.0,67.55,13.88,14.87,15.64,0.55,
24,2025-06-04 19:00:00,1.02,0.16,0.13,0.0,80.44,11.45,11.85,12.72,0.27,
24,2025-06-04 20:00:00,0.5,0.01,0.0,0.0,89.68,7.76,8.95,10.38,0.12,
24,2025-06-04 21:00:00,0.88,0.04,0.0,0.0,92.25,6.25,7.18,7.8,0.08,
24,2025-06-04 22:00:00,1.1,0.09,0.0,0.0,93.9,5.26,5.67,5.86,0.06,
24,2025-06-04 23:00:00,1.7,0.35,0.0,0.0,92.28,5.35,5.95,6.77,0.08,
24,2025-06-05 00:00:00,1.1,0.08,0.0,0.0,92.53,4.63,5.36,6.37,0.07,
24,2025-06-05 01:00:00,1.1,0.15,0.0,0.0,94.78,3.25,3.64,4.0,0.04,
24,2025-06-05 02:00:00,1.18,0.05,0.0,0.0,95.28,2.45,2.58,2.81,0.04,
24,2025-06-05 03:00:00,0.65,0.01,0.0,0.0,95.78,1.94,2.37,2.68,0.03,
24,2025-06-05 04:00:00,0.88,0.05,0.0,0.0,95.6,1.14,1.37,1.62,0.03,
24,2025-06-05 05:00:00,0.28,0.0,0.0,0.0,96.18,1.29,1.42,1.54,0.03,
24,2025-06-05 06:00:00,0.95,0.07,0.0,0.0,96.35,1.39,2.22,2.61,0.03,
24,2025-06-05 07:00:00,1.1,0.07,0.0,0.0,95.73,-0.03,0.35,1.02,0.03,
24,2025-06-05 08:00:00,0.57,0.0,5.03,0.0,96.15,-0.31,0.01,0.52,0.02,
24,2025-06-05 09:00:00,0.72,0.02,103.8,0.0,97.05,0.61,1.23,2.14,0.02,
24,2025-06-05 10:00:00,0.95,0.08,256.1,0.0,97.58,3.01,4.14,5.33,0.02,
24,2025-06-05 11:00:00,2.0,0.83,395.7,0.0,91.03,6.33,7.06,8.39,0.1,
24,2025-06-05 12:00:00,1.7,0.64,470.9,0.0,75.62,9.41,10.53,11.59,0.32,
24,2025-06-05 13:00:00,3.05,1.15,492.4,0.0,66.01,12.45,13.34,14.12,0.52,
24,2025-06-05 14:00:00,2.98,1.54,488.4,0.0,59.11,14.16,14.57,15.04,0.68,
24,2025-06-05 15:00:00,3.12,1.62,445.0,0.0,54.06,15.48,15.75,15.85,0.82,
24,2025-06-05 16:00:00,3.42,1.95,239.0,0.0,61.39,14.44,14.86,15.33,0.65,
24,2025-06-05 17:00:00,3.05,1.36,202.6,0.0,68.63,13.08,13.53,14.11,0.48,
24,2025-06-05 18:00:00,1.85,0.92,54.66,0.0,80.48,9.48,10.96,12.45,0.26,
24,2025-06-05 19:00:00,2.15,0.67,0.11,0.0,93.4,6.4,7.38,8.42,0.07,
24,2025-06-05 20:00:00,1.7,0.59,0.0,0.0,96.9,5.61,5.82,6.06,0.03,
24,2025-06-05 21:00:00,2.08,0.86,0.0,0.0,97.53,5.27,5.4,5.5,0.02,
24,2025-06-05 22:00:00,1.48,0.42,0.0,0.0,97.65,3.91,4.57,5.06,0.02,
24,2025-06-05 23:00:00,0.8,0.05,0.0,0.0,97.73,3.28,3.55,3.72,0.02,
24,2025-06-06 00:00:00,1.02,0.07,0.0,0.0,97.8,2.87,2.93,3.04,0.02,
24,2025-06-06 01:00:00,0.95,0.15,0.0,0.0,97.85,2.12,2.31,2.66,0.02,
24,2025-06-06 02:00:00,0.88,0.04,0.0,0.0,97.8,1.08,1.5,2.1,0.02,
24,2025-06-06 03:00:00,0.0,0.0,0.0,0.0,97.8,0.45,0.67,0.81,0.01,
24,2025-06-06 04:00:00,0.28,0.0,0.0,0.1,97.7,-0.45,-0.15,0.28,0.01,
24,2025-06-06 05:00:00,0.65,0.01,0.0,0.0,97.73,-0.68,-0.53,-0.37,0.01,
24,2025-06-06 06:00:00,0.28,0.0,0.0,0.0,97.78,-0.71,-0.64,-0.58,0.01,
24,2025-06-06 07:00:00,0.35,0.0,0.0,0.0,97.8,-1.04,-1.0,-0.92,0.01,
24,2025-06-06 08:00:00,0.42,0.0,6.15,0.0,97.75,-1.08,-1.03,-0.95,0.01,
24,2025-06-06 09:00:00,0.65,0.02,134.5,0.0,97.95,-0.7,0.41,1.99,0.01,
24,2025-06-06 10:00:00,1.7,0.39,239.1,0.0,97.9,3.19,3.83,4.29,0.02,
24,2025-06-06 11:00:00,2.08,0.81,205.3,0.0,97.88,4.39,5.41,6.19,0.02,
24,2025-06-06 12:00:00,2.45,0.66,195.4,0.0,97.68,6.46,6.79,7.18,0.02,
24,2025-06-06 13:00:00,3.05,1.24,169.2,0.0,93.38,7.4,7.84,8.19,0.07,
24,2025-06-06 14:00:00,3.05,1.71,120.1,0.0,89.9,8.2,8.69,9.18,0.12,
24,2025-06-06 15:00:00,3.65,1.63,139.3,0.0,82.78,9.62,10.08,10.44,0.21,
24,2025-06-06 16:00:00,3.12,1.02,77.55,0.0,81.65,10.13,10.2,10.29,0.23,
24,2025-06-06 17:00:00,2.98,1.17,51.79,0.0,82.25,10.12,10.13,10.13,0.22,
24,2025-06-06 18:00:00,1.48,0.57,12.48,0.0,85.33,9.71,9.89,10.09,0.18,
24,2025-06-06 19:00:00,1.32,0.21,0.01,0.0,87.1,9.54,9.58,9.65,0.15,
24,2025-06-06 20:00:00,0.8,0.05,0.0,0.0,87.95,9.35,9.42,9.52,0.14,
24,2025-06-06 21:00:00,0.72,0.01,0.0,0.0,88.18,9.3,9.33,9.35,0.14,
24,2025-06-06 22:00:00,0.0,0.0,0.0,0.0,88.4,9.22,9.24,9.26,0.14,
24,2025-06-06 23:00:00,0.88,0.01,0.0,0.0,88.7,9.08,9.12,9.17,0.13,
24,2025-06-07 00:00:00,1.02,0.07,0.0,0.0,89.03,9.05,9.09,9.11,0.13,
24,2025-06-07 01:00:00,0.65,0.03,0.0,0.0,90.23,8.86,8.92,9.0,0.11,
24,2025-06-07 02:00:00,0.72,0.05,0.0,0.0,90.78,8.78,8.8,8.83,0.11,
24,2025-06-07 03:00:00,0.57,0.01,0.0,0.0,91.88,8.65,8.7,8.75,0.09,
24,2025-06-07 04:00:00,0.65,0.01,0.0,0.0,90.6,8.65,8.68,8.72,0.11,
24,2025-06-07 05:00:00,0.88,0.03,0.0,0.0,83.28,8.69,8.77,8.84,0.19,
24,2025-06-07 06:00:00,1.32,0.19,0.0,0.0,79.85,8.44,8.58,8.76,0.23,
24,2025-06-07 07:00:00,0.72,0.01,0.0,0.0,82.63,7.94,8.1,8.32,0.19,
24,2025-06-07 08:00:00,0.95,0.02,2.79,0.0,84.03,7.74,7.82,7.97,0.17,
24,2025-06-07 09:00:00,0.88,0.05,47.0,0.0,81.85,7.89,8.2,8.63,0.2,
24,2025-06-07 10:00:00,1.18,0.17,115.9,0.0,72.11,9.02,9.19,9.27,0.33,
24,2025-06-07 11:00:00,1.85,0.38,357.2,0.0,67.99,9.43,10.11,11.01,0.4,
24,2025-06-07 12:00:00,2.15,0.84,440.0,0.0,65.36,10.9,11.23,11.59,0.47,
24,2025-06-07 13:00:00,2.68,0.94,462.7,0.0,62.23,12.11,12.46,12.69,0.55,
24,2025-06-07 14:00:00,2.68,0.82,461.0,0.0,57.95,13.15,13.67,14.17,0.66,
24,2025-06-07 15:00:00,2.38,0.97,415.9,0.0,55.86,14.4,14.61,14.95,0.74,
24,2025-06-07 16:00:00,3.12,1.57,221.0,0.0,53.75,14.84,14.86,14.88,0.78,
24,2025-06-07 17:00:00,2.82,1.35,184.7,0.0,56.22,14.28,14.7,15.04,0.73,
24,2025-06-07 18:00:00,2.45,0.91,46.74,0.0,66.61,11.37,12.65,13.8,0.49,
24,2025-06-07 19:00:00,1.55,0.28,0.07,0.0,78.82,7.95,9.6,10.98,0.26,
24,2025-06-07 20:00:00,1.4,0.08,0.0,0.0,88.38,6.3,6.79,7.46,0.12,
24,2025-06-07 21:00:00,1.32,0.1,0.0,0.0,88.85,5.51,5.96,6.24,0.1,
24,2025-06-07 22:00:00,0.0,0.0,0.0,0.0,92.25,3.87,4.64,5.29,0.07,
24,2025-06-07 23:00:00,0.88,0.02,0.0,0.0,94.35,3.16,3.48,3.76,0.05,
24,2025-06-08 00:00:00,1.25,0.08,0.0,0.0,93.68,3.24,3.73,4.07,0.05,
24,2025-06-08 01:00:00,0.8,0.01,0.0,0.0,94.73,2.92,3.17,3.43,0.04,
24,2025-06-08 02:00:00,0.95,0.11,0.0,0.0,95.5,2.9,3.16,3.38,0.04,
24,2025-06-08 03:00:00,0.88,0.03,0.0,0.0,95.35,2.96,3.24,3.48,0.04,
24,2025-06-08 04:00:00,0.88,0.05,0.0,0.0,95.98,2.63,3.07,3.67,0.03,
24,2025-06-08 05:00:00,0.65,0.02,0.0,0.0,95.48,2.82,3.11,3.47,0.03,
24,2025-06-08 06:00:00,0.88,0.03,0.0,0.0,95.85,2.39,2.57,2.71,0.03,
24,2025-06-08 07:00:00,0.88,0.07,0.0,0.0,96.03,1.55,1.78,2.07,0.03,
24,2025-06-08 08:00:00,1.4,0.12,4.16,0.0,96.58,1.18,1.36,1.68,0.02,
24,2025-06-08 09:00:00,0.95,0.08,58.67,0.0,97.33,1.74,2.54,3.72,0.02,
24,2025-06-08 10:00:00,1.7,0.38,138.4,0.0,97.63,4.41,4.47,4.54,0.02,
24,2025-06-08 11:00:00,1.48,0.49,237.5,0.0,97.73,4.79,5.2,5.66,0.02,
24,2025-06-08 12:00:00,1.4,0.27,470.2,0.0,89.64,6.26,7.74,9.51,0.12,
24,2025-06-08 13:00:00,3.12,1.39,492.7,0.0,66.91,10.56,11.99,13.19,0.47,
24,2025-06-08 14:00:00,3.95,2.39,486.1,0.0,67.42,12.18,12.49,12.84,0.47,
24,2025-06-08 15:00:00,4.03,2.41,439.0,0.0,68.38,11.93,12.07,12.24,0.45,
24,2025-06-08 16:00:00,3.72,1.84,240.1,0.0,67.31,12.11,12.26,12.37,0.47,
24,2025-06-08 17:00:00,3.05,1.28,205.8,0.0,66.22,11.54,11.93,12.16,0.47,
24,2025-06-08 18:00:00,1.7,0.79,52.5,0.0,76.21,8.37,9.66,10.99,0.29,
24,2025-06-08 19:00:00,1.85,0.7,0.05,0.0,87.1,6.69,7.16,7.77,0.13,
24,2025-06-08 20:00:00,2.08,0.54,0.0,0.0,92.15,3.78,5.21,6.38,0.07,
24,2025-06-08 21:00:00,0.72,0.05,0.0,0.0,94.85,3.27,3.43,3.68,0.04,
24,2025-06-08 22:00:00,1.02,0.19,0.0,0.0,95.55,2.25,2.51,2.83,0.03,
24,2025-06-08 23:00:00,0.95,0.05,0.0,0.0,95.88,1.67,2.34,2.78,0.03,
24,2025-06-09 00:00:00,1.32,0.38,0.0,0.0,96.53,1.59,2.26,2.88,0.03,
24,2025-06-09 01:00:00,1.25,0.14,0.0,0.0,96.58,1.54,1.77,2.11,0.02,
24,2025-06-09 02:00:00,1.32,0.21,0.0,0.0,96.5,1.27,2.07,2.62,0.02,
24,2025-06-09 03:00:00,1.18,0.03,0.0,0.0,96.63,0.5,0.94,1.4,0.02,
24,2025-06-09 04:00:00,1.78,0.12,0.0,0.0,96.85,1.2,1.44,1.7,0.02,
24,2025-06-09 05:00:00,0.65,0.02,0.0,0.0,96.45,-0.16,0.57,1.4,0.02,
24,2025-06-09 06:00:00,0.8,0.01,0.0,0.0,96.48,-0.59,-0.28,-0.07,0.02,
24,2025-06-09 07:00:00,0.8,0.05,0.0,0.0,96.3,-0.98,-0.73,-0.4,0.02,
24,2025-06-09 08:00:00,0.5,0.02,8.89,0.0,96.6,-1.36,-1.12,-0.68,0.02,
24,2025-06-09 09:00:00,0.88,0.04,72.61,0.0,97.05,0.2,0.8,1.28,0.02,
24,2025-06-09 10:00:00,1.78,0.28,286.2,0.0,93.85,1.94,4.08,6.09,0.06,
24,2025-06-09 11:00:00,1.7,0.68,398.2,0.0,77.45,7.18,8.35,9.45,0.25,
24,2025-06-09 12:00:00,1.78,0.39,476.3,0.0,62.46,10.5,11.54,12.7,0.51,
24,2025-06-09 13:00:00,1.62,0.52,502.0,0.0,50.64,13.28,14.37,15.29,0.81,
24,2025-06-09 14:00:00,2.38,0.78,412.0,0.0,47.67,15.4,15.69,15.97,0.94,
24,2025-06-09 15:00:00,3.88,2.09,494.6,0.0,50.34,16.43,16.56,16.77,0.94,
24,2025-06-09 16:00:00,3.42,1.72,245.6,0.0,46.27,16.66,16.85,17.03,1.03,
24,2025-06-09 17:00:00,2.6,1.36,210.7,0.0,48.31,15.38,16.41,16.95,0.97,
24,2025-06-09 18:00:00,2.75,0.97,19.68,0.0,67.29,11.35,12.79,14.15,0.49,
24,2025-06-09 19:00:00,0.0,0.0,0.09,0.0,83.63,6.01,7.84,9.93,0.18,
24,2025-06-09 20:00:00,0.28,0.0,0.0,0.0,90.3,4.05,4.88,5.39,0.08,
24,2025-06-09 21:00:00,0.35,0.0,0.0,0.0,92.6,2.73,3.08,3.52,0.06,
24,2025-06-09 22:00:00,0.72,0.03,0.0,0.0,94.13,2.25,2.61,2.88,0.04,
24,2025-06-09 23:00:00,0.5,0.0,0.0,0.0,94.38,1.31,1.54,1.89,0.04,
24,2025-06-10 00:00:00,0.88,0.08,0.0,0.0,95.55,1.23,1.55,2.07,0.03,
24,2025-06-10 01:00:00,0.95,0.04,0.0,0.0,95.5,0.39,0.61,0.86,0.03,
24,2025-06-10 02:00:00,0.0,0.0,0.0,0.0,95.75,0.07,0.45,0.75,0.03,
24,2025-06-10 03:00:00,0.42,0.01,0.0,0.0,95.88,0.06,0.31,0.55,0.03,
24,2025-06-10 04:00:00,0.72,0.02,0.0,0.0,95.58,-0.54,-0.25,-0.06,0.03,
24,2025-06-10 05:00:00,0.65,0.01,0.0,0.0,95.55,-0.71,-0.6,-0.46,0.03,
24,2025-06-10 06:00:00,1.02,0.08,0.0,0.0,95.3,-0.66,-0.58,-0.48,0.03,
24,2025-06-10 07:00:00,0.8,0.04,0.0,0.0,95.53,-1.01,-0.82,-0.56,0.03,
24,2025-06-10 08:00:00,0.5,0.01,6.08,0.0,95.23,-1.03,-0.79,-0.6,0.03,
24,2025-06-10 09:00:00,0.0,0.0,143.7,0.0,93.48,-0.66,1.53,4.37,0.05,
24,2025-06-10 10:00:00,0.95,0.1,278.7,0.0,74.4,5.87,7.34,8.63,0.26,
24,2025-06-10 11:00:00,1.4,0.36,397.8,0.0,60.69,9.9,11.22,12.66,0.53,
24,2025-06-10 12:00:00,1.62,0.21,470.5,0.0,46.66,13.25,14.85,16.42,0.91,
24,2025-06-10 13:00:00,1.4,0.36,494.6,0.0,33.88,17.05,18.45,19.98,1.41,
24,2025-06-10 14:00:00,1.62,0.34,491.2,0.0,27.99,20.59,21.46,22.09,1.85,
24,2025-06-10 15:00:00,2.22,1.13,446.2,0.0,26.94,22.03,22.13,22.24,1.95,
24,2025-06-10 16:00:00,2.3,1.3,244.0,0.0,27.83,22.08,22.2,22.32,1.93,
24,2025-06-10 17:00:00,1.4,0.35,207.8,0.0,31.84,21.57,21.97,22.41,1.8,
24,2025-06-10 18:00:00,0.65,0.01,50.3,0.0,49.31,14.02,17.7,21.08,1.08,
24,2025-06-10 19:00:00,1.78,0.28,0.12,0.0,68.74,9.56,11.37,12.81,0.43,
24,2025-06-10 20:00:00,1.18,0.23,0.0,0.0,72.01,8.46,8.65,8.86,0.31,
24,2025-06-10 21:00:00,1.7,0.26,0.0,0.0,74.16,7.03,8.17,9.0,0.29,
24,2025-06-10 22:00:00,1.62,0.28,0.0,0.0,78.15,7.49,7.82,8.06,0.23,
24,2025-06-10 23:00:00,1.62,0.54,0.0,0.0,89.55,7.14,7.74,8.37,0.11,
24,2025-06-11 00:00:00,3.35,0.72,0.0,0.0,93.85,6.63,7.25,7.91,0.06,
24,2025-06-11 01:00:00,3.5,0.99,0.0,0.0,95.83,6.74,6.9,7.12,0.04,
24,2025-06-11 02:00:00,3.05,1.01,0.0,0.0,94.75,6.82,7.03,7.33,0.05,
24,2025-06-11 03:00:00,2.45,1.01,0.0,0.0,92.9,7.58,7.86,8.06,0.07,
24,2025-06-11 04:00:00,2.08,0.74,0.0,0.0,90.45,8.14,8.19,8.24,0.1,
24,2025-06-11 05:00:00,1.85,0.36,0.0,0.0,90.15,8.05,8.12,8.15,0.11,
24,2025-06-11 06:00:00,2.98,0.71,0.0,0.0,90.33,7.89,7.91,7.97,0.1,
24,2025-06-11 07:00:00,2.75,1.07,0.0,0.0,89.05,8.02,8.15,8.21,0.12,
24,2025-06-11 08:00:00,2.98,0.93,0.96,0.0,87.23,8.24,8.29,8.37,0.14,
24,2025-06-11 09:00:00,2.3,0.95,17.63,0.0,86.43,8.42,8.49,8.58,0.15,
24,2025-06-11 10:00:00,1.48,0.26,40.97,0.0,89.6,8.23,8.36,8.55,0.12,
24,2025-06-11 11:00:00,1.92,0.6,61.44,0.0,88.43,8.71,8.77,8.8,0.13,
24,2025-06-11 12:00:00,2.9,1.72,93.2,0.0,86.65,8.84,8.9,8.93,0.15,
24,2025-06-11 13:00:00,2.9,1.58,120.8,0.0,83.65,8.97,9.3,9.87,0.19,
24,2025-06-11 14:00:00,3.35,1.5,186.8,0.0,78.69,10.35,10.57,10.81,0.27,
24,2025-06-11 15:00:00,4.18,2.11,242.7,0.0,74.15,10.7,11.12,11.34,0.34,
24,2025-06-11 16:00:00,2.6,1.09,169.9,0.0,70.54,11.15,11.35,11.63,0.39,
24,2025-06-11 17:00:00,2.98,1.37,120.6,0.0,70.54,11.11,11.48,11.76,0.4,
24,2025-06-11 18:00:00,3.5,1.66,16.48,0.0,73.58,10.63,10.69,10.82,0.34,
24,2025-06-11 19:00:00,4.18,2.09,0.02,0.0,66.17,10.76,11.33,11.64,0.46,
24,2025-06-11 20:00:00,5.98,3.24,0.0,0.0,63.31,11.6,11.78,12.0,0.51,
24,2025-06-11 21:00:00,3.5,1.95,0.0,0.0,67.66,10.46,11.2,11.81,0.43,
24,2025-06-11 22:00:00,2.9,1.17,0.0,0.0,71.51,9.72,10.0,10.18,0.35,
24,2025-06-11 23:00:00,3.5,1.28,0.0,0.0,68.66,9.34,9.83,10.04,0.38,
24,2025-06-12 00:00:00,4.03,1.74,0.0,0.0,61.75,11.07,11.61,12.58,0.52,
24,2025-06-12 01:00:00,5.15,2.86,0.0,0.0,59.03,11.11,11.99,13.08,0.58,
24,2025-06-12 02:00:00,5.75,2.57,0.0,0.0,62.39,11.97,12.9,13.58,0.57,
24,2025-06-12 03:00:00,5.6,2.03,0.0,2.2,89.75,10.28,10.84,11.41,0.14,
24,2025-06-12 04:00:00,3.72,1.51,0.0,2.4,94.63,10.05,10.07,10.11,0.07,
24,2025-06-12 05:00:00,6.5,2.33,0.0,7.1,91.95,9.38,9.74,9.95,0.1,
24,2025-06-12 06:00:00,4.55,1.56,0.0,7.5,93.63,9.0,9.1,9.19,0.08,
24,2025-06-12 07:00:00,5.52,2.07,0.0,2.7,91.58,8.79,8.97,9.26,0.1,
24,2025-06-12 08:00:00,6.12,3.29,0.56,0.8,80.84,9.34,9.56,9.69,0.23,
24,2025-06-12 09:00:00,8.45,3.42,6.1,0.5,76.04,9.33,9.78,10.11,0.29,
24,2025-06-12 10:00:00,8.0,3.63,19.04,1.1,80.27,8.67,9.11,9.42,0.23,
24,2025-06-12 11:00:00,7.18,4.22,83.5,0.5,75.55,8.86,9.08,9.56,0.28,
24,2025-06-12 12:00:00,4.92,2.43,64.73,0.0,71.14,9.68,9.82,10.07,0.35,
24,2025-06-12 13:00:00,3.72,1.5,61.4,2.6,80.47,8.75,9.09,9.38,0.23,
24,2025-06-12 14:00:00,3.12,1.34,160.8,2.2,86.9,8.53,8.79,9.13,0.15,
24,2025-06-12 15:00:00,7.02,2.47,191.1,0.0,72.03,9.45,10.38,11.19,0.36,
24,2025-06-12 16:00:00,6.2,2.52,111.0,0.0,63.75,11.0,11.22,11.36,0.48,
24,2025-06-12 17:00:00,3.12,1.57,55.71,0.0,68.56,10.52,10.6,10.76,0.4,
24,2025-06-12 18:00:00,3.5,1.23,18.56,0.0,70.71,9.89,10.26,10.55,0.37,
24,2025-06-12 19:00:00,1.62,0.59,0.05,0.0,73.45,9.37,9.64,10.11,0.32,
24,2025-06-12 20:00:00,1.18,0.18,0.0,0.0,75.68,7.91,8.51,8.98,0.27,
24,2025-06-12 21:00:00,0.95,0.07,0.0,0.0,85.85,6.21,6.78,7.34,0.14,
24,2025-06-12 22:00:00,0.95,0.12,0.0,0.0,92.6,4.35,4.96,5.63,0.07,
24,2025-06-12 23:00:00,0.95,0.09,0.0,0.0,93.58,3.19,3.83,4.41,0.05,
24,2025-06-13 00:00:00,0.8,0.12,0.0,0.0,95.58,3.03,3.1,3.18,0.03,
24,2025-06-13 01:00:00,0.72,0.07,0.0,0.0,95.0,1.98,2.6,3.27,0.04,
24,2025-06-13 02:00:00,1.25,0.13,0.0,0.0,95.98,1.71,1.88,2.24,0.03,
24,2025-06-13 03:00:00,0.8,0.03,0.0,0.0,96.08,1.08,1.35,1.58,0.03,
24,2025-06-13 04:00:00,1.02,0.11,0.0,0.0,96.38,0.42,0.69,0.88,0.02,
24,2025-06-13 05:00:00,0.0,0.0,0.0,0.0,96.48,0.01,0.22,0.35,0.02,
24,2025-06-13 06:00:00,0.72,0.03,0.0,0.0,96.6,-0.17,-0.02,0.14,0.02,
24,2025-06-13 07:00:00,0.95,0.06,0.0,0.0,96.6,-0.5,-0.35,-0.07,0.02,
24,2025-06-13 08:00:00,0.8,0.04,5.51,0.0,96.6,-0.94,-0.79,-0.62,0.02,
24,2025-06-13 09:00:00,0.72,0.02,142.4,0.0,96.9,-0.9,0.39,2.1,0.02,
24,2025-06-13 10:00:00,1.02,0.09,281.7,0.0,84.94,3.16,5.32,7.05,0.14,
24,2025-06-13 11:00:00,1.85,0.29,388.8,0.0,72.76,8.04,8.71,9.09,0.31,
24,2025-06-13 12:00:00,2.6,0.61,467.4,0.0,64.68,9.33,10.04,10.65,0.44,
24,2025-06-13 13:00:00,1.78,0.48,489.0,0.0,59.25,11.37,12.15,12.54,0.58,
24,2025-06-13 14:00:00,2.6,0.88,483.2,0.0,56.63,12.67,12.97,13.26,0.65,
24,2025-06-13 15:00:00,2.98,1.02,440.4,0.0,52.92,13.66,13.91,14.14,0.75,
24,2025-06-13 16:00:00,2.75,1.27,239.7,0.0,52.85,13.97,14.14,14.23,0.76,
24,2025-06-13 17:00:00,2.22,1.11,202.0,0.0,57.04,13.47,13.86,14.27,0.68,
24,2025-06-13 18:00:00,1.62,0.22,49.89,0.0,71.86,9.77,11.42,12.93,0.39,
24,2025-06-13 19:00:00,1.85,0.56,0.09,0.0,84.85,6.96,7.56,8.6,0.16,
24,2025-06-13 20:00:00,1.1,0.21,0.0,0.0,85.83,5.92,6.35,6.68,0.14,
24,2025-06-13 21:00:00,0.88,0.07,0.0,0.0,93.65,3.52,4.17,5.1,0.05,
24,2025-06-13 22:00:00,0.0,0.0,0.0,0.0,94.9,2.36,2.82,3.29,0.04,
24,2025-06-13 23:00:00,0.0,0.0,0.0,0.0,95.65,1.97,2.26,2.46,0.03,
24,2025-06-14 00:00:00,1.18,0.07,0.0,0.0,95.9,0.88,1.28,1.67,0.03,
24,2025-06-14 01:00:00,1.48,0.27,0.0,0.0,95.2,1.46,1.9,2.25,0.03,
24,2025-06-14 02:00:00,1.48,0.15,0.0,0.0,95.95,0.79,0.97,1.06,0.03,
24,2025-06-14 03:00:00,0.8,0.05,0.0,0.0,96.08,0.0,0.23,0.58,0.02,
24,2025-06-14 04:00:00,0.95,0.1,0.0,0.0,96.2,-0.7,-0.27,0.05,0.02,
24,2025-06-14 05:00:00,0.8,0.09,0.0,0.0,96.15,-1.03,-0.68,-0.45,0.02,
24,2025-06-14 06:00:00,1.18,0.19,0.0,0.0,96.05,-1.1,-0.87,-0.44,0.02,
24,2025-06-14 07:00:00,0.88,0.07,0.0,0.0,95.6,-1.66,-1.49,-1.28,0.02,
24,2025-06-14 08:00:00,0.72,0.05,5.91,0.0,95.53,-1.85,-1.72,-1.57,0.02,
24,2025-06-14 09:00:00,1.25,0.13,168.1,0.0,94.15,-1.61,-0.13,1.68,0.04,
24,2025-06-14 10:00:00,1.78,0.42,302.3,0.0,76.72,3.2,5.18,7.12,0.21,
24,2025-06-14 11:00:00,2.15,0.92,347.0,0.0,60.75,8.27,8.94,9.43,0.45,
24,2025-06-14 12:00:00,2.75,1.36,363.8,0.0,57.86,9.81,10.3,10.75,0.53,
24,2025-06-14 13:00:00,3.28,1.77,455.6,0.0,52.12,11.09,12.22,13.13,0.68,
24,2025-06-14 14:00:00,3.2,1.4,384.3,0.0,52.78,13.57,13.78,13.94,0.74,
24,2025-06-14 15:00:00,2.75,0.77,218.0,0.0,50.24,13.53,13.65,13.82,0.78,
24,2025-06-14 16:00:00,1.92,0.85,125.0,0.0,51.16,13.1,13.16,13.2,0.74,
24,2025-06-14 17:00:00,1.92,0.69,53.57,0.0,57.79,11.88,12.41,12.8,0.61,
24,2025-06-14 18:00:00,2.08,0.79,9.97,0.0,63.36,11.12,11.29,11.54,0.49,
24,2025-06-14 19:00:00,2.0,1.1,0.0,0.0,64.6,10.61,11.0,11.17,0.47,
24,2025-06-14 20:00:00,2.22,0.78,0.0,0.0,71.17,10.04,10.25,10.44,0.36,
24,2025-06-14 21:00:00,4.1,1.67,0.0,0.0,67.7,10.75,11.1,11.57,0.43,
24,2025-06-14 22:00:00,7.25,2.88,0.0,0.0,49.51,12.68,13.93,15.59,0.81,
24,2025-06-14 23:00:00,9.2,4.04,0.0,0.0,41.63,15.42,15.81,16.31,1.05,
24,2025-06-15 00:00:00,7.18,3.55,0.0,0.0,42.97,14.4,15.37,16.37,1.0,
24,2025-06-15 01:00:00,8.15,3.8,0.0,0.0,40.97,14.01,15.9,16.59,1.08,
24,2025-06-15 02:00:00,5.52,2.44,0.0,0.0,56.97,11.92,12.53,13.31,0.63,
24,2025-06-15 03:00:00,4.18,2.25,0.0,0.0,58.39,11.78,12.55,13.64,0.61,
24,2025-06-15 04:00:00,3.95,2.38,0.0,0.0,48.0,12.28,13.4,14.03,0.8,
24,2025-06-15 05:00:00,6.12,3.62,0.0,0.0,44.45,14.87,14.95,15.15,0.95,
24,2025-06-15 06:00:00,5.98,3.31,0.0,0.0,44.51,14.82,15.05,15.43,0.95,
24,2025-06-15 07:00:00,4.85,2.7,0.0,0.0,46.42,14.56,14.77,15.12,0.9,
24,2025-06-15 08:00:00,4.78,2.04,1.32,0.0,48.31,13.64,14.25,14.96,0.84,
24,2025-06-15 09:00:00,5.08,2.65,15.87,0.0,47.83,14.48,14.87,15.26,0.88,
24,2025-06-15 10:00:00,5.45,2.78,32.14,0.0,44.99,14.42,14.9,15.45,0.94,
24,2025-06-15 11:00:00,5.38,2.71,93.2,0.0,41.82,14.48,15.12,15.67,1.0,
24,2025-06-15 12:00:00,7.1,3.44,171.2,0.0,31.04,17.45,17.57,17.7,1.39,
24,2025-06-15 13:00:00,7.55,3.93,223.6,0.0,29.54,18.13,18.49,18.74,1.5,
24,2025-06-15 14:00:00,7.48,3.96,194.4,0.0,26.8,18.41,18.68,18.92,1.58,
24,2025-06-15 15:00:00,6.42,3.04,88.8,0.0,28.94,17.4,17.88,18.35,1.46,
24,2025-06-15 16:00:00,5.45,2.73,28.53,0.0,27.16,17.6,17.73,17.97,1.48,
24,2025-06-15 17:00:00,6.8,3.31,22.73,0.0,27.27,17.54,17.82,18.06,1.48,
24,2025-06-15 18:00:00,9.35,3.37,3.86,0.0,59.46,10.12,13.76,16.67,0.7,
24,2025-06-15 19:00:00,8.08,3.67,0.0,1.8,87.28,9.21,9.35,9.51,0.15,
24,2025-06-15 20:00:00,6.2,3.04,0.0,0.6,87.4,9.32,9.42,9.51,0.15,
24,2025-06-15 21:00:00,5.98,3.38,0.0,0.6,89.0,8.73,8.84,8.91,0.13,
24,2025-06-15 22:00:00,4.62,2.17,0.0,3.0,87.1,8.02,8.48,8.84,0.14,
24,2025-06-15 23:00:00,2.08,0.77,0.0,4.0,93.7,7.57,7.7,7.86,0.07,
24,2025-06-16 00:00:00,4.92,1.73,0.0,6.0,92.4,7.36,7.57,7.88,0.08,
24,2025-06-16 01:00:00,5.98,3.43,0.0,7.2,89.25,7.66,7.75,7.87,0.11,
24,2025-06-16 02:00:00,7.7,3.69,0.0,3.7,84.48,7.88,8.15,8.4,0.17,
24,2025-06-16 03:00:00,5.9,3.26,0.0,0.0,70.79,8.46,9.12,10.02,0.34,
24,2025-06-16 04:00:00,6.95,3.36,0.0,0.0,66.0,9.8,10.2,10.59,0.42,
24,2025-06-16 05:00:00,9.65,5.18,0.0,0.0,57.85,10.81,11.16,11.35,0.56,
24,2025-06-16 06:00:00,9.58,5.32,0.0,0.0,57.47,11.1,11.27,11.45,0.57,
24,2025-06-16 07:00:00,9.35,5.34,0.0,0.0,55.2,11.4,11.54,11.66,0.61,
24,2025-06-16 08:00:00,8.68,4.75,2.13,0.0,55.54,11.68,11.81,11.87,0.62,
24,2025-06-16 09:00:00,8.08,4.62,25.77,0.0,55.3,11.82,11.91,11.97,0.63,
24,2025-06-16 10:00:00,9.2,5.05,94.0,0.0,57.74,11.66,11.71,11.75,0.58,
24,2025-06-16 11:00:00,6.58,3.24,174.7,0.0,57.16,12.23,12.4,12.57,0.62,
24,2025-06-16 12:00:00,6.12,2.57,75.58,0.6,66.43,10.54,11.28,11.74,0.45,
24,2025-06-16 13:00:00,2.52,0.93,71.73,1.9,88.18,8.69,8.94,9.43,0.14,
24,2025-06-16 14:00:00,1.92,0.56,82.0,2.3,93.55,8.51,8.62,8.69,0.07,
24,2025-06-16 15:00:00,2.38,1.35,109.7,0.2,89.5,8.81,9.29,9.71,0.13,
24,2025-06-16 16:00:00,2.0,0.93,169.1,0.1,88.03,9.96,10.1,10.19,0.15,
24,2025-06-16 17:00:00,2.0,0.62,103.1,0.0,89.23,9.81,9.97,10.07,0.13,
24,2025-06-16 18:00:00,1.02,0.13,25.37,0.0,92.3,8.75,9.24,9.7,0.09,
24,2025-06-16 19:00:00,1.78,0.47,0.03,0.1,93.45,8.6,8.75,8.98,0.08,
24,2025-06-16 20:00:00,1.78,0.42,0.0,0.0,93.8,8.01,8.35,8.61,0.07,
24,2025-06-16 21:00:00,1.32,0.24,0.0,0.0,95.63,5.94,6.67,7.38,0.04,
24,2025-06-16 22:00:00,0.95,0.05,0.0,0.0,96.4,4.96,5.15,5.42,0.03,
24,2025-06-16 23:00:00,1.32,0.34,0.0,0.0,96.53,5.2,5.4,5.48,0.03,
24,2025-06-17 00:00:00,0.88,0.05,0.0,0.0,96.58,3.96,4.26,4.72,0.03,
24,2025-06-17 01:00:00,1.18,0.11,0.0,0.1,97.0,4.26,4.36,4.44,0.03,
24,2025-06-17 02:00:00,1.02,0.13,0.0,0.0,96.8,3.49,3.7,4.09,0.02,
24,2025-06-17 03:00:00,1.25,0.15,0.0,0.0,97.15,3.45,3.64,3.84,0.02,
24,2025-06-17 04:00:00,1.25,0.1,0.0,0.0,97.35,3.52,3.91,4.1,0.02,
24,2025-06-17 05:00:00,0.88,0.03,0.0,0.0,97.3,3.96,3.99,4.03,0.02,
24,2025-06-17 06:00:00,0.0,0.0,0.0,0.0,97.25,3.94,3.99,4.02,0.02,
24,2025-06-17 07:00:00,0.72,0.03,0.0,0.0,97.18,3.57,3.64,3.8,0.02,
24,2025-06-17 08:00:00,0.0,0.0,2.62,0.0,97.23,3.63,3.69,3.77,0.02,
24,2025-06-17 09:00:00,0.28,0.0,46.71,0.0,97.33,3.66,4.01,4.46,0.02,
24,2025-06-17 10:00:00,1.32,0.15,110.6,0.0,97.35,4.89,5.78,6.6,0.02,
24,2025-06-17 11:00:00,1.4,0.21,190.4,0.0,93.28,6.82,7.42,8.01,0.07,
24,2025-06-17 12:00:00,1.78,0.41,356.8,0.0,79.87,8.63,9.66,10.82,0.25,
24,2025-06-17 13:00:00,1.55,0.27,392.8,0.0,63.79,11.49,12.19,12.92,0.52,
24,2025-06-17 14:00:00,1.62,0.42,345.2,0.0,65.03,12.62,12.78,12.98,0.52,
24,2025-06-17 15:00:00,1.32,0.2,180.3,0.0,64.62,12.81,12.95,13.16,0.53,
24,2025-06-17 16:00:00,1.1,0.1,182.2,0.0,63.56,13.15,13.27,13.38,0.55,
24,2025-06-17 17:00:00,1.32,0.37,145.4,0.0,66.93,13.28,13.45,13.79,0.51,
24,2025-06-17 18:00:00,0.95,0.05,49.49,0.0,77.03,10.43,12.17,13.84,0.34,
24,2025-06-17 19:00:00,1.32,0.08,0.12,0.0,90.48,7.28,8.21,9.22,0.11,
24,2025-06-17 20:00:00,1.25,0.14,0.0,0.0,92.68,6.32,6.52,6.82,0.07,
24,2025-06-17 21:00:00,1.32,0.1,0.0,0.0,93.35,5.01,5.53,6.0,0.06,
24,2025-06-17 22:00:00,1.25,0.13,0.0,0.0,95.23,4.47,4.72,4.91,0.04,
24,2025-06-17 23:00:00,0.35,0.0,0.0,0.0,95.33,3.32,3.8,4.3,0.04,
24,2025-06-18 00:00:00,0.88,0.04,0.0,0.0,96.1,2.73,2.81,2.88,0.03,
24,2025-06-18 01:00:00,1.4,0.14,0.0,0.0,96.58,2.57,2.76,2.93,0.03,
24,2025-06-18 02:00:00,1.32,0.1,0.0,0.0,96.65,1.55,1.95,2.22,0.02,
24,2025-06-18 03:00:00,1.02,0.06,0.0,0.0,96.73,1.96,2.23,2.41,0.02,
24,2025-06-18 04:00:00,0.88,0.1,0.0,0.0,96.5,0.86,1.2,1.55,0.02,
24,2025-06-18 05:00:00,2.15,0.27,0.0,0.0,97.18,0.91,1.57,2.36,0.02,
24,2025-06-18 06:00:00,3.5,1.08,0.0,0.0,94.35,2.69,4.1,5.36,0.05,
24,2025-06-18 07:00:00,1.18,0.15,0.0,0.0,94.7,1.6,2.34,2.91,0.04,
24,2025-06-18 08:00:00,0.88,0.04,5.55,0.0,95.93,0.7,0.83,0.99,0.03,
24,2025-06-18 09:00:00,0.57,0.02,153.5,0.1,96.28,0.1,1.37,3.41,0.03,
24,2025-06-18 10:00:00,2.22,0.39,293.9,0.0,86.8,4.32,5.53,6.33,0.12,
24,2025-06-18 11:00:00,2.3,1.08,394.7,0.0,77.39,6.49,7.5,8.48,0.24,
24,2025-06-18 12:00:00,3.12,1.25,470.2,0.0,71.34,9.27,9.57,9.94,0.34,
24,2025-06-18 13:00:00,4.32,2.11,494.9,0.0,64.74,9.98,10.46,10.8,0.45,
24,2025-06-18 14:00:00,5.0,2.61,491.8,0.0,62.51,10.56,11.12,11.62,0.5,
24,2025-06-18 15:00:00,4.78,2.69,448.4,0.0,59.82,11.71,11.9,12.01,0.56,
24,2025-06-18 16:00:00,3.28,1.96,250.0,0.0,53.74,12.4,12.7,12.94,0.68,
24,2025-06-18 17:00:00,3.05,1.75,213.1,0.0,52.98,12.65,12.94,13.09,0.7,
24,2025-06-18 18:00:00,2.52,0.78,52.6,0.0,67.53,9.14,10.42,11.94,0.42,
24,2025-06-18 19:00:00,2.45,0.74,0.14,0.0,79.87,7.19,7.69,8.3,0.21,
24,2025-06-18 20:00:00,2.68,1.11,0.0,0.0,81.13,6.63,6.81,6.92,0.19,
24,2025-06-18 21:00:00,0.8,0.01,0.0,0.0,90.2,3.54,4.66,5.87,0.09,
24,2025-06-18 22:00:00,1.48,0.25,0.0,0.0,94.15,1.64,2.32,2.99,0.04,
24,2025-06-18 23:00:00,0.88,0.05,0.0,0.0,94.18,1.96,2.29,2.63,0.04,
24,2025-06-19 00:00:00,1.02,0.02,0.0,0.0,95.2,1.61,1.88,2.51,0.03,
24,2025-06-19 01:00:00,1.4,0.18,0.0,0.0,91.55,2.57,3.05,3.29,0.06,
24,2025-06-19 02:00:00,0.8,0.03,0.0,0.0,93.73,1.11,1.34,1.59,0.04,
24,2025-06-19 03:00:00,2.38,1.01,0.0,0.0,97.15,1.37,3.61,4.6,0.02,
24,2025-06-19 04:00:00,1.7,0.47,0.0,0.0,96.38,1.92,2.69,4.1,0.03,
24,2025-06-19 05:00:00,1.4,0.37,0.0,0.0,97.3,1.99,2.13,2.2,0.02,
24,2025-06-19 06:00:00,1.02,0.19,0.0,0.0,97.55,2.24,2.39,2.52,0.02,
24,2025-06-19 07:00:00,1.55,0.5,0.0,0.0,97.65,2.25,2.38,2.48,0.02,
24,2025-06-19 08:00:00,2.08,0.94,2.04,0.0,97.7,1.82,2.12,2.35,0.02,
24,2025-06-19 09:00:00,2.9,1.13,39.07,0.0,97.88,1.82,2.27,2.56,0.02,
24,2025-06-19 10:00:00,2.82,1.29,70.35,0.0,97.93,2.46,2.73,3.02,0.02,
24,2025-06-19 11:00:00,3.28,1.77,131.6,0.0,97.78,3.25,3.38,3.49,0.02,
24,2025-06-19 12:00:00,2.75,0.96,266.6,0.0,91.63,3.77,4.33,4.95,0.07,
24,2025-06-19 13:00:00,2.9,1.32,244.1,0.0,88.9,5.13,5.26,5.38,0.1,
24,2025-06-19 14:00:00,3.35,1.59,335.7,0.0,86.23,5.57,6.02,6.45,0.13,
24,2025-06-19 15:00:00,3.2,1.52,449.1,0.0,78.58,7.11,7.77,8.59,0.23,
24,2025-06-19 16:00:00,3.88,1.94,241.3,0.0,73.07,8.74,8.81,8.91,0.31,
24,2025-06-19 17:00:00,4.32,2.4,206.4,0.0,66.09,8.38,8.5,8.69,0.38,
24,2025-06-19 18:00:00,2.3,1.09,51.69,0.0,68.37,6.83,7.71,8.59,0.33,
24,2025-06-19 19:00:00,1.02,0.09,0.16,0.0,79.75,4.27,5.35,6.2,0.18,
24,2025-06-19 20:00:00,1.25,0.1,0.0,0.0,88.35,2.23,3.12,4.27,0.09,
24,2025-06-19 21:00:00,0.8,0.02,0.0,0.0,93.05,1.0,1.56,2.17,0.05,
24,2025-06-19 22:00:00,1.85,0.66,0.0,0.0,82.95,2.04,3.98,4.72,0.14,
24,2025-06-19 23:00:00,2.3,0.86,0.0,0.0,81.75,4.39,4.48,4.56,0.15,
24,2025-06-20 00:00:00,2.82,1.13,0.0,0.0,83.63,4.04,4.5,4.85,0.14,
24,2025-06-20 01:00:00,3.05,1.01,0.0,0.0,82.85,4.42,4.61,4.79,0.15,
24,2025-06-20 02:00:00,1.25,0.2,0.0,0.0,89.28,1.83,2.58,3.23,0.08,
24,2025-06-20 03:00:00,2.38,0.46,0.0,0.0,88.28,2.35,3.2,4.41,0.09,
24,2025-06-20 04:00:00,1.02,0.07,0.0,0.0,91.45,-0.35,0.84,2.39,0.06,
24,2025-06-20 05:00:00,3.88,0.37,0.0,0.0,95.33,-1.27,-0.56,0.96,0.03,
24,2025-06-20 06:00:00,3.5,1.36,0.0,0.0,96.85,1.68,2.39,3.03,0.02,
24,2025-06-20 07:00:00,1.7,0.51,0.0,0.0,97.1,1.65,1.81,2.03,0.02,
24,2025-06-20 08:00:00,2.82,0.93,2.16,0.0,97.38,1.61,2.05,2.3,0.02,
24,2025-06-20 09:00:00,4.32,1.37,28.67,0.0,97.53,1.74,2.24,2.58,0.02,
24,2025-06-20 10:00:00,2.6,0.99,108.9,0.0,97.5,1.92,2.17,2.46,0.02,
24,2025-06-20 11:00:00,1.55,0.53,229.6,0.0,97.13,2.57,3.07,3.63,0.02,
24,2025-06-20 12:00:00,2.52,0.63,365.9,0.0,86.88,4.4,5.13,5.93,0.12,
24,2025-06-20 13:00:00,2.38,0.47,508.5,0.0,77.0,6.87,7.83,8.86,0.25,
24,2025-06-20 14:00:00,5.3,2.4,477.7,0.0,66.78,8.82,9.92,11.15,0.42,
24,2025-06-20 15:00:00,7.48,4.6,521.7,0.0,56.14,9.79,10.69,11.34,0.57,
24,2025-06-20 16:00:00,7.32,3.63,290.6,0.0,57.43,9.83,10.28,10.97,0.53,
24,2025-06-20 17:00:00,3.42,1.29,229.9,0.0,52.47,11.49,11.87,12.42,0.66,
24,2025-06-20 18:00:00,1.18,0.29,54.78,0.0,66.32,7.8,9.26,10.95,0.4,
24,2025-06-20 19:00:00,1.18,0.23,0.16,0.0,81.96,4.33,5.48,6.43,0.16,
24,2025-06-20 20:00:00,1.7,0.23,0.0,0.0,83.9,4.14,4.66,5.4,0.14,
24,2025-06-20 21:00:00,0.95,0.09,0.0,0.0,85.4,2.71,3.7,4.3,0.12,
24,2025-06-20 22:00:00,0.65,0.02,0.0,0.0,92.5,1.01,1.46,1.9,0.05,
24,2025-06-20 23:00:00,0.88,0.05,0.0,0.0,93.7,0.6,0.71,0.78,0.04,
24,2025-06-21 00:00:00,0.95,0.03,0.0,0.0,94.05,0.19,0.51,0.7,0.04,
24,2025-06-21 01:00:00,0.65,0.02,0.0,0.0,94.75,-0.09,0.0,0.07,0.03,
24,2025-06-21 02:00:00,0.57,0.01,0.0,0.0,95.13,-0.59,-0.44,-0.3,0.03,
24,2025-06-21 03:00:00,0.5,0.0,0.0,0.0,95.43,-0.61,-0.31,-0.05,0.03,
24,2025-06-21 04:00:00,1.25,0.17,0.0,0.0,95.53,-1.04,-0.82,-0.56,0.03,
24,2025-06-21 05:00:00,0.42,0.0,0.0,0.0,95.85,-0.62,-0.33,-0.16,0.03,
24,2025-06-21 06:00:00,1.48,0.29,0.0,0.0,96.1,-0.66,-0.51,-0.35,0.02,
24,2025-06-21 07:00:00,1.78,0.31,0.0,0.0,96.03,-0.66,-0.26,0.09,0.02,
24,2025-06-21 08:00:00,2.52,0.51,2.93,0.0,94.13,-0.05,1.25,3.08,0.04,
24,2025-06-21 09:00:00,1.25,0.18,31.01,0.0,92.0,2.85,3.18,3.56,0.06,
24,2025-06-21 10:00:00,2.22,0.2,52.55,0.0,89.73,3.9,4.55,5.17,0.09,
24,2025-06-21 11:00:00,1.78,0.39,110.7,0.0,87.85,5.64,6.51,7.22,0.12,
24,2025-06-21 12:00:00,1.48,0.15,444.5,0.0,79.01,7.25,8.15,9.27,0.23,
24,2025-06-21 13:00:00,3.12,1.33,490.8,0.0,73.28,10.21,10.92,11.52,0.35,
24,2025-06-21 14:00:00,3.5,1.56,250.3,0.0,69.73,11.21,11.36,11.6,0.41,
24,2025-06-21 15:00:00,3.72,2.2,288.4,0.0,69.38,11.48,11.6,11.69,0.42,
24,2025-06-21 16:00:00,4.25,1.24,158.3,0.0,72.71,11.09,11.32,11.6,0.37,
24,2025-06-21 17:00:00,1.78,0.74,76.66,0.0,71.55,11.1,11.26,11.45,0.38,
24,2025-06-21 18:00:00,1.18,0.32,15.83,0.0,76.6,10.32,10.65,10.98,0.3,
24,2025-06-21 19:00:00,3.58,0.85,0.01,0.0,81.9,9.84,9.94,10.08,0.22,
24,2025-06-21 20:00:00,3.58,0.84,0.0,0.0,86.93,8.98,9.26,9.56,0.15,
24,2025-06-21 21:00:00,0.88,0.08,0.0,1.3,93.08,8.34,8.52,8.73,0.08,
24,2025-06-21 22:00:00,1.18,0.19,0.0,1.8,95.73,8.16,8.18,8.21,0.05,
24,2025-06-21 23:00:00,2.0,0.57,0.0,2.6,96.63,8.08,8.09,8.1,0.04,
24,2025-06-22 00:00:00,2.52,0.77,0.0,4.4,96.98,8.16,8.19,8.25,0.03,
24,2025-06-22 01:00:00,3.42,1.66,0.0,2.6,96.93,8.16,8.23,8.35,0.03,
24,2025-06-22 02:00:00,3.8,2.23,0.0,1.4,96.58,8.4,8.43,8.47,0.04,
24,2025-06-22 03:00:00,2.98,1.74,0.0,0.7,96.6,8.27,8.35,8.4,0.04,
24,2025-06-22 04:00:00,3.35,1.58,0.0,0.0,92.75,8.17,8.2,8.25,0.08,
24,2025-06-22 05:00:00,2.68,0.92,0.0,0.1,89.68,8.18,8.23,8.28,0.11,
24,2025-06-22 06:00:00,1.32,0.2,0.0,0.0,92.28,7.86,7.94,8.0,0.08,
24,2025-06-22 07:00:00,1.02,0.06,0.0,0.0,93.3,7.78,7.85,7.96,0.07,
24,2025-06-22 08:00:00,0.95,0.06,2.11,0.0,93.1,7.68,7.83,7.91,0.07,
24,2025-06-22 09:00:00,2.22,0.47,61.72,0.0,93.9,7.93,8.01,8.09,0.07,
24,2025-06-22 10:00:00,2.15,1.12,108.5,0.0,93.8,8.0,8.31,8.71,0.07,
24,2025-06-22 11:00:00,2.52,1.15,202.1,0.0,90.3,8.99,9.24,9.46,0.11,
24,2025-06-22 12:00:00,2.68,0.93,381.4,0.0,85.25,9.44,10.22,10.99,0.19,
24,2025-06-22 13:00:00,3.8,1.99,479.2,0.0,79.12,11.09,11.5,12.04,0.29,
24,2025-06-22 14:00:00,5.3,3.27,410.2,0.0,79.44,11.34,11.67,12.06,0.28,
24,2025-06-22 15:00:00,5.52,3.42,169.4,0.0,86.83,9.94,10.47,10.87,0.17,
24,2025-06-22 16:00:00,5.0,2.92,55.78,0.0,86.75,10.04,10.09,10.14,0.17,
24,2025-06-22 17:00:00,4.92,2.97,36.7,0.0,86.53,9.64,9.83,10.05,0.16,
24,2025-06-22 18:00:00,5.0,3.07,11.88,0.0,84.4,9.4,9.48,9.56,0.19,
24,2025-06-22 19:00:00,5.82,3.23,0.06,0.0,83.23,9.15,9.27,9.36,0.2,
24,2025-06-22 20:00:00,5.6,3.27,0.0,0.0,80.68,8.74,8.9,9.02,0.22,
24,2025-06-22 21:00:00,6.5,3.42,0.0,0.0,67.1,8.14,8.37,8.6,0.36,
24,2025-06-22 22:00:00,6.12,3.59,0.0,0.0,65.97,7.2,7.58,7.94,0.36,
24,2025-06-22 23:00:00,7.02,3.88,0.0,0.0,69.41,6.34,6.69,6.96,0.3,
24,2025-06-23 00:00:00,5.38,2.94,0.0,0.0,74.7,5.55,5.72,6.0,0.23,
24,2025-06-23 01:00:00,5.0,2.54,0.0,0.0,78.3,5.19,5.41,5.54,0.19,
24,2025-06-23 02:00:00,3.72,2.12,0.0,0.0,82.1,4.26,4.57,4.92,0.16,
24,2025-06-23 03:00:00,3.95,1.83,0.0,0.0,85.1,3.75,3.89,4.1,0.12,
24,2025-06-23 04:00:00,4.25,2.34,0.0,0.0,84.93,3.8,3.98,4.23,0.13,
24,2025-06-23 05:00:00,3.2,1.66,0.0,0.0,87.68,3.66,3.8,3.9,0.1,
24,2025-06-23 06:00:00,2.82,1.2,0.0,0.0,89.33,3.48,3.57,3.7,0.08,
24,2025-06-23 07:00:00,3.8,1.91,0.0,0.0,90.38,3.57,3.65,3.73,0.08,
24,2025-06-23 08:00:00,4.32,2.4,2.63,0.0,90.05,3.54,3.65,3.71,0.08,
24,2025-06-23 09:00:00,3.28,2.05,33.68,0.0,91.58,3.36,3.4,3.43,0.07,
24,2025-06-23 10:00:00,2.75,1.12,115.3,0.0,89.28,3.48,3.76,4.02,0.09,
24,2025-06-23 11:00:00,3.35,1.26,286.6,0.0,84.6,3.91,4.37,4.74,0.13,
24,2025-06-23 12:00:00,4.1,2.4,431.5,0.0,83.05,4.8,4.88,5.01,0.15,
24,2025-06-23 13:00:00,4.32,2.6,502.0,0.0,79.3,5.17,5.64,6.12,0.19,
24,2025-06-23 14:00:00,5.08,3.27,490.8,0.0,70.08,6.54,7.09,7.84,0.3,
24,2025-06-23 15:00:00,4.92,2.67,450.2,0.0,56.82,8.4,8.93,9.3,0.49,
24,2025-06-23 16:00:00,3.65,2.24,252.5,0.0,53.75,9.52,9.81,10.17,0.56,
24,2025-06-23 17:00:00,3.2,1.7,215.9,0.0,56.58,9.81,10.01,10.17,0.54,
24,2025-06-23 18:00:00,2.15,1.03,58.61,0.0,63.03,7.5,8.43,9.42,0.41,
24,2025-06-23 19:00:00,1.55,0.23,0.19,0.0,77.26,5.28,5.93,6.88,0.21,
24,2025-06-23 20:00:00,0.8,0.04,0.0,0.0,89.43,2.6,3.32,4.32,0.08,
24,2025-06-23 21:00:00,1.4,0.24,0.0,0.0,91.3,1.93,2.34,2.67,0.06,
24,2025-06-23 22:00:00,1.25,0.13,0.0,0.0,90.98,1.57,1.87,2.34,0.06,
24,2025-06-23 23:00:00,0.95,0.07,0.0,0.0,92.68,0.7,1.31,1.88,0.05,
24,2025-06-24 00:00:00,1.1,0.2,0.0,0.0,94.45,0.08,0.21,0.37,0.04,
24,2025-06-24 01:00:00,0.8,0.04,0.0,0.0,94.9,-0.43,-0.15,0.16,0.03,
24,2025-06-24 02:00:00,0.8,0.04,0.0,0.0,95.05,-0.76,-0.3,0.17,0.03,
24,2025-06-24 03:00:00,1.18,0.14,0.0,0.0,95.48,-1.0,-0.92,-0.8,0.03,
24,2025-06-24 04:00:00,0.8,0.04,0.0,0.0,95.98,-1.14,-0.72,-0.42,0.02,
24,2025-06-24 05:00:00,1.18,0.09,0.0,0.0,95.53,-1.14,-0.78,-0.35,0.03,
24,2025-06-24 06:00:00,0.8,0.03,0.0,0.0,95.58,-1.6,-1.5,-1.4,0.02,
24,2025-06-24 07:00:00,0.88,0.05,0.0,0.0,95.25,-2.21,-1.99,-1.68,0.03,
24,2025-06-24 08:00:00,0.65,0.01,4.65,0.0,95.4,-2.19,-2.15,-2.04,0.02,
24,2025-06-24 09:00:00,0.72,0.01,137.3,0.0,95.23,-2.15,-0.88,1.05,0.03,
24,2025-06-24 10:00:00,2.82,1.13,186.0,0.0,91.65,2.12,2.28,2.38,0.06,
24,2025-06-24 11:00:00,2.75,1.18,388.9,0.0,87.38,2.52,3.72,4.86,0.1,
24,2025-06-24 12:00:00,5.22,2.47,455.2,0.0,83.53,5.34,5.49,5.56,0.15,
24,2025-06-24 13:00:00,5.52,2.86,483.9,0.0,72.23,6.06,7.36,8.52,0.29,
24,2025-06-24 14:00:00,3.95,2.08,480.3,0.0,60.72,9.05,9.97,11.08,0.49,
24,2025-06-24 15:00:00,3.8,1.76,438.3,0.0,51.11,12.05,12.29,12.42,0.7,
24,2025-06-24 16:00:00,4.78,3.13,243.7,0.0,56.69,11.4,12.04,12.48,0.61,
24,2025-06-24 17:00:00,5.75,3.05,207.7,0.0,62.68,10.0,10.51,11.19,0.48,
24,2025-06-24 18:00:00,4.55,2.61,53.79,0.0,68.74,8.79,9.14,9.63,0.36,
24,2025-06-24 19:00:00,2.98,1.38,0.08,0.0,72.23,7.89,8.18,8.44,0.3,
24,2025-06-24 20:00:00,1.1,0.11,0.0,0.0,82.74,4.48,5.87,7.06,0.16,
24,2025-06-24 21:00:00,1.25,0.13,0.0,0.0,88.4,3.25,3.96,4.44,0.09,
24,2025-06-24 22:00:00,1.1,0.28,0.0,0.0,91.63,2.7,2.95,3.19,0.06,
24,2025-06-24 23:00:00,1.4,0.1,0.0,0.0,93.05,2.12,2.34,2.48,0.05,
24,2025-06-25 00:00:00,0.65,0.0,0.0,0.0,94.25,1.98,2.31,2.71,0.05,
24,2025-06-25 01:00:00,0.88,0.02,0.0,0.0,93.55,2.5,2.74,3.08,0.05,
24,2025-06-25 02:00:00,1.4,0.15,0.0,0.0,91.45,3.36,3.88,4.26,0.07,
24,2025-06-25 03:00:00,1.02,0.11,0.0,0.0,92.68,3.2,3.66,3.92,0.06,
24,2025-06-25 04:00:00,1.32,0.07,0.0,0.0,94.6,2.53,2.8,2.98,0.04,
24,2025-06-25 05:00:00,1.25,0.07,0.0,0.0,95.75,2.5,2.96,3.24,0.03,
24,2025-06-25 06:00:00,2.08,0.28,0.0,0.0,91.2,3.54,4.51,5.26,0.08,
24,2025-06-25 07:00:00,2.08,0.27,0.0,0.0,89.73,4.45,4.81,5.04,0.09,
24,2025-06-25 08:00:00,3.05,1.39,3.08,0.0,86.25,6.03,6.26,6.38,0.13,
24,2025-06-25 09:00:00,4.25,1.65,35.47,0.0,89.6,5.53,6.15,6.46,0.1,
24,2025-06-25 10:00:00,4.47,1.53,290.9,0.0,87.85,5.99,6.68,7.47,0.12,
24,2025-06-25 11:00:00,3.95,2.36,333.7,0.0,83.18,7.46,7.77,8.07,0.18,
24,2025-06-25 12:00:00,4.55,2.61,411.7,0.0,79.77,8.5,8.69,8.89,0.23,
24,2025-06-25 13:00:00,3.95,2.22,430.0,0.0,75.63,8.78,8.91,9.12,0.28,
24,2025-06-25 14:00:00,4.92,2.46,490.2,0.0,68.82,9.64,10.01,10.29,0.38,
24,2025-06-25 15:00:00,6.42,3.44,443.7,0.0,68.69,9.75,10.01,10.27,0.39,
24,2025-06-25 16:00:00,6.12,3.53,249.0,0.0,63.3,9.58,9.89,10.12,0.45,
24,2025-06-25 17:00:00,4.85,3.01,214.0,0.0,67.23,9.39,9.57,9.72,0.39,
24,2025-06-25 18:00:00,4.1,1.65,59.62,0.0,72.61,7.91,8.6,9.3,0.31,
24,2025-06-25 19:00:00,1.1,0.23,0.21,0.0,84.01,5.07,5.98,7.07,0.15,
24,2025-06-25 20:00:00,1.4,0.13,0.0,0.0,90.63,4.18,4.24,4.32,0.08,
24,2025-06-25 21:00:00,0.28,0.0,0.0,0.0,92.2,3.89,4.11,4.37,0.06,
24,2025-06-25 22:00:00,2.15,0.37,0.0,0.0,91.35,3.44,3.79,4.05,0.07,
24,2025-06-25 23:00:00,2.08,0.19,0.0,0.0,90.8,2.26,3.21,4.52,0.07,
24,2025-06-26 00:00:00,1.78,0.39,0.0,0.0,92.38,1.9,2.59,3.65,0.06,
24,2025-06-26 01:00:00,1.92,0.36,0.0,0.0,92.53,1.93,2.56,3.0,0.05,
24,2025-06-26 02:00:00,1.25,0.26,0.0,0.0,93.18,2.46,3.03,3.83,0.05,
24,2025-06-26 03:00:00,1.02,0.05,0.0,0.0,90.3,3.2,3.68,4.07,0.08,
24,2025-06-26 04:00:00,1.25,0.16,0.0,0.0,93.38,1.28,1.79,2.56,0.05,
24,2025-06-26 05:00:00,1.18,0.08,0.0,0.0,94.98,-0.02,0.44,0.84,0.03,
24,2025-06-26 06:00:00,1.18,0.12,0.0,0.0,95.88,-0.3,-0.19,-0.1,0.03,
24,2025-06-26 07:00:00,1.25,0.07,0.0,0.0,96.3,0.16,0.58,1.02,0.02,
24,2025-06-26 08:00:00,0.8,0.03,3.88,0.0,95.55,0.36,0.73,1.1,0.03,
24,2025-06-26 09:00:00,1.4,0.17,54.55,0.0,95.53,0.4,1.04,1.61,0.03,
24,2025-06-26 10:00:00,3.28,1.16,125.3,0.0,86.98,1.77,2.95,3.67,0.1,
24,2025-06-26 11:00:00,2.98,1.62,418.3,0.0,80.68,4.2,4.83,5.58,0.17,
24,2025-06-26 12:00:00,2.9,1.58,444.5,0.0,71.97,6.11,7.05,8.02,0.28,
24,2025-06-26 13:00:00,2.0,0.66,471.9,0.0,61.16,8.67,9.66,10.73,0.47,
24,2025-06-26 14:00:00,2.22,0.78,470.2,0.0,54.48,11.13,11.75,12.41,0.63,
24,2025-06-26 15:00:00,2.22,0.57,425.4,0.0,49.91,12.47,12.95,13.33,0.75,
24,2025-06-26 16:00:00,1.92,0.56,234.1,0.0,51.02,13.54,13.74,13.94,0.77,
24,2025-06-26 17:00:00,3.35,1.39,198.5,0.0,55.11,12.51,13.15,13.67,0.68,
24,2025-06-26 18:00:00,2.82,1.33,52.76,0.0,67.5,9.51,10.57,11.7,0.42,
24,2025-06-26 19:00:00,5.52,2.48,0.21,0.0,69.78,8.67,8.81,8.94,0.34,
24,2025-06-26 20:00:00,5.15,2.61,0.0,0.0,72.5,7.2,7.93,8.51,0.3,
24,2025-06-26 21:00:00,4.55,2.2,0.0,0.0,77.97,6.29,6.7,6.97,0.22,
24,2025-06-26 22:00:00,2.98,0.94,0.0,0.0,81.05,5.62,5.78,5.97,0.18,
24,2025-06-26 23:00:00,1.92,0.48,0.0,0.0,86.85,3.8,4.52,5.49,0.11,
24,2025-06-27 00:00:00,1.7,0.67,0.0,0.0,84.3,3.86,4.45,5.06,0.13,
24,2025-06-27 01:00:00,2.0,0.36,0.0,0.0,85.88,3.16,3.77,4.23,0.11,
24,2025-06-27 02:00:00,2.0,0.54,0.0,0.0,91.1,2.56,3.05,3.47,0.07,
24,2025-06-27 03:00:00,1.48,0.18,0.0,0.0,93.73,1.76,1.91,1.97,0.04,
24,2025-06-27 04:00:00,0.0,0.0,0.0,0.0,94.65,1.35,1.54,1.67,0.04,
24,2025-06-27 05:00:00,0.42,0.01,0.0,0.0,95.45,1.01,1.22,1.53,0.03,
24,2025-06-27 06:00:00,1.78,0.32,0.0,0.0,94.88,1.51,2.05,2.42,0.04,
24,2025-06-27 07:00:00,2.68,0.69,0.0,0.0,89.93,2.42,3.31,4.03,0.08,
24,2025-06-27 08:00:00,3.72,1.61,3.12,0.0,86.83,4.04,4.12,4.24,0.11,
24,2025-06-27 09:00:00,2.38,0.66,57.87,0.0,89.18,3.66,3.76,3.92,0.09,
24,2025-06-27 10:00:00,2.22,0.69,151.9,0.0,84.18,4.46,4.99,5.69,0.14,
24,2025-06-27 11:00:00,3.65,1.18,166.7,0.0,79.53,5.93,6.01,6.22,0.19,
24,2025-06-27 12:00:00,4.32,2.15,223.1,0.0,74.02,6.46,7.0,7.33,0.26,
24,2025-06-27 13:00:00,3.72,1.94,200.0,0.0,70.38,7.21,7.56,7.96,0.31,
24,2025-06-27 14:00:00,2.22,0.63,209.0,0.0,66.92,8.25,8.31,8.44,0.36,
24,2025-06-27 15:00:00,1.4,0.37,115.5,0.0,69.58,8.1,8.14,8.18,0.33,
24,2025-06-27 16:00:00,4.25,1.76,97.4,0.0,75.07,7.04,7.67,8.21,0.26,
24,2025-06-27 17:00:00,4.47,2.4,79.46,0.0,79.32,6.77,6.83,6.9,0.2,
24,2025-06-27 18:00:00,3.65,1.25,12.76,0.0,82.05,6.17,6.41,6.6,0.17,
24,2025-06-27 19:00:00,1.92,0.65,0.06,0.0,83.7,5.69,6.08,6.52,0.15,
24,2025-06-27 20:00:00,4.78,2.12,0.0,0.0,82.85,5.62,5.78,5.96,0.16,
24,2025-06-27 21:00:00,3.58,1.28,0.0,0.0,83.18,5.54,5.87,6.08,0.16,
24,2025-06-27 22:00:00,1.02,0.06,0.0,0.0,87.38,4.9,5.18,5.4,0.12,
24,2025-06-27 23:00:00,1.25,0.22,0.0,0.0,88.45,4.57,4.94,5.2,0.1,
24,2025-06-28 00:00:00,2.45,0.65,0.0,0.0,89.4,4.75,4.82,4.95,0.09,
24,2025-06-28 01:00:00,2.9,1.12,0.0,0.0,85.9,4.7,5.28,5.54,0.13,
24,2025-06-28 02:00:00,3.2,0.77,0.0,0.0,87.75,4.98,5.07,5.19,0.11,
24,2025-06-28 03:00:00,0.8,0.03,0.0,0.0,89.73,4.26,4.63,5.0,0.09,
24,2025-06-28 04:00:00,2.08,0.49,0.0,0.0,92.63,3.71,3.85,4.0,0.06,
24,2025-06-28 05:00:00,1.1,0.09,0.0,0.0,93.6,2.35,3.06,3.7,0.05,
24,2025-06-28 06:00:00,2.6,1.03,0.0,0.0,94.65,2.44,3.33,3.79,0.04,
24,2025-06-28 07:00:00,2.82,1.22,0.0,0.0,92.73,4.05,4.33,4.54,0.06,
24,2025-06-28 08:00:00,4.18,2.25,1.41,0.0,91.35,4.57,4.62,4.69,0.07,
24,2025-06-28 09:00:00,3.65,2.02,21.05,0.0,91.03,4.54,4.57,4.62,0.08,
24,2025-06-28 10:00:00,2.6,1.21,55.69,0.0,90.95,4.65,4.74,4.92,0.08,
24,2025-06-28 11:00:00,1.7,0.48,124.4,0.0,86.48,5.22,5.38,5.55,0.12,
24,2025-06-28 12:00:00,2.15,0.64,251.9,0.0,84.35,5.74,5.97,6.23,0.15,
24,2025-06-28 13:00:00,3.2,1.37,273.0,0.0,81.95,6.49,6.74,7.08,0.18,
24,2025-06-28 14:00:00,4.25,1.68,481.2,0.0,78.91,7.07,7.78,8.53,0.23,
24,2025-06-28 15:00:00,3.12,1.26,425.0,0.0,70.81,9.07,9.32,9.72,0.35,
24,2025-06-28 16:00:00,3.65,1.84,190.4,0.0,69.14,9.32,9.63,9.93,0.37,
24,2025-06-28 17:00:00,3.58,1.85,194.8,0.0,67.09,9.48,9.72,9.93,0.4,
24,2025-06-28 18:00:00,3.05,1.47,70.43,0.0,68.46,7.65,8.48,9.25,0.35,
24,2025-06-28 19:00:00,1.48,0.22,0.28,0.0,78.95,5.06,6.19,7.16,0.2,
24,2025-06-28 20:00:00,0.8,0.02,0.0,0.0,88.88,3.04,3.72,4.6,0.09,
24,2025-06-28 21:00:00,0.42,0.0,0.0,0.0,92.38,0.87,1.6,2.39,0.05,
24,2025-06-28 22:00:00,0.88,0.04,0.0,0.0,94.3,0.48,0.66,0.76,0.04,
24,2025-06-28 23:00:00,0.72,0.01,0.0,0.0,94.65,-0.34,-0.03,0.28,0.03,
24,2025-06-29 00:00:00,0.72,0.03,0.0,0.0,95.08,-1.05,-0.7,-0.42,0.03,
24,2025-06-29 01:00:00,0.8,0.08,0.0,0.0,95.63,-1.3,-1.07,-0.92,0.02,
24,2025-06-29 02:00:00,0.88,0.04,0.0,0.0,95.55,-1.56,-1.37,-1.08,0.02,
24,2025-06-29 03:00:00,0.8,0.02,0.0,0.0,95.18,-2.35,-2.09,-1.66,0.03,
24,2025-06-29 04:00:00,0.72,0.02,0.0,0.0,95.33,-2.27,-2.12,-2.04,0.02,
24,2025-06-29 05:00:00,1.1,0.14,0.0,0.0,95.15,-2.46,-2.34,-2.24,0.03,
24,2025-06-29 06:00:00,1.1,0.11,0.0,0.0,96.1,-2.37,-1.98,-1.72,0.02,
24,2025-06-29 07:00:00,1.32,0.15,0.0,0.0,96.25,-1.84,-1.57,-1.44,0.02,
24,2025-06-29 08:00:00,1.55,0.07,4.18,0.0,95.6,-2.4,-1.59,-0.84,0.03,
24,2025-06-29 09:00:00,1.7,0.56,87.7,0.0,96.23,-1.73,-0.77,-0.13,0.02,
24,2025-06-29 10:00:00,1.85,0.4,170.4,0.0,96.63,-0.03,0.13,0.47,0.02,
24,2025-06-29 11:00:00,2.08,0.6,251.7,0.0,95.0,0.79,1.42,2.0,0.04,
24,2025-06-29 12:00:00,2.68,1.29,422.8,0.0,86.15,2.16,2.7,3.61,0.11,
24,2025-06-29 13:00:00,3.8,1.98,502.8,0.0,76.05,4.09,4.85,5.61,0.21,
24,2025-06-29 14:00:00,5.08,2.79,496.5,0.0,66.39,6.22,6.53,6.7,0.33,
24,2025-06-29 15:00:00,4.7,3.03,451.8,0.0,65.63,6.44,6.5,6.62,0.33,
24,2025-06-29 16:00:00,5.9,3.08,256.8,0.0,61.58,6.55,6.68,6.8,0.38,
24,2025-06-29 17:00:00,5.38,2.87,222.0,0.0,67.72,5.66,5.99,6.49,0.3,
24,2025-06-29 18:00:00,5.08,2.27,64.65,0.0,77.6,3.61,4.23,4.96,0.19,
24,2025-06-29 19:00:00,3.65,1.37,0.22,0.0,75.85,3.04,3.19,3.3,0.19,
24,2025-06-29 20:00:00,2.45,0.47,0.0,0.0,80.89,0.85,2.1,3.09,0.14,
24,2025-06-29 21:00:00,1.18,0.06,0.0,0.0,91.0,-1.85,-0.9,0.2,0.05,
24,2025-06-29 22:00:00,0.95,0.03,0.0,0.0,93.35,-2.59,-2.43,-2.26,0.03,
24,2025-06-29 23:00:00,0.8,0.02,0.0,0.0,93.75,-2.86,-2.7,-2.54,0.03,
24,2025-06-30 00:00:00,0.8,0.05,0.0,0.0,93.63,-2.99,-2.88,-2.78,0.03,
24,2025-06-30 01:00:00,0.95,0.08,0.0,0.0,93.05,-3.35,-3.25,-3.01,0.03,
24,2025-06-30 02:00:00,0.65,0.01,0.0,0.0,92.8,-4.11,-3.98,-3.78,0.03,
24,2025-06-30 03:00:00,0.0,0.0,0.0,0.0,93.03,-4.43,-4.27,-4.07,0.03,
24,2025-06-30 04:00:00,0.57,0.01,0.0,0.0,92.6,-4.66,-4.52,-4.46,0.03,
24,2025-06-30 05:00:00,0.72,0.03,0.0,0.0,93.53,-4.15,-3.76,-3.49,0.03,
24,2025-06-30 06:00:00,0.28,0.0,0.0,0.0,93.23,-3.62,-3.58,-3.54,0.03,
24,2025-06-30 07:00:00,0.65,0.01,0.0,0.0,93.63,-3.5,-3.35,-3.21,0.03,
24,2025-06-30 08:00:00,0.0,0.0,2.81,0.0,92.73,-3.85,-3.64,-3.44,0.03,
24,2025-06-30 09:00:00,0.0,0.0,61.23,0.0,92.85,-4.08,-3.56,-2.68,0.03,
24,2025-06-30 10:00:00,2.38,0.61,295.9,0.0,89.28,-1.39,-0.3,0.4,0.07,
24,2025-06-30 11:00:00,3.28,1.77,401.3,0.0,85.16,0.58,1.25,1.98,0.1,
24,2025-06-30 12:00:00,3.8,1.91,475.4,0.0,72.53,2.6,3.46,4.26,0.22,
24,2025-06-30 13:00:00,3.35,1.68,500.9,0.0,62.87,4.77,5.63,6.24,0.34,
24,2025-06-30 14:00:00,3.05,1.84,547.6,0.0,56.43,6.92,7.68,8.32,0.46,
24,2025-06-30 15:00:00,3.42,2.1,505.0,0.0,47.2,8.82,9.36,9.69,0.62,
24,2025-06-30 16:00:00,3.28,1.77,187.4,0.0,45.61,9.33,9.59,9.74,0.65,
24,2025-06-30 17:00:00,2.22,0.83,114.2,0.0,49.6,8.4,8.82,9.15,0.57,
24,2025-06-30 18:00:00,1.25,0.34,29.24,0.0,56.82,6.64,7.34,7.93,0.45,
24,2025-06-30 19:00:00,0.95,0.04,0.11,0.0,71.58,3.77,4.74,5.96,0.25,
24,2025-06-30 20:00:00,1.1,0.04,0.0,0.0,81.5,1.54,2.3,3.42,0.14,
24,2025-06-30 21:00:00,1.1,0.2,0.0,0.0,83.26,0.37,1.16,2.48,0.11,
24,2025-06-30 22:00:00,0.88,0.05,0.0,0.0,86.58,0.7,0.89,1.09,0.09,
24,2025-06-30 23:00:00,1.18,0.08,0.0,0.0,82.04,0.93,1.72,2.54,0.13,
24,2025-07-01 00:00:00,0.57,0.02,0.0,0.0,83.8,1.58,1.79,2.09,0.11,
24,2025-07-01 01:00:00,1.55,0.16,0.0,0.0,83.78,2.0,2.08,2.15,0.12,
24,2025-07-01 02:00:00,3.05,1.16,0.0,0.0,75.11,2.17,2.97,3.72,0.19,
24,2025-07-01 03:00:00,2.9,1.32,0.0,0.0,68.97,3.89,4.26,4.92,0.26,
24,2025-07-01 04:00:00,3.05,0.91,0.0,0.0,70.73,3.4,3.84,4.25,0.24,
24,2025-07-01 05:00:00,1.4,0.43,0.0,0.0,77.03,2.99,3.25,3.44,0.18,
24,2025-07-01 06:00:00,1.92,0.65,0.0,0.0,79.06,2.86,2.99,3.09,0.16,
24,2025-07-01 07:00:00,1.92,0.32,0.0,0.0,81.14,2.92,3.03,3.16,0.15,
24,2025-07-01 08:00:00,2.15,0.77,3.47,0.0,77.03,2.95,3.48,3.9,0.18,
24,2025-07-01 09:00:00,1.85,0.22,40.56,0.0,71.46,4.28,4.72,5.02,0.25,
24,2025-07-01 10:00:00,1.78,0.51,259.2,0.0,69.29,4.8,5.29,6.16,0.28,
24,2025-07-01 11:00:00,1.85,0.74,370.7,0.0,58.47,6.97,7.91,8.73,0.44,
24,2025-07-01 12:00:00,1.85,0.55,455.1,0.0,52.44,9.58,10.78,11.55,0.62,
24,2025-07-01 13:00:00,2.22,0.73,484.4,0.0,42.81,12.13,13.22,14.2,0.87,
24,2025-07-01 14:00:00,2.15,0.4,483.9,0.0,31.6,14.87,15.82,16.52,1.23,
24,2025-07-01 15:00:00,1.85,0.71,359.6,0.0,28.66,16.22,16.49,16.79,1.34,
24,2025-07-01 16:00:00,2.75,0.8,167.6,0.0,30.12,16.63,17.21,17.72,1.37,
24,2025-07-01 17:00:00,2.22,0.72,125.4,0.0,36.66,15.01,15.66,16.25,1.13,
24,2025-07-01 18:00:00,1.48,0.43,23.82,0.0,38.45,12.97,13.71,14.45,0.97,
24,2025-07-01 19:00:00,1.55,0.31,0.04,0.0,55.1,10.62,11.31,12.37,0.61,
24,2025-07-01 20:00:00,1.7,0.36,0.0,0.0,62.6,9.13,9.67,10.63,0.45,
24,2025-07-01 21:00:00,0.95,0.09,0.0,0.0,71.82,7.68,8.28,8.86,0.31,
24,2025-07-01 22:00:00,1.1,0.2,0.0,0.0,71.98,7.39,7.57,7.94,0.29,
24,2025-07-01 23:00:00,1.18,0.05,0.0,0.0,74.44,6.51,7.35,8.18,0.26,
24,2025-07-02 00:00:00,1.32,0.08,0.0,0.0,79.52,5.54,5.85,6.28,0.19,
24,2025-07-02 01:00:00,1.7,0.21,0.0,0.0,81.85,3.21,4.41,6.15,0.16,
24,2025-07-02 02:00:00,0.88,0.04,0.0,0.0,88.93,1.39,2.3,3.02,0.08,
24,2025-07-02 03:00:00,0.8,0.02,0.0,0.0,91.53,0.54,0.97,1.2,0.06,
24,2025-07-02 04:00:00,0.57,0.0,0.0,0.0,92.43,0.26,0.51,0.89,0.05,
24,2025-07-02 05:00:00,0.65,0.01,0.0,0.0,92.65,0.4,0.5,0.67,0.05,
24,2025-07-02 06:00:00,0.8,0.02,0.0,0.0,93.58,0.22,0.3,0.37,0.04,
24,2025-07-02 07:00:00,1.1,0.07,0.0,0.0,93.15,0.05,0.45,1.04,0.04,
24,2025-07-02 08:00:00,0.65,0.01,4.68,0.0,92.38,0.01,0.38,0.9,0.05,
24,2025-07-02 09:00:00,0.72,0.02,108.6,0.0,92.68,-0.12,0.65,1.94,0.05,
24,2025-07-02 10:00:00,1.1,0.13,247.7,0.0,74.47,4.01,5.51,6.79,0.23,
24,2025-07-02 11:00:00,1.25,0.22,371.8,0.0,58.32,7.88,9.79,11.14,0.51,
24,2025-07-02 12:00:00,1.7,0.61,466.8,0.0,49.24,11.57,12.41,13.34,0.74,
24,2025-07-02 13:00:00,2.3,0.87,474.6,0.0,39.75,14.1,15.04,15.81,1.04,
24,2025-07-02 14:00:00,2.75,0.6,462.1,0.0,36.85,16.53,17.65,18.54,1.28,
24,2025-07-02 15:00:00,3.12,1.77,401.6,0.0,43.1,17.09,17.64,18.05,1.15,
24,2025-07-02 16:00:00,2.98,1.47,139.0,0.0,40.45,16.68,17.04,17.41,1.16,
24,2025-07-02 17:00:00,2.38,1.18,196.8,0.0,44.44,16.14,16.53,16.82,1.05,
24,2025-07-02 18:00:00,2.15,1.11,69.41,0.0,56.51,12.9,14.27,15.63,0.71,
24,2025-07-02 19:00:00,1.4,0.09,0.24,0.0,74.58,7.9,9.78,12.0,0.32,
24,2025-07-02 20:00:00,1.02,0.09,0.0,0.0,85.83,5.91,6.52,7.26,0.14,
24,2025-07-02 21:00:00,0.72,0.02,0.0,0.0,88.85,4.72,5.53,5.88,0.1,
24,2025-07-02 22:00:00,1.02,0.04,0.0,0.0,90.08,4.16,4.57,5.07,0.09,
24,2025-07-02 23:00:00,0.35,0.0,0.0,0.0,92.3,3.08,3.39,3.7,0.06,
24,2025-07-03 00:00:00,0.57,0.0,0.0,0.0,93.48,2.44,2.58,2.85,0.05,
24,2025-07-03 01:00:00,0.65,0.01,0.0,0.0,94.78,2.04,2.11,2.21,0.04,
24,2025-07-03 02:00:00,0.65,0.02,0.0,0.0,94.6,1.63,1.82,2.2,0.04,
24,2025-07-03 03:00:00,0.65,0.01,0.0,0.0,94.93,0.8,0.92,1.13,0.03,
24,2025-07-03 04:00:00,0.65,0.02,0.0,0.0,96.2,1.43,1.57,1.8,0.03,
24,2025-07-03 05:00:00,0.88,0.07,0.0,0.0,95.38,0.42,0.8,1.58,0.03,
24,2025-07-03 06:00:00,0.95,0.04,0.0,0.0,95.8,0.07,0.59,0.88,0.03,
24,2025-07-03 07:00:00,0.72,0.0,0.0,0.0,96.05,0.14,0.51,0.83,0.03,
24,2025-07-03 08:00:00,0.95,0.07,3.34,0.0,95.75,-0.61,-0.32,-0.07,0.03,
24,2025-07-03 09:00:00,0.28,0.0,124.8,0.0,95.53,-0.51,1.35,3.5,0.03,
24,2025-07-03 10:00:00,2.22,0.63,263.4,0.0,79.18,5.2,6.62,7.59,0.2,
24,2025-07-03 11:00:00,2.75,0.83,383.0,0.0,67.53,8.51,9.74,10.66,0.4,
24,2025-07-03 12:00:00,2.45,1.02,433.3,0.0,60.07,11.3,12.43,13.53,0.58,
24,2025-07-03 13:00:00,2.15,0.53,503.3,0.0,52.5,14.33,15.35,16.31,0.84,
24,2025-07-03 14:00:00,4.18,1.74,495.0,0.0,48.57,16.84,17.3,17.57,1.02,
24,2025-07-03 15:00:00,3.72,2.15,388.8,0.0,50.64,16.91,17.08,17.31,0.96,
24,2025-07-03 16:00:00,3.35,1.66,211.7,0.0,50.98,17.32,17.49,17.73,0.98,
24,2025-07-03 17:00:00,3.58,2.11,164.2,0.0,54.1,15.69,16.34,16.97,0.85,
24,2025-07-03 18:00:00,2.9,1.38,39.93,0.0,57.17,13.14,14.1,15.02,0.69,
24,2025-07-03 19:00:00,1.32,0.18,0.64,0.0,74.9,8.41,10.09,12.08,0.32,
24,2025-07-03 20:00:00,1.18,0.14,0.0,0.0,81.7,7.17,8.08,8.64,0.2,
24,2025-07-03 21:00:00,0.8,0.08,0.0,0.0,89.1,5.17,5.88,6.16,0.1,
24,2025-07-03 22:00:00,0.88,0.08,0.0,0.0,91.6,4.76,4.96,5.25,0.07,
24,2025-07-03 23:00:00,0.8,0.03,0.0,0.0,90.55,4.35,5.12,6.0,0.08,
24,2025-07-04 00:00:00,1.32,0.23,0.0,0.0,93.58,3.4,3.99,4.61,0.06,
24,2025-07-04 01:00:00,1.7,0.22,0.0,0.0,88.63,4.4,5.43,6.18,0.11,
24,2025-07-04 02:00:00,0.8,0.02,0.0,0.0,93.8,2.47,2.96,3.67,0.05,
24,2025-07-04 03:00:00,1.1,0.07,0.0,0.0,94.73,1.64,2.28,2.99,0.04,
24,2025-07-04 04:00:00,0.0,0.0,0.0,0.0,95.5,1.15,1.38,1.65,0.03,
24,2025-07-04 05:00:00,0.72,0.02,0.0,0.0,95.5,0.8,1.33,2.19,0.03,
24,2025-07-04 06:00:00,0.0,0.0,0.0,0.0,95.5,-0.05,0.29,0.58,0.03,
24,2025-07-04 07:00:00,0.35,0.0,0.0,0.0,95.88,-0.2,0.04,0.32,0.03,
24,2025-07-04 08:00:00,0.57,0.01,3.69,0.0,96.5,0.14,0.55,1.13,0.02,
24,2025-07-04 09:00:00,0.42,0.0,125.4,0.0,96.85,-0.03,1.0,2.56,0.02,
24,2025-07-04 10:00:00,1.55,0.4,260.7,0.0,90.43,4.58,5.91,7.08,0.09,
24,2025-07-04 11:00:00,2.52,1.38,371.9,0.0,78.8,7.79,8.88,9.85,0.24,
24,2025-07-04 12:00:00,2.52,0.98,454.1,0.0,69.72,10.57,11.43,12.33,0.41,
24,2025-07-04 13:00:00,1.55,0.37,440.7,0.0,57.98,13.1,14.34,15.68,0.69,
24,2025-07-04 14:00:00,1.62,0.5,457.5,0.0,48.46,16.1,16.82,17.51,0.99,
24,2025-07-04 15:00:00,1.7,0.54,385.0,0.0,43.55,17.88,18.39,18.82,1.2,
24,2025-07-04 16:00:00,1.18,0.11,210.1,0.0,41.76,18.95,19.63,20.37,1.33,
24,2025-07-04 17:00:00,1.25,0.25,175.4,0.0,49.4,17.44,18.64,19.81,1.1,
24,2025-07-04 18:00:00,1.4,0.13,39.94,0.0,63.52,13.23,14.71,16.2,0.62,
24,2025-07-04 19:00:00,1.4,0.17,0.31,0.0,78.22,9.72,11.27,12.28,0.3,
24,2025-07-04 20:00:00,0.8,0.07,0.0,0.0,90.0,7.79,8.16,8.61,0.11,
24,2025-07-04 21:00:00,1.4,0.14,0.0,0.0,94.33,6.44,6.88,7.87,0.06,
24,2025-07-04 22:00:00,2.15,0.77,0.0,0.0,94.48,7.68,7.9,8.32,0.06,
24,2025-07-04 23:00:00,1.78,0.5,0.0,0.0,95.48,7.26,7.91,8.56,0.05,
24,2025-07-05 00:00:00,2.68,1.11,0.0,0.0,92.75,8.59,8.91,9.28,0.09,
24,2025-07-05 01:00:00,1.85,0.73,0.0,0.0,90.63,9.38,9.44,9.48,0.11,
24,2025-07-05 02:00:00,1.62,0.22,0.0,0.0,92.65,8.7,8.87,9.05,0.08,
24,2025-07-05 03:00:00,2.9,1.12,0.0,0.0,85.73,9.4,9.47,9.54,0.17,
24,2025-07-05 04:00:00,1.62,0.53,0.0,0.0,86.03,9.23,9.32,9.42,0.16,
24,2025-07-05 05:00:00,2.15,0.96,0.0,0.0,88.3,9.21,9.26,9.28,0.14,
24,2025-07-05 06:00:00,2.45,1.06,0.0,0.0,88.78,9.13,9.18,9.21,0.13,
24,2025-07-05 07:00:00,2.68,0.38,0.0,0.0,88.73,8.94,9.03,9.14,0.13,
24,2025-07-05 08:00:00,2.68,0.85,0.84,0.0,90.08,8.95,9.09,9.15,0.11,
24,2025-07-05 09:00:00,3.88,1.66,61.32,0.0,85.08,9.15,9.52,9.73,0.18,
24,2025-07-05 10:00:00,3.35,1.04,92.0,0.0,83.13,9.92,10.11,10.31,0.21,
24,2025-07-05 11:00:00,3.58,1.26,317.5,0.0,73.33,11.0,11.53,11.9,0.36,
24,2025-07-05 12:00:00,2.3,0.71,99.5,0.0,72.35,11.44,11.49,11.55,0.38,
24,2025-07-05 13:00:00,1.4,0.3,264.0,0.0,67.11,11.9,12.45,12.78,0.48,
24,2025-07-05 14:00:00,1.48,0.34,244.4,0.0,65.4,12.7,13.04,13.38,0.52,
24,2025-07-05 15:00:00,1.48,0.27,152.8,0.0,66.03,12.97,13.14,13.39,0.52,
24,2025-07-05 16:00:00,1.78,0.34,152.5,0.0,64.7,13.43,13.5,13.52,0.55,
24,2025-07-05 17:00:00,1.02,0.18,96.2,0.0,67.16,13.22,13.27,13.36,0.5,
24,2025-07-05 18:00:00,0.72,0.02,34.4,0.0,73.57,12.01,12.32,12.81,0.38,
24,2025-07-05 19:00:00,0.0,0.0,0.14,0.0,77.36,11.56,11.75,11.9,0.32,
24,2025-07-05 20:00:00,0.88,0.04,0.0,0.0,79.8,11.24,11.31,11.39,0.27,
24,2025-07-05 21:00:00,2.08,0.71,0.0,0.0,79.01,11.2,11.24,11.3,0.28,
24,2025-07-05 22:00:00,2.45,1.37,0.0,0.0,81.12,10.3,10.68,11.12,0.24,
24,2025-07-05 23:00:00,2.3,0.87,0.0,0.0,77.12,10.57,10.93,11.13,0.3,
24,2025-07-06 00:00:00,4.55,2.09,0.0,0.0,74.31,10.37,11.05,11.74,0.34,
24,2025-07-06 01:00:00,3.95,0.94,0.0,0.0,77.76,10.55,10.75,10.92,0.29,
24,2025-07-06 02:00:00,2.9,0.9,0.0,0.0,75.84,10.78,11.22,11.55,0.33,
24,2025-07-06 03:00:00,2.52,0.53,0.0,0.0,74.89,11.4,11.53,11.72,0.34,
24,2025-07-06 04:00:00,3.05,1.01,0.0,0.0,77.85,10.48,10.91,11.18,0.29,
24,2025-07-06 05:00:00,2.75,0.91,0.0,0.0,80.69,9.99,10.31,10.54,0.24,
24,2025-07-06 06:00:00,2.22,0.46,0.0,0.0,83.43,8.71,9.6,9.96,0.2,
24,2025-07-06 07:00:00,1.4,0.51,0.0,0.0,88.48,7.28,7.94,8.33,0.13,
24,2025-07-06 08:00:00,2.3,0.75,4.38,0.0,90.45,6.63,6.89,7.16,0.09,
24,2025-07-06 09:00:00,2.52,1.14,102.3,0.0,81.48,7.53,8.73,9.45,0.21,
24,2025-07-06 10:00:00,2.15,0.98,252.1,0.0,70.17,10.42,11.84,13.46,0.42,
24,2025-07-06 11:00:00,2.6,1.43,374.4,0.0,62.2,14.3,14.76,15.32,0.64,
24,2025-07-06 12:00:00,2.75,1.18,448.4,0.0,58.57,15.59,15.88,16.02,0.75,
24,2025-07-06 13:00:00,2.38,0.9,473.1,0.0,55.27,16.02,16.53,16.97,0.84,
24,2025-07-06 14:00:00,2.9,1.31,471.3,0.0,54.7,17.09,17.44,17.78,0.9,
24,2025-07-06 15:00:00,4.62,1.41,434.7,0.0,54.48,17.82,17.96,18.15,0.94,
24,2025-07-06 16:00:00,4.03,1.84,247.5,0.0,55.14,17.64,17.91,18.25,0.92,
24,2025-07-06 17:00:00,3.05,1.54,211.2,0.0,58.02,16.7,17.21,17.5,0.82,
24,2025-07-06 18:00:00,3.12,1.41,62.73,0.0,67.35,14.31,15.22,16.25,0.57,
24,2025-07-06 19:00:00,1.92,0.71,0.5,0.0,76.2,11.09,12.78,13.75,0.36,
24,2025-07-06 20:00:00,2.0,0.64,0.0,0.0,79.87,10.75,11.0,11.36,0.27,
24,2025-07-06 21:00:00,0.8,0.02,0.0,0.0,88.25,7.7,8.76,9.97,0.14,
24,2025-07-06 22:00:00,0.95,0.17,0.0,0.0,93.1,6.1,6.71,7.29,0.07,
24,2025-07-06 23:00:00,0.88,0.02,0.0,0.0,94.2,5.22,5.45,5.85,0.05,
24,2025-07-07 00:00:00,0.95,0.05,0.0,0.0,94.73,4.1,4.42,4.83,0.05,
24,2025-07-07 01:00:00,0.72,0.04,0.0,0.0,95.45,4.44,4.98,5.55,0.04,
24,2025-07-07 02:00:00,0.0,0.0,0.0,0.0,94.88,2.91,3.54,4.12,0.04,
24,2025-07-07 03:00:00,0.65,0.03,0.0,0.0,95.73,2.67,2.8,2.9,0.03,
24,2025-07-07 04:00:00,0.8,0.02,0.0,0.0,96.38,1.72,2.14,2.42,0.02,
24,2025-07-07 05:00:00,0.0,0.0,0.0,0.0,96.73,1.03,1.31,1.5,0.02,
24,2025-07-07 06:00:00,0.88,0.09,0.0,0.0,96.9,0.54,1.29,2.15,0.02,
24,2025-07-07 07:00:00,1.1,0.06,0.0,0.0,96.98,0.02,0.22,0.43,0.02,
24,2025-07-07 08:00:00,1.02,0.03,4.68,0.0,97.08,-0.12,0.01,0.11,0.02,
24,2025-07-07 09:00:00,1.1,0.06,138.0,0.0,97.53,-0.21,1.33,3.28,0.02,
24,2025-07-07 10:00:00,1.85,0.45,278.9,0.0,93.0,4.58,5.65,7.17,0.07,
24,2025-07-07 11:00:00,1.62,0.54,396.2,0.0,71.68,8.6,10.34,12.16,0.36,
24,2025-07-07 12:00:00,3.35,1.61,479.0,0.0,60.95,12.78,13.82,14.54,0.62,
24,2025-07-07 13:00:00,3.8,2.23,508.6,0.0,50.09,15.13,15.56,16.08,0.88,
24,2025-07-07 14:00:00,3.42,1.9,507.4,0.0,40.02,16.42,17.04,17.55,1.17,
24,2025-07-07 15:00:00,2.75,1.61,466.7,0.0,38.5,17.79,18.07,18.4,1.28,
24,2025-07-07 16:00:00,2.9,1.4,264.8,0.0,41.71,18.65,18.79,18.88,1.27,
24,2025-07-07 17:00:00,4.62,2.12,233.8,0.0,48.05,16.92,18.06,18.92,1.08,
24,2025-07-07 18:00:00,4.92,2.59,71.8,0.0,61.21,14.17,15.17,16.25,0.67,
24,2025-07-07 19:00:00,4.4,0.75,0.54,0.0,69.34,11.51,12.29,13.27,0.44,
24,2025-07-07 20:00:00,5.9,1.67,0.0,0.0,74.69,10.54,11.76,13.11,0.36,
24,2025-07-07 21:00:00,1.62,0.15,0.0,0.0,86.57,7.05,8.93,10.48,0.16,
24,2025-07-07 22:00:00,1.18,0.2,0.0,0.0,92.08,5.33,5.99,6.26,0.08,
24,2025-07-07 23:00:00,0.95,0.09,0.0,0.0,94.55,4.7,4.79,4.94,0.05,
24,2025-07-08 00:00:00,0.0,0.0,0.0,0.0,94.65,4.15,4.36,4.6,0.05,
24,2025-07-08 01:00:00,3.8,0.54,0.0,0.0,96.75,4.96,5.91,7.73,0.03,
24,2025-07-08 02:00:00,1.62,0.47,0.0,0.0,97.5,6.75,6.99,7.12,0.02,
24,2025-07-08 03:00:00,2.82,0.98,0.0,0.0,97.83,7.07,7.86,9.15,0.02,
24,2025-07-08 04:00:00,3.12,1.46,0.0,0.0,93.7,9.24,9.37,9.47,0.08,
24,2025-07-08 05:00:00,2.15,0.41,0.0,0.0,92.0,7.11,7.44,8.31,0.08,
24,2025-07-08 06:00:00,1.78,0.7,0.0,0.0,92.6,5.43,6.09,6.59,0.07,
24,2025-07-08 07:00:00,1.4,0.16,0.0,0.0,94.1,4.81,5.02,5.49,0.05,
24,2025-07-08 08:00:00,2.75,0.9,2.55,0.0,89.55,5.69,7.46,8.42,0.11,
24,2025-07-08 09:00:00,2.52,0.83,120.1,0.0,86.03,7.74,8.11,8.55,0.15,
24,2025-07-08 10:00:00,2.15,0.72,143.0,0.0,83.73,8.74,8.87,9.01,0.18,
24,2025-07-08 11:00:00,3.2,1.36,393.3,0.0,78.19,8.57,9.39,10.52,0.26,
24,2025-07-08 12:00:00,4.7,2.55,481.5,0.0,72.97,10.62,11.05,11.25,0.36,
24,2025-07-08 13:00:00,5.22,3.27,500.4,0.0,70.32,11.22,11.5,11.94,0.4,
24,2025-07-08 14:00:00,5.15,2.8,498.4,0.0,66.37,12.19,12.49,12.99,0.49,
24,2025-07-08 15:00:00,4.85,2.83,454.5,0.0,63.12,13.22,13.45,13.62,0.57,
24,2025-07-08 16:00:00,4.1,1.79,247.7,0.0,60.48,13.82,14.17,14.53,0.64,
24,2025-07-08 17:00:00,2.38,1.1,225.4,0.0,60.38,14.37,14.57,14.7,0.66,
24,2025-07-08 18:00:00,3.28,1.5,69.01,0.0,69.5,11.53,12.84,13.95,0.46,
24,2025-07-08 19:00:00,3.8,1.85,0.58,0.0,81.97,8.91,9.67,10.55,0.22,
24,2025-07-08 20:00:00,1.48,0.26,0.0,0.0,89.25,6.06,7.26,8.43,0.11,
24,2025-07-08 21:00:00,1.02,0.07,0.0,0.0,94.08,4.81,5.0,5.38,0.05,
24,2025-07-08 22:00:00,2.22,0.69,0.0,0.0,94.93,5.03,5.63,5.96,0.05,
24,2025-07-08 23:00:00,1.1,0.11,0.0,0.0,94.13,3.09,3.72,4.99,0.05,
24,2025-07-09 00:00:00,0.95,0.1,0.0,0.0,96.83,3.94,4.77,5.61,0.03,
24,2025-07-09 01:00:00,2.0,0.39,0.0,0.0,97.15,5.74,5.94,6.08,0.03,
24,2025-07-09 02:00:00,2.22,0.97,0.0,0.0,97.45,5.68,5.76,5.8,0.02,
24,2025-07-09 03:00:00,2.08,0.74,0.0,0.0,97.63,5.5,5.58,5.66,0.02,
24,2025-07-09 04:00:00,2.15,0.86,0.0,0.0,97.7,5.44,5.49,5.53,0.02,
24,2025-07-09 05:00:00,0.95,0.07,0.0,0.0,97.58,5.68,5.98,6.25,0.02,
24,2025-07-09 06:00:00,1.48,0.23,0.0,0.0,97.13,6.51,6.68,6.81,0.03,
24,2025-07-09 07:00:00,0.8,0.03,0.0,0.0,96.8,6.83,6.85,6.89,0.03,
24,2025-07-09 08:00:00,0.0,0.0,0.87,0.0,96.48,6.88,6.91,6.96,0.04,
24,2025-07-09 09:00:00,1.32,0.27,13.82,0.0,95.88,7.06,7.13,7.19,0.04,
24,2025-07-09 10:00:00,1.02,0.07,36.88,0.0,95.98,7.24,7.34,7.47,0.04,
24,2025-07-09 11:00:00,0.0,0.0,64.04,0.0,94.38,7.66,7.83,8.09,0.06,
24,2025-07-09 12:00:00,1.18,0.2,66.2,0.0,90.6,8.31,8.43,8.52,0.11,
24,2025-07-09 13:00:00,1.48,0.34,78.18,0.0,87.25,8.67,8.76,8.88,0.15,
24,2025-07-09 14:00:00,1.02,0.15,94.1,0.0,83.65,9.06,9.25,9.41,0.19,
24,2025-07-09 15:00:00,1.55,0.4,104.0,0.0,79.06,9.46,9.54,9.6,0.25,
24,2025-07-09 16:00:00,1.32,0.38,49.81,0.0,78.32,9.5,9.59,9.64,0.26,
24,2025-07-09 17:00:00,1.48,0.34,38.52,0.0,79.04,9.46,9.49,9.52,0.25,
24,2025-07-09 18:00:00,2.0,0.42,8.65,0.0,80.2,9.08,9.2,9.37,0.23,
24,2025-07-09 19:00:00,1.78,0.65,0.1,0.0,78.23,8.98,9.04,9.11,0.25,
24,2025-07-09 20:00:00,2.38,1.15,0.0,0.0,78.7,8.77,8.87,8.95,0.24,
24,2025-07-09 21:00:00,2.0,1.03,0.0,0.0,77.48,8.72,8.77,8.79,0.26,
24,2025-07-09 22:00:00,2.45,1.26,0.0,0.0,78.16,8.45,8.5,8.58,0.24,
24,2025-07-09 23:00:00,2.75,1.34,0.0,0.0,78.84,8.21,8.29,8.38,0.23,
24,2025-07-10 00:00:00,3.2,1.57,0.0,0.0,79.34,7.92,8.01,8.14,0.22,
24,2025-07-10 01:00:00,2.08,0.47,0.0,0.0,79.19,7.91,7.93,7.95,0.22,
24,2025-07-10 02:00:00,2.68,1.11,0.0,0.0,80.38,7.75,7.79,7.85,0.21,
24,2025-07-10 03:00:00,2.45,1.02,0.0,0.0,79.23,7.53,7.64,7.72,0.22,
24,2025-07-10 04:00:00,1.18,0.24,0.0,0.0,79.22,7.38,7.43,7.51,0.21,
24,2025-07-10 05:00:00,1.78,0.36,0.0,0.0,81.83,7.18,7.24,7.29,0.18,
24,2025-07-10 06:00:00,2.22,0.92,0.0,0.0,82.08,6.92,7.06,7.18,0.18,
24,2025-07-10 07:00:00,2.38,0.91,0.0,0.0,80.21,6.76,6.84,6.88,0.2,
24,2025-07-10 08:00:00,2.08,0.33,1.83,0.0,79.71,6.55,6.63,6.69,0.2,
24,2025-07-10 09:00:00,1.92,0.36,47.98,0.0,78.85,6.41,6.48,6.54,0.21,
24,2025-07-10 10:00:00,2.0,0.81,163.3,0.0,76.78,6.67,6.74,6.86,0.23,
24,2025-07-10 11:00:00,2.6,0.84,374.2,0.0,73.91,7.25,7.64,7.95,0.27,
24,2025-07-10 12:00:00,4.78,2.44,465.1,0.0,71.96,7.42,8.16,8.7,0.3,
24,2025-07-10 13:00:00,4.85,2.67,494.6,0.0,72.81,8.68,8.77,8.95,0.31,
24,2025-07-10 14:00:00,4.18,2.05,492.3,0.0,69.82,9.12,9.58,10.07,0.36,
24,2025-07-10 15:00:00,3.65,1.41,450.8,0.0,65.14,10.27,10.73,11.35,0.45,
24,2025-07-10 16:00:00,4.18,1.46,222.0,0.0,62.39,11.7,11.83,12.02,0.52,
24,2025-07-10 17:00:00,5.22,3.08,220.2,0.0,69.28,9.07,10.34,11.42,0.39,
24,2025-07-10 18:00:00,5.45,2.69,69.48,0.0,78.32,6.81,7.5,8.29,0.22,
24,2025-07-10 19:00:00,3.88,1.2,0.71,0.0,82.45,5.58,6.04,6.53,0.17,
24,2025-07-10 20:00:00,0.95,0.16,0.0,0.0,90.15,3.13,3.99,5.09,0.08,
24,2025-07-10 21:00:00,1.18,0.17,0.0,0.0,93.05,1.51,2.02,2.48,0.05,
24,2025-07-10 22:00:00,0.95,0.06,0.0,0.0,93.88,0.65,0.85,1.38,0.04,
24,2025-07-10 23:00:00,3.05,0.54,0.0,0.0,93.4,0.76,2.34,3.4,0.05,
24,2025-07-11 00:00:00,3.12,1.33,0.0,0.0,85.15,4.06,4.45,4.66,0.13,
24,2025-07-11 01:00:00,1.32,0.25,0.0,0.0,90.13,2.29,2.96,4.19,0.08,
24,2025-07-11 02:00:00,1.32,0.21,0.0,0.0,93.35,0.59,1.43,2.3,0.05,
24,2025-07-11 03:00:00,0.88,0.08,0.0,0.0,94.73,-1.22,-0.44,0.11,0.03,
24,2025-07-11 04:00:00,0.8,0.01,0.0,0.0,95.2,-1.98,-1.47,-1.06,0.03,
24,2025-07-11 05:00:00,0.42,0.0,0.0,0.0,95.53,-1.8,-1.53,-1.03,0.02,
24,2025-07-11 06:00:00,0.8,0.03,0.0,0.0,96.35,-0.67,0.03,0.93,0.02,
24,2025-07-11 07:00:00,1.55,0.49,0.0,0.0,96.85,1.28,1.45,1.6,0.02,
24,2025-07-11 08:00:00,1.85,0.41,4.0,0.0,97.0,0.26,0.43,0.87,0.02,
24,2025-07-11 09:00:00,1.62,0.29,53.79,0.0,97.38,-0.08,0.39,0.72,0.02,
24,2025-07-11 10:00:00,1.7,0.64,120.7,0.0,97.48,0.88,0.98,1.19,0.02,
24,2025-07-11 11:00:00,2.08,0.88,135.9,0.0,97.75,1.75,2.49,3.23,0.02,
24,2025-07-11 12:00:00,3.72,1.97,217.2,0.0,97.0,3.38,3.71,4.07,0.03,
24,2025-07-11 13:00:00,2.9,1.16,443.5,0.0,85.9,4.62,5.55,6.64,0.13,
24,2025-07-11 14:00:00,2.68,1.19,498.0,0.0,76.17,7.49,8.2,8.94,0.26,
24,2025-07-11 15:00:00,2.15,0.87,465.6,0.0,68.05,9.46,10.34,10.91,0.4,
24,2025-07-11 16:00:00,3.42,1.97,215.6,0.0,68.83,10.23,10.66,10.92,0.4,
24,2025-07-11 17:00:00,3.8,2.23,228.2,0.0,67.14,8.81,9.23,9.56,0.39,
24,2025-07-11 18:00:00,3.28,1.6,70.34,0.0,76.54,6.71,7.56,8.48,0.25,
24,2025-07-11 19:00:00,2.9,0.66,0.83,0.0,82.79,3.98,5.58,6.65,0.16,
24,2025-07-11 20:00:00,1.18,0.26,0.0,0.0,91.73,2.02,2.79,3.47,0.06,
24,2025-07-11 21:00:00,0.42,0.01,0.0,0.0,92.98,0.64,1.42,1.91,0.05,
24,2025-07-11 22:00:00,0.88,0.09,0.0,0.0,94.33,-0.12,0.37,0.78,0.03,
24,2025-07-11 23:00:00,1.1,0.02,0.0,0.0,94.98,-0.5,-0.29,0.06,0.03,
24,2025-07-12 00:00:00,0.72,0.03,0.0,0.0,95.43,-0.55,-0.29,-0.02,0.03,
24,2025-07-12 01:00:00,0.72,0.01,0.0,0.0,95.45,-0.79,-0.62,-0.5,0.03,
24,2025-07-12 02:00:00,0.0,0.0,0.0,0.0,95.1,-1.52,-1.2,-0.87,0.03,
24,2025-07-12 03:00:00,2.08,0.14,0.0,0.0,94.43,-1.78,-1.32,-0.62,0.03,
24,2025-07-12 04:00:00,0.0,0.0,0.0,0.0,94.23,-2.32,-2.03,-1.75,0.03,
24,2025-07-12 05:00:00,0.0,0.0,0.0,0.0,94.23,-1.98,-1.62,-1.29,0.03,
24,2025-07-12 06:00:00,0.57,0.01,0.0,0.0,93.7,-2.71,-2.48,-2.36,0.03,
24,2025-07-12 07:00:00,0.88,0.02,0.0,0.0,93.75,-2.76,-2.58,-2.29,0.03,
24,2025-07-12 08:00:00,0.42,0.01,2.79,0.0,95.3,-2.44,-1.67,-1.01,0.03,
24,2025-07-12 09:00:00,0.95,0.1,54.0,0.0,96.65,-0.68,0.21,1.28,0.02,
24,2025-07-12 10:00:00,2.08,0.82,120.5,0.0,97.2,1.57,1.92,2.31,0.02,
24,2025-07-12 11:00:00,2.6,1.12,206.1,0.0,97.2,2.33,2.75,3.38,0.02,
24,2025-07-12 12:00:00,2.75,1.31,313.0,0.0,90.53,3.82,4.53,5.11,0.08,
24,2025-07-12 13:00:00,3.42,2.06,459.5,0.0,85.58,5.42,5.68,5.94,0.13,
24,2025-07-12 14:00:00,3.28,1.82,514.8,0.0,81.81,6.38,6.78,7.22,0.18,
24,2025-07-12 15:00:00,3.88,2.02,462.9,0.0,78.3,7.8,7.98,8.09,0.23,
24,2025-07-12 16:00:00,3.2,1.99,201.3,0.0,76.52,8.24,8.43,8.57,0.26,
24,2025-07-12 17:00:00,3.8,2.09,227.5,0.0,79.48,7.04,7.67,8.3,0.22,
24,2025-07-12 18:00:00,3.12,1.92,66.21,0.0,91.03,4.39,5.36,6.42,0.08,
24,2025-07-12 19:00:00,2.9,1.15,0.57,0.0,96.7,3.89,4.0,4.1,0.03,
24,2025-07-12 20:00:00,2.15,1.02,0.0,0.0,97.28,3.61,3.79,3.88,0.02,
24,2025-07-12 21:00:00,2.75,1.0,0.0,0.0,97.48,3.0,3.2,3.34,0.02,
24,2025-07-12 22:00:00,2.38,1.06,0.0,0.0,97.68,2.78,2.91,2.97,0.02,
24,2025-07-12 23:00:00,1.92,0.73,0.0,0.0,97.7,2.34,2.47,2.65,0.02,
24,2025-07-13 00:00:00,1.55,0.37,0.0,0.0,97.75,2.09,2.23,2.37,0.02,
24,2025-07-13 01:00:00,1.62,0.45,0.0,0.0,97.78,1.48,1.59,1.69,0.02,
24,2025-07-13 02:00:00,1.62,0.48,0.0,0.0,97.75,0.76,1.11,1.5,0.02,
24,2025-07-13 03:00:00,1.32,0.22,0.0,0.0,97.8,0.4,0.55,0.69,0.01,
24,2025-07-13 04:00:00,1.32,0.5,0.0,0.0,97.7,-0.73,-0.38,0.23,0.01,
24,2025-07-13 05:00:00,1.25,0.25,0.0,0.0,97.7,-1.48,-0.99,-0.58,0.01,
24,2025-07-13 06:00:00,1.32,0.21,0.0,0.0,97.73,-1.54,-1.12,-0.85,0.01,
24,2025-07-13 07:00:00,1.55,0.61,0.0,0.0,97.95,-0.52,0.28,1.15,0.01,
24,2025-07-13 08:00:00,2.82,0.82,2.21,0.0,98.03,1.03,1.65,2.18,0.01,
24,2025-07-13 09:00:00,1.32,0.54,41.87,0.1,98.1,2.52,2.58,2.68,0.01,
24,2025-07-13 10:00:00,2.68,0.92,104.6,0.0,98.1,2.84,3.09,3.29,0.01,
24,2025-07-13 11:00:00,2.0,0.86,143.2,0.0,98.1,3.52,3.55,3.59,0.01,
24,2025-07-13 12:00:00,1.62,0.28,192.7,0.0,98.13,3.67,4.07,4.39,0.02,
24,2025-07-13 13:00:00,2.38,0.6,163.6,0.0,98.1,4.29,4.43,4.53,0.02,
24,2025-07-13 14:00:00,2.75,0.88,156.7,0.0,97.95,4.73,5.27,5.78,0.02,
24,2025-07-13 15:00:00,1.85,0.5,151.7,0.0,93.68,6.06,6.25,6.55,0.06,
24,2025-07-13 16:00:00,2.6,1.01,88.7,0.0,90.18,6.16,6.28,6.35,0.1,
24,2025-07-13 17:00:00,1.32,0.25,52.1,0.0,88.2,6.53,6.58,6.66,0.12,
24,2025-07-13 18:00:00,1.48,0.26,15.3,0.0,88.0,6.78,6.8,6.82,0.12,
24,2025-07-13 19:00:00,1.4,0.08,0.26,0.0,88.33,6.85,6.86,6.89,0.12,
24,2025-07-13 20:00:00,2.3,0.75,0.0,0.0,88.3,6.7,6.77,6.83,0.12,
24,2025-07-13 21:00:00,2.08,0.85,0.0,0.0,88.48,6.69,6.71,6.73,0.11,
24,2025-07-13 22:00:00,2.75,1.19,0.0,0.0,87.75,6.6,6.67,6.73,0.12,
24,2025-07-13 23:00:00,2.52,0.75,0.0,0.0,86.43,6.6,6.63,6.64,0.13,
24,2025-07-14 00:00:00,1.25,0.12,0.0,0.0,89.45,6.5,6.55,6.61,0.11,
24,2025-07-14 01:00:00,1.4,0.11,0.0,0.0,91.28,6.39,6.44,6.48,0.08,
24,2025-07-14 02:00:00,1.1,0.05,0.0,0.0,93.45,6.11,6.16,6.26,0.06,
24,2025-07-14 03:00:00,2.0,0.84,0.0,0.0,94.38,6.02,6.06,6.11,0.05,
24,2025-07-14 04:00:00,2.75,1.43,0.0,0.0,91.75,6.02,6.06,6.1,0.08,
24,2025-07-14 05:00:00,2.08,0.54,0.0,0.0,89.8,6.12,6.17,6.21,0.1,
24,2025-07-14 06:00:00,1.25,0.23,0.0,0.0,90.2,6.07,6.13,6.16,0.09,
24,2025-07-14 07:00:00,1.02,0.08,0.0,0.0,91.55,5.69,5.84,5.99,0.08,
24,2025-07-14 08:00:00,1.32,0.3,3.4,0.0,92.95,5.47,5.57,5.76,0.06,
24,2025-07-14 09:00:00,0.88,0.06,35.44,0.0,90.25,5.92,6.12,6.29,0.09,
24,2025-07-14 10:00:00,1.78,0.27,282.8,0.0,84.51,6.24,6.86,7.88,0.16,
24,2025-07-14 11:00:00,2.38,0.75,378.9,0.0,68.81,8.91,9.47,9.78,0.37,
24,2025-07-14 12:00:00,2.6,0.86,538.0,0.0,63.79,9.83,10.34,10.8,0.46,
24,2025-07-14 13:00:00,2.3,0.72,468.4,0.0,61.01,10.24,10.77,11.76,0.51,
24,2025-07-14 14:00:00,2.75,1.11,490.5,0.0,58.91,11.74,11.99,12.27,0.58,
24,2025-07-14 15:00:00,2.15,0.66,418.4,0.0,57.84,12.26,12.73,13.09,0.62,
24,2025-07-14 16:00:00,2.08,0.79,224.1,0.0,59.48,12.3,12.47,12.72,0.59,
24,2025-07-14 17:00:00,1.62,0.45,100.8,0.0,62.95,11.57,11.89,12.12,0.52,
24,2025-07-14 18:00:00,1.25,0.14,27.63,0.0,69.45,9.98,10.62,11.17,0.39,
24,2025-07-14 19:00:00,0.95,0.06,0.34,0.0,79.16,8.21,8.72,9.4,0.24,
24,2025-07-14 20:00:00,1.32,0.22,0.0,0.0,80.7,7.95,8.12,8.22,0.21,
24,2025-07-14 21:00:00,1.02,0.14,0.0,0.0,85.88,6.74,7.15,7.82,0.15,
24,2025-07-14 22:00:00,1.1,0.14,0.0,0.0,87.38,6.41,6.5,6.59,0.12,
24,2025-07-14 23:00:00,1.78,0.1,0.0,0.0,88.1,6.03,6.29,6.54,0.11,
24,2025-07-15 00:00:00,1.25,0.14,0.0,0.0,90.13,5.59,5.82,6.21,0.09,
24,2025-07-15 01:00:00,1.25,0.46,0.0,0.0,89.35,5.6,5.85,5.99,0.1,
24,2025-07-15 02:00:00,1.85,0.29,0.0,0.0,92.78,4.21,4.71,5.49,0.06,
24,2025-07-15 03:00:00,2.22,0.53,0.0,0.0,92.2,3.25,4.16,4.71,0.07,
24,2025-07-15 04:00:00,2.0,0.77,0.0,0.0,93.53,2.48,2.77,3.03,0.05,
24,2025-07-15 05:00:00,1.32,0.24,0.0,0.0,95.18,1.33,1.61,2.09,0.03,
24,2025-07-15 06:00:00,1.55,0.31,0.0,0.0,95.6,0.96,1.18,1.54,0.03,
24,2025-07-15 07:00:00,0.88,0.11,0.0,0.0,96.25,0.96,1.45,1.89,0.03,
24,2025-07-15 08:00:00,1.62,0.33,3.97,0.0,95.9,1.67,1.8,2.03,0.03,
24,2025-07-15 09:00:00,0.88,0.11,23.62,0.0,96.18,1.8,2.26,2.62,0.03,
24,2025-07-15 10:00:00,2.08,0.31,55.1,0.0,95.75,2.92,3.66,4.39,0.03,
24,2025-07-15 11:00:00,2.45,0.59,91.4,0.0,91.35,4.86,5.42,5.83,0.08,
24,2025-07-15 12:00:00,2.22,1.18,198.0,0.0,83.78,6.29,6.79,7.45,0.16,
24,2025-07-15 13:00:00,2.45,1.17,381.2,0.0,71.91,8.48,9.41,10.01,0.33,
24,2025-07-15 14:00:00,3.58,1.41,212.2,0.0,76.02,9.05,9.85,10.4,0.3,
24,2025-07-15 15:00:00,4.4,2.2,92.3,1.4,93.2,7.84,8.09,8.46,0.07,
24,2025-07-15 16:00:00,4.85,2.63,49.28,1.6,94.63,7.54,7.62,7.73,0.06,
24,2025-07-15 17:00:00,5.45,1.82,178.6,1.0,91.73,7.53,8.04,8.89,0.09,
24,2025-07-15 18:00:00,2.82,1.26,95.7,0.0,90.1,7.72,8.26,9.02,0.11,
24,2025-07-15 19:00:00,1.4,0.2,0.58,0.0,91.85,7.12,7.62,7.85,0.09,
24,2025-07-15 20:00:00,3.42,1.06,0.0,0.0,94.13,5.63,5.91,6.05,0.05,
24,2025-07-15 21:00:00,4.03,1.84,0.0,0.1,96.13,6.16,6.37,6.51,0.04,
24,2025-07-15 22:00:00,3.95,1.96,0.0,0.0,95.28,5.82,6.19,6.41,0.05,
24,2025-07-15 23:00:00,2.98,0.58,0.0,0.0,95.03,4.11,4.89,5.51,0.04,
24,2025-07-16 00:00:00,1.62,0.26,0.0,0.0,96.55,3.76,4.14,4.35,0.03,
24,2025-07-16 01:00:00,3.05,0.84,0.0,0.0,96.73,2.02,2.89,3.5,0.03,
24,2025-07-16 02:00:00,2.08,0.75,0.0,0.0,97.3,2.04,2.33,2.96,0.02,
24,2025-07-16 03:00:00,4.32,1.79,0.0,0.0,97.25,3.41,3.58,3.74,0.02,
24,2025-07-16 04:00:00,5.38,2.69,0.0,0.0,96.2,3.49,3.67,3.76,0.03,
24,2025-07-16 05:00:00,2.38,0.43,0.0,0.0,94.45,1.59,2.15,2.99,0.04,
24,2025-07-16 06:00:00,1.7,0.33,0.0,0.1,95.45,0.1,0.37,0.99,0.03,
24,2025-07-16 07:00:00,4.03,1.3,0.0,0.0,97.13,0.11,0.71,1.74,0.02,
24,2025-07-16 08:00:00,4.92,2.25,4.86,0.0,96.68,1.19,1.55,1.74,0.02,
24,2025-07-16 09:00:00,1.78,0.27,112.5,0.0,96.63,0.36,0.6,0.99,0.02,
24,2025-07-16 10:00:00,2.15,0.52,263.4,0.0,89.58,2.0,2.92,4.12,0.08,
24,2025-07-16 11:00:00,3.95,1.18,418.1,0.0,76.59,4.45,5.34,6.11,0.21,
24,2025-07-16 12:00:00,4.92,2.73,501.3,0.0,69.27,6.01,6.66,7.41,0.3,
24,2025-07-16 13:00:00,4.4,2.64,529.6,0.0,58.73,7.58,8.08,8.66,0.45,
24,2025-07-16 14:00:00,3.95,1.97,528.9,0.0,49.21,9.01,9.68,10.48,0.61,
24,2025-07-16 15:00:00,4.32,2.33,489.0,0.0,46.79,10.6,11.1,11.38,0.7,
24,2025-07-16 16:00:00,5.38,2.8,294.9,0.0,47.21,11.49,11.52,11.54,0.72,
24,2025-07-16 17:00:00,3.88,1.97,209.7,0.0,43.98,11.29,11.43,11.63,0.76,
24,2025-07-16 18:00:00,1.92,1.01,98.1,0.0,54.11,8.58,10.13,11.29,0.57,
24,2025-07-16 19:00:00,1.7,0.24,1.24,0.0,71.25,5.43,6.78,7.87,0.29,
24,2025-07-16 20:00:00,1.32,0.35,0.0,0.0,75.25,3.77,5.02,5.81,0.22,
24,2025-07-16 21:00:00,2.08,0.55,0.0,0.0,78.24,3.2,3.93,4.66,0.18,
24,2025-07-16 22:00:00,1.7,0.56,0.0,0.0,77.44,3.39,4.16,5.25,0.19,
24,2025-07-16 23:00:00,2.75,1.21,0.0,0.0,74.07,4.36,5.52,6.62,0.24,
24,2025-07-17 00:00:00,2.15,0.35,0.0,0.0,78.82,3.02,4.03,5.3,0.18,
24,2025-07-17 01:00:00,0.5,0.01,0.0,0.0,87.35,0.98,1.69,2.38,0.09,
24,2025-07-17 02:00:00,0.88,0.03,0.0,0.0,90.05,0.18,0.7,1.01,0.07,
24,2025-07-17 03:00:00,0.95,0.04,0.0,0.0,93.45,-1.07,-0.73,-0.49,0.04,
24,2025-07-17 04:00:00,0.65,0.01,0.0,0.0,94.5,-1.35,-1.31,-1.26,0.03,
24,2025-07-17 05:00:00,0.35,0.0,0.0,0.0,94.65,-1.84,-1.55,-1.35,0.03,
24,2025-07-17 06:00:00,1.4,0.14,0.0,0.0,95.28,-2.02,-1.67,-1.1,0.03,
24,2025-07-17 07:00:00,2.52,0.4,0.0,0.0,91.43,-0.1,1.07,1.64,0.06,
24,2025-07-17 08:00:00,1.55,0.53,6.27,0.0,93.8,0.09,0.53,0.87,0.04,
24,2025-07-17 09:00:00,1.92,0.51,134.3,0.0,90.28,-0.59,1.46,3.79,0.07,
24,2025-07-17 10:00:00,1.92,0.65,270.8,0.0,77.06,5.02,6.11,6.92,0.22,
24,2025-07-17 11:00:00,2.22,0.6,409.2,0.0,68.99,7.45,8.56,9.45,0.35,
24,2025-07-17 12:00:00,4.1,1.96,488.8,0.0,65.55,10.06,10.67,11.15,0.44,
24,2025-07-17 13:00:00,4.4,2.54,520.5,0.0,60.69,10.96,11.75,12.64,0.55,
24,2025-07-17 14:00:00,2.98,1.29,519.3,0.0,50.47,13.42,14.59,15.74,0.83,
24,2025-07-17 15:00:00,2.6,1.14,479.5,0.0,43.07,16.14,17.11,18.0,1.11,
24,2025-07-17 16:00:00,2.9,1.33,325.4,0.0,42.39,17.78,17.93,18.17,1.19,
24,2025-07-17 17:00:00,3.5,1.41,242.7,0.0,43.67,17.48,17.62,17.69,1.14,
24,2025-07-17 18:00:00,2.75,1.01,91.6,0.0,54.49,13.31,15.33,16.96,0.81,
24,2025-07-17 19:00:00,1.7,0.43,1.28,0.0,68.67,9.91,11.25,12.34,0.42,
24,2025-07-17 20:00:00,0.88,0.08,0.0,0.0,83.61,6.12,7.44,8.48,0.17,
24,2025-07-17 21:00:00,1.02,0.04,0.0,0.0,89.1,5.77,5.96,6.26,0.1,
24,2025-07-17 22:00:00,0.88,0.03,0.0,0.0,89.73,4.59,5.39,6.08,0.09,
24,2025-07-17 23:00:00,0.8,0.01,0.0,0.0,91.63,4.1,4.2,4.3,0.07,
24,2025-07-18 00:00:00,1.18,0.14,0.0,0.0,91.03,3.61,4.22,5.18,0.08,
24,2025-07-18 01:00:00,1.1,0.04,0.0,0.0,90.63,4.12,4.53,5.02,0.08,
24,2025-07-18 02:00:00,0.88,0.05,0.0,0.0,92.63,2.91,3.37,4.02,0.06,
24,2025-07-18 03:00:00,0.8,0.01,0.0,0.0,94.15,1.71,1.94,2.25,0.04,
24,2025-07-18 04:00:00,0.88,0.07,0.0,0.0,95.3,1.57,2.01,2.5,0.04,
24,2025-07-18 05:00:00,0.72,0.02,0.0,0.0,95.83,1.95,2.31,2.51,0.03,
24,2025-07-18 06:00:00,1.25,0.18,0.0,0.0,95.35,1.49,1.87,2.16,0.03,
24,2025-07-18 07:00:00,1.1,0.13,0.0,0.0,95.48,1.04,1.5,1.89,0.03,
24,2025-07-18 08:00:00,0.8,0.03,6.54,0.0,95.98,0.78,1.7,2.33,0.03,
24,2025-07-18 09:00:00,1.7,0.19,130.6,0.0,92.05,1.64,3.18,5.38,0.07,
24,2025-07-18 10:00:00,3.05,1.34,266.7,0.0,73.72,7.03,8.25,9.03,0.29,
24,2025-07-18 11:00:00,5.08,2.49,405.4,0.0,61.42,9.42,10.43,12.16,0.49,
24,2025-07-18 12:00:00,4.18,2.09,488.0,0.0,56.28,12.52,12.92,13.51,0.65,
24,2025-07-18 13:00:00,3.35,1.8,517.4,0.0,54.41,13.61,14.29,15.15,0.74,
24,2025-07-18 14:00:00,2.22,0.95,518.6,0.0,48.96,15.58,16.48,17.02,0.96,
24,2025-07-18 15:00:00,4.03,1.95,476.6,0.0,46.42,17.33,17.58,17.82,1.08,
24,2025-07-18 16:00:00,4.25,2.47,355.7,0.0,45.82,17.79,17.86,17.95,1.11,
24,2025-07-18 17:00:00,3.5,1.49,248.5,0.0,45.0,17.74,17.89,17.96,1.13,
24,2025-07-18 18:00:00,2.22,0.42,95.0,0.0,53.52,14.14,16.37,17.59,0.88,
24,2025-07-18 19:00:00,2.9,0.73,2.13,0.0,69.52,10.25,12.14,13.93,0.44,
24,2025-07-18 20:00:00,3.72,1.58,0.0,0.0,70.06,11.17,11.57,11.91,0.41,
24,2025-07-18 21:00:00,1.25,0.16,0.0,0.0,81.17,7.94,9.13,10.32,0.22,
24,2025-07-18 22:00:00,1.18,0.09,0.0,0.0,89.7,5.11,6.1,7.0,0.1,
24,2025-07-18 23:00:00,2.22,0.16,0.0,0.0,90.08,4.19,5.12,5.97,0.09,
24,2025-07-19 00:00:00,2.3,0.29,0.0,0.0,88.68,5.83,6.59,7.69,0.11,
24,2025-07-19 01:00:00,3.12,0.68,0.0,0.0,87.9,5.65,6.95,7.64,0.12,
24,2025-07-19 02:00:00,3.95,1.04,0.0,0.0,85.88,5.38,7.31,8.23,0.15,
24,2025-07-19 03:00:00,2.9,0.91,0.0,0.0,91.68,4.91,5.76,6.9,0.08,
24,2025-07-19 04:00:00,1.85,0.22,0.0,0.0,92.15,2.95,4.18,6.29,0.07,
24,2025-07-19 05:00:00,2.75,0.47,0.0,0.0,96.25,2.58,2.99,4.02,0.03,
24,2025-07-19 06:00:00,2.6,0.94,0.0,0.0,97.33,3.89,4.05,4.38,0.02,
24,2025-07-19 07:00:00,2.38,0.79,0.0,0.0,97.6,3.52,3.75,4.06,0.02,
24,2025-07-19 08:00:00,1.62,0.51,2.65,0.0,97.75,3.86,3.97,4.04,0.02,
24,2025-07-19 09:00:00,1.62,0.25,38.16,0.0,97.8,3.71,3.97,4.14,0.02,
24,2025-07-19 10:00:00,2.6,0.63,87.9,0.0,97.95,4.24,4.7,5.26,0.02,
24,2025-07-19 11:00:00,2.15,0.63,240.8,0.0,98.0,5.29,5.46,5.68,0.02,
24,2025-07-19 12:00:00,5.22,2.2,534.0,0.0,89.52,6.22,7.84,9.9,0.12,
24,2025-07-19 13:00:00,4.1,2.03,604.6,0.0,67.52,11.7,12.43,13.22,0.47,
24,2025-07-19 14:00:00,3.05,1.25,605.6,0.0,53.74,14.4,15.53,16.21,0.82,
24,2025-07-19 15:00:00,3.42,1.2,400.4,0.0,55.34,15.6,15.76,15.9,0.8,
24,2025-07-19 16:00:00,5.22,2.7,243.1,0.0,59.16,13.85,14.64,15.43,0.68,
24,2025-07-19 17:00:00,5.22,3.01,230.3,0.0,50.11,13.0,14.07,14.86,0.81,
24,2025-07-19 18:00:00,5.82,2.9,54.71,0.0,64.4,11.35,11.87,12.31,0.5,
24,2025-07-19 19:00:00,4.25,2.14,0.71,0.0,68.24,10.39,10.68,11.04,0.41,
24,2025-07-19 20:00:00,1.32,0.22,0.0,0.0,75.6,8.13,9.16,10.06,0.28,
24,2025-07-19 21:00:00,1.32,0.12,0.0,0.0,85.58,6.06,6.62,7.12,0.14,
24,2025-07-19 22:00:00,1.32,0.21,0.0,0.0,89.0,4.7,5.51,6.07,0.1,
24,2025-07-19 23:00:00,1.7,0.38,0.0,0.0,91.85,4.42,4.82,5.41,0.07,
24,2025-07-20 00:00:00,2.38,1.06,0.0,0.0,82.63,6.1,7.8,8.84,0.19,
24,2025-07-20 01:00:00,4.1,1.52,0.0,0.0,80.52,7.72,8.88,9.34,0.22,
24,2025-07-20 02:00:00,2.3,0.85,0.0,0.0,83.48,8.04,8.35,8.61,0.18,
24,2025-07-20 03:00:00,2.52,0.9,0.0,0.0,86.2,5.92,6.95,7.51,0.14,
24,2025-07-20 04:00:00,0.95,0.08,0.0,0.0,90.68,4.04,5.17,5.9,0.09,
24,2025-07-20 05:00:00,0.95,0.11,0.0,0.0,94.63,3.31,3.59,3.78,0.04,
24,2025-07-20 06:00:00,1.32,0.16,0.0,0.0,95.83,3.81,4.28,4.57,0.04,
24,2025-07-20 07:00:00,1.78,0.53,0.0,0.0,96.6,4.41,4.97,5.64,0.03,
24,2025-07-20 08:00:00,1.62,0.22,3.17,0.0,96.98,4.46,4.88,5.26,0.03,
24,2025-07-20 09:00:00,1.7,0.33,73.65,0.0,97.53,5.36,5.57,5.76,0.02,
24,2025-07-20 10:00:00,1.7,0.32,134.0,0.0,97.78,6.29,6.82,7.19,0.02,
24,2025-07-20 11:00:00,1.85,0.45,419.7,0.0,92.96,7.56,8.64,10.66,0.09,
24,2025-07-20 12:00:00,3.05,1.27,320.5,0.0,73.87,11.53,12.14,12.44,0.37,
24,2025-07-20 13:00:00,5.0,2.08,360.5,0.0,74.69,11.96,12.33,12.56,0.36,
24,2025-07-20 14:00:00,3.8,2.19,317.9,0.0,73.0,12.02,12.24,12.36,0.39,
24,2025-07-20 15:00:00,2.6,0.93,387.3,0.0,60.99,13.07,14.23,15.37,0.64,
24,2025-07-20 16:00:00,1.7,0.23,236.5,0.0,56.99,15.99,16.15,16.49,0.79,
24,2025-07-20 17:00:00,1.32,0.22,198.1,0.0,56.89,15.93,16.28,16.62,0.8,
24,2025-07-20 18:00:00,0.8,0.04,49.0,0.0,68.18,12.85,14.24,15.48,0.52,
24,2025-07-20 19:00:00,0.8,0.03,2.08,0.0,81.78,10.34,11.24,12.2,0.25,
24,2025-07-20 20:00:00,0.0,0.0,0.0,0.0,86.98,9.34,9.55,9.83,0.16,
24,2025-07-20 21:00:00,0.88,0.11,0.0,0.0,88.9,8.84,9.07,9.32,0.13,
24,2025-07-20 22:00:00,1.18,0.13,0.0,0.0,89.98,8.38,8.54,8.79,0.11,
24,2025-07-20 23:00:00,0.8,0.02,0.0,0.0,90.38,7.7,8.19,8.54,0.11,
24,2025-07-21 00:00:00,1.18,0.09,0.0,0.0,93.15,6.49,6.88,7.38,0.07,
24,2025-07-21 01:00:00,1.02,0.18,0.0,0.0,94.3,4.96,5.68,6.18,0.05,
24,2025-07-21 02:00:00,1.1,0.16,0.0,0.0,95.83,4.53,4.95,5.35,0.04,
24,2025-07-21 03:00:00,1.32,0.1,0.0,0.0,95.6,5.52,5.69,6.05,0.04,
24,2025-07-21 04:00:00,1.02,0.06,0.0,0.0,95.18,5.88,5.95,6.03,0.05,
24,2025-07-21 05:00:00,1.1,0.2,0.0,0.0,94.85,5.96,6.06,6.16,0.05,
24,2025-07-21 06:00:00,1.48,0.25,0.0,0.0,90.75,6.14,7.01,7.52,0.09,
24,2025-07-21 07:00:00,0.95,0.1,0.0,0.0,92.75,5.67,6.19,6.6,0.07,
24,2025-07-21 08:00:00,0.8,0.04,5.49,0.0,94.85,4.04,4.63,5.05,0.05,
24,2025-07-21 09:00:00,0.95,0.07,33.02,0.0,95.6,3.27,3.62,3.89,0.04,
24,2025-07-21 10:00:00,2.0,0.53,282.6,0.0,85.1,5.13,8.13,10.87,0.18,
24,2025-07-21 11:00:00,1.7,0.39,414.9,0.0,62.64,12.57,13.49,14.46,0.58,
24,2025-07-21 12:00:00,2.52,0.91,495.4,0.0,55.87,14.4,15.44,16.44,0.78,
24,2025-07-21 13:00:00,3.58,1.56,533.2,0.0,47.02,16.78,17.31,17.78,1.05,
24,2025-07-21 14:00:00,4.18,1.85,528.4,0.0,43.01,18.05,18.47,18.86,1.21,
24,2025-07-21 15:00:00,4.1,2.07,486.4,0.0,36.18,19.04,19.22,19.38,1.42,
24,2025-07-21 16:00:00,3.8,2.27,394.3,0.0,36.06,19.39,19.5,19.58,1.45,
24,2025-07-21 17:00:00,4.7,2.53,216.9,0.0,42.73,18.1,18.55,18.76,1.22,
24,2025-07-21 18:00:00,4.62,2.05,81.3,0.0,51.66,15.73,16.63,17.48,0.92,
24,2025-07-21 19:00:00,2.98,1.26,1.16,0.0,60.1,13.21,14.04,15.12,0.64,
24,2025-07-21 20:00:00,1.48,0.32,0.0,0.0,74.4,9.23,10.3,12.0,0.33,
24,2025-07-21 21:00:00,1.62,0.35,0.0,0.0,78.64,8.2,8.74,9.15,0.24,
24,2025-07-21 22:00:00,1.4,0.14,0.0,0.0,81.42,7.25,7.67,8.07,0.2,
24,2025-07-21 23:00:00,1.02,0.13,0.0,0.0,80.95,7.31,7.69,8.0,0.2,
24,2025-07-22 00:00:00,1.85,0.23,0.0,0.0,81.74,6.53,7.47,8.12,0.19,
24,2025-07-22 01:00:00,1.25,0.31,0.0,0.0,88.5,5.22,5.78,6.45,0.11,
24,2025-07-22 02:00:00,1.25,0.15,0.0,0.0,89.05,5.27,5.4,5.51,0.1,
24,2025-07-22 03:00:00,0.8,0.04,0.0,0.0,89.33,4.51,4.77,4.97,0.09,
24,2025-07-22 04:00:00,2.3,0.64,0.0,0.0,82.31,4.6,6.66,7.84,0.18,
24,2025-07-22 05:00:00,2.0,0.42,0.0,0.0,82.22,4.51,6.18,7.03,0.17,
24,2025-07-22 06:00:00,1.18,0.05,0.0,0.0,90.63,2.92,3.24,3.87,0.07,
24,2025-07-22 07:00:00,1.85,0.16,0.0,0.0,93.25,3.62,4.01,4.96,0.06,
24,2025-07-22 08:00:00,0.72,0.02,4.65,0.0,96.35,3.52,3.83,4.06,0.03,
24,2025-07-22 09:00:00,0.42,0.0,60.3,0.0,97.05,3.8,4.05,4.38,0.02,
24,2025-07-22 10:00:00,2.3,0.73,109.8,0.0,97.38,4.97,5.6,6.01,0.02,
24,2025-07-22 11:00:00,3.28,1.47,349.7,0.0,86.7,6.38,7.4,8.13,0.14,
24,2025-07-22 12:00:00,4.25,2.17,574.8,0.0,80.34,8.99,9.45,10.01,0.23,
24,2025-07-22 13:00:00,4.62,2.46,469.8,0.0,78.78,10.01,10.18,10.4,0.27,
24,2025-07-22 14:00:00,4.1,2.35,492.1,0.0,77.01,10.66,11.06,11.77,0.31,
24,2025-07-22 15:00:00,4.03,1.91,384.4,0.0,72.52,11.61,12.18,12.96,0.39,
24,2025-07-22 16:00:00,3.35,1.63,339.1,0.0,61.17,13.44,13.93,14.44,0.62,
24,2025-07-22 17:00:00,2.15,0.79,243.3,0.0,57.39,14.66,15.17,15.84,0.74,
24,2025-07-22 18:00:00,2.98,1.37,101.2,0.0,67.06,12.68,13.93,14.97,0.53,
24,2025-07-22 19:00:00,2.22,0.7,1.16,0.0,80.14,9.37,10.66,11.89,0.26,
24,2025-07-22 20:00:00,0.8,0.07,0.0,0.0,88.28,6.51,7.56,9.42,0.13,
24,2025-07-22 21:00:00,1.1,0.05,0.0,0.0,89.18,4.37,5.87,7.76,0.11,
24,2025-07-22 22:00:00,0.57,0.0,0.0,0.0,93.73,3.3,3.63,4.1,0.05,
24,2025-07-22 23:00:00,1.25,0.13,0.0,0.0,95.5,2.91,3.35,4.14,0.04,
24,2025-07-23 00:00:00,0.72,0.03,0.0,0.0,94.83,3.12,3.94,4.86,0.04,
24,2025-07-23 01:00:00,1.32,0.23,0.0,0.0,95.63,3.32,3.92,4.28,0.04,
24,2025-07-23 02:00:00,1.48,0.12,0.0,0.0,95.05,3.75,4.05,4.43,0.04,
24,2025-07-23 03:00:00,1.48,0.25,0.0,0.0,95.0,3.74,4.17,4.4,0.04,
24,2025-07-23 04:00:00,1.4,0.41,0.0,0.0,95.5,3.9,4.01,4.13,0.04,
24,2025-07-23 05:00:00,1.02,0.14,0.0,0.0,95.6,3.46,3.66,3.89,0.04,
24,2025-07-23 06:00:00,1.48,0.47,0.0,0.0,95.98,3.76,3.92,4.02,0.03,
24,2025-07-23 07:00:00,1.1,0.17,0.0,0.0,94.88,3.05,3.67,4.3,0.04,
24,2025-07-23 08:00:00,0.8,0.04,9.46,0.0,95.75,2.43,2.63,2.78,0.03,
24,2025-07-23 09:00:00,1.25,0.25,94.9,0.0,93.88,3.01,3.85,5.21,0.05,
24,2025-07-23 10:00:00,1.18,0.1,239.3,0.0,84.25,6.19,7.63,9.31,0.17,
24,2025-07-23 11:00:00,2.3,0.82,418.9,0.0,74.63,9.83,10.87,11.54,0.33,
24,2025-07-23 12:00:00,2.38,1.12,493.5,0.0,67.06,12.36,13.05,13.92,0.5,
24,2025-07-23 13:00:00,2.15,0.75,552.8,0.0,59.96,14.17,14.62,15.35,0.67,
24,2025-07-23 14:00:00,3.58,1.41,520.2,0.0,57.2,15.7,15.86,16.01,0.77,
24,2025-07-23 15:00:00,3.12,1.43,481.9,0.0,54.93,16.33,16.67,16.96,0.86,
24,2025-07-23 16:00:00,2.9,1.09,380.8,0.0,54.36,16.66,16.87,17.12,0.88,
24,2025-07-23 17:00:00,2.3,0.98,208.6,0.0,59.33,16.1,16.52,16.85,0.76,
24,2025-07-23 18:00:00,1.78,0.17,86.5,0.0,67.86,12.95,14.55,15.71,0.54,
24,2025-07-23 19:00:00,0.57,0.01,1.05,0.0,82.78,9.08,10.3,11.73,0.22,
24,2025-07-23 20:00:00,0.95,0.16,0.0,0.0,89.88,6.71,7.23,8.04,0.1,
24,2025-07-23 21:00:00,0.0,0.0,0.0,0.0,92.03,5.23,5.78,6.32,0.07,
24,2025-07-23 22:00:00,0.35,0.0,0.0,0.0,94.55,4.89,5.19,5.71,0.05,
24,2025-07-23 23:00:00,1.02,0.08,0.0,0.0,94.2,5.05,5.33,5.47,0.05,
24,2025-07-24 00:00:00,0.42,0.01,0.0,0.0,95.18,4.68,4.8,5.03,0.04,
24,2025-07-24 01:00:00,0.8,0.05,0.0,0.0,95.75,4.01,4.24,4.38,0.04,
24,2025-07-24 02:00:00,0.72,0.04,0.0,0.0,95.93,3.46,3.59,3.74,0.03,
24,2025-07-24 03:00:00,0.95,0.09,0.0,0.0,96.85,3.7,3.91,4.36,0.03,
24,2025-07-24 04:00:00,1.25,0.23,0.0,0.0,97.58,5.06,5.81,6.66,0.02,
24,2025-07-24 05:00:00,1.48,0.37,0.0,0.0,97.68,6.7,6.8,6.91,0.02,
24,2025-07-24 06:00:00,2.82,1.13,0.0,0.0,97.8,6.96,7.19,7.35,0.02,
24,2025-07-24 07:00:00,3.12,1.4,0.0,0.0,97.83,7.01,7.07,7.19,0.02,
24,2025-07-24 08:00:00,2.3,0.92,1.66,0.0,97.9,7.07,7.11,7.13,0.02,
24,2025-07-24 09:00:00,3.12,1.24,58.77,0.0,97.83,6.87,7.02,7.17,0.02,
24,2025-07-24 10:00:00,2.68,0.77,75.62,0.0,96.63,7.29,7.36,7.46,0.04,
24,2025-07-24 11:00:00,1.7,0.36,123.8,0.0,92.0,7.64,7.95,8.21,0.09,
24,2025-07-24 12:00:00,3.28,0.87,91.7,0.0,93.0,7.92,7.98,8.03,0.08,
24,2025-07-24 13:00:00,2.98,1.37,193.3,0.0,88.63,8.25,8.54,8.97,0.13,
24,2025-07-24 14:00:00,4.03,1.67,333.0,0.0,77.97,9.6,10.16,10.57,0.28,
24,2025-07-24 15:00:00,4.03,1.93,504.1,0.0,67.56,11.16,12.01,12.84,0.46,
24,2025-07-24 16:00:00,4.18,1.48,368.1,0.0,65.03,12.79,13.21,13.74,0.53,
24,2025-07-24 17:00:00,3.05,1.63,198.0,0.0,64.59,13.63,13.7,13.79,0.56,
24,2025-07-24 18:00:00,2.0,0.44,84.7,0.0,63.07,12.54,13.18,13.82,0.56,
24,2025-07-24 19:00:00,3.2,1.08,1.78,0.0,61.58,11.98,12.24,12.49,0.55,
24,2025-07-24 20:00:00,2.52,1.04,0.0,0.0,67.78,10.81,11.36,11.79,0.44,
24,2025-07-24 21:00:00,2.68,1.14,0.0,0.0,71.65,10.64,10.8,10.94,0.37,
24,2025-07-24 22:00:00,1.85,0.47,0.0,0.0,72.97,10.61,10.76,10.88,0.35,
24,2025-07-24 23:00:00,2.15,0.64,0.0,0.0,72.3,10.49,10.72,10.9,0.36,
24,2025-07-25 00:00:00,1.62,0.52,0.0,0.0,72.86,10.14,10.38,10.49,0.34,
24,2025-07-25 01:00:00,1.7,0.52,0.0,0.2,84.73,9.01,9.29,9.67,0.18,
24,2025-07-25 02:00:00,1.25,0.22,0.0,0.1,89.23,8.6,8.69,8.74,0.12,
24,2025-07-25 03:00:00,1.48,0.22,0.0,0.1,92.2,8.31,8.46,8.59,0.09,
24,2025-07-25 04:00:00,0.88,0.08,0.0,0.0,94.0,8.11,8.15,8.21,0.07,
24,2025-07-25 05:00:00,0.8,0.03,0.0,0.0,93.6,7.97,8.03,8.05,0.07,
24,2025-07-25 06:00:00,1.02,0.08,0.0,0.1,93.58,7.25,7.65,8.03,0.07,
24,2025-07-25 07:00:00,0.95,0.11,0.0,0.0,94.68,6.32,6.48,6.74,0.05,
24,2025-07-25 08:00:00,1.32,0.21,5.7,0.0,93.8,5.39,5.68,6.0,0.06,
24,2025-07-25 09:00:00,1.25,0.13,50.26,0.0,94.03,5.44,5.59,5.7,0.05,
24,2025-07-25 10:00:00,0.95,0.06,159.0,0.0,88.88,6.08,7.22,8.42,0.12,
24,2025-07-25 11:00:00,1.02,0.1,228.2,0.0,75.29,9.1,9.98,10.72,0.3,
24,2025-07-25 12:00:00,1.18,0.1,258.2,0.0,64.76,10.72,11.28,11.74,0.47,
24,2025-07-25 13:00:00,1.62,0.46,291.0,0.0,66.0,11.92,12.13,12.43,0.48,
24,2025-07-25 14:00:00,2.3,0.63,396.3,0.0,62.08,12.69,13.07,13.55,0.57,
24,2025-07-25 15:00:00,2.6,0.77,405.1,0.0,55.33,14.09,14.65,15.14,0.75,
24,2025-07-25 16:00:00,2.52,1.11,348.0,0.0,61.04,14.64,15.04,15.52,0.67,
24,2025-07-25 17:00:00,2.08,0.91,137.6,0.0,68.95,13.54,13.9,14.29,0.49,
24,2025-07-25 18:00:00,1.62,0.17,54.3,0.0,78.09,12.24,12.81,13.37,0.33,
24,2025-07-25 19:00:00,0.88,0.07,0.78,0.0,85.3,10.06,10.82,11.67,0.19,
24,2025-07-25 20:00:00,1.18,0.16,0.0,0.0,88.0,9.38,9.52,9.67,0.14,
24,2025-07-25 21:00:00,0.95,0.12,0.0,0.0,87.65,8.94,9.03,9.13,0.14,
24,2025-07-25 22:00:00,0.88,0.02,0.0,0.0,89.03,8.19,8.37,8.57,0.12,
24,2025-07-25 23:00:00,0.65,0.02,0.0,0.0,92.05,7.61,7.86,8.37,0.09,
24,2025-07-26 00:00:00,0.65,0.02,0.0,0.0,94.13,6.83,6.97,7.26,0.06,
24,2025-07-26 01:00:00,0.95,0.07,0.0,0.0,93.88,6.62,6.79,6.88,0.06,
24,2025-07-26 02:00:00,0.88,0.06,0.0,0.0,94.53,6.27,6.55,6.9,0.06,
24,2025-07-26 03:00:00,0.28,0.0,0.0,0.0,95.58,5.69,5.96,6.15,0.04,
24,2025-07-26 04:00:00,0.8,0.03,0.0,0.0,95.88,5.56,5.8,6.01,0.04,
24,2025-07-26 05:00:00,0.0,0.0,0.0,0.0,96.0,5.2,5.38,5.63,0.04,
24,2025-07-26 06:00:00,0.5,0.0,0.0,0.0,96.25,5.05,5.25,5.34,0.03,
24,2025-07-26 07:00:00,1.18,0.16,0.0,0.0,96.2,5.07,5.32,5.58,0.03,
24,2025-07-26 08:00:00,1.18,0.14,5.99,0.0,95.75,5.33,5.39,5.44,0.04,
24,2025-07-26 09:00:00,0.72,0.05,65.54,0.0,95.73,5.54,5.71,5.94,0.04,
24,2025-07-26 10:00:00,1.48,0.63,104.3,0.0,92.95,6.46,7.18,7.78,0.07,
24,2025-07-26 11:00:00,1.55,0.19,153.0,0.0,89.68,7.96,8.59,9.12,0.12,
24,2025-07-26 12:00:00,0.95,0.09,184.4,0.0,83.25,9.49,9.97,10.55,0.21,
24,2025-07-26 13:00:00,1.25,0.16,269.3,0.0,78.67,10.55,11.02,11.68,0.28,
24,2025-07-26 14:00:00,1.55,0.26,288.6,0.0,72.63,12.04,12.38,12.82,0.39,
24,2025-07-26 15:00:00,1.92,0.41,253.9,0.0,72.29,12.88,13.02,13.33,0.42,
24,2025-07-26 16:00:00,2.15,0.88,201.1,0.0,74.1,12.98,13.06,13.18,0.39,
24,2025-07-26 17:00:00,1.48,0.42,97.5,0.0,75.38,12.64,12.74,12.84,0.36,
24,2025-07-26 18:00:00,1.1,0.17,91.1,0.0,78.01,12.19,12.73,12.98,0.33,
24,2025-07-26 19:00:00,0.88,0.07,1.52,0.0,88.48,8.3,9.82,11.3,0.14,
24,2025-07-26 20:00:00,1.18,0.13,0.0,0.0,92.35,6.99,7.26,7.69,0.08,
24,2025-07-26 21:00:00,1.18,0.33,0.0,0.0,90.28,6.95,7.33,7.84,0.1,
24,2025-07-26 22:00:00,1.7,0.36,0.0,0.0,86.25,7.76,7.87,7.95,0.15,
24,2025-07-26 23:00:00,0.88,0.01,0.0,0.0,90.85,6.52,6.89,7.46,0.09,
24,2025-07-27 00:00:00,1.02,0.05,0.0,0.0,91.43,6.97,7.07,7.19,0.09,
24,2025-07-27 01:00:00,1.4,0.31,0.0,0.0,92.78,7.32,7.59,7.83,0.08,
24,2025-07-27 02:00:00,1.18,0.21,0.0,0.0,94.48,7.92,8.09,8.32,0.06,
24,2025-07-27 03:00:00,1.48,0.36,0.0,0.0,95.3,8.1,8.18,8.38,0.05,
24,2025-07-27 04:00:00,1.78,0.49,0.0,0.0,96.2,8.14,8.17,8.19,0.04,
24,2025-07-27 05:00:00,2.08,0.62,0.0,0.0,97.05,8.24,8.31,8.45,0.03,
24,2025-07-27 06:00:00,2.45,0.89,0.0,0.0,93.6,8.37,8.88,9.48,0.08,
24,2025-07-27 07:00:00,5.3,2.08,0.0,0.0,90.65,8.98,9.16,9.34,0.11,
24,2025-07-27 08:00:00,1.55,0.39,3.68,0.0,93.0,8.64,8.77,8.98,0.08,
24,2025-07-27 09:00:00,2.15,0.74,22.63,0.0,94.08,8.49,8.7,8.86,0.07,
24,2025-07-27 10:00:00,2.45,0.7,139.4,0.0,93.83,8.81,9.1,9.53,0.07,
24,2025-07-27 11:00:00,2.45,1.08,132.3,0.0,87.4,9.6,10.11,10.54,0.16,
24,2025-07-27 12:00:00,2.68,1.21,350.6,0.0,83.14,10.73,11.18,11.66,0.23,
24,2025-07-27 13:00:00,2.3,0.61,239.0,0.0,76.76,11.67,12.07,12.32,0.33,
24,2025-07-27 14:00:00,3.88,1.04,232.0,0.0,75.6,12.49,12.65,12.71,0.36,
24,2025-07-27 15:00:00,4.25,1.96,160.8,0.0,76.68,12.21,12.29,12.44,0.34,
24,2025-07-27 16:00:00,2.9,1.39,99.6,0.0,76.94,12.05,12.16,12.36,0.33,
24,2025-07-27 17:00:00,3.35,0.89,79.22,0.0,78.73,11.93,12.09,12.18,0.3,
24,2025-07-27 18:00:00,2.38,0.64,22.39,0.0,81.9,11.28,11.54,11.72,0.25,
24,2025-07-27 19:00:00,2.38,0.66,0.66,0.0,86.58,10.63,10.77,10.98,0.18,
24,2025-07-27 20:00:00,2.52,0.95,0.0,0.0,84.98,10.53,10.73,11.01,0.2,
24,2025-07-27 21:00:00,5.0,1.49,0.0,0.0,85.1,10.44,10.69,10.98,0.19,
24,2025-07-27 22:00:00,3.72,1.39,0.0,0.0,76.47,10.86,11.89,13.6,0.34,
24,2025-07-27 23:00:00,4.78,1.93,0.0,0.0,79.8,10.95,11.11,11.23,0.27,
24,2025-07-28 00:00:00,2.3,0.5,0.0,0.0,79.57,10.65,10.92,11.2,0.27,
24,2025-07-28 01:00:00,1.62,0.56,0.0,0.0,81.79,10.26,10.62,10.99,0.23,
24,2025-07-28 02:00:00,1.48,0.35,0.0,0.0,85.38,9.48,9.81,10.23,0.18,
24,2025-07-28 03:00:00,1.55,0.1,0.0,0.0,90.23,8.73,8.99,9.28,0.11,
24,2025-07-28 04:00:00,1.92,0.78,0.0,0.0,88.95,9.13,9.29,9.46,0.13,
24,2025-07-28 05:00:00,1.1,0.1,0.0,0.0,90.2,8.61,8.82,9.01,0.11,
24,2025-07-28 06:00:00,1.18,0.08,0.0,0.0,91.43,8.36,8.39,8.45,0.1,
24,2025-07-28 07:00:00,0.72,0.01,0.0,0.0,89.53,8.14,8.39,8.55,0.12,
24,2025-07-28 08:00:00,0.65,0.02,9.26,0.0,93.08,7.05,7.28,7.58,0.07,
24,2025-07-28 09:00:00,1.02,0.08,77.14,0.0,91.13,7.2,7.56,8.08,0.09,
24,2025-07-28 10:00:00,1.92,0.25,309.0,0.0,79.69,8.6,10.28,12.45,0.26,
24,2025-07-28 11:00:00,2.52,1.45,347.2,0.0,69.19,12.45,12.85,13.61,0.46,
24,2025-07-28 12:00:00,2.3,0.7,412.7,0.0,62.93,13.7,14.39,15.41,0.61,
24,2025-07-28 13:00:00,2.52,0.71,572.4,0.0,51.71,16.0,16.72,17.34,0.92,
24,2025-07-28 14:00:00,2.6,0.66,448.2,0.0,46.35,17.33,18.53,19.56,1.15,
24,2025-07-28 15:00:00,2.38,1.01,387.2,0.0,43.28,19.4,19.63,20.06,1.3,
24,2025-07-28 16:00:00,2.75,1.22,333.9,0.0,37.44,19.62,19.99,20.39,1.46,
24,2025-07-28 17:00:00,3.28,1.32,175.5,0.0,40.71,19.63,19.98,20.61,1.39,
24,2025-07-28 18:00:00,1.78,0.53,85.7,0.0,49.91,17.05,18.33,19.53,1.06,
24,2025-07-28 19:00:00,1.1,0.2,1.31,0.0,65.88,13.43,14.57,16.13,0.57,
24,2025-07-28 20:00:00,1.1,0.17,0.0,0.0,72.71,13.06,13.26,13.4,0.42,
24,2025-07-28 21:00:00,1.48,0.37,0.0,0.0,75.82,12.01,12.15,12.24,0.35,
24,2025-07-28 22:00:00,1.62,0.13,0.0,0.0,78.52,11.52,11.78,12.24,0.3,
24,2025-07-28 23:00:00,1.48,0.13,0.0,0.0,80.9,10.98,11.1,11.28,0.25,
24,2025-07-29 00:00:00,1.55,0.23,0.0,0.0,78.82,11.0,11.43,11.94,0.29,
24,2025-07-29 01:00:00,2.22,0.56,0.0,0.0,80.32,10.62,11.12,11.65,0.26,
24,2025-07-29 02:00:00,2.45,0.49,0.0,0.0,78.98,10.8,11.38,11.81,0.29,
24,2025-07-29 03:00:00,2.52,0.51,0.0,0.0,76.9,10.77,11.33,11.93,0.31,
24,2025-07-29 04:00:00,2.0,0.5,0.0,0.0,76.06,11.54,11.87,12.21,0.33,
24,2025-07-29 05:00:00,1.7,0.45,0.0,0.0,78.14,11.04,11.3,11.5,0.29,
24,2025-07-29 06:00:00,1.25,0.39,0.0,0.0,79.95,10.55,10.78,11.02,0.26,
24,2025-07-29 07:00:00,1.78,0.41,0.0,0.0,77.24,10.66,10.81,11.13,0.3,
24,2025-07-29 08:00:00,2.45,0.94,9.63,0.0,66.06,11.24,11.88,12.95,0.48,
24,2025-07-29 09:00:00,1.4,0.25,69.14,0.0,59.63,12.98,13.34,13.83,0.62,
24,2025-07-29 10:00:00,2.9,0.57,110.3,0.0,59.76,14.17,14.34,14.57,0.66,
24,2025-07-29 11:00:00,1.78,0.33,252.0,0.0,60.33,14.31,14.76,15.5,0.67,
24,2025-07-29 12:00:00,4.47,1.37,300.6,0.0,52.64,15.85,16.39,16.93,0.88,
24,2025-07-29 13:00:00,4.62,1.6,358.7,0.0,46.67,17.33,17.91,18.6,1.1,
24,2025-07-29 14:00:00,2.82,1.0,249.3,0.0,45.42,18.51,18.73,18.88,1.18,
24,2025-07-29 15:00:00,3.12,0.72,179.6,0.0,47.76,18.29,18.56,18.75,1.12,
24,2025-07-29 16:00:00,1.4,0.4,122.4,0.0,53.69,17.55,17.83,18.16,0.95,
24,2025-07-29 17:00:00,1.55,0.15,75.31,0.0,59.32,16.73,17.2,17.61,0.8,
24,2025-07-29 18:00:00,1.85,0.33,19.17,0.0,65.04,15.3,15.76,16.31,0.63,
24,2025-07-29 19:00:00,1.7,0.43,0.38,0.0,68.64,14.11,14.63,15.19,0.52,
24,2025-07-29 20:00:00,2.22,0.46,0.0,0.0,70.53,13.44,13.78,14.04,0.47,
24,2025-07-29 21:00:00,1.7,0.26,0.0,0.0,72.08,12.84,12.97,13.27,0.42,
24,2025-07-29 22:00:00,2.0,0.43,0.0,0.0,75.96,11.78,12.16,12.65,0.34,
24,2025-07-29 23:00:00,1.85,0.56,0.0,0.0,73.17,12.14,12.37,12.78,0.38,
24,2025-07-30 00:00:00,1.78,0.69,0.0,0.0,70.9,11.64,11.84,12.07,0.4,
24,2025-07-30 01:00:00,3.88,1.89,0.0,0.0,63.19,12.29,13.52,14.17,0.57,
24,2025-07-30 02:00:00,5.98,2.44,0.0,0.0,66.72,12.72,13.85,14.31,0.54,
24,2025-07-30 03:00:00,4.92,1.65,0.0,0.0,88.15,10.72,11.04,11.54,0.16,
24,2025-07-30 04:00:00,1.02,0.12,0.0,0.0,89.8,9.6,10.02,10.43,0.13,
24,2025-07-30 05:00:00,2.08,0.64,0.0,0.0,92.43,9.32,9.73,10.13,0.09,
24,2025-07-30 06:00:00,2.22,0.63,0.0,0.0,88.83,10.02,10.36,10.61,0.14,
24,2025-07-30 07:00:00,1.55,0.33,0.0,0.0,92.2,9.09,9.51,9.86,0.09,
24,2025-07-30 08:00:00,1.7,0.31,3.36,0.0,93.45,8.92,8.99,9.04,0.08,
24,2025-07-30 09:00:00,1.78,0.41,30.58,0.0,93.93,8.82,8.95,9.15,0.07,
24,2025-07-30 10:00:00,2.0,0.55,107.4,0.0,88.45,9.56,10.25,11.06,0.15,
24,2025-07-30 11:00:00,2.45,0.85,133.0,0.0,81.11,11.67,11.9,12.22,0.26,
24,2025-07-30 12:00:00,2.68,1.4,133.4,0.0,79.93,12.4,12.48,12.55,0.29,
24,2025-07-30 13:00:00,3.5,1.65,133.2,0.0,75.31,12.79,13.07,13.21,0.37,
24,2025-07-30 14:00:00,4.32,1.74,114.7,0.0,72.03,13.33,13.37,13.47,0.43,
24,2025-07-30 15:00:00,2.15,0.65,110.6,0.0,71.49,13.55,13.68,13.76,0.45,
24,2025-07-30 16:00:00,1.25,0.26,81.8,0.0,70.76,13.8,13.84,13.86,0.46,
24,2025-07-30 17:00:00,1.92,0.78,90.4,0.0,71.26,13.84,13.95,14.07,0.46,
24,2025-07-30 18:00:00,2.6,0.85,36.44,0.0,71.07,13.11,13.53,13.85,0.45,
24,2025-07-30 19:00:00,1.4,0.51,1.53,0.0,77.69,12.0,12.36,12.73,0.32,
24,2025-07-30 20:00:00,2.75,0.86,0.0,0.0,77.5,11.76,12.0,12.33,0.32,
24,2025-07-30 21:00:00,1.78,0.57,0.0,0.0,82.46,11.26,11.53,12.19,0.24,
24,2025-07-30 22:00:00,1.48,0.35,0.0,0.0,85.75,10.49,10.72,10.85,0.19,
24,2025-07-30 23:00:00,1.48,0.52,0.0,0.0,86.78,10.18,10.3,10.41,0.17,
24,2025-07-31 00:00:00,1.25,0.24,0.0,0.0,87.33,9.79,10.12,10.4,0.16,
24,2025-07-31 01:00:00,1.92,0.55,0.0,0.0,89.1,9.55,9.87,10.09,0.14,
24,2025-07-31 02:00:00,3.05,0.95,0.0,0.0,85.4,9.85,10.46,11.27,0.19,
24,2025-07-31 03:00:00,3.28,1.5,0.0,0.0,80.4,11.09,11.2,11.32,0.26,
24,2025-07-31 04:00:00,2.75,1.11,0.0,0.0,75.0,11.11,11.44,11.75,0.34,
24,2025-07-31 05:00:00,4.32,1.28,0.0,0.0,67.83,11.95,12.17,12.28,0.46,
24,2025-07-31 06:00:00,5.08,1.48,0.0,0.0,59.46,12.09,12.68,13.56,0.6,
24,2025-07-31 07:00:00,4.47,1.47,0.0,0.0,58.21,12.58,13.23,13.58,0.64,
24,2025-07-31 08:00:00,3.35,0.84,1.54,0.0,62.46,11.83,12.22,12.62,0.54,
24,2025-07-31 09:00:00,1.78,0.47,22.2,0.0,67.47,11.37,11.47,11.59,0.44,
24,2025-07-31 10:00:00,1.92,0.33,67.44,0.0,66.66,11.43,11.63,11.82,0.46,
24,2025-07-31 11:00:00,1.92,0.69,136.5,0.0,63.43,12.97,13.26,13.6,0.56,
24,2025-07-31 12:00:00,2.08,0.61,122.9,0.0,62.18,13.99,14.12,14.24,0.61,
24,2025-07-31 13:00:00,1.85,0.3,49.98,1.2,81.15,12.16,13.05,14.2,0.29,
24,2025-07-31 14:00:00,2.38,0.73,32.14,2.7,91.35,11.54,11.64,11.83,0.12,
24,2025-07-31 15:00:00,1.7,0.73,27.22,2.3,92.2,11.33,11.42,11.49,0.11,
24,2025-07-31 16:00:00,2.45,0.64,30.98,1.6,94.53,11.13,11.17,11.21,0.07,
24,2025-07-31 17:00:00,2.3,0.75,15.31,2.1,95.63,11.04,11.09,11.14,0.06,
24,2025-07-31 18:00:00,2.98,1.07,7.26,2.0,95.5,10.83,10.91,11.04,0.06,
24,2025-07-31 19:00:00,1.32,0.26,0.28,2.7,95.95,10.58,10.67,10.74,0.05,
24,2025-07-31 20:00:00,1.4,0.24,0.0,2.5,96.63,10.39,10.47,10.54,0.04,
24,2025-07-31 21:00:00,1.85,0.94,0.0,1.7,96.08,10.41,10.46,10.52,0.05,
24,2025-07-31 22:00:00,4.62,1.65,0.0,0.9,89.16,10.25,10.69,11.58,0.14,
24,2025-07-31 23:00:00,4.1,1.72,0.0,0.0,75.95,11.75,11.9,12.07,0.33,
24,2025-08-01 00:00:00,1.85,0.61,0.0,0.0,78.23,11.4,11.55,11.63,0.3,
24,2025-08-01 01:00:00,3.95,1.75,0.0,0.0,69.05,11.23,11.99,12.56,0.44,
24,2025-08-01 02:00:00,2.9,1.26,0.0,0.0,75.03,11.04,11.43,12.02,0.34,
24,2025-08-01 03:00:00,2.68,1.25,0.0,2.2,84.58,10.02,10.29,10.74,0.19,
24,2025-08-01 04:00:00,3.72,0.96,0.0,3.0,90.98,9.49,9.61,9.72,0.11,
24,2025-08-01 05:00:00,4.32,2.25,0.0,3.2,88.28,9.43,9.74,9.91,0.14,
24,2025-08-01 06:00:00,4.62,2.3,0.0,1.2,83.91,9.32,9.41,9.46,0.19,
24,2025-08-01 07:00:00,4.85,1.95,0.0,0.3,81.1,9.21,9.49,9.73,0.23,
24,2025-08-01 08:00:00,5.45,2.44,4.28,0.0,66.81,10.05,11.2,11.74,0.44,
24,2025-08-01 09:00:00,5.3,2.02,25.88,0.0,68.33,11.2,11.57,11.9,0.43,
24,2025-08-01 10:00:00,5.22,2.18,48.07,0.2,74.2,10.36,10.81,10.97,0.34,
24,2025-08-01 11:00:00,5.9,3.04,63.49,1.2,79.26,10.29,10.65,11.01,0.27,
24,2025-08-01 12:00:00,7.32,3.51,84.3,1.2,77.68,10.11,10.2,10.24,0.28,
24,2025-08-01 13:00:00,8.68,4.05,138.4,0.0,68.06,10.55,10.75,10.87,0.41,
24,2025-08-01 14:00:00,8.08,4.55,259.1,0.0,62.19,11.01,11.49,11.91,0.51,
24,2025-08-01 15:00:00,8.83,4.4,69.88,0.1,64.35,11.13,11.34,11.82,0.48,
24,2025-08-01 16:00:00,6.5,3.02,24.18,2.1,76.85,9.67,10.51,11.18,0.3,
24,2025-08-01 17:00:00,7.62,3.03,16.01,4.1,84.71,9.34,9.52,9.64,0.18,
24,2025-08-01 18:00:00,7.25,4.22,5.83,2.1,83.33,8.92,9.17,9.33,0.2,
24,2025-08-01 19:00:00,8.45,4.36,0.35,2.7,77.98,8.8,8.92,9.03,0.25,
24,2025-08-01 20:00:00,7.32,4.06,0.0,0.0,68.94,9.08,9.57,10.42,0.37,
24,2025-08-01 21:00:00,6.35,3.18,0.0,3.1,73.05,9.59,10.61,11.3,0.35,
24,2025-08-01 22:00:00,6.28,2.42,0.0,3.8,86.6,8.48,8.77,9.11,0.15,
24,2025-08-01 23:00:00,4.85,2.25,0.0,1.9,84.35,8.48,8.82,9.18,0.18,
24,2025-08-02 00:00:00,6.95,3.37,0.0,0.8,80.69,8.02,8.22,8.49,0.21,
24,2025-08-02 01:00:00,8.53,3.75,0.0,1.0,77.09,7.97,8.18,8.45,0.25,
24,2025-08-02 02:00:00,7.78,3.15,0.0,1.0,80.7,7.66,7.88,8.05,0.21,
24,2025-08-02 03:00:00,3.65,1.79,0.0,5.4,87.25,7.26,7.59,8.15,0.14,
24,2025-08-02 04:00:00,2.82,1.26,0.0,5.4,91.25,7.28,7.49,7.65,0.09,
24,2025-08-02 05:00:00,4.18,2.13,0.0,1.1,84.37,7.23,7.35,7.54,0.16,
24,2025-08-02 06:00:00,3.58,1.55,0.0,1.6,82.7,7.21,7.54,7.71,0.18,
24,2025-08-02 07:00:00,4.92,2.61,0.0,1.9,85.75,6.51,6.63,6.74,0.14,
24,2025-08-02 08:00:00,4.85,2.63,11.45,0.0,77.61,6.66,6.78,6.93,0.22,
24,2025-08-02 09:00:00,3.58,1.72,90.7,0.0,77.73,7.13,7.32,7.63,0.23,
24,2025-08-02 10:00:00,2.82,1.54,289.4,0.0,74.48,7.94,8.58,9.05,0.28,
24,2025-08-02 11:00:00,2.52,1.11,297.3,0.0,74.75,9.2,9.51,9.69,0.3,
24,2025-08-02 12:00:00,2.6,0.76,306.0,0.0,72.48,9.78,10.27,10.57,0.35,
24,2025-08-02 13:00:00,1.78,0.45,304.8,0.0,67.01,10.61,11.1,11.58,0.44,
24,2025-08-02 14:00:00,2.38,0.89,196.8,0.0,64.97,11.41,11.6,11.73,0.48,
24,2025-08-02 15:00:00,2.3,1.2,203.7,0.0,66.68,11.42,11.45,11.49,0.45,
24,2025-08-02 16:00:00,2.52,1.43,137.3,0.0,69.26,11.34,11.37,11.43,0.42,
24,2025-08-02 17:00:00,1.55,0.33,93.1,0.0,69.11,11.3,11.43,11.56,0.42,
24,2025-08-02 18:00:00,0.88,0.05,39.87,0.0,74.75,10.51,10.9,11.19,0.33,
24,2025-08-02 19:00:00,1.32,0.23,3.66,0.0,86.53,7.8,8.98,10.04,0.16,
24,2025-08-02 20:00:00,1.18,0.16,0.0,0.0,89.25,6.95,7.54,7.91,0.11,
24,2025-08-02 21:00:00,0.95,0.13,0.0,0.0,93.6,5.48,6.26,6.86,0.06,
24,2025-08-02 22:00:00,0.42,0.0,0.0,0.0,94.23,4.22,4.94,5.37,0.05,
24,2025-08-02 23:00:00,0.95,0.06,0.0,0.0,94.75,3.14,3.63,4.18,0.04,
24,2025-08-03 00:00:00,0.57,0.0,0.0,0.0,95.35,2.36,2.73,2.96,0.04,
24,2025-08-03 01:00:00,0.8,0.06,0.0,0.0,95.7,1.88,2.06,2.34,0.03,
24,2025-08-03 02:00:00,1.1,0.06,0.0,0.0,96.03,1.49,1.59,1.67,0.03,
24,2025-08-03 03:00:00,1.1,0.09,0.0,0.0,96.13,1.36,1.62,1.99,0.03,
24,2025-08-03 04:00:00,0.72,0.01,0.0,0.0,96.35,1.25,1.35,1.41,0.02,
24,2025-08-03 05:00:00,0.0,0.0,0.0,0.0,96.45,1.23,1.32,1.41,0.02,
24,2025-08-03 06:00:00,0.0,0.0,0.0,0.0,96.6,1.5,1.67,1.83,0.02,
24,2025-08-03 07:00:00,0.0,0.0,0.0,0.0,96.68,1.89,2.11,2.27,0.02,
24,2025-08-03 08:00:00,1.92,0.27,4.57,0.0,96.63,2.37,2.51,2.66,0.02,
24,2025-08-03 09:00:00,1.62,0.26,32.52,0.0,95.9,3.04,3.19,3.33,0.03,
24,2025-08-03 10:00:00,0.95,0.1,56.17,0.0,92.78,3.64,4.43,5.26,0.06,
24,2025-08-03 11:00:00,2.08,0.43,92.7,0.0,88.78,5.46,5.7,5.97,0.1,
24,2025-08-03 12:00:00,2.75,0.87,167.7,0.0,83.6,6.26,6.85,7.36,0.16,
24,2025-08-03 13:00:00,4.7,1.48,366.1,0.0,76.75,7.9,8.52,9.07,0.26,
24,2025-08-03 14:00:00,5.15,2.36,451.0,0.0,72.73,9.42,9.62,9.92,0.33,
24,2025-08-03 15:00:00,4.92,2.52,488.4,0.0,65.49,10.25,10.78,11.32,0.45,
24,2025-08-03 16:00:00,4.7,2.67,381.9,0.0,56.33,11.63,12.26,12.91,0.63,
24,2025-08-03 17:00:00,3.95,1.83,147.3,0.0,59.36,11.97,12.34,13.01,0.58,
24,2025-08-03 18:00:00,1.7,0.36,77.84,0.0,64.48,11.22,11.55,11.85,0.48,
24,2025-08-03 19:00:00,1.7,0.53,3.7,0.0,75.07,9.65,10.19,10.8,0.31,
24,2025-08-03 20:00:00,1.62,0.42,0.0,0.0,82.5,8.7,9.01,9.3,0.2,
24,2025-08-03 21:00:00,2.08,0.88,0.0,0.0,78.54,8.1,8.35,8.61,0.24,
24,2025-08-03 22:00:00,1.92,0.24,0.0,0.0,85.85,6.88,7.35,8.01,0.15,
24,2025-08-03 23:00:00,1.78,0.21,0.0,0.0,86.93,6.82,6.96,7.1,0.13,
24,2025-08-04 00:00:00,2.45,0.99,0.0,0.0,87.9,6.33,6.69,7.0,0.12,
24,2025-08-04 01:00:00,2.45,0.78,0.0,0.0,94.2,5.17,5.26,5.4,0.05,
24,2025-08-04 02:00:00,1.48,0.32,0.0,0.0,96.58,4.61,4.95,5.23,0.03,
24,2025-08-04 03:00:00,2.52,0.78,0.0,0.0,97.18,4.2,4.4,4.6,0.02,
24,2025-08-04 04:00:00,1.4,0.4,0.0,0.0,97.35,3.75,3.92,4.31,0.02,
24,2025-08-04 05:00:00,1.7,0.48,0.0,0.0,97.55,3.46,3.62,3.82,0.02,
24,2025-08-04 06:00:00,1.25,0.16,0.0,0.0,97.65,3.42,3.55,3.79,0.02,
24,2025-08-04 07:00:00,2.08,0.51,0.0,0.0,97.7,3.16,3.3,3.61,0.02,
24,2025-08-04 08:00:00,1.7,0.67,7.71,0.0,97.75,2.96,3.08,3.2,0.02,
24,2025-08-04 09:00:00,1.55,0.4,62.17,0.0,97.85,2.91,3.18,3.56,0.02,
24,2025-08-04 10:00:00,1.85,0.61,112.4,0.0,97.9,3.85,4.07,4.31,0.02,
24,2025-08-04 11:00:00,2.6,1.33,307.2,0.0,97.98,4.45,5.07,5.84,0.02,
24,2025-08-04 12:00:00,3.5,1.74,449.3,0.0,88.73,6.75,7.76,8.36,0.12,
24,2025-08-04 13:00:00,3.28,1.76,490.5,0.0,80.86,8.82,9.39,9.69,0.23,
24,2025-08-04 14:00:00,3.28,1.74,408.9,0.0,78.22,10.01,10.51,11.02,0.28,
24,2025-08-04 15:00:00,3.35,1.79,467.2,0.0,74.68,11.32,11.78,12.39,0.35,
24,2025-08-04 16:00:00,3.2,1.42,376.5,0.0,65.16,12.73,13.36,14.04,0.54,
24,2025-08-04 17:00:00,2.3,1.19,211.6,0.0,64.4,13.8,13.88,14.01,0.57,
24,2025-08-04 18:00:00,2.75,1.21,134.9,0.0,69.78,11.93,12.71,13.71,0.45,
24,2025-08-04 19:00:00,1.62,0.29,3.08,0.0,79.68,9.46,10.37,11.22,0.26,
24,2025-08-04 20:00:00,1.1,0.13,0.0,0.0,88.55,8.13,8.22,8.45,0.13,
24,2025-08-04 21:00:00,0.8,0.06,0.0,0.0,92.33,6.29,6.58,7.16,0.07,
24,2025-08-04 22:00:00,0.65,0.01,0.0,0.0,93.8,6.03,6.13,6.24,0.06,
24,2025-08-04 23:00:00,0.88,0.06,0.0,0.0,94.23,4.8,5.26,5.87,0.05,
24,2025-08-05 00:00:00,0.72,0.02,0.0,0.0,95.18,4.5,4.61,4.79,0.04,
24,2025-08-05 01:00:00,1.02,0.09,0.0,0.0,95.58,4.12,4.26,4.34,0.04,
24,2025-08-05 02:00:00,1.02,0.2,0.0,0.0,96.08,3.83,4.19,4.68,0.03,
24,2025-08-05 03:00:00,0.8,0.01,0.0,0.0,96.1,4.09,4.27,4.54,0.03,
24,2025-08-05 04:00:00,0.88,0.1,0.0,0.0,95.98,3.62,3.87,4.39,0.03,
24,2025-08-05 05:00:00,0.8,0.03,0.0,0.0,96.18,3.1,3.55,3.9,0.03,
24,2025-08-05 06:00:00,0.88,0.05,0.0,0.0,96.43,3.55,3.95,4.57,0.03,
24,2025-08-05 07:00:00,1.55,0.15,0.0,0.0,95.43,4.18,4.51,4.85,0.04,
24,2025-08-05 08:00:00,0.65,0.02,16.57,0.0,95.68,3.74,3.86,3.96,0.04,
24,2025-08-05 09:00:00,1.25,0.02,113.2,0.0,96.23,4.41,5.0,5.88,0.03,
24,2025-08-05 10:00:00,1.85,0.49,262.2,0.0,87.7,6.93,8.6,10.21,0.14,
24,2025-08-05 11:00:00,3.42,1.61,429.7,0.0,73.52,10.98,11.74,12.73,0.37,
24,2025-08-05 12:00:00,3.28,1.19,522.4,0.0,63.84,13.55,14.41,15.03,0.6,
24,2025-08-05 13:00:00,3.72,2.12,606.9,0.0,60.66,15.38,15.95,16.46,0.72,
24,2025-08-05 14:00:00,4.47,2.23,596.3,0.0,52.65,16.94,17.78,18.5,0.97,
24,2025-08-05 15:00:00,6.42,3.56,523.6,0.0,52.15,18.08,18.3,18.52,1.01,
24,2025-08-05 16:00:00,5.82,3.75,442.9,0.0,49.94,17.74,17.89,18.03,1.03,
24,2025-08-05 17:00:00,5.52,3.41,222.9,0.0,50.42,17.39,17.58,17.78,1.0,
24,2025-08-05 18:00:00,4.1,2.04,156.0,0.0,54.35,15.71,16.51,17.27,0.86,
24,2025-08-05 19:00:00,2.08,0.51,5.44,0.0,64.15,12.72,13.84,14.94,0.57,
24,2025-08-05 20:00:00,1.1,0.14,0.0,0.0,78.43,10.41,11.45,12.17,0.29,
24,2025-08-05 21:00:00,1.55,0.29,0.0,0.0,87.0,8.52,8.87,9.37,0.15,
24,2025-08-05 22:00:00,3.5,0.68,0.0,0.0,82.09,8.85,9.79,12.15,0.23,
24,2025-08-05 23:00:00,2.9,1.13,0.0,0.0,80.42,9.46,10.65,12.57,0.26,
24,2025-08-06 00:00:00,1.85,0.4,0.0,0.0,84.38,7.8,9.02,9.75,0.18,
24,2025-08-06 01:00:00,1.4,0.2,0.0,0.0,92.2,6.43,6.59,6.85,0.08,
24,2025-08-06 02:00:00,1.18,0.1,0.0,0.0,94.15,5.92,6.13,6.26,0.06,
24,2025-08-06 03:00:00,1.18,0.06,0.0,0.0,93.5,5.79,6.24,6.65,0.06,
24,2025-08-06 04:00:00,1.85,0.17,0.0,0.0,94.0,5.18,5.57,5.83,0.06,
24,2025-08-06 05:00:00,0.95,0.16,0.0,0.0,95.35,4.53,4.69,4.86,0.04,
24,2025-08-06 06:00:00,1.55,0.32,0.0,0.0,95.68,4.93,5.1,5.34,0.04,
24,2025-08-06 07:00:00,2.15,0.49,0.0,0.0,93.3,6.24,6.92,7.45,0.07,
24,2025-08-06 08:00:00,3.5,1.35,12.21,0.0,85.35,8.74,9.89,10.48,0.18,
24,2025-08-06 09:00:00,2.0,0.39,77.79,0.0,86.63,10.27,10.56,10.72,0.17,
24,2025-08-06 10:00:00,2.45,0.53,140.0,0.0,89.58,10.84,11.01,11.22,0.14,
24,2025-08-06 11:00:00,6.05,2.48,202.1,0.0,88.65,11.33,11.66,11.94,0.16,
24,2025-08-06 12:00:00,5.52,2.96,417.3,0.0,84.35,11.51,12.36,12.94,0.23,
24,2025-08-06 13:00:00,4.7,2.93,335.8,0.0,79.09,13.06,13.5,14.07,0.32,
24,2025-08-06 14:00:00,3.88,1.84,316.3,0.0,76.12,14.08,14.2,14.28,0.39,
24,2025-08-06 15:00:00,4.32,2.25,477.7,0.0,75.85,14.3,14.66,15.24,0.4,
24,2025-08-06 16:00:00,5.45,3.2,427.6,0.0,73.13,15.21,15.41,15.56,0.47,
24,2025-08-06 17:00:00,6.12,3.6,208.2,0.0,72.65,14.98,15.07,15.23,0.47,
24,2025-08-06 18:00:00,4.85,3.06,130.4,0.0,76.61,13.65,14.34,14.89,0.39,
24,2025-08-06 19:00:00,5.68,2.75,5.04,0.0,81.93,12.28,12.74,13.08,0.27,
24,2025-08-06 20:00:00,3.8,1.95,0.0,0.0,85.33,11.77,11.91,12.14,0.2,
24,2025-08-06 21:00:00,4.18,2.15,0.0,0.0,84.15,11.89,12.2,12.41,0.23,
24,2025-08-06 22:00:00,3.72,0.86,0.0,0.0,85.6,10.58,11.52,12.63,0.2,
24,2025-08-06 23:00:00,3.88,2.04,0.0,0.0,83.03,12.1,12.4,12.77,0.25,
24,2025-08-07 00:00:00,4.47,2.4,0.0,0.0,83.3,11.31,11.64,11.94,0.23,
24,2025-08-07 01:00:00,3.72,1.98,0.0,0.0,84.25,10.13,10.58,11.04,0.2,
24,2025-08-07 02:00:00,3.2,1.32,0.0,0.0,87.05,8.99,9.4,10.0,0.15,
24,2025-08-07 03:00:00,2.3,0.88,0.0,0.0,90.0,7.4,8.35,8.93,0.11,
24,2025-08-07 04:00:00,2.98,0.64,0.0,0.0,91.13,7.78,8.21,8.5,0.1,
24,2025-08-07 05:00:00,1.32,0.17,0.0,0.0,92.2,7.98,8.17,8.38,0.08,
24,2025-08-07 06:00:00,1.92,0.38,0.0,0.0,91.45,8.39,8.42,8.45,0.09,
24,2025-08-07 07:00:00,1.7,0.35,0.0,0.0,92.18,8.1,8.26,8.48,0.09,
24,2025-08-07 08:00:00,1.25,0.28,9.66,0.0,90.9,8.24,8.4,8.49,0.1,
24,2025-08-07 09:00:00,1.7,0.77,53.95,0.0,89.13,8.51,8.53,8.55,0.12,
24,2025-08-07 10:00:00,1.7,0.47,166.7,0.0,86.53,8.49,8.6,8.71,0.15,
24,2025-08-07 11:00:00,2.68,1.03,167.1,0.0,87.23,8.91,9.0,9.09,0.15,
24,2025-08-07 12:00:00,3.5,1.6,289.8,0.0,83.05,9.37,9.88,10.41,0.21,
24,2025-08-07 13:00:00,3.28,0.97,381.1,0.0,79.81,10.56,11.07,11.65,0.27,
24,2025-08-07 14:00:00,1.62,0.61,653.6,0.0,73.24,12.04,12.62,13.3,0.39,
24,2025-08-07 15:00:00,2.3,0.79,538.5,0.0,68.89,13.65,14.08,14.39,0.5,
24,2025-08-07 16:00:00,2.38,0.75,434.9,0.0,64.51,14.73,15.31,15.63,0.62,
24,2025-08-07 17:00:00,2.45,0.99,205.8,0.0,64.57,15.66,15.78,15.97,0.64,
24,2025-08-07 18:00:00,2.9,1.62,119.7,0.0,72.74,13.16,14.16,15.22,0.45,
24,2025-08-07 19:00:00,2.15,0.98,6.1,0.0,82.5,10.68,11.66,12.55,0.24,
24,2025-08-07 20:00:00,1.25,0.16,0.0,0.0,89.48,9.01,9.55,10.19,0.13,
24,2025-08-07 21:00:00,1.32,0.09,0.0,0.0,93.13,6.9,7.5,8.41,0.07,
24,2025-08-07 22:00:00,0.72,0.01,0.0,0.0,94.7,5.5,5.93,6.45,0.05,
24,2025-08-07 23:00:00,1.02,0.18,0.0,0.0,95.33,4.64,5.1,5.92,0.04,
24,2025-08-08 00:00:00,1.18,0.05,0.0,0.0,96.43,4.7,4.8,4.86,0.03,
24,2025-08-08 01:00:00,0.8,0.04,0.0,0.0,96.63,3.83,4.2,4.44,0.03,
24,2025-08-08 02:00:00,0.72,0.01,0.0,0.0,96.95,3.14,3.3,3.58,0.02,
24,2025-08-08 03:00:00,0.57,0.0,0.0,0.0,97.05,2.51,2.9,3.28,0.02,
24,2025-08-08 04:00:00,0.0,0.0,0.0,0.0,97.13,2.09,2.22,2.32,0.02,
24,2025-08-08 05:00:00,0.72,0.03,0.0,0.0,97.13,1.82,1.98,2.11,0.02,
24,2025-08-08 06:00:00,0.0,0.0,0.0,0.0,97.03,1.23,1.42,1.67,0.02,
24,2025-08-08 07:00:00,0.0,0.0,0.0,0.0,97.1,0.66,0.86,1.13,0.02,
24,2025-08-08 08:00:00,0.0,0.0,16.32,0.0,97.28,0.87,0.98,1.12,0.02,
24,2025-08-08 09:00:00,0.0,0.0,190.2,0.0,97.5,1.32,2.68,3.86,0.02,
24,2025-08-08 10:00:00,0.95,0.04,362.4,0.0,92.08,5.49,7.87,10.02,0.09,
24,2025-08-08 11:00:00,1.1,0.27,490.5,0.0,71.15,10.9,12.25,13.67,0.42,
24,2025-08-08 12:00:00,2.08,0.57,577.8,0.0,58.05,14.22,14.96,15.7,0.72,
24,2025-08-08 13:00:00,2.45,1.09,605.0,0.0,53.32,15.94,16.59,17.26,0.88,
24,2025-08-08 14:00:00,2.82,1.17,603.3,0.0,47.34,17.75,18.51,19.12,1.13,
24,2025-08-08 15:00:00,3.72,1.63,565.3,0.0,39.34,19.37,19.67,20.03,1.39,
24,2025-08-08 16:00:00,3.95,1.91,467.4,0.0,34.97,20.26,20.39,20.52,1.56,
24,2025-08-08 17:00:00,3.35,2.05,235.1,0.0,41.92,19.74,20.05,20.3,1.37,
24,2025-08-08 18:00:00,2.75,1.32,148.0,0.0,47.48,17.63,18.64,19.5,1.14,
24,2025-08-08 19:00:00,1.32,0.12,5.75,0.0,65.62,12.74,14.49,16.4,0.58,
24,2025-08-08 20:00:00,1.92,0.32,0.0,0.0,75.14,10.57,11.29,11.93,0.34,
24,2025-08-08 21:00:00,0.72,0.02,0.0,0.0,81.75,8.34,8.85,9.49,0.21,
24,2025-08-08 22:00:00,1.62,0.17,0.0,0.0,87.38,6.82,7.34,8.02,0.13,
24,2025-08-08 23:00:00,1.7,0.41,0.0,0.0,88.15,6.8,7.17,7.9,0.12,
24,2025-08-09 00:00:00,1.78,0.52,0.0,0.0,90.2,5.98,6.72,7.38,0.1,
24,2025-08-09 01:00:00,1.78,0.39,0.0,0.0,93.48,5.08,5.35,5.8,0.06,
24,2025-08-09 02:00:00,0.95,0.08,0.0,0.0,95.43,5.87,6.64,7.17,0.04,
24,2025-08-09 03:00:00,1.48,0.25,0.0,0.0,96.58,6.89,7.04,7.31,0.04,
24,2025-08-09 04:00:00,2.52,0.84,0.0,0.0,97.25,7.08,7.2,7.34,0.03,
24,2025-08-09 05:00:00,2.3,0.86,0.0,0.0,97.15,7.2,7.41,7.53,0.03,
24,2025-08-09 06:00:00,3.35,1.51,0.0,0.0,96.48,7.43,7.55,7.65,0.04,
24,2025-08-09 07:00:00,3.35,1.4,0.0,0.0,90.25,7.48,7.91,8.33,0.11,
24,2025-08-09 08:00:00,2.75,0.5,6.36,0.0,90.75,8.3,8.47,8.62,0.1,
24,2025-08-09 09:00:00,1.4,0.19,35.8,0.0,90.85,8.23,8.39,8.53,0.1,
24,2025-08-09 10:00:00,2.52,1.16,53.8,0.0,95.48,8.2,8.31,8.5,0.05,
24,2025-08-09 11:00:00,1.85,0.63,84.3,0.0,94.95,8.38,8.53,8.72,0.06,
24,2025-08-09 12:00:00,2.6,1.33,260.7,0.0,90.53,9.06,9.55,10.0,0.12,
24,2025-08-09 13:00:00,3.2,1.93,342.0,0.0,81.42,10.43,10.89,11.18,0.25,
24,2025-08-09 14:00:00,2.82,1.53,187.4,0.0,78.99,11.03,11.14,11.23,0.28,
24,2025-08-09 15:00:00,2.82,1.17,103.5,0.0,82.08,10.64,10.72,10.8,0.23,
24,2025-08-09 16:00:00,2.6,1.03,64.05,0.0,82.13,10.49,10.57,10.68,0.23,
24,2025-08-09 17:00:00,2.0,0.4,47.7,0.0,83.2,10.47,10.51,10.54,0.22,
24,2025-08-09 18:00:00,1.78,0.21,26.86,0.0,83.55,10.37,10.56,10.64,0.21,
24,2025-08-09 19:00:00,1.02,0.06,2.11,0.0,85.28,10.1,10.19,10.29,0.18,
24,2025-08-09 20:00:00,0.72,0.04,0.0,0.0,86.95,9.85,9.95,10.03,0.16,
24,2025-08-09 21:00:00,1.25,0.21,0.0,0.0,87.7,9.69,9.75,9.81,0.15,
24,2025-08-09 22:00:00,1.1,0.19,0.0,0.0,89.15,9.49,9.62,9.76,0.13,
24,2025-08-09 23:00:00,1.25,0.14,0.0,0.0,91.13,9.16,9.34,9.5,0.11,
24,2025-08-10 00:00:00,0.72,0.03,0.0,0.0,92.93,8.48,8.71,8.9,0.08,
24,2025-08-10 01:00:00,1.7,0.32,0.0,0.0,89.85,6.1,6.94,7.95,0.1,
24,2025-08-10 02:00:00,1.48,0.31,0.0,0.0,89.05,4.85,5.46,5.8,0.1,
24,2025-08-10 03:00:00,1.48,0.33,0.0,0.0,92.2,3.49,4.23,4.77,0.06,
24,2025-08-10 04:00:00,1.02,0.13,0.0,0.0,95.9,3.13,3.34,3.53,0.03,
24,2025-08-10 05:00:00,1.18,0.25,0.0,0.0,97.13,4.34,4.53,4.62,0.02,
24,2025-08-10 06:00:00,1.32,0.31,0.0,0.0,97.08,2.96,3.67,4.52,0.02,
24,2025-08-10 07:00:00,2.0,0.31,0.0,0.0,97.38,2.68,3.07,3.36,0.02,
24,2025-08-10 08:00:00,0.88,0.07,23.53,0.0,97.3,2.15,2.48,2.82,0.02,
24,2025-08-10 09:00:00,1.25,0.25,204.0,0.0,97.3,2.64,3.99,4.83,0.02,
24,2025-08-10 10:00:00,1.55,0.5,376.1,0.0,89.48,5.24,6.31,7.63,0.11,
24,2025-08-10 11:00:00,1.78,0.36,462.0,0.0,73.8,9.48,9.85,10.27,0.32,
24,2025-08-10 12:00:00,3.5,1.43,565.7,0.0,67.98,10.91,11.56,12.33,0.44,
24,2025-08-10 13:00:00,5.15,2.74,611.7,0.0,62.25,12.6,13.09,13.35,0.57,
24,2025-08-10 14:00:00,4.32,1.97,556.3,0.0,57.44,13.51,14.05,14.49,0.69,
24,2025-08-10 15:00:00,2.98,1.31,540.1,0.0,53.69,15.29,15.49,15.68,0.82,
24,2025-08-10 16:00:00,4.03,2.14,236.3,0.0,54.55,14.83,15.26,15.45,0.79,
24,2025-08-10 17:00:00,5.15,2.95,171.3,0.0,60.57,14.65,14.78,14.86,0.67,
24,2025-08-10 18:00:00,3.72,1.99,53.51,0.0,61.83,13.52,13.95,14.35,0.61,
24,2025-08-10 19:00:00,2.0,0.9,4.75,0.0,65.05,12.57,12.87,13.28,0.52,
24,2025-08-10 20:00:00,1.78,0.35,0.0,0.0,72.41,11.45,11.82,12.36,0.38,
24,2025-08-10 21:00:00,1.32,0.23,0.0,0.0,85.48,8.28,9.26,10.35,0.17,
24,2025-08-10 22:00:00,1.78,0.41,0.0,0.0,87.15,7.69,8.14,8.77,0.14,
24,2025-08-10 23:00:00,1.48,0.16,0.0,0.0,85.9,7.52,8.33,8.69,0.16,
24,2025-08-11 00:00:00,1.55,0.27,0.0,0.0,92.23,5.95,6.2,6.61,0.08,
24,2025-08-11 01:00:00,1.7,0.27,0.0,0.0,92.3,4.74,5.54,6.27,0.07,
24,2025-08-11 02:00:00,1.32,0.35,0.0,0.0,91.2,4.55,5.42,6.31,0.08,
24,2025-08-11 03:00:00,1.1,0.07,0.0,0.0,93.73,3.54,4.09,4.49,0.05,
24,2025-08-11 04:00:00,1.32,0.19,0.0,0.0,95.03,3.2,3.26,3.34,0.04,
24,2025-08-11 05:00:00,1.55,0.19,0.0,0.0,94.93,2.61,2.88,3.06,0.04,
24,2025-08-11 06:00:00,1.92,0.75,0.0,0.0,91.35,3.27,3.94,4.36,0.07,
24,2025-08-11 07:00:00,1.32,0.21,0.0,0.0,92.43,3.39,3.97,4.42,0.06,
24,2025-08-11 08:00:00,2.45,0.79,62.79,0.0,93.08,3.43,4.21,4.64,0.06,
24,2025-08-11 09:00:00,2.22,0.68,229.8,0.0,79.52,6.9,8.31,9.37,0.23,
24,2025-08-11 10:00:00,0.95,0.08,340.3,0.0,64.65,11.15,12.21,12.94,0.5,
24,2025-08-11 11:00:00,2.15,0.5,453.9,0.0,59.1,13.32,14.35,15.26,0.67,
24,2025-08-11 12:00:00,1.78,0.49,564.7,0.0,50.8,15.9,17.11,17.8,0.96,
24,2025-08-11 13:00:00,1.7,0.52,591.1,0.0,42.79,18.6,19.66,20.55,1.32,
24,2025-08-11 14:00:00,1.92,0.67,573.7,0.0,38.82,21.0,21.41,22.01,1.56,
24,2025-08-11 15:00:00,2.15,0.79,392.6,0.0,35.99,22.44,22.51,22.59,1.75,
24,2025-08-11 16:00:00,1.92,0.9,337.9,0.0,35.51,22.51,22.87,23.13,1.8,
24,2025-08-11 17:00:00,1.32,0.09,144.5,0.0,41.45,21.67,22.33,22.88,1.58,
24,2025-08-11 18:00:00,3.65,1.65,77.54,0.0,49.93,18.99,20.08,21.11,1.18,
24,2025-08-11 19:00:00,2.52,0.63,4.27,0.0,59.08,17.35,17.79,18.42,0.84,
24,2025-08-11 20:00:00,0.8,0.04,0.0,0.0,74.57,13.86,14.72,15.93,0.43,
24,2025-08-11 21:00:00,1.25,0.12,0.0,0.0,74.62,12.56,13.52,14.43,0.4,
24,2025-08-11 22:00:00,1.4,0.21,0.0,0.0,82.63,11.44,11.65,12.07,0.24,
24,2025-08-11 23:00:00,1.32,0.1,0.0,0.0,81.8,11.06,11.57,11.97,0.25,
24,2025-08-12 00:00:00,0.95,0.17,0.0,0.0,81.77,10.93,11.31,12.08,0.24,
24,2025-08-12 01:00:00,1.02,0.17,0.0,0.0,83.65,10.87,11.11,11.32,0.22,
24,2025-08-12 02:00:00,1.02,0.06,0.0,0.0,85.35,10.74,10.93,11.21,0.19,
24,2025-08-12 03:00:00,1.18,0.03,0.0,0.0,88.43,9.8,10.18,10.61,0.14,
24,2025-08-12 04:00:00,0.8,0.03,0.0,0.0,85.6,10.2,10.44,10.64,0.19,
24,2025-08-12 05:00:00,0.95,0.06,0.0,0.0,90.0,9.41,9.7,10.0,0.12,
24,2025-08-12 06:00:00,0.8,0.03,0.0,0.0,90.85,9.26,9.4,9.52,0.11,
24,2025-08-12 07:00:00,1.25,0.23,0.0,0.0,90.63,9.24,9.45,9.88,0.11,
24,2025-08-12 08:00:00,3.28,1.16,14.11,0.0,86.75,9.86,10.86,12.01,0.17,
24,2025-08-12 09:00:00,1.7,0.41,86.4,0.0,86.28,11.52,11.78,12.03,0.19,
24,2025-08-12 10:00:00,2.98,1.0,136.4,0.0,85.78,12.13,12.4,12.61,0.21,
24,2025-08-12 11:00:00,4.55,1.84,203.1,0.0,81.7,13.06,13.31,13.46,0.28,
24,2025-08-12 12:00:00,4.78,2.68,270.6,0.0,74.75,13.76,14.43,14.86,0.42,
24,2025-08-12 13:00:00,4.55,2.42,446.1,0.0,71.08,15.07,15.73,16.08,0.52,
24,2025-08-12 14:00:00,3.65,2.09,266.0,0.0,68.56,15.88,16.12,16.34,0.58,
24,2025-08-12 15:00:00,3.88,2.26,232.3,0.0,68.46,16.46,16.51,16.55,0.6,
24,2025-08-12 16:00:00,3.95,2.23,226.2,0.0,68.21,16.47,16.52,16.6,0.6,
24,2025-08-12 17:00:00,2.68,1.36,111.4,0.0,70.47,16.12,16.39,16.53,0.55,
24,2025-08-12 18:00:00,3.2,1.88,58.08,0.0,77.43,15.08,15.47,15.85,0.4,
24,2025-08-12 19:00:00,5.3,2.62,9.42,0.0,81.23,14.25,14.42,14.72,0.31,
24,2025-08-12 20:00:00,5.9,3.33,0.0,0.0,84.1,13.6,13.87,14.14,0.25,
24,2025-08-12 21:00:00,5.68,2.94,0.0,0.0,87.55,13.08,13.18,13.36,0.19,
24,2025-08-12 22:00:00,5.0,2.48,0.0,0.0,89.73,12.61,12.83,13.01,0.15,
24,2025-08-12 23:00:00,2.52,1.01,0.0,0.0,91.88,11.95,12.18,12.46,0.11,
24,2025-08-13 00:00:00,3.28,1.53,0.0,0.0,93.0,11.95,12.03,12.08,0.1,
24,2025-08-13 01:00:00,3.72,2.18,0.0,0.0,93.5,12.15,12.21,12.26,0.09,
24,2025-08-13 02:00:00,3.88,2.1,0.0,0.0,94.05,12.07,12.1,12.14,0.08,
24,2025-08-13 03:00:00,2.98,1.28,0.0,0.0,94.18,11.78,11.95,12.08,0.08,
24,2025-08-13 04:00:00,3.5,1.84,0.0,0.0,95.65,11.61,11.74,11.83,0.06,
24,2025-08-13 05:00:00,3.65,2.08,0.0,0.0,96.33,11.13,11.38,11.58,0.05,
24,2025-08-13 06:00:00,2.82,1.33,0.0,0.0,96.55,11.06,11.09,11.12,0.05,
24,2025-08-13 07:00:00,1.7,0.27,0.0,0.0,95.25,10.97,11.0,11.06,0.06,
24,2025-08-13 08:00:00,2.45,0.67,12.94,0.0,91.68,10.55,10.83,11.04,0.11,
24,2025-08-13 09:00:00,2.98,0.97,63.65,0.0,90.98,10.53,10.62,10.81,0.12,
24,2025-08-13 10:00:00,2.08,0.66,147.6,0.0,87.43,10.89,11.12,11.43,0.17,
24,2025-08-13 11:00:00,2.45,0.96,277.4,0.0,86.28,11.56,11.8,12.16,0.19,
24,2025-08-13 12:00:00,4.03,1.27,508.2,0.0,81.72,12.44,13.14,13.69,0.28,
24,2025-08-13 13:00:00,4.18,2.54,528.8,0.0,77.46,13.76,13.94,14.28,0.36,
24,2025-08-13 14:00:00,3.5,2.14,548.6,0.0,68.93,14.6,15.16,15.88,0.54,
24,2025-08-13 15:00:00,4.7,2.63,510.3,0.0,62.57,16.44,16.73,16.98,0.71,
24,2025-08-13 16:00:00,5.3,3.08,459.4,0.0,59.34,16.93,17.43,17.81,0.81,
24,2025-08-13 17:00:00,5.22,2.94,230.6,0.0,59.19,17.08,17.19,17.28,0.8,
24,2025-08-13 18:00:00,4.62,2.32,160.8,0.0,64.3,15.72,16.23,16.71,0.66,
24,2025-08-13 19:00:00,2.38,0.59,8.37,0.0,75.29,13.02,14.06,15.31,0.4,
24,2025-08-13 20:00:00,1.62,0.29,0.0,0.0,80.2,10.64,11.6,12.59,0.27,
24,2025-08-13 21:00:00,0.57,0.01,0.0,0.0,91.08,8.09,8.75,9.64,0.1,
24,2025-08-13 22:00:00,0.42,0.0,0.0,0.0,93.28,6.72,7.28,7.89,0.07,
24,2025-08-13 23:00:00,0.28,0.0,0.0,0.0,93.95,6.01,6.33,6.65,0.06,
24,2025-08-14 00:00:00,0.8,0.02,0.0,0.0,94.28,5.42,5.97,6.35,0.05,
24,2025-08-14 01:00:00,0.88,0.04,0.0,0.0,94.88,4.74,4.95,5.11,0.04,
24,2025-08-14 02:00:00,0.5,0.01,0.0,0.0,95.78,4.28,4.73,5.51,0.04,
24,2025-08-14 03:00:00,0.0,0.0,0.0,0.0,95.5,4.4,4.77,5.36,0.04,
24,2025-08-14 04:00:00,1.25,0.21,0.0,0.0,96.15,4.16,4.23,4.34,0.03,
24,2025-08-14 05:00:00,0.8,0.01,0.0,0.0,96.43,3.13,3.4,3.89,0.03,
24,2025-08-14 06:00:00,0.42,0.0,0.0,0.0,96.58,3.05,3.33,3.66,0.03,
24,2025-08-14 07:00:00,0.88,0.1,0.01,0.0,96.43,2.36,2.64,2.83,0.03,
24,2025-08-14 08:00:00,0.42,0.01,39.42,0.0,96.6,2.13,2.28,2.69,0.03,
24,2025-08-14 09:00:00,0.88,0.02,215.6,0.0,90.98,4.68,7.04,9.64,0.1,
24,2025-08-14 10:00:00,1.55,0.82,373.0,0.0,76.26,10.23,11.44,12.87,0.33,
24,2025-08-14 11:00:00,3.05,1.28,499.7,0.0,70.2,13.31,13.81,14.31,0.47,
24,2025-08-14 12:00:00,4.03,1.84,577.8,0.0,68.74,14.38,14.84,15.14,0.53,
24,2025-08-14 13:00:00,3.28,1.57,606.2,0.0,66.64,15.18,15.72,16.37,0.6,
24,2025-08-14 14:00:00,5.15,2.45,604.6,0.0,70.68,15.98,16.16,16.51,0.54,
24,2025-08-14 15:00:00,5.0,2.65,555.8,0.0,68.96,15.83,16.24,16.54,0.57,
24,2025-08-14 16:00:00,4.47,2.19,449.2,0.0,68.42,16.2,16.34,16.48,0.59,
24,2025-08-14 17:00:00,3.35,1.75,186.3,0.0,71.02,15.28,15.75,16.09,0.52,
24,2025-08-14 18:00:00,3.42,1.49,132.1,0.0,79.58,13.11,13.9,14.83,0.32,
24,2025-08-14 19:00:00,2.45,0.67,4.36,0.0,83.35,12.84,12.94,13.02,0.25,
24,2025-08-14 20:00:00,1.48,0.29,0.0,0.0,83.7,12.62,12.67,12.73,0.24,
24,2025-08-14 21:00:00,1.55,0.19,0.0,0.0,86.13,12.12,12.37,12.56,0.2,
24,2025-08-14 22:00:00,1.1,0.22,0.0,0.0,92.45,11.36,11.6,11.87,0.11,
24,2025-08-14 23:00:00,1.02,0.07,0.0,0.0,94.43,11.24,11.27,11.29,0.07,
24,2025-08-15 00:00:00,0.0,0.0,0.0,0.1,95.05,11.19,11.23,11.28,0.07,
24,2025-08-15 01:00:00,1.48,0.42,0.0,0.2,95.63,11.06,11.15,11.2,0.06,
24,2025-08-15 02:00:00,3.12,0.97,0.0,0.1,93.68,10.94,10.98,11.04,0.09,
24,2025-08-15 03:00:00,1.4,0.34,0.0,0.1,93.78,10.79,10.96,11.08,0.08,
24,2025-08-15 04:00:00,1.4,0.23,0.0,0.1,95.98,10.72,10.73,10.75,0.05,
24,2025-08-15 05:00:00,0.88,0.04,0.0,0.2,96.38,10.72,10.73,10.75,0.05,
24,2025-08-15 06:00:00,1.25,0.42,0.0,0.0,96.53,10.67,10.69,10.74,0.05,
24,2025-08-15 07:00:00,1.02,0.15,0.0,0.0,96.43,10.64,10.66,10.67,0.05,
24,2025-08-15 08:00:00,0.72,0.01,16.47,0.0,96.4,10.67,10.71,10.75,0.05,
24,2025-08-15 09:00:00,0.95,0.06,49.66,0.0,95.63,10.86,10.98,11.13,0.06,
24,2025-08-15 10:00:00,1.18,0.28,90.7,0.0,91.73,11.3,11.59,11.79,0.12,
24,2025-08-15 11:00:00,0.95,0.07,122.6,0.0,88.95,11.84,12.07,12.22,0.16,
24,2025-08-15 12:00:00,2.3,0.68,282.7,0.0,83.27,12.32,12.98,13.68,0.25,
24,2025-08-15 13:00:00,2.0,0.73,373.5,0.0,72.13,14.18,14.48,14.6,0.46,
24,2025-08-15 14:00:00,1.92,0.86,226.5,0.0,72.24,14.57,14.68,14.74,0.47,
24,2025-08-15 15:00:00,2.3,1.19,185.5,0.0,70.7,14.63,14.64,14.65,0.49,
24,2025-08-15 16:00:00,1.85,1.0,187.0,0.0,69.74,14.66,14.8,14.93,0.51,
24,2025-08-15 17:00:00,1.48,0.55,134.0,0.0,68.27,14.75,14.84,14.92,0.54,
24,2025-08-15 18:00:00,3.28,1.23,158.5,0.0,69.77,14.22,14.84,15.28,0.51,
24,2025-08-15 19:00:00,4.47,1.89,9.97,0.0,81.23,12.46,12.71,13.25,0.28,
24,2025-08-15 20:00:00,2.68,0.84,0.0,0.0,83.08,11.97,12.15,12.4,0.24,
24,2025-08-15 21:00:00,3.2,0.82,0.0,0.0,83.28,11.61,11.92,12.21,0.24,
24,2025-08-15 22:00:00,1.7,0.47,0.0,0.0,85.53,11.19,11.46,11.7,0.2,
24,2025-08-15 23:00:00,1.4,0.41,0.0,0.0,88.8,10.73,10.84,10.96,0.14,
24,2025-08-16 00:00:00,1.55,0.23,0.0,0.0,90.83,10.37,10.51,10.75,0.12,
24,2025-08-16 01:00:00,1.62,0.55,0.0,0.0,91.43,10.38,10.44,10.5,0.11,
24,2025-08-16 02:00:00,1.1,0.14,0.0,0.0,92.4,10.09,10.26,10.5,0.09,
24,2025-08-16 03:00:00,0.95,0.1,0.0,0.0,92.45,10.09,10.17,10.21,0.1,
24,2025-08-16 04:00:00,1.92,0.27,0.0,0.0,92.45,9.87,10.03,10.21,0.09,
24,2025-08-16 05:00:00,1.25,0.29,0.0,0.0,93.6,9.27,9.37,9.59,0.08,
24,2025-08-16 06:00:00,1.18,0.2,0.0,0.0,94.28,7.74,8.42,9.05,0.06,
24,2025-08-16 07:00:00,0.88,0.05,0.02,0.0,95.83,6.66,6.89,7.09,0.04,
24,2025-08-16 08:00:00,1.1,0.06,19.04,0.0,96.03,5.37,5.7,6.13,0.04,
24,2025-08-16 09:00:00,0.65,0.01,218.5,0.0,95.95,5.72,7.46,9.36,0.05,
24,2025-08-16 10:00:00,1.18,0.1,366.4,0.0,80.14,10.37,11.81,13.19,0.28,
24,2025-08-16 11:00:00,2.08,0.48,506.5,0.0,69.85,13.8,14.19,14.77,0.49,
24,2025-08-16 12:00:00,2.15,0.96,591.9,0.0,60.27,14.98,15.8,16.63,0.72,
24,2025-08-16 13:00:00,2.82,0.89,622.5,0.0,49.95,17.16,17.53,17.88,1.0,
24,2025-08-16 14:00:00,3.42,1.55,619.6,0.0,48.43,18.15,18.43,18.87,1.1,
24,2025-08-16 15:00:00,4.4,2.02,566.6,0.0,50.7,18.74,19.03,19.36,1.09,
24,2025-08-16 16:00:00,3.88,2.25,495.1,0.0,52.22,18.64,18.95,19.32,1.05,
24,2025-08-16 17:00:00,3.58,2.15,226.7,0.0,53.13,18.14,18.68,19.08,1.01,
24,2025-08-16 18:00:00,2.75,1.47,81.6,0.0,55.54,17.42,17.75,17.93,0.9,
24,2025-08-16 19:00:00,2.08,0.94,9.8,0.0,62.22,15.49,16.32,16.97,0.7,
24,2025-08-16 20:00:00,0.95,0.07,0.0,0.0,74.53,13.55,14.19,14.78,0.41,
24,2025-08-16 21:00:00,0.88,0.05,0.0,0.0,81.44,12.42,12.89,13.37,0.28,
24,2025-08-16 22:00:00,1.1,0.06,0.0,0.0,84.58,11.63,12.0,12.22,0.22,
24,2025-08-16 23:00:00,0.88,0.02,0.0,0.0,86.63,10.87,11.17,11.38,0.18,
24,2025-08-17 00:00:00,0.65,0.01,0.0,0.0,86.88,10.69,10.88,11.15,0.17,
24,2025-08-17 01:00:00,0.8,0.06,0.0,0.0,90.48,9.32,10.0,10.67,0.12,
24,2025-08-17 02:00:00,0.8,0.05,0.0,0.0,92.88,7.77,8.34,8.92,0.08,
24,2025-08-17 03:00:00,0.5,0.0,0.0,0.0,93.63,6.8,7.09,7.4,0.06,
24,2025-08-17 04:00:00,1.02,0.08,0.0,0.0,94.05,5.81,6.25,6.67,0.06,
24,2025-08-17 05:00:00,1.02,0.04,0.0,0.0,94.6,5.89,6.07,6.3,0.05,
24,2025-08-17 06:00:00,1.48,0.32,0.0,0.0,94.08,5.8,5.91,6.1,0.06,
24,2025-08-17 07:00:00,1.25,0.29,0.02,0.0,94.5,5.49,5.69,5.87,0.05,
24,2025-08-17 08:00:00,1.55,0.12,12.81,0.0,96.03,6.15,6.92,7.82,0.04,
24,2025-08-17 09:00:00,1.55,0.2,59.68,0.0,96.83,8.22,8.53,8.8,0.04,
24,2025-08-17 10:00:00,2.45,1.01,110.8,0.0,96.7,9.03,9.44,9.75,0.04,
24,2025-08-17 11:00:00,2.38,0.92,160.7,0.0,92.7,9.91,10.36,10.65,0.09,
24,2025-08-17 12:00:00,2.45,0.81,129.9,0.0,88.83,10.8,11.11,11.32,0.15,
24,2025-08-17 13:00:00,2.98,1.35,110.3,0.0,91.3,10.96,11.24,11.43,0.11,
24,2025-08-17 14:00:00,3.35,1.78,124.8,0.0,91.68,10.81,10.96,11.12,0.11,
24,2025-08-17 15:00:00,3.8,1.47,101.7,0.0,86.8,11.19,11.41,11.65,0.18,
24,2025-08-17 16:00:00,3.8,1.84,102.8,0.0,81.45,11.71,11.97,12.18,0.26,
24,2025-08-17 17:00:00,2.3,0.6,70.87,0.0,78.83,12.24,12.4,12.52,0.31,
24,2025-08-17 18:00:00,2.08,1.05,59.77,0.0,80.24,12.32,12.37,12.42,0.28,
24,2025-08-17 19:00:00,1.48,0.46,9.53,0.0,83.7,11.48,11.74,12.06,0.23,
24,2025-08-17 20:00:00,1.18,0.17,0.0,0.0,87.2,10.71,10.97,11.28,0.17,
24,2025-08-17 21:00:00,2.08,0.57,0.0,0.0,88.1,10.71,10.89,11.09,0.15,
24,2025-08-17 22:00:00,0.95,0.07,0.0,0.0,92.03,8.25,9.38,10.54,0.09,
24,2025-08-17 23:00:00,1.92,0.47,0.0,0.0,94.05,8.1,8.14,8.17,0.07,
24,2025-08-18 00:00:00,0.8,0.02,0.0,0.0,94.0,6.25,6.92,7.64,0.06,
24,2025-08-18 01:00:00,0.95,0.16,0.0,0.0,95.95,5.36,5.69,6.02,0.04,
24,2025-08-18 02:00:00,1.32,0.03,0.0,0.0,97.0,5.56,5.69,5.85,0.03,
24,2025-08-18 03:00:00,1.18,0.16,0.0,0.0,97.28,5.34,5.59,5.72,0.03,
24,2025-08-18 04:00:00,1.7,0.39,0.0,0.0,97.45,5.9,6.44,6.89,0.02,
24,2025-08-18 05:00:00,1.7,0.18,0.0,0.0,96.78,6.57,7.1,7.45,0.03,
24,2025-08-18 06:00:00,1.18,0.12,0.0,0.0,96.13,6.29,6.66,6.92,0.04,
24,2025-08-18 07:00:00,1.32,0.26,0.02,0.0,95.83,5.64,6.1,6.34,0.04,
24,2025-08-18 08:00:00,1.1,0.14,22.53,0.0,96.3,5.41,5.47,5.6,0.03,
24,2025-08-18 09:00:00,1.55,0.24,113.1,0.0,96.55,5.85,6.55,7.25,0.03,
24,2025-08-18 10:00:00,1.02,0.24,170.0,0.0,90.53,7.72,8.32,8.86,0.11,
24,2025-08-18 11:00:00,1.78,0.38,362.8,0.0,81.78,9.65,10.34,10.96,0.23,
24,2025-08-18 12:00:00,4.62,2.24,666.5,0.0,72.53,11.36,12.62,13.63,0.41,
24,2025-08-18 13:00:00,5.0,2.08,479.8,0.0,70.35,13.59,13.76,13.98,0.47,
24,2025-08-18 14:00:00,3.2,1.18,438.9,0.0,65.62,14.16,14.44,15.06,0.57,
24,2025-08-18 15:00:00,2.52,0.84,374.7,0.0,64.06,14.81,15.03,15.42,0.62,
24,2025-08-18 16:00:00,2.75,0.95,441.7,0.0,56.58,15.77,16.28,16.94,0.81,
24,2025-08-18 17:00:00,3.35,1.57,204.9,0.0,59.49,15.24,15.85,16.54,0.73,
24,2025-08-18 18:00:00,2.15,0.7,82.8,0.0,68.93,14.28,14.68,14.97,0.52,
24,2025-08-18 19:00:00,1.7,0.44,8.98,0.0,76.01,12.38,12.87,13.42,0.36,
24,2025-08-18 20:00:00,1.7,0.52,0.0,0.0,80.44,10.73,11.24,12.03,0.26,
24,2025-08-18 21:00:00,1.25,0.17,0.0,0.0,89.28,8.03,8.88,9.84,0.13,
24,2025-08-18 22:00:00,0.95,0.16,0.0,0.0,91.08,7.78,7.84,7.9,0.1,
24,2025-08-18 23:00:00,1.92,0.32,0.0,0.0,90.18,6.75,7.55,8.17,0.1,
24,2025-08-19 00:00:00,0.88,0.05,0.0,0.0,94.1,5.76,6.06,6.5,0.05,
24,2025-08-19 01:00:00,1.32,0.38,0.0,0.0,94.65,5.64,6.0,6.4,0.05,
24,2025-08-19 02:00:00,1.78,0.25,0.0,0.0,91.28,6.23,6.57,6.86,0.09,
24,2025-08-19 03:00:00,1.18,0.21,0.0,0.0,93.78,5.29,5.78,6.65,0.06,
24,2025-08-19 04:00:00,1.02,0.11,0.0,0.0,89.4,7.5,7.61,7.72,0.11,
24,2025-08-19 05:00:00,1.1,0.05,0.0,0.0,92.8,7.4,7.54,7.73,0.08,
24,2025-08-19 06:00:00,1.48,0.47,0.0,0.0,92.93,7.88,8.45,8.89,0.08,
24,2025-08-19 07:00:00,1.32,0.11,0.0,0.0,91.0,8.81,8.95,9.05,0.1,
24,2025-08-19 08:00:00,1.1,0.26,29.03,0.0,91.43,8.9,8.98,9.02,0.1,
24,2025-08-19 09:00:00,2.15,0.6,195.9,0.0,89.55,8.96,9.39,10.13,0.13,
24,2025-08-19 10:00:00,2.15,0.97,378.7,0.0,81.18,10.89,11.27,11.78,0.25,
24,2025-08-19 11:00:00,2.52,1.03,480.6,0.0,69.06,12.48,13.72,14.93,0.49,
24,2025-08-19 12:00:00,3.28,1.38,583.8,0.0,60.88,15.13,15.55,16.27,0.69,
24,2025-08-19 13:00:00,3.72,1.47,636.5,0.0,55.28,16.49,16.85,17.02,0.86,
24,2025-08-19 14:00:00,3.28,1.15,630.4,0.0,51.17,16.82,17.16,17.36,0.96,
24,2025-08-19 15:00:00,3.95,1.72,573.9,0.0,50.24,18.0,18.12,18.27,1.04,
24,2025-08-19 16:00:00,4.47,2.13,475.8,0.0,51.61,17.59,18.11,18.39,1.01,
24,2025-08-19 17:00:00,4.47,2.51,196.9,0.0,55.04,16.68,17.11,17.33,0.88,
24,2025-08-19 18:00:00,3.12,0.46,55.7,0.0,58.16,15.63,15.78,16.02,0.75,
24,2025-08-19 19:00:00,1.62,0.17,3.43,0.0,59.36,14.68,15.01,15.37,0.67,
24,2025-08-19 20:00:00,2.38,0.7,0.0,0.0,67.26,13.99,14.33,14.76,0.54,
24,2025-08-19 21:00:00,3.72,2.25,0.0,0.0,70.35,13.16,13.36,13.64,0.46,
24,2025-08-19 22:00:00,3.42,1.79,0.0,0.0,75.85,12.27,12.71,13.05,0.36,
24,2025-08-19 23:00:00,1.7,0.57,0.0,0.0,82.23,11.7,11.93,12.18,0.25,
24,2025-08-20 00:00:00,3.12,1.32,0.0,0.0,83.1,11.59,11.61,11.65,0.23,
24,2025-08-20 01:00:00,3.05,1.03,0.0,0.6,87.1,10.9,11.09,11.41,0.17,
24,2025-08-20 02:00:00,2.68,1.29,0.0,0.0,87.07,10.0,10.42,10.76,0.16,
24,2025-08-20 03:00:00,1.62,0.23,0.0,0.0,92.5,8.34,8.99,9.75,0.09,
24,2025-08-20 04:00:00,1.1,0.05,0.0,0.0,94.68,7.29,7.87,8.29,0.06,
24,2025-08-20 05:00:00,1.4,0.2,0.0,0.0,95.65,5.63,6.42,7.23,0.04,
24,2025-08-20 06:00:00,0.95,0.05,0.0,0.0,95.85,4.81,5.3,5.89,0.04,
24,2025-08-20 07:00:00,0.95,0.14,0.04,0.0,96.75,4.86,5.26,5.83,0.03,
24,2025-08-20 08:00:00,1.4,0.33,28.87,0.0,97.3,5.96,6.09,6.2,0.03,
24,2025-08-20 09:00:00,1.62,0.62,160.7,0.0,97.6,6.06,6.46,6.99,0.02,
24,2025-08-20 10:00:00,1.32,0.35,397.5,0.1,97.73,7.63,8.38,9.37,0.02,
24,2025-08-20 11:00:00,2.22,0.51,534.0,0.0,80.26,10.19,12.04,13.62,0.29,
24,2025-08-20 12:00:00,2.68,1.15,618.1,0.0,65.33,13.98,14.78,15.74,0.59,
24,2025-08-20 13:00:00,4.4,1.95,647.3,0.0,54.26,16.03,16.49,16.9,0.86,
24,2025-08-20 14:00:00,4.4,2.63,646.4,0.0,50.6,16.95,17.25,17.48,0.97,
24,2025-08-20 15:00:00,3.8,2.18,605.9,0.0,49.32,17.65,17.91,18.11,1.04,
24,2025-08-20 16:00:00,3.35,1.17,489.8,0.0,45.34,18.39,18.74,19.15,1.18,
24,2025-08-20 17:00:00,1.4,0.18,209.9,0.0,45.53,18.42,19.25,19.82,1.22,
24,2025-08-20 18:00:00,2.9,0.59,73.48,0.0,52.62,16.59,17.32,18.1,0.94,
24,2025-08-20 19:00:00,1.1,0.29,2.8,0.0,58.91,15.95,16.27,16.5,0.76,
24,2025-08-20 20:00:00,1.92,0.62,0.0,0.0,66.27,14.81,15.16,15.51,0.58,
24,2025-08-20 21:00:00,2.3,0.76,0.0,0.0,64.42,14.48,14.8,15.12,0.6,
24,2025-08-20 22:00:00,2.08,0.73,0.0,0.0,66.84,13.58,13.78,13.95,0.52,
24,2025-08-20 23:00:00,2.08,0.63,0.0,0.0,69.77,12.44,13.07,13.7,0.46,
24,2025-08-21 00:00:00,1.32,0.22,0.0,0.0,76.07,11.8,12.11,12.31,0.34,
24,2025-08-21 01:00:00,0.65,0.01,0.0,0.0,83.4,10.94,11.2,11.43,0.22,
24,2025-08-21 02:00:00,2.15,0.3,0.0,0.0,85.93,10.38,10.57,10.76,0.18,
24,2025-08-21 03:00:00,2.6,0.81,0.0,0.0,89.08,9.54,9.75,10.04,0.14,
24,2025-08-21 04:00:00,2.3,0.54,0.0,0.0,88.8,9.47,9.55,9.69,0.14,
24,2025-08-21 05:00:00,5.75,1.63,0.0,0.0,88.6,9.35,9.53,9.92,0.14,
24,2025-08-21 06:00:00,2.68,1.38,0.0,0.0,85.07,9.24,9.5,9.71,0.18,
24,2025-08-21 07:00:00,2.98,0.93,0.03,0.0,81.88,9.7,9.73,9.79,0.22,
24,2025-08-21 08:00:00,2.52,0.98,17.82,0.0,85.1,9.0,9.27,9.53,0.17,
24,2025-08-21 09:00:00,3.8,1.68,116.4,0.0,84.28,9.2,9.35,9.45,0.19,
24,2025-08-21 10:00:00,3.95,2.02,218.2,0.0,78.5,10.34,10.41,10.44,0.27,
24,2025-08-21 11:00:00,2.98,1.59,80.6,0.0,79.75,10.31,10.43,10.66,0.26,
24,2025-08-21 12:00:00,2.15,1.0,62.64,0.0,79.98,10.74,10.84,10.92,0.26,
24,2025-08-21 13:00:00,4.1,1.05,43.59,1.4,84.75,10.53,10.7,10.92,0.2,
24,2025-08-21 14:00:00,4.4,1.39,48.13,2.3,88.5,10.06,10.23,10.49,0.14,
24,2025-08-21 15:00:00,1.4,0.51,30.13,2.5,92.1,9.91,10.0,10.19,0.1,
24,2025-08-21 16:00:00,2.38,0.52,48.2,3.5,91.45,9.63,9.79,9.94,0.11,
24,2025-08-21 17:00:00,4.47,1.55,36.53,4.1,90.73,8.17,8.79,9.43,0.1,
24,2025-08-21 18:00:00,2.75,1.21,11.29,2.3,86.38,7.46,7.75,8.02,0.15,
24,2025-08-21 19:00:00,5.22,1.93,1.1,2.3,87.78,7.16,7.22,7.34,0.12,
24,2025-08-21 20:00:00,5.22,1.99,0.0,2.0,85.63,6.14,6.58,6.89,0.14,
24,2025-08-21 21:00:00,4.62,2.2,0.0,0.8,84.28,6.04,6.2,6.34,0.15,
24,2025-08-21 22:00:00,5.0,2.61,0.0,0.0,78.14,6.33,6.55,6.76,0.21,
24,2025-08-21 23:00:00,3.88,1.84,0.0,0.2,77.34,6.65,6.72,6.86,0.22,
24,2025-08-22 00:00:00,4.18,1.79,0.0,0.5,84.5,5.91,6.21,6.6,0.15,
24,2025-08-22 01:00:00,3.72,2.06,0.0,2.3,85.3,5.63,5.74,5.86,0.13,
24,2025-08-22 02:00:00,5.22,2.73,0.0,1.2,84.3,5.39,5.66,5.77,0.14,
24,2025-08-22 03:00:00,5.38,2.9,0.0,0.0,82.98,5.43,5.57,5.72,0.16,
24,2025-08-22 04:00:00,5.6,1.79,0.0,1.4,88.55,4.03,4.65,5.52,0.1,
24,2025-08-22 05:00:00,3.5,1.29,0.0,0.9,92.08,4.06,4.13,4.17,0.07,
24,2025-08-22 06:00:00,2.98,1.62,0.0,0.2,90.08,4.27,4.39,4.52,0.09,
24,2025-08-22 07:00:00,3.5,1.79,0.0,1.3,87.65,4.67,4.92,5.22,0.11,
24,2025-08-22 08:00:00,1.62,0.57,4.27,5.0,91.63,4.32,4.53,4.77,0.08,
24,2025-08-22 09:00:00,2.08,0.71,95.3,0.5,91.08,4.13,4.33,4.6,0.08,
24,2025-08-22 10:00:00,3.12,1.57,179.0,0.1,82.46,5.05,5.83,6.53,0.17,
24,2025-08-22 11:00:00,4.1,2.2,368.6,0.0,76.73,6.84,7.46,7.96,0.24,
24,2025-08-22 12:00:00,4.7,2.82,403.6,0.0,71.86,7.76,7.93,8.26,0.3,
24,2025-08-22 13:00:00,4.85,2.75,660.9,0.0,65.26,9.05,9.31,9.6,0.41,
24,2025-08-22 14:00:00,5.52,2.62,360.6,3.5,78.0,3.87,6.97,9.1,0.24,
24,2025-08-22 15:00:00,4.18,1.55,167.4,2.0,90.55,2.98,3.69,4.32,0.08,
24,2025-08-22 16:00:00,4.47,1.55,98.5,2.4,89.33,4.27,4.5,4.63,0.09,
24,2025-08-22 17:00:00,4.47,1.95,101.2,1.3,88.03,4.4,4.48,4.55,0.1,
24,2025-08-22 18:00:00,4.1,2.12,232.3,0.0,82.78,5.01,5.44,5.85,0.16,
24,2025-08-22 19:00:00,2.15,0.73,7.78,0.3,86.98,4.98,5.16,5.34,0.12,
24,2025-08-22 20:00:00,2.08,0.63,0.0,0.0,90.25,4.69,4.92,5.02,0.09,
24,2025-08-22 21:00:00,2.15,0.69,0.0,0.0,89.2,4.16,4.38,4.56,0.09,
24,2025-08-22 22:00:00,1.18,0.25,0.0,0.0,92.43,2.93,3.44,4.0,0.06,
24,2025-08-22 23:00:00,0.95,0.08,0.0,0.0,94.58,1.43,1.98,2.55,0.04,
24,2025-08-23 00:00:00,1.1,0.19,0.0,0.0,95.43,0.42,1.03,1.55,0.03,
24,2025-08-23 01:00:00,0.72,0.02,0.0,0.1,95.75,0.44,0.51,0.58,0.03,
24,2025-08-23 02:00:00,0.8,0.08,0.0,0.0,95.95,0.27,0.38,0.51,0.03,
24,2025-08-23 03:00:00,1.25,0.11,0.0,0.0,96.18,-0.31,-0.22,0.0,0.02,
24,2025-08-23 04:00:00,0.0,0.0,0.0,0.0,95.95,-0.51,-0.33,-0.26,0.03,
24,2025-08-23 05:00:00,0.0,0.0,0.0,0.0,95.55,-0.98,-0.86,-0.69,0.03,
24,2025-08-23 06:00:00,0.0,0.0,0.0,0.0,95.33,-1.02,-1.0,-0.97,0.03,
24,2025-08-23 07:00:00,0.0,0.0,0.26,0.0,95.43,-1.45,-1.3,-1.17,0.03,
24,2025-08-23 08:00:00,0.0,0.0,83.3,0.0,94.45,-1.33,-1.12,-0.77,0.03,
24,2025-08-23 09:00:00,2.6,0.41,287.3,0.1,89.13,1.04,1.54,2.0,0.08,
24,2025-08-23 10:00:00,1.85,0.5,430.5,0.0,83.38,2.88,3.63,4.59,0.13,
24,2025-08-23 11:00:00,2.15,0.43,560.4,0.0,65.53,5.59,6.47,7.1,0.34,
24,2025-08-23 12:00:00,3.12,0.61,653.3,0.0,50.22,7.86,8.57,9.26,0.56,
24,2025-08-23 13:00:00,4.92,1.62,676.4,0.0,48.7,9.8,10.11,10.5,0.64,
24,2025-08-23 14:00:00,5.45,3.2,670.0,0.0,52.52,10.94,11.12,11.33,0.63,
24,2025-08-23 15:00:00,4.92,2.61,623.4,0.0,47.48,11.45,11.78,12.08,0.73,
24,2025-08-23 16:00:00,4.85,2.28,516.2,0.0,46.75,12.3,12.5,12.76,0.77,
24,2025-08-23 17:00:00,4.18,2.44,317.3,0.0,46.05,12.72,12.81,12.89,0.8,
24,2025-08-23 18:00:00,4.62,2.72,183.6,0.0,48.77,11.64,12.16,12.56,0.73,
24,2025-08-23 19:00:00,4.32,2.41,16.18,0.0,55.76,9.62,10.24,11.07,0.56,
24,2025-08-23 20:00:00,2.82,1.4,0.0,0.0,64.05,8.17,8.67,9.24,0.41,
24,2025-08-23 21:00:00,2.08,0.37,0.0,0.0,73.83,5.73,6.7,7.32,0.26,
24,2025-08-23 22:00:00,1.92,0.28,0.0,0.0,84.88,3.54,4.02,4.78,0.12,
24,2025-08-23 23:00:00,2.98,0.63,0.0,0.0,74.89,3.94,4.87,6.3,0.22,
24,2025-08-24 00:00:00,2.45,0.86,0.0,0.0,75.53,3.73,4.23,5.21,0.2,
24,2025-08-24 01:00:00,2.15,0.52,0.0,0.0,74.66,3.77,4.11,4.43,0.21,
24,2025-08-24 02:00:00,2.22,0.61,0.0,0.0,78.42,2.88,3.49,4.08,0.17,
24,2025-08-24 03:00:00,2.0,0.34,0.0,0.0,79.3,2.46,2.89,3.5,0.16,
24,2025-08-24 04:00:00,1.48,0.15,0.0,0.0,87.4,0.69,1.32,2.31,0.09,
24,2025-08-24 05:00:00,1.25,0.1,0.0,0.0,91.28,-0.11,0.13,0.4,0.06,
24,2025-08-24 06:00:00,1.4,0.16,0.0,0.0,88.68,0.01,0.23,0.44,0.07,
24,2025-08-24 07:00:00,1.85,0.38,0.16,0.0,88.1,-0.08,0.24,0.4,0.07,
24,2025-08-24 08:00:00,1.18,0.16,80.9,0.0,90.8,-0.53,-0.34,0.19,0.06,
24,2025-08-24 09:00:00,1.85,0.29,281.2,0.0,70.33,1.74,4.06,5.79,0.25,
24,2025-08-24 10:00:00,1.92,0.85,509.8,0.0,60.11,5.94,6.92,7.96,0.4,
24,2025-08-24 11:00:00,3.12,1.46,575.9,0.0,46.97,8.91,9.22,9.55,0.62,
24,2025-08-24 12:00:00,2.9,1.13,670.1,0.0,45.43,10.19,10.6,11.06,0.7,
24,2025-08-24 13:00:00,3.72,1.53,706.2,0.0,42.95,11.41,12.1,12.86,0.81,
24,2025-08-24 14:00:00,4.92,3.03,688.1,0.0,44.95,12.9,13.33,13.61,0.84,
24,2025-08-24 15:00:00,5.68,3.4,642.3,0.0,43.93,13.62,13.78,14.0,0.88,
24,2025-08-24 16:00:00,5.52,3.17,636.2,0.0,48.49,13.78,14.12,14.32,0.83,
24,2025-08-24 17:00:00,4.62,2.82,380.0,0.0,47.33,14.1,14.3,14.46,0.86,
24,2025-08-24 18:00:00,4.18,2.14,168.9,0.0,51.66,12.67,13.37,14.01,0.74,
24,2025-08-24 19:00:00,2.45,0.71,9.76,0.0,60.89,10.82,11.63,12.4,0.54,
24,2025-08-24 20:00:00,1.78,0.59,0.0,0.0,70.6,8.79,9.55,10.25,0.35,
24,2025-08-24 21:00:00,1.7,0.33,0.0,0.0,81.05,6.52,7.16,8.22,0.19,
24,2025-08-24 22:00:00,1.32,0.09,0.0,0.0,83.26,5.39,6.22,6.78,0.16,
24,2025-08-24 23:00:00,0.57,0.01,0.0,0.0,88.58,4.81,5.0,5.23,0.1,
24,2025-08-25 00:00:00,1.25,0.16,0.0,0.0,86.38,4.8,4.97,5.17,0.12,
24,2025-08-25 01:00:00,3.5,1.51,0.0,0.0,86.25,5.44,7.03,8.2,0.14,
24,2025-08-25 02:00:00,3.05,1.32,0.0,0.0,86.63,7.04,7.63,8.28,0.14,
24,2025-08-25 03:00:00,1.78,0.69,0.0,0.0,86.73,5.42,6.6,7.69,0.13,
24,2025-08-25 04:00:00,2.3,0.89,0.0,0.0,87.98,5.12,5.29,5.43,0.11,
24,2025-08-25 05:00:00,1.62,0.5,0.0,0.0,91.23,4.16,4.47,5.12,0.07,
24,2025-08-25 06:00:00,1.55,0.64,0.0,0.0,92.48,4.15,4.84,5.35,0.07,
24,2025-08-25 07:00:00,3.28,1.12,0.48,0.0,87.95,5.01,6.04,6.59,0.11,
24,2025-08-25 08:00:00,1.62,0.56,115.3,0.0,91.43,3.48,3.96,4.67,0.07,
24,2025-08-25 09:00:00,3.88,1.91,297.6,0.0,82.58,7.11,7.7,8.4,0.18,
24,2025-08-25 10:00:00,5.08,3.01,447.3,0.0,77.7,8.39,8.59,8.96,0.25,
24,2025-08-25 11:00:00,4.55,2.8,572.4,0.0,74.42,9.16,9.62,10.06,0.31,
24,2025-08-25 12:00:00,3.72,1.89,660.1,0.0,69.44,10.52,11.34,12.18,0.41,
24,2025-08-25 13:00:00,3.8,1.92,691.9,0.0,62.3,12.49,13.25,14.0,0.58,
24,2025-08-25 14:00:00,4.03,2.3,690.6,0.0,56.42,14.46,15.08,15.74,0.75,
24,2025-08-25 15:00:00,4.18,2.21,641.9,0.0,49.93,15.88,16.42,16.95,0.94,
24,2025-08-25 16:00:00,4.4,2.77,535.7,0.0,47.11,17.25,17.29,17.36,1.04,
24,2025-08-25 17:00:00,5.75,3.3,379.4,0.0,48.4,16.99,17.19,17.39,1.01,
24,2025-08-25 18:00:00,4.92,2.81,194.6,0.0,49.19,16.0,16.51,16.93,0.96,
24,2025-08-25 19:00:00,3.28,1.17,14.4,0.0,58.27,13.42,14.37,15.37,0.69,
24,2025-08-25 20:00:00,1.85,0.45,0.0,0.0,74.89,10.39,11.16,12.5,0.34,
24,2025-08-25 21:00:00,1.18,0.06,0.0,0.0,83.4,8.24,9.11,10.01,0.2,
24,2025-08-25 22:00:00,1.1,0.19,0.0,0.0,86.8,7.28,7.87,8.58,0.14,
24,2025-08-25 23:00:00,0.88,0.02,0.0,0.0,86.18,7.04,7.39,8.09,0.15,
24,2025-08-26 00:00:00,1.02,0.11,0.0,0.0,89.93,6.22,6.42,6.67,0.1,
24,2025-08-26 01:00:00,0.8,0.06,0.0,0.0,90.08,5.56,5.87,6.31,0.1,
24,2025-08-26 02:00:00,0.8,0.05,0.0,0.0,92.98,4.11,4.49,5.12,0.06,
24,2025-08-26 03:00:00,1.02,0.09,0.0,0.0,94.25,3.64,3.77,4.07,0.05,
24,2025-08-26 04:00:00,0.8,0.02,0.0,0.0,94.75,2.93,3.16,3.41,0.04,
24,2025-08-26 05:00:00,2.98,0.95,0.0,0.0,96.98,3.84,5.39,6.67,0.03,
24,2025-08-26 06:00:00,1.55,0.81,0.0,0.0,97.25,5.08,5.34,5.67,0.03,
24,2025-08-26 07:00:00,1.55,0.48,0.24,0.0,97.48,5.64,5.79,6.04,0.02,
24,2025-08-26 08:00:00,2.08,0.74,36.55,0.0,97.58,5.64,5.84,6.0,0.02,
24,2025-08-26 09:00:00,1.92,0.71,115.8,0.0,97.65,5.73,5.94,6.24,0.02,
24,2025-08-26 10:00:00,2.38,0.67,223.6,0.0,97.35,6.38,6.57,6.83,0.02,
24,2025-08-26 11:00:00,2.6,1.04,610.0,0.0,86.43,7.28,8.92,10.34,0.16,
24,2025-08-26 12:00:00,3.72,1.68,663.8,0.0,79.31,10.24,11.2,12.2,0.28,
24,2025-08-26 13:00:00,3.8,2.37,696.0,0.0,74.04,12.03,12.54,13.09,0.38,
24,2025-08-26 14:00:00,4.55,2.69,694.7,0.0,68.45,13.58,14.2,14.6,0.51,
24,2025-08-26 15:00:00,4.4,2.7,647.0,0.0,59.75,15.19,16.05,16.91,0.74,
24,2025-08-26 16:00:00,4.4,2.74,537.5,0.0,53.84,17.43,17.96,18.55,0.95,
24,2025-08-26 17:00:00,3.12,1.83,383.8,0.0,51.29,18.74,19.07,19.23,1.08,
24,2025-08-26 18:00:00,2.82,1.61,198.1,0.0,56.2,17.6,18.45,19.05,0.93,
24,2025-08-26 19:00:00,2.22,0.89,12.0,0.0,68.49,14.12,15.36,16.65,0.56,
24,2025-08-26 20:00:00,0.95,0.08,0.0,0.0,85.88,10.27,11.45,13.05,0.2,
24,2025-08-26 21:00:00,1.25,0.13,0.0,0.0,90.65,9.25,9.72,9.92,0.11,
24,2025-08-26 22:00:00,0.88,0.07,0.0,0.0,92.85,7.38,7.89,8.32,0.08,
24,2025-08-26 23:00:00,0.72,0.05,0.0,0.0,93.8,6.41,6.99,7.22,0.06,
24,2025-08-27 00:00:00,0.65,0.01,0.0,0.0,94.35,5.65,5.84,5.98,0.05,
24,2025-08-27 01:00:00,0.72,0.01,0.0,0.0,94.73,4.97,5.26,5.47,0.05,
24,2025-08-27 02:00:00,0.95,0.08,0.0,0.0,95.43,4.98,5.19,5.5,0.04,
24,2025-08-27 03:00:00,0.65,0.02,0.0,0.0,95.35,4.78,5.37,5.87,0.04,
24,2025-08-27 04:00:00,1.18,0.14,0.0,0.0,95.2,3.7,4.15,4.47,0.04,
24,2025-08-27 05:00:00,1.32,0.38,0.0,0.0,96.08,3.45,3.82,4.07,0.03,
24,2025-08-27 06:00:00,1.1,0.13,0.0,0.0,95.9,3.31,3.51,3.81,0.03,
24,2025-08-27 07:00:00,1.18,0.23,0.74,0.0,96.05,2.99,3.04,3.09,0.03,
24,2025-08-27 08:00:00,0.88,0.03,107.3,0.0,96.58,2.49,3.01,3.96,0.03,
24,2025-08-27 09:00:00,1.4,0.34,280.4,0.0,88.6,4.85,6.83,8.25,0.12,
24,2025-08-27 10:00:00,2.68,1.33,441.8,0.0,81.85,9.07,10.29,11.43,0.23,
24,2025-08-27 11:00:00,3.35,1.64,580.0,0.0,71.91,12.11,13.36,14.84,0.44,
24,2025-08-27 12:00:00,4.7,1.8,661.7,0.0,67.51,14.51,15.54,16.12,0.58,
24,2025-08-27 13:00:00,3.12,1.16,682.4,0.0,57.18,16.06,18.36,19.75,0.91,
24,2025-08-27 14:00:00,3.65,1.79,681.9,0.0,56.49,19.13,19.92,20.64,1.02,
24,2025-08-27 15:00:00,4.1,2.09,630.3,0.0,58.13,18.72,19.05,19.35,0.92,
24,2025-08-27 16:00:00,3.72,1.96,512.6,0.0,57.51,,,,,
24,2025-08-27 17:00:00,2.38,1.13,153.1,0.0,57.22,19.72,19.72,19.72,0.98,
24,2025-08-27 18:00:00,2.68,1.26,194.6,0.0,64.91,17.32,18.38,19.57,0.75,
24,2025-08-27 19:00:00,1.55,0.07,11.05,0.0,76.47,14.7,15.46,16.33,0.41,
24,2025-08-27 20:00:00,1.1,0.08,0.0,0.0,87.13,11.83,12.5,13.54,0.19,
24,2025-08-27 21:00:00,2.9,0.46,0.0,0.0,88.8,11.01,11.61,12.55,0.15,
24,2025-08-27 22:00:00,1.85,0.55,0.0,0.0,92.13,10.06,10.66,10.96,0.1,
24,2025-08-27 23:00:00,1.02,0.11,0.0,0.0,94.58,8.61,9.11,9.82,0.07,
24,2025-08-28 00:00:00,0.72,0.04,0.0,0.0,95.73,8.06,8.35,8.55,0.05,
24,2025-08-28 01:00:00,0.8,0.02,0.0,0.0,96.4,9.32,9.95,10.42,0.04,
24,2025-08-28 02:00:00,0.8,0.07,0.0,0.0,95.98,10.43,10.49,10.56,0.05,
24,2025-08-28 03:00:00,0.8,0.08,0.0,0.0,96.7,10.4,10.43,10.5,0.04,
24,2025-08-28 04:00:00,0.95,0.06,0.0,0.0,97.0,10.44,10.47,10.49,0.04,
24,2025-08-28 05:00:00,1.85,0.81,0.0,0.0,97.03,9.91,10.05,10.34,0.04,
24,2025-08-28 06:00:00,1.85,0.7,0.0,0.0,97.03,9.7,9.9,10.02,0.04,
24,2025-08-28 07:00:00,1.55,0.29,0.2,0.0,96.7,9.67,9.78,9.9,0.04,
24,2025-08-28 08:00:00,1.25,0.37,12.8,0.1,96.53,9.9,9.93,9.96,0.04,
24,2025-08-28 09:00:00,1.62,0.41,29.9,0.0,96.73,9.98,10.06,10.11,0.04,
24,2025-08-28 10:00:00,1.4,0.16,50.87,0.0,96.3,10.09,10.2,10.34,0.05,
24,2025-08-28 11:00:00,1.25,0.04,94.4,0.0,95.05,10.41,10.61,10.73,0.06,
24,2025-08-28 12:00:00,1.62,0.23,175.7,0.0,91.78,10.81,11.12,11.47,0.11,
24,2025-08-28 13:00:00,1.7,0.66,163.9,0.0,90.25,11.36,11.47,11.61,0.13,
24,2025-08-28 14:00:00,2.68,0.79,139.6,0.0,90.23,11.38,11.59,11.75,0.13,
24,2025-08-28 15:00:00,2.52,1.05,88.4,0.0,90.73,11.28,11.4,11.53,0.13,
24,2025-08-28 16:00:00,2.08,1.02,104.4,0.0,88.03,11.64,11.81,11.98,0.17,
24,2025-08-28 17:00:00,1.92,1.01,74.8,0.0,85.43,12.09,12.11,12.13,0.21,
24,2025-08-28 18:00:00,2.08,0.99,27.53,0.0,84.68,11.77,11.88,11.98,0.22,
24,2025-08-28 19:00:00,1.7,0.39,2.7,0.0,84.4,11.55,11.66,11.78,0.22,
24,2025-08-28 20:00:00,1.18,0.15,0.0,0.0,89.5,11.0,11.29,11.47,0.14,
24,2025-08-28 21:00:00,0.72,0.02,0.0,0.0,94.55,10.76,10.82,10.9,0.07,
24,2025-08-28 22:00:00,0.0,0.0,0.0,0.0,94.93,10.72,10.74,10.78,0.07,
24,2025-08-28 23:00:00,0.0,0.0,0.0,0.1,95.15,10.69,10.73,10.76,0.06,
24,2025-08-29 00:00:00,0.0,0.0,0.0,0.0,95.18,10.64,10.65,10.67,0.06,
24,2025-08-29 01:00:00,0.0,0.0,0.0,0.0,95.3,10.66,10.69,10.71,0.06,
24,2025-08-29 02:00:00,1.62,0.22,0.0,0.0,95.53,10.4,10.59,10.7,0.06,
24,2025-08-29 03:00:00,2.08,0.87,0.0,0.1,96.33,9.84,10.01,10.2,0.04,
24,2025-08-29 04:00:00,2.3,0.77,0.0,0.1,96.35,9.62,9.71,9.76,0.05,
24,2025-08-29 05:00:00,1.32,0.08,0.0,0.3,96.13,9.56,9.64,9.69,0.05,
24,2025-08-29 06:00:00,0.0,0.0,0.0,0.3,95.9,9.74,9.75,9.75,0.05,
24,2025-08-29 07:00:00,1.32,0.2,0.22,0.2,96.13,9.69,9.71,9.73,0.05,
24,2025-08-29 08:00:00,1.18,0.12,15.09,0.1,96.35,9.62,9.67,9.72,0.04,
24,2025-08-29 09:00:00,1.78,0.43,29.68,0.0,95.85,9.53,9.59,9.7,0.05,
24,2025-08-29 10:00:00,1.18,0.15,36.87,0.3,95.1,9.58,9.68,9.75,0.06,
24,2025-08-29 11:00:00,1.32,0.21,135.9,0.2,93.7,9.59,9.8,10.16,0.08,
24,2025-08-29 12:00:00,1.18,0.1,273.7,0.0,86.58,10.56,11.01,11.41,0.18,
24,2025-08-29 13:00:00,2.6,1.06,157.9,0.0,84.25,11.1,11.21,11.38,0.21,
24,2025-08-29 14:00:00,1.92,0.71,110.7,0.0,85.15,11.07,11.12,11.2,0.2,
24,2025-08-29 15:00:00,2.98,1.53,108.0,0.0,85.98,10.81,10.95,11.04,0.18,
24,2025-08-29 16:00:00,2.6,1.46,93.3,0.0,81.9,10.76,10.89,11.01,0.24,
24,2025-08-29 17:00:00,1.7,0.46,61.7,0.0,78.99,11.09,11.17,11.25,0.28,
24,2025-08-29 18:00:00,1.18,0.23,38.61,0.0,81.35,11.14,11.16,11.18,0.25,
24,2025-08-29 19:00:00,1.55,0.37,6.07,0.0,83.83,10.69,10.92,11.12,0.21,
24,2025-08-29 20:00:00,1.02,0.11,0.0,0.0,85.48,10.47,10.57,10.64,0.19,
24,2025-08-29 21:00:00,0.0,0.0,0.0,0.0,88.85,10.28,10.34,10.44,0.14,
24,2025-08-29 22:00:00,0.35,0.0,0.0,0.0,90.83,10.13,10.18,10.21,0.12,
24,2025-08-29 23:00:00,0.72,0.01,0.0,0.0,92.63,9.79,9.92,10.02,0.09,
24,2025-08-30 00:00:00,1.1,0.15,0.0,0.0,93.25,9.59,9.68,9.76,0.08,
24,2025-08-30 01:00:00,1.48,0.2,0.0,0.0,91.85,9.64,9.69,9.73,0.1,
24,2025-08-30 02:00:00,1.1,0.28,0.0,0.0,91.13,9.65,9.69,9.72,0.11,
24,2025-08-30 03:00:00,1.62,0.26,0.0,0.0,89.0,9.7,9.79,9.89,0.14,
24,2025-08-30 04:00:00,0.72,0.02,0.0,0.0,91.6,9.46,9.55,9.63,0.1,
24,2025-08-30 05:00:00,1.18,0.19,0.0,0.0,93.48,9.27,9.33,9.39,0.08,
24,2025-08-30 06:00:00,1.32,0.15,0.0,0.0,94.35,9.11,9.16,9.24,0.07,
24,2025-08-30 07:00:00,1.25,0.23,0.43,0.0,94.63,8.81,8.98,9.12,0.06,
24,2025-08-30 08:00:00,0.72,0.05,50.61,0.0,93.93,8.75,8.89,9.06,0.07,
24,2025-08-30 09:00:00,1.02,0.09,134.5,0.0,90.5,9.23,9.58,9.85,0.12,
24,2025-08-30 10:00:00,2.08,0.69,250.1,0.0,83.05,10.5,11.01,11.32,0.22,
24,2025-08-30 11:00:00,4.1,1.77,271.3,0.0,77.94,11.69,12.02,12.27,0.31,
24,2025-08-30 12:00:00,3.72,1.88,503.0,0.0,68.89,12.44,12.73,13.12,0.46,
24,2025-08-30 13:00:00,2.98,1.17,527.3,0.0,64.05,13.54,13.69,13.9,0.57,
24,2025-08-30 14:00:00,2.08,0.65,309.9,0.0,61.77,14.01,14.15,14.31,0.62,
24,2025-08-30 15:00:00,1.78,0.59,123.1,0.0,65.25,14.0,14.12,14.27,0.56,
24,2025-08-30 16:00:00,1.4,0.24,54.32,0.0,68.46,13.74,13.85,13.95,0.5,
24,2025-08-30 17:00:00,1.48,0.4,39.49,0.0,71.92,13.21,13.47,13.69,0.44,
24,2025-08-30 18:00:00,1.78,0.63,23.68,0.0,70.09,12.8,13.02,13.19,0.45,
24,2025-08-30 19:00:00,0.72,0.02,3.3,0.0,73.26,12.15,12.49,12.82,0.39,
24,2025-08-30 20:00:00,1.55,0.35,0.0,0.0,78.45,11.73,11.85,12.01,0.3,
24,2025-08-30 21:00:00,2.22,0.6,0.0,0.0,81.22,11.28,11.41,11.53,0.25,
24,2025-08-30 22:00:00,1.62,0.22,0.0,0.0,82.48,11.09,11.27,11.46,0.23,
24,2025-08-30 23:00:00,2.38,0.86,0.0,0.0,83.63,10.72,10.84,11.03,0.21,
24,2025-08-31 00:00:00,2.38,0.93,0.0,0.0,85.25,10.57,10.96,11.21,0.19,
24,2025-08-31 01:00:00,1.78,0.51,0.0,0.0,88.6,10.26,10.41,10.56,0.14,
24,2025-08-31 02:00:00,1.48,0.22,0.0,0.0,88.93,10.24,10.3,10.39,0.14,
24,2025-08-31 03:00:00,1.62,0.68,0.0,0.0,89.93,10.07,10.08,10.09,0.12,
24,2025-08-31 04:00:00,1.4,0.26,0.0,0.0,90.23,9.72,9.89,10.08,0.12,
24,2025-08-31 05:00:00,0.72,0.02,0.0,0.0,91.2,9.38,9.55,9.69,0.11,
24,2025-08-31 06:00:00,0.88,0.01,0.0,0.0,90.28,9.23,9.39,9.5,0.12,
24,2025-08-31 07:00:00,0.8,0.03,0.27,0.0,93.38,8.99,9.02,9.08,0.08,
24,2025-08-31 08:00:00,1.02,0.04,21.62,0.0,93.48,8.83,8.91,9.06,0.07,
24,2025-08-31 09:00:00,0.8,0.03,93.0,0.0,90.6,9.26,9.54,9.82,0.11,
24,2025-08-31 10:00:00,2.08,0.79,247.9,0.0,83.86,10.31,10.99,11.75,0.21,
24,2025-08-31 11:00:00,2.82,1.78,337.4,0.0,76.35,12.21,12.62,12.92,0.35,
24,2025-08-31 12:00:00,2.98,1.68,324.9,0.0,68.93,13.16,13.47,13.6,0.48,
24,2025-08-31 13:00:00,2.0,0.94,200.7,0.0,67.2,13.62,13.65,13.68,0.51,
24,2025-08-31 14:00:00,1.7,0.54,410.5,0.0,65.11,13.65,13.95,14.43,0.56,
24,2025-08-31 15:00:00,2.75,1.39,464.3,0.0,59.72,14.99,15.26,15.45,0.7,
24,2025-08-31 16:00:00,2.45,1.34,231.3,0.0,56.16,15.08,15.14,15.2,0.75,
24,2025-08-31 17:00:00,1.92,0.93,85.6,0.0,57.97,14.65,14.83,14.97,0.71,
24,2025-08-31 18:00:00,1.78,0.63,24.14,0.0,63.85,14.0,14.24,14.48,0.59,
24,2025-08-31 19:00:00,1.48,0.34,4.66,0.0,67.55,13.24,13.56,13.84,0.51,
24,2025-08-31 20:00:00,1.25,0.34,0.0,0.0,74.34,12.26,12.7,13.01,0.38,
24,2025-08-31 21:00:00,1.55,0.35,0.0,0.0,79.71,11.43,11.85,12.02,0.28,
24,2025-08-31 22:00:00,0.65,0.01,0.0,0.0,83.8,10.48,10.82,11.13,0.21,
24,2025-08-31 23:00:00,0.65,0.01,0.0,0.0,85.05,9.94,10.1,10.29,0.19,
24,2025-09-01 00:00:00,1.25,0.13,0.0,0.0,87.63,9.33,9.61,9.8,0.15,
24,2025-09-01 01:00:00,0.8,0.05,0.0,0.0,87.38,9.42,9.48,9.5,0.15,
24,2025-09-01 02:00:00,1.92,0.22,0.0,0.0,89.88,9.1,9.27,9.34,0.12,
24,2025-09-01 03:00:00,0.88,0.02,0.0,0.0,89.58,9.02,9.17,9.22,0.12,
24,2025-09-01 04:00:00,1.25,0.15,0.0,0.0,92.58,7.88,8.5,8.92,0.08,
24,2025-09-01 05:00:00,1.55,0.53,0.0,0.0,93.85,7.04,7.33,7.51,0.06,
24,2025-09-01 06:00:00,1.7,0.58,0.0,0.0,95.78,6.8,7.29,7.63,0.05,
24,2025-09-01 07:00:00,3.12,0.79,0.67,0.0,96.55,7.15,7.58,7.95,0.04,
24,2025-09-01 08:00:00,2.98,1.36,67.95,0.0,96.53,7.3,7.49,7.74,0.04,
24,2025-09-01 09:00:00,4.18,2.38,288.9,0.0,93.53,7.6,8.13,8.91,0.07,
24,2025-09-01 10:00:00,4.1,1.43,429.7,0.0,84.1,9.11,9.68,10.56,0.19,
24,2025-09-01 11:00:00,2.68,1.12,478.7,0.0,79.81,10.74,11.33,12.08,0.28,
24,2025-09-01 12:00:00,3.2,1.44,607.0,0.0,71.51,11.86,12.72,13.73,0.42,
24,2025-09-01 13:00:00,4.4,2.03,667.0,0.0,59.84,14.32,14.97,15.58,0.69,
24,2025-09-01 14:00:00,5.52,3.34,680.3,0.0,52.54,16.08,16.42,16.7,0.89,
24,2025-09-01 15:00:00,6.8,4.02,688.9,0.0,58.02,16.77,16.88,17.1,0.81,
24,2025-09-01 16:00:00,6.05,3.58,550.9,0.0,57.13,17.01,17.16,17.28,0.84,
24,2025-09-01 17:00:00,4.7,2.77,240.4,0.0,56.81,16.93,16.99,17.1,0.84,
24,2025-09-01 18:00:00,3.72,1.98,153.9,0.0,57.94,16.4,16.84,17.16,0.81,
24,2025-09-01 19:00:00,2.45,0.84,15.69,0.0,67.24,13.65,14.62,15.59,0.55,
24,2025-09-01 20:00:00,1.62,0.44,0.0,0.0,77.83,11.15,12.42,13.34,0.32,
24,2025-09-01 21:00:00,0.72,0.05,0.0,0.0,84.83,9.87,10.19,10.61,0.19,
24,2025-09-01 22:00:00,0.95,0.05,0.0,0.0,88.8,8.46,8.88,9.64,0.13,
24,2025-09-01 23:00:00,1.1,0.17,0.0,0.0,89.78,7.4,7.97,8.66,0.11,
24,2025-09-02 00:00:00,0.8,0.03,0.0,0.0,89.83,7.55,7.7,7.87,0.11,
24,2025-09-02 01:00:00,1.18,0.23,0.0,0.0,91.03,7.69,7.86,8.13,0.09,
24,2025-09-02 02:00:00,1.1,0.17,0.0,0.0,90.98,8.39,8.68,8.95,0.1,
24,2025-09-02 03:00:00,1.62,0.21,0.0,0.0,93.73,6.77,7.49,8.39,0.07,
24,2025-09-02 04:00:00,1.1,0.18,0.0,0.0,94.75,6.76,7.02,7.43,0.06,
24,2025-09-02 05:00:00,0.72,0.04,0.0,0.0,95.55,7.48,7.86,8.24,0.05,
24,2025-09-02 06:00:00,0.57,0.01,0.0,0.0,94.53,8.44,8.66,8.86,0.06,
24,2025-09-02 07:00:00,0.42,0.0,0.25,0.0,94.6,8.94,8.98,9.01,0.06,
24,2025-09-02 08:00:00,0.8,0.04,2.48,0.0,96.0,9.0,9.02,9.04,0.05,
24,2025-09-02 09:00:00,1.55,0.37,20.48,0.0,96.5,9.03,9.08,9.16,0.04,
24,2025-09-02 10:00:00,1.7,0.31,62.08,0.2,96.35,8.94,9.1,9.3,0.04,
24,2025-09-02 11:00:00,2.0,0.78,161.1,0.1,95.65,9.31,9.45,9.66,0.05,
24,2025-09-02 12:00:00,1.32,0.12,159.0,0.0,90.8,10.17,10.56,10.9,0.12,
24,2025-09-02 13:00:00,2.98,1.43,155.5,0.0,86.75,10.32,10.56,10.89,0.17,
24,2025-09-02 14:00:00,3.35,1.63,244.0,0.0,76.76,11.09,11.36,11.73,0.32,
24,2025-09-02 15:00:00,2.38,1.29,254.5,0.0,64.65,12.12,12.49,12.83,0.51,
24,2025-09-02 16:00:00,2.68,1.03,251.9,0.0,63.59,12.73,12.95,13.23,0.55,
24,2025-09-02 17:00:00,2.38,1.03,304.2,0.0,62.22,13.14,13.44,13.83,0.58,
24,2025-09-02 18:00:00,2.3,0.91,80.8,0.0,65.8,12.39,12.67,12.98,0.51,
24,2025-09-02 19:00:00,3.88,1.69,8.61,0.0,72.69,11.29,11.74,12.23,0.38,
24,2025-09-02 20:00:00,3.88,1.68,0.0,0.0,72.9,10.8,10.98,11.19,0.36,
24,2025-09-02 21:00:00,2.38,1.06,0.0,0.0,70.39,10.72,10.78,10.83,0.38,
24,2025-09-02 22:00:00,2.45,1.16,0.0,0.0,76.78,10.48,10.55,10.62,0.3,
24,2025-09-02 23:00:00,5.08,2.58,0.0,0.0,77.57,10.19,10.4,10.53,0.28,
24,2025-09-03 00:00:00,6.12,3.27,0.0,0.0,82.35,9.51,9.76,9.99,0.22,
24,2025-09-03 01:00:00,6.12,3.34,0.0,0.0,80.85,9.0,9.17,9.35,0.22,
24,2025-09-03 02:00:00,6.65,3.9,0.0,0.0,82.1,8.24,8.46,8.72,0.2,
24,2025-09-03 03:00:00,5.3,3.15,0.0,0.0,84.68,7.89,8.03,8.2,0.17,
24,2025-09-03 04:00:00,6.42,3.82,0.0,0.0,85.1,7.33,7.66,7.88,0.16,
24,2025-09-03 05:00:00,6.28,3.66,0.0,0.0,87.1,6.78,6.98,7.16,0.13,
24,2025-09-03 06:00:00,5.3,3.08,0.0,0.0,90.0,6.31,6.46,6.71,0.1,
24,2025-09-03 07:00:00,4.55,2.76,0.91,0.0,90.2,6.25,6.33,6.39,0.09,
24,2025-09-03 08:00:00,4.32,2.61,23.91,0.0,90.93,6.14,6.19,6.25,0.09,
24,2025-09-03 09:00:00,5.08,3.12,67.55,0.0,93.6,5.76,5.88,6.02,0.06,
24,2025-09-03 10:00:00,4.4,2.77,264.0,0.0,91.23,5.87,6.31,6.77,0.09,
24,2025-09-03 11:00:00,4.78,3.01,641.0,0.0,84.37,7.45,7.73,8.47,0.17,
24,2025-09-03 12:00:00,4.85,2.66,701.0,0.0,73.2,9.0,9.6,10.19,0.32,
24,2025-09-03 13:00:00,7.92,4.57,729.2,0.0,69.54,10.69,10.8,10.97,0.4,
24,2025-09-03 14:00:00,7.02,4.67,723.9,0.0,65.65,10.88,11.43,12.1,0.47,
24,2025-09-03 15:00:00,7.48,4.75,670.8,0.0,59.91,12.27,12.67,13.14,0.59,
24,2025-09-03 16:00:00,6.95,4.08,557.6,0.0,54.84,13.3,13.8,14.34,0.71,
24,2025-09-03 17:00:00,5.22,3.21,397.3,0.0,50.12,14.63,14.82,14.9,0.84,
24,2025-09-03 18:00:00,5.0,2.96,183.1,0.0,48.07,14.33,14.7,14.92,0.87,
24,2025-09-03 19:00:00,3.88,2.11,17.49,0.0,51.85,12.13,12.9,13.76,0.72,
24,2025-09-03 20:00:00,4.92,2.76,0.0,0.0,53.68,11.11,11.62,11.98,0.63,
24,2025-09-03 21:00:00,5.22,2.74,0.0,0.0,54.13,10.08,10.47,11.01,0.58,
24,2025-09-03 22:00:00,6.12,3.23,0.0,0.0,54.2,9.4,9.72,10.04,0.55,
24,2025-09-03 23:00:00,4.85,2.81,0.0,0.0,59.81,8.21,8.68,9.16,0.45,
24,2025-09-04 00:00:00,5.45,2.82,0.0,0.0,64.75,7.24,7.69,8.0,0.37,
24,2025-09-04 01:00:00,4.85,2.52,0.0,0.0,70.2,6.5,6.67,6.79,0.29,
24,2025-09-04 02:00:00,4.32,2.47,0.0,0.0,75.72,5.48,5.82,6.28,0.22,
24,2025-09-04 03:00:00,5.08,2.75,0.0,0.0,81.13,4.74,5.02,5.3,0.17,
24,2025-09-04 04:00:00,3.65,1.91,0.0,0.0,85.9,3.01,3.93,4.59,0.12,
24,2025-09-04 05:00:00,3.28,1.19,0.0,0.0,88.0,2.89,3.44,3.75,0.1,
24,2025-09-04 06:00:00,2.22,0.63,0.0,0.0,91.05,0.47,2.02,3.01,0.07,
24,2025-09-04 07:00:00,0.72,0.01,2.71,0.0,93.35,-0.64,-0.27,0.27,0.04,
24,2025-09-04 08:00:00,3.5,1.52,53.82,0.0,96.53,-0.52,1.57,2.64,0.02,
24,2025-09-04 09:00:00,3.12,1.81,117.5,0.0,94.9,2.8,3.0,3.17,0.04,
24,2025-09-04 10:00:00,3.35,1.45,221.1,0.0,90.58,3.23,3.71,4.37,0.08,
24,2025-09-04 11:00:00,3.28,1.43,437.9,0.0,85.5,4.75,5.21,5.64,0.13,
24,2025-09-04 12:00:00,3.65,2.03,705.8,0.0,81.21,6.14,6.86,7.74,0.19,
24,2025-09-04 13:00:00,4.1,2.37,734.0,0.0,72.51,8.57,9.41,10.3,0.33,
24,2025-09-04 14:00:00,4.32,2.33,731.5,0.0,62.1,10.92,11.64,12.42,0.52,
24,2025-09-04 15:00:00,3.72,2.29,679.8,0.0,57.1,12.74,13.66,14.52,0.67,
24,2025-09-04 16:00:00,3.5,1.77,570.9,0.0,45.29,14.74,15.44,15.96,0.96,
24,2025-09-04 17:00:00,3.65,1.93,411.7,0.0,43.7,16.22,16.52,16.69,1.06,
24,2025-09-04 18:00:00,3.05,1.69,167.4,0.0,51.03,15.29,15.88,16.34,0.89,
24,2025-09-04 19:00:00,2.15,1.1,18.09,0.0,59.63,11.83,13.07,14.38,0.61,
24,2025-09-04 20:00:00,1.78,0.15,0.0,0.0,76.62,7.92,9.45,11.34,0.29,
24,2025-09-04 21:00:00,0.0,0.0,0.0,0.0,87.2,5.84,6.53,7.25,0.12,
24,2025-09-04 22:00:00,2.08,0.11,0.0,0.0,89.75,4.79,5.17,5.55,0.09,
24,2025-09-04 23:00:00,0.95,0.05,0.0,0.0,90.83,3.77,4.3,5.06,0.08,
24,2025-09-05 00:00:00,0.72,0.02,0.0,0.0,92.43,3.21,3.37,3.59,0.06,
24,2025-09-05 01:00:00,1.1,0.09,0.0,0.0,92.3,2.57,3.08,3.37,0.06,
24,2025-09-05 02:00:00,0.72,0.01,0.0,0.0,93.58,2.1,2.18,2.24,0.05,
24,2025-09-05 03:00:00,0.8,0.01,0.0,0.0,93.93,1.31,1.72,2.05,0.04,
24,2025-09-05 04:00:00,1.25,0.22,0.0,0.0,92.88,1.34,1.82,2.64,0.05,
24,2025-09-05 05:00:00,1.85,0.38,0.0,0.0,92.88,1.9,2.27,2.93,0.05,
24,2025-09-05 06:00:00,2.0,0.55,0.0,0.0,88.23,2.46,3.27,3.73,0.09,
24,2025-09-05 07:00:00,1.02,0.1,3.11,0.0,93.5,0.88,1.34,1.73,0.04,
24,2025-09-05 08:00:00,0.0,0.0,132.7,0.0,94.08,0.76,1.6,3.0,0.04,
24,2025-09-05 09:00:00,0.8,0.02,297.5,0.0,80.66,4.76,7.04,8.64,0.2,
24,2025-09-05 10:00:00,1.48,0.31,475.9,0.0,73.93,9.74,10.15,10.8,0.33,
24,2025-09-05 11:00:00,1.92,0.52,609.7,0.0,66.15,11.4,12.3,13.44,0.49,
24,2025-09-05 12:00:00,3.35,0.99,691.0,0.0,59.92,13.82,14.34,14.93,0.66,
24,2025-09-05 13:00:00,3.05,1.11,716.2,0.0,55.31,15.28,15.69,16.17,0.8,
24,2025-09-05 14:00:00,2.68,1.03,714.5,0.0,48.82,16.99,17.47,17.92,1.03,
24,2025-09-05 15:00:00,2.6,1.01,661.3,0.0,45.81,18.29,18.51,18.85,1.15,
24,2025-09-05 16:00:00,2.9,1.41,548.3,0.0,47.84,19.15,19.49,19.76,1.18,
24,2025-09-05 17:00:00,2.68,1.33,389.1,0.0,49.86,19.4,19.67,19.85,1.15,
24,2025-09-05 18:00:00,3.42,1.02,152.7,0.0,55.43,17.89,18.51,19.1,0.95,
24,2025-09-05 19:00:00,0.95,0.02,22.76,0.0,69.11,14.38,15.65,17.21,0.56,
24,2025-09-05 20:00:00,1.1,0.15,0.0,0.0,81.38,10.51,11.72,13.35,0.26,
24,2025-09-05 21:00:00,0.95,0.02,0.0,0.0,87.93,9.06,9.58,10.1,0.15,
24,2025-09-05 22:00:00,1.48,0.15,0.0,0.0,89.48,7.82,8.25,8.6,0.12,
24,2025-09-05 23:00:00,0.65,0.01,0.0,0.0,91.53,6.96,7.31,7.54,0.09,
24,2025-09-06 00:00:00,0.72,0.01,0.0,0.0,93.68,5.63,5.9,6.38,0.06,
24,2025-09-06 01:00:00,0.42,0.0,0.0,0.0,94.25,5.21,5.46,5.72,0.05,
24,2025-09-06 02:00:00,0.0,0.0,0.0,0.0,95.8,4.79,5.58,6.64,0.04,
24,2025-09-06 03:00:00,1.4,0.28,0.0,0.0,97.05,6.39,6.83,7.05,0.03,
24,2025-09-06 04:00:00,1.62,0.63,0.0,0.0,97.43,7.12,7.22,7.43,0.03,
24,2025-09-06 05:00:00,2.22,0.83,0.0,0.0,97.65,7.21,7.26,7.37,0.02,
24,2025-09-06 06:00:00,2.45,1.18,0.0,0.0,97.78,7.4,7.42,7.45,0.02,
24,2025-09-06 07:00:00,2.22,0.67,0.67,0.0,97.73,7.42,7.54,7.63,0.02,
24,2025-09-06 08:00:00,1.18,0.38,22.51,0.1,97.58,7.66,7.7,7.79,0.03,
24,2025-09-06 09:00:00,1.25,0.44,48.34,0.1,97.13,7.73,7.91,8.11,0.03,
24,2025-09-06 10:00:00,1.25,0.34,59.35,0.0,95.15,8.25,8.42,8.57,0.05,
24,2025-09-06 11:00:00,1.25,0.15,116.9,0.0,91.7,8.66,8.89,9.22,0.1,
24,2025-09-06 12:00:00,2.3,0.76,119.3,0.0,90.93,9.06,9.31,9.51,0.11,
24,2025-09-06 13:00:00,2.6,1.36,142.5,0.0,90.3,9.15,9.34,9.48,0.11,
24,2025-09-06 14:00:00,2.08,0.84,119.1,0.0,86.35,9.65,9.86,10.08,0.17,
24,2025-09-06 15:00:00,2.6,0.96,117.2,0.0,83.6,10.09,10.24,10.32,0.21,
24,2025-09-06 16:00:00,2.68,0.71,68.47,0.0,83.1,10.04,10.11,10.22,0.21,
24,2025-09-06 17:00:00,1.85,0.25,58.71,0.0,82.75,10.16,10.31,10.47,0.22,
24,2025-09-06 18:00:00,2.38,0.55,26.8,0.0,86.25,9.8,9.92,10.05,0.17,
24,2025-09-06 19:00:00,1.7,0.18,5.77,0.0,88.8,9.57,9.63,9.72,0.13,
24,2025-09-06 20:00:00,0.57,0.01,0.0,0.0,89.48,9.54,9.56,9.57,0.12,
24,2025-09-06 21:00:00,0.65,0.01,0.0,0.0,91.2,9.45,9.47,9.49,0.11,
24,2025-09-06 22:00:00,0.95,0.08,0.0,0.0,91.3,9.37,9.43,9.46,0.11,
24,2025-09-06 23:00:00,1.78,0.83,0.0,0.0,91.68,9.21,9.25,9.3,0.1,
24,2025-09-07 01:00:00,1.55,0.18,0.0,0.0,90.93,9.18,9.2,9.21,0.11,
24,2025-09-07 02:00:00,1.25,0.2,0.0,0.0,86.98,8.71,8.87,9.13,0.15,
24,2025-09-07 03:00:00,0.5,0.0,0.0,0.0,85.03,8.68,8.7,8.73,0.17,
24,2025-09-07 04:00:00,0.95,0.08,0.0,0.0,85.38,8.33,8.44,8.55,0.16,
24,2025-09-07 05:00:00,0.72,0.03,0.0,0.0,85.7,8.15,8.2,8.27,0.16,
24,2025-09-07 06:00:00,1.25,0.05,0.0,0.0,85.15,7.99,8.03,8.09,0.16,
24,2025-09-07 07:00:00,0.72,0.03,0.79,0.0,84.73,7.78,7.92,8.03,0.16,
24,2025-09-07 08:00:00,1.1,0.19,11.51,0.0,83.0,7.66,7.7,7.75,0.18,
24,2025-09-07 09:00:00,1.1,0.05,39.68,0.0,81.4,7.76,7.99,8.19,0.2,
24,2025-09-07 10:00:00,1.02,0.07,85.4,0.0,79.07,8.37,8.52,8.66,0.24,
24,2025-09-07 11:00:00,1.18,0.13,116.7,0.0,75.55,8.7,8.9,9.12,0.28,
24,2025-09-07 12:00:00,1.92,0.24,137.1,0.0,70.98,9.17,9.41,9.64,0.34,
24,2025-09-07 13:00:00,2.15,0.49,160.2,0.0,69.72,9.61,9.77,9.84,0.37,
24,2025-09-07 14:00:00,2.0,0.92,213.6,0.0,74.29,9.74,9.81,9.94,0.31,
24,2025-09-07 15:00:00,2.15,0.69,264.8,0.0,70.03,10.03,10.31,10.65,0.38,
24,2025-09-07 16:00:00,1.92,0.58,218.0,0.0,67.14,10.76,10.87,11.04,0.43,
24,2025-09-07 17:00:00,1.92,0.51,130.9,0.0,67.91,10.66,10.83,11.01,0.42,
24,2025-09-07 18:00:00,0.95,0.02,82.8,0.0,68.14,10.74,10.92,11.09,0.42,
24,2025-09-07 19:00:00,1.18,0.11,10.75,0.0,73.55,10.37,10.5,10.65,0.34,
24,2025-09-07 20:00:00,0.0,0.0,0.0,0.0,79.94,9.81,9.99,10.25,0.25,
24,2025-09-07 21:00:00,0.0,0.0,0.0,0.0,84.78,9.33,9.52,9.65,0.18,
24,2025-09-07 22:00:00,0.95,0.04,0.0,0.0,87.48,8.9,9.0,9.11,0.15,
24,2025-09-07 23:00:00,1.32,0.42,0.0,0.0,86.05,8.84,8.87,8.9,0.16,
24,2025-09-08 00:00:00,1.4,0.3,0.0,0.0,82.79,8.8,8.85,8.97,0.2,
24,2025-09-08 01:00:00,1.92,0.2,0.0,0.0,82.25,8.79,8.95,9.09,0.21,
24,2025-09-08 02:00:00,1.25,0.3,0.0,0.0,84.38,8.63,8.71,8.82,0.17,
24,2025-09-08 03:00:00,0.65,0.01,0.0,0.0,86.98,7.89,8.27,8.47,0.14,
24,2025-09-08 04:00:00,1.02,0.1,0.0,0.0,89.63,7.5,7.64,7.71,0.11,
24,2025-09-08 05:00:00,0.8,0.06,0.0,0.0,90.43,7.11,7.25,7.43,0.1,
24,2025-09-08 06:00:00,0.88,0.06,0.0,0.0,90.68,6.97,7.07,7.14,0.09,
24,2025-09-08 07:00:00,0.28,0.0,3.64,0.0,92.3,5.76,6.45,7.06,0.07,
24,2025-09-08 08:00:00,0.65,0.01,104.9,0.0,92.98,5.09,5.56,6.23,0.07,
24,2025-09-08 09:00:00,0.72,0.03,292.3,0.0,77.94,7.61,9.13,10.53,0.26,
24,2025-09-08 10:00:00,1.92,0.51,479.9,0.0,68.88,11.18,11.51,12.09,0.42,
24,2025-09-08 11:00:00,2.82,0.99,627.9,0.0,59.25,12.57,13.19,13.87,0.62,
24,2025-09-08 12:00:00,3.95,1.73,695.1,0.0,55.13,14.18,14.42,14.96,0.74,
24,2025-09-08 13:00:00,4.62,2.16,731.2,0.0,49.62,15.27,15.86,16.44,0.91,
24,2025-09-08 14:00:00,4.62,1.8,728.7,0.0,46.52,16.68,16.97,17.4,1.04,
24,2025-09-08 15:00:00,4.4,1.87,670.5,0.0,46.45,17.28,17.33,17.4,1.06,
24,2025-09-08 16:00:00,5.08,1.94,560.0,0.0,46.19,17.49,17.61,17.91,1.09,
24,2025-09-08 17:00:00,3.42,1.72,408.7,0.0,44.58,17.88,18.01,18.18,1.15,
24,2025-09-08 18:00:00,3.12,1.64,214.7,0.0,47.83,16.75,17.3,17.66,1.03,
24,2025-09-08 19:00:00,3.12,1.55,32.59,0.0,54.53,14.76,15.29,15.84,0.79,
24,2025-09-08 20:00:00,1.7,0.61,0.0,0.0,60.35,13.46,13.98,14.46,0.64,
24,2025-09-08 21:00:00,1.02,0.2,0.0,0.0,71.59,11.87,12.46,13.13,0.41,
24,2025-09-08 22:00:00,1.32,0.16,0.0,0.0,76.1,11.0,11.25,11.6,0.32,
24,2025-09-08 23:00:00,0.95,0.08,0.0,0.0,78.45,10.23,10.39,10.61,0.27,
24,2025-09-09 00:00:00,1.02,0.26,0.0,0.0,79.83,9.53,9.75,10.06,0.24,
24,2025-09-09 01:00:00,1.55,0.21,0.0,0.0,84.43,8.32,8.75,9.22,0.18,
24,2025-09-09 02:00:00,2.0,0.24,0.0,0.0,88.45,7.86,8.08,8.18,0.12,
24,2025-09-09 03:00:00,0.72,0.01,0.0,0.0,91.78,6.34,6.96,7.5,0.08,
24,2025-09-09 04:00:00,1.02,0.06,0.0,0.0,92.73,4.32,5.25,6.0,0.07,
24,2025-09-09 05:00:00,1.32,0.17,0.0,0.0,94.55,4.05,4.29,4.54,0.05,
24,2025-09-09 06:00:00,1.4,0.21,0.0,0.0,94.68,3.38,3.68,3.86,0.04,
24,2025-09-09 07:00:00,1.1,0.1,4.46,0.0,94.55,3.49,3.68,3.84,0.04,
24,2025-09-09 08:00:00,0.95,0.02,108.3,0.0,90.4,3.14,4.36,6.18,0.08,
24,2025-09-09 09:00:00,1.48,0.42,322.9,0.0,77.62,6.97,8.73,10.42,0.26,
24,2025-09-09 10:00:00,2.15,0.79,503.4,0.0,71.0,10.8,11.52,12.18,0.39,
24,2025-09-09 11:00:00,2.68,1.49,642.6,0.0,62.06,12.94,13.87,14.86,0.61,
24,2025-09-09 12:00:00,3.58,1.73,725.3,0.0,55.66,15.54,16.38,17.41,0.83,
24,2025-09-09 13:00:00,3.58,1.93,753.4,0.0,46.33,18.25,18.89,19.59,1.17,
24,2025-09-09 14:00:00,2.9,1.29,751.1,0.0,38.31,20.14,20.71,21.12,1.51,
24,2025-09-09 15:00:00,2.52,0.87,643.2,0.0,37.71,21.46,21.8,22.16,1.63,
24,2025-09-09 16:00:00,3.05,0.99,563.5,0.0,30.97,22.83,23.08,23.33,1.95,
24,2025-09-09 17:00:00,4.78,2.24,389.3,0.0,26.08,21.52,22.26,22.93,1.98,
24,2025-09-09 18:00:00,3.28,1.62,174.7,0.0,26.15,19.84,20.79,21.42,1.82,
24,2025-09-09 19:00:00,2.15,0.58,33.81,0.0,33.87,17.48,18.32,19.02,1.4,
24,2025-09-09 20:00:00,2.22,0.9,0.0,0.0,53.75,12.77,13.58,14.78,0.72,
24,2025-09-09 21:00:00,4.03,0.79,0.0,0.0,61.21,13.0,13.75,14.27,0.61,
24,2025-09-09 22:00:00,4.4,2.18,0.0,0.0,65.74,12.6,12.82,13.09,0.51,
24,2025-09-09 23:00:00,2.15,0.65,0.0,0.0,71.75,9.99,11.12,12.08,0.38,
24,2025-09-10 00:00:00,1.85,0.61,0.0,0.0,78.78,8.88,9.21,9.51,0.25,
24,2025-09-10 01:00:00,2.6,0.96,0.0,0.0,78.89,8.71,9.6,10.53,0.26,
24,2025-09-10 02:00:00,3.05,1.18,0.0,0.0,77.45,9.58,10.06,10.51,0.28,
24,2025-09-10 03:00:00,3.58,1.5,0.0,0.0,72.58,10.83,11.15,11.47,0.37,
24,2025-09-10 04:00:00,1.92,0.71,0.0,1.9,86.31,9.85,10.55,11.34,0.18,
24,2025-09-10 05:00:00,2.08,0.42,0.0,6.9,94.68,9.82,9.86,9.89,0.07,
24,2025-09-10 06:00:00,2.68,0.66,0.0,2.2,96.53,9.68,9.73,9.8,0.04,
24,2025-09-10 07:00:00,4.4,2.12,1.45,0.8,91.53,9.95,10.53,10.94,0.11,
24,2025-09-10 08:00:00,3.5,1.56,33.66,1.2,92.15,10.51,10.71,10.97,0.1,
24,2025-09-10 09:00:00,2.15,1.06,285.7,0.1,90.03,10.6,11.45,12.17,0.14,
24,2025-09-10 10:00:00,2.68,0.63,503.3,0.0,75.45,12.96,14.08,14.79,0.39,
24,2025-09-10 11:00:00,3.88,2.27,639.5,0.0,74.46,15.07,15.28,15.64,0.44,
24,2025-09-10 12:00:00,4.92,2.54,721.3,0.0,66.88,15.97,16.51,17.01,0.63,
24,2025-09-10 13:00:00,5.68,3.0,748.0,0.0,61.42,17.35,17.85,18.43,0.79,
24,2025-09-10 14:00:00,6.65,3.49,743.8,0.0,57.27,18.76,19.01,19.25,0.94,
24,2025-09-10 15:00:00,6.5,3.61,688.4,0.0,52.35,19.41,19.62,19.94,1.09,
24,2025-09-10 16:00:00,5.9,3.72,576.3,0.0,51.2,19.96,20.09,20.16,1.15,
24,2025-09-10 17:00:00,5.75,3.43,415.4,0.0,49.17,20.05,20.11,20.18,1.2,
24,2025-09-10 18:00:00,5.75,3.27,178.2,0.0,51.09,18.67,19.32,19.91,1.1,
24,2025-09-10 19:00:00,5.68,2.82,20.45,0.0,55.67,16.44,17.15,18.01,0.87,
24,2025-09-10 20:00:00,5.15,2.84,0.0,0.0,56.44,15.01,15.82,16.22,0.79,
24,2025-09-10 21:00:00,4.18,2.37,0.0,0.0,60.16,14.08,14.37,14.78,0.66,
24,2025-09-10 22:00:00,3.8,2.03,0.0,0.0,60.83,13.46,13.7,13.94,0.62,
24,2025-09-10 23:00:00,4.1,2.34,0.0,0.0,64.66,12.59,12.97,13.22,0.53,
24,2025-09-11 00:00:00,5.15,2.42,0.0,0.0,69.91,11.87,11.99,12.23,0.42,
24,2025-09-11 01:00:00,5.82,2.75,0.0,0.0,75.0,10.5,11.12,11.64,0.33,
24,2025-09-11 02:00:00,4.1,1.03,0.0,0.0,82.25,8.62,9.51,10.52,0.21,
24,2025-09-11 03:00:00,1.02,0.18,0.0,0.0,91.03,6.51,7.01,8.07,0.09,
24,2025-09-11 04:00:00,0.72,0.02,0.0,0.0,93.23,5.0,5.45,6.14,0.06,
24,2025-09-11 05:00:00,1.02,0.16,0.0,0.0,94.9,4.22,4.53,5.01,0.05,
24,2025-09-11 06:00:00,0.72,0.02,0.0,0.0,95.35,3.86,4.3,4.64,0.04,
24,2025-09-11 07:00:00,1.1,0.12,6.18,0.0,95.78,3.55,3.63,3.7,0.03,
24,2025-09-11 08:00:00,1.62,0.25,125.4,0.0,92.98,3.24,5.14,6.92,0.07,
24,2025-09-11 09:00:00,2.08,0.45,352.4,0.0,79.65,8.03,9.74,11.23,0.25,
24,2025-09-11 10:00:00,2.0,0.73,529.7,0.0,66.92,11.85,12.93,14.0,0.5,
24,2025-09-11 11:00:00,1.92,0.44,661.7,0.0,56.19,15.19,16.04,16.83,0.8,
24,2025-09-11 12:00:00,2.6,0.84,746.6,0.0,52.27,17.96,18.62,19.18,1.02,
24,2025-09-11 13:00:00,2.9,1.34,764.8,0.0,46.8,19.68,20.44,21.05,1.28,
24,2025-09-11 14:00:00,3.28,1.33,762.1,0.0,44.14,21.33,21.98,22.51,1.48,
24,2025-09-11 15:00:00,4.47,1.9,705.5,0.0,43.02,22.45,22.76,22.93,1.58,
24,2025-09-11 16:00:00,4.85,2.75,589.7,0.0,44.38,22.59,22.68,22.74,1.53,
24,2025-09-11 17:00:00,4.25,2.62,433.9,0.0,41.26,22.61,22.67,22.74,1.62,
24,2025-09-11 18:00:00,3.88,2.16,180.7,0.0,45.68,21.41,21.99,22.37,1.44,
24,2025-09-11 19:00:00,2.6,1.19,21.42,0.0,54.89,18.32,19.21,20.44,1.01,
24,2025-09-11 20:00:00,2.98,1.09,0.0,0.0,59.75,16.06,16.83,17.68,0.78,
24,2025-09-11 21:00:00,2.9,1.18,0.0,0.0,65.39,13.88,14.72,15.11,0.58,
24,2025-09-11 22:00:00,4.03,1.49,0.0,0.0,66.31,12.7,14.01,15.15,0.55,
24,2025-09-11 23:00:00,1.78,0.63,0.0,0.0,80.23,10.1,11.4,12.36,0.27,
24,2025-09-12 00:00:00,2.45,0.51,0.0,0.0,79.09,10.55,11.22,11.68,0.28,
24,2025-09-12 01:00:00,0.72,0.03,0.0,0.0,88.93,7.88,8.9,9.92,0.13,
24,2025-09-12 02:00:00,0.88,0.05,0.0,0.0,92.3,6.84,7.07,7.49,0.08,
24,2025-09-12 03:00:00,0.88,0.04,0.0,0.0,93.73,5.81,6.3,6.65,0.06,
24,2025-09-12 04:00:00,0.88,0.07,0.0,0.0,94.65,5.66,5.8,6.08,0.05,
24,2025-09-12 05:00:00,0.8,0.11,0.0,0.0,94.4,5.29,5.65,6.02,0.05,
24,2025-09-12 06:00:00,0.72,0.02,0.0,0.0,94.25,5.27,5.68,5.86,0.06,
24,2025-09-12 07:00:00,1.1,0.08,6.43,0.0,93.05,5.4,5.58,5.8,0.07,
24,2025-09-12 08:00:00,0.65,0.02,128.8,0.0,86.86,5.29,7.36,9.16,0.14,
24,2025-09-12 09:00:00,1.7,0.27,356.3,0.0,72.11,11.04,11.82,13.21,0.39,
24,2025-09-12 10:00:00,1.55,0.21,527.0,0.0,59.57,14.62,15.7,16.15,0.72,
24,2025-09-12 11:00:00,2.15,0.76,662.4,0.0,49.88,16.61,17.8,19.06,1.03,
24,2025-09-12 12:00:00,3.05,0.95,739.5,0.0,45.95,20.02,20.48,20.88,1.3,
24,2025-09-12 13:00:00,3.95,1.85,756.7,0.0,42.34,21.34,21.69,22.07,1.5,
24,2025-09-12 14:00:00,3.5,1.73,752.5,0.0,40.21,22.39,22.72,23.06,1.65,
24,2025-09-12 15:00:00,3.8,1.46,694.7,0.0,43.3,23.26,23.56,23.85,1.65,
24,2025-09-12 16:00:00,3.72,1.91,580.4,0.0,41.87,23.29,23.58,23.82,1.69,
24,2025-09-12 17:00:00,4.55,2.47,414.8,0.0,42.72,21.88,22.77,23.25,1.59,
24,2025-09-12 18:00:00,4.25,1.59,123.6,0.0,49.56,20.42,20.83,21.26,1.24,
24,2025-09-12 19:00:00,2.68,0.84,30.17,0.0,52.91,17.58,18.84,19.95,1.03,
24,2025-09-12 20:00:00,2.15,0.39,0.0,0.0,58.53,16.36,16.6,16.86,0.79,
24,2025-09-12 21:00:00,3.72,0.92,0.0,0.0,61.64,13.98,14.33,14.87,0.63,
24,2025-09-12 22:00:00,2.3,0.61,0.0,0.0,58.86,12.54,13.98,15.11,0.66,
24,2025-09-12 23:00:00,2.82,0.74,0.0,0.0,61.85,11.49,12.05,12.74,0.54,
24,2025-09-13 00:00:00,3.72,1.13,0.0,0.0,64.6,10.0,10.75,11.51,0.46,
24,2025-09-13 01:00:00,2.08,0.47,0.0,0.0,76.13,8.87,9.22,9.77,0.28,
24,2025-09-13 02:00:00,1.4,0.08,0.0,0.0,83.23,8.42,8.57,8.82,0.19,
24,2025-09-13 03:00:00,2.38,1.02,0.0,0.0,86.08,7.66,7.9,8.22,0.15,
24,2025-09-13 04:00:00,2.82,0.99,0.0,0.0,87.5,7.41,7.91,8.34,0.13,
24,2025-09-13 05:00:00,1.85,0.55,0.0,0.0,84.45,8.23,8.26,8.32,0.17,
24,2025-09-13 06:00:00,4.1,1.85,0.0,0.0,84.4,7.94,8.11,8.3,0.17,
24,2025-09-13 07:00:00,4.4,1.24,5.6,0.0,82.03,7.49,7.93,8.34,0.19,
24,2025-09-13 08:00:00,3.28,1.26,124.5,0.0,82.21,7.31,7.75,8.67,0.19,
24,2025-09-13 09:00:00,3.58,1.85,280.8,0.0,73.94,9.33,9.95,10.36,0.32,
24,2025-09-13 10:00:00,2.82,1.24,284.5,0.0,65.86,10.51,11.2,11.81,0.46,
24,2025-09-13 11:00:00,6.88,3.05,540.4,0.0,65.97,11.68,11.91,12.18,0.48,
24,2025-09-13 12:00:00,7.48,3.86,767.3,0.0,59.03,12.23,13.04,13.75,0.62,
24,2025-09-13 13:00:00,6.35,3.81,799.4,0.0,56.51,13.89,14.01,14.23,0.7,
24,2025-09-13 14:00:00,6.2,3.32,773.9,0.0,50.9,14.82,15.3,15.92,0.86,
24,2025-09-13 15:00:00,5.0,2.66,703.5,0.0,44.28,16.07,16.43,16.71,1.04,
24,2025-09-13 16:00:00,4.47,2.45,592.6,0.0,39.32,16.96,17.33,17.79,1.2,
24,2025-09-13 17:00:00,5.0,2.81,431.4,0.0,43.68,17.54,17.62,17.69,1.14,
24,2025-09-13 18:00:00,5.3,3.05,160.4,0.0,49.08,16.63,17.09,17.38,0.99,
24,2025-09-13 19:00:00,4.18,2.32,24.18,0.0,62.82,14.28,15.15,16.02,0.64,
24,2025-09-13 20:00:00,2.98,1.27,0.0,0.0,73.09,12.74,13.28,13.78,0.41,
24,2025-09-13 21:00:00,2.08,0.23,0.0,0.0,78.14,10.94,11.45,12.13,0.3,
24,2025-09-13 22:00:00,6.28,3.25,0.0,0.0,75.36,12.19,12.6,12.89,0.36,
24,2025-09-13 23:00:00,6.2,3.35,0.0,0.0,78.19,11.89,12.11,12.41,0.31,
24,2025-09-14 00:00:00,5.0,2.88,0.0,0.0,80.6,11.19,11.35,11.64,0.26,
24,2025-09-14 01:00:00,4.32,2.12,0.0,0.0,82.0,10.77,10.9,11.04,0.24,
24,2025-09-14 02:00:00,5.0,2.52,0.0,0.0,80.77,10.66,10.73,10.77,0.25,
24,2025-09-14 03:00:00,4.62,2.72,0.0,0.0,81.58,9.95,10.24,10.6,0.23,
24,2025-09-14 04:00:00,4.47,2.06,0.0,0.0,85.15,9.24,9.5,9.77,0.18,
24,2025-09-14 05:00:00,2.98,1.57,0.0,0.0,87.88,8.94,9.04,9.16,0.14,
24,2025-09-14 06:00:00,1.7,0.66,0.0,0.0,89.65,8.58,8.75,8.93,0.12,
24,2025-09-14 07:00:00,2.52,1.05,3.68,0.0,90.5,8.61,8.71,8.81,0.11,
24,2025-09-14 08:00:00,1.85,0.15,71.74,0.0,91.95,8.39,8.46,8.56,0.09,
24,2025-09-14 09:00:00,4.62,1.72,183.1,0.0,87.43,8.9,9.3,9.6,0.15,
24,2025-09-14 10:00:00,5.38,3.37,266.6,0.0,85.18,9.67,9.73,9.83,0.18,
24,2025-09-14 11:00:00,5.15,2.71,323.3,0.0,80.69,10.08,10.67,11.36,0.25,
24,2025-09-14 12:00:00,4.18,2.47,502.2,0.0,71.12,11.64,12.48,13.11,0.42,
24,2025-09-14 13:00:00,5.38,3.01,643.5,0.0,66.37,13.39,14.05,14.98,0.54,
24,2025-09-14 14:00:00,5.22,3.44,662.8,0.0,56.74,15.18,15.33,15.63,0.75,
24,2025-09-14 15:00:00,5.6,3.52,663.0,0.0,50.05,15.9,16.45,16.81,0.93,
24,2025-09-14 16:00:00,4.92,3.09,442.0,0.0,49.75,16.11,16.57,16.99,0.95,
24,2025-09-14 17:00:00,4.18,2.35,137.7,0.0,54.35,15.2,15.59,15.93,0.81,
24,2025-09-14 18:00:00,3.8,2.37,53.16,0.0,62.81,14.11,14.54,15.01,0.62,
24,2025-09-14 19:00:00,5.08,2.77,26.59,0.0,64.9,13.48,13.69,13.99,0.55,
24,2025-09-14 20:00:00,4.18,1.83,0.02,0.0,67.04,12.68,13.1,13.36,0.5,
24,2025-09-14 21:00:00,1.55,0.44,0.0,0.0,75.65,10.63,11.3,12.07,0.33,
24,2025-09-14 22:00:00,3.35,0.29,0.0,0.0,81.76,8.4,8.89,9.57,0.21,
24,2025-09-14 23:00:00,1.7,0.27,0.0,0.0,83.12,7.97,8.53,9.43,0.19,
24,2025-09-15 00:00:00,1.1,0.04,0.0,0.0,88.28,6.51,7.0,7.63,0.12,
24,2025-09-15 01:00:00,1.18,0.07,0.0,0.0,88.65,6.42,6.63,6.99,0.11,
24,2025-09-15 02:00:00,1.78,0.2,0.0,0.0,90.25,5.72,6.34,7.07,0.09,
24,2025-09-15 03:00:00,1.55,0.2,0.0,0.0,93.1,5.28,5.42,5.56,0.06,
24,2025-09-15 04:00:00,2.08,0.33,0.0,0.0,91.58,4.98,5.37,5.76,0.08,
24,2025-09-15 05:00:00,2.45,0.62,0.0,0.0,86.38,6.08,6.97,7.85,0.14,
24,2025-09-15 06:00:00,1.18,0.13,0.0,0.0,92.45,4.07,4.51,5.13,0.06,
24,2025-09-15 07:00:00,1.32,0.18,8.22,0.0,94.38,3.23,3.41,3.56,0.05,
24,2025-09-15 08:00:00,3.5,1.86,139.2,0.0,86.68,5.83,7.0,7.59,0.14,
24,2025-09-15 09:00:00,2.9,1.13,368.8,0.0,79.04,7.99,8.95,10.02,0.24,
24,2025-09-15 10:00:00,2.22,0.78,545.9,0.0,70.68,10.54,11.37,12.28,0.4,
24,2025-09-15 11:00:00,2.98,1.45,654.9,0.0,60.22,12.77,13.83,14.62,0.63,
24,2025-09-15 12:00:00,5.15,2.12,760.9,0.0,54.35,15.33,16.19,16.76,0.84,
24,2025-09-15 13:00:00,5.3,3.46,793.6,0.0,49.65,16.74,17.19,17.69,0.99,
24,2025-09-15 14:00:00,6.5,4.11,789.0,0.0,46.82,18.13,18.56,19.16,1.14,
24,2025-09-15 15:00:00,6.28,4.08,741.1,0.0,39.03,19.46,19.8,20.11,1.41,
24,2025-09-15 16:00:00,5.82,3.48,604.9,0.0,36.55,20.19,20.36,20.61,1.52,
24,2025-09-15 17:00:00,5.75,3.78,450.1,0.0,37.9,20.33,20.54,20.66,1.5,
24,2025-09-15 18:00:00,5.98,3.44,146.7,0.0,47.19,18.75,19.36,19.84,1.19,
24,2025-09-15 19:00:00,4.85,2.94,45.5,0.0,52.49,16.73,17.38,18.17,0.95,
24,2025-09-15 20:00:00,4.03,2.18,0.01,0.0,55.79,15.59,16.11,16.47,0.81,
24,2025-09-15 21:00:00,1.62,0.46,0.0,0.0,65.85,12.41,13.82,14.61,0.54,
24,2025-09-15 22:00:00,2.82,0.86,0.0,0.0,75.24,10.18,11.36,12.49,0.34,
24,2025-09-15 23:00:00,1.62,0.25,0.0,0.0,81.9,9.47,9.56,9.64,0.22,
24,2025-09-16 00:00:00,4.62,1.33,0.0,0.0,69.78,9.41,11.17,13.37,0.42,
24,2025-09-16 01:00:00,5.08,1.96,0.0,0.0,63.25,12.07,12.56,13.06,0.54,
24,2025-09-16 02:00:00,4.85,2.78,0.0,0.0,63.9,11.6,12.08,12.48,0.51,
24,2025-09-16 03:00:00,5.22,1.74,0.0,0.0,70.86,9.89,10.62,10.98,0.38,
24,2025-09-16 04:00:00,1.7,0.48,0.0,0.0,80.89,7.81,8.11,8.35,0.21,
24,2025-09-16 05:00:00,1.4,0.29,0.0,0.0,88.55,5.56,6.5,8.54,0.12,
24,2025-09-16 06:00:00,1.1,0.07,0.0,0.0,92.03,4.42,4.71,5.12,0.07,
24,2025-09-16 07:00:00,1.85,0.18,12.72,0.0,92.15,4.69,5.01,5.43,0.07,
24,2025-09-16 08:00:00,1.1,0.17,140.4,0.0,84.05,5.24,6.97,8.83,0.17,
24,2025-09-16 09:00:00,2.38,0.75,371.9,0.0,72.98,9.61,10.23,10.85,0.34,
24,2025-09-16 10:00:00,2.68,0.98,546.2,0.0,66.28,11.27,12.34,13.64,0.48,
24,2025-09-16 11:00:00,3.95,1.94,691.8,0.0,59.74,14.47,15.32,16.17,0.7,
24,2025-09-16 12:00:00,4.85,2.43,774.0,0.0,50.07,17.03,17.94,18.69,1.03,
24,2025-09-16 13:00:00,5.08,3.35,790.4,0.0,46.24,18.99,19.52,20.23,1.22,
24,2025-09-16 14:00:00,4.7,3.01,786.0,0.0,38.5,20.72,21.21,21.83,1.55,
24,2025-09-16 15:00:00,5.08,2.67,727.4,0.0,37.05,22.25,22.42,22.67,1.71,
24,2025-09-16 16:00:00,4.62,2.9,610.1,0.0,35.92,22.62,22.68,22.73,1.77,
24,2025-09-16 17:00:00,4.62,2.61,435.7,0.0,34.81,22.43,22.68,22.81,1.8,
24,2025-09-16 18:00:00,3.42,1.87,135.1,0.0,37.8,21.04,21.81,22.18,1.63,
24,2025-09-16 19:00:00,2.98,1.23,47.14,0.0,45.57,18.12,19.15,20.19,1.21,
24,2025-09-16 20:00:00,1.18,0.15,0.01,0.0,64.03,14.14,15.2,16.72,0.63,
24,2025-09-16 21:00:00,1.55,0.33,0.0,0.0,72.19,12.07,13.07,13.71,0.42,
24,2025-09-16 22:00:00,1.02,0.05,0.0,0.0,77.35,10.44,11.06,11.64,0.3,
24,2025-09-16 23:00:00,1.1,0.1,0.0,0.0,79.48,10.0,10.25,10.45,0.26,
24,2025-09-17 00:00:00,1.85,0.41,0.0,0.0,80.42,9.74,9.85,10.05,0.24,
24,2025-09-17 01:00:00,1.02,0.33,0.0,0.0,81.51,9.25,9.47,9.73,0.22,
24,2025-09-17 02:00:00,1.32,0.11,0.0,0.0,87.35,8.41,8.7,9.02,0.14,
24,2025-09-17 03:00:00,2.45,0.69,0.0,0.0,89.18,8.83,9.07,9.22,0.13,
24,2025-09-17 04:00:00,3.35,0.85,0.0,0.0,90.85,9.21,9.44,9.59,0.11,
24,2025-09-17 05:00:00,1.02,0.22,0.0,0.0,93.38,7.68,8.25,9.04,0.08,
24,2025-09-17 06:00:00,2.08,1.13,0.0,0.0,90.95,8.41,8.97,9.49,0.1,
24,2025-09-17 07:00:00,1.62,0.67,6.89,0.0,88.58,9.63,9.68,9.77,0.14,
24,2025-09-17 08:00:00,2.22,0.76,53.79,0.0,86.3,9.9,10.22,10.46,0.17,
24,2025-09-17 09:00:00,2.52,1.11,85.9,0.0,83.18,10.6,10.79,11.03,0.22,
24,2025-09-17 10:00:00,2.22,1.1,140.3,0.0,82.13,11.14,11.33,11.53,0.24,
24,2025-09-17 11:00:00,2.15,0.77,147.6,0.0,82.1,11.69,11.72,11.74,0.25,
24,2025-09-17 12:00:00,2.15,0.9,206.4,0.0,81.84,11.66,12.02,12.43,0.26,
24,2025-09-17 13:00:00,3.5,1.84,399.4,0.0,76.13,12.65,13.02,13.42,0.36,
24,2025-09-17 14:00:00,2.98,1.52,572.0,0.0,71.65,13.33,13.87,14.5,0.45,
24,2025-09-17 15:00:00,3.5,1.87,518.8,0.0,71.53,14.39,14.55,14.9,0.47,
24,2025-09-17 16:00:00,2.9,1.29,244.9,0.0,72.62,14.38,14.42,14.46,0.45,
24,2025-09-17 17:00:00,2.75,0.92,176.9,0.0,69.09,14.66,14.74,14.88,0.52,
24,2025-09-17 18:00:00,2.15,0.79,103.6,0.0,70.68,14.32,14.66,14.83,0.49,
24,2025-09-17 19:00:00,1.25,0.29,53.19,0.0,77.12,12.95,13.72,14.26,0.36,
24,2025-09-17 20:00:00,1.25,0.27,0.02,0.0,86.78,10.08,11.0,12.41,0.18,
24,2025-09-17 21:00:00,1.78,0.85,0.0,0.0,89.43,9.4,9.66,9.82,0.13,
24,2025-09-17 22:00:00,2.82,0.6,0.0,0.0,90.0,9.02,9.13,9.24,0.12,
24,2025-09-17 23:00:00,1.85,0.75,0.0,0.0,87.33,9.38,9.7,10.15,0.15,
24,2025-09-18 00:00:00,1.55,0.44,0.0,0.0,88.1,9.74,9.85,9.9,0.15,
24,2025-09-18 01:00:00,0.95,0.07,0.0,0.0,89.23,10.1,10.25,10.34,0.14,
24,2025-09-18 02:00:00,1.25,0.17,0.0,0.0,88.28,10.34,10.37,10.4,0.15,
24,2025-09-18 03:00:00,1.32,0.12,0.0,0.0,88.78,10.37,10.46,10.53,0.14,
24,2025-09-18 04:00:00,0.65,0.01,0.0,0.0,89.73,10.48,10.5,10.52,0.13,
24,2025-09-18 05:00:00,0.72,0.01,0.0,0.0,89.08,10.5,10.53,10.55,0.14,
24,2025-09-18 06:00:00,0.0,0.0,0.0,0.0,89.55,10.44,10.52,10.57,0.13,
24,2025-09-18 07:00:00,0.65,0.01,7.34,0.0,92.0,9.88,10.07,10.25,0.1,
24,2025-09-18 08:00:00,0.88,0.05,78.31,0.0,89.3,9.67,10.04,10.53,0.13,
24,2025-09-18 09:00:00,1.02,0.1,157.9,0.0,79.84,11.19,11.71,12.3,0.28,
24,2025-09-18 10:00:00,2.38,0.72,473.4,0.0,77.15,12.07,12.38,12.94,0.33,
24,2025-09-18 11:00:00,3.12,1.28,676.0,0.0,71.69,12.93,13.87,14.66,0.45,
24,2025-09-18 12:00:00,2.75,1.08,759.5,0.0,65.2,15.38,16.04,16.98,0.64,
24,2025-09-18 13:00:00,2.98,1.22,786.3,0.0,55.51,17.43,18.19,18.84,0.93,
24,2025-09-18 14:00:00,3.28,1.39,781.8,0.0,43.63,19.63,19.9,20.22,1.31,
24,2025-09-18 15:00:00,2.9,1.07,723.5,0.0,45.14,20.89,21.4,21.79,1.4,
24,2025-09-18 16:00:00,4.32,1.6,595.0,0.0,46.23,21.55,21.64,21.72,1.39,
24,2025-09-18 17:00:00,3.58,1.59,431.2,0.0,47.96,21.3,21.46,21.63,1.33,
24,2025-09-18 18:00:00,2.15,0.71,142.8,0.0,46.67,21.22,21.41,21.54,1.36,
24,2025-09-18 19:00:00,2.68,0.62,49.97,0.0,49.89,17.2,18.35,19.98,1.06,
24,2025-09-18 20:00:00,1.48,0.22,0.02,0.0,63.27,13.66,15.21,16.83,0.64,
24,2025-09-18 21:00:00,1.55,0.62,0.0,0.0,71.47,12.7,13.15,13.64,0.43,
24,2025-09-18 22:00:00,1.55,0.14,0.0,0.0,79.18,10.57,11.7,13.15,0.29,
24,2025-09-18 23:00:00,1.32,0.31,0.0,0.0,83.53,9.84,10.14,10.49,0.21,
24,2025-09-19 00:00:00,0.88,0.03,0.0,0.0,88.33,8.08,8.7,9.51,0.13,
24,2025-09-19 01:00:00,1.48,0.23,0.0,0.0,90.75,7.78,7.9,8.13,0.1,
24,2025-09-19 02:00:00,1.4,0.29,0.0,0.0,91.3,7.21,7.49,7.65,0.09,
24,2025-09-19 03:00:00,1.1,0.16,0.0,0.0,92.93,6.19,6.94,7.4,0.07,
24,2025-09-19 04:00:00,1.1,0.12,0.0,0.0,94.6,6.02,6.2,6.31,0.05,
24,2025-09-19 05:00:00,1.7,0.42,0.0,0.0,94.9,5.51,5.78,6.02,0.05,
24,2025-09-19 06:00:00,0.95,0.07,0.0,0.0,94.93,5.33,5.53,5.68,0.05,
24,2025-09-19 07:00:00,0.42,0.01,13.93,0.0,95.3,5.04,5.19,5.29,0.04,
24,2025-09-19 08:00:00,2.3,0.94,124.4,0.0,96.48,5.43,6.03,6.46,0.03,
24,2025-09-19 09:00:00,1.55,0.73,382.1,0.0,94.25,6.92,7.97,9.72,0.07,
24,2025-09-19 10:00:00,1.18,0.24,571.2,0.0,73.94,11.7,13.12,14.41,0.4,
24,2025-09-19 11:00:00,1.7,0.65,607.5,0.0,65.93,14.99,15.29,15.95,0.59,
24,2025-09-19 12:00:00,2.6,0.62,711.8,0.0,58.87,16.42,17.32,18.23,0.82,
24,2025-09-19 13:00:00,2.9,1.18,823.0,0.0,53.67,18.79,19.15,19.6,1.03,
24,2025-09-19 14:00:00,3.12,1.46,624.4,0.0,49.63,19.72,20.04,20.34,1.18,
24,2025-09-19 15:00:00,3.28,1.39,551.1,0.0,49.04,20.52,20.66,20.79,1.24,
24,2025-09-19 16:00:00,3.28,1.87,395.3,0.0,52.08,20.17,20.38,20.74,1.15,
24,2025-09-19 17:00:00,2.75,1.44,275.1,0.0,51.34,19.48,19.77,20.04,1.12,
24,2025-09-19 18:00:00,3.88,1.5,106.8,0.0,47.81,18.14,18.56,19.11,1.12,
24,2025-09-19 19:00:00,2.45,0.64,24.19,0.0,48.51,16.93,17.48,17.98,1.03,
24,2025-09-19 20:00:00,3.58,0.92,0.01,0.0,45.8,15.94,16.29,16.94,1.0,
24,2025-09-19 21:00:00,4.85,1.64,0.0,0.0,52.29,14.42,15.24,15.86,0.83,
24,2025-09-19 22:00:00,4.47,1.77,0.0,0.0,54.32,13.79,14.19,14.63,0.74,
24,2025-09-19 23:00:00,3.8,1.39,0.0,0.0,56.85,12.53,13.09,13.6,0.65,
24,2025-09-20 00:00:00,3.12,0.9,0.0,0.0,63.22,12.06,12.16,12.29,0.52,
24,2025-09-20 01:00:00,2.82,0.98,0.0,0.0,72.0,10.28,10.84,11.57,0.37,
24,2025-09-20 02:00:00,3.72,1.78,0.0,0.0,68.18,10.38,10.58,10.92,0.41,
24,2025-09-20 03:00:00,4.25,2.13,0.0,0.0,69.91,10.03,10.25,10.55,0.38,
24,2025-09-20 04:00:00,2.45,0.71,0.0,0.0,70.77,9.51,10.03,10.29,0.36,
24,2025-09-20 05:00:00,2.3,0.92,0.0,0.0,71.7,8.98,9.75,10.41,0.34,
24,2025-09-20 06:00:00,3.05,0.81,0.0,0.0,69.16,10.39,10.78,11.14,0.4,
24,2025-09-20 07:00:00,3.12,0.89,6.15,3.2,86.73,8.99,9.5,10.17,0.16,
24,2025-09-20 08:00:00,3.72,1.68,18.23,3.1,89.05,9.32,9.38,9.46,0.13,
24,2025-09-20 09:00:00,5.08,2.87,41.55,2.4,89.05,9.2,9.41,9.67,0.13,
24,2025-09-20 10:00:00,5.75,2.75,117.8,1.3,90.53,9.69,9.75,9.81,0.12,
24,2025-09-20 11:00:00,3.72,2.04,156.7,0.9,89.6,10.19,10.38,10.56,0.13,
24,2025-09-20 12:00:00,3.2,2.05,199.3,0.9,91.23,10.28,10.75,11.14,0.12,
24,2025-09-20 13:00:00,2.9,1.66,443.7,0.0,82.84,11.37,12.1,13.07,0.25,
24,2025-09-20 14:00:00,3.65,2.14,233.6,0.6,82.17,12.31,12.58,12.91,0.26,
24,2025-09-20 15:00:00,3.42,1.51,274.2,0.3,82.63,12.63,12.78,12.95,0.26,
24,2025-09-20 16:00:00,4.25,1.87,112.2,1.9,87.68,11.61,11.91,12.41,0.17,
24,2025-09-20 17:00:00,4.18,2.03,165.9,0.2,83.8,11.95,12.26,12.58,0.23,
24,2025-09-20 18:00:00,4.32,2.47,140.2,0.1,81.81,11.8,11.89,11.96,0.26,
24,2025-09-20 19:00:00,3.42,1.67,18.34,0.3,80.3,11.19,11.44,11.67,0.27,
24,2025-09-20 20:00:00,2.38,0.91,0.02,0.6,88.08,10.77,10.87,10.99,0.16,
24,2025-09-20 21:00:00,2.3,1.03,0.0,1.2,89.58,10.15,10.36,10.51,0.13,
24,2025-09-20 22:00:00,3.58,1.06,0.0,0.0,85.93,10.43,10.7,11.07,0.18,
24,2025-09-20 23:00:00,1.62,0.47,0.0,0.0,88.73,9.83,10.36,10.78,0.14,
24,2025-09-21 00:00:00,1.62,0.28,0.0,0.0,89.98,9.58,9.65,9.74,0.12,
24,2025-09-21 01:00:00,1.85,0.56,0.0,0.0,91.1,9.13,9.33,9.46,0.1,
24,2025-09-21 02:00:00,7.18,1.8,0.0,1.6,85.2,8.72,9.19,9.63,0.17,
24,2025-09-21 03:00:00,2.82,0.67,0.0,1.2,84.95,8.11,8.23,8.38,0.17,
24,2025-09-21 04:00:00,5.6,2.09,0.0,4.1,90.98,7.58,7.8,8.13,0.1,
24,2025-09-21 05:00:00,4.55,2.32,0.0,0.1,78.42,7.46,7.58,7.77,0.23,
24,2025-09-21 06:00:00,3.88,2.08,0.0,0.2,78.91,7.72,7.81,7.89,0.23,
24,2025-09-21 07:00:00,3.72,1.69,4.79,0.8,86.53,7.37,7.45,7.65,0.14,
24,2025-09-21 08:00:00,1.92,1.08,73.21,0.1,87.05,7.48,7.85,8.09,0.14,
24,2025-09-21 09:00:00,2.98,1.46,134.0,0.2,82.3,8.32,8.58,8.76,0.2,
24,2025-09-21 10:00:00,4.18,2.3,305.5,0.1,75.24,9.1,9.84,10.74,0.3,
24,2025-09-21 11:00:00,3.12,1.51,204.2,0.7,75.58,10.17,10.39,10.67,0.31,
24,2025-09-21 12:00:00,2.6,1.11,415.6,0.2,74.87,10.22,10.62,11.4,0.33,
24,2025-09-21 13:00:00,4.4,1.46,234.2,1.5,83.12,9.82,10.7,11.81,0.22,
24,2025-09-21 14:00:00,3.12,1.15,561.0,0.2,75.67,10.15,11.18,12.31,0.33,
24,2025-09-21 15:00:00,3.95,1.52,783.3,0.0,55.85,13.36,13.59,13.81,0.69,
24,2025-09-21 16:00:00,4.47,1.72,228.0,1.6,74.19,10.22,11.98,13.31,0.38,
24,2025-09-21 17:00:00,2.98,1.52,235.8,0.8,85.1,9.93,10.3,10.92,0.19,
24,2025-09-21 18:00:00,2.9,1.66,166.5,0.0,77.73,10.99,11.52,11.92,0.3,
24,2025-09-21 19:00:00,2.22,0.9,45.2,0.0,84.55,10.12,10.75,11.7,0.2,
24,2025-09-21 20:00:00,1.25,0.17,0.03,0.0,91.28,7.7,8.71,9.77,0.1,
24,2025-09-21 21:00:00,1.25,0.16,0.0,0.0,93.6,5.96,6.62,7.33,0.06,
24,2025-09-21 22:00:00,2.22,0.25,0.0,0.0,94.28,4.94,5.41,5.7,0.05,
24,2025-09-21 23:00:00,2.15,0.47,0.0,0.0,93.65,4.92,5.06,5.29,0.05,
24,2025-09-22 00:00:00,2.15,0.33,0.0,0.0,94.43,4.02,4.58,4.98,0.05,
24,2025-09-22 01:00:00,1.48,0.15,0.0,0.0,95.1,3.88,4.04,4.23,0.04,
24,2025-09-22 02:00:00,1.1,0.24,0.0,0.0,94.85,3.57,3.83,4.14,0.04,
24,2025-09-22 03:00:00,0.88,0.16,0.0,0.1,95.43,2.36,2.73,2.97,0.04,
24,2025-09-22 04:00:00,4.18,1.02,0.0,0.0,93.88,2.58,3.23,5.02,0.05,
24,2025-09-22 05:00:00,3.42,1.22,0.0,0.0,89.8,3.89,4.8,5.65,0.09,
24,2025-09-22 06:00:00,2.15,0.56,0.0,0.0,90.78,3.93,4.33,4.77,0.08,
24,2025-09-22 07:00:00,2.82,0.71,18.32,0.0,92.4,2.35,3.48,4.36,0.06,
24,2025-09-22 08:00:00,0.88,0.05,201.2,0.0,92.75,2.09,2.85,4.5,0.06,
24,2025-09-22 09:00:00,1.48,0.33,400.5,0.0,78.56,6.05,6.89,7.48,0.22,
24,2025-09-22 10:00:00,1.85,0.68,585.2,0.0,70.36,8.1,8.99,10.02,0.35,
24,2025-09-22 11:00:00,3.65,1.63,580.2,0.0,67.68,10.73,11.09,11.33,0.43,
24,2025-09-22 12:00:00,4.47,2.86,650.3,0.0,65.41,11.49,11.83,12.34,0.48,
24,2025-09-22 13:00:00,5.68,2.82,675.1,0.0,63.05,12.95,13.36,13.92,0.57,
24,2025-09-22 14:00:00,6.28,3.8,831.0,0.0,61.56,14.4,14.86,15.34,0.65,
24,2025-09-22 15:00:00,5.52,3.56,759.6,0.0,61.29,15.32,15.83,16.47,0.7,
24,2025-09-22 16:00:00,6.2,3.63,652.5,0.0,57.26,16.83,17.04,17.22,0.83,
24,2025-09-22 17:00:00,5.3,3.2,440.7,0.0,54.89,17.15,17.29,17.38,0.89,
24,2025-09-22 18:00:00,5.3,3.03,184.1,0.0,56.9,16.59,17.01,17.52,0.84,
24,2025-09-22 19:00:00,3.88,2.03,52.85,0.0,62.93,14.9,15.58,16.3,0.66,
24,2025-09-22 20:00:00,3.05,1.36,0.06,0.0,71.36,13.22,13.91,14.57,0.46,
24,2025-09-22 21:00:00,1.48,0.35,0.0,0.0,82.25,10.54,11.68,12.81,0.25,
24,2025-09-22 22:00:00,2.3,0.67,0.0,0.0,85.15,9.69,10.32,11.19,0.19,
24,2025-09-22 23:00:00,2.22,0.71,0.0,0.0,86.53,8.57,9.57,11.01,0.17,
24,2025-09-23 00:00:00,1.7,0.23,0.0,0.0,90.3,7.52,8.17,9.76,0.11,
24,2025-09-23 01:00:00,1.62,0.35,0.0,0.0,89.9,6.13,7.5,9.01,0.11,
24,2025-09-23 02:00:00,0.0,0.0,0.0,0.0,94.03,5.01,5.59,6.23,0.06,
24,2025-09-23 03:00:00,0.72,0.02,0.0,0.0,94.78,3.94,4.33,4.89,0.05,
24,2025-09-23 04:00:00,0.72,0.04,0.0,0.0,95.5,3.6,3.69,3.8,0.04,
24,2025-09-23 05:00:00,0.95,0.07,0.0,0.0,95.65,3.7,3.82,3.9,0.03,
24,2025-09-23 06:00:00,0.35,0.0,0.0,0.0,95.45,3.13,3.24,3.4,0.04,
24,2025-09-23 07:00:00,1.02,0.17,12.11,0.0,95.75,2.69,3.16,3.34,0.03,
24,2025-09-23 08:00:00,0.0,0.0,214.2,0.0,96.35,2.71,3.75,5.54,0.03,
24,2025-09-23 09:00:00,1.4,0.22,295.1,0.0,86.48,7.16,8.43,9.36,0.15,
24,2025-09-23 10:00:00,0.95,0.06,254.5,0.0,78.96,9.89,10.57,11.33,0.27,
24,2025-09-23 11:00:00,2.68,0.35,655.4,0.0,70.6,12.27,13.14,14.14,0.45,
24,2025-09-23 12:00:00,4.1,1.98,810.0,0.0,64.28,14.94,15.39,15.94,0.63,
24,2025-09-23 13:00:00,3.95,2.14,820.0,0.0,56.18,16.54,17.51,18.36,0.88,
24,2025-09-23 14:00:00,3.8,1.83,809.0,0.0,48.9,18.78,19.41,20.15,1.15,
24,2025-09-23 15:00:00,3.42,1.83,741.1,0.0,49.5,20.33,20.8,21.31,1.24,
24,2025-09-23 16:00:00,3.65,1.76,623.1,0.0,45.13,21.5,21.73,22.08,1.43,
24,2025-09-23 17:00:00,3.58,1.67,459.7,0.0,47.14,22.16,22.21,22.23,1.41,
24,2025-09-23 18:00:00,3.88,1.94,152.7,0.0,47.48,21.25,21.66,21.99,1.36,
24,2025-09-23 19:00:00,3.12,1.72,29.71,0.0,55.73,18.54,19.43,20.48,1.0,
24,2025-09-23 20:00:00,2.68,0.67,0.04,0.0,66.24,16.16,16.57,17.4,0.64,
24,2025-09-23 21:00:00,1.18,0.15,0.0,0.0,76.63,13.1,13.59,14.54,0.36,
24,2025-09-23 22:00:00,2.3,0.56,0.0,0.0,79.67,11.71,12.33,12.9,0.29,
24,2025-09-23 23:00:00,1.48,0.35,0.0,0.0,84.83,10.37,10.77,11.19,0.2,
24,2025-09-24 00:00:00,2.3,0.72,0.0,0.0,82.26,10.04,10.66,11.54,0.23,
24,2025-09-24 01:00:00,1.25,0.17,0.0,0.0,87.83,8.42,9.54,11.1,0.15,
24,2025-09-24 02:00:00,1.78,0.38,0.0,0.0,86.98,7.84,8.46,9.51,0.15,
24,2025-09-24 03:00:00,0.0,0.0,0.0,0.0,91.15,6.84,7.63,8.78,0.09,
24,2025-09-24 04:00:00,0.28,0.0,0.0,0.0,93.88,5.84,6.28,6.7,0.06,
24,2025-09-24 05:00:00,1.25,0.08,0.0,0.0,93.58,5.77,6.03,6.38,0.06,
24,2025-09-24 06:00:00,0.95,0.06,0.0,0.0,93.45,5.09,5.59,6.18,0.06,
24,2025-09-24 07:00:00,0.28,0.0,26.47,0.0,94.75,4.43,4.49,4.62,0.04,
24,2025-09-24 08:00:00,0.35,0.0,232.9,0.0,85.12,5.47,7.8,10.04,0.17,
24,2025-09-24 09:00:00,1.32,0.44,425.1,0.0,71.53,10.9,12.11,13.99,0.41,
24,2025-09-24 10:00:00,2.68,0.81,588.1,0.0,63.55,14.58,15.27,16.02,0.64,
24,2025-09-24 11:00:00,3.2,1.07,732.1,0.0,57.83,16.84,17.72,18.6,0.86,
24,2025-09-24 12:00:00,3.05,1.67,812.0,0.0,51.02,18.69,19.58,20.35,1.12,
24,2025-09-24 13:00:00,3.95,1.72,833.0,0.0,48.47,21.05,21.83,22.73,1.35,
24,2025-09-24 14:00:00,3.42,1.51,821.0,0.0,39.6,23.11,23.96,24.69,1.8,
24,2025-09-24 15:00:00,3.72,1.86,746.8,0.0,34.8,24.8,25.33,25.67,2.11,
24,2025-09-24 16:00:00,5.52,3.07,641.1,0.0,31.25,25.59,25.68,25.8,2.27,
24,2025-09-24 17:00:00,5.08,2.76,488.1,0.0,28.3,25.45,25.66,25.81,2.37,
24,2025-09-24 18:00:00,3.12,1.6,184.7,0.0,28.54,24.99,25.27,25.44,2.3,
24,2025-09-24 19:00:00,2.75,0.6,24.58,0.0,43.16,20.03,21.99,23.98,1.52,
24,2025-09-24 20:00:00,1.32,0.21,0.07,0.0,62.28,16.22,17.1,18.61,0.74,
24,2025-09-24 21:00:00,1.62,0.52,0.0,0.0,71.53,13.55,14.73,16.65,0.48,
24,2025-09-24 22:00:00,1.02,0.08,0.0,0.0,76.37,12.41,12.7,12.96,0.35,
24,2025-09-24 23:00:00,1.02,0.15,0.0,0.0,79.04,11.47,12.06,12.59,0.3,
24,2025-09-25 00:00:00,1.1,0.14,0.0,0.0,79.37,11.23,11.37,11.48,0.28,
24,2025-09-25 01:00:00,1.1,0.23,0.0,0.0,81.71,10.58,11.11,11.73,0.24,
24,2025-09-25 02:00:00,2.08,0.42,0.0,0.0,81.47,10.27,11.05,11.36,0.25,
24,2025-09-25 03:00:00,2.45,0.76,0.0,0.0,77.76,11.23,11.51,11.96,0.3,
24,2025-09-25 04:00:00,2.68,0.29,0.0,0.0,79.25,10.78,11.19,11.68,0.28,
24,2025-09-25 05:00:00,1.48,0.36,0.0,0.0,87.25,10.41,10.98,11.42,0.17,
24,2025-09-25 06:00:00,1.25,0.33,0.0,0.0,92.58,8.59,9.01,9.67,0.09,
24,2025-09-25 07:00:00,1.1,0.13,13.86,0.0,96.18,8.58,8.63,8.68,0.04,
24,2025-09-25 08:00:00,1.25,0.44,118.9,0.0,97.23,8.84,8.96,9.19,0.03,
24,2025-09-25 09:00:00,1.4,0.13,415.4,0.0,94.18,9.68,11.18,12.75,0.08,
24,2025-09-25 10:00:00,2.6,1.03,587.7,0.0,74.03,13.93,15.23,16.48,0.46,
24,2025-09-25 11:00:00,3.88,2.55,715.3,0.0,68.22,16.62,17.41,18.32,0.64,
24,2025-09-25 12:00:00,3.58,1.39,793.5,0.0,52.51,18.95,19.92,20.79,1.11,
24,2025-09-25 13:00:00,3.95,1.53,816.0,0.0,50.01,20.9,21.35,21.97,1.27,
24,2025-09-25 14:00:00,3.5,2.09,808.0,0.0,44.75,22.24,22.67,22.97,1.52,
24,2025-09-25 15:00:00,4.55,2.44,747.6,0.0,41.0,22.91,23.1,23.28,1.67,
24,2025-09-25 16:00:00,5.38,2.73,624.6,0.0,48.28,22.61,22.72,22.9,1.43,
24,2025-09-25 17:00:00,5.68,3.28,341.2,0.0,55.54,19.41,20.73,21.88,1.09,
24,2025-09-25 18:00:00,5.38,2.04,83.9,0.0,61.64,16.34,17.53,18.54,0.77,
24,2025-09-25 19:00:00,3.58,0.92,11.95,0.0,68.76,14.49,15.34,15.72,0.55,
24,2025-09-25 20:00:00,5.45,1.61,0.02,0.0,73.54,12.78,13.45,14.08,0.41,
24,2025-09-25 21:00:00,4.18,1.38,0.0,0.0,76.94,12.44,12.67,12.88,0.34,
24,2025-09-25 22:00:00,4.1,1.4,0.0,0.0,79.63,12.12,12.22,12.4,0.29,
24,2025-09-25 23:00:00,2.75,0.93,0.0,0.0,82.68,11.71,11.89,12.07,0.24,
24,2025-09-26 00:00:00,2.75,1.01,0.0,0.0,82.83,11.54,11.59,11.66,0.24,
24,2025-09-26 01:00:00,1.85,0.47,0.0,0.0,83.63,11.28,11.34,11.46,0.22,
24,2025-09-26 02:00:00,1.62,0.42,0.0,0.0,85.53,11.06,11.18,11.28,0.19,
24,2025-09-26 03:00:00,2.3,0.85,0.0,0.0,87.25,10.83,10.89,10.94,0.17,
24,2025-09-26 04:00:00,4.32,1.1,0.0,0.0,87.37,10.81,10.83,10.85,0.17,
24,2025-09-26 05:00:00,1.48,0.42,0.0,0.0,86.5,10.74,10.8,10.86,0.18,
24,2025-09-26 06:00:00,3.35,0.64,0.0,0.0,84.63,10.56,10.68,10.81,0.2,
24,2025-09-26 07:00:00,1.78,0.56,7.45,0.0,85.68,10.57,10.61,10.7,0.18,
24,2025-09-26 08:00:00,2.3,0.54,72.68,0.0,84.98,10.81,11.05,11.36,0.2,
24,2025-09-26 09:00:00,3.28,1.86,94.1,0.0,84.7,11.17,11.32,11.54,0.21,
24,2025-09-26 10:00:00,2.68,1.0,64.28,0.0,85.1,11.33,11.41,11.49,0.2,
24,2025-09-26 11:00:00,4.1,0.79,57.01,2.3,88.15,11.3,11.42,11.53,0.16,
24,2025-09-26 12:00:00,6.2,2.09,55.64,5.1,89.93,9.82,10.43,10.94,0.13,
24,2025-09-26 13:00:00,2.75,1.41,42.81,7.4,88.95,8.61,9.09,9.61,0.13,
24,2025-09-26 14:00:00,3.2,1.48,59.84,4.7,89.05,7.78,8.06,8.37,0.12,
24,2025-09-26 15:00:00,5.22,2.34,127.4,1.7,83.8,7.54,7.72,8.0,0.17,
24,2025-09-26 16:00:00,5.45,2.56,257.1,0.0,76.63,8.35,9.24,9.85,0.27,
24,2025-09-26 17:00:00,5.3,3.24,324.7,0.0,72.05,9.57,10.34,11.12,0.36,
24,2025-09-26 18:00:00,5.45,3.2,218.8,0.0,68.12,10.92,11.11,11.24,0.42,
24,2025-09-26 19:00:00,3.2,1.57,28.29,0.0,77.04,8.9,9.51,10.26,0.28,
24,2025-09-26 20:00:00,1.4,0.52,0.06,0.0,84.25,7.64,7.89,8.24,0.17,
24,2025-09-26 21:00:00,1.48,0.58,0.0,0.0,88.28,5.67,6.62,7.26,0.12,
24,2025-09-26 22:00:00,1.25,0.21,0.0,0.0,90.75,4.97,5.33,5.64,0.08,
24,2025-09-26 23:00:00,0.95,0.06,0.0,0.0,93.73,3.98,4.49,4.85,0.05,
24,2025-09-27 00:00:00,1.18,0.15,0.0,0.0,94.3,3.49,3.72,3.94,0.05,
24,2025-09-27 01:00:00,1.32,0.15,0.0,0.0,94.08,3.1,3.35,3.79,0.05,
24,2025-09-27 02:00:00,2.45,0.34,0.0,0.0,92.65,2.99,3.33,3.52,0.06,
24,2025-09-27 03:00:00,1.78,0.27,0.0,0.0,93.15,2.96,3.08,3.26,0.05,
24,2025-09-27 04:00:00,1.78,0.32,0.0,0.0,92.75,2.92,3.28,3.59,0.06,
24,2025-09-27 05:00:00,1.25,0.4,0.0,0.0,94.45,2.14,2.41,2.59,0.04,
24,2025-09-27 06:00:00,1.62,0.33,0.0,0.0,95.38,1.83,1.91,1.98,0.03,
24,2025-09-27 07:00:00,1.1,0.12,41.95,0.0,95.73,1.11,1.28,1.56,0.03,
24,2025-09-27 08:00:00,1.32,0.11,247.8,0.0,86.4,2.7,4.52,6.07,0.12,
24,2025-09-27 09:00:00,1.92,0.42,444.6,0.0,70.27,6.88,8.19,9.82,0.33,
24,2025-09-27 10:00:00,4.47,1.46,621.3,0.0,59.78,10.08,10.82,11.65,0.52,
24,2025-09-27 11:00:00,5.52,3.69,754.2,0.0,55.46,11.9,12.22,12.62,0.63,
24,2025-09-27 12:00:00,6.35,3.95,833.0,0.0,57.44,12.73,13.11,13.7,0.65,
24,2025-09-27 13:00:00,5.38,3.15,854.0,0.0,56.24,14.13,14.84,15.52,0.74,
24,2025-09-27 14:00:00,5.38,2.83,845.0,0.0,42.12,16.06,16.57,17.08,1.1,
24,2025-09-27 15:00:00,4.92,3.09,780.0,0.0,38.55,17.36,17.87,18.18,1.26,
24,2025-09-27 16:00:00,6.35,3.63,665.6,0.0,37.9,18.45,18.62,18.77,1.33,
24,2025-09-27 17:00:00,5.82,3.25,490.8,0.0,41.14,18.8,18.86,18.93,1.28,
24,2025-09-27 18:00:00,5.38,3.1,276.8,0.0,38.31,18.2,18.54,18.77,1.32,
24,2025-09-27 19:00:00,4.1,2.1,41.16,0.0,43.55,15.95,16.68,17.62,1.08,
24,2025-09-27 20:00:00,3.2,1.42,0.08,0.0,53.91,14.2,14.97,15.52,0.79,
24,2025-09-27 21:00:00,1.7,0.31,0.0,0.0,76.03,10.43,11.28,12.49,0.33,
24,2025-09-27 22:00:00,2.98,0.81,0.0,0.0,78.97,9.76,10.21,11.08,0.26,
24,2025-09-27 23:00:00,2.08,0.76,0.0,0.0,79.66,9.13,9.3,9.38,0.24,
24,2025-09-28 00:00:00,1.55,0.3,0.0,0.0,83.44,7.94,8.73,9.23,0.19,
24,2025-09-28 01:00:00,1.4,0.27,0.0,0.0,85.98,7.4,7.73,7.9,0.15,
24,2025-09-28 02:00:00,2.3,0.56,0.0,0.0,77.54,8.1,9.05,9.81,0.26,
24,2025-09-28 03:00:00,3.8,1.54,0.0,0.0,73.66,9.08,10.58,11.4,0.34,
24,2025-09-28 04:00:00,1.32,0.2,0.0,0.0,86.15,6.69,7.54,8.89,0.15,
24,2025-09-28 05:00:00,1.48,0.23,0.0,0.0,90.35,5.57,6.11,6.88,0.09,
24,2025-09-28 06:00:00,0.95,0.04,0.02,0.0,91.83,5.16,5.61,5.85,0.08,
24,2025-09-28 07:00:00,1.48,0.17,41.93,0.0,93.33,4.87,5.06,5.42,0.06,
24,2025-09-28 08:00:00,3.58,1.17,233.4,0.0,83.42,6.24,8.36,10.28,0.19,
24,2025-09-28 09:00:00,3.88,1.94,439.4,0.0,74.27,10.59,11.27,12.04,0.35,
24,2025-09-28 10:00:00,3.95,2.31,626.3,0.0,66.78,12.48,13.24,14.11,0.51,
24,2025-09-28 11:00:00,4.78,2.75,754.0,0.0,61.37,14.68,15.15,15.46,0.67,
24,2025-09-28 12:00:00,6.5,3.4,881.0,0.0,57.21,15.96,16.62,17.23,0.81,
24,2025-09-28 13:00:00,6.2,4.13,870.0,0.0,50.98,17.54,17.89,18.3,1.01,
24,2025-09-28 14:00:00,6.28,3.77,856.0,0.0,42.34,18.33,18.88,19.48,1.26,
24,2025-09-28 15:00:00,6.05,3.33,780.9,0.0,33.27,19.52,19.95,20.21,1.56,
24,2025-09-28 16:00:00,4.7,2.69,525.9,0.0,32.38,20.28,20.39,20.52,1.62,
24,2025-09-28 17:00:00,4.78,2.93,312.4,0.0,44.16,19.63,19.99,20.3,1.31,
24,2025-09-28 18:00:00,5.38,3.19,171.7,0.0,50.98,17.45,18.19,19.07,1.03,
24,2025-09-28 19:00:00,4.55,2.58,38.37,0.0,56.92,16.23,16.67,17.12,0.82,
24,2025-09-28 20:00:00,5.6,3.16,0.03,0.0,57.78,15.43,15.75,16.19,0.76,
24,2025-09-28 21:00:00,4.92,2.54,0.0,0.0,64.37,14.63,15.01,15.3,0.61,
24,2025-09-28 22:00:00,4.03,2.19,0.0,0.0,72.69,13.83,13.97,14.24,0.44,
24,2025-09-28 23:00:00,2.9,0.89,0.0,0.0,74.05,13.21,13.58,13.88,0.41,
24,2025-09-29 00:00:00,4.55,1.61,0.0,0.0,77.85,12.99,13.34,13.57,0.34,
24,2025-09-29 01:00:00,2.9,0.98,0.0,0.0,78.01,13.12,13.15,13.2,0.33,
24,2025-09-29 02:00:00,2.6,1.01,0.0,0.0,81.31,12.54,12.78,12.89,0.28,
24,2025-09-29 03:00:00,3.58,1.15,0.0,0.0,82.03,12.71,12.75,12.81,0.27,
24,2025-09-29 04:00:00,5.08,2.37,0.0,0.0,85.0,12.57,12.62,12.64,0.22,
24,2025-09-29 05:00:00,5.22,2.4,0.0,0.0,89.05,11.94,12.15,12.44,0.16,
24,2025-09-29 06:00:00,4.47,2.51,0.0,0.0,89.8,11.86,11.89,11.92,0.14,
24,2025-09-29 07:00:00,3.58,1.88,11.46,0.0,91.23,11.54,11.61,11.72,0.12,
24,2025-09-29 08:00:00,4.32,1.51,41.31,0.0,90.6,11.6,11.71,11.82,0.13,
24,2025-09-29 09:00:00,3.05,1.75,329.2,0.0,86.73,11.91,12.39,13.0,0.19,
24,2025-09-29 10:00:00,4.32,2.4,434.1,0.0,78.85,13.62,13.91,14.34,0.34,
24,2025-09-29 11:00:00,5.22,3.24,742.0,0.0,79.36,14.34,14.44,14.54,0.34,
24,2025-09-29 12:00:00,6.58,3.98,820.0,0.0,74.12,14.9,15.2,15.34,0.45,
24,2025-09-29 13:00:00,6.88,4.33,838.0,0.0,67.51,15.77,15.98,16.25,0.59,
24,2025-09-29 14:00:00,6.88,4.26,828.0,0.0,67.15,16.21,16.39,16.6,0.61,
24,2025-09-29 15:00:00,7.1,4.6,766.7,0.0,66.51,16.54,16.73,16.86,0.64,
24,2025-09-29 16:00:00,6.28,4.0,642.7,0.0,63.27,17.1,17.47,17.73,0.73,
24,2025-09-29 17:00:00,6.72,3.94,470.5,0.0,59.81,17.8,17.91,18.08,0.83,
24,2025-09-29 18:00:00,5.9,3.76,267.5,0.0,61.35,17.54,17.7,17.82,0.79,
24,2025-09-29 19:00:00,5.08,3.12,48.93,0.0,64.84,15.94,16.51,17.1,0.66,
24,2025-09-29 20:00:00,4.25,2.62,0.24,0.0,64.98,15.16,15.3,15.52,0.61,
24,2025-09-29 21:00:00,4.62,2.49,0.0,0.0,70.91,13.25,14.04,14.8,0.47,
24,2025-09-29 22:00:00,5.38,2.83,0.0,0.0,71.07,13.04,13.14,13.2,0.44,
24,2025-09-29 23:00:00,5.52,3.34,0.0,0.0,67.71,12.22,12.56,12.87,0.47,
24,2025-09-30 00:00:00,5.38,3.04,0.0,0.0,66.49,11.1,11.64,12.03,0.46,
24,2025-09-30 01:00:00,3.42,1.45,0.0,0.0,71.89,9.88,10.31,10.74,0.35,
24,2025-09-30 02:00:00,4.32,2.31,0.0,0.0,72.35,9.5,9.77,10.03,0.34,
24,2025-09-30 03:00:00,4.78,2.74,0.0,0.0,75.56,8.76,9.05,9.35,0.28,
24,2025-09-30 04:00:00,4.85,2.74,0.0,0.0,81.3,7.88,8.24,8.68,0.21,
24,2025-09-30 05:00:00,3.65,1.95,0.0,0.0,85.23,7.18,7.42,7.74,0.15,
24,2025-09-30 06:00:00,3.2,1.36,0.01,0.0,88.07,6.76,6.88,7.11,0.12,
24,2025-09-30 07:00:00,3.35,0.95,47.68,0.0,89.55,6.19,6.52,6.67,0.1,
24,2025-09-30 08:00:00,4.03,1.77,245.8,0.0,86.88,6.73,7.12,7.45,0.13,
24,2025-09-30 09:00:00,4.7,2.57,436.7,0.0,82.99,7.76,8.52,9.3,0.19,
24,2025-09-30 10:00:00,4.55,2.68,612.9,0.0,74.54,9.74,10.68,11.36,0.33,
24,2025-09-30 11:00:00,4.92,3.2,748.0,0.0,71.05,11.55,12.19,13.04,0.41,
24,2025-09-30 12:00:00,6.8,3.55,830.0,0.0,61.31,13.74,14.54,15.5,0.65,
24,2025-09-30 13:00:00,5.75,3.63,851.0,0.0,54.26,15.95,16.42,16.84,0.86,
24,2025-09-30 14:00:00,6.05,3.92,843.0,0.0,51.16,16.66,16.93,17.24,0.94,
24,2025-09-30 15:00:00,6.8,3.96,780.4,0.0,48.58,17.66,18.13,18.64,1.07,
24,2025-09-30 16:00:00,6.65,4.17,656.9,0.0,42.94,18.8,19.29,19.74,1.28,
24,2025-09-30 17:00:00,5.98,3.47,484.2,0.0,39.21,19.95,20.35,20.69,1.46,
24,2025-09-30 18:00:00,4.55,2.51,267.9,0.0,39.47,20.41,20.7,20.84,1.48,
24,2025-09-30 19:00:00,4.1,1.69,44.68,0.0,45.92,17.91,18.9,19.9,1.19,
24,2025-09-30 20:00:00,1.7,0.34,0.28,0.0,58.18,14.56,16.36,17.55,0.79,
24,2025-09-30 21:00:00,2.0,0.17,0.0,0.0,74.12,12.57,13.08,13.74,0.39,
24,2025-09-30 22:00:00,5.82,1.83,0.0,0.0,60.02,12.8,14.28,14.95,0.66,
24,2025-09-30 23:00:00,5.3,3.0,0.0,0.0,58.2,14.54,14.69,14.94,0.7,
24,2025-10-01 00:00:00,4.03,1.83,0.0,0.0,66.27,11.83,13.35,14.18,0.53,
24,2025-10-01 01:00:00,3.12,0.9,0.0,0.0,75.49,10.49,11.08,12.44,0.33,
24,2025-10-01 02:00:00,2.6,0.96,0.0,0.0,76.45,9.13,10.36,11.35,0.3,
24,2025-10-01 03:00:00,2.9,0.72,0.0,0.0,79.35,9.03,9.98,11.05,0.26,
24,2025-10-01 04:00:00,1.78,0.21,0.0,0.0,90.53,6.57,7.21,8.05,0.1,
24,2025-10-01 05:00:00,4.03,0.66,0.0,0.0,86.98,7.58,7.97,8.46,0.14,
24,2025-10-01 06:00:00,3.12,0.61,0.03,0.0,89.9,6.27,7.11,8.56,0.1,
24,2025-10-01 07:00:00,1.4,0.14,62.88,0.0,92.5,5.92,6.2,6.47,0.07,
24,2025-10-01 08:00:00,3.05,1.18,245.5,0.0,83.81,7.58,8.69,9.81,0.19,
24,2025-10-01 09:00:00,2.98,1.23,444.8,0.0,75.32,10.48,11.23,12.01,0.33,
24,2025-10-01 10:00:00,2.98,1.45,617.0,0.0,69.93,12.65,13.29,14.04,0.46,
24,2025-10-01 11:00:00,3.95,1.51,754.2,0.0,63.7,14.55,15.58,16.67,0.64,
24,2025-10-01 12:00:00,2.75,1.24,832.0,0.0,55.64,17.23,18.16,19.22,0.93,
24,2025-10-01 13:00:00,3.05,1.03,859.0,0.0,50.31,19.7,20.51,21.37,1.21,
24,2025-10-01 14:00:00,3.88,1.88,832.0,0.0,47.29,21.84,22.37,22.85,1.43,
24,2025-10-01 15:00:00,5.52,3.1,792.5,0.0,45.27,23.05,23.13,23.24,1.55,
24,2025-10-01 16:00:00,6.65,3.98,658.7,0.0,47.63,22.58,22.86,23.24,1.46,
24,2025-10-01 17:00:00,6.05,3.41,491.5,0.0,40.96,22.75,22.95,23.17,1.65,
24,2025-10-01 18:00:00,4.85,2.61,286.6,0.0,39.36,22.12,22.81,23.26,1.69,
24,2025-10-01 19:00:00,5.52,3.0,47.18,0.0,45.69,19.7,20.46,21.38,1.31,
24,2025-10-01 20:00:00,4.47,1.69,0.16,0.0,50.28,16.47,18.14,19.31,1.05,
24,2025-10-01 21:00:00,2.3,0.5,0.0,0.0,69.89,13.2,14.34,16.36,0.5,
24,2025-10-01 22:00:00,1.02,0.11,0.0,0.0,80.44,11.38,11.61,12.17,0.27,
24,2025-10-01 23:00:00,2.22,0.37,0.0,0.0,75.54,11.57,12.32,12.81,0.35,
24,2025-10-02 00:00:00,1.4,0.29,0.0,0.0,83.7,9.8,10.56,11.15,0.21,
24,2025-10-02 01:00:00,1.02,0.09,0.0,0.0,85.53,9.18,9.7,10.15,0.18,
24,2025-10-02 02:00:00,1.1,0.11,0.0,0.0,89.45,8.38,8.67,9.02,0.12,
24,2025-10-02 03:00:00,1.78,0.32,0.0,0.0,84.39,8.42,9.29,10.1,0.18,
24,2025-10-02 04:00:00,1.32,0.22,0.0,0.0,85.08,8.41,9.3,10.14,0.18,
24,2025-10-02 05:00:00,0.88,0.05,0.0,0.0,90.18,7.14,7.5,7.84,0.1,
24,2025-10-02 06:00:00,2.9,0.82,0.05,0.0,83.78,8.4,9.27,9.61,0.19,
24,2025-10-02 07:00:00,1.7,0.43,70.01,0.0,85.9,7.39,8.73,9.78,0.16,
24,2025-10-02 08:00:00,2.75,0.65,257.4,0.0,77.63,8.85,11.02,12.35,0.3,
24,2025-10-02 09:00:00,2.45,1.07,430.7,0.0,68.15,12.89,13.82,14.67,0.51,
24,2025-10-02 10:00:00,2.22,0.84,632.3,0.0,61.78,15.61,16.48,17.27,0.72,
24,2025-10-02 11:00:00,3.35,1.62,773.2,0.0,55.39,17.91,18.75,19.71,0.97,
24,2025-10-02 12:00:00,3.35,1.71,864.0,0.0,47.01,20.08,21.05,22.1,1.33,
24,2025-10-02 13:00:00,4.32,2.05,852.0,0.0,42.73,22.67,23.14,23.68,1.62,
24,2025-10-02 14:00:00,4.92,2.92,915.0,0.0,39.44,23.55,24.28,24.62,1.84,
24,2025-10-02 15:00:00,5.6,3.42,770.6,0.0,41.87,24.37,24.82,25.1,1.82,
24,2025-10-02 16:00:00,6.28,3.81,666.7,0.0,33.95,25.35,25.58,25.72,2.17,
24,2025-10-02 17:00:00,5.22,3.29,490.1,0.0,32.35,25.35,25.66,25.93,2.23,
24,2025-10-02 18:00:00,4.47,2.71,289.3,0.0,36.04,24.2,24.91,25.32,2.02,
24,2025-10-02 19:00:00,4.4,2.64,60.11,0.0,39.4,21.59,22.43,23.37,1.64,
24,2025-10-02 20:00:00,3.65,1.32,0.2,0.0,46.48,18.46,20.04,21.28,1.27,
24,2025-10-02 21:00:00,1.1,0.12,0.0,0.0,70.69,13.65,15.01,16.43,0.51,
24,2025-10-02 22:00:00,1.4,0.21,0.0,0.0,75.32,11.96,12.97,13.58,0.37,
24,2025-10-02 23:00:00,0.88,0.06,0.0,0.0,79.59,11.14,11.6,11.91,0.28,
24,2025-10-03 00:00:00,0.95,0.05,0.0,0.0,83.95,10.03,10.64,11.03,0.21,
24,2025-10-03 01:00:00,0.8,0.05,0.0,0.0,86.4,9.1,9.35,9.76,0.16,
24,2025-10-03 02:00:00,0.72,0.03,0.0,0.0,87.63,8.14,8.81,9.32,0.14,
24,2025-10-03 03:00:00,1.55,0.11,0.0,0.0,88.5,8.34,8.49,8.68,0.13,
24,2025-10-03 04:00:00,1.32,0.05,0.0,0.0,88.6,8.05,8.5,8.99,0.13,
24,2025-10-03 05:00:00,0.65,0.01,0.0,0.0,91.05,7.3,7.55,7.86,0.09,
24,2025-10-03 06:00:00,0.0,0.0,0.04,0.0,91.25,7.16,7.4,7.58,0.09,
24,2025-10-03 07:00:00,0.88,0.04,47.15,0.0,92.35,6.87,7.12,7.36,0.08,
24,2025-10-03 08:00:00,0.88,0.03,251.0,0.0,75.62,8.69,11.55,13.52,0.34,
24,2025-10-03 09:00:00,1.7,0.69,441.5,0.0,65.16,14.18,14.96,15.68,0.59,
24,2025-10-03 10:00:00,2.22,0.98,620.4,0.0,60.26,16.24,17.09,17.89,0.78,
24,2025-10-03 11:00:00,3.58,1.38,755.2,0.0,57.38,18.65,19.19,19.51,0.95,
24,2025-10-03 12:00:00,4.4,2.01,825.0,0.0,56.02,19.69,20.15,20.62,1.04,
24,2025-10-03 13:00:00,4.4,2.35,843.0,0.0,58.27,20.86,20.91,20.99,1.03,
24,2025-10-03 14:00:00,5.15,2.63,839.0,0.0,58.4,20.91,21.1,21.32,1.04,
24,2025-10-03 15:00:00,6.2,3.3,759.9,0.0,61.98,19.61,20.01,20.57,0.89,
24,2025-10-03 16:00:00,7.25,3.73,618.0,0.0,62.46,17.32,18.31,19.31,0.79,
24,2025-10-03 17:00:00,6.42,3.47,464.0,0.0,66.74,15.61,16.22,16.92,0.61,
24,2025-10-03 18:00:00,6.35,2.98,257.2,0.0,69.9,13.43,14.41,15.12,0.49,
24,2025-10-03 19:00:00,5.6,2.42,33.38,0.0,74.9,12.66,12.86,13.11,0.37,
24,2025-10-03 20:00:00,4.4,2.33,0.15,0.0,78.58,12.09,12.24,12.44,0.31,
24,2025-10-03 21:00:00,5.08,2.3,0.0,0.0,80.06,11.95,11.99,12.05,0.28,
24,2025-10-03 22:00:00,2.68,1.17,0.0,0.0,79.3,11.98,12.07,12.13,0.29,
24,2025-10-03 23:00:00,2.3,1.16,0.0,0.0,82.48,11.48,11.84,12.08,0.25,
24,2025-10-04 00:00:00,1.7,0.78,0.0,0.0,92.13,10.76,10.96,11.21,0.1,
24,2025-10-04 01:00:00,2.0,0.8,0.0,0.1,94.83,10.74,10.76,10.77,0.07,
24,2025-10-04 02:00:00,1.62,0.54,0.0,0.1,94.55,10.79,10.81,10.83,0.07,
24,2025-10-04 03:00:00,2.0,0.8,0.0,0.0,92.98,10.79,10.82,10.84,0.09,
24,2025-10-04 04:00:00,3.8,1.48,0.0,0.1,91.15,10.79,10.83,10.86,0.12,
24,2025-10-04 05:00:00,2.6,0.94,0.0,0.0,91.0,10.77,10.89,11.02,0.12,
24,2025-10-04 06:00:00,1.62,0.64,0.03,0.0,91.4,10.85,10.91,10.98,0.11,
24,2025-10-04 07:00:00,2.6,1.15,14.28,0.0,91.65,10.86,10.88,10.91,0.11,
24,2025-10-04 08:00:00,2.22,1.2,60.23,0.0,91.2,11.0,11.16,11.39,0.12,
24,2025-10-04 09:00:00,4.03,1.84,119.7,0.0,84.4,11.54,11.76,11.91,0.21,
24,2025-10-04 10:00:00,3.5,2.0,255.4,0.0,79.74,12.34,12.48,12.6,0.3,
24,2025-10-04 11:00:00,3.42,1.66,870.0,0.0,73.95,12.91,13.77,14.88,0.41,
24,2025-10-04 12:00:00,3.72,1.76,1038.0,0.0,63.59,15.6,16.2,16.79,0.67,
24,2025-10-04 13:00:00,5.22,2.17,982.0,0.0,56.98,16.76,17.4,18.09,0.86,
24,2025-10-04 14:00:00,6.35,3.37,910.0,0.0,56.82,16.69,17.23,17.76,0.85,
24,2025-10-04 15:00:00,7.7,4.06,627.0,0.0,59.61,15.37,15.93,16.46,0.74,
24,2025-10-04 16:00:00,6.65,3.7,217.2,0.0,63.41,14.55,14.9,15.16,0.62,
24,2025-10-04 17:00:00,6.28,3.03,140.6,0.0,67.1,13.92,14.13,14.34,0.53,
24,2025-10-04 18:00:00,4.85,2.01,63.58,0.0,70.87,12.74,13.16,13.55,0.44,
24,2025-10-04 19:00:00,4.62,1.46,11.33,0.0,72.0,12.02,12.26,12.54,0.4,
24,2025-10-04 20:00:00,5.08,1.15,0.03,0.0,77.0,11.22,11.38,11.72,0.31,
24,2025-10-04 21:00:00,2.3,0.51,0.0,0.0,79.77,11.09,11.14,11.17,0.27,
24,2025-10-04 22:00:00,1.48,0.4,0.0,0.9,88.58,10.33,10.64,10.99,0.15,
24,2025-10-04 23:00:00,1.18,0.15,0.0,2.3,91.23,10.04,10.14,10.26,0.11,
24,2025-10-05 00:00:00,2.3,0.47,0.0,3.3,93.58,9.13,9.56,9.99,0.08,
24,2025-10-05 01:00:00,4.85,2.15,0.0,4.5,93.55,8.96,9.05,9.22,0.07,
24,2025-10-05 02:00:00,4.18,2.42,0.0,1.5,83.23,8.84,8.92,9.08,0.19,
24,2025-10-05 03:00:00,3.72,1.39,0.0,0.6,80.19,8.13,8.34,8.5,0.22,
24,2025-10-05 04:00:00,2.52,0.39,0.0,0.4,88.2,7.77,7.79,7.82,0.13,
24,2025-10-05 05:00:00,3.72,1.29,0.0,0.8,84.86,7.6,7.66,7.73,0.16,
24,2025-10-05 06:00:00,3.58,1.55,0.05,0.8,83.85,7.43,7.58,7.75,0.17,
24,2025-10-05 07:00:00,2.15,0.8,22.68,1.1,92.18,7.31,7.38,7.45,0.08,
24,2025-10-05 08:00:00,2.45,0.75,55.0,1.1,92.43,7.43,7.52,7.58,0.08,
24,2025-10-05 09:00:00,2.15,0.83,251.6,0.0,85.85,7.85,8.74,9.52,0.16,
24,2025-10-05 10:00:00,2.0,0.53,352.4,0.6,81.36,8.9,9.18,9.59,0.22,
24,2025-10-05 11:00:00,3.5,0.7,812.0,0.0,73.25,10.16,11.28,12.04,0.36,
24,2025-10-05 12:00:00,4.18,1.96,911.0,0.0,61.34,12.59,13.11,13.6,0.59,
24,2025-10-05 13:00:00,3.5,1.91,862.0,0.0,54.51,13.23,13.62,14.31,0.71,
24,2025-10-05 14:00:00,4.4,2.47,860.0,0.0,51.31,13.38,14.2,14.7,0.79,
24,2025-10-05 15:00:00,4.1,1.62,817.0,0.0,43.71,15.05,15.36,15.84,0.99,
24,2025-10-05 16:00:00,3.05,1.19,689.0,0.0,44.48,16.01,16.05,16.12,1.01,
24,2025-10-05 17:00:00,3.72,1.29,516.5,0.0,39.36,16.24,16.38,16.56,1.13,
24,2025-10-05 18:00:00,5.15,2.35,316.7,0.0,47.24,15.04,15.67,16.0,0.94,
24,2025-10-05 19:00:00,4.18,2.37,57.86,0.0,55.56,13.14,13.84,14.55,0.71,
24,2025-10-05 20:00:00,3.28,1.85,0.6,0.0,58.4,11.92,12.3,12.77,0.6,
24,2025-10-05 21:00:00,6.35,2.37,0.0,0.0,63.87,10.87,11.21,11.44,0.48,
24,2025-10-05 22:00:00,5.08,3.41,0.0,0.0,73.86,9.87,10.31,10.91,0.33,
24,2025-10-05 23:00:00,5.15,3.15,0.0,0.0,78.22,9.23,9.44,9.68,0.26,
24,2025-10-06 00:00:00,5.08,2.84,0.0,0.0,81.15,8.47,8.77,9.02,0.22,
24,2025-10-06 01:00:00,6.05,3.0,0.0,0.0,83.13,8.13,8.2,8.31,0.19,
24,2025-10-06 02:00:00,6.65,3.94,0.0,0.0,85.98,7.33,7.85,8.24,0.15,
24,2025-10-06 03:00:00,5.9,3.02,0.0,0.0,90.83,6.22,6.59,7.07,0.09,
24,2025-10-06 04:00:00,5.75,3.19,0.0,0.0,90.03,5.94,6.04,6.15,0.09,
24,2025-10-06 05:00:00,4.55,1.84,0.0,0.0,91.28,5.11,5.59,5.94,0.08,
24,2025-10-06 06:00:00,2.08,0.55,0.28,0.0,92.6,2.84,3.55,4.58,0.06,
24,2025-10-06 07:00:00,1.78,0.45,98.2,0.0,91.85,2.97,3.65,4.39,0.07,
24,2025-10-06 08:00:00,2.9,1.26,283.1,0.0,82.95,4.97,5.6,6.15,0.16,
24,2025-10-06 09:00:00,3.12,1.81,489.0,0.0,75.07,6.65,7.4,8.19,0.26,
24,2025-10-06 10:00:00,5.3,2.76,663.8,0.0,70.54,8.74,9.44,9.95,0.35,
24,2025-10-06 11:00:00,5.38,3.57,799.8,0.0,65.64,10.14,10.71,11.32,0.45,
24,2025-10-06 12:00:00,6.05,3.86,880.0,0.0,54.28,11.82,12.5,13.16,0.66,
24,2025-10-06 13:00:00,7.1,4.53,900.0,0.0,50.39,13.67,14.24,14.7,0.81,
24,2025-10-06 14:00:00,7.32,4.67,888.0,0.0,55.92,14.94,15.36,15.77,0.77,
24,2025-10-06 15:00:00,7.1,4.18,815.0,0.0,53.49,16.23,16.63,17.25,0.88,
24,2025-10-06 16:00:00,7.55,4.2,687.0,0.0,47.6,17.65,17.79,17.9,1.07,
24,2025-10-06 17:00:00,7.32,4.15,513.0,0.0,48.55,17.96,18.02,18.05,1.06,
24,2025-10-06 18:00:00,6.42,3.9,306.8,0.0,49.18,17.28,17.7,17.94,1.03,
24,2025-10-06 19:00:00,5.75,2.86,65.45,0.0,53.76,15.26,16.09,16.87,0.85,
24,2025-10-06 20:00:00,4.25,2.38,0.71,0.0,59.85,14.12,14.59,14.98,0.67,
24,2025-10-06 21:00:00,3.8,2.05,0.0,0.0,62.69,13.81,13.94,14.09,0.6,
24,2025-10-06 22:00:00,3.28,1.77,0.0,0.0,67.02,12.75,13.26,13.6,0.51,
24,2025-10-06 23:00:00,4.03,1.77,0.0,0.0,72.9,10.4,11.35,12.22,0.37,
24,2025-10-07 00:00:00,4.1,1.37,0.0,0.0,75.12,10.64,11.32,11.89,0.34,
24,2025-10-07 01:00:00,4.03,1.2,0.0,0.0,81.47,8.26,9.43,10.26,0.22,
24,2025-10-07 02:00:00,5.45,1.96,0.0,0.0,81.01,9.52,9.95,10.39,0.24,
24,2025-10-07 03:00:00,2.22,0.64,0.0,0.0,86.3,6.44,8.19,9.5,0.15,
24,2025-10-07 04:00:00,3.2,0.79,0.0,0.0,92.5,5.82,6.84,8.24,0.08,
24,2025-10-07 05:00:00,1.18,0.11,0.0,0.0,92.1,4.53,5.96,7.68,0.07,
24,2025-10-07 06:00:00,0.95,0.08,0.33,0.0,94.18,3.97,4.47,4.94,0.05,
24,2025-10-07 07:00:00,5.6,1.25,85.1,0.0,94.15,3.34,5.12,7.58,0.06,
24,2025-10-07 08:00:00,3.65,2.07,207.2,0.0,90.95,7.68,8.14,8.34,0.1,
24,2025-10-07 09:00:00,4.7,2.98,386.8,0.0,88.08,8.5,8.87,9.19,0.14,
24,2025-10-07 10:00:00,4.85,2.87,713.0,0.0,78.62,9.36,10.26,11.51,0.27,
24,2025-10-07 11:00:00,5.38,2.78,823.0,0.0,59.68,12.51,13.61,14.38,0.63,
24,2025-10-07 12:00:00,6.12,3.85,956.0,0.0,58.3,13.59,14.24,14.87,0.68,
24,2025-10-07 13:00:00,6.42,3.96,930.0,0.0,52.02,15.51,16.02,16.6,0.88,
24,2025-10-07 14:00:00,5.15,3.4,871.0,0.0,45.5,16.46,17.23,18.18,1.08,
24,2025-10-07 15:00:00,5.3,3.47,780.1,0.0,44.17,18.2,18.64,19.02,1.2,
24,2025-10-07 16:00:00,4.47,2.88,699.6,0.0,39.44,19.4,19.78,20.13,1.4,
24,2025-10-07 17:00:00,5.15,3.18,522.8,0.0,39.84,19.85,19.95,20.07,1.4,
24,2025-10-07 18:00:00,4.85,2.78,312.7,0.0,45.13,19.19,19.44,19.65,1.24,
24,2025-10-07 19:00:00,3.65,1.83,64.81,0.0,50.29,17.1,17.96,18.8,1.03,
24,2025-10-07 20:00:00,2.0,0.46,0.85,0.0,63.76,13.89,15.34,16.57,0.64,
24,2025-10-07 21:00:00,1.02,0.05,0.0,0.0,75.53,11.86,12.45,13.09,0.35,
24,2025-10-07 22:00:00,1.4,0.14,0.0,0.0,78.75,10.99,11.26,11.47,0.29,
24,2025-10-07 23:00:00,1.55,0.24,0.0,0.0,81.95,10.49,10.61,10.86,0.23,
24,2025-10-08 00:00:00,1.62,0.44,0.0,0.0,84.4,9.39,9.64,9.96,0.19,
24,2025-10-08 01:00:00,1.02,0.09,0.0,0.0,88.6,8.08,8.73,9.35,0.13,
24,2025-10-08 02:00:00,0.8,0.06,0.0,0.0,92.68,7.18,7.47,7.8,0.08,
24,2025-10-08 03:00:00,4.78,2.56,0.0,0.0,82.48,11.28,11.97,12.39,0.25,
24,2025-10-08 04:00:00,3.8,1.41,0.0,0.0,84.1,10.34,11.0,11.78,0.21,
24,2025-10-08 05:00:00,1.48,0.34,0.0,0.0,89.23,7.42,8.29,9.64,0.12,
24,2025-10-08 06:00:00,1.18,0.04,0.47,0.0,92.23,5.84,6.54,6.87,0.08,
24,2025-10-08 07:00:00,0.95,0.02,103.4,0.0,93.43,5.01,5.61,6.9,0.06,
24,2025-10-08 08:00:00,2.08,0.71,278.2,0.0,83.4,8.58,9.46,10.2,0.2,
24,2025-10-08 09:00:00,2.82,1.06,493.9,0.0,76.55,11.11,12.02,12.86,0.33,
24,2025-10-08 10:00:00,2.9,1.25,666.9,0.0,75.33,13.53,14.05,14.59,0.39,
24,2025-10-08 11:00:00,4.4,2.37,801.0,0.0,70.14,15.03,16.03,16.72,0.54,
24,2025-10-08 12:00:00,5.22,3.44,880.0,0.0,66.53,16.81,17.11,17.44,0.65,
24,2025-10-08 13:00:00,5.82,3.61,897.0,0.0,63.45,17.71,18.34,18.92,0.77,
24,2025-10-08 14:00:00,5.45,3.36,888.0,0.0,56.23,19.34,20.26,21.12,1.05,
24,2025-10-08 15:00:00,4.78,3.07,824.0,0.0,45.07,21.79,22.57,23.19,1.51,
24,2025-10-08 16:00:00,5.75,3.38,698.5,0.0,44.11,23.41,23.5,23.57,1.62,
24,2025-10-08 17:00:00,5.68,3.41,525.5,0.0,41.53,22.88,23.16,23.3,1.66,
24,2025-10-08 18:00:00,4.62,2.76,319.7,0.0,44.47,22.03,22.52,22.92,1.52,
24,2025-10-08 19:00:00,3.72,1.75,75.29,0.0,54.36,19.48,20.47,21.54,1.1,
24,2025-10-08 20:00:00,3.95,2.21,0.78,0.0,54.68,18.41,18.77,19.23,0.99,
24,2025-10-08 21:00:00,2.38,0.99,0.0,0.0,67.87,14.55,16.23,17.73,0.6,
24,2025-10-08 22:00:00,2.45,0.98,0.0,0.0,76.11,13.0,13.35,13.89,0.37,
24,2025-10-08 23:00:00,2.22,0.32,0.0,0.0,77.7,12.2,12.81,13.46,0.33,
24,2025-10-09 00:00:00,1.18,0.11,0.0,0.0,82.07,10.59,11.73,12.44,0.25,
24,2025-10-09 01:00:00,0.95,0.12,0.0,0.0,90.35,9.7,9.93,10.12,0.12,
24,2025-10-09 02:00:00,0.95,0.11,0.0,0.0,91.75,9.13,9.28,9.53,0.1,
24,2025-10-09 03:00:00,0.8,0.06,0.0,0.0,92.63,8.25,8.5,8.82,0.08,
24,2025-10-09 04:00:00,1.92,0.2,0.0,0.0,92.45,8.06,8.49,8.94,0.08,
24,2025-10-09 05:00:00,1.32,0.16,0.0,0.0,90.38,8.68,8.85,9.06,0.11,
24,2025-10-09 06:00:00,1.02,0.11,0.4,0.0,92.48,7.19,7.83,8.25,0.08,
24,2025-10-09 07:00:00,0.35,0.0,106.3,0.0,92.33,7.01,7.48,8.71,0.08,
24,2025-10-09 08:00:00,2.08,0.4,279.1,0.0,79.28,10.26,11.99,13.28,0.3,
24,2025-10-09 09:00:00,2.98,0.84,461.7,0.0,66.27,14.55,15.14,15.54,0.58,
24,2025-10-09 10:00:00,3.42,1.55,666.3,0.0,62.48,16.25,17.31,18.24,0.74,
24,2025-10-09 11:00:00,5.22,2.62,801.0,0.0,60.01,18.91,19.51,20.03,0.91,
24,2025-10-09 12:00:00,6.05,3.68,865.0,0.0,56.28,20.11,20.67,21.23,1.07,
24,2025-10-09 13:00:00,7.18,3.92,885.0,0.0,45.73,21.56,22.11,22.58,1.45,
24,2025-10-09 14:00:00,6.72,4.38,870.0,0.0,41.35,23.03,23.34,23.54,1.68,
24,2025-10-09 15:00:00,7.4,4.3,765.5,0.0,38.38,23.7,23.89,24.08,1.83,
24,2025-10-09 16:00:00,6.72,4.33,650.1,0.0,33.08,23.8,23.91,24.07,1.99,
24,2025-10-09 17:00:00,6.12,3.87,410.5,0.0,34.52,23.61,23.67,23.78,1.92,
24,2025-10-09 18:00:00,5.6,3.31,253.3,0.0,38.07,22.38,22.96,23.51,1.74,
24,2025-10-09 19:00:00,5.3,2.85,69.71,0.0,41.44,20.39,21.18,21.9,1.48,
24,2025-10-09 20:00:00,3.88,1.72,0.48,0.0,48.8,18.27,19.18,19.86,1.14,
24,2025-10-09 21:00:00,1.7,0.33,0.0,0.0,68.69,14.83,15.96,17.48,0.58,
24,2025-10-09 22:00:00,1.32,0.08,0.0,0.0,80.32,12.78,13.61,14.41,0.31,
24,2025-10-09 23:00:00,1.02,0.07,0.0,0.0,85.5,11.27,11.8,12.21,0.2,
24,2025-10-10 00:00:00,0.8,0.05,0.0,0.0,85.18,11.17,11.39,11.93,0.2,
24,2025-10-10 01:00:00,1.25,0.24,0.0,0.0,87.73,10.02,10.83,11.28,0.16,
24,2025-10-10 02:00:00,0.0,0.0,0.0,0.0,89.88,9.74,9.96,10.22,0.13,
24,2025-10-10 03:00:00,0.72,0.03,0.0,0.0,92.4,8.67,8.96,9.51,0.09,
24,2025-10-10 04:00:00,0.8,0.03,0.0,0.0,90.2,8.77,9.3,9.81,0.12,
24,2025-10-10 05:00:00,1.32,0.06,0.0,0.0,91.23,8.29,8.96,9.37,0.1,
24,2025-10-10 06:00:00,0.65,0.01,0.3,0.0,93.15,7.62,7.81,7.92,0.07,
24,2025-10-10 07:00:00,0.0,0.0,77.51,0.0,94.03,7.35,7.87,8.68,0.06,
24,2025-10-10 08:00:00,0.95,0.05,227.6,0.0,82.93,9.6,11.58,13.2,0.24,
24,2025-10-10 09:00:00,1.7,0.66,443.1,0.0,71.99,13.53,14.47,15.33,0.47,
24,2025-10-10 10:00:00,2.68,1.1,622.5,0.0,65.01,15.78,16.29,16.62,0.65,
24,2025-10-10 11:00:00,3.28,1.48,730.5,0.0,64.88,17.32,17.68,17.93,0.71,
24,2025-10-10 12:00:00,3.65,2.13,815.0,0.0,58.29,18.26,18.93,19.45,0.91,
24,2025-10-10 13:00:00,3.88,2.47,806.0,0.0,60.07,19.53,19.71,19.9,0.92,
24,2025-10-10 14:00:00,4.4,2.63,804.0,0.0,57.33,20.1,20.76,21.37,1.05,
24,2025-10-10 15:00:00,5.08,2.82,781.9,0.0,53.09,21.57,21.72,22.0,1.22,
24,2025-10-10 16:00:00,4.78,2.88,692.1,0.0,51.95,21.79,21.98,22.25,1.27,
24,2025-10-10 17:00:00,5.45,2.79,518.2,0.0,51.28,21.41,21.55,21.66,1.26,
24,2025-10-10 18:00:00,5.3,2.78,309.9,0.0,55.94,19.66,20.47,21.11,1.07,
24,2025-10-10 19:00:00,6.28,3.25,82.1,0.0,65.55,16.68,17.97,19.12,0.72,
24,2025-10-10 20:00:00,3.12,1.2,1.06,0.0,73.22,14.52,15.27,16.25,0.47,
24,2025-10-10 21:00:00,2.75,0.68,0.0,0.0,73.98,13.28,13.77,14.16,0.41,
24,2025-10-10 22:00:00,4.25,1.72,0.0,0.0,73.26,12.4,12.51,12.65,0.39,
24,2025-10-10 23:00:00,3.88,1.54,0.0,0.0,74.93,11.94,12.09,12.28,0.36,
24,2025-10-11 00:00:00,6.28,2.25,0.0,0.0,76.98,11.19,11.58,11.85,0.32,
24,2025-10-11 01:00:00,3.2,0.82,0.0,0.0,80.98,10.94,10.99,11.03,0.25,
24,2025-10-11 02:00:00,1.55,0.27,0.0,0.0,81.1,11.01,11.06,11.08,0.25,
24,2025-10-11 03:00:00,1.78,0.38,0.0,0.0,83.0,10.71,10.8,10.94,0.22,
24,2025-10-11 04:00:00,3.12,0.97,0.0,0.0,80.13,10.55,10.85,11.09,0.26,
24,2025-10-11 05:00:00,3.42,1.11,0.0,0.0,83.85,9.23,9.88,10.42,0.2,
24,2025-10-11 06:00:00,8.22,3.1,0.46,0.0,82.14,8.34,8.61,8.72,0.2,
24,2025-10-11 07:00:00,6.58,3.38,40.02,0.0,84.7,7.85,8.11,8.56,0.16,
24,2025-10-11 08:00:00,4.4,2.39,255.6,0.0,78.59,8.29,8.9,9.98,0.25,
24,2025-10-11 09:00:00,4.03,1.5,434.8,0.0,70.15,10.85,11.25,11.75,0.4,
24,2025-10-11 10:00:00,3.05,1.73,672.2,0.0,60.32,12.09,13.19,13.9,0.61,
24,2025-10-11 11:00:00,3.95,1.81,803.0,0.0,56.09,14.5,15.1,15.97,0.76,
24,2025-10-11 12:00:00,6.58,3.57,884.0,0.0,48.47,16.45,16.59,16.76,0.97,
24,2025-10-11 13:00:00,6.95,4.57,901.0,0.0,46.12,16.78,16.97,17.14,1.05,
24,2025-10-11 14:00:00,7.48,4.71,894.0,0.0,46.3,17.2,17.38,17.71,1.07,
24,2025-10-11 15:00:00,6.95,4.5,827.0,0.0,43.57,17.52,17.8,18.06,1.15,
24,2025-10-11 16:00:00,7.48,4.48,701.9,0.0,39.21,17.91,18.16,18.28,1.27,
24,2025-10-11 17:00:00,6.65,4.37,529.1,0.0,33.07,18.19,18.26,18.37,1.41,
24,2025-10-11 18:00:00,7.1,4.36,324.5,0.0,31.37,17.21,17.68,18.0,1.39,
24,2025-10-11 19:00:00,7.25,4.09,84.3,0.0,39.05,14.9,15.79,16.76,1.1,
24,2025-10-11 20:00:00,6.2,3.48,1.46,0.0,44.16,13.59,13.98,14.43,0.89,
24,2025-10-11 21:00:00,5.82,3.31,0.0,0.0,47.87,12.49,12.94,13.41,0.78,
24,2025-10-11 22:00:00,4.4,2.64,0.0,0.0,55.77,11.24,11.68,12.2,0.61,
24,2025-10-11 23:00:00,4.18,2.11,0.0,0.0,62.14,10.52,10.88,11.17,0.5,
24,2025-10-12 00:00:00,5.68,3.02,0.0,0.0,68.76,9.89,10.14,10.41,0.39,
24,2025-10-12 01:00:00,5.15,2.82,0.0,0.0,75.57,8.85,9.17,9.53,0.28,
24,2025-10-12 02:00:00,5.45,2.96,0.0,0.0,80.88,8.18,8.38,8.62,0.21,
24,2025-10-12 03:00:00,5.9,3.76,0.0,0.0,86.38,7.42,7.74,8.01,0.15,
24,2025-10-12 04:00:00,6.05,3.55,0.0,0.0,89.8,6.85,6.98,7.18,0.1,
24,2025-10-12 05:00:00,5.08,2.19,0.0,0.0,90.28,6.07,6.44,6.74,0.1,
24,2025-10-12 06:00:00,2.9,0.82,1.21,0.0,91.83,4.07,5.3,6.09,0.07,
24,2025-10-12 07:00:00,3.35,1.5,126.8,0.0,91.03,5.69,5.85,6.01,0.08,
24,2025-10-12 08:00:00,3.88,1.96,199.2,0.0,89.68,6.15,6.6,6.78,0.1,
24,2025-10-12 09:00:00,4.18,2.4,604.9,0.0,85.45,6.96,7.72,8.48,0.16,
24,2025-10-12 10:00:00,4.55,2.51,688.0,0.0,78.94,8.71,9.31,10.02,0.25,
24,2025-10-12 11:00:00,3.42,1.79,822.0,0.0,68.13,10.68,11.75,13.04,0.44,
24,2025-10-12 12:00:00,5.15,2.85,903.0,0.0,55.18,13.72,14.67,15.38,0.75,
24,2025-10-12 13:00:00,5.75,3.19,921.0,0.0,46.17,16.54,17.53,18.41,1.09,
24,2025-10-12 14:00:00,5.52,3.63,910.0,0.0,40.08,18.61,19.08,19.64,1.33,
24,2025-10-12 15:00:00,6.05,3.58,841.0,0.0,34.79,19.83,20.16,20.47,1.54,
24,2025-10-12 16:00:00,6.2,3.65,711.0,0.0,31.48,20.69,20.85,20.97,1.69,
24,2025-10-12 17:00:00,5.98,3.87,536.1,0.0,32.06,20.87,20.91,20.95,1.68,
24,2025-10-12 18:00:00,5.22,3.32,330.6,0.0,32.3,20.0,20.48,20.83,1.63,
24,2025-10-12 19:00:00,4.78,2.92,74.96,0.0,39.28,17.66,18.56,19.56,1.3,
24,2025-10-12 20:00:00,4.7,2.55,1.6,0.0,44.56,16.13,16.62,17.25,1.05,
24,2025-10-12 21:00:00,4.03,2.26,0.0,0.0,54.0,14.56,15.19,15.97,0.8,
24,2025-10-12 22:00:00,2.9,1.5,0.0,0.0,62.06,13.23,13.56,14.15,0.59,
24,2025-10-12 23:00:00,2.0,0.6,0.0,0.0,74.9,9.35,10.63,12.68,0.33,
24,2025-10-13 00:00:00,1.78,0.44,0.0,0.0,79.14,8.58,8.99,9.41,0.24,
24,2025-10-13 01:00:00,4.18,1.28,0.0,0.0,67.1,10.05,11.59,12.35,0.45,
24,2025-10-13 02:00:00,4.55,1.89,0.0,0.0,70.29,10.76,11.48,12.37,0.41,
24,2025-10-13 03:00:00,5.45,3.22,0.0,0.0,73.69,10.89,11.33,11.68,0.36,
24,2025-10-13 04:00:00,4.47,1.79,0.0,0.0,80.47,9.73,10.18,10.58,0.25,
24,2025-10-13 05:00:00,2.22,0.83,0.0,0.0,82.68,8.29,8.73,9.25,0.2,
24,2025-10-13 06:00:00,4.55,1.32,1.44,0.0,86.45,7.04,8.28,8.87,0.15,
24,2025-10-13 07:00:00,2.6,0.96,102.1,0.0,86.5,6.59,7.91,8.84,0.15,
24,2025-10-13 08:00:00,3.5,1.71,292.7,0.0,83.8,9.04,9.38,9.85,0.19,
24,2025-10-13 09:00:00,3.58,1.87,508.2,0.0,76.76,10.4,11.1,11.68,0.31,
24,2025-10-13 10:00:00,3.5,1.79,685.2,0.0,70.22,11.87,12.91,14.29,0.45,
24,2025-10-13 11:00:00,4.1,1.95,816.0,0.0,56.06,14.78,16.05,17.14,0.81,
24,2025-10-13 12:00:00,4.4,2.61,895.0,0.0,47.48,17.82,18.65,19.2,1.13,
24,2025-10-13 13:00:00,5.52,3.3,912.0,0.0,47.14,19.77,20.2,20.81,1.25,
24,2025-10-13 14:00:00,6.2,3.87,906.0,0.0,44.06,21.05,21.29,21.48,1.42,
24,2025-10-13 15:00:00,7.25,4.44,836.0,0.0,45.21,21.18,21.31,21.57,1.39,
24,2025-10-13 16:00:00,6.28,4.08,705.0,0.0,40.73,21.51,21.68,21.83,1.54,
24,2025-10-13 17:00:00,6.28,3.98,530.2,0.0,34.9,21.72,21.78,21.85,1.7,
24,2025-10-13 18:00:00,5.9,3.67,324.4,0.0,37.99,20.28,20.99,21.52,1.54,
24,2025-10-13 19:00:00,5.68,3.32,63.47,0.0,47.69,17.92,18.76,19.67,1.14,
24,2025-10-13 20:00:00,5.38,2.71,1.59,0.0,54.4,16.58,16.97,17.6,0.88,
24,2025-10-13 21:00:00,3.12,0.89,0.0,0.0,62.84,13.18,15.25,16.58,0.65,
24,2025-10-13 22:00:00,2.45,0.62,0.0,0.0,71.06,11.25,12.49,13.45,0.42,
24,2025-10-13 23:00:00,2.75,0.59,0.0,0.0,72.43,11.11,11.75,12.16,0.38,
24,2025-10-14 00:00:00,2.68,0.26,0.0,0.0,77.86,10.38,10.61,10.78,0.28,
24,2025-10-14 01:00:00,0.95,0.09,0.0,0.0,84.63,8.98,9.46,10.03,0.18,
24,2025-10-14 02:00:00,1.18,0.28,0.0,0.0,85.9,8.7,8.98,9.63,0.16,
24,2025-10-14 03:00:00,0.88,0.13,0.0,0.0,86.65,7.66,8.6,9.42,0.15,
24,2025-10-14 04:00:00,0.0,0.0,0.0,0.0,91.28,7.1,7.27,7.37,0.09,
24,2025-10-14 05:00:00,0.8,0.03,0.0,0.0,92.38,6.68,6.77,6.85,0.08,
24,2025-10-14 06:00:00,1.02,0.12,1.48,0.0,93.35,5.74,6.09,6.47,0.06,
24,2025-10-14 07:00:00,0.5,0.01,112.1,0.0,91.75,6.59,7.07,8.3,0.09,
24,2025-10-14 08:00:00,1.18,0.12,277.1,0.0,75.55,10.3,11.78,12.77,0.34,
24,2025-10-14 09:00:00,1.85,0.66,500.0,0.0,66.9,13.27,14.17,14.9,0.54,
24,2025-10-14 10:00:00,1.78,0.5,671.0,0.0,60.91,15.68,16.65,17.59,0.74,
24,2025-10-14 11:00:00,2.45,1.12,802.0,0.0,58.67,18.31,18.51,18.82,0.88,
24,2025-10-14 12:00:00,3.35,1.14,876.0,0.0,52.52,19.25,20.01,20.61,1.11,
24,2025-10-14 13:00:00,3.05,1.32,897.0,0.0,46.95,20.7,21.47,22.07,1.36,
24,2025-10-14 14:00:00,3.72,1.44,881.0,0.0,49.9,22.33,22.83,23.57,1.39,
24,2025-10-14 15:00:00,4.32,2.32,807.0,0.0,48.31,23.57,23.74,23.89,1.52,
24,2025-10-14 16:00:00,4.4,2.02,674.1,0.0,46.34,23.58,23.98,24.27,1.6,
24,2025-10-14 17:00:00,5.38,2.25,514.4,0.0,50.73,22.04,22.94,24.05,1.39,
24,2025-10-14 18:00:00,5.9,2.72,311.0,0.0,61.66,18.67,19.91,21.43,0.9,
24,2025-10-14 19:00:00,2.3,0.86,66.42,0.0,69.14,16.24,17.38,18.39,0.62,
24,2025-10-14 20:00:00,2.98,0.69,1.62,0.0,78.41,14.15,14.73,15.57,0.36,
24,2025-10-14 21:00:00,2.0,0.22,0.0,0.0,83.35,13.06,13.46,13.78,0.26,
24,2025-10-14 22:00:00,1.62,0.36,0.0,0.0,87.53,11.97,12.31,12.67,0.18,
24,2025-10-14 23:00:00,1.48,0.3,0.0,0.0,89.28,11.77,11.87,11.96,0.15,
24,2025-10-15 00:00:00,1.18,0.06,0.0,0.0,90.13,11.27,11.77,12.21,0.14,
24,2025-10-15 01:00:00,2.9,0.78,0.0,0.0,88.43,12.27,12.38,12.45,0.17,
24,2025-10-15 02:00:00,2.15,0.6,0.0,0.0,90.05,12.05,12.13,12.19,0.14,
24,2025-10-15 03:00:00,1.78,0.36,0.0,0.0,94.63,11.58,11.74,11.9,0.07,
24,2025-10-15 04:00:00,2.45,0.73,0.0,0.1,95.6,10.95,11.33,11.54,0.06,
24,2025-10-15 05:00:00,2.08,0.94,0.0,0.2,95.85,10.74,10.78,10.83,0.06,
24,2025-10-15 06:00:00,2.75,1.42,0.39,0.0,96.08,10.52,10.61,10.73,0.05,
24,2025-10-15 07:00:00,2.82,1.2,20.79,0.0,96.18,10.48,10.52,10.55,0.05,
24,2025-10-15 08:00:00,2.6,1.31,113.6,0.0,95.6,10.61,10.81,11.08,0.06,
24,2025-10-15 09:00:00,3.42,1.93,234.6,0.0,91.15,11.26,11.46,11.67,0.12,
24,2025-10-15 10:00:00,3.12,1.75,347.1,0.0,87.23,11.84,12.26,12.85,0.18,
24,2025-10-15 11:00:00,4.85,2.4,488.0,0.0,80.8,13.1,13.78,14.49,0.31,
24,2025-10-15 12:00:00,5.98,3.37,930.0,0.0,72.26,15.1,15.56,16.2,0.49,
24,2025-10-15 13:00:00,5.75,2.69,774.1,0.0,68.81,16.11,16.3,16.5,0.58,
24,2025-10-15 14:00:00,5.45,2.41,945.0,0.0,64.2,16.99,17.37,17.96,0.71,
24,2025-10-15 15:00:00,5.52,2.4,824.0,0.0,59.22,18.02,18.7,19.36,0.88,
24,2025-10-15 16:00:00,6.12,3.49,700.7,0.0,55.11,19.63,19.84,20.05,1.04,
24,2025-10-15 17:00:00,5.82,3.59,518.4,0.0,55.72,19.82,19.93,20.05,1.03,
24,2025-10-15 18:00:00,5.22,3.01,320.7,0.0,56.34,19.61,19.87,20.06,1.01,
24,2025-10-15 19:00:00,4.18,2.32,58.75,0.0,61.88,17.8,18.66,19.48,0.83,
24,2025-10-15 20:00:00,3.5,2.19,2.09,0.0,67.05,16.35,16.85,17.4,0.63,
24,2025-10-15 21:00:00,3.35,1.92,0.0,0.0,70.7,15.16,15.89,16.31,0.53,
24,2025-10-15 22:00:00,2.98,1.79,0.0,0.0,73.85,14.65,14.75,14.96,0.44,
24,2025-10-15 23:00:00,3.8,2.2,0.0,0.0,72.61,14.28,14.5,14.68,0.45,
24,2025-10-16 00:00:00,3.8,2.08,0.0,0.0,73.97,13.82,13.98,14.16,0.42,
24,2025-10-16 01:00:00,6.28,2.94,0.0,0.0,74.46,13.32,13.68,13.97,0.4,
24,2025-10-16 02:00:00,6.72,3.82,0.0,0.0,80.97,11.78,12.28,12.86,0.28,
24,2025-10-16 03:00:00,5.38,3.18,0.0,0.0,87.28,10.9,11.18,11.5,0.17,
24,2025-10-16 04:00:00,6.05,2.85,0.0,0.0,90.2,10.36,10.6,10.8,0.13,
24,2025-10-16 05:00:00,3.42,0.51,0.0,0.0,91.55,9.18,9.68,10.21,0.1,
24,2025-10-16 06:00:00,0.95,0.04,1.87,0.0,92.7,6.45,7.42,8.27,0.08,
24,2025-10-16 07:00:00,1.1,0.1,70.98,0.0,94.6,6.06,6.44,7.12,0.06,
24,2025-10-16 08:00:00,4.03,1.1,307.0,0.0,87.95,7.56,9.47,11.17,0.15,
24,2025-10-16 09:00:00,4.25,2.53,282.8,0.0,86.73,10.77,10.95,11.19,0.18,
24,2025-10-16 10:00:00,4.78,2.8,620.6,0.0,82.57,11.01,11.8,12.42,0.24,
24,2025-10-16 11:00:00,5.3,3.12,806.0,0.0,74.08,12.81,13.78,14.9,0.41,
24,2025-10-16 12:00:00,5.0,3.25,849.0,0.0,62.2,15.39,16.45,17.27,0.71,
24,2025-10-16 13:00:00,6.8,4.17,910.0,0.0,53.33,18.35,18.75,19.05,1.01,
24,2025-10-16 14:00:00,6.58,4.3,910.0,0.0,45.44,18.95,19.74,20.37,1.26,
24,2025-10-16 15:00:00,6.58,4.28,884.0,0.0,39.21,20.75,20.98,21.54,1.51,
24,2025-10-16 16:00:00,7.18,4.61,555.0,0.0,41.42,20.63,20.97,21.24,1.46,
24,2025-10-16 17:00:00,6.72,4.15,475.0,0.0,39.07,20.96,21.34,21.63,1.55,
24,2025-10-16 18:00:00,6.12,3.39,346.3,0.0,40.63,20.44,20.98,21.61,1.48,
24,2025-10-16 19:00:00,5.38,2.72,88.2,0.0,43.58,19.18,20.05,21.03,1.33,
24,2025-10-16 20:00:00,4.62,2.29,4.22,0.0,46.24,17.95,18.31,18.58,1.13,
24,2025-10-16 21:00:00,6.65,3.36,0.0,0.0,48.36,17.37,17.66,17.89,1.04,
24,2025-10-16 22:00:00,4.85,3.03,0.0,0.0,54.4,15.58,16.22,17.05,0.84,
24,2025-10-16 23:00:00,4.78,2.84,0.0,0.0,58.97,14.31,14.68,15.1,0.69,
24,2025-10-17 00:00:00,4.4,2.46,0.0,0.0,60.94,13.44,13.78,14.26,0.62,
24,2025-10-17 01:00:00,4.85,2.89,0.0,0.0,60.36,12.7,13.06,13.36,0.6,
24,2025-10-17 02:00:00,4.92,2.92,0.0,0.0,64.68,11.25,11.75,12.33,0.49,
24,2025-10-17 03:00:00,4.32,2.57,0.0,0.0,69.58,10.44,10.7,10.95,0.39,
24,2025-10-17 04:00:00,3.58,1.63,0.0,0.0,76.33,9.0,9.45,9.87,0.28,
24,2025-10-17 05:00:00,2.22,0.81,0.0,0.0,82.33,7.29,8.21,8.66,0.19,
24,2025-10-17 06:00:00,0.95,0.04,2.46,0.0,90.9,4.4,5.15,5.95,0.08,
24,2025-10-17 07:00:00,1.78,0.38,94.8,0.0,90.15,4.52,5.65,7.55,0.1,
24,2025-10-17 08:00:00,3.28,1.4,325.4,0.0,78.47,8.4,9.15,9.83,0.25,
24,2025-10-17 09:00:00,3.12,1.59,529.3,0.0,70.99,10.32,11.28,12.19,0.39,
24,2025-10-17 10:00:00,3.95,2.18,701.4,0.0,64.77,12.51,13.36,14.41,0.54,
24,2025-10-17 11:00:00,4.32,2.33,832.0,0.0,56.59,14.94,16.12,17.35,0.8,
24,2025-10-17 12:00:00,4.55,2.64,912.0,0.0,47.07,18.11,19.07,19.98,1.17,
24,2025-10-17 13:00:00,4.78,2.76,931.0,0.0,40.22,20.6,21.37,22.12,1.53,
24,2025-10-17 14:00:00,5.9,3.19,924.0,0.0,31.39,22.59,23.26,24.05,1.96,
24,2025-10-17 15:00:00,5.52,3.27,863.0,0.0,25.7,24.47,24.77,25.17,2.32,
24,2025-10-17 16:00:00,6.35,3.6,723.8,0.0,30.85,25.25,25.38,25.56,2.24,
24,2025-10-17 17:00:00,6.35,3.82,550.0,0.0,28.08,24.57,24.82,25.06,2.25,
24,2025-10-17 18:00:00,5.52,3.5,341.7,0.0,30.99,23.33,23.9,24.44,2.05,
24,2025-10-17 19:00:00,5.75,3.05,60.27,0.0,33.15,20.51,21.59,22.73,1.72,
24,2025-10-17 20:00:00,4.62,1.8,2.59,0.0,42.92,18.0,18.89,20.08,1.25,
24,2025-10-17 21:00:00,3.35,1.36,0.0,0.0,51.21,16.98,17.74,18.35,0.99,
24,2025-10-17 22:00:00,1.92,0.49,0.0,0.0,61.54,14.1,15.08,16.12,0.66,
24,2025-10-17 23:00:00,1.7,0.43,0.0,0.0,71.58,11.22,11.75,12.5,0.39,
24,2025-10-18 00:00:00,1.85,0.42,0.0,0.0,73.25,10.12,10.48,10.68,0.34,
24,2025-10-18 01:00:00,2.08,0.55,0.0,0.0,70.23,10.56,11.36,11.98,0.4,
24,2025-10-18 02:00:00,1.62,0.19,0.0,0.0,73.21,10.18,10.4,10.67,0.34,
24,2025-10-18 03:00:00,2.0,0.3,0.0,0.0,76.28,9.1,9.32,9.64,0.28,
24,2025-10-18 04:00:00,0.88,0.06,0.0,0.0,78.26,8.37,8.94,9.32,0.25,
24,2025-10-18 05:00:00,0.8,0.01,0.0,0.0,85.95,6.95,7.49,7.93,0.15,
24,2025-10-18 06:00:00,1.1,0.09,2.6,0.0,89.93,5.54,5.97,6.59,0.1,
24,2025-10-18 07:00:00,0.88,0.03,78.06,0.0,90.3,5.32,5.67,6.61,0.09,
24,2025-10-18 08:00:00,2.3,0.4,335.7,0.0,72.81,9.04,11.28,12.57,0.37,
24,2025-10-18 09:00:00,2.38,1.12,552.0,0.0,62.67,13.35,14.46,15.73,0.62,
24,2025-10-18 10:00:00,2.08,0.59,693.6,0.0,56.1,16.48,17.73,18.9,0.9,
24,2025-10-18 11:00:00,2.15,0.56,689.8,0.0,45.36,19.85,20.54,21.45,1.32,
24,2025-10-18 12:00:00,2.15,0.53,976.0,0.0,33.55,21.81,23.2,24.42,1.9,
24,2025-10-18 13:00:00,2.6,0.88,851.0,0.0,28.62,24.66,25.47,25.97,2.33,
24,2025-10-18 14:00:00,2.82,1.14,801.0,0.0,28.7,25.97,26.72,27.21,2.5,
24,2025-10-18 15:00:00,3.42,1.49,606.5,0.0,35.65,27.1,27.31,27.53,2.34,
24,2025-10-18 16:00:00,2.6,1.25,365.4,0.0,37.79,26.54,26.78,27.0,2.19,
24,2025-10-18 17:00:00,2.22,1.19,264.3,0.0,39.06,25.86,26.3,26.71,2.09,
24,2025-10-18 18:00:00,2.6,1.34,74.51,0.0,45.52,23.95,24.63,25.39,1.69,
24,2025-10-18 19:00:00,1.85,0.19,29.22,0.0,56.52,21.6,22.31,23.2,1.18,
24,2025-10-18 20:00:00,1.48,0.36,1.18,0.0,68.38,18.97,19.89,20.86,0.74,
24,2025-10-18 21:00:00,2.45,0.69,0.0,0.0,64.09,18.65,19.07,19.38,0.79,
24,2025-10-18 22:00:00,1.55,0.22,0.0,0.0,64.91,17.49,18.45,19.4,0.75,
24,2025-10-18 23:00:00,2.08,0.45,0.0,0.0,71.33,16.04,16.34,16.73,0.53,
24,2025-10-19 00:00:00,1.32,0.19,0.0,0.0,77.16,15.23,15.53,15.8,0.4,
24,2025-10-19 01:00:00,1.4,0.18,0.0,0.0,82.9,13.83,14.2,14.78,0.28,
24,2025-10-19 02:00:00,1.02,0.09,0.0,0.0,83.6,12.97,13.21,13.42,0.25,
24,2025-10-19 03:00:00,1.32,0.17,0.0,0.0,81.86,12.76,13.07,13.38,0.28,
24,2025-10-19 04:00:00,0.42,0.01,0.0,0.0,83.88,12.24,12.35,12.43,0.23,
24,2025-10-19 05:00:00,0.72,0.03,0.0,0.0,89.23,10.9,11.23,11.78,0.15,
24,2025-10-19 06:00:00,1.02,0.1,1.83,0.0,91.4,10.46,10.54,10.61,0.11,
24,2025-10-19 07:00:00,1.1,0.08,58.09,0.0,90.33,10.55,10.92,11.33,0.13,
24,2025-10-19 08:00:00,1.62,0.37,205.6,0.0,85.43,11.6,12.13,12.82,0.21,
24,2025-10-19 09:00:00,2.82,1.19,262.9,0.0,76.48,13.42,13.82,14.03,0.37,
24,2025-10-19 10:00:00,2.38,1.11,417.4,0.0,70.96,14.3,15.09,15.98,0.5,
24,2025-10-19 11:00:00,3.05,0.85,778.0,0.0,63.78,16.49,17.61,19.1,0.74,
24,2025-10-19 12:00:00,2.6,1.08,720.2,0.0,55.92,19.08,19.82,20.45,1.02,
24,2025-10-19 13:00:00,3.42,1.42,929.0,0.0,52.0,21.18,22.2,23.02,1.29,
24,2025-10-19 14:00:00,4.03,1.99,895.0,0.0,46.8,23.12,23.79,24.41,1.57,
24,2025-10-19 15:00:00,3.95,2.08,823.0,0.0,44.32,24.48,24.85,25.36,1.75,
24,2025-10-19 16:00:00,4.47,2.49,689.9,0.0,44.27,25.3,25.36,25.46,1.8,
24,2025-10-19 17:00:00,5.75,2.96,515.3,0.0,41.83,24.54,24.74,25.0,1.82,
24,2025-10-19 18:00:00,4.92,2.74,319.4,0.0,48.55,22.68,23.39,24.15,1.48,
24,2025-10-19 19:00:00,3.65,1.68,50.61,0.0,54.3,19.93,21.06,22.21,1.15,
24,2025-10-19 20:00:00,2.08,0.33,3.32,0.0,60.05,17.99,18.71,19.35,0.86,
24,2025-10-19 21:00:00,1.32,0.2,0.0,0.0,67.09,15.57,16.14,16.9,0.6,
24,2025-10-19 22:00:00,1.18,0.13,0.0,0.0,78.63,12.76,13.49,14.58,0.33,
24,2025-10-19 23:00:00,1.48,0.14,0.0,0.0,81.59,11.03,12.13,12.88,0.26,
24,2025-10-20 00:00:00,0.65,0.01,0.0,0.0,87.98,9.69,10.2,10.81,0.15,
24,2025-10-20 01:00:00,1.32,0.05,0.0,0.0,90.23,8.69,9.03,9.44,0.11,
24,2025-10-20 02:00:00,0.88,0.06,0.0,0.0,91.33,8.22,8.66,8.97,0.1,
24,2025-10-20 03:00:00,0.5,0.0,0.0,0.0,92.4,7.54,7.82,8.05,0.08,
24,2025-10-20 04:00:00,1.1,0.06,0.0,0.0,93.05,7.03,7.16,7.42,0.07,
24,2025-10-20 05:00:00,0.95,0.08,0.0,0.0,93.68,6.74,6.99,7.16,0.06,
24,2025-10-20 06:00:00,0.8,0.03,3.34,0.0,93.78,6.3,6.69,6.94,0.06,
24,2025-10-20 07:00:00,0.57,0.01,103.7,0.0,92.2,6.15,7.08,8.86,0.08,
24,2025-10-20 08:00:00,3.05,0.8,327.0,0.0,75.48,10.46,11.75,12.36,0.34,
24,2025-10-20 09:00:00,3.35,1.81,525.7,0.0,68.89,12.92,13.61,14.22,0.49,
24,2025-10-20 10:00:00,3.5,1.69,694.5,0.0,60.26,14.81,15.72,16.75,0.71,
24,2025-10-20 11:00:00,4.32,1.89,796.6,0.0,53.96,17.39,18.31,19.22,0.97,
24,2025-10-20 12:00:00,4.62,2.21,899.0,0.0,51.02,19.48,20.28,21.02,1.17,
24,2025-10-20 13:00:00,5.68,2.98,915.0,0.0,47.61,21.65,22.31,22.97,1.41,
24,2025-10-20 14:00:00,5.98,3.45,903.0,0.0,44.11,23.33,23.74,24.0,1.65,
24,2025-10-20 15:00:00,5.6,3.57,838.0,0.0,36.42,24.07,24.41,24.75,1.95,
24,2025-10-20 16:00:00,5.9,3.46,716.8,0.0,28.54,25.01,25.05,25.12,2.27,
24,2025-10-20 17:00:00,5.98,3.55,539.7,0.0,23.88,24.73,25.01,25.15,2.41,
24,2025-10-20 18:00:00,5.22,3.15,335.4,0.0,30.49,23.67,24.15,24.7,2.1,
24,2025-10-20 19:00:00,4.62,2.71,42.77,0.0,33.83,21.43,22.32,23.28,1.79,
24,2025-10-20 20:00:00,3.72,1.89,2.52,0.0,40.94,18.44,19.61,20.77,1.36,
24,2025-10-20 21:00:00,3.58,1.71,0.0,0.0,46.36,17.36,17.73,18.23,1.09,
24,2025-10-20 22:00:00,3.5,1.75,0.0,0.0,46.65,16.91,17.21,17.42,1.05,
24,2025-10-20 23:00:00,3.8,1.89,0.0,0.0,44.84,16.94,17.16,17.24,1.08,
24,2025-10-21 00:00:00,6.72,3.26,0.0,0.0,57.26,15.19,16.19,17.02,0.8,
24,2025-10-21 01:00:00,6.72,3.61,0.0,0.0,75.12,14.14,14.53,14.92,0.41,
24,2025-10-21 02:00:00,3.8,1.85,0.0,0.0,81.36,13.11,13.52,13.94,0.29,
24,2025-10-21 03:00:00,3.72,1.69,0.0,0.0,83.45,12.47,12.83,13.11,0.25,
24,2025-10-21 04:00:00,2.6,0.99,0.0,0.0,84.26,11.92,12.12,12.29,0.23,
24,2025-10-21 05:00:00,1.32,0.15,0.0,0.0,88.58,9.31,10.06,10.47,0.14,
24,2025-10-21 06:00:00,0.95,0.05,1.79,0.0,90.83,9.28,9.76,10.47,0.11,
24,2025-10-21 07:00:00,2.75,0.67,51.78,0.0,91.75,11.07,11.32,11.59,0.11,
24,2025-10-21 08:00:00,2.22,0.73,127.0,0.0,84.63,11.71,12.01,12.26,0.22,
24,2025-10-21 09:00:00,2.98,1.13,269.6,0.0,81.03,12.38,12.93,13.52,0.29,
24,2025-10-21 10:00:00,2.68,1.25,412.0,0.0,73.07,13.95,14.75,15.49,0.46,
24,2025-10-21 11:00:00,6.65,2.09,725.9,0.0,65.16,15.85,16.94,17.96,0.67,
24,2025-10-21 12:00:00,7.92,5.16,757.7,0.0,65.66,16.7,17.14,17.42,0.67,
24,2025-10-21 13:00:00,5.98,3.3,577.9,0.0,62.5,17.18,17.45,17.59,0.75,
24,2025-10-21 14:00:00,6.5,3.86,926.0,0.0,56.68,18.24,19.34,20.3,0.98,
24,2025-10-21 15:00:00,5.52,3.33,839.0,0.0,45.85,20.67,21.25,21.74,1.37,
24,2025-10-21 16:00:00,5.45,2.82,711.1,0.0,41.91,22.14,22.56,22.9,1.59,
24,2025-10-21 17:00:00,4.55,2.72,541.8,0.0,39.98,23.04,23.07,23.1,1.69,
24,2025-10-21 18:00:00,4.78,2.61,339.4,0.0,39.21,22.77,22.98,23.22,1.71,
24,2025-10-21 19:00:00,4.03,2.22,33.83,0.0,44.04,20.6,21.47,22.39,1.44,
24,2025-10-21 20:00:00,4.1,1.83,3.64,0.0,51.94,18.72,19.4,20.09,1.09,
24,2025-10-21 21:00:00,4.03,2.03,0.0,0.0,54.45,17.53,17.68,17.86,0.92,
24,2025-10-21 22:00:00,3.8,2.17,0.0,0.0,58.11,16.48,16.63,16.92,0.8,
24,2025-10-21 23:00:00,3.72,1.65,0.0,0.0,61.74,14.22,15.48,16.26,0.68,
24,2025-10-22 00:00:00,3.5,1.53,0.0,0.0,62.08,14.26,14.64,15.05,0.63,
24,2025-10-22 01:00:00,5.08,2.58,0.0,0.0,57.21,14.36,15.05,15.53,0.73,
24,2025-10-22 02:00:00,5.52,3.26,0.0,0.0,63.42,12.97,13.49,14.1,0.57,
24,2025-10-22 03:00:00,5.68,2.92,0.0,0.0,67.89,11.96,12.29,12.62,0.46,
24,2025-10-22 04:00:00,4.4,1.82,0.0,0.0,73.31,10.71,11.22,11.67,0.36,
24,2025-10-22 05:00:00,2.75,0.85,0.0,0.0,80.92,8.56,9.69,10.18,0.23,
24,2025-10-22 06:00:00,1.18,0.24,4.01,0.0,89.15,7.4,7.75,8.11,0.12,
24,2025-10-22 07:00:00,2.0,0.44,99.9,0.0,82.6,7.58,9.05,10.82,0.21,
24,2025-10-22 08:00:00,3.05,1.05,336.1,0.0,69.03,11.59,12.55,14.12,0.46,
24,2025-10-22 09:00:00,2.38,1.05,534.6,0.0,61.81,14.21,15.02,15.7,0.65,
24,2025-10-22 10:00:00,4.7,2.37,704.4,0.0,56.97,16.2,16.94,17.65,0.83,
24,2025-10-22 11:00:00,5.45,2.76,831.0,0.0,52.19,17.95,18.75,19.55,1.04,
24,2025-10-22 12:00:00,5.9,3.47,903.0,0.0,46.27,20.14,20.78,21.34,1.32,
24,2025-10-22 13:00:00,6.05,3.31,920.0,0.0,42.41,21.76,22.2,22.55,1.54,
24,2025-10-22 14:00:00,4.78,2.49,907.0,0.0,39.54,23.15,23.74,24.48,1.78,
24,2025-10-22 15:00:00,3.95,1.84,840.0,0.0,34.84,25.12,25.3,25.52,2.1,
24,2025-10-22 16:00:00,4.85,2.18,702.9,0.0,36.25,25.72,25.87,26.02,2.13,
24,2025-10-22 17:00:00,4.4,2.54,471.3,0.0,38.07,25.46,25.55,25.65,2.03,
24,2025-10-22 18:00:00,4.55,2.58,346.9,0.0,38.03,24.08,24.76,25.46,1.94,
24,2025-10-22 19:00:00,4.1,2.04,84.7,0.0,40.86,21.92,23.03,23.97,1.67,
24,2025-10-22 20:00:00,2.98,0.96,1.98,0.0,49.84,18.83,20.1,21.15,1.18,
24,2025-10-22 21:00:00,1.4,0.34,0.0,0.0,53.04,16.66,17.37,18.08,0.93,
24,2025-10-22 22:00:00,1.25,0.17,0.0,0.0,61.94,15.29,15.71,16.19,0.68,
24,2025-10-22 23:00:00,1.02,0.09,0.0,0.0,65.09,14.1,14.65,15.05,0.58,
24,2025-10-23 00:00:00,1.48,0.37,0.0,0.0,67.89,13.45,13.66,13.88,0.5,
24,2025-10-23 01:00:00,1.25,0.17,0.0,0.0,73.58,12.53,12.9,13.15,0.4,
24,2025-10-23 02:00:00,0.95,0.08,0.0,0.0,76.5,11.78,12.05,12.32,0.33,
24,2025-10-23 03:00:00,1.4,0.06,0.0,0.0,73.65,11.53,11.78,11.95,0.37,
24,2025-10-23 04:00:00,1.1,0.11,0.0,0.0,77.98,11.18,11.31,11.57,0.3,
24,2025-10-23 05:00:00,0.8,0.07,0.0,0.0,80.35,10.44,10.88,11.23,0.26,
24,2025-10-23 06:00:00,0.88,0.04,1.55,0.0,84.43,10.33,10.38,10.42,0.2,
24,2025-10-23 07:00:00,1.02,0.09,31.59,0.0,85.48,10.2,10.39,10.49,0.18,
24,2025-10-23 08:00:00,1.32,0.1,95.5,0.0,81.79,10.73,11.21,11.79,0.25,
24,2025-10-23 09:00:00,1.62,0.78,153.7,0.0,79.0,11.8,11.94,12.11,0.3,
24,2025-10-23 10:00:00,1.7,0.32,243.0,0.0,70.7,12.51,13.28,13.91,0.45,
24,2025-10-23 11:00:00,2.0,0.95,294.8,0.0,69.64,14.13,14.34,14.67,0.5,
24,2025-10-23 12:00:00,2.0,0.8,486.9,0.0,63.26,15.08,15.82,16.55,0.66,
24,2025-10-23 13:00:00,2.22,0.63,671.6,0.0,53.42,16.98,17.75,18.49,0.95,
24,2025-10-23 14:00:00,2.38,0.85,570.9,0.0,52.83,18.94,19.16,19.55,1.05,
24,2025-10-23 15:00:00,2.6,0.96,510.2,0.0,50.58,19.72,20.02,20.32,1.16,
24,2025-10-23 16:00:00,2.68,1.02,431.9,0.0,52.22,20.33,20.44,20.62,1.15,
24,2025-10-23 17:00:00,2.9,1.16,216.4,0.0,54.44,19.51,19.94,20.31,1.06,
24,2025-10-23 18:00:00,3.88,1.81,149.4,0.0,57.98,18.56,19.18,19.44,0.94,
24,2025-10-23 19:00:00,5.22,2.67,52.74,0.0,63.72,16.81,17.37,17.95,0.72,
24,2025-10-23 20:00:00,4.47,2.54,4.47,0.0,63.84,16.35,16.48,16.63,0.68,
24,2025-10-23 21:00:00,3.72,1.88,0.0,0.0,63.67,15.93,16.08,16.23,0.66,
24,2025-10-23 22:00:00,3.05,0.4,0.0,0.0,70.97,14.42,14.84,15.6,0.49,
24,2025-10-23 23:00:00,1.25,0.16,0.0,0.0,71.28,13.35,13.93,14.35,0.46,
24,2025-10-24 00:00:00,1.25,0.09,0.0,0.0,78.14,12.23,12.68,13.15,0.32,
24,2025-10-24 01:00:00,5.75,1.24,0.0,0.0,77.66,12.16,12.68,13.67,0.33,
24,2025-10-24 02:00:00,5.22,3.41,0.0,0.0,72.82,12.94,13.26,13.6,0.41,
24,2025-10-24 03:00:00,5.9,3.19,0.0,0.0,75.19,12.31,12.61,12.87,0.36,
24,2025-10-24 04:00:00,5.15,2.98,0.0,0.0,78.79,11.67,11.99,12.2,0.3,
24,2025-10-24 05:00:00,5.3,3.11,0.0,0.0,82.35,11.13,11.32,11.58,0.24,
24,2025-10-24 06:00:00,4.1,2.21,3.5,0.0,83.33,11.11,11.2,11.29,0.22,
24,2025-10-24 07:00:00,3.88,2.18,59.81,0.0,83.1,11.0,11.2,11.44,0.23,
24,2025-10-24 08:00:00,4.47,2.51,218.4,0.0,81.63,11.44,11.61,11.96,0.25,
24,2025-10-24 09:00:00,5.52,3.3,352.1,0.0,79.23,11.94,12.28,12.49,0.3,
24,2025-10-24 10:00:00,5.3,3.11,474.6,0.0,79.05,11.93,12.29,12.77,0.3,
24,2025-10-24 11:00:00,6.42,3.53,764.6,0.0,69.66,13.22,14.03,14.51,0.49,
24,2025-10-24 12:00:00,5.82,3.59,937.0,0.0,63.37,15.43,15.85,16.69,0.66,
24,2025-10-24 13:00:00,5.9,3.59,944.0,0.0,53.48,17.07,17.49,17.92,0.93,
24,2025-10-24 14:00:00,5.75,2.99,924.0,0.0,47.84,18.23,18.8,19.26,1.13,
24,2025-10-24 15:00:00,4.92,2.05,753.9,0.0,45.32,18.32,18.78,19.33,1.19,
24,2025-10-24 16:00:00,3.42,1.36,672.7,0.0,41.89,19.45,19.68,19.86,1.33,
24,2025-10-24 17:00:00,2.6,1.08,552.5,0.0,41.14,19.79,20.24,20.82,1.4,
24,2025-10-24 18:00:00,3.65,1.59,436.2,0.0,41.9,18.54,19.59,20.61,1.33,
24,2025-10-24 19:00:00,6.05,2.65,41.41,0.0,48.76,16.24,17.0,17.95,1.0,
24,2025-10-24 20:00:00,6.65,3.39,0.94,0.0,52.91,14.77,15.51,16.0,0.83,
24,2025-10-24 21:00:00,6.35,3.25,0.0,0.0,60.21,13.43,13.88,14.34,0.63,
24,2025-10-24 22:00:00,5.68,2.97,0.0,0.0,62.46,13.16,13.2,13.25,0.57,
24,2025-10-24 23:00:00,5.68,3.27,0.0,0.0,63.42,12.59,12.84,13.04,0.54,
24,2025-10-25 00:00:00,5.0,2.55,0.0,0.0,66.07,11.87,12.04,12.31,0.48,
24,2025-10-25 01:00:00,5.82,3.16,0.0,0.0,66.91,11.14,11.44,11.75,0.45,
24,2025-10-25 02:00:00,4.47,2.48,0.0,0.0,68.53,10.36,10.54,10.86,0.4,
24,2025-10-25 03:00:00,5.22,2.74,0.0,0.0,71.39,9.71,9.93,10.28,0.35,
24,2025-10-25 04:00:00,3.95,2.29,0.0,0.0,73.71,8.73,9.08,9.46,0.3,
24,2025-10-25 05:00:00,4.62,1.88,0.0,0.0,76.23,7.88,8.21,8.45,0.26,
24,2025-10-25 06:00:00,3.88,1.78,5.17,0.0,78.78,7.17,7.35,7.63,0.22,
24,2025-10-25 07:00:00,4.62,2.47,154.9,0.0,76.62,6.97,7.17,7.6,0.24,
24,2025-10-25 08:00:00,5.08,2.51,345.7,0.0,71.7,8.12,8.55,8.98,0.32,
24,2025-10-25 09:00:00,4.4,2.56,544.9,0.0,70.16,9.34,9.94,10.38,0.36,
24,2025-10-25 10:00:00,4.62,2.61,724.3,0.0,63.66,11.02,11.65,12.41,0.5,
24,2025-10-25 11:00:00,6.12,3.48,854.0,0.0,59.08,12.96,13.63,14.37,0.64,
24,2025-10-25 12:00:00,7.18,4.1,927.0,0.0,51.08,15.3,15.68,16.3,0.87,
24,2025-10-25 13:00:00,7.18,4.02,945.0,0.0,42.38,16.7,17.53,18.15,1.16,
24,2025-10-25 14:00:00,7.32,4.61,938.0,0.0,39.21,18.46,18.83,19.22,1.32,
24,2025-10-25 15:00:00,7.1,4.5,857.0,0.0,36.39,19.28,19.63,19.81,1.46,
24,2025-10-25 16:00:00,6.95,4.23,737.3,0.0,34.27,20.04,20.22,20.4,1.56,
24,2025-10-25 17:00:00,7.55,3.92,584.6,0.0,31.84,20.35,20.53,20.7,1.65,
24,2025-10-25 18:00:00,6.28,3.49,374.3,0.0,30.41,19.58,19.83,20.24,1.61,
24,2025-10-25 19:00:00,5.15,2.78,87.8,0.0,34.28,17.48,18.41,19.35,1.39,
24,2025-10-25 20:00:00,5.15,3.17,6.01,0.0,35.22,16.61,16.93,17.19,1.25,
24,2025-10-25 21:00:00,5.75,3.24,0.0,0.0,38.19,14.78,15.56,16.36,1.1,
24,2025-10-25 22:00:00,5.22,3.15,0.0,0.0,44.56,13.3,13.83,14.42,0.88,
24,2025-10-25 23:00:00,4.55,2.32,0.0,0.0,48.84,12.46,12.72,13.07,0.75,
24,2025-10-26 00:00:00,5.38,3.04,0.0,0.0,50.13,11.98,12.27,12.65,0.71,
24,2025-10-26 01:00:00,6.12,3.2,0.0,0.0,51.91,11.26,11.73,12.05,0.67,
24,2025-10-26 02:00:00,4.32,2.39,0.0,0.0,58.09,10.34,10.64,10.96,0.54,
24,2025-10-26 03:00:00,4.78,2.13,0.0,0.0,68.18,8.95,9.44,9.95,0.38,
24,2025-10-26 04:00:00,4.47,2.05,0.0,0.0,74.48,8.39,8.69,8.86,0.29,
24,2025-10-26 05:00:00,2.82,1.12,0.0,0.0,81.52,6.62,7.35,7.69,0.19,
24,2025-10-26 06:00:00,1.85,0.45,5.46,0.0,86.43,4.58,5.85,7.37,0.13,
24,2025-10-26 07:00:00,2.38,0.69,136.3,0.0,81.07,5.01,6.74,8.14,0.19,
24,2025-10-26 08:00:00,1.85,0.66,357.4,0.0,68.9,8.36,9.69,11.02,0.38,
24,2025-10-26 09:00:00,3.58,1.82,554.7,0.0,61.97,11.3,12.19,13.13,0.54,
24,2025-10-26 10:00:00,4.62,2.59,726.8,0.0,51.7,13.72,14.86,15.85,0.82,
24,2025-10-26 11:00:00,5.38,3.15,856.0,0.0,45.17,16.19,16.81,17.32,1.05,
24,2025-10-26 12:00:00,6.95,3.69,930.0,0.0,38.03,18.02,18.83,19.68,1.35,
24,2025-10-26 13:00:00,7.1,4.48,943.0,0.0,36.75,20.16,20.63,20.89,1.54,
24,2025-10-26 14:00:00,7.25,4.56,934.0,0.0,38.37,21.28,21.74,22.27,1.61,
24,2025-10-26 15:00:00,6.8,3.98,823.0,0.0,39.11,22.39,22.72,22.9,1.68,
24,2025-10-26 16:00:00,6.05,3.84,700.9,0.0,36.1,23.15,23.35,23.49,1.84,
24,2025-10-26 17:00:00,6.42,3.33,571.9,0.0,34.81,23.28,23.55,23.68,1.89,
24,2025-10-26 18:00:00,5.68,3.5,310.5,0.0,37.74,22.81,22.95,23.08,1.75,
24,2025-10-26 19:00:00,5.82,2.97,102.0,0.0,41.41,20.68,21.42,22.32,1.5,
24,2025-10-26 20:00:00,4.4,2.28,3.82,0.0,46.42,19.16,19.77,20.36,1.24,
24,2025-10-26 21:00:00,3.8,2.19,0.0,0.0,47.71,18.59,18.84,19.01,1.14,
24,2025-10-26 22:00:00,3.88,2.37,0.0,0.0,53.43,17.19,17.49,17.98,0.93,
24,2025-10-26 23:00:00,4.18,1.98,0.0,0.0,57.33,16.2,16.48,16.87,0.8,
24,2025-10-27 00:00:00,3.35,1.5,0.0,0.0,61.34,14.77,15.71,16.26,0.69,
24,2025-10-27 01:00:00,3.28,1.36,0.0,0.0,63.19,15.28,15.42,15.59,0.65,
24,2025-10-27 02:00:00,5.15,2.85,0.0,0.0,66.78,14.78,15.09,15.38,0.57,
24,2025-10-27 03:00:00,6.95,3.34,0.0,0.0,73.75,13.96,14.33,14.72,0.43,
24,2025-10-27 04:00:00,5.6,2.18,0.0,0.0,78.29,13.09,13.46,13.77,0.34,
24,2025-10-27 05:00:00,3.95,1.4,0.0,0.0,81.0,12.41,12.64,12.9,0.28,
24,2025-10-27 06:00:00,4.7,1.82,4.79,0.0,81.15,11.9,12.51,12.79,0.28,
24,2025-10-27 07:00:00,1.48,0.08,89.1,0.0,84.2,11.31,11.54,11.76,0.22,
24,2025-10-27 08:00:00,1.48,0.4,183.3,0.0,80.07,12.32,13.02,13.61,0.3,
24,2025-10-27 09:00:00,2.3,0.99,467.1,0.0,72.95,13.85,14.68,15.51,0.46,
24,2025-10-27 10:00:00,2.68,1.0,522.4,0.0,64.68,16.07,16.8,17.63,0.68,
24,2025-10-27 11:00:00,2.45,0.85,618.9,0.0,58.17,17.95,18.64,19.19,0.9,
24,2025-10-27 12:00:00,2.75,1.11,643.2,0.0,52.61,19.46,19.77,19.97,1.09,
24,2025-10-27 13:00:00,3.05,1.1,771.9,0.0,49.19,20.58,21.34,22.13,1.29,
24,2025-10-27 14:00:00,3.2,1.42,590.1,0.0,52.09,21.76,21.91,22.03,1.26,
24,2025-10-27 15:00:00,3.88,2.36,303.9,0.0,56.81,20.79,21.05,21.48,1.08,
24,2025-10-27 16:00:00,2.75,1.17,355.9,0.0,57.81,20.65,20.8,21.09,1.04,
24,2025-10-27 17:00:00,1.92,0.65,421.0,0.0,50.11,22.15,22.43,22.6,1.35,
24,2025-10-27 18:00:00,2.0,0.53,464.9,0.0,49.07,22.56,22.78,23.02,1.41,
24,2025-10-27 19:00:00,1.7,0.28,113.4,0.0,50.66,21.44,21.92,22.23,1.3,
24,2025-10-27 20:00:00,2.0,0.21,9.33,0.0,63.56,18.28,19.4,20.64,0.83,
24,2025-10-27 21:00:00,2.08,0.6,0.0,0.0,64.84,16.85,18.18,19.19,0.74,
24,2025-10-27 22:00:00,1.78,0.27,0.0,0.0,72.71,14.64,15.66,16.74,0.49,
24,2025-10-27 23:00:00,0.95,0.11,0.0,0.0,80.79,13.04,13.28,13.82,0.3,
24,2025-10-28 00:00:00,1.18,0.2,0.0,0.0,83.95,11.81,12.15,12.39,0.23,
24,2025-10-28 01:00:00,1.02,0.13,0.0,0.0,87.28,10.42,10.92,11.4,0.17,
24,2025-10-28 02:00:00,0.65,0.01,0.0,0.0,90.05,9.55,9.79,10.23,0.12,
24,2025-10-28 03:00:00,1.1,0.05,0.0,0.0,90.83,9.0,9.54,10.01,0.11,
24,2025-10-28 04:00:00,1.25,0.18,0.0,0.0,92.6,8.49,8.63,8.75,0.08,
24,2025-10-28 05:00:00,0.35,0.01,0.0,0.0,93.05,7.8,8.11,8.26,0.08,
24,2025-10-28 06:00:00,0.0,0.0,5.98,0.0,93.63,7.1,7.24,7.51,0.07,
24,2025-10-28 07:00:00,1.1,0.1,155.4,0.0,91.7,7.31,8.22,9.62,0.09,
24,2025-10-28 08:00:00,1.55,0.29,344.2,0.0,79.1,10.94,12.6,13.93,0.31,
24,2025-10-28 09:00:00,1.92,0.53,541.9,0.0,70.94,14.31,15.36,16.18,0.51,
24,2025-10-28 10:00:00,2.52,0.86,713.0,0.0,61.1,16.89,17.89,19.05,0.8,
24,2025-10-28 11:00:00,2.75,1.18,838.0,0.0,52.95,19.61,20.57,21.43,1.14,
24,2025-10-28 12:00:00,3.65,1.17,910.0,0.0,47.68,21.84,22.91,23.76,1.47,
24,2025-10-28 13:00:00,4.78,1.9,926.0,0.0,43.76,24.07,24.71,25.4,1.75,
24,2025-10-28 14:00:00,4.92,2.02,917.0,0.0,38.09,25.6,25.79,26.03,2.05,
24,2025-10-28 15:00:00,4.85,2.08,846.0,0.0,35.66,26.52,26.76,26.9,2.26,
24,2025-10-28 16:00:00,4.03,1.77,723.7,0.0,34.46,26.94,27.17,27.37,2.36,
24,2025-10-28 17:00:00,3.88,1.89,548.3,0.0,34.04,27.08,27.36,27.56,2.4,
24,2025-10-28 18:00:00,4.1,2.0,346.6,0.0,33.93,26.7,26.85,27.0,2.34,
24,2025-10-28 19:00:00,2.52,1.26,132.2,0.0,37.21,24.43,25.53,26.45,2.06,
24,2025-10-28 20:00:00,1.55,0.45,6.36,0.0,51.08,20.63,21.6,23.22,1.27,
24,2025-10-28 21:00:00,1.92,0.27,0.0,0.0,60.05,17.3,18.86,20.65,0.89,
24,2025-10-28 22:00:00,1.25,0.13,0.0,0.0,71.96,14.86,15.53,16.55,0.5,
24,2025-10-28 23:00:00,1.18,0.18,0.0,0.0,73.07,14.75,15.03,15.36,0.46,
24,2025-10-29 00:00:00,0.88,0.04,0.0,0.0,79.95,12.79,13.58,14.23,0.31,
24,2025-10-29 01:00:00,5.6,2.6,0.0,0.0,55.59,13.64,16.76,18.06,0.86,
24,2025-10-29 02:00:00,5.9,2.95,0.0,0.0,53.23,16.19,16.75,17.2,0.89,
24,2025-10-29 03:00:00,3.5,1.41,0.0,0.0,64.29,13.15,14.91,15.83,0.62,
24,2025-10-29 04:00:00,1.25,0.07,0.0,0.0,81.67,10.59,11.43,12.26,0.25,
24,2025-10-29 05:00:00,0.72,0.03,0.0,0.0,87.55,9.4,9.83,10.2,0.15,
24,2025-10-29 06:00:00,0.88,0.05,6.22,0.0,89.55,8.45,8.72,9.24,0.12,
24,2025-10-29 07:00:00,0.88,0.05,153.2,0.0,83.19,8.6,10.07,12.72,0.22,
24,2025-10-29 08:00:00,1.62,0.42,349.6,0.0,57.2,13.91,15.0,15.82,0.74,
24,2025-10-29 09:00:00,1.62,0.29,563.2,0.0,48.07,16.84,18.31,19.23,1.1,
24,2025-10-29 10:00:00,2.6,0.83,665.1,0.0,42.77,19.59,20.43,21.18,1.38,
24,2025-10-29 11:00:00,3.58,1.12,821.0,0.0,43.28,21.31,21.66,22.11,1.47,
24,2025-10-29 12:00:00,4.85,2.76,893.0,0.0,43.81,22.21,22.52,22.95,1.53,
24,2025-10-29 13:00:00,5.98,3.38,858.0,0.0,40.73,23.23,23.43,23.67,1.71,
24,2025-10-29 14:00:00,6.05,3.9,579.9,0.0,41.31,22.88,23.15,23.35,1.67,
24,2025-10-29 15:00:00,6.05,3.76,814.0,0.0,37.46,23.43,23.64,23.75,1.83,
24,2025-10-29 16:00:00,5.9,3.34,719.8,0.0,36.37,24.05,24.43,24.67,1.95,
24,2025-10-29 17:00:00,4.78,2.6,564.5,0.0,32.08,25.08,25.2,25.34,2.18,
24,2025-10-29 18:00:00,4.18,2.15,353.7,0.0,31.32,24.91,25.11,25.28,2.19,
24,2025-10-29 19:00:00,3.5,1.95,143.8,0.0,32.41,22.72,23.65,24.49,1.98,
24,2025-10-29 20:00:00,2.45,0.77,7.14,0.0,34.84,18.81,20.85,22.18,1.62,
24,2025-10-29 21:00:00,0.95,0.09,0.0,0.0,51.98,15.22,16.71,17.74,0.92,
24,2025-10-29 22:00:00,1.4,0.25,0.0,0.0,66.87,13.06,13.57,14.26,0.52,
24,2025-10-29 23:00:00,1.48,0.09,0.0,0.0,71.68,11.74,12.28,12.71,0.41,
24,2025-10-30 00:00:00,1.62,0.1,0.0,0.0,76.05,10.65,10.82,11.01,0.31,
24,2025-10-30 01:00:00,0.8,0.04,0.0,0.0,81.11,9.37,9.75,10.2,0.23,
24,2025-10-30 02:00:00,0.8,0.03,0.0,0.0,84.23,8.8,8.96,9.12,0.18,
24,2025-10-30 03:00:00,0.72,0.03,0.0,0.0,86.48,7.83,8.19,8.61,0.15,
24,2025-10-30 04:00:00,0.95,0.02,0.0,0.0,87.78,7.3,7.46,7.7,0.13,
24,2025-10-30 05:00:00,0.95,0.06,0.0,0.0,89.7,6.64,6.96,7.36,0.1,
24,2025-10-30 06:00:00,0.0,0.0,7.29,0.0,88.78,6.8,7.09,7.27,0.11,
24,2025-10-30 07:00:00,0.0,0.0,170.3,0.0,82.98,6.69,8.43,11.22,0.2,
24,2025-10-30 08:00:00,1.18,0.2,357.7,0.0,61.96,12.64,13.97,15.47,0.61,
24,2025-10-30 09:00:00,2.45,0.75,553.9,0.0,51.43,16.36,17.05,17.84,0.95,
24,2025-10-30 10:00:00,3.05,1.25,723.0,0.0,48.39,18.39,19.3,19.98,1.16,
24,2025-10-30 11:00:00,2.98,1.42,851.0,0.0,41.39,20.72,21.46,22.23,1.5,
24,2025-10-30 12:00:00,4.25,1.77,925.0,0.0,36.36,22.74,23.59,24.4,1.86,
24,2025-10-30 13:00:00,4.85,2.24,939.0,0.0,33.37,24.71,25.26,25.69,2.15,
24,2025-10-30 14:00:00,5.3,2.32,924.0,0.0,33.84,26.14,26.33,26.51,2.27,
24,2025-10-30 15:00:00,4.25,2.01,857.0,0.0,32.45,26.87,27.07,27.24,2.42,
24,2025-10-30 16:00:00,4.03,1.85,727.6,0.0,30.76,27.42,27.49,27.64,2.54,
24,2025-10-30 17:00:00,3.65,1.9,551.2,0.0,29.63,27.6,27.69,27.76,2.61,
24,2025-10-30 18:00:00,3.5,1.89,353.3,0.0,29.72,27.08,27.27,27.39,2.55,
24,2025-10-30 19:00:00,5.0,1.94,151.0,0.0,39.58,23.46,25.21,26.75,1.96,
24,2025-10-30 20:00:00,3.58,1.66,6.74,0.0,50.8,20.8,21.71,22.63,1.28,
24,2025-10-30 21:00:00,3.58,0.91,0.0,0.0,56.9,17.6,19.15,20.3,0.97,
24,2025-10-30 22:00:00,1.02,0.1,0.0,0.0,61.94,16.19,16.64,17.04,0.72,
24,2025-10-30 23:00:00,1.1,0.14,0.0,0.0,73.52,13.05,14.04,15.55,0.43,
24,2025-10-31 00:00:00,0.65,0.02,0.0,0.0,79.43,11.77,12.22,12.67,0.29,
24,2025-10-31 01:00:00,1.1,0.1,0.0,0.0,84.9,10.62,10.98,11.26,0.2,
24,2025-10-31 02:00:00,4.1,0.99,0.0,0.0,71.34,10.47,12.17,14.45,0.43,
24,2025-10-31 03:00:00,3.42,0.8,0.0,0.0,68.36,11.38,12.89,14.14,0.48,
24,2025-10-31 04:00:00,1.4,0.25,0.0,0.0,82.32,9.06,10.24,11.59,0.23,
24,2025-10-31 05:00:00,1.1,0.05,0.0,0.0,87.1,8.1,8.62,9.06,0.15,
24,2025-10-31 06:00:00,4.1,1.24,10.28,0.0,69.15,9.64,10.55,11.14,0.4,
24,2025-10-31 07:00:00,5.15,2.8,170.3,0.0,65.62,11.11,11.35,11.73,0.46,
24,2025-10-31 08:00:00,5.38,3.05,320.7,0.0,62.83,11.87,12.26,12.56,0.53,
24,2025-10-31 09:00:00,6.5,3.49,543.0,0.0,60.03,12.84,13.39,14.01,0.61,
24,2025-10-31 10:00:00,4.78,3.07,717.7,0.0,55.24,14.54,15.2,16.02,0.77,
24,2025-10-31 11:00:00,5.75,2.96,857.0,0.0,47.87,16.48,17.33,18.17,1.04,
24,2025-10-31 12:00:00,5.3,2.77,755.5,0.0,43.89,18.25,18.42,18.56,1.19,
24,2025-10-31 13:00:00,5.98,3.06,978.0,0.0,43.1,19.12,19.84,20.46,1.32,
24,2025-10-31 14:00:00,5.3,3.16,889.0,0.0,41.35,20.1,20.39,20.87,1.41,
24,2025-10-31 15:00:00,5.68,3.48,650.0,0.0,42.35,20.17,20.44,20.63,1.39,
24,2025-10-31 16:00:00,6.12,3.74,583.7,0.0,46.07,19.02,19.72,20.15,1.24,
24,2025-10-31 17:00:00,5.08,3.19,269.3,0.0,47.43,18.26,18.53,18.9,1.12,
24,2025-10-31 18:00:00,5.75,3.03,191.5,0.0,45.56,18.18,18.38,18.63,1.15,
24,2025-10-31 19:00:00,4.47,2.47,144.3,0.0,46.31,17.71,18.19,18.57,1.12,
24,2025-10-31 20:00:00,2.68,1.2,11.46,0.0,58.83,14.29,15.82,17.38,0.75,
24,2025-10-31 21:00:00,1.7,0.29,0.0,0.0,68.45,12.15,13.23,13.85,0.48,
24,2025-10-31 22:00:00,2.52,0.42,0.0,0.0,73.77,11.37,11.62,11.96,0.36,
24,2025-10-31 23:00:00,3.5,0.8,0.0,0.0,72.7,11.52,12.46,13.67,0.4,
24,2025-11-01 00:00:00,1.4,0.19,0.0,0.0,82.09,9.44,10.1,11.01,0.22,
24,2025-11-01 01:00:00,4.92,2.86,0.0,0.0,68.68,11.72,11.97,12.26,0.44,
24,2025-11-01 02:00:00,5.52,3.14,0.0,0.0,72.2,11.03,11.4,11.76,0.38,
24,2025-11-01 03:00:00,4.55,2.18,0.0,0.0,75.98,10.0,10.51,10.89,0.31,
24,2025-11-01 04:00:00,2.22,0.74,0.0,0.0,81.1,8.95,9.3,9.66,0.22,
24,2025-11-01 05:00:00,1.02,0.15,0.0,0.0,88.93,6.38,7.01,7.8,0.11,
24,2025-11-01 06:00:00,1.02,0.03,7.79,0.0,91.4,5.15,5.41,5.79,0.08,
24,2025-11-01 07:00:00,0.95,0.07,173.3,0.0,86.78,5.38,6.57,8.7,0.13,
24,2025-11-01 08:00:00,1.78,0.45,365.9,0.0,73.01,10.42,11.46,12.38,0.37,
24,2025-11-01 09:00:00,3.35,1.82,563.2,0.0,66.28,12.88,13.5,14.19,0.52,
24,2025-11-01 10:00:00,3.8,1.57,731.8,0.0,57.33,14.61,15.58,16.32,0.76,
24,2025-11-01 11:00:00,3.35,1.46,860.0,0.0,50.43,16.98,17.96,18.76,1.03,
24,2025-11-01 12:00:00,5.68,3.16,933.0,0.0,44.38,19.42,19.84,20.21,1.29,
24,2025-11-01 13:00:00,6.28,3.73,951.0,0.0,35.58,20.6,21.14,21.75,1.62,
24,2025-11-01 14:00:00,6.58,3.59,943.0,0.0,31.06,21.96,22.49,22.95,1.88,
24,2025-11-01 15:00:00,6.5,3.57,874.0,0.0,29.76,22.98,23.37,23.85,2.02,
24,2025-11-01 16:00:00,5.82,3.17,749.8,0.0,27.73,24.13,24.26,24.47,2.19,
24,2025-11-01 17:00:00,5.98,2.86,575.8,0.0,27.14,24.48,24.57,24.64,2.25,
24,2025-11-01 18:00:00,5.22,2.73,372.9,0.0,27.8,23.98,24.22,24.42,2.18,
24,2025-11-01 19:00:00,4.55,2.45,170.6,0.0,31.07,21.9,22.89,23.79,1.93,
24,2025-11-01 20:00:00,3.95,2.17,7.74,0.0,34.89,20.1,20.86,21.42,1.61,
24,2025-11-01 21:00:00,2.9,1.52,0.0,0.0,43.34,17.77,18.15,18.64,1.18,
24,2025-11-01 22:00:00,2.0,0.54,0.0,0.0,53.72,15.19,15.88,17.09,0.84,
24,2025-11-01 23:00:00,1.78,0.54,0.0,0.0,61.25,13.43,14.11,15.04,0.63,
24,2025-11-02 00:00:00,1.18,0.34,0.0,0.0,68.58,11.61,11.9,12.4,0.44,
24,2025-11-02 01:00:00,3.42,1.21,0.0,0.0,49.46,12.02,14.87,16.23,0.87,
24,2025-11-02 02:00:00,4.62,2.07,0.0,0.0,46.5,15.91,16.01,16.11,0.98,
24,2025-11-02 03:00:00,4.25,1.22,0.0,0.0,57.87,10.97,14.16,15.88,0.7,
24,2025-11-02 04:00:00,1.55,0.38,0.0,0.0,74.19,9.57,9.9,10.19,0.32,
24,2025-11-02 05:00:00,0.95,0.04,0.0,0.0,78.02,8.4,8.72,9.06,0.25,
24,2025-11-02 06:00:00,1.02,0.08,8.21,0.0,85.38,6.3,7.23,8.72,0.15,
24,2025-11-02 07:00:00,1.78,0.25,174.5,0.0,77.42,6.28,8.53,11.81,0.27,
24,2025-11-02 08:00:00,1.85,0.59,376.2,0.0,59.83,12.75,13.35,14.58,0.62,
24,2025-11-02 09:00:00,2.3,0.85,571.2,0.0,51.29,15.76,16.62,17.58,0.93,
24,2025-11-02 10:00:00,2.38,0.83,740.7,0.0,44.27,18.24,19.35,20.09,1.26,
24,2025-11-02 11:00:00,2.6,1.0,867.0,0.0,38.49,20.72,21.63,22.33,1.6,
24,2025-11-02 12:00:00,2.68,1.05,943.0,0.0,33.25,22.83,23.65,24.38,1.96,
24,2025-11-02 13:00:00,3.5,1.44,953.0,0.0,27.94,24.98,25.6,26.24,2.37,
24,2025-11-02 14:00:00,3.95,1.73,942.0,0.0,26.2,26.42,26.87,27.16,2.61,
24,2025-11-02 15:00:00,4.47,2.07,868.0,0.0,26.23,27.51,27.69,27.82,2.74,
24,2025-11-02 16:00:00,4.1,1.51,740.4,0.0,25.21,28.12,28.61,28.9,2.93,
24,2025-11-02 17:00:00,4.25,1.76,568.6,0.0,27.32,28.28,28.77,29.02,2.87,
24,2025-11-02 18:00:00,6.35,3.34,360.8,0.0,36.61,24.65,26.19,27.71,2.17,
24,2025-11-02 19:00:00,7.1,3.09,162.5,0.0,46.36,20.82,22.06,23.72,1.43,
24,2025-11-02 20:00:00,5.6,1.75,7.84,0.0,50.67,17.86,19.06,20.15,1.1,
24,2025-11-02 21:00:00,2.68,0.89,0.0,0.0,57.62,16.04,16.84,17.39,0.82,
24,2025-11-02 22:00:00,1.55,0.31,0.0,0.0,65.99,14.04,14.79,15.06,0.58,
24,2025-11-02 23:00:00,2.45,0.62,0.0,0.0,74.52,12.73,13.0,13.21,0.39,
24,2025-11-03 00:00:00,1.25,0.19,0.0,0.0,80.07,11.36,11.84,12.33,0.28,
24,2025-11-03 01:00:00,1.48,0.23,0.0,0.0,84.23,9.83,10.58,11.12,0.2,
24,2025-11-03 02:00:00,0.8,0.01,0.0,0.0,88.28,8.98,9.2,9.5,0.14,
24,2025-11-03 03:00:00,1.32,0.25,0.0,0.0,91.5,9.13,9.47,9.63,0.1,
24,2025-11-03 04:00:00,1.55,0.14,0.0,0.0,92.88,9.33,9.42,9.48,0.08,
24,2025-11-03 05:00:00,0.95,0.06,0.0,0.0,92.95,8.17,8.38,8.73,0.08,
24,2025-11-03 06:00:00,1.4,0.31,6.33,0.0,93.55,8.5,8.96,9.42,0.08,
24,2025-11-03 07:00:00,1.7,0.33,38.7,0.0,90.85,9.61,9.92,10.28,0.11,
24,2025-11-03 08:00:00,2.22,0.55,73.64,0.0,86.38,10.36,10.66,10.83,0.18,
24,2025-11-03 09:00:00,1.92,0.57,108.7,0.0,83.55,11.01,11.22,11.36,0.22,
24,2025-11-03 10:00:00,2.15,0.84,272.1,0.0,79.67,11.37,11.79,12.3,0.28,
24,2025-11-03 11:00:00,2.68,0.97,387.1,0.0,74.73,12.55,12.88,13.34,0.38,
24,2025-11-03 12:00:00,2.68,1.03,539.3,0.0,68.59,13.64,14.36,14.78,0.52,
24,2025-11-03 13:00:00,4.25,1.69,1022.0,0.0,61.44,15.99,16.69,17.5,0.73,
24,2025-11-03 14:00:00,4.4,2.19,933.0,0.0,57.94,17.46,17.88,18.34,0.86,
24,2025-11-03 15:00:00,4.62,2.26,810.0,0.0,53.9,18.46,18.63,18.84,0.99,
24,2025-11-03 16:00:00,5.0,2.07,848.0,0.0,50.43,19.5,19.72,20.01,1.14,
24,2025-11-03 17:00:00,4.03,2.19,567.4,0.0,51.32,19.09,19.61,20.0,1.11,
24,2025-11-03 18:00:00,4.55,1.92,304.1,0.0,53.49,18.61,18.89,19.25,1.02,
24,2025-11-03 19:00:00,3.35,1.9,112.6,0.0,56.85,17.29,17.75,18.15,0.88,
24,2025-11-03 20:00:00,3.35,0.94,8.52,0.0,62.64,15.2,16.18,16.97,0.69,
24,2025-11-03 21:00:00,4.1,1.88,0.0,0.0,66.58,13.98,14.35,14.71,0.55,
24,2025-11-03 22:00:00,1.78,0.31,0.0,0.0,66.6,13.75,13.89,13.99,0.53,
24,2025-11-03 23:00:00,1.55,0.2,0.0,0.0,68.27,13.08,13.23,13.4,0.48,
24,2025-11-04 00:00:00,2.3,0.82,0.0,0.0,68.76,13.19,13.25,13.4,0.48,
24,2025-11-04 01:00:00,1.78,0.42,0.0,0.0,68.37,13.26,13.28,13.3,0.49,
24,2025-11-04 02:00:00,2.38,0.94,0.0,0.0,67.69,13.19,13.3,13.38,0.49,
24,2025-11-04 03:00:00,3.2,1.22,0.0,0.0,67.63,12.86,13.03,13.17,0.48,
24,2025-11-04 04:00:00,2.75,1.47,0.0,0.0,70.16,12.54,12.59,12.71,0.44,
24,2025-11-04 05:00:00,2.22,0.73,0.0,0.0,70.41,12.53,12.54,12.55,0.43,
24,2025-11-04 06:00:00,0.95,0.1,4.25,0.0,71.47,12.43,12.49,12.54,0.41,
24,2025-11-04 07:00:00,1.02,0.18,92.0,0.0,73.88,12.3,12.34,12.4,0.38,
24,2025-11-04 08:00:00,1.85,0.52,260.7,0.0,67.95,12.74,13.23,13.68,0.49,
24,2025-11-04 09:00:00,2.68,0.9,620.8,0.0,60.33,14.28,15.21,15.97,0.69,
24,2025-11-04 10:00:00,3.58,1.33,741.8,0.0,57.46,16.04,16.5,16.82,0.8,
24,2025-11-04 11:00:00,3.8,1.86,878.0,0.0,54.81,16.8,17.52,18.15,0.91,
24,2025-11-04 12:00:00,5.22,1.77,934.0,0.0,50.86,18.61,18.91,19.48,1.07,
24,2025-11-04 13:00:00,4.55,1.85,950.0,0.0,46.76,19.82,20.38,20.87,1.28,
24,2025-11-04 14:00:00,4.92,1.65,933.0,0.0,42.84,21.37,21.93,22.44,1.51,
24,2025-11-04 15:00:00,4.7,1.76,867.0,0.0,39.8,22.67,23.1,23.55,1.7,
24,2025-11-04 16:00:00,3.8,1.59,740.8,0.0,37.52,23.43,23.91,24.12,1.86,
24,2025-11-04 17:00:00,3.5,1.74,567.1,0.0,37.01,24.39,24.46,24.53,1.93,
24,2025-11-04 18:00:00,3.35,1.24,370.0,0.0,36.88,24.17,24.41,24.69,1.93,
24,2025-11-04 19:00:00,3.05,1.18,168.1,0.0,40.71,21.69,22.93,23.96,1.67,
24,2025-11-04 20:00:00,2.75,0.99,9.42,0.0,50.93,18.86,19.67,20.8,1.13,
24,2025-11-04 21:00:00,1.32,0.32,0.0,0.0,57.77,16.83,17.27,18.17,0.84,
24,2025-11-04 22:00:00,1.1,0.1,0.0,0.0,68.03,13.58,14.78,16.19,0.55,
24,2025-11-04 23:00:00,0.95,0.13,0.0,0.0,77.74,11.49,12.01,12.57,0.31,
24,2025-11-05 00:00:00,0.65,0.02,0.0,0.0,82.15,10.09,10.73,11.17,0.23,
24,2025-11-05 01:00:00,1.25,0.13,0.0,0.0,86.23,9.18,9.44,9.77,0.17,
24,2025-11-05 02:00:00,0.88,0.04,0.0,0.0,88.03,8.71,8.93,9.1,0.14,
24,2025-11-05 03:00:00,1.32,0.2,0.0,0.0,88.73,8.26,8.55,8.7,0.13,
24,2025-11-05 04:00:00,1.48,0.2,0.0,0.0,90.23,8.04,8.11,8.25,0.11,
24,2025-11-05 05:00:00,0.5,0.0,0.0,0.0,91.05,7.27,7.55,7.93,0.09,
24,2025-11-05 06:00:00,0.0,0.0,9.33,0.0,91.78,6.93,7.04,7.11,0.08,
24,2025-11-05 07:00:00,0.95,0.03,189.0,0.0,85.81,6.9,8.74,11.4,0.17,
24,2025-11-05 08:00:00,1.32,0.2,374.3,0.0,65.65,12.64,13.95,15.45,0.55,
24,2025-11-05 09:00:00,1.92,0.41,569.7,0.0,58.48,15.94,16.7,17.2,0.79,
24,2025-11-05 10:00:00,3.8,0.86,738.2,0.0,53.6,17.74,18.48,19.21,0.99,
24,2025-11-05 11:00:00,3.2,1.06,862.0,0.0,49.46,19.64,20.27,21.0,1.2,
24,2025-11-05 12:00:00,3.42,1.43,934.0,0.0,45.0,21.41,22.09,22.56,1.46,
24,2025-11-05 13:00:00,3.65,1.48,945.0,0.0,43.87,22.88,23.42,23.9,1.62,
24,2025-11-05 14:00:00,3.58,1.46,935.0,0.0,39.45,24.54,24.94,25.49,1.92,
24,2025-11-05 15:00:00,3.95,1.86,872.0,0.0,34.09,25.64,25.88,26.16,2.2,
24,2025-11-05 16:00:00,4.85,2.7,742.8,0.0,35.83,25.59,25.83,26.0,2.13,
24,2025-11-05 17:00:00,5.08,2.71,570.0,0.0,33.76,25.2,25.55,25.81,2.17,
24,2025-11-05 18:00:00,5.9,2.94,370.0,0.0,35.62,23.71,24.42,24.92,1.98,
24,2025-11-05 19:00:00,5.38,2.96,166.3,0.0,42.15,20.88,21.98,22.97,1.53,
24,2025-11-05 20:00:00,4.4,1.77,11.26,0.0,50.55,18.74,19.48,20.25,1.12,
24,2025-11-05 21:00:00,2.22,0.46,0.0,0.0,58.22,17.02,17.58,18.15,0.84,
24,2025-11-05 22:00:00,2.98,1.1,0.0,0.0,66.27,14.63,15.57,16.63,0.6,
24,2025-11-05 23:00:00,2.08,0.37,0.0,0.0,74.12,12.92,13.55,14.09,0.4,
24,2025-11-06 00:00:00,1.55,0.27,0.0,0.0,82.13,10.97,11.76,12.44,0.25,
24,2025-11-06 01:00:00,1.48,0.11,0.0,0.0,87.3,9.92,10.37,10.76,0.16,
24,2025-11-06 02:00:00,1.48,0.34,0.0,0.0,90.28,9.09,9.36,9.52,0.12,
24,2025-11-06 03:00:00,2.0,0.56,0.0,0.0,84.85,10.55,11.02,11.26,0.2,
24,2025-11-06 04:00:00,3.5,1.23,0.0,0.0,82.2,11.37,11.4,11.44,0.24,
24,2025-11-06 05:00:00,1.48,0.27,0.0,0.0,84.88,11.21,11.31,11.44,0.21,
24,2025-11-06 06:00:00,1.55,0.3,2.16,0.0,82.73,11.33,11.38,11.4,0.23,
24,2025-11-06 07:00:00,2.3,0.55,19.56,0.0,81.58,11.36,11.39,11.4,0.25,
24,2025-11-06 08:00:00,2.0,0.33,57.74,0.0,84.08,11.12,11.2,11.28,0.21,
24,2025-11-06 09:00:00,2.75,0.96,100.4,0.0,79.74,11.48,11.67,11.83,0.28,
24,2025-11-06 10:00:00,3.72,0.98,139.5,0.0,72.77,12.07,12.36,12.62,0.39,
24,2025-11-06 11:00:00,3.05,1.33,134.0,0.0,70.4,12.55,12.68,12.75,0.44,
24,2025-11-06 12:00:00,2.3,0.89,207.9,0.0,79.98,11.89,12.3,12.59,0.29,
24,2025-11-06 13:00:00,2.9,1.53,303.8,0.0,82.73,11.78,12.1,12.47,0.24,
24,2025-11-06 14:00:00,3.5,1.86,238.9,0.0,79.62,12.5,12.84,13.33,0.3,
24,2025-11-06 15:00:00,3.42,1.28,595.2,0.0,62.81,13.95,14.77,15.94,0.63,
24,2025-11-06 16:00:00,2.45,0.55,499.1,0.0,53.19,16.69,16.93,17.11,0.9,
24,2025-11-06 17:00:00,1.02,0.1,167.9,0.0,54.45,16.78,16.86,16.95,0.88,
24,2025-11-06 18:00:00,1.4,0.36,265.7,0.0,51.59,16.84,17.34,18.11,0.96,
24,2025-11-06 19:00:00,3.58,0.96,160.0,0.0,53.58,16.06,16.9,17.82,0.9,
24,2025-11-06 20:00:00,3.05,0.7,17.07,0.2,71.9,13.96,14.91,15.67,0.48,
24,2025-11-06 21:00:00,2.3,0.6,0.0,0.1,84.23,12.64,12.89,13.25,0.23,
24,2025-11-06 22:00:00,1.1,0.13,0.0,0.0,87.1,12.11,12.69,12.97,0.19,
24,2025-11-06 23:00:00,1.1,0.11,0.0,0.0,89.98,11.82,11.93,12.05,0.14,
24,2025-11-07 00:00:00,1.1,0.27,0.0,0.0,91.83,11.05,11.53,11.96,0.11,
24,2025-11-07 01:00:00,1.85,0.33,0.0,0.0,92.28,10.68,10.73,10.77,0.1,
24,2025-11-07 02:00:00,1.25,0.19,0.0,0.0,90.95,10.53,10.64,10.72,0.12,
24,2025-11-07 03:00:00,1.78,0.37,0.0,0.0,91.2,9.92,10.27,10.7,0.11,
24,2025-11-07 04:00:00,1.25,0.21,0.0,0.0,91.88,7.83,8.62,9.64,0.09,
24,2025-11-07 05:00:00,1.1,0.12,0.0,0.0,94.45,6.66,6.93,7.33,0.06,
24,2025-11-07 06:00:00,1.32,0.12,9.97,0.0,95.35,6.32,6.46,6.64,0.04,
24,2025-11-07 07:00:00,1.85,0.43,136.9,0.0,94.2,6.46,7.84,9.03,0.07,
24,2025-11-07 08:00:00,3.72,1.12,413.8,0.0,80.73,10.03,11.72,12.92,0.27,
24,2025-11-07 09:00:00,3.95,2.19,589.5,0.0,71.39,13.03,13.73,14.4,0.45,
24,2025-11-07 10:00:00,2.98,1.19,766.3,0.0,61.65,15.12,15.85,16.85,0.7,
24,2025-11-07 11:00:00,3.28,1.37,879.0,0.0,49.51,16.98,17.59,18.32,1.02,
24,2025-11-07 12:00:00,3.05,1.17,952.0,0.0,44.13,18.9,19.62,20.11,1.28,
24,2025-11-07 13:00:00,3.88,1.37,967.0,0.0,37.19,20.4,21.01,21.61,1.56,
24,2025-11-07 14:00:00,4.1,1.63,954.0,0.0,34.31,21.63,22.12,22.68,1.76,
24,2025-11-07 15:00:00,5.0,1.68,887.0,0.0,31.01,22.93,23.3,23.68,1.98,
24,2025-11-07 16:00:00,3.95,1.62,755.7,0.0,30.38,23.65,23.8,23.97,2.05,
24,2025-11-07 17:00:00,4.4,1.98,583.0,0.0,32.02,23.72,23.89,24.02,2.01,
24,2025-11-07 18:00:00,3.8,1.83,378.2,0.0,31.86,23.38,23.52,23.72,1.98,
24,2025-11-07 19:00:00,3.8,2.05,177.8,0.0,34.24,21.26,22.26,23.11,1.77,
24,2025-11-07 20:00:00,2.82,1.69,11.37,0.0,40.37,19.16,19.89,20.68,1.39,
24,2025-11-07 21:00:00,4.32,2.22,0.0,0.0,48.12,18.07,18.42,18.72,1.1,
24,2025-11-07 22:00:00,4.03,1.58,0.0,0.0,55.62,16.54,16.96,17.63,0.86,
24,2025-11-07 23:00:00,3.58,1.52,0.0,0.0,55.23,15.99,16.27,16.7,0.83,
24,2025-11-08 00:00:00,4.62,2.15,0.0,0.0,60.4,15.47,15.69,15.82,0.71,
24,2025-11-08 01:00:00,4.18,1.43,0.0,0.0,66.64,11.65,13.8,15.32,0.54,
24,2025-11-08 02:00:00,1.1,0.12,0.0,0.0,79.34,8.48,9.67,11.12,0.25,
24,2025-11-08 03:00:00,0.88,0.05,0.0,0.0,83.65,7.3,7.91,8.37,0.18,
24,2025-11-08 04:00:00,0.0,0.0,0.0,0.0,87.88,6.35,6.65,6.98,0.12,
24,2025-11-08 05:00:00,1.02,0.04,0.0,0.0,89.55,5.94,6.1,6.29,0.1,
24,2025-11-08 06:00:00,1.02,0.09,10.22,0.0,91.08,5.65,5.99,6.55,0.09,
24,2025-11-08 07:00:00,0.0,0.0,193.6,0.0,83.15,6.55,8.5,11.35,0.2,
24,2025-11-08 08:00:00,1.92,0.26,388.0,0.0,65.91,12.1,13.32,14.49,0.52,
24,2025-11-08 09:00:00,2.3,0.63,588.7,0.0,58.96,15.04,15.91,16.64,0.75,
24,2025-11-08 10:00:00,2.22,0.82,722.0,0.0,52.72,17.42,18.11,18.8,0.99,
24,2025-11-08 11:00:00,3.05,1.25,894.0,0.0,48.28,19.7,20.23,20.57,1.23,
24,2025-11-08 12:00:00,3.8,1.49,934.0,0.0,44.93,21.4,21.97,22.39,1.45,
24,2025-11-08 13:00:00,3.8,1.37,970.0,0.0,41.01,23.01,23.31,23.7,1.69,
24,2025-11-08 14:00:00,5.08,2.4,972.0,0.0,38.95,23.87,24.26,24.48,1.85,
24,2025-11-08 15:00:00,6.05,2.47,840.0,0.0,36.81,24.41,24.59,24.79,1.95,
24,2025-11-08 16:00:00,5.75,3.05,796.6,0.0,39.67,24.27,24.65,25.04,1.87,
24,2025-11-08 17:00:00,6.58,3.73,607.1,0.0,43.8,22.61,23.25,23.8,1.61,
24,2025-11-08 18:00:00,6.58,3.64,441.0,0.0,50.91,20.31,21.01,22.1,1.23,
24,2025-11-08 19:00:00,6.12,3.16,252.1,0.0,58.01,17.41,18.62,19.82,0.91,
24,2025-11-08 20:00:00,4.32,1.29,18.64,0.0,64.47,15.83,16.27,16.77,0.66,
24,2025-11-08 21:00:00,1.78,0.23,0.0,0.0,69.94,14.15,14.9,15.6,0.51,
24,2025-11-08 22:00:00,2.98,0.79,0.0,0.0,70.66,14.82,14.92,15.02,0.5,
24,2025-11-08 23:00:00,2.52,0.84,0.0,0.0,72.72,14.13,14.33,14.65,0.45,
24,2025-11-09 00:00:00,2.75,1.02,0.0,0.0,73.18,13.76,13.9,14.05,0.43,
24,2025-11-09 01:00:00,2.22,0.47,0.0,0.0,73.85,13.51,13.6,13.67,0.41,
24,2025-11-09 02:00:00,2.22,0.66,0.0,0.0,75.26,12.79,13.02,13.34,0.37,
24,2025-11-09 03:00:00,2.3,0.53,0.0,0.0,77.34,12.63,12.68,12.72,0.33,
24,2025-11-09 04:00:00,1.4,0.37,0.0,0.0,81.05,12.51,12.55,12.59,0.28,
24,2025-11-09 05:00:00,2.08,0.61,0.0,0.0,81.03,12.26,12.46,12.58,0.28,
24,2025-11-09 06:00:00,1.85,0.37,2.39,0.0,85.05,11.87,11.99,12.17,0.21,
24,2025-11-09 07:00:00,1.55,0.33,21.67,0.0,89.2,11.7,11.79,11.86,0.15,
24,2025-11-09 08:00:00,1.18,0.23,69.44,0.0,91.17,11.65,11.73,11.86,0.12,
24,2025-11-09 09:00:00,1.32,0.32,109.7,0.0,89.85,11.96,12.09,12.27,0.14,
24,2025-11-09 10:00:00,1.55,0.37,329.7,0.0,82.46,12.51,13.0,13.72,0.27,
24,2025-11-09 11:00:00,1.7,0.44,612.0,0.0,66.72,14.72,15.67,16.68,0.6,
24,2025-11-09 12:00:00,2.75,1.15,1088.0,0.0,54.47,16.96,18.25,19.12,0.96,
24,2025-11-09 13:00:00,3.42,1.19,1020.0,0.0,48.2,19.61,19.85,20.36,1.2,
24,2025-11-09 14:00:00,3.5,1.17,948.0,0.0,42.44,20.92,21.35,21.82,1.46,
24,2025-11-09 15:00:00,3.65,1.58,888.0,0.0,37.27,22.24,22.73,23.24,1.73,
24,2025-11-09 16:00:00,3.5,1.79,764.2,0.0,34.29,23.35,23.58,23.85,1.91,
24,2025-11-09 17:00:00,3.42,1.28,593.9,0.0,32.38,23.72,23.98,24.26,2.02,
24,2025-11-09 18:00:00,3.65,1.76,392.4,0.0,33.86,23.31,23.58,23.91,1.93,
24,2025-11-09 19:00:00,4.1,1.39,185.2,0.0,39.52,20.59,21.82,22.9,1.59,
24,2025-11-09 20:00:00,3.5,0.31,12.6,0.0,50.39,17.35,18.8,19.97,1.08,
24,2025-11-09 21:00:00,4.47,1.82,0.0,0.0,55.59,16.04,16.91,17.72,0.86,
24,2025-11-09 22:00:00,2.9,0.71,0.0,0.0,61.28,14.33,14.73,15.17,0.65,
24,2025-11-09 23:00:00,1.25,0.07,0.0,0.0,69.92,11.45,12.75,13.88,0.45,
24,2025-11-10 00:00:00,0.8,0.09,0.0,0.0,80.31,9.34,10.06,11.15,0.25,
24,2025-11-10 01:00:00,1.1,0.08,0.0,0.0,85.33,8.31,8.59,8.96,0.17,
24,2025-11-10 02:00:00,0.88,0.02,0.0,0.0,87.65,7.44,7.79,8.19,0.13,
24,2025-11-10 03:00:00,0.8,0.02,0.0,0.0,89.15,7.3,7.46,7.61,0.11,
24,2025-11-10 04:00:00,0.42,0.01,0.0,0.0,89.6,6.6,6.92,7.33,0.11,
24,2025-11-10 05:00:00,0.42,0.0,0.0,0.0,90.83,5.97,6.22,6.44,0.09,
24,2025-11-10 06:00:00,0.72,0.01,11.11,0.0,91.85,5.41,5.55,5.74,0.08,
24,2025-11-10 07:00:00,0.88,0.06,199.1,0.0,86.47,5.72,7.84,10.65,0.15,
24,2025-11-10 08:00:00,2.15,0.7,389.1,0.0,73.85,11.55,12.3,13.04,0.38,
24,2025-11-10 09:00:00,3.12,1.22,584.1,0.0,67.43,13.96,14.46,14.96,0.54,
24,2025-11-10 10:00:00,3.88,1.55,750.9,0.0,62.14,15.55,16.17,16.76,0.7,
24,2025-11-10 11:00:00,3.95,1.57,873.0,0.0,55.83,17.39,18.13,18.85,0.92,
24,2025-11-10 12:00:00,4.18,2.17,947.0,0.0,53.16,19.19,19.66,20.11,1.07,
24,2025-11-10 13:00:00,4.62,1.85,962.0,0.0,48.96,20.56,21.21,21.9,1.29,
24,2025-11-10 14:00:00,4.03,1.88,950.0,0.0,45.2,22.0,22.71,23.18,1.52,
24,2025-11-10 15:00:00,5.08,1.82,858.0,0.0,44.53,23.25,23.68,24.16,1.63,
24,2025-11-10 16:00:00,4.7,1.72,751.2,0.0,39.05,24.37,24.62,25.08,1.89,
24,2025-11-10 17:00:00,4.85,2.14,590.3,0.0,37.79,24.59,24.72,24.85,1.94,
24,2025-11-10 18:00:00,5.98,2.66,342.0,0.0,40.39,22.01,23.27,24.42,1.71,
24,2025-11-10 19:00:00,4.85,2.67,174.9,0.0,46.49,19.34,20.33,21.38,1.28,
24,2025-11-10 20:00:00,4.03,1.66,15.42,0.0,50.89,17.37,18.04,18.97,1.02,
24,2025-11-10 21:00:00,3.28,1.04,0.0,0.0,54.74,15.85,16.52,17.08,0.86,
24,2025-11-10 22:00:00,1.32,0.11,0.0,0.0,64.1,13.33,14.21,15.17,0.59,
24,2025-11-10 23:00:00,4.18,1.37,0.0,0.0,66.66,13.11,13.29,13.39,0.51,
24,2025-11-11 00:00:00,2.98,0.95,0.0,0.0,70.18,12.33,12.58,12.99,0.44,
24,2025-11-11 01:00:00,2.45,0.48,0.0,0.0,72.21,11.69,12.09,12.41,0.39,
24,2025-11-11 02:00:00,0.88,0.07,0.0,0.0,78.58,10.52,10.74,11.1,0.28,
24,2025-11-11 03:00:00,1.25,0.14,0.0,0.0,79.21,10.09,10.41,10.65,0.26,
24,2025-11-11 04:00:00,2.0,0.63,0.0,0.0,73.05,10.87,11.58,11.93,0.37,
24,2025-11-11 05:00:00,0.88,0.05,0.0,0.0,77.62,10.93,11.21,11.56,0.3,
24,2025-11-11 06:00:00,2.38,0.58,13.28,0.0,80.46,10.54,10.85,11.27,0.26,
24,2025-11-11 07:00:00,2.82,0.77,203.0,0.0,80.79,10.07,10.66,11.56,0.25,
24,2025-11-11 08:00:00,4.03,2.15,390.5,0.0,72.1,12.44,12.74,13.19,0.41,
24,2025-11-11 09:00:00,4.32,2.38,585.5,0.0,66.15,13.39,14.11,14.79,0.55,
24,2025-11-11 10:00:00,4.32,2.05,755.6,0.0,62.33,15.05,15.72,16.54,0.67,
24,2025-11-11 11:00:00,5.45,2.82,886.0,0.0,55.59,17.03,17.6,18.01,0.9,
24,2025-11-11 12:00:00,6.5,3.65,959.0,0.0,51.0,18.32,18.64,19.1,1.05,
24,2025-11-11 13:00:00,6.58,3.44,978.0,0.0,43.69,19.31,19.88,20.47,1.31,
24,2025-11-11 14:00:00,6.2,3.44,964.0,0.0,38.01,20.76,21.28,21.71,1.57,
24,2025-11-11 15:00:00,5.38,3.02,895.0,0.0,30.33,22.11,22.52,22.96,1.9,
24,2025-11-11 16:00:00,5.15,3.14,768.6,0.0,27.86,23.06,23.23,23.39,2.06,
24,2025-11-11 17:00:00,6.12,3.19,593.7,0.0,26.69,23.17,23.24,23.42,2.09,
24,2025-11-11 18:00:00,5.6,3.1,397.8,0.0,29.76,22.44,22.76,22.99,1.95,
24,2025-11-11 19:00:00,5.08,3.1,183.7,0.0,33.78,20.63,21.44,22.1,1.7,
24,2025-11-11 20:00:00,4.78,2.66,13.46,0.0,38.73,18.84,19.5,20.1,1.39,
24,2025-11-11 21:00:00,4.62,2.05,0.0,0.0,42.9,17.39,18.18,18.78,1.2,
24,2025-11-11 22:00:00,4.1,2.1,0.0,0.0,50.97,15.87,16.17,16.68,0.9,
24,2025-11-11 23:00:00,5.15,3.07,0.0,0.0,55.58,15.32,15.62,15.81,0.79,
24,2025-11-12 00:00:00,4.92,2.77,0.0,0.0,63.36,14.36,14.7,15.05,0.62,
24,2025-11-12 01:00:00,5.68,3.27,0.0,0.0,69.86,13.05,13.5,14.05,0.47,
24,2025-11-12 02:00:00,5.45,2.97,0.0,0.0,74.04,11.74,12.16,12.68,0.37,
24,2025-11-12 03:00:00,5.52,2.8,0.0,0.0,76.6,10.85,11.19,11.56,0.31,
24,2025-11-12 04:00:00,4.1,2.17,0.0,0.0,80.58,10.01,10.31,10.6,0.24,
24,2025-11-12 05:00:00,3.95,1.35,0.0,0.0,84.03,9.08,9.59,9.92,0.19,
24,2025-11-12 06:00:00,2.15,0.4,11.86,0.0,87.55,6.84,7.63,8.91,0.13,
24,2025-11-12 07:00:00,3.2,0.73,197.2,0.0,86.28,6.32,7.91,9.88,0.15,
24,2025-11-12 08:00:00,3.28,1.75,399.9,0.0,75.6,10.48,11.3,11.98,0.33,
24,2025-11-12 09:00:00,3.42,1.97,596.3,0.0,69.85,12.49,13.32,14.32,0.46,
24,2025-11-12 10:00:00,4.32,2.4,768.0,0.0,63.9,14.55,15.33,16.13,0.63,
24,2025-11-12 11:00:00,5.22,2.7,898.0,0.0,50.27,16.89,17.84,18.97,1.02,
24,2025-11-12 12:00:00,5.52,2.76,971.0,0.0,40.83,19.75,20.61,21.29,1.44,
24,2025-11-12 13:00:00,5.75,3.54,983.0,0.0,41.06,21.57,21.82,22.06,1.54,
24,2025-11-12 14:00:00,5.75,3.61,974.0,0.0,33.3,22.59,23.03,23.58,1.88,
24,2025-11-12 15:00:00,6.28,3.76,910.0,0.0,28.92,23.84,24.32,24.7,2.16,
24,2025-11-12 16:00:00,6.12,4.1,785.7,0.0,24.64,24.51,24.67,24.77,2.34,
24,2025-11-12 17:00:00,6.42,3.66,616.1,0.0,22.86,24.83,24.91,25.0,2.43,
24,2025-11-12 18:00:00,6.05,3.53,413.4,0.0,26.65,24.21,24.46,24.63,2.25,
24,2025-11-12 19:00:00,5.82,3.16,198.1,0.0,31.6,22.6,23.4,23.93,1.97,
24,2025-11-12 20:00:00,4.25,2.23,13.37,0.0,38.94,20.93,21.26,21.82,1.54,
24,2025-11-12 21:00:00,3.72,2.12,0.0,0.0,41.83,19.85,20.31,20.79,1.39,
24,2025-11-12 22:00:00,3.72,1.79,0.0,0.0,45.73,18.34,19.09,19.62,1.2,
24,2025-11-12 23:00:00,2.52,1.09,0.0,0.0,52.5,14.28,16.83,17.88,0.93,
24,2025-11-13 00:00:00,3.05,1.07,0.0,0.0,52.93,13.11,15.26,17.04,0.83,
24,2025-11-13 01:00:00,5.6,2.51,0.0,0.0,51.15,16.11,16.56,16.85,0.92,
24,2025-11-13 02:00:00,6.12,3.11,0.0,0.0,57.5,14.69,15.24,15.77,0.74,
24,2025-11-13 03:00:00,5.3,2.6,0.0,0.0,65.79,13.09,13.7,14.3,0.54,
24,2025-11-13 04:00:00,5.08,2.42,0.0,0.0,71.85,12.17,12.59,12.93,0.41,
24,2025-11-13 05:00:00,3.8,1.47,0.0,0.0,77.58,10.5,11.17,11.91,0.3,
24,2025-11-13 06:00:00,3.2,0.74,12.05,0.0,82.61,7.7,9.31,10.94,0.21,
24,2025-11-13 07:00:00,1.18,0.19,203.2,0.0,76.35,7.98,9.47,11.62,0.29,
24,2025-11-13 08:00:00,2.15,0.55,407.7,0.0,66.65,12.48,13.52,14.4,0.52,
24,2025-11-13 09:00:00,3.2,1.33,602.9,0.0,61.0,15.01,15.76,16.61,0.7,
24,2025-11-13 10:00:00,3.65,1.61,771.3,0.0,53.76,17.36,18.42,19.15,0.98,
24,2025-11-13 11:00:00,5.0,2.13,898.0,0.0,49.43,19.7,20.58,21.36,1.23,
24,2025-11-13 12:00:00,4.78,2.42,976.0,0.0,43.63,22.03,22.67,23.23,1.56,
24,2025-11-13 13:00:00,5.38,2.63,991.0,0.0,37.89,23.99,24.58,25.27,1.92,
24,2025-11-13 14:00:00,5.52,3.53,983.0,0.0,35.88,25.49,26.04,26.41,2.17,
24,2025-11-13 15:00:00,6.88,4.07,903.0,0.0,30.75,26.39,26.87,27.45,2.45,
24,2025-11-13 16:00:00,5.82,3.73,798.6,0.0,29.08,27.46,27.58,27.75,2.62,
24,2025-11-13 17:00:00,5.38,3.3,591.9,0.0,27.94,26.54,26.88,27.5,2.55,
24,2025-11-13 18:00:00,5.68,3.41,474.9,0.0,32.11,26.25,26.86,27.58,2.4,
24,2025-11-13 19:00:00,7.1,3.41,220.0,0.0,36.71,24.57,25.14,25.88,2.03,
24,2025-11-13 20:00:00,4.1,2.38,11.8,0.0,42.46,22.64,23.33,23.98,1.65,
24,2025-11-13 21:00:00,3.58,1.95,0.0,0.0,45.07,21.81,22.04,22.36,1.46,
24,2025-11-13 22:00:00,2.82,1.2,0.0,0.0,47.26,20.63,21.19,21.73,1.33,
24,2025-11-13 23:00:00,0.95,0.13,0.0,0.0,62.89,14.22,15.56,17.71,0.66,
24,2025-11-14 00:00:00,4.25,0.89,0.0,0.0,57.39,13.95,15.96,19.26,0.8,
24,2025-11-14 01:00:00,4.18,2.08,0.0,0.0,46.88,18.42,18.87,19.27,1.16,
24,2025-11-14 02:00:00,4.92,2.45,0.0,0.0,49.64,17.25,17.78,18.34,1.03,
24,2025-11-14 03:00:00,3.95,1.62,0.0,0.0,58.34,14.28,15.92,16.88,0.76,
24,2025-11-14 04:00:00,0.88,0.11,0.0,0.0,78.22,9.86,10.89,12.22,0.29,
24,2025-11-14 05:00:00,1.1,0.08,0.0,0.0,84.13,8.63,9.0,9.57,0.18,
24,2025-11-14 06:00:00,0.0,0.0,13.0,0.0,86.95,7.96,8.05,8.11,0.14,
24,2025-11-14 07:00:00,1.02,0.18,194.9,0.0,79.15,8.24,10.11,12.36,0.27,
24,2025-11-14 08:00:00,1.7,0.48,394.5,0.0,64.4,14.14,15.35,16.66,0.63,
24,2025-11-14 09:00:00,2.08,0.67,586.4,0.0,55.46,17.21,18.21,19.14,0.94,
24,2025-11-14 10:00:00,2.3,0.99,751.2,0.0,48.55,19.61,20.73,21.89,1.26,
24,2025-11-14 11:00:00,2.98,1.14,874.0,0.0,43.6,22.56,23.2,23.76,1.61,
24,2025-11-14 12:00:00,3.72,1.33,949.0,0.0,38.07,24.19,25.02,25.7,1.97,
24,2025-11-14 13:00:00,4.03,1.62,966.0,0.0,37.87,26.01,26.5,27.09,2.15,
24,2025-11-14 14:00:00,4.78,2.3,956.0,0.0,38.08,27.32,27.62,27.97,2.29,
24,2025-11-14 15:00:00,5.15,2.67,878.0,0.0,37.98,27.93,27.98,28.06,2.34,
24,2025-11-14 16:00:00,5.0,2.68,745.9,0.0,38.0,27.69,28.01,28.14,2.35,
24,2025-11-14 17:00:00,5.75,2.95,578.4,0.0,39.32,25.79,26.6,27.23,2.12,
24,2025-11-14 18:00:00,5.22,2.5,387.3,0.0,43.56,23.49,24.49,25.41,1.74,
24,2025-11-14 19:00:00,4.62,1.78,181.0,0.0,46.92,21.27,22.26,23.02,1.43,
24,2025-11-14 20:00:00,3.58,0.81,17.26,0.0,54.87,18.45,19.43,20.39,1.02,
24,2025-11-14 21:00:00,1.7,0.45,0.0,0.0,62.37,16.73,17.31,18.0,0.75,
24,2025-11-14 22:00:00,1.32,0.24,0.0,0.0,68.85,15.26,15.6,16.22,0.55,
24,2025-11-14 23:00:00,0.95,0.05,0.0,0.0,75.31,13.41,14.19,14.99,0.41,
24,2025-11-15 00:00:00,1.92,0.15,0.0,0.0,81.05,12.29,12.74,13.18,0.28,
24,2025-11-15 01:00:00,1.32,0.1,0.0,0.0,86.15,11.21,11.63,11.98,0.19,
24,2025-11-15 02:00:00,1.32,0.1,0.0,0.0,88.85,10.87,10.95,11.04,0.15,
24,2025-11-15 03:00:00,1.55,0.24,0.0,0.0,89.73,10.56,10.66,10.77,0.13,
24,2025-11-15 04:00:00,1.4,0.11,0.0,0.0,88.98,10.5,10.79,11.06,0.15,
24,2025-11-15 05:00:00,1.55,0.39,0.0,0.0,88.43,11.06,11.08,11.13,0.15,
24,2025-11-15 06:00:00,1.78,0.32,4.53,0.0,88.95,10.9,10.99,11.11,0.15,
24,2025-11-15 07:00:00,1.92,0.58,37.14,0.0,88.28,11.02,11.08,11.11,0.16,
24,2025-11-15 08:00:00,1.92,0.63,64.07,0.0,87.28,11.13,11.32,11.54,0.17,
24,2025-11-15 09:00:00,1.48,0.28,108.7,0.0,84.3,11.59,11.82,12.05,0.22,
24,2025-11-15 10:00:00,1.62,0.37,208.0,0.0,80.11,12.22,12.56,12.98,0.29,
24,2025-11-15 11:00:00,1.48,0.4,414.2,0.0,76.02,13.24,13.71,14.32,0.38,
24,2025-11-15 12:00:00,2.6,0.73,938.0,0.0,66.17,15.32,16.35,17.73,0.64,
24,2025-11-15 13:00:00,2.9,1.09,951.0,0.0,56.21,18.46,19.61,20.6,1.01,
24,2025-11-15 14:00:00,3.8,1.15,943.0,0.0,52.67,20.71,21.89,22.81,1.25,
24,2025-11-15 15:00:00,3.2,1.33,873.0,0.0,45.89,23.36,24.19,24.76,1.64,
24,2025-11-15 16:00:00,4.62,1.92,746.7,0.0,43.16,25.19,25.36,25.48,1.84,
24,2025-11-15 17:00:00,4.85,2.22,579.7,0.0,42.74,25.46,25.48,25.51,1.87,
24,2025-11-15 18:00:00,4.03,2.08,403.7,0.0,44.08,24.68,25.09,25.32,1.79,
24,2025-11-15 19:00:00,4.1,1.78,167.0,0.0,47.52,22.5,23.94,24.66,1.57,
24,2025-11-15 20:00:00,3.95,1.19,19.33,0.0,55.87,19.64,20.54,21.56,1.07,
24,2025-11-15 21:00:00,2.82,0.61,0.0,0.0,63.1,17.34,17.96,18.71,0.76,
24,2025-11-15 22:00:00,1.48,0.19,0.0,0.0,69.72,15.15,16.09,16.74,0.56,
24,2025-11-15 23:00:00,1.18,0.19,0.0,0.0,75.98,14.32,14.36,14.41,0.39,
24,2025-11-16 00:00:00,1.62,0.13,0.0,0.0,76.27,14.2,14.36,14.5,0.39,
24,2025-11-16 01:00:00,1.32,0.19,0.0,0.0,75.94,14.57,14.67,14.78,0.4,
24,2025-11-16 02:00:00,4.25,1.82,0.0,0.0,63.22,14.93,16.01,16.72,0.68,
24,2025-11-16 03:00:00,4.1,1.7,0.0,0.0,64.64,15.55,15.92,16.27,0.64,
24,2025-11-16 04:00:00,3.8,1.82,0.0,0.0,69.18,15.24,15.36,15.43,0.54,
24,2025-11-16 05:00:00,3.8,1.65,0.0,0.0,74.26,14.24,14.66,15.07,0.43,
24,2025-11-16 06:00:00,4.47,2.47,14.06,0.0,79.74,13.85,13.98,14.09,0.33,
24,2025-11-16 07:00:00,4.32,2.25,188.1,0.0,80.56,13.8,14.08,14.49,0.31,
24,2025-11-16 08:00:00,4.62,2.15,388.1,0.0,73.31,15.0,15.68,16.38,0.48,
24,2025-11-16 09:00:00,4.92,2.16,582.8,0.0,67.53,16.51,17.09,17.72,0.64,
24,2025-11-16 10:00:00,4.55,1.92,749.1,0.0,62.73,18.18,18.64,19.02,0.8,
24,2025-11-16 11:00:00,3.28,1.36,876.0,0.0,55.02,19.55,20.62,21.58,1.1,
24,2025-11-16 12:00:00,5.6,2.89,954.0,0.0,52.55,22.1,22.36,22.68,1.28,
24,2025-11-16 13:00:00,6.28,4.13,976.0,0.0,50.9,22.71,22.9,23.22,1.37,
24,2025-11-16 14:00:00,6.65,3.84,962.0,0.0,45.66,23.38,23.77,24.02,1.6,
24,2025-11-16 15:00:00,6.58,3.46,893.0,0.0,38.04,24.24,24.68,24.97,1.93,
24,2025-11-16 16:00:00,5.75,3.18,773.6,0.0,32.37,25.29,25.4,25.45,2.2,
24,2025-11-16 17:00:00,6.95,3.75,606.6,0.0,30.37,25.34,25.48,25.7,2.27,
24,2025-11-16 18:00:00,5.82,3.37,411.6,0.0,31.04,24.9,25.14,25.32,2.2,
24,2025-11-16 19:00:00,5.6,2.9,183.5,0.0,35.16,23.53,24.23,24.78,1.96,
24,2025-11-16 20:00:00,4.32,2.05,16.13,0.0,39.86,21.62,22.15,22.95,1.61,
24,2025-11-16 21:00:00,3.95,1.98,0.0,0.0,42.46,20.7,21.01,21.48,1.43,
24,2025-11-16 22:00:00,3.88,2.01,0.0,0.0,49.83,18.98,19.3,19.96,1.13,
24,2025-11-16 23:00:00,2.08,0.63,0.0,0.0,58.3,16.38,17.12,18.16,0.82,
24,2025-11-17 00:00:00,3.58,1.71,0.0,0.0,49.98,16.96,17.55,17.88,1.01,
24,2025-11-17 01:00:00,3.35,1.28,0.0,0.0,53.39,15.87,16.57,17.32,0.88,
24,2025-11-17 02:00:00,3.35,1.43,0.0,0.0,51.35,16.01,16.62,17.05,0.92,
24,2025-11-17 03:00:00,4.03,2.28,0.0,0.0,51.0,15.72,16.18,16.41,0.9,
24,2025-11-17 04:00:00,3.8,1.88,0.0,0.0,56.71,14.72,15.05,15.41,0.74,
24,2025-11-17 05:00:00,4.4,1.83,0.0,0.0,59.58,13.64,14.05,14.47,0.65,
24,2025-11-17 06:00:00,3.58,1.89,12.14,0.0,63.04,12.79,13.04,13.34,0.56,
24,2025-11-17 07:00:00,4.32,1.69,205.7,0.0,62.57,12.47,13.23,13.95,0.57,
24,2025-11-17 08:00:00,4.47,2.17,416.3,0.0,58.23,14.49,15.19,16.13,0.72,
24,2025-11-17 09:00:00,4.03,2.3,578.8,0.0,51.17,16.82,17.86,18.77,1.0,
24,2025-11-17 10:00:00,5.82,2.79,744.2,0.0,47.25,18.82,19.69,20.43,1.21,
24,2025-11-17 11:00:00,5.82,3.16,933.0,0.0,43.54,20.54,21.13,21.45,1.42,
24,2025-11-17 12:00:00,5.75,3.36,750.1,0.0,46.06,20.91,21.72,22.76,1.4,
24,2025-11-17 13:00:00,6.2,3.75,892.0,0.0,42.36,23.19,23.51,23.94,1.67,
24,2025-11-17 14:00:00,6.05,3.51,939.0,0.0,40.67,23.67,24.32,25.24,1.81,
24,2025-11-17 15:00:00,6.5,3.73,932.0,0.0,31.62,25.62,26.21,26.68,2.33,
24,2025-11-17 16:00:00,6.05,3.49,829.0,0.0,22.43,27.2,27.65,27.9,2.87,
24,2025-11-17 17:00:00,7.1,3.87,589.4,0.0,23.45,27.23,27.5,27.81,2.81,
24,2025-11-17 18:00:00,5.98,3.66,394.7,0.0,25.0,26.83,27.05,27.2,2.68,
24,2025-11-17 19:00:00,5.9,3.31,186.0,0.0,28.49,24.78,25.7,26.5,2.37,
24,2025-11-17 20:00:00,5.38,2.94,24.15,0.0,33.51,22.92,23.61,24.23,1.94,
24,2025-11-17 21:00:00,3.88,2.35,0.01,0.0,38.8,21.22,21.93,22.61,1.62,
24,2025-11-17 22:00:00,4.25,2.39,0.0,0.0,42.96,20.33,20.66,20.93,1.39,
24,2025-11-17 23:00:00,4.18,1.95,0.0,0.0,46.99,19.27,19.64,20.08,1.21,
24,2025-11-18 00:00:00,5.68,2.97,0.0,0.0,51.11,18.49,18.79,19.13,1.06,
24,2025-11-18 01:00:00,5.0,2.68,0.0,0.0,55.29,17.65,17.97,18.18,0.92,
24,2025-11-18 02:00:00,3.2,1.6,0.0,0.0,58.85,16.66,17.06,17.4,0.8,
24,2025-11-18 03:00:00,3.72,1.49,0.0,0.0,63.32,15.98,16.08,16.3,0.67,
24,2025-11-18 04:00:00,3.58,1.22,0.0,0.0,67.54,14.57,14.92,15.66,0.55,
24,2025-11-18 05:00:00,3.28,1.64,0.0,0.0,69.59,14.65,14.96,15.24,0.52,
24,2025-11-18 06:00:00,5.15,2.17,14.28,0.0,73.83,14.23,14.37,14.46,0.43,
24,2025-11-18 07:00:00,4.1,2.17,199.9,0.0,74.12,14.24,14.67,15.21,0.44,
24,2025-11-18 08:00:00,5.15,2.67,397.9,0.0,70.22,15.44,15.86,16.39,0.54,
24,2025-11-18 09:00:00,5.0,2.77,583.1,0.0,67.08,16.88,17.36,17.96,0.65,
24,2025-11-18 10:00:00,5.0,2.91,748.6,0.0,60.77,18.28,18.99,19.86,0.86,
24,2025-11-18 11:00:00,5.6,2.94,872.0,0.0,54.42,20.24,20.89,21.57,1.13,
24,2025-11-18 12:00:00,5.75,3.03,939.0,0.0,50.3,22.23,22.88,23.31,1.39,
24,2025-11-18 13:00:00,5.38,3.4,968.0,0.0,45.39,23.53,23.97,24.51,1.63,
24,2025-11-18 14:00:00,6.65,3.62,962.0,0.0,42.62,24.68,25.07,25.3,1.83,
24,2025-11-18 15:00:00,6.58,3.47,895.0,0.0,37.23,25.73,26.28,26.71,2.15,
24,2025-11-18 16:00:00,6.35,3.72,776.5,0.0,33.65,27.01,27.2,27.44,2.39,
24,2025-11-18 17:00:00,5.9,3.45,611.3,0.0,31.23,27.68,27.73,27.81,2.56,
24,2025-11-18 18:00:00,5.75,3.1,413.0,0.0,30.7,27.33,27.58,27.71,2.56,
24,2025-11-18 19:00:00,5.52,2.7,198.3,0.0,32.34,25.71,26.53,27.09,2.35,
24,2025-11-18 20:00:00,3.8,2.09,17.23,0.0,36.04,23.86,24.43,25.1,1.96,
24,2025-11-18 21:00:00,5.38,2.79,0.01,0.0,37.28,22.76,23.16,23.75,1.78,
24,2025-11-18 22:00:00,4.18,2.46,0.0,0.0,41.17,20.72,21.63,22.4,1.52,
24,2025-11-18 23:00:00,4.62,2.58,0.0,0.0,45.16,19.79,20.25,20.6,1.3,
24,2025-11-19 00:00:00,4.85,2.91,0.0,0.0,49.83,18.61,19.1,19.55,1.11,
24,2025-11-19 01:00:00,4.85,2.65,0.0,0.0,53.29,17.75,18.08,18.41,0.97,
24,2025-11-19 02:00:00,3.88,1.97,0.0,0.0,56.8,16.63,17.03,17.38,0.84,
24,2025-11-19 03:00:00,3.65,1.2,0.0,0.0,62.26,15.05,15.78,16.51,0.68,
24,2025-11-19 04:00:00,2.6,0.69,0.0,0.0,72.12,12.42,13.75,15.46,0.45,
24,2025-11-19 05:00:00,1.02,0.07,0.01,0.0,81.28,10.92,11.06,11.23,0.25,
24,2025-11-19 06:00:00,1.85,0.29,12.97,0.0,79.27,9.73,11.53,13.07,0.29,
24,2025-11-19 07:00:00,2.6,0.54,204.6,0.0,75.41,10.29,12.47,14.4,0.37,
24,2025-11-19 08:00:00,2.68,1.1,405.9,0.0,62.79,14.98,16.14,17.23,0.69,
24,2025-11-19 09:00:00,2.75,1.09,597.8,0.0,56.5,17.69,18.38,19.36,0.92,
24,2025-11-19 10:00:00,2.15,0.62,762.6,0.0,47.82,20.45,21.41,22.45,1.33,
24,2025-11-19 11:00:00,2.98,1.26,882.0,0.0,40.75,23.21,24.0,24.95,1.77,
24,2025-11-19 12:00:00,4.78,1.32,936.0,0.0,41.59,25.23,25.81,26.41,1.94,
24,2025-11-19 13:00:00,4.32,1.73,966.0,0.0,39.49,26.53,26.86,27.28,2.14,
24,2025-11-19 14:00:00,5.38,2.32,950.0,0.0,36.27,27.66,28.01,28.32,2.41,
24,2025-11-19 15:00:00,5.22,2.74,871.0,0.0,32.66,28.66,28.81,29.05,2.67,
24,2025-11-19 16:00:00,4.92,2.41,761.8,0.0,30.59,29.11,29.25,29.31,2.82,
24,2025-11-19 17:00:00,3.65,1.77,583.0,0.0,30.62,29.6,29.67,29.75,2.89,
24,2025-11-19 18:00:00,6.28,2.75,398.8,0.0,39.4,26.49,27.79,29.45,2.27,
24,2025-11-19 19:00:00,5.3,2.77,226.8,0.0,44.9,23.69,24.8,25.98,1.73,
24,2025-11-19 20:00:00,6.05,1.93,20.59,0.0,49.61,21.06,21.82,22.69,1.32,
24,2025-11-19 21:00:00,1.32,0.27,0.0,0.0,55.0,18.46,19.56,20.71,1.03,
24,2025-11-19 22:00:00,1.92,0.26,0.0,0.0,63.88,15.97,17.05,18.29,0.71,
24,2025-11-19 23:00:00,1.7,0.28,0.0,0.0,65.0,16.02,16.21,16.47,0.64,
24,2025-11-20 00:00:00,2.22,0.63,0.0,0.0,64.22,16.25,16.39,16.56,0.67,
24,2025-11-20 01:00:00,0.35,0.0,0.0,0.0,68.87,15.77,15.97,16.26,0.57,
24,2025-11-20 02:00:00,1.85,0.5,0.0,0.0,73.02,14.49,15.1,15.65,0.47,
24,2025-11-20 03:00:00,2.3,0.58,0.0,0.0,80.19,13.39,13.72,14.05,0.31,
24,2025-11-20 04:00:00,2.0,0.18,0.0,0.0,84.8,12.75,12.91,13.07,0.23,
24,2025-11-20 05:00:00,1.48,0.27,0.0,0.0,87.63,12.28,12.42,12.66,0.18,
24,2025-11-20 06:00:00,1.25,0.27,5.56,0.0,87.33,12.31,12.36,12.41,0.18,
24,2025-11-20 07:00:00,2.52,0.71,46.57,0.0,86.55,12.24,12.45,12.65,0.19,
24,2025-11-20 08:00:00,2.6,1.17,104.4,0.0,83.75,12.82,13.07,13.31,0.25,
24,2025-11-20 09:00:00,2.15,0.4,156.2,0.0,80.39,13.3,13.76,14.1,0.31,
24,2025-11-20 10:00:00,2.22,0.71,252.3,0.0,76.2,14.43,14.72,15.18,0.4,
24,2025-11-20 11:00:00,2.3,0.62,327.1,0.0,72.61,15.32,15.72,16.15,0.49,
24,2025-11-20 12:00:00,2.98,1.12,414.0,0.0,68.3,16.68,17.05,17.31,0.62,
24,2025-11-20 13:00:00,2.9,1.58,558.0,0.0,65.27,17.62,18.09,18.62,0.72,
24,2025-11-20 14:00:00,3.8,1.32,950.0,0.0,56.98,19.51,20.38,21.17,1.03,
24,2025-11-20 15:00:00,2.6,0.93,962.0,0.0,49.17,22.19,22.58,22.98,1.39,
24,2025-11-20 16:00:00,2.68,1.02,704.3,0.0,44.07,23.16,23.76,24.17,1.65,
24,2025-11-20 17:00:00,2.15,0.86,613.7,0.0,42.41,24.58,24.84,25.12,1.81,
24,2025-11-20 18:00:00,2.68,0.85,411.8,0.0,41.65,25.2,25.36,25.5,1.89,
24,2025-11-20 19:00:00,3.42,1.67,189.3,0.0,44.94,23.1,24.11,24.95,1.66,
24,2025-11-20 20:00:00,2.38,1.14,19.44,0.0,49.21,20.19,21.43,22.49,1.3,
24,2025-11-20 21:00:00,1.92,0.19,0.02,0.0,60.37,16.43,18.47,19.99,0.86,
24,2025-11-20 22:00:00,0.95,0.12,0.0,0.0,73.4,14.57,15.09,15.64,0.46,
24,2025-11-20 23:00:00,0.95,0.05,0.0,0.0,80.99,12.59,13.52,14.73,0.3,
24,2025-11-21 00:00:00,1.32,0.15,0.0,0.0,84.0,11.46,11.78,12.09,0.22,
24,2025-11-21 01:00:00,1.32,0.25,0.0,0.0,85.53,11.24,11.55,11.75,0.2,
24,2025-11-21 02:00:00,2.75,0.8,0.0,0.0,70.35,12.32,13.74,15.13,0.47,
24,2025-11-21 03:00:00,2.6,0.88,0.0,0.0,74.11,11.59,12.95,15.43,0.39,
24,2025-11-21 04:00:00,2.6,0.97,0.0,0.0,67.34,13.46,14.05,14.64,0.52,
24,2025-11-21 05:00:00,2.6,0.7,0.01,0.0,75.59,10.87,12.55,13.46,0.36,
24,2025-11-21 06:00:00,1.02,0.1,13.6,0.0,83.95,8.34,9.81,11.0,0.2,
24,2025-11-21 07:00:00,1.02,0.16,210.8,0.0,78.98,8.28,10.54,13.27,0.29,
24,2025-11-21 08:00:00,2.68,0.84,408.8,0.0,63.06,14.85,15.48,16.44,0.65,
24,2025-11-21 09:00:00,2.38,0.92,600.5,0.0,54.79,17.03,18.2,19.54,0.95,
24,2025-11-21 10:00:00,2.52,1.0,770.1,0.0,45.6,20.28,21.32,22.59,1.39,
24,2025-11-21 11:00:00,2.9,0.74,901.0,0.0,37.67,22.97,24.35,25.88,1.91,
24,2025-11-21 12:00:00,3.42,1.11,978.0,0.0,29.62,25.99,27.0,28.03,2.51,
24,2025-11-21 13:00:00,4.1,1.7,992.0,0.0,25.16,28.16,28.94,29.58,2.99,
24,2025-11-21 14:00:00,4.78,2.33,985.0,0.0,23.05,29.96,30.37,30.68,3.33,
24,2025-11-21 15:00:00,5.38,3.02,908.0,0.0,22.85,30.84,30.95,31.05,3.45,
24,2025-11-21 16:00:00,4.7,2.61,785.4,0.0,21.84,31.29,31.42,31.52,3.59,
24,2025-11-21 17:00:00,5.38,2.82,614.2,0.0,21.81,31.42,31.54,31.6,3.62,
24,2025-11-21 18:00:00,4.78,2.62,418.6,0.0,22.35,30.57,30.93,31.3,3.48,
24,2025-11-21 19:00:00,3.8,2.2,192.9,0.0,23.42,28.61,29.53,30.19,3.17,
24,2025-11-21 20:00:00,3.35,0.84,19.4,0.0,32.88,23.97,25.61,27.66,2.22,
24,2025-11-21 21:00:00,1.02,0.07,0.02,0.0,45.13,20.09,21.71,23.42,1.44,
24,2025-11-21 22:00:00,1.25,0.27,0.0,0.0,51.57,17.78,18.41,18.91,1.03,
24,2025-11-21 23:00:00,0.95,0.1,0.0,0.0,58.99,15.79,16.41,17.45,0.77,
24,2025-11-22 00:00:00,1.4,0.23,0.0,0.0,62.17,14.91,15.29,15.66,0.66,
24,2025-11-22 01:00:00,1.25,0.25,0.0,0.0,64.25,13.64,14.19,14.56,0.58,
24,2025-11-22 02:00:00,1.55,0.09,0.0,0.0,71.94,12.22,12.95,13.9,0.42,
24,2025-11-22 03:00:00,0.88,0.02,0.0,0.0,79.93,10.47,11.1,11.67,0.27,
24,2025-11-22 04:00:00,0.8,0.03,0.0,0.0,82.5,9.72,9.91,10.17,0.21,
24,2025-11-22 05:00:00,0.42,0.0,0.01,0.0,83.93,9.21,9.52,9.73,0.19,
24,2025-11-22 06:00:00,0.0,0.0,14.66,0.0,86.68,8.72,8.86,9.01,0.15,
24,2025-11-22 07:00:00,1.1,0.1,205.3,0.0,75.0,8.93,11.69,14.56,0.36,
24,2025-11-22 08:00:00,2.3,0.74,401.8,0.0,57.22,15.95,17.32,18.34,0.85,
24,2025-11-22 09:00:00,3.95,1.58,594.4,0.0,46.74,19.07,20.74,21.9,1.31,
24,2025-11-22 10:00:00,2.68,1.35,761.6,0.0,39.93,22.68,23.51,24.3,1.74,
24,2025-11-22 11:00:00,2.68,0.99,889.0,0.0,34.03,24.79,25.86,26.66,2.21,
24,2025-11-22 12:00:00,3.58,1.41,957.0,0.0,31.08,27.19,27.94,28.61,2.6,
24,2025-11-22 13:00:00,4.62,2.21,975.0,0.0,24.99,29.24,29.76,30.36,3.14,
24,2025-11-22 14:00:00,4.55,2.39,964.0,0.0,24.09,30.69,31.01,31.55,3.41,
24,2025-11-22 15:00:00,4.1,2.1,903.0,0.0,20.56,31.51,32.03,32.5,3.79,
24,2025-11-22 16:00:00,3.65,1.4,782.8,0.0,22.35,32.68,32.94,33.27,3.89,
24,2025-11-22 17:00:00,5.08,2.22,611.3,0.0,25.89,31.3,32.22,32.58,3.58,
24,2025-11-22 18:00:00,5.68,2.98,418.6,0.0,37.05,27.82,28.94,30.06,2.52,
24,2025-11-22 19:00:00,4.32,0.95,193.1,0.0,41.73,25.26,26.35,26.94,2.0,
24,2025-11-22 20:00:00,2.3,0.43,20.68,0.0,51.25,21.49,22.79,24.22,1.36,
24,2025-11-22 21:00:00,1.48,0.21,0.03,0.0,60.59,18.69,19.54,20.79,0.9,
24,2025-11-22 22:00:00,1.48,0.36,0.0,0.0,65.23,16.74,17.64,18.43,0.71,
24,2025-11-22 23:00:00,1.92,0.14,0.0,0.0,74.4,14.58,15.52,16.81,0.46,
24,2025-11-23 00:00:00,0.42,0.01,0.0,0.0,80.49,13.23,13.63,13.97,0.31,
24,2025-11-23 01:00:00,0.72,0.02,0.0,0.0,85.08,12.57,12.83,13.04,0.22,
24,2025-11-23 02:00:00,0.0,0.0,0.0,0.0,87.93,11.13,11.54,12.16,0.17,
24,2025-11-23 03:00:00,0.88,0.02,0.0,0.0,89.05,9.83,10.35,10.86,0.14,
24,2025-11-23 04:00:00,0.5,0.01,0.0,0.0,90.23,9.36,9.58,9.81,0.12,
24,2025-11-23 05:00:00,0.28,0.0,0.01,0.0,92.03,8.78,8.95,9.12,0.09,
24,2025-11-23 06:00:00,0.72,0.01,9.12,0.0,95.75,9.74,10.18,10.67,0.06,
24,2025-11-23 07:00:00,1.02,0.06,103.1,0.0,96.48,11.06,11.14,11.24,0.05,
24,2025-11-23 08:00:00,1.4,0.29,442.8,0.0,92.18,11.54,12.34,13.56,0.12,
24,2025-11-23 09:00:00,2.38,0.79,594.4,0.0,73.85,14.84,16.14,16.94,0.48,
24,2025-11-23 10:00:00,2.6,1.12,757.4,0.0,66.58,17.01,18.05,19.15,0.7,
24,2025-11-23 11:00:00,3.95,1.05,883.0,0.0,57.94,19.59,20.7,21.86,1.03,
24,2025-11-23 12:00:00,3.42,1.44,959.0,0.0,53.23,22.63,23.17,23.66,1.33,
24,2025-11-23 13:00:00,3.8,1.59,973.0,0.0,47.66,24.35,25.0,25.64,1.66,
24,2025-11-23 14:00:00,4.1,2.03,965.0,0.0,46.88,26.25,26.47,26.69,1.84,
24,2025-11-23 15:00:00,5.22,2.68,899.0,0.0,45.69,26.88,27.15,27.28,1.96,
24,2025-11-23 16:00:00,5.9,2.82,777.1,0.0,45.46,27.15,27.3,27.49,1.98,
24,2025-11-23 17:00:00,4.47,2.53,613.6,0.0,44.79,26.91,27.14,27.27,1.99,
24,2025-11-23 18:00:00,4.62,2.29,416.9,0.0,46.66,25.39,26.04,26.67,1.8,
24,2025-11-23 19:00:00,4.18,1.76,188.6,0.0,51.41,23.1,23.88,24.52,1.44,
24,2025-11-23 20:00:00,2.38,0.62,21.46,0.0,59.76,19.45,20.62,21.88,0.98,
24,2025-11-23 21:00:00,2.75,0.64,0.04,0.0,66.74,17.37,18.21,18.95,0.7,
24,2025-11-23 22:00:00,1.55,0.25,0.0,0.0,74.25,15.57,16.33,16.89,0.48,
24,2025-11-23 23:00:00,1.7,0.17,0.0,0.0,79.88,14.32,14.76,15.2,0.34,
24,2025-11-24 00:00:00,1.62,0.17,0.0,0.0,83.93,13.21,13.7,14.14,0.25,
24,2025-11-24 01:00:00,0.65,0.01,0.0,0.0,88.13,12.42,12.63,12.97,0.17,
24,2025-11-24 02:00:00,0.88,0.04,0.0,0.0,89.48,11.06,11.56,12.03,0.15,
24,2025-11-24 03:00:00,0.72,0.01,0.0,0.0,91.0,10.5,10.66,10.82,0.12,
24,2025-11-24 04:00:00,0.88,0.05,0.0,0.0,91.48,9.53,9.85,10.36,0.1,
24,2025-11-24 05:00:00,0.72,0.03,0.01,0.0,93.25,9.48,9.97,10.66,0.09,
24,2025-11-24 06:00:00,0.8,0.03,6.51,0.0,92.48,11.25,11.81,12.2,0.1,
24,2025-11-24 07:00:00,1.18,0.17,54.58,0.0,92.08,12.18,12.24,12.37,0.12,
24,2025-11-24 08:00:00,1.92,0.36,88.5,0.0,90.98,12.45,12.69,12.87,0.13,
24,2025-11-24 09:00:00,2.08,0.51,141.3,0.0,87.15,13.1,13.35,13.7,0.2,
24,2025-11-24 10:00:00,1.78,0.35,283.9,0.0,82.32,13.84,14.36,14.97,0.29,
24,2025-11-24 11:00:00,2.45,0.86,916.0,0.0,71.87,15.61,16.8,18.1,0.54,
24,2025-11-24 12:00:00,2.98,1.06,949.0,0.0,62.99,19.11,19.93,20.77,0.87,
24,2025-11-24 13:00:00,2.98,1.27,970.0,0.0,55.91,21.34,22.2,23.22,1.18,
24,2025-11-24 14:00:00,3.35,1.26,961.0,0.0,51.51,23.6,24.5,25.22,1.49,
24,2025-11-24 15:00:00,4.1,1.82,900.0,0.0,49.74,25.71,25.98,26.2,1.69,
24,2025-11-24 16:00:00,4.7,2.48,772.9,0.0,50.23,26.12,26.41,26.55,1.72,
24,2025-11-24 17:00:00,4.7,2.45,607.2,0.0,49.13,25.97,26.22,26.4,1.73,
24,2025-11-24 18:00:00,4.4,2.29,417.2,0.0,51.24,23.99,24.96,25.69,1.54,
24,2025-11-24 19:00:00,4.03,1.33,187.9,0.0,56.54,21.63,22.41,23.08,1.18,
24,2025-11-24 20:00:00,1.78,0.28,24.26,0.0,65.14,18.49,19.53,20.55,0.8,
24,2025-11-24 21:00:00,1.78,0.26,0.05,0.0,72.53,16.27,17.05,17.88,0.54,
24,2025-11-24 22:00:00,0.95,0.08,0.0,0.0,79.19,14.68,15.23,15.86,0.36,
24,2025-11-24 23:00:00,0.72,0.03,0.0,0.0,84.55,13.0,13.62,14.28,0.24,
24,2025-11-25 00:00:00,1.1,0.05,0.0,0.0,88.1,12.61,12.74,12.81,0.18,
24,2025-11-25 01:00:00,0.72,0.01,0.0,0.0,89.25,11.25,11.66,12.1,0.15,
24,2025-11-25 02:00:00,0.95,0.03,0.0,0.0,90.4,10.33,10.7,11.07,0.13,
24,2025-11-25 03:00:00,0.0,0.0,0.0,0.0,90.7,10.2,11.13,12.22,0.13,
24,2025-11-25 04:00:00,1.62,0.3,0.0,0.0,87.13,12.78,12.9,12.98,0.19,
24,2025-11-25 05:00:00,1.62,0.16,0.0,0.0,87.55,12.81,12.87,12.92,0.19,
24,2025-11-25 06:00:00,1.48,0.27,5.62,0.0,88.48,12.82,12.88,12.94,0.17,
24,2025-11-25 07:00:00,1.32,0.23,38.22,0.0,88.2,12.9,13.02,13.12,0.18,
24,2025-11-25 08:00:00,1.55,0.36,92.4,0.0,87.83,13.22,13.31,13.42,0.19,
24,2025-11-25 09:00:00,1.85,0.53,138.7,0.0,85.13,13.5,13.87,14.14,0.24,
24,2025-11-25 10:00:00,2.15,0.86,232.5,0.0,82.48,14.28,14.62,14.95,0.29,
24,2025-11-25 11:00:00,2.52,1.0,438.2,0.0,78.0,15.43,15.86,16.37,0.4,
24,2025-11-25 12:00:00,3.35,1.17,744.2,0.0,70.97,16.66,17.66,18.65,0.59,
24,2025-11-25 13:00:00,3.42,1.47,1101.0,0.0,64.57,19.71,20.01,20.34,0.83,
24,2025-11-25 14:00:00,4.32,1.82,969.0,0.0,61.64,20.59,21.06,21.67,0.96,
24,2025-11-25 15:00:00,4.4,2.09,883.0,0.0,58.85,21.96,22.24,22.42,1.11,
24,2025-11-25 16:00:00,4.55,2.32,767.0,0.0,57.66,22.41,22.49,22.53,1.15,
24,2025-11-25 17:00:00,5.3,2.25,599.1,0.0,59.31,21.78,22.03,22.32,1.08,
24,2025-11-25 18:00:00,5.15,1.9,407.0,0.0,62.0,20.74,21.06,21.3,0.95,
24,2025-11-25 19:00:00,3.12,1.53,184.5,0.0,66.8,18.75,19.74,20.38,0.77,
24,2025-11-25 20:00:00,3.42,0.72,26.67,0.0,74.68,16.78,17.29,17.99,0.5,
24,2025-11-25 21:00:00,0.95,0.05,0.05,0.0,79.61,15.25,15.9,16.4,0.37,
24,2025-11-25 22:00:00,1.32,0.09,0.0,0.0,84.48,13.7,14.12,14.61,0.25,
24,2025-11-25 23:00:00,1.55,0.17,0.0,0.0,87.53,12.93,13.13,13.33,0.19,
24,2025-11-26 00:00:00,0.57,0.01,0.0,0.0,87.9,12.53,12.8,13.02,0.18,
24,2025-11-26 01:00:00,0.88,0.05,0.0,0.0,84.98,13.28,13.9,14.32,0.24,
24,2025-11-26 02:00:00,0.72,0.01,0.0,0.0,82.4,14.53,14.74,14.91,0.3,
24,2025-11-26 03:00:00,1.02,0.04,0.0,0.0,81.28,14.84,14.87,14.89,0.32,
24,2025-11-26 04:00:00,1.25,0.23,0.0,0.0,83.38,14.63,14.78,14.91,0.28,
24,2025-11-26 05:00:00,1.18,0.19,0.0,0.0,84.0,14.66,14.69,14.71,0.27,
24,2025-11-26 06:00:00,1.92,0.64,7.04,0.0,85.68,14.42,14.53,14.66,0.24,
24,2025-11-26 07:00:00,2.0,0.83,39.46,0.0,89.2,14.23,14.29,14.35,0.18,
24,2025-11-26 08:00:00,2.38,0.52,71.99,0.0,88.63,14.32,14.54,14.82,0.19,
24,2025-11-26 09:00:00,2.6,1.2,98.7,0.0,88.75,14.4,14.59,14.89,0.19,
24,2025-11-26 10:00:00,2.3,1.11,162.1,0.0,85.75,14.59,14.85,15.09,0.24,
24,2025-11-26 11:00:00,2.15,0.61,254.7,0.0,79.55,15.5,15.95,16.57,0.37,
24,2025-11-26 12:00:00,2.08,0.52,250.1,0.0,75.1,16.73,16.97,17.35,0.48,
24,2025-11-26 13:00:00,1.92,0.48,406.1,0.0,68.48,17.77,18.45,19.07,0.67,
24,2025-11-26 14:00:00,2.6,0.8,417.9,0.0,64.31,19.12,19.7,20.05,0.82,
24,2025-11-26 15:00:00,2.75,1.08,357.4,0.0,64.49,19.94,20.03,20.2,0.83,
24,2025-11-26 16:00:00,2.22,0.82,386.0,0.0,61.02,20.46,20.71,20.91,0.95,
24,2025-11-26 17:00:00,2.68,1.06,512.0,0.0,60.4,20.84,21.44,21.73,1.01,
24,2025-11-26 18:00:00,3.65,1.56,381.4,0.0,61.51,21.17,21.45,21.62,0.99,
24,2025-11-26 19:00:00,2.22,1.02,199.9,0.0,63.09,20.37,20.88,21.21,0.91,
24,2025-11-26 20:00:00,2.6,0.41,24.25,0.0,70.28,17.33,18.51,19.52,0.63,
24,2025-11-26 21:00:00,4.18,1.26,0.03,0.0,67.65,16.32,16.95,17.59,0.62,
24,2025-11-26 22:00:00,0.95,0.06,0.0,0.0,77.5,13.99,14.89,15.79,0.39,
24,2025-11-26 23:00:00,0.95,0.1,0.0,0.0,81.75,13.38,13.54,13.65,0.28,
24,2025-11-27 00:00:00,1.02,0.12,0.0,0.0,88.2,10.84,11.49,12.71,0.16,
24,2025-11-27 01:00:00,0.0,0.0,0.0,0.0,91.15,9.45,10.11,10.68,0.11,
24,2025-11-27 02:00:00,0.28,0.0,0.0,0.0,92.4,8.58,9.0,9.36,0.09,
24,2025-11-27 03:00:00,0.57,0.01,0.0,0.0,93.03,8.07,8.29,8.44,0.08,
24,2025-11-27 04:00:00,0.28,0.0,0.0,0.0,94.08,8.22,8.49,8.96,0.07,
24,2025-11-27 05:00:00,1.02,0.04,0.01,0.0,93.68,8.85,8.98,9.11,0.07,
24,2025-11-27 06:00:00,0.72,0.02,29.85,0.0,93.98,8.98,9.02,9.11,0.07,
24,2025-11-27 07:00:00,0.5,0.0,174.9,0.0,91.15,9.37,10.46,12.18,0.12,
24,2025-11-27 08:00:00,3.12,1.13,299.9,0.0,78.36,13.56,14.08,14.33,0.35,
24,2025-11-27 09:00:00,3.35,1.7,509.1,0.0,74.09,14.97,15.43,15.95,0.46,
24,2025-11-27 10:00:00,2.75,1.47,767.4,0.0,67.76,16.07,17.08,18.37,0.63,
24,2025-11-27 11:00:00,2.98,1.17,903.0,0.0,60.13,19.07,19.82,20.47,0.92,
24,2025-11-27 12:00:00,2.98,1.0,1029.0,0.0,52.28,21.42,22.47,23.59,1.3,
24,2025-11-27 13:00:00,2.98,1.09,1084.0,0.0,45.06,24.19,25.16,26.02,1.76,
24,2025-11-27 14:00:00,4.47,1.34,1084.0,0.0,41.95,26.71,27.19,27.62,2.1,
24,2025-11-27 15:00:00,3.42,1.63,1012.0,0.0,38.85,28.03,28.64,28.98,2.4,
24,2025-11-27 16:00:00,4.25,2.34,810.0,0.0,36.73,28.77,28.96,29.09,2.53,
24,2025-11-27 17:00:00,4.25,2.12,614.0,0.0,35.66,28.66,28.84,29.0,2.56,
24,2025-11-27 18:00:00,5.3,2.7,350.2,0.0,36.7,25.86,26.83,27.98,2.24,
24,2025-11-27 19:00:00,5.15,2.41,207.7,0.0,45.75,23.3,24.33,25.31,1.66,
24,2025-11-27 20:00:00,5.0,1.95,47.58,0.0,53.3,19.94,21.05,22.28,1.17,
24,2025-11-27 21:00:00,2.38,0.4,0.1,0.0,61.22,17.68,18.63,19.58,0.84,
24,2025-11-27 22:00:00,1.7,0.22,0.0,0.0,67.99,15.94,16.58,17.18,0.61,
24,2025-11-27 23:00:00,1.32,0.2,0.0,0.0,74.7,13.99,14.81,15.51,0.43,
24,2025-11-28 00:00:00,0.8,0.03,0.0,0.0,80.51,12.73,13.04,13.35,0.29,
24,2025-11-28 01:00:00,0.72,0.02,0.0,0.0,84.78,11.14,11.73,12.29,0.21,
24,2025-11-28 02:00:00,0.65,0.02,0.0,0.0,86.98,10.6,10.66,10.79,0.17,
24,2025-11-28 03:00:00,0.5,0.0,0.0,0.0,88.08,9.52,9.92,10.43,0.15,
24,2025-11-28 04:00:00,0.88,0.03,0.0,0.0,90.4,8.67,8.97,9.3,0.11,
24,2025-11-28 05:00:00,1.02,0.06,0.01,0.0,90.75,8.53,8.66,8.73,0.1,
24,2025-11-28 06:00:00,0.0,0.0,15.0,0.0,91.95,8.23,8.31,8.4,0.09,
24,2025-11-28 07:00:00,0.72,0.01,120.2,0.0,88.18,8.86,10.03,11.25,0.15,
24,2025-11-28 08:00:00,1.85,0.48,300.6,0.0,70.94,13.13,14.0,14.66,0.46,
24,2025-11-28 09:00:00,2.6,0.67,440.2,0.0,65.95,14.99,15.84,16.64,0.61,
24,2025-11-28 10:00:00,3.2,1.63,512.0,0.0,61.36,16.83,17.11,17.52,0.75,
24,2025-11-28 11:00:00,4.25,1.84,855.0,0.0,57.52,17.83,18.53,19.32,0.91,
24,2025-11-28 12:00:00,2.98,1.2,1115.0,0.0,53.94,19.57,20.11,20.75,1.09,
24,2025-11-28 13:00:00,3.28,1.45,1074.0,0.0,50.96,20.97,21.38,22.13,1.25,
24,2025-11-28 14:00:00,3.58,1.54,1032.0,0.0,46.93,22.33,22.97,23.7,1.49,
24,2025-11-28 15:00:00,4.1,1.9,967.0,0.0,40.37,23.99,24.48,24.79,1.84,
24,2025-11-28 16:00:00,4.4,2.2,847.0,0.0,39.18,25.15,25.35,25.46,1.97,
24,2025-11-28 17:00:00,4.85,2.65,672.1,0.0,38.3,24.7,25.03,25.25,1.96,
24,2025-11-28 18:00:00,5.22,2.83,468.1,0.0,39.42,23.24,23.76,24.37,1.78,
24,2025-11-28 19:00:00,5.22,2.19,248.4,0.0,40.65,21.69,22.35,22.92,1.61,
24,2025-11-28 20:00:00,4.55,1.58,27.8,0.0,45.97,19.39,20.11,20.92,1.28,
24,2025-11-28 21:00:00,3.2,0.8,0.12,0.0,52.57,17.61,18.17,18.67,0.99,
24,2025-11-28 22:00:00,2.38,0.65,0.0,0.0,58.6,15.89,16.43,17.25,0.78,
24,2025-11-28 23:00:00,2.38,0.61,0.0,0.0,66.04,14.06,14.69,15.54,0.57,
24,2025-11-29 00:00:00,2.52,0.28,0.0,0.0,69.98,13.34,13.62,13.77,0.47,
24,2025-11-29 01:00:00,1.18,0.12,0.0,0.0,78.77,10.41,11.63,12.94,0.3,
24,2025-11-29 02:00:00,0.65,0.01,0.0,0.0,85.0,9.07,9.64,10.07,0.18,
24,2025-11-29 03:00:00,0.8,0.02,0.0,0.0,87.03,8.68,8.79,8.9,0.15,
24,2025-11-29 04:00:00,1.18,0.1,0.0,0.0,86.53,8.53,8.71,8.87,0.15,
24,2025-11-29 05:00:00,0.0,0.0,0.02,0.0,88.6,7.68,8.06,8.56,0.12,
24,2025-11-29 06:00:00,1.02,0.04,18.14,0.0,89.85,7.64,7.81,7.89,0.11,
24,2025-11-29 07:00:00,0.8,0.03,226.6,0.0,80.88,8.16,10.11,12.45,0.25,
24,2025-11-29 08:00:00,1.7,0.13,436.5,0.0,62.96,13.79,15.47,17.0,0.66,
24,2025-11-29 09:00:00,2.68,0.67,645.8,0.0,56.25,16.85,17.63,18.37,0.89,
24,2025-11-29 10:00:00,2.52,0.8,816.0,0.0,48.64,18.63,19.51,20.19,1.17,
24,2025-11-29 11:00:00,3.42,1.16,951.0,0.0,45.21,20.74,21.44,22.21,1.4,
24,2025-11-29 12:00:00,3.8,1.46,1030.0,0.0,42.77,22.5,23.18,23.61,1.63,
24,2025-11-29 13:00:00,5.3,2.06,1046.0,0.0,41.22,23.84,24.17,24.54,1.77,
24,2025-11-29 14:00:00,4.62,2.33,1043.0,0.0,37.75,25.1,25.29,25.57,2.01,
24,2025-11-29 15:00:00,5.08,2.5,956.0,0.0,34.04,25.66,25.91,26.16,2.21,
24,2025-11-29 16:00:00,5.52,2.89,853.0,0.0,36.52,25.54,25.85,26.02,2.12,
24,2025-11-29 17:00:00,6.88,3.61,695.7,0.0,37.01,24.56,24.75,25.02,1.96,
24,2025-11-29 18:00:00,5.98,3.31,476.0,0.0,41.19,22.78,23.48,24.01,1.7,
24,2025-11-29 19:00:00,6.35,2.96,253.6,0.0,46.07,20.81,21.6,22.38,1.39,
24,2025-11-29 20:00:00,5.68,2.37,30.49,0.0,50.81,18.74,19.32,20.04,1.11,
24,2025-11-29 21:00:00,2.52,0.61,0.08,0.0,54.9,17.58,17.97,18.44,0.93,
24,2025-11-29 22:00:00,2.52,0.63,0.0,0.0,57.52,17.03,17.25,17.5,0.84,
24,2025-11-29 23:00:00,1.78,0.31,0.0,0.0,58.72,17.04,17.2,17.3,0.81,
24,2025-11-30 00:00:00,2.45,0.62,0.0,0.0,64.09,15.61,16.35,16.91,0.67,
24,2025-11-30 01:00:00,1.25,0.11,0.0,0.0,71.23,14.54,14.81,15.11,0.49,
24,2025-11-30 02:00:00,0.95,0.07,0.0,0.0,76.2,13.42,13.78,14.21,0.38,
24,2025-11-30 03:00:00,1.4,0.13,0.0,0.0,82.13,11.27,11.84,12.65,0.25,
24,2025-11-30 04:00:00,1.25,0.13,0.0,0.0,85.35,10.37,10.68,11.0,0.19,
24,2025-11-30 05:00:00,1.02,0.02,0.01,0.0,87.98,8.79,9.52,10.43,0.15,
24,2025-11-30 06:00:00,1.1,0.15,21.75,0.0,89.28,8.89,9.12,9.52,0.13,
24,2025-11-30 07:00:00,1.4,0.18,102.9,0.0,81.63,10.12,11.71,13.28,0.26,
24,2025-11-30 08:00:00,1.78,0.29,364.0,0.0,69.74,14.15,15.07,15.88,0.52,
24,2025-11-30 09:00:00,2.98,1.04,745.5,0.0,62.73,16.38,17.26,18.02,0.74,
24,2025-11-30 10:00:00,3.72,1.53,951.0,0.0,55.67,18.66,19.19,19.78,0.99,
24,2025-11-30 11:00:00,4.03,1.5,991.0,0.0,52.35,19.82,20.33,21.03,1.14,
24,2025-11-30 12:00:00,3.88,1.11,1059.0,0.0,46.09,21.74,22.34,23.09,1.46,
24,2025-11-30 13:00:00,3.5,1.4,1061.0,0.0,35.15,23.83,24.47,25.14,1.99,
24,2025-11-30 14:00:00,9.35,1.38,1056.0,0.0,30.09,25.06,25.69,26.39,2.31,
24,2025-11-30 15:00:00,3.95,1.87,990.0,0.0,27.6,26.52,26.72,26.95,2.54,
24,2025-11-30 16:00:00,5.0,1.99,863.0,0.0,29.69,26.6,26.7,26.82,2.46,
24,2025-11-30 17:00:00,3.58,1.48,647.1,0.0,27.87,26.8,26.92,27.06,2.56,
24,2025-11-30 18:00:00,4.18,1.64,480.0,0.0,29.21,25.65,26.49,27.03,2.45,
24,2025-11-30 19:00:00,4.85,2.62,260.3,0.0,39.79,22.82,24.15,25.37,1.82,
24,2025-11-30 20:00:00,4.78,2.19,29.36,0.0,47.72,20.6,21.36,22.1,1.33,
24,2025-11-30 21:00:00,3.65,1.85,0.17,0.0,52.79,19.05,19.53,20.04,1.07,
24,2025-11-30 22:00:00,4.03,2.09,0.0,0.0,55.08,18.15,18.51,18.8,0.96,
24,2025-11-30 23:00:00,3.65,1.91,0.0,0.0,57.6,17.42,17.71,17.87,0.86,
24,2025-12-01 00:00:00,5.0,2.38,0.0,0.0,58.81,16.88,17.13,17.32,0.81,
24,2025-12-01 01:00:00,4.55,2.51,0.0,0.0,63.32,15.5,15.99,16.5,0.67,
24,2025-12-01 02:00:00,3.65,1.58,0.0,0.0,67.96,14.17,14.64,15.16,0.54,
24,2025-12-01 03:00:00,2.45,0.45,0.0,0.0,73.62,12.94,13.32,13.75,0.41,
24,2025-12-01 04:00:00,2.52,0.53,0.0,0.0,78.29,10.75,11.9,13.03,0.31,
24,2025-12-01 05:00:00,3.05,1.59,0.03,0.0,78.93,11.96,12.18,12.38,0.3,
24,2025-12-01 06:00:00,2.0,0.45,16.9,0.0,84.1,9.96,10.85,11.82,0.21,
24,2025-12-01 07:00:00,0.95,0.15,225.7,0.0,78.59,9.76,11.19,13.04,0.29,
24,2025-12-01 08:00:00,1.32,0.26,447.1,0.0,64.38,13.75,15.23,16.42,0.62,
24,2025-12-01 09:00:00,2.68,0.93,651.1,0.0,57.73,17.06,17.71,18.46,0.86,
24,2025-12-01 10:00:00,3.28,1.35,825.0,0.0,51.64,19.11,19.86,20.7,1.12,
24,2025-12-01 11:00:00,4.32,1.65,956.0,0.0,47.47,21.2,22.11,22.8,1.4,
24,2025-12-01 12:00:00,4.4,2.21,1035.0,0.0,40.57,23.59,24.02,24.7,1.78,
24,2025-12-01 13:00:00,4.1,1.87,1054.0,0.0,34.77,25.26,26.04,26.84,2.2,
24,2025-12-01 14:00:00,4.32,2.09,1052.0,0.0,33.99,26.84,27.22,27.52,2.39,
24,2025-12-01 15:00:00,5.15,2.3,942.0,0.0,34.42,27.39,27.54,27.81,2.41,
24,2025-12-01 16:00:00,5.68,2.6,849.0,0.0,32.99,27.91,27.99,28.08,2.54,
24,2025-12-01 17:00:00,4.55,2.36,602.3,0.0,32.72,27.44,27.72,28.13,2.5,
24,2025-12-01 18:00:00,3.88,2.01,309.9,0.0,34.85,26.11,26.9,27.73,2.31,
24,2025-12-01 19:00:00,4.1,1.38,126.0,0.0,38.88,24.32,24.95,25.5,1.93,
24,2025-12-01 20:00:00,4.18,2.05,30.52,0.0,41.34,22.05,22.8,23.58,1.63,
24,2025-12-01 21:00:00,3.88,1.61,0.07,0.0,44.16,20.83,21.3,21.7,1.42,
24,2025-12-01 22:00:00,2.15,0.53,0.0,0.0,48.87,18.95,19.8,20.35,1.19,
24,2025-12-01 23:00:00,1.25,0.09,0.0,0.0,55.29,17.9,18.1,18.34,0.93,
24,2025-12-02 00:00:00,1.85,0.2,0.0,0.0,58.15,17.24,17.42,17.69,0.83,
24,2025-12-02 01:00:00,5.0,2.01,0.0,0.0,53.89,17.64,18.15,18.44,0.96,
24,2025-12-02 02:00:00,4.32,2.27,0.0,0.0,55.03,17.65,17.97,18.25,0.93,
24,2025-12-02 03:00:00,4.47,2.33,0.0,0.0,59.61,16.44,16.92,17.37,0.78,
24,2025-12-02 04:00:00,4.03,2.2,0.0,0.0,66.51,15.19,15.55,16.07,0.59,
24,2025-12-02 05:00:00,4.18,2.02,0.01,0.0,71.85,14.31,14.75,15.16,0.47,
24,2025-12-02 06:00:00,2.6,1.08,21.32,0.0,76.32,13.21,13.59,14.03,0.37,
24,2025-12-02 07:00:00,2.15,0.5,222.5,0.0,68.65,13.8,14.83,15.88,0.53,
24,2025-12-02 08:00:00,1.7,0.47,446.8,0.0,62.64,16.86,17.29,17.9,0.74,
24,2025-12-02 09:00:00,2.45,0.84,642.8,0.0,55.04,18.36,19.41,20.45,1.02,
24,2025-12-02 10:00:00,4.25,1.94,816.0,0.0,52.2,20.37,20.95,21.42,1.19,
24,2025-12-02 11:00:00,4.85,2.54,949.0,0.0,48.24,21.92,22.63,23.36,1.42,
24,2025-12-02 12:00:00,5.98,3.16,1026.0,0.0,41.5,24.0,24.5,25.05,1.8,
24,2025-12-02 13:00:00,5.98,3.78,1050.0,0.0,35.68,25.74,26.11,26.59,2.18,
24,2025-12-02 14:00:00,6.35,3.64,1041.0,0.0,32.94,26.62,27.09,27.57,2.41,
24,2025-12-02 15:00:00,6.58,3.49,976.0,0.0,28.13,27.71,28.0,28.23,2.72,
24,2025-12-02 16:00:00,5.3,3.01,860.0,0.0,25.02,28.29,28.63,28.91,2.94,
24,2025-12-02 17:00:00,5.3,2.82,696.1,0.0,23.86,29.04,29.11,29.26,3.07,
24,2025-12-02 18:00:00,5.3,2.96,491.1,0.0,24.09,28.48,28.71,29.06,2.99,
24,2025-12-02 19:00:00,4.92,2.87,268.2,0.0,27.46,26.89,27.57,28.13,2.68,
24,2025-12-02 20:00:00,4.7,2.4,45.85,0.0,30.24,24.65,25.38,26.23,2.27,
24,2025-12-02 21:00:00,4.18,2.0,0.28,0.0,35.96,22.61,22.92,23.62,1.79,
24,2025-12-02 22:00:00,4.25,2.26,0.0,0.0,37.13,21.95,22.28,22.58,1.69,
24,2025-12-02 23:00:00,4.18,2.34,0.0,0.0,37.49,21.64,22.02,22.54,1.66,
24,2025-12-03 00:00:00,5.68,2.59,0.0,0.0,39.85,21.0,21.18,21.39,1.52,
24,2025-12-03 01:00:00,6.42,3.12,0.0,0.0,52.16,19.09,19.61,20.27,1.09,
24,2025-12-03 02:00:00,5.3,2.64,0.0,0.0,59.45,18.02,18.37,18.76,0.86,
24,2025-12-03 03:00:00,4.62,2.18,0.0,0.0,63.77,17.16,17.38,17.66,0.72,
24,2025-12-03 04:00:00,2.38,0.35,0.0,0.0,69.48,13.44,15.37,16.69,0.54,
24,2025-12-03 05:00:00,3.12,0.92,0.03,0.0,77.54,12.85,14.24,15.22,0.37,
24,2025-12-03 06:00:00,4.25,1.06,16.39,0.0,76.91,14.02,14.77,15.26,0.39,
24,2025-12-03 07:00:00,3.28,1.06,218.2,0.0,76.87,13.53,14.89,16.15,0.4,
24,2025-12-03 08:00:00,3.95,1.93,440.2,0.0,68.47,16.61,17.51,18.52,0.64,
24,2025-12-03 09:00:00,3.58,1.75,645.3,0.0,59.61,19.15,19.9,20.53,0.94,
24,2025-12-03 10:00:00,3.88,1.76,820.0,0.0,48.78,21.35,22.18,23.29,1.38,
24,2025-12-03 11:00:00,5.15,2.65,953.0,0.0,44.33,23.78,24.27,24.94,1.69,
24,2025-12-03 12:00:00,5.0,2.75,1032.0,0.0,38.32,25.71,26.32,26.91,2.12,
24,2025-12-03 13:00:00,6.58,3.3,1053.0,0.0,36.28,27.06,27.72,28.57,2.37,
24,2025-12-03 14:00:00,6.35,3.62,1045.0,0.0,30.54,28.7,29.24,29.66,2.82,
24,2025-12-03 15:00:00,6.5,3.4,983.0,0.0,27.41,30.12,30.5,30.85,3.17,
24,2025-12-03 16:00:00,6.2,3.38,867.0,0.0,24.54,31.13,31.28,31.5,3.45,
24,2025-12-03 17:00:00,5.3,3.1,691.0,0.0,22.62,31.54,31.65,31.73,3.61,
24,2025-12-03 18:00:00,5.9,3.14,486.9,0.0,24.02,31.09,31.29,31.57,3.47,
24,2025-12-03 19:00:00,4.7,2.57,274.6,0.0,24.37,29.91,30.47,30.9,3.3,
24,2025-12-03 20:00:00,4.4,2.16,53.93,0.0,28.87,26.45,27.97,29.21,2.7,
24,2025-12-03 21:00:00,4.18,2.16,0.27,0.0,32.32,25.92,26.29,26.5,2.32,
24,2025-12-03 22:00:00,3.42,1.86,0.0,0.0,34.35,24.93,25.44,25.83,2.14,
24,2025-12-03 23:00:00,3.35,0.85,0.0,0.0,44.87,21.37,22.57,24.64,1.53,
24,2025-12-04 00:00:00,1.1,0.09,0.0,0.0,59.47,18.62,19.18,20.34,0.91,
24,2025-12-04 01:00:00,1.1,0.12,0.0,0.0,63.9,17.08,17.69,18.65,0.73,
24,2025-12-04 02:00:00,4.55,1.71,0.0,0.0,49.38,17.29,20.49,21.66,1.23,
24,2025-12-04 03:00:00,4.55,2.2,0.0,0.0,55.47,20.18,20.72,21.29,1.09,
24,2025-12-04 04:00:00,4.62,2.33,0.0,0.0,58.84,19.38,19.68,19.88,0.95,
24,2025-12-04 05:00:00,3.88,1.78,0.02,0.0,62.86,18.26,18.73,19.01,0.81,
24,2025-12-04 06:00:00,5.08,2.21,15.85,0.0,67.73,17.52,17.79,17.92,0.66,
24,2025-12-04 07:00:00,4.03,2.09,215.4,0.0,69.36,17.24,17.4,17.65,0.61,
24,2025-12-04 08:00:00,4.25,2.16,439.3,0.0,64.06,18.18,18.72,19.38,0.78,
24,2025-12-04 09:00:00,4.03,2.0,641.1,0.0,56.31,20.0,20.8,21.52,1.08,
24,2025-12-04 10:00:00,3.65,1.71,811.0,0.0,53.1,21.81,22.61,23.55,1.29,
24,2025-12-04 11:00:00,4.25,1.85,943.0,0.0,46.79,23.73,24.61,25.49,1.65,
24,2025-12-04 12:00:00,3.42,1.69,1017.0,0.0,40.99,26.02,26.94,27.85,2.1,
24,2025-12-04 13:00:00,4.4,1.81,1036.0,0.0,35.48,28.35,28.67,28.91,2.54,
24,2025-12-04 14:00:00,5.3,2.63,1030.0,0.0,33.79,29.35,29.57,29.86,2.74,
24,2025-12-04 15:00:00,6.05,3.49,949.0,0.0,25.53,29.96,30.2,30.38,3.2,
24,2025-12-04 16:00:00,5.82,3.29,911.0,0.0,27.19,30.63,30.81,30.91,3.23,
24,2025-12-04 17:00:00,6.35,2.5,649.2,0.0,42.24,27.3,27.77,28.74,2.16,
24,2025-12-04 18:00:00,7.18,3.21,476.9,0.0,44.3,25.59,26.07,26.67,1.88,
24,2025-12-04 19:00:00,5.08,2.57,263.5,0.0,48.48,23.27,24.31,25.29,1.57,
24,2025-12-04 20:00:00,5.22,1.61,56.61,0.0,54.81,20.95,21.66,22.49,1.17,
24,2025-12-04 21:00:00,1.78,0.46,0.21,0.0,60.96,19.23,19.78,20.48,0.91,
24,2025-12-04 22:00:00,1.48,0.07,0.0,0.0,67.91,17.38,17.75,18.51,0.65,
24,2025-12-04 23:00:00,1.55,0.2,0.0,0.0,71.95,16.09,16.55,17.07,0.53,
24,2025-12-05 00:00:00,0.65,0.02,0.0,0.0,80.36,14.17,14.6,15.22,0.33,
24,2025-12-05 01:00:00,0.8,0.04,0.0,0.0,84.58,13.59,13.7,13.82,0.24,
24,2025-12-05 02:00:00,1.1,0.02,0.0,0.0,87.38,12.77,12.93,13.13,0.19,
24,2025-12-05 03:00:00,1.25,0.09,0.0,0.0,88.3,12.31,12.57,12.85,0.17,
24,2025-12-05 04:00:00,1.02,0.07,0.0,0.0,89.3,12.21,12.47,12.62,0.16,
24,2025-12-05 05:00:00,0.35,0.0,0.03,0.0,90.65,10.55,11.01,11.55,0.12,
24,2025-12-05 06:00:00,0.57,0.0,17.18,0.0,91.38,10.4,10.49,10.55,0.11,
24,2025-12-05 07:00:00,1.02,0.04,207.3,0.0,86.38,10.69,12.54,14.6,0.21,
24,2025-12-05 08:00:00,2.15,0.59,415.8,0.0,76.44,15.12,15.92,16.63,0.43,
24,2025-12-05 09:00:00,2.6,1.3,619.9,0.0,68.3,17.18,18.16,19.08,0.67,
24,2025-12-05 10:00:00,3.28,1.3,788.1,0.0,60.53,19.61,20.64,21.65,0.97,
24,2025-12-05 11:00:00,3.12,1.2,921.0,0.0,52.47,21.97,22.99,24.01,1.34,
24,2025-12-05 12:00:00,3.05,1.07,994.0,0.0,45.56,24.44,25.36,26.32,1.77,
24,2025-12-05 13:00:00,3.8,1.63,1011.0,0.0,40.21,26.74,27.4,28.03,2.18,
24,2025-12-05 14:00:00,5.9,2.59,1002.0,0.0,39.53,28.38,28.72,28.97,2.39,
24,2025-12-05 15:00:00,6.12,3.38,943.0,0.0,32.9,28.85,29.33,29.66,2.74,
24,2025-12-05 16:00:00,6.12,3.08,835.0,0.0,28.69,29.86,30.05,30.22,3.04,
24,2025-12-05 17:00:00,6.2,3.36,666.6,0.0,27.28,29.96,30.01,30.06,3.09,
24,2025-12-05 18:00:00,5.15,2.91,432.2,0.0,25.08,29.32,29.56,29.77,3.1,
24,2025-12-05 19:00:00,5.08,2.64,272.2,0.0,26.18,27.87,28.49,29.06,2.88,
24,2025-12-05 20:00:00,3.95,2.19,58.1,0.0,29.88,25.62,26.4,27.22,2.42,
24,2025-12-05 21:00:00,3.5,1.8,0.62,0.0,36.8,23.68,24.4,25.19,1.94,
24,2025-12-05 22:00:00,3.12,1.29,0.0,0.0,41.99,22.45,22.69,23.05,1.6,
24,2025-12-05 23:00:00,2.38,0.95,0.0,0.0,44.9,20.93,21.52,21.93,1.42,
24,2025-12-06 00:00:00,1.25,0.13,0.0,0.0,55.03,17.66,18.79,20.03,0.98,
24,2025-12-06 01:00:00,1.02,0.09,0.0,0.0,61.49,16.15,16.61,16.96,0.73,
24,2025-12-06 02:00:00,3.2,0.12,0.0,0.0,64.11,15.15,15.47,15.78,0.63,
24,2025-12-06 03:00:00,3.28,1.17,0.0,0.0,50.6,17.13,18.4,19.27,1.05,
24,2025-12-06 04:00:00,2.0,0.54,0.0,0.0,56.27,16.12,16.94,17.77,0.85,
24,2025-12-06 05:00:00,1.02,0.07,0.03,0.0,73.21,12.78,13.27,14.09,0.41,
24,2025-12-06 06:00:00,0.88,0.05,22.07,0.0,77.17,12.12,12.24,12.5,0.33,
24,2025-12-06 07:00:00,1.02,0.13,139.1,0.0,73.43,12.24,12.87,13.76,0.4,
24,2025-12-06 08:00:00,2.82,0.92,404.7,0.0,55.56,16.01,17.46,18.32,0.89,
24,2025-12-06 09:00:00,2.38,0.83,646.5,0.0,50.7,19.06,20.05,21.17,1.16,
24,2025-12-06 10:00:00,2.82,1.08,802.0,0.0,45.82,21.36,22.21,23.16,1.45,
24,2025-12-06 11:00:00,3.28,1.28,906.0,0.0,43.8,23.52,24.14,24.72,1.69,
24,2025-12-06 12:00:00,3.2,1.41,1045.0,0.0,42.84,24.81,25.35,26.12,1.85,
24,2025-12-06 13:00:00,4.78,2.34,1126.0,0.0,46.52,25.72,26.3,26.69,1.83,
24,2025-12-06 14:00:00,6.2,3.17,1111.0,0.0,48.69,24.9,25.68,25.99,1.69,
24,2025-12-06 15:00:00,5.68,2.94,914.0,0.0,47.24,24.21,24.68,25.43,1.64,
24,2025-12-06 16:00:00,4.47,2.16,361.4,0.0,47.97,23.11,23.51,24.1,1.51,
24,2025-12-06 17:00:00,3.8,1.67,252.4,0.0,49.45,22.7,22.96,23.19,1.42,
24,2025-12-06 18:00:00,3.12,1.06,227.5,0.0,54.85,22.18,22.75,22.98,1.25,
24,2025-12-06 19:00:00,3.2,0.94,82.7,0.0,60.0,21.01,21.29,21.43,1.01,
24,2025-12-06 20:00:00,2.15,0.85,18.26,0.0,63.35,19.75,20.13,20.42,0.87,
24,2025-12-06 21:00:00,1.7,0.24,0.07,0.0,65.34,19.22,19.35,19.5,0.78,
24,2025-12-06 22:00:00,0.95,0.04,0.0,0.0,66.65,19.02,19.16,19.24,0.74,
24,2025-12-06 23:00:00,1.02,0.08,0.0,0.0,74.22,16.75,17.75,18.84,0.53,
24,2025-12-07 00:00:00,2.52,0.45,0.0,0.0,75.45,16.33,16.85,17.15,0.47,
24,2025-12-07 01:00:00,3.05,1.25,0.0,0.0,73.58,16.65,17.16,17.4,0.52,
24,2025-12-07 02:00:00,1.92,0.59,0.0,0.0,79.13,15.96,16.03,16.18,0.38,
24,2025-12-07 03:00:00,1.25,0.3,0.0,0.0,80.73,15.69,15.77,15.91,0.34,
24,2025-12-07 04:00:00,1.48,0.15,0.0,0.0,80.15,15.8,15.88,15.94,0.36,
24,2025-12-07 05:00:00,1.18,0.1,0.0,0.0,80.58,15.86,15.91,15.96,0.35,
24,2025-12-07 06:00:00,1.18,0.16,6.89,0.0,82.68,15.78,15.91,15.98,0.31,
24,2025-12-07 07:00:00,1.32,0.1,27.89,0.0,84.33,15.76,15.89,15.96,0.28,
24,2025-12-07 08:00:00,0.88,0.08,70.96,0.0,83.5,16.0,16.14,16.3,0.3,
24,2025-12-07 09:00:00,1.1,0.09,124.8,0.1,82.83,16.43,16.7,16.93,0.33,
24,2025-12-07 10:00:00,1.62,0.32,242.2,0.1,83.48,17.17,17.49,17.98,0.33,
24,2025-12-07 11:00:00,3.58,1.21,472.4,0.0,77.94,18.9,19.32,19.83,0.53,
24,2025-12-07 12:00:00,4.47,2.07,572.1,0.0,62.87,20.45,22.16,23.37,1.0,
24,2025-12-07 13:00:00,4.47,1.88,814.0,0.0,51.6,24.2,24.76,25.06,1.51,
24,2025-12-07 14:00:00,3.72,1.9,946.0,0.0,48.85,25.71,26.2,26.74,1.74,
24,2025-12-07 15:00:00,4.4,2.05,992.0,0.0,45.01,27.69,27.98,28.45,2.08,
24,2025-12-07 16:00:00,4.25,2.2,871.0,0.0,44.04,27.94,28.3,28.63,2.15,
24,2025-12-07 17:00:00,5.22,2.61,778.8,0.0,43.29,28.27,28.68,29.16,2.23,
24,2025-12-07 18:00:00,5.45,3.04,483.4,0.0,45.7,26.23,27.09,27.92,1.95,
24,2025-12-07 19:00:00,4.25,2.2,239.2,0.0,51.49,23.89,24.6,25.73,1.5,
24,2025-12-07 20:00:00,3.42,0.53,66.54,0.0,57.12,21.98,22.65,23.61,1.18,
24,2025-12-07 21:00:00,2.45,0.26,0.28,0.0,64.23,19.83,20.59,21.64,0.87,
24,2025-12-07 22:00:00,1.18,0.11,0.0,0.0,72.33,17.72,18.35,19.12,0.59,
24,2025-12-07 23:00:00,1.4,0.14,0.0,0.0,76.66,16.45,16.9,17.27,0.45,
24,2025-12-08 00:00:00,0.65,0.01,0.0,0.0,79.79,15.54,15.91,16.32,0.37,
24,2025-12-08 01:00:00,0.72,0.03,0.0,0.0,83.33,14.61,14.9,15.31,0.28,
24,2025-12-08 02:00:00,0.88,0.03,0.0,0.0,86.5,13.64,14.09,14.5,0.22,
24,2025-12-08 03:00:00,0.0,0.0,0.0,0.0,88.2,13.25,13.39,13.47,0.18,
24,2025-12-08 04:00:00,0.88,0.01,0.0,0.0,89.33,13.12,13.18,13.21,0.16,
24,2025-12-08 05:00:00,0.0,0.0,0.02,0.0,89.78,12.54,12.77,12.97,0.15,
24,2025-12-08 06:00:00,0.28,0.0,17.38,0.0,91.08,12.11,12.23,12.44,0.13,
24,2025-12-08 07:00:00,0.88,0.03,208.2,0.0,84.82,12.45,14.21,16.13,0.26,
24,2025-12-08 08:00:00,1.1,0.09,423.4,0.0,66.64,17.72,19.33,20.8,0.76,
24,2025-12-08 09:00:00,1.78,0.52,624.4,0.0,58.89,21.01,22.12,22.87,1.1,
24,2025-12-08 10:00:00,2.0,0.66,797.4,0.0,52.66,23.21,24.46,25.67,1.46,
24,2025-12-08 11:00:00,3.05,0.98,931.0,0.0,45.01,26.8,27.33,27.77,2.0,
24,2025-12-08 12:00:00,3.5,1.18,1007.0,0.0,41.26,27.91,28.94,30.01,2.35,
24,2025-12-08 13:00:00,4.85,2.03,1027.0,0.0,35.18,30.17,30.54,31.0,2.84,
24,2025-12-08 14:00:00,5.08,2.4,1020.0,0.0,34.64,31.12,31.41,31.63,3.0,
24,2025-12-08 15:00:00,5.22,2.49,958.0,0.0,34.95,31.82,32.09,32.19,3.11,
24,2025-12-08 16:00:00,4.62,2.45,836.0,0.0,33.12,32.09,32.39,32.62,3.25,
24,2025-12-08 17:00:00,4.4,2.42,668.8,0.0,32.54,32.36,32.44,32.57,3.29,
24,2025-12-08 18:00:00,4.25,2.0,469.1,0.0,32.54,32.11,32.23,32.27,3.25,
24,2025-12-08 19:00:00,3.58,1.78,263.5,0.0,35.33,30.46,31.14,31.81,2.93,
24,2025-12-08 20:00:00,3.2,1.02,66.05,0.0,39.42,27.02,28.28,29.89,2.33,
24,2025-12-08 21:00:00,4.25,1.47,0.54,0.0,46.34,23.23,25.01,26.41,1.72,
24,2025-12-08 22:00:00,3.8,0.84,0.0,0.0,57.59,21.02,21.94,22.65,1.12,
24,2025-12-08 23:00:00,2.3,0.58,0.0,0.0,66.66,18.81,19.54,20.32,0.76,
24,2025-12-09 00:00:00,0.95,0.09,0.0,0.0,74.4,17.12,17.76,18.38,0.52,
24,2025-12-09 01:00:00,1.02,0.14,0.0,0.0,81.59,15.66,16.19,16.75,0.34,
24,2025-12-09 02:00:00,1.55,0.14,0.0,0.0,85.6,14.97,15.26,15.48,0.25,
24,2025-12-09 03:00:00,0.57,0.03,0.0,0.0,88.93,13.95,14.31,14.76,0.18,
24,2025-12-09 04:00:00,1.18,0.12,0.0,0.0,92.53,13.82,13.91,14.04,0.12,
24,2025-12-09 05:00:00,1.25,0.13,0.0,0.0,91.13,14.09,14.25,14.38,0.15,
24,2025-12-09 06:00:00,1.4,0.41,9.99,0.0,89.65,14.47,14.51,14.54,0.17,
24,2025-12-09 07:00:00,1.85,0.25,64.39,0.0,87.9,14.51,14.78,15.08,0.21,
24,2025-12-09 08:00:00,1.7,0.42,226.0,0.0,83.63,15.19,15.52,15.96,0.29,
24,2025-12-09 09:00:00,2.38,1.13,669.6,0.0,75.1,16.74,17.45,18.74,0.5,
24,2025-12-09 10:00:00,2.68,1.02,720.9,0.0,68.91,18.89,19.28,19.78,0.7,
24,2025-12-09 11:00:00,3.2,1.33,929.0,0.0,63.39,20.42,21.39,22.26,0.94,
24,2025-12-09 12:00:00,4.18,1.77,1006.0,0.0,56.95,22.67,23.18,23.71,1.23,
24,2025-12-09 13:00:00,4.47,1.85,1032.0,0.0,53.07,24.28,24.88,25.45,1.48,
24,2025-12-09 14:00:00,4.03,2.1,1025.0,0.0,49.29,25.67,26.26,26.86,1.73,
24,2025-12-09 15:00:00,4.18,1.84,965.0,0.0,43.76,27.33,27.94,28.41,2.12,
24,2025-12-09 16:00:00,4.62,2.03,847.0,0.0,38.89,28.33,28.68,29.1,2.41,
24,2025-12-09 17:00:00,4.47,2.0,693.1,0.0,31.38,29.31,29.39,29.53,2.81,
24,2025-12-09 18:00:00,4.32,1.72,490.7,0.0,28.25,28.74,28.91,29.18,2.86,
24,2025-12-09 19:00:00,4.18,1.76,280.4,0.0,36.37,26.39,27.52,28.79,2.35,
24,2025-12-09 20:00:00,4.1,1.29,74.0,0.0,47.09,23.17,24.59,25.86,1.65,
24,2025-12-09 21:00:00,2.9,0.48,0.68,0.0,57.4,20.8,21.5,22.3,1.1,
24,2025-12-09 22:00:00,1.25,0.23,0.0,0.0,63.93,18.53,19.36,20.17,0.81,
24,2025-12-09 23:00:00,0.95,0.07,0.0,0.0,72.76,16.3,16.95,17.7,0.53,
24,2025-12-10 00:00:00,0.57,0.0,0.0,0.0,78.62,15.0,15.42,15.92,0.38,
24,2025-12-10 01:00:00,0.88,0.03,0.0,0.0,82.68,13.51,14.0,14.54,0.28,
24,2025-12-10 02:00:00,0.95,0.02,0.0,0.0,84.28,12.64,13.02,13.43,0.24,
24,2025-12-10 03:00:00,0.42,0.0,0.0,0.0,86.03,11.45,11.88,12.48,0.2,
24,2025-12-10 04:00:00,0.0,0.0,0.0,0.0,87.45,10.87,11.04,11.26,0.17,
24,2025-12-10 05:00:00,0.0,0.0,0.02,0.0,89.68,10.29,10.39,10.52,0.13,
24,2025-12-10 06:00:00,0.8,0.03,14.95,0.0,90.65,10.42,10.45,10.48,0.12,
24,2025-12-10 07:00:00,1.02,0.07,209.7,0.0,84.81,10.83,12.53,14.44,0.23,
24,2025-12-10 08:00:00,1.62,0.36,468.3,0.0,76.63,14.68,15.18,16.28,0.41,
24,2025-12-10 09:00:00,2.38,0.77,681.9,0.0,69.69,16.29,17.06,18.2,0.6,
24,2025-12-10 10:00:00,2.45,1.07,797.5,0.0,64.13,18.95,19.22,19.8,0.8,
24,2025-12-10 11:00:00,2.82,1.17,930.0,0.0,58.2,20.41,21.27,22.02,1.06,
24,2025-12-10 12:00:00,4.25,1.68,1009.0,0.0,53.13,22.21,22.92,23.62,1.31,
24,2025-12-10 13:00:00,4.47,2.3,1025.0,0.0,52.4,23.96,24.31,24.72,1.45,
24,2025-12-10 14:00:00,4.62,2.66,1020.0,0.0,49.44,25.05,25.52,26.01,1.65,
24,2025-12-10 15:00:00,6.35,2.56,964.0,0.0,46.08,26.39,26.76,27.23,1.9,
24,2025-12-10 16:00:00,5.75,2.85,844.0,0.0,44.21,27.25,27.32,27.41,2.03,
24,2025-12-10 17:00:00,5.6,3.06,684.6,0.0,43.8,26.96,27.11,27.24,2.02,
24,2025-12-10 18:00:00,5.15,3.04,486.9,0.0,44.26,25.92,26.53,27.01,1.93,
24,2025-12-10 19:00:00,5.98,3.01,276.5,0.0,50.83,22.81,24.02,25.27,1.48,
24,2025-12-10 20:00:00,4.85,2.23,76.89,0.0,59.76,19.7,20.81,22.01,0.99,
24,2025-12-10 21:00:00,4.1,1.52,0.6,0.0,68.02,17.67,18.33,19.12,0.68,
24,2025-12-10 22:00:00,1.78,0.31,0.0,0.0,73.46,16.4,16.87,17.34,0.51,
24,2025-12-10 23:00:00,1.85,0.14,0.0,0.0,77.38,15.75,15.92,16.16,0.41,
24,2025-12-11 00:00:00,3.42,1.0,0.0,0.0,78.6,15.43,15.6,15.86,0.38,
24,2025-12-11 01:00:00,2.68,0.57,0.0,0.0,78.45,15.39,15.42,15.45,0.38,
24,2025-12-11 02:00:00,1.02,0.11,0.0,0.0,78.49,15.3,15.34,15.36,0.38,
24,2025-12-11 03:00:00,1.4,0.24,0.0,0.0,78.07,15.26,15.3,15.34,0.38,
24,2025-12-11 04:00:00,1.62,0.12,0.0,0.0,78.43,15.19,15.22,15.27,0.38,
24,2025-12-11 05:00:00,2.22,0.61,0.0,0.0,78.66,15.09,15.16,15.24,0.37,
24,2025-12-11 06:00:00,2.45,0.87,8.93,0.0,81.13,14.85,15.01,15.13,0.32,
24,2025-12-11 07:00:00,1.55,0.35,34.58,0.0,87.48,14.4,14.49,14.69,0.21,
24,2025-12-11 08:00:00,1.18,0.1,142.1,0.0,87.4,14.51,14.8,15.06,0.21,
24,2025-12-11 09:00:00,1.92,0.42,234.9,0.0,78.64,15.41,16.09,16.74,0.39,
24,2025-12-11 10:00:00,1.78,0.47,265.2,0.0,72.36,16.8,17.35,17.67,0.55,
24,2025-12-11 11:00:00,2.6,0.74,582.4,0.0,65.46,18.31,19.04,19.72,0.76,
24,2025-12-11 12:00:00,3.72,0.8,712.8,0.0,60.61,19.99,20.7,21.01,0.97,
24,2025-12-11 13:00:00,3.35,1.01,505.5,0.0,59.16,21.23,21.27,21.32,1.03,
24,2025-12-11 14:00:00,2.22,0.95,306.7,0.0,58.99,21.31,21.4,21.52,1.05,
24,2025-12-11 15:00:00,2.08,0.53,666.1,0.0,55.47,21.95,22.2,22.81,1.19,
24,2025-12-11 16:00:00,2.75,1.22,764.1,0.0,53.78,23.11,23.58,23.96,1.35,
24,2025-12-11 17:00:00,2.45,1.09,351.5,0.0,55.11,22.91,23.23,23.62,1.28,
24,2025-12-11 18:00:00,4.03,1.1,591.9,0.0,52.08,23.71,24.3,24.81,1.46,
24,2025-12-11 19:00:00,4.85,2.38,249.9,0.0,57.03,22.18,22.81,23.41,1.19,
24,2025-12-11 20:00:00,3.8,1.68,105.2,0.0,61.48,20.71,21.19,21.76,0.97,
24,2025-12-11 21:00:00,2.98,0.88,0.62,0.0,64.89,19.6,20.11,20.51,0.83,
24,2025-12-11 22:00:00,1.78,0.47,0.0,0.0,70.03,18.27,18.78,19.41,0.65,
24,2025-12-11 23:00:00,1.32,0.18,0.0,0.0,76.17,16.54,17.27,17.88,0.47,
24,2025-12-12 00:00:00,1.02,0.04,0.0,0.0,84.03,14.06,14.91,15.91,0.28,
24,2025-12-12 01:00:00,1.25,0.06,0.0,0.0,86.68,12.88,13.44,13.91,0.21,
24,2025-12-12 02:00:00,1.02,0.02,0.0,0.0,89.5,12.32,12.41,12.5,0.15,
24,2025-12-12 03:00:00,1.18,0.14,0.0,0.0,89.7,11.88,12.3,12.71,0.15,
24,2025-12-12 04:00:00,0.88,0.04,0.0,0.0,91.38,11.47,11.73,11.93,0.12,
24,2025-12-12 05:00:00,1.02,0.06,0.01,0.0,91.28,11.34,11.66,12.08,0.12,
24,2025-12-12 06:00:00,0.72,0.02,11.28,0.0,88.05,12.4,13.12,13.75,0.18,
24,2025-12-12 07:00:00,0.88,0.07,79.83,0.0,83.5,13.98,14.64,15.5,0.28,
24,2025-12-12 08:00:00,1.62,0.4,224.5,0.0,78.14,15.93,16.47,17.02,0.41,
24,2025-12-12 09:00:00,2.38,1.13,419.9,0.0,74.26,17.5,17.86,18.3,0.53,
24,2025-12-12 10:00:00,3.35,1.39,833.0,0.0,61.06,19.63,20.8,22.07,0.96,
24,2025-12-12 11:00:00,2.98,1.03,1004.0,0.0,52.37,22.46,23.29,23.72,1.36,
24,2025-12-12 12:00:00,2.9,1.07,1022.0,0.0,48.01,23.52,24.64,25.88,1.62,
24,2025-12-12 13:00:00,3.95,1.35,1044.0,0.0,46.46,25.94,26.23,26.73,1.83,
24,2025-12-12 14:00:00,4.4,1.75,1041.0,0.0,43.12,27.27,27.54,27.77,2.1,
24,2025-12-12 15:00:00,5.52,2.09,980.0,0.0,41.56,28.17,28.36,28.53,2.25,
24,2025-12-12 16:00:00,3.88,1.92,867.0,0.0,35.53,28.98,29.1,29.22,2.6,
24,2025-12-12 17:00:00,4.4,2.06,704.6,0.0,31.55,28.91,29.11,29.33,2.76,
24,2025-12-12 18:00:00,5.68,3.04,500.6,0.0,41.13,26.18,27.25,28.52,2.14,
24,2025-12-12 19:00:00,5.75,2.76,280.4,0.0,45.75,23.92,24.8,25.65,1.7,
24,2025-12-12 20:00:00,4.4,1.43,84.0,0.0,49.78,22.02,22.58,23.3,1.38,
24,2025-12-12 21:00:00,1.62,0.37,0.81,0.0,53.07,19.65,20.54,21.39,1.14,
24,2025-12-12 22:00:00,1.7,0.26,0.0,0.0,57.25,18.08,18.67,19.47,0.92,
24,2025-12-12 23:00:00,3.2,0.77,0.0,0.0,61.68,16.37,17.29,18.02,0.76,
24,2025-12-13 00:00:00,3.5,1.5,0.0,0.0,71.24,15.09,15.44,15.83,0.51,
24,2025-12-13 01:00:00,1.92,0.32,0.0,0.0,77.28,14.12,14.43,14.83,0.38,
24,2025-12-13 02:00:00,1.18,0.03,0.0,0.0,81.88,12.57,13.41,14.32,0.28,
24,2025-12-13 03:00:00,1.1,0.14,0.0,0.0,84.48,11.08,11.57,12.12,0.21,
24,2025-12-13 04:00:00,0.0,0.0,0.0,0.0,88.38,10.85,10.86,10.87,0.15,
24,2025-12-13 05:00:00,0.5,0.0,0.01,0.0,88.75,10.12,10.3,10.68,0.14,
24,2025-12-13 06:00:00,0.95,0.06,17.62,0.0,89.15,10.29,10.77,11.29,0.14,
24,2025-12-13 07:00:00,4.78,1.82,76.94,0.0,84.73,12.42,13.55,14.1,0.24,
24,2025-12-13 08:00:00,4.4,2.34,379.9,0.0,78.64,14.08,14.91,15.68,0.37,
24,2025-12-13 09:00:00,4.1,1.97,364.8,0.0,74.45,15.51,16.06,16.51,0.47,
24,2025-12-13 10:00:00,3.5,1.56,484.1,0.0,69.68,16.74,17.28,17.79,0.6,
24,2025-12-13 11:00:00,4.25,2.37,572.3,0.0,67.77,17.73,18.0,18.28,0.67,
24,2025-12-13 12:00:00,4.47,2.62,712.2,0.0,64.85,18.34,18.82,19.11,0.77,
24,2025-12-13 13:00:00,4.1,1.94,422.3,0.0,62.75,18.72,19.11,19.6,0.83,
24,2025-12-13 14:00:00,4.18,2.1,589.8,0.0,59.25,20.0,20.19,20.47,0.97,
24,2025-12-13 15:00:00,4.55,2.51,530.1,0.0,59.39,20.28,20.69,21.01,0.99,
24,2025-12-13 16:00:00,4.85,2.83,394.9,0.0,60.55,20.24,20.4,20.56,0.95,
24,2025-12-13 17:00:00,5.15,2.97,275.2,0.0,60.89,19.65,19.98,20.31,0.91,
24,2025-12-13 18:00:00,5.52,2.72,169.5,0.0,67.57,18.91,19.14,19.5,0.72,
24,2025-12-13 19:00:00,4.47,2.08,93.2,0.0,68.66,18.46,18.52,18.55,0.67,
24,2025-12-13 20:00:00,2.82,1.17,29.23,0.0,68.5,18.13,18.25,18.35,0.66,
24,2025-12-13 21:00:00,1.78,0.16,0.34,0.0,72.67,17.54,17.72,17.97,0.55,
24,2025-12-13 22:00:00,2.0,0.17,0.0,0.0,64.07,17.59,17.61,17.63,0.72,
24,2025-12-13 23:00:00,2.98,0.68,0.0,0.0,60.16,17.24,17.39,17.6,0.79,
24,2025-12-14 00:00:00,2.45,0.86,0.0,0.0,58.92,16.48,16.75,17.01,0.79,
24,2025-12-14 01:00:00,3.65,1.31,0.0,0.0,61.5,15.94,16.12,16.35,0.71,
24,2025-12-14 02:00:00,2.15,0.56,0.0,0.0,70.36,15.44,15.66,15.88,0.53,
24,2025-12-14 03:00:00,1.7,0.55,0.0,0.0,76.47,14.9,15.18,15.4,0.41,
24,2025-12-14 04:00:00,0.95,0.13,0.0,0.0,76.11,14.84,14.88,14.89,0.41,
24,2025-12-14 05:00:00,2.98,0.74,0.0,0.0,75.3,14.48,14.73,14.84,0.42,
24,2025-12-14 06:00:00,3.5,1.77,4.34,0.0,66.54,14.27,14.37,14.44,0.55,
24,2025-12-14 07:00:00,4.18,1.87,26.04,0.0,62.8,13.94,14.13,14.28,0.6,
24,2025-12-14 08:00:00,3.95,2.21,124.0,0.0,63.69,13.67,13.76,13.81,0.57,
24,2025-12-14 09:00:00,4.03,2.18,287.3,0.0,62.1,14.13,14.43,14.73,0.62,
24,2025-12-14 10:00:00,4.62,2.52,341.1,0.0,61.56,15.0,15.09,15.18,0.66,
24,2025-12-14 11:00:00,4.47,2.44,345.1,0.0,60.63,15.13,15.27,15.54,0.69,
24,2025-12-14 12:00:00,3.35,1.65,348.4,0.0,57.67,15.31,15.72,16.34,0.76,
24,2025-12-14 13:00:00,3.05,1.54,862.0,0.0,53.69,16.72,17.88,18.56,0.95,
24,2025-12-14 14:00:00,3.5,1.43,1041.0,0.0,47.77,19.06,20.09,21.31,1.23,
24,2025-12-14 15:00:00,3.88,1.46,1059.0,0.0,41.08,21.78,22.41,22.99,1.6,
24,2025-12-14 16:00:00,3.42,1.27,887.0,0.0,39.37,23.0,23.21,23.48,1.73,
24,2025-12-14 17:00:00,3.2,1.32,841.0,0.0,36.92,23.74,24.38,24.69,1.93,
24,2025-12-14 18:00:00,2.75,0.94,532.5,0.0,38.11,23.74,24.08,24.61,1.86,
24,2025-12-14 19:00:00,1.85,0.56,224.4,0.0,38.82,23.0,23.54,23.85,1.78,
24,2025-12-14 20:00:00,2.3,0.71,110.2,0.0,43.55,20.76,22.04,23.27,1.5,
24,2025-12-14 21:00:00,4.03,1.06,1.2,0.0,48.62,18.77,19.28,19.99,1.15,
24,2025-12-14 22:00:00,3.35,1.68,0.0,0.0,47.03,17.9,18.22,18.54,1.11,
24,2025-12-14 23:00:00,3.65,1.85,0.0,0.0,43.2,17.07,17.57,18.08,1.14,
24,2025-12-15 00:00:00,6.2,3.05,0.0,0.0,43.84,16.5,16.95,17.16,1.09,
24,2025-12-15 01:00:00,6.28,3.66,0.0,0.0,57.01,14.51,15.12,15.76,0.74,
24,2025-12-15 02:00:00,6.95,3.41,0.0,0.0,63.53,13.31,13.75,14.23,0.58,
24,2025-12-15 03:00:00,6.58,3.3,0.0,0.0,67.05,12.28,12.69,13.07,0.49,
24,2025-12-15 04:00:00,5.0,2.7,0.0,0.0,70.81,11.47,11.8,12.09,0.4,
24,2025-12-15 05:00:00,4.7,2.63,0.02,0.0,73.3,10.92,11.13,11.35,0.35,
24,2025-12-15 06:00:00,4.25,1.97,14.31,0.0,77.21,10.21,10.4,10.67,0.29,
24,2025-12-15 07:00:00,3.5,1.58,220.0,0.0,74.79,9.85,10.69,11.57,0.33,
24,2025-12-15 08:00:00,4.4,2.02,436.5,0.0,65.58,11.95,13.01,14.0,0.52,
24,2025-12-15 09:00:00,5.15,3.05,640.9,0.0,58.94,14.5,14.98,15.65,0.7,
24,2025-12-15 10:00:00,5.52,3.13,818.0,0.0,53.54,16.0,16.74,17.57,0.89,
24,2025-12-15 11:00:00,6.05,3.28,953.0,0.0,44.28,18.31,19.38,20.41,1.26,
24,2025-12-15 12:00:00,6.65,3.98,1033.0,0.0,41.16,20.54,21.06,21.45,1.47,
24,2025-12-15 13:00:00,6.58,4.02,1056.0,0.0,37.02,21.87,22.59,23.12,1.73,
24,2025-12-15 14:00:00,7.02,3.92,1050.0,0.0,30.83,23.7,24.25,24.8,2.1,
24,2025-12-15 15:00:00,7.32,4.01,995.0,0.0,25.79,25.17,25.62,26.01,2.44,
24,2025-12-15 16:00:00,7.32,3.86,886.0,0.0,20.83,26.04,26.41,26.67,2.72,
24,2025-12-15 17:00:00,6.28,3.6,724.4,0.0,20.3,26.67,26.85,27.02,2.82,
24,2025-12-15 18:00:00,6.35,3.45,522.0,0.0,19.93,26.33,26.55,26.71,2.78,
24,2025-12-15 19:00:00,6.72,3.54,307.1,0.0,22.58,24.91,25.5,26.03,2.53,
24,2025-12-15 20:00:00,5.52,2.83,97.7,0.0,27.94,22.61,23.41,24.35,2.08,
24,2025-12-15 21:00:00,4.85,2.51,1.34,0.0,33.53,20.93,21.66,22.21,1.73,
24,2025-12-15 22:00:00,4.55,2.64,0.0,0.0,41.17,19.4,20.21,20.82,1.4,
24,2025-12-15 23:00:00,4.62,2.75,0.0,0.0,47.71,18.62,18.95,19.18,1.15,
24,2025-12-16 00:00:00,5.08,2.57,0.0,0.0,51.81,17.62,17.96,18.37,1.0,
24,2025-12-16 01:00:00,4.85,2.68,0.0,0.0,55.15,16.75,17.05,17.35,0.88,
24,2025-12-16 02:00:00,4.85,2.29,0.0,0.0,59.63,15.66,15.96,16.34,0.73,
24,2025-12-16 03:00:00,5.52,2.84,0.0,0.0,63.22,14.77,15.08,15.53,0.63,
24,2025-12-16 04:00:00,5.22,2.74,0.0,0.0,68.43,13.92,14.24,14.53,0.51,
24,2025-12-16 05:00:00,5.22,2.56,0.02,0.0,72.73,13.06,13.43,13.73,0.42,
24,2025-12-16 06:00:00,3.88,1.98,13.88,0.0,76.8,12.46,12.65,12.85,0.34,
24,2025-12-16 07:00:00,3.5,1.81,221.6,0.0,76.22,12.25,12.77,13.37,0.35,
24,2025-12-16 08:00:00,4.62,2.31,438.5,0.0,68.95,13.8,14.6,15.41,0.52,
24,2025-12-16 09:00:00,5.15,2.79,645.7,0.0,63.17,15.96,16.58,17.41,0.7,
24,2025-12-16 10:00:00,4.62,2.29,824.0,0.0,53.61,18.26,18.99,19.82,1.02,
24,2025-12-16 11:00:00,4.03,1.96,961.0,0.0,46.92,20.67,21.72,22.85,1.39,
24,2025-12-16 12:00:00,4.25,1.92,1047.0,0.0,36.76,23.45,24.5,25.48,1.95,
24,2025-12-16 13:00:00,4.7,1.98,1074.0,0.0,29.1,26.04,27.15,27.86,2.55,
24,2025-12-16 14:00:00,4.78,2.3,1070.0,0.0,24.79,28.5,29.33,30.03,3.07,
24,2025-12-16 15:00:00,5.9,3.2,1008.0,0.0,28.15,29.69,30.05,30.4,3.06,
24,2025-12-16 16:00:00,5.82,3.1,890.0,0.0,26.42,30.48,30.67,30.9,3.25,
24,2025-12-16 17:00:00,5.68,3.36,720.7,0.0,21.61,30.98,31.13,31.22,3.55,
24,2025-12-16 18:00:00,5.22,3.09,517.5,0.0,24.72,30.58,30.81,31.05,3.35,
24,2025-12-16 19:00:00,4.4,2.4,301.1,0.0,26.8,29.19,29.9,30.57,3.09,
24,2025-12-16 20:00:00,4.62,2.32,94.6,0.0,30.47,26.73,27.56,28.59,2.57,
24,2025-12-16 21:00:00,3.8,1.65,1.07,0.0,37.05,23.93,24.94,26.37,2.0,
24,2025-12-16 22:00:00,2.9,1.52,0.0,0.0,41.07,23.72,23.82,23.97,1.74,
24,2025-12-16 23:00:00,1.02,0.13,0.0,0.0,52.22,18.24,19.2,20.85,1.07,
24,2025-12-17 00:00:00,1.25,0.11,0.0,0.0,55.95,16.6,17.06,17.68,0.86,
24,2025-12-17 01:00:00,1.32,0.04,0.0,0.0,62.14,15.1,15.71,16.31,0.68,
24,2025-12-17 02:00:00,5.22,0.71,0.0,0.0,62.31,14.58,15.82,18.63,0.69,
24,2025-12-17 03:00:00,5.82,3.17,0.0,0.0,63.27,18.37,19.09,19.82,0.82,
24,2025-12-17 04:00:00,5.0,1.84,0.0,0.0,72.28,16.75,17.33,17.93,0.55,
24,2025-12-17 05:00:00,2.75,1.21,0.01,0.0,77.07,15.64,16.08,16.52,0.42,
24,2025-12-17 06:00:00,1.7,0.55,15.31,0.0,81.7,14.77,14.96,15.35,0.31,
24,2025-12-17 07:00:00,1.62,0.32,208.2,0.0,77.84,13.1,14.31,16.08,0.37,
24,2025-12-17 08:00:00,3.72,1.77,418.3,0.0,67.61,16.91,17.68,18.51,0.66,
24,2025-12-17 09:00:00,3.2,1.55,619.3,0.0,61.12,19.05,19.8,20.53,0.9,
24,2025-12-17 10:00:00,3.42,1.74,712.8,0.0,56.57,20.79,21.09,21.39,1.09,
24,2025-12-17 11:00:00,3.8,1.16,925.0,0.0,49.5,23.07,23.99,24.83,1.51,
24,2025-12-17 12:00:00,3.58,1.65,997.0,0.0,46.44,25.24,25.63,26.12,1.76,
24,2025-12-17 13:00:00,4.18,1.72,1023.0,0.0,42.98,26.8,27.49,28.04,2.1,
24,2025-12-17 14:00:00,5.15,2.8,1023.0,0.0,43.66,27.5,27.96,28.4,2.13,
24,2025-12-17 15:00:00,4.4,2.25,975.0,0.0,39.82,28.93,29.09,29.42,2.43,
24,2025-12-17 16:00:00,6.88,2.31,859.0,0.0,38.57,29.19,29.39,29.56,2.52,
24,2025-12-17 17:00:00,5.08,2.26,698.1,0.0,37.97,28.95,29.2,29.58,2.52,
24,2025-12-17 18:00:00,5.3,2.6,494.7,0.0,43.32,26.95,27.42,28.24,2.07,
24,2025-12-17 19:00:00,4.03,1.24,284.9,0.0,45.74,25.79,26.35,26.61,1.86,
24,2025-12-17 20:00:00,2.22,0.5,91.2,0.0,52.33,23.16,24.19,25.31,1.44,
24,2025-12-17 21:00:00,1.48,0.28,1.48,0.0,60.14,20.98,21.62,22.43,1.03,
24,2025-12-17 22:00:00,1.78,0.28,0.0,0.0,65.54,18.88,19.79,20.65,0.8,
24,2025-12-17 23:00:00,1.32,0.13,0.0,0.0,71.29,17.4,18.1,18.7,0.6,
24,2025-12-18 00:00:00,0.95,0.05,0.0,0.0,75.44,16.03,16.56,16.88,0.47,
24,2025-12-18 01:00:00,1.18,0.18,0.0,0.0,79.51,15.09,15.27,15.46,0.36,
24,2025-12-18 02:00:00,0.95,0.03,0.0,0.0,84.15,13.14,13.85,14.57,0.25,
24,2025-12-18 03:00:00,1.18,0.12,0.0,0.0,85.7,12.88,13.07,13.53,0.22,
24,2025-12-18 04:00:00,2.45,0.88,0.0,0.0,69.91,14.56,15.91,17.09,0.55,
24,2025-12-18 05:00:00,1.48,0.26,0.02,0.0,75.97,14.08,14.91,15.35,0.41,
24,2025-12-18 06:00:00,0.35,0.0,14.65,0.0,86.85,11.93,12.5,13.21,0.19,
24,2025-12-18 07:00:00,1.4,0.14,205.1,0.0,78.96,11.87,13.6,16.01,0.34,
24,2025-12-18 08:00:00,1.85,0.73,414.4,0.0,64.11,17.12,18.01,19.07,0.75,
24,2025-12-18 09:00:00,2.68,0.87,617.2,0.0,56.16,19.79,20.5,21.03,1.06,
24,2025-12-18 10:00:00,2.45,0.73,794.1,0.0,49.51,21.81,22.7,23.66,1.4,
24,2025-12-18 11:00:00,3.65,0.87,927.0,0.0,44.19,24.26,25.38,26.12,1.81,
24,2025-12-18 12:00:00,2.98,1.24,1016.0,0.0,38.19,26.8,27.45,28.39,2.27,
24,2025-12-18 13:00:00,3.58,1.47,1040.0,0.0,35.08,28.86,29.2,29.65,2.63,
24,2025-12-18 14:00:00,3.8,1.65,1027.0,0.0,35.02,29.8,30.31,30.71,2.81,
24,2025-12-18 15:00:00,4.55,2.31,968.0,0.0,30.98,31.15,31.35,31.55,3.16,
24,2025-12-18 16:00:00,5.0,2.69,861.0,0.0,29.03,31.19,31.57,31.92,3.3,
24,2025-12-18 17:00:00,5.52,3.01,697.3,0.0,32.74,30.15,30.55,30.85,2.95,
24,2025-12-18 18:00:00,5.08,2.7,503.9,0.0,35.39,28.83,29.48,30.0,2.66,
24,2025-12-18 19:00:00,5.52,2.71,287.6,0.0,38.17,26.6,27.53,28.36,2.28,
24,2025-12-18 20:00:00,4.7,1.9,90.7,0.0,44.16,24.07,24.99,25.97,1.78,
24,2025-12-18 21:00:00,2.6,0.36,1.57,0.0,51.62,21.43,22.49,23.41,1.33,
24,2025-12-18 22:00:00,1.32,0.14,0.0,0.0,58.07,18.94,20.03,20.89,0.99,
24,2025-12-18 23:00:00,1.02,0.07,0.0,0.0,67.59,16.86,17.43,18.24,0.65,
24,2025-12-19 00:00:00,0.88,0.1,0.0,0.0,72.18,15.36,15.94,16.55,0.51,
24,2025-12-19 01:00:00,0.88,0.06,0.0,0.0,74.66,14.34,14.81,15.24,0.43,
24,2025-12-19 02:00:00,1.48,0.28,0.0,0.0,76.38,14.11,14.32,14.43,0.39,
24,2025-12-19 03:00:00,1.18,0.24,0.0,0.0,77.98,13.58,14.12,14.64,0.36,
24,2025-12-19 04:00:00,0.88,0.04,0.0,0.0,82.53,12.78,13.1,13.55,0.26,
24,2025-12-19 05:00:00,1.62,0.22,0.01,0.0,89.0,12.67,12.84,13.07,0.16,
24,2025-12-19 06:00:00,2.15,0.39,16.59,0.0,93.58,11.85,12.03,12.29,0.09,
24,2025-12-19 07:00:00,2.08,0.5,82.8,0.0,92.55,12.09,12.49,12.87,0.11,
24,2025-12-19 08:00:00,1.7,0.32,404.7,0.0,80.57,13.12,14.57,16.13,0.33,
24,2025-12-19 09:00:00,2.0,0.71,612.5,0.0,68.09,16.7,17.57,18.7,0.64,
24,2025-12-19 10:00:00,2.45,1.09,786.6,0.0,56.36,19.28,20.21,21.19,1.04,
24,2025-12-19 11:00:00,3.95,1.21,924.0,0.0,48.1,21.85,22.82,23.7,1.44,
24,2025-12-19 12:00:00,4.03,1.88,1008.0,0.0,44.37,24.38,24.81,25.5,1.74,
24,2025-12-19 13:00:00,4.78,2.54,1035.0,0.0,40.21,25.62,25.94,26.44,2.01,
24,2025-12-19 14:00:00,5.0,2.59,1030.0,0.0,36.47,27.13,27.32,27.49,2.31,
24,2025-12-19 15:00:00,5.0,2.91,979.0,0.0,34.81,28.07,28.28,28.4,2.5,
24,2025-12-19 16:00:00,3.95,1.66,766.8,0.0,33.03,27.86,28.16,28.49,2.56,
24,2025-12-19 17:00:00,4.85,2.37,630.8,0.0,34.19,27.48,27.79,28.25,2.46,
24,2025-12-19 18:00:00,4.55,1.87,554.5,0.0,37.81,26.37,27.05,27.46,2.23,
24,2025-12-19 19:00:00,4.7,2.01,372.3,0.0,40.82,24.48,25.77,26.98,1.97,
24,2025-12-19 20:00:00,4.03,1.89,68.15,0.0,46.61,21.9,22.72,23.6,1.48,
24,2025-12-19 21:00:00,3.12,0.68,1.96,0.0,51.2,19.99,20.68,21.45,1.2,
24,2025-12-19 22:00:00,3.2,0.95,0.0,0.0,57.82,17.84,18.6,19.33,0.91,
24,2025-12-19 23:00:00,1.4,0.1,0.0,0.0,64.49,16.18,16.71,17.17,0.68,
24,2025-12-20 00:00:00,1.18,0.15,0.0,0.0,69.56,14.78,15.37,16.01,0.53,
24,2025-12-20 01:00:00,0.88,0.04,0.0,0.0,76.09,13.19,13.7,14.4,0.38,
24,2025-12-20 02:00:00,0.0,0.0,0.0,0.0,80.78,11.67,12.17,12.91,0.27,
24,2025-12-20 03:00:00,0.88,0.03,0.0,0.0,83.18,10.64,10.96,11.42,0.22,
24,2025-12-20 04:00:00,0.8,0.03,0.0,0.0,85.0,10.34,10.46,10.6,0.19,
24,2025-12-20 05:00:00,0.72,0.02,0.01,0.0,87.1,9.49,9.8,10.23,0.16,
24,2025-12-20 06:00:00,1.32,0.18,16.03,0.0,88.4,9.48,9.58,9.62,0.14,
24,2025-12-20 07:00:00,1.32,0.19,206.1,0.0,80.79,10.06,11.64,13.54,0.27,
24,2025-12-20 08:00:00,2.52,0.78,275.2,0.0,73.72,14.69,14.94,15.06,0.44,
24,2025-12-20 09:00:00,2.98,1.1,296.6,0.0,68.91,15.32,15.84,16.43,0.56,
24,2025-12-20 10:00:00,2.6,1.08,443.7,0.0,63.84,17.11,17.46,17.76,0.72,
24,2025-12-20 11:00:00,2.9,0.98,130.3,0.0,66.15,16.69,16.84,16.95,0.65,
24,2025-12-20 12:00:00,2.52,0.93,301.5,0.0,62.53,17.25,17.55,17.96,0.76,
24,2025-12-20 13:00:00,2.38,0.71,463.0,0.0,55.08,18.69,19.38,19.99,1.01,
24,2025-12-20 14:00:00,2.98,1.23,716.3,0.0,52.97,19.82,20.49,21.03,1.14,
24,2025-12-20 15:00:00,2.82,1.19,876.0,0.0,47.12,21.42,21.92,22.25,1.39,
24,2025-12-20 16:00:00,4.1,0.75,514.1,0.0,45.65,22.17,22.5,22.94,1.48,
24,2025-12-20 17:00:00,4.47,2.14,308.2,0.0,50.22,20.76,21.39,22.0,1.27,
24,2025-12-20 18:00:00,4.03,1.97,187.9,0.0,50.84,20.31,20.44,20.61,1.18,
24,2025-12-20 19:00:00,4.62,2.07,138.2,0.0,53.16,19.43,19.83,20.26,1.09,
24,2025-12-20 20:00:00,3.8,1.72,61.05,0.0,54.67,18.14,18.68,19.18,0.98,
24,2025-12-20 21:00:00,2.0,0.41,0.89,0.0,55.31,17.85,17.95,18.09,0.92,
24,2025-12-20 22:00:00,1.7,0.47,0.0,0.0,57.37,17.0,17.51,17.93,0.86,
24,2025-12-20 23:00:00,2.0,0.13,0.0,0.0,61.81,16.23,16.61,16.85,0.72,
24,2025-12-21 00:00:00,0.8,0.03,0.0,0.0,67.08,15.18,15.6,16.01,0.58,
24,2025-12-21 01:00:00,0.35,0.0,0.0,0.0,72.03,14.69,14.86,15.12,0.47,
24,2025-12-21 02:00:00,1.1,0.14,0.0,0.0,74.1,13.83,14.27,14.68,0.42,
24,2025-12-21 03:00:00,0.0,0.0,0.0,0.0,78.76,13.11,13.36,13.68,0.33,
24,2025-12-21 04:00:00,0.0,0.0,0.0,0.0,83.05,11.99,12.45,12.81,0.25,
24,2025-12-21 05:00:00,1.18,0.11,0.0,0.0,83.88,11.82,12.03,12.26,0.23,
24,2025-12-21 06:00:00,0.57,0.01,22.62,0.0,85.95,11.79,11.87,11.93,0.2,
24,2025-12-21 07:00:00,0.88,0.04,119.7,0.0,80.98,11.93,12.74,13.63,0.28,
24,2025-12-21 08:00:00,1.02,0.16,361.2,0.0,71.57,14.5,15.44,16.66,0.5,
24,2025-12-21 09:00:00,2.52,0.45,460.0,0.0,60.61,17.27,18.02,18.74,0.82,
24,2025-12-21 10:00:00,2.45,0.88,799.1,0.0,54.41,18.81,19.62,20.57,1.04,
24,2025-12-21 11:00:00,3.2,1.04,833.0,0.0,49.53,20.82,21.45,22.25,1.29,
24,2025-12-21 12:00:00,4.7,1.21,1064.0,0.0,45.46,22.71,23.26,23.79,1.56,
24,2025-12-21 13:00:00,3.42,1.42,1027.0,0.0,41.67,23.77,24.69,25.38,1.81,
24,2025-12-21 14:00:00,3.42,1.38,1003.0,0.0,35.95,25.51,26.01,26.34,2.16,
24,2025-12-21 15:00:00,5.08,1.85,912.0,0.0,31.89,26.84,27.07,27.4,2.44,
24,2025-12-21 16:00:00,4.1,2.05,806.0,0.0,31.44,26.83,27.26,27.53,2.49,
24,2025-12-21 17:00:00,3.65,1.79,657.0,0.0,31.19,27.39,27.6,27.91,2.54,
24,2025-12-21 18:00:00,3.88,1.35,521.7,0.0,30.0,27.34,27.65,28.01,2.59,
24,2025-12-21 19:00:00,3.58,1.28,335.6,0.0,29.62,26.92,27.28,27.5,2.55,
24,2025-12-21 20:00:00,3.35,0.54,124.0,0.0,42.26,23.27,24.78,26.67,1.82,
24,2025-12-21 21:00:00,3.95,1.43,2.55,0.0,51.01,20.7,21.57,22.42,1.27,
24,2025-12-21 22:00:00,3.2,1.57,0.0,0.0,55.08,19.46,19.91,20.36,1.05,
24,2025-12-21 23:00:00,2.82,1.39,0.0,0.0,58.88,18.41,18.67,19.08,0.89,
24,2025-12-22 00:00:00,3.28,1.36,0.0,0.0,62.02,17.54,17.89,18.28,0.78,
24,2025-12-22 01:00:00,2.9,1.26,0.0,0.0,63.87,17.38,17.6,17.75,0.73,
24,2025-12-22 02:00:00,5.08,2.21,0.0,0.0,62.04,17.15,17.42,17.6,0.76,
24,2025-12-22 03:00:00,4.32,2.36,0.0,0.0,64.09,15.68,16.22,16.82,0.66,
24,2025-12-22 04:00:00,4.7,2.46,0.0,0.0,67.53,14.81,15.19,15.47,0.56,
24,2025-12-22 05:00:00,3.28,1.16,0.01,0.0,71.74,13.71,14.15,14.57,0.46,
24,2025-12-22 06:00:00,2.22,0.32,29.04,0.0,78.26,11.54,12.64,13.61,0.32,
24,2025-12-22 07:00:00,0.42,0.0,187.7,0.0,76.6,11.71,12.7,13.96,0.35,
24,2025-12-22 08:00:00,2.22,0.77,412.6,0.0,64.55,15.11,16.06,17.2,0.65,
24,2025-12-22 09:00:00,2.45,0.62,615.7,0.0,56.65,17.86,18.91,19.68,0.95,
24,2025-12-22 10:00:00,2.98,1.36,793.9,0.0,53.57,19.9,20.65,21.62,1.13,
24,2025-12-22 11:00:00,3.8,1.78,932.0,0.0,49.88,21.95,22.3,22.67,1.35,
24,2025-12-22 12:00:00,4.78,2.2,1019.0,0.0,45.21,23.17,23.88,24.49,1.63,
24,2025-12-22 13:00:00,4.55,1.94,1043.0,0.0,40.04,25.1,25.73,26.4,1.99,
24,2025-12-22 14:00:00,5.3,1.98,1037.0,0.0,38.13,26.64,27.18,27.6,2.23,
24,2025-12-22 15:00:00,5.3,2.0,913.0,0.0,36.61,27.31,27.61,28.06,2.34,
24,2025-12-22 16:00:00,4.85,1.77,623.6,0.0,36.89,26.82,27.18,28.1,2.28,
24,2025-12-22 17:00:00,4.55,1.64,624.5,0.0,31.52,28.47,28.63,28.82,2.69,
24,2025-12-22 18:00:00,4.47,1.63,513.2,0.0,32.58,28.09,28.49,28.87,2.62,
24,2025-12-22 19:00:00,4.25,1.99,299.5,0.0,34.32,26.2,27.2,27.73,2.37,
24,2025-12-22 20:00:00,4.1,1.93,94.9,0.0,38.62,23.09,24.2,25.48,1.86,
24,2025-12-22 21:00:00,2.52,0.72,2.04,0.0,44.62,20.43,21.52,22.57,1.43,
24,2025-12-22 22:00:00,1.85,0.14,0.0,0.0,52.38,17.68,18.7,19.48,1.03,
24,2025-12-22 23:00:00,3.8,0.63,0.0,0.0,54.11,16.8,17.24,17.92,0.91,
24,2025-12-23 00:00:00,2.68,1.1,0.0,0.0,54.94,15.79,17.03,17.73,0.88,
24,2025-12-23 01:00:00,2.68,0.99,0.0,0.0,56.56,15.55,16.18,16.4,0.8,
24,2025-12-23 02:00:00,2.82,1.3,0.0,0.0,52.08,16.33,16.35,16.36,0.89,
24,2025-12-23 03:00:00,4.62,1.75,0.0,0.0,52.76,15.64,15.88,16.1,0.85,
24,2025-12-23 04:00:00,4.47,1.12,0.0,0.0,61.07,13.42,14.48,15.24,0.65,
24,2025-12-23 05:00:00,2.45,0.62,0.01,0.0,70.01,11.02,12.06,12.87,0.43,
24,2025-12-23 06:00:00,1.1,0.11,13.44,0.0,79.14,9.31,10.28,12.26,0.27,
24,2025-12-23 07:00:00,2.22,0.42,204.8,0.0,75.31,9.03,10.72,12.81,0.33,
24,2025-12-23 08:00:00,2.9,1.18,414.8,0.0,60.42,13.79,15.11,16.4,0.69,
24,2025-12-23 09:00:00,3.8,1.97,620.1,0.0,55.1,16.83,17.61,18.18,0.91,
24,2025-12-23 10:00:00,4.03,2.16,799.1,0.0,47.6,18.93,19.94,20.93,1.23,
24,2025-12-23 11:00:00,5.52,2.6,934.0,0.0,43.83,21.58,22.47,23.27,1.53,
24,2025-12-23 12:00:00,5.82,3.33,1025.0,0.0,39.43,23.85,24.5,25.35,1.87,
24,2025-12-23 13:00:00,6.35,3.67,1053.0,0.0,35.59,25.92,26.38,26.76,2.22,
24,2025-12-23 14:00:00,5.52,3.17,1048.0,0.0,33.41,27.21,27.81,28.17,2.49,
24,2025-12-23 15:00:00,5.22,2.94,993.0,0.0,31.48,28.53,28.78,28.94,2.71,
24,2025-12-23 16:00:00,5.52,3.1,874.0,0.0,30.49,29.24,29.34,29.39,2.84,
24,2025-12-23 17:00:00,5.52,3.42,705.5,0.0,29.09,29.41,29.47,29.61,2.92,
24,2025-12-23 18:00:00,5.82,3.25,509.6,0.0,26.67,28.96,29.13,29.34,2.96,
24,2025-12-23 19:00:00,5.08,2.85,301.3,0.0,26.5,27.95,28.4,28.72,2.85,
24,2025-12-23 20:00:00,3.72,2.11,96.3,0.0,27.42,25.75,26.58,27.51,2.53,
24,2025-12-23 21:00:00,3.05,1.38,2.14,0.0,33.71,22.59,23.69,25.2,1.95,
24,2025-12-23 22:00:00,3.5,1.94,0.0,0.0,37.22,22.74,23.07,23.21,1.77,
24,2025-12-23 23:00:00,3.58,1.81,0.0,0.0,49.76,20.75,21.27,22.09,1.27,
24,2025-12-24 00:00:00,4.92,2.4,0.0,0.0,50.08,20.54,20.85,21.25,1.23,
24,2025-12-24 01:00:00,5.15,2.99,0.0,0.0,57.0,19.42,20.01,20.63,1.01,
24,2025-12-24 02:00:00,4.78,2.83,0.0,0.0,61.4,18.09,18.57,19.02,0.83,
24,2025-12-24 03:00:00,5.3,2.99,0.0,0.0,62.81,16.94,17.34,17.74,0.74,
24,2025-12-24 04:00:00,4.85,2.53,0.0,0.0,66.61,15.7,16.12,16.65,0.61,
24,2025-12-24 05:00:00,4.78,2.17,0.01,0.0,69.65,14.82,15.07,15.43,0.52,
24,2025-12-24 06:00:00,5.3,2.18,13.17,0.0,71.63,14.06,14.33,14.6,0.46,
24,2025-12-24 07:00:00,4.25,2.13,200.8,0.0,71.22,13.9,14.24,14.74,0.47,
24,2025-12-24 08:00:00,4.1,2.39,403.9,0.0,66.29,15.07,15.62,16.28,0.6,
24,2025-12-24 09:00:00,4.55,2.73,615.1,0.0,60.13,16.74,17.56,18.3,0.8,
24,2025-12-24 10:00:00,5.38,2.89,794.8,0.0,53.19,18.8,19.83,20.85,1.09,
24,2025-12-24 11:00:00,5.68,3.08,935.0,0.0,46.48,21.3,22.24,22.94,1.44,
24,2025-12-24 12:00:00,6.88,3.78,1018.0,0.0,42.21,23.55,24.17,24.79,1.74,
24,2025-12-24 13:00:00,7.1,4.13,1039.0,0.0,40.13,24.95,25.43,25.9,1.95,
24,2025-12-24 14:00:00,7.25,4.07,1039.0,0.0,37.43,26.06,26.7,27.2,2.2,
24,2025-12-24 15:00:00,7.02,4.14,994.0,0.0,32.63,27.64,27.96,28.19,2.54,
24,2025-12-24 16:00:00,7.18,3.95,887.0,0.0,24.98,28.34,28.69,28.89,2.96,
24,2025-12-24 17:00:00,6.65,3.73,731.2,0.0,23.18,28.72,28.98,29.22,3.07,
24,2025-12-24 18:00:00,6.8,3.85,526.5,0.0,22.73,28.74,28.88,29.16,3.08,
24,2025-12-24 19:00:00,6.28,3.65,312.2,0.0,26.61,27.54,28.1,28.6,2.79,
24,2025-12-24 20:00:00,5.3,2.91,94.8,0.0,32.53,25.22,26.04,27.03,2.28,
24,2025-12-24 21:00:00,4.7,2.58,2.31,0.0,34.16,24.24,24.48,24.73,2.02,
24,2025-12-24 22:00:00,5.08,2.76,0.0,0.0,35.13,22.88,23.39,24.0,1.87,
24,2025-12-24 23:00:00,5.3,3.06,0.0,0.0,38.84,21.48,22.05,22.58,1.63,
24,2025-12-25 00:00:00,5.38,2.98,0.0,0.0,43.23,20.16,20.57,21.06,1.38,
24,2025-12-25 01:00:00,5.75,2.54,0.0,0.0,46.97,18.79,19.37,19.94,1.19,
24,2025-12-25 02:00:00,4.85,2.19,0.0,0.0,50.11,18.07,18.34,18.62,1.05,
24,2025-12-25 03:00:00,4.1,1.87,0.0,0.0,53.62,17.24,17.44,17.76,0.92,
24,2025-12-25 04:00:00,4.1,1.25,0.0,0.0,59.86,14.25,15.82,17.07,0.73,
24,2025-12-25 05:00:00,4.47,2.28,0.01,0.0,61.55,15.54,15.87,16.2,0.69,
24,2025-12-25 06:00:00,2.38,0.82,12.2,0.0,69.33,12.79,13.98,15.16,0.49,
24,2025-12-25 07:00:00,3.58,1.53,206.3,0.0,70.16,14.19,14.6,15.18,0.5,
24,2025-12-25 08:00:00,4.4,2.38,417.6,0.0,64.29,15.55,16.3,17.22,0.66,
24,2025-12-25 09:00:00,4.03,2.22,625.3,0.0,56.68,17.92,18.63,19.52,0.93,
24,2025-12-25 10:00:00,4.55,2.35,807.0,0.0,49.05,20.34,21.26,22.09,1.29,
24,2025-12-25 11:00:00,5.52,2.79,948.0,0.0,42.26,22.75,23.46,24.19,1.67,
24,2025-12-25 12:00:00,5.98,3.29,1040.0,0.0,39.03,24.53,25.29,26.06,1.97,
24,2025-12-25 13:00:00,6.58,3.73,1075.0,0.0,32.67,26.58,27.36,28.02,2.46,
24,2025-12-25 14:00:00,7.32,4.31,1072.0,0.0,29.93,28.11,28.59,29.03,2.74,
24,2025-12-25 15:00:00,6.58,4.08,1024.0,0.0,26.46,29.27,29.64,30.17,3.06,
24,2025-12-25 16:00:00,6.72,3.95,911.0,0.0,20.79,30.23,30.5,30.73,3.46,
24,2025-12-25 17:00:00,7.4,3.83,748.0,0.0,20.94,30.61,30.66,30.72,3.48,
24,2025-12-25 18:00:00,6.2,3.5,549.3,0.0,21.07,30.28,30.51,30.84,3.45,
24,2025-12-25 19:00:00,5.38,2.95,324.9,0.0,22.36,29.16,29.62,29.91,3.22,
24,2025-12-25 20:00:00,4.25,1.96,98.0,0.0,25.78,26.21,27.37,28.6,2.71,
24,2025-12-25 21:00:00,2.45,1.12,2.56,0.0,33.34,23.44,24.41,25.67,2.05,
24,2025-12-25 22:00:00,1.85,0.54,0.0,0.0,42.39,19.83,20.95,22.26,1.43,
24,2025-12-25 23:00:00,0.88,0.04,0.0,0.0,50.28,17.33,18.22,19.34,1.05,
24,2025-12-26 00:00:00,2.38,0.3,0.0,0.0,51.43,17.04,18.49,19.13,1.04,
24,2025-12-26 01:00:00,3.58,1.79,0.0,0.0,43.61,20.56,21.45,21.94,1.44,
24,2025-12-26 02:00:00,1.78,0.48,0.0,0.0,52.43,17.94,19.41,20.95,1.08,
24,2025-12-26 03:00:00,1.32,0.15,0.0,0.0,67.83,13.71,14.63,15.69,0.54,
24,2025-12-26 04:00:00,1.02,0.03,0.0,0.0,76.7,12.24,12.72,13.38,0.35,
24,2025-12-26 05:00:00,1.18,0.04,0.01,0.0,82.88,11.89,12.04,12.18,0.24,
24,2025-12-26 06:00:00,0.88,0.05,12.19,0.0,84.93,10.06,10.76,11.53,0.2,
24,2025-12-26 07:00:00,1.25,0.15,196.5,0.0,81.07,10.05,11.53,13.83,0.27,
24,2025-12-26 08:00:00,2.08,0.75,403.0,0.0,71.9,14.87,15.59,16.34,0.5,
24,2025-12-26 09:00:00,4.1,0.82,610.1,0.0,63.03,17.12,17.78,18.41,0.76,
24,2025-12-26 10:00:00,2.52,0.92,784.7,0.0,57.19,18.79,19.63,20.46,0.98,
24,2025-12-26 11:00:00,3.05,1.05,926.0,0.0,47.31,21.14,22.67,23.62,1.46,
24,2025-12-26 12:00:00,2.9,1.14,1018.0,0.0,42.62,24.19,24.82,25.35,1.8,
24,2025-12-26 13:00:00,3.88,1.34,1043.0,0.0,36.19,25.88,26.73,27.34,2.24,
24,2025-12-26 14:00:00,4.03,1.67,1039.0,0.0,30.05,27.85,28.41,28.7,2.71,
24,2025-12-26 15:00:00,3.88,1.59,989.0,0.0,29.55,28.92,29.47,29.78,2.9,
24,2025-12-26 16:00:00,4.78,1.79,868.0,0.0,25.66,29.52,29.9,30.26,3.14,
24,2025-12-26 17:00:00,4.85,1.53,718.3,0.0,25.09,30.17,30.32,30.46,3.24,
24,2025-12-26 18:00:00,5.52,2.87,512.2,0.0,32.0,28.19,29.07,30.06,2.74,
24,2025-12-26 19:00:00,5.08,2.68,306.4,0.0,37.36,26.67,27.26,27.86,2.27,
24,2025-12-26 20:00:00,3.88,1.21,89.2,0.0,41.88,24.43,25.26,26.16,1.88,
24,2025-12-26 21:00:00,3.72,1.31,2.27,0.0,43.39,23.27,23.56,23.8,1.65,
24,2025-12-26 22:00:00,3.12,0.69,0.0,0.0,49.21,20.33,21.2,22.49,1.28,
24,2025-12-26 23:00:00,3.35,1.59,0.0,0.0,53.32,19.66,19.92,20.19,1.09,
24,2025-12-27 00:00:00,3.88,1.84,0.0,0.0,54.67,19.16,19.6,19.86,1.04,
24,2025-12-27 01:00:00,4.55,2.31,0.0,0.0,49.78,19.08,19.26,19.44,1.12,
24,2025-12-27 02:00:00,4.7,2.64,0.0,0.0,51.9,17.65,18.16,18.65,1.0,
24,2025-12-27 03:00:00,4.32,1.63,0.0,0.0,56.84,16.05,16.75,17.34,0.83,
24,2025-12-27 04:00:00,1.1,0.18,0.0,0.0,67.8,13.52,14.51,15.46,0.54,
24,2025-12-27 05:00:00,2.52,0.67,0.0,0.0,65.83,13.49,14.17,14.54,0.55,
24,2025-12-27 06:00:00,1.78,0.23,11.84,0.0,72.03,12.32,12.98,13.7,0.42,
24,2025-12-27 07:00:00,3.12,0.86,192.8,0.0,69.73,13.01,13.72,14.71,0.48,
24,2025-12-27 08:00:00,3.12,1.77,405.2,0.0,62.12,15.25,16.1,16.96,0.7,
24,2025-12-27 09:00:00,3.2,1.79,611.3,0.0,55.08,17.5,18.55,19.53,0.96,
24,2025-12-27 10:00:00,4.62,1.92,793.8,0.0,48.39,20.25,21.2,22.18,1.31,
24,2025-12-27 11:00:00,4.62,2.37,936.0,0.0,42.9,22.92,23.67,24.36,1.67,
24,2025-12-27 12:00:00,5.68,3.2,1028.0,0.0,38.46,25.12,25.66,26.13,2.03,
24,2025-12-27 13:00:00,6.2,3.67,1056.0,0.0,34.79,26.68,27.34,27.72,2.37,
24,2025-12-27 14:00:00,6.28,3.43,1051.0,0.0,29.65,28.26,28.9,29.45,2.81,
24,2025-12-27 15:00:00,5.68,3.18,1001.0,0.0,26.56,29.56,30.08,30.56,3.13,
24,2025-12-27 16:00:00,5.22,3.04,888.0,0.0,24.93,30.77,31.01,31.26,3.38,
24,2025-12-27 17:00:00,5.38,3.07,728.5,0.0,22.88,31.34,31.41,31.48,3.55,
24,2025-12-27 18:00:00,5.45,2.88,535.1,0.0,22.37,31.06,31.22,31.42,3.53,
24,2025-12-27 19:00:00,4.32,2.4,318.2,0.0,23.61,30.05,30.55,30.95,3.35,
24,2025-12-27 20:00:00,3.8,1.84,92.6,0.0,27.32,27.33,28.36,29.5,2.81,
24,2025-12-27 21:00:00,3.5,1.75,2.56,0.0,33.71,25.19,25.77,26.58,2.2,
24,2025-12-27 22:00:00,4.25,2.48,0.0,0.0,33.83,24.7,24.88,25.02,2.08,
24,2025-12-27 23:00:00,3.12,1.75,0.0,0.0,32.79,23.14,23.71,24.37,1.97,
24,2025-12-28 00:00:00,2.22,0.43,0.0,0.0,51.0,17.7,19.17,21.52,1.1,
24,2025-12-28 01:00:00,0.95,0.06,0.0,0.0,58.84,15.0,15.98,17.18,0.75,
24,2025-12-28 02:00:00,0.8,0.02,0.0,0.0,64.31,13.67,14.09,14.63,0.58,
24,2025-12-28 03:00:00,1.1,0.16,0.0,0.0,64.78,13.34,13.54,13.75,0.55,
24,2025-12-28 04:00:00,1.4,0.17,0.0,0.0,65.0,12.82,12.99,13.14,0.52,
24,2025-12-28 05:00:00,0.72,0.04,0.0,0.0,71.59,11.05,11.56,12.13,0.39,
24,2025-12-28 06:00:00,0.5,0.01,11.69,0.0,72.53,11.02,11.1,11.15,0.36,
24,2025-12-28 07:00:00,1.48,0.29,197.9,0.0,66.32,11.03,12.6,15.32,0.51,
24,2025-12-28 08:00:00,1.92,0.72,408.4,0.0,50.05,17.27,18.27,19.12,1.05,
24,2025-12-28 09:00:00,2.22,0.65,616.6,0.0,43.08,19.97,21.24,22.33,1.44,
24,2025-12-28 10:00:00,2.75,1.21,798.1,0.0,37.47,23.0,23.96,24.84,1.86,
24,2025-12-28 11:00:00,3.58,1.47,941.0,0.0,32.61,25.65,26.23,26.74,2.3,
24,2025-12-28 12:00:00,4.85,2.24,1029.0,0.0,28.85,27.82,28.65,29.61,2.8,
24,2025-12-28 13:00:00,5.08,2.82,1056.0,0.0,25.26,29.84,30.42,30.97,3.25,
24,2025-12-28 14:00:00,5.08,2.65,1053.0,0.0,22.94,30.96,31.51,31.77,3.56,
24,2025-12-28 15:00:00,5.9,2.5,1002.0,0.0,21.48,31.85,32.15,32.47,3.77,
24,2025-12-28 16:00:00,5.0,2.45,887.0,0.0,21.31,32.7,32.88,33.06,3.93,
24,2025-12-28 17:00:00,6.42,2.54,729.5,0.0,19.62,33.05,33.1,33.17,4.07,
24,2025-12-28 18:00:00,4.25,2.29,535.9,0.0,18.83,32.78,33.09,33.52,4.1,
24,2025-12-28 19:00:00,3.88,2.0,322.0,0.0,20.67,31.65,32.28,32.76,3.83,
24,2025-12-28 20:00:00,2.68,0.87,91.7,0.0,29.47,27.62,29.54,31.26,2.94,
24,2025-12-28 21:00:00,2.9,0.65,2.68,0.0,35.28,25.6,25.96,26.27,2.17,
24,2025-12-28 22:00:00,2.08,0.5,0.0,0.0,40.68,22.8,23.94,25.56,1.77,
24,2025-12-28 23:00:00,2.08,0.33,0.0,0.0,50.37,19.45,20.94,22.41,1.24,
24,2025-12-29 00:00:00,1.1,0.13,0.0,0.0,57.96,17.02,17.9,19.04,0.86,
24,2025-12-29 01:00:00,0.8,0.02,0.0,0.0,61.39,15.71,16.04,16.55,0.7,
24,2025-12-29 02:00:00,1.78,0.16,0.0,0.0,61.16,15.15,15.53,15.85,0.69,
24,2025-12-29 03:00:00,0.65,0.01,0.0,0.0,71.44,13.3,13.87,14.46,0.45,
24,2025-12-29 04:00:00,0.88,0.05,0.0,0.0,75.01,12.33,12.77,13.06,0.37,
24,2025-12-29 05:00:00,1.18,0.05,0.0,0.0,75.19,11.74,11.89,12.04,0.35,
24,2025-12-29 06:00:00,1.02,0.04,11.98,0.0,77.8,11.35,11.45,11.66,0.3,
24,2025-12-29 07:00:00,0.88,0.07,192.1,0.0,66.74,11.5,13.43,16.72,0.54,
24,2025-12-29 08:00:00,2.3,0.8,402.4,0.0,48.12,18.81,20.14,21.32,1.23,
24,2025-12-29 09:00:00,2.98,1.48,605.9,0.0,42.21,21.83,22.72,23.41,1.6,
24,2025-12-29 10:00:00,3.88,1.69,789.0,0.0,38.19,24.0,24.77,25.61,1.93,
24,2025-12-29 11:00:00,4.1,1.81,933.0,0.0,32.85,26.33,27.14,28.13,2.42,
24,2025-12-29 12:00:00,5.08,2.5,1020.0,0.0,26.48,28.53,29.54,30.48,3.04,
24,2025-12-29 13:00:00,5.82,3.25,1049.0,0.0,21.73,30.9,31.34,31.74,3.58,
24,2025-12-29 14:00:00,5.9,2.89,1046.0,0.0,18.8,32.25,32.65,33.06,4.01,
24,2025-12-29 15:00:00,5.45,2.56,993.0,0.0,18.8,33.35,33.49,33.65,4.2,
24,2025-12-29 16:00:00,5.38,2.58,880.0,0.0,17.3,33.73,33.96,34.3,4.39,
24,2025-12-29 17:00:00,5.0,2.74,721.8,0.0,19.32,34.02,34.09,34.13,4.31,
24,2025-12-29 18:00:00,4.78,2.83,522.9,0.0,19.06,33.43,33.62,33.79,4.22,
24,2025-12-29 19:00:00,4.03,2.26,313.7,0.0,19.15,32.41,32.97,33.33,4.06,
24,2025-12-29 20:00:00,2.9,0.91,87.7,0.0,27.06,28.31,30.22,31.94,3.15,
24,2025-12-29 21:00:00,1.78,0.39,2.61,0.0,34.25,25.94,26.55,27.29,2.29,
24,2025-12-29 22:00:00,1.85,0.58,0.0,0.0,38.04,23.63,23.81,24.23,1.83,
24,2025-12-29 23:00:00,1.78,0.34,0.0,0.0,41.46,20.09,22.36,23.53,1.6,
24,2025-12-30 00:00:00,1.1,0.12,0.0,0.0,52.75,17.78,18.29,19.04,1.0,
24,2025-12-30 01:00:00,1.18,0.08,0.0,0.0,59.15,15.61,16.13,16.9,0.75,
24,2025-12-30 02:00:00,1.4,0.11,0.0,0.0,64.13,14.33,14.91,15.37,0.61,
24,2025-12-30 03:00:00,3.58,0.61,0.0,0.0,56.29,13.99,15.44,18.87,0.8,
24,2025-12-30 04:00:00,5.52,2.56,0.0,0.0,40.55,20.24,20.76,21.17,1.46,
24,2025-12-30 05:00:00,3.28,1.05,0.0,0.0,49.93,16.98,18.67,19.82,1.09,
24,2025-12-30 06:00:00,0.95,0.07,11.49,0.0,64.77,12.85,13.77,15.47,0.56,
24,2025-12-30 07:00:00,0.88,0.06,189.3,0.0,61.83,12.9,14.42,17.14,0.64,
24,2025-12-30 08:00:00,2.98,0.95,397.9,0.0,49.04,18.57,19.67,20.65,1.17,
24,2025-12-30 09:00:00,4.03,2.1,601.1,0.0,43.07,21.49,22.12,22.68,1.52,
24,2025-12-30 10:00:00,3.95,1.97,783.6,0.0,37.31,22.96,23.97,25.01,1.87,
24,2025-12-30 11:00:00,3.42,1.74,926.0,0.0,32.25,25.71,26.58,27.31,2.36,
24,2025-12-30 12:00:00,5.3,2.25,1020.0,0.0,28.24,27.9,29.01,30.0,2.88,
24,2025-12-30 13:00:00,5.68,3.26,1053.0,0.0,17.65,30.66,31.15,31.78,3.74,
24,2025-12-30 14:00:00,5.68,3.22,1050.0,0.0,14.3,32.52,32.73,32.96,4.25,
24,2025-12-30 15:00:00,5.38,3.01,994.0,0.0,16.11,33.07,33.46,33.9,4.33,
24,2025-12-30 16:00:00,5.38,2.79,889.0,0.0,15.46,34.01,34.13,34.23,4.53,
24,2025-12-30 17:00:00,5.15,2.65,718.0,0.0,16.53,34.21,34.35,34.5,4.53,
24,2025-12-30 18:00:00,5.15,2.95,530.9,0.0,16.65,33.62,33.84,34.07,4.4,
24,2025-12-30 19:00:00,4.92,2.71,319.6,0.0,18.28,32.29,32.85,33.32,4.08,
24,2025-12-30 20:00:00,3.65,2.2,88.6,0.0,21.62,29.64,30.55,31.68,3.44,
24,2025-12-30 21:00:00,3.95,1.96,2.74,0.0,25.71,26.34,27.35,28.87,2.71,
24,2025-12-30 22:00:00,4.85,2.42,0.0,0.0,24.01,26.54,26.82,27.07,2.68,
24,2025-12-30 23:00:00,3.8,2.01,0.0,0.0,26.95,25.79,26.07,26.43,2.47,
24,2025-12-31 00:00:00,4.03,2.11,0.0,0.0,29.89,25.13,25.36,25.58,2.27,
24,2025-12-31 01:00:00,5.08,2.76,0.0,0.0,33.72,23.78,24.33,24.68,2.02,
24,2025-12-31 02:00:00,5.52,3.07,0.0,0.0,43.44,22.62,23.05,23.41,1.6,
24,2025-12-31 03:00:00,5.15,2.95,0.0,0.0,51.75,21.33,21.81,22.3,1.26,
24,2025-12-31 04:00:00,4.18,1.99,0.0,0.0,57.38,19.84,20.36,20.91,1.02,
24,2025-12-31 05:00:00,2.52,0.28,0.0,0.0,58.64,14.9,16.71,19.28,0.8,
24,2025-12-31 06:00:00,0.95,0.07,11.92,0.0,69.13,13.21,13.61,14.16,0.48,
24,2025-12-31 07:00:00,0.72,0.03,181.6,0.0,64.1,13.33,14.76,17.39,0.62,
24,2025-12-31 08:00:00,2.22,0.84,387.3,0.0,54.66,19.67,20.24,20.96,1.08,
24,2025-12-31 09:00:00,2.6,1.31,592.1,0.0,48.12,21.7,22.73,23.67,1.44,
24,2025-12-31 10:00:00,2.98,1.35,773.0,0.0,43.05,24.49,25.22,26.18,1.83,
24,2025-12-31 11:00:00,3.35,1.53,917.0,0.0,35.4,26.54,27.58,28.46,2.39,
24,2025-12-31 12:00:00,2.98,1.35,1006.0,0.0,29.34,29.52,30.39,31.32,3.07,
24,2025-12-31 13:00:00,3.65,1.59,1026.0,0.0,31.83,31.2,32.02,32.74,3.25,
24,2025-12-31 14:00:00,3.65,1.47,1020.0,0.0,26.84,33.26,33.88,34.62,3.87,
24,2025-12-31 15:00:00,4.32,1.89,974.0,0.0,24.23,34.62,35.04,35.4,4.27,
24,2025-12-31 16:00:00,4.62,1.94,864.0,0.0,22.26,35.29,35.51,35.78,4.5,
24,2025-12-31 17:00:00,6.12,3.3,708.9,0.0,29.31,32.61,33.81,35.02,3.73,
24,2025-12-31 18:00:00,5.82,3.23,514.9,0.0,33.76,30.87,31.64,32.4,3.09,
24,2025-12-31 19:00:00,5.45,2.34,302.6,0.0,37.99,28.65,29.46,30.34,2.55,
24,2025-12-31 20:00:00,2.6,0.49,82.0,0.0,43.29,26.25,27.23,28.3,2.06,
24,2025-12-31 21:00:00,1.32,0.11,2.73,0.0,53.19,23.02,24.06,25.35,1.41,
24,2025-12-31 22:00:00,1.18,0.12,0.0,0.0,58.24,20.95,21.91,22.87,1.1,
24,2025-12-31 23:00:00,0.8,0.02,0.0,0.0,65.12,19.1,19.88,20.78,0.81,
24,2026-01-01 00:00:00,0.65,0.02,0.0,0.0,71.8,17.79,18.31,18.81,0.6,
24,2026-01-01 01:00:00,0.88,0.02,0.0,0.0,75.84,16.35,16.81,17.29,0.46,
24,2026-01-01 02:00:00,0.0,0.0,0.0,0.0,80.06,14.88,15.37,15.88,0.35,
24,2026-01-01 03:00:00,0.28,0.0,0.0,0.0,81.8,13.66,14.11,14.56,0.29,
24,2026-01-01 04:00:00,0.8,0.02,0.0,0.0,84.3,13.08,13.18,13.34,0.24,
24,2026-01-01 05:00:00,0.8,0.02,0.0,0.0,85.45,12.39,12.69,13.13,0.22,
24,2026-01-01 06:00:00,0.0,0.0,11.19,0.0,86.33,12.16,12.22,12.31,0.2,
24,2026-01-01 07:00:00,0.72,0.02,177.5,0.0,82.72,12.18,13.32,15.33,0.27,
24,2026-01-01 08:00:00,1.48,0.33,383.1,0.0,69.5,16.9,18.2,19.68,0.65,
24,2026-01-01 09:00:00,2.22,0.87,590.0,0.0,57.53,20.11,21.35,22.96,1.09,
24,2026-01-01 10:00:00,2.38,1.02,772.0,0.0,49.13,23.19,24.38,25.8,1.56,
24,2026-01-01 11:00:00,2.82,0.95,911.0,0.0,39.24,26.61,27.6,28.51,2.25,
24,2026-01-01 12:00:00,3.95,1.47,1004.0,0.0,38.11,29.01,29.67,30.19,2.58,
24,2026-01-01 13:00:00,3.8,2.14,1036.0,0.0,36.11,30.21,30.74,31.01,2.83,
24,2026-01-01 14:00:00,5.3,2.77,1033.0,0.0,36.62,31.14,31.59,32.13,2.94,
24,2026-01-01 15:00:00,5.22,3.03,983.0,0.0,36.89,31.79,31.89,31.98,2.98,
24,2026-01-01 16:00:00,6.2,3.28,873.0,0.0,36.74,30.67,31.2,31.67,2.88,
24,2026-01-01 17:00:00,5.9,3.0,715.3,0.0,38.33,29.59,30.11,30.5,2.64,
24,2026-01-01 18:00:00,4.47,2.33,522.8,0.0,40.59,28.72,28.98,29.36,2.38,
24,2026-01-01 19:00:00,4.4,1.86,311.7,0.0,43.5,26.75,27.59,28.39,2.09,
24,2026-01-01 20:00:00,2.6,0.6,84.8,0.0,49.11,24.12,25.16,26.13,1.63,
24,2026-01-01 21:00:00,1.62,0.23,2.82,0.0,57.29,21.32,22.23,23.24,1.15,
24,2026-01-01 22:00:00,1.48,0.14,0.0,0.0,64.08,19.45,20.06,20.76,0.85,
24,2026-01-01 23:00:00,1.62,0.08,0.0,0.0,70.02,17.61,18.38,19.13,0.64,
24,2026-01-02 00:00:00,0.35,0.0,0.0,0.0,74.95,16.44,16.77,17.13,0.48,
24,2026-01-02 01:00:00,0.88,0.06,0.0,0.0,78.89,14.72,15.4,16.11,0.37,
24,2026-01-02 02:00:00,0.0,0.0,0.0,0.0,82.3,13.93,14.36,14.63,0.29,
24,2026-01-02 03:00:00,0.65,0.01,0.0,0.0,82.85,13.33,13.66,13.83,0.27,
24,2026-01-02 04:00:00,0.72,0.03,0.0,0.0,85.78,12.34,12.65,13.02,0.21,
24,2026-01-02 05:00:00,0.8,0.02,0.0,0.0,87.83,11.96,12.06,12.17,0.17,
24,2026-01-02 06:00:00,0.35,0.01,10.51,0.0,87.63,11.78,11.85,11.89,0.17,
24,2026-01-02 07:00:00,1.78,0.09,178.8,0.0,85.53,11.9,13.18,15.04,0.22,
24,2026-01-02 08:00:00,2.08,0.42,328.8,0.0,74.56,15.69,16.74,17.87,0.49,
24,2026-01-02 09:00:00,1.85,0.65,590.4,0.0,64.53,19.27,20.25,21.01,0.84,
24,2026-01-02 10:00:00,3.2,1.27,769.8,0.0,59.4,21.45,22.12,22.93,1.08,
24,2026-01-02 11:00:00,3.12,1.18,910.0,0.0,52.47,23.58,24.47,25.27,1.46,
24,2026-01-02 12:00:00,4.1,1.94,1002.0,0.0,49.53,26.04,26.15,26.27,1.72,
24,2026-01-02 13:00:00,4.92,2.62,1033.0,0.0,48.47,26.51,26.73,27.03,1.81,
24,2026-01-02 14:00:00,5.45,3.0,1031.0,0.0,47.73,27.51,27.69,27.81,1.94,
24,2026-01-02 15:00:00,6.2,3.19,976.0,0.0,46.31,27.51,27.64,27.85,1.99,
24,2026-01-02 16:00:00,5.68,2.89,868.0,0.0,45.9,27.45,27.6,27.77,2.0,
24,2026-01-02 17:00:00,5.38,2.78,711.5,0.0,45.85,27.02,27.36,27.65,1.97,
24,2026-01-02 18:00:00,4.92,2.57,520.4,0.0,47.5,25.86,26.32,26.71,1.8,
24,2026-01-02 19:00:00,4.32,1.96,312.7,0.0,50.5,24.22,25.24,25.97,1.6,
24,2026-01-02 20:00:00,3.42,1.2,84.6,0.0,57.87,21.58,22.61,23.61,1.16,
24,2026-01-02 21:00:00,1.7,0.28,2.92,0.0,63.48,20.03,20.65,21.24,0.89,
24,2026-01-02 22:00:00,1.18,0.11,0.0,0.0,69.66,18.47,19.04,19.58,0.67,
24,2026-01-02 23:00:00,0.8,0.04,0.0,0.0,75.87,17.02,17.48,17.85,0.48,
24,2026-01-03 00:00:00,1.02,0.03,0.0,0.0,80.68,16.06,16.21,16.48,0.36,
24,2026-01-03 01:00:00,1.02,0.07,0.0,0.0,83.7,15.07,15.29,15.73,0.29,
24,2026-01-03 02:00:00,0.5,0.0,0.0,0.0,86.53,13.88,14.44,14.98,0.22,
24,2026-01-03 03:00:00,0.8,0.03,0.0,0.0,88.23,12.44,12.92,13.4,0.18,
24,2026-01-03 04:00:00,0.72,0.01,0.0,0.0,89.6,12.52,12.58,12.68,0.15,
24,2026-01-03 05:00:00,0.0,0.0,0.0,0.0,89.55,11.55,11.92,12.28,0.15,
24,2026-01-03 06:00:00,0.0,0.0,10.1,0.0,90.18,11.18,11.33,11.41,0.13,
24,2026-01-03 07:00:00,0.57,0.01,116.6,0.0,89.8,11.03,12.0,13.4,0.15,
24,2026-01-03 08:00:00,1.7,0.54,225.1,0.0,87.33,14.49,14.85,15.46,0.22,
24,2026-01-03 09:00:00,2.68,1.12,560.0,0.0,77.24,15.93,16.96,17.67,0.44,
24,2026-01-03 10:00:00,2.98,1.21,771.4,0.0,69.38,17.87,18.81,19.51,0.67,
24,2026-01-03 11:00:00,3.35,1.3,909.0,0.0,61.33,20.2,21.24,22.16,0.98,
24,2026-01-03 12:00:00,4.03,1.67,999.0,0.0,56.64,22.42,23.27,23.97,1.24,
24,2026-01-03 13:00:00,3.5,1.91,1030.0,0.0,52.37,24.7,25.09,25.6,1.52,
24,2026-01-03 14:00:00,4.25,2.19,1030.0,0.0,50.59,26.15,26.37,26.72,1.7,
24,2026-01-03 15:00:00,4.55,2.55,982.0,0.0,47.69,27.21,27.43,27.67,1.92,
24,2026-01-03 16:00:00,5.45,2.99,871.0,0.0,47.46,27.56,27.67,27.76,1.95,
24,2026-01-03 17:00:00,5.3,2.9,713.1,0.0,46.99,27.77,27.84,27.88,1.99,
24,2026-01-03 18:00:00,5.15,2.71,518.9,0.0,47.56,26.56,27.12,27.68,1.89,
24,2026-01-03 19:00:00,4.4,2.07,309.2,0.0,52.03,24.61,25.48,26.33,1.57,
24,2026-01-03 20:00:00,3.95,1.43,82.9,0.0,59.62,21.77,22.7,23.7,1.12,
24,2026-01-03 21:00:00,1.25,0.08,2.8,0.0,66.84,19.68,20.43,21.33,0.8,
24,2026-01-03 22:00:00,1.1,0.06,0.0,0.0,72.8,18.0,18.66,19.3,0.59,
24,2026-01-03 23:00:00,0.8,0.02,0.0,0.0,79.15,16.46,16.99,17.59,0.4,
24,2026-01-04 00:00:00,1.02,0.06,0.0,0.0,82.38,15.45,15.92,16.3,0.32,
24,2026-01-04 01:00:00,0.57,0.01,0.0,0.0,84.45,14.14,14.58,15.05,0.26,
24,2026-01-04 02:00:00,0.65,0.01,0.0,0.0,87.6,13.27,13.46,13.74,0.19,
24,2026-01-04 03:00:00,0.0,0.0,0.0,0.0,87.65,12.69,12.96,13.17,0.19,
24,2026-01-04 04:00:00,0.0,0.0,0.0,0.0,88.73,12.02,12.13,12.3,0.16,
24,2026-01-04 05:00:00,0.88,0.01,0.0,0.0,88.28,11.93,12.39,13.02,0.17,
24,2026-01-04 06:00:00,0.95,0.09,4.62,0.0,85.65,13.36,13.98,14.6,0.23,
24,2026-01-04 07:00:00,1.78,0.5,39.38,0.0,88.7,14.85,14.89,14.95,0.19,
24,2026-01-04 08:00:00,2.38,0.64,75.44,0.0,88.23,14.96,15.1,15.26,0.2,
24,2026-01-04 09:00:00,2.22,0.64,110.0,0.0,86.48,15.4,15.58,15.76,0.24,
24,2026-01-04 10:00:00,2.82,0.76,170.5,0.0,82.95,16.06,16.29,16.54,0.32,
24,2026-01-04 11:00:00,2.52,0.73,269.2,0.0,77.23,16.82,17.4,17.79,0.45,
24,2026-01-04 12:00:00,2.98,1.39,305.5,0.0,75.45,18.02,18.22,18.29,0.52,
24,2026-01-04 13:00:00,3.58,1.69,416.2,0.0,71.54,18.42,19.03,19.55,0.63,
24,2026-01-04 14:00:00,3.8,1.85,427.7,0.0,70.83,19.45,19.6,19.71,0.67,
24,2026-01-04 15:00:00,3.35,1.41,243.3,0.0,71.68,19.05,19.25,19.44,0.63,
24,2026-01-04 16:00:00,3.35,1.53,288.0,0.0,72.09,19.29,19.53,19.73,0.64,
24,2026-01-04 17:00:00,3.12,1.56,274.2,0.0,71.31,19.7,19.81,20.02,0.67,
24,2026-01-04 18:00:00,2.98,1.64,137.0,0.0,70.97,19.63,19.72,19.75,0.67,
24,2026-01-04 19:00:00,3.05,1.72,78.25,0.0,71.95,19.32,19.48,19.62,0.64,
24,2026-01-04 20:00:00,2.9,1.42,25.06,0.0,72.55,18.84,19.04,19.25,0.6,
24,2026-01-04 21:00:00,2.6,1.34,0.62,0.0,73.37,18.4,18.55,18.71,0.57,
24,2026-01-04 22:00:00,2.38,0.65,0.0,0.0,73.73,18.29,18.31,18.36,0.55,
24,2026-01-04 23:00:00,1.1,0.15,0.0,0.0,74.63,18.19,18.25,18.3,0.53,
24,2026-01-05 00:00:00,1.32,0.24,0.0,0.0,76.25,18.1,18.12,18.14,0.49,
24,2026-01-05 01:00:00,1.4,0.49,0.0,0.0,77.6,17.98,18.03,18.09,0.46,
24,2026-01-05 02:00:00,2.0,0.48,0.0,0.0,77.66,17.88,17.95,18.0,0.46,
24,2026-01-05 03:00:00,1.32,0.12,0.0,0.0,78.54,17.76,17.8,17.86,0.44,
24,2026-01-05 04:00:00,1.55,0.13,0.0,0.0,79.23,17.39,17.63,17.75,0.42,
24,2026-01-05 05:00:00,1.7,0.18,0.0,0.0,82.79,16.84,17.09,17.31,0.34,
24,2026-01-05 06:00:00,1.18,0.18,1.34,0.0,91.38,16.03,16.31,16.64,0.16,
24,2026-01-05 07:00:00,1.1,0.13,29.59,0.1,94.35,15.86,15.92,15.96,0.1,
24,2026-01-05 08:00:00,1.78,0.69,100.6,0.0,93.4,16.0,16.09,16.2,0.12,
24,2026-01-05 09:00:00,2.38,0.98,127.3,0.0,89.8,16.33,16.41,16.56,0.19,
24,2026-01-05 10:00:00,2.6,1.17,154.6,0.0,88.0,16.57,16.62,16.69,0.23,
24,2026-01-05 11:00:00,3.2,1.36,178.7,0.1,89.7,16.36,16.44,16.51,0.19,
24,2026-01-05 12:00:00,2.68,1.02,258.5,0.1,85.18,16.6,17.25,17.88,0.29,
24,2026-01-05 13:00:00,3.2,1.41,307.7,0.0,75.82,18.08,18.62,19.01,0.52,
24,2026-01-05 14:00:00,2.98,1.57,397.9,0.0,71.2,19.22,19.54,20.05,0.65,
24,2026-01-05 15:00:00,4.03,1.97,382.6,0.0,69.72,19.2,19.78,20.24,0.7,
24,2026-01-05 16:00:00,3.58,1.83,186.3,0.0,70.68,18.85,19.01,19.22,0.65,
24,2026-01-05 17:00:00,3.28,1.54,178.8,0.0,70.9,18.71,18.83,18.97,0.63,
24,2026-01-05 18:00:00,2.82,1.55,74.35,0.0,81.68,17.62,17.86,18.31,0.38,
24,2026-01-05 19:00:00,2.68,1.0,53.56,0.0,86.83,16.75,17.17,17.66,0.26,
24,2026-01-05 20:00:00,1.48,0.34,37.47,0.0,86.08,16.94,17.15,17.29,0.27,
24,2026-01-05 21:00:00,1.02,0.11,0.94,0.0,87.3,17.02,17.04,17.06,0.25,
24,2026-01-05 22:00:00,1.1,0.2,0.0,0.0,88.55,16.83,16.88,16.92,0.22,
24,2026-01-05 23:00:00,0.57,0.01,0.0,0.0,89.48,16.58,16.64,16.73,0.2,
24,2026-01-06 00:00:00,1.18,0.06,0.0,0.0,84.08,16.73,16.77,16.82,0.31,
24,2026-01-06 01:00:00,1.25,0.05,0.0,0.0,75.4,16.5,16.55,16.66,0.47,
24,2026-01-06 02:00:00,0.88,0.02,0.0,0.0,82.95,16.12,16.33,16.46,0.32,
24,2026-01-06 03:00:00,3.12,0.8,0.0,0.0,87.33,15.14,15.63,15.9,0.23,
24,2026-01-06 04:00:00,3.05,0.67,0.0,0.0,82.0,14.94,15.39,15.85,0.32,
24,2026-01-06 05:00:00,1.25,0.17,0.0,0.0,84.78,14.19,14.57,14.86,0.25,
24,2026-01-06 06:00:00,2.98,0.2,3.82,0.0,83.81,14.07,14.53,14.92,0.27,
24,2026-01-06 07:00:00,3.88,2.29,88.7,0.0,80.9,15.18,15.27,15.38,0.33,
24,2026-01-06 08:00:00,3.72,2.12,239.7,0.0,75.81,15.59,16.02,16.31,0.44,
24,2026-01-06 09:00:00,3.42,1.82,532.4,0.0,70.18,16.89,17.68,18.33,0.61,
24,2026-01-06 10:00:00,3.12,1.06,803.0,0.0,62.08,19.04,19.81,20.68,0.88,
24,2026-01-06 11:00:00,3.65,1.48,951.0,0.0,55.21,20.87,21.7,22.6,1.17,
24,2026-01-06 12:00:00,3.58,1.34,979.0,0.0,48.85,23.02,23.43,23.96,1.48,
24,2026-01-06 13:00:00,4.92,1.72,1074.0,0.0,45.78,23.85,24.52,24.9,1.67,
24,2026-01-06 14:00:00,3.72,1.66,1031.0,0.0,38.07,25.37,26.07,26.41,2.09,
24,2026-01-06 15:00:00,4.32,1.73,989.0,0.0,34.16,26.58,27.12,27.77,2.36,
24,2026-01-06 16:00:00,3.95,1.87,891.0,0.0,29.47,28.2,28.52,28.93,2.75,
24,2026-01-06 17:00:00,4.18,2.16,715.4,0.0,31.3,28.6,28.69,28.79,2.7,
24,2026-01-06 18:00:00,4.1,2.31,524.0,0.0,31.18,28.32,28.48,28.59,2.68,
24,2026-01-06 19:00:00,4.4,2.37,313.6,0.0,31.38,27.38,27.73,28.06,2.56,
24,2026-01-06 20:00:00,3.72,1.68,84.0,0.0,34.86,24.82,25.83,26.88,2.17,
24,2026-01-06 21:00:00,3.28,1.56,2.78,0.0,45.13,22.48,23.22,24.18,1.57,
24,2026-01-06 22:00:00,3.35,1.51,0.0,0.0,49.94,21.54,21.8,22.11,1.31,
24,2026-01-06 23:00:00,3.12,1.73,0.0,0.0,47.94,21.16,21.4,21.63,1.33,
24,2026-01-07 00:00:00,1.62,0.14,0.0,0.0,61.14,16.03,17.49,19.58,0.79,
24,2026-01-07 01:00:00,1.18,0.06,0.0,0.0,67.14,14.66,15.16,15.64,0.55,
24,2026-01-07 02:00:00,0.8,0.02,0.0,0.0,74.91,12.89,13.38,14.06,0.39,
24,2026-01-07 03:00:00,0.88,0.05,0.0,0.0,76.63,11.96,12.17,12.47,0.33,
24,2026-01-07 04:00:00,1.32,0.15,0.0,0.0,75.08,12.06,12.48,12.8,0.36,
24,2026-01-07 05:00:00,0.8,0.01,0.0,0.0,81.07,10.71,11.22,11.78,0.25,
24,2026-01-07 06:00:00,0.28,0.0,8.43,0.0,83.9,9.77,10.05,10.41,0.2,
24,2026-01-07 07:00:00,1.18,0.06,175.5,0.0,78.8,9.83,11.27,13.89,0.3,
24,2026-01-07 08:00:00,1.32,0.17,381.3,0.0,57.11,15.7,17.69,19.15,0.88,
24,2026-01-07 09:00:00,1.62,0.43,586.4,0.0,50.25,19.88,21.0,22.33,1.24,
24,2026-01-07 10:00:00,2.82,0.9,765.4,0.0,42.26,22.98,24.1,25.25,1.74,
24,2026-01-07 11:00:00,2.82,1.21,908.0,0.0,34.75,25.78,26.57,27.31,2.27,
24,2026-01-07 12:00:00,2.9,1.05,1008.0,0.0,31.18,28.09,28.87,29.93,2.74,
24,2026-01-07 13:00:00,3.8,1.37,1040.0,0.0,27.03,29.89,30.78,31.47,3.24,
24,2026-01-07 14:00:00,4.92,2.6,1035.0,0.0,25.4,31.47,31.79,32.21,3.51,
24,2026-01-07 15:00:00,5.38,3.0,983.0,0.0,27.72,32.11,32.13,32.16,3.46,
24,2026-01-07 16:00:00,7.02,3.57,871.0,0.0,32.32,31.03,31.59,32.09,3.15,
24,2026-01-07 17:00:00,7.85,3.81,713.2,0.0,35.57,29.33,29.88,30.54,2.72,
24,2026-01-07 18:00:00,6.5,3.62,521.4,0.0,40.47,27.21,28.07,28.96,2.26,
24,2026-01-07 19:00:00,6.65,3.42,312.5,0.0,44.01,25.15,26.08,26.86,1.89,
24,2026-01-07 20:00:00,5.82,2.0,84.9,0.0,53.27,22.58,23.39,24.47,1.35,
24,2026-01-07 21:00:00,2.15,0.44,2.63,0.0,59.45,20.77,21.38,22.03,1.03,
24,2026-01-07 22:00:00,1.7,0.33,0.0,0.0,65.21,18.8,19.81,20.55,0.81,
24,2026-01-07 23:00:00,1.18,0.14,0.0,0.0,71.43,17.27,17.96,18.62,0.59,
24,2026-01-08 00:00:00,1.18,0.18,0.0,0.0,76.96,16.66,16.77,16.93,0.44,
24,2026-01-08 01:00:00,1.62,0.11,0.0,0.0,79.43,15.65,16.17,16.57,0.38,
24,2026-01-08 02:00:00,1.48,0.23,0.0,0.0,81.68,15.55,15.69,15.82,0.33,
24,2026-01-08 03:00:00,2.22,0.57,0.0,0.0,84.98,15.87,15.93,15.97,0.27,
24,2026-01-08 04:00:00,1.48,0.2,0.0,0.0,85.63,15.7,15.79,15.85,0.26,
24,2026-01-08 05:00:00,1.78,0.34,0.0,0.0,87.08,15.37,15.49,15.65,0.23,
24,2026-01-08 06:00:00,1.78,0.28,2.85,0.0,86.9,15.4,15.51,15.64,0.23,
24,2026-01-08 07:00:00,1.25,0.15,40.86,0.0,86.33,15.6,15.67,15.8,0.24,
24,2026-01-08 08:00:00,1.78,0.2,88.1,0.0,83.13,16.05,16.28,16.43,0.31,
24,2026-01-08 09:00:00,1.7,0.33,212.1,0.0,80.27,16.58,16.88,17.23,0.38,
24,2026-01-08 10:00:00,2.68,0.71,362.1,0.0,75.45,17.41,18.11,18.97,0.51,
24,2026-01-08 11:00:00,2.22,0.74,726.6,0.0,66.71,19.2,19.88,20.94,0.78,
24,2026-01-08 12:00:00,2.22,0.79,641.4,0.0,59.26,21.48,22.08,22.47,1.08,
24,2026-01-08 13:00:00,3.72,0.85,809.0,0.0,52.66,23.35,23.62,24.18,1.39,
24,2026-01-08 14:00:00,2.75,1.05,809.0,0.0,46.64,24.66,25.06,25.84,1.7,
24,2026-01-08 15:00:00,4.25,1.44,997.0,0.0,45.37,25.89,26.53,27.1,1.9,
24,2026-01-08 16:00:00,3.35,1.51,407.1,0.0,48.73,25.62,25.86,26.26,1.71,
24,2026-01-08 17:00:00,3.88,1.61,145.6,0.0,56.54,23.13,23.8,24.88,1.29,
24,2026-01-08 18:00:00,2.68,0.88,115.5,0.0,66.08,21.91,22.52,22.99,0.93,
24,2026-01-08 19:00:00,1.85,0.55,117.2,0.0,65.61,22.31,22.45,22.54,0.94,
24,2026-01-08 20:00:00,4.03,1.08,26.24,0.0,68.93,21.39,21.89,22.26,0.82,
24,2026-01-08 21:00:00,2.75,0.74,1.4,0.0,71.01,20.64,21.06,21.24,0.72,
24,2026-01-08 22:00:00,1.32,0.23,0.0,0.0,73.75,19.84,20.37,20.63,0.63,
24,2026-01-08 23:00:00,0.72,0.03,0.0,0.0,77.22,19.15,19.38,19.57,0.51,
24,2026-01-09 00:00:00,1.92,0.64,0.0,0.0,72.22,19.09,19.41,19.63,0.63,
24,2026-01-09 01:00:00,2.0,0.48,0.0,0.0,72.75,18.44,18.68,19.01,0.59,
24,2026-01-09 02:00:00,2.68,0.6,0.0,0.0,74.3,17.2,18.36,19.08,0.55,
24,2026-01-09 03:00:00,1.32,0.26,0.0,0.0,76.32,16.52,16.96,17.33,0.46,
24,2026-01-09 04:00:00,1.32,0.08,0.0,0.0,78.33,15.26,15.62,15.87,0.39,
24,2026-01-09 05:00:00,0.95,0.03,0.0,0.0,83.9,14.42,14.66,14.84,0.27,
24,2026-01-09 06:00:00,0.8,0.02,9.23,0.0,86.48,13.73,14.01,14.32,0.22,
24,2026-01-09 07:00:00,0.95,0.03,83.9,0.0,83.78,13.68,14.3,15.31,0.27,
24,2026-01-09 08:00:00,1.4,0.15,368.5,0.0,64.99,16.76,19.09,20.8,0.79,
24,2026-01-09 09:00:00,3.35,0.91,570.7,0.0,56.63,20.91,21.78,22.51,1.14,
24,2026-01-09 10:00:00,3.2,0.95,747.6,0.0,50.05,23.18,24.22,24.99,1.51,
24,2026-01-09 11:00:00,2.9,1.11,894.0,0.0,39.88,25.77,26.51,27.12,2.09,
24,2026-01-09 12:00:00,3.65,1.6,986.0,0.0,33.19,27.72,28.53,29.26,2.61,
24,2026-01-09 13:00:00,4.25,1.74,1011.0,0.0,31.25,29.83,30.4,31.12,2.99,
24,2026-01-09 14:00:00,3.42,1.5,1008.0,0.0,29.41,31.47,32.06,32.55,3.37,
24,2026-01-09 15:00:00,4.47,1.75,959.0,0.0,28.07,32.52,32.91,33.27,3.6,
24,2026-01-09 16:00:00,3.58,1.55,863.0,0.0,26.28,33.75,33.95,34.05,3.91,
24,2026-01-09 17:00:00,4.03,1.75,709.0,0.0,27.24,33.9,34.01,34.14,3.87,
24,2026-01-09 18:00:00,6.28,2.19,479.6,0.0,28.79,32.5,33.28,33.82,3.65,
24,2026-01-09 19:00:00,6.05,3.12,310.5,0.0,37.12,29.29,30.18,31.12,2.7,
24,2026-01-09 20:00:00,5.45,1.8,87.4,0.0,40.36,27.33,28.06,28.85,2.27,
24,2026-01-09 21:00:00,2.38,0.63,2.24,0.0,44.84,25.2,26.09,26.96,1.87,
24,2026-01-09 22:00:00,1.62,0.4,0.0,0.0,50.7,23.4,24.01,24.46,1.48,
24,2026-01-09 23:00:00,2.38,0.38,0.0,0.0,50.03,21.98,23.22,24.0,1.43,
24,2026-01-10 00:00:00,1.1,0.09,0.0,0.0,55.52,20.09,20.99,22.0,1.11,
24,2026-01-10 01:00:00,0.88,0.07,0.0,0.0,58.42,18.8,19.07,19.56,0.92,
24,2026-01-10 02:00:00,0.88,0.04,0.0,0.0,62.86,17.23,18.04,18.97,0.77,
24,2026-01-10 03:00:00,0.0,0.0,0.0,0.0,70.56,16.23,16.56,16.91,0.56,
24,2026-01-10 04:00:00,1.1,0.02,0.0,0.0,73.11,15.11,15.42,15.75,0.47,
24,2026-01-10 05:00:00,0.42,0.01,0.0,0.0,75.5,14.33,14.66,14.97,0.41,
24,2026-01-10 06:00:00,0.8,0.02,7.24,0.0,80.08,13.66,13.93,14.26,0.32,
24,2026-01-10 07:00:00,1.1,0.07,150.8,0.0,77.65,13.84,14.92,16.65,0.39,
24,2026-01-10 08:00:00,1.85,0.44,355.0,0.0,63.92,17.25,18.56,19.55,0.78,
24,2026-01-10 09:00:00,2.22,0.82,558.8,0.0,55.09,20.44,21.69,22.77,1.17,
24,2026-01-10 10:00:00,2.98,1.36,743.4,0.0,45.29,23.64,24.61,25.32,1.7,
24,2026-01-10 11:00:00,3.2,1.46,890.0,0.0,39.2,26.31,27.21,27.98,2.2,
24,2026-01-10 12:00:00,4.32,2.22,986.0,0.0,34.23,28.59,29.33,30.22,2.69,
24,2026-01-10 13:00:00,5.6,2.62,1023.0,0.0,29.66,30.78,31.38,31.92,3.23,
24,2026-01-10 14:00:00,5.6,2.91,1022.0,0.0,25.08,32.53,33.09,33.48,3.79,
24,2026-01-10 15:00:00,5.38,3.05,973.0,0.0,25.46,33.39,33.83,34.15,3.93,
24,2026-01-10 16:00:00,5.68,3.38,867.0,0.0,23.28,34.17,34.26,34.35,4.14,
24,2026-01-10 17:00:00,5.9,3.07,711.6,0.0,21.78,34.49,34.58,34.72,4.3,
24,2026-01-10 18:00:00,6.05,2.9,525.7,0.0,21.43,34.26,34.42,34.54,4.28,
24,2026-01-10 19:00:00,5.22,2.49,257.7,0.0,35.52,29.22,30.45,31.69,2.82,
24,2026-01-10 20:00:00,4.25,1.17,87.3,0.0,42.3,25.91,27.23,28.43,2.09,
24,2026-01-10 21:00:00,2.08,0.4,2.78,0.0,51.42,23.15,23.81,25.07,1.44,
24,2026-01-10 22:00:00,1.4,0.18,0.0,0.0,57.78,20.97,21.53,22.62,1.09,
24,2026-01-10 23:00:00,2.38,0.6,0.0,0.0,61.78,19.55,19.97,20.2,0.89,
24,2026-01-11 00:00:00,0.95,0.06,0.0,0.0,69.46,17.14,18.01,18.82,0.63,
24,2026-01-11 01:00:00,0.57,0.01,0.0,0.0,76.27,15.81,16.26,16.73,0.44,
24,2026-01-11 02:00:00,1.02,0.09,0.0,0.0,80.33,14.26,14.69,15.21,0.33,
24,2026-01-11 03:00:00,0.95,0.03,0.0,0.0,83.03,12.62,13.09,13.66,0.26,
24,2026-01-11 04:00:00,0.0,0.0,0.0,0.0,84.83,11.86,12.09,12.37,0.22,
24,2026-01-11 05:00:00,0.72,0.01,0.0,0.0,86.65,11.21,11.42,11.62,0.18,
24,2026-01-11 06:00:00,0.42,0.0,7.04,0.0,87.38,10.58,10.8,11.06,0.17,
24,2026-01-11 07:00:00,1.02,0.06,177.9,0.0,86.66,10.74,12.16,14.44,0.2,
24,2026-01-11 08:00:00,1.7,0.21,374.1,0.0,64.97,16.02,18.3,20.43,0.75,
24,2026-01-11 09:00:00,2.9,1.57,581.9,0.0,47.2,21.01,22.35,23.45,1.43,
24,2026-01-11 10:00:00,3.42,1.58,769.6,0.0,38.57,24.08,24.85,25.72,1.93,
24,2026-01-11 11:00:00,3.2,1.62,920.0,0.0,31.86,26.47,27.43,28.16,2.5,
24,2026-01-11 12:00:00,4.32,2.14,1020.0,0.0,25.0,28.88,29.94,30.68,3.18,
24,2026-01-11 13:00:00,6.2,3.12,1061.0,0.0,20.74,31.24,31.84,32.61,3.74,
24,2026-01-11 14:00:00,6.05,3.79,1057.0,0.0,15.14,32.72,33.26,33.59,4.33,
24,2026-01-11 15:00:00,6.12,3.57,1009.0,0.0,15.39,33.81,34.23,34.65,4.56,
24,2026-01-11 16:00:00,6.05,3.43,853.0,0.0,13.63,34.81,35.23,35.58,4.92,
24,2026-01-11 17:00:00,6.5,3.68,751.9,0.0,9.74,35.38,35.55,35.68,5.23,
24,2026-01-11 18:00:00,6.35,2.46,501.9,0.0,9.81,35.04,35.17,35.35,5.12,
24,2026-01-11 19:00:00,5.38,1.91,328.6,0.0,25.78,29.05,30.99,32.93,3.34,
24,2026-01-11 20:00:00,3.8,0.82,35.67,0.0,28.29,25.94,26.92,27.75,2.55,
24,2026-01-11 21:00:00,1.85,0.57,2.24,0.0,38.66,22.68,24.02,25.06,1.84,
24,2026-01-11 22:00:00,1.62,0.21,0.0,0.0,46.82,20.54,20.84,21.6,1.31,
24,2026-01-11 23:00:00,3.58,1.29,0.0,0.0,29.31,21.35,23.43,24.49,2.05,
24,2026-01-12 00:00:00,4.4,2.11,0.0,0.0,29.19,22.84,23.56,24.12,2.06,
24,2026-01-12 01:00:00,3.58,1.73,0.0,0.0,33.8,21.9,22.23,22.56,1.78,
24,2026-01-12 02:00:00,1.78,0.43,0.0,0.0,45.1,16.94,18.94,21.3,1.22,
24,2026-01-12 03:00:00,1.4,0.15,0.0,0.0,55.19,14.42,15.47,16.38,0.79,
24,2026-01-12 04:00:00,1.18,0.1,0.0,0.0,59.66,13.18,13.71,14.16,0.63,
24,2026-01-12 05:00:00,1.32,0.13,0.0,0.0,60.89,12.44,13.04,13.48,0.59,
24,2026-01-12 06:00:00,0.88,0.09,10.54,0.0,67.27,11.46,11.62,12.04,0.45,
24,2026-01-12 07:00:00,1.32,0.09,122.7,0.0,63.59,11.51,12.6,14.69,0.54,
24,2026-01-12 08:00:00,2.15,0.67,290.5,0.0,58.29,16.51,17.49,18.47,0.84,
24,2026-01-12 09:00:00,3.8,1.66,512.4,0.0,54.71,19.28,20.42,20.92,1.09,
24,2026-01-12 10:00:00,4.55,2.07,793.7,0.0,48.59,20.95,22.1,23.34,1.38,
24,2026-01-12 11:00:00,3.95,1.82,661.2,0.0,41.36,23.55,23.89,24.42,1.74,
24,2026-01-12 12:00:00,4.4,2.1,1011.0,0.0,33.64,25.6,26.63,27.76,2.32,
24,2026-01-12 13:00:00,5.08,2.62,1029.0,0.0,26.65,28.4,29.07,29.42,2.95,
24,2026-01-12 14:00:00,5.52,3.12,1045.0,0.0,23.34,30.16,30.34,30.76,3.32,
24,2026-01-12 15:00:00,5.9,3.23,913.0,0.0,20.97,30.2,30.56,30.93,3.46,
24,2026-01-12 16:00:00,5.68,3.16,800.0,0.0,21.71,30.84,31.06,31.34,3.53,
24,2026-01-12 17:00:00,6.2,2.82,698.8,0.0,22.59,31.07,31.27,31.38,3.54,
24,2026-01-12 18:00:00,3.95,2.09,534.6,0.0,22.7,31.18,31.42,31.56,3.56,
24,2026-01-12 19:00:00,3.88,1.91,322.8,0.0,22.94,30.46,30.84,31.18,3.43,
24,2026-01-12 20:00:00,3.12,1.28,85.7,0.0,32.59,26.29,28.12,29.95,2.6,
24,2026-01-12 21:00:00,1.78,0.54,2.15,0.0,41.58,23.53,24.41,25.19,1.79,
24,2026-01-12 22:00:00,2.98,0.69,0.0,0.0,46.76,22.08,22.27,22.62,1.43,
24,2026-01-12 23:00:00,2.9,1.1,0.0,0.0,47.71,21.75,21.97,22.18,1.38,
24,2026-01-13 00:00:00,2.52,0.82,0.0,0.0,50.41,20.47,20.92,21.59,1.23,
24,2026-01-13 01:00:00,4.47,2.26,0.0,0.0,46.53,21.52,21.85,22.24,1.4,
24,2026-01-13 02:00:00,4.7,2.55,0.0,0.0,51.49,20.29,20.83,21.23,1.2,
24,2026-01-13 03:00:00,5.0,2.19,0.0,0.0,55.18,18.89,19.45,19.82,1.02,
24,2026-01-13 04:00:00,2.52,0.57,0.0,0.0,61.87,16.3,17.48,18.33,0.77,
24,2026-01-13 05:00:00,3.5,0.61,0.0,0.0,67.63,14.27,15.22,16.12,0.57,
24,2026-01-13 06:00:00,2.38,0.61,6.46,0.0,69.82,13.75,14.96,16.38,0.52,
24,2026-01-13 07:00:00,1.92,0.52,158.8,0.0,67.59,14.73,15.04,15.58,0.55,
24,2026-01-13 08:00:00,2.82,1.37,359.1,0.0,59.25,16.52,17.56,18.66,0.82,
24,2026-01-13 09:00:00,3.88,1.71,569.6,0.0,49.76,19.35,20.22,21.0,1.19,
24,2026-01-13 10:00:00,3.5,1.68,753.3,0.0,45.81,21.39,22.4,23.47,1.47,
24,2026-01-13 11:00:00,3.95,1.78,886.0,0.0,40.35,23.82,24.87,25.67,1.88,
24,2026-01-13 12:00:00,4.1,2.14,1004.0,0.0,33.78,26.3,27.27,28.17,2.4,
24,2026-01-13 13:00:00,4.62,2.61,1046.0,0.0,27.76,28.63,29.62,30.59,3.0,
24,2026-01-13 14:00:00,5.0,2.37,1038.0,0.0,22.28,31.17,31.5,31.92,3.6,
24,2026-01-13 15:00:00,4.4,2.44,994.0,0.0,19.55,32.18,32.5,32.79,3.94,
24,2026-01-13 16:00:00,5.15,2.71,884.0,0.0,20.2,32.84,32.99,33.13,4.01,
24,2026-01-13 17:00:00,4.85,2.71,729.3,0.0,18.69,33.03,33.18,33.36,4.13,
24,2026-01-13 18:00:00,4.4,2.24,534.1,0.0,18.27,32.76,32.96,33.16,4.1,
24,2026-01-13 19:00:00,4.03,2.13,319.2,0.0,21.04,31.43,32.07,32.66,3.77,
24,2026-01-13 20:00:00,3.35,1.8,83.6,0.0,28.64,28.18,29.58,30.93,2.97,
24,2026-01-13 21:00:00,2.6,0.91,2.67,0.0,36.58,24.79,25.85,26.96,2.12,
24,2026-01-13 22:00:00,1.78,0.68,0.0,0.0,32.61,22.57,23.53,24.58,1.96,
24,2026-01-13 23:00:00,1.25,0.11,0.0,0.0,43.51,18.78,20.15,21.79,1.34,
24,2026-01-14 00:00:00,0.8,0.03,0.0,0.0,51.14,16.4,17.21,18.07,0.96,
24,2026-01-14 01:00:00,0.95,0.03,0.0,0.0,55.1,15.1,15.73,16.14,0.8,
24,2026-01-14 02:00:00,0.35,0.0,0.0,0.0,61.23,13.88,14.39,14.86,0.64,
24,2026-01-14 03:00:00,0.0,0.0,0.0,0.0,66.0,12.94,13.37,13.69,0.52,
24,2026-01-14 04:00:00,0.42,0.0,0.0,0.0,66.24,12.5,12.61,12.69,0.49,
24,2026-01-14 05:00:00,0.8,0.02,0.0,0.0,71.36,11.53,11.86,12.32,0.4,
24,2026-01-14 06:00:00,0.95,0.1,6.09,0.0,67.61,11.68,11.98,12.28,0.46,
24,2026-01-14 07:00:00,1.1,0.26,145.1,0.0,58.46,12.2,13.42,15.53,0.65,
24,2026-01-14 08:00:00,1.62,0.4,349.2,0.0,46.42,17.12,18.18,19.02,1.12,
24,2026-01-14 09:00:00,1.92,0.58,554.5,0.0,43.37,19.44,20.18,20.64,1.34,
24,2026-01-14 10:00:00,4.55,1.23,739.7,0.0,43.58,21.56,21.97,22.22,1.49,
24,2026-01-14 11:00:00,4.1,2.32,877.0,0.0,45.37,22.38,22.86,23.5,1.53,
24,2026-01-14 12:00:00,4.4,2.57,979.0,0.0,40.79,23.88,24.57,25.28,1.83,
24,2026-01-14 13:00:00,6.58,2.92,1022.0,0.0,30.78,26.08,26.27,26.75,2.37,
24,2026-01-14 14:00:00,6.05,3.37,1024.0,0.0,28.55,26.71,26.92,27.15,2.54,
24,2026-01-14 15:00:00,6.42,3.33,985.0,0.0,25.77,27.4,27.53,27.69,2.73,
24,2026-01-14 16:00:00,7.02,3.23,874.0,0.0,28.8,27.52,27.59,27.69,2.63,
24,2026-01-14 17:00:00,5.68,3.05,716.2,0.0,30.53,26.84,27.07,27.23,2.49,
24,2026-01-14 18:00:00,5.9,3.05,525.8,0.0,34.12,25.45,26.0,26.59,2.22,
24,2026-01-14 19:00:00,5.0,2.23,312.4,0.0,36.25,24.22,24.84,25.29,2.0,
24,2026-01-14 20:00:00,3.2,1.32,83.3,0.0,42.46,21.69,22.8,23.93,1.6,
24,2026-01-14 21:00:00,3.72,1.82,2.5,0.0,47.15,19.49,20.22,21.02,1.25,
24,2026-01-14 22:00:00,3.12,1.15,0.0,0.0,57.42,17.77,18.38,19.03,0.9,
24,2026-01-14 23:00:00,2.68,0.9,0.0,0.0,63.99,16.7,17.18,17.53,0.71,
24,2026-01-15 00:00:00,2.68,1.2,0.0,0.0,66.24,15.95,16.25,16.47,0.63,
24,2026-01-15 01:00:00,3.65,1.83,0.0,0.0,66.91,15.41,15.63,15.81,0.59,
24,2026-01-15 02:00:00,3.95,2.1,0.0,0.0,69.55,15.34,15.53,15.69,0.54,
24,2026-01-15 03:00:00,4.85,2.65,0.0,0.0,73.69,14.59,14.93,15.17,0.45,
24,2026-01-15 04:00:00,4.62,2.21,0.0,0.0,77.93,13.95,14.14,14.36,0.36,
24,2026-01-15 05:00:00,2.52,1.04,0.0,0.0,82.03,13.23,13.38,13.66,0.28,
24,2026-01-15 06:00:00,2.6,1.21,5.62,0.0,82.45,12.94,13.11,13.27,0.27,
24,2026-01-15 07:00:00,2.82,0.51,145.0,0.0,80.35,12.39,12.98,13.69,0.29,
24,2026-01-15 08:00:00,3.88,1.59,348.7,0.0,74.02,14.38,15.24,16.06,0.45,
24,2026-01-15 09:00:00,3.88,2.02,556.9,0.0,67.29,16.51,17.09,17.62,0.64,
24,2026-01-15 10:00:00,3.65,1.85,742.2,0.0,60.85,18.33,18.86,19.52,0.85,
24,2026-01-15 11:00:00,4.18,1.88,885.0,0.0,49.38,20.02,21.41,22.81,1.3,
24,2026-01-15 12:00:00,5.45,2.57,976.0,0.0,43.35,23.28,23.8,24.37,1.67,
24,2026-01-15 13:00:00,5.0,2.76,1013.0,0.0,36.38,24.87,25.45,26.1,2.07,
24,2026-01-15 14:00:00,5.68,2.71,1011.0,0.0,36.1,26.3,26.75,27.19,2.24,
24,2026-01-15 15:00:00,5.52,2.87,969.0,0.0,33.42,27.53,27.8,28.09,2.49,
24,2026-01-15 16:00:00,5.22,3.01,861.0,0.0,29.31,28.36,28.53,28.68,2.76,
24,2026-01-15 17:00:00,5.6,3.21,701.0,0.0,26.94,28.65,28.76,28.83,2.89,
24,2026-01-15 18:00:00,5.3,3.06,512.2,0.0,27.56,28.32,28.54,28.76,2.83,
24,2026-01-15 19:00:00,5.45,2.98,301.1,0.0,29.34,26.97,27.54,27.99,2.6,
24,2026-01-15 20:00:00,4.4,2.54,79.76,0.0,32.35,24.87,25.62,26.48,2.23,
24,2026-01-15 21:00:00,4.32,2.25,2.21,0.0,34.53,23.53,23.87,24.37,1.94,
24,2026-01-15 22:00:00,4.18,2.12,0.0,0.0,36.97,22.15,22.39,22.8,1.71,
24,2026-01-15 23:00:00,4.7,2.69,0.0,0.0,40.27,21.25,21.63,22.06,1.55,
24,2026-01-16 00:00:00,4.55,2.5,0.0,0.0,47.03,20.23,20.57,21.03,1.28,
24,2026-01-16 01:00:00,4.92,2.5,0.0,0.0,51.79,19.13,19.47,19.9,1.09,
24,2026-01-16 02:00:00,4.55,2.56,0.0,0.0,53.08,18.02,18.51,18.83,1.0,
24,2026-01-16 03:00:00,4.85,2.41,0.0,0.0,54.23,16.76,17.17,17.55,0.9,
24,2026-01-16 04:00:00,4.25,2.07,0.0,0.0,55.62,15.41,15.93,16.42,0.81,
24,2026-01-16 05:00:00,2.68,0.93,0.0,0.0,59.03,14.37,14.54,14.79,0.68,
24,2026-01-16 06:00:00,2.45,1.01,5.42,0.0,60.49,13.67,13.83,14.15,0.63,
24,2026-01-16 07:00:00,1.32,0.17,144.8,0.0,67.64,11.6,12.46,13.64,0.47,
24,2026-01-16 08:00:00,2.45,0.97,350.8,0.0,54.69,14.56,15.63,16.69,0.81,
24,2026-01-16 09:00:00,2.9,1.34,559.9,0.0,48.73,17.39,18.23,19.09,1.08,
24,2026-01-16 10:00:00,3.05,1.64,747.5,0.0,43.28,19.67,20.68,21.55,1.38,
24,2026-01-16 11:00:00,3.12,1.5,897.0,0.0,38.32,22.45,23.57,24.83,1.8,
24,2026-01-16 12:00:00,4.55,2.13,996.0,0.0,33.85,25.29,26.3,27.25,2.27,
24,2026-01-16 13:00:00,5.08,2.81,1035.0,0.0,30.12,27.8,28.6,29.32,2.74,
24,2026-01-16 14:00:00,5.82,3.2,1034.0,0.0,24.17,29.77,30.15,30.53,3.25,
24,2026-01-16 15:00:00,5.68,3.32,989.0,0.0,22.04,30.84,31.16,31.5,3.54,
24,2026-01-16 16:00:00,5.52,3.4,883.0,0.0,20.2,31.63,31.89,32.06,3.77,
24,2026-01-16 17:00:00,5.3,3.2,724.1,0.0,19.16,32.14,32.25,32.36,3.9,
24,2026-01-16 18:00:00,6.2,3.19,530.0,0.0,18.16,31.75,31.99,32.18,3.89,
24,2026-01-16 19:00:00,4.85,2.56,318.6,0.0,18.16,30.59,31.13,31.63,3.71,
24,2026-01-16 20:00:00,3.95,2.29,85.7,0.0,21.29,27.75,28.79,29.92,3.12,
24,2026-01-16 21:00:00,3.72,1.88,2.14,0.0,26.87,24.69,25.54,27.2,2.4,
24,2026-01-16 22:00:00,3.58,1.71,0.0,0.0,27.94,24.1,24.2,24.39,2.18,
24,2026-01-16 23:00:00,3.95,1.89,0.0,0.0,27.6,23.98,24.13,24.27,2.18,
24,2026-01-17 00:00:00,3.72,1.69,0.0,0.0,30.18,23.2,23.35,23.63,2.0,
24,2026-01-17 01:00:00,3.95,1.98,0.0,0.0,31.67,22.52,22.71,22.81,1.89,
24,2026-01-17 02:00:00,6.12,3.52,0.0,0.0,38.84,21.06,21.78,22.48,1.6,
24,2026-01-17 03:00:00,6.72,3.64,0.0,0.0,46.33,19.63,20.16,20.76,1.27,
24,2026-01-17 04:00:00,6.28,3.02,0.0,0.0,53.41,18.24,18.76,19.25,1.01,
24,2026-01-17 05:00:00,4.85,2.24,0.0,0.0,59.54,16.96,17.41,17.85,0.81,
24,2026-01-17 06:00:00,2.98,0.81,5.68,0.0,63.83,14.53,15.91,16.73,0.66,
24,2026-01-17 07:00:00,1.32,0.17,141.6,0.0,67.15,13.26,14.09,15.11,0.53,
24,2026-01-17 08:00:00,2.68,1.22,337.2,0.0,59.43,16.15,17.1,18.11,0.79,
24,2026-01-17 09:00:00,3.58,1.77,543.9,0.0,55.43,18.7,19.66,20.54,1.02,
24,2026-01-17 10:00:00,4.25,2.28,641.6,0.0,48.88,21.12,21.36,21.59,1.3,
24,2026-01-17 11:00:00,4.62,2.57,887.0,0.0,41.27,23.06,24.13,25.26,1.77,
24,2026-01-17 12:00:00,5.52,2.85,994.0,0.0,32.08,25.89,27.07,28.18,2.44,
24,2026-01-17 13:00:00,7.1,3.99,1032.0,0.0,30.84,28.67,28.93,29.17,2.76,
24,2026-01-17 14:00:00,7.4,4.33,1035.0,0.0,29.52,29.35,29.79,30.4,2.96,
24,2026-01-17 15:00:00,7.32,4.26,997.0,0.0,26.72,30.57,30.76,31.02,3.25,
24,2026-01-17 16:00:00,7.7,4.16,899.0,0.0,25.09,31.04,31.31,31.47,3.42,
24,2026-01-17 17:00:00,6.8,4.02,737.9,0.0,24.46,31.4,31.54,31.65,3.5,
24,2026-01-17 18:00:00,6.35,3.71,544.0,0.0,23.93,30.96,31.32,31.49,3.48,
24,2026-01-17 19:00:00,6.05,3.56,326.6,0.0,26.1,29.72,30.31,30.79,3.19,
24,2026-01-17 20:00:00,5.22,3.27,88.4,0.0,30.71,26.97,27.98,29.1,2.62,
24,2026-01-17 21:00:00,5.3,3.02,2.39,0.0,30.23,26.04,26.39,26.66,2.4,
24,2026-01-17 22:00:00,5.0,2.7,0.0,0.0,30.82,24.86,25.4,25.92,2.24,
24,2026-01-17 23:00:00,4.55,2.3,0.0,0.0,31.48,23.61,24.13,24.58,2.06,
24,2026-01-18 00:00:00,4.55,2.63,0.0,0.0,31.58,22.32,22.9,23.5,1.91,
24,2026-01-18 01:00:00,5.68,2.91,0.0,0.0,28.37,21.6,21.75,21.98,1.87,
24,2026-01-18 02:00:00,4.7,2.22,0.0,0.0,29.59,20.16,20.57,21.08,1.7,
24,2026-01-18 03:00:00,4.03,2.07,0.0,0.0,32.86,18.74,19.23,19.77,1.5,
24,2026-01-18 04:00:00,3.28,1.53,0.0,0.0,37.97,17.25,17.96,18.48,1.28,
24,2026-01-18 05:00:00,1.85,0.34,0.0,0.0,46.51,15.54,16.24,16.97,0.99,
24,2026-01-18 06:00:00,0.5,0.0,5.54,0.0,64.48,11.57,12.73,14.32,0.53,
24,2026-01-18 07:00:00,0.72,0.01,138.5,0.0,62.97,11.55,12.26,13.92,0.54,
24,2026-01-18 08:00:00,2.38,1.01,341.5,0.0,51.17,15.78,16.86,18.18,0.94,
24,2026-01-18 09:00:00,1.92,0.72,552.5,0.0,41.73,18.48,19.88,21.29,1.36,
24,2026-01-18 10:00:00,2.15,0.65,740.4,0.0,35.12,21.97,23.63,25.57,1.9,
24,2026-01-18 11:00:00,3.05,0.98,891.0,0.0,26.1,26.62,27.97,29.14,2.8,
24,2026-01-18 12:00:00,3.5,1.71,987.0,0.0,25.63,29.78,30.13,30.45,3.18,
24,2026-01-18 13:00:00,4.1,1.93,1020.0,0.0,25.84,30.68,31.33,32.15,3.4,
24,2026-01-18 14:00:00,4.32,2.2,1019.0,0.0,24.92,32.24,32.79,33.29,3.74,
24,2026-01-18 15:00:00,4.1,1.92,973.0,0.0,23.55,33.55,33.94,34.38,4.06,
24,2026-01-18 16:00:00,4.25,1.82,864.0,0.0,20.72,34.32,34.53,34.74,4.34,
24,2026-01-18 17:00:00,5.22,2.5,714.7,0.0,24.43,33.25,33.76,34.51,3.97,
24,2026-01-18 18:00:00,5.45,2.61,516.3,0.0,28.01,31.3,32.2,33.02,3.47,
24,2026-01-18 19:00:00,4.55,1.69,304.6,0.0,29.26,30.01,30.42,30.93,3.07,
24,2026-01-18 20:00:00,3.42,0.67,78.74,0.0,35.22,26.34,27.4,28.7,2.37,
24,2026-01-18 21:00:00,1.1,0.07,2.14,0.0,45.98,22.18,23.78,25.28,1.6,
24,2026-01-18 22:00:00,1.4,0.23,0.0,0.0,47.55,20.71,20.94,21.3,1.3,
24,2026-01-18 23:00:00,1.18,0.25,0.0,0.0,50.62,19.48,19.8,20.1,1.14,
24,2026-01-19 00:00:00,1.02,0.08,0.0,0.0,56.96,17.01,17.95,18.98,0.89,
24,2026-01-19 01:00:00,0.57,0.01,0.0,0.0,60.79,15.59,16.09,16.54,0.72,
24,2026-01-19 02:00:00,0.8,0.02,0.0,0.0,65.73,14.48,14.87,15.14,0.58,
24,2026-01-19 03:00:00,0.0,0.0,0.0,0.0,70.55,13.52,13.9,14.19,0.47,
24,2026-01-19 04:00:00,0.42,0.0,0.0,0.0,74.26,13.19,13.28,13.47,0.39,
24,2026-01-19 05:00:00,0.65,0.01,0.0,0.0,78.17,12.24,12.61,13.08,0.32,
24,2026-01-19 06:00:00,0.57,0.02,4.41,0.0,79.64,11.52,11.69,11.85,0.28,
24,2026-01-19 07:00:00,0.35,0.0,117.9,0.0,75.91,11.37,12.21,13.69,0.35,
24,2026-01-19 08:00:00,1.25,0.14,321.5,0.0,56.72,15.96,18.12,20.08,0.91,
24,2026-01-19 09:00:00,2.22,0.38,531.2,0.0,45.99,20.67,21.66,22.34,1.4,
24,2026-01-19 10:00:00,2.68,1.07,722.3,0.0,40.51,23.0,23.61,24.48,1.74,
24,2026-01-19 11:00:00,3.65,1.42,870.0,0.0,36.65,25.34,26.11,27.25,2.15,
24,2026-01-19 12:00:00,3.5,1.35,970.0,0.0,35.62,27.32,27.94,28.67,2.43,
24,2026-01-19 13:00:00,4.25,1.48,1001.0,0.0,34.02,29.23,29.98,30.4,2.79,
24,2026-01-19 14:00:00,5.0,2.37,998.0,0.0,36.46,30.41,30.63,30.73,2.79,
24,2026-01-19 15:00:00,5.9,3.27,954.0,0.0,36.05,30.52,30.78,30.97,2.84,
24,2026-01-19 16:00:00,6.8,3.25,851.0,0.0,34.46,30.87,30.93,31.01,2.93,
24,2026-01-19 17:00:00,5.0,2.8,699.6,0.0,33.55,30.84,30.94,31.04,2.97,
24,2026-01-19 18:00:00,4.55,2.4,510.0,0.0,36.56,29.02,29.92,30.73,2.68,
24,2026-01-19 19:00:00,4.55,2.27,295.4,0.0,41.39,26.47,27.45,28.38,2.15,
24,2026-01-19 20:00:00,4.18,0.75,63.67,0.0,48.91,23.54,24.48,25.57,1.57,
24,2026-01-19 21:00:00,1.18,0.16,1.86,0.0,56.42,21.06,21.95,22.81,1.15,
24,2026-01-19 22:00:00,0.95,0.07,0.0,0.0,64.91,19.24,19.71,20.54,0.81,
24,2026-01-19 23:00:00,1.62,0.11,0.0,0.0,70.95,17.27,18.2,19.26,0.61,
24,2026-01-20 00:00:00,0.0,0.0,0.0,0.0,77.18,15.98,16.43,16.86,0.43,
24,2026-01-20 01:00:00,0.0,0.0,0.0,0.0,79.24,14.69,15.12,15.58,0.36,
24,2026-01-20 02:00:00,0.65,0.02,0.0,0.0,81.88,13.58,13.93,14.26,0.29,
24,2026-01-20 03:00:00,0.5,0.0,0.0,0.0,83.9,13.28,13.35,13.46,0.25,
24,2026-01-20 04:00:00,0.35,0.0,0.0,0.0,84.55,12.98,13.06,13.19,0.23,
24,2026-01-20 05:00:00,1.4,0.13,0.0,0.0,89.6,13.34,13.58,13.82,0.16,
24,2026-01-20 06:00:00,0.65,0.01,4.02,0.0,87.93,12.03,12.54,13.1,0.18,
24,2026-01-20 07:00:00,0.0,0.0,116.5,0.0,87.23,11.85,12.27,13.09,0.19,
24,2026-01-20 08:00:00,1.92,0.5,307.2,0.0,78.09,14.43,15.65,16.69,0.39,
24,2026-01-20 09:00:00,3.05,1.35,505.1,0.0,74.96,17.24,17.45,17.97,0.5,
24,2026-01-20 10:00:00,4.18,1.58,700.8,0.0,73.14,17.33,17.83,18.28,0.55,
24,2026-01-20 11:00:00,3.72,1.64,851.0,0.0,65.42,18.63,19.91,21.01,0.81,
24,2026-01-20 12:00:00,4.03,1.93,948.0,0.0,58.46,21.61,22.39,23.01,1.13,
24,2026-01-20 13:00:00,5.22,2.26,985.0,0.0,54.39,23.44,23.76,24.07,1.34,
24,2026-01-20 14:00:00,4.47,2.48,985.0,0.0,51.17,24.6,24.94,25.41,1.54,
24,2026-01-20 15:00:00,4.55,2.28,938.0,0.0,49.34,25.78,26.27,26.82,1.73,
24,2026-01-20 16:00:00,4.32,2.46,822.0,0.0,48.98,26.58,26.77,26.97,1.8,
24,2026-01-20 17:00:00,4.32,2.16,669.0,0.0,48.3,27.0,27.2,27.58,1.87,
24,2026-01-20 18:00:00,3.5,1.81,486.3,0.0,48.06,26.95,27.37,27.56,1.9,
24,2026-01-20 19:00:00,3.42,1.52,272.0,0.0,51.69,25.46,26.18,26.77,1.64,
24,2026-01-20 20:00:00,2.08,0.45,68.75,0.0,58.25,23.1,24.12,25.22,1.26,
24,2026-01-20 21:00:00,0.88,0.04,1.75,0.0,67.42,20.69,21.5,22.41,0.84,
24,2026-01-20 22:00:00,0.88,0.01,0.0,0.0,72.28,18.82,19.42,20.2,0.63,
24,2026-01-20 23:00:00,0.95,0.03,0.0,0.0,75.92,17.58,18.21,18.64,0.5,
24,2026-01-21 00:00:00,0.57,0.01,0.0,0.0,80.33,15.97,16.38,16.79,0.37,
24,2026-01-21 01:00:00,0.95,0.03,0.0,0.0,83.55,15.29,15.46,15.66,0.29,
24,2026-01-21 02:00:00,0.42,0.0,0.0,0.0,85.53,13.96,14.55,15.12,0.24,
24,2026-01-21 03:00:00,1.02,0.06,0.0,0.0,87.78,13.81,13.93,14.07,0.2,
24,2026-01-21 04:00:00,0.88,0.02,0.0,0.0,88.5,13.24,13.64,14.08,0.18,
24,2026-01-21 05:00:00,0.28,0.0,0.0,0.0,89.2,12.75,13.12,13.32,0.16,
24,2026-01-21 06:00:00,0.0,0.0,3.83,0.0,90.45,12.22,12.33,12.4,0.14,
24,2026-01-21 07:00:00,0.0,0.0,112.9,0.0,89.98,12.2,12.83,13.85,0.15,
24,2026-01-21 08:00:00,1.7,0.23,301.2,0.0,77.66,15.39,16.71,17.97,0.43,
24,2026-01-21 09:00:00,3.05,1.21,509.2,0.0,67.91,18.59,19.44,20.22,0.73,
24,2026-01-21 10:00:00,2.82,1.39,696.0,0.0,62.28,20.92,21.3,21.72,0.96,
24,2026-01-21 11:00:00,3.88,1.72,844.0,0.0,60.17,21.73,22.56,23.13,1.09,
24,2026-01-21 12:00:00,3.58,1.94,940.0,0.0,53.81,23.26,23.91,24.48,1.37,
24,2026-01-21 13:00:00,6.88,2.63,972.0,0.0,53.45,24.53,24.83,25.31,1.46,
24,2026-01-21 14:00:00,6.42,3.32,967.0,0.0,52.63,24.84,25.02,25.26,1.5,
24,2026-01-21 15:00:00,5.68,3.31,922.0,0.0,49.35,25.61,26.15,26.6,1.72,
24,2026-01-21 16:00:00,5.38,2.98,831.0,0.0,46.04,26.67,27.03,27.21,1.93,
24,2026-01-21 17:00:00,5.22,2.63,676.8,0.0,45.35,27.2,27.33,27.46,1.99,
24,2026-01-21 18:00:00,4.4,1.98,478.7,0.0,45.59,27.04,27.17,27.32,1.96,
24,2026-01-21 19:00:00,3.65,1.82,272.0,0.0,48.73,25.09,26.15,27.2,1.74,
24,2026-01-21 20:00:00,2.9,0.7,73.45,0.0,55.05,23.0,23.68,24.46,1.32,
24,2026-01-21 21:00:00,0.57,0.01,1.7,0.0,63.43,20.36,21.32,22.46,0.93,
24,2026-01-21 22:00:00,1.4,0.16,0.0,0.0,64.96,19.38,20.09,20.53,0.83,
24,2026-01-21 23:00:00,0.5,0.01,0.0,0.0,69.86,17.86,18.53,18.98,0.64,
24,2026-01-22 00:00:00,0.88,0.07,0.0,0.0,75.72,16.28,16.63,17.09,0.46,
24,2026-01-22 01:00:00,0.72,0.01,0.0,0.0,79.08,14.99,15.61,16.21,0.37,
24,2026-01-22 02:00:00,0.35,0.01,0.0,0.0,82.0,14.13,14.41,14.71,0.29,
24,2026-01-22 03:00:00,0.8,0.01,0.0,0.0,83.03,13.49,13.73,14.0,0.27,
24,2026-01-22 04:00:00,0.95,0.03,0.0,0.0,85.35,13.03,13.14,13.26,0.22,
24,2026-01-22 05:00:00,0.0,0.0,0.0,0.0,86.63,12.34,12.61,12.86,0.2,
24,2026-01-22 06:00:00,0.42,0.0,3.21,0.0,88.25,12.16,12.28,12.36,0.17,
24,2026-01-22 07:00:00,0.8,0.02,91.2,0.0,86.6,12.45,12.81,13.42,0.2,
24,2026-01-22 08:00:00,1.48,0.28,294.0,0.0,70.09,14.63,16.08,17.17,0.55,
24,2026-01-22 09:00:00,2.52,0.9,497.5,0.0,61.97,17.83,18.68,19.37,0.82,
24,2026-01-22 10:00:00,3.28,1.24,690.5,0.0,54.2,20.01,20.78,21.6,1.13,
24,2026-01-22 11:00:00,2.68,0.86,842.0,0.0,47.79,22.31,23.61,24.82,1.53,
24,2026-01-22 12:00:00,3.35,1.17,946.0,0.0,42.76,25.49,26.62,27.9,2.0,
24,2026-01-22 13:00:00,5.0,1.47,980.0,0.0,40.69,27.8,28.22,28.87,2.27,
24,2026-01-22 14:00:00,4.4,1.89,982.0,0.0,37.07,29.41,29.83,30.13,2.65,
24,2026-01-22 15:00:00,4.7,2.47,897.0,0.0,34.94,30.42,30.73,31.05,2.88,
24,2026-01-22 16:00:00,4.85,2.26,836.0,0.0,32.79,31.34,31.54,31.85,3.12,
24,2026-01-22 17:00:00,4.78,2.14,678.3,0.0,32.4,31.94,32.02,32.09,3.22,
24,2026-01-22 18:00:00,4.18,1.81,487.4,0.0,31.43,31.67,31.87,32.11,3.24,
24,2026-01-22 19:00:00,4.85,1.7,279.3,0.0,31.64,29.31,30.79,31.59,3.04,
24,2026-01-22 20:00:00,4.1,1.19,76.5,0.0,38.01,26.2,27.33,28.49,2.26,
24,2026-01-22 21:00:00,1.48,0.26,1.63,0.0,44.08,24.17,24.73,25.65,1.74,
24,2026-01-22 22:00:00,1.48,0.25,0.0,0.0,48.99,22.13,22.84,23.51,1.42,
24,2026-01-22 23:00:00,1.4,0.22,0.0,0.0,53.51,20.13,21.06,21.8,1.17,
24,2026-01-23 00:00:00,0.5,0.0,0.0,0.0,63.27,17.83,18.61,19.47,0.79,
24,2026-01-23 01:00:00,3.05,0.35,0.0,0.0,63.51,16.48,17.23,18.44,0.73,
24,2026-01-23 02:00:00,4.03,2.07,0.0,0.0,50.37,20.1,20.62,20.92,1.21,
24,2026-01-23 03:00:00,3.42,1.48,0.0,0.0,55.13,18.67,19.15,19.75,1.0,
24,2026-01-23 04:00:00,1.18,0.05,0.0,0.0,67.37,15.34,16.5,18.21,0.62,
24,2026-01-23 05:00:00,0.42,0.01,0.0,0.0,75.25,13.64,14.24,14.93,0.4,
24,2026-01-23 06:00:00,0.0,0.0,3.18,0.0,77.45,13.29,13.55,13.7,0.35,
24,2026-01-23 07:00:00,0.95,0.03,90.1,0.0,74.63,13.04,13.66,14.88,0.4,
24,2026-01-23 08:00:00,1.25,0.28,295.5,0.0,56.69,16.64,18.45,20.01,0.93,
24,2026-01-23 09:00:00,2.08,0.61,500.7,0.0,48.72,20.12,21.12,22.14,1.29,
24,2026-01-23 10:00:00,2.3,0.73,670.7,0.0,43.72,22.36,23.57,24.82,1.64,
24,2026-01-23 11:00:00,2.45,1.0,813.0,0.0,38.76,25.5,26.23,26.63,2.09,
24,2026-01-23 12:00:00,3.2,1.22,919.0,0.0,35.64,26.97,27.73,28.41,2.4,
24,2026-01-23 13:00:00,4.18,1.98,968.0,0.0,32.78,28.99,29.7,30.34,2.81,
24,2026-01-23 14:00:00,4.4,2.24,963.0,0.0,32.04,30.56,30.97,31.31,3.05,
24,2026-01-23 15:00:00,4.78,2.2,926.0,0.0,31.68,31.71,32.15,32.45,3.28,
24,2026-01-23 16:00:00,4.7,2.38,823.0,0.0,30.82,32.59,32.68,32.78,3.42,
24,2026-01-23 17:00:00,7.1,2.15,666.8,0.0,30.57,32.15,32.49,32.69,3.4,
24,2026-01-23 18:00:00,5.22,2.67,477.0,0.0,32.03,30.84,31.4,31.99,3.12,
24,2026-01-23 19:00:00,5.15,2.6,272.6,0.0,35.3,28.68,29.6,30.44,2.69,
24,2026-01-23 20:00:00,4.4,1.44,73.6,0.0,41.23,26.14,27.01,27.99,2.1,
24,2026-01-23 21:00:00,2.82,0.94,1.46,0.0,44.82,24.1,24.86,25.55,1.74,
24,2026-01-23 22:00:00,1.78,0.37,0.0,0.0,47.47,22.03,22.82,23.63,1.46,
24,2026-01-23 23:00:00,0.88,0.03,0.0,0.0,54.38,19.9,20.79,21.67,1.12,
24,2026-01-24 00:00:00,0.72,0.03,0.0,0.0,63.01,17.73,18.39,19.25,0.78,
24,2026-01-24 01:00:00,0.8,0.02,0.0,0.0,65.34,16.77,17.22,17.88,0.68,
24,2026-01-24 02:00:00,0.5,0.0,0.0,0.0,69.38,15.85,16.15,16.51,0.57,
24,2026-01-24 03:00:00,0.0,0.0,0.0,0.0,73.19,14.81,15.28,15.7,0.47,
24,2026-01-24 04:00:00,0.35,0.0,0.0,0.0,75.8,14.03,14.23,14.59,0.39,
24,2026-01-24 05:00:00,1.02,0.03,0.0,0.0,72.46,14.13,14.56,14.97,0.46,
24,2026-01-24 06:00:00,1.1,0.15,3.42,0.0,75.14,13.83,14.18,14.53,0.4,
24,2026-01-24 07:00:00,2.38,0.42,83.2,0.0,83.59,13.4,13.52,13.6,0.25,
24,2026-01-24 08:00:00,1.92,0.65,284.5,0.0,77.07,14.01,14.95,15.81,0.39,
24,2026-01-24 09:00:00,2.3,0.74,502.5,0.0,65.98,16.44,17.5,18.28,0.68,
24,2026-01-24 10:00:00,2.98,1.02,687.5,0.0,55.24,18.44,19.54,20.66,1.02,
24,2026-01-24 11:00:00,2.68,1.06,837.0,0.0,49.81,21.47,22.37,23.31,1.36,
24,2026-01-24 12:00:00,3.12,1.25,938.0,0.0,45.61,23.62,24.54,25.37,1.68,
24,2026-01-24 13:00:00,3.95,1.67,978.0,0.0,40.64,25.91,26.73,27.44,2.09,
24,2026-01-24 14:00:00,4.32,1.89,980.0,0.0,36.27,27.75,28.63,29.6,2.5,
24,2026-01-24 15:00:00,4.25,1.74,941.0,0.0,34.86,29.68,30.07,30.3,2.78,
24,2026-01-24 16:00:00,4.92,2.21,840.0,0.0,33.54,30.56,30.74,30.9,2.94,
24,2026-01-24 17:00:00,4.78,2.34,689.2,0.0,29.98,31.09,31.18,31.28,3.18,
24,2026-01-24 18:00:00,4.18,1.77,496.8,0.0,29.04,30.53,30.94,31.19,3.18,
24,2026-01-24 19:00:00,4.03,2.13,291.6,0.0,32.68,28.99,29.56,30.21,2.79,
24,2026-01-24 20:00:00,4.32,1.78,78.16,0.0,38.84,25.35,26.73,28.28,2.15,
24,2026-01-24 21:00:00,2.98,0.6,1.34,0.0,44.2,22.67,23.64,24.49,1.63,
24,2026-01-24 22:00:00,1.32,0.15,0.0,0.0,52.0,20.39,21.06,21.99,1.2,
24,2026-01-24 23:00:00,1.25,0.11,0.0,0.0,58.73,18.16,18.73,19.33,0.9,
24,2026-01-25 00:00:00,1.02,0.02,0.0,0.0,63.04,17.02,17.27,17.71,0.73,
24,2026-01-25 01:00:00,0.88,0.03,0.0,0.0,65.69,15.84,16.35,16.74,0.64,
24,2026-01-25 02:00:00,0.88,0.08,0.0,0.0,71.16,14.21,14.7,15.41,0.48,
24,2026-01-25 03:00:00,0.35,0.0,0.0,0.0,73.08,13.3,13.72,14.05,0.43,
24,2026-01-25 04:00:00,0.72,0.03,0.0,0.0,75.83,12.94,13.1,13.17,0.37,
24,2026-01-25 05:00:00,0.5,0.01,0.0,0.0,76.34,12.81,12.96,13.04,0.35,
24,2026-01-25 06:00:00,1.4,0.09,2.36,0.0,75.8,12.96,13.25,13.46,0.37,
24,2026-01-25 07:00:00,1.7,0.18,80.7,0.0,76.67,13.09,13.46,14.08,0.36,
24,2026-01-25 08:00:00,3.05,0.73,291.0,0.0,68.8,15.26,15.79,16.16,0.56,
24,2026-01-25 09:00:00,2.45,0.92,384.5,0.0,63.97,16.63,17.27,17.59,0.71,
24,2026-01-25 10:00:00,3.2,1.12,615.8,0.0,57.69,18.03,19.1,19.87,0.94,
24,2026-01-25 11:00:00,3.72,1.43,820.0,0.0,51.11,20.33,21.55,22.45,1.26,
24,2026-01-25 12:00:00,4.25,1.75,919.0,0.0,46.94,22.35,22.83,23.13,1.48,
24,2026-01-25 13:00:00,4.85,2.32,797.8,0.0,47.48,22.9,23.36,23.86,1.51,
24,2026-01-25 14:00:00,4.78,2.43,933.0,0.0,45.7,23.99,24.27,24.65,1.65,
24,2026-01-25 15:00:00,5.6,2.55,557.3,0.0,44.48,23.03,23.61,24.02,1.62,
24,2026-01-25 16:00:00,4.78,2.09,286.1,0.0,47.24,21.8,22.3,22.73,1.42,
24,2026-01-25 17:00:00,3.88,1.75,291.4,0.0,48.13,21.76,22.12,22.6,1.38,
24,2026-01-25 18:00:00,3.35,0.97,224.4,0.0,50.19,21.01,21.28,21.55,1.26,
24,2026-01-25 19:00:00,2.15,0.71,46.62,0.0,52.72,19.98,20.59,21.09,1.15,
24,2026-01-25 20:00:00,3.58,1.2,18.42,0.0,58.52,19.34,19.52,19.83,0.94,
24,2026-01-25 21:00:00,5.82,1.35,0.31,0.0,67.59,18.33,18.8,19.34,0.71,
24,2026-01-25 22:00:00,5.82,3.2,0.0,0.0,66.43,17.15,17.54,18.07,0.68,
24,2026-01-25 23:00:00,4.78,2.46,0.0,0.0,70.38,15.63,16.13,16.79,0.55,
24,2026-01-26 00:00:00,3.2,1.63,0.0,0.0,71.41,15.12,15.56,15.82,0.51,
24,2026-01-26 01:00:00,2.45,0.62,0.0,0.0,78.35,13.37,14.18,14.9,0.36,
24,2026-01-26 02:00:00,1.18,0.2,0.0,0.0,79.31,13.41,13.61,13.81,0.32,
24,2026-01-26 03:00:00,1.25,0.16,0.0,0.0,75.92,14.08,14.49,14.73,0.4,
24,2026-01-26 04:00:00,1.4,0.25,0.0,0.0,76.32,14.11,14.5,14.75,0.39,
24,2026-01-26 05:00:00,1.32,0.14,0.0,0.0,79.05,13.39,13.63,13.85,0.33,
24,2026-01-26 06:00:00,1.18,0.04,2.04,0.0,83.88,12.25,12.87,13.62,0.24,
24,2026-01-26 07:00:00,1.7,0.29,83.3,0.0,84.83,11.85,12.32,13.29,0.22,
24,2026-01-26 08:00:00,1.55,0.26,308.6,0.0,63.33,14.36,16.91,18.91,0.72,
24,2026-01-26 09:00:00,2.0,0.65,516.2,0.0,54.9,19.25,19.98,20.65,1.06,
24,2026-01-26 10:00:00,2.3,0.81,703.4,0.0,49.94,21.12,22.05,23.11,1.33,
24,2026-01-26 11:00:00,3.35,1.35,855.0,0.0,43.8,23.39,24.29,25.34,1.71,
24,2026-01-26 12:00:00,4.4,2.1,945.0,0.0,40.63,25.3,25.99,26.71,2.0,
24,2026-01-26 13:00:00,4.4,2.21,979.0,0.0,39.23,27.05,27.45,27.96,2.23,
24,2026-01-26 14:00:00,4.85,2.06,981.0,0.0,36.68,28.21,28.66,29.08,2.49,
24,2026-01-26 15:00:00,4.47,1.81,935.0,0.0,33.94,29.31,29.7,29.93,2.76,
24,2026-01-26 16:00:00,4.4,2.1,839.0,0.0,31.61,30.3,30.61,30.8,3.01,
24,2026-01-26 17:00:00,4.47,2.0,686.0,0.0,31.56,30.68,30.81,31.08,3.04,
24,2026-01-26 18:00:00,6.05,3.03,494.1,0.0,34.7,28.35,29.51,30.52,2.7,
24,2026-01-26 19:00:00,6.72,3.31,288.6,0.0,39.68,25.97,26.85,27.79,2.14,
24,2026-01-26 20:00:00,5.0,2.23,82.7,0.0,44.93,23.38,24.23,25.28,1.67,
24,2026-01-26 21:00:00,3.5,0.97,1.06,0.0,48.96,22.21,22.64,23.0,1.4,
24,2026-01-26 22:00:00,1.85,0.35,0.0,0.0,55.49,19.89,20.51,21.46,1.08,
24,2026-01-26 23:00:00,1.62,0.2,0.0,0.0,58.81,18.57,19.26,19.73,0.92,
24,2026-01-27 00:00:00,1.25,0.08,0.0,0.0,66.93,16.99,17.3,17.81,0.66,
24,2026-01-27 01:00:00,1.25,0.09,0.0,0.0,72.42,14.78,15.41,16.06,0.48,
24,2026-01-27 02:00:00,1.32,0.22,0.0,0.0,73.48,14.45,14.59,14.74,0.44,
24,2026-01-27 03:00:00,1.02,0.04,0.0,0.0,75.98,13.4,13.72,14.25,0.38,
24,2026-01-27 04:00:00,0.5,0.01,0.0,0.0,79.91,12.62,12.94,13.2,0.3,
24,2026-01-27 05:00:00,0.35,0.0,0.0,0.0,82.7,11.79,12.08,12.37,0.25,
24,2026-01-27 06:00:00,0.0,0.0,2.28,0.0,84.15,11.34,11.6,11.76,0.22,
24,2026-01-27 07:00:00,1.1,0.04,75.56,0.0,82.72,11.17,11.71,12.62,0.24,
24,2026-01-27 08:00:00,1.32,0.28,304.6,0.0,67.07,14.48,16.12,17.77,0.61,
24,2026-01-27 09:00:00,2.68,0.8,511.3,0.0,57.47,18.76,19.35,20.12,0.96,
24,2026-01-27 10:00:00,3.8,1.31,697.1,0.0,51.52,20.56,21.53,22.33,1.25,
24,2026-01-27 11:00:00,4.32,1.86,844.0,0.0,47.26,22.85,23.26,23.72,1.51,
24,2026-01-27 12:00:00,3.65,1.78,944.0,0.0,43.94,24.34,24.88,25.55,1.76,
24,2026-01-27 13:00:00,4.92,2.41,1017.0,0.0,41.55,25.96,26.5,27.06,2.03,
24,2026-01-27 14:00:00,6.35,3.18,1011.0,0.0,38.52,26.47,27.64,28.32,2.28,
24,2026-01-27 15:00:00,5.22,2.92,991.0,0.0,35.76,28.87,29.29,29.7,2.62,
24,2026-01-27 16:00:00,5.3,2.98,604.6,0.0,36.97,28.51,28.96,29.25,2.52,
24,2026-01-27 17:00:00,5.75,2.68,639.3,0.0,36.45,28.43,28.8,29.18,2.52,
24,2026-01-27 18:00:00,4.85,2.69,408.0,0.0,37.51,28.32,28.56,28.72,2.44,
24,2026-01-27 19:00:00,4.32,2.32,302.4,0.0,36.64,28.37,28.69,28.93,2.49,
24,2026-01-27 20:00:00,3.2,1.77,63.81,0.0,41.84,25.86,26.74,27.86,2.05,
24,2026-01-27 21:00:00,4.55,1.86,1.14,0.0,44.73,24.56,25.06,25.49,1.76,
24,2026-01-27 22:00:00,4.03,2.28,0.0,0.0,48.47,23.18,24.03,24.71,1.54,
24,2026-01-27 23:00:00,3.72,2.0,0.0,0.0,51.57,22.18,22.47,22.8,1.32,
24,2026-01-28 00:00:00,3.88,2.16,0.0,0.0,55.15,21.03,21.4,21.86,1.14,
24,2026-01-28 01:00:00,4.78,2.64,0.0,0.0,53.92,20.61,21.11,21.53,1.16,
24,2026-01-28 02:00:00,4.55,2.61,0.0,0.0,57.0,19.8,20.15,20.42,1.02,
24,2026-01-28 03:00:00,4.18,2.31,0.0,0.0,61.5,18.47,18.98,19.54,0.85,
24,2026-01-28 04:00:00,3.95,2.21,0.0,0.0,66.1,17.51,17.78,18.15,0.69,
24,2026-01-28 05:00:00,4.18,1.58,0.0,0.0,70.71,16.33,16.87,17.28,0.57,
24,2026-01-28 06:00:00,1.78,0.39,2.05,0.0,76.84,14.84,15.34,15.97,0.4,
24,2026-01-28 07:00:00,2.0,0.39,72.39,0.0,77.98,14.14,14.44,15.0,0.36,
24,2026-01-28 08:00:00,2.68,1.02,308.1,0.0,72.76,16.44,17.23,18.13,0.54,
24,2026-01-28 09:00:00,2.52,1.32,516.0,0.0,63.67,18.62,19.65,20.71,0.84,
24,2026-01-28 10:00:00,3.2,1.59,702.6,0.0,55.54,21.5,22.28,23.02,1.2,
24,2026-01-28 11:00:00,3.35,1.61,853.0,0.0,48.02,23.96,24.9,26.13,1.64,
24,2026-01-28 12:00:00,4.1,1.91,955.0,0.0,42.31,26.74,27.43,28.21,2.11,
24,2026-01-28 13:00:00,4.55,2.3,995.0,0.0,37.51,29.05,29.78,30.57,2.62,
24,2026-01-28 14:00:00,6.42,3.42,995.0,0.0,33.89,30.68,31.06,31.39,2.98,
24,2026-01-28 15:00:00,7.02,4.02,958.0,0.0,30.51,31.48,31.73,32.0,3.26,
24,2026-01-28 16:00:00,5.98,3.75,860.0,0.0,25.04,32.35,32.67,32.88,3.7,
24,2026-01-28 17:00:00,5.82,3.58,710.0,0.0,21.92,33.06,33.18,33.28,3.97,
24,2026-01-28 18:00:00,5.75,3.1,515.0,0.0,23.21,32.96,33.06,33.13,3.88,
24,2026-01-28 19:00:00,5.08,2.77,304.9,0.0,24.52,31.98,32.37,32.68,3.67,
24,2026-01-28 20:00:00,4.1,2.12,92.0,0.0,25.78,29.31,30.35,31.49,3.22,
24,2026-01-28 21:00:00,3.2,1.29,1.12,0.0,31.47,26.4,28.01,29.35,2.61,
24,2026-01-28 22:00:00,4.1,0.68,0.0,0.0,40.38,23.75,25.36,27.0,1.95,
24,2026-01-28 23:00:00,1.1,0.13,0.0,0.0,52.31,20.17,21.01,22.22,1.19,
24,2026-01-29 00:00:00,0.65,0.01,0.0,0.0,55.26,18.93,19.31,19.67,1.0,
24,2026-01-29 01:00:00,0.8,0.02,0.0,0.0,62.76,17.38,17.96,18.64,0.77,
24,2026-01-29 02:00:00,0.0,0.0,0.0,0.0,66.87,17.01,17.01,17.01,0.64,
24,2026-01-29 06:00:00,0.8,0.02,1.87,0.0,73.66,14.72,15.36,16.05,0.46,
24,2026-01-29 07:00:00,0.72,0.04,66.92,0.0,71.12,14.59,15.24,16.28,0.51,
24,2026-01-29 08:00:00,2.15,0.71,296.6,0.0,61.05,18.49,20.38,22.01,0.94,
24,2026-01-29 09:00:00,2.68,0.63,499.8,0.0,51.73,22.97,23.8,24.38,1.43,
24,2026-01-29 10:00:00,3.88,1.63,681.2,0.0,51.56,24.54,24.99,25.4,1.54,
24,2026-01-29 11:00:00,3.88,2.02,830.0,0.0,49.89,25.13,25.87,26.75,1.67,
24,2026-01-29 12:00:00,3.95,1.99,927.0,0.0,45.96,26.99,27.48,27.95,1.98,
24,2026-01-29 13:00:00,4.47,2.38,959.0,0.0,44.87,28.16,28.66,29.47,2.17,
24,2026-01-29 14:00:00,4.92,2.52,958.0,0.0,42.01,29.77,30.0,30.23,2.46,
24,2026-01-29 15:00:00,5.75,2.97,918.0,0.0,40.86,30.44,30.66,30.84,2.61,
24,2026-01-29 16:00:00,5.82,3.12,816.0,0.0,40.33,30.78,30.9,30.98,2.66,
24,2026-01-29 17:00:00,6.35,3.25,667.5,0.0,41.27,30.08,30.42,30.68,2.55,
24,2026-01-29 18:00:00,5.52,2.93,476.5,0.0,44.96,28.57,29.23,29.65,2.24,
24,2026-01-29 19:00:00,5.75,2.21,267.5,0.0,50.02,26.77,27.49,28.17,1.84,
24,2026-01-29 20:00:00,2.68,0.72,72.82,0.0,57.11,24.15,25.14,26.36,1.38,
24,2026-01-29 21:00:00,2.08,0.61,0.84,0.0,65.71,21.58,22.59,23.38,0.95,
24,2026-01-29 22:00:00,2.22,0.41,0.0,0.0,72.76,20.03,20.66,21.12,0.67,
24,2026-01-29 23:00:00,2.75,0.67,0.0,0.0,79.16,18.92,19.21,19.58,0.46,
24,2026-01-30 00:00:00,1.4,0.07,0.0,0.0,82.58,18.11,18.39,18.66,0.37,
24,2026-01-30 01:00:00,2.15,0.31,0.0,0.0,85.53,17.57,17.72,17.86,0.29,
24,2026-01-30 02:00:00,3.05,0.42,0.0,0.0,86.83,17.36,17.46,17.54,0.26,
24,2026-01-30 03:00:00,1.85,0.41,0.0,0.0,85.5,17.67,17.77,17.87,0.3,
24,2026-01-30 04:00:00,1.55,0.24,0.0,0.0,84.75,17.9,17.91,17.92,0.32,
24,2026-01-30 05:00:00,1.92,0.59,0.0,0.0,85.33,17.69,17.77,17.84,0.3,
24,2026-01-30 06:00:00,1.85,0.82,0.5,0.0,85.33,17.61,17.63,17.67,0.3,
24,2026-01-30 07:00:00,2.15,0.79,25.67,0.0,84.83,17.65,17.72,17.86,0.31,
24,2026-01-30 08:00:00,2.15,0.81,58.01,0.0,83.78,17.97,18.12,18.27,0.34,
24,2026-01-30 09:00:00,1.85,0.65,136.3,0.0,81.75,18.36,18.62,18.83,0.39,
24,2026-01-30 10:00:00,2.38,0.81,356.9,0.0,78.86,18.81,19.1,19.76,0.47,
24,2026-01-30 11:00:00,2.52,0.84,835.0,0.0,68.81,20.34,21.13,22.46,0.79,
24,2026-01-30 12:00:00,3.28,1.18,926.0,0.0,58.55,23.42,24.41,25.21,1.27,
24,2026-01-30 13:00:00,3.58,1.34,974.0,0.0,53.95,25.38,26.17,27.03,1.57,
24,2026-01-30 14:00:00,4.1,1.68,975.0,0.0,46.95,28.09,28.64,29.4,2.08,
24,2026-01-30 15:00:00,5.45,2.16,933.0,0.0,44.06,29.3,29.56,29.75,2.31,
24,2026-01-30 16:00:00,5.45,2.46,825.0,0.0,44.78,29.22,29.64,30.14,2.3,
24,2026-01-30 17:00:00,4.1,1.58,678.0,0.0,40.37,30.18,30.41,30.56,2.59,
24,2026-01-30 18:00:00,4.4,1.89,485.5,0.0,39.82,30.05,30.18,30.37,2.58,
24,2026-01-30 19:00:00,3.95,1.59,278.6,0.0,38.2,29.28,29.64,29.94,2.57,
24,2026-01-30 20:00:00,2.75,0.44,61.07,0.0,43.23,26.43,27.52,28.75,2.09,
24,2026-01-30 21:00:00,2.75,0.74,0.63,0.0,51.81,23.96,24.96,25.96,1.53,
24,2026-01-30 22:00:00,1.78,0.3,0.0,0.0,62.74,21.21,22.42,23.51,1.02,
24,2026-01-30 23:00:00,1.25,0.13,0.0,0.0,70.27,19.45,20.21,20.89,0.71,
24,2026-01-31 00:00:00,0.5,0.01,0.0,0.0,76.67,18.06,18.53,18.95,0.5,
24,2026-01-31 01:00:00,1.1,0.14,0.0,0.0,79.75,16.67,17.04,17.39,0.39,
24,2026-01-31 02:00:00,3.2,0.34,0.0,0.0,79.93,16.32,16.81,17.98,0.39,
24,2026-01-31 03:00:00,4.7,2.35,0.0,0.0,74.24,19.34,19.66,19.86,0.59,
24,2026-01-31 04:00:00,4.32,2.37,0.0,0.0,77.81,18.94,19.0,19.12,0.49,
24,2026-01-31 05:00:00,2.75,1.02,0.0,0.0,80.78,18.38,18.48,18.66,0.41,
24,2026-01-31 06:00:00,1.18,0.17,0.84,0.0,82.45,16.46,17.08,18.14,0.34,
24,2026-01-31 07:00:00,1.4,0.22,71.74,0.0,84.13,16.37,16.83,17.31,0.31,
24,2026-01-31 08:00:00,1.78,0.41,282.6,0.0,71.9,17.95,19.47,21.23,0.65,
24,2026-01-31 09:00:00,2.45,1.17,555.2,0.0,64.65,21.04,21.86,22.7,0.93,
24,2026-01-31 10:00:00,3.42,1.04,697.1,0.0,58.84,23.08,23.72,24.22,1.21,
24,2026-01-31 11:00:00,3.42,1.37,846.0,0.0,55.68,24.37,24.99,25.46,1.41,
24,2026-01-31 12:00:00,3.8,1.87,969.0,0.0,54.42,24.77,25.72,26.73,1.51,
24,2026-01-31 13:00:00,4.47,2.22,1002.0,0.0,50.49,27.08,27.56,27.95,1.83,
24,2026-01-31 14:00:00,5.82,2.62,1012.0,0.0,47.99,27.86,28.33,28.73,2.01,
24,2026-01-31 15:00:00,5.15,1.93,934.0,0.0,44.24,28.8,29.16,29.89,2.26,
24,2026-01-31 16:00:00,4.92,1.89,826.0,0.0,39.14,29.84,30.14,30.33,2.61,
24,2026-01-31 17:00:00,4.78,1.58,466.4,0.0,40.08,29.41,29.68,30.09,2.5,
24,2026-01-31 18:00:00,4.47,2.17,570.6,0.0,40.05,29.6,30.09,30.58,2.56,
24,2026-01-31 19:00:00,5.75,3.01,349.0,0.0,49.37,26.67,27.47,28.46,1.86,
24,2026-01-31 20:00:00,5.98,2.68,84.6,0.0,54.83,24.14,24.95,25.76,1.43,
24,2026-01-31 21:00:00,4.62,1.85,1.03,4.5,71.54,19.54,21.9,23.66,0.78,
24,2026-01-31 22:00:00,2.22,0.64,0.0,0.9,89.2,19.18,19.22,19.28,0.24,
24,2026-01-31 23:00:00,1.25,0.19,0.0,0.0,87.8,18.71,18.89,19.0,0.27,
24,2026-02-01 00:00:00,1.48,0.16,0.0,0.0,86.58,17.77,18.22,18.53,0.28,
24,2026-02-01 01:00:00,0.88,0.04,0.0,0.0,91.18,17.46,17.53,17.65,0.18,
24,2026-02-01 02:00:00,1.02,0.15,0.0,0.0,93.28,17.14,17.25,17.38,0.13,
24,2026-02-01 03:00:00,0.95,0.12,0.0,0.0,93.65,16.81,17.04,17.14,0.12,
24,2026-02-01 04:00:00,1.18,0.08,0.0,0.0,94.03,16.13,16.27,16.49,0.11,
24,2026-02-01 05:00:00,0.5,0.0,0.0,0.0,95.08,15.95,15.98,16.01,0.09,
24,2026-02-01 06:00:00,0.0,0.0,0.29,0.0,95.48,15.96,16.01,16.11,0.08,
24,2026-02-01 07:00:00,0.72,0.02,85.3,0.0,95.48,16.15,16.32,16.61,0.08,
24,2026-02-01 08:00:00,1.18,0.2,146.3,0.0,92.93,16.69,16.96,17.4,0.14,
24,2026-02-01 09:00:00,1.92,0.68,440.0,0.0,86.03,17.5,18.28,18.96,0.3,
24,2026-02-01 10:00:00,2.3,0.95,648.6,0.0,74.1,20.19,20.89,21.39,0.64,
24,2026-02-01 11:00:00,2.08,0.65,709.5,0.0,66.12,22.28,23.08,23.96,0.96,
24,2026-02-01 12:00:00,2.52,0.85,912.0,0.0,56.89,24.36,25.49,26.23,1.41,
24,2026-02-01 13:00:00,3.42,1.2,1028.0,0.0,50.91,26.58,27.11,27.75,1.76,
24,2026-02-01 14:00:00,3.58,1.27,1025.0,0.0,47.91,27.98,28.57,28.91,2.04,
24,2026-02-01 15:00:00,3.2,1.19,855.0,0.0,47.29,28.7,29.08,29.35,2.12,
24,2026-02-01 16:00:00,3.12,1.07,264.7,0.0,48.34,28.0,28.24,28.7,1.98,
24,2026-02-01 17:00:00,1.7,0.57,170.5,0.0,50.71,27.81,27.92,27.98,1.86,
24,2026-02-01 18:00:00,2.9,0.72,342.4,0.0,47.84,28.26,28.41,28.72,2.02,
24,2026-02-01 19:00:00,3.8,1.77,268.5,0.0,52.7,26.16,27.33,28.69,1.73,
24,2026-02-01 20:00:00,3.2,0.94,41.7,0.0,59.18,24.6,25.05,25.58,1.3,
24,2026-02-01 21:00:00,2.08,0.37,0.61,0.0,65.38,22.23,22.92,23.77,0.97,
24,2026-02-01 22:00:00,2.0,0.34,0.0,0.0,71.6,20.43,21.12,21.83,0.71,
24,2026-02-01 23:00:00,0.8,0.03,0.0,0.0,81.09,18.79,19.37,20.05,0.43,
24,2026-02-02 00:00:00,0.88,0.04,0.0,0.0,86.03,17.49,17.86,18.41,0.29,
24,2026-02-02 01:00:00,0.95,0.03,0.0,0.0,87.9,16.76,17.25,17.58,0.24,
24,2026-02-02 02:00:00,0.5,0.0,0.0,0.0,90.25,16.44,16.54,16.62,0.19,
24,2026-02-02 03:00:00,1.02,0.07,0.0,0.0,91.55,15.82,16.02,16.25,0.16,
24,2026-02-02 04:00:00,0.95,0.03,0.0,0.0,92.58,15.34,15.56,15.69,0.13,
24,2026-02-02 05:00:00,1.48,0.08,0.0,0.0,94.3,15.23,15.27,15.32,0.1,
24,2026-02-02 06:00:00,1.25,0.05,0.53,0.0,94.63,15.35,15.49,15.72,0.09,
24,2026-02-02 07:00:00,1.18,0.16,14.96,0.0,92.63,15.82,15.96,16.15,0.14,
24,2026-02-02 08:00:00,2.22,0.87,37.17,0.0,91.2,16.27,16.33,16.41,0.17,
24,2026-02-02 09:00:00,2.22,0.85,183.3,0.0,87.45,16.51,16.96,17.49,0.25,
24,2026-02-02 10:00:00,2.45,0.54,430.5,0.0,77.73,18.02,18.89,19.53,0.49,
24,2026-02-02 11:00:00,3.2,0.99,698.0,0.0,69.77,20.57,21.33,21.91,0.77,
24,2026-02-02 12:00:00,3.2,1.31,930.0,0.0,61.28,22.6,23.61,24.41,1.13,
24,2026-02-02 13:00:00,4.25,2.01,981.0,0.0,56.67,24.87,25.66,26.33,1.43,
24,2026-02-02 14:00:00,5.3,2.71,980.0,0.0,54.25,26.27,26.48,26.67,1.58,
24,2026-02-02 15:00:00,5.9,2.88,952.0,0.0,53.35,26.81,26.85,26.89,1.65,
24,2026-02-02 16:00:00,5.45,2.89,840.0,0.0,52.72,26.74,26.87,26.99,1.67,
24,2026-02-02 17:00:00,5.08,2.82,683.0,0.0,54.37,26.32,26.5,26.72,1.58,
24,2026-02-02 18:00:00,5.08,2.6,491.3,0.0,56.83,25.13,25.54,26.16,1.41,
24,2026-02-02 19:00:00,4.25,1.75,284.3,0.0,59.21,24.17,24.55,24.81,1.26,
24,2026-02-02 20:00:00,2.98,1.13,67.85,0.0,67.86,21.23,22.28,23.44,0.87,
24,2026-02-02 21:00:00,3.12,0.47,0.58,0.0,73.22,19.98,20.39,20.84,0.64,
24,2026-02-02 22:00:00,2.15,0.57,0.0,0.0,76.41,19.15,19.47,19.76,0.54,
24,2026-02-02 23:00:00,2.22,0.29,0.0,0.0,77.62,18.49,18.73,19.08,0.48,
24,2026-02-03 00:00:00,2.3,0.43,0.0,0.0,80.54,17.72,17.97,18.29,0.4,
24,2026-02-03 01:00:00,1.7,0.56,0.0,0.0,81.18,17.6,17.76,17.92,0.38,
24,2026-02-03 02:00:00,2.15,0.53,0.0,0.0,80.53,17.9,17.93,17.95,0.4,
24,2026-02-03 03:00:00,1.85,0.45,0.0,0.0,80.03,18.04,18.07,18.11,0.42,
24,2026-02-03 04:00:00,1.85,0.44,0.0,0.0,80.2,17.96,18.02,18.09,0.41,
24,2026-02-03 05:00:00,1.55,0.16,0.0,0.0,81.2,17.93,17.99,18.03,0.39,
24,2026-02-03 06:00:00,1.1,0.16,0.2,0.0,84.38,17.53,17.58,17.66,0.32,
24,2026-02-03 07:00:00,1.32,0.39,17.24,0.0,81.58,17.56,17.72,17.93,0.38,
24,2026-02-03 08:00:00,1.1,0.13,67.82,0.0,75.99,18.07,18.29,18.48,0.51,
24,2026-02-03 09:00:00,1.62,0.36,146.9,0.0,73.73,18.53,18.79,19.12,0.57,
24,2026-02-03 10:00:00,1.92,0.51,241.9,0.0,70.96,19.27,19.51,19.77,0.66,
24,2026-02-03 11:00:00,2.3,0.94,398.3,0.0,67.75,20.09,20.57,21.01,0.78,
24,2026-02-03 12:00:00,3.05,1.25,1014.0,0.0,61.93,21.49,22.41,23.38,1.04,
24,2026-02-03 13:00:00,3.2,1.12,974.0,0.0,54.8,24.0,24.85,25.77,1.42,
24,2026-02-03 14:00:00,3.72,1.61,976.0,0.0,47.95,26.22,26.9,27.59,1.85,
24,2026-02-03 15:00:00,3.88,1.66,942.0,0.0,44.3,27.11,27.84,28.23,2.09,
24,2026-02-03 16:00:00,4.4,1.64,839.0,0.0,40.43,28.48,28.81,29.09,2.36,
24,2026-02-03 17:00:00,4.7,2.08,683.5,0.0,38.71,29.06,29.27,29.59,2.49,
24,2026-02-03 18:00:00,4.78,2.76,425.3,0.0,43.88,26.42,27.68,28.58,2.09,
24,2026-02-03 19:00:00,5.82,2.87,143.5,0.0,49.83,24.43,25.2,25.97,1.61,
24,2026-02-03 20:00:00,4.62,2.11,43.96,0.0,54.15,22.72,23.44,24.01,1.32,
24,2026-02-03 21:00:00,3.65,1.11,0.29,0.0,59.63,21.09,21.66,22.3,1.05,
24,2026-02-03 22:00:00,1.92,0.21,0.0,0.0,64.5,19.82,20.44,20.84,0.86,
24,2026-02-03 23:00:00,2.0,0.51,0.0,0.0,67.13,19.01,19.21,19.44,0.73,
24,2026-02-04 00:00:00,0.95,0.06,0.0,0.0,74.64,17.26,17.86,18.41,0.52,
24,2026-02-04 01:00:00,0.0,0.0,0.0,0.0,80.75,16.09,16.45,16.89,0.36,
24,2026-02-04 02:00:00,0.95,0.02,0.0,0.0,85.23,14.99,15.41,15.95,0.26,
24,2026-02-04 03:00:00,0.8,0.02,0.0,0.0,86.6,13.88,14.3,14.75,0.22,
24,2026-02-04 04:00:00,0.65,0.01,0.0,0.0,87.1,13.45,13.55,13.64,0.2,
24,2026-02-04 05:00:00,0.42,0.01,0.0,0.0,87.58,13.55,13.58,13.63,0.19,
24,2026-02-04 06:00:00,0.8,0.03,0.56,0.0,87.28,13.78,13.9,14.01,0.2,
24,2026-02-04 07:00:00,0.35,0.0,106.1,0.0,86.18,14.05,14.25,14.74,0.23,
24,2026-02-04 08:00:00,1.25,0.33,320.2,0.0,76.73,15.95,16.82,18.17,0.45,
24,2026-02-04 09:00:00,2.0,0.55,463.3,0.0,68.06,18.93,19.41,19.87,0.72,
24,2026-02-04 10:00:00,2.22,0.6,421.5,0.0,65.47,20.12,20.45,20.98,0.83,
24,2026-02-04 11:00:00,3.42,1.0,692.1,0.0,59.2,21.12,21.72,22.44,1.07,
24,2026-02-04 12:00:00,2.98,1.16,735.3,0.0,54.23,22.77,23.12,23.36,1.3,
24,2026-02-04 13:00:00,2.9,0.96,805.0,0.0,50.17,23.83,24.57,25.46,1.54,
24,2026-02-04 14:00:00,3.35,1.32,889.0,0.0,48.26,25.54,25.91,26.19,1.73,
24,2026-02-04 15:00:00,3.5,1.63,794.3,0.0,47.16,26.17,26.46,26.88,1.83,
24,2026-02-04 16:00:00,3.58,1.71,565.2,0.0,44.03,26.39,26.61,26.99,1.95,
24,2026-02-04 17:00:00,3.72,0.92,522.2,0.0,41.63,27.33,27.38,27.47,2.13,
24,2026-02-04 18:00:00,3.58,1.32,385.3,0.0,41.41,27.14,27.31,27.54,2.13,
24,2026-02-04 19:00:00,4.47,2.11,315.2,0.0,44.15,25.93,26.82,27.51,1.98,
24,2026-02-04 20:00:00,4.62,0.98,88.8,0.0,52.55,23.64,24.64,25.44,1.48,
24,2026-02-04 21:00:00,3.05,0.45,0.21,0.0,61.33,21.67,22.22,22.99,1.04,
24,2026-02-04 22:00:00,3.95,2.07,0.0,0.0,64.23,20.61,21.25,21.89,0.91,
24,2026-02-04 23:00:00,3.8,1.72,0.0,0.0,71.15,19.54,19.97,20.42,0.68,
24,2026-02-05 00:00:00,3.5,1.41,0.0,0.0,75.79,18.99,19.08,19.29,0.54,
24,2026-02-05 01:00:00,2.9,1.24,0.0,0.0,76.71,18.93,18.99,19.08,0.51,
24,2026-02-05 02:00:00,2.0,0.81,0.0,0.0,79.94,18.09,18.37,18.65,0.43,
24,2026-02-05 03:00:00,2.3,0.83,0.0,0.0,80.51,17.93,18.11,18.21,0.41,
24,2026-02-05 04:00:00,1.62,0.25,0.0,0.0,84.0,17.26,17.52,17.81,0.32,
24,2026-02-05 05:00:00,2.75,0.96,0.0,0.0,82.48,17.01,17.1,17.19,0.35,
24,2026-02-05 06:00:00,2.08,0.43,0.57,0.0,82.3,16.77,17.09,17.31,0.34,
24,2026-02-05 07:00:00,0.35,0.0,26.43,0.0,87.08,15.79,16.04,16.54,0.24,
24,2026-02-05 08:00:00,1.32,0.04,283.1,0.0,80.93,15.58,16.66,18.48,0.37,
24,2026-02-05 09:00:00,3.28,1.37,391.9,0.0,73.17,19.44,19.57,19.73,0.61,
24,2026-02-05 10:00:00,3.35,2.0,705.5,0.0,68.41,19.58,20.26,21.02,0.75,
24,2026-02-05 11:00:00,3.5,1.68,784.5,0.0,59.56,21.69,22.52,23.15,1.11,
24,2026-02-05 12:00:00,4.4,1.98,959.0,0.0,52.19,23.62,24.41,25.07,1.47,
24,2026-02-05 13:00:00,4.25,1.92,1000.0,0.0,47.71,25.79,26.38,26.7,1.8,
24,2026-02-05 14:00:00,4.62,2.18,975.0,0.0,43.27,26.83,27.44,27.95,2.08,
24,2026-02-05 15:00:00,4.55,2.09,943.0,0.0,40.18,28.32,28.57,28.94,2.34,
24,2026-02-05 16:00:00,3.8,1.82,852.0,0.0,36.19,29.46,29.74,30.1,2.67,
24,2026-02-05 17:00:00,4.18,1.93,707.5,0.0,33.68,30.08,30.27,30.43,2.86,
24,2026-02-05 18:00:00,4.62,2.56,497.3,0.0,35.48,29.02,29.4,29.88,2.65,
24,2026-02-05 19:00:00,5.0,2.85,283.8,0.0,38.76,27.23,28.04,28.76,2.32,
24,2026-02-05 20:00:00,4.62,2.58,46.99,0.0,44.46,24.95,25.64,26.41,1.83,
24,2026-02-05 21:00:00,6.2,2.92,0.39,0.0,48.43,23.6,24.09,24.58,1.55,
24,2026-02-05 22:00:00,5.38,2.82,0.0,0.0,52.31,21.3,22.3,23.17,1.29,
24,2026-02-05 23:00:00,3.95,2.27,0.0,0.0,56.0,20.29,20.61,20.96,1.07,
24,2026-02-06 00:00:00,3.88,2.0,0.0,0.0,55.6,19.87,19.99,20.1,1.04,
24,2026-02-06 01:00:00,3.28,1.1,0.0,0.0,59.58,18.31,19.11,19.64,0.9,
24,2026-02-06 02:00:00,3.95,1.36,0.0,0.0,59.22,17.76,18.42,19.03,0.87,
24,2026-02-06 03:00:00,4.85,2.53,0.0,0.0,59.05,18.25,18.7,19.02,0.88,
24,2026-02-06 04:00:00,4.32,2.17,0.0,0.0,64.08,17.18,17.54,18.15,0.72,
24,2026-02-06 05:00:00,4.78,1.89,0.0,0.0,67.54,16.0,16.5,17.1,0.61,
24,2026-02-06 06:00:00,2.15,0.78,0.63,0.0,72.27,15.06,15.39,15.64,0.49,
24,2026-02-06 07:00:00,2.38,0.87,58.74,0.0,72.65,14.9,14.95,14.99,0.46,
24,2026-02-06 08:00:00,2.52,1.36,278.1,0.0,65.2,15.75,16.44,17.1,0.65,
24,2026-02-06 09:00:00,4.55,2.08,498.1,0.0,59.56,17.72,18.58,19.19,0.87,
24,2026-02-06 10:00:00,4.25,2.37,688.3,0.0,53.29,19.78,20.91,21.99,1.16,
24,2026-02-06 11:00:00,3.58,1.63,842.0,0.0,46.79,22.55,23.68,24.88,1.56,
24,2026-02-06 12:00:00,3.8,1.85,945.0,0.0,40.33,25.48,26.44,27.18,2.06,
24,2026-02-06 13:00:00,4.7,2.72,990.0,0.0,35.83,27.8,28.47,29.01,2.5,
24,2026-02-06 14:00:00,6.42,3.58,990.0,0.0,33.71,28.83,29.18,29.52,2.69,
24,2026-02-06 15:00:00,5.9,3.25,951.0,0.0,29.88,29.72,30.27,30.9,3.02,
24,2026-02-06 16:00:00,5.0,2.66,854.0,0.0,29.52,31.19,31.47,31.79,3.25,
24,2026-02-06 17:00:00,4.78,2.63,695.4,0.0,27.54,31.9,32.03,32.24,3.45,
24,2026-02-06 18:00:00,4.62,2.48,497.3,0.0,26.95,31.64,31.91,32.07,3.46,
24,2026-02-06 19:00:00,4.62,2.65,285.6,0.0,28.88,29.91,30.63,31.24,3.13,
24,2026-02-06 20:00:00,4.1,2.23,34.9,0.0,32.87,27.33,28.04,28.99,2.55,
24,2026-02-06 21:00:00,3.8,2.22,0.35,0.0,35.01,25.43,26.18,26.8,2.21,
24,2026-02-06 22:00:00,4.62,2.69,0.0,0.0,35.89,24.02,24.35,24.62,1.95,
24,2026-02-06 23:00:00,4.25,2.1,0.0,0.0,34.53,23.3,23.48,23.71,1.9,
24,2026-02-07 00:00:00,4.03,1.57,0.0,0.0,36.02,22.27,22.85,23.51,1.79,
24,2026-02-07 01:00:00,3.2,1.4,0.0,0.0,37.01,20.92,21.61,21.97,1.63,
24,2026-02-07 02:00:00,5.0,2.24,0.0,0.0,35.03,20.94,21.03,21.09,1.62,
24,2026-02-07 03:00:00,5.45,2.95,0.0,0.0,33.93,20.05,20.58,20.93,1.6,
24,2026-02-07 04:00:00,3.5,1.36,0.0,0.0,43.87,17.83,18.42,19.1,1.19,
24,2026-02-07 05:00:00,1.7,0.2,0.0,0.0,55.28,15.56,16.44,17.15,0.84,
24,2026-02-07 06:00:00,1.25,0.12,0.55,0.0,70.14,12.44,12.82,13.53,0.44,
24,2026-02-07 07:00:00,0.95,0.05,56.41,0.0,72.39,11.64,11.96,12.48,0.39,
24,2026-02-07 08:00:00,1.78,0.5,281.7,0.0,53.56,14.98,16.41,17.41,0.87,
24,2026-02-07 09:00:00,3.2,1.12,504.3,0.0,46.67,18.07,19.44,20.71,1.21,
24,2026-02-07 10:00:00,3.35,1.66,695.6,0.0,41.71,21.13,22.26,23.44,1.57,
24,2026-02-07 11:00:00,3.5,1.63,855.0,0.0,36.94,23.89,25.1,26.3,2.02,
24,2026-02-07 12:00:00,4.55,1.9,958.0,0.0,30.87,26.72,27.74,28.77,2.58,
24,2026-02-07 13:00:00,4.55,2.25,1002.0,0.0,27.61,29.26,30.05,30.87,3.09,
24,2026-02-07 14:00:00,4.18,2.28,1003.0,0.0,25.09,31.04,31.66,32.05,3.5,
24,2026-02-07 15:00:00,4.25,2.31,962.0,0.0,22.36,32.15,32.59,32.77,3.82,
24,2026-02-07 16:00:00,3.95,1.76,861.0,0.0,21.34,33.17,33.4,33.6,4.05,
24,2026-02-07 17:00:00,3.5,1.53,698.6,0.0,17.95,33.69,34.08,34.82,4.39,
24,2026-02-07 18:00:00,4.1,1.58,507.8,0.0,16.59,33.69,34.18,34.56,4.48,
24,2026-02-07 19:00:00,5.08,1.74,289.6,0.0,16.91,30.28,31.74,33.47,3.91,
24,2026-02-07 20:00:00,2.38,0.4,37.93,0.0,24.52,25.47,27.48,29.14,2.79,
24,2026-02-07 21:00:00,2.9,0.87,0.29,0.0,29.01,23.1,24.49,25.31,2.19,
24,2026-02-07 22:00:00,1.25,0.18,0.0,0.0,43.28,19.47,20.18,21.52,1.34,
24,2026-02-07 23:00:00,0.65,0.03,0.0,0.0,49.49,16.19,17.6,19.63,1.02,
24,2026-02-08 00:00:00,0.72,0.02,0.0,0.0,57.24,14.35,15.17,15.89,0.74,
24,2026-02-08 01:00:00,0.72,0.04,0.0,0.0,60.14,13.01,13.55,13.99,0.62,
24,2026-02-08 02:00:00,0.95,0.05,0.0,0.0,62.74,12.03,12.56,12.83,0.55,
24,2026-02-08 03:00:00,0.8,0.09,0.0,0.0,67.74,10.98,11.34,11.84,0.43,
24,2026-02-08 04:00:00,0.95,0.06,0.0,0.0,66.39,10.68,10.99,11.25,0.44,
24,2026-02-08 05:00:00,0.72,0.01,0.0,0.0,72.3,9.77,10.03,10.29,0.34,
24,2026-02-08 06:00:00,0.88,0.03,0.4,0.0,75.97,9.02,9.17,9.49,0.28,
24,2026-02-08 07:00:00,1.25,0.07,54.71,0.0,76.93,8.67,9.05,9.95,0.27,
24,2026-02-08 08:00:00,2.9,0.86,275.9,0.0,71.89,12.1,13.75,14.6,0.44,
24,2026-02-08 09:00:00,3.05,1.46,501.4,0.0,63.38,15.37,16.56,17.83,0.69,
24,2026-02-08 10:00:00,3.12,1.37,696.9,0.0,52.19,18.31,19.54,20.92,1.09,
24,2026-02-08 11:00:00,3.35,1.45,857.0,0.0,42.71,21.31,22.3,23.31,1.55,
24,2026-02-08 12:00:00,3.72,1.79,966.0,0.0,34.54,24.02,24.76,25.67,2.05,
24,2026-02-08 13:00:00,3.5,1.38,1006.0,0.0,27.19,26.33,27.44,28.5,2.67,
24,2026-02-08 14:00:00,3.88,1.6,1007.0,0.0,17.88,28.97,29.78,30.4,3.45,
24,2026-02-08 15:00:00,4.47,2.24,978.0,0.0,16.05,30.68,31.08,31.48,3.79,
24,2026-02-08 16:00:00,5.38,2.57,869.0,0.0,17.22,31.72,31.82,31.87,3.9,
24,2026-02-08 17:00:00,4.78,2.55,702.3,0.0,19.3,31.18,31.56,31.92,3.74,
24,2026-02-08 18:00:00,6.05,2.22,503.0,0.0,26.6,29.28,30.41,31.13,3.2,
24,2026-02-08 19:00:00,5.45,2.5,282.2,0.0,34.0,27.16,27.79,28.45,2.47,
24,2026-02-08 20:00:00,4.18,1.43,28.78,0.0,43.99,23.54,24.7,26.03,1.75,
24,2026-02-08 21:00:00,4.03,2.05,0.22,0.0,51.15,21.14,21.99,22.81,1.29,
24,2026-02-08 22:00:00,3.12,1.54,0.0,0.0,57.81,19.67,20.29,20.82,1.01,
24,2026-02-08 23:00:00,2.6,0.75,0.0,0.0,63.22,18.59,18.95,19.24,0.81,
24,2026-02-09 00:00:00,1.7,0.14,0.0,0.0,68.96,16.58,17.44,18.29,0.62,
24,2026-02-09 01:00:00,1.55,0.12,0.0,0.0,76.7,14.37,15.23,15.95,0.41,
24,2026-02-09 02:00:00,1.25,0.27,0.0,0.0,79.1,14.0,14.13,14.23,0.34,
24,2026-02-09 03:00:00,3.5,1.18,0.0,0.0,72.54,14.08,15.75,16.98,0.5,
24,2026-02-09 04:00:00,3.12,1.25,0.0,0.0,73.35,15.84,16.21,16.75,0.49,
24,2026-02-09 05:00:00,2.38,0.99,0.0,0.0,77.66,15.21,15.35,15.53,0.39,
24,2026-02-09 06:00:00,1.78,0.16,0.37,0.0,82.5,12.84,13.66,15.02,0.28,
24,2026-02-09 07:00:00,1.7,0.27,51.37,0.0,83.15,12.96,13.25,13.42,0.26,
24,2026-02-09 08:00:00,2.82,1.2,272.0,0.0,73.25,15.02,15.87,16.65,0.48,
24,2026-02-09 09:00:00,2.45,1.13,494.4,0.0,64.76,17.51,18.25,19.05,0.74,
24,2026-02-09 10:00:00,2.82,1.5,686.2,0.0,58.25,19.56,20.49,21.38,1.01,
24,2026-02-09 11:00:00,3.95,1.83,838.0,0.0,50.49,22.12,22.89,23.68,1.39,
24,2026-02-09 12:00:00,5.22,2.99,942.0,0.0,45.71,24.12,24.79,25.39,1.7,
24,2026-02-09 13:00:00,6.8,3.66,987.0,0.0,43.36,25.52,26.08,26.89,1.92,
24,2026-02-09 14:00:00,5.6,3.4,991.0,0.0,36.88,27.06,27.71,28.34,2.35,
24,2026-02-09 15:00:00,5.15,2.8,947.0,0.0,32.66,28.74,29.29,29.72,2.75,
24,2026-02-09 16:00:00,5.0,2.71,845.0,0.0,30.19,29.92,30.08,30.23,2.98,
24,2026-02-09 17:00:00,4.62,2.4,686.5,0.0,29.32,30.32,30.51,30.62,3.09,
24,2026-02-09 18:00:00,4.62,2.59,483.3,0.0,30.46,29.69,29.9,30.16,2.94,
24,2026-02-09 19:00:00,4.4,2.25,266.3,0.0,32.98,28.77,29.11,29.46,2.7,
24,2026-02-09 20:00:00,2.82,1.36,24.58,0.0,39.69,25.52,26.84,27.84,2.14,
24,2026-02-09 21:00:00,2.98,1.02,0.17,0.0,48.98,24.07,24.29,24.76,1.55,
24,2026-02-09 22:00:00,2.82,0.46,0.0,0.0,54.8,21.51,22.31,23.65,1.22,
24,2026-02-09 23:00:00,1.32,0.08,0.0,0.0,61.44,19.28,20.1,20.93,0.91,
24,2026-02-10 00:00:00,0.65,0.01,0.0,0.0,68.37,17.13,18.0,19.26,0.66,
24,2026-02-10 01:00:00,0.5,0.0,0.0,0.0,73.13,15.7,16.18,16.66,0.5,
24,2026-02-10 02:00:00,0.95,0.03,0.0,0.0,76.52,14.73,15.12,15.49,0.4,
24,2026-02-10 03:00:00,4.25,1.21,0.0,0.0,67.66,14.51,16.64,18.42,0.63,
24,2026-02-10 04:00:00,4.4,1.97,0.0,0.0,63.36,17.76,18.05,18.3,0.76,
24,2026-02-10 05:00:00,4.92,2.32,0.0,0.0,66.42,16.91,17.17,17.5,0.66,
24,2026-02-10 06:00:00,2.3,0.29,0.28,0.0,74.45,14.24,15.42,16.31,0.45,
24,2026-02-10 07:00:00,1.78,0.13,45.34,0.0,78.54,13.57,14.0,14.59,0.35,
24,2026-02-10 08:00:00,3.95,0.97,253.8,0.0,67.17,15.65,16.74,17.63,0.63,
24,2026-02-10 09:00:00,3.65,1.76,479.4,0.0,60.53,18.13,18.94,19.68,0.87,
24,2026-02-10 10:00:00,3.88,1.96,669.4,0.0,55.56,19.92,20.49,20.98,1.07,
24,2026-02-10 11:00:00,4.92,2.47,823.0,0.0,50.8,21.48,22.21,22.77,1.32,
24,2026-02-10 12:00:00,4.25,2.31,927.0,0.0,46.82,23.48,24.23,25.03,1.61,
24,2026-02-10 13:00:00,4.92,2.27,968.0,0.0,43.17,25.37,26.01,26.72,1.91,
24,2026-02-10 14:00:00,5.15,2.45,970.0,0.0,40.07,26.92,27.33,27.89,2.18,
24,2026-02-10 15:00:00,4.55,2.24,937.0,0.0,36.74,28.23,28.53,28.89,2.47,
24,2026-02-10 16:00:00,4.47,2.04,832.0,0.0,26.45,29.06,30.03,30.55,3.13,
24,2026-02-10 17:00:00,5.15,2.5,714.1,0.0,22.91,30.17,30.38,30.65,3.35,
24,2026-02-10 18:00:00,6.72,3.04,482.8,0.0,26.8,27.37,28.19,29.26,2.8,
24,2026-02-10 19:00:00,5.38,3.03,272.5,0.0,27.65,25.39,26.16,26.99,2.48,
24,2026-02-10 20:00:00,5.6,2.47,25.07,0.0,33.46,21.51,22.56,23.62,1.83,
24,2026-02-10 21:00:00,4.1,2.27,0.14,0.0,37.56,20.12,20.51,21.03,1.51,
24,2026-02-10 22:00:00,4.62,2.62,0.0,0.0,42.57,18.89,19.26,19.78,1.29,
24,2026-02-10 23:00:00,5.45,3.08,0.0,0.0,49.12,18.41,18.79,19.06,1.11,
24,2026-02-11 00:00:00,5.22,3.32,0.0,0.0,55.96,17.39,17.76,18.15,0.9,
24,2026-02-11 01:00:00,4.92,2.09,0.0,0.0,63.56,15.94,16.56,17.0,0.69,
24,2026-02-11 02:00:00,2.0,0.66,0.0,0.0,69.8,13.82,14.73,15.47,0.51,
24,2026-02-11 03:00:00,1.18,0.11,0.0,0.0,71.63,12.26,12.67,13.29,0.42,
24,2026-02-11 04:00:00,1.32,0.14,0.0,0.0,78.21,10.17,10.78,11.56,0.28,
24,2026-02-11 05:00:00,3.72,0.49,0.0,0.0,82.36,10.23,11.01,12.91,0.23,
24,2026-02-11 06:00:00,4.7,2.12,0.17,0.0,81.3,12.95,13.14,13.28,0.29,
24,2026-02-11 07:00:00,4.03,1.58,38.7,0.0,81.31,12.02,12.51,12.83,0.27,
24,2026-02-11 08:00:00,5.15,2.22,266.1,0.0,75.92,12.8,13.67,14.42,0.38,
24,2026-02-11 09:00:00,6.35,3.6,498.1,0.0,71.66,14.74,15.24,16.08,0.5,
24,2026-02-11 10:00:00,6.2,3.31,695.3,0.0,61.59,16.49,17.54,18.57,0.78,
24,2026-02-11 11:00:00,7.25,3.81,851.0,0.0,51.81,19.06,20.05,20.85,1.13,
24,2026-02-11 12:00:00,7.02,4.09,953.0,0.0,46.01,21.14,22.0,22.75,1.43,
24,2026-02-11 13:00:00,6.5,4.06,996.0,0.0,40.28,23.04,23.63,24.2,1.74,
24,2026-02-11 14:00:00,6.58,3.74,996.0,0.0,35.35,25.01,25.29,25.82,2.09,
24,2026-02-11 15:00:00,6.5,3.88,963.0,0.0,30.27,26.12,26.68,27.04,2.44,
24,2026-02-11 16:00:00,6.2,3.72,858.0,0.0,28.31,27.11,27.37,27.53,2.61,
24,2026-02-11 17:00:00,6.35,3.88,697.1,0.0,26.39,27.25,27.41,27.54,2.69,
24,2026-02-11 18:00:00,6.42,3.72,501.8,0.0,25.86,26.63,26.9,27.19,2.63,
24,2026-02-11 19:00:00,6.42,3.63,280.6,0.0,26.32,24.32,25.34,26.29,2.39,
24,2026-02-11 20:00:00,5.45,3.24,23.09,0.0,29.39,21.87,22.62,23.43,1.94,
24,2026-02-11 21:00:00,5.68,2.95,0.1,0.0,33.39,20.45,21.06,21.47,1.67,
24,2026-02-11 22:00:00,4.78,2.74,0.0,0.0,40.57,18.57,19.0,19.36,1.31,
24,2026-02-11 23:00:00,4.47,2.28,0.0,0.0,41.76,17.98,18.08,18.21,1.21,
24,2026-02-12 00:00:00,5.52,2.48,0.0,0.0,42.13,17.51,17.54,17.61,1.16,
24,2026-02-12 01:00:00,5.38,2.84,0.0,0.0,43.2,16.97,17.17,17.4,1.11,
24,2026-02-12 02:00:00,5.9,3.39,0.0,0.0,50.58,15.38,16.08,16.66,0.91,
24,2026-02-12 03:00:00,5.45,2.55,0.0,0.0,61.28,13.83,14.38,14.91,0.63,
24,2026-02-12 04:00:00,3.28,1.51,0.0,0.0,66.68,13.01,13.19,13.51,0.51,
24,2026-02-12 05:00:00,4.85,2.35,0.0,0.0,68.71,12.68,12.82,13.0,0.47,
24,2026-02-12 06:00:00,3.5,0.77,0.15,0.0,71.42,11.5,11.98,12.5,0.4,
24,2026-02-12 07:00:00,3.35,0.93,36.7,0.0,71.43,11.1,11.41,11.68,0.39,
24,2026-02-12 08:00:00,3.8,1.05,257.0,0.0,62.97,12.32,13.6,14.41,0.58,
24,2026-02-12 09:00:00,5.22,2.66,480.8,0.0,54.81,14.85,15.72,16.59,0.81,
24,2026-02-12 10:00:00,5.38,3.12,671.4,0.0,47.51,17.26,17.89,18.51,1.08,
24,2026-02-12 11:00:00,4.55,2.67,832.0,0.0,40.92,18.91,20.1,21.37,1.4,
24,2026-02-12 12:00:00,6.95,3.32,934.0,0.0,34.47,21.97,22.82,23.64,1.82,
24,2026-02-12 13:00:00,5.98,3.58,978.0,0.0,28.7,24.06,24.67,25.5,2.22,
24,2026-02-12 14:00:00,6.5,3.93,979.0,0.0,21.75,25.88,26.6,27.38,2.73,
24,2026-02-12 15:00:00,6.05,3.47,948.0,0.0,15.82,27.87,28.31,28.7,3.24,
24,2026-02-12 16:00:00,5.6,3.35,842.0,0.0,18.75,28.85,29.17,29.37,3.29,
24,2026-02-12 17:00:00,6.42,3.36,680.7,0.0,20.71,29.07,29.27,29.48,3.23,
24,2026-02-12 18:00:00,5.68,3.33,480.7,0.0,22.26,28.4,28.69,28.93,3.06,
24,2026-02-12 19:00:00,5.38,2.96,267.3,0.0,25.05,26.9,27.52,28.02,2.76,
24,2026-02-12 20:00:00,4.4,2.55,22.88,0.0,29.21,24.42,25.23,26.09,2.28,
24,2026-02-12 21:00:00,3.88,2.12,0.08,0.0,33.16,22.35,23.39,24.04,1.93,
24,2026-02-12 22:00:00,3.95,2.18,0.0,0.0,37.43,21.22,21.53,22.09,1.61,
24,2026-02-12 23:00:00,4.03,2.52,0.0,0.0,35.76,21.03,21.27,21.43,1.62,
24,2026-02-13 00:00:00,4.1,2.04,0.0,0.0,38.97,19.53,19.9,20.59,1.42,
24,2026-02-13 01:00:00,5.3,2.33,0.0,0.0,36.52,19.24,19.55,19.96,1.44,
24,2026-02-13 02:00:00,4.85,2.68,0.0,0.0,35.18,18.08,18.65,19.19,1.39,
24,2026-02-13 03:00:00,5.15,2.14,0.0,0.0,36.19,16.59,17.56,18.0,1.29,
24,2026-02-13 04:00:00,3.05,1.24,0.0,0.0,42.94,15.66,15.88,16.15,1.03,
24,2026-02-13 05:00:00,3.28,0.89,0.0,0.0,43.1,14.73,15.26,15.63,0.99,
24,2026-02-13 06:00:00,1.78,0.27,0.12,0.0,49.46,12.59,13.64,14.37,0.79,
24,2026-02-13 07:00:00,1.85,0.43,41.92,0.0,49.15,13.13,13.49,13.83,0.79,
24,2026-02-13 08:00:00,4.18,1.67,258.9,0.0,46.47,13.99,14.97,15.61,0.91,
24,2026-02-13 09:00:00,4.62,2.59,484.3,0.0,41.43,16.22,17.18,18.34,1.15,
24,2026-02-13 10:00:00,4.1,2.07,679.9,0.0,37.25,18.87,20.07,21.09,1.48,
24,2026-02-13 11:00:00,3.42,1.57,836.0,0.0,32.66,21.94,23.06,24.23,1.91,
24,2026-02-13 12:00:00,4.55,2.17,945.0,0.0,29.22,24.75,25.67,26.76,2.34,
24,2026-02-13 13:00:00,6.05,3.31,994.0,0.0,25.34,27.0,27.78,28.54,2.79,
24,2026-02-13 14:00:00,5.68,3.41,993.0,0.0,20.12,28.92,29.54,30.06,3.3,
24,2026-02-13 15:00:00,6.72,3.61,959.0,0.0,20.62,30.04,30.27,30.52,3.42,
24,2026-02-13 16:00:00,6.2,3.35,805.0,0.0,20.34,30.66,31.06,31.22,3.59,
24,2026-02-13 17:00:00,5.82,3.44,666.5,0.0,18.86,31.19,31.29,31.34,3.71,
24,2026-02-13 18:00:00,6.12,3.35,494.4,0.0,19.23,30.37,30.67,30.99,3.56,
24,2026-02-13 19:00:00,5.15,2.85,274.7,0.0,20.42,28.79,29.42,30.08,3.27,
24,2026-02-13 20:00:00,3.72,2.14,19.9,0.0,23.39,26.22,27.01,27.79,2.74,
24,2026-02-13 21:00:00,2.98,1.48,0.06,0.0,31.86,23.09,23.64,24.78,1.99,
24,2026-02-13 22:00:00,3.95,1.93,0.0,0.0,29.39,22.81,23.11,23.44,2.0,
24,2026-02-13 23:00:00,2.75,0.51,0.0,0.0,40.42,17.05,20.15,23.08,1.45,
24,2026-02-14 00:00:00,5.45,2.68,0.0,0.0,34.64,17.63,20.83,22.08,1.62,
24,2026-02-14 01:00:00,6.28,3.3,0.0,0.0,42.99,19.9,20.5,21.22,1.38,
24,2026-02-14 02:00:00,5.98,2.96,0.0,0.0,47.32,18.99,19.37,19.6,1.19,
24,2026-02-14 03:00:00,5.98,3.03,0.0,0.0,52.39,17.88,18.24,18.71,1.0,
24,2026-02-14 04:00:00,4.92,2.5,0.0,0.0,57.96,16.64,17.13,17.68,0.82,
24,2026-02-14 05:00:00,3.65,1.43,0.0,0.0,58.27,15.81,16.18,16.62,0.77,
24,2026-02-14 06:00:00,1.92,0.21,0.06,0.0,58.71,14.3,15.33,16.26,0.72,
24,2026-02-14 07:00:00,2.75,0.24,25.33,0.0,64.24,13.75,14.13,14.99,0.58,
24,2026-02-14 08:00:00,4.62,1.46,286.3,0.0,63.24,14.13,15.45,16.71,0.65,
24,2026-02-14 09:00:00,4.1,2.04,261.4,0.0,63.03,16.9,17.2,17.58,0.73,
24,2026-02-14 10:00:00,5.22,2.18,412.2,0.0,56.08,18.22,19.13,19.67,0.98,
24,2026-02-14 11:00:00,4.55,2.37,436.9,0.0,54.11,19.88,20.41,20.97,1.1,
24,2026-02-14 12:00:00,3.28,1.63,701.0,0.0,44.42,22.11,22.81,23.33,1.55,
24,2026-02-14 13:00:00,2.45,1.27,584.7,0.0,36.4,23.78,24.14,24.56,1.92,
24,2026-02-14 14:00:00,2.52,0.8,711.2,0.0,33.74,25.04,26.04,27.09,2.24,
24,2026-02-14 15:00:00,2.0,0.68,450.5,0.0,34.2,26.65,26.85,27.26,2.33,
24,2026-02-14 16:00:00,1.92,0.48,485.8,0.0,27.64,27.4,28.05,28.81,2.75,
24,2026-02-14 17:00:00,2.22,0.79,614.1,0.0,22.61,28.55,29.31,29.66,3.16,
24,2026-02-14 18:00:00,2.82,0.79,405.9,0.0,25.83,29.68,29.92,30.25,3.13,
24,2026-02-14 19:00:00,1.7,0.39,274.5,0.0,28.36,28.95,29.27,29.53,2.92,
24,2026-02-14 20:00:00,4.92,1.8,65.01,0.0,36.93,24.11,25.8,28.17,2.12,
24,2026-02-14 21:00:00,2.15,0.44,0.06,0.0,45.35,21.45,22.63,23.67,1.51,
24,2026-02-14 22:00:00,1.92,0.43,0.0,0.0,51.15,19.4,20.12,20.57,1.15,
24,2026-02-14 23:00:00,1.85,0.17,0.0,0.0,60.29,16.67,17.93,18.94,0.83,
24,2026-02-15 00:00:00,1.02,0.06,0.0,0.0,69.81,14.16,15.0,15.78,0.51,
24,2026-02-15 01:00:00,0.65,0.03,0.0,0.0,72.84,12.71,13.22,13.94,0.42,
24,2026-02-15 02:00:00,0.0,0.0,0.0,0.0,77.83,11.84,12.25,12.68,0.32,
24,2026-02-15 03:00:00,0.28,0.0,0.0,0.0,80.67,10.83,11.22,11.63,0.26,
24,2026-02-15 04:00:00,0.5,0.0,0.0,0.0,81.65,10.3,10.5,10.75,0.23,
24,2026-02-15 05:00:00,0.0,0.0,0.0,0.0,83.08,9.68,9.96,10.21,0.21,
24,2026-02-15 06:00:00,0.5,0.0,0.04,0.0,85.03,9.52,9.6,9.74,0.18,
24,2026-02-15 07:00:00,0.8,0.04,36.45,0.0,85.63,9.01,9.21,9.42,0.17,
24,2026-02-15 08:00:00,1.55,0.2,251.8,0.0,69.07,11.22,13.86,15.53,0.5,
24,2026-02-15 09:00:00,2.9,0.99,463.7,0.0,60.59,15.87,17.13,18.45,0.78,
24,2026-02-15 10:00:00,2.98,1.07,656.2,0.0,51.32,19.28,20.11,20.95,1.15,
24,2026-02-15 11:00:00,2.98,1.02,809.0,0.0,44.39,21.85,22.59,23.42,1.53,
24,2026-02-15 12:00:00,3.88,1.23,908.0,0.0,39.64,24.28,25.0,25.66,1.92,
24,2026-02-15 13:00:00,3.58,1.52,957.0,0.0,35.66,26.15,27.05,27.95,2.3,
24,2026-02-15 14:00:00,3.58,1.42,959.0,0.0,33.5,28.24,28.83,29.28,2.64,
24,2026-02-15 15:00:00,3.35,1.35,917.0,0.0,30.55,29.68,30.04,30.44,2.96,
24,2026-02-15 16:00:00,4.03,1.34,820.0,0.0,26.47,30.99,31.52,32.02,3.41,
24,2026-02-15 17:00:00,5.08,2.31,664.4,0.0,26.12,31.2,31.37,31.78,3.39,
24,2026-02-15 18:00:00,4.47,2.27,452.7,0.0,24.25,30.16,30.45,30.88,3.3,
24,2026-02-15 19:00:00,4.78,2.42,244.2,0.0,27.14,27.62,29.02,29.92,2.93,
24,2026-02-15 20:00:00,4.4,1.38,23.96,0.0,35.28,24.72,25.78,26.83,2.15,
24,2026-02-15 21:00:00,2.22,0.59,0.03,0.0,41.73,22.64,23.32,24.21,1.67,
24,2026-02-15 22:00:00,1.4,0.32,0.0,0.0,46.42,19.61,20.62,21.92,1.31,
24,2026-02-15 23:00:00,0.88,0.04,0.0,0.0,56.75,16.74,18.01,19.11,0.9,
24,2026-02-16 00:00:00,1.02,0.06,0.0,0.0,67.31,14.02,14.99,16.01,0.56,
24,2026-02-16 01:00:00,0.8,0.03,0.0,0.0,69.81,12.71,13.17,13.76,0.46,
24,2026-02-16 02:00:00,0.0,0.0,0.0,0.0,71.5,11.76,12.27,12.71,0.41,
24,2026-02-16 03:00:00,0.88,0.02,0.0,0.0,76.16,10.77,11.07,11.53,0.32,
24,2026-02-16 04:00:00,0.42,0.01,0.0,0.0,77.87,10.08,10.33,10.63,0.28,
24,2026-02-16 05:00:00,0.8,0.02,0.0,0.0,80.04,9.27,9.54,9.85,0.24,
24,2026-02-16 06:00:00,0.65,0.01,0.06,0.0,82.4,8.86,9.04,9.2,0.2,
24,2026-02-16 07:00:00,0.42,0.0,35.68,0.0,82.32,8.64,8.75,9.0,0.2,
24,2026-02-16 08:00:00,1.62,0.24,248.6,0.0,64.8,10.52,12.97,14.68,0.54,
24,2026-02-16 09:00:00,2.38,0.71,466.5,0.0,54.3,15.27,16.47,17.82,0.86,
24,2026-02-16 10:00:00,2.0,0.47,661.0,0.0,43.62,18.89,20.12,21.58,1.33,
24,2026-02-16 11:00:00,2.82,1.0,814.0,0.0,38.09,22.54,23.12,23.83,1.75,
24,2026-02-16 12:00:00,3.12,1.23,916.0,0.0,35.61,24.23,25.2,26.14,2.07,
24,2026-02-16 13:00:00,2.82,1.17,963.0,0.0,30.51,26.64,27.74,28.75,2.59,
24,2026-02-16 14:00:00,4.1,1.14,966.0,0.0,24.13,28.9,29.59,30.37,3.15,
24,2026-02-16 15:00:00,3.58,1.59,938.0,0.0,18.42,31.26,31.55,31.95,3.78,
24,2026-02-16 16:00:00,4.4,1.72,838.0,0.0,18.14,31.8,32.23,32.5,3.94,
24,2026-02-16 17:00:00,4.85,2.04,675.6,0.0,17.6,32.1,32.21,32.46,3.97,
24,2026-02-16 18:00:00,4.03,2.18,476.9,0.0,17.08,31.07,31.33,31.73,3.8,
24,2026-02-16 19:00:00,3.35,1.33,248.6,0.0,16.77,29.69,30.46,30.79,3.63,
24,2026-02-16 20:00:00,3.72,1.26,25.01,0.0,27.51,25.15,27.02,28.47,2.6,
24,2026-02-16 21:00:00,1.92,0.25,0.01,0.0,37.13,20.68,23.18,25.07,1.81,
24,2026-02-16 22:00:00,1.7,0.5,0.0,0.0,44.32,18.9,19.49,19.75,1.26,
24,2026-02-16 23:00:00,2.0,0.44,0.0,0.0,39.57,16.86,18.52,19.65,1.3,
24,2026-02-17 00:00:00,2.22,0.55,0.0,0.0,38.29,16.54,17.32,18.26,1.22,
24,2026-02-17 01:00:00,1.32,0.07,0.0,0.0,52.94,12.89,14.52,16.41,0.79,
24,2026-02-17 02:00:00,0.95,0.05,0.0,0.0,60.93,11.52,12.25,12.74,0.56,
24,2026-02-17 03:00:00,1.02,0.04,0.0,0.0,66.19,10.53,10.9,11.28,0.44,
24,2026-02-17 04:00:00,0.8,0.07,0.0,0.0,68.3,9.28,9.8,10.42,0.39,
24,2026-02-17 05:00:00,1.55,0.11,0.0,0.0,66.27,9.08,9.36,9.84,0.4,
24,2026-02-17 06:00:00,1.1,0.15,0.04,0.0,69.19,8.96,9.54,10.29,0.37,
24,2026-02-17 07:00:00,1.18,0.09,35.34,0.0,70.93,8.28,8.7,9.06,0.33,
24,2026-02-17 08:00:00,1.92,0.3,257.0,0.0,51.01,11.22,14.09,16.29,0.81,
24,2026-02-17 09:00:00,1.92,0.67,474.3,0.0,42.94,17.18,18.08,19.2,1.19,
24,2026-02-17 10:00:00,2.6,0.73,670.3,0.0,34.54,20.03,21.22,22.31,1.66,
24,2026-02-17 11:00:00,2.82,1.35,829.0,0.0,28.78,22.7,23.59,24.55,2.08,
24,2026-02-17 12:00:00,3.65,1.85,948.0,0.0,26.38,25.13,26.07,26.8,2.49,
24,2026-02-17 13:00:00,4.03,1.98,985.0,0.0,19.94,27.43,27.99,28.66,3.03,
24,2026-02-17 14:00:00,5.15,2.64,1024.0,0.0,19.13,29.17,29.64,30.22,3.36,
24,2026-02-17 15:00:00,5.45,3.12,1047.0,0.0,19.92,29.89,30.39,30.94,3.48,
24,2026-02-17 16:00:00,5.9,3.34,923.0,0.0,19.28,30.94,31.07,31.2,3.64,
24,2026-02-17 17:00:00,5.82,3.54,754.3,0.0,19.84,30.33,30.81,31.2,3.56,
24,2026-02-17 18:00:00,6.35,3.83,582.9,0.0,21.14,29.76,30.05,30.29,3.36,
24,2026-02-17 19:00:00,5.45,3.15,303.9,0.0,23.42,28.53,29.06,29.43,3.08,
24,2026-02-17 20:00:00,3.8,2.14,45.77,0.0,25.41,26.35,27.24,28.04,2.7,
24,2026-02-17 21:00:00,3.8,1.69,0.02,0.0,34.38,23.43,24.2,25.63,1.99,
24,2026-02-17 22:00:00,7.7,3.99,0.0,0.0,53.07,21.55,22.78,23.56,1.32,
24,2026-02-17 23:00:00,6.88,3.93,0.0,0.0,69.59,19.83,20.48,21.11,0.73,
24,2026-02-18 00:00:00,4.62,2.24,0.0,0.0,75.37,18.44,18.92,19.44,0.54,
24,2026-02-18 01:00:00,3.95,1.72,0.0,0.0,77.93,17.84,18.1,18.34,0.46,
24,2026-02-18 02:00:00,2.52,0.77,0.0,0.0,78.6,16.51,17.07,17.58,0.42,
24,2026-02-18 03:00:00,5.52,2.26,0.0,0.0,78.06,15.98,17.34,18.24,0.44,
24,2026-02-18 04:00:00,5.75,2.95,0.0,0.0,81.98,16.46,16.77,17.12,0.35,
24,2026-02-18 05:00:00,6.58,3.2,0.0,0.0,78.84,16.41,16.58,16.72,0.4,
24,2026-02-18 06:00:00,6.2,2.7,0.03,0.0,84.43,14.98,15.64,16.17,0.28,
24,2026-02-18 07:00:00,4.03,1.47,32.24,0.0,85.95,14.23,14.52,14.7,0.23,
24,2026-02-18 08:00:00,3.28,0.64,255.7,0.0,72.69,15.35,16.35,16.82,0.51,
24,2026-02-18 09:00:00,4.03,1.82,467.1,0.0,65.76,17.08,18.11,18.96,0.72,
24,2026-02-18 10:00:00,5.3,2.99,660.2,0.0,60.87,19.52,19.95,20.37,0.91,
24,2026-02-18 11:00:00,5.98,3.28,814.0,0.0,52.2,21.06,21.95,22.78,1.26,
24,2026-02-18 12:00:00,5.75,3.24,917.0,0.0,45.29,23.11,23.86,24.58,1.62,
24,2026-02-18 13:00:00,6.12,3.62,962.0,0.0,38.43,25.23,25.77,26.2,2.04,
24,2026-02-18 14:00:00,5.82,3.47,963.0,0.0,35.85,26.4,27.04,27.45,2.3,
24,2026-02-18 15:00:00,5.22,2.39,926.0,0.0,31.73,27.98,28.75,29.38,2.7,
24,2026-02-18 16:00:00,3.72,1.71,817.0,0.0,28.76,29.63,30.07,30.6,3.04,
24,2026-02-18 17:00:00,3.95,1.52,657.2,0.0,28.07,30.63,30.84,30.91,3.2,
24,2026-02-18 18:00:00,3.35,1.58,454.4,0.0,29.43,30.65,30.74,30.89,3.13,
24,2026-02-18 19:00:00,3.95,2.01,243.3,0.0,29.13,26.82,28.81,30.66,2.82,
24,2026-02-18 20:00:00,2.82,0.6,21.38,0.0,36.23,23.16,24.48,25.81,1.97,
24,2026-02-18 21:00:00,2.22,0.37,0.01,0.0,42.2,20.8,21.76,22.62,1.51,
24,2026-02-18 22:00:00,3.5,0.48,0.0,0.0,47.22,19.43,19.73,20.06,1.21,
24,2026-02-18 23:00:00,4.55,2.33,0.0,0.0,47.03,19.19,19.56,20.02,1.21,
24,2026-02-19 00:00:00,3.58,1.23,0.0,0.0,49.97,18.74,19.12,19.36,1.11,
24,2026-02-19 01:00:00,2.52,0.23,0.0,0.0,58.58,15.33,16.18,17.11,0.77,
24,2026-02-19 02:00:00,4.55,2.32,0.0,0.0,52.03,18.03,18.33,18.6,1.01,
24,2026-02-19 03:00:00,4.32,2.12,0.0,0.0,56.08,16.89,17.37,17.85,0.87,
24,2026-02-19 04:00:00,4.55,2.47,0.0,0.0,60.94,15.81,16.17,16.57,0.72,
24,2026-02-19 05:00:00,4.1,1.43,0.0,0.0,66.19,14.42,14.92,15.44,0.58,
24,2026-02-19 06:00:00,2.52,0.4,0.02,0.0,69.97,13.3,13.84,14.24,0.47,
24,2026-02-19 07:00:00,1.25,0.05,29.16,0.0,78.06,11.6,11.84,12.21,0.31,
24,2026-02-19 08:00:00,2.52,1.03,244.8,0.0,67.81,12.71,13.78,14.48,0.51,
24,2026-02-19 09:00:00,3.2,1.63,458.6,0.0,59.26,15.16,16.39,17.6,0.76,
24,2026-02-19 10:00:00,3.35,1.51,654.0,0.0,53.24,17.96,18.93,20.09,1.03,
24,2026-02-19 11:00:00,3.28,1.38,810.0,0.0,44.5,21.15,22.36,23.74,1.51,
24,2026-02-19 12:00:00,4.1,2.0,916.0,0.0,40.14,23.94,24.79,25.7,1.88,
24,2026-02-19 13:00:00,4.55,2.11,961.0,0.0,34.08,26.71,27.4,28.22,2.41,
24,2026-02-19 14:00:00,4.78,2.53,962.0,0.0,30.02,28.85,29.46,30.05,2.88,
24,2026-02-19 15:00:00,5.08,2.71,922.0,0.0,27.84,30.54,30.9,31.23,3.23,
24,2026-02-19 16:00:00,5.45,2.62,822.0,0.0,26.59,31.55,31.9,32.28,3.47,
24,2026-02-19 17:00:00,4.62,2.55,664.4,0.0,23.76,32.3,32.51,32.62,3.73,
24,2026-02-19 18:00:00,4.62,2.11,455.5,0.0,23.91,32.15,32.38,32.48,3.7,
24,2026-02-19 19:00:00,3.65,1.76,232.1,0.0,27.06,30.18,31.25,31.99,3.33,
24,2026-02-19 20:00:00,2.45,0.73,20.94,0.0,33.57,25.6,27.45,29.17,2.44,
24,2026-02-19 21:00:00,2.08,0.56,0.01,0.0,35.69,23.78,25.32,26.49,2.09,
24,2026-02-19 22:00:00,1.1,0.22,0.0,0.0,46.9,20.11,21.14,22.51,1.34,
24,2026-02-19 23:00:00,0.8,0.02,0.0,0.0,56.68,17.71,18.43,19.29,0.92,
24,2026-02-20 00:00:00,0.95,0.12,0.0,0.0,56.6,16.51,16.97,17.3,0.84,
24,2026-02-20 01:00:00,0.88,0.11,0.0,0.0,59.23,15.65,16.01,16.36,0.74,
24,2026-02-20 02:00:00,1.25,0.14,0.0,0.0,60.42,15.41,15.58,15.9,0.7,
24,2026-02-20 03:00:00,1.48,0.38,0.0,0.0,61.48,15.14,15.39,15.66,0.68,
24,2026-02-20 04:00:00,1.48,0.18,0.0,0.0,66.34,14.46,15.26,15.96,0.59,
24,2026-02-20 05:00:00,0.72,0.02,0.0,0.0,73.65,12.77,13.29,13.91,0.41,
24,2026-02-20 06:00:00,0.95,0.04,0.02,0.0,77.02,12.47,12.64,13.08,0.33,
24,2026-02-20 07:00:00,1.25,0.23,16.59,0.0,77.04,13.47,13.59,13.69,0.36,
24,2026-02-20 08:00:00,2.08,0.61,194.3,0.0,72.46,13.67,14.43,14.83,0.45,
24,2026-02-20 09:00:00,2.68,0.97,428.4,0.0,70.6,15.14,15.59,16.5,0.52,
24,2026-02-20 10:00:00,3.42,1.03,643.2,0.0,59.98,17.42,18.46,19.15,0.85,
24,2026-02-20 11:00:00,3.2,1.3,786.2,0.0,53.85,19.27,20.31,21.5,1.11,
24,2026-02-20 12:00:00,3.8,1.59,891.0,0.0,45.87,22.4,23.0,23.59,1.52,
24,2026-02-20 13:00:00,3.95,1.91,934.0,0.0,40.23,24.2,24.92,25.33,1.88,
24,2026-02-20 14:00:00,3.8,1.68,936.0,0.0,37.39,25.83,26.45,26.92,2.16,
24,2026-02-20 15:00:00,3.65,1.6,895.0,0.0,35.15,27.39,27.9,28.43,2.44,
24,2026-02-20 16:00:00,4.03,2.0,793.6,0.0,34.76,28.42,28.65,28.94,2.56,
24,2026-02-20 17:00:00,4.47,2.13,641.6,0.0,34.76,28.67,29.06,29.26,2.62,
24,2026-02-20 18:00:00,5.08,1.98,443.3,0.0,34.07,28.17,28.42,28.54,2.55,
24,2026-02-20 19:00:00,3.8,1.13,228.7,0.0,34.3,26.18,27.23,28.2,2.38,
24,2026-02-20 20:00:00,1.85,0.22,21.3,0.0,41.69,22.5,23.91,25.25,1.74,
24,2026-02-20 21:00:00,1.18,0.15,0.01,0.0,52.4,19.17,20.25,21.6,1.14,
24,2026-02-20 22:00:00,0.95,0.05,0.0,0.0,61.99,16.93,17.62,18.58,0.77,
24,2026-02-20 23:00:00,0.57,0.02,0.0,0.0,66.72,15.15,15.68,16.27,0.59,
24,2026-02-21 00:00:00,0.8,0.04,0.0,0.0,70.7,14.02,14.54,15.01,0.49,
24,2026-02-21 01:00:00,1.02,0.05,0.0,0.0,75.66,12.87,13.32,13.65,0.37,
24,2026-02-21 02:00:00,0.0,0.0,0.0,0.0,81.2,11.91,12.17,12.38,0.27,
24,2026-02-21 03:00:00,0.57,0.0,0.0,0.0,83.13,11.15,11.37,11.63,0.23,
24,2026-02-21 04:00:00,1.1,0.09,0.0,0.0,85.7,10.64,10.96,11.28,0.19,
24,2026-02-21 05:00:00,1.48,0.13,0.0,0.0,86.65,10.83,11.02,11.3,0.18,
24,2026-02-21 06:00:00,0.8,0.04,0.0,0.0,87.83,10.36,10.53,10.63,0.16,
24,2026-02-21 07:00:00,0.5,0.01,31.54,0.0,88.48,10.02,10.11,10.28,0.14,
24,2026-02-21 08:00:00,1.32,0.17,233.5,0.0,72.86,11.52,13.95,15.93,0.44,
24,2026-02-21 09:00:00,2.52,0.91,443.4,0.0,65.72,16.69,17.65,18.56,0.69,
24,2026-02-21 10:00:00,2.3,0.87,637.0,0.0,55.56,19.7,20.94,22.04,1.11,
24,2026-02-21 11:00:00,2.75,0.89,792.2,0.0,47.84,22.99,23.7,24.74,1.53,
24,2026-02-21 12:00:00,2.45,0.97,895.0,0.0,40.67,25.54,26.24,27.42,2.03,
24,2026-02-21 13:00:00,2.9,0.97,942.0,0.0,35.38,28.6,28.98,29.16,2.59,
24,2026-02-21 14:00:00,3.8,1.46,944.0,0.0,34.25,29.93,30.2,30.5,2.82,
24,2026-02-21 15:00:00,4.62,2.09,898.0,0.0,31.81,30.67,31.04,31.37,3.07,
24,2026-02-21 16:00:00,4.85,1.98,794.9,0.0,31.14,31.59,31.77,31.96,3.23,
24,2026-02-21 17:00:00,3.95,1.53,602.6,0.0,29.14,31.95,32.08,32.29,3.38,
24,2026-02-21 18:00:00,3.88,1.55,432.3,0.0,29.14,31.71,31.95,32.22,3.36,
24,2026-02-21 19:00:00,4.4,1.91,214.1,0.0,31.85,29.11,30.31,31.39,2.95,
24,2026-02-21 20:00:00,3.58,0.51,22.95,0.0,40.44,25.54,26.94,28.13,2.13,
24,2026-02-21 21:00:00,0.8,0.03,0.01,0.0,53.89,21.57,23.01,24.7,1.31,
24,2026-02-21 22:00:00,1.4,0.06,0.0,0.0,60.01,19.78,20.13,20.76,0.94,
24,2026-02-21 23:00:00,1.1,0.12,0.0,0.0,63.5,18.15,18.93,20.36,0.8,
24,2026-02-22 00:00:00,0.8,0.06,0.0,0.0,70.32,16.18,16.71,17.38,0.57,
24,2026-02-22 01:00:00,0.57,0.0,0.0,0.0,73.48,15.09,15.56,16.05,0.47,
24,2026-02-22 02:00:00,0.0,0.0,0.0,0.0,76.55,14.53,14.81,14.95,0.4,
24,2026-02-22 03:00:00,1.1,0.04,0.0,0.0,80.0,13.24,13.8,14.35,0.32,
24,2026-02-22 04:00:00,0.0,0.0,0.0,0.0,81.38,12.71,12.94,13.13,0.28,
24,2026-02-22 05:00:00,0.0,0.0,0.0,0.0,84.43,11.97,12.22,12.49,0.22,
24,2026-02-22 06:00:00,0.65,0.01,0.0,0.0,85.5,11.49,11.56,11.66,0.2,
24,2026-02-22 07:00:00,0.8,0.02,23.71,0.0,87.9,10.59,10.79,11.05,0.16,
24,2026-02-22 08:00:00,0.72,0.02,233.5,0.0,72.46,12.36,15.27,17.71,0.49,
24,2026-02-22 09:00:00,2.15,0.31,447.2,0.0,58.54,18.3,19.85,21.23,0.97,
24,2026-02-22 10:00:00,2.52,1.16,640.7,0.0,52.76,21.23,22.51,23.8,1.29,
24,2026-02-22 11:00:00,2.98,1.5,795.4,0.0,45.95,24.44,25.43,26.55,1.76,
24,2026-02-22 12:00:00,3.72,1.7,896.0,0.0,39.14,27.09,27.89,28.73,2.29,
24,2026-02-22 13:00:00,4.1,1.82,948.0,0.0,33.35,29.25,29.94,30.63,2.82,
24,2026-02-22 14:00:00,4.25,2.14,947.0,0.0,29.52,31.18,31.67,32.12,3.29,
24,2026-02-22 15:00:00,4.55,2.27,899.0,0.0,30.8,32.42,32.56,32.69,3.4,
24,2026-02-22 16:00:00,4.32,2.42,782.5,0.0,30.29,32.68,32.84,33.16,3.48,
24,2026-02-22 17:00:00,4.7,2.35,623.0,0.0,30.24,32.95,33.02,33.05,3.51,
24,2026-02-22 18:00:00,4.55,2.0,427.2,0.0,29.74,32.74,32.79,32.84,3.49,
24,2026-02-22 19:00:00,4.1,1.49,218.7,0.0,26.56,30.3,31.59,32.6,3.42,
24,2026-02-22 20:00:00,3.42,0.86,20.59,0.0,33.74,26.83,28.15,29.49,2.54,
24,2026-02-22 21:00:00,1.78,0.18,0.0,0.0,42.88,23.34,24.9,26.47,1.81,
24,2026-02-22 22:00:00,1.1,0.06,0.0,0.0,53.87,20.69,21.82,23.08,1.21,
24,2026-02-22 23:00:00,0.88,0.02,0.0,0.0,59.76,19.06,19.62,20.06,0.92,
24,2026-02-23 00:00:00,0.95,0.04,0.0,0.0,64.04,17.73,18.43,18.81,0.76,
24,2026-02-23 01:00:00,1.02,0.04,0.0,0.0,67.69,16.21,16.81,17.31,0.62,
24,2026-02-23 02:00:00,0.72,0.03,0.0,0.0,71.82,14.74,15.23,15.73,0.49,
24,2026-02-23 03:00:00,0.57,0.01,0.0,0.0,74.48,13.87,14.31,14.69,0.42,
24,2026-02-23 04:00:00,0.57,0.02,0.0,0.0,78.81,12.91,13.42,13.76,0.33,
24,2026-02-23 05:00:00,0.0,0.0,0.0,0.0,81.7,12.23,12.5,12.7,0.27,
24,2026-02-23 06:00:00,0.72,0.01,0.0,0.0,84.2,11.24,11.49,11.79,0.21,
24,2026-02-23 07:00:00,0.8,0.02,20.47,0.0,85.43,11.1,11.31,11.41,0.2,
24,2026-02-23 08:00:00,1.4,0.12,224.0,0.0,72.73,12.43,14.76,16.36,0.46,
24,2026-02-23 09:00:00,1.92,0.6,433.9,0.0,64.31,16.68,18.04,19.62,0.75,
24,2026-02-23 10:00:00,2.9,1.1,629.3,0.0,53.07,20.41,21.74,23.22,1.23,
24,2026-02-23 11:00:00,3.95,2.21,780.1,0.0,45.51,23.56,24.35,25.14,1.66,
24,2026-02-23 12:00:00,4.55,2.35,888.0,0.0,40.43,25.5,26.42,27.13,2.06,
24,2026-02-23 13:00:00,4.85,2.32,936.0,0.0,35.02,28.02,28.87,29.76,2.59,
24,2026-02-23 14:00:00,4.85,2.92,940.0,0.0,31.13,30.0,30.64,31.12,3.04,
24,2026-02-23 15:00:00,6.05,3.37,906.0,0.0,23.61,31.59,32.04,32.33,3.64,
24,2026-02-23 16:00:00,5.15,3.18,803.0,0.0,21.03,32.42,32.6,32.73,3.89,
24,2026-02-23 17:00:00,4.92,2.78,642.1,0.0,20.79,32.55,32.63,32.73,3.9,
24,2026-02-23 18:00:00,4.62,2.44,442.9,0.0,22.79,32.12,32.46,32.62,3.77,
24,2026-02-23 19:00:00,5.08,2.65,213.9,0.0,25.04,30.09,30.99,31.72,3.37,
24,2026-02-23 20:00:00,4.92,2.36,17.88,0.0,29.22,27.24,28.31,29.29,2.73,
24,2026-02-23 21:00:00,4.18,2.59,0.0,0.0,29.39,26.44,26.68,27.11,2.47,
24,2026-02-23 22:00:00,4.47,2.32,0.0,0.0,32.32,25.29,25.85,26.12,2.26,
24,2026-02-23 23:00:00,3.35,1.77,0.0,0.0,35.24,24.35,24.61,24.96,2.01,
24,2026-02-24 00:00:00,3.58,1.99,0.0,0.0,35.26,23.89,23.96,24.11,1.93,
24,2026-02-24 01:00:00,3.95,1.91,0.0,0.0,34.99,23.15,23.58,23.89,1.9,
24,2026-02-24 02:00:00,1.55,0.29,0.0,0.0,47.41,18.7,19.74,22.0,1.22,
24,2026-02-24 03:00:00,4.55,2.35,0.0,0.0,45.14,20.91,21.28,21.85,1.39,
24,2026-02-24 04:00:00,3.28,0.76,0.0,0.0,54.02,18.3,19.16,20.22,1.03,
24,2026-02-24 05:00:00,1.4,0.15,0.0,0.0,62.02,14.05,15.69,17.45,0.68,
24,2026-02-24 06:00:00,1.55,0.08,0.0,0.0,70.96,12.4,13.11,13.51,0.44,
24,2026-02-24 07:00:00,0.57,0.01,18.58,0.0,74.39,11.72,11.78,11.9,0.35,
24,2026-02-24 08:00:00,1.48,0.21,231.0,0.0,63.53,12.91,15.91,17.81,0.67,
24,2026-02-24 09:00:00,2.15,0.69,443.3,0.0,54.16,18.28,19.4,20.45,1.04,
24,2026-02-24 10:00:00,3.12,1.44,633.1,0.0,48.04,21.25,21.76,22.28,1.35,
24,2026-02-24 11:00:00,2.9,1.48,786.4,0.0,40.89,23.5,24.66,25.66,1.84,
24,2026-02-24 12:00:00,3.28,1.25,892.0,0.0,33.48,26.19,27.57,28.81,2.46,
24,2026-02-24 13:00:00,3.72,1.78,935.0,0.0,29.14,29.26,29.97,30.9,3.0,
24,2026-02-24 14:00:00,4.03,2.17,931.0,0.0,29.72,31.12,31.6,32.05,3.27,
24,2026-02-24 15:00:00,4.85,2.46,893.0,0.0,29.49,32.16,32.39,32.71,3.43,
24,2026-02-24 16:00:00,4.62,2.35,789.2,0.0,27.41,32.57,32.77,32.98,3.61,
24,2026-02-24 17:00:00,4.18,2.14,624.0,0.0,26.09,32.77,32.81,32.89,3.68,
24,2026-02-24 18:00:00,4.62,1.67,425.2,0.0,25.6,32.6,32.79,33.08,3.7,
24,2026-02-24 19:00:00,4.92,2.5,208.5,0.0,29.47,29.22,30.23,31.21,3.04,
24,2026-02-24 20:00:00,3.95,1.26,17.76,0.0,34.13,25.91,27.23,28.33,2.39,
24,2026-02-24 21:00:00,1.02,0.02,0.0,0.0,47.38,21.63,23.39,25.56,1.53,
24,2026-02-24 22:00:00,1.1,0.1,0.0,0.0,52.62,19.67,20.65,21.19,1.16,
24,2026-02-24 23:00:00,0.8,0.06,0.0,0.0,56.23,18.57,18.86,19.14,0.95,
24,2026-02-25 00:00:00,1.18,0.11,0.0,0.0,58.1,17.54,18.04,18.56,0.87,
24,2026-02-25 01:00:00,1.18,0.16,0.0,0.0,63.19,15.72,16.06,16.65,0.67,
24,2026-02-25 02:00:00,1.1,0.11,0.0,0.0,66.71,14.18,14.91,15.54,0.57,
24,2026-02-25 03:00:00,1.02,0.05,0.0,0.0,69.95,13.19,13.56,14.06,0.47,
24,2026-02-25 04:00:00,0.42,0.0,0.0,0.0,71.73,12.63,12.87,13.17,0.42,
24,2026-02-25 05:00:00,0.5,0.0,0.0,0.0,72.43,12.34,12.51,12.62,0.4,
24,2026-02-25 06:00:00,0.8,0.02,0.0,0.0,77.14,11.48,11.79,12.11,0.32,
24,2026-02-25 07:00:00,1.1,0.2,15.19,0.0,76.67,11.25,11.36,11.48,0.31,
24,2026-02-25 08:00:00,0.72,0.03,216.7,0.0,61.4,12.55,15.12,17.12,0.68,
24,2026-02-25 09:00:00,1.62,0.27,432.4,0.0,50.59,17.9,19.37,20.63,1.12,
24,2026-02-25 10:00:00,2.75,1.02,621.6,0.0,40.5,21.15,22.15,23.27,1.59,
24,2026-02-25 11:00:00,3.05,1.53,772.9,0.0,34.64,23.64,24.84,25.72,2.06,
24,2026-02-25 12:00:00,3.72,1.71,873.0,0.0,34.19,26.29,26.94,27.51,2.34,
24,2026-02-25 13:00:00,3.95,2.11,912.0,0.0,27.97,27.63,28.46,29.21,2.8,
24,2026-02-25 14:00:00,4.4,2.15,909.0,0.0,28.25,29.71,30.18,30.67,3.08,
24,2026-02-25 15:00:00,5.08,2.62,864.0,0.0,23.13,30.77,31.13,31.47,3.48,
24,2026-02-25 16:00:00,4.55,2.45,772.7,0.0,21.09,31.41,31.48,31.61,3.64,
24,2026-02-25 17:00:00,4.25,2.28,618.9,0.0,19.28,30.98,31.27,31.49,3.68,
24,2026-02-25 18:00:00,4.55,2.39,424.1,0.0,20.62,30.03,30.59,31.19,3.49,
24,2026-02-25 19:00:00,5.08,1.89,197.9,0.0,24.75,27.39,28.35,29.29,2.91,
24,2026-02-25 20:00:00,2.98,0.63,19.09,0.0,27.49,24.31,25.01,26.23,2.3,
24,2026-02-25 21:00:00,1.55,0.11,0.0,0.0,34.81,19.71,21.28,22.78,1.66,
24,2026-02-25 22:00:00,1.1,0.08,0.0,0.0,45.52,17.13,17.64,18.52,1.1,
24,2026-02-25 23:00:00,1.02,0.04,0.0,0.0,50.9,14.43,15.56,17.27,0.87,
24,2026-02-26 00:00:00,0.88,0.03,0.0,0.0,58.63,12.89,13.53,14.26,0.65,
24,2026-02-26 01:00:00,0.72,0.04,0.0,0.0,61.08,12.1,12.31,12.62,0.56,
24,2026-02-26 02:00:00,0.0,0.0,0.0,0.0,66.22,10.91,11.23,11.67,0.45,
24,2026-02-26 03:00:00,0.8,0.03,0.0,0.0,68.87,10.18,10.44,10.73,0.4,
24,2026-02-26 04:00:00,0.95,0.03,0.0,0.0,69.73,9.66,9.75,9.8,0.37,
24,2026-02-26 05:00:00,0.0,0.0,0.0,0.0,73.32,8.88,9.2,9.63,0.31,
24,2026-02-26 06:00:00,0.35,0.0,0.0,0.0,75.6,8.25,8.4,8.64,0.27,
24,2026-02-26 07:00:00,0.0,0.0,11.87,0.0,77.37,8.14,8.45,8.67,0.25,
24,2026-02-26 08:00:00,1.25,0.16,99.3,0.0,74.47,8.55,9.86,11.06,0.32,
24,2026-02-26 09:00:00,1.92,0.44,233.3,0.0,67.46,12.17,13.45,14.28,0.51,
24,2026-02-26 10:00:00,2.6,0.71,640.9,0.0,52.62,14.68,17.04,19.11,0.94,
24,2026-02-26 11:00:00,2.3,1.06,780.5,0.0,40.21,19.77,21.12,22.35,1.51,
24,2026-02-26 12:00:00,2.68,1.23,885.0,0.0,30.66,23.26,24.48,25.62,2.14,
24,2026-02-26 13:00:00,3.8,1.8,923.0,0.0,25.68,26.54,27.06,27.41,2.66,
24,2026-02-26 14:00:00,4.25,2.0,919.0,0.0,23.27,28.05,28.66,29.29,3.02,
24,2026-02-26 15:00:00,3.65,1.54,881.0,0.0,19.69,29.37,30.09,30.59,3.43,
24,2026-02-26 16:00:00,4.25,1.84,780.0,0.0,17.36,30.64,30.78,30.93,3.67,
24,2026-02-26 17:00:00,3.58,1.2,639.7,0.0,15.05,31.01,31.36,31.65,3.9,
24,2026-02-26 18:00:00,3.88,1.84,417.5,0.0,13.99,30.36,30.85,31.59,3.83,
24,2026-02-26 19:00:00,3.28,0.81,183.2,0.0,17.66,28.41,29.49,29.96,3.4,
24,2026-02-26 20:00:00,2.3,0.46,14.77,0.0,28.18,23.45,25.28,27.31,2.33,
24,2026-02-26 21:00:00,2.15,0.65,0.0,0.0,29.57,21.38,22.62,23.13,1.94,
24,2026-02-26 22:00:00,1.1,0.13,0.0,0.0,43.25,16.59,18.16,19.88,1.19,
24,2026-02-26 23:00:00,1.32,0.15,0.0,0.0,46.82,15.24,15.72,16.08,0.95,
24,2026-02-27 00:00:00,0.8,0.04,0.0,0.0,53.44,13.35,14.12,15.11,0.76,
24,2026-02-27 01:00:00,0.28,0.0,0.0,0.0,54.35,12.3,12.54,12.9,0.66,
24,2026-02-27 02:00:00,0.42,0.0,0.0,0.0,59.65,11.52,12.0,12.33,0.57,
24,2026-02-27 03:00:00,0.72,0.02,0.0,0.0,60.87,11.01,11.15,11.29,0.52,
24,2026-02-27 04:00:00,0.0,0.0,0.0,0.0,61.58,11.22,11.43,11.72,0.52,
24,2026-02-27 05:00:00,0.72,0.01,0.0,0.0,64.37,11.71,11.79,11.92,0.5,
24,2026-02-27 06:00:00,0.28,0.0,0.0,0.0,64.07,12.01,12.25,12.47,0.51,
24,2026-02-27 07:00:00,0.42,0.0,15.8,0.0,61.05,12.14,12.31,12.49,0.56,
24,2026-02-27 08:00:00,0.42,0.0,83.6,0.0,54.49,13.01,13.83,14.81,0.72,
24,2026-02-27 09:00:00,1.7,0.46,423.7,0.0,44.78,15.68,16.86,18.44,1.07,
24,2026-02-27 10:00:00,2.38,1.0,532.6,0.0,36.92,18.71,19.45,20.46,1.43,
24,2026-02-27 11:00:00,3.65,1.75,785.5,0.0,31.85,20.94,21.98,23.3,1.81,
24,2026-02-27 12:00:00,4.7,2.21,926.0,0.0,29.43,23.83,24.56,25.24,2.18,
24,2026-02-27 13:00:00,5.22,2.73,1012.0,0.0,27.14,24.97,25.39,25.7,2.36,
24,2026-02-27 14:00:00,4.7,2.01,978.0,0.0,24.5,26.23,27.17,27.94,2.72,
24,2026-02-27 15:00:00,3.65,1.65,931.0,0.0,22.59,28.04,28.82,29.31,3.07,
24,2026-02-27 16:00:00,4.32,1.84,733.8,0.0,22.89,28.74,28.81,28.89,3.05,
24,2026-02-27 17:00:00,3.58,1.6,663.1,0.0,21.79,29.12,29.37,29.61,3.2,
24,2026-02-27 18:00:00,3.12,1.18,259.7,0.0,23.71,28.25,28.42,28.69,2.96,
24,2026-02-27 19:00:00,1.7,0.37,117.9,0.0,26.57,27.03,27.75,28.07,2.74,
24,2026-02-27 20:00:00,3.88,1.15,35.49,0.0,38.22,23.39,24.81,26.3,1.95,
24,2026-02-27 21:00:00,4.47,2.13,0.0,0.0,51.36,21.2,21.88,22.33,1.28,
24,2026-02-27 22:00:00,4.03,1.32,0.0,0.0,61.05,19.13,20.05,20.86,0.92,
24,2026-02-27 23:00:00,1.7,0.19,0.0,0.0,70.59,16.84,17.96,18.86,0.61,
24,2026-02-28 00:00:00,0.88,0.05,0.0,0.0,75.29,14.86,15.35,16.15,0.43,
24,2026-02-28 01:00:00,0.8,0.01,0.0,0.0,77.72,13.64,14.07,14.58,0.36,
24,2026-02-28 02:00:00,1.1,0.06,0.0,0.0,81.53,12.38,12.94,13.41,0.28,
24,2026-02-28 03:00:00,1.02,0.02,0.0,0.0,83.03,11.73,12.02,12.22,0.24,
24,2026-02-28 04:00:00,0.28,0.0,0.0,0.0,86.03,10.96,11.23,11.43,0.19,
24,2026-02-28 05:00:00,0.0,0.0,0.0,0.0,86.83,10.21,10.53,10.9,0.17,
24,2026-02-28 06:00:00,0.57,0.01,0.0,0.0,87.68,10.15,10.29,10.39,0.16,
24,2026-02-28 07:00:00,0.72,0.01,14.58,0.0,85.68,9.86,10.12,10.28,0.18,
24,2026-02-28 08:00:00,0.72,0.02,219.2,0.0,71.43,10.47,13.56,16.57,0.46,
24,2026-02-28 09:00:00,1.18,0.11,431.4,0.0,58.84,16.89,18.64,20.19,0.89,
24,2026-02-28 10:00:00,2.38,0.77,625.0,0.0,51.78,20.87,21.34,21.89,1.23,
24,2026-02-28 11:00:00,2.45,0.73,779.4,0.0,39.0,22.89,24.14,25.28,1.85,
24,2026-02-28 12:00:00,3.2,1.16,878.0,0.0,30.55,25.99,26.93,27.51,2.47,
24,2026-02-28 13:00:00,4.7,1.97,919.0,0.0,30.35,27.7,28.36,28.89,2.69,
24,2026-02-28 14:00:00,5.15,2.34,919.0,0.0,30.15,29.03,29.51,29.92,2.88,
24,2026-02-28 15:00:00,4.47,2.68,880.0,0.0,28.81,30.28,30.42,30.64,3.1,
24,2026-02-28 16:00:00,4.32,2.2,780.4,0.0,25.32,31.11,31.33,31.68,3.42,
24,2026-02-28 17:00:00,3.58,1.73,618.6,0.0,25.68,31.56,31.71,31.87,3.48,
24,2026-02-28 18:00:00,3.42,1.57,419.4,0.0,22.72,31.84,32.03,32.26,3.68,
24,2026-02-28 19:00:00,2.9,0.98,121.0,0.0,26.48,29.26,30.57,31.6,3.23,
24,2026-02-28 20:00:00,3.42,1.43,12.58,0.0,35.24,25.53,26.65,28.0,2.27,
24,2026-02-28 21:00:00,3.42,0.81,0.0,0.0,40.85,23.16,24.5,25.79,1.83,
24,2026-02-28 22:00:00,1.48,0.28,0.0,0.0,51.05,19.52,21.02,22.27,1.23,
24,2026-02-28 23:00:00,0.95,0.09,0.0,0.0,58.44,17.37,18.13,18.88,0.87,
24,2026-03-01 00:00:00,1.1,0.07,0.0,0.0,63.47,16.09,16.35,16.81,0.68,
24,2026-03-01 01:00:00,1.18,0.06,0.0,0.0,66.34,14.89,15.3,16.01,0.59,
24,2026-03-01 02:00:00,3.12,0.29,0.0,0.0,68.11,14.45,15.1,16.43,0.55,
24,2026-03-01 03:00:00,3.05,0.57,0.0,0.0,63.42,15.11,16.75,19.31,0.71,
24,2026-03-01 04:00:00,0.57,0.01,0.0,0.0,70.11,13.65,13.97,14.51,0.48,
24,2026-03-01 05:00:00,0.95,0.08,0.0,0.0,75.84,12.32,12.77,13.2,0.36,
24,2026-03-01 06:00:00,0.8,0.03,0.0,0.0,78.01,11.94,12.17,12.31,0.32,
24,2026-03-01 07:00:00,0.65,0.01,12.22,0.0,81.78,11.48,11.59,11.68,0.25,
24,2026-03-01 08:00:00,1.48,0.24,216.6,0.0,66.33,12.13,14.83,17.55,0.59,
24,2026-03-01 09:00:00,1.62,0.25,423.6,0.0,54.27,18.95,20.36,21.43,1.1,
24,2026-03-01 10:00:00,2.3,0.84,612.7,0.0,53.86,21.43,22.23,23.21,1.24,
24,2026-03-01 11:00:00,2.98,1.04,766.1,0.0,45.67,23.48,24.68,25.56,1.69,
24,2026-03-01 12:00:00,3.28,1.37,870.0,0.0,40.05,25.71,26.82,27.84,2.12,
24,2026-03-01 13:00:00,4.18,1.58,908.0,0.0,34.8,28.25,28.83,29.5,2.59,
24,2026-03-01 14:00:00,4.03,1.24,908.0,0.0,28.57,29.87,30.7,31.53,3.16,
24,2026-03-01 15:00:00,4.55,1.91,880.0,0.0,18.85,31.59,32.25,32.71,3.92,
24,2026-03-01 16:00:00,3.8,1.84,800.0,0.0,17.17,32.69,32.78,32.97,4.11,
24,2026-03-01 17:00:00,4.03,2.14,611.2,0.0,19.58,31.91,32.34,32.68,3.9,
24,2026-03-01 18:00:00,5.15,2.45,277.0,0.0,27.17,29.68,30.64,31.57,3.22,
24,2026-03-01 19:00:00,5.45,2.22,132.6,0.0,40.63,26.85,27.52,28.0,2.19,
24,2026-03-01 20:00:00,2.22,0.68,11.74,0.0,47.33,24.02,24.93,26.22,1.67,
24,2026-03-01 21:00:00,3.88,1.49,0.0,0.0,53.72,22.16,22.95,23.63,1.3,
24,2026-03-01 22:00:00,2.98,0.83,0.0,0.0,62.27,20.29,20.89,21.55,0.93,
24,2026-03-01 23:00:00,1.02,0.08,0.0,0.0,69.1,18.41,18.99,19.84,0.68,
24,2026-03-02 00:00:00,0.95,0.04,0.0,0.0,73.16,16.39,17.36,18.18,0.53,
24,2026-03-02 01:00:00,0.8,0.03,0.0,0.0,77.48,15.43,15.73,16.03,0.4,
24,2026-03-02 02:00:00,1.02,0.07,0.0,0.0,80.36,14.5,14.83,15.22,0.33,
24,2026-03-02 03:00:00,0.57,0.01,0.0,0.0,82.53,14.12,14.3,14.44,0.29,
24,2026-03-02 04:00:00,1.48,0.09,0.0,0.0,85.0,13.67,13.75,13.89,0.24,
24,2026-03-02 05:00:00,2.0,0.39,0.0,0.0,89.38,13.95,14.25,14.51,0.18,
24,2026-03-02 06:00:00,1.18,0.24,0.0,0.0,89.95,13.78,13.91,14.27,0.16,
24,2026-03-02 07:00:00,1.7,0.23,19.52,0.0,90.5,13.53,13.87,14.36,0.15,
24,2026-03-02 08:00:00,1.48,0.13,50.48,0.0,88.05,15.03,15.33,15.56,0.21,
24,2026-03-02 09:00:00,2.08,0.59,473.6,0.0,76.85,16.53,18.33,19.87,0.5,
24,2026-03-02 10:00:00,2.82,1.02,551.8,0.0,66.38,20.17,20.71,21.53,0.83,
24,2026-03-02 11:00:00,3.2,1.21,793.9,0.0,54.23,22.0,23.61,24.45,1.34,
24,2026-03-02 12:00:00,7.85,2.04,890.0,0.0,52.56,23.51,24.47,25.55,1.47,
24,2026-03-02 13:00:00,8.15,4.7,918.0,0.0,62.96,20.41,20.6,20.84,0.9,
24,2026-03-02 14:00:00,8.0,4.61,900.0,0.0,61.18,20.37,20.46,20.54,0.93,
24,2026-03-02 15:00:00,7.02,4.05,864.0,0.0,57.12,20.24,21.19,22.0,1.08,
24,2026-03-02 16:00:00,7.1,3.98,694.9,0.0,55.67,21.8,21.88,21.96,1.17,
24,2026-03-02 17:00:00,6.28,3.84,615.0,0.0,53.25,22.4,22.61,22.85,1.29,
24,2026-03-02 18:00:00,6.8,4.11,525.3,0.0,54.88,20.97,21.98,22.67,1.2,
24,2026-03-02 19:00:00,6.35,3.64,113.2,0.0,59.75,19.46,19.79,20.05,0.93,
24,2026-03-02 20:00:00,4.4,2.19,20.42,0.0,64.18,18.31,18.75,19.25,0.78,
24,2026-03-02 21:00:00,2.6,0.89,0.0,0.0,69.32,17.22,17.57,17.95,0.62,
24,2026-03-02 22:00:00,1.62,0.64,0.0,0.0,67.23,17.99,18.16,18.27,0.68,
24,2026-03-02 23:00:00,1.02,0.1,0.0,0.0,70.84,16.74,17.52,17.99,0.59,
24,2026-03-03 00:00:00,2.0,0.53,0.0,0.0,73.32,16.28,16.45,16.67,0.5,
24,2026-03-03 01:00:00,2.08,0.74,0.0,0.0,76.12,16.32,16.39,16.45,0.45,
24,2026-03-03 02:00:00,4.1,1.69,0.0,0.0,74.54,16.39,16.48,16.55,0.48,
24,2026-03-03 03:00:00,4.55,2.32,0.0,0.0,79.01,15.53,15.95,16.35,0.38,
24,2026-03-03 04:00:00,4.78,2.42,0.0,0.0,80.04,13.9,14.41,15.06,0.33,
24,2026-03-03 05:00:00,3.2,1.51,0.0,0.0,83.38,13.01,13.28,13.65,0.26,
24,2026-03-03 06:00:00,6.42,2.63,0.0,0.0,82.43,12.91,13.07,13.22,0.27,
24,2026-03-03 07:00:00,5.68,2.37,15.75,0.0,81.58,12.67,12.78,12.86,0.27,
24,2026-03-03 08:00:00,4.4,2.38,106.4,0.0,79.16,13.01,13.19,13.49,0.32,
24,2026-03-03 09:00:00,3.65,1.78,413.2,0.0,73.92,13.7,14.51,15.62,0.43,
24,2026-03-03 10:00:00,4.92,2.31,605.6,0.0,67.22,16.08,17.14,17.93,0.64,
24,2026-03-03 11:00:00,5.82,2.91,759.0,0.0,61.28,18.51,19.21,19.77,0.87,
24,2026-03-03 12:00:00,7.1,3.96,863.0,0.0,55.36,20.14,20.86,21.58,1.1,
24,2026-03-03 13:00:00,7.25,4.1,904.0,0.0,49.5,21.93,22.62,23.18,1.39,
24,2026-03-03 14:00:00,7.1,4.21,907.0,0.0,44.48,23.52,24.08,24.57,1.67,
24,2026-03-03 15:00:00,6.65,3.87,868.0,0.0,42.31,25.03,25.22,25.4,1.85,
24,2026-03-03 16:00:00,6.8,3.72,726.7,0.0,38.25,26.85,26.88,26.9,2.19,
24,2026-03-03 17:00:00,6.35,3.93,603.2,0.0,37.68,26.51,26.64,26.76,2.18,
24,2026-03-03 18:00:00,5.9,3.4,405.4,0.0,37.05,26.22,26.49,26.65,2.18,
24,2026-03-03 19:00:00,6.05,3.03,95.1,0.0,39.03,24.19,25.12,25.78,1.95,
24,2026-03-03 20:00:00,5.15,2.59,10.56,0.0,41.27,22.74,23.15,23.73,1.67,
24,2026-03-03 21:00:00,7.4,3.88,0.0,0.0,38.95,21.31,21.81,22.39,1.6,
24,2026-03-03 22:00:00,6.12,2.77,0.0,0.0,40.15,19.02,20.03,20.92,1.41,
24,2026-03-03 23:00:00,5.22,2.62,0.0,0.0,40.36,18.49,18.84,19.03,1.3,
24,2026-03-04 00:00:00,6.5,2.9,0.0,0.0,40.52,18.3,18.5,18.77,1.27,
24,2026-03-04 01:00:00,7.25,3.75,0.0,0.0,49.22,16.35,17.01,17.8,0.99,
24,2026-03-04 02:00:00,6.05,3.2,0.0,0.0,62.04,14.99,15.47,16.03,0.67,
24,2026-03-04 03:00:00,5.52,3.02,0.0,0.0,69.25,14.24,14.56,14.81,0.51,
24,2026-03-04 04:00:00,5.08,2.74,0.0,0.0,74.26,13.65,13.82,14.02,0.41,
24,2026-03-04 05:00:00,4.47,1.93,0.0,0.0,78.3,12.56,13.1,13.49,0.33,
24,2026-03-04 06:00:00,3.35,1.55,0.0,0.0,81.75,12.23,12.46,12.57,0.26,
24,2026-03-04 07:00:00,1.4,0.19,11.84,0.0,82.73,10.13,11.06,11.82,0.23,
24,2026-03-04 08:00:00,2.75,1.2,209.2,0.0,78.73,11.39,12.68,13.67,0.31,
24,2026-03-04 09:00:00,3.65,1.99,419.0,0.0,68.09,14.22,15.13,16.11,0.55,
24,2026-03-04 10:00:00,4.32,2.28,609.7,0.0,58.88,16.82,17.44,18.22,0.82,
24,2026-03-04 11:00:00,4.1,2.33,763.6,0.0,51.26,18.8,19.77,20.76,1.13,
24,2026-03-04 12:00:00,4.25,2.12,864.0,0.0,43.95,21.64,22.71,23.7,1.55,
24,2026-03-04 13:00:00,4.7,2.45,906.0,0.0,35.51,23.94,24.97,25.67,2.04,
24,2026-03-04 14:00:00,5.08,2.97,907.0,0.0,31.41,26.25,26.95,27.56,2.44,
24,2026-03-04 15:00:00,5.45,3.14,877.0,0.0,28.59,27.81,28.4,28.9,2.77,
24,2026-03-04 16:00:00,6.05,3.33,762.1,0.0,29.5,28.73,28.85,28.97,2.8,
24,2026-03-04 17:00:00,5.38,3.23,603.9,0.0,28.95,28.55,28.72,28.81,2.8,
24,2026-03-04 18:00:00,5.45,3.04,406.6,0.0,31.14,27.93,28.35,28.69,2.66,
24,2026-03-04 19:00:00,4.4,2.35,106.0,0.0,36.34,25.49,26.69,27.57,2.24,
24,2026-03-04 20:00:00,3.65,2.11,9.85,0.0,40.87,23.85,24.3,24.89,1.8,
24,2026-03-04 21:00:00,3.88,1.68,0.0,0.0,41.43,22.89,23.27,23.69,1.67,
24,2026-03-04 22:00:00,3.5,1.1,0.0,0.0,48.05,20.14,21.59,23.09,1.35,
24,2026-03-04 23:00:00,1.85,0.42,0.0,0.0,57.88,16.66,18.41,20.0,0.9,
24,2026-03-05 00:00:00,0.8,0.04,0.0,0.0,64.96,15.1,15.79,16.25,0.63,
24,2026-03-05 01:00:00,0.8,0.02,0.0,0.0,70.07,13.68,14.11,14.7,0.49,
24,2026-03-05 02:00:00,1.18,0.06,0.0,0.0,70.68,12.82,13.06,13.26,0.44,
24,2026-03-05 03:00:00,0.57,0.01,0.0,0.0,74.71,11.75,11.98,12.39,0.36,
24,2026-03-05 04:00:00,0.88,0.03,0.0,0.0,77.75,10.74,11.03,11.44,0.29,
24,2026-03-05 05:00:00,0.0,0.0,0.0,0.0,79.49,10.22,10.46,10.7,0.26,
24,2026-03-05 06:00:00,1.18,0.06,0.0,0.0,81.83,9.49,9.72,9.99,0.22,
24,2026-03-05 07:00:00,0.42,0.01,12.13,0.0,82.98,8.85,9.01,9.26,0.2,
24,2026-03-05 08:00:00,1.7,0.4,198.1,0.0,70.08,9.53,11.9,13.54,0.42,
24,2026-03-05 09:00:00,1.62,0.6,406.2,0.0,57.93,14.25,15.8,17.26,0.76,
24,2026-03-05 10:00:00,1.85,0.46,597.4,0.0,44.31,18.42,20.2,21.93,1.33,
24,2026-03-05 11:00:00,2.45,0.7,746.7,0.0,36.65,22.62,23.75,24.78,1.87,
24,2026-03-05 12:00:00,2.75,1.09,838.0,0.0,33.32,25.47,26.22,27.13,2.28,
24,2026-03-05 13:00:00,4.18,1.86,889.0,0.0,30.56,27.42,27.89,28.65,2.61,
24,2026-03-05 14:00:00,4.03,1.74,887.0,0.0,29.8,28.87,29.35,29.93,2.87,
24,2026-03-05 15:00:00,4.18,1.53,849.0,0.0,27.82,29.92,30.37,30.89,3.13,
24,2026-03-05 16:00:00,4.32,1.73,741.7,0.0,24.32,30.99,31.61,32.06,3.52,
24,2026-03-05 17:00:00,4.92,1.84,587.3,0.0,22.22,31.27,31.72,31.94,3.64,
24,2026-03-05 18:00:00,4.62,2.05,387.4,0.0,24.07,29.43,30.23,30.81,3.27,
24,2026-03-05 19:00:00,4.7,1.67,109.6,0.0,30.56,25.17,26.68,28.39,2.44,
24,2026-03-05 20:00:00,1.48,0.19,10.52,0.0,37.62,21.16,22.96,24.48,1.76,
24,2026-03-05 21:00:00,1.18,0.08,0.0,0.0,48.02,18.1,19.0,20.17,1.15,
24,2026-03-05 22:00:00,0.88,0.04,0.0,0.0,52.08,16.44,17.04,17.64,0.93,
24,2026-03-05 23:00:00,1.1,0.12,0.0,0.0,56.62,15.27,15.72,16.22,0.78,
24,2026-03-06 00:00:00,0.88,0.05,0.0,0.0,60.07,14.01,14.7,15.17,0.67,
24,2026-03-06 01:00:00,0.72,0.04,0.0,0.0,65.62,12.45,12.95,13.61,0.52,
24,2026-03-06 02:00:00,0.0,0.0,0.0,0.0,70.37,11.83,11.98,12.26,0.42,
24,2026-03-06 03:00:00,0.5,0.01,0.0,0.0,72.99,10.43,10.98,11.65,0.36,
24,2026-03-06 04:00:00,0.57,0.0,0.0,0.0,76.07,10.2,10.38,10.47,0.3,
24,2026-03-06 05:00:00,0.65,0.01,0.0,0.0,77.29,9.56,9.86,10.08,0.28,
24,2026-03-06 06:00:00,0.0,0.0,0.0,0.0,79.91,9.22,9.32,9.43,0.24,
24,2026-03-06 07:00:00,0.0,0.0,12.05,0.0,80.63,9.02,9.09,9.17,0.23,
24,2026-03-06 08:00:00,0.0,0.0,196.3,0.0,65.43,9.9,12.91,15.92,0.54,
24,2026-03-06 09:00:00,1.25,0.17,402.9,0.0,52.84,16.36,17.59,18.92,0.96,
24,2026-03-06 10:00:00,1.85,0.55,593.4,0.0,41.04,20.39,21.31,22.34,1.5,
24,2026-03-06 11:00:00,2.22,0.7,750.9,0.0,34.94,23.43,24.46,25.72,2.0,
24,2026-03-06 12:00:00,2.68,0.97,856.0,0.0,29.41,26.25,27.15,28.22,2.55,
24,2026-03-06 13:00:00,3.05,1.08,896.0,0.0,26.44,28.97,29.86,30.28,3.1,
24,2026-03-06 14:00:00,3.58,1.62,896.0,0.0,24.13,30.71,31.18,31.64,3.45,
24,2026-03-06 15:00:00,3.72,1.49,831.0,0.0,23.1,31.82,32.24,32.56,3.71,
24,2026-03-06 16:00:00,4.18,1.7,735.6,0.0,22.25,32.79,32.96,33.32,3.9,
24,2026-03-06 17:00:00,4.32,1.88,581.9,0.0,21.94,32.62,32.82,32.98,3.89,
24,2026-03-06 18:00:00,5.0,1.9,374.2,0.0,23.23,30.61,32.01,32.93,3.66,
24,2026-03-06 19:00:00,4.62,1.89,89.0,0.0,30.17,27.27,28.37,29.8,2.71,
24,2026-03-06 20:00:00,3.35,0.63,11.15,0.0,35.34,24.43,25.45,26.58,2.11,
24,2026-03-06 21:00:00,2.22,0.49,0.0,0.0,42.0,20.94,22.66,23.9,1.61,
24,2026-03-06 22:00:00,1.02,0.11,0.0,0.0,53.78,18.18,18.95,20.13,1.02,
24,2026-03-06 23:00:00,0.95,0.04,0.0,0.0,63.37,16.67,17.17,17.6,0.72,
24,2026-03-07 00:00:00,0.35,0.0,0.0,0.0,70.13,14.9,15.57,16.26,0.53,
24,2026-03-07 01:00:00,0.35,0.01,0.0,0.0,73.14,13.28,14.02,14.68,0.43,
24,2026-03-07 02:00:00,0.0,0.0,0.0,0.0,78.57,12.14,12.57,12.89,0.31,
24,2026-03-07 03:00:00,0.35,0.0,0.0,0.0,79.11,10.78,11.29,11.8,0.28,
24,2026-03-07 04:00:00,0.0,0.0,0.0,0.0,83.15,10.34,10.79,11.06,0.22,
24,2026-03-07 05:00:00,0.65,0.01,0.0,0.0,85.48,9.48,9.72,9.92,0.18,
24,2026-03-07 06:00:00,0.72,0.01,0.0,0.0,90.28,9.45,9.84,10.74,0.12,
24,2026-03-07 07:00:00,1.92,0.53,8.62,0.0,94.48,11.66,11.84,12.0,0.08,
24,2026-03-07 08:00:00,3.28,0.6,86.0,0.0,90.28,11.79,12.5,13.17,0.15,
24,2026-03-07 09:00:00,2.82,0.8,203.0,0.0,82.98,13.27,13.61,14.06,0.27,
24,2026-03-07 10:00:00,2.68,0.79,595.2,0.0,72.67,14.51,15.49,16.9,0.49,
24,2026-03-07 11:00:00,2.98,1.06,733.7,0.0,62.62,17.33,17.98,18.73,0.77,
24,2026-03-07 12:00:00,3.5,1.47,832.0,0.0,56.02,19.21,19.84,20.46,1.02,
24,2026-03-07 13:00:00,3.65,1.51,863.0,0.0,49.74,21.28,21.95,22.63,1.33,
24,2026-03-07 14:00:00,3.65,1.49,862.0,0.0,44.75,23.05,23.67,24.34,1.62,
24,2026-03-07 15:00:00,3.95,1.25,810.0,0.0,42.05,24.74,25.12,25.38,1.85,
24,2026-03-07 16:00:00,3.8,1.56,713.3,0.0,40.01,25.66,26.03,26.21,2.02,
24,2026-03-07 17:00:00,4.4,2.17,566.1,0.0,44.23,24.53,25.63,26.12,1.84,
24,2026-03-07 18:00:00,5.45,2.67,390.0,0.0,53.34,22.1,23.07,23.7,1.32,
24,2026-03-07 19:00:00,3.95,1.74,110.1,0.0,61.74,19.52,20.48,21.49,0.93,
24,2026-03-07 20:00:00,1.92,0.16,5.59,0.0,67.25,18.02,18.61,19.19,0.71,
24,2026-03-07 21:00:00,1.32,0.11,0.0,0.0,72.84,16.24,16.98,17.72,0.53,
24,2026-03-07 22:00:00,0.8,0.06,0.0,0.0,76.32,14.47,15.36,16.2,0.42,
24,2026-03-07 23:00:00,1.02,0.11,0.0,0.0,80.93,13.95,14.08,14.23,0.31,
24,2026-03-08 00:00:00,0.65,0.01,0.0,0.0,82.43,12.52,13.07,13.6,0.26,
24,2026-03-08 01:00:00,0.65,0.02,0.0,0.0,85.08,11.3,11.6,12.04,0.21,
24,2026-03-08 02:00:00,1.25,0.05,0.0,0.0,87.03,11.15,11.58,11.92,0.17,
24,2026-03-08 04:00:00,1.18,0.11,0.0,0.0,87.05,11.87,11.98,12.11,0.18,
24,2026-03-08 05:00:00,1.1,0.18,0.0,0.0,87.3,12.01,12.24,12.42,0.18,
24,2026-03-08 06:00:00,1.1,0.09,0.0,0.0,88.93,11.93,11.98,12.0,0.15,
24,2026-03-08 07:00:00,1.78,0.24,8.73,0.0,90.53,11.09,11.42,11.66,0.13,
24,2026-03-08 08:00:00,1.48,0.3,132.5,0.0,83.5,11.94,13.44,14.36,0.26,
24,2026-03-08 09:00:00,2.38,0.84,390.5,0.0,68.3,15.74,17.13,17.96,0.63,
24,2026-03-08 10:00:00,2.38,1.05,582.7,0.0,61.87,18.15,19.0,19.71,0.84,
24,2026-03-08 11:00:00,2.45,0.76,733.9,0.0,54.38,20.22,21.26,22.32,1.16,
24,2026-03-08 12:00:00,3.12,1.05,831.0,0.0,46.58,23.31,23.75,24.33,1.57,
24,2026-03-08 13:00:00,3.65,1.76,873.0,0.0,41.76,24.61,25.38,25.83,1.89,
24,2026-03-08 14:00:00,4.18,1.7,874.0,0.0,37.26,26.08,26.67,27.05,2.2,
24,2026-03-08 15:00:00,4.47,2.25,833.0,0.0,36.0,27.4,27.57,27.77,2.36,
24,2026-03-08 16:00:00,5.38,2.52,687.3,0.0,34.71,27.56,27.77,27.97,2.44,
24,2026-03-08 17:00:00,5.6,2.63,580.3,0.0,34.8,26.14,27.02,27.75,2.33,
24,2026-03-08 18:00:00,6.2,2.83,140.0,0.0,37.17,24.15,24.69,25.43,1.95,
24,2026-03-08 19:00:00,3.05,0.64,62.87,0.0,36.95,23.24,23.58,23.95,1.83,
24,2026-03-08 20:00:00,1.55,0.16,5.05,0.0,45.16,21.32,22.06,22.77,1.46,
24,2026-03-08 21:00:00,2.0,0.21,0.0,0.0,48.19,20.93,20.96,20.98,1.29,
24,2026-03-08 22:00:00,3.28,1.1,0.0,0.0,55.55,19.58,20.0,20.25,1.04,
24,2026-03-08 23:00:00,2.3,0.51,0.0,0.0,59.79,19.17,19.23,19.27,0.9,
24,2026-03-09 00:00:00,3.28,1.37,0.0,0.0,65.31,18.03,18.12,18.25,0.72,
24,2026-03-09 01:00:00,1.92,0.48,0.0,0.0,69.59,16.95,17.28,17.75,0.6,
24,2026-03-09 02:00:00,3.42,0.99,0.0,0.0,69.68,16.72,16.91,17.07,0.59,
24,2026-03-09 03:00:00,1.7,0.41,0.0,0.0,74.62,14.94,15.74,16.51,0.46,
24,2026-03-09 04:00:00,0.8,0.02,0.0,0.0,80.93,12.44,12.89,13.74,0.28,
24,2026-03-09 05:00:00,1.1,0.09,0.0,0.0,83.28,11.17,11.61,12.07,0.23,
24,2026-03-09 06:00:00,0.72,0.02,0.0,0.0,85.4,10.27,10.56,10.9,0.19,
24,2026-03-09 07:00:00,0.95,0.03,12.02,0.0,86.85,9.82,10.0,10.19,0.16,
24,2026-03-09 08:00:00,2.52,0.24,190.0,0.0,77.76,10.08,12.82,15.39,0.34,
24,2026-03-09 09:00:00,3.8,1.92,418.7,0.0,67.69,16.11,16.84,17.8,0.63,
24,2026-03-09 10:00:00,3.28,1.83,587.0,0.0,56.67,18.55,19.46,20.35,0.98,
24,2026-03-09 11:00:00,3.58,1.74,739.6,0.0,49.53,20.96,21.8,22.59,1.32,
24,2026-03-09 12:00:00,4.25,1.74,842.0,0.0,40.81,23.31,24.47,25.66,1.82,
24,2026-03-09 13:00:00,5.15,2.88,880.0,0.0,36.27,26.07,26.43,26.86,2.2,
24,2026-03-09 14:00:00,6.12,3.77,880.0,0.0,34.68,27.04,27.4,27.64,2.39,
24,2026-03-09 15:00:00,6.8,3.85,819.0,0.0,30.01,27.92,28.19,28.54,2.68,
24,2026-03-09 16:00:00,5.6,3.34,728.8,0.0,29.58,28.85,29.04,29.34,2.83,
24,2026-03-09 17:00:00,5.0,2.91,568.6,0.0,27.18,29.43,29.52,29.65,3.01,
24,2026-03-09 18:00:00,5.3,3.01,369.8,0.0,26.57,28.78,29.17,29.61,2.97,
24,2026-03-09 19:00:00,4.55,2.38,96.5,0.0,30.8,26.52,27.48,28.38,2.54,
24,2026-03-09 20:00:00,3.5,2.02,4.35,0.0,33.84,24.73,25.33,25.98,2.14,
24,2026-03-09 21:00:00,3.42,1.63,0.0,0.0,40.34,22.39,22.78,23.26,1.66,
24,2026-03-09 22:00:00,3.42,1.21,0.0,0.0,43.22,20.9,22.01,22.73,1.51,
24,2026-03-09 23:00:00,1.25,0.12,0.0,0.0,51.93,17.97,19.05,20.04,1.06,
24,2026-03-10 00:00:00,1.18,0.08,0.0,0.0,55.06,16.54,17.14,17.56,0.88,
24,2026-03-10 01:00:00,1.1,0.03,0.0,0.0,59.36,16.09,16.26,16.63,0.75,
24,2026-03-10 02:00:00,5.38,1.05,0.0,0.0,51.18,15.51,17.49,20.72,1.01,
24,2026-03-10 03:00:00,5.38,2.96,0.0,0.0,49.46,19.16,19.66,20.38,1.16,
24,2026-03-10 04:00:00,6.28,3.02,0.0,0.0,56.14,18.45,18.76,19.01,0.95,
24,2026-03-10 05:00:00,4.1,1.61,0.0,0.0,59.46,17.17,17.55,18.24,0.82,
24,2026-03-10 06:00:00,3.5,0.5,0.0,0.0,62.88,14.01,15.72,17.19,0.67,
24,2026-03-10 07:00:00,0.88,0.07,11.1,0.0,72.75,11.94,12.7,13.84,0.4,
24,2026-03-10 08:00:00,1.4,0.3,127.0,0.0,65.16,12.18,15.27,17.42,0.62,
24,2026-03-10 09:00:00,2.52,0.95,374.4,0.0,57.95,17.56,18.33,19.32,0.89,
24,2026-03-10 10:00:00,2.38,1.17,414.9,0.0,48.97,20.45,20.95,21.35,1.27,
24,2026-03-10 11:00:00,2.9,1.06,791.8,0.0,42.88,21.93,22.85,24.41,1.6,
24,2026-03-10 12:00:00,3.72,1.34,839.0,0.0,34.48,25.27,26.09,27.03,2.22,
24,2026-03-10 13:00:00,4.62,1.84,878.0,0.0,30.29,27.32,28.25,29.24,2.68,
24,2026-03-10 14:00:00,4.92,2.51,878.0,0.0,23.14,29.76,30.25,30.62,3.31,
24,2026-03-10 15:00:00,4.92,2.55,834.0,0.0,20.62,30.91,31.23,31.47,3.61,
24,2026-03-10 16:00:00,4.47,2.28,728.2,0.0,21.46,31.6,31.73,31.86,3.68,
24,2026-03-10 17:00:00,3.88,2.02,562.3,0.0,20.78,31.75,31.83,31.96,3.73,
24,2026-03-10 18:00:00,4.18,2.05,367.7,0.0,22.0,31.05,31.45,31.75,3.6,
24,2026-03-10 19:00:00,3.5,1.8,101.2,0.0,27.93,28.1,29.48,30.56,2.98,
24,2026-03-10 20:00:00,3.2,1.27,6.23,0.0,38.85,25.42,26.01,27.07,2.06,
24,2026-03-10 21:00:00,2.38,0.65,0.0,0.0,46.77,22.05,23.14,24.5,1.52,
24,2026-03-10 22:00:00,1.4,0.08,0.0,0.0,51.83,20.31,20.93,21.41,1.2,
24,2026-03-10 23:00:00,0.95,0.02,0.0,0.0,61.04,16.89,18.25,19.35,0.82,
24,2026-03-11 00:00:00,1.4,0.18,0.0,0.0,65.58,15.38,15.97,16.33,0.62,
24,2026-03-11 01:00:00,0.8,0.05,0.0,0.0,69.67,14.26,14.7,15.18,0.51,
24,2026-03-11 02:00:00,0.88,0.08,0.0,0.0,72.72,13.4,13.76,14.09,0.43,
24,2026-03-11 03:00:00,1.18,0.03,0.0,0.0,73.74,13.43,13.59,13.67,0.41,
24,2026-03-11 04:00:00,0.0,0.0,0.0,0.0,77.16,12.43,12.73,13.07,0.34,
24,2026-03-11 05:00:00,0.42,0.01,0.0,0.0,79.84,11.52,11.88,12.33,0.28,
24,2026-03-11 06:00:00,0.72,0.03,0.0,0.0,81.9,10.75,11.02,11.36,0.24,
24,2026-03-11 07:00:00,0.8,0.02,9.66,0.0,83.48,10.44,10.65,10.81,0.21,
24,2026-03-11 08:00:00,1.32,0.08,177.9,0.0,72.98,11.17,13.78,15.88,0.44,
24,2026-03-11 09:00:00,3.2,1.46,382.8,0.0,63.92,16.32,17.44,18.53,0.73,
24,2026-03-11 10:00:00,3.88,2.14,572.9,0.0,56.82,18.9,19.52,20.24,0.98,
24,2026-03-11 11:00:00,4.32,2.09,721.4,0.0,50.59,20.74,21.67,22.48,1.29,
24,2026-03-11 12:00:00,3.88,2.11,823.0,0.0,44.2,23.07,23.92,24.63,1.66,
24,2026-03-11 13:00:00,5.08,2.39,861.0,0.0,39.81,25.43,26.31,27.06,2.07,
24,2026-03-11 14:00:00,5.38,3.04,861.0,0.0,35.81,27.44,28.05,28.42,2.44,
24,2026-03-11 15:00:00,6.2,3.34,822.0,0.0,34.15,28.55,28.82,29.22,2.61,
24,2026-03-11 16:00:00,6.65,3.48,711.9,0.0,32.86,29.14,29.23,29.42,2.73,
24,2026-03-11 17:00:00,5.52,3.08,548.3,0.0,32.6,29.09,29.27,29.43,2.74,
24,2026-03-11 18:00:00,4.7,2.75,351.1,0.0,33.05,28.4,28.92,29.26,2.67,
24,2026-03-11 19:00:00,4.55,2.54,109.3,0.0,35.21,26.36,27.22,28.08,2.35,
24,2026-03-11 20:00:00,4.18,2.2,5.48,0.0,37.41,24.78,25.4,25.96,2.03,
24,2026-03-11 21:00:00,4.47,2.36,0.0,0.0,42.94,23.33,23.58,23.85,1.66,
24,2026-03-11 22:00:00,3.88,1.74,0.0,0.0,46.78,21.87,22.38,23.06,1.44,
24,2026-03-11 23:00:00,3.8,2.24,0.0,0.0,45.34,22.07,22.16,22.27,1.46,
24,2026-03-12 00:00:00,5.6,3.05,0.0,0.0,45.44,21.01,21.73,22.24,1.42,
24,2026-03-12 01:00:00,5.22,3.0,0.0,0.0,53.43,19.35,19.85,20.46,1.08,
24,2026-03-12 02:00:00,5.82,3.04,0.0,0.0,58.84,18.28,18.91,19.36,0.9,
24,2026-03-12 03:00:00,5.08,2.29,0.0,0.0,64.91,17.32,17.67,18.08,0.71,
24,2026-03-12 04:00:00,2.22,0.46,0.0,0.0,69.97,14.04,15.76,17.01,0.54,
24,2026-03-12 05:00:00,1.25,0.13,0.0,0.0,76.44,11.95,13.31,14.46,0.37,
24,2026-03-12 06:00:00,1.25,0.21,0.0,0.0,81.1,12.05,12.15,12.34,0.27,
24,2026-03-12 07:00:00,1.18,0.04,8.47,0.0,82.33,11.35,11.53,11.68,0.24,
24,2026-03-12 08:00:00,1.48,0.12,175.2,0.0,74.36,11.28,13.73,16.42,0.41,
24,2026-03-12 09:00:00,3.58,1.29,382.4,0.0,68.09,16.6,17.45,18.67,0.64,
24,2026-03-12 10:00:00,4.25,2.23,571.6,0.0,60.47,18.92,19.79,20.68,0.92,
24,2026-03-12 11:00:00,3.05,1.39,721.5,0.0,50.35,21.52,22.69,23.64,1.38,
24,2026-03-12 12:00:00,4.18,2.09,818.0,0.0,41.54,24.22,25.24,26.01,1.88,
24,2026-03-12 13:00:00,5.82,3.03,862.0,0.0,38.06,26.46,27.13,27.71,2.23,
24,2026-03-12 14:00:00,6.42,3.67,862.0,0.0,31.81,28.0,28.21,28.53,2.61,
24,2026-03-12 15:00:00,5.82,3.48,822.0,0.0,28.48,28.5,28.98,29.42,2.86,
24,2026-03-12 16:00:00,5.98,3.28,727.4,0.0,22.19,29.61,29.88,30.09,3.28,
24,2026-03-12 17:00:00,5.52,2.85,560.8,0.0,21.89,30.04,30.18,30.27,3.35,
24,2026-03-12 18:00:00,5.15,2.67,356.3,0.0,24.02,29.39,29.65,29.9,3.16,
24,2026-03-12 19:00:00,3.65,2.01,130.8,0.0,30.61,27.35,28.17,29.02,2.65,
24,2026-03-12 20:00:00,2.75,1.06,4.35,0.0,39.83,23.81,25.26,26.63,1.95,
24,2026-03-12 21:00:00,1.85,0.21,0.0,0.0,49.29,21.44,22.08,22.56,1.35,
24,2026-03-12 22:00:00,1.92,0.23,0.0,0.0,57.05,18.5,20.39,22.24,1.04,
24,2026-03-12 23:00:00,1.02,0.05,0.0,0.0,64.37,16.35,17.25,17.83,0.7,
24,2026-03-13 00:00:00,0.8,0.03,0.0,0.0,67.25,14.59,15.22,15.91,0.57,
24,2026-03-13 01:00:00,0.72,0.02,0.0,0.0,71.33,14.24,14.46,14.6,0.48,
24,2026-03-13 02:00:00,4.78,1.25,0.0,0.0,66.11,14.1,16.94,19.75,0.68,
24,2026-03-13 03:00:00,4.1,2.13,0.0,0.0,62.12,18.83,19.12,19.48,0.84,
24,2026-03-13 04:00:00,4.18,1.87,0.0,0.0,65.19,17.67,18.05,18.61,0.72,
24,2026-03-13 05:00:00,5.75,2.16,0.0,0.0,68.71,16.62,17.14,17.63,0.61,
24,2026-03-13 06:00:00,2.08,0.58,0.0,0.0,76.24,14.91,15.44,16.15,0.42,
24,2026-03-13 07:00:00,2.9,0.83,8.15,0.0,76.06,12.96,14.52,15.25,0.4,
24,2026-03-13 08:00:00,3.65,1.27,160.0,0.0,75.23,13.11,14.43,15.36,0.41,
24,2026-03-13 09:00:00,3.72,2.02,427.0,0.0,65.13,15.62,16.56,17.56,0.66,
24,2026-03-13 10:00:00,4.18,2.1,558.6,0.0,59.65,18.38,18.7,18.93,0.87,
24,2026-03-13 11:00:00,4.18,2.21,734.5,0.0,56.34,19.21,20.09,21.18,1.03,
24,2026-03-13 12:00:00,4.32,2.49,804.0,0.0,48.32,22.13,23.0,23.83,1.46,
24,2026-03-13 13:00:00,4.18,2.38,845.0,0.0,40.98,24.23,25.23,25.95,1.9,
24,2026-03-13 14:00:00,5.22,2.35,877.0,0.0,38.34,26.67,27.02,27.33,2.2,
24,2026-03-13 15:00:00,4.92,2.71,597.0,0.0,39.25,26.54,26.99,27.61,2.17,
24,2026-03-13 16:00:00,6.88,3.66,511.9,0.0,40.21,26.26,26.92,27.77,2.12,
24,2026-03-13 17:00:00,7.02,3.76,339.6,0.0,39.36,25.22,25.44,25.78,1.97,
24,2026-03-13 18:00:00,5.08,2.84,149.5,0.0,40.18,24.88,25.12,25.27,1.91,
24,2026-03-13 19:00:00,4.4,2.42,90.4,0.0,43.47,24.16,24.51,24.74,1.74,
24,2026-03-13 20:00:00,3.28,1.8,7.54,0.0,45.29,22.93,23.3,23.85,1.57,
24,2026-03-13 21:00:00,3.72,1.43,0.0,0.0,48.99,21.09,21.79,22.79,1.33,
24,2026-03-13 22:00:00,2.98,1.01,0.0,0.0,54.91,19.39,20.42,20.99,1.07,
24,2026-03-13 23:00:00,1.62,0.28,0.0,0.0,63.36,17.91,18.19,18.53,0.77,
24,2026-03-14 00:00:00,1.25,0.15,0.0,0.0,65.95,16.29,17.1,17.65,0.67,
24,2026-03-14 01:00:00,0.8,0.03,0.0,0.0,71.36,14.68,15.14,15.75,0.49,
24,2026-03-14 02:00:00,6.05,2.42,0.0,0.0,50.4,14.74,17.26,18.4,0.99,
24,2026-03-14 03:00:00,4.4,2.24,0.0,0.0,51.98,16.89,17.41,17.85,0.96,
24,2026-03-14 04:00:00,1.78,0.38,0.0,0.0,62.49,13.8,15.25,16.35,0.66,
24,2026-03-14 05:00:00,0.72,0.02,0.0,0.0,75.87,11.54,12.22,13.12,0.35,
24,2026-03-14 06:00:00,0.8,0.02,0.0,0.0,79.55,10.53,10.81,11.41,0.27,
24,2026-03-14 07:00:00,2.22,0.28,7.76,0.0,78.41,10.51,10.87,11.63,0.28,
24,2026-03-14 08:00:00,3.58,0.77,146.2,0.0,63.2,13.2,14.05,14.94,0.59,
24,2026-03-14 09:00:00,3.8,0.85,364.1,0.0,56.51,15.27,16.18,16.93,0.8,
24,2026-03-14 10:00:00,3.42,1.5,555.2,0.0,48.74,17.37,18.29,19.14,1.08,
24,2026-03-14 11:00:00,3.8,1.72,707.5,0.0,44.92,19.86,20.68,21.6,1.34,
24,2026-03-14 12:00:00,4.1,1.65,801.0,0.0,41.38,22.22,23.01,23.66,1.65,
24,2026-03-14 13:00:00,4.25,1.64,848.0,0.0,34.04,24.35,25.16,25.87,2.11,
24,2026-03-14 14:00:00,4.85,1.35,891.0,0.0,31.98,26.06,26.72,27.52,2.39,
24,2026-03-14 15:00:00,3.88,1.81,952.0,0.0,31.37,27.77,27.93,28.13,2.59,
24,2026-03-14 16:00:00,4.55,2.12,821.0,0.0,31.21,27.29,27.9,28.28,2.59,
24,2026-03-14 17:00:00,2.52,1.21,314.8,0.0,31.74,26.69,26.84,27.18,2.41,
24,2026-03-14 18:00:00,2.98,1.49,241.3,0.0,33.49,25.94,26.35,26.62,2.28,
24,2026-03-14 19:00:00,2.45,1.19,83.6,0.0,33.3,24.71,25.32,25.77,2.16,
24,2026-03-14 20:00:00,2.82,0.57,3.05,0.0,33.58,22.15,22.95,23.85,1.86,
24,2026-03-14 21:00:00,1.78,0.64,0.0,0.0,33.46,20.35,20.95,21.73,1.65,
24,2026-03-14 22:00:00,1.85,0.49,0.0,0.0,37.26,18.71,19.62,20.15,1.44,
24,2026-03-14 23:00:00,1.85,0.47,0.0,0.0,40.29,16.96,17.96,18.59,1.24,
24,2026-03-15 00:00:00,0.8,0.01,0.0,0.0,47.88,16.37,16.46,16.57,0.98,
24,2026-03-15 01:00:00,1.1,0.03,0.0,0.0,48.09,16.35,16.72,17.13,0.99,
24,2026-03-15 02:00:00,1.7,0.08,0.0,0.0,45.99,15.69,16.16,16.46,1.0,
24,2026-03-15 03:00:00,1.55,0.1,0.0,0.0,41.4,15.59,15.79,16.11,1.05,
24,2026-03-15 04:00:00,1.02,0.04,0.0,0.0,47.26,15.39,15.58,15.82,0.94,
24,2026-03-15 05:00:00,1.18,0.09,0.0,0.0,53.68,15.0,15.09,15.22,0.79,
24,2026-03-15 06:00:00,1.18,0.17,0.0,0.0,53.9,14.61,14.79,14.9,0.78,
24,2026-03-15 07:00:00,0.95,0.04,1.39,0.0,55.23,14.59,14.7,14.88,0.75,
24,2026-03-15 08:00:00,1.7,0.36,49.67,0.0,53.55,14.85,14.98,15.2,0.79,
24,2026-03-15 09:00:00,1.92,0.27,117.0,0.0,48.76,15.57,16.09,16.47,0.94,
24,2026-03-15 10:00:00,1.92,0.72,245.1,0.0,43.53,16.78,17.32,17.66,1.12,
24,2026-03-15 11:00:00,3.58,1.9,728.2,0.0,39.04,18.2,19.24,19.89,1.36,
24,2026-03-15 12:00:00,3.28,1.47,427.6,0.0,36.9,19.75,20.06,20.31,1.48,
24,2026-03-15 13:00:00,2.82,1.23,614.6,0.0,33.59,21.11,21.93,22.81,1.75,
24,2026-03-15 14:00:00,3.12,1.51,713.1,0.0,30.35,23.5,24.21,25.01,2.11,
24,2026-03-15 15:00:00,4.47,1.71,649.4,0.0,25.89,25.66,26.22,27.28,2.53,
24,2026-03-15 16:00:00,3.95,1.73,465.8,0.0,22.83,26.53,26.61,26.67,2.69,
24,2026-03-15 17:00:00,4.92,2.25,326.3,0.0,23.44,25.31,25.97,26.74,2.57,
24,2026-03-15 18:00:00,4.92,2.57,141.8,0.0,25.23,23.52,24.34,25.02,2.28,
24,2026-03-15 19:00:00,5.38,2.27,28.54,0.0,37.24,21.41,22.12,22.75,1.68,
24,2026-03-15 20:00:00,5.3,2.0,0.59,0.0,47.34,20.23,20.57,20.96,1.28,
24,2026-03-15 21:00:00,2.68,0.85,0.0,0.0,57.88,19.49,19.73,20.03,0.97,
24,2026-03-15 22:00:00,2.45,0.92,0.0,0.0,62.95,18.74,19.1,19.34,0.82,
24,2026-03-15 23:00:00,1.92,0.48,0.0,0.0,64.51,18.42,18.55,18.7,0.76,
24,2026-03-16 00:00:00,1.85,0.4,0.0,0.0,56.71,18.68,18.87,19.08,0.95,
24,2026-03-16 01:00:00,4.7,1.1,0.0,0.0,44.97,19.33,19.56,20.0,1.26,
24,2026-03-16 02:00:00,3.05,1.41,0.0,0.0,41.33,18.87,19.27,19.83,1.32,
24,2026-03-16 03:00:00,3.12,0.89,0.0,0.0,42.46,18.7,18.72,18.75,1.24,
24,2026-03-16 04:00:00,3.12,0.92,0.0,0.0,41.91,18.59,18.69,18.82,1.25,
24,2026-03-16 05:00:00,2.98,1.08,0.0,0.0,40.04,18.83,19.02,19.12,1.32,
24,2026-03-16 06:00:00,2.82,0.73,0.0,0.0,44.71,18.39,18.51,18.69,1.18,
24,2026-03-16 07:00:00,2.45,0.5,1.39,0.0,46.0,17.97,18.06,18.26,1.12,
24,2026-03-16 08:00:00,2.3,0.57,34.5,0.0,43.96,17.76,18.08,18.42,1.16,
24,2026-03-16 09:00:00,1.48,0.27,124.1,0.0,50.45,18.76,19.23,19.55,1.1,
24,2026-03-16 10:00:00,2.52,0.75,245.9,0.0,57.69,19.66,19.87,20.03,0.98,
24,2026-03-16 11:00:00,2.68,0.86,257.0,0.0,54.25,20.26,20.55,20.97,1.11,
24,2026-03-16 12:00:00,2.45,1.01,342.4,0.0,45.05,21.15,21.41,21.66,1.4,
24,2026-03-16 13:00:00,3.05,1.27,396.8,0.0,52.89,21.91,22.28,22.57,1.27,
24,2026-03-16 14:00:00,3.65,1.66,394.5,0.0,59.37,22.28,22.49,22.71,1.11,
24,2026-03-16 15:00:00,3.72,1.63,379.6,0.0,58.54,22.52,22.79,23.1,1.15,
24,2026-03-16 16:00:00,4.78,2.36,610.9,0.0,61.11,22.71,23.21,23.6,1.11,
24,2026-03-16 17:00:00,5.38,2.31,358.8,0.0,66.53,21.61,22.05,22.59,0.89,
24,2026-03-16 18:00:00,5.6,2.43,269.7,0.0,72.51,19.64,20.41,21.13,0.66,
24,2026-03-16 19:00:00,5.15,1.92,15.28,0.0,76.85,18.53,19.02,19.27,0.51,
24,2026-03-16 20:00:00,4.47,1.31,0.09,11.3,92.33,15.36,15.97,16.82,0.14,
24,2026-03-16 21:00:00,4.1,1.41,0.0,2.7,93.43,14.83,15.28,15.65,0.11,
24,2026-03-16 22:00:00,4.03,1.91,0.0,8.5,93.78,13.24,13.93,14.65,0.1,
24,2026-03-16 23:00:00,2.52,0.51,0.0,0.5,94.28,13.04,13.11,13.22,0.09,
24,2026-03-17 00:00:00,1.55,0.28,0.0,0.1,94.45,13.02,13.06,13.11,0.08,
24,2026-03-17 01:00:00,1.78,0.35,0.0,0.0,93.9,12.86,13.04,13.22,0.09,
24,2026-03-17 02:00:00,1.32,0.28,0.0,0.8,93.48,13.01,13.04,13.11,0.1,
24,2026-03-17 03:00:00,1.1,0.12,0.0,0.0,94.83,12.88,12.94,13.0,0.08,
24,2026-03-17 04:00:00,1.62,0.36,0.0,0.0,95.2,12.75,12.94,13.08,0.07,
24,2026-03-17 05:00:00,1.32,0.09,0.0,0.0,94.55,13.24,13.35,13.42,0.09,
24,2026-03-17 06:00:00,1.25,0.12,0.0,0.0,94.15,13.07,13.29,13.42,0.09,
24,2026-03-17 07:00:00,0.88,0.02,7.72,0.0,94.65,12.14,12.48,12.87,0.08,
24,2026-03-17 08:00:00,1.55,0.2,186.7,0.0,94.2,12.02,12.59,13.33,0.09,
24,2026-03-17 09:00:00,1.55,0.22,393.5,0.0,84.53,13.88,14.95,15.88,0.27,
24,2026-03-17 10:00:00,2.45,0.76,555.0,0.0,76.78,16.41,17.18,18.05,0.46,
24,2026-03-17 11:00:00,4.62,1.97,709.1,0.0,68.31,18.74,19.27,19.74,0.71,
24,2026-03-17 12:00:00,6.5,3.43,807.0,0.0,65.21,19.69,19.9,20.26,0.81,
24,2026-03-17 13:00:00,6.05,3.68,846.0,0.0,59.28,20.46,20.97,21.51,1.02,
24,2026-03-17 14:00:00,5.52,3.37,847.0,0.0,53.07,21.69,22.28,22.79,1.27,
24,2026-03-17 15:00:00,5.22,2.75,800.0,0.0,50.96,22.99,23.52,23.96,1.42,
24,2026-03-17 16:00:00,5.15,2.35,692.1,0.0,50.0,23.91,24.18,24.58,1.51,
24,2026-03-17 17:00:00,4.62,2.21,532.1,0.0,49.49,24.73,24.77,24.82,1.58,
24,2026-03-17 18:00:00,4.55,2.22,333.8,0.0,49.44,24.02,24.3,24.52,1.54,
24,2026-03-17 19:00:00,3.65,2.11,130.5,0.0,56.47,21.53,22.48,23.5,1.19,
24,2026-03-17 20:00:00,3.72,1.54,2.27,0.0,63.76,19.27,20.37,21.08,0.87,
24,2026-03-17 21:00:00,2.68,0.85,0.0,0.0,70.04,18.09,18.86,19.4,0.66,
24,2026-03-17 22:00:00,2.6,0.62,0.0,0.0,74.28,17.03,17.4,18.18,0.51,
24,2026-03-17 23:00:00,3.2,1.45,0.0,0.0,68.94,17.56,18.04,18.47,0.65,
24,2026-03-18 00:00:00,2.9,0.64,0.0,0.0,76.17,15.86,16.53,17.27,0.45,
24,2026-03-18 01:00:00,4.03,2.01,0.0,0.0,73.67,16.28,16.46,16.65,0.49,
24,2026-03-18 02:00:00,4.03,1.36,0.0,0.0,78.03,14.93,15.51,16.13,0.39,
24,2026-03-18 03:00:00,1.7,0.35,0.0,0.0,84.08,13.38,14.02,14.63,0.26,
24,2026-03-18 04:00:00,2.82,1.27,0.0,0.0,84.15,12.52,12.91,13.26,0.24,
24,2026-03-18 05:00:00,2.0,0.23,0.0,0.0,89.25,11.07,11.72,12.37,0.15,
24,2026-03-18 06:00:00,0.72,0.01,0.0,0.0,91.8,10.54,10.74,10.91,0.11,
24,2026-03-18 07:00:00,0.0,0.0,6.59,0.0,93.18,9.4,9.82,10.24,0.08,
24,2026-03-18 08:00:00,0.28,0.0,138.8,0.0,87.4,9.44,11.13,12.98,0.18,
24,2026-03-18 09:00:00,1.78,0.37,373.3,0.0,74.03,13.53,13.96,14.58,0.42,
24,2026-03-18 10:00:00,2.38,0.95,562.3,0.0,68.41,15.2,16.43,17.62,0.59,
24,2026-03-18 11:00:00,2.38,0.91,712.1,0.0,59.39,18.27,19.53,20.84,0.93,
24,2026-03-18 12:00:00,2.68,0.91,808.0,0.0,51.45,21.6,22.66,23.61,1.34,
24,2026-03-18 13:00:00,2.98,1.13,845.0,0.0,45.58,24.1,24.88,25.78,1.71,
24,2026-03-18 14:00:00,3.2,1.46,842.0,0.0,40.53,26.18,26.65,27.24,2.08,
24,2026-03-18 15:00:00,2.98,1.27,793.5,0.0,40.78,27.41,27.85,28.09,2.22,
24,2026-03-18 16:00:00,3.8,1.48,683.6,0.0,41.78,28.35,28.39,28.48,2.25,
24,2026-03-18 17:00:00,3.5,1.76,515.9,0.0,40.25,28.25,28.36,28.46,2.31,
24,2026-03-18 18:00:00,4.25,1.65,323.5,0.0,38.11,27.26,27.92,28.41,2.33,
24,2026-03-18 19:00:00,4.62,1.98,120.5,0.0,46.99,23.58,24.92,26.58,1.68,
24,2026-03-18 20:00:00,2.08,0.52,1.84,0.0,56.54,21.36,22.13,22.9,1.16,
24,2026-03-18 21:00:00,2.6,0.54,0.0,0.0,59.98,19.87,20.55,21.46,0.97,
24,2026-03-18 22:00:00,1.4,0.13,0.0,0.0,66.83,17.7,18.24,19.07,0.7,
24,2026-03-18 23:00:00,1.18,0.05,0.0,0.0,79.7,15.46,16.44,17.62,0.39,
24,2026-03-19 00:00:00,1.02,0.04,0.0,0.0,84.6,14.07,14.53,15.0,0.26,
24,2026-03-19 01:00:00,0.5,0.02,0.0,0.0,85.95,13.06,13.48,13.9,0.22,
24,2026-03-19 02:00:00,0.8,0.05,0.0,0.0,84.8,12.58,12.89,13.09,0.23,
24,2026-03-19 03:00:00,1.4,0.26,0.0,0.0,76.9,12.4,12.98,13.49,0.35,
24,2026-03-19 04:00:00,0.5,0.0,0.0,0.0,86.55,11.12,11.5,12.08,0.18,
24,2026-03-19 05:00:00,0.5,0.0,0.0,0.0,90.43,10.09,10.57,10.99,0.12,
24,2026-03-19 06:00:00,0.88,0.04,0.0,0.0,91.18,9.88,10.01,10.08,0.11,
24,2026-03-19 07:00:00,0.65,0.01,5.95,0.0,92.68,9.47,9.71,9.85,0.09,
24,2026-03-19 08:00:00,1.32,0.1,72.21,0.0,88.55,9.57,10.72,11.63,0.15,
24,2026-03-19 09:00:00,2.38,0.69,365.2,0.0,77.32,11.42,12.75,14.87,0.35,
24,2026-03-19 10:00:00,2.9,1.21,562.4,0.0,61.95,15.19,16.43,17.63,0.72,
24,2026-03-19 11:00:00,2.98,1.19,712.4,0.0,53.8,18.28,19.33,19.95,1.04,
24,2026-03-19 12:00:00,3.58,1.25,804.0,0.0,51.48,20.18,21.07,22.02,1.21,
24,2026-03-19 13:00:00,3.12,1.05,831.0,0.0,47.8,22.44,22.77,23.09,1.45,
24,2026-03-19 14:00:00,3.35,1.21,844.0,0.0,37.09,23.6,24.4,25.07,1.93,
24,2026-03-19 15:00:00,4.18,2.16,822.0,0.0,32.83,25.15,25.29,25.46,2.16,
24,2026-03-19 16:00:00,4.7,2.08,696.6,0.0,32.18,25.43,25.68,25.83,2.24,
24,2026-03-19 17:00:00,4.18,1.7,526.2,0.0,28.64,25.5,25.62,25.76,2.35,
24,2026-03-19 18:00:00,3.5,1.56,328.2,0.0,28.4,24.64,25.14,25.63,2.29,
24,2026-03-19 19:00:00,2.38,0.77,115.1,0.0,35.78,21.16,22.7,24.04,1.79,
24,2026-03-19 20:00:00,6.12,1.27,1.12,0.0,60.71,18.89,19.21,19.97,0.88,
24,2026-03-19 21:00:00,5.38,2.32,0.0,0.0,74.34,17.54,18.13,18.66,0.53,
24,2026-03-19 22:00:00,4.7,1.77,0.0,0.0,81.12,16.46,16.99,17.35,0.37,
24,2026-03-19 23:00:00,4.1,1.51,0.0,0.0,84.5,15.76,16.09,16.61,0.29,
24,2026-03-20 00:00:00,3.42,0.91,0.0,0.0,81.28,16.69,16.75,16.79,0.36,
24,2026-03-20 01:00:00,1.78,0.25,0.0,0.0,84.83,16.3,16.43,16.57,0.29,
24,2026-03-20 02:00:00,3.28,1.05,0.0,0.2,90.38,15.32,15.78,16.21,0.18,
24,2026-03-20 03:00:00,5.08,2.64,0.0,0.6,91.28,13.49,14.18,15.07,0.14,
24,2026-03-20 04:00:00,3.95,2.1,0.0,0.2,93.4,13.14,13.2,13.28,0.1,
24,2026-03-20 05:00:00,4.25,1.97,0.0,0.0,89.73,13.23,13.46,13.58,0.16,
24,2026-03-20 06:00:00,3.42,1.33,0.0,0.0,88.73,13.6,13.69,13.76,0.18,
24,2026-03-20 07:00:00,1.55,0.28,3.71,0.0,90.83,13.51,13.61,13.66,0.14,
24,2026-03-20 08:00:00,1.55,0.26,76.59,0.0,91.35,13.47,13.58,13.69,0.14,
24,2026-03-20 09:00:00,1.4,0.21,266.7,0.0,83.24,14.11,14.85,15.72,0.29,
24,2026-03-20 10:00:00,2.15,0.61,483.5,0.0,72.42,16.63,16.77,16.89,0.53,
24,2026-03-20 11:00:00,3.88,1.8,567.5,0.0,69.62,17.18,17.42,17.93,0.61,
24,2026-03-20 12:00:00,5.68,2.66,386.6,0.0,68.61,15.66,16.76,18.11,0.6,
24,2026-03-20 13:00:00,5.08,2.52,173.6,0.0,70.98,14.18,14.64,15.19,0.49,
24,2026-03-20 14:00:00,4.7,2.2,145.7,0.4,86.53,12.33,13.05,14.11,0.21,
24,2026-03-20 15:00:00,2.6,0.73,59.15,3.9,93.48,12.26,12.36,12.41,0.1,
24,2026-03-20 16:00:00,1.18,0.26,87.9,2.8,94.0,12.32,12.45,12.54,0.09,
24,2026-03-20 17:00:00,1.4,0.31,54.58,0.5,93.35,12.6,12.78,12.86,0.1,
24,2026-03-20 18:00:00,1.32,0.19,28.03,2.3,93.23,12.85,12.91,12.96,0.1,
24,2026-03-20 19:00:00,1.62,0.21,70.92,0.8,90.4,12.33,12.56,12.81,0.14,
24,2026-03-20 20:00:00,1.1,0.11,1.47,0.0,93.68,12.13,12.19,12.28,0.09,
24,2026-03-20 21:00:00,1.1,0.13,0.0,0.1,93.63,12.36,12.4,12.44,0.09,
24,2026-03-20 22:00:00,1.25,0.23,0.0,0.0,93.78,11.65,11.91,12.24,0.09,
24,2026-03-20 23:00:00,1.78,0.34,0.0,0.0,94.08,11.4,11.65,11.75,0.08,
24,2026-03-21 00:00:00,1.85,0.67,0.0,0.0,94.7,11.0,11.19,11.37,0.07,
24,2026-03-21 01:00:00,1.78,0.3,0.0,0.0,95.08,10.41,10.71,10.97,0.07,
24,2026-03-21 02:00:00,0.88,0.03,0.0,0.0,95.63,10.71,11.08,11.29,0.06,
24,2026-03-21 03:00:00,1.48,0.09,0.0,0.1,95.2,10.4,10.76,11.23,0.06,
24,2026-03-21 04:00:00,0.88,0.08,0.0,0.0,95.38,8.86,9.39,9.97,0.06,
24,2026-03-21 05:00:00,0.72,0.01,0.0,0.0,95.6,8.31,8.7,8.94,0.05,
24,2026-03-21 06:00:00,1.32,0.11,0.0,0.0,96.08,8.9,9.19,9.39,0.05,
24,2026-03-21 07:00:00,0.95,0.14,3.88,0.0,96.75,8.68,8.89,8.96,0.04,
24,2026-03-21 08:00:00,0.95,0.08,81.5,0.1,96.98,8.79,9.01,9.32,0.04,
24,2026-03-21 09:00:00,1.4,0.21,206.7,0.0,97.03,9.35,9.64,9.84,0.04,
24,2026-03-21 10:00:00,1.4,0.26,356.2,0.0,96.68,10.06,10.59,11.11,0.04,
24,2026-03-21 11:00:00,2.0,0.8,661.5,0.0,86.05,12.91,13.41,13.83,0.25,
24,2026-03-21 12:00:00,3.05,1.18,849.0,0.0,70.01,14.4,15.93,17.23,0.55,
24,2026-03-21 13:00:00,3.2,0.9,838.0,0.0,54.53,17.88,18.61,19.52,0.98,
24,2026-03-21 14:00:00,4.62,1.35,837.0,0.0,53.49,19.4,19.68,19.95,1.07,
24,2026-03-21 15:00:00,4.32,1.32,813.0,0.0,50.94,20.26,20.58,20.77,1.19,
24,2026-03-21 16:00:00,4.03,1.36,686.5,0.0,51.73,20.72,20.96,21.12,1.2,
24,2026-03-21 17:00:00,3.05,1.13,485.8,0.0,48.42,21.23,21.62,21.97,1.33,
24,2026-03-21 18:00:00,3.28,1.56,232.4,0.0,52.46,19.44,20.09,21.09,1.12,
24,2026-03-21 19:00:00,1.78,0.45,49.28,0.0,60.85,17.71,18.51,19.21,0.84,
24,2026-03-21 20:00:00,3.88,0.95,0.43,0.0,64.84,16.68,16.79,17.06,0.67,
24,2026-03-21 21:00:00,3.8,2.06,0.0,0.0,60.5,15.67,16.28,16.77,0.73,
24,2026-03-21 22:00:00,2.45,1.14,0.0,0.0,66.34,14.64,14.86,15.24,0.57,
24,2026-03-21 23:00:00,1.55,0.23,0.0,0.0,73.14,13.76,14.21,14.63,0.44,
24,2026-03-22 00:00:00,1.25,0.07,0.0,0.0,75.96,13.42,13.73,13.96,0.38,
24,2026-03-22 01:00:00,0.72,0.01,0.0,0.0,82.22,12.95,13.19,13.36,0.27,
24,2026-03-22 02:00:00,0.5,0.01,0.0,0.0,85.43,12.78,12.87,12.94,0.22,
24,2026-03-22 03:00:00,1.4,0.12,0.0,0.0,83.8,12.71,12.75,12.8,0.24,
24,2026-03-22 04:00:00,1.62,0.38,0.0,0.0,82.27,12.53,12.6,12.69,0.26,
24,2026-03-22 05:00:00,1.78,0.3,0.0,0.0,79.29,12.42,12.54,12.67,0.3,
24,2026-03-22 06:00:00,2.3,0.7,0.0,0.0,79.62,12.19,12.35,12.45,0.29,
24,2026-03-22 07:00:00,2.08,0.48,0.59,0.0,78.74,12.09,12.17,12.24,0.3,
24,2026-03-22 08:00:00,2.75,0.79,11.57,0.0,79.14,12.11,12.23,12.32,0.3,
24,2026-03-22 09:00:00,2.15,0.81,34.12,0.0,83.33,12.23,12.41,12.68,0.24,
24,2026-03-22 10:00:00,3.28,1.1,64.37,0.0,81.49,12.64,12.75,12.85,0.28,
24,2026-03-22 11:00:00,2.08,0.44,97.1,0.1,85.1,12.66,12.79,12.94,0.22,
24,2026-03-22 12:00:00,2.98,0.74,122.9,0.7,87.13,12.88,12.97,13.09,0.19,
24,2026-03-22 13:00:00,3.72,1.38,187.9,0.3,88.38,13.12,13.22,13.3,0.18,
24,2026-03-22 14:00:00,3.5,1.49,280.4,0.5,89.53,12.94,13.06,13.29,0.16,
24,2026-03-22 15:00:00,5.15,1.36,325.1,0.5,80.29,13.32,13.94,14.52,0.32,
24,2026-03-22 16:00:00,5.9,2.5,285.5,0.0,62.78,14.74,15.11,15.37,0.64,
24,2026-03-22 17:00:00,5.75,3.02,234.7,0.0,56.55,15.47,15.74,15.93,0.78,
24,2026-03-22 18:00:00,7.02,3.18,149.4,0.0,51.5,15.89,16.22,16.4,0.89,
24,2026-03-22 19:00:00,4.62,2.06,34.57,0.0,55.68,14.84,15.67,16.21,0.79,
24,2026-03-22 20:00:00,3.58,1.49,0.76,0.0,69.68,13.96,14.31,14.7,0.5,
24,2026-03-22 21:00:00,2.45,0.82,0.0,0.0,76.01,12.41,13.06,13.57,0.37,
24,2026-03-22 22:00:00,3.95,1.37,0.0,0.0,83.33,11.83,12.04,12.33,0.24,
24,2026-03-22 23:00:00,4.03,1.86,0.0,0.0,81.2,12.36,12.43,12.47,0.27,
24,2026-03-23 00:00:00,3.8,1.62,0.0,0.0,82.28,12.16,12.24,12.4,0.25,
24,2026-03-23 01:00:00,2.68,0.81,0.0,0.0,86.48,9.46,10.47,11.12,0.18,
24,2026-03-23 02:00:00,2.68,0.87,0.0,0.0,85.8,8.88,10.26,11.16,0.18,
24,2026-03-23 03:00:00,3.42,1.39,0.0,0.0,86.43,9.68,10.29,10.62,0.17,
24,2026-03-23 04:00:00,3.28,1.02,0.0,0.0,91.98,9.19,9.58,10.21,0.1,
24,2026-03-23 05:00:00,4.18,1.95,0.0,0.0,94.53,9.02,9.16,9.29,0.07,
24,2026-03-23 06:00:00,2.38,0.97,0.0,0.0,94.13,8.36,8.57,8.68,0.07,
24,2026-03-23 07:00:00,1.48,0.21,5.42,0.0,94.38,6.64,7.41,8.06,0.06,
24,2026-03-23 08:00:00,2.08,0.29,134.4,0.0,92.35,6.93,7.6,8.85,0.08,
24,2026-03-23 09:00:00,2.3,1.21,364.4,0.0,82.95,9.13,10.03,10.92,0.21,
24,2026-03-23 10:00:00,2.68,1.26,553.3,0.0,78.85,11.57,12.17,13.02,0.3,
24,2026-03-23 11:00:00,3.8,1.79,700.8,0.0,70.49,13.38,14.15,15.09,0.48,
24,2026-03-23 12:00:00,4.85,2.72,797.8,0.0,62.34,15.54,16.02,16.49,0.69,
24,2026-03-23 13:00:00,5.75,3.33,836.0,0.0,55.79,16.56,17.36,18.15,0.88,
24,2026-03-23 14:00:00,6.8,3.68,835.0,0.0,51.89,18.43,18.78,19.24,1.05,
24,2026-03-23 15:00:00,6.95,3.78,786.2,0.0,49.18,19.58,19.92,20.27,1.18,
24,2026-03-23 16:00:00,6.42,3.8,680.8,0.0,45.08,20.63,20.81,21.12,1.35,
24,2026-03-23 17:00:00,6.72,3.78,519.2,0.0,46.49,21.1,21.2,21.36,1.35,
24,2026-03-23 18:00:00,5.3,2.79,265.3,0.0,49.04,20.59,20.81,20.96,1.26,
24,2026-03-23 19:00:00,4.25,2.12,94.6,0.0,53.77,18.06,19.0,20.09,1.02,
24,2026-03-23 20:00:00,3.5,1.87,0.68,0.0,58.76,16.93,17.33,17.65,0.82,
24,2026-03-23 21:00:00,3.28,1.47,0.0,0.0,61.77,16.15,16.4,16.72,0.71,
24,2026-03-23 22:00:00,4.25,2.13,0.0,0.0,61.75,15.18,15.89,16.5,0.69,
24,2026-03-23 23:00:00,4.78,2.47,0.0,0.0,59.25,14.88,15.12,15.27,0.7,
24,2026-03-24 00:00:00,4.62,2.25,0.0,0.0,59.29,13.87,14.17,14.45,0.66,
24,2026-03-24 01:00:00,4.92,2.43,0.0,0.0,60.28,12.93,13.43,13.72,0.61,
24,2026-03-24 02:00:00,4.47,2.17,0.0,0.0,65.17,11.74,12.27,12.72,0.5,
24,2026-03-24 03:00:00,3.72,1.32,0.0,0.0,74.55,10.35,10.93,11.42,0.33,
24,2026-03-24 04:00:00,1.7,0.25,0.0,0.0,83.74,7.93,9.24,10.18,0.19,
24,2026-03-24 05:00:00,0.72,0.02,0.0,0.0,91.8,6.58,6.98,7.49,0.08,
24,2026-03-24 06:00:00,0.65,0.01,0.0,0.0,93.75,6.03,6.08,6.18,0.06,
24,2026-03-24 07:00:00,0.65,0.02,4.94,0.0,94.38,5.75,5.9,6.04,0.05,
24,2026-03-24 08:00:00,2.22,0.13,122.4,0.0,90.3,6.12,7.77,9.95,0.11,
24,2026-03-24 09:00:00,3.65,1.78,353.2,0.0,75.13,10.89,11.88,12.99,0.35,
24,2026-03-24 10:00:00,4.4,2.27,539.7,0.0,65.63,13.77,14.54,15.36,0.57,
24,2026-03-24 11:00:00,5.22,2.79,688.2,0.0,61.0,15.7,16.5,17.07,0.74,
24,2026-03-24 12:00:00,5.15,3.25,782.2,0.0,55.11,17.42,17.99,18.52,0.93,
24,2026-03-24 13:00:00,6.12,3.15,822.0,0.0,50.22,18.79,19.64,20.33,1.14,
24,2026-03-24 14:00:00,6.2,3.74,823.0,0.0,48.51,20.57,21.06,21.44,1.29,
24,2026-03-24 15:00:00,6.8,4.09,780.1,0.0,47.8,21.22,21.55,21.76,1.34,
24,2026-03-24 16:00:00,7.02,4.03,683.4,0.0,52.19,21.61,21.64,21.68,1.24,
24,2026-03-24 17:00:00,7.02,3.67,500.9,0.0,52.78,21.37,21.67,21.8,1.23,
24,2026-03-24 18:00:00,5.82,3.33,212.1,0.0,54.08,20.83,21.08,21.27,1.15,
24,2026-03-24 19:00:00,4.25,2.21,89.9,0.0,60.33,18.71,19.65,20.54,0.91,
24,2026-03-24 20:00:00,2.82,1.43,0.53,0.0,67.26,17.69,17.85,18.0,0.67,
24,2026-03-24 21:00:00,5.38,2.33,0.0,0.0,66.94,17.43,17.83,18.17,0.68,
24,2026-03-24 22:00:00,5.68,3.29,0.0,0.0,75.08,15.41,16.24,16.99,0.46,
24,2026-03-24 23:00:00,5.52,3.04,0.0,0.0,76.32,13.79,14.3,14.82,0.39,
24,2026-03-25 00:00:00,6.2,3.06,0.0,0.0,77.75,12.79,13.1,13.43,0.34,
24,2026-03-25 01:00:00,5.68,3.12,0.0,0.0,78.59,11.95,12.24,12.55,0.31,
24,2026-03-25 02:00:00,5.45,2.86,0.0,0.0,80.14,11.2,11.52,11.82,0.27,
24,2026-03-25 03:00:00,5.15,2.8,0.0,0.0,80.68,10.93,11.02,11.09,0.26,
24,2026-03-25 04:00:00,5.68,3.01,0.0,0.0,80.34,10.29,10.58,10.88,0.25,
24,2026-03-25 05:00:00,4.55,2.18,0.0,0.0,83.63,9.85,10.0,10.16,0.2,
24,2026-03-25 06:00:00,3.42,1.57,0.0,0.0,86.85,9.78,9.81,9.84,0.16,
24,2026-03-25 07:00:00,4.18,2.17,2.62,0.0,88.23,9.09,9.37,9.71,0.14,
24,2026-03-25 08:00:00,3.28,1.8,53.47,0.0,88.65,9.1,9.25,9.41,0.13,
24,2026-03-25 09:00:00,3.95,1.97,156.2,0.0,87.25,9.27,9.38,9.57,0.15,
24,2026-03-25 10:00:00,3.28,1.7,366.9,0.0,83.33,9.71,10.26,10.92,0.21,
24,2026-03-25 11:00:00,3.58,1.66,677.5,0.0,72.2,11.74,12.91,13.95,0.42,
24,2026-03-25 12:00:00,5.3,2.37,773.0,0.0,63.65,14.59,15.23,15.95,0.63,
24,2026-03-25 13:00:00,4.47,2.66,809.0,0.0,57.02,16.73,17.61,18.41,0.87,
24,2026-03-25 14:00:00,5.9,3.11,808.0,0.0,52.67,18.84,19.27,19.73,1.06,
24,2026-03-25 15:00:00,6.2,3.58,761.6,0.0,51.29,19.89,20.19,20.38,1.15,
24,2026-03-25 16:00:00,6.58,3.67,651.9,0.0,49.65,20.37,20.56,20.69,1.22,
24,2026-03-25 17:00:00,5.6,3.58,491.1,0.0,49.58,20.39,20.57,20.67,1.22,
24,2026-03-25 18:00:00,5.22,3.08,167.2,0.0,49.89,19.44,19.86,20.23,1.16,
24,2026-03-25 19:00:00,4.7,2.19,79.34,0.0,57.61,17.25,18.05,18.99,0.88,
24,2026-03-25 20:00:00,5.15,2.4,0.41,0.0,57.39,16.37,16.69,17.0,0.81,
24,2026-03-25 21:00:00,4.25,2.06,0.0,0.0,57.35,15.71,15.97,16.28,0.77,
24,2026-03-25 22:00:00,3.95,2.16,0.0,0.0,57.68,15.25,15.39,15.59,0.74,
24,2026-03-25 23:00:00,3.42,1.51,0.0,0.0,61.08,13.99,14.55,15.0,0.64,
24,2026-03-26 00:00:00,2.82,1.14,0.0,0.0,64.09,13.27,13.55,13.79,0.56,
24,2026-03-26 01:00:00,3.35,1.08,0.0,0.0,65.14,12.51,12.67,12.84,0.51,
24,2026-03-26 02:00:00,3.2,1.44,0.0,0.0,68.89,11.35,11.77,12.15,0.43,
24,2026-03-26 03:00:00,3.35,1.66,0.0,0.0,73.19,10.41,10.77,11.07,0.35,
24,2026-03-26 04:00:00,3.2,1.16,0.0,0.0,77.56,9.62,9.93,10.25,0.28,
24,2026-03-26 05:00:00,2.68,0.81,0.0,0.0,82.38,8.68,8.99,9.22,0.2,
24,2026-03-26 06:00:00,1.48,0.18,0.0,0.0,87.58,7.0,7.81,8.52,0.13,
24,2026-03-26 07:00:00,1.18,0.12,4.21,0.0,90.38,5.9,6.74,7.25,0.1,
24,2026-03-26 08:00:00,1.02,0.07,97.2,0.0,89.7,5.81,6.99,8.55,0.11,
24,2026-03-26 09:00:00,2.22,0.96,324.5,0.0,76.73,9.05,10.01,11.05,0.29,
24,2026-03-26 10:00:00,2.68,1.1,520.0,0.0,66.28,11.81,12.87,13.67,0.5,
24,2026-03-26 11:00:00,3.05,1.32,666.3,0.0,61.26,14.35,15.36,16.26,0.68,
24,2026-03-26 12:00:00,3.58,1.7,742.5,0.0,56.19,16.89,17.43,17.95,0.87,
24,2026-03-26 13:00:00,4.03,1.83,788.5,0.0,51.35,19.01,19.85,20.74,1.13,
24,2026-03-26 14:00:00,3.65,1.69,791.2,0.0,46.72,21.33,22.15,22.7,1.42,
24,2026-03-26 15:00:00,4.55,2.29,744.1,0.0,44.99,22.94,23.13,23.31,1.56,
24,2026-03-26 16:00:00,4.78,2.74,637.6,0.0,43.04,23.49,23.65,23.84,1.67,
24,2026-03-26 17:00:00,4.55,2.66,477.0,0.0,43.73,23.85,23.92,23.96,1.67,
24,2026-03-26 18:00:00,4.47,2.6,153.9,0.0,46.02,22.4,23.08,23.62,1.53,
24,2026-03-26 19:00:00,3.72,1.93,72.91,0.0,51.36,20.01,20.95,21.88,1.21,
24,2026-03-26 20:00:00,3.35,0.98,0.32,0.0,60.9,17.39,18.64,19.66,0.85,
24,2026-03-26 21:00:00,2.3,0.84,0.0,0.0,65.3,16.69,16.88,17.12,0.67,
24,2026-03-26 22:00:00,1.78,0.35,0.0,0.0,71.18,15.05,15.39,15.73,0.51,
24,2026-03-26 23:00:00,1.1,0.14,0.0,0.0,74.56,14.17,14.51,14.79,0.42,
24,2026-03-27 00:00:00,1.32,0.11,0.0,0.0,79.89,13.1,13.46,13.9,0.31,
24,2026-03-27 01:00:00,1.18,0.13,0.0,0.0,88.4,10.88,11.37,12.17,0.16,
24,2026-03-27 02:00:00,1.02,0.06,0.0,0.0,89.83,10.79,10.84,10.88,0.13,
24,2026-03-27 03:00:00,0.88,0.01,0.0,0.0,90.7,10.02,10.32,10.66,0.12,
24,2026-03-27 04:00:00,0.28,0.0,0.0,0.0,92.1,9.05,9.46,9.81,0.09,
24,2026-03-27 05:00:00,0.57,0.01,0.0,0.0,93.18,8.06,8.39,8.84,0.08,
24,2026-03-27 06:00:00,0.72,0.02,0.0,0.0,94.03,7.86,8.11,8.22,0.07,
24,2026-03-27 07:00:00,0.65,0.01,4.05,0.0,94.38,7.49,7.57,7.68,0.06,
24,2026-03-27 08:00:00,0.57,0.0,103.1,0.0,93.83,7.51,8.72,10.21,0.07,
24,2026-03-27 09:00:00,2.0,0.42,313.5,0.0,77.41,11.7,12.77,13.49,0.33,
24,2026-03-27 10:00:00,3.35,1.28,508.7,0.0,67.5,14.33,15.39,16.3,0.57,
24,2026-03-27 11:00:00,3.2,1.49,659.9,0.0,61.82,16.54,17.43,18.27,0.76,
24,2026-03-27 12:00:00,3.12,1.51,749.4,0.0,54.33,19.15,20.0,20.78,1.07,
24,2026-03-27 13:00:00,3.58,1.78,787.3,0.0,47.33,21.41,22.17,22.99,1.41,
24,2026-03-27 14:00:00,3.88,1.58,783.1,0.0,45.12,23.14,23.66,23.94,1.61,
24,2026-03-27 15:00:00,4.03,1.95,725.4,0.0,43.88,24.36,24.8,25.18,1.76,
24,2026-03-27 16:00:00,3.95,2.06,617.1,0.0,42.62,25.1,25.39,25.67,1.86,
24,2026-03-27 17:00:00,4.32,2.27,460.0,0.0,42.41,25.31,25.52,25.72,1.89,
24,2026-03-27 18:00:00,4.18,2.01,164.7,0.0,44.94,24.33,24.78,25.18,1.72,
24,2026-03-27 19:00:00,2.3,1.06,66.86,0.0,55.12,20.9,22.32,23.72,1.22,
24,2026-03-27 20:00:00,1.48,0.49,0.23,0.0,64.07,18.64,19.17,19.81,0.8,
24,2026-03-27 21:00:00,1.18,0.16,0.0,0.0,74.51,15.68,16.87,17.99,0.5,
24,2026-03-27 22:00:00,0.88,0.04,0.0,0.0,85.58,13.17,13.96,14.58,0.23,
24,2026-03-27 23:00:00,1.1,0.05,0.0,0.0,86.55,12.71,12.93,13.07,0.2,
24,2026-03-28 00:00:00,0.8,0.02,0.0,0.0,89.88,11.59,11.92,12.27,0.14,
24,2026-03-28 01:00:00,0.57,0.01,0.0,0.0,91.35,10.56,10.94,11.32,0.11,
24,2026-03-28 02:00:00,0.57,0.01,0.0,0.0,92.2,10.19,10.26,10.38,0.1,
24,2026-03-28 03:00:00,0.8,0.03,0.0,0.0,92.43,9.6,9.89,10.02,0.09,
24,2026-03-28 04:00:00,0.57,0.01,0.0,0.0,93.08,9.19,9.41,9.57,0.08,
24,2026-03-28 05:00:00,0.0,0.0,0.0,0.0,92.85,8.6,8.85,9.06,0.08,
24,2026-03-28 06:00:00,0.72,0.03,0.0,0.0,93.15,7.69,7.94,8.26,0.07,
24,2026-03-28 07:00:00,0.8,0.01,3.52,0.0,93.6,7.32,7.44,7.57,0.07,
24,2026-03-28 08:00:00,0.72,0.02,103.3,0.0,93.58,7.41,8.36,9.87,0.07,
24,2026-03-28 09:00:00,1.92,0.34,295.0,0.0,76.16,11.11,12.22,13.42,0.34,
24,2026-03-28 10:00:00,2.15,0.8,493.3,0.0,65.38,14.04,14.98,15.94,0.59,
24,2026-03-28 11:00:00,2.22,0.72,640.7,0.0,58.22,16.48,17.15,18.27,0.82,
24,2026-03-28 12:00:00,3.05,0.9,737.8,0.0,49.73,19.09,19.85,20.45,1.17,
24,2026-03-28 13:00:00,3.35,1.23,770.2,0.0,47.03,20.84,21.86,22.67,1.39,
24,2026-03-28 14:00:00,3.58,1.05,770.0,0.0,43.5,23.33,23.73,24.38,1.66,
24,2026-03-28 15:00:00,3.88,1.62,721.3,0.0,43.42,24.3,24.38,24.43,1.73,
24,2026-03-28 16:00:00,3.72,1.83,613.6,0.0,41.79,24.75,24.87,24.96,1.83,
24,2026-03-28 17:00:00,3.65,1.61,451.9,0.0,42.82,24.3,24.81,25.04,1.79,
24,2026-03-28 18:00:00,4.25,1.83,157.4,0.0,45.89,22.95,23.53,24.06,1.57,
24,2026-03-28 19:00:00,2.0,0.66,56.97,0.0,55.27,19.76,21.07,22.36,1.12,
24,2026-03-28 20:00:00,3.12,1.08,0.16,0.0,62.81,18.71,18.83,18.94,0.81,
24,2026-03-28 21:00:00,3.2,1.63,0.0,0.0,63.11,17.12,17.75,18.56,0.75,
24,2026-03-28 22:00:00,2.68,0.74,0.0,0.0,71.45,15.01,16.11,16.92,0.53,
24,2026-03-28 23:00:00,2.08,0.75,0.0,0.0,73.99,14.18,14.49,14.61,0.43,
24,2026-03-29 00:00:00,4.78,1.95,0.0,0.0,64.35,14.47,15.18,15.56,0.62,
24,2026-03-29 01:00:00,6.42,2.17,0.0,0.0,69.69,13.36,14.19,15.05,0.49,
24,2026-03-29 02:00:00,2.82,1.1,0.0,0.0,75.74,12.21,12.76,13.1,0.36,
24,2026-03-29 03:00:00,0.88,0.03,0.0,0.0,85.95,9.9,10.56,11.5,0.18,
24,2026-03-29 04:00:00,1.85,0.29,0.0,0.0,86.13,9.88,10.09,10.38,0.17,
24,2026-03-29 05:00:00,2.98,0.67,0.0,0.0,84.63,9.31,10.12,10.96,0.19,
24,2026-03-29 06:00:00,1.7,0.48,0.0,0.0,86.58,9.36,9.61,9.75,0.16,
24,2026-03-29 07:00:00,1.02,0.14,0.01,0.0,89.8,8.25,8.25,8.25,0.11,
24,2026-03-29 08:00:00,0.0,0.0,,,,,,,,
24,2026-03-29 09:00:00,2.6,0.7,317.3,0.0,73.63,12.12,12.83,13.22,0.39,
24,2026-03-29 10:00:00,4.47,2.17,513.2,0.0,67.83,13.84,14.74,15.34,0.54,
24,2026-03-29 11:00:00,5.82,3.3,659.5,0.0,62.67,15.7,16.51,17.38,0.7,
24,2026-03-29 12:00:00,5.82,3.37,755.5,0.0,52.57,17.83,19.1,20.17,1.05,
24,2026-03-29 13:00:00,5.08,2.99,791.5,0.0,40.95,21.09,21.97,22.93,1.56,
24,2026-03-29 14:00:00,4.78,2.5,791.4,0.0,35.21,23.67,24.52,25.24,2.0,
24,2026-03-29 15:00:00,5.68,3.12,750.8,0.0,34.56,25.38,25.56,25.77,2.14,
24,2026-03-29 16:00:00,6.72,3.84,640.6,0.0,37.83,24.8,25.18,25.39,1.99,
24,2026-03-29 17:00:00,5.98,3.21,475.0,0.0,39.98,24.71,24.81,24.87,1.88,
24,2026-03-29 18:00:00,5.08,2.78,175.4,0.0,44.69,23.38,24.1,24.7,1.66,
24,2026-03-29 19:00:00,4.92,2.55,50.42,0.0,50.46,20.85,21.74,22.67,1.29,
24,2026-03-29 20:00:00,3.58,1.4,0.12,0.0,56.75,18.94,19.85,20.4,1.01,
24,2026-03-29 21:00:00,2.98,0.84,0.0,0.0,62.46,16.99,18.44,19.2,0.8,
24,2026-03-29 22:00:00,1.32,0.12,0.0,0.0,78.37,13.29,14.15,15.39,0.35,
24,2026-03-29 23:00:00,1.7,0.17,0.0,0.0,79.55,12.59,13.28,13.76,0.31,
24,2026-03-30 00:00:00,1.18,0.13,0.0,0.0,82.7,12.33,12.55,12.84,0.25,
24,2026-03-30 01:00:00,1.48,0.19,0.0,0.0,81.9,12.16,12.54,12.78,0.27,
24,2026-03-30 02:00:00,0.8,0.02,0.0,0.0,85.43,10.75,11.2,11.67,0.2,
24,2026-03-30 03:00:00,1.1,0.03,0.0,0.0,86.93,9.93,10.64,11.22,0.17,
24,2026-03-30 04:00:00,1.02,0.04,0.0,0.0,90.65,9.2,9.42,9.63,0.11,
24,2026-03-30 05:00:00,1.25,0.16,0.0,0.0,90.2,8.9,9.19,9.38,0.11,
24,2026-03-30 06:00:00,0.72,0.02,0.0,0.0,90.3,8.41,8.88,9.24,0.11,
24,2026-03-30 07:00:00,0.72,0.01,3.52,0.0,91.95,7.45,7.8,8.12,0.09,
24,2026-03-30 08:00:00,1.1,0.04,121.4,0.0,89.58,7.28,9.03,11.7,0.13,
24,2026-03-30 09:00:00,2.68,0.47,313.7,0.0,72.36,13.19,15.12,16.52,0.48,
24,2026-03-30 10:00:00,3.2,1.81,506.4,0.0,63.92,17.14,17.92,18.59,0.74,
24,2026-03-30 11:00:00,2.6,1.15,649.2,0.0,54.72,19.31,20.32,21.14,1.08,
24,2026-03-30 12:00:00,3.28,1.75,741.3,0.0,48.45,21.6,22.29,22.92,1.39,
24,2026-03-30 13:00:00,4.78,2.19,772.6,0.0,46.65,23.34,23.81,24.19,1.58,
24,2026-03-30 14:00:00,5.15,3.09,768.3,0.0,46.59,24.43,24.75,25.0,1.67,
24,2026-03-30 15:00:00,6.95,3.49,723.2,0.0,41.13,25.32,25.49,25.59,1.92,
24,2026-03-30 16:00:00,6.5,3.56,614.3,0.0,38.32,25.67,25.93,26.1,2.07,
24,2026-03-30 17:00:00,5.45,3.33,457.0,0.0,33.52,25.74,25.94,26.07,2.23,
24,2026-03-30 18:00:00,5.0,2.64,163.2,0.0,37.81,24.62,25.08,25.51,1.98,
24,2026-03-30 19:00:00,3.35,1.72,42.34,0.0,49.15,22.02,22.94,23.95,1.43,
24,2026-03-30 20:00:00,2.52,0.58,0.08,0.0,60.41,19.61,20.55,21.55,0.96,
24,2026-03-30 21:00:00,0.65,0.01,0.0,0.0,74.45,15.56,16.75,18.27,0.49,
24,2026-03-30 22:00:00,0.0,0.0,0.0,0.0,74.71,14.5,14.74,15.06,0.43,
24,2026-03-30 23:00:00,0.95,0.04,0.0,0.0,74.76,14.12,14.32,14.48,0.41,
24,2026-03-31 00:00:00,0.0,0.0,0.0,0.0,81.36,12.78,13.07,13.51,0.28,
24,2026-03-31 01:00:00,0.5,0.01,0.0,0.0,87.25,11.66,12.01,12.46,0.18,
24,2026-03-31 02:00:00,0.8,0.02,0.0,0.0,89.45,10.82,11.15,11.49,0.14,
24,2026-03-31 03:00:00,1.78,0.14,0.0,0.0,90.38,10.81,11.14,11.57,0.13,
24,2026-03-31 04:00:00,1.92,0.1,0.0,0.0,91.33,10.86,11.33,12.29,0.12,
24,2026-03-31 05:00:00,4.47,1.16,0.0,0.0,85.48,14.1,15.0,15.65,0.25,
24,2026-03-31 06:00:00,3.8,1.5,0.0,0.0,89.38,14.41,14.86,15.14,0.18,
24,2026-03-31 07:00:00,4.47,1.28,3.08,0.0,88.65,13.09,14.23,14.97,0.18,
24,2026-03-31 08:00:00,2.0,0.69,124.4,0.0,88.05,13.31,13.82,14.26,0.19,
24,2026-03-31 09:00:00,2.3,0.67,301.3,0.0,74.92,14.59,15.94,16.86,0.46,
24,2026-03-31 10:00:00,4.32,1.89,518.1,0.0,73.39,17.09,17.66,18.05,0.54,
24,2026-03-31 11:00:00,3.8,2.14,640.6,0.0,74.83,17.95,18.31,18.86,0.53,
24,2026-03-31 12:00:00,4.55,2.17,733.0,0.0,63.8,19.48,20.51,21.58,0.88,
24,2026-03-31 13:00:00,5.45,2.85,767.1,0.0,57.24,22.15,22.54,23.01,1.17,
24,2026-03-31 14:00:00,5.08,2.93,767.1,0.0,54.29,23.61,23.92,24.25,1.36,
24,2026-03-31 15:00:00,5.68,3.46,725.0,0.0,51.99,24.34,24.56,24.65,1.49,
24,2026-03-31 16:00:00,6.2,3.77,623.0,0.0,50.38,24.78,24.83,24.86,1.56,
24,2026-03-31 17:00:00,6.35,3.42,461.8,0.0,52.03,24.28,24.53,24.69,1.48,
24,2026-03-31 18:00:00,5.45,2.83,155.3,0.0,55.74,23.05,23.6,23.94,1.29,
24,2026-03-31 19:00:00,5.08,2.8,29.2,0.0,64.48,21.26,21.7,22.31,0.93,
24,2026-03-31 20:00:00,3.95,1.23,0.05,0.0,71.44,20.03,20.33,20.84,0.68,
24,2026-03-31 21:00:00,2.08,0.37,0.0,0.0,76.11,17.8,19.1,19.71,0.53,
24,2026-03-31 22:00:00,1.48,0.21,0.0,0.0,80.95,16.22,16.6,16.9,0.36,
24,2026-03-31 23:00:00,1.7,0.17,0.0,0.0,85.4,14.67,15.42,16.25,0.26,
24,2026-04-01 00:00:00,1.18,0.06,0.0,0.0,85.75,14.96,15.26,15.97,0.25,
24,2026-04-01 01:00:00,3.28,0.8,0.0,0.0,83.9,14.49,15.67,17.43,0.29,
24,2026-04-01 02:00:00,5.98,3.11,0.0,0.0,79.92,17.32,17.63,17.83,0.41,
24,2026-04-01 03:00:00,5.0,2.32,0.0,0.0,82.58,16.45,16.69,16.96,0.33,
24,2026-04-01 04:00:00,4.25,1.36,0.0,0.0,85.6,15.42,15.89,16.26,0.26,
24,2026-04-01 05:00:00,3.58,1.06,0.0,0.0,87.0,14.6,15.07,15.36,0.22,
24,2026-04-01 06:00:00,1.7,0.33,0.0,0.0,88.45,13.93,14.03,14.26,0.19,
24,2026-04-01 07:00:00,1.02,0.11,2.28,0.0,92.03,10.48,11.11,12.09,0.11,
24,2026-04-01 08:00:00,0.0,0.0,117.8,0.0,92.6,10.64,11.53,13.03,0.1,
24,2026-04-01 09:00:00,2.68,0.94,297.9,0.0,79.08,14.41,15.35,16.18,0.37,
24,2026-04-01 10:00:00,3.05,1.26,485.0,0.0,69.51,16.77,17.66,18.59,0.62,
24,2026-04-01 11:00:00,3.12,1.55,623.8,0.0,63.86,19.25,20.02,20.93,0.85,
24,2026-04-01 12:00:00,5.22,2.39,715.6,0.0,62.21,21.25,21.67,22.06,0.98,
24,2026-04-01 13:00:00,4.78,2.76,747.9,0.0,57.85,22.08,22.5,22.94,1.15,
24,2026-04-01 14:00:00,5.82,3.19,743.9,0.0,54.78,23.3,23.45,23.58,1.31,
24,2026-04-01 15:00:00,5.82,3.69,697.7,0.0,54.18,23.43,23.51,23.61,1.33,
24,2026-04-01 16:00:00,6.05,3.85,585.3,0.0,52.39,23.7,23.75,23.79,1.4,
24,2026-04-01 17:00:00,5.52,3.4,419.0,0.0,49.99,23.54,23.61,23.65,1.46,
24,2026-04-01 18:00:00,5.08,2.64,146.2,0.0,52.27,22.67,23.06,23.42,1.35,
24,2026-04-01 19:00:00,4.1,1.78,31.8,0.0,57.29,20.64,21.31,22.14,1.08,
24,2026-04-01 20:00:00,4.7,2.6,0.04,0.0,60.1,19.56,19.99,20.43,0.94,
24,2026-04-01 21:00:00,4.78,2.27,0.0,0.0,67.19,18.03,18.63,19.31,0.71,
24,2026-04-01 22:00:00,4.18,1.53,0.0,0.0,72.72,16.6,17.23,17.69,0.54,
24,2026-04-01 23:00:00,2.22,0.61,0.0,0.0,77.86,15.43,16.09,16.6,0.41,
24,2026-04-02 00:00:00,2.75,0.61,0.0,0.0,77.98,14.45,15.16,16.27,0.38,
24,2026-04-02 01:00:00,3.35,1.16,0.0,0.0,77.13,15.07,15.74,16.38,0.41,
24,2026-04-02 02:00:00,4.32,1.94,0.0,0.0,74.02,14.33,14.85,15.16,0.44,
24,2026-04-02 03:00:00,4.25,1.65,0.0,0.0,76.42,12.9,13.43,13.89,0.36,
24,2026-04-02 04:00:00,3.5,1.31,0.0,0.0,80.53,11.9,12.26,12.59,0.28,
24,2026-04-02 05:00:00,2.52,0.63,0.0,0.0,82.65,11.75,11.83,11.92,0.24,
24,2026-04-02 06:00:00,2.08,0.85,0.0,0.0,82.93,10.61,11.28,11.99,0.23,
24,2026-04-02 07:00:00,1.48,0.08,2.56,0.0,87.75,8.74,9.55,10.31,0.15,
24,2026-04-02 08:00:00,0.0,0.0,113.3,0.0,89.3,8.42,9.25,10.74,0.13,
24,2026-04-02 09:00:00,2.75,1.03,292.1,0.0,78.23,11.87,12.6,13.54,0.32,
24,2026-04-02 10:00:00,3.88,1.93,482.7,0.0,70.35,14.11,14.76,15.37,0.5,
24,2026-04-02 11:00:00,3.72,2.18,625.9,0.0,67.7,15.71,16.31,17.1,0.6,
24,2026-04-02 12:00:00,3.65,2.09,720.2,0.0,60.63,17.93,18.88,19.86,0.86,
24,2026-04-02 13:00:00,4.4,2.44,754.0,0.0,54.98,20.28,20.95,21.52,1.12,
24,2026-04-02 14:00:00,5.52,2.94,753.4,0.0,49.44,22.07,22.49,22.84,1.38,
24,2026-04-02 15:00:00,4.92,2.81,711.4,0.0,45.14,23.37,23.71,23.93,1.61,
24,2026-04-02 16:00:00,5.38,3.06,601.0,0.0,44.59,24.1,24.23,24.28,1.68,
24,2026-04-02 17:00:00,5.3,3.07,432.2,0.0,45.34,23.83,24.07,24.25,1.64,
24,2026-04-02 18:00:00,5.15,2.94,166.0,0.0,47.94,22.18,22.87,23.42,1.45,
24,2026-04-02 19:00:00,4.18,1.93,37.98,0.0,51.43,19.87,20.63,21.48,1.18,
24,2026-04-02 20:00:00,2.52,0.43,0.02,0.0,62.17,16.51,17.93,19.6,0.79,
24,2026-04-02 21:00:00,1.85,0.07,0.0,0.0,70.2,14.83,15.55,16.27,0.53,
24,2026-04-02 22:00:00,1.18,0.12,0.0,0.0,74.49,14.14,14.37,14.65,0.42,
24,2026-04-02 23:00:00,3.05,0.97,0.0,0.0,68.96,13.73,15.17,16.05,0.54,
24,2026-04-03 00:00:00,3.5,1.29,0.0,0.0,67.39,14.72,15.48,16.04,0.58,
24,2026-04-03 01:00:00,2.15,0.69,0.0,0.0,73.11,13.75,14.7,15.54,0.45,
24,2026-04-03 02:00:00,1.1,0.14,0.0,0.0,84.71,10.93,11.59,12.81,0.21,
24,2026-04-03 03:00:00,4.55,1.8,0.0,0.0,77.44,11.14,12.42,13.3,0.33,
24,2026-04-03 04:00:00,5.38,2.0,0.0,0.0,75.46,11.59,12.28,12.89,0.35,
24,2026-04-03 05:00:00,3.28,1.46,0.0,0.0,82.23,10.64,10.82,11.08,0.23,
24,2026-04-03 06:00:00,4.92,1.52,0.0,0.0,82.7,10.57,10.86,11.04,0.23,
24,2026-04-03 07:00:00,3.65,1.43,2.83,0.0,85.48,9.61,10.0,10.37,0.18,
24,2026-04-03 08:00:00,3.35,1.12,110.5,0.0,85.03,9.45,9.79,10.31,0.18,
24,2026-04-03 09:00:00,5.45,2.4,301.9,0.0,78.95,10.85,11.26,11.73,0.28,
24,2026-04-03 10:00:00,4.1,2.2,487.7,0.0,70.79,12.78,13.35,13.84,0.45,
24,2026-04-03 11:00:00,4.03,2.24,639.2,0.0,61.29,14.62,15.83,17.08,0.7,
24,2026-04-03 12:00:00,4.1,2.23,734.8,0.0,46.68,18.0,19.13,20.3,1.19,
24,2026-04-03 13:00:00,3.88,2.2,773.2,0.0,39.37,20.58,21.16,21.73,1.53,
24,2026-04-03 14:00:00,5.3,2.65,769.8,0.0,34.24,22.72,23.37,24.06,1.89,
24,2026-04-03 15:00:00,5.68,3.23,718.9,0.0,35.92,24.36,24.63,24.83,1.99,
24,2026-04-03 16:00:00,5.6,2.64,618.7,0.0,28.56,24.87,25.11,25.4,2.28,
24,2026-04-03 17:00:00,6.8,3.62,454.5,0.0,36.17,23.26,24.28,25.05,1.94,
24,2026-04-03 18:00:00,5.6,3.13,200.3,0.0,43.47,21.65,22.32,22.84,1.53,
24,2026-04-03 19:00:00,4.78,2.62,42.79,0.0,50.18,19.55,20.18,20.92,1.18,
24,2026-04-03 20:00:00,4.62,2.44,0.02,0.0,52.78,18.4,18.8,19.25,1.03,
24,2026-04-03 21:00:00,2.98,1.11,0.0,0.0,61.73,15.51,16.53,17.24,0.72,
24,2026-04-03 22:00:00,2.08,0.5,0.0,0.0,67.17,13.58,14.45,15.14,0.54,
24,2026-04-03 23:00:00,2.45,0.36,0.0,0.0,70.17,12.82,13.44,13.99,0.46,
24,2026-04-04 00:00:00,1.7,0.13,0.0,0.0,75.57,11.21,11.63,12.19,0.34,
24,2026-04-04 01:00:00,3.5,0.58,0.0,0.0,73.56,11.59,13.11,14.79,0.41,
24,2026-04-04 02:00:00,3.72,1.43,0.0,0.0,74.77,13.36,14.3,14.97,0.41,
24,2026-04-04 03:00:00,1.85,0.31,0.0,0.0,80.37,11.25,12.18,13.08,0.28,
24,2026-04-04 04:00:00,0.88,0.02,0.0,0.0,88.23,8.0,8.47,8.92,0.13,
24,2026-04-04 05:00:00,1.1,0.02,0.0,0.0,91.5,7.18,7.28,7.38,0.09,
24,2026-04-04 06:00:00,0.95,0.05,0.0,0.0,92.03,6.61,7.26,7.75,0.08,
24,2026-04-04 07:00:00,0.8,0.03,1.86,0.0,92.45,5.74,6.03,6.36,0.07,
24,2026-04-04 08:00:00,0.0,0.0,134.8,0.0,91.98,5.4,6.29,7.96,0.08,
24,2026-04-04 09:00:00,1.85,0.58,300.4,0.0,80.93,10.03,11.58,12.29,0.26,
24,2026-04-04 10:00:00,2.9,0.95,493.3,0.0,70.6,13.27,14.65,16.01,0.5,
24,2026-04-04 11:00:00,3.72,1.91,635.5,0.0,65.12,16.49,16.81,17.38,0.67,
24,2026-04-04 12:00:00,4.4,2.22,723.4,0.0,60.54,18.01,18.64,19.15,0.85,
24,2026-04-04 13:00:00,3.88,2.05,756.3,0.0,53.08,19.77,20.77,21.86,1.16,
24,2026-04-04 14:00:00,2.9,1.31,756.2,0.0,41.31,22.38,23.68,24.59,1.73,
24,2026-04-04 15:00:00,3.5,1.51,709.9,0.0,34.25,25.07,25.86,26.7,2.19,
24,2026-04-04 16:00:00,4.03,1.84,599.3,0.0,33.94,26.82,27.06,27.43,2.36,
24,2026-04-04 17:00:00,3.95,2.08,439.9,0.0,31.53,27.38,27.65,27.9,2.54,
24,2026-04-04 18:00:00,5.08,2.72,187.7,0.0,36.28,24.71,25.7,26.82,2.1,
24,2026-04-04 19:00:00,4.18,2.04,34.1,0.0,41.63,21.22,22.63,24.14,1.62,
24,2026-04-04 20:00:00,2.38,0.29,0.01,0.0,56.69,17.38,18.9,20.16,0.95,
24,2026-04-04 21:00:00,1.48,0.15,0.0,0.0,64.43,13.84,15.14,16.14,0.62,
24,2026-04-04 22:00:00,0.88,0.04,0.0,0.0,74.4,12.27,13.1,13.77,0.39,
24,2026-04-04 23:00:00,0.88,0.08,0.0,0.0,75.34,10.81,11.24,11.75,0.33,
24,2026-04-05 00:00:00,0.57,0.01,0.0,0.0,76.08,10.68,10.9,11.27,0.32,
24,2026-04-05 01:00:00,1.25,0.12,0.0,0.0,80.81,9.4,9.81,9.96,0.23,
24,2026-04-05 02:00:00,0.5,0.0,0.0,0.0,84.0,8.34,8.62,9.01,0.18,
24,2026-04-05 03:00:00,0.35,0.0,0.0,0.0,86.85,7.78,8.03,8.3,0.14,
24,2026-04-05 04:00:00,0.8,0.01,0.0,0.0,88.05,7.13,7.26,7.51,0.12,
24,2026-04-05 05:00:00,1.25,0.06,0.0,0.0,85.0,6.9,7.56,8.39,0.16,
24,2026-04-05 06:00:00,0.88,0.07,0.0,0.0,87.48,7.37,7.53,7.86,0.13,
24,2026-04-05 07:00:00,0.28,0.0,2.11,0.0,89.53,6.08,6.46,7.01,0.1,
24,2026-04-05 08:00:00,1.02,0.09,123.2,0.0,85.12,6.35,7.73,10.29,0.17,
24,2026-04-05 09:00:00,2.82,0.48,285.2,0.0,60.63,12.61,14.01,14.75,0.63,
24,2026-04-05 10:00:00,2.3,0.71,477.2,0.0,54.67,16.06,16.43,16.86,0.85,
24,2026-04-05 11:00:00,2.68,0.87,615.6,0.0,51.65,17.64,18.21,18.77,1.01,
24,2026-04-05 12:00:00,3.2,1.27,700.2,0.0,49.41,19.4,19.95,20.3,1.18,
24,2026-04-05 13:00:00,4.25,1.31,735.3,0.0,46.56,20.85,21.37,21.91,1.36,
24,2026-04-05 14:00:00,3.35,1.23,733.9,0.0,41.6,22.62,23.26,23.6,1.67,
24,2026-04-05 15:00:00,3.05,1.24,698.6,0.0,37.62,24.19,24.55,24.74,1.93,
24,2026-04-05 16:00:00,3.5,1.52,370.4,0.0,33.75,23.82,24.15,24.43,1.99,
24,2026-04-05 17:00:00,4.1,1.57,281.1,0.0,33.71,22.57,23.37,23.95,1.91,
24,2026-04-05 18:00:00,5.0,2.03,117.7,0.0,32.51,20.89,21.51,22.07,1.73,
24,2026-04-05 19:00:00,3.58,2.02,43.26,0.0,40.46,19.04,19.76,20.48,1.38,
24,2026-04-05 20:00:00,4.18,1.86,0.02,0.0,43.92,18.41,18.74,19.0,1.22,
24,2026-04-05 21:00:00,2.6,0.68,0.0,0.0,57.82,14.52,16.31,18.01,0.8,
24,2026-04-05 22:00:00,0.88,0.06,0.0,0.0,69.74,12.5,13.17,13.68,0.46,
24,2026-04-05 23:00:00,1.18,0.1,0.0,0.0,73.37,10.39,10.89,11.57,0.35,
24,2026-04-06 00:00:00,4.47,1.03,0.0,0.0,70.4,10.3,12.34,14.9,0.44,
24,2026-04-06 01:00:00,6.05,3.0,0.0,0.0,68.11,14.19,14.72,15.25,0.54,
24,2026-04-06 02:00:00,5.3,2.89,0.0,0.0,74.63,13.13,13.53,13.98,0.4,
24,2026-04-06 03:00:00,2.6,0.79,0.0,0.0,79.1,10.75,12.11,12.92,0.3,
24,2026-04-06 04:00:00,1.18,0.12,0.0,0.0,85.68,8.86,9.24,9.65,0.17,
24,2026-04-06 05:00:00,1.48,0.22,0.0,0.0,88.23,7.94,8.55,9.09,0.13,
24,2026-04-06 06:00:00,1.02,0.1,0.0,0.0,88.47,7.84,8.19,8.46,0.13,
24,2026-04-06 07:00:00,1.48,0.26,1.63,0.0,91.48,7.26,7.45,7.6,0.09,
24,2026-04-06 08:00:00,3.28,0.73,119.6,0.0,89.83,8.01,9.29,11.63,0.12,
24,2026-04-06 09:00:00,3.35,1.65,279.6,0.0,80.36,12.02,12.65,13.33,0.29,
24,2026-04-06 10:00:00,2.45,0.74,473.2,0.0,68.4,13.76,14.81,15.96,0.54,
24,2026-04-06 11:00:00,2.08,0.56,615.3,0.0,57.27,15.86,17.27,18.57,0.85,
24,2026-04-06 12:00:00,3.58,1.07,702.1,0.0,50.15,18.95,19.74,20.51,1.15,
24,2026-04-06 13:00:00,4.55,1.78,731.6,0.0,47.56,20.7,21.21,21.67,1.32,
24,2026-04-06 14:00:00,4.85,2.66,726.5,0.0,49.35,21.62,21.76,22.11,1.32,
24,2026-04-06 15:00:00,5.08,2.98,684.2,0.0,45.05,22.2,22.53,22.67,1.5,
24,2026-04-06 16:00:00,5.6,3.32,578.0,0.0,42.8,22.84,22.94,23.08,1.6,
24,2026-04-06 17:00:00,5.15,3.05,411.2,0.0,43.2,22.33,22.6,22.89,1.56,
24,2026-04-06 18:00:00,4.25,2.44,179.4,0.0,45.25,20.98,21.62,22.13,1.42,
24,2026-04-06 19:00:00,4.62,2.56,26.23,0.0,51.43,18.64,19.21,20.02,1.08,
24,2026-04-06 20:00:00,3.8,1.6,0.0,0.0,57.57,16.72,17.67,18.42,0.86,
24,2026-04-06 21:00:00,2.15,0.15,0.0,0.0,69.99,13.04,14.62,16.22,0.51,
24,2026-04-06 22:00:00,1.02,0.08,0.0,0.0,77.56,11.33,11.69,12.22,0.31,
24,2026-04-06 23:00:00,1.25,0.12,0.0,0.0,79.44,10.74,10.87,11.06,0.27,
24,2026-04-07 00:00:00,1.18,0.25,0.0,0.0,83.93,9.92,10.62,11.01,0.21,
24,2026-04-07 01:00:00,1.02,0.03,0.0,0.0,86.43,9.22,9.35,9.52,0.16,
24,2026-04-07 02:00:00,0.95,0.08,0.0,0.0,88.88,8.21,8.44,8.82,0.12,
24,2026-04-07 03:00:00,0.88,0.05,0.0,0.0,87.88,8.03,8.18,8.43,0.13,
24,2026-04-07 04:00:00,0.95,0.06,0.0,0.0,88.18,7.24,7.76,8.2,0.13,
24,2026-04-07 05:00:00,1.02,0.05,0.0,0.0,90.3,6.58,6.91,7.15,0.1,
24,2026-04-07 06:00:00,0.88,0.05,0.0,0.0,90.88,6.0,6.27,6.51,0.09,
24,2026-04-07 07:00:00,0.88,0.04,1.8,0.0,92.27,5.7,5.75,5.86,0.07,
24,2026-04-07 08:00:00,0.72,0.03,120.2,0.0,93.08,5.63,6.74,8.4,0.07,
24,2026-04-07 09:00:00,2.45,0.61,281.6,0.0,78.76,10.69,12.34,13.57,0.31,
24,2026-04-07 10:00:00,2.3,0.62,471.8,0.0,65.6,14.38,15.35,16.2,0.6,
24,2026-04-07 11:00:00,2.45,0.92,611.7,0.0,56.75,16.96,17.97,19.03,0.9,
24,2026-04-07 12:00:00,3.2,1.45,701.6,0.0,50.2,19.57,20.5,21.45,1.21,
24,2026-04-07 13:00:00,3.65,1.74,733.4,0.0,42.71,22.1,22.72,23.35,1.58,
24,2026-04-07 14:00:00,4.85,2.55,732.3,0.0,38.39,23.73,24.21,24.45,1.86,
24,2026-04-07 15:00:00,7.02,3.62,684.7,0.0,42.52,24.27,24.4,24.53,1.76,
24,2026-04-07 16:00:00,6.05,3.51,571.4,0.0,40.02,24.62,24.72,24.87,1.87,
24,2026-04-07 17:00:00,5.45,3.21,411.1,0.0,40.45,24.31,24.59,24.91,1.84,
24,2026-04-07 18:00:00,5.0,2.72,176.5,0.0,40.81,22.8,23.5,23.87,1.72,
24,2026-04-07 19:00:00,5.0,3.02,21.87,0.0,53.06,20.0,20.77,21.69,1.16,
24,2026-04-07 20:00:00,4.62,2.2,0.0,0.0,60.9,18.64,19.27,19.72,0.88,
24,2026-04-07 21:00:00,4.47,2.02,0.0,0.0,63.8,18.05,18.52,18.78,0.78,
24,2026-04-07 22:00:00,2.6,1.13,0.0,0.0,67.23,17.41,17.6,17.89,0.66,
24,2026-04-07 23:00:00,2.3,0.53,0.0,0.0,72.09,12.84,15.17,17.09,0.49,
24,2026-04-08 00:00:00,1.1,0.14,0.0,0.0,80.49,11.82,12.11,12.64,0.28,
24,2026-04-08 01:00:00,4.4,1.34,0.0,0.0,72.93,12.13,13.93,15.54,0.44,
24,2026-04-08 02:00:00,3.72,1.97,0.0,0.0,73.77,14.17,14.55,15.05,0.44,
24,2026-04-08 03:00:00,3.28,1.3,0.0,0.0,79.35,12.54,13.2,13.78,0.31,
24,2026-04-08 04:00:00,2.38,0.89,0.0,0.0,82.1,11.83,12.13,12.35,0.25,
24,2026-04-08 05:00:00,2.6,0.75,0.0,0.0,83.83,9.51,10.89,11.53,0.21,
24,2026-04-08 06:00:00,0.8,0.02,0.0,0.0,89.78,7.27,7.94,8.49,0.11,
24,2026-04-08 07:00:00,0.65,0.01,1.58,0.0,92.15,5.86,6.16,6.56,0.07,
24,2026-04-08 08:00:00,1.32,0.21,81.0,0.0,94.38,5.91,7.26,8.37,0.06,
24,2026-04-08 09:00:00,2.68,0.65,243.9,0.0,86.98,9.32,10.72,11.8,0.17,
24,2026-04-08 10:00:00,3.58,1.66,458.8,0.0,77.87,11.9,12.77,13.39,0.33,
24,2026-04-08 11:00:00,3.88,1.69,597.8,0.0,71.85,13.85,14.38,14.94,0.46,
24,2026-04-08 12:00:00,4.25,1.86,689.7,0.0,63.19,15.72,16.59,17.65,0.7,
24,2026-04-08 13:00:00,4.55,2.56,718.9,0.0,60.76,18.13,18.33,18.75,0.83,
24,2026-04-08 14:00:00,5.15,2.92,721.7,0.0,57.24,19.08,19.36,19.85,0.96,
24,2026-04-08 15:00:00,4.78,2.74,679.6,0.0,53.73,20.57,20.95,21.41,1.15,
24,2026-04-08 16:00:00,4.32,1.94,557.8,0.0,45.65,22.0,22.8,23.39,1.51,
24,2026-04-08 17:00:00,4.4,2.19,410.8,0.0,45.92,22.71,23.24,23.49,1.54,
24,2026-04-08 18:00:00,3.88,2.19,168.9,0.0,53.83,20.8,21.53,22.02,1.19,
24,2026-04-08 19:00:00,3.42,1.12,37.15,0.0,62.13,18.15,19.14,20.01,0.84,
24,2026-04-08 20:00:00,1.32,0.28,0.0,0.0,71.57,15.67,16.49,17.31,0.54,
24,2026-04-08 21:00:00,2.08,0.43,0.0,0.0,76.51,14.58,14.92,15.2,0.4,
24,2026-04-08 22:00:00,0.72,0.01,0.0,0.0,85.2,11.31,11.87,12.82,0.21,
24,2026-04-08 23:00:00,1.02,0.13,0.0,0.0,88.78,10.22,10.58,11.11,0.14,
24,2026-04-09 00:00:00,0.0,0.0,0.0,0.0,89.13,9.37,9.62,9.96,0.13,
24,2026-04-09 01:00:00,1.1,0.06,0.0,0.0,91.4,8.74,9.05,9.2,0.1,
24,2026-04-09 02:00:00,0.72,0.01,0.0,0.0,91.7,7.96,8.11,8.39,0.09,
24,2026-04-09 03:00:00,0.8,0.02,0.0,0.0,92.15,7.2,7.59,7.9,0.08,
24,2026-04-09 04:00:00,1.02,0.14,0.0,0.0,93.4,7.0,7.25,7.7,0.07,
24,2026-04-09 05:00:00,0.57,0.01,0.0,0.0,92.9,6.46,6.93,7.5,0.07,
24,2026-04-09 06:00:00,0.57,0.01,0.0,0.0,93.35,5.95,6.18,6.53,0.07,
24,2026-04-09 07:00:00,0.0,0.0,1.45,0.0,93.15,5.37,5.59,5.78,0.06,
24,2026-04-09 08:00:00,0.65,0.01,105.8,0.0,94.03,5.2,5.92,7.17,0.05,
24,2026-04-09 09:00:00,1.25,0.07,329.5,0.0,83.91,8.63,10.56,12.7,0.22,
24,2026-04-09 10:00:00,2.68,0.68,412.8,0.0,70.25,14.19,14.91,15.42,0.5,
24,2026-04-09 11:00:00,2.68,0.93,580.8,0.0,60.84,15.65,16.98,18.21,0.76,
24,2026-04-09 12:00:00,3.2,1.01,675.2,0.0,53.63,18.7,19.59,20.15,1.06,
24,2026-04-09 13:00:00,3.58,1.26,703.8,0.0,46.1,21.24,21.59,22.22,1.39,
24,2026-04-09 14:00:00,3.72,1.32,701.6,0.0,39.92,22.63,23.23,23.71,1.71,
24,2026-04-09 15:00:00,3.8,1.54,653.8,0.0,38.69,23.37,23.83,24.29,1.81,
24,2026-04-09 16:00:00,4.18,1.84,548.2,0.0,39.27,24.42,24.61,24.98,1.88,
24,2026-04-09 17:00:00,4.03,2.17,378.3,0.0,42.94,23.8,24.05,24.26,1.71,
24,2026-04-09 18:00:00,3.88,1.84,176.6,0.0,44.71,22.37,22.99,23.49,1.55,
24,2026-04-09 19:00:00,1.92,0.47,20.04,0.0,53.74,18.69,20.11,21.58,1.1,
24,2026-04-09 20:00:00,1.55,0.13,0.0,0.0,65.04,15.49,16.66,17.79,0.67,
24,2026-04-09 21:00:00,1.32,0.06,0.0,0.0,74.63,13.56,14.51,15.28,0.42,
24,2026-04-09 22:00:00,1.1,0.12,0.0,0.0,82.51,12.6,12.77,13.0,0.26,
24,2026-04-09 23:00:00,1.25,0.08,0.0,0.0,86.85,11.55,11.82,12.25,0.18,
24,2026-04-10 00:00:00,0.72,0.02,0.0,0.0,88.63,9.39,9.91,10.46,0.14,
24,2026-04-10 01:00:00,0.57,0.02,0.0,0.0,90.35,8.18,8.48,8.89,0.11,
24,2026-04-10 02:00:00,0.65,0.0,0.0,0.0,92.23,7.75,8.09,8.55,0.08,
24,2026-04-10 03:00:00,0.5,0.01,0.0,0.0,91.3,9.39,10.14,10.74,0.11,
24,2026-04-10 04:00:00,1.32,0.32,0.0,0.0,91.38,11.03,11.39,11.57,0.12,
24,2026-04-10 05:00:00,1.85,0.2,0.0,0.0,92.3,11.48,11.54,11.58,0.11,
24,2026-04-10 06:00:00,1.18,0.06,0.0,0.0,92.7,11.4,11.45,11.55,0.1,
24,2026-04-10 07:00:00,1.92,0.54,0.3,0.0,93.45,11.07,11.14,11.26,0.09,
24,2026-04-10 08:00:00,1.4,0.37,12.8,0.0,94.38,11.04,11.08,11.12,0.08,
24,2026-04-10 09:00:00,1.92,0.62,39.37,0.0,92.7,10.91,11.09,11.32,0.1,
24,2026-04-10 10:00:00,1.55,0.18,57.44,0.0,91.3,11.49,11.74,11.95,0.12,
24,2026-04-10 11:00:00,1.7,0.42,104.4,0.0,88.7,11.98,12.2,12.47,0.16,
24,2026-04-10 12:00:00,1.62,0.61,121.5,0.0,85.08,12.56,12.71,12.87,0.22,
24,2026-04-10 13:00:00,2.0,0.49,125.6,0.0,83.9,12.95,13.13,13.23,0.24,
24,2026-04-10 14:00:00,1.92,0.7,117.8,0.0,80.98,13.5,13.61,13.76,0.3,
24,2026-04-10 15:00:00,2.68,0.76,86.5,0.0,81.75,13.67,13.73,13.8,0.29,
24,2026-04-10 16:00:00,2.45,1.02,96.0,0.0,78.35,13.86,14.08,14.27,0.35,
24,2026-04-10 17:00:00,1.7,0.71,66.31,0.0,76.39,14.26,14.33,14.39,0.39,
24,2026-04-10 18:00:00,1.18,0.13,67.25,0.0,75.06,14.49,14.58,14.62,0.42,
24,2026-04-10 19:00:00,1.48,0.25,16.22,0.0,78.41,14.1,14.32,14.51,0.35,
24,2026-04-10 20:00:00,1.92,0.62,0.0,0.0,81.6,13.81,13.85,13.91,0.29,
24,2026-04-10 21:00:00,0.95,0.03,0.0,0.0,82.08,13.84,13.87,13.91,0.29,
24,2026-04-10 22:00:00,1.02,0.06,0.0,0.0,83.18,13.62,13.74,13.84,0.27,
24,2026-04-10 23:00:00,1.02,0.1,0.0,0.0,88.68,13.04,13.29,13.57,0.17,
24,2026-04-11 00:00:00,0.95,0.03,0.0,0.0,91.68,12.95,12.99,13.02,0.13,
24,2026-04-11 01:00:00,1.18,0.08,0.0,0.0,93.33,12.79,12.85,12.96,0.1,
24,2026-04-11 02:00:00,1.48,0.08,0.0,0.0,94.55,12.79,12.79,12.8,0.08,
24,2026-04-11 03:00:00,1.4,0.09,0.0,0.0,94.98,12.66,12.67,12.69,0.07,
24,2026-04-11 04:00:00,0.35,0.0,0.0,0.0,94.83,12.65,12.69,12.71,0.08,
24,2026-04-11 05:00:00,0.0,0.0,0.0,0.0,94.6,12.43,12.6,12.71,0.08,
24,2026-04-11 06:00:00,0.8,0.07,0.0,0.0,94.83,10.86,11.33,12.02,0.07,
24,2026-04-11 07:00:00,1.7,0.3,0.6,0.0,95.98,10.32,10.56,10.89,0.05,
24,2026-04-11 08:00:00,1.4,0.14,32.55,0.0,96.2,9.89,10.4,11.11,0.05,
24,2026-04-11 09:00:00,2.15,0.61,72.41,0.0,96.7,11.05,11.31,11.6,0.04,
24,2026-04-11 10:00:00,1.4,0.18,196.2,0.0,96.03,11.8,12.28,12.75,0.06,
24,2026-04-11 11:00:00,1.4,0.32,220.6,0.0,86.1,13.06,13.64,14.27,0.22,
24,2026-04-11 12:00:00,3.05,0.95,718.1,0.0,74.45,14.53,15.58,16.94,0.46,
24,2026-04-11 13:00:00,3.35,1.45,688.3,0.0,63.64,17.03,17.99,18.83,0.75,
24,2026-04-11 14:00:00,2.9,0.97,683.1,0.0,54.48,19.91,20.35,20.97,1.09,
24,2026-04-11 15:00:00,2.98,1.0,637.4,0.0,45.68,21.15,21.84,22.57,1.42,
24,2026-04-11 16:00:00,2.82,1.05,536.0,0.0,46.36,22.59,22.64,22.68,1.48,
24,2026-04-11 17:00:00,2.98,0.9,373.7,0.0,42.62,22.79,23.17,23.41,1.63,
24,2026-04-11 18:00:00,2.0,0.72,195.0,0.0,47.25,21.51,22.45,23.16,1.44,
24,2026-04-11 19:00:00,1.78,0.32,16.99,0.0,64.78,17.1,18.77,20.35,0.77,
24,2026-04-11 20:00:00,1.48,0.2,0.0,0.0,75.43,14.67,15.38,16.35,0.43,
24,2026-04-11 21:00:00,2.38,0.42,0.0,0.0,73.78,14.49,14.84,15.53,0.44,
24,2026-04-11 22:00:00,3.72,0.85,0.0,0.0,70.61,13.71,15.1,16.11,0.51,
24,2026-04-11 23:00:00,1.1,0.11,0.0,0.0,83.57,10.75,11.69,12.61,0.23,
24,2026-04-12 00:00:00,0.8,0.03,0.0,0.0,87.78,9.21,9.79,10.49,0.15,
24,2026-04-12 01:00:00,1.18,0.08,0.0,0.0,89.93,8.12,8.64,9.29,0.11,
24,2026-04-12 02:00:00,3.65,1.2,0.0,0.0,83.7,8.15,11.36,13.0,0.23,
24,2026-04-12 03:00:00,3.5,1.43,0.0,0.0,82.13,11.93,12.38,12.73,0.26,
24,2026-04-12 04:00:00,2.08,0.38,0.0,0.0,88.18,9.97,10.4,10.83,0.15,
24,2026-04-12 05:00:00,1.32,0.12,0.0,0.0,90.03,7.92,9.05,10.35,0.12,
24,2026-04-12 06:00:00,1.62,0.29,0.0,0.0,92.53,7.42,7.98,8.5,0.08,
24,2026-04-12 07:00:00,0.8,0.01,0.75,0.0,92.5,5.71,6.23,7.05,0.07,
24,2026-04-12 08:00:00,1.1,0.14,66.42,0.0,94.83,6.47,6.81,7.09,0.05,
24,2026-04-12 09:00:00,2.45,0.66,231.8,0.0,94.98,7.78,9.07,10.08,0.06,
24,2026-04-12 10:00:00,3.28,1.69,400.8,0.0,87.53,10.27,11.31,12.19,0.17,
24,2026-04-12 11:00:00,4.78,2.24,596.3,0.0,76.78,13.18,13.71,14.44,0.37,
24,2026-04-12 12:00:00,4.4,2.65,597.6,0.0,69.29,14.79,15.18,15.98,0.53,
24,2026-04-12 13:00:00,5.98,3.11,642.1,0.0,57.44,17.66,18.35,18.87,0.9,
24,2026-04-12 14:00:00,6.72,3.04,447.5,0.0,53.4,18.39,18.62,18.97,1.0,
24,2026-04-12 15:00:00,5.0,2.87,481.0,0.0,50.48,19.37,19.67,19.91,1.14,
24,2026-04-12 16:00:00,5.3,3.24,425.2,0.0,48.4,20.02,20.15,20.36,1.22,
24,2026-04-12 17:00:00,5.38,2.47,257.2,0.0,49.51,19.85,20.0,20.13,1.18,
24,2026-04-12 18:00:00,3.72,2.01,140.7,0.0,51.85,18.96,19.62,20.05,1.1,
24,2026-04-12 19:00:00,2.0,0.63,17.75,0.0,61.39,15.74,17.31,18.39,0.77,
24,2026-04-12 20:00:00,0.65,0.0,0.0,0.0,74.31,12.42,13.28,14.63,0.4,
24,2026-04-12 21:00:00,0.28,0.0,0.0,0.0,78.45,11.72,11.97,12.13,0.3,
24,2026-04-12 22:00:00,0.8,0.05,0.0,0.0,80.78,11.28,11.38,11.5,0.26,
24,2026-04-12 23:00:00,1.1,0.05,0.0,0.0,80.26,10.55,10.7,10.8,0.26,
24,2026-04-13 00:00:00,1.4,0.22,0.0,0.0,83.49,10.25,10.34,10.43,0.21,
24,2026-04-13 01:00:00,1.55,0.24,0.0,0.0,86.53,9.64,9.81,10.06,0.16,
24,2026-04-13 02:00:00,2.98,0.7,0.0,0.0,86.28,9.85,10.68,11.43,0.18,
24,2026-04-13 03:00:00,2.22,0.65,0.0,0.0,84.23,10.97,11.79,12.26,0.22,
24,2026-04-13 04:00:00,4.47,1.01,0.0,0.0,90.63,9.84,10.4,11.0,0.12,
24,2026-04-13 05:00:00,1.7,0.25,0.0,0.0,91.05,7.74,8.99,11.08,0.11,
24,2026-04-13 06:00:00,1.18,0.09,0.0,0.0,93.73,6.13,6.8,7.54,0.06,
24,2026-04-13 07:00:00,1.1,0.19,0.29,0.0,96.08,8.95,9.3,9.79,0.05,
24,2026-04-13 08:00:00,1.02,0.1,27.23,0.0,96.3,8.94,9.04,9.14,0.04,
24,2026-04-13 09:00:00,2.0,0.23,151.1,0.0,96.5,8.88,9.11,9.42,0.04,
24,2026-04-13 10:00:00,3.5,1.45,455.8,0.0,87.66,9.62,10.92,13.03,0.18,
24,2026-04-13 11:00:00,4.47,2.11,588.9,0.0,75.95,13.33,13.59,14.12,0.37,
24,2026-04-13 12:00:00,2.9,1.5,676.7,0.0,67.5,14.85,15.79,16.95,0.59,
24,2026-04-13 13:00:00,4.62,1.54,704.7,0.0,52.97,17.76,19.24,20.65,1.06,
24,2026-04-13 14:00:00,4.55,2.16,703.7,0.0,42.81,20.83,21.69,22.49,1.49,
24,2026-04-13 15:00:00,4.1,2.11,656.8,0.0,37.5,22.58,23.02,23.51,1.76,
24,2026-04-13 16:00:00,5.15,2.49,544.9,0.0,33.42,23.87,23.99,24.16,1.99,
24,2026-04-13 17:00:00,5.08,2.82,379.4,0.0,34.91,23.15,23.56,24.06,1.89,
24,2026-04-13 18:00:00,4.32,2.2,195.5,0.0,39.54,21.21,22.07,22.83,1.61,
24,2026-04-13 19:00:00,2.15,0.34,16.85,0.0,51.2,17.4,18.74,20.31,1.06,
24,2026-04-13 20:00:00,1.32,0.07,0.0,0.0,64.37,12.92,14.57,16.69,0.6,
24,2026-04-13 21:00:00,0.65,0.01,0.0,0.0,72.98,11.04,11.8,12.68,0.38,
24,2026-04-13 22:00:00,0.35,0.0,0.0,0.0,75.88,9.32,9.82,10.51,0.29,
24,2026-04-13 23:00:00,0.0,0.0,0.0,0.0,79.22,8.02,8.46,8.94,0.23,
24,2026-04-14 00:00:00,0.65,0.02,0.0,0.0,81.85,7.52,7.75,7.91,0.19,
24,2026-04-14 01:00:00,0.88,0.05,0.0,0.0,84.43,6.85,7.08,7.26,0.16,
24,2026-04-14 02:00:00,1.18,0.05,0.0,0.0,87.35,6.29,6.8,7.04,0.12,
24,2026-04-14 03:00:00,0.95,0.02,0.0,0.0,87.4,5.6,6.06,6.43,0.12,
24,2026-04-14 04:00:00,0.72,0.01,0.0,0.0,89.73,5.21,5.29,5.4,0.09,
24,2026-04-14 05:00:00,1.1,0.08,0.0,0.0,90.85,5.0,5.58,6.15,0.08,
24,2026-04-14 06:00:00,1.25,0.08,0.0,0.0,91.53,5.92,6.19,6.76,0.08,
24,2026-04-14 07:00:00,1.62,0.37,0.86,0.0,88.5,8.11,8.78,9.43,0.13,
24,2026-04-14 08:00:00,3.42,1.02,29.89,0.0,90.63,9.09,9.41,9.64,0.11,
24,2026-04-14 09:00:00,1.85,0.66,125.3,0.0,83.5,9.79,10.71,11.44,0.22,
24,2026-04-14 10:00:00,2.08,0.67,443.5,0.0,75.42,11.2,12.31,13.96,0.36,
24,2026-04-14 11:00:00,3.8,1.66,570.4,0.0,65.11,14.36,14.83,15.11,0.59,
24,2026-04-14 12:00:00,3.95,2.17,499.8,0.0,64.88,15.65,15.66,15.67,0.63,
24,2026-04-14 13:00:00,4.18,1.41,748.0,0.0,58.64,15.59,16.68,17.94,0.79,
24,2026-04-14 14:00:00,3.58,1.35,722.6,0.0,55.99,17.4,17.94,18.39,0.91,
24,2026-04-14 15:00:00,3.65,1.57,356.9,0.0,57.76,17.18,17.54,17.97,0.85,
24,2026-04-14 16:00:00,4.47,2.17,249.0,0.0,60.24,16.93,17.04,17.16,0.77,
24,2026-04-14 17:00:00,3.8,1.92,355.0,0.0,60.75,16.39,16.95,17.45,0.76,
24,2026-04-14 18:00:00,2.9,1.39,87.9,0.0,64.05,16.05,16.19,16.29,0.66,
24,2026-04-14 19:00:00,1.62,0.38,22.41,0.0,70.35,13.02,14.54,15.62,0.5,
24,2026-04-14 20:00:00,0.65,0.01,0.0,0.0,80.95,10.47,11.39,12.19,0.26,
24,2026-04-14 21:00:00,1.25,0.12,0.0,0.0,85.45,9.3,9.52,9.8,0.18,
24,2026-04-14 22:00:00,1.1,0.05,0.0,0.0,87.23,8.15,8.8,9.27,0.15,
24,2026-04-14 23:00:00,0.88,0.02,0.0,0.0,90.18,7.28,7.5,7.81,0.1,
24,2026-04-15 00:00:00,1.1,0.05,0.0,0.0,90.38,7.03,7.5,7.93,0.1,
24,2026-04-15 01:00:00,0.95,0.02,0.0,0.0,90.97,6.66,7.05,7.37,0.09,
24,2026-04-15 02:00:00,0.0,0.0,0.0,0.0,92.5,5.53,5.71,5.93,0.07,
24,2026-04-15 03:00:00,0.42,0.0,0.0,0.0,92.85,5.4,5.71,5.93,0.07,
24,2026-04-15 04:00:00,0.0,0.0,0.0,0.0,92.55,4.6,5.0,5.34,0.07,
24,2026-04-15 05:00:00,0.5,0.01,0.0,0.0,93.0,3.97,4.23,4.44,0.06,
24,2026-04-15 06:00:00,0.0,0.0,0.0,0.0,93.53,3.58,3.79,3.91,0.05,
24,2026-04-15 07:00:00,0.0,0.0,0.59,0.0,93.0,3.37,3.68,3.95,0.06,
24,2026-04-15 08:00:00,0.72,0.02,98.5,0.0,94.08,3.52,3.97,5.02,0.05,
24,2026-04-15 09:00:00,1.55,0.3,269.4,0.0,84.54,7.15,9.25,10.67,0.19,
24,2026-04-15 10:00:00,1.85,0.7,434.6,0.0,70.66,11.42,12.96,14.12,0.45,
24,2026-04-15 11:00:00,2.45,1.12,573.3,0.0,57.77,15.12,16.4,17.73,0.79,
24,2026-04-15 12:00:00,2.82,1.1,657.8,0.0,48.69,18.67,19.77,21.2,1.19,
24,2026-04-15 13:00:00,3.12,1.14,685.8,0.0,39.68,22.04,22.79,23.51,1.68,
24,2026-04-15 14:00:00,3.8,1.75,680.9,0.0,34.88,23.76,24.43,24.83,2.0,
24,2026-04-15 15:00:00,4.03,1.98,632.3,0.0,29.25,24.98,25.71,26.27,2.34,
24,2026-04-15 16:00:00,5.98,2.83,530.5,0.0,27.85,26.1,26.25,26.39,2.46,
24,2026-04-15 17:00:00,5.0,2.8,374.4,0.0,28.15,25.52,25.78,26.08,2.39,
24,2026-04-15 18:00:00,4.25,2.38,187.4,0.0,33.21,22.88,24.24,25.38,2.03,
24,2026-04-15 19:00:00,3.28,1.27,11.59,0.0,41.51,18.89,20.53,21.8,1.43,
24,2026-04-15 20:00:00,1.92,0.32,0.0,0.0,54.93,14.17,16.44,17.8,0.86,
24,2026-04-15 21:00:00,0.8,0.06,0.0,0.0,66.44,11.2,11.85,12.98,0.47,
24,2026-04-15 22:00:00,0.95,0.08,0.0,0.0,71.54,9.94,10.77,11.56,0.37,
24,2026-04-15 23:00:00,1.25,0.14,0.0,0.0,75.48,9.21,9.42,9.61,0.29,
24,2026-04-16 00:00:00,0.8,0.02,0.0,0.0,75.6,8.28,8.62,8.79,0.27,
24,2026-04-16 01:00:00,0.42,0.0,0.0,0.0,79.04,7.37,7.6,7.98,0.22,
24,2026-04-16 02:00:00,0.0,0.0,0.0,0.0,79.31,7.01,7.3,7.71,0.21,
24,2026-04-16 03:00:00,0.95,0.04,0.0,0.0,79.84,6.97,7.12,7.36,0.21,
24,2026-04-16 04:00:00,1.02,0.03,0.0,0.0,83.6,5.79,6.07,6.55,0.15,
24,2026-04-16 05:00:00,0.88,0.08,0.0,0.0,85.43,5.52,5.64,5.89,0.13,
24,2026-04-16 06:00:00,0.88,0.04,0.0,0.0,87.1,4.64,4.94,5.26,0.11,
24,2026-04-16 07:00:00,0.95,0.14,2.33,0.0,88.43,4.36,4.52,4.74,0.1,
24,2026-04-16 08:00:00,1.18,0.48,44.09,0.0,86.13,5.15,5.78,6.87,0.13,
24,2026-04-16 09:00:00,1.25,0.19,264.3,0.0,66.7,7.94,10.44,12.94,0.44,
24,2026-04-16 10:00:00,1.62,0.32,424.8,0.0,50.93,14.18,16.01,18.28,0.91,
24,2026-04-16 11:00:00,2.38,0.76,566.0,0.0,40.39,18.52,19.56,20.92,1.36,
24,2026-04-16 12:00:00,2.08,0.52,549.4,0.0,35.45,22.01,22.49,23.24,1.76,
24,2026-04-16 13:00:00,2.38,0.82,664.3,0.0,32.51,23.96,24.35,24.63,2.06,
24,2026-04-16 14:00:00,2.52,0.91,667.7,0.0,29.99,25.17,25.53,25.69,2.29,
24,2026-04-16 15:00:00,2.68,0.77,314.6,0.0,33.42,24.32,24.61,25.28,2.06,
24,2026-04-16 16:00:00,2.0,0.86,203.0,0.0,38.17,23.23,23.65,24.02,1.81,
24,2026-04-16 17:00:00,2.68,0.66,105.0,0.0,43.27,21.88,22.35,22.76,1.54,
24,2026-04-16 18:00:00,3.58,1.34,42.5,0.0,48.5,20.33,20.85,21.43,1.27,
24,2026-04-16 19:00:00,1.62,0.41,2.51,0.0,53.53,18.85,19.42,19.86,1.05,
24,2026-04-16 20:00:00,1.02,0.15,0.0,0.0,61.3,16.71,17.31,18.0,0.77,
24,2026-04-16 21:00:00,1.92,0.51,0.0,0.0,62.4,16.61,16.72,16.91,0.72,
24,2026-04-16 22:00:00,2.68,0.7,0.0,0.0,62.99,16.71,16.99,17.19,0.72,
24,2026-04-16 23:00:00,1.32,0.26,0.0,0.0,68.66,15.65,15.87,16.2,0.57,
24,2026-04-17 00:00:00,2.82,0.7,0.0,0.0,71.62,15.86,16.36,16.64,0.53,
24,2026-04-17 01:00:00,2.6,0.75,0.0,0.0,72.97,15.89,15.96,16.0,0.49,
24,2026-04-17 02:00:00,2.98,1.12,0.0,0.0,73.78,15.47,15.85,16.09,0.48,
24,2026-04-17 03:00:00,3.42,0.84,0.0,0.0,80.75,14.89,15.23,15.53,0.33,
24,2026-04-17 04:00:00,2.68,0.62,0.0,0.0,80.47,14.89,15.31,15.71,0.34,
24,2026-04-17 05:00:00,2.0,0.51,0.0,0.0,81.86,14.49,14.79,14.94,0.31,
24,2026-04-17 06:00:00,2.98,0.59,0.0,0.0,81.1,14.39,14.43,14.53,0.31,
24,2026-04-17 07:00:00,2.52,0.64,0.19,0.0,83.93,13.71,14.09,14.29,0.26,
24,2026-04-17 08:00:00,1.85,0.35,38.14,0.0,85.0,13.44,13.65,13.99,0.24,
24,2026-04-17 09:00:00,1.18,0.06,185.4,0.0,74.62,14.01,15.67,17.27,0.46,
24,2026-04-17 10:00:00,1.55,0.42,343.1,0.0,67.04,16.87,17.65,18.34,0.67,
24,2026-04-17 11:00:00,2.08,0.59,520.8,0.0,60.37,18.47,19.44,20.67,0.9,
24,2026-04-17 12:00:00,2.68,0.92,547.1,0.0,53.13,21.1,21.57,22.24,1.21,
24,2026-04-17 13:00:00,2.9,0.91,498.3,0.0,47.21,22.34,22.78,23.2,1.46,
24,2026-04-17 14:00:00,2.3,0.78,455.7,0.0,43.57,23.37,23.54,23.71,1.64,
24,2026-04-17 15:00:00,2.68,0.84,380.7,0.0,40.64,24.07,24.44,24.94,1.82,
24,2026-04-17 16:00:00,2.3,0.65,289.7,0.0,38.05,24.43,24.53,24.59,1.91,
24,2026-04-17 17:00:00,1.85,0.78,162.4,0.0,40.74,23.75,24.04,24.4,1.77,
24,2026-04-17 18:00:00,2.68,0.89,51.47,0.0,52.07,21.57,22.36,23.33,1.3,
24,2026-04-17 19:00:00,1.85,0.62,4.69,0.0,57.47,20.28,20.67,21.1,1.04,
24,2026-04-17 20:00:00,1.55,0.15,0.0,0.0,64.45,18.6,19.19,19.81,0.8,
24,2026-04-17 21:00:00,0.8,0.03,0.0,0.0,67.77,17.94,18.21,18.47,0.68,
24,2026-04-17 22:00:00,0.95,0.09,0.0,0.0,69.06,17.61,18.06,18.57,0.64,
24,2026-04-17 23:00:00,1.1,0.07,0.0,0.0,72.23,16.89,17.5,17.99,0.56,
24,2026-04-18 00:00:00,2.15,0.5,0.0,0.0,77.1,16.53,16.83,17.05,0.44,
24,2026-04-18 01:00:00,1.1,0.09,0.0,0.0,79.92,16.18,16.42,16.58,0.38,
24,2026-04-18 02:00:00,0.65,0.01,0.0,0.0,82.73,15.22,15.62,16.0,0.31,
24,2026-04-18 03:00:00,0.88,0.02,0.0,0.0,83.98,14.92,15.04,15.11,0.28,
24,2026-04-18 04:00:00,0.35,0.01,0.0,0.0,84.75,14.96,15.02,15.09,0.26,
24,2026-04-18 05:00:00,0.88,0.06,0.0,0.0,85.6,14.61,14.73,14.8,0.24,
24,2026-04-18 06:00:00,0.0,0.0,0.0,0.0,86.58,14.32,14.36,14.44,0.22,
24,2026-04-18 07:00:00,0.65,0.01,0.14,0.0,87.23,13.97,14.15,14.31,0.21,
24,2026-04-18 08:00:00,0.42,0.0,23.68,0.0,87.95,13.87,13.9,13.97,0.19,
24,2026-04-18 09:00:00,0.42,0.01,54.59,0.0,85.93,14.24,14.77,15.22,0.24,
24,2026-04-18 10:00:00,0.65,0.02,94.5,0.0,80.89,15.45,15.85,16.28,0.35,
24,2026-04-18 11:00:00,1.7,0.6,102.3,0.0,81.03,16.14,16.25,16.4,0.35,
24,2026-04-18 12:00:00,1.62,0.35,200.5,0.0,77.79,16.72,17.22,17.69,0.44,
24,2026-04-18 13:00:00,2.82,0.91,243.0,0.0,72.65,18.17,18.46,18.84,0.58,
24,2026-04-18 14:00:00,2.08,0.41,233.8,0.0,67.64,19.15,19.32,19.6,0.73,
24,2026-04-18 15:00:00,2.15,0.65,303.4,0.0,64.81,19.8,20.03,20.32,0.83,
24,2026-04-18 16:00:00,2.0,0.52,238.9,0.0,60.79,20.42,20.6,20.73,0.95,
24,2026-04-18 17:00:00,1.02,0.15,147.5,0.0,59.15,20.76,20.92,21.13,1.01,
24,2026-04-18 18:00:00,0.0,0.0,71.88,0.0,62.58,20.08,20.46,20.68,0.9,
24,2026-04-18 19:00:00,0.0,0.0,8.38,0.0,72.84,17.86,18.56,19.44,0.58,
24,2026-04-18 20:00:00,0.95,0.06,0.0,0.0,74.99,16.82,17.25,17.54,0.49,
24,2026-04-18 21:00:00,0.8,0.01,0.0,0.0,78.87,15.84,16.24,16.66,0.39,
24,2026-04-18 22:00:00,0.5,0.0,0.0,0.0,79.34,15.6,15.71,15.82,0.37,
24,2026-04-18 23:00:00,0.65,0.01,0.0,0.0,80.83,15.6,15.7,15.76,0.34,
24,2026-04-19 00:00:00,2.15,0.1,0.0,0.0,80.79,15.18,15.26,15.38,0.33,
24,2026-04-19 01:00:00,3.88,1.96,0.0,0.0,75.83,15.89,16.33,16.56,0.45,
24,2026-04-19 02:00:00,2.68,0.59,0.0,0.0,77.9,15.01,15.28,15.56,0.38,
24,2026-04-19 03:00:00,2.08,1.03,0.0,0.0,80.91,14.5,14.7,14.9,0.32,
24,2026-04-19 04:00:00,2.6,0.92,0.0,0.0,86.37,13.95,14.04,14.14,0.22,
24,2026-04-19 05:00:00,1.62,0.55,0.0,0.0,87.95,13.75,13.79,13.84,0.19,
24,2026-04-19 06:00:00,1.62,0.15,0.0,0.0,89.2,13.39,13.54,13.71,0.17,
24,2026-04-19 07:00:00,1.78,0.53,0.1,0.0,90.18,13.16,13.2,13.24,0.15,
24,2026-04-19 08:00:00,2.38,0.92,18.69,0.0,88.75,13.04,13.11,13.14,0.17,
24,2026-04-19 09:00:00,2.52,1.19,26.66,0.0,91.63,12.88,12.96,13.04,0.13,
24,2026-04-19 10:00:00,3.05,1.32,85.6,0.0,91.18,12.88,13.02,13.21,0.13,
24,2026-04-19 11:00:00,2.6,1.22,133.6,0.0,89.48,13.26,13.4,13.69,0.16,
24,2026-04-19 12:00:00,2.0,0.76,214.4,0.0,85.93,13.86,14.11,14.36,0.23,
24,2026-04-19 13:00:00,1.62,0.51,221.1,0.1,81.74,14.79,15.05,15.33,0.31,
24,2026-04-19 14:00:00,2.6,1.0,221.7,0.0,79.94,15.73,15.83,15.98,0.36,
24,2026-04-19 15:00:00,2.9,1.53,265.6,0.0,79.1,15.94,16.11,16.26,0.38,
24,2026-04-19 16:00:00,4.03,1.99,260.9,0.0,79.86,15.82,16.08,16.43,0.37,
24,2026-04-19 17:00:00,3.35,1.6,109.7,0.0,83.28,15.24,15.48,15.81,0.3,
24,2026-04-19 18:00:00,2.22,0.98,30.81,0.0,83.6,15.12,15.14,15.17,0.28,
24,2026-04-19 19:00:00,2.3,0.76,1.44,0.6,88.45,14.07,14.54,15.01,0.19,
24,2026-04-19 20:00:00,0.0,0.0,0.0,0.5,93.5,13.89,13.94,13.97,0.11,
24,2026-04-19 21:00:00,1.18,0.21,0.0,1.5,94.8,13.76,13.82,13.91,0.09,
24,2026-04-19 22:00:00,1.32,0.1,0.0,0.3,95.45,13.82,13.87,13.94,0.07,
24,2026-04-19 23:00:00,2.52,0.68,0.0,0.5,95.13,13.93,13.95,13.97,0.08,
24,2026-04-20 00:00:00,1.92,0.48,0.0,2.2,94.7,13.31,13.56,13.85,0.08,
24,2026-04-20 01:00:00,2.3,0.76,0.0,3.2,94.78,13.4,13.46,13.51,0.08,
24,2026-04-20 02:00:00,2.08,0.41,0.0,3.6,93.15,13.26,13.38,13.45,0.11,
24,2026-04-20 03:00:00,5.0,1.94,0.0,4.3,85.13,12.84,13.01,13.22,0.22,
24,2026-04-20 04:00:00,4.78,2.62,0.0,3.8,84.88,12.14,12.32,12.61,0.22,
24,2026-04-20 05:00:00,5.82,2.73,0.0,6.1,86.05,11.69,11.76,11.94,0.19,
24,2026-04-20 06:00:00,6.12,2.83,0.0,2.0,82.5,11.32,11.36,11.41,0.23,
24,2026-04-20 07:00:00,2.75,0.8,0.05,0.1,90.3,10.27,10.56,10.81,0.13,
24,2026-04-20 08:00:00,1.7,0.31,13.02,0.4,93.23,10.12,10.23,10.27,0.09,
24,2026-04-20 09:00:00,1.48,0.29,99.9,0.8,94.13,10.15,10.36,10.48,0.08,
24,2026-04-20 10:00:00,2.98,1.07,90.1,0.9,93.83,9.86,10.15,10.57,0.08,
24,2026-04-20 11:00:00,2.0,0.48,150.1,0.2,91.83,9.87,10.16,10.29,0.1,
24,2026-04-20 12:00:00,2.0,0.62,108.7,1.1,92.78,10.34,10.46,10.6,0.09,
24,2026-04-20 13:00:00,1.78,0.46,185.3,0.1,92.15,10.73,11.06,11.29,0.11,
24,2026-04-20 14:00:00,1.48,0.48,187.5,0.0,88.93,11.33,11.56,11.66,0.15,
24,2026-04-20 15:00:00,1.78,0.32,179.1,0.0,84.5,11.63,11.83,12.13,0.22,
24,2026-04-20 16:00:00,2.22,1.09,263.4,0.0,79.25,12.49,12.79,12.96,0.31,
24,2026-04-20 17:00:00,2.68,1.11,147.7,0.0,79.7,12.94,12.98,13.02,0.31,
24,2026-04-20 18:00:00,1.92,0.39,72.9,0.0,78.75,12.96,13.02,13.08,0.32,
24,2026-04-20 19:00:00,0.0,0.0,7.98,0.0,82.92,12.58,12.79,12.88,0.26,
24,2026-04-20 20:00:00,0.42,0.0,0.0,0.0,89.95,10.97,11.86,12.42,0.14,
24,2026-04-20 21:00:00,1.62,0.31,0.0,0.0,92.8,8.9,9.48,10.27,0.09,
24,2026-04-20 22:00:00,1.25,0.35,0.0,0.0,92.6,8.39,8.55,8.68,0.08,
24,2026-04-20 23:00:00,0.8,0.02,0.0,0.0,92.98,6.94,7.49,8.05,0.07,
24,2026-04-21 00:00:00,0.72,0.01,0.0,0.0,94.35,6.02,6.31,6.62,0.06,
24,2026-04-21 01:00:00,0.0,0.0,0.0,0.0,94.85,5.41,5.64,5.85,0.05,
24,2026-04-21 02:00:00,0.8,0.02,0.0,0.0,95.28,4.85,5.1,5.3,0.04,
24,2026-04-21 03:00:00,1.25,0.03,0.0,0.0,95.78,4.81,4.88,4.94,0.04,
24,2026-04-21 04:00:00,0.8,0.02,0.0,0.0,95.95,4.69,4.88,5.07,0.04,
24,2026-04-21 05:00:00,1.32,0.13,0.0,0.0,96.3,4.75,5.29,6.13,0.03,
24,2026-04-21 06:00:00,1.1,0.13,0.0,0.0,94.38,5.6,6.11,6.41,0.05,
24,2026-04-21 07:00:00,0.88,0.03,0.41,0.1,94.05,4.15,4.95,5.64,0.05,
24,2026-04-21 08:00:00,0.65,0.01,117.6,0.0,95.3,3.68,3.96,4.62,0.04,
24,2026-04-21 09:00:00,1.55,0.25,292.4,0.0,91.55,6.28,7.32,8.03,0.09,
24,2026-04-21 10:00:00,1.55,0.3,436.5,0.0,80.78,9.05,10.17,11.08,0.24,
24,2026-04-21 11:00:00,2.38,0.72,561.1,0.0,72.13,11.58,12.48,13.45,0.41,
24,2026-04-21 12:00:00,2.52,0.88,644.8,0.0,58.78,14.23,14.92,15.72,0.7,
24,2026-04-21 13:00:00,2.52,0.91,667.5,0.0,54.48,16.21,16.58,17.15,0.86,
24,2026-04-21 14:00:00,2.98,1.25,664.1,0.0,51.98,17.55,17.73,17.93,0.98,
24,2026-04-21 15:00:00,3.72,1.54,612.5,0.0,50.19,18.1,18.37,18.57,1.05,
24,2026-04-21 16:00:00,3.8,1.97,502.9,0.0,49.85,18.9,19.0,19.1,1.1,
24,2026-04-21 17:00:00,4.1,2.18,235.2,0.0,47.09,18.77,18.92,19.03,1.16,
24,2026-04-21 18:00:00,3.65,1.58,182.9,0.0,48.91,17.05,17.87,18.59,1.05,
24,2026-04-21 19:00:00,2.15,0.34,7.4,0.0,63.33,14.0,14.81,15.96,0.62,
24,2026-04-21 20:00:00,1.1,0.06,0.0,0.0,78.75,10.82,11.83,12.93,0.3,
24,2026-04-21 21:00:00,1.48,0.37,0.0,0.0,77.82,10.31,11.27,12.05,0.3,
24,2026-04-21 22:00:00,1.4,0.1,0.0,0.0,82.43,9.84,10.36,10.96,0.22,
24,2026-04-21 23:00:00,3.72,1.26,0.0,0.0,67.57,9.76,11.79,13.33,0.46,
24,2026-04-22 00:00:00,3.05,0.81,0.0,0.0,66.59,11.81,12.31,12.68,0.48,
24,2026-04-22 01:00:00,1.1,0.21,0.0,0.0,80.59,8.87,10.05,11.43,0.25,
24,2026-04-22 02:00:00,1.02,0.02,0.0,0.0,89.08,7.07,7.87,8.93,0.12,
24,2026-04-22 03:00:00,1.4,0.19,0.0,0.0,90.95,6.72,6.97,7.28,0.09,
24,2026-04-22 04:00:00,4.32,1.43,0.0,0.0,78.68,7.55,8.91,10.14,0.25,
24,2026-04-22 05:00:00,5.38,2.45,0.0,0.0,77.27,9.38,9.64,9.98,0.27,
24,2026-04-22 06:00:00,4.85,2.21,0.0,0.0,80.14,8.97,9.27,9.46,0.23,
24,2026-04-22 07:00:00,4.55,1.91,0.26,0.0,82.69,8.44,8.72,8.89,0.2,
24,2026-04-22 08:00:00,4.03,2.0,47.4,0.0,85.53,8.05,8.14,8.23,0.16,
24,2026-04-22 09:00:00,4.18,1.61,240.8,0.0,80.92,8.48,8.98,9.7,0.22,
24,2026-04-22 10:00:00,2.15,0.64,422.8,0.0,67.41,11.08,12.07,12.9,0.46,
24,2026-04-22 11:00:00,2.98,1.08,558.2,0.0,59.93,13.85,14.6,15.33,0.67,
24,2026-04-22 12:00:00,5.9,3.06,642.2,0.0,58.7,15.3,15.49,15.77,0.73,
24,2026-04-22 13:00:00,5.75,3.46,670.9,0.0,56.52,15.67,16.31,16.81,0.81,
24,2026-04-22 14:00:00,6.12,3.45,666.9,0.0,49.26,16.99,17.59,18.15,1.02,
24,2026-04-22 15:00:00,5.9,2.85,620.5,0.0,42.1,18.62,19.17,19.51,1.29,
24,2026-04-22 16:00:00,5.68,3.26,514.4,0.0,43.04,19.43,19.62,19.73,1.3,
24,2026-04-22 17:00:00,5.9,3.07,209.8,0.0,45.6,18.71,19.17,19.58,1.21,
24,2026-04-22 18:00:00,5.22,2.63,162.9,0.0,46.33,17.13,17.93,18.58,1.11,
24,2026-04-22 19:00:00,3.35,1.5,7.71,0.0,53.79,15.01,15.79,16.54,0.83,
24,2026-04-22 20:00:00,1.55,0.4,0.0,0.0,62.98,12.09,13.73,14.67,0.59,
24,2026-04-22 21:00:00,1.1,0.2,0.0,0.0,79.88,9.52,10.44,11.27,0.26,
24,2026-04-22 22:00:00,1.1,0.15,0.0,0.0,86.95,8.54,8.97,9.48,0.15,
24,2026-04-22 23:00:00,0.72,0.02,0.0,0.0,88.75,7.42,8.03,8.62,0.12,
24,2026-04-23 00:00:00,0.65,0.02,0.0,0.0,91.23,7.14,7.25,7.42,0.09,
24,2026-04-23 01:00:00,1.7,0.28,0.0,0.0,89.03,7.01,7.7,8.99,0.12,
24,2026-04-23 02:00:00,2.6,1.09,0.0,0.0,80.42,10.41,10.47,10.52,0.25,
24,2026-04-23 03:00:00,1.85,0.65,0.0,0.0,83.5,9.12,9.67,10.43,0.2,
24,2026-04-23 04:00:00,1.32,0.16,0.0,0.0,89.6,5.69,6.8,8.52,0.11,
24,2026-04-23 05:00:00,2.0,0.47,0.0,0.0,92.5,5.91,7.39,8.19,0.08,
24,2026-04-23 06:00:00,2.22,0.61,0.0,0.0,93.85,6.72,7.05,7.41,0.06,
24,2026-04-23 07:00:00,2.68,1.02,0.2,0.0,95.73,6.73,7.16,7.44,0.04,
24,2026-04-23 08:00:00,1.1,0.2,42.59,0.0,96.25,5.45,5.62,5.78,0.04,
24,2026-04-23 09:00:00,3.12,1.22,142.2,0.0,96.75,6.18,6.85,7.32,0.03,
24,2026-04-23 10:00:00,3.65,1.62,447.8,0.0,87.9,8.07,8.91,9.71,0.14,
24,2026-04-23 11:00:00,3.65,2.09,562.1,0.0,83.8,9.55,9.99,10.45,0.2,
24,2026-04-23 12:00:00,5.98,2.5,627.1,0.0,81.5,10.56,10.7,10.86,0.24,
24,2026-04-23 13:00:00,5.0,2.74,664.3,0.0,78.01,11.02,11.68,12.49,0.3,
24,2026-04-23 14:00:00,4.7,2.66,663.2,0.0,61.55,13.07,14.27,15.12,0.63,
24,2026-04-23 15:00:00,5.75,2.95,618.8,0.0,54.18,15.61,16.08,16.62,0.84,
24,2026-04-23 16:00:00,5.38,3.13,508.6,0.0,45.81,16.82,16.96,17.19,1.05,
24,2026-04-23 17:00:00,5.38,2.59,211.9,0.0,47.32,17.05,17.13,17.18,1.03,
24,2026-04-23 18:00:00,3.95,2.0,161.5,0.0,51.11,14.95,15.83,16.66,0.88,
24,2026-04-23 19:00:00,3.5,1.87,6.79,0.0,55.46,13.41,13.82,14.22,0.7,
24,2026-04-23 20:00:00,2.08,0.12,0.0,0.0,73.63,8.59,10.66,12.81,0.35,
24,2026-04-23 21:00:00,1.4,0.13,0.0,0.0,80.79,7.53,8.31,9.04,0.21,
24,2026-04-23 22:00:00,1.48,0.18,0.0,0.0,81.98,6.85,7.56,8.12,0.19,
24,2026-04-23 23:00:00,0.72,0.01,0.0,0.0,87.38,5.99,6.43,6.6,0.12,
24,2026-04-24 00:00:00,0.72,0.01,0.0,0.0,91.1,5.2,5.44,5.7,0.08,
24,2026-04-24 01:00:00,2.9,0.89,0.0,0.0,81.78,5.08,7.61,10.23,0.21,
24,2026-04-24 02:00:00,2.9,0.64,0.0,0.0,77.77,8.34,9.2,9.89,0.26,
24,2026-04-24 03:00:00,3.2,1.52,0.0,0.0,78.36,8.62,8.93,9.17,0.25,
24,2026-04-24 04:00:00,2.52,1.11,0.0,0.0,81.83,7.86,8.1,8.49,0.2,
24,2026-04-24 05:00:00,2.0,0.34,0.0,0.0,87.4,5.2,6.38,7.62,0.12,
24,2026-04-24 06:00:00,1.48,0.07,0.0,0.0,88.35,4.26,5.25,6.46,0.11,
24,2026-04-24 07:00:00,0.0,0.0,0.26,0.0,92.58,2.63,3.06,3.55,0.06,
24,2026-04-24 08:00:00,0.88,0.05,72.39,0.0,94.23,2.4,2.57,2.89,0.04,
24,2026-04-24 09:00:00,2.68,0.36,250.5,0.0,84.69,4.39,6.94,9.03,0.16,
24,2026-04-24 10:00:00,4.47,1.9,412.3,0.0,74.96,9.41,10.22,10.86,0.32,
24,2026-04-24 11:00:00,4.85,2.61,534.3,0.0,72.77,10.99,11.4,11.87,0.37,
24,2026-04-24 12:00:00,4.85,2.72,644.0,0.0,64.86,12.52,13.14,13.67,0.53,
24,2026-04-24 13:00:00,5.45,2.96,574.4,0.0,60.85,14.14,14.5,14.97,0.65,
24,2026-04-24 14:00:00,5.82,3.46,646.7,0.0,58.33,14.86,15.26,15.65,0.72,
24,2026-04-24 15:00:00,5.9,3.24,579.7,0.0,54.3,15.76,16.22,16.63,0.85,
24,2026-04-24 16:00:00,5.15,2.87,490.7,0.0,48.29,16.95,17.17,17.37,1.01,
24,2026-04-24 17:00:00,5.68,2.99,217.2,0.0,49.27,16.83,17.07,17.16,0.99,
24,2026-04-24 18:00:00,4.62,2.38,149.2,0.0,56.38,15.17,15.84,16.42,0.79,
24,2026-04-24 19:00:00,2.9,1.47,6.4,0.0,63.85,13.37,13.82,14.46,0.57,
24,2026-04-24 20:00:00,2.75,0.52,0.0,0.0,72.61,10.02,11.92,13.25,0.39,
24,2026-04-24 21:00:00,1.18,0.1,0.0,0.0,84.85,7.48,8.49,9.41,0.17,
24,2026-04-24 22:00:00,0.42,0.0,0.0,0.0,90.3,6.26,6.51,6.94,0.1,
24,2026-04-24 23:00:00,1.1,0.05,0.0,0.0,91.35,5.77,5.95,6.32,0.08,
24,2026-04-25 00:00:00,1.4,0.07,0.0,0.0,91.45,5.34,5.61,5.8,0.08,
24,2026-04-25 01:00:00,1.02,0.03,0.0,0.0,91.33,4.77,5.18,5.7,0.08,
24,2026-04-25 02:00:00,0.65,0.01,0.0,0.0,93.18,3.97,4.16,4.44,0.06,
24,2026-04-25 03:00:00,3.65,1.6,0.0,0.0,87.25,5.05,7.98,9.22,0.14,
24,2026-04-25 04:00:00,3.2,1.29,0.0,0.0,87.28,8.02,8.43,8.84,0.14,
24,2026-04-25 05:00:00,3.5,2.02,0.0,0.0,88.3,7.99,8.03,8.07,0.13,
24,2026-04-25 06:00:00,1.4,0.16,0.0,0.0,90.7,5.37,6.32,7.24,0.09,
24,2026-04-25 07:00:00,1.92,0.3,0.14,0.0,93.2,3.24,4.14,5.03,0.06,
24,2026-04-25 08:00:00,0.42,0.01,66.36,0.0,94.6,2.86,2.96,3.05,0.04,
24,2026-04-25 09:00:00,2.75,1.13,326.7,0.0,90.4,5.1,6.61,7.9,0.1,
24,2026-04-25 10:00:00,3.05,1.76,420.7,0.0,88.0,7.83,8.26,8.86,0.13,
24,2026-04-25 11:00:00,4.55,2.29,567.9,0.0,81.6,9.54,9.72,9.93,0.22,
24,2026-04-25 12:00:00,5.15,2.96,625.7,0.0,78.05,10.23,10.4,10.67,0.28,
24,2026-04-25 13:00:00,5.68,3.56,650.0,0.0,71.71,11.12,11.95,12.42,0.4,
24,2026-04-25 14:00:00,6.5,3.82,647.2,0.0,66.0,12.47,12.71,13.12,0.5,
24,2026-04-25 15:00:00,5.38,2.97,595.3,0.0,58.98,13.76,14.75,15.68,0.69,
24,2026-04-25 16:00:00,5.98,3.05,491.2,0.0,52.73,16.15,16.38,16.56,0.88,
24,2026-04-25 17:00:00,5.82,3.15,240.7,0.0,54.98,15.9,16.02,16.17,0.82,
24,2026-04-25 18:00:00,5.15,2.75,152.0,0.0,59.59,14.35,15.03,15.64,0.69,
24,2026-04-25 19:00:00,3.8,2.05,5.68,0.0,66.58,12.6,13.26,13.8,0.51,
24,2026-04-25 20:00:00,3.2,1.65,0.0,0.0,69.96,11.77,12.14,12.44,0.43,
24,2026-04-25 21:00:00,3.35,1.59,0.0,0.0,70.36,11.64,11.96,12.17,0.42,
24,2026-04-25 22:00:00,3.05,1.3,0.0,0.0,76.2,10.14,10.6,11.19,0.31,
24,2026-04-25 23:00:00,4.55,1.72,0.0,0.0,72.03,8.94,10.02,10.83,0.35,
24,2026-04-26 00:00:00,4.03,1.7,0.0,0.0,69.55,9.21,9.79,10.43,0.37,
24,2026-04-26 01:00:00,3.12,1.56,0.0,0.0,73.48,7.94,8.44,8.83,0.29,
24,2026-04-26 02:00:00,6.42,2.45,0.0,0.0,74.91,7.66,7.96,8.22,0.27,
24,2026-04-26 03:00:00,5.0,2.03,0.0,0.0,78.34,6.73,7.15,7.61,0.22,
24,2026-04-26 04:00:00,4.32,2.05,0.0,0.0,79.85,6.22,6.55,6.72,0.2,
24,2026-04-26 05:00:00,3.72,1.32,0.0,0.0,83.75,5.71,5.85,6.01,0.15,
24,2026-04-26 06:00:00,5.15,2.57,0.0,0.0,82.53,5.84,5.96,6.09,0.16,
24,2026-04-26 07:00:00,4.55,2.15,0.0,0.0,85.93,5.25,5.39,5.62,0.12,
24,2026-04-26 08:00:00,5.0,2.47,62.42,0.0,85.3,5.28,5.51,5.7,0.13,
24,2026-04-26 09:00:00,5.52,2.88,240.0,0.0,81.04,5.98,6.42,6.95,0.18,
24,2026-04-26 10:00:00,5.75,3.3,415.0,0.0,74.46,7.41,8.13,8.98,0.28,
24,2026-04-26 11:00:00,6.12,3.42,548.4,0.0,66.52,9.65,10.26,10.96,0.42,
24,2026-04-26 12:00:00,6.58,3.79,633.7,0.0,59.63,11.38,12.2,12.9,0.58,
24,2026-04-26 13:00:00,6.72,3.8,657.2,0.0,53.98,13.01,13.68,14.49,0.72,
24,2026-04-26 14:00:00,6.5,3.89,653.3,0.0,50.18,14.76,15.35,15.74,0.87,
24,2026-04-26 15:00:00,6.42,3.69,598.7,0.0,48.58,16.14,16.67,17.17,0.98,
24,2026-04-26 16:00:00,6.12,3.59,490.0,0.0,45.5,17.39,17.54,17.64,1.09,
24,2026-04-26 17:00:00,6.12,3.45,240.3,0.0,44.28,17.14,17.3,17.41,1.1,
24,2026-04-26 18:00:00,5.15,2.74,149.2,0.0,48.04,15.36,16.17,16.87,0.96,
24,2026-04-26 19:00:00,3.88,2.21,0.0,0.0,55.62,13.82,13.82,13.82,0.7,
24,2026-04-26 20:00:00,5.75,3.24,0.0,0.0,53.15,13.29,13.52,13.78,0.73,
24,2026-04-26 21:00:00,5.38,2.82,0.0,0.0,56.7,11.46,12.14,12.89,0.62,
24,2026-04-26 22:00:00,4.32,1.62,0.0,0.0,63.54,9.6,10.59,11.27,0.47,
24,2026-04-26 23:00:00,2.22,0.56,0.0,0.0,78.33,6.21,7.29,9.05,0.22,
24,2026-04-27 00:00:00,5.45,3.06,0.0,0.0,64.76,8.75,8.99,9.35,0.41,
24,2026-04-27 01:00:00,3.58,1.54,0.0,0.0,71.02,7.34,7.78,8.38,0.31,
24,2026-04-27 02:00:00,2.75,1.3,0.0,0.0,75.78,6.6,6.92,7.3,0.24,
24,2026-04-27 03:00:00,3.12,0.99,0.0,0.0,78.34,5.92,6.24,6.54,0.21,
24,2026-04-27 04:00:00,2.22,0.34,0.0,0.0,85.56,2.1,3.93,6.0,0.12,
24,2026-04-27 05:00:00,0.8,0.01,0.0,0.0,91.6,0.93,1.36,1.76,0.06,
24,2026-04-27 06:00:00,0.95,0.07,0.0,0.0,92.8,0.05,0.28,0.51,0.04,
24,2026-04-27 07:00:00,0.5,0.01,0.14,0.0,93.63,-0.46,-0.28,-0.15,0.04,
24,2026-04-27 08:00:00,0.65,0.01,77.92,0.0,94.48,-0.61,-0.23,0.29,0.04,
24,2026-04-27 09:00:00,2.68,0.73,252.0,0.0,86.46,2.24,4.01,5.66,0.11,
24,2026-04-27 10:00:00,3.35,1.11,420.2,0.0,71.55,6.62,7.71,8.77,0.3,
24,2026-04-27 11:00:00,3.28,1.3,575.0,0.0,65.86,9.37,10.11,11.19,0.42,
24,2026-04-27 12:00:00,3.88,2.18,518.3,0.0,59.92,11.67,12.21,12.51,0.57,
24,2026-04-27 13:00:00,3.88,1.8,350.2,0.0,58.6,12.36,12.71,13.15,0.61,
24,2026-04-27 14:00:00,3.58,1.45,228.1,0.0,57.17,13.21,13.44,13.71,0.66,
24,2026-04-27 15:00:00,2.6,0.94,227.2,0.0,51.63,14.15,14.39,14.75,0.79,
24,2026-04-27 16:00:00,4.32,1.73,221.1,0.0,52.93,14.94,14.99,15.05,0.8,
24,2026-04-27 17:00:00,3.2,1.47,103.8,0.0,57.85,13.47,14.04,14.54,0.68,
24,2026-04-27 18:00:00,2.6,0.97,35.32,0.0,64.65,12.21,12.76,13.2,0.52,
24,2026-04-27 19:00:00,2.98,0.99,1.04,0.0,67.46,11.31,11.56,11.91,0.44,
24,2026-04-27 20:00:00,5.22,2.36,0.0,0.0,58.65,11.18,11.36,11.6,0.56,
24,2026-04-27 21:00:00,5.08,2.18,0.0,0.0,55.8,11.04,11.63,11.96,0.61,
24,2026-04-27 22:00:00,4.4,1.96,0.0,0.3,79.91,9.25,9.82,10.5,0.24,
24,2026-04-27 23:00:00,2.82,1.12,0.0,0.7,90.03,8.78,8.89,9.0,0.12,
24,2026-04-28 00:00:00,1.18,0.18,0.0,0.3,93.48,8.81,8.86,8.89,0.07,
24,2026-04-28 01:00:00,1.4,0.11,0.0,0.0,94.05,8.81,8.85,8.91,0.07,
24,2026-04-28 02:00:00,1.32,0.18,0.0,0.3,94.5,8.88,8.92,8.96,0.06,
24,2026-04-28 03:00:00,3.05,0.96,0.0,0.1,93.05,8.54,8.7,8.87,0.08,
24,2026-04-28 04:00:00,1.02,0.15,0.0,0.0,92.9,8.69,8.76,8.84,0.08,
24,2026-04-28 05:00:00,2.15,0.67,0.0,0.0,93.83,8.67,8.72,8.8,0.07,
24,2026-04-28 06:00:00,0.8,0.07,0.0,0.0,94.03,7.97,8.28,8.55,0.07,
24,2026-04-28 07:00:00,1.4,0.13,0.04,0.0,94.25,6.26,7.05,7.72,0.06,
24,2026-04-28 08:00:00,0.57,0.01,66.92,0.0,95.23,5.85,5.95,6.18,0.05,
24,2026-04-28 09:00:00,0.65,0.02,237.3,0.0,91.38,7.65,8.98,10.26,0.1,
24,2026-04-28 10:00:00,1.78,0.25,392.1,0.0,78.82,10.74,11.89,12.81,0.3,
24,2026-04-28 11:00:00,2.52,0.78,520.6,0.0,71.34,13.09,14.02,15.36,0.47,
24,2026-04-28 12:00:00,2.6,0.81,603.4,0.0,63.76,15.96,16.91,17.69,0.7,
24,2026-04-28 13:00:00,2.52,1.02,628.5,0.0,56.5,17.95,18.63,19.51,0.94,
24,2026-04-28 14:00:00,4.03,1.94,624.6,0.0,51.86,19.72,20.04,20.34,1.13,
24,2026-04-28 15:00:00,5.52,2.81,568.4,0.0,50.85,20.16,20.3,20.49,1.17,
24,2026-04-28 16:00:00,5.68,2.64,438.0,0.0,52.41,19.24,19.79,20.41,1.1,
24,2026-04-28 17:00:00,4.32,2.13,145.0,0.0,57.4,18.82,18.98,19.13,0.94,
24,2026-04-28 18:00:00,3.42,1.64,33.91,0.0,67.62,17.18,17.76,18.34,0.66,
24,2026-04-28 19:00:00,2.9,1.04,5.24,0.0,72.35,16.23,16.59,16.93,0.53,
24,2026-04-28 20:00:00,2.0,0.71,0.0,0.0,78.39,15.29,15.63,15.99,0.39,
24,2026-04-28 21:00:00,1.4,0.26,0.0,0.0,82.1,14.7,14.9,15.17,0.3,
24,2026-04-28 22:00:00,1.55,0.28,0.0,0.0,84.63,14.19,14.46,14.73,0.26,
24,2026-04-28 23:00:00,3.88,1.41,0.0,0.0,79.04,14.24,14.72,15.22,0.36,
24,2026-04-29 00:00:00,2.22,0.53,0.0,0.0,79.44,14.63,14.85,15.02,0.35,
24,2026-04-29 01:00:00,1.32,0.18,0.0,0.0,85.7,13.72,14.2,14.53,0.23,
24,2026-04-29 02:00:00,2.08,0.25,0.0,0.0,87.58,13.64,13.71,13.79,0.2,
24,2026-04-29 03:00:00,1.55,0.15,0.0,0.0,90.03,13.18,13.4,13.68,0.15,
24,2026-04-29 04:00:00,2.08,0.19,0.0,0.0,89.4,13.3,13.39,13.55,0.16,
24,2026-04-29 05:00:00,1.55,0.12,0.0,0.0,90.48,11.92,12.76,13.58,0.14,
24,2026-04-29 06:00:00,0.8,0.02,0.0,0.0,93.35,10.24,10.66,11.25,0.08,
24,2026-04-29 07:00:00,1.02,0.03,0.05,0.0,94.1,8.85,9.42,10.22,0.07,
24,2026-04-29 08:00:00,0.0,0.0,67.72,0.0,95.28,8.47,8.85,9.5,0.06,
24,2026-04-29 09:00:00,1.62,0.43,153.0,0.0,95.63,10.75,11.03,11.38,0.06,
24,2026-04-29 10:00:00,2.38,0.49,385.8,0.0,84.59,11.85,13.92,15.63,0.26,
24,2026-04-29 11:00:00,3.88,1.88,517.2,0.0,72.83,16.38,16.72,16.93,0.52,
24,2026-04-29 12:00:00,5.15,2.79,596.5,0.0,75.03,16.33,16.54,16.81,0.47,
24,2026-04-29 13:00:00,4.47,2.72,620.3,0.0,70.93,16.82,17.27,17.72,0.57,
24,2026-04-29 14:00:00,4.78,2.55,615.2,0.0,67.15,18.29,18.49,18.78,0.7,
24,2026-04-29 15:00:00,6.2,3.59,565.1,0.0,70.38,17.84,18.26,18.72,0.62,
24,2026-04-29 16:00:00,6.72,4.0,458.6,0.0,74.14,17.23,17.47,17.67,0.51,
24,2026-04-29 17:00:00,6.28,3.03,215.1,0.0,77.15,16.45,16.65,16.81,0.44,
24,2026-04-29 18:00:00,3.72,1.43,126.7,0.0,82.35,15.22,15.84,16.49,0.32,
24,2026-04-29 19:00:00,1.92,0.57,3.73,0.0,89.73,13.34,13.9,14.57,0.17,
24,2026-04-29 20:00:00,2.52,0.5,0.0,0.0,91.8,12.81,13.01,13.14,0.12,
24,2026-04-29 21:00:00,2.15,0.71,0.0,0.0,93.15,12.5,12.84,13.02,0.1,
24,2026-04-29 22:00:00,1.55,0.4,0.0,0.0,94.03,11.64,12.26,13.14,0.09,
24,2026-04-29 23:00:00,1.92,0.61,0.0,0.0,93.9,12.82,12.88,12.96,0.09,
24,2026-04-30 00:00:00,1.7,0.63,0.0,0.0,92.5,12.99,13.07,13.15,0.11,
24,2026-04-30 01:00:00,1.62,0.55,0.0,0.0,93.63,12.39,12.46,12.62,0.09,
24,2026-04-30 02:00:00,1.48,0.44,0.0,0.0,93.45,11.88,12.17,12.3,0.1,
24,2026-04-30 03:00:00,1.4,0.57,0.0,0.0,93.05,11.69,11.8,11.97,0.1,
24,2026-04-30 04:00:00,2.22,0.75,0.0,0.0,91.43,11.53,12.12,12.45,0.12,
24,2026-04-30 05:00:00,1.55,0.38,0.0,0.0,92.35,11.6,11.92,12.21,0.11,
24,2026-04-30 06:00:00,1.7,0.6,0.0,0.0,92.5,11.89,12.07,12.22,0.11,
24,2026-04-30 07:00:00,1.4,0.21,0.03,0.0,93.63,11.7,11.73,11.74,0.09,
24,2026-04-30 08:00:00,2.3,0.38,15.29,0.0,93.78,11.59,11.7,11.75,0.09,
24,2026-04-30 09:00:00,1.7,0.54,66.4,0.0,92.83,11.18,11.53,12.06,0.1,
24,2026-04-30 10:00:00,3.58,1.45,171.4,0.0,87.08,12.31,12.6,12.96,0.19,
24,2026-04-30 11:00:00,2.45,0.78,594.2,0.0,78.36,13.4,14.29,15.4,0.36,
24,2026-04-30 12:00:00,2.08,0.63,593.6,0.0,68.15,15.97,16.78,17.48,0.61,
24,2026-04-30 13:00:00,2.98,1.18,615.8,0.0,61.44,18.07,19.06,19.64,0.85,
24,2026-04-30 14:00:00,3.2,1.7,611.2,0.0,61.72,19.54,19.95,20.23,0.89,
24,2026-04-30 15:00:00,3.2,1.3,560.3,0.0,61.77,19.62,19.94,20.24,0.89,
24,2026-04-30 16:00:00,2.52,1.02,451.0,0.0,59.94,20.6,20.9,21.05,0.99,
24,2026-04-30 17:00:00,4.03,1.99,211.5,0.0,58.4,20.19,20.55,20.79,1.01,
24,2026-04-30 18:00:00,3.12,1.55,109.9,0.0,60.94,18.18,19.05,19.79,0.86,
24,2026-04-30 19:00:00,2.08,0.47,4.2,0.0,76.33,15.39,16.0,17.08,0.44,
24,2026-04-30 20:00:00,0.88,0.07,0.0,0.0,84.08,13.54,14.07,14.72,0.26,
24,2026-04-30 21:00:00,1.02,0.09,0.0,0.0,86.48,12.84,13.17,13.45,0.21,
24,2026-04-30 22:00:00,1.92,0.28,0.0,0.0,87.13,12.04,12.5,12.78,0.19,
24,2026-04-30 23:00:00,2.08,0.37,0.0,0.0,91.13,11.06,11.31,11.67,0.12,
24,2026-05-01 00:00:00,0.5,0.01,0.0,0.0,92.45,10.24,10.44,10.81,0.1,
24,2026-05-01 01:00:00,1.55,0.06,0.0,0.0,92.25,9.8,10.15,10.39,0.1,
24,2026-05-01 02:00:00,1.48,0.18,0.0,0.0,93.13,9.48,9.88,10.28,0.09,
24,2026-05-01 03:00:00,1.18,0.06,0.0,0.0,90.65,10.37,10.5,10.6,0.12,
24,2026-05-01 04:00:00,1.18,0.04,0.0,0.0,87.3,10.45,10.53,10.64,0.16,
24,2026-05-01 05:00:00,0.72,0.02,0.0,0.0,86.67,10.61,10.68,10.75,0.17,
24,2026-05-01 06:00:00,2.45,0.7,0.0,0.0,86.0,10.32,10.58,10.76,0.18,
24,2026-05-01 07:00:00,2.82,1.06,0.01,0.0,84.98,10.27,10.29,10.3,0.19,
24,2026-05-01 08:00:00,2.6,0.99,9.89,0.0,82.38,10.35,10.51,10.65,0.22,
24,2026-05-01 09:00:00,3.12,0.99,51.74,0.0,82.03,10.6,10.74,10.89,0.24,
24,2026-05-01 10:00:00,2.08,0.81,107.9,0.0,80.38,11.05,11.27,11.6,0.26,
24,2026-05-01 11:00:00,2.75,1.04,119.4,0.0,79.27,11.79,11.91,12.02,0.29,
24,2026-05-01 12:00:00,5.0,1.94,159.2,0.0,79.47,11.84,11.97,12.16,0.29,
24,2026-05-01 13:00:00,5.22,2.79,259.5,0.0,80.09,11.96,12.22,12.34,0.28,
24,2026-05-01 14:00:00,4.25,2.13,262.7,0.0,77.1,12.59,12.83,12.99,0.34,
24,2026-05-01 15:00:00,3.5,1.33,499.3,0.0,71.37,13.07,14.16,14.94,0.47,
24,2026-05-01 16:00:00,2.75,1.44,327.1,0.0,69.73,14.83,15.12,15.38,0.52,
24,2026-05-01 17:00:00,4.92,2.42,306.1,0.0,69.13,15.07,15.22,15.31,0.54,
24,2026-05-01 18:00:00,5.22,2.6,147.4,0.0,73.33,13.87,14.52,15.24,0.44,
24,2026-05-01 19:00:00,4.25,2.39,3.57,0.0,78.73,12.81,13.11,13.43,0.32,
24,2026-05-01 20:00:00,4.47,2.22,0.0,0.0,83.58,12.11,12.23,12.36,0.24,
24,2026-05-01 21:00:00,3.12,0.91,0.0,0.0,86.03,10.75,11.61,12.07,0.19,
24,2026-05-01 22:00:00,2.0,0.41,0.0,0.0,90.5,9.23,9.7,10.28,0.12,
24,2026-05-01 23:00:00,1.48,0.41,0.0,0.0,91.55,9.0,9.23,9.43,0.1,
24,2026-05-02 00:00:00,2.15,0.16,0.0,0.0,92.5,8.05,8.45,8.77,0.08,
24,2026-05-02 01:00:00,3.12,1.55,0.0,0.0,88.05,10.11,10.39,10.68,0.15,
24,2026-05-02 02:00:00,3.72,1.81,0.0,0.0,89.63,9.61,9.83,9.98,0.13,
24,2026-05-02 03:00:00,1.48,0.09,0.0,0.0,91.05,6.99,8.2,9.35,0.1,
24,2026-05-02 04:00:00,0.8,0.03,0.0,0.0,93.45,5.33,6.09,6.59,0.06,
24,2026-05-02 05:00:00,0.72,0.02,0.0,0.0,94.65,4.35,4.67,5.32,0.05,
24,2026-05-02 06:00:00,2.38,0.57,0.0,0.0,96.13,6.37,7.46,8.12,0.04,
24,2026-05-02 07:00:00,1.55,0.3,0.02,0.0,96.13,7.47,7.63,7.78,0.04,
24,2026-05-02 08:00:00,2.08,0.58,14.71,0.0,96.23,7.43,7.56,7.67,0.04,
24,2026-05-02 09:00:00,2.22,0.83,56.51,0.0,96.37,7.47,7.53,7.61,0.04,
24,2026-05-02 10:00:00,2.38,0.9,149.2,0.0,96.08,7.54,7.69,7.95,0.04,
24,2026-05-02 11:00:00,2.75,0.92,237.2,0.0,90.4,8.38,8.86,9.25,0.11,
24,2026-05-02 12:00:00,2.82,1.14,592.3,0.0,79.95,9.82,11.11,12.74,0.27,
24,2026-05-02 13:00:00,2.68,1.35,615.9,0.0,65.54,13.83,14.72,15.62,0.58,
24,2026-05-02 14:00:00,3.42,1.79,612.4,0.0,57.56,16.07,16.81,17.71,0.82,
24,2026-05-02 15:00:00,2.9,1.28,562.5,0.0,47.07,18.15,19.04,20.02,1.17,
24,2026-05-02 16:00:00,3.65,1.59,455.6,0.0,44.19,20.28,20.5,20.61,1.35,
24,2026-05-02 17:00:00,3.72,1.82,219.1,0.0,46.47,19.71,20.14,20.43,1.27,
24,2026-05-02 18:00:00,2.98,1.26,123.1,0.0,57.04,16.64,18.04,19.28,0.9,
24,2026-05-02 19:00:00,1.4,0.37,2.64,0.0,70.16,12.61,14.05,15.72,0.48,
24,2026-05-02 20:00:00,1.32,0.31,0.0,0.0,80.24,10.54,10.93,11.27,0.26,
24,2026-05-02 21:00:00,1.25,0.21,0.0,0.0,83.55,9.55,10.03,10.77,0.21,
24,2026-05-02 22:00:00,1.18,0.1,0.0,0.0,89.43,7.7,8.17,8.81,0.12,
24,2026-05-02 23:00:00,0.95,0.04,0.0,0.0,91.25,6.92,7.26,7.7,0.09,
24,2026-05-03 00:00:00,1.7,0.12,0.0,0.0,88.53,7.35,7.63,7.92,0.12,
24,2026-05-03 01:00:00,1.1,0.08,0.0,0.0,89.4,6.53,7.02,7.61,0.11,
24,2026-05-03 02:00:00,0.0,0.0,0.0,0.0,91.63,5.0,5.29,5.68,0.08,
24,2026-05-03 03:00:00,1.78,0.06,0.0,0.0,92.7,4.79,4.96,5.25,0.06,
24,2026-05-03 04:00:00,1.25,0.19,0.0,0.0,93.18,4.88,5.24,5.5,0.06,
24,2026-05-03 05:00:00,0.88,0.08,0.0,0.0,92.55,4.03,4.62,5.44,0.06,
24,2026-05-03 06:00:00,0.95,0.05,0.0,0.0,93.83,4.31,4.59,4.92,0.05,
24,2026-05-03 07:00:00,0.95,0.11,0.04,0.0,93.63,4.21,4.33,4.6,0.05,
24,2026-05-03 08:00:00,0.95,0.06,56.58,0.0,93.88,4.02,4.15,4.25,0.05,
24,2026-05-03 09:00:00,1.32,0.18,233.2,0.0,81.71,5.58,8.0,11.22,0.22,
24,2026-05-03 10:00:00,2.3,0.75,423.8,0.0,64.57,12.88,13.44,13.74,0.55,
24,2026-05-03 11:00:00,2.08,0.66,517.4,0.0,50.75,14.97,16.21,17.13,0.91,
24,2026-05-03 12:00:00,1.7,0.49,535.0,0.0,45.22,18.14,18.73,19.1,1.19,
24,2026-05-03 13:00:00,2.3,0.64,349.5,0.0,43.55,19.23,19.61,20.05,1.29,
24,2026-05-03 14:00:00,1.7,0.44,634.9,0.0,37.81,20.47,21.11,21.8,1.56,
24,2026-05-03 15:00:00,4.47,2.02,661.7,0.0,31.87,21.21,22.08,22.59,1.81,
24,2026-05-03 16:00:00,4.47,2.31,238.0,0.0,40.52,20.03,20.36,20.74,1.42,
24,2026-05-03 17:00:00,3.95,1.71,200.8,0.0,33.89,19.56,19.8,20.06,1.53,
24,2026-05-03 18:00:00,3.88,1.58,158.7,0.0,43.01,17.82,18.68,19.55,1.23,
24,2026-05-03 19:00:00,2.9,0.77,4.07,0.0,55.95,16.16,16.49,16.96,0.83,
24,2026-05-03 20:00:00,2.08,0.36,0.0,0.0,66.81,13.67,14.91,15.87,0.57,
24,2026-05-03 21:00:00,0.95,0.06,0.0,0.0,72.07,12.44,12.85,13.16,0.42,
24,2026-05-03 22:00:00,0.8,0.02,0.0,0.0,72.77,12.23,12.32,12.43,0.39,
24,2026-05-03 23:00:00,0.42,0.01,0.0,0.0,75.8,11.28,11.7,12.09,0.33,
24,2026-05-04 00:00:00,0.72,0.02,0.0,0.0,78.0,10.93,11.11,11.3,0.29,
24,2026-05-04 01:00:00,1.18,0.14,0.0,0.0,75.24,10.67,10.87,11.0,0.32,
24,2026-05-04 02:00:00,0.88,0.06,0.0,0.0,78.21,10.71,10.82,10.93,0.28,
24,2026-05-04 03:00:00,0.95,0.05,0.0,0.0,78.55,10.82,10.99,11.2,0.28,
24,2026-05-04 04:00:00,1.02,0.1,0.0,0.0,78.25,10.71,10.72,10.73,0.28,
24,2026-05-04 05:00:00,0.8,0.03,0.0,0.0,81.04,10.31,10.63,10.86,0.24,
24,2026-05-04 06:00:00,0.0,0.0,0.0,0.0,81.32,10.11,10.24,10.32,0.24,
24,2026-05-04 07:00:00,0.72,0.01,0.01,0.0,83.48,9.66,9.79,9.99,0.2,
24,2026-05-04 08:00:00,0.28,0.0,9.11,0.0,84.28,9.73,9.79,9.83,0.19,
24,2026-05-04 09:00:00,0.0,0.0,47.15,0.0,83.6,9.99,10.31,10.69,0.21,
24,2026-05-04 10:00:00,0.95,0.04,115.4,0.0,75.04,11.01,11.8,12.61,0.35,
24,2026-05-04 11:00:00,1.02,0.08,149.3,0.0,65.92,12.85,13.5,14.05,0.53,
24,2026-05-04 12:00:00,1.55,0.28,111.0,0.0,60.03,14.3,14.46,14.57,0.66,
24,2026-05-04 13:00:00,0.65,0.01,127.1,0.0,59.45,14.67,15.19,15.51,0.7,
24,2026-05-04 14:00:00,1.25,0.2,194.7,0.0,56.3,15.5,15.83,16.14,0.79,
24,2026-05-04 15:00:00,2.08,0.36,358.5,0.0,46.47,17.02,18.16,19.13,1.12,
24,2026-05-04 16:00:00,2.22,0.84,172.8,0.0,43.6,18.35,18.4,18.43,1.19,
24,2026-05-04 17:00:00,1.18,0.17,310.4,0.0,37.45,18.19,19.11,20.01,1.39,
24,2026-05-04 18:00:00,0.35,0.0,133.3,0.0,37.88,18.54,19.47,19.99,1.41,
24,2026-05-04 19:00:00,0.72,0.01,3.04,0.0,60.7,12.9,14.54,16.73,0.66,
24,2026-05-04 20:00:00,0.95,0.1,0.0,0.0,64.37,12.66,12.92,13.02,0.53,
24,2026-05-04 21:00:00,0.42,0.0,0.0,0.0,69.63,12.39,12.5,12.75,0.44,
24,2026-05-04 22:00:00,0.35,0.0,0.0,0.0,75.09,11.12,11.54,12.19,0.34,
24,2026-05-04 23:00:00,1.1,0.13,0.0,0.0,80.17,10.24,10.73,11.19,0.26,
24,2026-05-05 00:00:00,0.72,0.02,0.0,0.0,80.57,9.57,9.77,10.09,0.24,
24,2026-05-05 01:00:00,1.18,0.1,0.0,0.0,82.63,9.13,9.27,9.41,0.2,
24,2026-05-05 02:00:00,1.02,0.08,0.0,0.0,81.99,9.5,9.6,9.75,0.22,
24,2026-05-05 03:00:00,0.72,0.01,0.0,0.0,81.75,9.8,9.92,10.06,0.22,
24,2026-05-05 04:00:00,0.95,0.05,0.0,0.0,83.43,9.56,9.63,9.71,0.2,
24,2026-05-05 05:00:00,0.0,0.0,0.0,0.0,82.33,9.57,9.75,9.9,0.21,
24,2026-05-05 06:00:00,1.1,0.16,0.0,0.0,80.1,9.73,9.97,10.35,0.25,
24,2026-05-05 07:00:00,1.4,0.33,0.0,0.0,78.15,10.21,10.35,10.49,0.27,
24,2026-05-05 08:00:00,2.6,0.69,13.62,0.0,72.29,10.38,10.93,11.39,0.37,
24,2026-05-05 09:00:00,3.42,0.9,53.4,0.0,65.83,11.98,12.42,12.91,0.49,
24,2026-05-05 10:00:00,1.7,0.41,94.2,0.0,61.69,13.39,13.77,14.33,0.6,
24,2026-05-05 11:00:00,2.0,0.74,190.7,0.0,59.43,14.36,14.81,15.4,0.69,
24,2026-05-05 12:00:00,1.78,0.47,191.9,0.0,57.45,15.87,16.14,16.25,0.78,
24,2026-05-05 13:00:00,1.1,0.13,213.4,0.0,53.54,16.53,17.02,17.43,0.9,
24,2026-05-05 14:00:00,1.62,0.42,196.3,0.0,51.84,17.39,17.57,17.75,0.97,
24,2026-05-05 15:00:00,1.62,0.23,177.7,0.0,50.27,18.11,18.28,18.37,1.04,
24,2026-05-05 16:00:00,2.22,0.71,109.9,0.0,52.99,18.0,18.15,18.29,0.98,
24,2026-05-05 17:00:00,1.4,0.34,89.7,0.0,55.5,17.34,17.87,18.4,0.91,
24,2026-05-05 18:00:00,2.6,0.61,20.66,0.0,61.49,16.66,16.99,17.44,0.75,
24,2026-05-05 19:00:00,2.82,0.84,0.96,0.0,67.43,15.28,15.83,16.39,0.59,
24,2026-05-05 20:00:00,2.45,0.54,0.0,0.0,73.86,13.74,14.43,15.05,0.43,
24,2026-05-05 21:00:00,1.92,0.57,0.0,0.0,79.82,13.08,13.39,13.53,0.31,
24,2026-05-05 22:00:00,1.48,0.35,0.0,0.0,85.88,11.88,12.18,12.54,0.2,
24,2026-05-05 23:00:00,1.62,0.24,0.0,0.0,85.95,11.77,12.01,12.16,0.2,
24,2026-05-06 00:00:00,1.32,0.29,0.0,0.0,89.68,10.97,11.1,11.25,0.14,
24,2026-05-06 01:00:00,2.75,0.9,0.0,0.0,89.45,10.79,11.17,11.6,0.14,
24,2026-05-06 02:00:00,2.82,1.17,0.0,0.0,92.4,10.47,10.9,11.21,0.1,
24,2026-05-06 03:00:00,1.92,0.52,0.0,0.0,93.58,9.18,9.87,10.32,0.08,
24,2026-05-06 04:00:00,1.55,0.31,0.0,0.0,93.25,8.71,8.86,9.07,0.08,
24,2026-05-06 05:00:00,1.55,0.56,0.0,0.0,91.65,8.67,8.74,8.79,0.1,
24,2026-05-06 06:00:00,2.15,0.98,0.0,0.0,91.7,8.95,9.04,9.15,0.1,
24,2026-05-06 07:00:00,3.42,0.85,0.02,0.0,89.95,8.46,9.38,10.41,0.12,
24,2026-05-06 08:00:00,4.78,1.82,51.17,0.0,82.8,9.84,10.67,12.17,0.23,
24,2026-05-06 09:00:00,4.7,2.42,124.3,0.0,76.18,12.61,12.79,13.04,0.35,
24,2026-05-06 10:00:00,5.3,3.03,119.3,0.0,62.61,13.35,15.24,16.59,0.66,
24,2026-05-06 11:00:00,4.4,1.87,87.8,0.6,74.06,13.02,15.28,16.99,0.48,
24,2026-05-06 12:00:00,2.75,0.9,85.7,1.9,90.23,12.93,13.04,13.15,0.15,
24,2026-05-06 13:00:00,2.82,1.13,86.5,0.4,92.63,12.82,13.09,13.52,0.11,
24,2026-05-06 14:00:00,3.28,1.21,93.8,3.3,92.13,13.28,13.43,13.55,0.12,
24,2026-05-06 15:00:00,3.2,1.02,174.9,0.5,90.38,13.5,13.89,14.3,0.16,
24,2026-05-06 16:00:00,3.72,0.91,183.2,0.0,87.38,14.65,14.74,14.82,0.21,
24,2026-05-06 17:00:00,4.55,1.95,87.3,1.0,89.63,13.48,13.94,14.72,0.17,
24,2026-05-06 18:00:00,4.03,1.68,42.4,0.0,86.03,12.98,13.13,13.34,0.21,
24,2026-05-06 19:00:00,4.03,1.82,1.23,0.0,82.65,12.56,12.77,13.01,0.26,
24,2026-05-06 20:00:00,2.6,0.72,0.0,0.0,84.65,11.85,12.22,12.51,0.22,
24,2026-05-06 21:00:00,1.32,0.2,0.0,0.0,88.68,11.56,11.59,11.65,0.15,
24,2026-05-06 22:00:00,1.85,0.36,0.0,0.0,84.9,11.53,11.55,11.56,0.21,
24,2026-05-06 23:00:00,2.52,0.5,0.0,0.0,84.55,11.35,11.4,11.48,0.21,
24,2026-05-07 00:00:00,1.92,0.35,0.0,0.0,86.2,11.1,11.24,11.32,0.18,
24,2026-05-07 01:00:00,4.25,1.6,0.0,0.0,89.83,10.13,10.52,10.98,0.13,
24,2026-05-07 02:00:00,4.18,2.11,0.0,0.0,88.73,10.09,10.2,10.26,0.14,
24,2026-05-07 03:00:00,4.4,2.51,0.0,0.0,87.55,9.93,10.03,10.11,0.15,
24,2026-05-07 04:00:00,4.4,2.46,0.0,0.0,85.95,9.52,9.63,9.78,0.17,
24,2026-05-07 05:00:00,4.32,2.4,0.0,0.0,87.45,9.29,9.39,9.47,0.15,
24,2026-05-07 06:00:00,5.08,2.47,0.0,0.0,88.68,8.96,9.08,9.19,0.13,
24,2026-05-07 07:00:00,4.85,2.97,0.0,0.0,89.78,8.76,8.9,8.98,0.12,
24,2026-05-07 08:00:00,4.47,2.22,22.39,0.0,90.53,8.62,8.67,8.73,0.11,
24,2026-05-07 09:00:00,3.72,2.01,92.2,0.0,87.85,8.81,9.1,9.36,0.14,
24,2026-05-07 10:00:00,3.28,1.86,155.1,0.0,84.55,9.45,9.64,9.87,0.19,
24,2026-05-07 11:00:00,3.58,1.63,313.9,0.0,80.53,9.81,10.32,10.82,0.25,
24,2026-05-07 12:00:00,5.08,2.51,568.0,0.0,79.29,10.88,11.02,11.22,0.27,
24,2026-05-07 13:00:00,4.47,2.62,599.5,0.0,75.87,11.61,12.1,12.38,0.34,
24,2026-05-07 14:00:00,4.32,2.35,593.5,0.0,70.73,12.62,12.89,13.17,0.44,
24,2026-05-07 15:00:00,5.6,3.32,540.9,0.0,66.05,13.34,13.63,13.88,0.53,
24,2026-05-07 16:00:00,5.9,3.17,431.1,0.0,61.47,13.98,14.25,14.44,0.63,
24,2026-05-07 17:00:00,5.82,3.38,239.2,0.0,61.67,13.45,14.04,14.44,0.62,
24,2026-05-07 18:00:00,5.22,2.56,50.96,0.0,65.03,12.55,12.87,13.18,0.52,
24,2026-05-07 19:00:00,4.62,2.63,1.2,0.0,64.52,11.86,12.15,12.37,0.5,
24,2026-05-07 20:00:00,4.78,2.59,0.0,0.0,65.47,11.15,11.47,11.7,0.47,
24,2026-05-07 21:00:00,5.45,2.62,0.0,0.0,69.96,10.66,10.84,11.03,0.39,
24,2026-05-07 22:00:00,3.88,1.76,0.0,0.0,73.72,10.06,10.2,10.45,0.33,
24,2026-05-07 23:00:00,4.55,2.07,0.0,0.0,73.66,9.85,9.96,10.01,0.33,
24,2026-05-08 00:00:00,5.0,2.35,0.0,0.0,77.51,8.84,9.16,9.5,0.26,
24,2026-05-08 01:00:00,3.35,1.38,0.0,0.0,81.42,7.92,8.28,8.7,0.2,
24,2026-05-08 02:00:00,2.08,0.8,0.0,0.0,86.55,6.21,6.99,7.42,0.14,
24,2026-05-08 03:00:00,1.1,0.09,0.0,0.0,90.78,5.42,5.62,5.92,0.08,
24,2026-05-08 04:00:00,0.8,0.02,0.0,0.0,92.13,3.65,4.29,5.25,0.07,
24,2026-05-08 05:00:00,1.7,0.35,0.0,0.0,92.7,3.34,4.15,5.04,0.06,
24,2026-05-08 06:00:00,1.25,0.25,0.0,0.0,94.03,2.21,2.82,3.5,0.05,
24,2026-05-08 07:00:00,1.62,0.17,0.01,0.0,94.15,1.58,2.52,3.42,0.04,
24,2026-05-08 08:00:00,1.32,0.17,37.71,0.0,95.0,0.7,1.11,1.74,0.03,
24,2026-05-08 09:00:00,1.48,0.35,217.2,0.0,91.88,2.7,4.51,6.14,0.07,
24,2026-05-08 10:00:00,1.4,0.34,361.2,0.0,75.38,7.76,8.72,10.06,0.28,
24,2026-05-08 11:00:00,1.7,0.29,492.6,0.0,63.35,10.89,12.05,13.34,0.52,
24,2026-05-08 12:00:00,2.45,0.64,571.6,0.0,48.9,13.84,14.52,14.93,0.85,
24,2026-05-08 13:00:00,2.6,0.96,592.4,0.0,41.86,15.38,16.08,16.69,1.07,
24,2026-05-08 14:00:00,4.32,1.47,590.0,0.0,34.57,17.06,17.5,17.81,1.31,
24,2026-05-08 15:00:00,4.03,1.93,535.1,0.0,35.31,17.99,18.12,18.24,1.35,
24,2026-05-08 16:00:00,4.47,2.66,425.6,0.0,37.93,17.74,17.88,17.94,1.27,
24,2026-05-08 17:00:00,5.08,2.57,229.5,0.0,41.09,17.2,17.47,17.67,1.18,
24,2026-05-08 18:00:00,3.35,1.66,104.9,0.0,49.88,14.72,15.86,16.78,0.91,
24,2026-05-08 19:00:00,2.08,0.89,1.2,0.0,65.2,12.27,13.14,13.85,0.53,
24,2026-05-08 20:00:00,4.92,1.6,0.0,0.0,73.35,11.35,11.56,11.92,0.37,
24,2026-05-08 21:00:00,5.82,3.36,0.0,0.0,83.23,10.73,11.05,11.23,0.22,
24,2026-05-08 22:00:00,6.72,3.29,0.0,0.0,88.43,10.18,10.37,10.6,0.15,
24,2026-05-08 23:00:00,5.82,2.78,0.0,0.0,88.68,10.05,10.18,10.31,0.14,
24,2026-05-09 00:00:00,4.47,2.18,0.0,0.0,90.4,9.66,9.76,9.93,0.12,
24,2026-05-09 01:00:00,4.47,1.6,0.0,0.0,88.03,9.66,9.68,9.72,0.15,
24,2026-05-09 02:00:00,6.12,2.81,0.0,0.0,87.15,9.71,9.75,9.82,0.16,
24,2026-05-09 03:00:00,4.85,2.28,0.0,0.0,84.38,9.82,9.82,9.83,0.19,
24,2026-05-09 04:00:00,4.1,2.11,0.0,0.0,81.4,9.71,9.73,9.78,0.23,
24,2026-05-09 05:00:00,4.55,1.47,0.0,0.0,81.33,9.52,9.62,9.73,0.22,
24,2026-05-09 06:00:00,1.78,0.34,0.0,0.0,83.84,7.23,8.05,9.37,0.18,
24,2026-05-09 07:00:00,1.55,0.55,0.0,0.0,86.45,6.16,6.74,7.19,0.14,
24,2026-05-09 08:00:00,1.92,0.21,21.92,0.0,88.38,5.97,6.24,6.69,0.11,
24,2026-05-09 09:00:00,3.05,0.93,91.6,0.0,84.2,7.36,8.24,8.67,0.17,
24,2026-05-09 10:00:00,2.3,1.0,367.7,0.0,76.57,8.66,9.35,10.27,0.28,
24,2026-05-09 11:00:00,2.22,0.75,497.3,0.0,66.74,10.77,11.51,12.07,0.46,
24,2026-05-09 12:00:00,3.5,1.35,574.9,0.0,62.41,12.71,13.1,13.54,0.57,
24,2026-05-09 13:00:00,4.4,2.22,597.8,0.0,59.39,13.91,14.34,14.74,0.67,
24,2026-05-09 14:00:00,4.85,2.28,594.4,0.0,45.77,15.35,16.15,16.7,1.0,
24,2026-05-09 15:00:00,4.62,2.58,547.2,0.0,39.53,17.21,17.3,17.47,1.2,
24,2026-05-09 16:00:00,4.32,2.39,437.7,0.0,40.3,17.44,17.76,18.08,1.22,
24,2026-05-09 17:00:00,4.1,2.36,237.0,0.0,43.54,17.01,17.48,17.9,1.13,
24,2026-05-09 18:00:00,5.98,2.91,109.3,0.0,54.3,13.99,15.09,16.23,0.79,
24,2026-05-09 19:00:00,3.2,1.09,1.42,0.0,65.24,11.79,12.63,13.48,0.51,
24,2026-05-09 20:00:00,1.78,0.44,0.0,0.0,74.88,8.59,10.22,11.3,0.32,
24,2026-05-09 21:00:00,0.8,0.02,0.0,0.0,85.18,6.78,7.13,7.67,0.15,
24,2026-05-09 22:00:00,0.65,0.01,0.0,0.0,87.15,5.51,6.21,6.77,0.12,
24,2026-05-09 23:00:00,1.25,0.09,0.0,0.0,89.6,4.89,5.16,5.43,0.09,
24,2026-05-10 00:00:00,0.35,0.0,0.0,0.0,91.23,3.53,4.03,4.52,0.07,
24,2026-05-10 01:00:00,0.8,0.04,0.0,0.0,92.88,2.88,3.1,3.29,0.06,
24,2026-05-10 02:00:00,0.95,0.02,0.0,0.0,92.4,2.38,3.11,3.58,0.06,
24,2026-05-10 03:00:00,0.72,0.01,0.0,0.0,93.38,1.48,1.73,2.04,0.05,
24,2026-05-10 04:00:00,0.0,0.0,0.0,0.0,94.28,1.45,1.62,1.8,0.04,
24,2026-05-10 05:00:00,0.65,0.03,0.0,0.0,94.25,0.57,0.88,1.28,0.04,
24,2026-05-10 06:00:00,0.5,0.0,0.0,0.0,94.58,0.09,0.35,0.47,0.03,
24,2026-05-10 07:00:00,0.8,0.02,0.01,0.0,94.7,-0.13,0.07,0.26,0.03,
24,2026-05-10 08:00:00,0.72,0.01,35.31,0.0,95.13,-0.07,0.07,0.25,0.03,
24,2026-05-10 09:00:00,0.8,0.03,190.5,0.0,95.95,0.6,2.5,4.68,0.03,
24,2026-05-10 10:00:00,2.22,0.68,361.0,0.0,87.1,5.65,6.9,8.23,0.13,
24,2026-05-10 11:00:00,1.92,0.64,498.6,0.0,67.57,9.07,10.88,12.4,0.43,
24,2026-05-10 12:00:00,2.15,0.58,577.6,0.0,54.88,13.16,14.58,15.96,0.76,
24,2026-05-10 13:00:00,2.68,0.85,598.7,0.0,48.2,16.69,17.59,18.23,1.04,
24,2026-05-10 14:00:00,3.28,1.26,594.3,0.0,45.36,18.91,19.59,20.26,1.25,
24,2026-05-10 15:00:00,2.9,1.38,541.1,0.0,43.04,20.91,21.26,21.53,1.44,
24,2026-05-10 16:00:00,3.05,1.28,431.9,0.0,43.29,21.74,21.97,22.19,1.5,
24,2026-05-10 17:00:00,4.1,2.21,233.0,0.0,44.72,20.16,21.05,21.88,1.38,
24,2026-05-10 18:00:00,3.72,1.63,108.9,0.0,52.87,16.58,18.05,19.46,0.98,
24,2026-05-10 19:00:00,1.92,0.46,1.22,0.0,65.92,11.86,14.08,15.68,0.56,
24,2026-05-10 20:00:00,0.72,0.04,0.0,0.0,82.78,8.39,9.57,10.63,0.21,
24,2026-05-10 21:00:00,0.88,0.04,0.0,0.0,89.0,6.99,7.35,7.8,0.11,
24,2026-05-10 22:00:00,0.8,0.02,0.0,0.0,90.8,5.75,5.97,6.45,0.09,
24,2026-05-10 23:00:00,0.95,0.06,0.0,0.0,90.15,5.59,6.22,6.81,0.09,
24,2026-05-11 00:00:00,0.88,0.02,0.0,0.0,91.6,4.0,4.52,5.0,0.07,
24,2026-05-11 01:00:00,0.28,0.0,0.0,0.0,92.4,3.08,3.43,3.72,0.06,
24,2026-05-11 02:00:00,0.88,0.07,0.0,0.0,93.7,3.14,3.23,3.34,0.05,
24,2026-05-11 03:00:00,0.35,0.0,0.0,0.0,93.35,2.32,2.62,2.91,0.05,
24,2026-05-11 04:00:00,0.35,0.0,0.0,0.0,93.2,1.9,2.16,2.68,0.05,
24,2026-05-11 05:00:00,0.72,0.02,0.0,0.0,93.9,1.54,1.74,1.87,0.04,
24,2026-05-11 06:00:00,0.88,0.04,0.0,0.0,94.13,0.93,1.23,1.66,0.04,
24,2026-05-11 07:00:00,0.72,0.01,0.01,0.0,94.63,1.7,2.17,2.87,0.04,
24,2026-05-11 08:00:00,0.95,0.12,33.55,0.0,95.18,1.35,1.83,2.58,0.03,
24,2026-05-11 09:00:00,0.0,0.0,214.6,0.0,90.75,4.32,6.37,8.09,0.1,
24,2026-05-11 10:00:00,1.02,0.09,361.0,0.0,71.63,9.87,11.34,12.99,0.39,
24,2026-05-11 11:00:00,2.0,0.45,491.4,0.0,54.64,13.86,15.49,16.84,0.81,
24,2026-05-11 12:00:00,2.82,0.74,567.0,0.0,49.6,17.59,18.56,19.3,1.08,
24,2026-05-11 13:00:00,1.92,0.44,588.6,0.0,39.24,20.18,21.16,21.83,1.53,
24,2026-05-11 14:00:00,1.7,0.48,582.9,0.0,34.15,22.47,23.44,24.47,1.91,
24,2026-05-11 15:00:00,2.38,0.68,531.8,0.0,31.13,24.74,25.06,25.3,2.19,
24,2026-05-11 16:00:00,2.82,1.27,417.4,0.0,32.8,24.79,24.81,24.83,2.11,
24,2026-05-11 17:00:00,3.05,1.39,220.2,0.0,41.08,23.47,24.25,24.99,1.79,
24,2026-05-11 18:00:00,1.62,0.2,99.5,0.0,50.05,18.42,21.14,22.89,1.28,
24,2026-05-11 19:00:00,0.88,0.03,1.09,0.0,69.27,12.92,14.93,17.11,0.53,
24,2026-05-11 20:00:00,1.55,0.19,0.0,0.0,80.57,11.28,11.74,11.99,0.27,
24,2026-05-11 21:00:00,0.72,0.02,0.0,0.0,85.6,9.33,10.44,11.49,0.19,
24,2026-05-11 22:00:00,1.1,0.06,0.0,0.0,90.8,7.84,8.25,8.61,0.1,
24,2026-05-11 23:00:00,0.72,0.01,0.0,0.0,93.15,7.18,7.2,7.24,0.07,
24,2026-05-12 00:00:00,0.42,0.01,0.0,0.0,95.1,6.84,7.39,8.15,0.05,
24,2026-05-12 01:00:00,1.18,0.15,0.0,0.0,96.0,7.6,7.78,8.09,0.04,
24,2026-05-12 02:00:00,0.8,0.06,0.0,0.0,96.63,8.1,8.33,8.48,0.04,
24,2026-05-12 03:00:00,0.88,0.05,0.0,0.0,96.73,8.18,8.26,8.41,0.04,
24,2026-05-12 04:00:00,0.95,0.07,0.0,0.0,96.83,8.06,8.15,8.24,0.03,
24,2026-05-12 05:00:00,1.92,0.64,0.0,0.0,96.93,7.75,7.97,8.11,0.03,
24,2026-05-12 06:00:00,1.62,0.44,0.0,0.0,97.08,7.71,7.82,7.96,0.03,
24,2026-05-12 07:00:00,2.38,0.28,0.0,0.1,97.13,7.48,7.65,7.8,0.03,
24,2026-05-12 08:00:00,1.85,0.21,4.96,0.0,97.13,7.68,7.75,7.84,0.03,
24,2026-05-12 09:00:00,1.4,0.35,33.83,0.0,97.1,7.66,7.68,7.71,0.03,
24,2026-05-12 10:00:00,1.18,0.24,66.01,0.0,97.05,7.68,7.79,7.9,0.03,
24,2026-05-12 11:00:00,1.48,0.27,140.6,0.0,96.7,7.99,8.1,8.28,0.04,
24,2026-05-12 12:00:00,1.32,0.34,130.3,0.0,94.23,8.41,8.61,8.88,0.07,
24,2026-05-12 13:00:00,1.92,0.37,184.7,0.0,89.43,9.23,9.33,9.46,0.13,
24,2026-05-12 14:00:00,4.18,1.43,218.4,0.0,86.53,9.94,10.12,10.2,0.17,
24,2026-05-12 15:00:00,2.9,1.21,144.8,0.0,88.18,9.97,10.14,10.29,0.15,
24,2026-05-12 16:00:00,2.68,0.96,81.4,0.0,87.7,10.03,10.23,10.36,0.15,
24,2026-05-12 17:00:00,2.22,0.99,36.94,0.0,90.58,9.58,9.69,9.83,0.11,
24,2026-05-12 18:00:00,1.55,0.26,10.63,0.0,92.55,9.39,9.46,9.56,0.09,
24,2026-05-12 19:00:00,1.85,0.4,0.14,0.0,92.65,9.24,9.3,9.33,0.09,
24,2026-05-12 20:00:00,2.22,0.81,0.0,0.0,93.28,8.96,9.06,9.17,0.08,
24,2026-05-12 21:00:00,1.92,0.39,0.0,0.0,93.0,8.89,8.93,8.98,0.08,
24,2026-05-12 22:00:00,2.68,0.52,0.0,0.0,93.3,8.73,8.77,8.8,0.08,
24,2026-05-12 23:00:00,1.55,0.35,0.0,0.0,94.0,8.56,8.68,8.74,0.07,
24,2026-05-13 00:00:00,1.7,0.25,0.0,0.0,94.4,8.24,8.34,8.4,0.06,
24,2026-05-13 01:00:00,1.78,0.32,0.0,0.0,94.88,8.1,8.15,8.21,0.06,
24,2026-05-13 02:00:00,1.32,0.26,0.0,0.0,94.15,8.09,8.13,8.18,0.06,
24,2026-05-13 03:00:00,2.52,0.61,0.0,0.0,93.3,7.96,8.06,8.18,0.07,
24,2026-05-13 04:00:00,2.75,0.75,0.0,0.0,92.98,7.71,7.79,7.9,0.07,
24,2026-05-13 05:00:00,1.48,0.35,0.0,0.0,93.6,7.53,7.63,7.71,0.07,
24,2026-05-13 06:00:00,1.4,0.37,0.0,0.0,92.18,7.56,7.56,7.57,0.08,
24,2026-05-13 07:00:00,1.55,0.41,0.0,0.0,92.65,7.36,7.42,7.52,0.08,
24,2026-05-13 08:00:00,1.32,0.36,15.39,0.0,92.6,7.44,7.45,7.47,0.08,
24,2026-05-13 09:00:00,2.08,0.47,49.59,0.0,91.5,7.46,7.64,7.9,0.09,
24,2026-05-13 10:00:00,3.65,0.59,92.9,0.0,89.73,8.03,8.19,8.35,0.11,
24,2026-05-13 11:00:00,5.75,1.71,146.1,0.0,89.25,8.27,8.58,9.0,0.12,
24,2026-05-13 12:00:00,1.85,0.65,258.2,0.0,83.98,9.27,9.69,10.29,0.19,
24,2026-05-13 13:00:00,2.82,0.79,302.1,0.0,78.1,10.33,10.81,11.29,0.29,
24,2026-05-13 14:00:00,1.4,0.31,209.4,0.0,74.83,11.54,11.86,12.07,0.35,
24,2026-05-13 15:00:00,2.15,0.95,233.4,0.0,73.67,12.19,12.33,12.43,0.38,
24,2026-05-13 16:00:00,3.72,1.63,125.8,0.0,77.71,12.1,12.27,12.55,0.32,
24,2026-05-13 17:00:00,3.72,1.5,68.45,0.0,80.45,11.54,11.63,11.8,0.27,
24,2026-05-13 18:00:00,1.62,0.14,38.12,0.0,83.35,11.04,11.36,11.55,0.23,
24,2026-05-13 19:00:00,1.32,0.15,0.27,0.0,87.63,10.28,10.6,10.8,0.16,
24,2026-05-13 20:00:00,0.65,0.01,0.0,0.0,90.38,9.47,9.69,9.98,0.12,
24,2026-05-13 21:00:00,1.02,0.12,0.0,0.0,91.55,9.19,9.25,9.28,0.1,
24,2026-05-13 22:00:00,1.18,0.08,0.0,0.0,92.53,8.91,8.96,9.07,0.08,
24,2026-05-13 23:00:00,0.0,0.0,0.0,0.0,93.15,7.38,8.05,8.65,0.08,
24,2026-05-14 00:00:00,0.0,0.0,0.0,0.0,93.75,6.12,6.58,7.14,0.06,
24,2026-05-14 01:00:00,0.0,0.0,0.0,0.0,94.45,5.77,5.88,6.01,0.05,
24,2026-05-14 02:00:00,1.48,0.29,0.0,0.0,96.2,6.66,7.32,7.85,0.04,
24,2026-05-14 03:00:00,0.0,0.0,0.0,0.0,96.3,6.66,6.77,6.86,0.04,
24,2026-05-14 04:00:00,2.9,0.42,0.0,0.0,96.78,6.78,7.59,8.68,0.03,
24,2026-05-14 05:00:00,2.15,1.0,0.0,0.0,96.73,8.42,8.61,8.75,0.04,
24,2026-05-14 06:00:00,2.0,0.62,0.0,0.0,96.85,8.0,8.15,8.27,0.03,
24,2026-05-14 07:00:00,1.55,0.43,0.0,0.0,96.95,7.82,7.84,7.86,0.03,
24,2026-05-14 08:00:00,1.7,0.5,8.88,0.0,97.0,7.73,7.77,7.8,0.03,
24,2026-05-14 09:00:00,1.92,0.85,59.73,0.0,97.0,7.66,7.75,7.88,0.03,
24,2026-05-14 10:00:00,2.0,0.77,121.9,0.0,96.7,7.91,8.03,8.21,0.03,
24,2026-05-14 11:00:00,2.52,0.85,174.8,0.0,93.25,8.25,8.84,9.37,0.08,
24,2026-05-14 12:00:00,2.15,0.55,372.7,0.0,86.1,9.53,10.09,10.58,0.17,
24,2026-05-14 13:00:00,3.35,0.78,555.4,0.0,75.19,12.19,12.86,13.53,0.37,
24,2026-05-14 14:00:00,2.9,1.2,578.2,0.0,69.95,13.99,14.68,15.48,0.5,
24,2026-05-14 15:00:00,3.05,1.3,499.5,0.0,61.66,16.04,16.43,16.73,0.72,
24,2026-05-14 16:00:00,2.98,1.51,381.8,0.0,53.81,17.02,17.38,17.65,0.92,
24,2026-05-14 17:00:00,4.03,1.01,248.9,0.0,50.9,17.05,17.3,17.65,0.97,
24,2026-05-14 18:00:00,1.55,0.3,30.51,0.0,63.78,13.14,14.63,16.01,0.61,
24,2026-05-14 19:00:00,1.78,0.41,0.4,0.0,75.06,10.61,11.95,12.7,0.35,
24,2026-05-14 20:00:00,0.88,0.05,0.0,0.0,86.0,7.4,8.2,8.96,0.15,
24,2026-05-14 21:00:00,1.02,0.05,0.0,0.0,89.3,6.82,6.93,7.06,0.11,
24,2026-05-14 22:00:00,1.02,0.03,0.0,0.0,89.93,6.1,6.53,7.06,0.1,
24,2026-05-14 23:00:00,0.65,0.02,0.0,0.0,91.73,4.77,5.14,5.57,0.07,
24,2026-05-15 00:00:00,1.1,0.16,0.0,0.0,92.68,4.81,4.87,4.91,0.07,
24,2026-05-15 01:00:00,0.88,0.05,0.0,0.0,93.13,4.34,4.53,4.75,0.06,
24,2026-05-15 02:00:00,0.72,0.02,0.0,0.0,93.48,4.22,4.38,4.64,0.06,
24,2026-05-15 03:00:00,0.65,0.02,0.0,0.0,93.85,4.45,4.64,4.82,0.05,
24,2026-05-15 04:00:00,0.5,0.01,0.0,0.0,94.25,4.51,4.92,5.25,0.05,
24,2026-05-15 05:00:00,0.72,0.01,0.0,0.0,94.38,4.71,5.03,5.2,0.05,
24,2026-05-15 06:00:00,0.72,0.03,0.0,0.0,93.85,5.68,6.3,6.69,0.06,
24,2026-05-15 07:00:00,0.8,0.04,0.0,0.0,92.4,6.86,7.04,7.14,0.08,
24,2026-05-15 08:00:00,1.85,0.47,7.5,0.0,91.78,7.05,7.43,7.78,0.09,
24,2026-05-15 09:00:00,3.58,1.42,61.34,0.0,88.78,7.96,8.29,8.62,0.12,
24,2026-05-15 10:00:00,3.58,0.77,122.1,0.0,82.88,8.73,9.41,10.13,0.2,
24,2026-05-15 11:00:00,3.72,1.9,198.3,0.0,77.54,10.02,10.13,10.31,0.28,
24,2026-05-15 12:00:00,3.42,1.73,248.9,0.0,74.95,10.31,10.67,11.21,0.32,
24,2026-05-15 13:00:00,3.2,0.7,417.7,0.0,68.33,11.85,12.49,12.89,0.46,
24,2026-05-15 14:00:00,4.62,1.51,549.6,0.0,61.04,13.63,14.58,15.41,0.65,
24,2026-05-15 15:00:00,4.03,1.76,484.7,0.0,52.09,15.51,16.27,16.76,0.89,
24,2026-05-15 16:00:00,3.42,1.21,277.2,0.0,46.87,16.99,17.76,18.53,1.09,
24,2026-05-15 17:00:00,4.85,2.69,301.9,0.0,49.15,17.08,17.61,18.03,1.03,
24,2026-05-15 18:00:00,4.18,2.09,46.61,0.0,61.16,14.28,15.16,16.2,0.67,
24,2026-05-15 19:00:00,3.12,1.19,0.43,0.0,66.14,13.14,13.47,13.91,0.53,
24,2026-05-15 20:00:00,5.45,3.03,0.0,0.0,67.5,12.68,12.94,13.14,0.49,
24,2026-05-15 21:00:00,5.68,3.04,0.0,0.0,74.6,11.31,11.82,12.26,0.35,
24,2026-05-15 22:00:00,4.78,2.66,0.0,0.0,81.12,10.28,10.69,11.13,0.25,
24,2026-05-15 23:00:00,6.05,3.36,0.0,0.0,81.15,9.99,10.06,10.19,0.23,
24,2026-05-16 00:00:00,6.42,3.65,0.0,0.0,82.53,9.42,9.7,9.99,0.21,
24,2026-05-16 01:00:00,5.52,2.56,0.0,0.0,86.68,8.55,8.96,9.35,0.15,
24,2026-05-16 02:00:00,3.72,1.8,0.0,0.0,89.0,7.45,7.94,8.38,0.12,
24,2026-05-16 03:00:00,5.45,2.13,0.0,0.0,88.63,7.26,7.46,7.65,0.12,
24,2026-05-16 04:00:00,4.32,2.39,0.0,0.0,90.78,6.72,6.86,7.05,0.09,
24,2026-05-16 05:00:00,3.95,2.33,0.0,0.0,93.03,6.19,6.37,6.59,0.07,
24,2026-05-16 06:00:00,4.32,2.11,0.0,0.0,93.38,5.96,6.07,6.21,0.06,
24,2026-05-16 07:00:00,4.1,2.11,0.0,0.0,92.8,5.83,5.94,5.99,0.07,
24,2026-05-16 08:00:00,3.35,1.85,7.37,0.0,94.18,5.74,5.75,5.75,0.05,
24,2026-05-16 09:00:00,3.05,1.17,42.92,0.0,92.43,5.82,5.9,5.99,0.07,
24,2026-05-16 10:00:00,4.03,1.83,89.2,0.0,89.9,6.07,6.27,6.39,0.1,
24,2026-05-16 11:00:00,5.0,2.44,153.2,0.0,87.08,6.53,6.66,6.79,0.13,
24,2026-05-16 12:00:00,4.78,2.44,186.2,0.0,84.45,6.87,7.08,7.18,0.16,
24,2026-05-16 13:00:00,4.7,2.67,179.0,0.0,84.33,7.18,7.24,7.3,0.16,
24,2026-05-16 14:00:00,4.1,2.34,211.1,0.0,83.48,7.24,7.49,7.77,0.17,
24,2026-05-16 15:00:00,3.28,1.64,222.8,0.0,80.94,7.86,8.14,8.4,0.21,
24,2026-05-16 16:00:00,3.65,1.82,242.0,0.0,76.47,8.69,9.09,9.39,0.27,
24,2026-05-16 17:00:00,3.58,1.88,230.4,0.0,77.06,8.99,9.17,9.32,0.27,
24,2026-05-16 18:00:00,2.82,1.29,78.92,0.0,83.63,6.81,7.74,8.61,0.18,
24,2026-05-16 19:00:00,1.55,0.45,0.69,0.0,88.63,5.03,5.75,6.3,0.11,
24,2026-05-16 20:00:00,2.0,0.51,0.0,0.0,92.33,4.39,4.71,5.0,0.07,
24,2026-05-16 21:00:00,1.32,0.49,0.0,0.0,92.65,3.41,3.76,4.32,0.06,
24,2026-05-16 22:00:00,1.18,0.22,0.0,0.0,93.65,2.51,3.05,3.53,0.05,
24,2026-05-16 23:00:00,0.95,0.09,0.0,0.0,93.58,0.81,1.22,1.84,0.05,
24,2026-05-17 00:00:00,0.35,0.0,0.0,0.0,94.2,0.51,0.77,1.0,0.04,
24,2026-05-17 01:00:00,0.88,0.09,0.0,0.0,94.5,-0.34,0.23,0.63,0.03,
24,2026-05-17 02:00:00,0.35,0.0,0.0,0.0,94.58,-0.98,-0.77,-0.47,0.03,
24,2026-05-17 03:00:00,0.88,0.02,0.0,0.0,95.05,-1.14,-0.96,-0.84,0.03,
24,2026-05-17 04:00:00,1.18,0.17,0.0,0.0,95.45,-1.1,-0.99,-0.89,0.03,
24,2026-05-17 05:00:00,0.8,0.03,0.0,0.0,95.4,-1.66,-1.52,-1.35,0.03,
24,2026-05-17 06:00:00,0.28,0.0,0.0,0.0,95.48,-1.81,-1.45,-1.15,0.02,
24,2026-05-17 07:00:00,0.88,0.06,0.0,0.0,95.13,-2.28,-2.03,-1.59,0.03,
24,2026-05-17 08:00:00,0.95,0.16,10.84,0.0,94.6,-2.67,-2.32,-1.95,0.03,
24,2026-05-17 09:00:00,1.32,0.29,133.6,0.0,95.95,-1.72,-0.99,-0.28,0.02,
24,2026-05-17 10:00:00,1.1,0.21,358.5,0.0,95.53,1.18,3.4,5.21,0.04,
24,2026-05-17 11:00:00,1.85,0.44,469.9,0.0,74.87,6.62,8.12,9.69,0.28,
24,2026-05-17 12:00:00,1.85,0.57,539.8,0.0,58.47,11.13,12.22,13.4,0.6,
24,2026-05-17 13:00:00,2.22,0.86,562.5,0.0,46.07,14.12,15.02,16.21,0.92,
24,2026-05-17 14:00:00,2.15,0.78,558.2,0.0,35.9,16.81,17.64,18.62,1.29,
24,2026-05-17 15:00:00,2.15,0.49,506.6,0.0,31.65,19.03,19.54,20.46,1.55,
24,2026-05-17 16:00:00,1.85,0.37,375.9,0.0,27.39,20.24,20.9,21.26,1.79,
24,2026-05-17 17:00:00,1.62,0.4,251.7,0.0,28.18,20.41,20.69,21.04,1.75,
24,2026-05-17 18:00:00,0.5,0.0,91.2,0.0,41.6,14.69,18.01,20.31,1.24,
24,2026-05-17 19:00:00,0.72,0.01,0.62,0.0,61.58,9.29,10.77,12.79,0.5,
24,2026-05-17 20:00:00,0.72,0.02,0.0,0.0,72.21,6.21,7.01,8.17,0.28,
24,2026-05-17 21:00:00,0.8,0.03,0.0,0.0,78.25,4.23,5.03,5.84,0.19,
24,2026-05-17 22:00:00,0.65,0.01,0.0,0.0,82.93,3.5,3.74,3.9,0.14,
24,2026-05-17 23:00:00,1.02,0.08,0.0,0.0,84.75,2.59,2.77,2.91,0.11,
24,2026-05-18 00:00:00,0.65,0.01,0.0,0.0,86.65,1.9,2.21,2.4,0.1,
24,2026-05-18 01:00:00,0.5,0.01,0.0,0.0,89.73,0.85,1.35,1.77,0.07,
24,2026-05-18 02:00:00,0.72,0.02,0.0,0.0,89.25,0.44,0.66,0.91,0.07,
24,2026-05-18 03:00:00,0.72,0.02,0.0,0.0,89.25,-0.24,-0.03,0.26,0.07,
24,2026-05-18 04:00:00,0.95,0.05,0.0,0.0,90.53,-0.88,-0.67,-0.31,0.06,
24,2026-05-18 05:00:00,0.95,0.09,0.0,0.0,90.9,-1.1,-1.01,-0.92,0.05,
24,2026-05-18 06:00:00,0.42,0.0,0.0,0.0,90.85,-1.93,-1.53,-1.23,0.05,
24,2026-05-18 07:00:00,0.65,0.01,0.0,0.0,91.18,-2.16,-2.1,-2.03,0.05,
24,2026-05-18 08:00:00,0.72,0.02,12.55,0.0,91.28,-2.5,-2.33,-2.24,0.05,
24,2026-05-18 09:00:00,0.0,0.0,144.5,0.0,79.84,-1.69,1.79,5.29,0.16,
24,2026-05-18 10:00:00,0.8,0.04,340.2,0.0,54.7,7.38,9.59,11.45,0.55,
24,2026-05-18 11:00:00,1.4,0.43,439.1,0.0,45.09,11.83,12.7,13.63,0.81,
24,2026-05-18 12:00:00,2.15,0.73,542.8,0.0,32.5,15.9,17.03,18.32,1.31,
24,2026-05-18 13:00:00,2.22,0.72,563.5,0.0,28.53,18.82,19.57,20.48,1.63,
24,2026-05-18 14:00:00,2.3,0.91,558.5,0.0,23.32,20.87,21.58,22.24,1.98,
24,2026-05-18 15:00:00,2.68,1.14,509.1,0.0,21.15,22.45,22.87,23.14,2.2,
24,2026-05-18 16:00:00,3.8,1.76,349.3,0.0,23.34,22.69,22.84,23.07,2.13,
24,2026-05-18 17:00:00,3.42,1.9,247.9,0.0,25.11,21.18,21.9,22.51,1.97,
24,2026-05-18 18:00:00,3.28,1.33,87.1,0.0,33.35,16.81,18.7,20.44,1.45,
24,2026-05-18 19:00:00,0.95,0.04,0.53,0.0,53.16,9.6,12.33,15.5,0.69,
24,2026-05-18 20:00:00,0.65,0.02,0.0,0.0,63.99,6.84,7.99,8.79,0.39,
24,2026-05-18 21:00:00,0.88,0.05,0.0,0.0,71.1,4.88,5.48,6.09,0.26,
24,2026-05-18 22:00:00,0.35,0.0,0.0,0.0,76.29,3.68,4.04,4.44,0.2,
24,2026-05-18 23:00:00,0.88,0.01,0.0,0.0,78.29,3.21,3.39,3.66,0.17,
