idEstacion,fecha,velocidadMaximaViento,velocidadPromedioViento,radiacion,precipitacion,humedadRelativa,tempMinima,tempMedia,tempMaxima,dpv,presion
108,2025-01-21 19:00:00,22.93,10.2,543.09,0.0,44.7,28.5,29.16,29.86,2.24,
108,2025-01-21 20:00:00,20.52,10.86,341.73,0.0,47.04,26.05,26.88,27.68,1.88,
108,2025-01-21 21:00:00,19.31,9.28,135.55,0.0,53.47,22.43,24.01,25.56,1.4,
108,2025-01-21 22:00:00,13.28,6.11,0.0,0.0,62.43,19.41,20.37,21.49,0.9,
108,2025-01-21 23:00:00,9.66,1.78,0.0,0.0,68.42,17.59,18.22,19.1,0.66,
108,2025-01-22 00:00:00,3.62,0.24,0.0,0.0,74.3,16.13,16.39,16.89,0.48,
108,2025-01-22 01:00:00,0.0,0.0,0.0,0.0,76.8,14.9,15.33,15.8,0.41,
108,2025-01-22 02:00:00,0.0,0.0,0.0,0.0,78.53,14.13,14.36,14.48,0.35,
108,2025-01-22 03:00:00,0.0,0.0,0.0,0.0,80.17,13.1,13.67,13.99,0.31,
108,2025-01-22 04:00:00,0.0,0.0,0.0,0.0,82.48,12.29,12.78,13.27,0.26,
108,2025-01-22 05:00:00,0.0,0.0,0.0,0.0,84.77,11.81,12.13,12.27,0.21,
108,2025-01-22 06:00:00,0.0,0.0,0.0,0.0,85.68,11.47,11.59,11.75,0.2,
108,2025-01-22 07:00:00,0.0,0.0,3.51,0.0,87.12,10.64,10.89,11.09,0.17,
108,2025-01-22 08:00:00,0.0,0.0,90.81,0.0,85.77,10.84,12.28,13.99,0.21,
108,2025-01-22 09:00:00,2.41,0.11,291.72,0.0,77.8,14.03,15.01,16.1,0.38,
108,2025-01-22 10:00:00,7.24,0.68,534.75,0.0,65.37,17.27,18.53,19.44,0.74,
108,2025-01-22 11:00:00,7.24,1.36,720.32,0.0,59.61,20.14,20.75,21.45,0.99,
108,2025-01-22 12:00:00,8.45,2.73,874.73,0.0,58.33,21.8,22.62,23.64,1.15,
108,2025-01-22 13:00:00,10.86,3.18,978.7,0.0,54.21,23.66,24.63,25.64,1.42,
108,2025-01-22 14:00:00,10.86,2.4,1040.56,0.0,51.24,25.83,26.7,27.46,1.71,
108,2025-01-22 15:00:00,12.07,2.75,1037.92,0.0,49.58,28.15,28.69,29.13,1.99,
108,2025-01-22 16:00:00,25.35,7.92,1021.25,0.0,45.75,28.21,29.09,30.09,2.19,
108,2025-01-22 17:00:00,27.76,14.56,917.73,0.0,45.43,26.81,26.93,27.08,1.94,
108,2025-01-22 18:00:00,28.97,14.26,736.55,0.0,45.39,24.96,25.64,26.31,1.8,
108,2025-01-22 19:00:00,27.76,14.98,558.44,0.0,46.75,23.22,23.62,23.94,1.56,
108,2025-01-22 20:00:00,21.73,11.35,357.97,0.0,44.87,21.69,22.17,22.7,1.47,
108,2025-01-22 21:00:00,16.9,9.2,108.35,0.0,50.59,19.45,20.42,21.35,1.19,
108,2025-01-22 22:00:00,14.48,6.92,0.0,0.0,57.11,18.32,18.62,18.94,0.92,
108,2025-01-22 23:00:00,12.07,4.33,0.0,0.0,62.49,16.85,17.26,17.73,0.74,
108,2025-01-23 00:00:00,14.48,5.36,0.0,0.0,68.46,14.54,15.35,16.26,0.55,
108,2025-01-23 01:00:00,7.24,3.12,0.0,0.0,75.4,12.85,13.45,14.02,0.38,
108,2025-01-23 02:00:00,3.62,0.27,0.0,0.0,80.14,11.92,12.16,12.43,0.28,
108,2025-01-23 03:00:00,3.62,0.5,0.0,0.0,83.72,11.19,11.36,11.5,0.22,
108,2025-01-23 04:00:00,3.62,0.27,0.0,0.0,86.38,10.5,10.64,10.82,0.18,
108,2025-01-23 05:00:00,1.21,0.0,0.0,0.0,86.67,9.98,10.22,10.43,0.17,
108,2025-01-23 06:00:00,2.41,0.14,0.0,0.0,88.58,9.4,9.62,10.11,0.14,
108,2025-01-23 07:00:00,0.0,0.0,4.83,0.0,88.61,9.08,9.14,9.29,0.13,
108,2025-01-23 08:00:00,0.0,0.0,72.82,0.0,88.02,9.36,10.46,11.32,0.16,
108,2025-01-23 09:00:00,2.41,0.08,327.7,0.0,81.89,11.96,13.58,15.58,0.29,
108,2025-01-23 10:00:00,9.66,0.91,527.3,0.0,73.83,15.4,16.33,17.49,0.49,
108,2025-01-23 11:00:00,9.66,1.48,709.79,0.0,65.23,18.39,19.14,19.8,0.78,
108,2025-01-23 12:00:00,13.28,1.34,873.42,0.0,59.69,20.47,21.72,22.32,1.05,
108,2025-01-23 13:00:00,15.69,2.19,998.44,0.0,57.9,22.65,23.38,23.72,1.21,
108,2025-01-23 14:00:00,15.69,4.62,1040.56,0.0,53.38,23.76,24.76,25.64,1.46,
108,2025-01-23 15:00:00,16.9,4.24,1041.87,0.0,52.94,25.86,26.1,26.31,1.59,
108,2025-01-23 16:00:00,14.48,2.6,1012.48,0.0,50.61,27.6,27.91,28.26,1.86,
108,2025-01-23 17:00:00,14.48,2.05,929.13,0.0,46.8,28.22,28.54,29.13,2.08,
108,2025-01-23 18:00:00,10.86,1.12,805.42,0.0,49.43,27.29,28.16,29.19,1.93,
108,2025-01-23 19:00:00,9.66,0.75,626.44,0.0,49.24,27.3,28.13,28.49,1.94,
108,2025-01-23 20:00:00,14.48,0.8,196.97,0.0,54.45,25.14,26.14,26.97,1.55,
108,2025-01-23 21:00:00,10.86,0.26,72.82,0.0,56.36,23.26,24.49,25.43,1.34,
108,2025-01-23 22:00:00,12.07,2.1,0.0,0.0,62.62,20.79,21.63,22.6,0.97,
108,2025-01-23 23:00:00,9.66,0.79,0.0,0.0,66.62,18.86,19.49,20.34,0.76,
108,2025-01-24 00:00:00,6.04,0.3,0.0,0.0,67.55,17.16,17.46,17.73,0.65,
108,2025-01-24 01:00:00,0.0,0.0,0.0,0.0,69.87,15.64,16.12,16.66,0.55,
108,2025-01-24 02:00:00,2.41,0.02,0.0,0.0,75.38,14.05,14.47,15.1,0.41,
108,2025-01-24 03:00:00,4.83,0.09,0.0,0.0,78.38,13.17,13.61,14.03,0.34,
108,2025-01-24 04:00:00,7.24,0.36,0.0,0.0,79.41,12.85,13.1,13.26,0.31,
108,2025-01-24 05:00:00,2.41,0.02,0.0,0.0,78.13,13.1,13.17,13.23,0.33,
108,2025-01-24 06:00:00,4.83,0.05,0.0,0.0,78.37,12.58,12.85,13.06,0.32,
108,2025-01-24 07:00:00,6.04,1.09,0.0,0.0,82.51,11.46,11.8,12.34,0.24,
108,2025-01-24 08:00:00,10.86,1.21,104.85,0.0,80.23,11.68,12.47,13.37,0.29,
108,2025-01-24 09:00:00,9.66,0.62,318.48,0.0,69.63,14.31,15.21,16.16,0.53,
108,2025-01-24 10:00:00,12.07,1.12,518.52,0.0,64.56,16.54,17.24,18.39,0.7,
108,2025-01-24 11:00:00,12.07,1.66,710.23,0.0,58.93,18.76,19.7,20.62,0.95,
108,2025-01-24 12:00:00,19.31,3.0,908.95,0.0,54.74,21.49,21.94,22.67,1.19,
108,2025-01-24 13:00:00,20.52,2.81,1017.74,0.0,49.84,22.9,23.89,24.9,1.49,
108,2025-01-24 14:00:00,15.69,1.54,1071.26,0.0,41.76,25.56,26.19,27.16,1.99,
108,2025-01-24 15:00:00,9.66,1.24,1077.41,0.0,34.16,27.26,27.64,28.07,2.44,
108,2025-01-24 16:00:00,14.48,1.51,1030.03,0.0,33.85,28.43,28.69,28.94,2.61,
108,2025-01-24 17:00:00,16.9,1.53,930.01,0.0,32.58,28.75,29.27,29.59,2.74,
108,2025-01-24 18:00:00,18.11,1.0,782.61,0.0,31.99,28.87,29.2,29.42,2.76,
108,2025-01-24 19:00:00,13.28,0.48,336.91,0.0,35.48,27.3,27.8,28.42,2.41,
108,2025-01-24 20:00:00,3.62,0.06,197.85,0.0,38.28,26.8,26.97,27.16,2.2,
108,2025-01-24 21:00:00,9.66,0.21,163.63,0.0,39.76,24.45,26.04,27.14,2.04,
108,2025-01-24 22:00:00,3.62,0.02,0.0,0.0,48.81,21.59,22.46,23.33,1.4,
108,2025-01-24 23:00:00,4.83,0.29,0.0,0.0,54.67,19.9,20.17,20.7,1.07,
108,2025-01-25 00:00:00,6.04,0.7,0.0,0.0,57.46,19.01,19.16,19.35,0.94,
108,2025-01-25 01:00:00,3.62,0.08,0.0,0.0,62.5,17.06,17.81,18.52,0.77,
108,2025-01-25 02:00:00,6.04,0.14,0.0,0.0,64.63,17.16,17.26,17.45,0.7,
108,2025-01-25 03:00:00,10.86,0.63,0.0,0.0,67.39,16.52,16.86,17.16,0.63,
108,2025-01-25 04:00:00,6.04,0.12,0.0,0.0,69.59,14.99,15.67,16.21,0.54,
108,2025-01-25 05:00:00,13.28,1.13,0.0,0.0,73.32,13.61,14.13,14.65,0.43,
108,2025-01-25 06:00:00,4.83,0.33,0.0,0.0,75.99,12.51,12.99,13.34,0.36,
108,2025-01-25 07:00:00,8.45,1.15,0.0,0.0,79.8,11.57,11.83,12.12,0.28,
108,2025-01-25 08:00:00,6.04,0.68,87.74,0.0,80.97,11.1,11.77,12.75,0.26,
108,2025-01-25 09:00:00,13.28,0.54,301.38,0.0,70.77,13.81,14.72,15.57,0.49,
108,2025-01-25 10:00:00,9.66,0.87,551.42,0.0,64.94,16.17,16.65,17.16,0.67,
108,2025-01-25 11:00:00,9.66,2.19,733.04,0.0,62.79,17.64,18.15,18.73,0.78,
108,2025-01-25 12:00:00,14.48,3.12,923.87,0.0,59.51,19.14,20.27,21.15,0.97,
108,2025-01-25 13:00:00,13.28,2.11,1018.62,0.0,53.72,22.26,23.05,24.34,1.31,
108,2025-01-25 14:00:00,14.48,2.31,1048.01,0.0,47.93,24.75,25.11,25.63,1.66,
108,2025-01-25 15:00:00,10.86,0.87,1047.58,0.0,43.67,26.45,27.49,28.04,2.07,
108,2025-01-25 16:00:00,13.28,1.86,996.69,0.0,40.47,28.69,29.26,30.19,2.43,
108,2025-01-25 17:00:00,10.86,2.32,901.06,0.0,36.17,29.83,30.17,30.81,2.74,
108,2025-01-25 18:00:00,12.07,2.25,752.34,0.0,34.67,30.94,31.16,31.42,2.96,
108,2025-01-25 19:00:00,6.04,0.12,562.39,0.0,35.29,30.46,30.97,31.35,2.9,
108,2025-01-25 20:00:00,1.21,0.0,293.92,0.0,38.58,28.85,29.47,29.91,2.53,
108,2025-01-25 21:00:00,0.0,0.0,102.65,0.0,53.42,24.84,26.81,27.85,1.65,
108,2025-01-25 22:00:00,0.0,0.0,0.0,0.0,65.1,19.59,21.09,23.02,0.88,
108,2025-01-25 23:00:00,8.45,1.81,0.0,0.0,59.94,19.31,19.76,20.28,0.93,
108,2025-01-26 00:00:00,6.04,0.77,0.0,0.0,64.47,18.08,18.69,19.02,0.77,
108,2025-01-26 01:00:00,0.0,0.0,0.0,0.0,70.54,16.49,17.22,17.77,0.58,
108,2025-01-26 02:00:00,0.0,0.0,0.0,0.0,77.59,14.34,14.94,15.62,0.38,
108,2025-01-26 03:00:00,2.41,0.08,0.0,0.0,76.86,13.71,14.5,15.14,0.38,
108,2025-01-26 04:00:00,2.41,0.09,0.0,0.0,81.31,12.95,13.26,13.69,0.29,
108,2025-01-26 05:00:00,7.24,3.74,0.0,0.0,80.77,13.44,13.84,14.26,0.31,
108,2025-01-26 06:00:00,6.04,0.88,0.0,0.0,80.51,12.96,13.64,14.09,0.31,
108,2025-01-26 07:00:00,4.83,0.65,6.58,0.0,83.01,11.96,12.36,12.61,0.25,
108,2025-01-26 08:00:00,0.0,0.0,115.81,0.0,83.82,11.67,12.79,13.96,0.24,
108,2025-01-26 09:00:00,4.83,0.11,329.45,0.0,70.77,14.85,16.59,18.03,0.56,
108,2025-01-26 10:00:00,8.45,1.31,531.25,0.0,64.03,17.96,18.35,18.54,0.76,
108,2025-01-26 11:00:00,10.86,1.27,763.31,0.0,60.26,19.39,20.6,21.81,0.97,
108,2025-01-26 12:00:00,12.07,1.48,913.34,0.0,53.91,22.56,23.56,24.92,1.35,
108,2025-01-26 13:00:00,12.07,1.57,1012.92,0.0,47.85,25.22,26.16,26.7,1.77,
108,2025-01-26 14:00:00,8.45,0.94,1050.21,0.0,41.9,27.95,28.53,28.98,2.27,
108,2025-01-26 15:00:00,6.04,0.5,1051.52,0.0,36.73,29.94,30.43,31.23,2.76,
108,2025-01-26 16:00:00,8.45,1.18,1005.02,0.0,31.89,30.87,31.83,32.26,3.21,
108,2025-01-26 17:00:00,7.24,0.68,899.74,0.0,32.59,32.26,32.35,32.5,3.27,
108,2025-01-26 18:00:00,18.11,2.81,753.22,0.0,32.17,31.43,32.6,33.11,3.34,
108,2025-01-26 19:00:00,25.35,11.18,511.5,0.0,34.13,28.98,29.88,30.59,2.78,
108,2025-01-26 20:00:00,26.55,9.98,316.73,0.0,36.35,25.64,26.84,27.94,2.25,
108,2025-01-26 21:00:00,20.52,5.84,110.11,0.0,43.14,21.67,23.13,24.69,1.62,
108,2025-01-26 22:00:00,13.28,3.26,0.0,0.0,51.81,19.32,20.09,21.15,1.14,
108,2025-01-26 23:00:00,4.83,0.24,0.0,0.0,62.67,16.77,17.71,18.94,0.76,
108,2025-01-27 00:00:00,4.83,0.48,0.0,0.0,70.74,15.68,15.96,16.45,0.53,
108,2025-01-27 01:00:00,9.66,1.47,0.0,0.0,72.82,15.25,15.66,15.9,0.49,
108,2025-01-27 02:00:00,1.21,0.0,0.0,0.0,77.68,13.93,14.28,14.65,0.37,
108,2025-01-27 03:00:00,0.0,0.0,0.0,0.0,81.18,12.29,12.79,13.15,0.28,
108,2025-01-27 04:00:00,1.21,0.0,0.0,0.0,84.48,11.42,11.83,12.2,0.22,
108,2025-01-27 05:00:00,0.0,0.0,0.0,0.0,85.88,10.82,11.09,11.22,0.18,
108,2025-01-27 06:00:00,3.62,0.14,0.0,0.0,89.28,9.99,10.5,10.67,0.14,
108,2025-01-27 07:00:00,2.41,0.05,2.63,0.0,90.46,10.2,10.29,10.39,0.12,
108,2025-01-27 08:00:00,3.62,0.23,102.65,0.0,91.29,10.12,11.41,12.83,0.12,
108,2025-01-27 09:00:00,6.04,0.15,309.27,0.0,82.99,14.22,15.69,16.83,0.31,
108,2025-01-27 10:00:00,9.66,0.79,508.43,0.0,69.5,17.62,18.78,19.88,0.67,
108,2025-01-27 11:00:00,10.86,1.52,736.99,0.0,60.87,20.9,21.67,22.47,1.02,
108,2025-01-27 12:00:00,14.48,2.01,889.65,0.0,58.56,23.04,23.83,24.62,1.23,
108,2025-01-27 13:00:00,18.11,3.88,994.06,0.0,57.69,24.74,24.96,25.29,1.34,
108,2025-01-27 14:00:00,18.11,3.62,1045.82,0.0,53.37,25.94,26.55,27.01,1.62,
108,2025-01-27 15:00:00,18.11,3.76,1046.7,0.0,51.37,26.8,27.66,28.71,1.81,
108,2025-01-27 16:00:00,14.48,2.61,1001.51,0.0,48.08,28.26,28.55,28.92,2.03,
108,2025-01-27 17:00:00,14.48,2.1,909.39,0.0,46.54,28.6,29.08,29.36,2.15,
108,2025-01-27 18:00:00,16.9,1.21,727.34,0.0,45.06,28.7,28.93,29.02,2.19,
108,2025-01-27 19:00:00,6.04,1.0,538.26,0.0,43.97,27.88,28.26,28.67,2.15,
108,2025-01-27 20:00:00,6.04,0.35,335.59,0.0,44.03,27.04,27.44,27.74,2.05,
108,2025-01-27 21:00:00,1.21,0.02,69.75,0.0,48.17,23.06,24.95,26.47,1.65,
108,2025-01-27 22:00:00,0.0,0.0,0.0,0.0,55.05,20.53,21.15,21.98,1.13,
108,2025-01-27 23:00:00,1.21,0.0,0.0,0.0,49.19,20.14,20.21,20.28,1.2,
108,2025-01-28 00:00:00,3.62,0.02,0.0,0.0,50.39,18.49,18.96,19.66,1.09,
108,2025-01-28 01:00:00,4.83,0.05,0.0,0.0,49.48,17.87,17.95,18.11,1.04,
108,2025-01-28 02:00:00,4.83,0.17,0.0,0.0,51.36,16.52,17.15,17.69,0.95,
108,2025-01-28 03:00:00,6.04,0.08,0.0,0.0,61.73,14.64,15.47,16.11,0.68,
108,2025-01-28 04:00:00,12.07,1.54,0.0,0.0,67.83,13.4,13.95,14.4,0.52,
108,2025-01-28 05:00:00,7.24,0.83,0.0,0.0,72.1,11.5,12.21,13.17,0.4,
108,2025-01-28 06:00:00,7.24,1.03,0.0,0.0,75.4,10.78,10.95,11.1,0.32,
108,2025-01-28 07:00:00,1.21,0.0,6.58,0.0,78.25,9.54,9.9,10.33,0.27,
108,2025-01-28 08:00:00,2.41,0.14,82.47,0.0,79.46,9.3,10.17,11.82,0.26,
108,2025-01-28 09:00:00,9.66,0.44,294.8,0.0,66.14,12.86,13.91,14.78,0.54,
108,2025-01-28 10:00:00,8.45,0.98,542.65,0.0,62.77,14.87,15.66,16.52,0.66,
108,2025-01-28 11:00:00,12.07,1.2,726.46,0.0,59.27,16.72,17.91,19.07,0.84,
108,2025-01-28 12:00:00,13.28,1.87,888.33,0.0,53.98,20.12,20.88,21.43,1.14,
108,2025-01-28 13:00:00,12.07,2.82,1015.11,0.0,50.28,21.57,23.07,24.74,1.41,
108,2025-01-28 14:00:00,10.86,1.56,1054.16,0.0,45.46,25.15,26.15,28.04,1.86,
108,2025-01-28 15:00:00,8.45,1.55,1062.93,0.0,40.13,28.35,28.84,29.59,2.38,
108,2025-01-28 16:00:00,13.28,2.56,1025.2,0.0,37.35,29.53,30.29,30.7,2.7,
108,2025-01-28 17:00:00,13.28,2.19,905.0,0.0,37.0,31.02,31.38,31.94,2.89,
108,2025-01-28 18:00:00,7.24,0.41,756.29,0.0,36.06,32.22,32.51,32.87,3.13,
108,2025-01-28 19:00:00,7.24,0.2,574.67,0.0,33.58,31.77,31.95,32.08,3.15,
108,2025-01-28 20:00:00,1.21,0.0,307.96,0.0,38.5,30.16,30.87,31.46,2.74,
108,2025-01-28 21:00:00,0.0,0.0,80.72,0.0,54.0,24.18,27.48,29.68,1.74,
108,2025-01-28 22:00:00,0.0,0.0,0.0,0.0,65.97,19.62,21.22,23.28,0.87,
108,2025-01-28 23:00:00,6.04,0.56,0.0,0.0,66.05,18.52,19.55,20.52,0.78,
108,2025-01-29 00:00:00,2.41,0.03,0.0,0.0,74.51,16.0,16.95,18.38,0.49,
108,2025-01-29 01:00:00,0.0,0.0,0.0,0.0,75.49,15.33,15.77,16.13,0.44,
108,2025-01-29 02:00:00,6.04,0.74,0.0,0.0,76.43,14.47,14.96,15.4,0.4,
108,2025-01-29 03:00:00,4.83,0.33,0.0,0.0,74.0,14.81,14.94,15.09,0.44,
108,2025-01-29 04:00:00,3.62,0.11,0.0,0.0,75.02,13.95,14.37,14.74,0.41,
108,2025-01-29 05:00:00,6.04,0.62,0.0,0.0,80.22,12.44,12.85,13.52,0.29,
108,2025-01-29 06:00:00,9.66,4.03,0.0,0.0,78.53,12.98,13.21,13.55,0.33,
108,2025-01-29 07:00:00,1.21,0.0,0.0,0.0,79.56,11.42,12.41,13.45,0.3,
108,2025-01-29 08:00:00,0.0,0.0,65.8,0.0,82.01,11.03,12.07,13.23,0.26,
108,2025-01-29 09:00:00,6.04,0.21,332.96,0.0,70.55,14.28,15.97,17.34,0.54,
108,2025-01-29 10:00:00,9.66,1.42,533.0,0.0,64.35,17.94,18.23,18.9,0.75,
108,2025-01-29 11:00:00,9.66,1.1,722.95,0.0,59.53,19.07,20.25,21.31,0.97,
108,2025-01-29 12:00:00,10.86,1.27,918.6,0.0,53.24,21.53,23.05,24.63,1.32,
108,2025-01-29 13:00:00,10.86,1.07,1019.06,0.0,47.38,25.52,26.64,27.25,1.84,
108,2025-01-29 14:00:00,7.24,0.81,1066.44,0.0,42.67,27.83,29.2,30.23,2.33,
108,2025-01-29 15:00:00,6.04,0.59,1070.39,0.0,37.32,30.22,31.13,31.9,2.84,
108,2025-01-29 16:00:00,7.24,0.41,1027.4,0.0,33.06,32.43,33.19,33.89,3.4,
108,2025-01-29 17:00:00,3.62,0.36,904.13,0.0,27.97,33.66,34.12,34.34,3.86,
108,2025-01-29 18:00:00,4.83,0.17,765.06,0.0,28.88,34.43,34.74,35.41,3.94,
108,2025-01-29 19:00:00,10.86,1.09,590.91,0.0,32.66,32.32,33.48,34.21,3.48,
108,2025-01-29 20:00:00,22.93,11.21,308.39,0.0,34.55,28.75,30.02,31.12,2.79,
108,2025-01-29 21:00:00,22.93,9.72,86.86,0.0,37.59,24.67,26.12,28.0,2.13,
108,2025-01-29 22:00:00,18.11,8.0,0.0,0.0,42.13,21.88,23.11,24.11,1.64,
108,2025-01-29 23:00:00,4.83,0.55,0.0,0.0,56.41,18.87,19.56,21.19,1.0,
108,2025-01-30 00:00:00,0.0,0.0,0.0,0.0,59.58,16.93,17.85,18.73,0.83,
108,2025-01-30 01:00:00,0.0,0.0,0.0,0.0,69.0,14.86,15.23,15.94,0.54,
108,2025-01-30 02:00:00,0.0,0.0,0.0,0.0,72.85,13.47,13.85,14.45,0.43,
108,2025-01-30 03:00:00,0.0,0.0,0.0,0.0,78.99,11.91,12.39,12.91,0.3,
108,2025-01-30 04:00:00,0.0,0.0,0.0,0.0,78.75,11.27,11.55,11.88,0.29,
108,2025-01-30 05:00:00,0.0,0.0,0.0,0.0,81.48,11.03,11.23,11.4,0.25,
108,2025-01-30 06:00:00,0.0,0.0,0.0,0.0,82.79,10.3,10.85,11.25,0.22,
108,2025-01-30 07:00:00,0.0,0.0,0.0,0.0,83.94,9.71,9.96,10.22,0.2,
108,2025-01-30 08:00:00,0.0,0.0,95.63,0.0,85.14,9.58,10.72,12.17,0.19,
108,2025-01-30 09:00:00,0.0,0.0,309.27,0.0,78.4,13.77,15.08,16.3,0.37,
108,2025-01-30 10:00:00,7.24,0.98,511.5,0.0,69.8,17.35,18.33,19.39,0.64,
108,2025-01-30 11:00:00,7.24,1.39,744.45,0.0,61.06,20.43,21.06,21.85,0.98,
108,2025-01-30 12:00:00,8.45,2.07,901.06,0.0,56.28,22.23,23.31,24.32,1.25,
108,2025-01-30 13:00:00,7.24,1.46,1006.34,0.0,49.35,24.97,25.73,26.6,1.68,
108,2025-01-30 14:00:00,8.45,1.27,1054.16,0.0,44.62,27.53,28.17,29.11,2.12,
108,2025-01-30 15:00:00,7.24,0.53,1054.59,0.0,38.43,29.4,30.65,31.6,2.72,
108,2025-01-30 16:00:00,12.07,0.9,1008.53,0.0,33.83,31.26,32.01,32.56,3.15,
108,2025-01-30 17:00:00,9.66,0.53,908.07,0.0,31.12,33.29,33.73,34.03,3.61,
108,2025-01-30 18:00:00,22.93,3.62,753.66,0.0,31.89,31.09,33.12,33.83,3.46,
108,2025-01-30 19:00:00,20.52,9.55,518.08,0.0,35.15,30.19,30.59,31.18,2.85,
108,2025-01-30 20:00:00,18.11,5.49,316.73,0.0,34.14,27.84,28.81,29.57,2.61,
108,2025-01-30 21:00:00,3.62,0.12,103.97,0.0,42.32,23.36,25.22,27.32,1.87,
108,2025-01-30 22:00:00,1.21,0.0,0.0,0.0,47.75,20.29,21.31,22.4,1.33,
108,2025-01-30 23:00:00,4.83,0.05,0.0,0.0,56.55,17.79,18.89,19.94,0.96,
108,2025-01-31 00:00:00,0.0,0.0,0.0,0.0,67.18,15.17,16.03,16.93,0.6,
108,2025-01-31 01:00:00,1.21,0.0,0.0,0.0,75.16,14.13,14.63,14.93,0.41,
108,2025-01-31 02:00:00,2.41,0.06,0.0,0.0,82.58,13.05,13.38,13.96,0.27,
108,2025-01-31 03:00:00,0.0,0.0,0.0,0.0,84.55,11.99,12.53,12.94,0.23,
108,2025-01-31 04:00:00,1.21,0.0,0.0,0.0,87.61,10.87,11.63,12.2,0.17,
108,2025-01-31 05:00:00,0.0,0.0,0.0,0.0,89.9,10.71,10.85,10.94,0.13,
108,2025-01-31 06:00:00,0.0,0.0,0.0,0.0,88.13,9.68,10.16,10.68,0.15,
108,2025-01-31 07:00:00,0.0,0.0,12.72,0.0,88.42,9.07,9.34,9.63,0.14,
108,2025-01-31 08:00:00,0.0,0.0,89.05,0.0,90.01,9.45,10.46,11.52,0.13,
108,2025-01-31 09:00:00,4.83,0.14,296.11,0.0,81.78,13.16,14.57,15.79,0.31,
108,2025-01-31 10:00:00,6.04,0.66,548.35,0.0,70.43,16.39,17.67,18.73,0.6,
108,2025-01-31 11:00:00,8.45,0.73,735.67,0.0,61.86,19.44,20.91,22.46,0.95,
108,2025-01-31 12:00:00,9.66,1.09,893.6,0.0,52.12,23.26,24.02,24.96,1.43,
108,2025-01-31 13:00:00,15.69,2.59,990.99,0.0,48.02,25.84,26.12,26.64,1.76,
108,2025-01-31 14:00:00,18.11,2.38,1051.96,0.0,44.04,27.55,28.11,28.78,2.13,
108,2025-01-31 15:00:00,13.28,3.09,1050.65,0.0,41.02,28.38,29.37,29.78,2.42,
108,2025-01-31 16:00:00,15.69,2.52,1011.16,0.0,37.6,29.9,30.68,31.04,2.75,
108,2025-01-31 17:00:00,13.28,2.2,915.97,0.0,38.27,31.26,31.49,31.71,2.85,
108,2025-01-31 18:00:00,10.86,0.92,717.25,0.0,40.58,31.68,31.96,32.12,2.82,
108,2025-01-31 19:00:00,8.45,0.32,536.07,0.0,41.6,31.43,31.78,32.04,2.74,
108,2025-01-31 20:00:00,13.28,2.61,325.06,0.0,45.29,28.87,30.33,31.36,2.37,
108,2025-01-31 21:00:00,14.48,4.99,68.0,0.0,47.64,25.15,26.71,28.0,1.84,
108,2025-01-31 22:00:00,9.66,4.15,0.0,0.0,54.32,22.59,23.43,24.34,1.32,
108,2025-01-31 23:00:00,3.62,0.35,0.0,0.0,62.8,20.26,21.04,21.94,0.93,
108,2025-02-01 00:00:00,0.0,0.0,0.0,0.0,73.11,17.69,18.45,19.12,0.57,
108,2025-02-01 01:00:00,0.0,0.0,0.0,0.0,76.96,16.16,16.81,17.49,0.44,
108,2025-02-01 02:00:00,2.41,0.12,0.0,0.0,79.28,15.47,15.82,16.37,0.37,
108,2025-02-01 03:00:00,2.41,0.11,0.0,0.0,78.81,15.1,15.41,15.72,0.37,
108,2025-02-01 04:00:00,3.62,0.15,0.0,0.0,79.58,14.51,14.84,15.29,0.35,
108,2025-02-01 05:00:00,0.0,0.0,0.0,0.0,80.75,13.65,14.33,14.83,0.32,
108,2025-02-01 06:00:00,1.21,0.02,0.0,0.0,84.35,13.88,13.99,14.13,0.25,
108,2025-02-01 07:00:00,4.83,0.82,0.0,0.0,86.96,13.55,13.66,13.75,0.2,
108,2025-02-01 08:00:00,4.83,0.27,62.29,0.0,84.01,13.64,14.34,15.1,0.26,
108,2025-02-01 09:00:00,8.45,0.32,320.24,0.0,72.55,16.04,16.92,17.65,0.53,
108,2025-02-01 10:00:00,9.66,1.1,518.96,0.0,67.73,17.29,18.57,19.38,0.69,
108,2025-02-01 11:00:00,13.28,2.27,706.72,0.0,63.9,18.97,20.26,21.28,0.86,
108,2025-02-01 12:00:00,12.07,1.46,865.52,0.0,58.2,22.19,23.33,24.18,1.2,
108,2025-02-01 13:00:00,12.07,1.5,1000.2,0.0,52.79,25.28,26.33,27.64,1.63,
108,2025-02-01 14:00:00,10.86,1.25,1043.63,0.0,46.13,27.57,28.7,29.75,2.13,
108,2025-02-01 15:00:00,10.86,1.33,1044.94,0.0,41.46,29.01,30.29,30.84,2.53,
108,2025-02-01 16:00:00,8.45,1.28,1011.6,0.0,36.43,31.28,31.57,31.8,2.95,
108,2025-02-01 17:00:00,8.45,0.75,889.21,0.0,37.22,31.43,31.84,32.15,2.96,
108,2025-02-01 18:00:00,4.83,0.32,736.11,0.0,36.85,32.26,32.68,33.27,3.12,
108,2025-02-01 19:00:00,21.73,6.56,543.53,0.0,33.65,30.22,31.63,33.53,3.1,
108,2025-02-01 20:00:00,22.93,10.89,290.85,0.0,33.81,27.66,28.78,29.77,2.62,
108,2025-02-01 21:00:00,19.31,5.67,74.14,0.0,38.28,23.06,24.87,26.7,1.96,
108,2025-02-01 22:00:00,4.83,1.25,0.0,0.0,48.32,20.29,21.2,21.93,1.31,
108,2025-02-01 23:00:00,2.41,0.02,0.0,0.0,62.68,17.46,18.06,18.95,0.77,
108,2025-02-02 00:00:00,2.41,0.06,0.0,0.0,63.97,16.06,16.53,16.93,0.68,
108,2025-02-02 01:00:00,7.24,2.94,0.0,0.0,64.22,14.64,15.2,15.51,0.62,
108,2025-02-02 02:00:00,7.24,1.1,0.0,0.0,66.74,13.47,14.27,14.83,0.54,
108,2025-02-02 03:00:00,1.21,0.03,0.0,0.0,71.85,12.32,12.63,12.88,0.42,
108,2025-02-02 04:00:00,2.41,0.15,0.0,0.0,74.56,11.01,11.77,12.15,0.35,
108,2025-02-02 05:00:00,2.41,0.03,0.0,0.0,75.26,11.06,11.16,11.26,0.33,
108,2025-02-02 06:00:00,3.62,0.09,0.0,0.0,77.01,9.98,10.31,10.75,0.29,
108,2025-02-02 07:00:00,3.62,0.11,0.0,0.0,77.94,9.88,10.1,10.32,0.27,
108,2025-02-02 08:00:00,3.62,0.03,92.56,0.0,78.42,9.95,10.53,11.37,0.28,
108,2025-02-02 09:00:00,9.66,0.97,304.88,0.0,71.0,12.3,13.65,14.86,0.46,
108,2025-02-02 10:00:00,10.86,0.95,512.38,0.0,59.66,16.01,17.12,18.44,0.79,
108,2025-02-02 11:00:00,9.66,1.34,706.28,0.0,52.12,18.83,19.71,20.62,1.1,
108,2025-02-02 12:00:00,13.28,1.74,897.55,0.0,47.66,21.26,21.48,21.85,1.34,
108,2025-02-02 13:00:00,21.73,3.5,1001.51,0.0,46.12,22.12,22.72,23.77,1.49,
108,2025-02-02 14:00:00,16.9,3.5,1052.4,0.0,42.43,23.3,23.97,25.42,1.72,
108,2025-02-02 15:00:00,19.31,5.49,1051.96,0.0,40.37,24.47,25.08,25.9,1.9,
108,2025-02-02 16:00:00,15.69,1.54,1009.85,0.0,37.11,26.21,26.68,27.04,2.2,
108,2025-02-02 17:00:00,19.31,3.38,909.39,0.0,36.02,26.61,27.12,27.74,2.3,
108,2025-02-02 18:00:00,13.28,2.34,755.41,0.0,36.47,26.63,27.4,27.78,2.32,
108,2025-02-02 19:00:00,6.04,0.45,523.35,0.0,35.63,26.95,27.1,27.16,2.31,
108,2025-02-02 20:00:00,3.62,0.15,316.73,0.0,39.31,25.81,26.31,26.7,2.08,
108,2025-02-02 21:00:00,8.45,0.26,94.76,0.0,49.64,22.31,23.75,25.26,1.49,
108,2025-02-02 22:00:00,7.24,0.3,0.0,0.0,59.11,19.83,20.71,21.33,1.0,
108,2025-02-02 23:00:00,6.04,0.06,0.0,0.0,65.18,18.72,19.19,19.6,0.78,
108,2025-02-03 00:00:00,6.04,0.06,0.0,0.0,71.9,17.2,17.78,18.31,0.57,
108,2025-02-03 01:00:00,3.62,0.09,0.0,0.0,78.02,15.49,16.09,16.8,0.4,
108,2025-02-03 02:00:00,3.62,0.44,0.0,0.0,82.5,14.61,14.84,15.13,0.3,
108,2025-02-03 03:00:00,0.0,0.0,0.0,0.0,83.35,13.74,14.01,14.45,0.26,
108,2025-02-03 04:00:00,2.41,0.06,0.0,0.0,86.8,12.44,12.89,13.48,0.2,
108,2025-02-03 05:00:00,0.0,0.0,0.0,0.0,88.77,11.71,12.17,12.47,0.16,
108,2025-02-03 06:00:00,2.41,0.15,0.0,0.0,90.01,11.01,11.41,11.61,0.13,
108,2025-02-03 07:00:00,0.0,0.0,0.0,0.0,89.48,10.68,10.88,11.12,0.14,
108,2025-02-03 08:00:00,0.0,0.0,64.05,0.0,89.85,11.47,11.9,12.32,0.14,
108,2025-02-03 09:00:00,6.04,0.18,282.07,0.0,82.99,13.36,15.32,16.86,0.3,
108,2025-02-03 10:00:00,7.24,1.06,479.48,0.0,69.88,17.17,17.98,18.93,0.63,
108,2025-02-03 11:00:00,9.66,0.9,714.61,0.0,61.43,19.53,20.56,21.39,0.94,
108,2025-02-03 12:00:00,13.28,2.22,867.72,0.0,56.23,21.29,22.02,22.78,1.16,
108,2025-02-03 13:00:00,15.69,2.96,975.19,0.0,50.99,23.21,23.55,23.85,1.43,
108,2025-02-03 14:00:00,16.9,4.12,1037.92,0.0,46.83,24.2,24.89,25.74,1.68,
108,2025-02-03 15:00:00,14.48,3.89,1035.73,0.0,39.32,25.66,26.36,26.64,2.09,
108,2025-02-03 16:00:00,13.28,2.28,1003.27,0.0,37.08,26.91,27.41,27.9,2.3,
108,2025-02-03 17:00:00,15.69,2.46,914.22,0.0,34.47,28.07,28.47,29.16,2.55,
108,2025-02-03 18:00:00,9.66,1.4,722.95,0.0,35.86,28.18,28.69,29.15,2.53,
108,2025-02-03 19:00:00,3.62,0.27,531.25,0.0,34.93,28.01,28.27,28.49,2.5,
108,2025-02-03 20:00:00,3.62,0.36,323.75,0.0,35.38,26.54,27.08,27.56,2.32,
108,2025-02-03 21:00:00,3.62,0.02,106.16,0.0,42.88,22.19,24.34,26.33,1.76,
108,2025-02-03 22:00:00,2.41,0.05,0.0,0.0,53.17,20.54,20.93,21.15,1.16,
108,2025-02-03 23:00:00,4.83,0.2,0.0,0.0,54.33,19.52,20.01,20.45,1.07,
108,2025-02-04 00:00:00,3.62,0.08,0.0,0.0,59.19,17.72,18.3,19.02,0.86,
108,2025-02-04 01:00:00,2.41,0.09,0.0,0.0,67.07,14.93,16.05,16.85,0.6,
108,2025-02-04 02:00:00,2.41,0.24,0.0,0.0,74.92,13.45,14.09,14.67,0.41,
108,2025-02-04 03:00:00,6.04,1.63,0.0,0.0,80.03,12.94,13.03,13.13,0.3,
108,2025-02-04 04:00:00,4.83,1.15,0.0,0.0,81.55,12.47,12.6,12.89,0.27,
108,2025-02-04 05:00:00,1.21,0.0,0.0,0.0,81.98,11.99,12.19,12.44,0.26,
108,2025-02-04 06:00:00,3.62,0.2,0.0,0.0,83.26,11.16,11.64,12.03,0.23,
108,2025-02-04 07:00:00,0.0,0.0,0.0,0.0,83.85,10.09,10.65,10.97,0.21,
108,2025-02-04 08:00:00,1.21,0.0,61.42,0.0,84.82,9.74,10.68,11.67,0.2,
108,2025-02-04 09:00:00,7.24,0.47,267.6,0.0,73.52,13.09,14.35,15.52,0.44,
108,2025-02-04 10:00:00,7.24,0.74,514.58,0.0,62.62,16.52,17.15,17.97,0.73,
108,2025-02-04 11:00:00,12.07,3.11,705.4,0.0,57.54,18.29,19.27,20.81,0.95,
108,2025-02-04 12:00:00,10.86,1.87,846.22,0.0,48.98,21.32,22.56,23.81,1.4,
108,2025-02-04 13:00:00,13.28,1.9,1097.15,0.0,41.34,24.64,25.71,26.88,1.95,
108,2025-02-04 14:00:00,13.28,1.67,1061.61,0.0,36.96,27.45,28.03,28.5,2.39,
108,2025-02-04 15:00:00,10.86,1.5,833.06,0.0,37.78,28.77,28.92,29.13,2.48,
108,2025-02-04 16:00:00,7.24,0.57,942.73,0.0,30.9,29.63,30.49,31.25,3.02,
108,2025-02-04 17:00:00,3.62,0.27,587.4,0.0,37.52,30.15,30.5,30.97,2.73,
108,2025-02-04 18:00:00,3.62,0.02,403.15,0.0,37.36,29.65,30.03,30.37,2.66,
108,2025-02-04 19:00:00,24.14,7.89,591.34,0.0,29.85,29.01,29.59,30.01,2.91,
108,2025-02-04 20:00:00,18.11,8.75,266.72,0.0,31.78,27.04,27.6,28.23,2.52,
108,2025-02-04 21:00:00,19.31,9.17,69.75,0.0,38.15,22.71,24.18,25.9,1.88,
108,2025-02-04 22:00:00,14.48,4.03,0.0,0.0,47.14,19.83,20.62,21.11,1.29,
108,2025-02-04 23:00:00,2.41,0.02,0.0,0.0,57.75,17.46,17.93,18.8,0.87,
108,2025-02-05 00:00:00,6.04,1.16,0.0,0.0,65.44,15.07,15.48,15.69,0.61,
108,2025-02-05 01:00:00,7.24,1.84,0.0,0.0,69.03,13.5,14.06,14.67,0.5,
108,2025-02-05 02:00:00,0.0,0.0,0.0,0.0,74.02,12.17,12.68,13.09,0.38,
108,2025-02-05 03:00:00,0.0,0.0,0.0,0.0,75.45,12.06,12.35,12.44,0.35,
108,2025-02-05 04:00:00,0.0,0.0,0.0,0.0,76.18,11.64,12.09,12.67,0.34,
108,2025-02-05 05:00:00,2.41,0.03,0.0,0.0,82.26,10.71,10.8,10.88,0.23,
108,2025-02-05 06:00:00,1.21,0.0,0.0,0.0,83.66,10.13,10.26,10.36,0.21,
108,2025-02-05 07:00:00,1.21,0.0,0.0,0.0,85.35,9.49,9.74,9.95,0.18,
108,2025-02-05 08:00:00,1.21,0.02,42.99,0.0,85.77,9.3,10.13,11.39,0.18,
108,2025-02-05 09:00:00,3.62,0.08,297.43,0.0,78.78,12.79,14.75,16.2,0.37,
108,2025-02-05 10:00:00,8.45,0.63,495.27,0.0,70.05,17.0,18.06,19.41,0.62,
108,2025-02-05 11:00:00,7.24,1.38,682.59,0.0,64.48,19.84,20.75,21.71,0.87,
108,2025-02-05 12:00:00,13.28,2.43,878.24,0.0,58.07,22.83,23.58,24.59,1.23,
108,2025-02-05 13:00:00,12.07,1.98,987.48,0.0,50.86,24.5,25.59,26.12,1.62,
108,2025-02-05 14:00:00,10.86,2.13,1029.59,0.0,43.11,27.16,27.6,27.83,2.1,
108,2025-02-05 15:00:00,10.86,2.64,1035.29,0.0,39.6,27.94,28.55,28.85,2.36,
108,2025-02-05 16:00:00,13.28,2.02,982.21,0.0,40.43,29.18,29.35,29.64,2.44,
108,2025-02-05 17:00:00,14.48,1.84,886.58,0.0,39.46,29.7,29.93,30.52,2.56,
108,2025-02-05 18:00:00,9.66,0.79,731.72,0.0,39.03,30.11,30.61,30.95,2.68,
108,2025-02-05 19:00:00,4.83,0.3,546.6,0.0,40.09,29.63,29.88,30.23,2.53,
108,2025-02-05 20:00:00,13.28,0.41,293.04,0.0,43.18,27.45,28.49,29.49,2.21,
108,2025-02-05 21:00:00,7.24,0.35,76.33,0.0,46.19,23.64,25.14,26.6,1.73,
108,2025-02-05 22:00:00,7.24,0.08,0.0,0.0,53.97,20.9,21.86,23.01,1.21,
108,2025-02-05 23:00:00,3.62,0.06,0.0,0.0,63.05,17.79,19.24,20.28,0.83,
108,2025-02-06 00:00:00,0.0,0.0,0.0,0.0,72.27,16.32,16.76,17.29,0.53,
108,2025-02-06 01:00:00,0.0,0.0,0.0,0.0,78.81,15.64,15.72,15.75,0.38,
108,2025-02-06 02:00:00,2.41,0.06,0.0,0.0,82.47,14.33,14.85,15.41,0.3,
108,2025-02-06 03:00:00,3.62,0.2,0.0,0.0,86.54,13.33,13.61,13.99,0.21,
108,2025-02-06 04:00:00,2.41,0.24,0.0,0.0,88.7,12.7,12.87,13.15,0.17,
108,2025-02-06 05:00:00,3.62,0.06,0.0,0.0,88.44,13.15,13.38,13.65,0.18,
108,2025-02-06 06:00:00,4.83,0.03,0.0,0.0,88.25,13.47,13.54,13.66,0.18,
108,2025-02-06 07:00:00,4.83,0.05,0.0,0.0,88.9,13.03,13.22,13.32,0.17,
108,2025-02-06 08:00:00,6.04,0.33,77.65,0.0,88.32,13.06,13.46,13.99,0.18,
108,2025-02-06 09:00:00,7.24,0.57,287.34,0.0,80.97,14.51,15.18,15.83,0.33,
108,2025-02-06 10:00:00,7.24,0.95,488.25,0.0,71.97,16.48,17.42,18.39,0.56,
108,2025-02-06 11:00:00,10.86,1.71,722.07,0.0,65.62,18.87,19.91,20.94,0.8,
108,2025-02-06 12:00:00,16.9,2.5,880.44,0.0,58.81,21.52,22.58,23.61,1.13,
108,2025-02-06 13:00:00,13.28,2.7,983.97,0.0,54.31,24.08,24.85,25.63,1.44,
108,2025-02-06 14:00:00,15.69,3.89,1032.22,0.0,48.34,26.11,26.96,28.1,1.84,
108,2025-02-06 15:00:00,21.73,2.14,1035.29,0.0,42.05,28.19,29.34,30.42,2.37,
108,2025-02-06 16:00:00,16.9,2.41,997.13,0.0,36.8,29.95,30.42,30.73,2.75,
108,2025-02-06 17:00:00,10.86,1.3,901.06,0.0,33.2,30.64,31.0,31.26,3.0,
108,2025-02-06 18:00:00,15.69,1.21,753.66,0.0,32.12,31.31,31.42,31.59,3.12,
108,2025-02-06 19:00:00,10.86,0.84,520.72,0.0,33.25,30.91,31.21,31.5,3.04,
108,2025-02-06 20:00:00,3.62,0.17,310.59,0.0,36.64,28.71,29.82,30.85,2.67,
108,2025-02-06 21:00:00,2.41,0.02,78.52,0.0,47.7,23.24,25.7,27.94,1.75,
108,2025-02-06 22:00:00,2.41,0.05,0.0,0.0,53.26,20.98,21.74,22.73,1.22,
108,2025-02-06 23:00:00,1.21,0.02,0.0,0.0,55.89,19.38,19.85,20.64,1.02,
108,2025-02-07 00:00:00,2.41,0.03,0.0,0.0,57.61,18.63,19.37,19.87,0.96,
108,2025-02-07 01:00:00,0.0,0.0,0.0,0.0,69.49,15.52,16.45,17.45,0.57,
108,2025-02-07 02:00:00,3.62,0.44,0.0,0.0,72.27,14.5,15.17,15.51,0.48,
108,2025-02-07 03:00:00,0.0,0.0,0.0,0.0,74.73,14.27,14.47,14.79,0.42,
108,2025-02-07 04:00:00,3.62,0.87,0.0,0.0,77.56,13.17,13.75,14.12,0.35,
108,2025-02-07 05:00:00,0.0,0.0,0.0,0.0,80.62,12.29,13.05,13.97,0.29,
108,2025-02-07 06:00:00,3.62,0.11,0.0,0.0,82.86,12.46,12.69,12.94,0.25,
108,2025-02-07 07:00:00,1.21,0.0,0.0,0.0,84.03,11.09,11.57,12.0,0.22,
108,2025-02-07 08:00:00,0.0,0.0,54.84,0.0,86.05,10.71,11.3,12.5,0.19,
108,2025-02-07 09:00:00,9.66,1.1,254.0,0.0,80.3,13.33,15.17,16.44,0.35,
108,2025-02-07 10:00:00,13.28,2.02,503.17,0.0,68.17,16.99,18.46,20.18,0.68,
108,2025-02-07 11:00:00,8.45,0.81,690.93,0.0,59.08,20.6,21.44,22.49,1.05,
108,2025-02-07 12:00:00,8.45,1.02,850.61,0.0,53.18,22.65,23.96,25.08,1.4,
108,2025-02-07 13:00:00,15.69,1.78,960.28,0.0,46.98,25.76,27.04,28.21,1.91,
108,2025-02-07 14:00:00,14.48,3.53,1022.57,0.0,44.27,28.98,29.32,29.8,2.28,
108,2025-02-07 15:00:00,13.28,2.31,1024.33,0.0,38.66,30.89,31.71,32.28,2.87,
108,2025-02-07 16:00:00,8.45,0.92,995.37,0.0,32.99,33.04,33.35,33.67,3.44,
108,2025-02-07 17:00:00,10.86,1.22,905.88,0.0,31.99,33.79,34.27,34.96,3.67,
108,2025-02-07 18:00:00,6.04,0.29,705.4,0.0,27.95,34.22,34.39,34.69,3.92,
108,2025-02-07 19:00:00,1.21,0.03,518.52,0.0,36.19,33.93,34.14,34.56,3.42,
108,2025-02-07 20:00:00,14.48,2.57,315.41,0.0,38.72,30.47,32.18,33.59,2.94,
108,2025-02-07 21:00:00,8.45,3.2,56.59,0.0,40.96,25.63,27.04,28.85,2.12,
108,2025-02-07 22:00:00,4.83,1.33,0.0,0.0,49.94,22.16,22.97,23.63,1.41,
108,2025-02-07 23:00:00,3.62,0.21,0.0,0.0,60.98,19.88,20.45,21.49,0.94,
108,2025-02-08 00:00:00,3.62,0.29,0.0,0.0,66.78,17.72,18.29,18.86,0.7,
108,2025-02-08 01:00:00,1.21,0.02,0.0,0.0,70.54,17.03,17.42,18.1,0.59,
108,2025-02-08 02:00:00,0.0,0.0,0.0,0.0,75.56,15.59,16.09,16.79,0.45,
108,2025-02-08 03:00:00,4.83,0.6,0.0,0.0,79.24,14.14,15.03,16.04,0.36,
108,2025-02-08 04:00:00,7.24,1.78,0.0,0.0,78.03,15.17,15.27,15.54,0.38,
108,2025-02-08 05:00:00,9.66,1.72,0.0,0.0,75.9,14.68,14.77,14.86,0.41,
108,2025-02-08 06:00:00,12.07,3.64,0.0,0.0,74.03,14.14,14.3,14.59,0.42,
108,2025-02-08 07:00:00,3.62,0.12,0.0,0.0,78.29,12.89,13.32,13.92,0.33,
108,2025-02-08 08:00:00,7.24,1.84,42.55,0.0,82.14,12.37,13.17,14.06,0.27,
108,2025-02-08 09:00:00,8.45,1.07,237.77,0.0,74.56,14.81,15.87,16.89,0.46,
108,2025-02-08 10:00:00,12.07,1.8,484.31,0.0,67.58,17.27,18.15,18.86,0.68,
108,2025-02-08 11:00:00,14.48,1.96,679.08,0.0,61.72,19.87,20.95,22.22,0.95,
108,2025-02-08 12:00:00,13.28,1.83,811.56,0.0,55.55,22.23,23.74,24.87,1.31,
108,2025-02-08 13:00:00,9.66,1.65,983.09,0.0,48.4,25.57,26.92,28.05,1.84,
108,2025-02-08 14:00:00,15.69,2.57,1022.13,0.0,40.67,28.9,29.62,30.47,2.47,
108,2025-02-08 15:00:00,12.07,3.89,1029.59,0.0,34.23,30.63,31.43,32.21,3.03,
108,2025-02-08 16:00:00,10.86,2.64,997.57,0.0,33.45,32.56,32.97,33.18,3.34,
108,2025-02-08 17:00:00,14.48,3.47,865.08,0.0,32.7,33.18,33.35,33.49,3.45,
108,2025-02-08 18:00:00,12.07,3.82,719.44,0.0,32.02,33.18,33.4,33.56,3.5,
108,2025-02-08 19:00:00,12.07,2.81,533.44,0.0,31.99,32.39,32.86,33.19,3.39,
108,2025-02-08 20:00:00,13.28,2.3,264.09,0.0,31.01,30.71,31.52,32.19,3.2,
108,2025-02-08 21:00:00,9.66,1.27,60.1,0.0,36.62,26.49,28.3,29.49,2.45,
108,2025-02-08 22:00:00,13.28,2.16,0.0,0.0,42.01,24.45,25.47,26.26,1.9,
108,2025-02-08 23:00:00,6.04,0.15,0.0,0.0,48.73,21.98,23.12,24.25,1.46,
108,2025-02-09 00:00:00,1.21,0.03,0.0,0.0,55.42,19.98,20.87,21.73,1.1,
108,2025-02-09 01:00:00,10.86,3.36,0.0,0.0,52.98,19.9,20.33,20.56,1.12,
108,2025-02-09 02:00:00,7.24,0.63,0.0,0.0,52.13,20.17,20.4,20.62,1.15,
108,2025-02-09 03:00:00,3.62,0.12,0.0,0.0,59.91,19.96,20.04,20.22,0.94,
108,2025-02-09 04:00:00,8.45,0.91,0.0,0.0,65.04,18.08,18.87,19.6,0.77,
108,2025-02-09 05:00:00,4.83,0.27,0.0,0.0,70.41,16.28,16.93,17.64,0.58,
108,2025-02-09 06:00:00,6.04,1.46,0.0,0.0,73.4,15.17,15.54,16.04,0.47,
108,2025-02-09 07:00:00,7.24,1.63,0.0,0.0,75.41,14.35,14.58,14.99,0.41,
108,2025-02-09 08:00:00,4.83,0.71,30.71,0.0,75.29,14.37,14.49,14.64,0.41,
108,2025-02-09 09:00:00,8.45,1.37,259.26,0.0,66.48,15.65,16.85,17.8,0.65,
108,2025-02-09 10:00:00,12.07,1.18,455.35,0.0,58.68,18.36,19.15,19.57,0.92,
108,2025-02-09 11:00:00,14.48,1.27,647.06,0.0,55.15,20.76,21.43,22.55,1.15,
108,2025-02-09 12:00:00,7.24,0.53,850.61,0.0,48.35,23.76,24.52,25.45,1.59,
108,2025-02-09 13:00:00,14.48,1.68,966.42,0.0,43.5,25.64,27.08,28.22,2.03,
108,2025-02-09 14:00:00,9.66,1.24,1015.99,0.0,39.24,29.54,30.19,31.26,2.61,
108,2025-02-09 15:00:00,6.04,1.09,1013.8,0.0,39.3,31.96,32.21,32.81,2.92,
108,2025-02-09 16:00:00,7.24,0.63,971.24,0.0,34.18,34.06,35.03,35.8,3.71,
108,2025-02-09 17:00:00,9.66,2.66,867.72,0.0,40.95,33.24,33.61,34.55,3.08,
108,2025-02-09 18:00:00,22.93,4.33,715.93,0.0,39.15,33.01,33.2,33.36,3.1,
108,2025-02-09 19:00:00,22.93,9.21,514.58,0.0,39.92,30.35,31.08,31.53,2.71,
108,2025-02-09 20:00:00,21.73,10.53,268.91,0.0,45.63,26.28,27.73,29.63,2.03,
108,2025-02-09 21:00:00,18.11,8.93,28.08,0.0,52.65,23.35,24.34,25.43,1.45,
108,2025-02-09 22:00:00,19.31,7.13,0.0,0.0,59.99,21.21,21.92,22.73,1.05,
108,2025-02-09 23:00:00,15.69,4.88,0.0,0.0,67.45,19.45,20.1,20.86,0.77,
108,2025-02-10 00:00:00,13.28,3.23,0.0,0.0,73.47,18.12,18.58,19.15,0.57,
108,2025-02-10 01:00:00,9.66,0.51,0.0,0.0,79.19,16.47,16.94,17.48,0.41,
108,2025-02-10 02:00:00,0.0,0.0,0.0,0.0,82.86,15.62,15.98,16.32,0.31,
108,2025-02-10 03:00:00,0.0,0.0,0.0,0.0,85.44,14.85,15.14,15.41,0.25,
108,2025-02-10 04:00:00,1.21,0.0,0.0,0.0,87.64,14.31,14.46,14.75,0.21,
108,2025-02-10 05:00:00,2.41,0.18,0.0,0.0,90.17,13.69,13.9,14.24,0.16,
108,2025-02-10 06:00:00,0.0,0.0,0.0,0.0,90.63,12.94,13.33,13.82,0.14,
108,2025-02-10 07:00:00,0.0,0.0,0.0,0.0,89.51,12.53,12.84,13.26,0.16,
108,2025-02-10 08:00:00,0.0,0.0,52.64,0.0,90.02,12.33,12.45,12.57,0.15,
108,2025-02-10 09:00:00,0.0,0.0,154.86,0.0,88.38,13.3,14.61,15.45,0.2,
108,2025-02-10 10:00:00,3.62,0.09,341.73,0.0,79.8,16.65,17.73,18.94,0.42,
108,2025-02-10 11:00:00,10.86,1.1,637.85,0.0,70.67,19.35,20.31,21.24,0.7,
108,2025-02-10 12:00:00,6.04,0.71,759.36,0.0,60.18,22.62,23.75,24.87,1.18,
108,2025-02-10 13:00:00,6.04,1.04,758.04,0.0,57.78,25.0,25.58,26.29,1.39,
108,2025-02-10 14:00:00,12.07,1.69,940.1,0.0,57.25,27.01,27.79,28.59,1.6,
108,2025-02-10 15:00:00,16.9,3.59,961.15,0.0,54.99,27.91,28.47,28.92,1.75,
108,2025-02-10 16:00:00,14.48,3.07,935.27,0.0,48.04,28.92,29.5,29.87,2.15,
108,2025-02-10 17:00:00,13.28,1.37,862.45,0.0,38.54,29.57,30.15,30.73,2.63,
108,2025-02-10 18:00:00,4.83,1.04,764.62,0.0,34.17,29.8,30.09,30.45,2.81,
108,2025-02-10 19:00:00,6.04,1.12,510.19,0.0,29.73,29.08,29.48,29.87,2.9,
108,2025-02-10 20:00:00,4.83,0.91,300.94,0.0,31.45,27.4,28.15,28.74,2.62,
108,2025-02-10 21:00:00,2.41,0.08,75.45,0.0,40.72,22.84,24.59,26.41,1.85,
108,2025-02-10 22:00:00,0.0,0.0,0.0,0.0,46.06,20.67,21.19,21.87,1.36,
108,2025-02-10 23:00:00,2.41,0.06,0.0,0.0,50.32,17.38,18.88,20.07,1.09,
108,2025-02-11 00:00:00,3.62,0.06,0.0,0.0,56.3,16.27,16.75,17.22,0.84,
108,2025-02-11 01:00:00,4.83,0.12,0.0,0.0,52.5,16.93,17.28,17.61,0.94,
108,2025-02-11 02:00:00,4.83,0.2,0.0,0.0,61.7,15.18,15.86,16.97,0.7,
108,2025-02-11 03:00:00,13.28,2.19,0.0,0.0,66.87,14.81,15.02,15.2,0.57,
108,2025-02-11 04:00:00,7.24,0.75,0.0,0.0,67.65,13.01,13.79,14.47,0.51,
108,2025-02-11 05:00:00,10.86,3.23,0.0,0.0,72.81,11.58,12.09,12.71,0.39,
108,2025-02-11 06:00:00,8.45,2.33,0.0,0.0,77.31,10.2,10.69,11.19,0.29,
108,2025-02-11 07:00:00,3.62,0.5,0.0,0.0,81.74,9.05,9.41,9.78,0.22,
108,2025-02-11 08:00:00,4.83,0.26,40.36,0.0,83.33,8.97,9.31,9.94,0.19,
108,2025-02-11 09:00:00,9.66,0.81,239.52,0.0,76.23,10.71,11.78,12.75,0.33,
108,2025-02-11 10:00:00,10.86,0.99,488.69,0.0,67.56,13.34,14.08,14.85,0.52,
108,2025-02-11 11:00:00,10.86,1.35,679.08,0.0,61.48,14.79,15.84,16.52,0.7,
108,2025-02-11 12:00:00,15.69,2.46,841.39,0.0,54.88,17.27,18.16,19.2,0.95,
108,2025-02-11 13:00:00,15.69,2.31,952.38,0.0,48.46,19.69,20.84,22.01,1.28,
108,2025-02-11 14:00:00,14.48,2.75,1020.82,0.0,42.32,22.03,23.28,24.05,1.65,
108,2025-02-11 15:00:00,12.07,2.13,1028.71,0.0,38.01,24.74,25.54,26.04,2.03,
108,2025-02-11 16:00:00,16.9,2.11,992.3,0.0,33.54,26.7,27.07,27.45,2.38,
108,2025-02-11 17:00:00,9.66,0.99,896.23,0.0,28.03,27.5,27.73,28.02,2.68,
108,2025-02-11 18:00:00,9.66,1.05,714.61,0.0,26.67,27.67,28.05,28.73,2.78,
108,2025-02-11 19:00:00,3.62,0.27,526.86,0.0,27.47,27.45,27.69,28.12,2.69,
108,2025-02-11 20:00:00,2.41,0.09,317.17,0.0,31.35,25.15,26.08,27.0,2.32,
108,2025-02-11 21:00:00,0.0,0.0,50.45,0.0,47.29,19.66,21.87,24.28,1.4,
108,2025-02-11 22:00:00,0.0,0.0,0.0,0.0,48.67,18.48,18.85,19.11,1.12,
108,2025-02-11 23:00:00,2.41,0.06,0.0,0.0,57.11,14.82,16.32,18.1,0.81,
108,2025-02-12 00:00:00,4.83,0.84,0.0,0.0,63.26,14.34,14.52,14.65,0.61,
108,2025-02-12 01:00:00,2.41,0.23,0.0,0.0,66.74,13.23,13.54,13.91,0.52,
108,2025-02-12 02:00:00,2.41,0.02,0.0,0.0,68.04,12.96,13.32,13.89,0.49,
108,2025-02-12 03:00:00,1.21,0.02,0.0,0.0,66.89,13.74,13.98,14.13,0.53,
108,2025-02-12 04:00:00,4.83,0.5,0.0,0.0,70.92,11.88,12.75,13.52,0.43,
108,2025-02-12 05:00:00,7.24,1.04,0.0,0.0,75.54,11.13,11.39,11.58,0.33,
108,2025-02-12 06:00:00,3.62,0.23,0.0,0.0,78.41,9.78,10.39,10.9,0.27,
108,2025-02-12 07:00:00,6.04,0.83,0.0,0.0,81.65,9.21,9.43,9.65,0.22,
108,2025-02-12 08:00:00,3.62,0.17,29.39,0.0,82.27,9.15,9.33,9.74,0.21,
108,2025-02-12 09:00:00,8.45,0.8,264.09,0.0,74.26,10.42,11.62,12.58,0.36,
108,2025-02-12 10:00:00,9.66,1.86,462.81,0.0,66.54,13.41,13.71,14.31,0.53,
108,2025-02-12 11:00:00,15.69,2.84,647.93,0.0,60.75,14.58,15.86,16.89,0.71,
108,2025-02-12 12:00:00,10.86,2.4,818.14,0.0,54.04,17.92,18.53,19.36,0.98,
108,2025-02-12 13:00:00,13.28,2.73,960.72,0.0,47.13,19.96,21.05,22.07,1.32,
108,2025-02-12 14:00:00,13.28,3.53,1012.04,0.0,43.53,22.5,23.33,24.47,1.62,
108,2025-02-12 15:00:00,12.07,3.5,1019.06,0.0,37.91,24.8,25.68,26.42,2.05,
108,2025-02-12 16:00:00,16.9,3.5,992.74,0.0,31.58,26.41,27.09,27.59,2.46,
108,2025-02-12 17:00:00,7.24,0.39,864.64,0.0,28.92,27.94,28.31,28.91,2.74,
108,2025-02-12 18:00:00,8.45,0.54,723.83,0.0,28.54,28.69,28.97,29.35,2.86,
108,2025-02-12 19:00:00,3.62,0.21,532.56,0.0,27.44,27.74,28.15,28.36,2.77,
108,2025-02-12 20:00:00,2.41,0.03,268.91,0.0,30.61,25.88,26.64,27.3,2.42,
108,2025-02-12 21:00:00,0.0,0.0,56.59,0.0,48.91,19.18,22.55,25.15,1.44,
108,2025-02-12 22:00:00,2.41,0.02,0.0,0.0,62.83,16.55,17.35,18.42,0.74,
108,2025-02-12 23:00:00,6.04,0.71,0.0,0.0,59.91,15.47,16.4,17.42,0.75,
108,2025-02-13 00:00:00,3.62,0.63,0.0,0.0,65.84,14.48,15.15,15.54,0.59,
108,2025-02-13 01:00:00,2.41,0.06,0.0,0.0,69.96,13.44,14.08,14.71,0.49,
108,2025-02-13 02:00:00,0.0,0.0,0.0,0.0,75.18,11.89,12.41,13.23,0.36,
108,2025-02-13 03:00:00,2.41,0.06,0.0,0.0,76.41,11.58,12.05,12.75,0.33,
108,2025-02-13 04:00:00,4.83,0.6,0.0,0.0,80.48,9.95,10.42,11.03,0.25,
108,2025-02-13 05:00:00,4.83,0.21,0.0,0.0,83.21,9.91,10.07,10.44,0.21,
108,2025-02-13 06:00:00,1.21,0.0,0.0,0.0,81.81,8.98,9.59,10.16,0.22,
108,2025-02-13 07:00:00,2.41,0.03,0.0,0.0,85.26,8.57,8.78,8.91,0.17,
108,2025-02-13 08:00:00,2.41,0.02,20.18,0.0,85.51,9.07,9.3,9.68,0.17,
108,2025-02-13 09:00:00,6.04,0.14,252.24,0.0,81.16,10.43,12.47,14.03,0.28,
108,2025-02-13 10:00:00,8.45,1.37,450.97,0.0,69.04,14.61,15.4,15.73,0.55,
108,2025-02-13 11:00:00,10.86,2.01,638.72,0.0,61.8,16.82,17.44,18.15,0.76,
108,2025-02-13 12:00:00,12.07,1.71,840.08,0.0,53.25,19.6,20.77,22.23,1.16,
108,2025-02-13 13:00:00,9.66,1.96,955.01,0.0,44.54,23.11,24.06,25.43,1.67,
108,2025-02-13 14:00:00,10.86,2.07,1015.11,0.0,36.63,26.02,26.68,27.28,2.22,
108,2025-02-13 15:00:00,12.07,1.83,1018.62,0.0,28.59,27.53,28.49,29.31,2.78,
108,2025-02-13 16:00:00,7.24,1.18,969.93,0.0,31.75,28.87,29.66,30.27,2.84,
108,2025-02-13 17:00:00,8.45,0.41,869.47,0.0,28.07,30.29,30.57,30.94,3.15,
108,2025-02-13 18:00:00,7.24,0.5,715.49,0.0,29.38,30.35,30.66,31.11,3.11,
108,2025-02-13 19:00:00,6.04,0.32,475.97,0.0,28.16,29.83,29.96,30.27,3.04,
108,2025-02-13 20:00:00,18.11,5.04,265.84,0.0,30.91,26.43,28.0,29.4,2.61,
108,2025-02-13 21:00:00,15.69,5.21,66.68,0.0,35.11,21.94,23.58,25.32,1.9,
108,2025-02-13 22:00:00,4.83,0.36,0.0,0.0,49.7,18.03,19.36,20.52,1.14,
108,2025-02-13 23:00:00,3.62,0.2,0.0,0.0,55.74,16.01,16.81,17.84,0.85,
108,2025-02-14 00:00:00,3.62,0.12,0.0,0.0,61.4,15.36,15.49,15.55,0.68,
108,2025-02-14 01:00:00,6.04,0.62,0.0,0.0,70.04,13.06,13.78,14.62,0.48,
108,2025-02-14 02:00:00,1.21,0.0,0.0,0.0,75.93,11.8,12.33,13.02,0.35,
108,2025-02-14 03:00:00,1.21,0.0,0.0,0.0,79.7,11.37,11.49,11.67,0.28,
108,2025-02-14 04:00:00,1.21,0.0,0.0,0.0,83.45,9.83,10.71,11.6,0.21,
108,2025-02-14 05:00:00,3.62,0.15,0.0,0.0,86.01,9.56,9.75,9.88,0.17,
108,2025-02-14 06:00:00,3.62,0.26,0.0,0.0,85.12,8.77,8.95,9.35,0.17,
108,2025-02-14 07:00:00,3.62,0.3,0.0,0.0,87.63,7.82,8.2,8.55,0.14,
108,2025-02-14 08:00:00,0.0,0.0,35.09,0.0,87.34,7.31,7.78,8.62,0.14,
108,2025-02-14 09:00:00,6.04,0.57,235.13,0.0,84.64,9.7,11.22,12.44,0.21,
108,2025-02-14 10:00:00,9.66,1.25,436.49,0.0,74.73,13.02,13.88,14.69,0.41,
108,2025-02-14 11:00:00,12.07,2.01,675.57,0.0,68.35,14.5,15.78,17.27,0.57,
108,2025-02-14 12:00:00,10.86,1.98,831.3,0.0,61.1,17.2,18.17,19.53,0.81,
108,2025-02-14 13:00:00,13.28,2.63,947.56,0.0,54.52,20.29,20.89,21.63,1.13,
108,2025-02-14 14:00:00,16.9,4.44,1001.07,0.0,47.7,21.71,22.76,23.64,1.45,
108,2025-02-14 15:00:00,10.86,1.66,1006.34,0.0,41.07,24.36,24.9,25.47,1.86,
108,2025-02-14 16:00:00,8.45,1.19,963.79,0.0,36.35,25.79,26.37,27.06,2.19,
108,2025-02-14 17:00:00,10.86,0.9,878.24,0.0,33.34,26.9,27.73,28.23,2.49,
108,2025-02-14 18:00:00,6.04,0.42,691.36,0.0,32.58,28.14,28.25,28.49,2.59,
108,2025-02-14 19:00:00,6.04,0.15,503.17,0.0,35.68,27.49,28.06,28.77,2.44,
108,2025-02-14 20:00:00,6.04,0.44,294.36,0.0,36.44,26.01,26.53,27.11,2.21,
108,2025-02-14 21:00:00,8.45,1.13,77.65,0.0,48.81,20.67,22.83,25.09,1.42,
108,2025-02-14 22:00:00,10.86,3.77,0.0,0.0,51.11,17.77,18.6,19.74,1.05,
108,2025-02-14 23:00:00,6.04,1.53,0.0,0.0,61.6,15.06,15.83,16.52,0.69,
108,2025-02-15 00:00:00,2.41,0.03,0.0,0.0,68.62,13.65,14.01,14.64,0.5,
108,2025-02-15 01:00:00,0.0,0.0,0.0,0.0,72.32,12.51,12.91,13.5,0.41,
108,2025-02-15 02:00:00,2.41,0.11,0.0,0.0,76.39,11.32,11.65,11.98,0.33,
108,2025-02-15 03:00:00,0.0,0.0,0.0,0.0,78.4,10.26,10.86,11.43,0.28,
108,2025-02-15 04:00:00,0.0,0.0,0.0,0.0,80.14,9.57,9.77,10.02,0.24,
108,2025-02-15 05:00:00,0.0,0.0,0.0,0.0,81.49,9.23,9.4,9.67,0.22,
108,2025-02-15 06:00:00,0.0,0.0,0.0,0.0,83.88,8.17,8.54,8.9,0.18,
108,2025-02-15 07:00:00,0.0,0.0,0.0,0.0,85.54,7.63,7.8,8.01,0.15,
108,2025-02-15 08:00:00,0.0,0.0,153.54,0.0,83.82,9.45,11.25,13.05,0.22,
108,2025-02-15 09:00:00,2.41,0.06,209.25,0.0,78.03,14.16,14.16,14.16,0.35,
108,2025-02-15 10:00:00,6.04,0.36,458.86,0.0,71.63,14.87,15.49,15.92,0.5,
108,2025-02-15 11:00:00,8.45,1.42,646.62,0.0,67.07,16.1,16.65,17.72,0.63,
108,2025-02-15 12:00:00,10.86,1.98,806.74,0.0,59.44,18.63,19.47,20.4,0.92,
108,2025-02-15 13:00:00,10.86,0.88,943.17,0.0,53.44,21.21,22.0,22.87,1.24,
108,2025-02-15 14:00:00,12.07,2.18,989.23,0.0,46.38,23.76,24.28,24.81,1.63,
108,2025-02-15 15:00:00,7.24,1.24,997.13,0.0,41.61,25.73,26.24,26.7,1.99,
108,2025-02-15 16:00:00,10.86,2.37,962.03,0.0,36.57,27.01,27.47,27.95,2.33,
108,2025-02-15 17:00:00,8.45,0.45,838.32,0.0,34.8,27.63,28.06,28.6,2.47,
108,2025-02-15 18:00:00,14.48,1.71,681.27,0.0,36.78,28.05,28.45,28.91,2.45,
108,2025-02-15 19:00:00,21.73,8.83,494.4,0.0,40.05,26.08,26.77,27.25,2.11,
108,2025-02-15 20:00:00,21.73,11.12,295.67,0.0,44.43,22.33,23.94,25.3,1.66,
108,2025-02-15 21:00:00,20.52,7.97,43.43,0.0,51.88,18.38,19.74,21.04,1.12,
108,2025-02-15 22:00:00,14.48,7.0,0.0,0.0,61.4,16.19,16.96,17.75,0.75,
108,2025-02-15 23:00:00,13.28,2.58,0.0,0.0,68.88,14.45,15.09,15.59,0.54,
108,2025-02-16 00:00:00,0.0,0.0,0.0,0.0,73.83,12.7,13.4,13.86,0.4,
108,2025-02-16 01:00:00,3.62,0.17,0.0,0.0,79.19,11.46,11.93,12.32,0.29,
108,2025-02-16 02:00:00,0.0,0.0,0.0,0.0,81.39,10.97,11.13,11.32,0.25,
108,2025-02-16 03:00:00,0.0,0.0,0.0,0.0,82.04,10.32,10.52,10.67,0.23,
108,2025-02-16 04:00:00,0.0,0.0,0.0,0.0,83.39,9.68,9.91,10.23,0.2,
108,2025-02-16 05:00:00,0.0,0.0,0.0,0.0,84.44,9.01,9.48,9.95,0.19,
108,2025-02-16 06:00:00,0.0,0.0,0.0,0.0,85.96,8.21,8.5,8.81,0.16,
108,2025-02-16 07:00:00,0.0,0.0,0.0,0.0,87.08,7.57,7.8,8.11,0.14,
108,2025-02-16 08:00:00,0.0,0.0,19.74,0.0,87.97,7.82,8.21,8.93,0.13,
108,2025-02-16 09:00:00,8.45,0.33,245.22,0.0,84.08,10.02,11.71,13.01,0.23,
108,2025-02-16 10:00:00,10.86,1.07,444.39,0.0,73.73,13.22,14.33,15.11,0.43,
108,2025-02-16 11:00:00,9.66,2.91,632.58,0.0,68.53,15.86,16.4,17.27,0.59,
108,2025-02-16 12:00:00,9.66,1.3,831.3,0.0,61.61,18.2,19.41,20.31,0.87,
108,2025-02-16 13:00:00,12.07,2.69,937.47,0.0,55.25,20.38,21.98,23.38,1.19,
108,2025-02-16 14:00:00,12.07,3.43,992.74,0.0,49.92,23.66,24.54,25.8,1.55,
108,2025-02-16 15:00:00,14.48,4.02,997.57,0.0,43.24,25.98,26.27,26.77,1.94,
108,2025-02-16 16:00:00,13.28,2.72,973.44,0.0,36.22,27.53,27.69,27.92,2.37,
108,2025-02-16 17:00:00,12.07,2.5,859.82,0.0,35.05,27.85,28.27,28.81,2.5,
108,2025-02-16 18:00:00,15.69,1.8,707.6,0.0,32.58,28.16,28.46,28.63,2.62,
108,2025-02-16 19:00:00,8.45,0.53,534.75,0.0,30.47,27.57,28.27,28.67,2.67,
108,2025-02-16 20:00:00,4.83,0.23,275.05,0.0,30.87,25.74,26.45,27.19,2.39,
108,2025-02-16 21:00:00,1.21,0.0,54.4,0.0,38.14,21.14,22.81,24.56,1.73,
108,2025-02-16 22:00:00,0.0,0.0,0.0,0.0,43.22,18.83,19.57,20.39,1.3,
108,2025-02-16 23:00:00,3.62,0.15,0.0,0.0,51.75,15.48,16.75,18.1,0.93,
108,2025-02-17 00:00:00,0.0,0.0,0.0,0.0,67.68,14.62,15.04,15.51,0.56,
108,2025-02-17 01:00:00,2.41,0.12,0.0,0.0,74.38,13.65,13.88,14.28,0.41,
108,2025-02-17 02:00:00,0.0,0.0,0.0,0.0,76.72,11.74,12.59,13.19,0.34,
108,2025-02-17 03:00:00,0.0,0.0,0.0,0.0,77.9,11.05,12.27,13.91,0.32,
108,2025-02-17 04:00:00,6.04,0.11,0.0,0.0,73.84,13.97,14.03,14.07,0.42,
108,2025-02-17 05:00:00,8.45,0.77,0.0,0.0,76.8,12.64,13.13,13.6,0.35,
108,2025-02-17 06:00:00,6.04,1.07,0.0,0.0,81.2,11.26,11.69,12.33,0.26,
108,2025-02-17 07:00:00,6.04,0.95,0.0,0.0,83.41,10.37,10.76,11.01,0.21,
108,2025-02-17 08:00:00,4.83,0.54,34.66,0.0,86.3,9.56,9.81,10.15,0.17,
108,2025-02-17 09:00:00,8.45,1.23,231.62,0.0,81.59,10.63,11.84,12.99,0.26,
108,2025-02-17 10:00:00,12.07,1.3,429.03,0.0,71.14,13.5,14.5,15.72,0.48,
108,2025-02-17 11:00:00,13.28,1.54,653.2,0.0,63.18,16.28,17.05,17.65,0.72,
108,2025-02-17 12:00:00,9.66,1.45,817.27,0.0,56.27,17.9,19.39,20.67,0.99,
108,2025-02-17 13:00:00,9.66,1.04,936.59,0.0,49.25,20.88,22.23,23.57,1.36,
108,2025-02-17 14:00:00,10.86,1.83,995.37,0.0,44.14,22.9,24.59,25.67,1.73,
108,2025-02-17 15:00:00,12.07,1.37,1003.27,0.0,39.56,25.8,26.42,27.3,2.09,
108,2025-02-17 16:00:00,13.28,2.05,966.42,0.0,37.49,27.67,27.93,28.28,2.35,
108,2025-02-17 17:00:00,12.07,1.89,867.28,0.0,35.45,28.01,28.55,29.04,2.52,
108,2025-02-17 18:00:00,10.86,1.33,723.83,0.0,34.25,29.02,29.26,29.42,2.68,
108,2025-02-17 19:00:00,7.24,0.6,493.96,0.0,34.03,28.49,28.93,29.12,2.63,
108,2025-02-17 20:00:00,3.62,0.08,287.78,0.0,33.67,27.16,27.96,28.69,2.5,
108,2025-02-17 21:00:00,1.21,0.03,70.63,0.0,47.55,20.81,23.15,26.01,1.51,
108,2025-02-17 22:00:00,2.41,0.18,0.0,0.0,54.22,18.63,19.29,20.35,1.03,
108,2025-02-17 23:00:00,4.83,0.14,0.0,0.0,59.16,16.39,17.32,18.34,0.81,
108,2025-02-18 00:00:00,0.0,0.0,0.0,0.0,65.67,14.9,15.96,16.47,0.62,
108,2025-02-18 01:00:00,0.0,0.0,0.0,0.0,74.43,13.26,13.71,14.0,0.4,
108,2025-02-18 02:00:00,4.83,0.6,0.0,0.0,72.57,14.16,14.41,14.69,0.45,
108,2025-02-18 03:00:00,3.62,0.21,0.0,0.0,73.35,13.66,14.03,14.2,0.43,
108,2025-02-18 04:00:00,1.21,0.0,0.0,0.0,76.7,12.17,12.74,13.48,0.35,
108,2025-02-18 05:00:00,1.21,0.02,0.0,0.0,79.3,11.13,11.69,12.08,0.29,
108,2025-02-18 06:00:00,1.21,0.02,0.0,0.0,81.06,10.67,11.01,11.16,0.25,
108,2025-02-18 07:00:00,0.0,0.0,0.0,0.0,81.46,9.17,9.97,10.63,0.23,
108,2025-02-18 08:00:00,1.21,0.0,23.25,0.0,84.51,8.55,9.03,9.99,0.18,
108,2025-02-18 09:00:00,4.83,0.02,207.5,0.0,79.98,10.82,12.5,14.35,0.3,
108,2025-02-18 10:00:00,7.24,0.69,406.66,0.0,65.86,15.38,16.07,16.58,0.63,
108,2025-02-18 11:00:00,8.45,1.27,628.63,0.0,61.01,16.9,17.97,18.94,0.81,
108,2025-02-18 12:00:00,13.28,1.87,795.77,0.0,55.49,18.79,20.56,21.91,1.08,
108,2025-02-18 13:00:00,9.66,1.62,908.07,0.0,47.93,22.59,23.56,24.42,1.52,
108,2025-02-18 14:00:00,6.04,0.59,978.7,0.0,42.72,25.45,26.28,27.46,1.96,
108,2025-02-18 15:00:00,7.24,0.68,981.77,0.0,39.8,27.56,28.41,29.0,2.34,
108,2025-02-18 16:00:00,10.86,1.22,950.63,0.0,35.6,29.15,30.21,31.05,2.77,
108,2025-02-18 17:00:00,7.24,0.56,859.38,0.0,36.5,30.87,31.06,31.19,2.86,
108,2025-02-18 18:00:00,9.66,0.89,669.43,0.0,38.5,31.26,31.54,32.04,2.85,
108,2025-02-18 19:00:00,8.45,1.22,481.67,0.0,42.23,30.36,30.52,30.61,2.53,
108,2025-02-18 20:00:00,4.83,0.06,278.56,0.0,44.4,30.32,30.49,30.82,2.43,
108,2025-02-18 21:00:00,13.28,4.11,32.46,0.0,47.56,24.57,25.9,28.22,1.75,
108,2025-02-18 22:00:00,15.69,6.69,0.0,0.0,47.47,22.55,23.32,24.0,1.51,
108,2025-02-18 23:00:00,6.04,0.39,0.0,0.0,60.71,18.73,20.46,21.85,0.96,
108,2025-02-19 00:00:00,7.24,0.94,0.0,0.0,62.02,19.18,19.42,19.67,0.86,
108,2025-02-19 01:00:00,6.04,0.58,0.0,0.0,66.05,17.0,17.84,18.66,0.7,
108,2025-02-19 02:00:00,3.62,0.14,0.0,0.0,74.05,15.37,15.82,16.31,0.47,
108,2025-02-19 03:00:00,1.21,0.0,0.0,0.0,76.01,14.67,14.94,15.29,0.41,
108,2025-02-19 04:00:00,4.83,0.11,0.0,0.0,79.95,13.34,13.86,14.3,0.32,
108,2025-02-19 05:00:00,2.41,0.02,0.0,0.0,83.53,12.83,13.06,13.26,0.25,
108,2025-02-19 06:00:00,2.41,0.03,0.0,0.0,85.85,12.4,12.54,12.62,0.21,
108,2025-02-19 07:00:00,4.83,0.23,0.0,0.0,87.55,12.25,12.29,12.32,0.18,
108,2025-02-19 08:00:00,6.04,0.5,40.8,0.0,88.79,12.13,12.28,12.55,0.16,
108,2025-02-19 09:00:00,8.45,2.16,208.81,0.0,85.72,13.01,13.87,14.54,0.23,
108,2025-02-19 10:00:00,14.48,4.24,414.99,0.0,77.99,15.11,15.93,16.56,0.4,
108,2025-02-19 11:00:00,16.9,5.9,605.38,0.0,69.41,17.42,18.31,19.08,0.65,
108,2025-02-19 12:00:00,16.9,4.8,799.72,0.0,63.66,19.42,20.21,21.08,0.86,
108,2025-02-19 13:00:00,12.07,3.45,896.23,0.0,58.39,21.87,22.23,22.84,1.12,
108,2025-02-19 14:00:00,12.07,3.18,943.61,0.0,55.09,23.47,23.96,25.02,1.34,
108,2025-02-19 15:00:00,16.9,2.64,941.41,0.0,52.37,25.11,25.68,26.29,1.57,
108,2025-02-19 16:00:00,19.31,4.12,892.72,0.0,50.31,25.97,26.13,26.24,1.69,
108,2025-02-19 17:00:00,20.52,7.88,793.58,0.0,51.12,25.46,25.58,25.71,1.6,
108,2025-02-19 18:00:00,16.9,6.93,655.39,0.0,49.32,25.56,25.96,26.6,1.7,
108,2025-02-19 19:00:00,18.11,5.4,425.08,0.0,48.36,25.09,25.43,25.6,1.68,
108,2025-02-19 20:00:00,12.07,4.36,235.57,0.0,53.51,22.66,24.07,24.81,1.4,
108,2025-02-19 21:00:00,12.07,4.29,37.73,0.0,62.07,19.87,20.86,21.95,0.94,
108,2025-02-19 22:00:00,10.86,1.92,0.0,0.0,70.31,17.5,18.39,19.25,0.63,
108,2025-02-19 23:00:00,4.83,0.39,0.0,0.0,77.82,15.21,16.18,16.85,0.41,
108,2025-02-20 00:00:00,14.48,5.9,0.0,0.0,79.69,15.16,15.62,16.03,0.36,
108,2025-02-20 01:00:00,8.45,1.81,0.0,0.0,83.26,14.3,14.62,14.82,0.28,
108,2025-02-20 02:00:00,1.21,0.0,0.0,0.0,86.51,12.92,13.56,14.0,0.21,
108,2025-02-20 03:00:00,1.21,0.0,0.0,0.0,89.43,11.99,12.47,12.88,0.15,
108,2025-02-20 04:00:00,0.0,0.0,0.0,0.0,89.82,12.0,12.15,12.26,0.14,
108,2025-02-20 05:00:00,0.0,0.0,0.0,0.0,90.21,12.67,13.13,13.57,0.15,
108,2025-02-20 06:00:00,2.41,0.03,0.0,0.0,88.23,13.96,14.09,14.23,0.19,
108,2025-02-20 07:00:00,2.41,0.02,0.0,0.0,86.64,14.33,14.36,14.41,0.22,
108,2025-02-20 08:00:00,4.83,0.05,8.34,0.0,85.84,14.35,14.64,14.79,0.24,
108,2025-02-20 09:00:00,2.41,0.05,44.75,0.0,85.28,14.5,14.64,14.83,0.25,
108,2025-02-20 10:00:00,7.24,1.19,89.93,0.0,85.05,14.67,14.85,14.96,0.26,
108,2025-02-20 11:00:00,9.66,1.4,188.63,0.0,83.46,15.02,15.34,15.8,0.29,
108,2025-02-20 12:00:00,6.04,0.51,284.27,0.0,78.92,16.28,16.78,17.1,0.4,
108,2025-02-20 13:00:00,8.45,0.54,976.95,0.0,72.69,17.96,18.58,19.41,0.59,
108,2025-02-20 14:00:00,7.24,0.88,1021.25,0.0,66.14,19.81,20.89,21.93,0.84,
108,2025-02-20 15:00:00,10.86,1.68,955.01,0.0,61.63,22.32,22.63,23.15,1.06,
108,2025-02-20 16:00:00,8.45,0.81,914.65,0.0,55.7,24.2,25.31,25.94,1.44,
108,2025-02-20 17:00:00,6.04,0.48,815.51,0.0,51.29,25.63,26.12,26.71,1.65,
108,2025-02-20 18:00:00,9.66,0.39,629.07,0.0,50.05,27.01,27.52,27.84,1.84,
108,2025-02-20 19:00:00,7.24,0.63,443.07,0.0,49.57,27.15,27.38,27.59,1.84,
108,2025-02-20 20:00:00,7.24,0.62,238.2,0.0,58.19,24.35,26.08,27.05,1.42,
108,2025-02-20 21:00:00,13.28,4.99,46.06,0.0,63.72,19.84,21.34,22.95,0.93,
108,2025-02-20 22:00:00,8.45,2.85,0.0,0.0,69.09,18.97,19.18,19.6,0.69,
108,2025-02-20 23:00:00,4.83,0.38,0.0,0.0,75.09,17.13,17.48,18.03,0.5,
108,2025-02-21 00:00:00,0.0,0.0,0.0,0.0,77.11,15.31,15.98,16.72,0.42,
108,2025-02-21 01:00:00,0.0,0.0,0.0,0.0,80.98,13.99,14.47,14.93,0.32,
108,2025-02-21 02:00:00,1.21,0.0,0.0,0.0,84.16,12.81,13.27,13.77,0.24,
108,2025-02-21 03:00:00,0.0,0.0,0.0,0.0,85.09,12.0,12.45,12.67,0.22,
108,2025-02-21 04:00:00,0.0,0.0,0.0,0.0,86.84,11.47,11.74,11.98,0.18,
108,2025-02-21 05:00:00,0.0,0.0,0.0,0.0,86.62,10.63,10.94,11.39,0.18,
108,2025-02-21 06:00:00,0.0,0.0,0.0,0.0,87.59,9.92,10.22,10.51,0.16,
108,2025-02-21 07:00:00,0.0,0.0,0.0,0.0,88.47,9.12,9.53,9.8,0.14,
108,2025-02-21 08:00:00,0.0,0.0,20.62,0.0,89.82,9.18,9.79,10.48,0.13,
108,2025-02-21 09:00:00,7.24,0.3,194.78,0.0,86.13,11.15,12.7,13.85,0.21,
108,2025-02-21 10:00:00,9.66,0.98,441.32,0.0,75.51,14.5,15.45,16.04,0.44,
108,2025-02-21 11:00:00,9.66,1.93,626.0,0.0,69.44,16.69,17.61,18.89,0.62,
108,2025-02-21 12:00:00,10.86,1.86,782.61,0.0,63.65,19.31,20.01,21.01,0.85,
108,2025-02-21 13:00:00,10.86,1.96,915.97,0.0,56.91,22.04,23.04,24.15,1.22,
108,2025-02-21 14:00:00,10.86,1.21,961.15,0.0,50.68,24.52,25.95,26.97,1.66,
108,2025-02-21 15:00:00,7.24,0.56,966.86,0.0,45.16,27.9,28.31,29.01,2.11,
108,2025-02-21 16:00:00,8.45,0.82,922.55,0.0,39.87,29.75,30.06,30.22,2.56,
108,2025-02-21 17:00:00,6.04,0.62,808.93,0.0,36.42,30.25,30.91,31.29,2.84,
108,2025-02-21 18:00:00,6.04,0.77,658.02,0.0,38.24,30.45,30.98,31.84,2.77,
108,2025-02-21 19:00:00,3.62,0.03,468.51,0.0,43.43,30.37,31.21,31.96,2.58,
108,2025-02-21 20:00:00,1.21,0.0,264.09,0.0,50.59,28.54,29.14,29.92,2.0,
108,2025-02-21 21:00:00,14.48,3.21,21.06,0.0,53.86,22.62,24.0,24.87,1.38,
108,2025-02-21 22:00:00,6.04,1.36,0.0,0.0,59.92,20.31,21.01,21.63,1.0,
108,2025-02-21 23:00:00,2.41,0.05,0.0,0.0,60.75,18.42,19.0,19.8,0.86,
108,2025-02-22 00:00:00,1.21,0.0,0.0,0.0,63.92,16.11,17.12,17.9,0.71,
108,2025-02-22 01:00:00,1.21,0.0,0.0,0.0,73.74,13.95,14.63,15.47,0.44,
108,2025-02-22 02:00:00,2.41,0.03,0.0,0.0,79.55,12.83,13.18,13.37,0.31,
108,2025-02-22 03:00:00,1.21,0.0,0.0,0.0,82.32,12.23,12.65,12.88,0.26,
108,2025-02-22 04:00:00,1.21,0.02,0.0,0.0,85.56,11.35,11.83,12.17,0.2,
108,2025-02-22 05:00:00,1.21,0.0,0.0,0.0,87.22,11.29,11.34,11.4,0.17,
108,2025-02-22 06:00:00,1.21,0.0,0.0,0.0,87.33,11.08,11.28,11.37,0.17,
108,2025-02-22 07:00:00,2.41,0.03,0.0,0.0,88.89,10.43,10.54,10.68,0.14,
108,2025-02-22 08:00:00,3.62,0.14,17.99,0.0,89.71,10.25,10.54,10.68,0.13,
108,2025-02-22 09:00:00,3.62,0.11,238.2,0.0,85.57,11.37,13.25,14.67,0.22,
108,2025-02-22 10:00:00,8.45,1.31,421.14,0.0,70.33,15.54,16.71,17.62,0.57,
108,2025-02-22 11:00:00,10.86,1.41,624.25,0.0,63.21,17.87,19.22,20.32,0.83,
108,2025-02-22 12:00:00,10.86,1.27,823.41,0.0,54.47,21.36,22.6,23.61,1.26,
108,2025-02-22 13:00:00,10.86,1.15,930.01,0.0,46.56,24.07,24.82,25.71,1.68,
108,2025-02-22 14:00:00,12.07,2.63,989.67,0.0,43.95,26.16,26.71,27.5,1.97,
108,2025-02-22 15:00:00,15.69,2.9,993.62,0.0,40.68,27.76,28.26,28.94,2.28,
108,2025-02-22 16:00:00,13.28,1.84,933.08,0.0,37.89,29.47,29.77,30.46,2.61,
108,2025-02-22 17:00:00,13.28,3.63,826.04,0.0,35.89,29.59,29.99,30.71,2.72,
108,2025-02-22 18:00:00,13.28,1.74,676.45,0.0,33.61,30.43,30.86,31.15,2.96,
108,2025-02-22 19:00:00,3.62,0.15,493.08,0.0,31.77,29.59,30.52,31.26,2.99,
108,2025-02-22 20:00:00,2.41,0.06,238.2,0.0,37.26,27.01,28.34,29.32,2.43,
108,2025-02-22 21:00:00,0.0,0.0,32.9,0.0,50.87,22.1,23.51,25.28,1.43,
108,2025-02-22 22:00:00,7.24,0.39,0.0,0.0,59.51,21.7,22.11,22.31,1.08,
108,2025-02-22 23:00:00,6.04,0.27,0.0,0.0,64.13,19.94,20.58,21.28,0.87,
108,2025-02-23 00:00:00,1.21,0.0,0.0,0.0,72.57,17.16,18.0,19.04,0.57,
108,2025-02-23 01:00:00,0.0,0.0,0.0,0.0,77.28,16.11,16.7,17.04,0.44,
108,2025-02-23 02:00:00,0.0,0.0,0.0,0.0,81.8,14.62,15.13,15.65,0.32,
108,2025-02-23 03:00:00,2.41,0.03,0.0,0.0,84.61,13.89,13.97,14.06,0.25,
108,2025-02-23 04:00:00,1.21,0.0,0.0,0.0,88.03,12.39,12.99,13.54,0.18,
108,2025-02-23 05:00:00,0.0,0.0,0.0,0.0,87.53,11.57,11.81,12.22,0.17,
108,2025-02-23 06:00:00,0.0,0.0,0.0,0.0,87.4,10.95,11.06,11.25,0.17,
108,2025-02-23 07:00:00,0.0,0.0,0.0,0.0,87.45,10.37,10.53,10.7,0.16,
108,2025-02-23 08:00:00,0.0,0.0,23.69,0.0,88.66,10.01,10.51,11.63,0.15,
108,2025-02-23 09:00:00,3.62,0.05,220.22,0.0,86.53,12.48,14.69,16.35,0.24,
108,2025-02-23 10:00:00,8.45,1.04,413.24,0.0,73.13,16.94,18.27,19.6,0.57,
108,2025-02-23 11:00:00,7.24,1.21,649.25,0.0,64.34,19.81,20.86,22.18,0.89,
108,2025-02-23 12:00:00,9.66,1.68,799.72,0.0,56.56,22.33,23.96,25.55,1.3,
108,2025-02-23 13:00:00,14.48,2.28,907.2,0.0,50.8,25.88,26.53,27.39,1.71,
108,2025-02-23 14:00:00,16.9,2.81,959.4,0.0,43.98,28.0,28.39,28.71,2.17,
108,2025-02-23 15:00:00,13.28,3.82,964.66,0.0,39.62,29.35,29.69,29.99,2.52,
108,2025-02-23 16:00:00,14.48,1.75,923.87,0.0,33.36,30.84,31.31,31.63,3.05,
108,2025-02-23 17:00:00,13.28,1.98,822.97,0.0,35.94,30.95,31.48,31.9,2.96,
108,2025-02-23 18:00:00,8.45,0.51,676.89,0.0,33.78,31.66,32.05,32.29,3.16,
108,2025-02-23 19:00:00,3.62,0.15,447.46,0.0,36.07,30.8,31.39,32.03,2.94,
108,2025-02-23 20:00:00,19.31,6.88,182.49,0.0,40.69,26.8,27.85,28.57,2.23,
108,2025-02-23 21:00:00,15.69,2.72,57.47,0.0,48.94,23.59,24.79,26.05,1.61,
108,2025-02-23 22:00:00,8.45,0.39,0.0,0.0,62.35,21.85,22.21,22.85,1.01,
108,2025-02-23 23:00:00,3.62,0.18,0.0,0.0,69.73,19.66,20.78,21.93,0.75,
108,2025-02-24 00:00:00,4.83,0.41,0.0,0.0,77.21,18.72,18.93,19.25,0.5,
108,2025-02-24 01:00:00,1.21,0.0,0.0,0.0,80.75,17.68,18.06,18.46,0.4,
108,2025-02-24 02:00:00,2.41,0.08,0.0,0.0,84.93,16.28,16.7,17.17,0.29,
108,2025-02-24 03:00:00,2.41,0.06,0.0,0.0,87.69,15.45,15.87,16.11,0.23,
108,2025-02-24 04:00:00,0.0,0.0,0.0,0.0,88.34,15.06,15.23,15.47,0.2,
108,2025-02-24 05:00:00,0.0,0.0,0.0,0.0,88.36,13.55,14.11,14.55,0.19,
108,2025-02-24 06:00:00,0.0,0.0,0.0,0.0,88.33,12.95,13.04,13.13,0.18,
108,2025-02-24 07:00:00,2.41,0.15,0.0,0.0,91.78,12.88,13.48,13.81,0.13,
108,2025-02-24 08:00:00,0.0,0.0,17.99,0.0,90.67,12.44,12.85,13.37,0.14,
108,2025-02-24 09:00:00,7.24,0.11,184.25,0.0,89.79,14.23,15.98,17.46,0.19,
108,2025-02-24 10:00:00,12.07,1.72,432.98,0.0,78.11,17.89,18.65,18.98,0.48,
108,2025-02-24 11:00:00,14.48,2.19,609.77,0.0,70.84,19.6,20.64,21.61,0.71,
108,2025-02-24 12:00:00,14.48,2.46,765.94,0.0,62.97,22.33,23.33,23.9,1.07,
108,2025-02-24 13:00:00,13.28,1.69,875.17,0.0,57.21,24.87,25.71,26.64,1.42,
108,2025-02-24 14:00:00,20.52,3.46,930.01,0.0,53.73,26.93,27.32,27.78,1.68,
108,2025-02-24 15:00:00,16.9,2.79,934.83,0.0,49.27,28.16,28.67,29.33,2.0,
108,2025-02-24 16:00:00,18.11,4.39,904.56,0.0,45.88,29.65,29.85,30.14,2.28,
108,2025-02-24 17:00:00,9.66,1.29,814.63,0.0,40.81,30.39,30.59,30.78,2.6,
108,2025-02-24 18:00:00,9.66,1.43,633.02,0.0,38.23,30.5,30.74,31.15,2.74,
108,2025-02-24 19:00:00,10.86,0.94,455.79,0.0,35.81,29.73,30.08,30.46,2.74,
108,2025-02-24 20:00:00,6.04,0.18,260.14,0.0,37.72,27.45,28.73,29.45,2.46,
108,2025-02-24 21:00:00,1.21,0.0,12.72,0.0,46.34,22.78,24.3,25.94,1.64,
108,2025-02-24 22:00:00,0.0,0.0,0.0,0.0,52.1,20.69,21.46,22.32,1.23,
108,2025-02-24 23:00:00,0.0,0.0,0.0,0.0,56.05,18.69,19.4,20.22,0.99,
108,2025-02-25 00:00:00,2.41,0.17,0.0,0.0,63.2,15.87,16.93,17.86,0.72,
108,2025-02-25 01:00:00,2.41,0.02,0.0,0.0,68.77,14.65,15.16,15.61,0.54,
108,2025-02-25 02:00:00,4.83,0.59,0.0,0.0,71.87,13.27,14.06,14.76,0.45,
108,2025-02-25 03:00:00,1.21,0.0,0.0,0.0,74.0,12.79,13.35,13.69,0.4,
108,2025-02-25 04:00:00,0.0,0.0,0.0,0.0,76.52,12.61,12.95,13.2,0.35,
108,2025-02-25 05:00:00,3.62,0.59,0.0,0.0,79.8,12.61,12.9,13.17,0.3,
108,2025-02-25 06:00:00,4.83,0.6,0.0,0.0,83.12,12.03,12.26,12.54,0.24,
108,2025-02-25 07:00:00,3.62,0.23,0.0,0.0,83.97,11.02,11.65,12.06,0.22,
108,2025-02-25 08:00:00,0.0,0.0,17.11,0.0,84.73,10.54,10.85,11.06,0.2,
108,2025-02-25 09:00:00,7.24,0.27,234.7,0.0,81.91,11.42,12.64,13.93,0.27,
108,2025-02-25 10:00:00,7.24,0.65,431.23,0.0,70.48,14.72,15.62,16.56,0.53,
108,2025-02-25 11:00:00,12.07,1.63,622.49,0.0,63.31,16.75,17.97,18.98,0.76,
108,2025-02-25 12:00:00,13.28,2.3,779.98,0.0,55.35,19.79,20.65,21.33,1.09,
108,2025-02-25 13:00:00,14.48,3.35,919.92,0.0,50.58,21.83,22.78,23.4,1.37,
108,2025-02-25 14:00:00,12.07,2.46,964.23,0.0,44.8,24.38,25.25,26.47,1.78,
108,2025-02-25 15:00:00,12.07,2.13,964.23,0.0,39.65,26.95,27.63,28.59,2.24,
108,2025-02-25 16:00:00,13.28,3.09,930.01,0.0,36.66,28.25,28.78,29.12,2.51,
108,2025-02-25 17:00:00,6.04,1.03,813.76,0.0,33.87,29.92,30.12,30.29,2.83,
108,2025-02-25 18:00:00,8.45,0.71,658.9,0.0,30.84,30.74,30.96,31.18,3.1,
108,2025-02-25 19:00:00,7.24,0.33,474.22,0.0,33.59,29.24,29.87,30.54,2.8,
108,2025-02-25 20:00:00,2.41,0.09,214.52,0.0,35.87,27.11,28.09,28.94,2.45,
108,2025-02-25 21:00:00,0.0,0.0,14.48,0.0,55.91,21.12,23.02,25.22,1.26,
108,2025-02-25 22:00:00,8.45,0.5,0.0,0.0,61.33,19.22,19.52,19.8,0.88,
108,2025-02-25 23:00:00,4.83,0.36,0.0,0.0,63.25,17.35,18.01,19.07,0.76,
108,2025-02-26 00:00:00,1.21,0.0,0.0,0.0,70.88,15.33,16.12,16.79,0.54,
108,2025-02-26 01:00:00,4.83,0.77,0.0,0.0,71.76,14.07,14.95,15.55,0.48,
108,2025-02-26 02:00:00,0.0,0.0,0.0,0.0,75.9,12.81,13.44,13.96,0.37,
108,2025-02-26 03:00:00,0.0,0.0,0.0,0.0,71.98,13.81,14.06,14.19,0.45,
108,2025-02-26 04:00:00,4.83,0.57,0.0,0.0,78.13,11.8,12.2,12.78,0.31,
108,2025-02-26 05:00:00,9.66,2.51,0.0,0.0,77.76,12.16,12.92,13.48,0.33,
108,2025-02-26 06:00:00,1.21,0.0,0.0,0.0,77.47,12.65,13.07,13.29,0.34,
108,2025-02-26 07:00:00,2.41,0.03,0.0,0.0,81.22,11.63,11.97,12.32,0.26,
108,2025-02-26 08:00:00,8.45,0.82,186.88,0.0,81.34,11.19,12.07,14.19,0.27,
108,2025-02-26 09:00:00,13.28,1.09,391.74,0.0,70.39,14.99,15.97,16.86,0.54,
108,2025-02-26 10:00:00,13.28,2.41,582.57,0.0,63.25,17.71,18.51,19.64,0.79,
108,2025-02-26 11:00:00,14.48,2.22,752.34,0.0,56.78,19.64,20.81,22.19,1.07,
108,2025-02-26 12:00:00,14.48,1.76,776.91,0.0,55.06,20.25,21.66,23.05,1.17,
108,2025-02-26 13:00:00,9.66,1.13,887.89,0.0,47.78,23.14,24.52,25.69,1.61,
108,2025-02-26 14:00:00,7.24,1.16,940.54,0.0,41.33,26.57,27.28,28.15,2.13,
108,2025-02-26 15:00:00,7.24,0.85,942.29,0.0,38.72,28.66,29.56,30.57,2.54,
108,2025-02-26 16:00:00,13.28,2.94,898.86,0.0,38.19,29.64,30.41,31.25,2.69,
108,2025-02-26 17:00:00,9.66,2.34,810.25,0.0,31.27,30.63,31.36,31.9,3.16,
108,2025-02-26 18:00:00,9.66,1.18,662.41,0.0,30.67,32.31,32.48,32.7,3.39,
108,2025-02-26 19:00:00,4.83,0.18,427.72,0.0,35.2,31.04,32.01,32.6,3.09,
108,2025-02-26 20:00:00,1.21,0.0,227.24,0.0,39.99,29.5,30.17,30.71,2.57,
108,2025-02-26 21:00:00,7.24,1.41,25.88,0.0,51.41,23.49,24.95,27.5,1.54,
108,2025-02-26 22:00:00,4.83,0.8,0.0,0.0,51.98,20.87,21.68,22.63,1.25,
108,2025-02-26 23:00:00,1.21,0.0,0.0,0.0,66.78,17.06,17.99,19.35,0.69,
108,2025-02-27 00:00:00,1.21,0.0,0.0,0.0,62.95,16.58,17.15,17.45,0.73,
108,2025-02-27 01:00:00,3.62,0.03,0.0,0.0,63.98,15.23,16.29,16.99,0.67,
108,2025-02-27 02:00:00,0.0,0.0,0.0,0.0,74.01,13.24,14.01,14.54,0.42,
108,2025-02-27 03:00:00,0.0,0.0,0.0,0.0,71.86,13.19,13.82,14.23,0.45,
108,2025-02-27 04:00:00,0.0,0.0,0.0,0.0,77.83,11.56,12.25,12.81,0.32,
108,2025-02-27 05:00:00,1.21,0.0,0.0,0.0,79.14,11.53,11.87,12.12,0.29,
108,2025-02-27 06:00:00,0.0,0.0,0.0,0.0,81.56,10.88,11.04,11.35,0.25,
108,2025-02-27 07:00:00,0.0,0.0,0.0,0.0,80.98,10.3,10.59,10.81,0.25,
108,2025-02-27 08:00:00,0.0,0.0,176.79,0.0,78.9,11.74,13.45,14.96,0.33,
108,2025-02-27 09:00:00,8.45,0.27,366.74,0.0,65.36,11.74,17.04,19.8,0.7,
108,2025-02-27 10:00:00,6.04,0.3,601.0,0.0,55.34,20.34,20.96,21.71,1.11,
108,2025-02-27 11:00:00,4.83,0.51,755.85,0.0,52.0,21.98,23.16,24.49,1.37,
108,2025-02-27 12:00:00,6.04,0.69,865.08,0.0,47.7,25.08,25.74,26.56,1.73,
108,2025-02-27 13:00:00,9.66,1.25,925.62,0.0,40.3,26.69,27.59,28.28,2.2,
108,2025-02-27 14:00:00,9.66,1.16,925.62,0.0,39.64,28.1,28.5,28.9,2.35,
108,2025-02-27 15:00:00,8.45,1.95,877.8,0.0,37.37,29.39,29.73,30.3,2.62,
108,2025-02-27 16:00:00,8.45,1.97,782.17,0.0,38.97,29.95,30.29,30.61,2.64,
108,2025-02-27 17:00:00,15.69,2.66,586.52,0.0,37.06,30.05,30.44,30.98,2.74,
108,2025-02-27 18:00:00,24.14,11.21,408.41,0.0,33.82,27.42,28.54,29.97,2.58,
108,2025-02-27 19:00:00,25.35,10.87,211.88,0.0,42.02,23.92,25.54,26.69,1.91,
108,2025-02-27 20:00:00,25.35,11.41,163.63,0.0,59.63,21.04,22.92,26.32,1.15,
108,2025-02-27 21:00:00,18.11,4.87,0.0,0.0,69.87,19.44,20.12,20.84,0.71,
108,2025-02-27 22:00:00,6.04,1.19,0.0,0.0,78.18,17.49,18.04,18.69,0.45,
108,2025-02-27 23:00:00,3.62,0.14,0.0,0.0,82.43,15.96,16.33,16.7,0.33,
108,2025-02-28 00:00:00,1.21,0.0,0.0,0.0,83.65,15.4,15.75,16.09,0.29,
108,2025-02-28 01:00:00,0.0,0.0,0.0,0.0,85.64,14.55,15.27,15.87,0.25,
108,2025-02-28 02:00:00,2.41,0.02,0.0,0.0,88.45,13.88,14.05,14.26,0.19,
108,2025-02-28 03:00:00,2.41,0.02,0.0,0.0,89.21,13.88,14.05,14.26,0.17,
108,2025-02-28 04:00:00,0.0,0.0,0.0,0.0,89.69,14.07,14.35,14.68,0.17,
108,2025-02-28 05:00:00,0.0,0.0,0.0,0.0,89.12,14.23,14.49,14.65,0.18,
108,2025-02-28 06:00:00,0.0,0.0,0.0,0.0,90.8,14.23,14.49,14.65,0.15,
108,2025-02-28 07:00:00,0.0,0.0,5.26,0.0,89.75,15.24,15.48,15.76,0.18,
108,2025-02-28 08:00:00,2.41,0.08,89.05,0.0,88.57,16.0,16.39,16.85,0.21,
108,2025-02-28 09:00:00,4.83,1.09,472.02,0.0,81.96,17.39,18.48,19.24,0.39,
108,2025-02-28 10:00:00,4.83,0.51,472.02,0.0,79.64,18.69,19.05,19.27,0.45,
108,2025-02-28 11:00:00,9.66,1.46,860.7,0.0,71.68,19.27,21.29,22.55,0.73,
108,2025-02-28 12:00:00,10.86,2.57,904.56,0.0,64.66,22.08,22.89,24.26,0.99,
108,2025-02-28 13:00:00,12.07,3.32,1002.39,0.0,59.49,24.52,25.33,25.95,1.31,
108,2025-02-28 14:00:00,13.28,3.73,1036.17,0.0,53.95,25.95,26.31,26.56,1.58,
108,2025-02-28 15:00:00,13.28,3.73,1036.17,0.0,53.38,25.95,26.31,26.56,1.6,
108,2025-02-28 16:00:00,10.86,2.31,905.0,0.0,53.3,25.92,26.24,26.52,1.59,
108,2025-02-28 17:00:00,9.66,1.89,840.08,0.0,55.89,25.66,26.24,26.54,1.5,
108,2025-02-28 18:00:00,9.66,1.7,220.66,0.0,57.74,25.33,25.61,26.19,1.39,
108,2025-02-28 19:00:00,18.11,6.23,558.0,0.0,57.09,25.24,25.95,26.38,1.44,
108,2025-02-28 20:00:00,20.52,10.4,255.75,0.0,60.51,22.9,23.88,24.92,1.17,
108,2025-02-28 21:00:00,13.28,5.12,11.84,0.0,68.22,20.52,21.31,22.14,0.81,
108,2025-02-28 22:00:00,7.24,1.93,0.0,0.0,74.97,18.87,19.32,19.83,0.56,
108,2025-02-28 23:00:00,6.04,0.41,0.0,0.0,80.09,17.58,18.02,18.42,0.41,
108,2025-03-01 00:00:00,7.24,0.98,0.0,0.0,83.43,16.55,17.03,17.41,0.32,
108,2025-03-01 01:00:00,3.62,0.24,0.0,0.0,86.32,15.72,16.07,16.34,0.25,
108,2025-03-01 02:00:00,3.62,0.17,0.0,0.0,89.12,14.81,15.07,15.41,0.19,
108,2025-03-01 03:00:00,2.41,0.05,0.0,0.0,90.1,14.59,14.66,14.86,0.17,
108,2025-03-01 04:00:00,1.21,0.0,0.0,0.0,90.21,14.19,14.45,14.67,0.16,
108,2025-03-01 05:00:00,1.21,0.0,0.0,0.0,91.64,13.72,13.77,13.85,0.13,
108,2025-03-01 06:00:00,1.21,0.0,0.0,0.0,92.42,13.01,13.34,13.52,0.12,
108,2025-03-01 07:00:00,1.21,0.0,0.0,0.0,90.84,11.98,12.44,13.05,0.13,
108,2025-03-01 08:00:00,0.0,0.0,13.16,0.0,91.03,11.58,11.9,12.32,0.13,
108,2025-03-01 09:00:00,0.0,0.0,196.97,0.0,91.6,13.22,14.93,16.21,0.15,
108,2025-03-01 10:00:00,0.0,0.0,393.94,0.0,84.17,17.37,18.3,19.08,0.34,
108,2025-03-01 11:00:00,1.21,0.0,594.42,0.0,74.22,19.31,20.8,21.97,0.64,
108,2025-03-01 12:00:00,8.45,1.06,797.96,0.0,66.28,21.85,22.62,23.35,0.93,
108,2025-03-01 13:00:00,13.28,2.17,877.8,0.0,62.35,23.25,24.33,25.04,1.15,
108,2025-03-01 14:00:00,13.28,2.37,933.96,0.0,56.75,25.63,25.92,26.42,1.45,
108,2025-03-01 15:00:00,12.07,2.39,951.06,0.0,51.31,26.33,27.29,28.0,1.77,
108,2025-03-01 16:00:00,10.86,1.68,878.24,0.0,48.24,28.12,28.56,29.47,2.02,
108,2025-03-01 17:00:00,13.28,1.68,757.61,0.0,48.22,28.22,28.69,29.31,2.04,
108,2025-03-01 18:00:00,10.86,2.82,641.79,0.0,42.25,29.26,29.59,30.01,2.4,
108,2025-03-01 19:00:00,14.48,5.54,526.86,0.0,50.19,26.77,27.34,27.9,1.82,
108,2025-03-01 20:00:00,18.11,7.85,200.92,0.0,53.24,24.54,25.55,26.41,1.54,
108,2025-03-01 21:00:00,16.9,7.68,14.48,0.0,57.62,21.31,22.46,23.63,1.16,
108,2025-03-01 22:00:00,12.07,5.04,0.0,0.0,64.68,19.11,19.88,20.87,0.83,
108,2025-03-01 23:00:00,9.66,0.38,0.0,0.0,74.7,16.94,17.86,18.89,0.52,
108,2025-03-02 00:00:00,6.04,1.93,0.0,0.0,82.31,15.58,15.97,16.48,0.32,
108,2025-03-02 01:00:00,7.24,0.57,0.0,0.0,85.81,14.92,15.08,15.4,0.24,
108,2025-03-02 02:00:00,2.41,0.02,0.0,0.0,86.97,13.95,14.41,14.75,0.21,
108,2025-03-02 03:00:00,1.21,0.0,0.0,0.0,87.97,13.16,13.47,13.64,0.19,
108,2025-03-02 04:00:00,0.0,0.0,0.0,0.0,89.77,12.3,12.59,13.13,0.15,
108,2025-03-02 05:00:00,2.41,0.09,0.0,0.0,91.38,11.68,12.21,12.5,0.12,
108,2025-03-02 06:00:00,0.0,0.0,0.0,0.0,90.69,11.27,11.58,11.92,0.13,
108,2025-03-02 07:00:00,0.0,0.0,0.0,0.0,90.58,11.46,11.68,11.82,0.13,
108,2025-03-02 08:00:00,1.21,0.0,24.13,0.0,90.2,10.94,11.34,11.68,0.13,
108,2025-03-02 09:00:00,0.0,0.0,100.9,0.0,89.66,12.0,13.42,14.44,0.16,
108,2025-03-02 10:00:00,4.83,0.35,279.88,0.0,80.21,15.16,15.76,16.11,0.36,
108,2025-03-02 11:00:00,6.04,0.36,656.27,0.0,75.14,16.92,17.43,18.15,0.49,
108,2025-03-02 12:00:00,9.66,1.87,759.8,0.0,70.54,18.29,19.27,19.87,0.66,
108,2025-03-02 13:00:00,12.07,3.09,860.7,0.0,66.94,20.29,20.71,21.15,0.81,
108,2025-03-02 14:00:00,10.86,2.78,917.73,0.0,59.62,22.18,23.21,24.09,1.15,
108,2025-03-02 15:00:00,15.69,2.81,918.6,0.0,51.19,24.59,25.13,26.12,1.56,
108,2025-03-02 16:00:00,16.9,4.35,883.07,0.0,48.13,25.9,26.49,26.95,1.79,
108,2025-03-02 17:00:00,9.66,3.08,790.95,0.0,50.88,26.43,26.7,27.16,1.72,
108,2025-03-02 18:00:00,10.86,3.17,686.1,0.0,50.74,25.42,26.6,27.23,1.72,
108,2025-03-02 19:00:00,20.52,6.45,441.75,0.0,46.62,25.08,25.62,26.19,1.76,
108,2025-03-02 20:00:00,20.52,10.76,215.83,0.0,41.81,21.59,23.07,24.47,1.65,
108,2025-03-02 21:00:00,18.11,7.77,18.86,0.0,57.89,18.2,19.31,20.32,0.95,
108,2025-03-02 22:00:00,16.9,7.08,0.0,0.0,67.42,16.62,17.44,18.2,0.65,
108,2025-03-02 23:00:00,4.83,0.27,0.0,0.0,74.28,14.71,15.6,16.31,0.46,
108,2025-03-03 00:00:00,7.24,1.0,0.0,0.0,79.85,13.86,14.15,14.74,0.33,
108,2025-03-03 01:00:00,3.62,0.11,0.0,0.0,83.54,12.98,13.17,13.41,0.25,
108,2025-03-03 02:00:00,2.41,0.21,0.0,0.0,86.02,12.26,12.5,13.01,0.21,
108,2025-03-03 03:00:00,1.21,0.0,0.0,0.0,88.27,11.54,11.7,11.85,0.16,
108,2025-03-03 04:00:00,1.21,0.0,0.0,0.0,89.99,11.19,11.32,11.46,0.13,
108,2025-03-03 05:00:00,1.21,0.0,0.0,0.0,91.33,10.92,11.03,11.13,0.12,
108,2025-03-03 06:00:00,2.41,0.09,0.0,0.0,92.54,10.44,10.56,10.75,0.1,
108,2025-03-03 07:00:00,0.0,0.0,0.0,0.0,91.43,9.77,10.02,10.29,0.11,
108,2025-03-03 08:00:00,1.21,0.0,9.21,0.0,91.93,9.26,9.46,9.57,0.1,
108,2025-03-03 09:00:00,1.21,0.03,159.68,0.0,91.62,10.07,11.4,12.91,0.11,
108,2025-03-03 10:00:00,2.41,0.02,414.56,0.0,81.87,13.91,15.45,17.11,0.33,
108,2025-03-03 11:00:00,12.07,1.8,592.22,0.0,71.56,17.83,18.42,19.12,0.6,
108,2025-03-03 12:00:00,12.07,2.63,733.04,0.0,64.54,19.85,20.79,21.66,0.88,
108,2025-03-03 13:00:00,12.07,2.58,879.56,0.0,56.95,22.23,22.87,23.63,1.2,
108,2025-03-03 14:00:00,14.48,1.77,955.89,0.0,49.7,24.11,24.78,25.53,1.58,
108,2025-03-03 15:00:00,12.07,1.57,937.03,0.0,43.67,25.6,26.26,26.78,1.92,
108,2025-03-03 16:00:00,13.28,1.89,909.39,0.0,41.54,26.77,27.26,27.64,2.12,
108,2025-03-03 17:00:00,12.07,1.57,1005.9,0.0,40.65,27.25,27.49,28.01,2.18,
108,2025-03-03 18:00:00,7.24,0.44,672.5,0.0,43.8,26.42,27.45,28.02,2.06,
108,2025-03-03 19:00:00,6.04,0.45,465.44,0.0,43.69,26.53,26.58,26.67,1.96,
108,2025-03-03 20:00:00,4.83,0.26,222.41,0.0,51.02,24.0,25.49,26.61,1.6,
108,2025-03-03 21:00:00,9.66,1.87,4.39,0.0,61.07,20.54,21.55,22.97,1.01,
108,2025-03-03 22:00:00,10.86,2.82,0.0,0.0,63.1,18.86,19.58,20.26,0.84,
108,2025-03-03 23:00:00,2.41,0.12,0.0,0.0,68.39,16.94,17.51,18.2,0.63,
108,2025-03-04 00:00:00,2.41,0.15,0.0,0.0,73.84,15.1,15.56,16.07,0.46,
108,2025-03-04 01:00:00,1.21,0.0,0.0,0.0,78.18,13.66,14.33,14.79,0.36,
108,2025-03-04 02:00:00,0.0,0.0,0.0,0.0,82.48,13.19,13.28,13.48,0.27,
108,2025-03-04 03:00:00,0.0,0.0,0.0,0.0,83.5,12.51,12.76,13.05,0.24,
108,2025-03-04 04:00:00,3.62,0.06,0.0,0.0,86.2,11.81,11.9,11.95,0.19,
108,2025-03-04 05:00:00,0.0,0.0,0.0,0.0,86.28,10.71,10.95,11.23,0.18,
108,2025-03-04 06:00:00,0.0,0.0,0.0,0.0,87.89,10.36,10.65,10.82,0.16,
108,2025-03-04 07:00:00,0.0,0.0,0.0,0.0,87.81,9.98,10.36,10.54,0.16,
108,2025-03-04 08:00:00,0.0,0.0,11.41,0.0,87.89,9.35,9.58,9.77,0.15,
108,2025-03-04 09:00:00,1.21,0.0,194.34,0.0,88.41,10.35,11.8,13.54,0.16,
108,2025-03-04 10:00:00,7.24,0.71,390.43,0.0,73.36,14.71,16.12,17.77,0.5,
108,2025-03-04 11:00:00,10.86,1.81,575.11,0.0,63.49,18.48,18.87,19.27,0.8,
108,2025-03-04 12:00:00,13.28,2.96,733.04,0.0,61.35,19.7,20.84,21.69,0.96,
108,2025-03-04 13:00:00,16.9,2.23,872.98,0.0,50.31,22.44,23.25,23.64,1.42,
108,2025-03-04 14:00:00,15.69,3.97,917.29,0.0,46.44,24.43,24.99,25.59,1.7,
108,2025-03-04 15:00:00,10.86,1.68,927.38,0.0,36.25,26.33,26.8,27.11,2.25,
108,2025-03-04 16:00:00,10.86,1.53,902.81,0.0,33.87,27.52,27.73,27.94,2.46,
108,2025-03-04 17:00:00,8.45,1.19,772.08,0.0,33.53,27.88,28.05,28.3,2.52,
108,2025-03-04 18:00:00,12.07,1.42,613.72,0.0,37.35,27.85,28.11,28.29,2.39,
108,2025-03-04 19:00:00,8.45,0.53,435.61,0.0,40.84,27.64,27.92,28.15,2.23,
108,2025-03-04 20:00:00,14.48,1.81,179.42,0.0,47.56,24.23,25.51,26.7,1.72,
108,2025-03-04 21:00:00,7.24,0.32,6.14,0.0,57.08,20.81,21.99,23.21,1.14,
108,2025-03-04 22:00:00,3.62,0.05,0.0,0.0,61.91,19.39,19.95,20.52,0.89,
108,2025-03-04 23:00:00,3.62,0.03,0.0,0.0,68.56,17.93,18.29,18.83,0.66,
108,2025-03-05 00:00:00,2.41,0.02,0.0,0.0,74.56,17.29,17.64,18.01,0.52,
108,2025-03-05 01:00:00,4.83,0.02,0.0,0.0,79.34,16.1,16.44,16.89,0.39,
108,2025-03-05 02:00:00,4.83,0.47,0.0,0.0,84.92,14.45,14.89,15.54,0.26,
108,2025-03-05 03:00:00,6.04,1.15,0.0,0.0,88.24,13.82,14.11,14.24,0.19,
108,2025-03-05 04:00:00,2.41,0.06,0.0,0.0,88.39,12.71,13.32,13.66,0.18,
108,2025-03-05 05:00:00,2.41,0.18,0.0,0.0,90.58,12.58,12.68,12.83,0.14,
108,2025-03-05 06:00:00,3.62,0.21,0.0,0.0,90.19,11.5,11.82,12.03,0.14,
108,2025-03-05 07:00:00,1.21,0.0,0.0,0.0,91.58,11.03,11.34,11.89,0.12,
108,2025-03-05 08:00:00,0.0,0.0,16.23,0.0,92.26,10.75,11.03,11.22,0.1,
108,2025-03-05 09:00:00,0.0,0.0,174.6,0.0,91.6,11.58,13.44,15.21,0.13,
108,2025-03-05 10:00:00,8.45,0.62,370.69,0.0,82.12,15.92,16.68,17.07,0.34,
108,2025-03-05 11:00:00,12.07,1.48,552.74,0.0,73.59,18.27,18.78,19.79,0.58,
108,2025-03-05 12:00:00,10.86,2.64,747.08,0.0,66.39,19.88,20.79,21.48,0.83,
108,2025-03-05 13:00:00,12.07,1.09,857.63,0.0,58.55,23.02,23.78,24.62,1.22,
108,2025-03-05 14:00:00,8.45,0.82,904.13,0.0,51.8,25.32,26.15,26.78,1.64,
108,2025-03-05 15:00:00,6.04,0.5,907.64,0.0,45.43,27.33,28.04,28.62,2.07,
108,2025-03-05 16:00:00,6.04,0.68,863.77,0.0,42.96,28.56,29.09,29.6,2.3,
108,2025-03-05 17:00:00,12.07,1.89,776.91,0.0,39.5,28.74,29.57,29.99,2.5,
108,2025-03-05 18:00:00,8.45,1.54,622.93,0.0,43.89,28.85,29.21,29.7,2.28,
108,2025-03-05 19:00:00,21.73,6.88,411.05,0.0,44.96,26.74,27.97,29.19,2.09,
108,2025-03-05 20:00:00,21.73,9.08,187.32,0.0,49.3,24.0,25.32,26.38,1.64,
108,2025-03-05 21:00:00,13.28,4.01,12.28,0.0,59.35,20.9,21.83,23.15,1.07,
108,2025-03-05 22:00:00,7.24,1.54,0.0,0.0,66.73,18.77,19.56,20.35,0.76,
108,2025-03-05 23:00:00,3.62,0.14,0.0,0.0,73.57,16.75,17.58,18.18,0.54,
108,2025-03-06 00:00:00,6.04,0.91,0.0,0.0,78.99,15.42,16.04,16.62,0.39,
108,2025-03-06 01:00:00,0.0,0.0,0.0,0.0,80.55,14.65,15.2,15.62,0.34,
108,2025-03-06 02:00:00,0.0,0.0,0.0,0.0,82.49,13.97,14.13,14.38,0.28,
108,2025-03-06 03:00:00,0.0,0.0,0.0,0.0,84.96,13.1,13.21,13.37,0.23,
108,2025-03-06 04:00:00,0.0,0.0,0.0,0.0,87.06,12.54,12.76,12.88,0.19,
108,2025-03-06 05:00:00,0.0,0.0,0.0,0.0,88.58,12.43,12.55,12.62,0.17,
108,2025-03-06 06:00:00,0.0,0.0,0.0,0.0,90.65,12.39,12.55,12.72,0.14,
108,2025-03-06 07:00:00,0.0,0.0,0.0,0.0,89.43,11.08,11.3,11.71,0.14,
108,2025-03-06 08:00:00,0.0,0.0,15.79,0.0,90.13,10.68,10.87,10.94,0.13,
108,2025-03-06 09:00:00,0.0,0.0,156.17,0.0,89.28,11.81,13.82,16.03,0.17,
108,2025-03-06 10:00:00,3.62,0.24,357.97,0.0,79.25,17.37,17.97,18.8,0.43,
108,2025-03-06 11:00:00,8.45,1.34,601.0,0.0,70.95,19.39,20.16,20.93,0.69,
108,2025-03-06 12:00:00,10.86,2.78,750.59,0.0,64.55,21.46,21.93,22.39,0.94,
108,2025-03-06 13:00:00,13.28,4.59,833.94,0.0,61.09,22.9,23.49,23.79,1.13,
108,2025-03-06 14:00:00,18.11,5.52,972.12,0.0,54.28,24.01,25.23,26.28,1.47,
108,2025-03-06 15:00:00,19.31,3.98,1012.48,0.0,51.07,26.43,26.95,27.45,1.74,
108,2025-03-06 16:00:00,15.69,5.31,547.48,0.0,52.57,25.79,26.21,26.9,1.62,
108,2025-03-06 17:00:00,21.73,9.96,840.52,0.0,51.8,26.14,26.47,26.74,1.67,
108,2025-03-06 18:00:00,24.14,9.93,586.08,0.0,53.04,24.98,25.93,26.88,1.58,
108,2025-03-06 19:00:00,25.35,12.7,339.1,0.0,60.24,22.95,23.36,23.81,1.14,
108,2025-03-06 20:00:00,20.52,7.38,170.65,0.0,60.54,22.04,22.67,23.12,1.09,
108,2025-03-06 21:00:00,6.04,0.39,8.77,0.0,67.91,19.6,20.36,21.24,0.77,
108,2025-03-06 22:00:00,0.0,0.0,0.0,0.0,76.27,17.39,17.95,18.79,0.49,
108,2025-03-06 23:00:00,1.21,0.0,0.0,0.0,78.81,17.55,17.71,17.97,0.43,
108,2025-03-07 00:00:00,0.0,0.0,0.0,0.0,78.8,17.13,17.94,18.44,0.44,
108,2025-03-07 01:00:00,0.0,0.0,0.0,0.0,82.5,16.82,17.03,17.17,0.34,
108,2025-03-07 02:00:00,0.0,0.0,0.0,0.0,83.26,15.38,16.26,17.09,0.31,
108,2025-03-07 03:00:00,6.04,0.27,0.0,0.0,87.39,14.57,14.72,14.89,0.21,
108,2025-03-07 04:00:00,6.04,0.62,0.0,0.0,88.25,14.52,14.75,14.87,0.2,
108,2025-03-07 05:00:00,8.45,1.01,0.0,0.0,88.95,14.52,14.58,14.67,0.19,
108,2025-03-07 06:00:00,6.04,0.62,0.0,0.0,89.23,14.68,14.72,14.75,0.18,
108,2025-03-07 07:00:00,10.86,1.28,0.0,0.0,89.01,14.75,14.86,15.04,0.18,
108,2025-03-07 08:00:00,9.66,2.58,23.69,0.0,87.69,15.1,15.26,15.54,0.22,
108,2025-03-07 09:00:00,7.24,1.28,31.15,0.0,86.17,15.77,15.82,15.86,0.25,
108,2025-03-07 10:00:00,10.86,2.02,38.6,1.27,89.94,15.55,15.64,15.69,0.18,
108,2025-03-07 11:00:00,7.24,0.42,124.15,7.12,92.91,15.45,15.67,16.0,0.13,
108,2025-03-07 12:00:00,8.45,1.73,143.45,0.5,93.53,16.19,16.49,16.83,0.12,
108,2025-03-07 13:00:00,7.24,1.34,325.5,1.01,93.55,17.13,17.63,18.14,0.13,
108,2025-03-07 14:00:00,8.45,1.04,723.83,0.0,88.39,18.62,19.49,20.46,0.27,
108,2025-03-07 15:00:00,9.66,0.41,1136.19,0.0,81.99,19.96,20.33,21.15,0.43,
108,2025-03-07 16:00:00,7.24,0.98,1087.06,0.0,77.68,20.1,20.54,20.98,0.54,
108,2025-03-07 17:00:00,13.28,5.55,894.04,0.0,76.45,20.5,20.75,21.0,0.58,
108,2025-03-07 18:00:00,12.07,1.77,643.11,0.0,69.04,21.36,21.7,21.93,0.8,
108,2025-03-07 19:00:00,10.86,0.55,586.52,0.0,64.64,21.45,21.63,21.98,0.92,
108,2025-03-07 20:00:00,3.62,0.06,180.3,0.0,67.21,18.79,20.39,21.38,0.79,
108,2025-03-07 21:00:00,0.0,0.0,4.83,0.0,78.05,16.83,17.57,18.18,0.45,
108,2025-03-07 22:00:00,7.24,0.3,0.0,0.0,83.26,15.59,16.02,16.59,0.31,
108,2025-03-07 23:00:00,4.83,0.03,0.0,0.0,81.85,14.92,15.18,15.3,0.32,
108,2025-03-08 00:00:00,7.24,1.65,0.0,0.0,83.03,13.36,13.77,14.33,0.27,
108,2025-03-08 01:00:00,7.24,0.35,0.0,0.0,78.51,13.26,13.35,13.47,0.33,
108,2025-03-08 02:00:00,8.45,0.39,0.0,0.0,74.44,12.6,12.83,13.09,0.38,
108,2025-03-08 03:00:00,3.62,0.06,0.0,0.0,77.99,11.54,11.85,12.27,0.31,
108,2025-03-08 04:00:00,1.21,0.0,0.0,0.0,80.92,10.74,10.97,11.27,0.25,
108,2025-03-08 05:00:00,2.41,0.0,0.0,0.0,84.04,9.0,9.78,10.63,0.2,
108,2025-03-08 06:00:00,7.24,0.91,0.0,0.0,87.76,8.62,8.71,8.89,0.14,
108,2025-03-08 07:00:00,8.45,1.28,0.0,0.0,87.5,8.36,8.59,8.73,0.14,
108,2025-03-08 08:00:00,2.41,0.02,16.23,0.0,88.26,7.93,8.22,8.49,0.13,
108,2025-03-08 09:00:00,10.86,0.72,191.27,0.0,85.51,8.39,9.61,10.54,0.18,
108,2025-03-08 10:00:00,14.48,2.22,463.25,0.0,74.42,11.03,11.86,12.61,0.36,
108,2025-03-08 11:00:00,10.86,2.07,654.52,0.0,64.93,13.45,14.48,15.45,0.58,
108,2025-03-08 12:00:00,12.07,1.69,808.49,0.0,56.45,16.09,16.95,17.65,0.85,
108,2025-03-08 13:00:00,8.45,1.75,913.78,0.0,50.64,18.21,18.95,19.63,1.08,
108,2025-03-08 14:00:00,15.69,2.72,963.79,0.0,45.88,20.17,20.75,21.41,1.33,
108,2025-03-08 15:00:00,19.31,2.78,961.59,0.0,44.6,21.67,22.26,22.9,1.49,
108,2025-03-08 16:00:00,10.86,2.1,919.92,0.0,41.58,23.06,23.64,23.97,1.71,
108,2025-03-08 17:00:00,13.28,2.25,819.02,0.0,38.1,24.16,24.36,24.7,1.89,
108,2025-03-08 18:00:00,15.69,1.89,625.12,0.0,37.09,24.62,24.86,25.07,1.98,
108,2025-03-08 19:00:00,8.45,0.6,432.54,0.0,37.81,24.09,24.38,24.59,1.9,
108,2025-03-08 20:00:00,8.45,0.21,211.01,0.0,44.53,20.38,22.33,23.77,1.51,
108,2025-03-08 21:00:00,4.83,1.06,0.88,0.0,60.78,17.01,17.76,19.24,0.8,
108,2025-03-08 22:00:00,4.83,0.56,0.0,0.0,66.42,15.96,16.23,16.66,0.62,
108,2025-03-08 23:00:00,6.04,0.77,0.0,0.0,67.37,14.58,15.32,15.77,0.57,
108,2025-03-09 00:00:00,3.62,0.27,0.0,0.0,71.81,13.4,13.93,14.37,0.45,
108,2025-03-09 01:00:00,7.24,0.86,0.0,0.0,73.07,13.06,13.23,13.47,0.41,
108,2025-03-09 02:00:00,3.62,0.29,0.0,0.0,76.88,11.85,12.33,12.88,0.34,
108,2025-03-09 03:00:00,4.83,0.88,0.0,0.0,81.32,11.53,11.61,11.74,0.26,
108,2025-03-09 04:00:00,4.83,0.66,0.0,0.0,83.9,10.67,11.0,11.23,0.21,
108,2025-03-09 05:00:00,4.83,0.36,0.0,0.0,86.29,10.01,10.32,10.57,0.17,
108,2025-03-09 06:00:00,3.62,0.15,0.0,0.0,87.88,9.35,9.68,9.91,0.15,
108,2025-03-09 07:00:00,2.41,0.08,0.0,0.0,89.14,8.78,8.94,9.19,0.12,
108,2025-03-09 08:00:00,4.83,0.39,13.16,0.0,89.77,8.39,8.57,8.7,0.12,
108,2025-03-09 09:00:00,6.04,0.62,223.73,0.0,86.45,9.05,10.22,11.37,0.17,
108,2025-03-09 10:00:00,7.24,0.5,442.19,0.0,74.72,12.23,13.29,14.26,0.39,
108,2025-03-09 11:00:00,8.45,0.74,646.18,0.0,65.57,14.81,15.63,16.96,0.62,
108,2025-03-09 12:00:00,15.69,1.53,786.12,0.0,60.25,17.25,17.92,18.8,0.82,
108,2025-03-09 13:00:00,10.86,1.09,915.53,0.0,51.84,19.73,20.93,22.21,1.2,
108,2025-03-09 14:00:00,13.28,1.45,954.57,0.0,46.24,22.78,23.64,24.66,1.58,
108,2025-03-09 15:00:00,7.24,0.57,952.82,0.0,39.16,25.18,26.0,26.87,2.05,
108,2025-03-09 16:00:00,10.86,1.04,897.55,0.0,37.28,27.52,27.99,28.6,2.37,
108,2025-03-09 17:00:00,15.69,1.98,784.37,0.0,35.23,28.08,28.35,28.59,2.5,
108,2025-03-09 18:00:00,8.45,0.32,631.26,0.0,35.88,28.53,28.96,29.22,2.57,
108,2025-03-09 19:00:00,4.83,0.14,438.68,0.0,40.53,28.28,28.49,28.64,2.31,
108,2025-03-09 20:00:00,4.83,0.27,159.68,0.0,48.19,23.33,25.41,27.25,1.71,
108,2025-03-09 21:00:00,1.21,0.02,13.6,0.0,62.92,19.74,20.73,21.63,0.91,
108,2025-03-09 22:00:00,4.83,0.12,0.0,0.0,61.75,18.08,18.75,19.41,0.83,
108,2025-03-09 23:00:00,3.62,0.2,0.0,0.0,60.61,17.09,17.61,18.0,0.79,
108,2025-03-10 00:00:00,0.0,0.0,0.0,0.0,67.1,15.33,15.8,16.45,0.59,
108,2025-03-10 01:00:00,1.21,0.0,0.0,0.0,73.1,13.86,14.16,14.4,0.43,
108,2025-03-10 02:00:00,0.0,0.0,0.0,0.0,69.5,13.99,14.33,14.52,0.5,
108,2025-03-10 03:00:00,2.41,0.02,0.0,0.0,70.19,13.97,14.13,14.33,0.48,
108,2025-03-10 04:00:00,1.21,0.0,0.0,0.0,73.14,12.83,13.47,13.91,0.42,
108,2025-03-10 05:00:00,3.62,0.05,0.0,0.0,78.49,11.72,12.05,12.46,0.3,
108,2025-03-10 06:00:00,3.62,0.14,0.0,0.0,79.76,11.5,11.66,11.82,0.28,
108,2025-03-10 07:00:00,0.0,0.0,0.0,0.0,83.2,10.18,10.7,11.19,0.22,
108,2025-03-10 08:00:00,0.0,0.0,16.67,0.0,86.97,9.63,9.78,10.02,0.16,
108,2025-03-10 09:00:00,1.21,0.0,191.27,0.0,79.07,11.5,13.43,15.16,0.33,
108,2025-03-10 10:00:00,7.24,0.27,401.4,0.0,66.63,15.59,16.65,17.77,0.64,
108,2025-03-10 11:00:00,13.28,0.94,632.14,0.0,61.76,17.94,18.71,19.49,0.83,
108,2025-03-10 12:00:00,12.07,1.84,779.1,0.0,60.02,19.81,20.71,21.41,0.98,
108,2025-03-10 13:00:00,8.45,1.19,883.51,0.0,55.99,21.84,22.92,23.79,1.24,
108,2025-03-10 14:00:00,8.45,1.58,926.94,0.0,51.34,24.18,24.65,24.94,1.51,
108,2025-03-10 15:00:00,10.86,2.22,926.06,0.0,47.24,25.21,25.71,26.14,1.74,
108,2025-03-10 16:00:00,8.45,1.72,876.49,0.0,42.89,26.43,26.72,27.0,2.01,
108,2025-03-10 17:00:00,12.07,1.78,774.71,0.0,39.37,27.28,27.4,27.64,2.21,
108,2025-03-10 18:00:00,10.86,2.31,627.76,0.0,38.95,26.53,27.08,27.36,2.19,
108,2025-03-10 19:00:00,9.66,2.2,377.27,0.0,45.2,25.35,25.89,26.41,1.83,
108,2025-03-10 20:00:00,7.24,0.94,179.42,0.0,52.56,23.0,24.01,25.08,1.42,
108,2025-03-10 21:00:00,6.04,0.33,7.46,0.0,58.15,21.24,21.82,22.5,1.1,
108,2025-03-10 22:00:00,7.24,0.59,0.0,0.0,61.76,19.85,20.5,21.08,0.92,
108,2025-03-10 23:00:00,9.66,0.92,0.0,0.0,64.88,18.73,19.28,19.72,0.79,
108,2025-03-11 00:00:00,3.62,0.15,0.0,0.0,68.94,17.32,18.0,18.58,0.64,
108,2025-03-11 01:00:00,7.24,0.18,0.0,0.0,73.72,16.48,16.78,17.11,0.51,
108,2025-03-11 02:00:00,3.62,0.21,0.0,0.0,77.77,15.16,15.62,16.17,0.4,
108,2025-03-11 03:00:00,4.83,0.08,0.0,0.0,79.77,14.72,14.96,15.14,0.35,
108,2025-03-11 04:00:00,7.24,0.29,0.0,0.0,77.35,13.36,14.05,14.59,0.36,
108,2025-03-11 05:00:00,8.45,2.13,0.0,0.0,78.12,12.02,12.38,12.89,0.32,
108,2025-03-11 06:00:00,8.45,3.11,0.0,0.0,79.36,10.6,11.16,11.74,0.28,
108,2025-03-11 07:00:00,10.86,3.37,0.0,0.0,77.53,9.83,10.26,10.6,0.28,
108,2025-03-11 08:00:00,4.83,0.45,10.97,0.0,79.3,9.23,9.43,9.63,0.24,
108,2025-03-11 09:00:00,9.66,1.13,145.2,0.0,73.89,10.08,10.63,11.08,0.34,
108,2025-03-11 10:00:00,13.28,1.06,423.77,0.0,66.57,11.49,12.44,13.13,0.49,
108,2025-03-11 11:00:00,7.24,0.56,617.67,0.0,61.07,13.69,14.43,15.27,0.64,
108,2025-03-11 12:00:00,10.86,1.0,770.33,0.0,57.97,15.73,16.42,17.24,0.79,
108,2025-03-11 13:00:00,9.66,1.19,898.42,0.0,54.24,17.35,18.77,20.03,1.0,
108,2025-03-11 14:00:00,10.86,2.19,937.03,0.0,51.96,20.14,21.22,22.42,1.22,
108,2025-03-11 15:00:00,9.66,1.16,933.96,0.0,47.31,23.12,23.74,24.66,1.55,
108,2025-03-11 16:00:00,7.24,0.59,898.42,0.0,41.93,24.87,25.93,26.59,1.95,
108,2025-03-11 17:00:00,9.66,0.99,799.72,0.0,40.61,26.59,26.9,27.21,2.11,
108,2025-03-11 18:00:00,3.62,0.23,603.63,0.0,38.51,26.9,27.04,27.15,2.2,
108,2025-03-11 19:00:00,4.83,0.14,411.92,0.0,42.63,26.14,26.72,27.18,2.01,
108,2025-03-11 20:00:00,0.0,0.0,187.76,0.0,61.23,21.53,23.89,26.21,1.18,
108,2025-03-11 21:00:00,0.0,0.0,0.0,0.0,74.84,17.55,18.83,19.88,0.55,
108,2025-03-11 22:00:00,0.0,0.0,0.0,0.0,78.31,15.69,16.24,16.87,0.4,
108,2025-03-11 23:00:00,0.0,0.0,0.0,0.0,76.37,14.57,15.34,16.1,0.42,
108,2025-03-12 00:00:00,0.0,0.0,0.0,0.0,80.17,13.62,13.94,14.1,0.32,
108,2025-03-12 01:00:00,0.0,0.0,0.0,0.0,81.2,13.1,13.23,13.34,0.29,
108,2025-03-12 02:00:00,2.41,0.06,0.0,0.0,78.5,11.96,12.82,13.33,0.32,
108,2025-03-12 03:00:00,2.41,0.05,0.0,0.0,81.47,10.99,11.44,11.72,0.25,
108,2025-03-12 04:00:00,0.0,0.0,0.0,0.0,80.89,11.05,11.31,11.67,0.26,
108,2025-03-12 05:00:00,0.0,0.0,0.0,0.0,82.69,10.37,10.49,10.7,0.22,
108,2025-03-12 06:00:00,0.0,0.0,0.0,0.0,84.17,9.65,9.94,10.16,0.19,
108,2025-03-12 07:00:00,0.0,0.0,0.0,0.0,84.93,8.42,9.07,9.56,0.18,
108,2025-03-12 08:00:00,0.0,0.0,7.46,0.0,87.12,7.56,7.73,8.03,0.14,
108,2025-03-12 09:00:00,0.0,0.0,191.27,0.0,88.52,8.05,9.91,11.75,0.14,
108,2025-03-12 10:00:00,3.62,0.14,403.59,0.0,72.55,13.07,14.55,15.82,0.46,
108,2025-03-12 11:00:00,6.04,0.57,587.4,0.0,61.17,17.1,17.62,18.31,0.78,
108,2025-03-12 12:00:00,14.48,2.5,790.95,0.0,54.77,19.22,20.26,21.42,1.08,
108,2025-03-12 13:00:00,12.07,1.27,891.84,0.0,46.63,22.42,23.98,25.37,1.6,
108,2025-03-12 14:00:00,10.86,2.4,930.01,0.0,39.86,25.73,26.69,28.01,2.11,
108,2025-03-12 15:00:00,15.69,2.2,933.08,0.0,35.45,28.74,29.49,29.94,2.66,
108,2025-03-12 16:00:00,9.66,1.18,898.86,0.0,32.23,30.76,31.26,31.76,3.09,
108,2025-03-12 17:00:00,6.04,0.36,776.91,0.0,28.39,32.28,32.53,32.65,3.51,
108,2025-03-12 18:00:00,6.04,0.3,621.61,0.0,27.66,31.19,32.36,33.08,3.52,
108,2025-03-12 19:00:00,2.41,0.03,430.79,0.0,33.71,29.81,30.61,31.29,2.92,
108,2025-03-12 20:00:00,0.0,0.0,146.08,0.0,54.99,24.29,26.7,29.15,1.61,
108,2025-03-12 21:00:00,0.0,0.0,0.0,0.0,68.74,19.62,20.77,22.23,0.77,
108,2025-03-12 22:00:00,0.0,0.0,0.0,0.0,72.41,17.46,18.0,18.61,0.57,
108,2025-03-12 23:00:00,4.83,0.14,0.0,0.0,71.88,16.49,17.03,17.28,0.55,
108,2025-03-13 00:00:00,0.0,0.0,0.0,0.0,78.88,14.74,15.25,15.82,0.37,
108,2025-03-13 01:00:00,0.0,0.0,0.0,0.0,80.18,13.52,14.01,14.47,0.32,
108,2025-03-13 02:00:00,2.41,0.02,0.0,0.0,77.59,12.3,13.01,14.0,0.34,
108,2025-03-13 03:00:00,0.0,0.0,0.0,0.0,81.81,11.29,11.8,12.13,0.25,
108,2025-03-13 04:00:00,0.0,0.0,0.0,0.0,82.33,10.8,11.1,11.33,0.24,
108,2025-03-13 05:00:00,0.0,0.0,0.0,0.0,84.15,10.2,10.38,10.51,0.2,
108,2025-03-13 06:00:00,0.0,0.0,0.0,0.0,84.67,9.52,9.92,10.2,0.19,
108,2025-03-13 07:00:00,0.0,0.0,0.0,0.0,85.41,9.21,9.67,10.08,0.18,
108,2025-03-13 08:00:00,0.0,0.0,172.84,0.0,86.14,8.66,10.13,14.16,0.18,
108,2025-03-13 09:00:00,2.41,0.06,379.46,0.0,70.25,15.34,16.73,18.01,0.57,
108,2025-03-13 10:00:00,7.24,0.35,609.77,0.0,61.09,15.34,18.13,20.53,0.82,
108,2025-03-13 11:00:00,9.66,1.09,769.45,0.0,56.33,21.36,22.39,23.59,1.19,
108,2025-03-13 12:00:00,7.24,0.95,850.61,0.0,50.48,23.59,24.48,25.57,1.53,
108,2025-03-13 13:00:00,7.24,1.0,869.91,0.0,47.6,23.79,25.07,25.97,1.67,
108,2025-03-13 14:00:00,8.45,1.54,912.46,0.0,42.01,26.81,27.38,27.98,2.12,
108,2025-03-13 15:00:00,8.45,1.33,915.53,0.0,35.99,29.08,29.51,30.04,2.64,
108,2025-03-13 16:00:00,12.07,1.8,872.98,0.0,33.23,30.16,30.5,30.92,2.92,
108,2025-03-13 17:00:00,7.24,1.06,775.15,0.0,31.96,30.46,30.96,31.53,3.05,
108,2025-03-13 18:00:00,4.83,0.15,624.25,0.0,31.3,29.25,30.81,31.76,3.06,
108,2025-03-13 19:00:00,0.0,0.0,157.93,0.0,48.27,24.36,26.53,28.66,1.81,
108,2025-03-13 20:00:00,6.04,0.74,7.46,0.0,63.02,19.85,20.75,22.18,0.91,
108,2025-03-13 21:00:00,3.62,0.2,0.0,0.0,67.34,17.5,18.51,19.38,0.7,
108,2025-03-13 22:00:00,4.83,0.27,0.0,0.0,72.73,15.8,16.24,16.73,0.5,
108,2025-03-13 23:00:00,3.62,0.08,0.0,0.0,72.64,14.95,15.65,16.09,0.49,
108,2025-03-14 00:00:00,2.41,0.0,0.0,0.0,76.6,14.22,14.57,14.95,0.39,
108,2025-03-14 01:00:00,2.41,0.0,0.0,0.0,77.37,14.12,14.36,14.59,0.37,
108,2025-03-14 02:00:00,0.0,0.0,0.0,0.0,79.83,12.78,13.38,13.71,0.31,
108,2025-03-14 03:00:00,0.0,0.0,0.0,0.0,82.8,11.85,12.38,13.09,0.25,
108,2025-03-14 04:00:00,1.21,0.0,0.0,0.0,82.91,11.1,11.92,12.37,0.24,
108,2025-03-14 05:00:00,0.0,0.0,0.0,0.0,87.06,9.15,9.85,10.92,0.16,
108,2025-03-14 06:00:00,0.0,0.0,0.0,0.0,89.25,8.71,8.85,9.15,0.12,
108,2025-03-14 07:00:00,0.0,0.0,17.55,0.0,89.78,8.45,8.63,8.77,0.12,
108,2025-03-14 08:00:00,0.0,0.0,100.9,0.0,90.93,8.59,10.66,12.65,0.12,
108,2025-03-14 09:00:00,6.04,0.51,266.28,0.0,82.64,12.65,14.07,15.03,0.28,
108,2025-03-14 10:00:00,8.45,1.21,590.91,0.0,74.17,15.97,16.8,17.75,0.5,
108,2025-03-14 11:00:00,9.66,1.16,764.62,0.0,64.94,17.04,18.83,20.67,0.77,
108,2025-03-14 12:00:00,9.66,2.85,845.78,0.0,61.71,20.86,21.27,21.66,0.97,
108,2025-03-14 13:00:00,10.86,2.58,912.46,0.0,59.42,22.31,22.73,23.12,1.12,
108,2025-03-14 14:00:00,9.66,2.82,981.77,0.0,53.67,23.6,24.33,24.85,1.41,
108,2025-03-14 15:00:00,9.66,2.34,981.77,0.0,51.71,23.6,25.13,25.77,1.55,
108,2025-03-14 16:00:00,10.86,2.27,755.41,0.0,51.38,25.25,26.0,26.32,1.64,
108,2025-03-14 17:00:00,14.48,3.9,755.41,0.0,54.99,23.76,25.36,26.24,1.46,
108,2025-03-14 18:00:00,19.31,9.58,338.22,0.0,58.43,22.35,22.55,22.83,1.14,
108,2025-03-14 19:00:00,19.31,9.1,178.98,0.0,62.42,19.56,20.66,21.94,0.92,
108,2025-03-14 20:00:00,18.11,6.49,0.0,0.0,71.3,16.94,17.85,18.93,0.59,
108,2025-03-14 21:00:00,8.45,1.07,0.0,0.0,78.09,15.29,15.82,16.49,0.4,
108,2025-03-14 22:00:00,1.21,0.0,0.0,0.0,81.82,14.24,14.84,15.49,0.31,
108,2025-03-14 23:00:00,0.0,0.0,0.0,0.0,84.1,13.55,13.86,14.09,0.25,
108,2025-03-15 00:00:00,0.0,0.0,0.0,0.0,85.6,13.01,13.37,13.89,0.22,
108,2025-03-15 01:00:00,0.0,0.0,0.0,0.0,86.88,12.85,12.96,13.02,0.2,
108,2025-03-15 02:00:00,0.0,0.0,0.0,0.0,87.62,12.16,12.63,13.02,0.18,
108,2025-03-15 03:00:00,0.0,0.0,0.0,0.0,89.15,12.77,13.06,13.32,0.17,
108,2025-03-15 04:00:00,0.0,0.0,0.0,0.0,89.36,13.24,13.31,13.4,0.16,
108,2025-03-15 05:00:00,0.0,0.0,0.0,0.0,88.07,13.65,13.83,13.99,0.19,
108,2025-03-15 06:00:00,0.0,0.0,0.0,0.0,86.32,13.85,13.94,13.99,0.22,
108,2025-03-15 07:00:00,0.0,0.0,0.0,0.0,86.12,13.81,13.9,13.99,0.22,
108,2025-03-15 08:00:00,0.0,0.0,0.0,0.0,86.45,13.71,13.8,13.84,0.22,
108,2025-03-15 09:00:00,0.0,0.0,33.34,0.0,86.96,13.74,13.79,13.89,0.21,
108,2025-03-15 10:00:00,0.0,0.0,69.75,0.0,85.71,13.99,14.35,14.75,0.24,
108,2025-03-15 11:00:00,6.04,0.24,482.99,0.0,80.81,14.86,15.83,17.87,0.35,
108,2025-03-15 12:00:00,4.83,0.32,254.87,0.0,73.5,17.96,18.06,18.2,0.55,
108,2025-03-15 13:00:00,7.24,1.03,385.6,0.0,70.83,18.31,18.74,19.12,0.64,
108,2025-03-15 14:00:00,7.24,0.71,307.08,0.0,67.74,19.28,19.51,19.83,0.73,
108,2025-03-15 15:00:00,0.0,0.0,287.78,0.0,65.37,19.92,20.25,20.46,0.82,
108,2025-03-15 16:00:00,3.62,0.15,295.23,0.0,63.77,20.31,20.44,20.64,0.87,
108,2025-03-15 17:00:00,3.62,0.26,454.48,0.0,62.22,21.26,21.4,21.61,0.96,
108,2025-03-15 18:00:00,4.83,0.51,381.65,0.0,63.25,20.9,21.06,21.24,0.92,
108,2025-03-15 19:00:00,0.0,0.0,114.5,0.0,68.3,18.98,19.94,21.01,0.74,
108,2025-03-15 20:00:00,0.0,0.0,0.0,0.0,73.96,16.9,17.66,18.49,0.53,
108,2025-03-15 21:00:00,1.21,0.0,0.0,0.0,77.8,14.28,16.26,17.31,0.42,
108,2025-03-15 22:00:00,8.45,2.56,0.0,0.0,85.19,14.1,14.44,14.82,0.24,
108,2025-03-15 23:00:00,8.45,2.11,0.0,0.0,87.28,13.48,13.74,14.1,0.2,
108,2025-03-16 00:00:00,8.45,1.75,0.0,0.0,88.1,12.74,13.36,13.82,0.18,
108,2025-03-16 01:00:00,4.83,0.5,0.0,0.0,89.7,11.87,12.56,13.24,0.15,
108,2025-03-16 02:00:00,6.04,1.22,0.0,0.0,91.25,11.05,11.83,12.17,0.12,
108,2025-03-16 03:00:00,3.62,0.3,0.0,0.0,92.22,10.51,11.14,11.71,0.1,
108,2025-03-16 04:00:00,2.41,0.09,0.0,0.0,93.05,9.83,10.12,10.35,0.09,
108,2025-03-16 05:00:00,2.41,0.03,0.0,0.0,93.54,9.91,10.13,10.35,0.08,
108,2025-03-16 06:00:00,1.21,0.0,0.0,0.0,93.49,9.19,9.44,9.78,0.08,
108,2025-03-16 07:00:00,1.21,0.0,12.72,0.0,93.54,8.45,8.61,8.87,0.07,
108,2025-03-16 08:00:00,3.62,0.03,149.15,0.0,93.8,8.84,9.87,11.19,0.08,
108,2025-03-16 09:00:00,4.83,0.69,318.92,0.0,89.49,12.16,13.16,14.13,0.16,
108,2025-03-16 10:00:00,7.24,0.76,595.29,0.0,80.92,14.99,15.78,16.77,0.35,
108,2025-03-16 11:00:00,9.66,1.9,738.74,0.0,72.78,18.05,18.61,19.2,0.58,
108,2025-03-16 12:00:00,10.86,2.19,828.23,0.0,69.53,18.25,19.57,20.98,0.7,
108,2025-03-16 13:00:00,18.11,2.72,849.73,0.0,65.59,19.85,20.67,21.49,0.84,
108,2025-03-16 14:00:00,13.28,2.17,893.16,0.0,55.46,22.57,23.05,23.81,1.26,
108,2025-03-16 15:00:00,12.07,2.05,897.55,0.0,50.29,24.04,24.52,24.98,1.53,
108,2025-03-16 16:00:00,10.86,1.52,779.1,0.0,44.8,25.86,26.27,26.46,1.89,
108,2025-03-16 17:00:00,10.86,2.1,747.08,0.0,45.23,25.86,26.23,26.41,1.87,
108,2025-03-16 18:00:00,8.45,0.8,597.49,0.0,42.07,26.59,26.75,26.91,2.04,
108,2025-03-16 19:00:00,4.83,0.11,364.55,0.0,44.84,25.7,26.04,26.31,1.86,
108,2025-03-16 20:00:00,6.04,0.09,142.13,0.0,53.18,18.42,22.52,24.97,1.32,
108,2025-03-16 21:00:00,0.0,0.0,0.0,0.0,65.41,17.49,17.67,18.04,0.7,
108,2025-03-16 22:00:00,0.0,0.0,0.0,0.0,72.07,16.14,16.98,17.58,0.54,
108,2025-03-16 23:00:00,0.0,0.0,0.0,0.0,78.88,13.79,14.45,15.02,0.35,
108,2025-03-17 00:00:00,0.0,0.0,0.0,0.0,82.72,13.03,13.74,14.26,0.27,
108,2025-03-17 01:00:00,0.0,0.0,0.0,0.0,85.52,11.68,12.42,13.86,0.21,
108,2025-03-17 02:00:00,2.41,0.02,0.0,0.0,86.38,11.29,11.7,12.15,0.19,
108,2025-03-17 03:00:00,3.62,0.12,0.0,0.0,86.68,10.87,10.92,10.97,0.18,
108,2025-03-17 04:00:00,4.83,0.56,0.0,0.0,86.88,10.39,10.71,10.97,0.17,
108,2025-03-17 05:00:00,4.83,0.51,0.0,0.0,86.02,9.71,10.11,10.39,0.17,
108,2025-03-17 06:00:00,2.41,0.0,0.0,0.0,87.19,8.59,8.92,9.22,0.15,
108,2025-03-17 07:00:00,0.0,0.0,4.83,0.0,87.15,7.2,7.7,8.25,0.14,
108,2025-03-17 08:00:00,2.41,0.0,38.17,0.0,87.85,7.35,8.47,10.67,0.14,
108,2025-03-17 09:00:00,9.66,0.44,403.59,0.0,77.94,11.57,12.56,13.81,0.33,
108,2025-03-17 10:00:00,10.86,0.62,493.96,0.0,68.82,12.68,13.88,14.86,0.5,
108,2025-03-17 11:00:00,9.66,1.18,704.09,0.0,61.74,16.59,17.78,18.69,0.78,
108,2025-03-17 12:00:00,10.86,1.34,843.15,0.0,53.57,20.35,21.27,22.22,1.18,
108,2025-03-17 13:00:00,9.66,1.13,901.06,0.0,47.03,22.87,23.8,24.75,1.57,
108,2025-03-17 14:00:00,16.9,1.36,896.23,0.0,40.94,24.32,25.51,26.56,1.93,
108,2025-03-17 15:00:00,9.66,1.37,894.91,0.0,37.81,25.76,27.29,28.32,2.26,
108,2025-03-17 16:00:00,10.86,1.66,854.12,0.0,37.83,27.05,27.73,28.32,2.31,
108,2025-03-17 17:00:00,12.07,1.5,740.06,0.0,40.03,28.1,28.32,28.57,2.31,
108,2025-03-17 18:00:00,8.45,0.8,414.56,0.0,40.46,27.88,27.98,28.05,2.25,
108,2025-03-17 19:00:00,8.45,0.54,368.06,0.0,40.89,27.71,27.9,28.05,2.22,
108,2025-03-17 20:00:00,3.62,0.11,150.91,0.0,47.74,23.98,25.6,27.22,1.73,
108,2025-03-17 21:00:00,3.62,0.21,0.0,0.0,58.77,20.12,21.65,22.77,1.08,
108,2025-03-17 22:00:00,3.62,0.15,0.0,0.0,66.32,18.21,19.11,19.97,0.75,
108,2025-03-17 23:00:00,3.62,0.11,0.0,0.0,69.26,18.04,18.25,18.54,0.65,
108,2025-03-18 00:00:00,6.04,0.41,0.0,0.0,71.85,14.97,17.05,18.01,0.55,
108,2025-03-18 01:00:00,6.04,0.47,0.0,0.0,77.63,14.68,15.07,15.75,0.38,
108,2025-03-18 02:00:00,6.04,0.45,0.0,0.0,78.65,12.98,14.32,14.87,0.35,
108,2025-03-18 03:00:00,6.04,0.71,0.0,0.0,83.03,12.36,12.66,13.06,0.25,
108,2025-03-18 04:00:00,6.04,1.09,0.0,0.0,85.62,11.53,11.79,11.96,0.2,
108,2025-03-18 05:00:00,9.66,2.17,0.0,0.0,88.64,11.1,11.19,11.29,0.15,
108,2025-03-18 06:00:00,3.62,0.27,0.0,0.0,89.98,10.08,10.51,10.97,0.13,
108,2025-03-18 07:00:00,0.0,0.0,2.63,0.0,90.58,9.57,9.72,9.97,0.12,
108,2025-03-18 08:00:00,6.04,0.03,142.57,0.0,90.74,9.52,10.63,12.1,0.12,
108,2025-03-18 09:00:00,4.83,0.15,221.1,0.0,86.16,10.82,12.43,13.74,0.2,
108,2025-03-18 10:00:00,9.66,1.12,498.78,0.0,77.7,13.33,14.4,15.79,0.37,
108,2025-03-18 11:00:00,9.66,1.22,729.09,0.0,66.1,13.33,17.38,19.49,0.69,
108,2025-03-18 12:00:00,9.66,1.0,814.2,0.0,61.21,18.84,20.02,21.59,0.91,
108,2025-03-18 13:00:00,10.86,1.87,855.87,0.0,57.52,20.15,21.38,22.05,1.09,
108,2025-03-18 14:00:00,12.07,1.9,894.91,0.0,52.14,23.0,23.94,24.7,1.43,
108,2025-03-18 15:00:00,8.45,1.12,896.23,0.0,46.23,25.62,26.57,27.77,1.87,
108,2025-03-18 16:00:00,12.07,1.0,861.57,0.0,42.89,27.57,28.11,28.77,2.18,
108,2025-03-18 17:00:00,7.24,0.89,733.92,0.0,38.09,29.11,29.21,29.29,2.51,
108,2025-03-18 18:00:00,7.24,0.63,577.75,0.0,37.82,29.15,29.3,29.39,2.54,
108,2025-03-18 19:00:00,8.45,0.56,389.55,0.0,38.96,28.0,28.55,28.78,2.39,
108,2025-03-18 20:00:00,1.21,0.0,111.86,0.0,54.08,22.28,25.03,27.68,1.49,
108,2025-03-18 21:00:00,0.0,0.0,0.0,0.0,70.16,17.9,19.23,20.73,0.67,
108,2025-03-18 22:00:00,0.0,0.0,0.0,0.0,71.51,16.73,16.91,17.22,0.55,
108,2025-03-18 23:00:00,1.21,0.03,0.0,0.0,65.74,16.69,17.06,17.64,0.67,
108,2025-03-19 00:00:00,2.41,0.03,0.0,0.0,71.28,14.35,15.51,16.6,0.51,
108,2025-03-19 01:00:00,0.0,0.0,0.0,0.0,77.64,13.23,13.54,13.89,0.35,
108,2025-03-19 02:00:00,0.0,0.0,0.0,0.0,80.55,12.12,12.42,12.64,0.28,
108,2025-03-19 03:00:00,1.21,0.0,0.0,0.0,80.59,11.75,12.32,12.77,0.28,
108,2025-03-19 04:00:00,1.21,0.0,0.0,0.0,79.87,12.08,12.42,12.67,0.29,
108,2025-03-19 05:00:00,2.41,0.08,0.0,0.0,83.68,11.56,12.01,12.3,0.23,
108,2025-03-19 06:00:00,3.62,0.62,0.0,0.0,87.8,10.9,11.11,11.37,0.16,
108,2025-03-19 07:00:00,2.41,0.08,0.0,0.0,88.68,10.91,10.98,11.03,0.15,
108,2025-03-19 08:00:00,0.0,0.0,12.28,0.0,87.36,9.36,10.04,10.63,0.16,
108,2025-03-19 09:00:00,0.0,0.0,144.77,0.0,88.98,9.37,10.8,12.42,0.14,
108,2025-03-19 10:00:00,3.62,0.11,356.21,0.0,78.94,13.74,15.05,16.14,0.36,
108,2025-03-19 11:00:00,8.45,0.63,545.28,0.0,68.72,16.96,17.45,17.93,0.63,
108,2025-03-19 12:00:00,9.66,2.04,738.74,0.0,63.18,18.54,19.5,20.28,0.84,
108,2025-03-19 13:00:00,9.66,1.54,843.15,0.0,55.78,21.57,22.35,23.32,1.2,
108,2025-03-19 14:00:00,14.48,2.46,881.31,0.0,49.38,23.91,24.32,25.22,1.54,
108,2025-03-19 15:00:00,10.86,2.82,881.75,0.0,46.99,25.37,25.95,26.63,1.78,
108,2025-03-19 16:00:00,10.86,1.6,837.01,0.0,43.41,27.23,27.53,27.74,2.08,
108,2025-03-19 17:00:00,9.66,1.37,730.41,0.0,40.78,27.55,28.16,28.85,2.26,
108,2025-03-19 18:00:00,8.45,0.47,577.31,0.0,42.62,28.16,28.52,28.83,2.24,
108,2025-03-19 19:00:00,3.62,0.09,344.37,0.0,44.71,27.59,27.81,28.16,2.07,
108,2025-03-19 20:00:00,1.21,0.02,124.15,0.0,55.36,22.38,24.67,27.39,1.41,
108,2025-03-19 21:00:00,0.0,0.0,0.0,0.0,65.79,18.83,19.63,20.4,0.78,
108,2025-03-19 22:00:00,8.45,2.31,0.0,0.0,67.98,16.99,17.52,18.31,0.65,
108,2025-03-19 23:00:00,2.41,0.06,0.0,0.0,73.92,14.93,15.41,16.14,0.46,
108,2025-03-20 00:00:00,0.0,0.0,0.0,0.0,79.68,13.07,13.65,14.48,0.32,
108,2025-03-20 01:00:00,2.41,0.02,0.0,0.0,82.55,12.02,12.29,12.51,0.25,
108,2025-03-20 02:00:00,1.21,0.0,0.0,0.0,82.19,11.4,11.85,12.1,0.25,
108,2025-03-20 03:00:00,1.21,0.0,0.0,0.0,84.03,10.75,10.85,10.95,0.21,
108,2025-03-20 04:00:00,3.62,0.08,0.0,0.0,85.47,9.97,10.24,10.63,0.18,
108,2025-03-20 05:00:00,0.0,0.0,0.0,0.0,87.13,9.15,9.42,9.57,0.15,
108,2025-03-20 06:00:00,0.0,0.0,0.0,0.0,88.52,8.22,8.57,8.87,0.13,
108,2025-03-20 07:00:00,0.0,0.0,0.0,0.0,89.67,8.11,8.35,8.5,0.11,
108,2025-03-20 08:00:00,0.0,0.0,2.63,0.0,90.06,7.57,7.82,8.01,0.11,
108,2025-03-20 09:00:00,0.0,0.0,117.57,0.0,90.69,7.7,9.17,11.1,0.11,
108,2025-03-20 10:00:00,3.62,0.15,347.44,0.0,86.34,12.25,13.9,15.03,0.22,
108,2025-03-20 11:00:00,14.48,2.61,364.55,0.0,80.61,15.2,15.56,15.97,0.35,
108,2025-03-20 12:00:00,15.69,4.24,769.01,0.0,75.52,16.16,16.72,17.5,0.47,
108,2025-03-20 13:00:00,12.07,1.12,820.78,0.0,65.31,18.61,19.66,21.05,0.8,
108,2025-03-20 14:00:00,8.45,0.6,872.54,0.0,58.48,21.52,22.38,23.21,1.13,
108,2025-03-20 15:00:00,9.66,1.06,865.96,0.0,52.83,23.24,24.31,25.46,1.44,
108,2025-03-20 16:00:00,9.66,1.09,825.6,0.0,49.75,25.08,25.95,26.54,1.69,
108,2025-03-20 17:00:00,8.45,1.12,724.7,0.0,45.62,26.21,26.69,27.18,1.91,
108,2025-03-20 18:00:00,8.45,0.45,529.05,0.0,45.85,26.78,27.15,27.48,1.95,
108,2025-03-20 19:00:00,6.04,0.2,341.3,0.0,48.27,26.38,26.53,26.64,1.8,
108,2025-03-20 20:00:00,3.62,0.08,126.78,0.0,53.66,23.29,24.71,25.97,1.45,
108,2025-03-20 21:00:00,0.0,0.0,0.0,0.0,69.83,19.08,20.52,22.49,0.74,
108,2025-03-20 22:00:00,4.83,0.3,0.0,0.0,75.13,18.0,18.31,18.74,0.53,
108,2025-03-20 23:00:00,4.83,0.65,0.0,0.0,75.14,17.62,18.05,18.41,0.52,
108,2025-03-21 00:00:00,4.83,0.89,0.0,0.0,77.03,16.89,17.28,17.49,0.45,
108,2025-03-21 01:00:00,0.0,0.0,0.0,0.0,80.73,15.03,16.09,16.8,0.36,
108,2025-03-21 02:00:00,0.0,0.0,0.0,0.0,84.95,13.89,14.41,14.81,0.25,
108,2025-03-21 03:00:00,3.62,0.05,0.0,0.0,87.66,14.03,14.96,15.79,0.21,
108,2025-03-21 04:00:00,7.24,1.24,0.0,0.0,87.13,15.27,15.52,15.75,0.23,
108,2025-03-21 05:00:00,6.04,0.48,0.0,0.0,87.82,15.04,15.18,15.38,0.21,
108,2025-03-21 06:00:00,6.04,0.39,0.0,0.0,89.77,14.54,14.67,14.89,0.17,
108,2025-03-21 07:00:00,8.45,0.48,0.0,0.0,91.52,14.24,14.43,14.87,0.14,
108,2025-03-21 08:00:00,6.04,0.09,0.0,0.0,90.85,15.21,15.58,15.79,0.16,
108,2025-03-21 09:00:00,9.66,0.44,42.55,0.0,89.14,15.76,15.91,16.03,0.2,
108,2025-03-21 10:00:00,7.24,0.41,107.48,0.0,86.76,16.1,16.42,16.66,0.25,
108,2025-03-21 11:00:00,7.24,0.33,210.13,0.0,83.93,16.9,17.32,17.79,0.32,
108,2025-03-21 12:00:00,7.24,0.5,703.21,0.0,76.35,18.46,19.77,21.28,0.55,
108,2025-03-21 13:00:00,12.07,0.72,813.76,0.0,67.05,21.5,22.66,23.83,0.92,
108,2025-03-21 14:00:00,12.07,1.54,849.29,0.0,59.48,24.16,25.03,25.87,1.29,
108,2025-03-21 15:00:00,13.28,2.15,847.54,0.0,53.8,26.26,26.89,27.5,1.64,
108,2025-03-21 16:00:00,13.28,1.22,813.32,0.0,46.22,27.74,28.16,28.62,2.06,
108,2025-03-21 17:00:00,9.66,1.03,685.66,0.0,45.13,28.33,28.52,28.73,2.14,
108,2025-03-21 18:00:00,10.86,0.89,547.92,0.0,42.69,27.98,28.5,28.87,2.23,
108,2025-03-21 19:00:00,4.83,0.41,353.14,0.0,45.63,26.9,27.24,27.55,1.97,
108,2025-03-21 20:00:00,3.62,0.09,22.37,0.0,54.48,23.5,24.93,26.11,1.45,
108,2025-03-21 21:00:00,1.21,0.02,0.0,0.0,65.45,20.45,21.59,22.33,0.89,
108,2025-03-21 22:00:00,4.83,1.16,0.0,0.0,72.67,19.0,19.32,19.72,0.62,
108,2025-03-21 23:00:00,6.04,1.22,0.0,0.0,74.53,18.41,18.68,18.86,0.55,
108,2025-03-22 00:00:00,6.04,1.13,0.0,0.0,73.76,17.49,17.72,17.89,0.53,
108,2025-03-22 01:00:00,4.83,0.84,0.0,0.0,78.0,16.04,16.37,16.97,0.41,
108,2025-03-22 02:00:00,4.83,0.44,0.0,0.0,79.97,15.85,15.96,16.19,0.37,
108,2025-03-22 03:00:00,4.83,0.08,0.0,0.0,81.52,15.02,15.31,15.72,0.32,
108,2025-03-22 04:00:00,6.04,0.71,0.0,0.0,84.84,13.88,14.15,14.33,0.25,
108,2025-03-22 05:00:00,7.24,1.63,0.0,0.0,86.41,13.09,13.33,13.62,0.21,
108,2025-03-22 06:00:00,10.86,1.8,0.0,0.0,85.93,12.64,12.86,13.02,0.21,
108,2025-03-22 07:00:00,2.41,0.06,0.0,0.0,86.69,11.39,11.94,12.4,0.18,
108,2025-03-22 08:00:00,4.83,0.88,0.88,0.0,89.27,10.92,10.97,10.99,0.14,
108,2025-03-22 09:00:00,6.04,0.86,68.87,0.0,86.96,11.13,11.95,12.79,0.18,
108,2025-03-22 10:00:00,8.45,0.6,336.91,0.0,78.55,13.3,13.99,14.81,0.35,
108,2025-03-22 11:00:00,13.28,1.75,519.4,0.0,72.44,14.99,16.0,16.75,0.5,
108,2025-03-22 12:00:00,9.66,1.43,707.6,0.0,65.97,17.45,18.23,19.49,0.72,
108,2025-03-22 13:00:00,14.48,3.15,808.49,0.0,59.95,18.91,20.26,21.11,0.96,
108,2025-03-22 14:00:00,12.07,2.36,852.36,0.0,51.88,21.84,22.35,22.95,1.3,
108,2025-03-22 15:00:00,13.28,1.81,854.55,0.0,47.62,23.38,24.09,24.46,1.57,
108,2025-03-22 16:00:00,10.86,1.62,807.18,0.0,44.41,24.9,25.22,25.52,1.78,
108,2025-03-22 17:00:00,12.07,1.13,706.28,0.0,42.77,25.64,25.75,25.86,1.9,
108,2025-03-22 18:00:00,8.45,1.07,555.81,0.0,42.19,25.09,25.4,25.74,1.88,
108,2025-03-22 19:00:00,8.45,0.44,321.55,0.0,43.84,23.87,24.48,25.01,1.73,
108,2025-03-22 20:00:00,0.0,0.0,102.65,0.0,51.66,20.08,21.75,23.36,1.27,
108,2025-03-22 21:00:00,1.21,0.0,0.0,0.0,61.45,17.89,18.33,18.98,0.81,
108,2025-03-22 22:00:00,3.62,0.09,0.0,0.0,62.72,17.22,17.42,17.56,0.74,
108,2025-03-22 23:00:00,3.62,0.12,0.0,0.0,62.55,16.34,16.85,17.29,0.72,
108,2025-03-23 00:00:00,1.21,0.0,0.0,0.0,69.05,14.41,15.34,16.11,0.54,
108,2025-03-23 01:00:00,6.04,0.66,0.0,0.0,78.2,12.47,12.82,13.41,0.33,
108,2025-03-23 02:00:00,12.07,3.09,0.0,0.0,78.39,12.54,12.68,12.83,0.32,
108,2025-03-23 03:00:00,7.24,0.41,0.0,0.0,79.95,11.01,11.67,12.48,0.28,
108,2025-03-23 04:00:00,1.21,0.0,0.0,0.0,84.53,9.71,10.03,10.47,0.19,
108,2025-03-23 05:00:00,2.41,0.02,0.0,0.0,85.91,8.39,8.79,9.07,0.16,
108,2025-03-23 06:00:00,0.0,0.0,0.0,0.0,86.5,7.9,8.1,8.31,0.15,
108,2025-03-23 07:00:00,0.0,0.0,0.0,0.0,87.59,7.09,7.31,7.7,0.13,
108,2025-03-23 08:00:00,0.0,0.0,1.75,0.0,89.36,6.31,6.66,7.11,0.1,
108,2025-03-23 09:00:00,0.0,0.0,104.41,0.0,90.57,6.42,7.18,8.32,0.1,
108,2025-03-23 10:00:00,0.0,0.0,302.25,0.0,84.74,9.84,11.15,12.13,0.21,
108,2025-03-23 11:00:00,8.45,1.03,533.88,0.0,73.45,12.74,13.61,14.13,0.42,
108,2025-03-23 12:00:00,6.04,0.89,686.1,0.0,64.84,14.89,16.06,17.27,0.65,
108,2025-03-23 13:00:00,8.45,1.07,796.21,0.0,58.86,17.16,18.51,19.7,0.88,
108,2025-03-23 14:00:00,12.07,1.13,846.66,0.0,52.75,20.34,20.79,21.22,1.16,
108,2025-03-23 15:00:00,9.66,1.0,845.34,0.0,46.71,22.04,22.61,23.57,1.47,
108,2025-03-23 16:00:00,3.62,0.51,797.96,0.0,38.44,23.94,24.08,24.18,1.85,
108,2025-03-23 17:00:00,4.83,0.74,696.63,0.0,35.51,24.49,24.61,24.77,2.0,
108,2025-03-23 18:00:00,8.45,1.86,514.58,0.0,35.8,23.76,24.07,24.29,1.92,
108,2025-03-23 19:00:00,7.24,1.06,322.87,0.0,39.71,21.33,22.46,23.26,1.65,
108,2025-03-23 20:00:00,3.62,0.03,25.88,0.0,50.85,18.41,19.26,20.17,1.1,
108,2025-03-23 21:00:00,0.0,0.0,0.0,0.0,59.83,15.55,16.67,18.03,0.77,
108,2025-03-23 22:00:00,0.0,0.0,0.0,0.0,54.67,15.14,16.38,17.14,0.85,
108,2025-03-23 23:00:00,4.83,0.35,0.0,0.0,59.65,13.95,14.79,15.49,0.68,
108,2025-03-24 00:00:00,2.41,0.03,0.0,0.0,71.26,11.57,13.06,14.14,0.44,
108,2025-03-24 01:00:00,4.83,0.17,0.0,0.0,76.15,10.84,11.26,11.68,0.32,
108,2025-03-24 02:00:00,3.62,0.12,0.0,0.0,80.13,10.6,11.07,11.49,0.26,
108,2025-03-24 03:00:00,0.0,0.0,0.0,0.0,83.41,9.61,9.87,10.18,0.2,
108,2025-03-24 04:00:00,1.21,0.0,0.0,0.0,85.49,8.78,9.19,9.4,0.17,
108,2025-03-24 05:00:00,0.0,0.0,0.0,0.0,86.45,8.45,8.83,9.22,0.15,
108,2025-03-24 06:00:00,0.0,0.0,0.0,0.0,87.31,7.27,7.72,8.19,0.14,
108,2025-03-24 07:00:00,0.0,0.0,0.0,0.0,89.81,7.25,7.63,7.89,0.11,
108,2025-03-24 08:00:00,0.0,0.0,6.58,0.0,89.3,7.28,7.48,7.72,0.11,
108,2025-03-24 09:00:00,0.0,0.0,85.1,0.0,89.37,7.09,7.81,8.97,0.11,
108,2025-03-24 10:00:00,6.04,0.41,329.89,0.0,84.43,10.01,11.72,13.2,0.22,
108,2025-03-24 11:00:00,7.24,1.63,515.45,0.0,73.86,13.48,14.76,16.01,0.44,
108,2025-03-24 12:00:00,7.24,1.1,676.45,0.0,63.35,16.49,17.81,19.29,0.76,
108,2025-03-24 13:00:00,8.45,2.26,804.54,0.0,54.31,19.15,19.89,20.83,1.06,
108,2025-03-24 14:00:00,8.45,0.89,840.08,0.0,43.88,21.32,22.17,22.8,1.51,
108,2025-03-24 15:00:00,9.66,1.51,838.32,0.0,39.33,22.66,23.47,24.16,1.75,
108,2025-03-24 16:00:00,7.24,1.0,802.79,0.0,35.4,24.39,24.9,25.12,2.04,
108,2025-03-24 17:00:00,8.45,0.89,678.2,0.0,32.21,25.24,25.48,25.84,2.21,
108,2025-03-24 18:00:00,3.62,0.24,523.35,0.0,32.83,25.3,25.9,26.18,2.25,
108,2025-03-24 19:00:00,1.21,0.02,332.52,0.0,44.41,23.81,24.57,25.39,1.72,
108,2025-03-24 20:00:00,0.0,0.0,116.25,0.0,62.77,19.01,21.02,22.93,0.94,
108,2025-03-24 21:00:00,3.62,0.06,0.0,0.0,69.49,15.37,16.32,18.0,0.57,
108,2025-03-24 22:00:00,6.04,0.29,0.0,0.0,71.93,14.0,14.52,15.4,0.47,
108,2025-03-24 23:00:00,4.83,1.25,0.0,0.0,68.31,13.96,14.45,15.11,0.53,
108,2025-03-25 00:00:00,0.0,0.0,0.0,0.0,76.98,11.89,12.67,13.88,0.34,
108,2025-03-25 01:00:00,0.0,0.0,0.0,0.0,81.05,10.73,11.07,11.42,0.25,
108,2025-03-25 02:00:00,0.0,0.0,0.0,0.0,82.76,9.9,10.14,10.39,0.22,
108,2025-03-25 03:00:00,0.0,0.0,0.0,0.0,84.45,8.83,9.09,9.46,0.18,
108,2025-03-25 04:00:00,0.0,0.0,0.0,0.0,86.12,8.35,8.6,8.77,0.16,
108,2025-03-25 05:00:00,0.0,0.0,0.0,0.0,87.41,7.87,8.06,8.31,0.14,
108,2025-03-25 06:00:00,0.0,0.0,0.0,0.0,88.2,8.14,8.26,8.4,0.13,
108,2025-03-25 07:00:00,0.0,0.0,0.0,0.0,89.43,8.08,8.31,8.47,0.12,
108,2025-03-25 08:00:00,0.0,0.0,0.0,0.0,89.9,8.04,8.16,8.25,0.11,
108,2025-03-25 09:00:00,0.0,0.0,117.13,0.0,91.47,8.39,9.59,10.99,0.1,
108,2025-03-25 10:00:00,8.45,0.8,330.33,0.0,85.84,11.8,12.96,14.2,0.21,
108,2025-03-25 11:00:00,8.45,1.62,616.35,0.0,73.92,14.71,15.53,16.79,0.47,
108,2025-03-25 12:00:00,7.24,1.44,651.88,0.0,64.29,17.38,18.01,18.34,0.74,
108,2025-03-25 13:00:00,12.07,2.14,882.63,0.0,60.45,17.72,19.19,19.94,0.89,
108,2025-03-25 14:00:00,9.66,2.81,852.8,0.0,53.73,20.1,21.2,22.15,1.17,
108,2025-03-25 15:00:00,10.86,1.46,876.49,0.0,49.99,22.43,22.91,23.08,1.4,
108,2025-03-25 16:00:00,14.48,4.5,856.31,0.0,52.56,22.9,23.38,24.15,1.37,
108,2025-03-25 17:00:00,8.45,1.69,729.97,0.0,52.11,23.49,24.03,24.5,1.43,
108,2025-03-25 18:00:00,20.52,8.83,569.85,0.0,56.69,20.94,22.04,24.04,1.16,
108,2025-03-25 19:00:00,22.93,8.24,325.06,0.0,62.38,19.01,19.53,20.26,0.86,
108,2025-03-25 20:00:00,8.45,1.27,64.93,0.0,66.12,17.31,18.3,18.86,0.72,
108,2025-03-25 21:00:00,4.83,0.42,0.0,0.0,72.89,16.48,16.86,17.04,0.52,
108,2025-03-25 22:00:00,3.62,0.02,0.0,0.0,77.86,15.14,15.5,16.16,0.39,
108,2025-03-25 23:00:00,0.0,0.0,0.0,0.0,81.57,14.17,14.43,14.71,0.3,
108,2025-03-26 00:00:00,0.0,0.0,0.0,0.0,83.0,13.54,13.99,14.45,0.27,
108,2025-03-26 01:00:00,1.21,0.0,0.0,0.0,84.66,12.89,13.13,13.44,0.23,
108,2025-03-26 02:00:00,0.0,0.0,0.0,0.0,86.65,12.46,12.58,12.7,0.19,
108,2025-03-26 03:00:00,0.0,0.0,0.0,0.0,85.83,11.35,12.02,12.74,0.2,
108,2025-03-26 04:00:00,0.0,0.0,0.0,0.0,87.69,10.29,10.67,10.82,0.16,
108,2025-03-26 05:00:00,0.0,0.0,0.0,0.0,90.78,10.07,10.27,10.5,0.12,
108,2025-03-26 06:00:00,2.41,0.02,0.0,0.0,91.2,9.65,9.97,10.25,0.11,
108,2025-03-26 07:00:00,8.45,0.3,0.0,0.0,92.09,8.91,9.47,9.78,0.09,
108,2025-03-26 08:00:00,4.83,0.09,7.9,0.0,92.76,8.74,9.26,9.98,0.09,
108,2025-03-26 09:00:00,3.62,0.06,88.61,0.0,92.87,8.68,9.37,10.63,0.08,
108,2025-03-26 10:00:00,13.28,3.93,284.71,0.0,87.6,11.61,12.96,14.47,0.19,
108,2025-03-26 11:00:00,14.48,4.38,512.82,0.0,72.92,15.44,17.21,18.95,0.54,
108,2025-03-26 12:00:00,12.07,3.13,666.36,0.0,63.23,19.12,19.58,19.83,0.84,
108,2025-03-26 13:00:00,15.69,3.97,773.4,0.0,58.3,20.07,20.78,21.5,1.03,
108,2025-03-26 14:00:00,14.48,4.0,816.39,0.0,53.85,21.93,22.14,22.22,1.23,
108,2025-03-26 15:00:00,8.45,0.98,821.65,0.0,46.73,23.43,24.1,24.53,1.6,
108,2025-03-26 16:00:00,10.86,1.95,780.42,0.0,42.24,24.84,25.13,25.43,1.85,
108,2025-03-26 17:00:00,12.07,2.85,677.33,0.0,40.92,24.74,25.12,25.6,1.88,
108,2025-03-26 18:00:00,6.04,0.88,539.14,0.0,36.51,24.71,25.52,26.25,2.08,
108,2025-03-26 19:00:00,2.41,0.03,338.66,0.0,47.76,22.87,24.2,25.12,1.59,
108,2025-03-26 20:00:00,0.0,0.0,61.85,0.0,60.86,18.52,20.64,22.4,0.96,
108,2025-03-26 21:00:00,0.0,0.0,0.0,0.0,70.03,15.44,16.47,17.66,0.57,
108,2025-03-26 22:00:00,8.45,2.43,0.0,0.0,65.94,16.13,17.05,17.68,0.67,
108,2025-03-26 23:00:00,1.21,0.0,0.0,0.0,72.53,15.02,15.85,16.59,0.5,
108,2025-03-27 00:00:00,2.41,0.15,0.0,0.0,78.29,13.58,13.84,14.1,0.34,
108,2025-03-27 01:00:00,3.62,0.24,0.0,0.0,79.0,12.3,12.77,13.52,0.31,
108,2025-03-27 02:00:00,3.62,0.32,0.0,0.0,80.07,10.78,11.68,12.33,0.28,
108,2025-03-27 03:00:00,1.21,0.0,0.0,0.0,83.38,10.19,10.5,10.94,0.21,
108,2025-03-27 04:00:00,0.0,0.0,0.0,0.0,85.35,9.8,10.01,10.11,0.18,
108,2025-03-27 05:00:00,0.0,0.0,0.0,0.0,87.18,9.45,9.7,9.94,0.16,
108,2025-03-27 06:00:00,0.0,0.0,0.0,0.0,87.95,8.84,9.12,9.37,0.14,
108,2025-03-27 07:00:00,0.0,0.0,0.0,0.0,88.73,8.31,8.58,8.94,0.13,
108,2025-03-27 08:00:00,0.0,0.0,0.0,0.0,89.73,8.42,8.56,8.64,0.12,
108,2025-03-27 09:00:00,0.0,0.0,83.79,0.0,90.62,8.66,9.52,10.73,0.11,
108,2025-03-27 10:00:00,7.24,0.48,265.4,0.0,86.11,11.18,12.48,13.82,0.2,
108,2025-03-27 11:00:00,7.24,1.36,455.35,0.0,74.33,14.76,15.71,16.24,0.46,
108,2025-03-27 12:00:00,8.45,1.3,637.85,0.0,67.37,16.77,17.69,18.34,0.66,
108,2025-03-27 13:00:00,12.07,3.09,825.6,0.0,61.46,19.04,19.59,20.26,0.88,
108,2025-03-27 14:00:00,14.48,4.68,865.96,0.0,55.17,20.79,21.23,21.61,1.13,
108,2025-03-27 15:00:00,15.69,4.51,840.08,0.0,51.97,21.64,21.92,22.26,1.26,
108,2025-03-27 16:00:00,14.48,5.09,1026.52,0.0,47.23,22.4,22.86,23.32,1.47,
108,2025-03-27 17:00:00,14.48,3.92,613.72,0.0,42.04,23.0,23.25,23.55,1.66,
108,2025-03-27 18:00:00,14.48,3.73,575.55,0.0,40.83,22.95,23.37,23.8,1.7,
108,2025-03-27 19:00:00,10.86,2.13,232.06,0.0,43.56,21.61,21.89,22.31,1.48,
108,2025-03-27 20:00:00,15.69,5.19,100.02,0.0,53.79,18.84,20.05,21.52,1.09,
108,2025-03-27 21:00:00,18.11,5.21,0.0,0.0,67.35,15.96,17.1,18.31,0.64,
108,2025-03-27 22:00:00,6.04,0.97,0.0,0.0,76.25,14.07,14.76,15.54,0.4,
108,2025-03-27 23:00:00,3.62,0.12,0.0,0.0,80.92,12.33,12.96,13.74,0.29,
108,2025-03-28 00:00:00,0.0,0.0,0.0,0.0,83.19,11.27,11.57,12.05,0.23,
108,2025-03-28 01:00:00,1.21,0.02,0.0,0.0,86.42,10.67,10.98,11.35,0.18,
108,2025-03-28 02:00:00,0.0,0.0,0.0,0.0,87.07,9.56,10.07,10.48,0.16,
108,2025-03-28 03:00:00,0.0,0.0,0.0,0.0,88.05,9.15,9.36,9.67,0.14,
108,2025-03-28 04:00:00,0.0,0.0,0.0,0.0,88.75,8.39,8.93,9.35,0.13,
108,2025-03-28 05:00:00,0.0,0.0,0.0,0.0,90.74,7.99,8.19,8.59,0.1,
108,2025-03-28 06:00:00,0.0,0.0,0.0,0.0,92.1,7.53,7.82,8.11,0.08,
108,2025-03-28 07:00:00,0.0,0.0,0.0,0.0,92.12,6.59,7.06,7.56,0.08,
108,2025-03-28 08:00:00,0.0,0.0,7.02,0.0,92.11,6.09,6.48,6.86,0.08,
108,2025-03-28 09:00:00,0.0,0.0,59.66,0.0,93.67,6.32,7.41,8.43,0.07,
108,2025-03-28 10:00:00,6.04,0.83,187.32,0.0,94.93,9.11,10.14,11.33,0.06,
108,2025-03-28 11:00:00,7.24,0.54,554.06,0.0,85.89,11.92,13.54,15.16,0.23,
108,2025-03-28 12:00:00,7.24,1.18,678.2,0.0,69.17,16.06,17.31,18.24,0.61,
108,2025-03-28 13:00:00,9.66,2.05,776.47,0.0,59.17,19.27,19.91,20.59,0.95,
108,2025-03-28 14:00:00,12.07,2.87,821.65,0.0,53.17,21.18,21.86,22.71,1.23,
108,2025-03-28 15:00:00,9.66,1.07,718.56,0.0,47.61,22.8,23.04,23.19,1.48,
108,2025-03-28 16:00:00,10.86,2.84,665.92,0.0,45.39,23.15,23.36,23.63,1.57,
108,2025-03-28 17:00:00,10.86,0.8,659.34,0.0,48.07,22.67,23.07,23.46,1.47,
108,2025-03-28 18:00:00,4.83,0.33,411.05,0.0,47.15,22.28,22.61,22.9,1.45,
108,2025-03-28 19:00:00,4.83,0.09,150.47,0.0,58.34,20.11,21.03,21.93,1.05,
108,2025-03-28 20:00:00,0.0,0.0,88.61,0.0,60.6,16.54,18.59,20.0,0.86,
108,2025-03-28 21:00:00,0.0,0.0,0.0,0.0,72.6,13.72,14.87,16.13,0.47,
108,2025-03-28 22:00:00,0.0,0.0,0.0,0.0,79.16,11.74,12.31,12.85,0.3,
108,2025-03-28 23:00:00,2.41,0.12,0.0,0.0,81.89,10.56,10.93,11.35,0.24,
108,2025-03-29 00:00:00,2.41,0.05,0.0,0.0,81.25,9.97,10.54,11.15,0.24,
108,2025-03-29 01:00:00,0.0,0.0,0.0,0.0,84.23,9.78,9.9,10.02,0.19,
108,2025-03-29 02:00:00,0.0,0.0,0.0,0.0,85.36,8.94,9.38,9.83,0.17,
108,2025-03-29 03:00:00,0.0,0.0,0.0,0.0,86.33,7.77,8.25,8.59,0.15,
108,2025-03-29 04:00:00,0.0,0.0,0.0,0.0,87.71,7.32,7.85,8.14,0.13,
108,2025-03-29 05:00:00,0.0,0.0,0.0,0.0,88.71,6.76,6.89,7.09,0.12,
108,2025-03-29 06:00:00,0.0,0.0,0.0,0.0,89.5,6.78,6.91,7.09,0.1,
108,2025-03-29 07:00:00,3.62,0.08,0.0,0.0,90.93,7.44,7.77,8.08,0.1,
108,2025-03-29 08:00:00,0.0,0.0,0.0,0.0,90.89,8.15,8.29,8.47,0.1,
108,2025-03-29 09:00:00,6.04,0.94,80.28,0.0,91.14,8.98,9.75,10.57,0.11,
108,2025-03-29 10:00:00,7.24,1.47,343.93,0.0,84.29,11.46,13.12,14.95,0.24,
108,2025-03-29 11:00:00,12.07,3.32,399.64,0.0,72.29,15.34,16.22,17.29,0.51,
108,2025-03-29 12:00:00,9.66,2.43,531.25,0.0,64.83,18.0,18.91,19.91,0.77,
108,2025-03-29 13:00:00,14.48,4.69,626.0,0.0,58.14,20.43,20.77,21.41,1.03,
108,2025-03-29 14:00:00,15.69,5.33,651.44,0.0,53.12,21.5,21.76,21.97,1.23,
108,2025-03-29 15:00:00,18.11,7.38,543.97,0.0,47.91,21.97,22.47,23.12,1.42,
108,2025-03-29 16:00:00,16.9,8.25,729.09,0.0,47.05,22.38,22.66,22.78,1.46,
108,2025-03-29 17:00:00,16.9,5.86,286.9,0.0,51.41,21.46,21.96,22.46,1.28,
108,2025-03-29 18:00:00,19.31,4.6,117.13,0.0,58.71,19.92,20.37,21.16,0.99,
108,2025-03-29 19:00:00,18.11,6.61,49.57,0.0,61.89,18.59,19.07,19.67,0.85,
108,2025-03-29 20:00:00,15.69,1.54,13.6,0.0,65.52,17.13,17.81,18.35,0.71,
108,2025-03-29 21:00:00,3.62,0.08,0.0,0.0,72.3,16.19,16.37,16.51,0.52,
108,2025-03-29 22:00:00,12.07,2.11,0.0,0.0,71.87,16.31,16.47,16.62,0.53,
108,2025-03-29 23:00:00,8.45,1.04,0.0,0.0,73.87,16.11,16.28,16.48,0.49,
108,2025-03-30 00:00:00,8.45,1.34,0.0,2.79,81.53,14.74,15.31,16.11,0.33,
108,2025-03-30 01:00:00,9.66,1.55,0.0,7.87,90.21,14.24,14.35,14.51,0.16,
108,2025-03-30 02:00:00,14.48,2.05,0.0,1.27,92.25,14.2,14.23,14.28,0.13,
108,2025-03-30 03:00:00,9.66,1.51,0.0,2.29,93.28,14.07,14.11,14.13,0.11,
108,2025-03-30 04:00:00,6.04,0.39,0.0,1.52,94.25,13.64,13.93,14.16,0.09,
108,2025-03-30 05:00:00,3.62,0.06,0.0,1.01,94.32,13.6,13.63,13.64,0.09,
108,2025-03-30 06:00:00,10.86,1.13,0.0,0.25,94.67,13.45,13.54,13.64,0.08,
108,2025-03-30 07:00:00,7.24,0.63,0.0,0.0,92.99,12.55,12.92,13.33,0.1,
108,2025-03-30 08:00:00,7.24,1.04,6.14,0.0,92.18,11.3,11.63,12.25,0.11,
108,2025-03-30 09:00:00,8.45,1.96,158.36,0.25,92.65,10.95,11.18,11.53,0.1,
108,2025-03-30 10:00:00,12.07,2.78,368.93,0.0,89.45,12.05,12.36,12.71,0.15,
108,2025-03-30 11:00:00,12.07,1.34,523.79,0.0,82.05,13.13,13.58,13.96,0.28,
108,2025-03-30 12:00:00,14.48,3.21,745.76,0.0,72.76,14.28,14.76,15.16,0.46,
108,2025-03-30 13:00:00,14.48,2.55,898.42,0.0,63.4,15.86,16.24,16.59,0.68,
108,2025-03-30 14:00:00,15.69,2.41,908.95,0.0,55.34,16.77,17.16,17.59,0.87,
108,2025-03-30 15:00:00,20.52,3.79,848.85,0.0,51.6,17.64,17.98,18.32,1.0,
108,2025-03-30 16:00:00,19.31,2.69,849.29,0.0,50.28,18.21,18.34,18.44,1.05,
108,2025-03-30 17:00:00,16.9,1.33,671.19,0.0,46.13,18.61,18.73,18.93,1.16,
108,2025-03-30 18:00:00,12.07,1.54,540.46,0.0,47.08,18.28,18.47,18.73,1.13,
108,2025-03-30 19:00:00,4.83,0.21,287.34,0.0,49.47,16.93,17.41,17.82,1.01,
108,2025-03-30 20:00:00,1.21,0.0,61.42,0.0,62.38,13.4,14.83,16.21,0.64,
108,2025-03-30 21:00:00,0.0,0.0,0.0,0.0,75.63,10.85,11.64,12.32,0.34,
108,2025-03-30 22:00:00,2.41,0.03,0.0,0.0,76.29,10.63,10.93,11.19,0.31,
108,2025-03-30 23:00:00,3.62,0.15,0.0,0.0,80.65,10.9,11.05,11.19,0.26,
108,2025-03-31 00:00:00,0.0,0.0,0.0,0.0,85.91,10.3,10.39,10.47,0.18,
108,2025-03-31 01:00:00,6.04,0.74,0.0,0.0,87.5,9.53,9.66,10.02,0.15,
108,2025-03-31 02:00:00,4.83,0.09,0.0,0.0,88.11,8.6,8.95,9.33,0.14,
108,2025-03-31 03:00:00,0.0,0.0,0.0,0.0,88.54,8.36,8.39,8.45,0.13,
108,2025-03-31 04:00:00,1.21,0.0,0.0,0.0,88.56,6.94,7.72,8.27,0.12,
108,2025-03-31 05:00:00,0.0,0.0,0.0,0.0,89.85,6.21,6.55,6.79,0.1,
108,2025-03-31 06:00:00,0.0,0.0,0.0,0.0,91.34,6.25,6.39,6.68,0.08,
108,2025-03-31 07:00:00,6.04,0.03,0.0,0.0,91.82,6.54,7.01,7.31,0.08,
108,2025-03-31 08:00:00,3.62,0.02,4.83,0.0,90.44,6.69,7.0,7.21,0.1,
108,2025-03-31 09:00:00,3.62,0.14,103.97,0.0,90.62,6.6,7.15,8.04,0.1,
108,2025-03-31 10:00:00,4.83,0.14,382.97,0.0,83.2,8.87,9.78,10.77,0.2,
108,2025-03-31 11:00:00,9.66,2.46,584.33,0.0,70.59,11.52,12.34,13.13,0.43,
108,2025-03-31 12:00:00,9.66,2.7,723.39,0.0,60.23,13.47,14.33,15.21,0.65,
108,2025-03-31 13:00:00,14.48,2.61,820.78,0.0,54.67,15.85,16.52,16.89,0.85,
108,2025-03-31 14:00:00,13.28,2.52,851.48,0.0,48.06,17.75,18.37,19.04,1.1,
108,2025-03-31 15:00:00,12.07,2.43,851.92,0.0,45.18,18.95,19.41,19.74,1.24,
108,2025-03-31 16:00:00,16.9,3.03,802.79,0.0,43.41,20.0,20.29,20.43,1.35,
108,2025-03-31 17:00:00,24.14,2.99,697.51,0.0,42.83,20.39,20.51,20.8,1.38,
108,2025-03-31 18:00:00,14.48,2.19,503.61,0.0,44.35,19.84,20.21,20.36,1.32,
108,2025-03-31 19:00:00,12.07,1.21,312.78,0.0,46.97,18.66,19.19,19.72,1.18,
108,2025-03-31 20:00:00,6.04,0.33,77.21,0.0,56.55,14.64,16.51,17.93,0.83,
108,2025-03-31 21:00:00,7.24,1.33,0.0,0.0,66.5,13.65,13.89,14.19,0.53,
108,2025-03-31 22:00:00,8.45,2.35,0.0,0.0,70.8,12.2,12.61,12.98,0.43,
108,2025-03-31 23:00:00,6.04,0.98,0.0,0.0,75.7,10.98,11.29,11.57,0.33,
108,2025-04-01 00:00:00,2.41,0.02,0.0,0.0,78.67,9.52,10.2,10.88,0.27,
108,2025-04-01 01:00:00,3.62,0.03,0.0,0.0,84.35,8.12,8.36,8.66,0.17,
108,2025-04-01 02:00:00,0.0,0.0,0.0,0.0,86.09,7.28,7.62,8.12,0.15,
108,2025-04-01 03:00:00,1.21,0.0,0.0,0.0,87.63,6.71,6.85,7.15,0.12,
108,2025-04-01 04:00:00,0.0,0.0,0.0,0.0,89.01,6.2,6.48,6.66,0.11,
108,2025-04-01 05:00:00,0.0,0.0,0.0,0.0,88.14,4.3,4.83,5.57,0.1,
108,2025-04-01 06:00:00,0.0,0.0,0.0,0.0,91.1,4.37,4.67,4.84,0.08,
108,2025-04-01 07:00:00,0.0,0.0,0.0,0.0,91.32,3.08,3.56,3.96,0.07,
108,2025-04-01 08:00:00,0.0,0.0,0.0,0.0,91.49,2.4,2.69,3.01,0.06,
108,2025-04-01 09:00:00,1.21,0.0,125.9,0.0,92.66,2.47,3.82,5.47,0.06,
108,2025-04-01 10:00:00,4.83,0.18,383.85,0.0,90.27,6.84,8.26,9.39,0.11,
108,2025-04-01 11:00:00,13.28,1.28,563.27,0.0,80.21,9.84,10.76,11.5,0.26,
108,2025-04-01 12:00:00,7.24,0.47,699.7,0.0,70.22,12.71,13.83,14.64,0.47,
108,2025-04-01 13:00:00,14.48,1.62,810.69,0.0,62.67,15.47,16.23,16.9,0.69,
108,2025-04-01 14:00:00,13.28,1.31,837.01,0.0,56.67,17.2,17.93,18.41,0.89,
108,2025-04-01 15:00:00,10.86,1.9,836.57,0.0,51.93,18.69,19.23,19.98,1.08,
108,2025-04-01 16:00:00,9.66,1.95,796.21,0.0,48.83,20.11,20.41,20.76,1.23,
108,2025-04-01 17:00:00,12.07,2.22,655.83,0.0,46.78,20.77,21.13,21.38,1.34,
108,2025-04-01 18:00:00,8.45,0.63,506.68,0.0,45.19,20.95,21.1,21.28,1.37,
108,2025-04-01 19:00:00,6.04,0.41,317.61,0.0,47.31,19.32,20.1,20.64,1.24,
108,2025-04-01 20:00:00,0.0,0.0,26.76,0.0,66.08,14.16,16.18,18.39,0.63,
108,2025-04-01 21:00:00,0.0,0.0,0.0,0.0,77.15,11.05,12.06,13.16,0.32,
108,2025-04-01 22:00:00,0.0,0.0,0.0,0.0,82.94,9.53,10.09,10.57,0.21,
108,2025-04-01 23:00:00,1.21,0.0,0.0,0.0,80.87,9.26,9.84,10.81,0.23,
108,2025-04-02 00:00:00,6.04,0.21,0.0,0.0,84.76,8.45,8.67,9.01,0.17,
108,2025-04-02 01:00:00,0.0,0.0,0.0,0.0,85.51,7.03,7.8,8.31,0.15,
108,2025-04-02 02:00:00,1.21,0.02,0.0,0.0,87.97,6.51,6.73,7.0,0.12,
108,2025-04-02 03:00:00,0.0,0.0,0.0,0.0,89.52,6.16,6.74,7.25,0.1,
108,2025-04-02 04:00:00,0.0,0.0,0.0,0.0,90.11,5.3,5.55,5.85,0.09,
108,2025-04-02 05:00:00,3.62,0.14,0.0,0.0,92.16,5.07,5.56,6.0,0.07,
108,2025-04-02 06:00:00,0.0,0.0,0.0,0.0,92.79,5.13,5.6,5.79,0.07,
108,2025-04-02 07:00:00,0.0,0.0,0.0,0.0,92.95,5.52,5.55,5.58,0.06,
108,2025-04-02 08:00:00,0.0,0.0,8.77,0.0,92.94,4.53,4.98,5.29,0.06,
108,2025-04-02 09:00:00,0.0,0.0,89.49,0.0,93.37,4.47,5.86,7.34,0.06,
108,2025-04-02 10:00:00,2.41,0.02,129.85,0.0,92.26,8.01,8.75,9.5,0.09,
108,2025-04-02 11:00:00,7.24,0.71,218.46,0.0,87.07,9.71,10.25,10.81,0.16,
108,2025-04-02 12:00:00,6.04,0.5,308.39,0.0,80.75,11.12,11.98,12.72,0.27,
108,2025-04-02 13:00:00,8.45,0.95,433.42,0.0,73.27,12.83,13.98,14.82,0.43,
108,2025-04-02 14:00:00,4.83,0.32,900.18,0.0,60.21,15.82,17.59,19.04,0.81,
108,2025-04-02 15:00:00,9.66,1.36,869.03,0.0,51.18,19.74,20.21,20.45,1.16,
108,2025-04-02 16:00:00,10.86,0.98,719.0,0.0,48.69,20.34,20.67,21.33,1.25,
108,2025-04-02 17:00:00,7.24,0.33,490.01,0.0,45.03,20.64,20.98,21.24,1.37,
108,2025-04-02 18:00:00,3.62,0.2,410.17,0.0,46.14,20.83,21.03,21.28,1.34,
108,2025-04-02 19:00:00,1.21,0.0,237.33,0.0,51.05,19.5,20.11,20.56,1.16,
108,2025-04-02 20:00:00,0.0,0.0,53.08,0.0,63.14,15.34,17.11,18.84,0.73,
108,2025-04-02 21:00:00,0.0,0.0,0.0,0.0,74.47,12.82,13.33,14.3,0.39,
108,2025-04-02 22:00:00,2.41,0.03,0.0,0.0,77.47,10.9,12.04,12.95,0.32,
108,2025-04-02 23:00:00,6.04,0.3,0.0,0.0,80.34,10.71,11.21,11.7,0.26,
108,2025-04-03 00:00:00,1.21,0.0,0.0,0.0,83.87,10.08,10.33,10.6,0.2,
108,2025-04-03 01:00:00,0.0,0.0,0.0,0.0,86.13,9.57,9.94,10.23,0.17,
108,2025-04-03 02:00:00,1.21,0.0,0.0,0.0,88.8,8.98,9.21,9.33,0.13,
108,2025-04-03 03:00:00,1.21,0.0,0.0,0.0,91.2,8.74,8.89,9.02,0.1,
108,2025-04-03 04:00:00,2.41,0.06,0.0,0.0,92.62,8.32,8.72,9.0,0.08,
108,2025-04-03 05:00:00,4.83,0.24,0.0,0.0,93.2,9.14,9.32,9.5,0.08,
108,2025-04-03 06:00:00,0.0,0.0,0.0,0.0,92.9,8.59,9.12,9.5,0.08,
108,2025-04-03 07:00:00,1.21,0.0,0.0,0.0,92.05,6.9,7.24,7.83,0.08,
108,2025-04-03 08:00:00,0.0,0.0,3.07,0.0,93.12,6.32,6.45,6.68,0.07,
108,2025-04-03 09:00:00,2.41,0.03,38.6,0.0,94.27,7.63,8.96,10.01,0.07,
108,2025-04-03 10:00:00,9.66,0.99,111.43,0.0,93.16,10.3,10.66,10.88,0.09,
108,2025-04-03 11:00:00,7.24,0.2,597.49,0.0,86.69,11.33,12.78,14.19,0.2,
108,2025-04-03 12:00:00,12.07,1.4,689.61,0.0,72.77,15.04,16.41,17.52,0.51,
108,2025-04-03 13:00:00,9.66,0.82,801.47,0.0,61.39,18.79,19.95,21.14,0.91,
108,2025-04-03 14:00:00,12.07,1.42,820.34,0.0,54.39,21.71,22.72,23.46,1.27,
108,2025-04-03 15:00:00,14.48,2.08,817.71,0.0,48.27,24.0,24.42,24.98,1.59,
108,2025-04-03 16:00:00,7.24,0.8,757.17,0.0,40.72,25.43,26.04,26.57,2.01,
108,2025-04-03 17:00:00,12.07,0.8,649.25,0.0,39.48,26.18,26.37,26.56,2.08,
108,2025-04-03 18:00:00,6.04,0.47,493.08,0.0,41.33,25.5,25.88,26.22,1.96,
108,2025-04-03 19:00:00,6.04,0.17,301.81,0.0,45.27,23.24,24.43,25.35,1.68,
108,2025-04-03 20:00:00,1.21,0.05,72.82,0.0,60.04,17.64,19.74,21.85,0.94,
108,2025-04-03 21:00:00,3.62,0.54,0.0,0.0,66.95,16.04,16.93,17.65,0.64,
108,2025-04-03 22:00:00,1.21,0.02,0.0,0.0,72.9,13.43,14.73,15.94,0.46,
108,2025-04-03 23:00:00,0.0,0.0,0.0,0.0,79.11,11.85,12.43,13.51,0.31,
108,2025-04-04 00:00:00,0.0,0.0,0.0,0.0,82.5,10.46,11.2,12.0,0.23,
108,2025-04-04 01:00:00,0.0,0.0,0.0,0.0,79.59,10.46,11.36,12.08,0.28,
108,2025-04-04 02:00:00,0.0,0.0,0.0,0.0,85.22,9.18,9.63,10.07,0.18,
108,2025-04-04 03:00:00,0.0,0.0,0.0,0.0,86.54,8.57,8.9,9.25,0.15,
108,2025-04-04 04:00:00,0.0,0.0,0.0,0.0,88.47,8.01,8.26,8.43,0.13,
108,2025-04-04 05:00:00,0.0,0.0,0.0,0.0,88.99,6.87,7.36,7.77,0.11,
108,2025-04-04 06:00:00,0.0,0.0,0.0,0.0,90.0,6.68,7.08,7.6,0.1,
108,2025-04-04 07:00:00,0.0,0.0,0.0,0.0,90.81,6.2,6.32,6.51,0.09,
108,2025-04-04 08:00:00,0.0,0.0,0.0,0.0,91.47,5.65,5.85,6.06,0.08,
108,2025-04-04 09:00:00,0.0,0.0,107.04,0.0,92.6,5.69,6.91,8.36,0.07,
108,2025-04-04 10:00:00,4.83,0.03,283.39,0.0,88.38,9.67,11.58,13.41,0.16,
108,2025-04-04 11:00:00,9.66,0.9,468.95,0.0,71.51,13.99,14.99,16.16,0.49,
108,2025-04-04 12:00:00,9.66,1.52,599.68,0.0,59.23,16.72,17.97,19.27,0.85,
108,2025-04-04 13:00:00,9.66,1.78,792.7,0.0,53.08,19.63,20.5,21.55,1.13,
108,2025-04-04 14:00:00,8.45,0.5,811.13,0.0,45.75,22.28,23.26,24.04,1.55,
108,2025-04-04 15:00:00,8.45,0.68,841.83,0.0,41.29,24.34,25.34,26.47,1.9,
108,2025-04-04 16:00:00,8.45,1.41,737.43,0.25,39.14,26.84,27.26,27.48,2.21,
108,2025-04-04 17:00:00,8.45,1.24,643.11,0.0,39.96,27.28,27.64,28.11,2.23,
108,2025-04-04 18:00:00,4.83,0.21,484.74,0.0,40.65,27.3,27.55,27.73,2.19,
108,2025-04-04 19:00:00,0.0,0.0,247.42,0.0,47.06,25.56,26.16,26.71,1.8,
108,2025-04-04 20:00:00,0.0,0.0,24.57,0.0,68.04,18.94,21.3,23.94,0.83,
108,2025-04-04 21:00:00,6.04,0.29,0.0,0.0,73.86,17.25,17.71,18.11,0.53,
108,2025-04-04 22:00:00,6.04,0.83,0.0,0.0,75.03,15.47,16.34,17.18,0.47,
108,2025-04-04 23:00:00,0.0,0.0,0.0,0.0,81.75,13.33,13.87,14.65,0.29,
108,2025-04-05 00:00:00,0.0,0.0,0.0,0.0,83.16,12.4,12.78,13.19,0.25,
108,2025-04-05 01:00:00,0.0,0.0,0.0,0.0,84.87,11.54,11.79,12.25,0.21,
108,2025-04-05 02:00:00,3.62,0.02,0.0,0.0,86.88,10.15,10.7,11.2,0.17,
108,2025-04-05 03:00:00,1.21,0.0,0.0,0.0,89.01,10.57,10.72,10.91,0.14,
108,2025-04-05 04:00:00,1.21,0.0,0.0,0.0,89.26,9.73,10.05,10.37,0.13,
108,2025-04-05 05:00:00,0.0,0.0,0.0,0.0,90.85,9.53,9.62,9.71,0.11,
108,2025-04-05 06:00:00,2.41,0.02,0.0,0.0,91.87,9.29,9.32,9.42,0.1,
108,2025-04-05 07:00:00,1.21,0.0,0.0,0.0,92.39,9.04,9.12,9.22,0.09,
108,2025-04-05 08:00:00,2.41,0.03,0.88,0.0,92.89,8.55,8.72,8.83,0.08,
108,2025-04-05 09:00:00,4.83,0.03,80.28,0.0,93.5,8.6,9.27,10.25,0.08,
108,2025-04-05 10:00:00,7.24,1.04,286.9,0.0,91.4,10.92,11.88,12.79,0.12,
108,2025-04-05 11:00:00,8.45,1.36,633.02,0.0,82.23,13.32,14.13,15.04,0.29,
108,2025-04-05 12:00:00,7.24,0.95,676.01,0.0,73.09,15.29,16.07,16.82,0.49,
108,2025-04-05 13:00:00,12.07,2.93,757.61,0.0,66.41,17.66,18.18,18.87,0.7,
108,2025-04-05 14:00:00,12.07,3.71,778.22,0.0,62.81,19.01,19.74,20.26,0.86,
108,2025-04-05 15:00:00,12.07,3.47,776.47,0.0,58.85,20.49,20.98,21.59,1.02,
108,2025-04-05 16:00:00,13.28,3.53,730.85,0.0,56.43,21.46,22.02,22.59,1.16,
108,2025-04-05 17:00:00,9.66,2.64,632.58,0.0,53.74,22.31,22.87,23.1,1.29,
108,2025-04-05 18:00:00,8.45,1.74,444.39,0.0,52.89,22.67,22.94,23.12,1.32,
108,2025-04-05 19:00:00,8.45,1.84,270.67,0.0,57.52,20.79,21.66,22.36,1.1,
108,2025-04-05 20:00:00,15.69,3.85,38.17,0.0,67.81,16.99,18.38,19.94,0.69,
108,2025-04-05 21:00:00,21.73,9.34,0.0,0.0,74.52,15.23,15.76,16.41,0.46,
108,2025-04-05 22:00:00,15.69,6.08,0.0,0.0,78.73,14.06,14.49,14.92,0.35,
108,2025-04-05 23:00:00,6.04,0.89,0.0,0.0,84.08,11.89,12.94,13.69,0.24,
108,2025-04-06 00:00:00,2.41,0.03,0.0,0.0,88.56,11.49,11.76,11.91,0.16,
108,2025-04-06 01:00:00,0.0,0.0,0.0,0.0,89.37,11.77,12.13,12.46,0.15,
108,2025-04-06 02:00:00,0.0,0.0,0.0,0.0,88.74,12.75,12.91,13.02,0.17,
108,2025-04-06 03:00:00,0.0,0.0,0.0,0.0,89.1,13.07,13.12,13.22,0.17,
108,2025-04-06 04:00:00,0.0,0.0,0.0,0.0,89.17,13.07,13.14,13.2,0.17,
108,2025-04-06 05:00:00,0.0,0.0,0.0,0.0,89.41,13.05,13.17,13.23,0.16,
108,2025-04-06 06:00:00,0.0,0.0,0.0,0.0,89.33,13.29,13.33,13.37,0.16,
108,2025-04-06 07:00:00,1.21,0.0,0.0,0.0,89.64,13.24,13.32,13.4,0.16,
108,2025-04-06 08:00:00,0.0,0.0,9.65,0.0,89.48,13.27,13.33,13.38,0.16,
108,2025-04-06 09:00:00,4.83,0.17,60.54,0.0,88.15,13.47,13.67,13.91,0.19,
108,2025-04-06 10:00:00,6.04,0.68,132.04,0.0,84.32,14.22,14.53,15.0,0.26,
108,2025-04-06 11:00:00,9.66,2.11,215.83,0.0,76.88,15.33,15.7,16.0,0.41,
108,2025-04-06 12:00:00,7.24,1.48,231.62,0.0,73.21,16.28,16.43,16.69,0.5,
108,2025-04-06 13:00:00,7.24,1.16,385.16,0.0,68.74,16.8,17.17,17.45,0.61,
108,2025-04-06 14:00:00,10.86,1.0,825.6,0.0,61.88,17.65,18.62,19.6,0.82,
108,2025-04-06 15:00:00,9.66,1.57,755.41,0.0,58.9,19.81,20.18,20.39,0.97,
108,2025-04-06 16:00:00,8.45,1.15,648.81,0.0,58.75,20.06,20.38,20.62,0.99,
108,2025-04-06 17:00:00,7.24,0.75,460.18,0.0,57.25,20.32,20.55,20.8,1.04,
108,2025-04-06 18:00:00,3.62,0.15,276.37,0.0,60.65,19.04,19.61,19.92,0.9,
108,2025-04-06 19:00:00,0.0,0.0,21.06,0.0,67.04,16.17,17.4,18.45,0.66,
108,2025-04-06 20:00:00,0.0,0.0,0.0,0.0,74.52,14.76,15.2,15.73,0.44,
108,2025-04-06 21:00:00,7.24,0.27,0.0,0.0,80.17,10.62,12.36,13.54,0.29,
108,2025-04-06 22:00:00,6.04,0.38,0.0,0.0,86.51,11.1,11.34,11.49,0.18,
108,2025-04-06 23:00:00,3.62,0.14,0.0,0.0,88.12,10.08,10.4,10.82,0.15,
108,2025-04-07 00:00:00,0.0,0.0,0.0,0.0,89.96,9.33,9.63,9.85,0.12,
108,2025-04-07 01:00:00,1.21,0.0,0.0,0.0,91.87,9.23,9.32,9.43,0.1,
108,2025-04-07 02:00:00,0.0,0.0,0.0,0.0,92.46,8.73,9.06,9.29,0.09,
108,2025-04-07 03:00:00,1.21,0.0,0.0,0.0,92.86,7.5,8.15,8.56,0.08,
108,2025-04-07 04:00:00,1.21,0.02,0.0,0.0,93.96,7.69,8.46,9.32,0.07,
108,2025-04-07 05:00:00,2.41,0.03,0.0,0.0,94.91,9.56,9.82,9.98,0.06,
108,2025-04-07 06:00:00,10.86,0.82,0.0,0.0,95.31,9.95,10.06,10.22,0.06,
108,2025-04-07 07:00:00,1.21,0.0,0.0,0.0,95.51,10.26,10.41,10.59,0.06,
108,2025-04-07 08:00:00,1.21,0.0,31.15,0.0,95.67,10.63,10.76,10.98,0.06,
108,2025-04-07 09:00:00,2.41,0.05,110.55,0.0,95.63,10.94,11.08,11.33,0.06,
108,2025-04-07 10:00:00,8.45,0.94,292.16,0.0,94.45,11.57,11.86,12.51,0.08,
108,2025-04-07 11:00:00,15.69,3.02,729.53,0.0,83.63,12.57,14.04,15.3,0.27,
108,2025-04-07 12:00:00,13.28,2.12,756.73,0.0,71.74,16.06,16.8,17.56,0.54,
108,2025-04-07 13:00:00,10.86,1.66,787.44,0.0,64.15,18.2,19.35,20.46,0.81,
108,2025-04-07 14:00:00,15.69,2.39,793.14,0.0,57.17,20.76,21.81,22.49,1.12,
108,2025-04-07 15:00:00,9.66,1.09,720.32,0.0,50.93,22.93,23.6,24.41,1.43,
108,2025-04-07 16:00:00,7.24,0.51,625.12,0.0,47.14,24.57,24.81,24.94,1.66,
108,2025-04-07 17:00:00,8.45,0.98,474.66,0.0,46.5,24.5,24.83,25.08,1.68,
108,2025-04-07 18:00:00,4.83,0.03,241.28,0.0,51.54,21.9,23.14,24.0,1.38,
108,2025-04-07 19:00:00,0.0,0.0,24.57,0.0,68.21,16.76,18.56,20.6,0.69,
108,2025-04-07 20:00:00,0.0,0.0,0.0,0.0,75.44,14.79,15.62,16.38,0.44,
108,2025-04-07 21:00:00,0.0,0.0,0.0,0.0,81.11,13.05,13.45,14.19,0.3,
108,2025-04-07 22:00:00,0.0,0.0,0.0,0.0,84.15,11.49,11.86,12.13,0.22,
108,2025-04-07 23:00:00,0.0,0.0,0.0,0.0,85.29,10.68,11.11,11.5,0.19,
108,2025-04-08 00:00:00,0.0,0.0,0.0,0.0,87.23,9.67,10.03,10.4,0.16,
108,2025-04-08 01:00:00,0.0,0.0,0.0,0.0,87.91,8.93,9.16,9.45,0.14,
108,2025-04-08 02:00:00,0.0,0.0,0.0,0.0,89.5,8.52,8.85,9.09,0.12,
108,2025-04-08 03:00:00,0.0,0.0,0.0,0.0,89.92,7.84,8.04,8.21,0.11,
108,2025-04-08 04:00:00,0.0,0.0,0.0,0.0,91.33,7.53,7.71,7.99,0.09,
108,2025-04-08 05:00:00,0.0,0.0,0.0,0.0,92.23,6.9,7.22,7.37,0.08,
108,2025-04-08 06:00:00,0.0,0.0,0.0,0.0,92.7,6.31,6.67,6.97,0.07,
108,2025-04-08 07:00:00,0.0,0.0,0.0,0.0,92.92,6.13,6.19,6.27,0.07,
108,2025-04-08 08:00:00,0.0,0.0,44.31,0.0,93.38,5.92,6.4,7.13,0.06,
108,2025-04-08 09:00:00,0.0,0.0,262.33,0.0,94.13,7.67,8.83,10.23,0.07,
108,2025-04-08 10:00:00,4.83,0.32,442.19,0.0,90.38,11.67,13.42,15.13,0.16,
108,2025-04-08 11:00:00,8.45,1.19,604.51,0.0,76.81,15.93,16.94,17.96,0.45,
108,2025-04-08 12:00:00,6.04,0.48,714.18,0.0,68.05,18.91,19.73,20.91,0.74,
108,2025-04-08 13:00:00,9.66,0.94,743.57,0.0,59.41,21.71,22.31,23.11,1.1,
108,2025-04-08 14:00:00,8.45,1.29,744.01,0.0,54.29,23.5,24.25,25.19,1.39,
108,2025-04-08 15:00:00,4.83,0.44,692.68,0.0,50.51,25.47,25.9,26.35,1.66,
108,2025-04-08 16:00:00,4.83,0.41,597.93,0.0,46.51,26.57,26.7,26.8,1.87,
108,2025-04-08 17:00:00,3.62,0.11,414.99,0.0,50.67,24.34,26.03,26.71,1.67,
108,2025-04-08 18:00:00,12.07,2.86,121.52,0.0,60.37,21.9,23.08,24.36,1.12,
108,2025-04-08 19:00:00,13.28,6.19,45.62,0.0,64.25,18.08,19.48,20.87,0.82,
108,2025-04-08 20:00:00,9.66,2.35,0.0,0.0,74.6,15.38,16.0,16.82,0.46,
108,2025-04-08 21:00:00,7.24,0.94,0.0,0.0,77.64,13.6,14.45,15.25,0.37,
108,2025-04-08 22:00:00,6.04,0.18,0.0,0.0,84.12,11.84,12.37,12.99,0.23,
108,2025-04-08 23:00:00,1.21,0.02,0.0,0.0,86.56,10.91,11.17,11.46,0.18,
108,2025-04-09 00:00:00,2.41,0.02,0.0,0.0,88.8,10.08,10.29,10.64,0.14,
108,2025-04-09 01:00:00,0.0,0.0,0.0,0.0,89.43,9.53,9.73,10.12,0.13,
108,2025-04-09 02:00:00,1.21,0.0,0.0,0.0,90.93,9.33,9.53,9.68,0.11,
108,2025-04-09 03:00:00,0.0,0.0,0.0,0.0,92.22,9.53,9.66,9.84,0.09,
108,2025-04-09 04:00:00,0.0,0.0,0.0,0.0,92.1,9.04,9.4,9.57,0.09,
108,2025-04-09 05:00:00,4.83,0.14,0.0,0.0,93.03,9.15,9.46,9.6,0.08,
108,2025-04-09 06:00:00,0.0,0.0,0.0,0.0,92.8,8.71,9.1,9.45,0.08,
108,2025-04-09 07:00:00,0.0,0.0,0.0,0.0,92.57,8.01,8.3,8.57,0.08,
108,2025-04-09 08:00:00,1.21,0.0,75.89,0.0,93.16,7.55,8.31,9.18,0.08,
108,2025-04-09 09:00:00,0.0,0.0,132.04,0.0,93.67,9.78,10.82,11.89,0.08,
108,2025-04-09 10:00:00,3.62,0.12,191.27,0.0,88.84,12.29,12.65,12.94,0.17,
108,2025-04-09 11:00:00,2.41,0.02,408.41,0.0,83.29,13.23,13.65,14.05,0.26,
108,2025-04-09 12:00:00,4.83,0.18,732.16,0.0,74.53,14.78,15.94,16.7,0.47,
108,2025-04-09 13:00:00,9.66,1.51,747.95,0.0,66.39,17.16,17.77,18.54,0.68,
108,2025-04-09 14:00:00,12.07,2.7,751.9,0.0,61.66,18.27,19.16,19.59,0.85,
108,2025-04-09 15:00:00,7.24,0.82,713.74,0.0,58.56,19.83,20.44,21.12,1.0,
108,2025-04-09 16:00:00,4.83,0.41,630.83,0.0,56.27,21.07,21.24,21.6,1.11,
108,2025-04-09 17:00:00,6.04,0.35,289.53,0.0,60.03,20.39,20.67,21.01,0.97,
108,2025-04-09 18:00:00,3.62,0.06,167.58,0.0,66.04,18.25,19.17,19.91,0.76,
108,2025-04-09 19:00:00,1.21,0.0,14.92,0.0,73.96,16.03,16.69,17.49,0.5,
108,2025-04-09 20:00:00,8.45,2.16,0.0,0.0,75.92,14.97,15.23,15.47,0.42,
108,2025-04-09 21:00:00,7.24,1.57,0.0,0.0,77.25,13.71,14.09,14.55,0.37,
108,2025-04-09 22:00:00,10.86,2.43,0.0,0.0,79.26,13.68,14.02,14.31,0.33,
108,2025-04-09 23:00:00,0.0,0.0,0.0,0.0,83.58,11.85,12.5,13.45,0.24,
108,2025-04-10 00:00:00,0.0,0.0,0.0,0.0,86.45,12.16,12.28,12.37,0.19,
108,2025-04-10 01:00:00,0.0,0.0,0.0,0.0,87.73,12.34,12.41,12.46,0.18,
108,2025-04-10 02:00:00,3.62,0.05,0.0,0.0,88.53,12.33,12.4,12.44,0.17,
108,2025-04-10 03:00:00,6.04,0.35,0.0,0.0,88.55,11.91,12.2,12.48,0.16,
108,2025-04-10 04:00:00,9.66,1.74,0.0,0.0,89.86,11.84,11.86,11.87,0.14,
108,2025-04-10 05:00:00,14.48,3.76,0.0,0.0,89.92,11.91,12.09,12.36,0.14,
108,2025-04-10 06:00:00,15.69,4.18,0.0,0.0,88.49,12.46,12.49,12.53,0.17,
108,2025-04-10 07:00:00,10.86,1.6,0.0,2.55,89.94,12.06,12.31,12.5,0.15,
108,2025-04-10 08:00:00,8.45,1.33,21.06,3.55,92.97,11.93,12.04,12.17,0.1,
108,2025-04-10 09:00:00,6.04,0.39,26.32,0.25,93.84,12.43,12.51,12.54,0.09,
108,2025-04-10 10:00:00,7.24,0.67,58.34,0.0,93.79,12.58,12.65,12.68,0.09,
108,2025-04-10 11:00:00,7.24,0.91,154.86,0.76,93.72,12.55,12.73,12.85,0.09,
108,2025-04-10 12:00:00,7.24,1.24,205.3,0.51,93.72,12.75,12.83,12.91,0.09,
108,2025-04-10 13:00:00,10.86,1.72,192.58,0.0,92.93,13.06,13.16,13.24,0.11,
108,2025-04-10 14:00:00,10.86,3.21,335.59,0.25,89.8,13.23,13.64,13.96,0.16,
108,2025-04-10 15:00:00,10.86,3.47,389.99,0.0,85.96,14.09,14.24,14.5,0.23,
108,2025-04-10 16:00:00,9.66,2.99,724.7,0.0,78.03,15.24,15.41,15.64,0.38,
108,2025-04-10 17:00:00,8.45,2.73,444.82,0.0,72.29,15.33,15.52,15.72,0.49,
108,2025-04-10 18:00:00,7.24,0.54,261.89,0.0,75.91,13.69,14.49,15.2,0.4,
108,2025-04-10 19:00:00,0.0,0.0,21.5,0.0,84.61,11.46,12.38,13.27,0.23,
108,2025-04-10 20:00:00,0.0,0.0,0.0,0.0,88.98,9.74,10.22,10.71,0.14,
108,2025-04-10 21:00:00,2.41,0.03,0.0,0.0,90.71,9.07,9.24,9.37,0.11,
108,2025-04-10 22:00:00,0.0,0.0,0.0,0.0,92.3,8.83,8.97,9.22,0.09,
108,2025-04-10 23:00:00,2.41,0.06,0.0,0.0,90.88,9.39,9.73,9.97,0.11,
108,2025-04-11 00:00:00,0.0,0.0,0.0,0.0,90.07,8.47,9.13,9.56,0.12,
108,2025-04-11 01:00:00,2.41,0.05,0.0,0.0,91.52,7.8,7.97,8.18,0.09,
108,2025-04-11 02:00:00,4.83,0.36,0.0,0.0,93.21,7.99,8.05,8.15,0.07,
108,2025-04-11 03:00:00,8.45,1.21,0.0,0.0,92.72,8.1,8.26,8.36,0.08,
108,2025-04-11 04:00:00,4.83,0.18,0.0,0.0,92.1,7.8,8.18,8.36,0.09,
108,2025-04-11 05:00:00,0.0,0.0,0.0,0.0,92.28,7.21,7.47,7.74,0.08,
108,2025-04-11 06:00:00,1.21,0.0,0.0,0.0,93.05,5.78,6.09,6.48,0.07,
108,2025-04-11 07:00:00,2.41,0.02,0.0,0.0,93.8,5.2,5.6,6.04,0.06,
108,2025-04-11 08:00:00,1.21,0.03,53.96,0.0,94.29,4.81,5.37,6.24,0.05,
108,2025-04-11 09:00:00,7.24,0.51,298.74,0.0,93.38,7.57,8.81,9.97,0.08,
108,2025-04-11 10:00:00,9.66,1.04,490.01,0.0,83.82,10.6,11.6,12.71,0.22,
108,2025-04-11 11:00:00,12.07,2.75,651.88,0.0,74.59,12.7,13.58,14.65,0.4,
108,2025-04-11 12:00:00,14.48,2.16,753.66,0.0,61.7,14.58,15.42,16.06,0.68,
108,2025-04-11 13:00:00,19.31,3.28,772.52,0.0,57.28,16.17,16.5,16.9,0.81,
108,2025-04-11 14:00:00,16.9,1.9,772.08,0.0,50.28,17.44,17.78,18.17,1.01,
108,2025-04-11 15:00:00,12.07,1.45,731.28,0.0,45.23,18.2,18.48,18.79,1.17,
108,2025-04-11 16:00:00,3.62,0.14,614.6,0.0,41.2,18.72,18.94,19.25,1.29,
108,2025-04-11 17:00:00,6.04,0.23,459.74,0.0,40.76,18.38,18.57,18.83,1.27,
108,2025-04-11 18:00:00,6.04,0.11,274.18,0.0,44.53,16.58,17.53,18.34,1.11,
108,2025-04-11 19:00:00,0.0,0.0,11.84,0.0,69.84,11.03,13.07,15.77,0.47,
108,2025-04-11 20:00:00,2.41,0.0,0.0,0.0,77.29,9.9,10.18,10.48,0.28,
108,2025-04-11 21:00:00,2.41,0.02,0.0,0.0,77.51,9.64,10.11,10.84,0.28,
108,2025-04-11 22:00:00,1.21,0.0,0.0,0.0,81.75,10.04,10.36,10.77,0.23,
108,2025-04-11 23:00:00,0.0,0.0,0.0,0.0,87.39,9.54,9.75,10.01,0.15,
108,2025-04-12 00:00:00,3.62,0.03,0.0,0.0,89.96,9.17,9.35,9.52,0.12,
108,2025-04-12 01:00:00,2.41,0.06,0.0,0.0,91.22,7.84,8.37,8.97,0.1,
108,2025-04-12 02:00:00,7.24,0.47,0.0,0.0,93.09,7.24,7.49,7.89,0.07,
108,2025-04-12 03:00:00,8.45,1.6,0.0,0.25,94.12,7.11,7.31,7.53,0.06,
108,2025-04-12 04:00:00,3.62,0.06,0.0,0.0,94.13,5.45,6.09,6.65,0.06,
108,2025-04-12 05:00:00,1.21,0.03,0.0,0.0,94.52,5.65,5.78,5.95,0.05,
108,2025-04-12 06:00:00,3.62,0.05,0.0,0.0,94.82,5.23,5.33,5.42,0.05,
108,2025-04-12 07:00:00,0.0,0.0,0.0,0.0,94.77,4.34,4.8,5.3,0.05,
108,2025-04-12 08:00:00,0.0,0.0,80.28,0.0,94.73,3.61,4.26,5.4,0.04,
108,2025-04-12 09:00:00,0.0,0.0,275.05,0.0,94.35,6.11,7.1,8.0,0.06,
108,2025-04-12 10:00:00,4.83,0.11,508.43,0.0,86.61,9.26,10.43,11.75,0.17,
108,2025-04-12 11:00:00,7.24,0.59,664.6,0.0,70.62,12.83,13.99,15.14,0.47,
108,2025-04-12 12:00:00,7.24,0.94,751.03,0.0,60.41,15.59,16.48,17.39,0.75,
108,2025-04-12 13:00:00,12.07,1.68,772.08,0.0,54.03,17.97,18.72,19.32,1.0,
108,2025-04-12 14:00:00,15.69,2.69,771.2,0.0,49.98,19.7,19.91,20.12,1.17,
108,2025-04-12 15:00:00,10.86,1.36,724.27,0.0,45.26,20.69,20.8,21.02,1.35,
108,2025-04-12 16:00:00,16.9,1.57,614.6,0.0,44.18,20.73,20.97,21.11,1.39,
108,2025-04-12 17:00:00,12.07,1.07,489.13,0.0,45.7,20.46,20.77,20.9,1.33,
108,2025-04-12 18:00:00,9.66,0.41,244.35,0.0,49.01,18.39,19.35,20.07,1.15,
108,2025-04-12 19:00:00,3.62,0.14,16.67,0.0,64.28,13.32,15.11,17.32,0.63,
108,2025-04-12 20:00:00,1.21,0.0,0.0,0.0,77.34,10.68,11.72,12.67,0.31,
108,2025-04-12 21:00:00,0.0,0.0,0.0,0.0,81.94,9.67,10.17,10.78,0.23,
108,2025-04-12 22:00:00,0.0,0.0,0.0,0.0,85.2,8.57,8.86,9.33,0.17,
108,2025-04-12 23:00:00,1.21,0.0,0.0,0.0,86.3,8.47,8.8,9.08,0.15,
108,2025-04-13 00:00:00,4.83,0.21,0.0,0.0,88.05,7.34,7.45,7.62,0.13,
108,2025-04-13 01:00:00,1.21,0.0,0.0,0.0,88.89,5.57,6.36,7.17,0.11,
108,2025-04-13 02:00:00,0.0,0.0,0.0,0.0,90.17,4.91,5.51,5.89,0.09,
108,2025-04-13 03:00:00,0.0,0.0,0.0,0.0,91.76,4.76,5.13,5.38,0.08,
108,2025-04-13 04:00:00,0.0,0.0,0.0,0.0,91.53,3.19,3.56,3.98,0.07,
108,2025-04-13 05:00:00,0.0,0.0,0.0,0.0,91.54,2.31,2.59,2.91,0.06,
108,2025-04-13 06:00:00,0.0,0.0,0.0,0.0,91.97,1.8,2.07,2.27,0.06,
108,2025-04-13 07:00:00,0.0,0.0,0.0,0.0,92.7,1.46,1.76,1.98,0.05,
108,2025-04-13 08:00:00,2.41,0.0,54.84,0.0,93.49,1.32,1.69,2.21,0.05,
108,2025-04-13 09:00:00,2.41,0.03,196.97,0.0,94.34,2.8,3.7,4.58,0.05,
108,2025-04-13 10:00:00,1.21,0.0,321.12,0.0,94.79,5.45,6.69,7.94,0.05,
108,2025-04-13 11:00:00,7.24,0.94,689.61,0.0,86.95,9.05,10.67,12.08,0.17,
108,2025-04-13 12:00:00,10.86,2.21,797.53,0.0,70.7,12.68,14.1,15.25,0.48,
108,2025-04-13 13:00:00,12.07,1.86,821.65,0.0,62.44,15.71,16.75,17.89,0.72,
108,2025-04-13 14:00:00,8.45,0.9,729.53,0.0,57.73,18.52,19.08,19.87,0.93,
108,2025-04-13 15:00:00,10.86,1.36,626.88,0.0,50.56,19.73,19.98,20.17,1.15,
108,2025-04-13 16:00:00,8.45,1.0,620.74,0.0,49.99,19.98,20.59,20.9,1.21,
108,2025-04-13 17:00:00,8.45,0.87,202.23,0.0,53.78,19.64,19.73,19.87,1.06,
108,2025-04-13 18:00:00,1.21,0.0,234.26,0.0,56.88,17.97,19.16,19.96,0.96,
108,2025-04-13 19:00:00,0.0,0.0,10.53,0.0,69.57,14.64,15.49,16.85,0.54,
108,2025-04-13 20:00:00,0.0,0.0,0.0,0.0,75.22,12.65,13.39,14.05,0.38,
108,2025-04-13 21:00:00,0.0,0.0,0.0,0.0,82.65,10.64,11.29,12.15,0.24,
108,2025-04-13 22:00:00,0.0,0.0,0.0,0.0,86.5,9.32,10.24,11.03,0.17,
108,2025-04-13 23:00:00,4.83,0.29,0.0,0.0,87.99,9.46,10.0,10.22,0.15,
108,2025-04-14 00:00:00,0.0,0.0,0.0,0.0,87.85,7.83,8.18,8.74,0.13,
108,2025-04-14 01:00:00,3.62,0.06,0.0,0.0,90.17,6.49,7.07,7.49,0.1,
108,2025-04-14 02:00:00,0.0,0.0,0.0,0.0,91.92,6.64,7.13,7.41,0.08,
108,2025-04-14 03:00:00,1.21,0.0,0.0,0.0,91.66,5.23,5.83,6.31,0.08,
108,2025-04-14 04:00:00,2.41,0.0,0.0,0.0,92.49,4.86,5.09,5.31,0.07,
108,2025-04-14 05:00:00,1.21,0.0,0.0,0.0,92.76,3.88,4.2,4.4,0.06,
108,2025-04-14 06:00:00,0.0,0.0,0.0,0.0,93.33,3.52,3.94,4.41,0.05,
108,2025-04-14 07:00:00,3.62,0.26,0.0,0.0,94.01,3.74,4.39,5.37,0.05,
108,2025-04-14 08:00:00,3.62,0.08,56.59,0.0,94.36,5.48,5.82,6.37,0.05,
108,2025-04-14 09:00:00,8.45,0.79,261.89,0.0,94.4,6.66,8.29,9.87,0.06,
108,2025-04-14 10:00:00,9.66,3.15,507.12,0.0,87.23,10.88,12.16,13.34,0.19,
108,2025-04-14 11:00:00,12.07,3.48,805.86,0.0,74.49,14.4,15.06,15.64,0.44,
108,2025-04-14 12:00:00,8.45,1.49,338.22,0.0,68.17,16.2,16.64,16.86,0.61,
108,2025-04-14 13:00:00,13.28,1.33,151.35,0.0,81.9,13.96,14.25,14.78,0.3,
108,2025-04-14 14:00:00,7.24,0.75,204.87,0.0,86.63,13.95,14.27,15.04,0.22,
108,2025-04-14 15:00:00,12.07,1.6,149.15,0.51,88.77,13.66,14.11,14.58,0.18,
108,2025-04-14 16:00:00,3.62,0.05,103.53,0.5,92.74,13.36,13.39,13.41,0.11,
108,2025-04-14 17:00:00,4.83,0.3,135.99,1.01,93.65,13.38,13.42,13.48,0.1,
108,2025-04-14 18:00:00,6.04,0.33,76.77,0.0,93.75,13.44,13.48,13.52,0.1,
108,2025-04-14 19:00:00,4.83,0.18,4.83,0.0,93.6,13.07,13.18,13.29,0.1,
108,2025-04-14 20:00:00,0.0,0.0,0.0,0.0,93.55,12.79,12.91,12.99,0.1,
108,2025-04-14 21:00:00,0.0,0.0,0.0,0.25,93.63,12.27,12.57,12.75,0.09,
108,2025-04-14 22:00:00,0.0,0.0,0.0,0.0,93.91,11.91,12.12,12.32,0.09,
108,2025-04-14 23:00:00,0.0,0.0,0.0,0.0,94.16,11.85,11.96,12.12,0.08,
108,2025-04-15 00:00:00,1.21,0.0,0.0,0.0,94.26,11.16,11.3,11.56,0.08,
108,2025-04-15 01:00:00,3.62,0.29,0.0,0.0,94.72,11.32,11.36,11.4,0.07,
108,2025-04-15 02:00:00,3.62,0.41,0.0,0.0,94.94,10.82,11.06,11.22,0.07,
108,2025-04-15 03:00:00,7.24,0.42,0.0,0.0,95.0,10.51,10.56,10.62,0.06,
108,2025-04-15 04:00:00,8.45,1.66,0.0,0.0,95.48,9.91,10.14,10.46,0.06,
108,2025-04-15 05:00:00,9.66,1.18,0.0,0.0,95.73,9.23,9.67,9.87,0.05,
108,2025-04-15 06:00:00,8.45,0.97,0.0,0.0,95.86,9.25,9.37,9.45,0.05,
108,2025-04-15 07:00:00,4.83,0.08,0.0,0.0,95.89,9.56,9.66,9.73,0.05,
108,2025-04-15 08:00:00,4.83,0.21,28.08,0.0,95.92,9.37,9.46,9.57,0.05,
108,2025-04-15 09:00:00,8.45,0.33,91.68,0.0,95.99,9.58,9.68,9.78,0.05,
108,2025-04-15 10:00:00,12.07,0.8,178.98,0.0,95.97,9.88,10.28,10.62,0.05,
108,2025-04-15 11:00:00,7.24,0.53,250.49,0.0,93.67,10.71,11.37,11.84,0.09,
108,2025-04-15 12:00:00,10.86,1.86,629.07,0.0,86.97,12.36,12.68,12.99,0.19,
108,2025-04-15 13:00:00,13.28,1.74,516.33,0.0,82.8,13.06,13.89,14.68,0.28,
108,2025-04-15 14:00:00,10.86,1.43,500.54,0.0,78.46,14.86,15.15,15.52,0.37,
108,2025-04-15 15:00:00,13.28,3.34,501.85,0.0,75.75,15.55,16.01,16.42,0.44,
108,2025-04-15 16:00:00,9.66,1.96,401.83,0.0,72.89,16.54,16.7,16.85,0.52,
108,2025-04-15 17:00:00,4.83,0.12,418.07,0.0,71.13,16.54,16.76,17.03,0.55,
108,2025-04-15 18:00:00,1.21,0.0,202.67,0.0,71.32,16.03,16.78,17.28,0.55,
108,2025-04-15 19:00:00,0.0,0.0,3.51,0.0,79.55,11.53,13.28,15.17,0.32,
108,2025-04-15 20:00:00,0.0,0.0,0.0,0.0,85.86,9.5,10.21,10.98,0.18,
108,2025-04-15 21:00:00,0.0,0.0,0.0,0.0,88.69,8.24,8.54,9.08,0.13,
108,2025-04-15 22:00:00,6.04,0.33,0.0,0.0,90.94,7.17,7.68,8.1,0.1,
108,2025-04-15 23:00:00,2.41,0.02,0.0,0.0,91.5,7.11,7.78,8.45,0.09,
108,2025-04-16 00:00:00,1.21,0.0,0.0,0.0,92.37,6.58,6.93,7.34,0.08,
108,2025-04-16 01:00:00,1.21,0.0,0.0,0.0,92.59,5.44,5.94,6.27,0.07,
108,2025-04-16 02:00:00,1.21,0.0,0.0,0.0,93.04,5.16,5.4,5.58,0.06,
108,2025-04-16 03:00:00,0.0,0.0,0.0,0.0,93.19,4.26,4.59,4.96,0.06,
108,2025-04-16 04:00:00,0.0,0.0,0.0,0.25,93.45,3.86,4.01,4.27,0.05,
108,2025-04-16 05:00:00,0.0,0.0,0.0,0.0,93.68,3.32,3.51,3.88,0.05,
108,2025-04-16 06:00:00,0.0,0.0,0.0,0.0,94.01,3.05,3.17,3.39,0.05,
108,2025-04-16 07:00:00,0.0,0.0,0.0,0.0,94.18,2.75,2.82,2.9,0.04,
108,2025-04-16 08:00:00,0.0,0.0,82.03,0.0,94.44,2.8,3.24,3.95,0.04,
108,2025-04-16 09:00:00,1.21,0.0,200.92,0.0,94.88,4.91,5.99,7.01,0.05,
108,2025-04-16 10:00:00,4.83,0.39,339.98,0.0,94.83,7.38,8.5,9.33,0.06,
108,2025-04-16 11:00:00,6.04,0.3,619.42,0.0,88.87,10.56,12.03,13.61,0.16,
108,2025-04-16 12:00:00,4.83,0.29,752.34,0.0,70.74,14.59,15.77,17.0,0.53,
108,2025-04-16 13:00:00,10.86,1.24,756.73,0.0,59.36,17.53,18.11,19.07,0.85,
108,2025-04-16 14:00:00,9.66,1.04,740.5,0.0,58.46,19.1,19.77,20.53,0.96,
108,2025-04-16 15:00:00,6.04,0.66,701.45,0.0,54.62,20.93,21.12,21.42,1.14,
108,2025-04-16 16:00:00,3.62,0.18,582.13,0.0,53.19,21.94,22.12,22.32,1.25,
108,2025-04-16 17:00:00,3.62,0.27,393.06,0.0,54.19,21.19,21.56,21.71,1.18,
108,2025-04-16 18:00:00,2.41,0.0,82.03,0.0,62.45,19.08,19.77,20.52,0.87,
108,2025-04-16 19:00:00,13.28,2.76,7.46,0.0,72.3,17.18,17.72,18.25,0.56,
108,2025-04-16 20:00:00,9.66,2.9,0.0,0.0,77.17,15.42,16.03,16.66,0.42,
108,2025-04-16 21:00:00,6.04,1.27,0.0,0.0,80.71,14.06,14.56,14.97,0.32,
108,2025-04-16 22:00:00,3.62,0.15,0.0,0.0,85.01,13.01,13.42,13.78,0.23,
108,2025-04-16 23:00:00,2.41,0.03,0.0,0.0,87.5,12.5,12.64,12.75,0.18,
108,2025-04-17 00:00:00,2.41,0.05,0.0,0.0,90.09,11.85,12.01,12.09,0.14,
108,2025-04-17 01:00:00,6.04,0.76,0.0,0.0,91.2,11.58,11.74,11.91,0.12,
108,2025-04-17 02:00:00,1.21,0.0,0.0,0.0,90.69,11.84,11.91,12.03,0.13,
108,2025-04-17 03:00:00,1.21,0.0,0.0,0.0,91.47,12.17,12.37,12.51,0.12,
108,2025-04-17 04:00:00,8.45,0.5,0.0,0.0,91.71,12.4,12.52,12.57,0.12,
108,2025-04-17 05:00:00,8.45,1.52,0.0,0.0,91.68,12.12,12.2,12.3,0.12,
108,2025-04-17 06:00:00,7.24,0.84,0.0,0.0,91.89,11.58,11.69,11.89,0.11,
108,2025-04-17 07:00:00,3.62,0.06,0.0,0.0,91.88,11.5,11.52,11.54,0.11,
108,2025-04-17 08:00:00,6.04,0.09,25.44,0.0,91.23,11.46,11.48,11.53,0.12,
108,2025-04-17 09:00:00,7.24,0.41,86.42,0.0,90.25,11.39,11.5,11.63,0.14,
108,2025-04-17 10:00:00,9.66,0.85,465.88,0.0,78.19,12.75,13.68,14.45,0.35,
108,2025-04-17 11:00:00,9.66,1.0,625.56,0.0,64.06,15.02,16.01,16.92,0.66,
108,2025-04-17 12:00:00,8.45,0.91,723.83,0.0,57.42,17.68,18.0,18.42,0.88,
108,2025-04-17 13:00:00,7.24,0.81,745.32,0.0,53.43,19.0,19.49,20.07,1.06,
108,2025-04-17 14:00:00,9.66,1.12,748.39,0.0,47.17,20.22,20.4,20.67,1.27,
108,2025-04-17 15:00:00,16.9,1.93,703.21,0.0,45.96,21.0,21.04,21.07,1.35,
108,2025-04-17 16:00:00,12.07,1.62,571.6,0.0,44.49,20.76,20.93,21.21,1.38,
108,2025-04-17 17:00:00,12.07,1.24,420.26,0.0,44.57,19.83,20.06,20.39,1.3,
108,2025-04-17 18:00:00,6.04,0.5,229.87,0.0,49.21,17.8,18.64,19.46,1.09,
108,2025-04-17 19:00:00,2.41,0.05,19.74,0.0,58.93,14.05,15.55,16.77,0.73,
108,2025-04-17 20:00:00,7.24,1.15,0.0,0.0,69.25,12.5,13.02,13.55,0.46,
108,2025-04-17 21:00:00,7.24,0.79,0.0,0.0,74.7,11.37,11.74,12.2,0.35,
108,2025-04-17 22:00:00,1.21,0.03,0.0,0.0,78.54,9.63,10.64,11.47,0.28,
108,2025-04-17 23:00:00,6.04,1.1,0.0,0.0,85.15,8.67,8.95,9.35,0.17,
108,2025-04-18 00:00:00,7.24,1.4,0.0,0.0,85.86,8.78,8.92,9.08,0.16,
108,2025-04-18 01:00:00,4.83,0.15,0.0,0.0,87.61,8.07,8.27,8.52,0.14,
108,2025-04-18 02:00:00,8.45,1.46,0.0,0.0,88.76,7.6,7.93,8.18,0.12,
108,2025-04-18 03:00:00,7.24,0.71,0.0,0.0,90.19,6.71,7.13,7.44,0.1,
108,2025-04-18 04:00:00,3.62,0.09,0.0,0.0,91.35,6.49,6.54,6.59,0.08,
108,2025-04-18 05:00:00,2.41,0.02,0.0,0.0,91.15,4.74,5.67,6.28,0.08,
108,2025-04-18 06:00:00,1.21,0.0,0.0,0.0,91.37,3.27,3.92,4.3,0.07,
108,2025-04-18 07:00:00,1.21,0.0,0.0,0.0,92.73,2.9,3.38,3.64,0.06,
108,2025-04-18 08:00:00,1.21,0.0,33.78,0.0,93.11,2.13,2.42,2.96,0.05,
108,2025-04-18 09:00:00,1.21,0.0,86.42,0.0,94.13,3.99,5.21,6.49,0.05,
108,2025-04-18 10:00:00,7.24,0.18,162.75,0.0,92.02,6.96,7.7,8.62,0.09,
108,2025-04-18 11:00:00,12.07,1.1,661.53,0.0,77.98,9.21,11.1,12.77,0.3,
108,2025-04-18 12:00:00,8.45,0.8,710.67,0.0,63.81,13.3,14.29,15.25,0.59,
108,2025-04-18 13:00:00,9.66,0.97,737.43,0.0,57.52,15.4,16.09,17.04,0.78,
108,2025-04-18 14:00:00,10.86,1.75,738.74,0.0,50.12,17.55,18.13,18.87,1.04,
108,2025-04-18 15:00:00,13.28,2.04,680.84,0.0,46.41,19.07,19.7,20.18,1.23,
108,2025-04-18 16:00:00,8.45,0.56,578.18,0.0,44.18,20.73,20.85,20.94,1.38,
108,2025-04-18 17:00:00,3.62,0.23,435.61,0.0,43.69,20.46,20.77,20.93,1.38,
108,2025-04-18 18:00:00,2.41,0.08,189.51,0.0,49.41,18.11,19.41,20.35,1.15,
108,2025-04-18 19:00:00,0.0,0.0,9.21,0.0,66.34,12.6,14.6,16.82,0.57,
108,2025-04-18 20:00:00,1.21,0.0,0.0,0.0,76.07,11.03,11.51,12.13,0.33,
108,2025-04-18 21:00:00,0.0,0.0,0.0,0.0,79.32,8.08,9.54,10.7,0.25,
108,2025-04-18 22:00:00,1.21,0.05,0.0,0.0,85.11,7.65,8.18,8.74,0.16,
108,2025-04-18 23:00:00,0.0,0.0,0.0,0.0,86.08,6.69,7.16,7.96,0.14,
108,2025-04-19 00:00:00,0.0,0.0,0.0,0.0,88.49,5.88,6.12,6.41,0.11,
108,2025-04-19 01:00:00,0.0,0.0,0.0,0.0,89.97,5.93,6.15,6.58,0.1,
108,2025-04-19 02:00:00,0.0,0.0,0.0,0.0,90.13,4.51,4.8,5.17,0.09,
108,2025-04-19 03:00:00,4.83,0.12,0.0,0.0,91.66,4.44,4.69,4.98,0.07,
108,2025-04-19 04:00:00,0.0,0.0,0.0,0.0,92.1,4.19,4.39,4.68,0.07,
108,2025-04-19 05:00:00,0.0,0.0,0.0,0.0,92.28,3.56,3.7,3.77,0.06,
108,2025-04-19 06:00:00,0.0,0.0,0.0,0.0,92.26,2.49,2.98,3.4,0.06,
108,2025-04-19 07:00:00,0.0,0.0,0.0,0.0,92.27,1.67,1.98,2.27,0.06,
108,2025-04-19 08:00:00,1.21,0.0,21.5,0.0,93.12,1.6,1.9,2.33,0.05,
108,2025-04-19 09:00:00,0.0,0.0,174.16,0.0,94.19,2.59,3.66,5.01,0.05,
108,2025-04-19 10:00:00,0.0,0.0,245.66,0.0,94.83,6.06,7.24,8.45,0.05,
108,2025-04-19 11:00:00,9.66,1.43,638.72,0.0,86.99,9.19,11.29,13.32,0.19,
108,2025-04-19 12:00:00,12.07,2.18,742.25,0.0,69.21,14.12,15.41,16.48,0.55,
108,2025-04-19 13:00:00,4.83,0.33,750.59,0.0,58.93,17.44,18.47,19.38,0.88,
108,2025-04-19 14:00:00,9.66,1.87,726.02,0.0,52.82,19.38,20.23,21.04,1.12,
108,2025-04-19 15:00:00,10.86,2.02,683.91,0.0,46.18,20.54,21.51,22.11,1.39,
108,2025-04-19 16:00:00,7.24,0.2,525.98,0.0,45.04,21.69,22.15,22.78,1.47,
108,2025-04-19 17:00:00,1.21,0.0,194.78,0.0,50.41,21.69,21.86,22.04,1.3,
108,2025-04-19 18:00:00,1.21,0.0,112.74,0.0,63.09,17.35,19.42,21.26,0.84,
108,2025-04-19 19:00:00,0.0,0.0,0.0,0.0,72.86,13.01,14.51,15.93,0.45,
108,2025-04-19 20:00:00,0.0,0.0,0.0,0.0,79.39,10.8,11.77,12.5,0.29,
108,2025-04-19 21:00:00,0.0,0.0,0.0,0.0,84.56,8.91,9.41,9.99,0.18,
108,2025-04-19 22:00:00,0.0,0.0,0.0,0.0,86.8,8.33,8.42,8.59,0.15,
108,2025-04-19 23:00:00,0.0,0.0,0.0,0.0,88.12,7.7,7.89,8.04,0.13,
108,2025-04-20 00:00:00,0.0,0.0,0.0,0.0,88.77,6.71,7.01,7.25,0.11,
108,2025-04-20 01:00:00,0.0,0.0,0.0,0.0,90.01,5.86,6.07,6.25,0.1,
108,2025-04-20 02:00:00,0.0,0.0,0.0,0.0,91.16,5.23,5.55,5.71,0.08,
108,2025-04-20 03:00:00,0.0,0.0,0.0,0.0,90.92,3.98,4.26,4.51,0.08,
108,2025-04-20 04:00:00,0.0,0.0,0.0,0.0,91.93,3.75,3.83,4.01,0.07,
108,2025-04-20 05:00:00,0.0,0.0,0.0,0.0,92.57,3.11,3.31,3.53,0.06,
108,2025-04-20 06:00:00,0.0,0.0,0.0,0.0,93.33,3.21,3.24,3.25,0.05,
108,2025-04-20 07:00:00,1.21,0.0,0.0,0.0,93.48,2.42,2.69,3.03,0.05,
108,2025-04-20 08:00:00,0.0,0.0,45.62,0.0,93.91,2.33,2.76,3.13,0.05,
108,2025-04-20 09:00:00,0.0,0.0,217.59,0.0,94.46,3.81,5.38,7.07,0.05,
108,2025-04-20 10:00:00,2.41,0.03,458.42,0.0,90.22,7.96,9.47,10.95,0.12,
108,2025-04-20 11:00:00,6.04,0.35,601.87,0.0,77.76,12.1,13.6,14.96,0.35,
108,2025-04-20 12:00:00,7.24,0.51,671.19,0.0,66.33,15.96,16.83,17.92,0.65,
108,2025-04-20 13:00:00,10.86,0.78,711.11,0.0,57.73,18.67,19.56,20.5,0.97,
108,2025-04-20 14:00:00,6.04,1.18,701.02,0.0,49.7,20.88,22.04,23.24,1.34,
108,2025-04-20 15:00:00,10.86,1.78,647.06,0.0,43.14,22.81,23.37,23.88,1.64,
108,2025-04-20 16:00:00,10.86,0.74,476.41,0.0,41.37,23.46,23.82,24.18,1.73,
108,2025-04-20 17:00:00,1.21,0.0,360.16,0.0,43.03,22.52,22.99,23.36,1.6,
108,2025-04-20 18:00:00,0.0,0.0,88.18,0.0,55.07,18.66,20.51,22.01,1.1,
108,2025-04-20 19:00:00,0.0,0.0,11.84,0.0,68.26,15.49,16.19,17.84,0.59,
108,2025-04-20 20:00:00,0.0,0.0,0.0,0.0,74.12,12.7,13.74,15.06,0.41,
108,2025-04-20 21:00:00,10.86,0.86,0.0,0.0,81.29,11.09,11.47,11.85,0.25,
108,2025-04-20 22:00:00,4.83,0.27,0.0,0.0,82.53,10.35,11.11,11.75,0.23,
108,2025-04-20 23:00:00,6.04,0.66,0.0,0.0,86.8,9.28,9.71,10.19,0.16,
108,2025-04-21 00:00:00,3.62,0.33,0.0,0.0,88.22,9.19,9.59,9.94,0.14,
108,2025-04-21 01:00:00,3.62,0.2,0.0,0.0,89.36,9.35,9.42,9.5,0.13,
108,2025-04-21 02:00:00,1.21,0.02,0.0,0.0,89.41,9.01,9.34,9.5,0.12,
108,2025-04-21 03:00:00,0.0,0.0,0.0,0.0,89.86,8.81,8.98,9.11,0.12,
108,2025-04-21 04:00:00,1.21,0.0,0.0,0.0,90.69,9.0,9.14,9.39,0.11,
108,2025-04-21 05:00:00,0.0,0.0,0.0,0.0,90.03,9.53,9.63,9.74,0.12,
108,2025-04-21 06:00:00,3.62,0.08,0.0,0.0,90.45,9.7,9.75,9.83,0.12,
108,2025-04-21 07:00:00,3.62,0.05,0.0,0.0,91.1,9.04,9.26,9.61,0.1,
108,2025-04-21 08:00:00,1.21,0.0,5.7,0.0,92.01,8.97,9.09,9.19,0.09,
108,2025-04-21 09:00:00,4.83,0.11,93.0,0.0,91.82,9.61,10.25,10.9,0.1,
108,2025-04-21 10:00:00,7.24,0.21,80.28,0.0,86.73,11.3,11.62,12.05,0.18,
108,2025-04-21 11:00:00,8.45,1.33,197.85,0.0,80.64,12.36,13.08,13.57,0.29,
108,2025-04-21 12:00:00,6.04,0.32,223.29,0.0,73.0,14.1,14.77,15.16,0.46,
108,2025-04-21 13:00:00,0.0,0.0,219.34,0.0,66.9,15.55,15.82,16.19,0.6,
108,2025-04-21 14:00:00,1.21,0.0,369.81,0.0,59.85,16.86,17.38,18.27,0.8,
108,2025-04-21 15:00:00,2.41,0.03,354.02,0.0,52.34,18.56,19.02,19.56,1.05,
108,2025-04-21 16:00:00,0.0,0.0,263.21,0.0,47.0,19.8,19.9,20.03,1.23,
108,2025-04-21 17:00:00,0.0,0.0,179.86,0.0,46.31,19.62,19.89,20.06,1.25,
108,2025-04-21 18:00:00,0.0,0.0,53.52,0.0,58.06,17.79,18.55,19.28,0.9,
108,2025-04-21 19:00:00,0.0,0.0,10.09,0.0,67.52,15.68,16.75,17.69,0.63,
108,2025-04-21 20:00:00,0.0,0.0,0.0,0.0,73.58,15.45,15.51,15.59,0.47,
108,2025-04-21 21:00:00,0.0,0.0,0.0,0.0,78.9,13.72,14.15,14.67,0.35,
108,2025-04-21 22:00:00,0.0,0.0,0.0,0.0,80.61,13.38,13.63,13.84,0.3,
108,2025-04-21 23:00:00,0.0,0.0,0.0,0.0,82.66,11.63,12.48,13.36,0.25,
108,2025-04-22 00:00:00,0.0,0.0,0.0,0.0,86.56,10.02,10.47,11.26,0.17,
108,2025-04-22 01:00:00,0.0,0.0,0.0,0.0,88.39,9.99,10.12,10.43,0.15,
108,2025-04-22 02:00:00,0.0,0.0,0.0,0.0,90.17,9.95,10.49,10.88,0.13,
108,2025-04-22 03:00:00,0.0,0.0,0.0,0.0,90.84,11.16,11.28,11.36,0.12,
108,2025-04-22 04:00:00,0.0,0.0,0.0,0.0,90.96,11.09,11.25,11.47,0.12,
108,2025-04-22 05:00:00,0.0,0.0,0.0,0.0,91.18,10.92,10.96,10.97,0.12,
108,2025-04-22 06:00:00,2.41,0.03,0.0,0.0,91.48,10.75,10.83,10.87,0.11,
108,2025-04-22 07:00:00,0.0,0.0,0.0,0.0,91.17,10.56,10.72,10.85,0.11,
108,2025-04-22 08:00:00,0.0,0.0,37.29,0.0,91.26,10.44,10.61,10.84,0.11,
108,2025-04-22 09:00:00,4.83,0.17,99.58,0.0,90.32,11.18,12.0,12.86,0.14,
108,2025-04-22 10:00:00,8.45,1.81,206.18,0.0,79.84,13.54,14.49,15.4,0.34,
108,2025-04-22 11:00:00,6.04,0.23,360.6,0.0,71.52,16.06,17.09,18.0,0.56,
108,2025-04-22 12:00:00,6.04,0.77,646.62,0.0,63.8,19.07,19.7,20.15,0.83,
108,2025-04-22 13:00:00,2.41,0.02,153.54,0.0,64.74,19.62,19.67,19.73,0.81,
108,2025-04-22 14:00:00,7.24,0.44,148.71,0.0,65.79,19.5,19.71,19.81,0.79,
108,2025-04-22 15:00:00,7.24,1.24,99.58,0.0,68.93,18.86,18.99,19.18,0.69,
108,2025-04-22 16:00:00,6.04,0.74,134.24,0.0,70.87,18.42,18.71,18.87,0.63,
108,2025-04-22 17:00:00,3.62,0.12,46.06,0.5,79.53,17.28,17.89,18.65,0.42,
108,2025-04-22 18:00:00,1.21,0.0,22.81,0.25,89.81,16.83,17.03,17.27,0.2,
108,2025-04-22 19:00:00,0.0,0.0,0.0,0.0,91.72,16.31,16.46,16.59,0.16,
108,2025-04-22 20:00:00,3.62,0.02,0.0,0.0,92.92,16.07,16.26,16.38,0.13,
108,2025-04-22 21:00:00,2.41,0.02,0.0,0.0,93.02,15.29,15.43,15.69,0.12,
108,2025-04-22 22:00:00,0.0,0.0,0.0,0.0,93.16,14.48,14.94,15.31,0.12,
108,2025-04-22 23:00:00,0.0,0.0,0.0,0.0,93.01,12.65,13.04,13.58,0.11,
108,2025-04-23 00:00:00,0.0,0.0,0.0,0.0,93.61,12.23,12.33,12.42,0.09,
108,2025-04-23 01:00:00,0.0,0.0,0.0,0.25,94.21,12.96,13.2,13.41,0.09,
108,2025-04-23 02:00:00,0.0,0.0,0.0,0.0,94.51,12.34,12.42,12.51,0.08,
108,2025-04-23 03:00:00,0.0,0.0,0.0,0.0,94.44,11.25,11.5,11.8,0.08,
108,2025-04-23 04:00:00,2.41,0.02,0.0,0.0,94.77,10.66,11.15,11.54,0.07,
108,2025-04-23 05:00:00,0.0,0.0,0.0,0.0,94.92,10.74,10.89,11.1,0.07,
108,2025-04-23 06:00:00,1.21,0.0,0.0,0.0,95.31,11.2,11.45,11.71,0.06,
108,2025-04-23 07:00:00,1.21,0.03,0.0,0.0,95.6,11.95,12.32,12.64,0.06,
108,2025-04-23 08:00:00,1.21,0.0,23.25,0.0,95.82,12.7,12.74,12.79,0.06,
108,2025-04-23 09:00:00,1.21,0.0,92.56,0.0,95.91,12.74,13.0,13.33,0.06,
108,2025-04-23 10:00:00,6.04,0.47,141.69,0.0,95.99,14.0,14.37,14.74,0.07,
108,2025-04-23 11:00:00,8.45,0.68,166.7,0.0,95.95,14.81,15.1,15.4,0.07,
108,2025-04-23 12:00:00,6.04,0.75,144.77,0.0,95.68,15.65,15.95,16.27,0.08,
108,2025-04-23 13:00:00,7.24,0.77,285.58,0.0,92.04,16.35,16.71,17.07,0.15,
108,2025-04-23 14:00:00,3.62,0.21,192.14,0.0,87.46,17.21,17.38,17.53,0.25,
108,2025-04-23 15:00:00,1.21,0.0,234.26,0.0,85.34,17.56,17.79,18.11,0.3,
108,2025-04-23 16:00:00,6.04,0.88,287.78,0.0,83.45,18.25,18.58,18.9,0.36,
108,2025-04-23 17:00:00,6.04,0.74,116.69,0.0,84.41,17.99,18.26,18.46,0.33,
108,2025-04-23 18:00:00,7.24,0.77,193.46,0.0,85.61,17.5,17.95,18.2,0.3,
108,2025-04-23 19:00:00,2.41,0.02,3.95,0.0,88.96,14.55,15.96,16.94,0.2,
108,2025-04-23 20:00:00,0.0,0.0,0.0,0.0,92.13,14.23,14.7,15.14,0.13,
108,2025-04-23 21:00:00,3.62,0.29,0.0,0.0,93.7,15.07,15.31,15.68,0.11,
108,2025-04-23 22:00:00,0.0,0.0,0.0,0.0,92.87,14.72,15.26,15.82,0.12,
108,2025-04-23 23:00:00,0.0,0.0,0.0,0.0,93.15,14.03,14.11,14.23,0.11,
108,2025-04-24 00:00:00,0.0,0.0,0.0,0.0,93.86,14.14,14.37,14.48,0.1,
108,2025-04-24 01:00:00,0.0,0.0,0.0,0.0,94.15,14.62,14.7,14.76,0.1,
108,2025-04-24 02:00:00,0.0,0.0,0.0,0.0,94.28,14.82,14.96,15.1,0.1,
108,2025-04-24 03:00:00,0.0,0.0,0.0,0.0,94.2,14.45,14.74,14.93,0.1,
108,2025-04-24 04:00:00,1.21,0.0,0.0,0.0,94.19,14.13,14.2,14.28,0.09,
108,2025-04-24 05:00:00,3.62,0.11,0.0,0.25,94.05,13.51,14.04,14.45,0.1,
108,2025-04-24 06:00:00,7.24,0.68,0.0,0.0,93.62,12.94,13.28,13.45,0.1,
108,2025-04-24 07:00:00,6.04,0.24,0.0,0.0,93.37,12.6,12.74,12.86,0.1,
108,2025-04-24 08:00:00,0.0,0.0,25.0,0.0,93.45,11.46,11.78,12.27,0.09,
108,2025-04-24 09:00:00,9.66,2.01,232.94,0.0,92.31,12.55,13.74,14.71,0.13,
108,2025-04-24 10:00:00,13.28,4.68,408.41,0.0,81.24,15.45,16.26,17.13,0.35,
108,2025-04-24 11:00:00,20.52,6.87,658.02,0.0,72.42,17.62,18.26,19.18,0.58,
108,2025-04-24 12:00:00,19.31,8.66,562.83,0.0,64.22,18.79,19.23,19.6,0.8,
108,2025-04-24 13:00:00,20.52,8.56,558.88,0.0,62.4,19.01,19.3,19.72,0.84,
108,2025-04-24 14:00:00,18.11,7.98,284.71,0.0,59.38,19.96,20.27,20.5,0.97,
108,2025-04-24 15:00:00,18.11,8.63,807.62,0.0,56.61,20.01,20.59,21.15,1.05,
108,2025-04-24 16:00:00,21.73,8.83,593.54,0.0,55.84,20.35,20.75,21.38,1.08,
108,2025-04-24 17:00:00,21.73,8.84,419.82,0.0,56.92,19.36,19.92,20.25,1.0,
108,2025-04-24 18:00:00,20.52,6.31,78.96,0.0,66.09,16.86,17.72,18.29,0.69,
108,2025-04-24 19:00:00,13.28,3.83,0.0,0.0,71.45,16.06,16.27,16.49,0.53,
108,2025-04-24 20:00:00,19.31,6.47,0.0,0.0,71.78,15.92,15.96,15.99,0.51,
108,2025-04-24 21:00:00,19.31,7.41,0.0,0.0,72.48,15.18,15.55,15.77,0.49,
108,2025-04-24 22:00:00,15.69,4.8,0.0,0.25,79.5,13.51,14.18,14.93,0.33,
108,2025-04-24 23:00:00,18.11,5.17,0.0,0.0,76.44,13.82,14.35,14.72,0.39,
108,2025-04-25 00:00:00,20.52,7.08,0.0,0.76,76.21,13.16,14.44,15.02,0.4,
108,2025-04-25 01:00:00,16.9,4.33,0.0,0.51,90.27,12.2,12.4,12.67,0.14,
108,2025-04-25 02:00:00,12.07,3.41,0.0,0.0,92.47,12.2,12.28,12.33,0.11,
108,2025-04-25 03:00:00,8.45,1.74,0.0,0.0,92.87,12.23,12.27,12.3,0.1,
108,2025-04-25 04:00:00,8.45,0.88,0.0,0.0,93.33,12.29,12.32,12.34,0.1,
108,2025-04-25 05:00:00,9.66,0.39,0.0,0.0,94.04,11.98,12.16,12.25,0.08,
108,2025-04-25 06:00:00,3.62,0.09,0.0,0.0,94.17,11.6,11.76,11.87,0.08,
108,2025-04-25 07:00:00,1.21,0.0,0.0,0.0,94.18,11.1,11.31,11.53,0.08,
108,2025-04-25 08:00:00,0.0,0.0,23.25,0.0,93.96,10.16,10.52,10.97,0.08,
108,2025-04-25 09:00:00,6.04,0.78,301.81,0.0,94.23,10.77,11.76,12.53,0.08,
108,2025-04-25 10:00:00,7.24,1.48,431.66,0.76,90.56,12.92,13.64,14.19,0.15,
108,2025-04-25 11:00:00,8.45,2.19,616.35,0.0,79.85,14.5,15.36,16.09,0.35,
108,2025-04-25 12:00:00,10.86,3.23,790.95,0.0,64.36,16.39,16.69,17.01,0.68,
108,2025-04-25 13:00:00,14.48,3.54,890.09,0.0,58.9,16.45,17.52,17.97,0.83,
108,2025-04-25 14:00:00,14.48,3.58,769.45,0.0,56.33,17.72,18.22,18.89,0.92,
108,2025-04-25 15:00:00,15.69,4.26,817.27,0.0,53.59,18.2,18.9,19.56,1.01,
108,2025-04-25 16:00:00,15.69,4.83,171.53,0.0,55.58,17.2,17.99,18.73,0.92,
108,2025-04-25 17:00:00,15.69,3.91,103.09,0.0,73.84,15.02,15.21,15.38,0.45,
108,2025-04-25 18:00:00,9.66,0.98,54.84,0.0,70.65,14.93,15.15,15.33,0.51,
108,2025-04-25 19:00:00,3.62,0.05,0.88,0.0,75.67,13.99,14.35,14.76,0.4,
108,2025-04-25 20:00:00,3.62,0.11,0.0,0.0,82.37,12.15,12.65,13.26,0.26,
108,2025-04-25 21:00:00,1.21,0.0,0.0,0.0,86.55,10.68,11.33,11.84,0.18,
108,2025-04-25 22:00:00,1.21,0.0,0.0,0.0,90.03,9.23,9.57,10.22,0.12,
108,2025-04-25 23:00:00,0.0,0.0,0.0,0.0,91.28,8.5,8.73,8.93,0.1,
108,2025-04-26 00:00:00,2.41,0.06,0.0,0.0,92.38,8.25,8.33,8.43,0.08,
108,2025-04-26 01:00:00,3.62,0.06,0.0,0.0,93.05,7.29,7.51,7.69,0.07,
108,2025-04-26 02:00:00,7.24,1.61,0.0,0.0,94.41,7.34,7.35,7.37,0.06,
108,2025-04-26 03:00:00,4.83,0.11,0.0,0.0,94.43,6.58,7.01,7.32,0.06,
108,2025-04-26 04:00:00,2.41,0.02,0.0,0.0,94.54,6.48,6.63,6.76,0.05,
108,2025-04-26 05:00:00,6.04,0.44,0.0,0.0,94.85,6.62,6.78,6.9,0.05,
108,2025-04-26 06:00:00,3.62,0.2,0.0,0.25,94.94,6.16,6.75,7.42,0.05,
108,2025-04-26 07:00:00,7.24,0.6,0.0,0.0,95.56,7.59,7.8,8.04,0.05,
108,2025-04-26 08:00:00,6.04,0.75,29.83,0.0,95.51,7.9,7.93,7.99,0.05,
108,2025-04-26 09:00:00,9.66,1.54,119.76,0.0,95.59,7.8,7.99,8.14,0.05,
108,2025-04-26 10:00:00,10.86,2.32,132.48,0.0,94.85,8.04,8.16,8.31,0.06,
108,2025-04-26 11:00:00,7.24,0.98,611.96,0.0,88.78,8.63,9.56,11.16,0.14,
108,2025-04-26 12:00:00,12.07,2.48,665.48,0.0,72.13,12.13,12.95,14.03,0.42,
108,2025-04-26 13:00:00,10.86,2.57,691.36,0.0,65.33,14.31,14.9,15.21,0.59,
108,2025-04-26 14:00:00,9.66,2.63,690.93,0.0,59.89,15.61,16.14,16.7,0.74,
108,2025-04-26 15:00:00,13.28,2.79,634.34,0.0,56.47,17.09,17.61,17.89,0.88,
108,2025-04-26 16:00:00,19.31,2.94,529.49,0.0,54.66,17.62,17.7,17.8,0.92,
108,2025-04-26 17:00:00,10.86,3.22,378.58,0.0,54.89,16.65,17.05,17.32,0.88,
108,2025-04-26 18:00:00,8.45,0.95,138.62,0.0,56.04,14.76,15.72,16.48,0.79,
108,2025-04-26 19:00:00,3.62,0.27,9.21,0.0,68.54,11.35,12.59,13.64,0.46,
108,2025-04-26 20:00:00,4.83,0.35,0.0,0.0,76.33,10.68,11.08,11.47,0.32,
108,2025-04-26 21:00:00,6.04,0.26,0.0,0.0,80.62,9.87,10.29,10.6,0.25,
108,2025-04-26 22:00:00,1.21,0.0,0.0,0.0,85.17,7.49,8.26,9.36,0.16,
108,2025-04-26 23:00:00,4.83,0.91,0.0,0.0,89.14,7.37,7.84,8.11,0.12,
108,2025-04-27 00:00:00,4.83,0.21,0.0,0.0,88.99,6.71,7.32,7.89,0.12,
108,2025-04-27 01:00:00,0.0,0.0,0.0,0.0,90.07,5.93,6.01,6.1,0.09,
108,2025-04-27 02:00:00,0.0,0.0,0.0,0.0,90.76,4.13,4.96,5.99,0.08,
108,2025-04-27 03:00:00,1.21,0.0,0.0,0.0,91.22,3.46,3.79,4.19,0.07,
108,2025-04-27 04:00:00,2.41,0.05,0.0,0.0,93.13,4.22,4.76,5.2,0.06,
108,2025-04-27 05:00:00,0.0,0.0,0.0,0.0,92.9,3.21,3.44,3.85,0.06,
108,2025-04-27 06:00:00,0.0,0.0,0.0,0.0,93.44,2.36,3.12,3.85,0.05,
108,2025-04-27 07:00:00,0.0,0.0,0.0,0.0,93.49,2.02,2.24,2.45,0.05,
108,2025-04-27 08:00:00,1.21,0.0,17.11,0.0,94.07,2.9,3.29,3.68,0.05,
108,2025-04-27 09:00:00,1.21,0.0,245.66,0.0,94.77,4.37,5.73,7.24,0.05,
108,2025-04-27 10:00:00,9.66,1.54,441.75,0.0,89.85,7.86,8.94,10.15,0.12,
108,2025-04-27 11:00:00,9.66,1.48,576.87,0.0,77.54,10.92,12.39,13.61,0.33,
108,2025-04-27 12:00:00,6.04,1.69,623.37,0.0,60.25,17.64,17.64,17.64,0.8,
108,2025-04-27 13:00:00,8.45,2.17,637.85,0.0,58.8,18.04,18.04,18.04,0.85,
108,2025-04-27 14:00:00,9.66,2.26,674.69,0.0,56.52,18.9,19.38,20.0,0.98,
108,2025-04-27 15:00:00,9.66,2.32,569.85,0.0,55.39,19.72,19.95,20.54,1.04,
108,2025-04-27 16:00:00,13.28,2.87,581.26,0.0,53.42,20.26,20.46,20.84,1.12,
108,2025-04-27 17:00:00,12.07,2.61,326.82,0.0,54.75,18.82,19.48,20.12,1.03,
108,2025-04-27 18:00:00,8.45,1.12,107.92,0.0,63.23,16.42,17.6,18.61,0.75,
108,2025-04-27 19:00:00,3.62,0.26,5.7,0.0,72.0,13.13,14.51,15.57,0.47,
108,2025-04-27 20:00:00,4.83,0.36,0.0,0.0,75.16,12.65,12.91,13.09,0.37,
108,2025-04-27 21:00:00,9.66,0.86,0.0,0.0,77.7,11.7,12.26,12.71,0.32,
108,2025-04-27 22:00:00,6.04,0.71,0.0,0.0,84.08,9.94,10.66,11.44,0.21,
108,2025-04-27 23:00:00,2.41,0.03,0.0,0.0,87.36,8.53,9.05,9.7,0.15,
108,2025-04-28 00:00:00,0.0,0.0,0.0,0.0,90.31,8.71,8.99,9.12,0.11,
108,2025-04-28 01:00:00,0.0,0.0,0.0,0.0,91.64,8.04,8.17,8.39,0.09,
108,2025-04-28 02:00:00,4.83,0.26,0.0,0.0,92.84,7.41,7.6,7.72,0.08,
108,2025-04-28 03:00:00,0.0,0.0,0.0,0.0,93.0,5.69,6.84,7.59,0.07,
108,2025-04-28 04:00:00,0.0,0.0,0.0,0.0,92.51,4.3,4.93,5.3,0.07,
108,2025-04-28 05:00:00,0.0,0.0,0.0,0.0,93.73,6.21,7.03,7.79,0.06,
108,2025-04-28 06:00:00,7.24,0.06,0.0,0.0,94.6,7.97,8.14,8.21,0.06,
108,2025-04-28 07:00:00,2.41,0.09,0.0,0.0,95.39,8.01,8.04,8.07,0.05,
108,2025-04-28 08:00:00,2.41,0.05,15.79,0.0,95.55,7.93,8.0,8.14,0.05,
108,2025-04-28 09:00:00,6.04,0.26,46.5,0.0,95.6,7.89,7.94,8.0,0.05,
108,2025-04-28 10:00:00,3.62,0.02,88.18,0.0,95.54,8.04,8.23,8.43,0.05,
108,2025-04-28 11:00:00,7.24,0.24,117.13,0.0,95.02,8.52,8.85,9.18,0.06,
108,2025-04-28 12:00:00,4.83,0.33,154.86,0.0,91.27,9.4,9.74,10.19,0.11,
108,2025-04-28 13:00:00,8.45,0.88,290.85,0.0,86.06,10.53,11.05,11.74,0.19,
108,2025-04-28 14:00:00,6.04,0.36,833.5,0.0,74.95,13.33,14.02,14.61,0.4,
108,2025-04-28 15:00:00,7.24,0.57,626.0,0.0,68.21,15.23,15.96,16.59,0.58,
108,2025-04-28 16:00:00,4.83,0.29,524.23,0.0,62.4,16.9,17.7,18.1,0.76,
108,2025-04-28 17:00:00,6.04,0.24,379.9,0.0,61.34,17.97,18.19,18.45,0.81,
108,2025-04-28 18:00:00,2.41,0.02,80.72,0.0,68.68,15.29,16.54,17.48,0.59,
108,2025-04-28 19:00:00,0.0,0.0,4.39,0.0,77.86,11.95,13.22,14.58,0.34,
108,2025-04-28 20:00:00,1.21,0.0,0.0,0.0,85.48,10.15,10.67,11.23,0.19,
108,2025-04-28 21:00:00,1.21,0.0,0.0,0.0,89.19,9.15,9.41,9.61,0.13,
108,2025-04-28 22:00:00,0.0,0.0,0.0,0.0,90.35,7.76,8.16,8.52,0.1,
108,2025-04-28 23:00:00,0.0,0.0,0.0,0.0,90.33,6.02,6.28,6.84,0.09,
108,2025-04-29 00:00:00,0.0,0.0,0.0,0.0,91.82,4.7,5.33,5.83,0.08,
108,2025-04-29 01:00:00,0.0,0.0,0.0,0.0,92.73,3.91,4.23,4.72,0.06,
108,2025-04-29 02:00:00,0.0,0.0,0.0,0.0,93.08,2.7,3.24,3.8,0.05,
108,2025-04-29 03:00:00,0.0,0.0,0.0,0.0,93.45,2.07,2.34,2.52,0.05,
108,2025-04-29 04:00:00,0.0,0.0,0.0,0.25,93.8,1.87,2.03,2.32,0.04,
108,2025-04-29 05:00:00,0.0,0.0,0.0,0.0,94.4,2.87,3.44,4.19,0.04,
108,2025-04-29 06:00:00,0.0,0.0,0.0,0.0,94.91,4.86,5.64,6.35,0.05,
108,2025-04-29 07:00:00,0.0,0.0,0.0,0.0,95.63,6.83,7.1,7.24,0.04,
108,2025-04-29 08:00:00,0.0,0.0,13.16,0.0,95.61,7.27,7.31,7.35,0.04,
108,2025-04-29 09:00:00,0.0,0.0,35.53,0.0,95.62,7.29,7.47,7.66,0.05,
108,2025-04-29 10:00:00,0.0,0.0,74.58,0.0,95.7,7.77,7.98,8.18,0.05,
108,2025-04-29 11:00:00,7.24,0.33,102.21,0.0,95.53,8.22,8.54,8.73,0.05,
108,2025-04-29 12:00:00,3.62,0.08,119.32,0.0,95.32,8.91,9.01,9.12,0.05,
108,2025-04-29 13:00:00,4.83,0.38,107.48,0.0,94.73,9.28,9.41,9.54,0.06,
108,2025-04-29 14:00:00,7.24,0.66,110.55,0.0,91.51,9.67,9.84,9.98,0.11,
108,2025-04-29 15:00:00,4.83,0.2,111.86,0.0,90.3,9.84,10.08,10.27,0.12,
108,2025-04-29 16:00:00,4.83,0.23,83.79,0.0,89.4,10.07,10.19,10.32,0.13,
108,2025-04-29 17:00:00,2.41,0.05,49.13,0.0,89.54,10.12,10.17,10.22,0.13,
108,2025-04-29 18:00:00,1.21,0.0,21.5,0.0,89.69,10.01,10.05,10.08,0.13,
108,2025-04-29 19:00:00,4.83,0.06,0.0,0.0,88.92,9.77,9.87,9.94,0.14,
108,2025-04-29 20:00:00,2.41,0.03,0.0,0.0,88.61,9.8,9.85,9.9,0.14,
108,2025-04-29 21:00:00,1.21,0.0,0.0,0.0,89.89,9.6,9.68,9.83,0.12,
108,2025-04-29 22:00:00,1.21,0.0,0.0,0.0,89.85,9.5,9.56,9.58,0.12,
108,2025-04-29 23:00:00,0.0,0.0,0.0,0.0,89.9,9.54,9.56,9.57,0.12,
108,2025-04-30 00:00:00,2.41,0.0,0.0,0.0,89.92,9.33,9.41,9.5,0.12,
108,2025-04-30 01:00:00,1.21,0.0,0.0,0.0,90.3,9.23,9.26,9.28,0.11,
108,2025-04-30 02:00:00,0.0,0.0,0.0,0.0,90.56,9.07,9.12,9.17,0.11,
108,2025-04-30 03:00:00,4.83,0.15,0.0,0.0,90.54,9.02,9.08,9.15,0.11,
108,2025-04-30 04:00:00,4.83,0.35,0.0,0.0,90.9,8.7,8.84,8.98,0.11,
108,2025-04-30 05:00:00,6.04,0.27,0.0,0.0,92.17,8.62,8.66,8.71,0.09,
108,2025-04-30 06:00:00,6.04,0.35,0.0,0.0,93.44,8.55,8.61,8.66,0.07,
108,2025-04-30 07:00:00,3.62,0.2,0.0,0.25,93.91,8.57,8.64,8.67,0.07,
108,2025-04-30 08:00:00,3.62,0.11,11.41,0.0,94.16,8.56,8.57,8.59,0.07,
108,2025-04-30 09:00:00,10.86,1.33,30.27,0.25,94.41,8.42,8.52,8.64,0.06,
108,2025-04-30 10:00:00,7.24,0.91,89.49,0.0,94.64,8.55,8.89,9.17,0.06,
108,2025-04-30 11:00:00,3.62,0.33,92.56,0.0,94.35,9.43,9.62,9.91,0.07,
108,2025-04-30 12:00:00,6.04,0.51,90.37,0.0,93.74,10.02,10.14,10.32,0.08,
108,2025-04-30 13:00:00,7.24,0.66,114.5,0.0,93.33,10.42,10.53,10.73,0.09,
108,2025-04-30 14:00:00,4.83,0.41,98.7,0.0,92.91,10.87,11.03,11.2,0.09,
108,2025-04-30 15:00:00,8.45,1.25,78.09,0.0,92.73,10.92,11.01,11.12,0.1,
108,2025-04-30 16:00:00,9.66,1.04,66.24,0.0,92.9,10.85,10.96,11.1,0.09,
108,2025-04-30 17:00:00,9.66,1.96,107.48,0.25,90.65,11.36,11.7,11.92,0.13,
108,2025-04-30 18:00:00,12.07,3.61,48.69,0.0,84.47,11.57,11.75,11.89,0.21,
108,2025-04-30 19:00:00,9.66,2.2,0.0,0.0,87.9,11.23,11.3,11.39,0.17,
108,2025-04-30 20:00:00,9.66,1.87,0.0,0.0,87.9,10.91,11.14,11.4,0.16,
108,2025-04-30 21:00:00,12.07,2.42,0.0,0.0,86.2,11.18,11.31,11.53,0.19,
108,2025-04-30 22:00:00,7.24,0.92,0.0,0.0,89.29,10.35,10.71,11.1,0.14,
108,2025-04-30 23:00:00,6.04,0.71,0.0,0.0,89.86,10.39,10.54,10.67,0.13,
108,2025-05-01 00:00:00,7.24,1.09,0.0,0.0,88.4,10.08,10.17,10.36,0.15,
108,2025-05-01 01:00:00,3.62,0.17,0.0,0.0,88.16,9.65,9.77,9.9,0.14,
108,2025-05-01 02:00:00,6.04,0.2,0.0,0.0,88.09,9.47,9.85,10.09,0.15,
108,2025-05-01 03:00:00,1.21,0.0,0.0,0.0,90.14,8.1,8.6,9.14,0.11,
108,2025-05-01 04:00:00,0.0,0.0,0.0,0.0,92.21,8.42,8.52,8.6,0.09,
108,2025-05-01 05:00:00,0.0,0.0,0.0,0.0,93.11,8.84,9.13,9.35,0.08,
108,2025-05-01 06:00:00,2.41,0.02,0.0,0.0,93.42,9.49,9.59,9.64,0.08,
108,2025-05-01 07:00:00,1.21,0.02,0.0,0.0,93.15,9.18,9.46,9.63,0.08,
108,2025-05-01 08:00:00,1.21,0.0,20.62,0.0,92.23,8.93,9.15,9.46,0.09,
108,2025-05-01 09:00:00,6.04,0.2,103.97,0.0,87.25,9.77,10.42,11.09,0.16,
108,2025-05-01 10:00:00,4.83,0.38,190.39,0.0,80.31,11.56,12.12,12.55,0.28,
108,2025-05-01 11:00:00,10.86,1.43,370.69,0.0,76.93,12.82,13.54,14.37,0.36,
108,2025-05-01 12:00:00,7.24,0.88,399.64,0.0,67.91,14.92,15.32,15.87,0.56,
108,2025-05-01 13:00:00,9.66,1.4,769.01,0.0,60.83,16.63,16.91,17.18,0.76,
108,2025-05-01 14:00:00,8.45,1.22,436.05,0.0,61.37,17.21,17.45,17.65,0.77,
108,2025-05-01 15:00:00,6.04,0.54,279.0,0.0,62.03,17.16,17.22,17.32,0.75,
108,2025-05-01 16:00:00,6.04,0.89,291.72,0.0,64.78,16.62,16.91,17.14,0.68,
108,2025-05-01 17:00:00,4.83,0.06,117.13,0.0,69.48,15.51,16.14,16.7,0.56,
108,2025-05-01 18:00:00,4.83,0.05,52.64,0.0,73.43,15.17,15.24,15.33,0.46,
108,2025-05-01 19:00:00,0.0,0.0,21.5,0.0,78.85,12.77,13.61,14.68,0.33,
108,2025-05-01 20:00:00,1.21,0.0,0.0,0.0,85.64,11.6,11.94,12.29,0.2,
108,2025-05-01 21:00:00,1.21,0.0,0.0,0.0,89.39,10.59,11.06,11.5,0.14,
108,2025-05-01 22:00:00,2.41,0.03,0.0,0.0,91.13,9.33,9.77,10.26,0.11,
108,2025-05-01 23:00:00,2.41,0.05,0.0,0.0,92.55,8.53,8.75,8.94,0.08,
108,2025-05-02 00:00:00,3.62,0.48,0.0,0.0,93.05,8.38,8.43,8.49,0.08,
108,2025-05-02 01:00:00,0.0,0.0,0.0,0.0,92.35,6.54,7.14,7.99,0.08,
108,2025-05-02 02:00:00,2.41,0.02,0.0,0.0,92.78,5.1,5.85,6.35,0.07,
108,2025-05-02 03:00:00,1.21,0.0,0.0,0.0,94.23,5.85,6.2,6.69,0.05,
108,2025-05-02 04:00:00,0.0,0.0,0.0,0.0,94.02,4.37,4.85,5.37,0.05,
108,2025-05-02 05:00:00,0.0,0.0,0.0,0.0,94.34,3.81,4.58,5.03,0.05,
108,2025-05-02 06:00:00,0.0,0.0,0.0,0.0,95.03,4.39,5.64,6.11,0.05,
108,2025-05-02 07:00:00,2.41,0.02,0.0,0.0,95.3,5.97,6.2,6.51,0.04,
108,2025-05-02 08:00:00,7.24,0.39,16.67,0.0,95.54,5.99,6.25,6.54,0.04,
108,2025-05-02 09:00:00,1.21,0.0,74.58,0.0,95.83,6.79,7.11,7.39,0.04,
108,2025-05-02 10:00:00,3.62,0.05,149.15,0.0,95.94,7.35,7.61,7.8,0.04,
108,2025-05-02 11:00:00,6.04,0.5,168.02,0.0,95.89,7.9,8.25,8.55,0.05,
108,2025-05-02 12:00:00,8.45,1.57,464.13,0.0,92.9,8.95,10.01,11.44,0.09,
108,2025-05-02 13:00:00,8.45,1.48,658.9,0.0,73.98,12.94,14.13,15.04,0.43,
108,2025-05-02 14:00:00,9.66,2.1,618.54,0.0,62.03,16.09,16.33,16.54,0.71,
108,2025-05-02 15:00:00,15.69,2.82,542.21,0.0,56.29,16.75,17.07,17.46,0.85,
108,2025-05-02 16:00:00,8.45,1.65,456.67,0.0,51.21,17.31,17.61,17.83,0.98,
108,2025-05-02 17:00:00,7.24,1.36,310.59,0.0,53.57,16.94,17.31,17.72,0.92,
108,2025-05-02 18:00:00,4.83,0.24,120.2,0.0,61.36,13.24,15.22,16.47,0.68,
108,2025-05-02 19:00:00,1.21,0.0,0.0,0.0,75.38,9.53,10.6,12.23,0.32,
108,2025-05-02 20:00:00,0.0,0.0,0.0,0.0,80.3,9.21,9.43,9.67,0.23,
108,2025-05-02 21:00:00,0.0,0.0,0.0,0.0,82.42,6.34,7.28,8.84,0.18,
108,2025-05-02 22:00:00,0.0,0.0,0.0,0.0,87.46,5.61,6.06,6.42,0.12,
108,2025-05-02 23:00:00,0.0,0.0,0.0,0.0,89.44,6.1,6.42,6.73,0.1,
108,2025-05-03 00:00:00,1.21,0.0,0.0,0.0,90.17,5.79,6.0,6.23,0.09,
108,2025-05-03 01:00:00,0.0,0.0,0.0,0.0,91.83,5.34,5.51,5.69,0.07,
108,2025-05-03 02:00:00,0.0,0.0,0.0,0.0,92.39,4.93,5.55,5.88,0.07,
108,2025-05-03 03:00:00,3.62,0.14,0.0,0.0,92.65,4.12,4.73,5.64,0.06,
108,2025-05-03 04:00:00,0.0,0.0,0.0,0.0,93.34,2.7,4.44,5.52,0.06,
108,2025-05-03 05:00:00,0.0,0.0,0.0,0.0,93.69,2.25,3.24,3.71,0.05,
108,2025-05-03 06:00:00,0.0,0.0,0.0,0.25,93.87,1.6,1.89,2.07,0.04,
108,2025-05-03 07:00:00,0.0,0.0,0.0,0.0,94.19,1.56,1.78,2.07,0.04,
108,2025-05-03 08:00:00,0.0,0.0,24.57,0.0,94.74,2.25,2.92,3.77,0.04,
108,2025-05-03 09:00:00,1.21,0.0,100.46,0.0,95.24,4.15,4.68,5.21,0.04,
108,2025-05-03 10:00:00,3.62,0.09,207.06,0.0,95.52,5.68,6.41,7.11,0.04,
108,2025-05-03 11:00:00,3.62,0.03,264.53,0.0,95.57,7.69,8.22,8.84,0.05,
108,2025-05-03 12:00:00,13.28,1.8,618.1,0.0,86.73,10.07,11.91,14.0,0.2,
108,2025-05-03 13:00:00,12.07,1.18,729.53,0.0,64.79,15.14,16.86,18.08,0.69,
108,2025-05-03 14:00:00,10.86,1.56,590.03,0.0,56.55,18.56,18.96,19.32,0.95,
108,2025-05-03 15:00:00,8.45,0.62,535.63,0.0,52.77,19.63,20.23,20.8,1.12,
108,2025-05-03 16:00:00,7.24,0.68,299.18,0.0,53.17,19.72,20.27,20.73,1.12,
108,2025-05-03 17:00:00,3.62,0.2,421.57,0.0,57.06,19.36,19.91,20.38,1.0,
108,2025-05-03 18:00:00,0.0,0.0,66.68,0.0,63.78,17.83,18.67,19.12,0.78,
108,2025-05-03 19:00:00,0.0,0.0,0.0,0.0,72.38,14.47,15.72,17.04,0.5,
108,2025-05-03 20:00:00,0.0,0.0,0.0,0.0,79.73,13.1,13.51,14.16,0.31,
108,2025-05-03 21:00:00,0.0,0.0,0.0,0.0,81.5,13.12,13.77,14.23,0.29,
108,2025-05-03 22:00:00,4.83,0.2,0.0,0.0,81.03,14.22,14.48,14.78,0.31,
108,2025-05-03 23:00:00,0.0,0.0,0.0,0.0,83.33,14.31,14.36,14.42,0.28,
108,2025-05-04 00:00:00,0.0,0.0,0.0,0.0,86.02,14.02,14.08,14.14,0.22,
108,2025-05-04 01:00:00,0.0,0.0,0.0,0.0,87.59,13.89,14.07,14.2,0.2,
108,2025-05-04 02:00:00,2.41,0.05,0.0,0.0,89.18,14.14,14.47,14.89,0.18,
108,2025-05-04 03:00:00,4.83,0.24,0.0,0.0,91.38,14.67,14.78,14.9,0.15,
108,2025-05-04 04:00:00,3.62,0.24,0.0,0.0,91.58,14.31,14.45,14.52,0.14,
108,2025-05-04 05:00:00,8.45,0.62,0.0,0.0,92.61,14.02,14.15,14.23,0.12,
108,2025-05-04 06:00:00,13.28,1.75,0.0,0.0,93.4,12.3,12.95,13.48,0.1,
108,2025-05-04 07:00:00,7.24,1.28,0.0,0.0,91.88,11.09,11.57,12.09,0.11,
108,2025-05-04 08:00:00,3.62,0.12,19.74,0.0,90.85,10.8,10.92,11.09,0.12,
108,2025-05-04 09:00:00,9.66,1.93,108.79,0.0,86.05,11.26,11.51,11.7,0.19,
108,2025-05-04 10:00:00,12.07,2.7,202.67,0.0,81.9,11.72,11.99,12.17,0.26,
108,2025-05-04 11:00:00,15.69,3.56,366.3,0.0,77.48,12.4,12.71,12.99,0.33,
108,2025-05-04 12:00:00,12.07,3.24,508.0,0.0,71.72,13.77,14.78,15.68,0.48,
108,2025-05-04 13:00:00,9.66,2.7,508.87,0.0,65.43,16.17,16.35,16.48,0.64,
108,2025-05-04 14:00:00,9.66,2.01,599.68,0.0,64.57,16.52,16.79,17.14,0.68,
108,2025-05-04 15:00:00,12.07,2.1,494.4,0.0,60.42,17.75,17.98,18.24,0.81,
108,2025-05-04 16:00:00,9.66,1.19,370.69,0.0,60.15,17.69,17.74,17.83,0.81,
108,2025-05-04 17:00:00,8.45,0.97,165.38,0.0,61.25,16.6,17.18,17.62,0.76,
108,2025-05-04 18:00:00,3.62,0.29,63.61,0.0,67.77,14.31,15.26,16.11,0.56,
108,2025-05-04 19:00:00,1.21,0.0,0.0,0.0,75.61,11.65,12.6,13.68,0.36,
108,2025-05-04 20:00:00,0.0,0.0,0.0,0.0,80.86,10.64,11.03,11.49,0.25,
108,2025-05-04 21:00:00,2.41,0.0,0.0,0.0,80.6,10.59,10.85,11.06,0.25,
108,2025-05-04 22:00:00,3.62,0.09,0.0,0.0,81.42,9.78,10.0,10.27,0.23,
108,2025-05-04 23:00:00,1.21,0.0,0.0,0.0,83.38,8.31,8.95,9.54,0.19,
108,2025-05-05 00:00:00,1.21,0.02,0.0,0.0,86.97,6.93,7.35,7.89,0.14,
108,2025-05-05 01:00:00,0.0,0.0,0.0,0.0,88.23,5.42,6.15,6.86,0.12,
108,2025-05-05 02:00:00,0.0,0.0,0.0,0.0,90.32,4.41,4.72,5.07,0.09,
108,2025-05-05 03:00:00,0.0,0.0,0.0,0.0,91.72,4.19,4.41,4.78,0.07,
108,2025-05-05 04:00:00,4.83,0.5,0.0,0.0,92.03,5.1,5.84,6.27,0.08,
108,2025-05-05 05:00:00,6.04,0.53,0.0,0.0,90.13,6.28,6.33,6.39,0.1,
108,2025-05-05 06:00:00,9.66,1.96,0.0,0.0,89.48,5.05,5.68,6.11,0.1,
108,2025-05-05 07:00:00,3.62,0.23,0.0,0.0,91.3,4.85,5.03,5.14,0.07,
108,2025-05-05 08:00:00,4.83,0.39,17.99,0.0,92.57,5.19,5.45,5.66,0.07,
108,2025-05-05 09:00:00,8.45,1.0,58.78,0.0,93.16,5.62,5.78,5.99,0.06,
108,2025-05-05 10:00:00,9.66,2.78,140.82,0.0,94.33,6.44,6.63,6.97,0.06,
108,2025-05-05 11:00:00,9.66,2.55,192.58,0.0,94.77,7.34,7.74,8.21,0.06,
108,2025-05-05 12:00:00,7.24,2.07,238.2,0.0,91.6,8.75,9.08,9.37,0.1,
108,2025-05-05 13:00:00,6.04,0.48,404.9,0.0,83.87,10.08,10.85,11.77,0.21,
108,2025-05-05 14:00:00,8.45,0.63,617.23,0.0,75.97,11.72,12.85,14.22,0.36,
108,2025-05-05 15:00:00,6.04,0.68,576.43,0.0,67.38,14.27,14.82,15.33,0.55,
108,2025-05-05 16:00:00,7.24,0.91,473.34,0.0,60.84,15.68,15.95,16.19,0.71,
108,2025-05-05 17:00:00,4.83,0.23,329.89,0.0,59.24,15.38,15.82,16.07,0.73,
108,2025-05-05 18:00:00,0.0,0.0,34.66,0.0,67.08,11.56,13.25,14.59,0.51,
108,2025-05-05 19:00:00,0.0,0.0,0.0,0.0,78.9,8.45,9.47,10.43,0.25,
108,2025-05-05 20:00:00,0.0,0.0,0.0,0.0,86.05,8.01,8.2,8.28,0.16,
108,2025-05-05 21:00:00,0.0,0.0,0.0,0.0,88.57,7.07,7.45,7.74,0.12,
108,2025-05-05 22:00:00,0.0,0.0,0.0,0.0,90.69,6.21,6.88,7.42,0.09,
108,2025-05-05 23:00:00,1.21,0.0,0.0,0.0,91.75,5.92,6.13,6.2,0.08,
108,2025-05-06 00:00:00,0.0,0.0,0.0,0.0,93.03,5.6,5.96,6.25,0.07,
108,2025-05-06 01:00:00,0.0,0.0,0.0,0.0,93.33,5.61,5.72,5.88,0.06,
108,2025-05-06 02:00:00,0.0,0.0,0.0,0.0,93.71,5.82,6.01,6.14,0.06,
108,2025-05-06 03:00:00,0.0,0.0,0.0,0.0,93.84,5.64,5.85,6.03,0.06,
108,2025-05-06 04:00:00,1.21,0.0,0.0,0.0,94.01,5.21,5.27,5.37,0.05,
108,2025-05-06 05:00:00,0.0,0.0,0.0,0.0,94.3,5.9,6.14,6.39,0.05,
108,2025-05-06 06:00:00,2.41,0.02,0.0,0.0,94.28,5.48,5.83,6.14,0.05,
108,2025-05-06 07:00:00,9.66,0.36,0.0,0.0,94.4,6.04,6.11,6.21,0.05,
108,2025-05-06 08:00:00,6.04,0.39,15.79,0.0,94.4,5.86,6.01,6.35,0.05,
108,2025-05-06 09:00:00,7.24,1.07,133.8,0.0,94.35,7.03,7.89,9.17,0.06,
108,2025-05-06 10:00:00,8.45,1.92,247.86,0.0,87.3,9.47,10.26,11.02,0.16,
108,2025-05-06 11:00:00,8.45,1.83,371.56,0.0,76.24,11.52,12.58,13.55,0.35,
108,2025-05-06 12:00:00,6.04,0.95,366.3,0.0,67.19,14.05,14.56,15.0,0.55,
108,2025-05-06 13:00:00,7.24,1.04,382.97,0.0,62.0,15.58,15.84,16.09,0.69,
108,2025-05-06 14:00:00,6.04,0.59,284.71,5.08,57.13,17.04,17.43,17.75,0.86,
108,2025-05-06 15:00:00,3.62,0.17,252.24,0.0,57.54,16.75,17.05,17.35,0.83,
108,2025-05-06 16:00:00,13.28,2.88,158.8,0.0,70.27,14.34,15.44,16.48,0.53,
108,2025-05-06 17:00:00,3.62,0.08,49.13,0.75,85.1,12.83,13.26,13.78,0.23,
108,2025-05-06 18:00:00,3.62,0.06,25.88,0.0,88.27,12.25,12.58,12.77,0.17,
108,2025-05-06 19:00:00,2.41,0.0,0.0,0.0,89.7,11.2,11.55,11.91,0.14,
108,2025-05-06 20:00:00,0.0,0.0,0.0,0.0,91.4,9.58,10.22,10.77,0.11,
108,2025-05-06 21:00:00,0.0,0.0,0.0,0.0,92.51,9.18,9.36,9.56,0.09,
108,2025-05-06 22:00:00,0.0,0.0,0.0,0.0,92.66,9.3,9.45,9.54,0.09,
108,2025-05-06 23:00:00,1.21,0.0,0.0,0.0,91.71,7.67,8.07,8.63,0.09,
108,2025-05-07 00:00:00,0.0,0.0,0.0,0.0,93.14,7.55,7.72,7.99,0.07,
108,2025-05-07 01:00:00,0.0,0.0,0.0,0.0,93.54,7.5,7.73,7.99,0.07,
108,2025-05-07 02:00:00,0.0,0.0,0.0,0.0,93.92,7.6,7.7,7.82,0.06,
108,2025-05-07 03:00:00,0.0,0.0,0.0,0.0,94.02,7.9,8.07,8.22,0.06,
108,2025-05-07 04:00:00,0.0,0.0,0.0,0.0,94.05,8.14,8.18,8.19,0.06,
108,2025-05-07 05:00:00,3.62,0.08,0.0,0.0,94.3,8.15,8.47,8.77,0.06,
108,2025-05-07 06:00:00,0.0,0.0,0.0,0.0,94.18,8.63,8.76,8.87,0.07,
108,2025-05-07 07:00:00,3.62,0.08,0.0,0.0,94.16,8.31,8.47,8.73,0.06,
108,2025-05-07 08:00:00,4.83,0.29,14.92,0.0,94.27,8.9,9.09,9.46,0.07,
108,2025-05-07 09:00:00,6.04,0.39,28.08,0.0,93.92,9.7,9.93,10.12,0.08,
108,2025-05-07 10:00:00,9.66,2.08,118.88,0.25,92.71,10.48,10.69,10.95,0.09,
108,2025-05-07 11:00:00,8.45,0.45,109.67,0.5,91.44,11.36,11.67,11.98,0.12,
108,2025-05-07 12:00:00,9.66,1.21,155.29,0.0,89.15,12.15,12.64,13.01,0.16,
108,2025-05-07 13:00:00,10.86,2.11,158.36,0.0,81.77,13.52,13.68,13.86,0.29,
108,2025-05-07 14:00:00,12.07,1.0,121.08,1.26,83.82,12.82,13.23,13.72,0.25,
108,2025-05-07 15:00:00,3.62,0.08,102.65,0.25,89.59,12.82,12.97,13.09,0.16,
108,2025-05-07 16:00:00,8.45,1.31,143.45,0.0,89.81,13.15,13.33,13.58,0.16,
108,2025-05-07 17:00:00,7.24,0.62,64.93,0.0,84.43,13.58,13.66,13.74,0.24,
108,2025-05-07 18:00:00,7.24,0.63,6.58,0.0,83.87,12.85,13.21,13.52,0.25,
108,2025-05-07 19:00:00,6.04,0.71,0.0,0.0,88.17,12.13,12.39,12.65,0.17,
108,2025-05-07 20:00:00,7.24,0.56,0.0,0.0,90.91,11.81,11.93,12.03,0.13,
108,2025-05-07 21:00:00,3.62,0.14,0.0,0.0,92.18,11.75,11.79,11.81,0.11,
108,2025-05-07 22:00:00,7.24,0.65,0.0,0.0,92.52,11.49,11.69,11.85,0.1,
108,2025-05-07 23:00:00,6.04,0.57,0.0,0.0,91.88,11.39,11.6,11.74,0.11,
108,2025-05-08 00:00:00,3.62,0.03,0.0,0.0,91.6,10.29,10.69,10.95,0.11,
108,2025-05-08 01:00:00,0.0,0.0,0.0,0.0,92.16,7.87,8.93,9.73,0.09,
108,2025-05-08 02:00:00,0.0,0.0,0.0,0.0,92.85,6.37,6.89,7.73,0.07,
108,2025-05-08 03:00:00,0.0,0.0,0.0,0.0,94.01,6.45,6.94,7.62,0.06,
108,2025-05-08 04:00:00,0.0,0.0,0.0,0.0,94.63,8.01,8.35,8.53,0.06,
108,2025-05-08 05:00:00,3.62,0.05,0.0,0.0,94.8,8.53,8.76,9.09,0.06,
108,2025-05-08 06:00:00,3.62,0.27,0.0,0.25,95.02,9.23,9.34,9.5,0.06,
108,2025-05-08 07:00:00,6.04,0.3,0.0,0.25,94.96,9.64,9.65,9.67,0.06,
108,2025-05-08 08:00:00,3.62,0.09,5.26,0.0,94.81,9.73,9.77,9.81,0.06,
108,2025-05-08 09:00:00,1.21,0.0,106.16,0.51,94.8,9.87,10.15,10.5,0.06,
108,2025-05-08 10:00:00,7.24,0.54,143.45,0.0,94.59,10.91,11.39,11.71,0.07,
108,2025-05-08 11:00:00,8.45,0.84,172.4,0.25,93.3,12.13,12.53,12.77,0.1,
108,2025-05-08 12:00:00,9.66,1.98,225.48,0.0,92.28,12.75,13.12,13.48,0.12,
108,2025-05-08 13:00:00,19.31,4.72,230.75,0.0,87.6,13.75,14.4,15.11,0.21,
108,2025-05-08 14:00:00,19.31,7.5,222.41,0.0,82.59,15.07,15.14,15.29,0.3,
108,2025-05-08 15:00:00,22.93,7.38,186.88,0.0,80.36,14.74,14.91,15.09,0.33,
108,2025-05-08 16:00:00,22.93,6.59,107.48,1.01,84.79,13.54,13.99,14.61,0.25,
108,2025-05-08 17:00:00,16.9,5.42,91.25,0.25,85.01,13.4,13.52,13.6,0.23,
108,2025-05-08 18:00:00,14.48,2.32,19.3,1.26,88.59,12.26,12.65,13.27,0.17,
108,2025-05-08 19:00:00,10.86,2.51,0.0,3.3,91.3,12.1,12.19,12.26,0.13,
108,2025-05-08 20:00:00,8.45,1.25,0.0,1.52,92.82,12.15,12.16,12.19,0.11,
108,2025-05-08 21:00:00,9.66,1.18,0.0,0.0,94.16,12.15,12.2,12.22,0.08,
108,2025-05-08 22:00:00,7.24,0.86,0.0,0.0,94.34,11.84,11.99,12.19,0.08,
108,2025-05-08 23:00:00,8.45,0.56,0.0,0.0,94.42,11.12,11.31,11.52,0.07,
108,2025-05-09 00:00:00,1.21,0.02,0.0,0.0,94.45,10.57,10.82,11.01,0.07,
108,2025-05-09 01:00:00,7.24,0.63,0.0,0.0,94.82,11.09,11.12,11.15,0.07,
108,2025-05-09 02:00:00,6.04,0.5,0.0,0.0,94.91,11.09,11.22,11.33,0.07,
108,2025-05-09 03:00:00,2.41,0.05,0.0,0.0,94.89,10.97,11.04,11.09,0.07,
108,2025-05-09 04:00:00,0.0,0.0,0.0,0.0,94.93,10.6,10.71,10.8,0.07,
108,2025-05-09 05:00:00,0.0,0.0,0.0,0.0,94.98,10.53,10.58,10.62,0.06,
108,2025-05-09 06:00:00,0.0,0.0,0.0,0.0,94.96,10.33,10.39,10.44,0.06,
108,2025-05-09 07:00:00,0.0,0.0,0.0,0.25,94.87,9.56,9.82,10.23,0.06,
108,2025-05-09 08:00:00,0.0,0.0,13.6,0.0,94.92,8.68,9.0,9.52,0.06,
108,2025-05-09 09:00:00,0.0,0.0,75.45,0.0,95.36,9.12,10.11,11.01,0.06,
108,2025-05-09 10:00:00,1.21,0.0,242.15,0.0,95.22,11.7,12.5,13.34,0.07,
108,2025-05-09 11:00:00,3.62,0.05,662.41,0.0,87.8,14.74,15.46,15.94,0.22,
108,2025-05-09 12:00:00,7.24,0.36,575.99,0.0,79.05,16.41,16.59,16.72,0.4,
108,2025-05-09 13:00:00,7.24,0.47,754.1,0.0,75.86,16.6,17.42,18.04,0.48,
108,2025-05-09 14:00:00,8.45,0.68,641.35,0.0,68.15,18.45,18.89,19.28,0.69,
108,2025-05-09 15:00:00,12.07,3.32,569.41,0.0,63.5,19.0,19.21,19.49,0.82,
108,2025-05-09 16:00:00,12.07,3.71,466.76,0.0,61.36,19.12,19.47,19.84,0.88,
108,2025-05-09 17:00:00,12.07,2.88,323.75,0.0,59.93,18.77,19.1,19.34,0.89,
108,2025-05-09 18:00:00,6.04,0.3,82.03,0.0,65.0,16.14,17.32,18.29,0.7,
108,2025-05-09 19:00:00,1.21,0.0,0.0,0.0,75.29,13.03,14.1,15.1,0.4,
108,2025-05-09 20:00:00,0.0,0.0,0.0,0.0,80.88,12.36,12.58,12.83,0.28,
108,2025-05-09 21:00:00,0.0,0.0,0.0,0.0,83.38,11.01,11.49,12.06,0.23,
108,2025-05-09 22:00:00,0.0,0.0,0.0,0.0,85.86,9.99,10.55,11.03,0.18,
108,2025-05-09 23:00:00,2.41,0.06,0.0,0.0,89.68,8.89,9.05,9.39,0.12,
108,2025-05-10 00:00:00,7.24,2.44,0.0,0.0,90.46,9.4,9.46,9.5,0.11,
108,2025-05-10 01:00:00,4.83,0.47,0.0,0.0,92.18,8.47,8.83,9.28,0.09,
108,2025-05-10 02:00:00,3.62,0.35,0.0,0.0,93.52,7.97,8.18,8.39,0.07,
108,2025-05-10 03:00:00,2.41,0.03,0.0,0.0,93.93,6.9,7.16,7.32,0.06,
108,2025-05-10 04:00:00,1.21,0.02,0.0,0.0,94.34,6.02,6.71,7.2,0.06,
108,2025-05-10 05:00:00,4.83,0.18,0.0,0.0,94.84,5.85,6.27,6.84,0.05,
108,2025-05-10 06:00:00,2.41,0.03,0.0,0.0,94.95,6.16,6.68,7.13,0.05,
108,2025-05-10 07:00:00,0.0,0.0,0.0,0.0,94.91,5.21,5.59,5.93,0.05,
108,2025-05-10 08:00:00,0.0,0.0,14.04,0.25,95.57,6.3,6.54,6.97,0.04,
108,2025-05-10 09:00:00,9.66,0.74,109.23,0.0,95.68,7.45,7.71,8.31,0.05,
108,2025-05-10 10:00:00,9.66,2.97,405.34,0.0,90.86,8.78,10.07,11.6,0.12,
108,2025-05-10 11:00:00,10.86,3.55,533.0,0.0,76.94,12.27,13.59,14.95,0.36,
108,2025-05-10 12:00:00,12.07,4.42,621.18,0.0,68.12,15.27,16.13,17.16,0.59,
108,2025-05-10 13:00:00,14.48,4.38,642.67,0.0,60.56,17.8,18.75,19.73,0.86,
108,2025-05-10 14:00:00,10.86,3.56,639.16,0.0,54.82,19.79,20.63,21.38,1.1,
108,2025-05-10 15:00:00,15.69,4.81,596.17,0.0,52.41,21.77,22.25,22.52,1.28,
108,2025-05-10 16:00:00,9.66,3.11,461.06,0.0,52.93,22.83,23.01,23.11,1.32,
108,2025-05-10 17:00:00,8.45,2.59,306.2,0.0,56.73,21.93,22.29,22.56,1.17,
108,2025-05-10 18:00:00,8.45,1.0,104.41,0.0,64.39,18.24,19.98,21.14,0.84,
108,2025-05-10 19:00:00,0.0,0.0,0.0,0.0,75.86,15.11,15.96,16.94,0.44,
108,2025-05-10 20:00:00,0.0,0.0,0.0,0.0,82.22,13.77,14.2,14.65,0.29,
108,2025-05-10 21:00:00,6.04,1.52,0.0,0.0,84.31,13.36,13.79,14.23,0.25,
108,2025-05-10 22:00:00,7.24,1.12,0.0,0.0,83.9,12.3,13.18,13.93,0.25,
108,2025-05-10 23:00:00,0.0,0.0,0.0,0.0,87.83,10.19,11.15,11.92,0.16,
108,2025-05-11 00:00:00,4.83,0.54,0.0,0.0,91.66,9.36,10.04,10.39,0.1,
108,2025-05-11 01:00:00,0.0,0.0,0.0,0.0,92.0,9.3,9.56,10.01,0.1,
108,2025-05-11 02:00:00,4.83,0.12,0.0,0.0,94.92,10.11,10.71,11.06,0.06,
108,2025-05-11 03:00:00,4.83,0.33,0.0,0.0,95.26,11.03,11.09,11.19,0.06,
108,2025-05-11 04:00:00,6.04,0.21,0.0,0.0,95.45,11.32,11.58,11.82,0.06,
108,2025-05-11 05:00:00,0.0,0.0,0.0,0.0,95.6,11.96,12.0,12.06,0.06,
108,2025-05-11 06:00:00,2.41,0.02,0.0,0.0,95.7,11.46,11.79,12.08,0.06,
108,2025-05-11 07:00:00,1.21,0.0,0.0,0.0,95.66,11.16,11.32,11.44,0.06,
108,2025-05-11 08:00:00,1.21,0.0,14.04,0.0,95.71,11.49,11.67,11.91,0.06,
108,2025-05-11 09:00:00,0.0,0.0,50.01,0.0,95.7,12.08,12.29,12.47,0.06,
108,2025-05-11 10:00:00,0.0,0.0,46.94,0.0,95.58,12.17,12.31,12.62,0.06,
108,2025-05-11 11:00:00,3.62,0.26,43.87,0.0,95.55,12.23,12.32,12.44,0.06,
108,2025-05-11 12:00:00,4.83,0.29,211.88,0.0,95.54,12.75,13.14,13.44,0.07,
108,2025-05-11 13:00:00,7.24,1.04,197.85,0.0,95.13,13.27,13.39,13.48,0.08,
108,2025-05-11 14:00:00,7.24,1.04,135.99,0.0,93.5,13.6,13.65,13.69,0.1,
108,2025-05-11 15:00:00,4.83,0.83,158.8,0.0,90.67,13.62,13.83,14.1,0.15,
108,2025-05-11 16:00:00,6.04,1.16,143.89,0.0,86.96,14.38,14.49,14.68,0.22,
108,2025-05-11 17:00:00,3.62,0.18,86.86,0.0,84.36,14.54,14.72,14.82,0.26,
108,2025-05-11 18:00:00,2.41,0.03,68.0,0.0,85.87,12.53,13.7,14.4,0.22,
108,2025-05-11 19:00:00,0.0,0.0,0.0,0.0,90.51,10.2,10.81,11.26,0.12,
108,2025-05-11 20:00:00,0.0,0.0,0.0,0.0,93.68,9.63,9.97,10.25,0.08,
108,2025-05-11 21:00:00,0.0,0.0,0.0,0.0,93.7,7.34,8.17,8.9,0.07,
108,2025-05-11 22:00:00,1.21,0.0,0.0,0.0,94.61,7.42,8.29,9.07,0.06,
108,2025-05-11 23:00:00,2.41,0.02,0.0,0.0,95.36,9.94,10.68,11.26,0.06,
108,2025-05-12 00:00:00,0.0,0.0,0.0,0.0,95.37,10.85,11.18,11.46,0.06,
108,2025-05-12 01:00:00,2.41,0.08,0.0,0.25,95.42,11.63,11.81,11.92,0.06,
108,2025-05-12 02:00:00,0.0,0.0,0.0,0.0,95.44,11.92,11.95,11.98,0.06,
108,2025-05-12 03:00:00,0.0,0.0,0.0,0.0,95.31,11.88,11.93,11.98,0.07,
108,2025-05-12 04:00:00,0.0,0.0,0.0,0.0,95.18,11.87,11.88,11.92,0.07,
108,2025-05-12 05:00:00,0.0,0.0,0.0,0.0,95.19,11.82,11.89,11.93,0.07,
108,2025-05-12 06:00:00,0.0,0.0,0.0,0.0,95.07,11.92,11.97,12.03,0.07,
108,2025-05-12 07:00:00,0.0,0.0,0.0,0.0,94.9,11.96,11.99,12.05,0.07,
108,2025-05-12 08:00:00,6.04,0.15,10.09,0.0,94.28,11.84,11.87,11.89,0.08,
108,2025-05-12 09:00:00,0.0,0.0,34.66,0.0,93.1,11.87,11.96,12.05,0.1,
108,2025-05-12 10:00:00,0.0,0.0,89.49,0.0,90.52,12.17,12.39,12.58,0.14,
108,2025-05-12 11:00:00,8.45,1.04,124.15,0.0,85.11,12.68,12.76,12.82,0.22,
108,2025-05-12 12:00:00,10.86,2.11,152.22,0.0,83.54,12.86,13.08,13.36,0.25,
108,2025-05-12 13:00:00,7.24,1.67,231.19,0.0,81.5,13.33,13.68,14.09,0.29,
108,2025-05-12 14:00:00,10.86,2.06,625.56,0.0,75.49,14.42,15.19,15.85,0.43,
108,2025-05-12 15:00:00,9.66,1.28,565.9,0.0,68.06,16.41,17.45,18.22,0.64,
108,2025-05-12 16:00:00,7.24,0.89,433.42,0.0,65.03,18.12,18.26,18.36,0.74,
108,2025-05-12 17:00:00,4.83,0.56,277.69,0.0,65.44,17.66,18.01,18.24,0.71,
108,2025-05-12 18:00:00,6.04,0.51,85.54,0.0,73.03,14.74,16.07,17.16,0.5,
108,2025-05-12 19:00:00,0.0,0.0,0.0,0.0,82.44,11.12,12.46,13.55,0.26,
108,2025-05-12 20:00:00,0.0,0.0,0.0,0.0,87.26,9.01,9.64,10.16,0.15,
108,2025-05-12 21:00:00,0.0,0.0,0.0,0.0,90.83,8.42,8.98,9.42,0.11,
108,2025-05-12 22:00:00,0.0,0.0,0.0,0.0,91.22,7.14,7.6,8.36,0.09,
108,2025-05-12 23:00:00,0.0,0.0,0.0,0.0,92.32,6.06,6.89,7.25,0.08,
108,2025-05-13 00:00:00,0.0,0.0,0.0,0.0,93.48,6.02,6.4,6.76,0.06,
108,2025-05-13 01:00:00,0.0,0.0,0.0,0.0,94.43,5.79,5.96,6.1,0.05,
108,2025-05-13 02:00:00,0.0,0.0,0.0,0.0,94.87,6.16,6.3,6.58,0.05,
108,2025-05-13 03:00:00,0.0,0.0,0.0,0.0,95.16,6.82,6.99,7.21,0.05,
108,2025-05-13 04:00:00,4.83,0.11,0.0,0.25,95.31,7.27,7.43,7.56,0.05,
108,2025-05-13 05:00:00,4.83,0.41,0.0,0.0,95.68,6.58,6.82,7.24,0.04,
108,2025-05-13 06:00:00,0.0,0.0,0.0,0.0,95.83,6.54,6.57,6.59,0.04,
108,2025-05-13 07:00:00,0.0,0.0,0.0,0.0,95.9,6.64,6.75,6.83,0.04,
108,2025-05-13 08:00:00,0.0,0.0,16.67,0.0,95.98,6.65,6.77,6.83,0.04,
108,2025-05-13 09:00:00,2.41,0.05,50.01,0.0,96.18,6.83,7.09,7.35,0.04,
108,2025-05-13 10:00:00,1.21,0.0,114.06,0.0,96.12,7.55,7.96,8.25,0.04,
108,2025-05-13 11:00:00,0.0,0.0,139.5,0.0,96.16,8.19,8.59,8.84,0.04,
108,2025-05-13 12:00:00,0.0,0.0,161.87,0.0,96.17,9.3,9.4,9.58,0.05,
108,2025-05-13 13:00:00,0.0,0.0,240.4,0.0,96.15,9.7,9.99,10.44,0.05,
108,2025-05-13 14:00:00,3.62,0.08,211.01,0.0,96.07,10.46,10.76,11.09,0.05,
108,2025-05-13 15:00:00,6.04,0.9,260.58,0.0,95.34,11.12,11.58,12.1,0.06,
108,2025-05-13 16:00:00,6.04,0.56,419.38,0.0,88.86,12.57,13.53,14.1,0.17,
108,2025-05-13 17:00:00,6.04,0.47,361.04,0.0,82.71,13.66,13.89,14.03,0.28,
108,2025-05-13 18:00:00,2.41,0.0,46.06,0.0,84.81,12.54,13.17,13.57,0.23,
108,2025-05-13 19:00:00,0.0,0.0,0.0,0.0,89.29,10.54,11.06,11.71,0.14,
108,2025-05-13 20:00:00,0.0,0.0,0.0,0.0,91.73,8.81,9.68,10.27,0.1,
108,2025-05-13 21:00:00,0.0,0.0,0.0,0.0,92.35,7.17,7.55,8.1,0.08,
108,2025-05-13 22:00:00,0.0,0.0,0.0,0.0,94.47,6.72,7.02,7.17,0.06,
108,2025-05-13 23:00:00,0.0,0.0,0.0,0.0,95.07,6.71,6.84,6.92,0.05,
108,2025-05-14 00:00:00,2.41,0.0,0.0,0.0,95.52,6.66,6.76,6.87,0.04,
108,2025-05-14 01:00:00,3.62,0.06,0.0,0.25,95.8,6.97,7.06,7.13,0.04,
108,2025-05-14 02:00:00,0.0,0.0,0.0,0.0,95.73,7.06,7.12,7.15,0.04,
108,2025-05-14 03:00:00,0.0,0.0,0.0,0.0,95.69,7.04,7.08,7.15,0.04,
108,2025-05-14 04:00:00,2.41,0.0,0.0,0.0,95.82,7.03,7.08,7.14,0.04,
108,2025-05-14 05:00:00,0.0,0.0,0.0,0.0,96.0,7.15,7.22,7.29,0.04,
108,2025-05-14 06:00:00,3.62,0.08,0.0,0.0,96.14,6.94,7.12,7.2,0.04,
108,2025-05-14 07:00:00,0.0,0.0,0.0,0.0,96.15,6.47,6.51,6.56,0.04,
108,2025-05-14 08:00:00,0.0,0.0,4.39,0.0,96.25,6.28,6.37,6.47,0.04,
108,2025-05-14 09:00:00,0.0,0.0,45.18,0.0,96.33,6.49,6.87,7.22,0.04,
108,2025-05-14 10:00:00,0.0,0.0,84.67,0.0,96.34,7.41,7.85,8.27,0.04,
108,2025-05-14 11:00:00,4.83,0.17,166.7,0.0,96.35,8.49,8.94,9.45,0.04,
108,2025-05-14 12:00:00,6.04,0.63,189.07,0.0,96.18,9.61,10.53,11.58,0.05,
108,2025-05-14 13:00:00,7.24,2.26,183.81,0.0,93.07,12.34,12.76,12.99,0.1,
108,2025-05-14 14:00:00,9.66,2.25,120.2,0.0,90.46,13.22,13.7,14.27,0.15,
108,2025-05-14 15:00:00,12.07,4.15,104.85,0.0,87.48,14.31,14.36,14.42,0.21,
108,2025-05-14 16:00:00,12.07,5.03,114.5,0.0,85.54,14.41,14.71,15.0,0.24,
108,2025-05-14 17:00:00,9.66,2.22,333.84,0.0,81.68,15.27,15.61,15.87,0.33,
108,2025-05-14 18:00:00,3.62,0.11,89.93,0.0,83.79,13.62,14.6,15.47,0.27,
108,2025-05-14 19:00:00,0.0,0.0,0.0,0.0,88.88,11.52,12.08,12.77,0.16,
108,2025-05-14 20:00:00,0.0,0.0,0.0,0.0,92.25,10.47,10.75,10.97,0.1,
108,2025-05-14 21:00:00,1.21,0.0,0.0,0.0,93.79,11.18,11.25,11.3,0.08,
108,2025-05-14 22:00:00,1.21,0.0,0.0,0.0,94.17,10.08,10.76,11.26,0.08,
108,2025-05-14 23:00:00,1.21,0.0,0.0,0.0,94.72,8.31,9.18,9.9,0.06,
108,2025-05-15 00:00:00,0.0,0.0,0.0,0.0,94.91,7.17,7.51,7.82,0.05,
108,2025-05-15 01:00:00,0.0,0.0,0.0,0.0,94.97,5.74,6.1,6.65,0.05,
108,2025-05-15 02:00:00,0.0,0.0,0.0,0.25,95.52,5.86,6.23,6.68,0.04,
108,2025-05-15 03:00:00,0.0,0.0,0.0,0.0,95.73,6.17,6.61,6.9,0.04,
108,2025-05-15 04:00:00,1.21,0.0,0.0,0.0,95.7,5.34,6.12,6.73,0.04,
108,2025-05-15 05:00:00,0.0,0.0,0.0,0.0,95.8,4.27,4.58,5.17,0.04,
108,2025-05-15 06:00:00,1.21,0.0,0.0,0.0,95.97,4.44,4.7,4.88,0.03,
108,2025-05-15 07:00:00,2.41,0.02,0.0,0.0,96.02,4.72,5.11,5.34,0.03,
108,2025-05-15 08:00:00,3.62,0.3,14.92,0.0,96.15,4.56,4.63,4.75,0.03,
108,2025-05-15 09:00:00,1.21,0.0,96.95,0.0,96.15,4.46,4.76,5.2,0.03,
108,2025-05-15 10:00:00,2.41,0.03,214.95,0.0,96.32,5.92,6.78,7.74,0.04,
108,2025-05-15 11:00:00,7.24,0.98,189.07,0.0,96.5,8.18,8.83,9.54,0.04,
108,2025-05-15 12:00:00,7.24,1.39,503.17,0.0,95.71,9.32,10.01,10.57,0.05,
108,2025-05-15 13:00:00,10.86,2.45,609.33,0.0,85.78,11.01,12.42,13.6,0.21,
108,2025-05-15 14:00:00,9.66,2.84,585.64,0.0,70.81,14.96,15.96,16.58,0.54,
108,2025-05-15 15:00:00,14.48,3.35,547.04,0.0,64.09,16.92,17.3,17.65,0.71,
108,2025-05-15 16:00:00,10.86,3.55,451.84,0.0,60.52,17.58,17.77,17.92,0.81,
108,2025-05-15 17:00:00,8.45,2.75,309.71,0.0,61.29,16.99,17.43,17.69,0.77,
108,2025-05-15 18:00:00,6.04,0.39,60.98,0.0,68.74,13.77,15.26,16.58,0.55,
108,2025-05-15 19:00:00,0.0,0.0,0.0,0.0,78.4,11.15,11.63,12.3,0.3,
108,2025-05-15 20:00:00,0.0,0.0,0.0,0.0,83.44,8.47,9.75,10.97,0.2,
108,2025-05-15 21:00:00,0.0,0.0,0.0,0.0,87.76,6.8,7.88,8.63,0.13,
108,2025-05-15 22:00:00,7.24,0.32,0.0,0.0,90.35,5.92,6.6,7.21,0.09,
108,2025-05-15 23:00:00,0.0,0.0,0.0,0.0,91.29,5.19,5.88,6.39,0.08,
108,2025-05-16 00:00:00,0.0,0.0,0.0,0.0,91.78,4.15,4.37,4.75,0.07,
108,2025-05-16 01:00:00,0.0,0.0,0.0,0.0,93.85,4.43,4.65,4.81,0.05,
108,2025-05-16 02:00:00,0.0,0.0,0.0,0.0,94.23,3.49,3.58,3.74,0.05,
108,2025-05-16 03:00:00,0.0,0.0,0.0,0.0,94.95,3.68,3.87,4.12,0.04,
108,2025-05-16 04:00:00,0.0,0.0,0.0,0.0,95.29,4.19,4.42,4.6,0.04,
108,2025-05-16 05:00:00,0.0,0.0,0.0,0.25,95.42,4.72,4.74,4.79,0.04,
108,2025-05-16 06:00:00,0.0,0.0,0.0,0.0,95.5,4.82,4.93,5.09,0.04,
108,2025-05-16 07:00:00,4.83,0.06,0.0,0.0,95.56,4.53,4.66,4.79,0.04,
108,2025-05-16 08:00:00,3.62,0.05,1.75,0.0,95.66,4.53,4.75,5.17,0.04,
108,2025-05-16 09:00:00,6.04,0.79,71.51,0.0,95.65,5.42,5.5,5.64,0.04,
108,2025-05-16 10:00:00,7.24,0.48,134.24,0.0,95.72,5.9,6.31,6.75,0.04,
108,2025-05-16 11:00:00,7.24,1.1,259.7,0.0,95.81,7.11,7.97,8.49,0.05,
108,2025-05-16 12:00:00,4.83,0.51,272.86,0.0,95.72,8.77,9.22,9.75,0.05,
108,2025-05-16 13:00:00,6.04,1.19,589.15,0.0,92.49,10.84,12.17,13.64,0.11,
108,2025-05-16 14:00:00,8.45,1.35,634.34,0.0,75.83,13.91,15.38,16.45,0.43,
108,2025-05-16 15:00:00,10.86,2.7,517.21,0.0,67.88,16.35,16.82,17.14,0.62,
108,2025-05-16 16:00:00,9.66,2.67,289.09,0.0,65.97,16.82,17.12,17.38,0.66,
108,2025-05-16 17:00:00,9.66,1.65,124.15,0.0,67.75,16.27,16.58,16.75,0.61,
108,2025-05-16 18:00:00,6.04,1.24,62.29,0.0,70.3,14.57,15.22,16.07,0.52,
108,2025-05-16 19:00:00,4.83,0.39,0.0,0.0,73.69,13.61,14.05,14.28,0.42,
108,2025-05-16 20:00:00,8.45,0.78,0.0,0.0,78.19,12.47,12.76,13.06,0.32,
108,2025-05-16 21:00:00,7.24,1.04,0.0,0.0,79.55,12.42,12.46,12.53,0.3,
108,2025-05-16 22:00:00,6.04,0.17,0.0,0.0,81.18,11.71,11.95,12.25,0.26,
108,2025-05-16 23:00:00,8.45,1.91,0.0,0.0,82.02,12.0,12.04,12.08,0.25,
108,2025-05-17 00:00:00,6.04,0.83,0.0,0.0,81.88,11.96,12.04,12.15,0.26,
108,2025-05-17 01:00:00,19.31,6.57,0.0,0.0,79.39,12.33,12.67,12.98,0.3,
108,2025-05-17 02:00:00,27.76,10.74,0.0,0.0,77.6,13.24,13.37,13.5,0.35,
108,2025-05-17 03:00:00,24.14,10.08,0.0,0.0,78.79,13.09,13.12,13.19,0.32,
108,2025-05-17 04:00:00,22.93,9.55,0.0,0.0,78.72,12.92,12.99,13.07,0.32,
108,2025-05-17 05:00:00,24.14,9.94,0.0,0.25,84.58,11.65,12.16,12.85,0.22,
108,2025-05-17 06:00:00,27.76,11.53,0.0,0.0,86.74,11.72,12.05,12.36,0.19,
108,2025-05-17 07:00:00,28.97,13.05,0.0,2.04,86.65,11.7,12.16,12.54,0.19,
108,2025-05-17 08:00:00,26.55,9.79,0.0,1.52,90.51,11.67,11.75,11.88,0.13,
108,2025-05-17 09:00:00,26.55,7.18,8.77,10.42,92.37,10.67,11.32,11.87,0.1,
108,2025-05-17 10:00:00,6.04,0.54,23.25,4.32,93.52,10.56,10.62,10.68,0.09,
108,2025-05-17 11:00:00,7.24,0.56,35.97,3.06,93.54,10.11,10.19,10.26,0.08,
108,2025-05-17 12:00:00,3.62,0.08,60.98,2.8,93.32,10.11,10.2,10.29,0.08,
108,2025-05-17 13:00:00,6.04,0.18,73.7,1.78,92.9,10.16,10.27,10.36,0.09,
108,2025-05-17 14:00:00,7.24,1.01,60.98,2.79,93.2,9.78,9.89,10.08,0.08,
108,2025-05-17 15:00:00,10.86,2.17,562.39,0.0,92.35,10.09,10.65,11.64,0.1,
108,2025-05-17 16:00:00,16.9,5.54,348.75,0.0,88.59,10.92,11.2,11.43,0.15,
108,2025-05-17 17:00:00,16.9,7.09,263.65,0.0,87.1,10.95,11.38,11.65,0.17,
108,2025-05-17 18:00:00,10.86,3.27,39.92,0.0,88.59,9.61,10.15,10.64,0.14,
108,2025-05-17 19:00:00,4.83,0.08,0.0,0.0,90.45,7.62,8.43,9.21,0.11,
108,2025-05-17 20:00:00,0.0,0.0,0.0,0.0,92.29,7.11,7.28,7.63,0.08,
108,2025-05-17 21:00:00,1.21,0.0,0.0,0.0,93.24,5.4,5.67,5.78,0.06,
108,2025-05-17 22:00:00,1.21,0.0,0.0,0.0,94.4,5.47,5.67,5.9,0.05,
108,2025-05-17 23:00:00,1.21,0.0,0.0,0.0,94.6,5.03,5.33,5.66,0.05,
108,2025-05-18 00:00:00,0.0,0.0,0.0,0.0,94.66,4.17,4.84,5.61,0.05,
108,2025-05-18 01:00:00,1.21,0.0,0.0,0.0,94.52,3.46,4.02,4.44,0.04,
108,2025-05-18 02:00:00,3.62,0.06,0.0,0.0,94.69,3.78,3.91,4.13,0.04,
108,2025-05-18 03:00:00,10.86,1.51,0.0,0.25,95.2,3.47,4.01,4.36,0.04,
108,2025-05-18 04:00:00,7.24,1.68,0.0,0.0,95.38,4.13,4.22,4.39,0.04,
108,2025-05-18 05:00:00,6.04,0.53,0.0,0.0,95.61,4.11,4.5,4.91,0.04,
108,2025-05-18 06:00:00,3.62,0.11,0.0,0.0,95.57,4.24,4.54,4.84,0.04,
108,2025-05-18 07:00:00,8.45,1.24,0.0,0.0,95.89,4.39,4.58,4.71,0.04,
108,2025-05-18 08:00:00,10.86,0.83,7.9,0.0,96.07,4.26,4.36,4.4,0.03,
108,2025-05-18 09:00:00,4.83,0.2,95.19,0.0,96.18,4.15,4.33,4.48,0.03,
108,2025-05-18 10:00:00,4.83,0.61,165.82,0.0,96.25,4.5,4.8,5.03,0.03,
108,2025-05-18 11:00:00,12.07,4.45,174.16,0.0,96.5,5.35,5.55,5.76,0.03,
108,2025-05-18 12:00:00,10.86,2.43,356.21,0.0,96.01,5.68,6.28,6.82,0.04,
108,2025-05-18 13:00:00,4.83,0.48,854.99,0.0,93.94,7.31,7.76,8.64,0.07,
108,2025-05-18 14:00:00,12.07,2.99,871.22,0.0,81.98,9.74,11.05,12.16,0.24,
108,2025-05-18 15:00:00,9.66,2.66,422.89,0.0,74.59,12.48,12.7,12.96,0.37,
108,2025-05-18 16:00:00,7.24,1.95,149.15,0.0,77.27,11.82,12.33,12.94,0.33,
108,2025-05-18 17:00:00,6.04,0.54,47.82,0.0,81.18,11.47,11.62,11.71,0.26,
108,2025-05-18 18:00:00,6.04,1.69,21.06,0.0,84.07,10.88,11.08,11.32,0.21,
108,2025-05-18 19:00:00,9.66,1.07,0.0,0.0,84.45,10.22,10.49,10.75,0.2,
108,2025-05-18 20:00:00,1.21,0.02,0.0,0.0,87.0,9.3,9.67,10.01,0.16,
108,2025-05-18 21:00:00,6.04,0.82,0.0,0.0,89.66,8.83,9.18,9.42,0.12,
108,2025-05-18 22:00:00,4.83,0.09,0.0,0.0,89.99,9.21,9.25,9.36,0.12,
108,2025-05-18 23:00:00,0.0,0.0,0.0,0.0,89.99,8.53,8.96,9.35,0.12,
108,2025-05-19 00:00:00,3.62,0.15,0.0,0.0,92.3,8.36,8.52,8.59,0.09,
108,2025-05-19 01:00:00,0.0,0.0,0.0,0.0,91.52,8.08,8.31,8.57,0.1,
108,2025-05-19 02:00:00,0.0,0.0,0.0,0.0,92.34,7.44,7.68,7.83,0.08,
108,2025-05-19 03:00:00,1.21,0.02,0.0,0.0,93.47,7.34,7.53,7.72,0.07,
108,2025-05-19 04:00:00,1.21,0.0,0.0,0.0,93.79,6.79,6.94,7.11,0.06,
108,2025-05-19 05:00:00,0.0,0.0,0.0,0.0,93.94,7.22,7.34,7.41,0.06,
108,2025-05-19 06:00:00,3.62,0.17,0.0,0.0,93.96,5.89,6.16,6.86,0.06,
108,2025-05-19 07:00:00,6.04,0.32,0.0,0.0,94.67,5.09,5.42,5.64,0.05,
108,2025-05-19 08:00:00,4.83,0.74,15.35,0.0,94.91,4.68,4.89,5.16,0.04,
108,2025-05-19 09:00:00,7.24,1.72,62.29,0.0,95.51,4.81,5.05,5.29,0.04,
108,2025-05-19 10:00:00,8.45,1.48,220.22,0.0,95.96,5.61,5.88,6.19,0.04,
108,2025-05-19 11:00:00,8.45,1.15,324.19,0.0,95.75,6.51,7.11,7.83,0.04,
108,2025-05-19 12:00:00,12.07,3.09,566.34,0.0,91.1,8.39,9.43,10.48,0.11,
108,2025-05-19 13:00:00,14.48,5.86,607.58,0.0,80.03,11.29,12.56,13.6,0.29,
108,2025-05-19 14:00:00,14.48,7.12,569.85,0.0,69.06,13.85,14.15,14.59,0.5,
108,2025-05-19 15:00:00,13.28,6.41,547.92,0.0,62.86,15.06,15.32,15.79,0.65,
108,2025-05-19 16:00:00,12.07,4.75,456.67,0.0,62.02,14.89,15.28,15.71,0.66,
108,2025-05-19 17:00:00,8.45,3.25,137.75,0.0,69.15,13.86,14.29,14.74,0.5,
108,2025-05-19 18:00:00,6.04,0.83,46.5,0.0,74.07,11.71,12.82,13.66,0.39,
108,2025-05-19 19:00:00,3.62,0.17,0.0,0.0,82.17,9.95,10.38,10.87,0.22,
108,2025-05-19 20:00:00,7.24,1.06,0.0,0.0,84.34,9.4,9.52,9.63,0.19,
108,2025-05-19 21:00:00,6.04,1.56,0.0,0.0,83.74,9.09,9.3,9.42,0.19,
108,2025-05-19 22:00:00,4.83,0.09,0.0,0.0,84.27,8.68,8.92,9.04,0.18,
108,2025-05-19 23:00:00,1.21,0.0,0.0,0.0,86.5,8.12,8.3,8.43,0.15,
108,2025-05-20 00:00:00,4.83,0.27,0.0,0.0,85.43,8.45,8.57,8.7,0.16,
108,2025-05-20 01:00:00,6.04,0.41,0.0,0.0,85.26,8.25,8.47,8.66,0.16,
108,2025-05-20 02:00:00,6.04,0.2,0.0,0.0,85.5,7.89,8.27,8.53,0.16,
108,2025-05-20 03:00:00,2.41,0.02,0.0,0.0,88.11,7.76,7.82,7.87,0.13,
108,2025-05-20 04:00:00,2.41,0.14,0.0,0.0,88.13,7.74,7.81,7.86,0.13,
108,2025-05-20 05:00:00,3.62,0.11,0.0,0.0,88.06,7.56,7.66,7.74,0.13,
108,2025-05-20 06:00:00,1.21,0.0,0.0,0.0,88.71,6.76,7.1,7.31,0.12,
108,2025-05-20 07:00:00,2.41,0.08,0.0,0.0,90.39,6.65,6.73,6.79,0.09,
108,2025-05-20 08:00:00,0.0,0.0,19.3,0.0,90.55,6.47,6.59,6.75,0.09,
108,2025-05-20 09:00:00,1.21,0.03,81.6,0.0,91.01,6.79,7.16,7.49,0.09,
108,2025-05-20 10:00:00,8.45,1.49,224.17,0.0,83.5,7.8,8.62,9.21,0.19,
108,2025-05-20 11:00:00,8.45,1.57,471.58,0.0,73.25,10.02,10.91,11.56,0.35,
108,2025-05-20 12:00:00,8.45,0.94,535.63,0.0,68.92,12.05,12.87,13.68,0.46,
108,2025-05-20 13:00:00,6.04,0.5,629.51,0.0,64.31,13.55,14.4,15.09,0.59,
108,2025-05-20 14:00:00,3.62,0.23,537.39,0.0,62.16,15.16,15.88,16.49,0.69,
108,2025-05-20 15:00:00,7.24,1.24,436.05,0.0,61.18,16.49,16.74,17.13,0.74,
108,2025-05-20 16:00:00,7.24,0.57,123.71,0.0,65.33,15.85,16.12,16.34,0.64,
108,2025-05-20 17:00:00,2.41,0.02,41.67,0.0,70.88,15.04,15.27,15.58,0.51,
108,2025-05-20 18:00:00,0.0,0.0,19.3,0.0,77.29,13.71,14.1,14.5,0.37,
108,2025-05-20 19:00:00,3.62,0.06,0.0,0.0,80.01,13.3,13.5,13.66,0.31,
108,2025-05-20 20:00:00,6.04,0.47,0.0,0.0,81.59,13.24,13.28,13.33,0.28,
108,2025-05-20 21:00:00,9.66,0.97,0.0,0.0,83.83,12.88,12.94,12.99,0.24,
108,2025-05-20 22:00:00,6.04,0.65,0.0,0.0,84.08,12.78,12.93,13.1,0.24,
108,2025-05-20 23:00:00,2.41,0.08,0.0,0.0,85.59,12.4,12.62,12.88,0.21,
108,2025-05-21 00:00:00,0.0,0.0,0.0,0.0,87.97,12.25,12.29,12.39,0.18,
108,2025-05-21 01:00:00,0.0,0.0,0.0,0.0,87.86,11.01,11.63,12.2,0.17,
108,2025-05-21 02:00:00,0.0,0.0,0.0,0.0,90.05,8.43,9.19,9.94,0.12,
108,2025-05-21 03:00:00,0.0,0.0,0.0,0.0,91.8,6.45,7.55,8.83,0.09,
108,2025-05-21 04:00:00,0.0,0.0,0.0,0.0,93.49,6.83,7.72,8.32,0.07,
108,2025-05-21 05:00:00,0.0,0.0,0.0,0.0,93.67,5.79,6.33,6.75,0.06,
108,2025-05-21 06:00:00,0.0,0.0,0.0,0.0,94.26,5.07,5.31,5.48,0.05,
108,2025-05-21 07:00:00,0.0,0.0,0.0,0.0,94.39,4.09,4.53,4.82,0.05,
108,2025-05-21 08:00:00,0.0,0.0,12.28,0.0,94.89,3.96,4.23,4.78,0.04,
108,2025-05-21 09:00:00,1.21,0.02,86.42,0.0,95.98,5.42,6.98,8.15,0.04,
108,2025-05-21 10:00:00,7.24,1.01,345.24,0.0,95.61,8.45,9.78,11.18,0.06,
108,2025-05-21 11:00:00,10.86,3.17,472.02,0.0,84.68,12.22,13.62,15.29,0.25,
108,2025-05-21 12:00:00,12.07,5.52,547.92,0.0,65.57,16.58,17.28,17.96,0.68,
108,2025-05-21 13:00:00,12.07,5.4,584.33,0.0,61.7,18.29,18.88,19.28,0.84,
108,2025-05-21 14:00:00,12.07,5.36,579.94,0.0,62.44,19.7,19.82,19.91,0.87,
108,2025-05-21 15:00:00,13.28,6.87,486.5,0.0,65.88,19.12,19.42,19.84,0.77,
108,2025-05-21 16:00:00,12.07,5.64,440.88,0.0,66.02,19.2,19.55,19.74,0.77,
108,2025-05-21 17:00:00,14.48,6.26,261.46,0.0,68.77,18.01,18.59,19.07,0.67,
108,2025-05-21 18:00:00,13.28,4.23,75.01,0.0,75.29,15.27,16.34,17.35,0.46,
108,2025-05-21 19:00:00,7.24,2.76,0.0,0.0,82.74,13.26,13.92,14.72,0.28,
108,2025-05-21 20:00:00,8.45,3.25,0.0,0.0,85.93,12.3,12.59,12.92,0.21,
108,2025-05-21 21:00:00,6.04,0.68,0.0,0.0,88.14,10.35,11.1,11.96,0.16,
108,2025-05-21 22:00:00,10.86,3.38,0.0,0.0,89.93,10.16,10.33,10.4,0.13,
108,2025-05-21 23:00:00,7.24,1.84,0.0,0.0,89.06,9.28,9.6,9.95,0.13,
108,2025-05-22 00:00:00,4.83,0.82,0.0,0.0,89.39,8.29,8.61,8.97,0.12,
108,2025-05-22 01:00:00,4.83,0.65,0.0,0.0,90.12,7.66,7.93,8.14,0.11,
108,2025-05-22 02:00:00,2.41,0.08,0.0,0.0,90.82,6.59,7.06,7.56,0.09,
108,2025-05-22 03:00:00,0.0,0.0,0.0,0.0,91.68,5.06,5.88,6.49,0.08,
108,2025-05-22 04:00:00,1.21,0.0,0.0,0.0,92.41,4.31,4.64,4.79,0.07,
108,2025-05-22 05:00:00,0.0,0.0,0.0,0.0,92.75,3.06,3.41,3.84,0.06,
108,2025-05-22 06:00:00,0.0,0.0,0.0,0.0,93.48,2.0,2.7,3.01,0.05,
108,2025-05-22 07:00:00,0.0,0.0,0.0,0.0,93.39,1.03,1.21,1.53,0.04,
108,2025-05-22 08:00:00,0.0,0.0,15.35,0.25,94.0,0.63,0.83,1.14,0.04,
108,2025-05-22 09:00:00,0.0,0.0,120.64,0.0,94.69,1.76,2.97,3.91,0.04,
108,2025-05-22 10:00:00,1.21,0.0,338.22,0.0,94.65,5.2,6.27,7.31,0.05,
108,2025-05-22 11:00:00,9.66,2.34,397.45,0.0,85.69,8.04,8.54,9.04,0.16,
108,2025-05-22 12:00:00,8.45,1.93,450.53,0.0,78.1,9.64,10.29,10.81,0.28,
108,2025-05-22 13:00:00,9.66,0.75,510.19,0.0,72.65,11.18,11.78,12.57,0.38,
108,2025-05-22 14:00:00,8.45,1.21,488.25,0.0,70.09,12.61,12.84,13.01,0.44,
108,2025-05-22 15:00:00,4.83,0.24,225.48,0.0,68.91,13.27,13.67,14.0,0.49,
108,2025-05-22 16:00:00,3.62,0.14,236.45,0.0,68.06,14.06,14.29,14.72,0.52,
108,2025-05-22 17:00:00,4.83,0.45,140.82,0.0,72.71,12.91,13.69,14.27,0.43,
108,2025-05-22 18:00:00,0.0,0.0,32.02,0.0,80.78,10.84,11.61,12.3,0.26,
108,2025-05-22 19:00:00,0.0,0.0,0.0,0.0,86.27,8.33,9.32,10.16,0.16,
108,2025-05-22 20:00:00,0.0,0.0,0.0,0.0,89.78,6.48,6.94,7.73,0.1,
108,2025-05-22 21:00:00,0.0,0.0,0.0,0.0,91.23,5.82,6.18,6.39,0.08,
108,2025-05-22 22:00:00,0.0,0.0,0.0,0.0,92.4,5.88,6.11,6.28,0.07,
108,2025-05-22 23:00:00,2.41,0.05,0.0,0.0,93.05,5.88,6.01,6.2,0.07,
108,2025-05-23 00:00:00,1.21,0.0,0.0,0.0,93.75,5.96,6.24,6.52,0.06,
108,2025-05-23 01:00:00,0.0,0.0,0.0,0.0,93.83,4.57,5.03,5.69,0.06,
108,2025-05-23 02:00:00,0.0,0.0,0.0,0.0,94.17,4.08,4.13,4.23,0.05,
108,2025-05-23 03:00:00,0.0,0.0,0.0,0.0,94.43,3.75,3.99,4.16,0.05,
108,2025-05-23 04:00:00,0.0,0.0,0.0,0.25,95.03,2.21,2.94,3.6,0.04,
108,2025-05-23 05:00:00,0.0,0.0,0.0,0.0,95.25,2.07,2.64,3.18,0.04,
108,2025-05-23 06:00:00,0.0,0.0,0.0,0.0,95.37,2.64,2.91,3.25,0.03,
108,2025-05-23 07:00:00,0.0,0.0,0.0,0.0,95.12,1.72,1.95,2.42,0.03,
108,2025-05-23 08:00:00,0.0,0.0,2.19,0.0,95.27,1.94,2.06,2.12,0.03,
108,2025-05-23 09:00:00,0.0,0.0,48.69,0.0,95.52,2.33,2.67,3.05,0.03,
108,2025-05-23 10:00:00,0.0,0.0,171.09,0.0,95.7,3.71,3.99,4.47,0.04,
108,2025-05-23 11:00:00,1.21,0.0,224.61,0.0,95.67,4.67,5.33,5.71,0.04,
108,2025-05-23 12:00:00,9.66,0.68,296.55,0.0,95.63,6.06,6.72,7.55,0.04,
108,2025-05-23 13:00:00,6.04,0.83,656.27,0.0,85.0,8.87,10.62,11.84,0.2,
108,2025-05-23 14:00:00,8.45,0.89,565.46,0.0,68.88,13.13,14.09,14.99,0.5,
108,2025-05-23 15:00:00,9.66,1.75,534.75,0.0,62.76,15.29,15.99,16.47,0.68,
108,2025-05-23 16:00:00,12.07,6.31,194.34,0.0,67.51,14.24,15.08,15.85,0.56,
108,2025-05-23 17:00:00,13.28,4.83,90.37,0.0,74.4,12.67,13.41,14.06,0.4,
108,2025-05-23 18:00:00,9.66,1.34,7.9,0.0,81.69,11.6,11.94,12.12,0.26,
108,2025-05-23 19:00:00,8.45,1.19,0.0,0.51,91.11,10.02,10.57,11.02,0.12,
108,2025-05-23 20:00:00,9.66,2.99,0.0,0.25,93.56,9.17,9.33,9.7,0.07,
108,2025-05-23 21:00:00,6.04,0.71,0.0,0.25,93.86,9.25,9.29,9.35,0.07,
108,2025-05-23 22:00:00,6.04,0.98,0.0,0.0,93.19,8.94,9.14,9.22,0.08,
108,2025-05-23 23:00:00,2.41,0.06,0.0,0.0,93.43,7.73,8.1,8.56,0.07,
108,2025-05-24 00:00:00,2.41,0.06,0.0,0.0,93.64,6.89,7.18,7.69,0.07,
108,2025-05-24 01:00:00,9.66,1.87,0.0,0.0,95.13,6.62,6.78,6.94,0.05,
108,2025-05-24 02:00:00,7.24,1.03,0.0,0.0,95.81,6.72,6.81,6.9,0.04,
108,2025-05-24 03:00:00,6.04,1.13,0.0,0.0,95.91,6.55,6.62,6.68,0.04,
108,2025-05-24 04:00:00,8.45,2.13,0.0,0.0,95.99,5.95,6.3,6.68,0.04,
108,2025-05-24 05:00:00,10.86,2.79,0.0,0.0,96.15,5.38,5.53,5.64,0.04,
108,2025-05-24 06:00:00,4.83,0.56,0.0,0.0,96.1,5.57,5.7,5.75,0.04,
108,2025-05-24 07:00:00,4.83,0.11,0.0,0.0,95.99,5.86,5.99,6.14,0.04,
108,2025-05-24 08:00:00,4.83,0.27,2.19,0.0,96.09,6.19,6.3,6.41,0.04,
108,2025-05-24 09:00:00,4.83,0.3,28.51,0.25,96.14,6.44,6.55,6.62,0.04,
108,2025-05-24 10:00:00,3.62,0.17,64.05,0.0,96.08,6.41,6.51,6.59,0.04,
108,2025-05-24 11:00:00,3.62,0.14,89.05,0.0,96.33,6.78,7.02,7.28,0.04,
108,2025-05-24 12:00:00,2.41,0.08,118.88,0.0,96.26,7.37,7.53,7.63,0.04,
108,2025-05-24 13:00:00,3.62,0.11,136.87,0.0,96.15,7.67,7.71,7.79,0.04,
108,2025-05-24 14:00:00,7.24,0.26,165.38,0.0,96.12,7.91,8.15,8.42,0.04,
108,2025-05-24 15:00:00,4.83,0.39,132.92,0.0,96.06,8.43,8.75,9.12,0.04,
108,2025-05-24 16:00:00,3.62,0.14,108.79,0.0,95.69,9.05,9.11,9.17,0.05,
108,2025-05-24 17:00:00,3.62,0.06,51.76,0.0,95.2,8.98,9.08,9.15,0.06,
108,2025-05-24 18:00:00,1.21,0.0,10.53,0.0,94.98,8.7,8.89,8.97,0.06,
108,2025-05-24 19:00:00,2.41,0.02,0.0,0.0,95.33,8.52,8.56,8.66,0.05,
108,2025-05-24 20:00:00,2.41,0.05,0.0,0.0,95.49,8.43,8.51,8.56,0.05,
108,2025-05-24 21:00:00,1.21,0.0,0.0,0.0,95.7,8.17,8.25,8.31,0.05,
108,2025-05-24 22:00:00,2.41,0.03,0.0,0.0,95.87,7.86,8.11,8.24,0.04,
108,2025-05-24 23:00:00,0.0,0.0,0.0,0.0,95.95,7.82,7.88,7.94,0.04,
108,2025-05-25 00:00:00,6.04,0.36,0.0,0.0,95.97,7.65,7.69,7.77,0.04,
108,2025-05-25 01:00:00,3.62,0.15,0.0,0.0,95.93,7.2,7.31,7.48,0.04,
108,2025-05-25 02:00:00,3.62,0.17,0.0,0.0,95.94,7.15,7.28,7.37,0.04,
108,2025-05-25 03:00:00,7.24,1.03,0.0,0.0,96.01,7.04,7.1,7.15,0.04,
108,2025-05-25 04:00:00,8.45,1.37,0.0,0.0,96.02,6.82,6.86,6.92,0.04,
108,2025-05-25 05:00:00,8.45,1.12,0.0,0.0,96.06,6.55,6.75,6.87,0.04,
108,2025-05-25 06:00:00,9.66,1.77,0.0,0.0,96.12,6.79,6.81,6.84,0.04,
108,2025-05-25 07:00:00,10.86,1.95,0.0,0.25,96.11,6.65,6.71,6.75,0.04,
108,2025-05-25 08:00:00,9.66,2.3,5.7,0.0,96.18,6.72,6.82,6.93,0.04,
108,2025-05-25 09:00:00,10.86,3.77,19.3,0.0,96.18,6.84,7.04,7.2,0.04,
108,2025-05-25 10:00:00,14.48,5.09,38.17,0.0,96.1,7.29,7.56,7.86,0.04,
108,2025-05-25 11:00:00,16.9,7.03,181.61,0.0,95.04,8.07,9.03,10.08,0.06,
108,2025-05-25 12:00:00,20.52,8.58,219.34,0.0,85.1,11.32,11.81,12.39,0.21,
108,2025-05-25 13:00:00,20.52,9.08,186.88,0.0,78.56,13.02,13.65,14.06,0.34,
108,2025-05-25 14:00:00,19.31,7.39,105.28,0.0,83.94,13.06,13.4,13.82,0.25,
108,2025-05-25 15:00:00,13.28,5.3,80.28,0.51,86.86,13.64,13.72,13.79,0.21,
108,2025-05-25 16:00:00,10.86,3.52,38.17,0.76,88.46,13.62,13.68,13.79,0.18,
108,2025-05-25 17:00:00,19.31,5.86,24.57,0.5,83.87,13.81,14.41,14.97,0.27,
108,2025-05-25 18:00:00,22.93,10.03,0.0,2.03,83.25,14.27,14.63,15.03,0.28,
108,2025-05-25 19:00:00,27.76,8.84,0.0,6.87,89.51,13.09,13.33,13.68,0.16,
108,2025-05-25 20:00:00,22.93,8.54,0.0,7.11,92.25,12.83,12.9,13.02,0.11,
108,2025-05-25 21:00:00,18.11,6.07,0.0,3.31,92.84,12.98,13.0,13.03,0.11,
108,2025-05-25 22:00:00,15.69,4.38,0.0,1.27,94.05,12.94,12.98,13.02,0.09,
108,2025-05-25 23:00:00,9.66,1.57,0.0,0.0,94.29,13.02,13.09,13.15,0.09,
108,2025-05-26 00:00:00,9.66,1.57,0.0,0.0,94.1,12.91,13.0,13.12,0.09,
108,2025-05-26 01:00:00,3.62,0.11,0.0,0.0,94.13,12.61,12.73,12.85,0.09,
108,2025-05-26 02:00:00,0.0,0.0,0.0,0.0,94.27,12.51,12.56,12.58,0.08,
108,2025-05-26 03:00:00,0.0,0.0,0.0,0.0,94.41,11.75,12.16,12.48,0.08,
108,2025-05-26 04:00:00,0.0,0.0,0.0,0.0,94.52,11.4,11.5,11.54,0.07,
108,2025-05-26 05:00:00,0.0,0.0,0.0,0.0,94.71,10.78,10.97,11.13,0.07,
108,2025-05-26 06:00:00,0.0,0.0,0.0,0.0,94.86,10.99,11.24,11.52,0.07,
108,2025-05-26 07:00:00,0.0,0.0,0.0,0.0,94.93,11.19,11.36,11.49,0.07,
108,2025-05-26 08:00:00,0.0,0.0,11.41,0.0,94.91,11.03,11.18,11.29,0.07,
108,2025-05-26 09:00:00,0.0,0.0,90.37,0.0,94.85,9.8,10.06,10.62,0.07,
108,2025-05-26 10:00:00,8.45,0.75,312.34,0.0,95.05,12.27,12.87,13.37,0.08,
108,2025-05-26 11:00:00,9.66,2.63,162.75,0.0,94.85,12.92,13.15,13.51,0.08,
108,2025-05-26 12:00:00,10.86,1.68,371.13,0.25,93.66,13.75,14.0,14.19,0.1,
108,2025-05-26 13:00:00,19.31,3.67,755.85,0.5,88.84,13.85,14.11,14.57,0.18,
108,2025-05-26 14:00:00,22.93,8.87,769.89,1.27,83.73,13.78,14.35,14.83,0.27,
108,2025-05-26 15:00:00,20.52,9.88,547.04,0.0,75.71,14.79,15.05,15.27,0.42,
108,2025-05-26 16:00:00,25.35,10.81,421.57,0.0,77.59,13.92,14.21,14.65,0.36,
108,2025-05-26 17:00:00,16.9,5.3,82.47,0.0,80.77,13.22,13.4,13.64,0.3,
108,2025-05-26 18:00:00,10.86,3.71,14.92,0.0,75.73,12.06,12.74,13.23,0.36,
108,2025-05-26 19:00:00,7.24,1.18,0.0,0.0,77.55,10.71,11.19,11.7,0.3,
108,2025-05-26 20:00:00,9.66,1.19,0.0,0.0,83.93,8.95,9.51,10.15,0.19,
108,2025-05-26 21:00:00,9.66,2.66,0.0,0.0,85.78,8.9,9.21,9.53,0.17,
108,2025-05-26 22:00:00,3.62,0.21,0.0,0.0,86.0,7.9,8.53,9.02,0.16,
108,2025-05-26 23:00:00,4.83,0.89,0.0,0.0,90.73,6.27,6.91,7.41,0.09,
108,2025-05-27 00:00:00,4.83,0.48,0.0,0.0,91.88,5.83,6.02,6.3,0.08,
108,2025-05-27 01:00:00,4.83,0.71,0.0,0.0,92.24,4.82,5.35,5.95,0.07,
108,2025-05-27 02:00:00,7.24,0.89,0.0,0.0,92.85,5.02,5.15,5.27,0.06,
108,2025-05-27 03:00:00,0.0,0.0,0.0,0.0,92.21,2.73,3.67,4.71,0.06,
108,2025-05-27 04:00:00,2.41,0.05,0.0,0.0,92.79,2.08,2.37,2.84,0.06,
108,2025-05-27 05:00:00,4.83,0.29,0.0,0.0,94.0,2.74,3.06,3.19,0.04,
108,2025-05-27 06:00:00,1.21,0.0,0.0,0.0,93.92,1.21,1.88,2.46,0.04,
108,2025-05-27 07:00:00,0.0,0.0,0.0,0.0,93.88,0.39,0.78,1.03,0.04,
108,2025-05-27 08:00:00,3.62,0.21,8.34,0.0,94.95,0.59,1.6,2.66,0.03,
108,2025-05-27 09:00:00,2.41,0.17,48.69,0.0,95.56,3.03,3.26,3.46,0.03,
108,2025-05-27 10:00:00,7.24,1.24,125.46,0.0,95.53,3.33,3.62,3.8,0.04,
108,2025-05-27 11:00:00,7.24,1.66,236.45,0.0,95.38,3.88,4.5,5.06,0.04,
108,2025-05-27 12:00:00,9.66,2.36,554.06,0.0,86.79,5.68,7.22,8.55,0.14,
108,2025-05-27 13:00:00,13.28,4.57,576.87,0.0,73.24,9.61,9.96,10.47,0.33,
108,2025-05-27 14:00:00,14.48,4.23,574.67,0.0,67.82,11.03,11.53,11.91,0.44,
108,2025-05-27 15:00:00,13.28,6.59,515.45,0.0,61.54,12.03,12.21,12.46,0.55,
108,2025-05-27 16:00:00,15.69,6.99,415.87,0.0,60.55,12.26,12.29,12.34,0.56,
108,2025-05-27 17:00:00,14.48,7.36,272.42,0.0,64.65,10.82,11.39,11.85,0.48,
108,2025-05-27 18:00:00,10.86,4.41,20.62,0.0,70.86,8.5,9.44,10.42,0.35,
108,2025-05-27 19:00:00,8.45,3.29,0.0,0.0,75.43,6.8,7.67,8.39,0.26,
108,2025-05-27 20:00:00,7.24,3.07,0.0,0.0,81.53,6.03,6.24,6.54,0.18,
108,2025-05-27 21:00:00,8.45,2.58,0.0,0.0,82.65,5.33,5.75,6.07,0.16,
108,2025-05-27 22:00:00,7.24,3.03,0.0,0.0,83.46,5.24,5.35,5.45,0.15,
108,2025-05-27 23:00:00,8.45,1.84,0.0,0.0,84.72,3.81,4.54,4.99,0.13,
108,2025-05-28 00:00:00,7.24,2.07,0.0,0.0,87.89,3.03,3.63,3.98,0.1,
108,2025-05-28 01:00:00,7.24,1.51,0.0,0.0,88.85,3.23,3.49,3.78,0.09,
108,2025-05-28 02:00:00,1.21,0.0,0.0,0.0,89.82,1.48,1.9,2.29,0.07,
108,2025-05-28 03:00:00,4.83,0.77,0.0,0.0,92.18,1.15,1.76,2.4,0.06,
108,2025-05-28 04:00:00,4.83,0.12,0.0,0.0,92.33,0.38,1.45,2.45,0.05,
108,2025-05-28 05:00:00,1.21,0.02,0.0,0.0,92.85,0.07,0.38,0.59,0.05,
108,2025-05-28 06:00:00,4.83,0.38,0.0,0.0,94.18,1.21,2.28,3.01,0.04,
108,2025-05-28 07:00:00,10.86,3.38,0.0,0.0,93.95,2.77,2.93,3.12,0.05,
108,2025-05-28 08:00:00,4.83,0.29,2.19,0.0,93.03,2.78,2.85,2.91,0.05,
108,2025-05-28 09:00:00,6.04,1.22,87.74,0.0,91.87,2.98,3.12,3.3,0.06,
108,2025-05-28 10:00:00,12.07,4.09,383.41,0.0,89.2,3.53,4.29,4.91,0.09,
108,2025-05-28 11:00:00,10.86,4.88,299.62,0.0,85.02,5.01,5.62,6.32,0.14,
108,2025-05-28 12:00:00,9.66,3.44,540.9,0.0,78.5,7.06,7.93,8.75,0.23,
108,2025-05-28 13:00:00,14.48,5.49,561.51,0.0,71.91,9.47,9.82,10.08,0.34,
108,2025-05-28 14:00:00,9.66,3.55,552.3,0.0,68.13,10.9,11.58,12.17,0.44,
108,2025-05-28 15:00:00,10.86,4.62,444.39,0.0,64.55,12.43,12.75,13.02,0.52,
108,2025-05-28 16:00:00,14.48,5.28,316.73,0.0,63.93,13.32,13.44,13.61,0.56,
108,2025-05-28 17:00:00,9.66,4.07,208.37,0.0,65.07,12.79,13.22,13.48,0.53,
108,2025-05-28 18:00:00,8.45,1.07,27.2,0.0,72.48,10.42,11.26,12.23,0.37,
108,2025-05-28 19:00:00,7.24,0.95,0.0,0.0,77.6,9.46,9.91,10.25,0.27,
108,2025-05-28 20:00:00,13.28,2.39,0.0,0.0,77.77,9.18,9.38,9.65,0.26,
108,2025-05-28 21:00:00,8.45,3.43,0.0,0.0,76.36,8.62,8.83,9.05,0.27,
108,2025-05-28 22:00:00,3.62,0.62,0.0,0.0,79.01,7.73,7.99,8.35,0.22,
108,2025-05-28 23:00:00,1.21,0.0,0.0,0.0,81.54,6.32,6.89,7.45,0.19,
108,2025-05-29 00:00:00,0.0,0.0,0.0,0.0,85.38,5.45,5.71,6.03,0.13,
108,2025-05-29 01:00:00,0.0,0.0,0.0,0.0,85.76,4.36,4.99,5.83,0.13,
108,2025-05-29 02:00:00,0.0,0.0,0.0,0.0,88.25,3.7,3.91,4.36,0.1,
108,2025-05-29 03:00:00,0.0,0.0,0.0,0.0,89.68,3.8,4.0,4.11,0.08,
108,2025-05-29 04:00:00,0.0,0.0,0.0,0.0,89.81,2.5,3.08,3.94,0.08,
108,2025-05-29 05:00:00,0.0,0.0,0.0,0.0,90.73,1.2,1.8,2.38,0.07,
108,2025-05-29 06:00:00,0.0,0.0,0.0,0.0,91.5,0.31,0.61,1.34,0.05,
108,2025-05-29 07:00:00,0.0,0.0,0.0,0.0,92.98,0.31,0.49,0.62,0.04,
108,2025-05-29 08:00:00,0.0,0.0,15.79,0.0,93.18,0.41,0.52,0.69,0.04,
108,2025-05-29 09:00:00,0.0,0.0,117.57,0.0,93.6,0.52,1.71,3.39,0.04,
108,2025-05-29 10:00:00,4.83,0.15,293.92,0.0,92.34,4.43,5.85,7.11,0.07,
108,2025-05-29 11:00:00,10.86,2.24,452.72,0.0,80.69,7.97,8.73,9.52,0.22,
108,2025-05-29 12:00:00,7.24,2.11,520.72,0.0,75.05,10.18,10.74,11.53,0.32,
108,2025-05-29 13:00:00,10.86,3.2,550.11,0.0,71.53,11.92,12.45,13.03,0.41,
108,2025-05-29 14:00:00,9.66,3.97,547.04,0.0,66.57,13.52,14.41,15.2,0.55,
108,2025-05-29 15:00:00,9.66,3.76,491.76,0.0,62.19,15.51,16.05,16.7,0.69,
108,2025-05-29 16:00:00,9.66,3.15,393.94,0.0,62.89,16.69,16.84,17.0,0.71,
108,2025-05-29 17:00:00,6.04,0.88,257.51,0.0,65.95,16.1,16.54,16.8,0.64,
108,2025-05-29 18:00:00,0.0,0.0,30.27,0.0,72.11,12.75,14.31,15.65,0.46,
108,2025-05-29 19:00:00,0.0,0.0,0.0,0.0,80.92,10.82,11.5,12.1,0.26,
108,2025-05-29 20:00:00,6.04,0.71,0.0,0.0,82.57,12.08,13.28,14.35,0.27,
108,2025-05-29 21:00:00,4.83,0.39,0.0,0.0,82.15,13.62,13.91,14.12,0.29,
108,2025-05-29 22:00:00,7.24,1.4,0.0,0.0,84.06,13.23,13.36,13.51,0.25,
108,2025-05-29 23:00:00,0.0,0.0,0.0,0.0,85.56,11.74,12.38,13.02,0.21,
108,2025-05-30 00:00:00,3.62,0.06,0.0,0.0,88.59,11.09,11.45,11.74,0.16,
108,2025-05-30 01:00:00,0.0,0.0,0.0,0.0,90.19,9.53,10.04,10.84,0.12,
108,2025-05-30 02:00:00,0.0,0.0,0.0,0.0,91.81,7.13,8.48,9.92,0.09,
108,2025-05-30 03:00:00,3.62,0.15,0.0,0.0,93.02,7.5,8.48,9.46,0.08,
108,2025-05-30 04:00:00,1.21,0.0,0.0,0.0,93.09,6.97,7.36,7.94,0.07,
108,2025-05-30 05:00:00,0.0,0.0,0.0,0.0,93.4,5.13,6.18,7.59,0.06,
108,2025-05-30 06:00:00,0.0,0.0,0.0,0.0,93.72,4.31,4.81,5.37,0.05,
108,2025-05-30 07:00:00,0.0,0.0,0.0,0.25,94.04,3.38,3.65,4.02,0.05,
108,2025-05-30 08:00:00,1.21,0.0,5.26,0.0,94.62,3.01,4.11,5.71,0.04,
108,2025-05-30 09:00:00,4.83,0.24,60.98,0.0,95.26,5.89,7.53,9.14,0.05,
108,2025-05-30 10:00:00,9.66,2.43,122.39,0.0,93.95,9.61,10.05,10.53,0.08,
108,2025-05-30 11:00:00,9.66,4.26,226.8,0.0,87.96,10.98,11.62,12.58,0.17,
108,2025-05-30 12:00:00,19.31,7.52,543.53,0.0,79.59,13.07,13.75,14.16,0.32,
108,2025-05-30 13:00:00,16.9,9.4,568.97,0.0,73.7,14.75,15.0,15.34,0.45,
108,2025-05-30 14:00:00,18.11,7.59,563.27,0.0,69.81,15.34,15.82,16.26,0.55,
108,2025-05-30 15:00:00,15.69,7.89,517.65,0.0,65.1,16.13,16.29,16.59,0.65,
108,2025-05-30 16:00:00,18.11,8.19,394.38,0.0,63.87,15.62,15.95,16.2,0.66,
108,2025-05-30 17:00:00,18.11,7.58,246.1,0.0,65.89,14.19,14.9,15.68,0.58,
108,2025-05-30 18:00:00,12.07,3.36,44.31,0.0,70.93,11.77,12.67,13.62,0.43,
108,2025-05-30 19:00:00,13.28,5.0,0.0,0.0,73.44,10.36,10.77,11.05,0.34,
108,2025-05-30 20:00:00,13.28,3.8,0.0,0.0,77.42,8.74,9.05,9.3,0.26,
108,2025-05-30 21:00:00,13.28,5.42,0.0,0.0,80.61,7.87,8.17,8.35,0.21,
108,2025-05-30 22:00:00,10.86,4.66,0.0,0.0,81.24,6.71,7.24,7.53,0.19,
108,2025-05-30 23:00:00,6.04,0.77,0.0,0.0,83.44,5.16,5.77,6.32,0.15,
108,2025-05-31 00:00:00,3.62,0.63,0.0,0.0,85.28,4.48,4.65,4.81,0.13,
108,2025-05-31 01:00:00,6.04,0.65,0.0,0.0,84.98,3.81,4.3,4.67,0.13,
108,2025-05-31 02:00:00,7.24,0.8,0.0,0.0,85.92,3.75,4.0,4.22,0.11,
108,2025-05-31 03:00:00,8.45,1.82,0.0,0.0,87.43,3.23,3.45,3.71,0.1,
108,2025-05-31 04:00:00,6.04,0.98,0.0,0.0,89.16,2.57,2.77,3.06,0.08,
108,2025-05-31 05:00:00,3.62,0.08,0.0,0.0,89.45,1.25,2.14,2.84,0.08,
108,2025-05-31 06:00:00,1.21,0.0,0.0,0.0,90.91,0.65,0.91,1.05,0.06,
108,2025-05-31 07:00:00,1.21,0.0,0.0,0.0,92.25,0.13,0.47,0.72,0.05,
108,2025-05-31 08:00:00,1.21,0.0,13.6,0.0,92.4,-1.53,-1.31,-0.86,0.04,
108,2025-05-31 09:00:00,0.0,0.0,116.25,0.0,93.09,-1.29,-0.63,0.25,0.04,
108,2025-05-31 10:00:00,4.83,0.26,297.87,0.0,91.55,1.42,2.58,3.26,0.06,
108,2025-05-31 11:00:00,6.04,0.89,465.44,0.0,85.76,3.33,4.52,6.28,0.13,
108,2025-05-31 12:00:00,10.86,2.25,537.83,0.0,74.28,7.14,8.41,9.43,0.29,
108,2025-05-31 13:00:00,13.28,4.98,564.15,0.0,64.98,10.02,10.66,11.3,0.45,
108,2025-05-31 14:00:00,12.07,5.94,564.15,0.0,60.17,11.6,12.27,12.83,0.57,
108,2025-05-31 15:00:00,13.28,5.72,506.68,0.0,54.94,13.12,13.62,14.05,0.71,
108,2025-05-31 16:00:00,10.86,4.78,406.22,0.0,52.58,14.44,14.53,14.69,0.78,
108,2025-05-31 17:00:00,10.86,4.97,262.33,0.0,52.53,13.43,13.97,14.45,0.76,
108,2025-05-31 18:00:00,8.45,2.45,21.93,0.0,61.82,10.77,11.75,12.92,0.53,
108,2025-05-31 19:00:00,6.04,1.63,0.0,0.0,70.35,8.73,9.61,10.64,0.36,
108,2025-05-31 20:00:00,7.24,1.66,0.0,0.0,74.63,7.28,8.23,8.81,0.28,
108,2025-05-31 21:00:00,3.62,0.26,0.0,0.0,78.45,5.76,6.74,7.28,0.21,
108,2025-05-31 22:00:00,7.24,2.46,0.0,0.0,81.14,6.06,6.24,6.47,0.18,
108,2025-05-31 23:00:00,3.62,0.15,0.0,0.0,82.4,5.3,5.63,6.02,0.16,
108,2025-06-01 00:00:00,0.0,0.0,0.0,0.0,85.2,4.23,4.49,4.67,0.13,
108,2025-06-01 01:00:00,4.83,0.66,0.0,0.0,87.33,3.29,3.86,4.22,0.1,
108,2025-06-01 02:00:00,4.83,0.24,0.0,0.0,89.57,2.77,3.23,3.74,0.08,
108,2025-06-01 03:00:00,1.21,0.0,0.0,0.0,90.01,2.11,2.63,3.33,0.08,
108,2025-06-01 04:00:00,0.0,0.0,0.0,0.0,90.47,0.48,0.68,0.93,0.06,
108,2025-06-01 05:00:00,0.0,0.0,0.0,0.0,91.22,-0.27,0.17,0.45,0.05,
108,2025-06-01 06:00:00,0.0,0.0,0.0,0.0,91.81,-0.72,-0.37,0.01,0.05,
108,2025-06-01 07:00:00,0.0,0.0,0.0,0.0,92.52,-0.66,-0.51,-0.41,0.04,
108,2025-06-01 08:00:00,0.0,0.0,3.51,0.0,92.7,-1.58,-1.32,-1.01,0.04,
108,2025-06-01 09:00:00,1.21,0.0,183.37,0.0,93.53,-0.86,0.38,1.83,0.04,
108,2025-06-01 10:00:00,0.0,0.0,301.38,0.0,93.54,2.33,4.36,6.03,0.06,
108,2025-06-01 11:00:00,6.04,0.39,443.07,0.0,83.25,6.11,7.21,8.15,0.17,
108,2025-06-01 12:00:00,9.66,2.16,541.33,0.0,73.22,8.47,9.24,9.85,0.32,
108,2025-06-01 13:00:00,13.28,3.86,555.37,0.0,64.35,10.5,11.5,12.53,0.49,
108,2025-06-01 14:00:00,8.45,2.09,552.3,0.0,58.81,12.99,13.87,14.61,0.66,
108,2025-06-01 15:00:00,10.86,3.59,490.89,0.0,54.2,14.59,15.02,15.36,0.78,
108,2025-06-01 16:00:00,10.86,2.08,399.2,0.0,51.17,15.49,15.81,15.94,0.88,
108,2025-06-01 17:00:00,4.83,0.18,178.54,0.0,54.24,14.55,14.99,15.51,0.78,
108,2025-06-01 18:00:00,0.0,0.0,32.02,0.0,61.83,11.27,12.53,13.69,0.56,
108,2025-06-01 19:00:00,0.0,0.0,0.0,0.0,70.58,9.4,10.17,11.26,0.37,
108,2025-06-01 20:00:00,0.0,0.0,0.0,0.0,76.55,6.41,7.47,8.87,0.24,
108,2025-06-01 21:00:00,0.0,0.0,0.0,0.0,82.78,4.7,5.07,5.71,0.15,
108,2025-06-01 22:00:00,0.0,0.0,0.0,0.0,86.68,4.36,4.52,4.72,0.11,
108,2025-06-01 23:00:00,0.0,0.0,0.0,0.0,88.02,3.81,4.14,4.47,0.1,
108,2025-06-02 00:00:00,0.0,0.0,0.0,0.0,89.89,4.19,4.52,4.86,0.09,
108,2025-06-02 01:00:00,1.21,0.0,0.0,0.0,90.91,4.81,4.97,5.1,0.08,
108,2025-06-02 02:00:00,1.21,0.0,0.0,0.0,91.54,4.31,4.59,4.95,0.07,
108,2025-06-02 03:00:00,0.0,0.0,0.0,0.0,92.1,3.96,4.31,4.46,0.07,
108,2025-06-02 04:00:00,2.41,0.08,0.0,0.0,92.64,3.63,4.03,4.51,0.06,
108,2025-06-02 05:00:00,3.62,0.23,0.0,0.0,92.93,4.09,4.36,4.5,0.06,
108,2025-06-02 06:00:00,3.62,0.15,0.0,0.0,93.43,3.85,4.23,4.71,0.05,
108,2025-06-02 07:00:00,3.62,0.23,0.0,0.0,93.39,4.71,4.8,4.88,0.06,
108,2025-06-02 08:00:00,4.83,0.11,2.19,0.0,93.41,4.89,4.96,5.03,0.06,
108,2025-06-02 09:00:00,4.83,0.08,64.93,0.0,93.35,5.07,5.38,5.83,0.06,
108,2025-06-02 10:00:00,8.45,0.68,97.83,0.0,92.82,6.14,6.59,7.13,0.07,
108,2025-06-02 11:00:00,3.62,0.08,319.36,0.0,88.15,7.93,8.78,9.77,0.14,
108,2025-06-02 12:00:00,6.04,0.94,260.58,0.0,80.67,10.2,10.36,10.57,0.24,
108,2025-06-02 13:00:00,6.04,0.79,254.87,0.0,78.0,11.1,11.67,12.03,0.3,
108,2025-06-02 14:00:00,6.04,0.44,224.61,0.0,73.96,12.16,12.56,12.83,0.38,
108,2025-06-02 15:00:00,4.83,0.21,221.54,0.0,70.76,13.1,13.25,13.34,0.45,
108,2025-06-02 16:00:00,3.62,0.06,103.53,0.0,70.86,13.12,13.24,13.34,0.44,
108,2025-06-02 17:00:00,3.62,0.14,61.85,0.0,75.48,12.02,12.48,12.92,0.35,
108,2025-06-02 18:00:00,3.62,0.14,16.23,0.0,80.63,10.63,11.2,11.65,0.26,
108,2025-06-02 19:00:00,1.21,0.0,0.0,0.0,83.77,9.8,10.05,10.47,0.2,
108,2025-06-02 20:00:00,0.0,0.0,0.0,0.0,86.71,9.08,9.3,9.45,0.16,
108,2025-06-02 21:00:00,6.04,0.44,0.0,0.0,87.85,8.68,9.14,9.45,0.14,
108,2025-06-02 22:00:00,2.41,0.03,0.0,0.0,88.05,8.66,8.84,9.23,0.14,
108,2025-06-02 23:00:00,6.04,0.8,0.0,0.0,88.61,8.87,9.26,9.49,0.13,
108,2025-06-03 00:00:00,7.24,0.42,0.0,0.0,89.01,8.25,8.59,9.02,0.12,
108,2025-06-03 01:00:00,4.83,0.11,0.0,0.0,90.42,8.27,8.31,8.39,0.11,
108,2025-06-03 02:00:00,1.21,0.0,0.0,0.0,90.81,7.79,7.96,8.18,0.1,
108,2025-06-03 03:00:00,0.0,0.0,0.0,0.0,91.39,7.41,7.45,7.56,0.09,
108,2025-06-03 04:00:00,0.0,0.0,0.0,0.0,92.04,6.89,7.08,7.32,0.08,
108,2025-06-03 05:00:00,0.0,0.0,0.0,0.0,92.6,6.92,7.03,7.11,0.07,
108,2025-06-03 06:00:00,7.24,0.44,0.0,0.0,92.96,7.1,7.17,7.29,0.07,
108,2025-06-03 07:00:00,4.83,0.29,0.0,0.0,93.02,7.24,7.47,7.62,0.07,
108,2025-06-03 08:00:00,0.0,0.0,0.0,0.0,92.84,6.86,7.05,7.37,0.07,
108,2025-06-03 09:00:00,3.62,0.26,70.19,0.0,93.17,6.84,7.38,7.91,0.07,
108,2025-06-03 10:00:00,7.24,0.65,107.04,0.0,92.33,8.22,8.64,9.09,0.09,
108,2025-06-03 11:00:00,7.24,0.78,224.17,0.0,87.89,9.57,10.27,10.99,0.15,
108,2025-06-03 12:00:00,7.24,1.22,181.61,0.0,82.13,11.15,11.58,12.27,0.25,
108,2025-06-03 13:00:00,7.24,1.68,278.13,0.0,75.5,12.77,13.14,13.41,0.37,
108,2025-06-03 14:00:00,6.04,1.07,156.61,0.0,73.29,13.38,13.56,13.71,0.42,
108,2025-06-03 15:00:00,6.04,1.15,134.68,0.0,74.16,13.64,13.73,13.86,0.41,
108,2025-06-03 16:00:00,6.04,1.36,75.01,0.0,74.85,13.48,13.62,13.79,0.39,
108,2025-06-03 17:00:00,6.04,1.22,59.22,0.0,75.99,12.89,13.18,13.47,0.36,
108,2025-06-03 18:00:00,10.86,1.12,10.09,0.0,79.92,12.02,12.37,12.6,0.29,
108,2025-06-03 19:00:00,10.86,0.85,0.0,0.0,83.23,11.3,11.58,12.0,0.23,
108,2025-06-03 20:00:00,0.0,0.0,0.0,0.0,85.88,10.26,10.5,10.91,0.18,
108,2025-06-03 21:00:00,0.0,0.0,0.0,0.0,87.77,10.07,10.18,10.32,0.16,
108,2025-06-03 22:00:00,1.21,0.0,0.0,0.0,88.56,9.54,9.82,10.01,0.14,
108,2025-06-03 23:00:00,4.83,0.21,0.0,0.0,89.41,9.65,9.76,9.91,0.13,
108,2025-06-04 00:00:00,0.0,0.0,0.0,0.0,89.9,9.19,9.42,9.71,0.12,
108,2025-06-04 01:00:00,0.0,0.0,0.0,0.0,90.78,8.31,8.87,9.33,0.11,
108,2025-06-04 02:00:00,4.83,0.03,0.0,0.0,91.53,8.53,8.71,8.98,0.1,
108,2025-06-04 03:00:00,2.41,0.03,0.0,0.0,91.29,8.1,8.31,8.52,0.1,
108,2025-06-04 04:00:00,0.0,0.0,0.0,0.0,92.05,7.57,7.65,7.77,0.08,
108,2025-06-04 05:00:00,0.0,0.0,0.0,0.0,92.67,7.32,7.37,7.46,0.08,
108,2025-06-04 06:00:00,0.0,0.0,0.0,0.0,93.0,7.22,7.27,7.38,0.07,
108,2025-06-04 07:00:00,3.62,0.18,0.0,0.0,93.56,7.27,7.38,7.56,0.07,
108,2025-06-04 08:00:00,1.21,0.0,8.34,0.0,93.47,5.58,6.25,7.22,0.06,
108,2025-06-04 09:00:00,7.24,0.26,56.59,0.0,94.54,5.68,6.7,7.8,0.05,
108,2025-06-04 10:00:00,4.83,0.47,206.62,0.0,94.07,8.98,9.45,9.94,0.07,
108,2025-06-04 11:00:00,8.45,1.24,477.29,0.0,84.49,10.63,11.97,12.58,0.22,
108,2025-06-04 12:00:00,14.48,4.88,564.15,0.0,80.29,12.44,13.09,14.19,0.3,
108,2025-06-04 13:00:00,16.9,7.29,535.19,0.0,79.78,12.86,13.36,14.1,0.31,
108,2025-06-04 14:00:00,7.24,2.25,626.44,0.0,73.23,13.72,14.84,16.01,0.46,
108,2025-06-04 15:00:00,8.45,1.81,470.71,0.0,63.32,15.8,16.31,16.87,0.68,
108,2025-06-04 16:00:00,8.45,1.57,332.08,0.0,61.44,16.7,16.95,17.42,0.75,
108,2025-06-04 17:00:00,4.83,0.26,213.64,0.0,63.21,15.77,16.12,16.42,0.67,
108,2025-06-04 18:00:00,0.0,0.0,25.0,0.0,71.15,11.93,13.49,15.25,0.45,
108,2025-06-04 19:00:00,0.0,0.0,0.0,0.0,78.97,10.56,10.96,11.71,0.28,
108,2025-06-04 20:00:00,1.21,0.0,0.0,0.0,82.61,7.29,8.8,10.39,0.2,
108,2025-06-04 21:00:00,0.0,0.0,0.0,0.0,89.36,5.93,6.51,6.99,0.11,
108,2025-06-04 22:00:00,0.0,0.0,0.0,0.0,90.78,5.31,5.62,6.14,0.09,
108,2025-06-04 23:00:00,0.0,0.0,0.0,0.0,92.36,4.76,5.38,5.79,0.07,
108,2025-06-05 00:00:00,1.21,0.0,0.0,0.0,93.52,5.07,5.42,5.68,0.06,
108,2025-06-05 01:00:00,3.62,0.15,0.0,0.0,94.24,5.31,5.59,5.75,0.05,
108,2025-06-05 02:00:00,4.83,0.5,0.0,0.0,94.83,4.57,4.77,4.96,0.04,
108,2025-06-05 03:00:00,0.0,0.0,0.0,0.25,95.36,4.64,4.88,5.29,0.04,
108,2025-06-05 04:00:00,7.24,0.94,0.0,0.0,95.59,5.61,6.5,7.48,0.04,
108,2025-06-05 05:00:00,10.86,3.31,0.0,0.0,96.04,7.39,7.53,7.67,0.04,
108,2025-06-05 06:00:00,7.24,1.68,0.0,0.0,96.1,7.01,7.16,7.31,0.04,
108,2025-06-05 07:00:00,7.24,1.49,0.0,0.0,96.12,6.69,6.77,6.83,0.04,
108,2025-06-05 08:00:00,2.41,0.03,0.0,0.0,95.97,6.87,6.96,7.06,0.04,
108,2025-06-05 09:00:00,3.62,0.06,36.41,0.0,95.78,6.73,6.88,7.06,0.04,
108,2025-06-05 10:00:00,4.83,0.17,64.93,0.0,95.76,6.75,6.86,7.03,0.04,
108,2025-06-05 11:00:00,3.62,0.09,96.51,0.0,95.68,7.0,7.14,7.24,0.04,
108,2025-06-05 12:00:00,4.83,0.48,142.13,0.0,95.79,7.41,7.82,8.24,0.05,
108,2025-06-05 13:00:00,7.24,0.36,154.86,0.0,95.24,8.53,8.87,9.5,0.06,
108,2025-06-05 14:00:00,6.04,0.76,397.01,0.0,87.32,9.58,10.04,10.66,0.16,
108,2025-06-05 15:00:00,4.83,0.72,502.73,0.0,81.0,10.53,11.44,11.92,0.26,
108,2025-06-05 16:00:00,7.24,1.38,375.07,0.0,78.0,11.93,12.09,12.39,0.31,
108,2025-06-05 17:00:00,8.45,2.14,224.61,0.0,80.79,9.99,10.91,11.68,0.25,
108,2025-06-05 18:00:00,4.83,0.47,43.43,0.0,86.33,7.31,8.35,9.47,0.15,
108,2025-06-05 19:00:00,4.83,0.79,0.0,0.0,90.94,6.09,6.33,6.79,0.09,
108,2025-06-05 20:00:00,7.24,1.99,0.0,0.0,93.77,6.1,6.46,6.69,0.06,
108,2025-06-05 21:00:00,8.45,1.75,0.0,0.0,94.34,6.75,6.81,6.92,0.06,
108,2025-06-05 22:00:00,6.04,1.15,0.0,0.0,94.72,6.93,7.11,7.28,0.05,
108,2025-06-05 23:00:00,6.04,1.11,0.0,0.0,94.97,7.34,7.39,7.42,0.05,
108,2025-06-06 00:00:00,6.04,0.69,0.0,0.0,95.17,7.27,7.35,7.46,0.05,
108,2025-06-06 01:00:00,3.62,0.14,0.0,0.0,95.29,7.0,7.13,7.2,0.05,
108,2025-06-06 02:00:00,2.41,0.03,0.0,0.0,95.28,6.87,6.96,7.04,0.05,
108,2025-06-06 03:00:00,0.0,0.0,0.0,0.0,95.42,6.66,6.73,6.8,0.05,
108,2025-06-06 04:00:00,0.0,0.0,0.0,0.0,95.48,6.44,6.56,6.68,0.04,
108,2025-06-06 05:00:00,3.62,0.21,0.0,0.25,95.53,5.65,5.96,6.37,0.04,
108,2025-06-06 06:00:00,3.62,0.32,0.0,0.0,95.6,5.3,5.4,5.54,0.04,
108,2025-06-06 07:00:00,4.83,0.86,0.0,0.0,95.64,4.64,4.87,5.13,0.04,
108,2025-06-06 08:00:00,4.83,0.62,10.53,0.0,95.66,4.17,4.3,4.48,0.04,
108,2025-06-06 09:00:00,3.62,0.17,38.17,0.0,95.7,4.34,4.64,4.98,0.04,
108,2025-06-06 10:00:00,6.04,0.39,61.85,0.0,95.69,5.2,5.4,5.62,0.04,
108,2025-06-06 11:00:00,7.24,0.94,107.04,0.0,95.68,5.75,6.09,6.48,0.04,
108,2025-06-06 12:00:00,6.04,1.07,118.88,0.0,95.77,6.75,6.88,6.96,0.04,
108,2025-06-06 13:00:00,9.66,2.04,122.39,0.0,95.73,7.14,7.24,7.39,0.04,
108,2025-06-06 14:00:00,10.86,3.47,117.57,0.0,95.68,6.94,7.12,7.27,0.04,
108,2025-06-06 15:00:00,12.07,3.52,78.52,0.0,95.72,7.06,7.17,7.34,0.04,
108,2025-06-06 16:00:00,7.24,1.48,74.58,0.0,95.94,7.66,8.13,8.59,0.05,
108,2025-06-06 17:00:00,8.45,1.25,33.78,0.0,95.78,8.67,8.83,9.05,0.05,
108,2025-06-06 18:00:00,12.07,1.72,11.84,0.0,94.97,9.17,9.39,9.53,0.06,
108,2025-06-06 19:00:00,4.83,0.2,0.0,0.0,94.46,9.52,9.55,9.63,0.07,
108,2025-06-06 20:00:00,4.83,0.72,0.0,0.0,92.81,9.75,9.87,10.01,0.09,
108,2025-06-06 21:00:00,3.62,0.11,0.0,0.0,89.78,9.95,9.97,9.99,0.13,
108,2025-06-06 22:00:00,1.21,0.0,0.0,0.0,88.32,9.81,9.9,9.97,0.14,
108,2025-06-06 23:00:00,3.62,0.27,0.0,0.0,87.54,9.9,9.95,10.08,0.15,
108,2025-06-07 00:00:00,2.41,0.11,0.0,0.0,86.43,9.95,10.02,10.07,0.17,
108,2025-06-07 01:00:00,2.41,0.03,0.0,0.0,86.82,9.74,9.86,9.94,0.16,
108,2025-06-07 02:00:00,0.0,0.0,0.0,0.0,86.94,9.73,9.78,9.81,0.16,
108,2025-06-07 03:00:00,0.0,0.0,0.0,0.0,87.56,9.32,9.53,9.75,0.15,
108,2025-06-07 04:00:00,0.0,0.0,0.0,0.0,89.08,9.32,9.34,9.39,0.13,
108,2025-06-07 05:00:00,0.0,0.0,0.0,0.0,89.58,9.29,9.31,9.35,0.12,
108,2025-06-07 06:00:00,0.0,0.0,0.0,0.0,89.12,9.19,9.3,9.35,0.13,
108,2025-06-07 07:00:00,0.0,0.0,0.0,0.0,89.17,9.26,9.28,9.33,0.13,
108,2025-06-07 08:00:00,0.0,0.0,0.0,0.0,88.43,9.37,9.4,9.47,0.14,
108,2025-06-07 09:00:00,0.0,0.0,44.31,0.0,87.61,9.52,9.71,9.99,0.15,
108,2025-06-07 10:00:00,0.0,0.0,137.31,0.0,84.45,10.32,10.78,11.29,0.2,
108,2025-06-07 11:00:00,3.62,0.26,409.29,0.0,74.71,11.44,12.75,13.66,0.38,
108,2025-06-07 12:00:00,9.66,1.7,547.04,0.0,65.29,13.43,13.74,14.07,0.55,
108,2025-06-07 13:00:00,8.45,1.68,593.54,0.0,62.84,14.14,14.6,14.95,0.62,
108,2025-06-07 14:00:00,9.66,1.95,535.19,0.0,61.67,14.96,15.12,15.36,0.66,
108,2025-06-07 15:00:00,15.69,1.37,477.29,0.0,59.98,15.45,15.67,15.87,0.71,
108,2025-06-07 16:00:00,8.45,2.34,363.23,0.0,60.23,15.61,15.81,16.13,0.71,
108,2025-06-07 17:00:00,8.45,1.92,225.92,0.0,63.07,14.5,15.08,15.52,0.63,
108,2025-06-07 18:00:00,2.41,0.06,37.73,0.0,70.47,11.89,12.85,13.95,0.44,
108,2025-06-07 19:00:00,1.21,0.0,0.0,0.0,76.63,10.44,10.79,11.42,0.31,
108,2025-06-07 20:00:00,3.62,0.2,0.0,0.0,80.52,9.7,9.94,10.15,0.24,
108,2025-06-07 21:00:00,3.62,0.38,0.0,0.0,83.3,8.68,9.15,9.68,0.19,
108,2025-06-07 22:00:00,1.21,0.0,0.0,0.0,86.48,7.46,7.95,8.43,0.15,
108,2025-06-07 23:00:00,2.41,0.18,0.0,0.0,89.41,6.92,7.05,7.27,0.11,
108,2025-06-08 00:00:00,6.04,1.66,0.0,0.0,90.9,6.54,6.76,6.9,0.09,
108,2025-06-08 01:00:00,1.21,0.0,0.0,0.0,91.3,5.64,5.84,6.27,0.08,
108,2025-06-08 02:00:00,1.21,0.0,0.0,0.0,92.33,5.19,5.57,5.81,0.07,
108,2025-06-08 03:00:00,2.41,0.08,0.0,0.0,92.63,3.84,4.37,4.71,0.06,
108,2025-06-08 04:00:00,2.41,0.14,0.0,0.0,93.36,3.86,4.18,4.51,0.05,
108,2025-06-08 05:00:00,0.0,0.0,0.0,0.0,93.3,1.88,2.73,3.45,0.05,
108,2025-06-08 06:00:00,4.83,0.45,0.0,0.0,94.21,2.77,3.39,3.71,0.05,
108,2025-06-08 07:00:00,7.24,1.22,0.0,0.25,95.42,3.56,3.59,3.68,0.04,
108,2025-06-08 08:00:00,3.62,0.09,12.28,0.0,95.43,3.81,4.13,4.39,0.04,
108,2025-06-08 09:00:00,6.04,0.94,35.09,0.0,95.82,4.68,5.03,5.17,0.04,
108,2025-06-08 10:00:00,6.04,1.39,91.68,0.0,95.67,4.91,4.94,4.98,0.04,
108,2025-06-08 11:00:00,7.24,0.59,110.99,0.0,95.19,4.98,5.07,5.24,0.04,
108,2025-06-08 12:00:00,9.66,1.93,247.86,0.0,92.8,5.42,6.07,6.59,0.07,
108,2025-06-08 13:00:00,6.04,1.3,534.32,0.0,85.06,7.06,8.01,8.66,0.16,
108,2025-06-08 14:00:00,7.24,1.56,533.0,0.0,81.52,8.81,9.4,9.9,0.22,
108,2025-06-08 15:00:00,9.66,2.16,473.78,0.0,79.1,10.08,10.24,10.47,0.26,
108,2025-06-08 16:00:00,7.24,1.62,361.04,0.0,79.3,10.13,10.25,10.32,0.26,
108,2025-06-08 17:00:00,7.24,1.33,243.03,0.0,81.09,9.01,9.7,10.12,0.23,
108,2025-06-08 18:00:00,4.83,0.33,18.86,0.0,86.03,6.62,7.4,8.29,0.14,
108,2025-06-08 19:00:00,0.0,0.0,0.0,0.0,88.77,4.13,5.08,6.24,0.1,
108,2025-06-08 20:00:00,0.0,0.0,0.0,0.0,89.62,2.96,3.32,3.81,0.08,
108,2025-06-08 21:00:00,0.0,0.0,0.0,0.0,91.05,2.9,3.08,3.38,0.07,
108,2025-06-08 22:00:00,0.0,0.0,0.0,0.0,92.23,2.0,2.18,2.49,0.06,
108,2025-06-08 23:00:00,0.0,0.0,0.0,0.0,93.02,1.42,1.66,1.85,0.05,
108,2025-06-09 00:00:00,1.21,0.0,0.0,0.0,93.59,1.28,1.57,1.81,0.04,
108,2025-06-09 01:00:00,0.0,0.0,0.0,0.0,93.66,1.18,1.37,1.63,0.04,
108,2025-06-09 02:00:00,1.21,0.0,0.0,0.0,94.22,1.11,1.23,1.37,0.04,
108,2025-06-09 03:00:00,2.41,0.03,0.0,0.0,94.31,0.7,0.95,1.18,0.04,
108,2025-06-09 04:00:00,0.0,0.0,0.0,0.0,94.49,0.37,0.55,0.66,0.04,
108,2025-06-09 05:00:00,3.62,0.11,0.0,0.0,94.88,0.35,0.43,0.52,0.03,
108,2025-06-09 06:00:00,1.21,0.0,0.0,0.0,95.16,0.73,0.96,1.21,0.03,
108,2025-06-09 07:00:00,2.41,0.03,0.0,0.0,94.98,0.87,1.13,1.35,0.03,
108,2025-06-09 08:00:00,0.0,0.0,3.07,0.0,95.05,0.53,0.61,0.69,0.03,
108,2025-06-09 09:00:00,2.41,0.02,50.01,0.0,95.11,0.63,0.84,1.1,0.03,
108,2025-06-09 10:00:00,1.21,0.0,101.34,0.0,95.24,1.38,1.88,2.47,0.03,
108,2025-06-09 11:00:00,3.62,0.14,167.14,0.0,95.36,3.21,3.68,4.06,0.04,
108,2025-06-09 12:00:00,6.04,0.73,191.7,0.0,95.71,4.34,5.02,5.86,0.04,
108,2025-06-09 13:00:00,8.45,1.34,310.15,0.0,93.38,6.09,6.88,7.62,0.07,
108,2025-06-09 14:00:00,6.04,0.59,545.28,0.0,85.25,8.27,9.17,10.05,0.17,
108,2025-06-09 15:00:00,6.04,0.56,493.52,0.0,78.85,10.56,11.02,11.67,0.28,
108,2025-06-09 16:00:00,7.24,1.0,373.32,0.0,77.29,11.29,11.59,11.88,0.31,
108,2025-06-09 17:00:00,7.24,0.77,226.36,0.0,80.77,9.81,10.5,11.12,0.25,
108,2025-06-09 18:00:00,1.21,0.0,27.2,0.0,85.11,7.21,8.19,9.28,0.16,
108,2025-06-09 19:00:00,0.0,0.0,0.0,0.0,88.81,4.54,5.44,6.66,0.1,
108,2025-06-09 20:00:00,0.0,0.0,0.0,0.0,91.06,2.47,3.36,4.27,0.07,
108,2025-06-09 21:00:00,0.0,0.0,0.0,0.0,92.41,1.57,1.88,2.18,0.05,
108,2025-06-09 22:00:00,0.0,0.0,0.0,0.0,93.13,1.07,1.27,1.56,0.05,
108,2025-06-09 23:00:00,0.0,0.0,0.0,0.25,93.72,0.94,0.97,1.0,0.04,
108,2025-06-10 00:00:00,3.62,0.06,0.0,0.0,94.4,0.45,0.62,0.82,0.04,
108,2025-06-10 01:00:00,0.0,0.0,0.0,0.0,94.79,0.6,0.99,1.39,0.03,
108,2025-06-10 02:00:00,0.0,0.0,0.0,0.0,95.19,1.45,1.54,1.69,0.03,
108,2025-06-10 03:00:00,0.0,0.0,0.0,0.0,95.27,1.7,1.87,2.0,0.03,
108,2025-06-10 04:00:00,0.0,0.0,0.0,0.0,95.25,2.04,2.09,2.16,0.03,
108,2025-06-10 05:00:00,0.0,0.0,0.0,0.0,95.23,1.77,1.88,1.98,0.03,
108,2025-06-10 06:00:00,0.0,0.0,0.0,0.25,95.29,1.5,1.54,1.56,0.03,
108,2025-06-10 07:00:00,3.62,0.02,0.0,0.0,95.35,1.49,1.53,1.59,0.03,
108,2025-06-10 08:00:00,1.21,0.0,0.88,0.0,95.38,1.6,1.65,1.73,0.03,
108,2025-06-10 09:00:00,1.21,0.0,36.41,0.0,95.41,1.69,1.83,1.98,0.03,
108,2025-06-10 10:00:00,4.83,0.3,103.97,0.0,95.49,2.04,2.2,2.27,0.03,
108,2025-06-10 11:00:00,6.04,0.79,187.32,0.0,95.41,2.02,2.18,2.53,0.03,
108,2025-06-10 12:00:00,4.83,0.35,207.5,0.0,95.61,2.77,3.52,4.15,0.03,
108,2025-06-10 13:00:00,2.41,0.03,255.75,0.0,95.61,4.61,5.14,5.58,0.04,
108,2025-06-10 14:00:00,2.41,0.05,529.05,0.0,95.62,5.65,6.94,8.25,0.04,
108,2025-06-10 15:00:00,4.83,0.48,482.99,0.0,92.27,8.95,9.79,10.73,0.1,
108,2025-06-10 16:00:00,3.62,0.21,395.69,0.0,77.82,12.3,12.89,13.38,0.33,
108,2025-06-10 17:00:00,7.24,1.24,248.29,0.0,75.31,11.2,12.47,13.22,0.36,
108,2025-06-10 18:00:00,3.62,0.06,27.64,0.0,84.53,7.84,9.22,10.35,0.18,
108,2025-06-10 19:00:00,0.0,0.0,0.0,0.0,89.09,6.1,6.53,6.93,0.11,
108,2025-06-10 20:00:00,1.21,0.0,0.0,0.0,91.81,5.1,5.76,6.17,0.08,
108,2025-06-10 21:00:00,1.21,0.0,0.0,0.0,92.47,3.77,4.29,4.61,0.06,
108,2025-06-10 22:00:00,4.83,0.27,0.0,0.0,93.15,2.98,3.34,3.68,0.05,
108,2025-06-10 23:00:00,0.0,0.0,0.0,0.0,93.77,2.94,3.21,3.42,0.05,
108,2025-06-11 00:00:00,0.0,0.0,0.0,0.0,93.97,2.33,2.61,2.8,0.04,
108,2025-06-11 01:00:00,0.0,0.0,0.0,0.0,94.4,2.52,2.96,3.52,0.04,
108,2025-06-11 02:00:00,0.0,0.0,0.0,0.0,94.51,2.45,2.57,2.64,0.04,
108,2025-06-11 03:00:00,3.62,0.14,0.0,0.0,94.81,2.45,2.6,2.73,0.04,
108,2025-06-11 04:00:00,1.21,0.0,0.0,0.25,94.66,1.35,1.92,2.47,0.04,
108,2025-06-11 05:00:00,0.0,0.0,0.0,0.0,94.68,0.66,1.03,1.57,0.03,
108,2025-06-11 06:00:00,2.41,0.03,0.0,0.0,95.25,2.33,3.9,5.44,0.04,
108,2025-06-11 07:00:00,3.62,0.08,0.0,0.0,95.33,5.88,6.21,6.49,0.04,
108,2025-06-11 08:00:00,2.41,0.09,0.0,0.0,95.24,6.84,7.08,7.2,0.05,
108,2025-06-11 09:00:00,6.04,0.54,17.11,0.0,95.3,7.25,7.84,8.4,0.05,
108,2025-06-11 10:00:00,4.83,0.41,32.02,0.0,95.17,8.47,8.62,8.8,0.05,
108,2025-06-11 11:00:00,4.83,0.47,41.24,0.0,94.96,8.89,9.25,9.65,0.06,
108,2025-06-11 12:00:00,10.86,1.83,39.92,0.0,90.8,9.88,10.48,10.87,0.12,
108,2025-06-11 13:00:00,15.69,5.66,98.7,0.0,83.05,11.19,11.63,11.96,0.23,
108,2025-06-11 14:00:00,21.73,7.08,116.25,0.0,80.88,12.1,12.36,12.61,0.28,
108,2025-06-11 15:00:00,19.31,8.87,109.23,0.0,79.41,12.54,12.57,12.61,0.3,
108,2025-06-11 16:00:00,22.93,9.28,46.06,0.0,78.16,12.65,12.71,12.77,0.32,
108,2025-06-11 17:00:00,25.35,9.57,34.22,0.0,76.77,12.82,12.91,12.96,0.35,
108,2025-06-11 18:00:00,27.76,11.85,22.37,0.0,74.73,13.06,13.13,13.22,0.38,
108,2025-06-11 19:00:00,27.76,11.54,0.0,0.0,73.05,13.41,13.42,13.44,0.42,
108,2025-06-11 20:00:00,26.55,11.9,0.0,0.0,78.17,11.98,12.6,13.12,0.32,
108,2025-06-11 21:00:00,30.18,10.85,0.0,0.0,77.05,12.42,12.68,12.94,0.34,
108,2025-06-11 22:00:00,37.42,16.06,0.0,0.0,70.16,13.4,13.59,13.82,0.46,
108,2025-06-11 23:00:00,35.0,16.78,0.0,0.0,64.8,14.26,14.48,14.72,0.58,
108,2025-06-12 00:00:00,41.04,18.27,0.0,1.77,71.09,11.15,13.71,14.79,0.47,
108,2025-06-12 01:00:00,26.55,8.26,0.0,7.88,92.01,9.81,10.16,10.63,0.1,
108,2025-06-12 02:00:00,8.45,1.98,0.0,3.55,93.2,9.12,9.29,9.5,0.08,
108,2025-06-12 03:00:00,10.86,2.55,0.0,2.55,93.85,9.14,9.26,9.36,0.07,
108,2025-06-12 04:00:00,14.48,4.36,0.0,3.56,93.85,9.56,9.63,9.67,0.07,
108,2025-06-12 05:00:00,14.48,5.84,0.0,2.03,93.59,9.75,9.82,9.87,0.08,
108,2025-06-12 06:00:00,14.48,5.25,0.0,1.77,93.25,9.74,9.78,9.8,0.08,
108,2025-06-12 07:00:00,16.9,6.05,0.0,1.77,93.02,9.73,9.77,9.8,0.08,
108,2025-06-12 08:00:00,18.11,6.86,0.0,2.03,92.03,9.57,9.64,9.73,0.1,
108,2025-06-12 09:00:00,24.14,5.77,14.04,8.65,92.12,8.74,8.98,9.3,0.09,
108,2025-06-12 10:00:00,15.69,6.96,45.18,5.84,93.02,8.9,9.0,9.08,0.08,
108,2025-06-12 11:00:00,18.11,6.97,76.77,2.03,93.33,8.91,9.02,9.19,0.08,
108,2025-06-12 12:00:00,19.31,7.42,135.99,0.25,93.24,8.97,9.25,9.45,0.08,
108,2025-06-12 13:00:00,15.69,6.85,75.89,2.79,93.69,9.58,9.69,9.8,0.08,
108,2025-06-12 14:00:00,19.31,7.92,168.45,0.0,90.57,10.22,10.38,10.48,0.12,
108,2025-06-12 15:00:00,12.07,4.89,102.21,0.25,88.13,10.51,10.64,10.87,0.15,
108,2025-06-12 16:00:00,18.11,5.63,78.09,0.0,84.25,10.98,11.07,11.12,0.21,
108,2025-06-12 17:00:00,15.69,3.43,26.32,0.75,86.54,9.99,10.53,10.9,0.17,
108,2025-06-12 18:00:00,10.86,3.95,9.21,0.25,88.48,9.52,9.69,9.84,0.14,
108,2025-06-12 19:00:00,9.66,2.16,0.0,0.0,88.62,9.22,9.33,9.4,0.14,
108,2025-06-12 20:00:00,13.28,3.06,0.0,0.0,91.02,9.18,9.3,9.39,0.1,
108,2025-06-12 21:00:00,10.86,3.73,0.0,5.07,91.77,9.01,9.15,9.37,0.1,
108,2025-06-12 22:00:00,9.66,2.58,0.0,1.26,92.8,8.63,8.82,8.98,0.08,
108,2025-06-12 23:00:00,10.86,3.49,0.0,0.0,92.48,8.32,8.43,8.49,0.08,
108,2025-06-13 00:00:00,9.66,3.06,0.0,0.0,92.03,8.25,8.29,8.35,0.09,
108,2025-06-13 01:00:00,7.24,0.82,0.0,0.0,92.14,7.93,8.15,8.27,0.09,
108,2025-06-13 02:00:00,0.0,0.0,0.0,0.0,92.52,7.34,7.58,7.8,0.08,
108,2025-06-13 03:00:00,1.21,0.0,0.0,0.0,92.96,6.84,6.97,7.1,0.07,
108,2025-06-13 04:00:00,1.21,0.0,0.0,0.0,93.3,6.35,6.53,6.82,0.07,
108,2025-06-13 05:00:00,1.21,0.0,0.0,0.0,93.59,6.84,6.98,7.1,0.06,
108,2025-06-13 06:00:00,0.0,0.0,0.0,0.25,93.59,6.94,7.04,7.14,0.06,
108,2025-06-13 07:00:00,0.0,0.0,0.0,0.25,93.71,6.75,6.87,6.99,0.06,
108,2025-06-13 08:00:00,2.41,0.05,0.0,0.0,93.68,6.73,6.78,6.86,0.06,
108,2025-06-13 09:00:00,0.0,0.0,38.6,0.0,93.65,6.27,6.44,6.59,0.06,
108,2025-06-13 10:00:00,4.83,0.29,177.67,0.0,94.27,6.71,7.33,8.29,0.06,
108,2025-06-13 11:00:00,4.83,0.45,483.43,0.0,90.18,9.17,9.89,10.94,0.12,
108,2025-06-13 12:00:00,8.45,1.11,539.58,0.0,79.94,11.56,12.1,12.89,0.29,
108,2025-06-13 13:00:00,10.86,2.61,546.6,0.0,72.74,13.06,13.32,13.66,0.42,
108,2025-06-13 14:00:00,9.66,2.63,579.06,0.0,66.11,14.14,14.37,14.69,0.56,
108,2025-06-13 15:00:00,10.86,2.64,540.02,0.0,61.76,13.75,14.5,14.89,0.64,
108,2025-06-13 16:00:00,9.66,1.6,398.76,0.0,61.2,14.51,14.83,15.03,0.66,
108,2025-06-13 17:00:00,8.45,1.39,258.38,0.0,61.18,13.69,14.25,14.54,0.63,
108,2025-06-13 18:00:00,3.62,0.09,25.0,0.0,68.38,11.05,12.15,13.23,0.45,
108,2025-06-13 19:00:00,0.0,0.0,0.0,0.0,78.43,7.59,9.06,10.37,0.25,
108,2025-06-13 20:00:00,0.0,0.0,0.0,0.0,86.1,6.73,7.2,7.69,0.14,
108,2025-06-13 21:00:00,0.0,0.0,0.0,0.0,88.93,5.69,6.2,6.84,0.11,
108,2025-06-13 22:00:00,0.0,0.0,0.0,0.0,90.38,5.49,5.65,5.76,0.09,
108,2025-06-13 23:00:00,0.0,0.0,0.0,0.0,91.26,4.34,5.04,5.33,0.08,
108,2025-06-14 00:00:00,0.0,0.0,0.0,0.0,91.63,3.39,3.71,4.36,0.07,
108,2025-06-14 01:00:00,0.0,0.0,0.0,0.0,92.28,2.6,2.98,3.43,0.06,
108,2025-06-14 02:00:00,0.0,0.0,0.0,0.0,92.98,2.57,2.94,3.25,0.05,
108,2025-06-14 03:00:00,0.0,0.0,0.0,0.0,93.26,1.91,2.46,2.85,0.05,
108,2025-06-14 04:00:00,1.21,0.0,0.0,0.0,93.51,3.15,3.25,3.46,0.05,
108,2025-06-14 05:00:00,0.0,0.0,0.0,0.0,93.5,2.74,2.96,3.13,0.05,
108,2025-06-14 06:00:00,7.24,0.8,0.0,0.0,93.75,2.6,2.82,2.96,0.05,
108,2025-06-14 07:00:00,6.04,0.18,0.0,0.25,93.74,2.8,3.08,3.47,0.05,
108,2025-06-14 08:00:00,3.62,0.15,1.32,0.0,93.38,2.64,2.76,2.83,0.05,
108,2025-06-14 09:00:00,7.24,0.68,102.21,0.0,93.26,2.6,3.47,4.64,0.05,
108,2025-06-14 10:00:00,10.86,3.26,182.49,0.0,89.79,5.13,5.68,6.07,0.09,
108,2025-06-14 11:00:00,10.86,3.82,232.5,0.0,84.05,6.54,7.36,8.24,0.17,
108,2025-06-14 12:00:00,19.31,6.9,249.61,0.0,74.14,8.86,9.31,10.12,0.31,
108,2025-06-14 13:00:00,20.52,7.41,231.19,0.0,70.8,10.11,10.61,11.16,0.37,
108,2025-06-14 14:00:00,15.69,5.95,133.36,0.0,69.51,11.32,11.64,11.8,0.42,
108,2025-06-14 15:00:00,15.69,5.45,92.56,0.0,71.44,11.6,11.7,11.78,0.39,
108,2025-06-14 16:00:00,19.31,6.7,25.0,0.0,71.2,11.72,11.78,11.84,0.4,
108,2025-06-14 17:00:00,14.48,6.64,9.65,0.0,69.26,11.64,11.73,11.81,0.42,
108,2025-06-14 18:00:00,18.11,6.7,0.0,0.0,68.8,11.39,11.67,11.87,0.43,
108,2025-06-14 19:00:00,20.52,7.68,0.0,0.0,72.59,11.22,11.39,11.5,0.37,
108,2025-06-14 20:00:00,19.31,6.04,0.0,0.76,81.78,10.04,10.45,10.88,0.23,
108,2025-06-14 21:00:00,18.11,6.87,0.0,0.5,81.52,9.92,10.14,10.35,0.23,
108,2025-06-14 22:00:00,22.93,8.09,0.0,0.0,72.41,10.75,11.05,11.23,0.36,
108,2025-06-14 23:00:00,28.97,11.75,0.0,0.25,67.98,11.15,11.3,11.37,0.43,
108,2025-06-15 00:00:00,27.76,12.13,0.0,0.0,67.28,11.05,11.22,11.4,0.44,
108,2025-06-15 01:00:00,37.42,17.11,0.0,0.0,60.94,11.84,11.97,12.08,0.55,
108,2025-06-15 02:00:00,35.0,14.76,0.0,0.76,67.11,11.08,11.3,11.52,0.44,
108,2025-06-15 03:00:00,28.97,13.17,0.0,2.54,71.06,10.08,11.05,11.87,0.39,
108,2025-06-15 04:00:00,24.14,12.34,0.0,2.02,85.03,9.29,9.45,9.61,0.18,
108,2025-06-15 05:00:00,26.55,12.57,0.0,3.55,88.09,8.94,9.15,9.35,0.14,
108,2025-06-15 06:00:00,28.97,14.23,0.0,2.54,90.83,8.71,8.81,8.89,0.1,
108,2025-06-15 07:00:00,28.97,13.37,0.0,4.58,91.34,8.91,8.96,9.0,0.1,
108,2025-06-15 08:00:00,31.38,13.28,0.0,9.65,92.02,8.89,9.13,9.25,0.09,
108,2025-06-15 09:00:00,25.35,7.17,1.32,10.93,92.51,8.64,8.67,8.73,0.08,
108,2025-06-15 10:00:00,26.55,10.83,15.35,7.36,93.25,8.66,8.92,9.18,0.08,
108,2025-06-15 11:00:00,27.76,11.33,20.62,7.61,93.14,8.84,9.05,9.23,0.08,
108,2025-06-15 12:00:00,25.35,10.7,21.93,6.85,92.39,8.53,8.61,8.71,0.09,
108,2025-06-15 13:00:00,21.73,9.45,21.5,5.84,92.91,8.6,8.64,8.66,0.08,
108,2025-06-15 14:00:00,20.52,8.83,37.73,5.09,93.39,8.67,8.81,8.91,0.08,
108,2025-06-15 15:00:00,21.73,8.87,25.0,2.54,93.88,9.11,9.4,9.77,0.07,
108,2025-06-15 16:00:00,18.11,8.42,20.18,1.02,93.13,9.88,10.1,10.23,0.09,
108,2025-06-15 17:00:00,21.73,8.23,8.77,2.03,92.52,10.08,10.22,10.33,0.09,
108,2025-06-15 18:00:00,24.14,6.42,0.0,1.0,91.81,9.6,9.79,9.94,0.1,
108,2025-06-15 19:00:00,16.9,5.84,0.0,2.29,90.98,9.35,9.46,9.57,0.11,
108,2025-06-15 20:00:00,14.48,3.8,0.0,1.02,88.64,8.98,9.09,9.21,0.13,
108,2025-06-15 21:00:00,14.48,3.91,0.0,1.01,88.43,8.47,8.59,8.77,0.13,
108,2025-06-15 22:00:00,20.52,7.86,0.0,0.25,89.02,8.11,8.24,8.32,0.12,
108,2025-06-15 23:00:00,16.9,6.86,0.0,0.25,90.11,8.39,8.42,8.43,0.11,
108,2025-06-16 00:00:00,20.52,8.68,0.0,0.0,89.02,8.42,8.44,8.5,0.12,
108,2025-06-16 01:00:00,21.73,8.75,0.0,0.0,86.08,8.35,8.47,8.56,0.16,
108,2025-06-16 02:00:00,15.69,6.65,0.0,0.0,86.43,8.22,8.29,8.36,0.15,
108,2025-06-16 03:00:00,14.48,5.33,0.0,0.0,86.13,8.33,8.37,8.43,0.15,
108,2025-06-16 04:00:00,14.48,3.55,0.0,0.0,88.67,8.14,8.19,8.25,0.13,
108,2025-06-16 05:00:00,9.66,1.33,0.0,3.3,91.65,7.86,7.91,7.97,0.09,
108,2025-06-16 06:00:00,3.62,0.08,0.0,4.58,93.18,7.86,7.92,7.99,0.07,
108,2025-06-16 07:00:00,3.62,0.17,0.0,1.52,93.59,8.0,8.04,8.05,0.07,
108,2025-06-16 08:00:00,6.04,0.6,0.0,3.56,93.68,8.04,8.09,8.15,0.07,
108,2025-06-16 09:00:00,4.83,0.42,22.37,0.76,93.82,8.21,8.3,8.36,0.07,
108,2025-06-16 10:00:00,7.24,1.28,51.33,0.5,93.94,8.42,8.56,8.7,0.07,
108,2025-06-16 11:00:00,8.45,2.53,75.89,0.25,93.82,8.74,8.89,9.07,0.07,
108,2025-06-16 12:00:00,15.69,5.08,248.73,0.25,93.33,9.19,9.77,10.37,0.08,
108,2025-06-16 13:00:00,18.11,6.91,268.04,0.0,86.36,10.66,10.96,11.16,0.18,
108,2025-06-16 14:00:00,15.69,7.09,292.6,0.0,81.81,11.27,11.46,11.82,0.25,
108,2025-06-16 15:00:00,20.52,7.14,319.36,0.0,78.72,11.53,11.66,11.77,0.29,
108,2025-06-16 16:00:00,22.93,9.48,497.03,0.0,78.03,10.99,11.67,12.05,0.3,
108,2025-06-16 17:00:00,18.11,7.31,46.06,0.0,82.56,9.98,10.07,10.29,0.21,
108,2025-06-16 18:00:00,16.9,5.33,23.25,0.0,84.8,9.67,9.76,9.87,0.19,
108,2025-06-16 19:00:00,15.69,4.74,0.0,0.0,85.1,9.43,9.55,9.73,0.18,
108,2025-06-16 20:00:00,10.86,3.47,0.0,0.0,85.1,9.01,9.2,9.37,0.17,
108,2025-06-16 21:00:00,10.86,3.71,0.0,0.0,84.46,9.15,9.19,9.25,0.18,
108,2025-06-16 22:00:00,7.24,1.99,0.0,0.0,86.18,8.75,8.95,9.11,0.16,
108,2025-06-16 23:00:00,6.04,1.27,0.0,0.0,88.6,8.52,8.72,8.86,0.13,
108,2025-06-17 00:00:00,3.62,0.02,0.0,0.0,89.01,8.4,8.68,8.84,0.13,
108,2025-06-17 01:00:00,0.0,0.0,0.0,0.0,90.49,7.86,8.02,8.24,0.1,
108,2025-06-17 02:00:00,0.0,0.0,0.0,0.0,91.73,7.44,7.73,7.89,0.09,
108,2025-06-17 03:00:00,1.21,0.0,0.0,0.0,92.43,7.53,7.56,7.59,0.08,
108,2025-06-17 04:00:00,1.21,0.0,0.0,0.0,92.79,7.56,7.86,8.04,0.08,
108,2025-06-17 05:00:00,1.21,0.02,0.0,1.26,92.71,8.0,8.05,8.11,0.08,
108,2025-06-17 06:00:00,2.41,0.03,0.0,0.25,93.25,8.14,8.17,8.21,0.07,
108,2025-06-17 07:00:00,2.41,0.03,0.0,0.0,93.6,8.05,8.12,8.15,0.07,
108,2025-06-17 08:00:00,7.24,0.62,0.0,0.0,93.85,7.89,7.97,8.05,0.07,
108,2025-06-17 09:00:00,0.0,0.0,40.36,0.0,94.22,7.96,8.22,8.55,0.06,
108,2025-06-17 10:00:00,8.45,1.69,384.29,0.0,93.08,8.94,9.65,10.29,0.09,
108,2025-06-17 11:00:00,9.66,2.55,418.5,0.0,86.94,10.54,11.11,11.77,0.18,
108,2025-06-17 12:00:00,9.66,2.19,491.76,0.0,80.32,12.17,12.92,13.66,0.3,
108,2025-06-17 13:00:00,15.69,4.06,775.59,0.0,76.77,13.62,13.74,13.89,0.36,
108,2025-06-17 14:00:00,13.28,4.13,698.38,0.0,73.34,14.13,14.27,14.45,0.44,
108,2025-06-17 15:00:00,12.07,2.58,516.33,0.0,67.97,14.54,14.91,15.42,0.54,
108,2025-06-17 16:00:00,10.86,2.49,486.94,0.0,66.32,14.64,14.96,15.33,0.57,
108,2025-06-17 17:00:00,7.24,0.83,214.52,0.0,64.48,14.06,14.52,15.0,0.59,
108,2025-06-17 18:00:00,0.0,0.0,21.93,0.0,69.89,11.32,12.53,13.71,0.44,
108,2025-06-17 19:00:00,0.0,0.0,0.0,0.0,78.74,8.94,9.87,10.88,0.26,
108,2025-06-17 20:00:00,0.0,0.0,0.0,0.0,84.26,6.86,7.49,8.56,0.16,
108,2025-06-17 21:00:00,3.62,0.02,0.0,0.0,89.01,6.03,6.26,6.73,0.11,
108,2025-06-17 22:00:00,0.0,0.0,0.0,0.0,90.3,4.65,5.16,5.62,0.09,
108,2025-06-17 23:00:00,1.21,0.03,0.0,0.0,91.52,4.88,5.06,5.33,0.07,
108,2025-06-18 00:00:00,0.0,0.0,0.0,0.0,91.87,3.3,3.8,4.63,0.07,
108,2025-06-18 01:00:00,2.41,0.05,0.0,0.0,93.4,3.82,4.31,4.67,0.06,
108,2025-06-18 02:00:00,6.04,0.68,0.0,0.0,94.17,4.23,4.6,4.85,0.05,
108,2025-06-18 03:00:00,4.83,0.35,0.0,0.0,94.35,3.85,3.94,4.06,0.05,
108,2025-06-18 04:00:00,6.04,0.72,0.0,0.0,94.54,3.32,3.69,3.98,0.04,
108,2025-06-18 05:00:00,12.07,4.13,0.0,0.0,95.31,3.35,3.45,3.53,0.04,
108,2025-06-18 06:00:00,10.86,1.34,0.0,0.25,95.58,3.32,3.45,3.54,0.03,
108,2025-06-18 07:00:00,4.83,0.73,0.0,0.0,95.79,3.18,3.3,3.54,0.03,
108,2025-06-18 08:00:00,1.21,0.0,2.63,0.0,95.83,3.32,3.61,3.82,0.03,
108,2025-06-18 09:00:00,6.04,0.45,53.52,0.0,95.96,3.81,4.02,4.2,0.03,
108,2025-06-18 10:00:00,6.04,1.35,96.95,0.0,96.02,4.06,4.48,5.01,0.03,
108,2025-06-18 11:00:00,8.45,1.33,203.11,0.0,95.77,4.98,5.25,5.57,0.04,
108,2025-06-18 12:00:00,12.07,3.37,328.13,0.0,93.85,5.66,6.05,6.58,0.06,
108,2025-06-18 13:00:00,10.86,4.27,549.67,0.0,86.24,6.92,8.15,9.25,0.15,
108,2025-06-18 14:00:00,9.66,2.82,528.61,0.0,77.39,9.9,10.5,11.18,0.29,
108,2025-06-18 15:00:00,12.07,3.89,477.73,0.0,71.12,11.68,11.97,12.47,0.41,
108,2025-06-18 16:00:00,9.66,3.83,379.46,0.0,68.96,12.43,12.8,13.1,0.46,
108,2025-06-18 17:00:00,8.45,2.72,238.2,0.0,72.05,11.92,12.29,12.54,0.4,
108,2025-06-18 18:00:00,3.62,0.23,25.44,0.0,78.3,9.53,10.62,11.58,0.28,
108,2025-06-18 19:00:00,1.21,0.0,0.0,0.0,85.91,7.74,8.27,8.91,0.16,
108,2025-06-18 20:00:00,2.41,0.05,0.0,0.0,89.37,6.6,6.83,7.06,0.11,
108,2025-06-18 21:00:00,7.24,1.49,0.0,0.0,90.47,6.68,7.03,7.22,0.1,
108,2025-06-18 22:00:00,7.24,2.52,0.0,0.0,91.66,6.04,6.24,6.38,0.08,
108,2025-06-18 23:00:00,3.62,0.41,0.0,0.0,92.75,5.41,5.72,5.99,0.07,
108,2025-06-19 00:00:00,10.86,2.64,0.0,0.0,93.71,5.31,5.83,6.23,0.06,
108,2025-06-19 01:00:00,8.45,2.37,0.0,0.0,93.36,6.06,6.14,6.24,0.06,
108,2025-06-19 02:00:00,12.07,2.61,0.0,0.0,93.18,5.51,5.69,5.95,0.06,
108,2025-06-19 03:00:00,12.07,4.0,0.0,0.0,92.54,4.71,5.02,5.27,0.07,
108,2025-06-19 04:00:00,10.86,3.79,0.0,0.0,93.14,4.41,4.52,4.64,0.06,
108,2025-06-19 05:00:00,7.24,1.69,0.0,0.0,93.36,4.06,4.21,4.33,0.06,
108,2025-06-19 06:00:00,9.66,2.13,0.0,0.0,93.66,3.8,3.87,3.96,0.05,
108,2025-06-19 07:00:00,10.86,2.87,0.0,0.0,92.67,3.82,3.86,3.89,0.06,
108,2025-06-19 08:00:00,7.24,1.87,4.83,0.0,91.63,3.6,3.72,3.82,0.07,
108,2025-06-19 09:00:00,7.24,0.88,51.76,0.0,91.81,3.52,3.57,3.63,0.06,
108,2025-06-19 10:00:00,9.66,1.04,93.88,0.0,91.21,3.46,3.63,3.77,0.07,
108,2025-06-19 11:00:00,8.45,2.16,231.62,0.0,89.22,3.74,4.24,4.54,0.09,
108,2025-06-19 12:00:00,8.45,1.68,536.07,0.0,84.89,4.93,5.45,5.95,0.14,
108,2025-06-19 13:00:00,10.86,2.42,540.46,0.0,78.66,6.32,7.29,8.03,0.22,
108,2025-06-19 14:00:00,9.66,2.6,536.51,0.0,73.98,8.22,8.6,8.95,0.29,
108,2025-06-19 15:00:00,8.45,1.81,492.64,0.0,75.44,8.84,9.23,10.01,0.29,
108,2025-06-19 16:00:00,6.04,1.25,397.01,0.0,69.71,10.25,10.58,11.03,0.39,
108,2025-06-19 17:00:00,6.04,1.12,219.34,0.0,70.3,10.54,10.77,10.87,0.39,
108,2025-06-19 18:00:00,0.0,0.0,44.75,0.0,76.45,7.69,9.07,10.29,0.28,
108,2025-06-19 19:00:00,0.0,0.0,0.0,0.0,85.65,4.53,5.79,6.89,0.13,
108,2025-06-19 20:00:00,0.0,0.0,0.0,0.0,88.55,2.99,3.46,4.09,0.09,
108,2025-06-19 21:00:00,0.0,0.0,0.0,0.0,90.45,2.32,2.59,2.94,0.07,
108,2025-06-19 22:00:00,0.0,0.0,0.0,0.0,90.87,1.31,1.48,1.87,0.06,
108,2025-06-19 23:00:00,0.0,0.0,0.0,0.0,91.66,0.45,0.75,1.03,0.06,
108,2025-06-20 00:00:00,0.0,0.0,0.0,0.0,92.78,0.31,0.95,1.41,0.05,
108,2025-06-20 01:00:00,0.0,0.0,0.0,0.0,92.99,-0.39,-0.09,0.69,0.04,
108,2025-06-20 02:00:00,0.0,0.0,0.0,0.0,93.46,-0.68,-0.45,-0.35,0.04,
108,2025-06-20 03:00:00,0.0,0.0,0.0,0.0,93.79,-0.98,-0.91,-0.83,0.04,
108,2025-06-20 04:00:00,0.0,0.0,0.0,0.0,94.09,-0.51,0.01,0.52,0.04,
108,2025-06-20 05:00:00,0.0,0.0,0.0,0.0,94.28,0.82,1.38,2.02,0.04,
108,2025-06-20 06:00:00,0.0,0.0,0.0,0.0,94.76,2.18,2.37,2.57,0.04,
108,2025-06-20 07:00:00,2.41,0.06,0.0,0.25,95.27,2.83,2.94,3.23,0.04,
108,2025-06-20 08:00:00,4.83,0.54,12.28,0.0,95.08,1.38,1.89,2.36,0.04,
108,2025-06-20 09:00:00,7.24,1.25,76.33,0.0,95.27,0.87,1.26,1.78,0.03,
108,2025-06-20 10:00:00,3.62,0.12,186.0,0.0,95.26,2.09,2.16,2.25,0.03,
108,2025-06-20 11:00:00,3.62,0.12,400.52,0.0,95.18,2.68,3.25,4.02,0.04,
108,2025-06-20 12:00:00,7.24,0.32,216.71,0.0,94.37,4.56,5.4,6.71,0.05,
108,2025-06-20 13:00:00,7.24,1.84,556.25,0.0,87.07,7.56,9.34,10.54,0.16,
108,2025-06-20 14:00:00,7.24,1.22,517.21,0.0,77.44,10.5,11.55,12.98,0.31,
108,2025-06-20 15:00:00,7.24,1.93,457.55,0.0,74.14,13.29,13.45,13.75,0.4,
108,2025-06-20 16:00:00,8.45,2.2,417.19,0.0,76.13,13.34,13.58,13.77,0.37,
108,2025-06-20 17:00:00,6.04,1.84,223.73,0.0,77.64,12.71,13.23,13.57,0.34,
108,2025-06-20 18:00:00,2.41,0.05,28.51,0.0,80.93,10.59,11.53,12.4,0.26,
108,2025-06-20 19:00:00,0.0,0.0,0.0,0.0,86.52,8.4,9.04,9.57,0.15,
108,2025-06-20 20:00:00,2.41,0.0,0.0,0.0,89.67,6.66,7.08,7.59,0.1,
108,2025-06-20 21:00:00,1.21,0.0,0.0,0.0,91.4,7.06,7.15,7.28,0.09,
108,2025-06-20 22:00:00,1.21,0.0,0.0,0.0,91.86,7.59,7.87,8.15,0.09,
108,2025-06-20 23:00:00,2.41,0.05,0.0,0.0,90.82,8.32,8.55,8.71,0.1,
108,2025-06-21 00:00:00,0.0,0.0,0.0,0.0,90.01,8.67,8.72,8.77,0.11,
108,2025-06-21 01:00:00,0.0,0.0,0.0,0.0,89.79,8.64,8.69,8.73,0.12,
108,2025-06-21 02:00:00,0.0,0.0,0.0,0.0,90.04,8.28,8.47,8.6,0.11,
108,2025-06-21 03:00:00,0.0,0.0,0.0,0.0,90.74,8.42,8.51,8.57,0.1,
108,2025-06-21 04:00:00,1.21,0.0,0.0,0.0,91.21,8.66,8.76,8.81,0.1,
108,2025-06-21 05:00:00,3.62,0.18,0.0,0.0,91.87,8.98,9.03,9.08,0.09,
108,2025-06-21 06:00:00,2.41,0.02,0.0,0.0,91.71,8.74,8.81,8.89,0.09,
108,2025-06-21 07:00:00,3.62,0.23,0.0,0.0,92.43,8.55,8.57,8.63,0.08,
108,2025-06-21 08:00:00,2.41,0.11,0.0,0.0,92.08,8.5,8.54,8.59,0.09,
108,2025-06-21 09:00:00,6.04,1.54,28.51,0.0,91.96,8.47,8.6,8.67,0.09,
108,2025-06-21 10:00:00,8.45,1.16,103.97,0.0,90.47,8.78,9.01,9.15,0.11,
108,2025-06-21 11:00:00,9.66,1.15,93.44,0.0,88.75,9.42,9.49,9.6,0.14,
108,2025-06-21 12:00:00,10.86,1.87,254.0,0.0,84.71,10.04,10.24,10.42,0.19,
108,2025-06-21 13:00:00,4.83,0.35,139.5,0.0,82.46,10.67,10.79,10.87,0.23,
108,2025-06-21 14:00:00,7.24,0.89,282.95,0.0,81.03,10.8,11.32,11.78,0.26,
108,2025-06-21 15:00:00,8.45,2.26,161.87,0.0,80.46,11.44,11.58,11.77,0.27,
108,2025-06-21 16:00:00,7.24,1.45,76.33,0.0,80.58,11.35,11.4,11.46,0.26,
108,2025-06-21 17:00:00,8.45,0.5,14.48,0.25,84.61,10.42,10.77,11.09,0.2,
108,2025-06-21 18:00:00,8.45,1.44,0.0,1.53,89.55,9.98,10.19,10.37,0.13,
108,2025-06-21 19:00:00,10.86,2.37,0.0,5.59,92.36,9.78,9.88,9.95,0.09,
108,2025-06-21 20:00:00,13.28,2.94,0.0,5.08,93.23,9.05,9.33,9.64,0.08,
108,2025-06-21 21:00:00,15.69,4.92,0.0,4.83,93.19,8.83,8.95,9.0,0.08,
108,2025-06-21 22:00:00,18.11,7.2,0.0,2.79,92.69,8.55,8.71,8.83,0.09,
108,2025-06-21 23:00:00,21.73,8.86,0.0,3.55,93.46,8.32,8.38,8.43,0.07,
108,2025-06-22 00:00:00,20.52,7.59,0.0,1.26,92.46,8.12,8.25,8.36,0.08,
108,2025-06-22 01:00:00,19.31,6.79,0.0,1.26,93.3,8.03,8.06,8.08,0.07,
108,2025-06-22 02:00:00,19.31,6.73,0.0,0.25,93.34,8.01,8.04,8.07,0.07,
108,2025-06-22 03:00:00,9.66,3.24,0.0,0.75,93.56,7.99,8.01,8.04,0.07,
108,2025-06-22 04:00:00,14.48,3.76,0.0,0.0,94.13,8.0,8.08,8.17,0.06,
108,2025-06-22 05:00:00,9.66,1.74,0.0,0.0,94.05,8.29,8.31,8.32,0.07,
108,2025-06-22 06:00:00,4.83,0.23,0.0,0.0,94.16,8.35,8.43,8.49,0.06,
108,2025-06-22 07:00:00,0.0,0.0,0.0,0.0,94.16,8.52,8.56,8.62,0.07,
108,2025-06-22 08:00:00,0.0,0.0,5.7,0.0,94.18,8.6,8.63,8.66,0.07,
108,2025-06-22 09:00:00,3.62,0.08,38.6,0.0,94.58,8.63,8.77,8.93,0.06,
108,2025-06-22 10:00:00,9.66,2.14,95.63,0.0,94.79,8.89,9.03,9.3,0.06,
108,2025-06-22 11:00:00,13.28,4.47,161.87,0.0,87.76,8.46,8.82,9.28,0.14,
108,2025-06-22 12:00:00,13.28,5.99,529.49,0.0,79.85,9.04,9.86,10.66,0.25,
108,2025-06-22 13:00:00,15.69,6.63,531.68,0.0,66.06,11.01,11.19,11.54,0.45,
108,2025-06-22 14:00:00,13.28,6.69,532.56,0.0,56.6,11.43,11.65,11.82,0.6,
108,2025-06-22 15:00:00,13.28,6.25,490.45,0.0,52.14,11.96,12.24,12.4,0.68,
108,2025-06-22 16:00:00,19.31,8.48,401.83,0.0,49.19,11.84,12.02,12.25,0.72,
108,2025-06-22 17:00:00,14.48,6.99,261.02,0.0,53.52,10.33,11.0,11.61,0.61,
108,2025-06-22 18:00:00,10.86,4.39,35.53,0.0,62.71,8.46,9.11,9.85,0.43,
108,2025-06-22 19:00:00,7.24,1.93,0.0,0.0,71.83,6.87,7.2,7.74,0.29,
108,2025-06-22 20:00:00,7.24,1.4,0.0,0.0,76.28,5.88,6.2,6.72,0.23,
108,2025-06-22 21:00:00,12.07,2.37,0.0,0.0,81.43,4.63,5.13,5.44,0.17,
108,2025-06-22 22:00:00,4.83,0.08,0.0,0.0,85.75,3.26,3.93,4.46,0.12,
108,2025-06-22 23:00:00,10.86,3.15,0.0,0.0,88.48,3.11,3.57,3.98,0.09,
108,2025-06-23 00:00:00,7.24,0.74,0.0,0.0,88.46,2.75,3.38,3.78,0.09,
108,2025-06-23 01:00:00,1.21,0.0,0.0,0.0,88.26,2.27,2.82,3.11,0.09,
108,2025-06-23 02:00:00,0.0,0.0,0.0,0.0,89.44,1.08,1.36,1.59,0.07,
108,2025-06-23 03:00:00,1.21,0.02,0.0,0.0,90.9,0.52,1.04,1.37,0.06,
108,2025-06-23 04:00:00,0.0,0.0,0.0,0.0,91.46,-0.41,0.07,0.51,0.05,
108,2025-06-23 05:00:00,0.0,0.0,0.0,0.0,92.0,-0.39,-0.32,-0.24,0.05,
108,2025-06-23 06:00:00,0.0,0.0,0.0,0.0,92.35,-0.93,-0.47,-0.23,0.04,
108,2025-06-23 07:00:00,2.41,0.05,0.0,0.0,92.63,-0.63,-0.44,-0.21,0.04,
108,2025-06-23 08:00:00,0.0,0.0,3.51,0.0,92.71,-1.15,-0.81,-0.37,0.04,
108,2025-06-23 09:00:00,2.41,0.03,111.86,0.25,93.02,-1.05,0.03,1.05,0.04,
108,2025-06-23 10:00:00,7.24,1.45,278.13,0.0,90.34,1.67,2.14,2.6,0.07,
108,2025-06-23 11:00:00,12.07,3.8,416.75,0.0,81.84,3.01,4.0,4.91,0.15,
108,2025-06-23 12:00:00,15.69,5.34,510.19,0.0,74.28,5.61,6.51,7.52,0.25,
108,2025-06-23 13:00:00,14.48,4.69,532.56,0.0,66.45,8.25,8.57,8.97,0.38,
108,2025-06-23 14:00:00,12.07,4.17,531.68,0.0,62.56,9.39,9.84,10.2,0.46,
108,2025-06-23 15:00:00,10.86,3.22,490.45,0.0,62.06,10.18,10.45,10.77,0.48,
108,2025-06-23 16:00:00,14.48,3.17,375.07,0.0,59.92,10.92,11.03,11.15,0.53,
108,2025-06-23 17:00:00,9.66,2.91,232.5,0.0,62.07,10.47,10.81,11.06,0.49,
108,2025-06-23 18:00:00,6.04,0.54,52.64,0.0,67.21,8.08,8.98,9.85,0.38,
108,2025-06-23 19:00:00,4.83,0.5,0.0,0.0,74.92,6.23,6.78,7.48,0.25,
108,2025-06-23 20:00:00,4.83,0.5,0.0,0.0,77.07,6.19,6.32,6.48,0.22,
108,2025-06-23 21:00:00,4.83,0.33,0.0,0.0,81.2,4.44,5.07,5.81,0.17,
108,2025-06-23 22:00:00,6.04,0.44,0.0,0.0,84.21,4.26,4.58,4.78,0.13,
108,2025-06-23 23:00:00,0.0,0.0,0.0,0.0,86.7,2.63,3.08,3.54,0.1,
108,2025-06-24 00:00:00,2.41,0.03,0.0,0.0,88.12,2.07,2.73,3.35,0.09,
108,2025-06-24 01:00:00,4.83,0.35,0.0,0.0,89.71,1.97,2.37,2.74,0.08,
108,2025-06-24 02:00:00,2.41,0.12,0.0,0.0,90.06,1.38,1.96,2.32,0.07,
108,2025-06-24 03:00:00,0.0,0.0,0.0,0.0,91.33,0.9,1.37,1.8,0.06,
108,2025-06-24 04:00:00,2.41,0.05,0.0,0.0,91.87,0.97,1.17,1.34,0.05,
108,2025-06-24 05:00:00,4.83,0.48,0.0,0.0,92.86,0.55,0.79,1.08,0.05,
108,2025-06-24 06:00:00,0.0,0.0,0.0,0.0,92.76,-0.65,0.06,0.53,0.04,
108,2025-06-24 07:00:00,0.0,0.0,0.0,0.0,92.93,-1.04,-0.64,-0.28,0.04,
108,2025-06-24 08:00:00,0.0,0.0,1.75,0.0,93.1,-1.46,-0.98,-0.68,0.04,
108,2025-06-24 09:00:00,0.0,0.0,75.45,0.0,93.41,-0.49,0.34,1.22,0.04,
108,2025-06-24 10:00:00,10.86,1.31,248.29,0.0,92.26,2.09,2.94,3.73,0.06,
108,2025-06-24 11:00:00,8.45,1.84,419.82,0.0,84.19,4.4,5.61,6.79,0.14,
108,2025-06-24 12:00:00,9.66,2.22,494.4,0.0,78.25,7.38,8.02,8.49,0.24,
108,2025-06-24 13:00:00,13.28,2.48,530.81,0.0,73.53,9.78,10.29,10.71,0.33,
108,2025-06-24 14:00:00,16.9,5.04,533.44,0.0,70.79,11.1,11.79,12.29,0.41,
108,2025-06-24 15:00:00,16.9,6.31,485.62,0.0,67.36,12.7,13.15,13.72,0.49,
108,2025-06-24 16:00:00,10.86,3.82,396.57,0.0,65.77,13.82,14.08,14.2,0.55,
108,2025-06-24 17:00:00,8.45,3.29,261.02,0.0,66.84,13.19,13.68,13.97,0.52,
108,2025-06-24 18:00:00,3.62,0.17,48.26,0.0,73.41,10.82,11.75,12.74,0.37,
108,2025-06-24 19:00:00,0.0,0.0,0.0,0.0,79.24,9.07,9.67,10.22,0.25,
108,2025-06-24 20:00:00,0.0,0.0,0.0,0.0,83.99,7.45,7.94,8.6,0.17,
108,2025-06-24 21:00:00,0.0,0.0,0.0,0.0,87.46,6.65,6.85,7.28,0.12,
108,2025-06-24 22:00:00,1.21,0.05,0.0,0.0,88.2,7.59,7.95,8.28,0.13,
108,2025-06-24 23:00:00,1.21,0.02,0.0,0.0,88.05,8.5,8.6,8.8,0.14,
108,2025-06-25 00:00:00,3.62,0.14,0.0,0.0,90.64,8.49,8.73,8.93,0.11,
108,2025-06-25 01:00:00,3.62,0.26,0.0,0.0,93.01,8.93,9.1,9.19,0.08,
108,2025-06-25 02:00:00,10.86,3.77,0.0,0.0,92.41,8.35,8.84,9.22,0.09,
108,2025-06-25 03:00:00,8.45,3.02,0.0,0.0,88.98,7.13,7.53,7.96,0.12,
108,2025-06-25 04:00:00,7.24,2.02,0.0,0.0,89.38,5.83,6.31,6.71,0.1,
108,2025-06-25 05:00:00,4.83,0.66,0.0,0.0,90.65,4.67,5.17,5.61,0.09,
108,2025-06-25 06:00:00,4.83,0.85,0.0,0.0,91.56,3.8,4.21,4.43,0.07,
108,2025-06-25 07:00:00,1.21,0.0,0.0,0.25,91.9,2.31,2.7,3.03,0.06,
108,2025-06-25 08:00:00,2.41,0.09,0.0,0.0,92.93,1.95,2.38,2.73,0.05,
108,2025-06-25 09:00:00,6.04,0.45,118.01,0.0,92.99,1.73,2.42,3.46,0.05,
108,2025-06-25 10:00:00,8.45,2.85,285.14,0.0,88.0,4.08,5.19,6.32,0.11,
108,2025-06-25 11:00:00,13.28,4.2,419.82,0.0,76.07,7.06,7.88,8.64,0.26,
108,2025-06-25 12:00:00,20.52,6.79,517.65,0.0,70.0,9.08,9.46,9.9,0.36,
108,2025-06-25 13:00:00,26.55,7.75,540.46,0.0,68.59,10.15,10.51,10.9,0.4,
108,2025-06-25 14:00:00,16.9,7.75,539.58,0.0,62.59,11.16,11.48,11.67,0.51,
108,2025-06-25 15:00:00,18.11,7.52,501.41,0.0,62.35,11.63,11.81,11.98,0.52,
108,2025-06-25 16:00:00,24.14,7.97,385.6,0.0,61.34,11.26,11.54,11.74,0.53,
108,2025-06-25 17:00:00,13.28,6.08,242.15,0.0,61.98,10.22,10.65,11.09,0.49,
108,2025-06-25 18:00:00,8.45,2.6,59.22,0.0,67.18,7.96,8.82,9.74,0.38,
108,2025-06-25 19:00:00,7.24,3.18,0.0,0.0,73.99,5.76,6.34,7.13,0.25,
108,2025-06-25 20:00:00,7.24,1.45,0.0,0.0,77.45,4.41,4.8,5.4,0.2,
108,2025-06-25 21:00:00,6.04,1.72,0.0,0.0,79.15,3.29,3.78,3.96,0.17,
108,2025-06-25 22:00:00,0.0,0.0,0.0,0.0,82.56,1.2,1.73,2.68,0.12,
108,2025-06-25 23:00:00,0.0,0.0,0.0,0.0,86.89,-0.42,0.09,0.49,0.08,
108,2025-06-26 00:00:00,0.0,0.0,0.0,0.0,88.82,-0.91,-0.59,-0.11,0.07,
108,2025-06-26 01:00:00,2.41,0.0,0.0,0.0,89.89,-1.5,-0.83,-0.34,0.06,
108,2025-06-26 02:00:00,1.21,0.0,0.0,0.0,90.59,-0.93,-0.56,-0.39,0.06,
108,2025-06-26 03:00:00,1.21,0.0,0.0,0.0,91.17,-1.62,-0.99,0.09,0.05,
108,2025-06-26 04:00:00,0.0,0.0,0.0,0.0,91.15,-2.19,-2.06,-1.76,0.05,
108,2025-06-26 05:00:00,0.0,0.0,0.0,0.0,91.59,-2.8,-2.58,-2.35,0.04,
108,2025-06-26 06:00:00,0.0,0.0,0.0,0.0,92.03,-2.82,-2.66,-2.38,0.04,
108,2025-06-26 07:00:00,0.0,0.0,0.0,0.0,92.53,-2.45,-2.28,-2.09,0.04,
108,2025-06-26 08:00:00,0.0,0.0,3.07,0.0,92.27,-3.48,-3.3,-2.94,0.04,
108,2025-06-26 09:00:00,0.0,0.0,101.77,0.0,92.52,-3.7,-2.36,-1.1,0.04,
108,2025-06-26 10:00:00,8.45,1.6,253.56,0.0,92.61,-0.31,0.92,2.02,0.05,
108,2025-06-26 11:00:00,8.45,1.48,403.15,0.0,88.35,2.67,3.63,4.65,0.09,
108,2025-06-26 12:00:00,9.66,2.11,494.4,0.0,80.38,5.1,5.83,6.73,0.18,
108,2025-06-26 13:00:00,12.07,5.36,541.33,0.0,74.49,7.2,8.17,9.07,0.28,
108,2025-06-26 14:00:00,13.28,3.15,540.46,0.0,64.12,9.45,10.15,10.63,0.45,
108,2025-06-26 15:00:00,10.86,3.2,496.59,0.0,60.4,10.98,11.47,11.81,0.54,
108,2025-06-26 16:00:00,10.86,3.82,403.59,0.0,58.7,11.05,11.69,12.17,0.57,
108,2025-06-26 17:00:00,7.24,1.18,231.62,0.0,62.08,10.98,11.15,11.32,0.5,
108,2025-06-26 18:00:00,2.41,0.02,44.75,0.0,67.64,8.22,9.48,10.63,0.39,
108,2025-06-26 19:00:00,1.21,0.0,0.0,0.0,76.47,6.02,6.54,7.25,0.23,
108,2025-06-26 20:00:00,0.0,0.0,0.0,0.0,80.89,4.82,5.12,5.52,0.17,
108,2025-06-26 21:00:00,0.0,0.0,0.0,0.0,84.02,4.19,4.52,4.82,0.14,
108,2025-06-26 22:00:00,6.04,0.11,0.0,0.0,87.53,2.88,2.95,3.12,0.1,
108,2025-06-26 23:00:00,1.21,0.0,0.0,0.0,89.41,2.74,2.86,2.95,0.08,
108,2025-06-27 00:00:00,1.21,0.02,0.0,0.0,89.83,2.62,2.95,3.12,0.08,
108,2025-06-27 01:00:00,1.21,0.02,0.0,0.0,90.91,2.22,2.31,2.43,0.07,
108,2025-06-27 02:00:00,0.0,0.0,0.0,0.0,91.75,2.49,2.56,2.66,0.06,
108,2025-06-27 03:00:00,1.21,0.02,0.0,0.0,92.48,2.46,2.59,2.67,0.06,
108,2025-06-27 04:00:00,1.21,0.0,0.0,0.0,92.61,1.81,2.1,2.46,0.05,
108,2025-06-27 05:00:00,1.21,0.02,0.0,0.0,93.39,2.12,2.34,2.68,0.05,
108,2025-06-27 06:00:00,0.0,0.0,0.0,0.0,93.34,2.47,2.59,2.64,0.05,
108,2025-06-27 07:00:00,3.62,0.32,0.0,0.0,93.65,2.46,2.96,3.25,0.05,
108,2025-06-27 08:00:00,0.0,0.0,0.0,0.0,93.7,3.23,3.28,3.32,0.05,
108,2025-06-27 09:00:00,0.0,0.0,26.32,0.0,93.61,2.92,3.0,3.06,0.05,
108,2025-06-27 10:00:00,4.83,0.83,55.27,0.0,93.98,3.45,3.99,4.65,0.05,
108,2025-06-27 11:00:00,12.07,2.67,133.8,0.0,93.17,5.05,5.67,6.27,0.06,
108,2025-06-27 12:00:00,12.07,2.99,149.15,0.0,90.62,6.54,6.93,7.39,0.09,
108,2025-06-27 13:00:00,9.66,1.48,203.11,0.0,85.52,7.73,8.17,8.57,0.16,
108,2025-06-27 14:00:00,7.24,1.32,454.48,0.0,78.34,8.64,9.01,9.57,0.25,
108,2025-06-27 15:00:00,9.66,2.2,514.14,0.0,72.06,9.99,10.43,11.01,0.36,
108,2025-06-27 16:00:00,6.04,0.97,373.32,0.0,67.49,11.22,11.57,11.87,0.45,
108,2025-06-27 17:00:00,6.04,1.12,235.13,0.0,66.03,11.36,11.69,11.8,0.47,
108,2025-06-27 18:00:00,1.21,0.0,53.52,0.0,72.75,8.62,9.83,11.02,0.34,
108,2025-06-27 19:00:00,1.21,0.0,0.0,0.0,80.92,6.31,7.28,8.08,0.2,
108,2025-06-27 20:00:00,1.21,0.0,0.0,0.0,86.4,4.93,5.33,5.69,0.12,
108,2025-06-27 21:00:00,0.0,0.0,0.0,0.0,87.14,2.88,3.5,4.17,0.1,
108,2025-06-27 22:00:00,1.21,0.02,0.0,0.0,89.93,2.13,2.31,2.68,0.07,
108,2025-06-27 23:00:00,3.62,0.02,0.0,0.0,92.05,2.05,2.35,2.59,0.06,
108,2025-06-28 00:00:00,0.0,0.0,0.0,0.0,92.26,0.56,1.17,2.19,0.05,
108,2025-06-28 01:00:00,0.0,0.0,0.0,0.0,92.42,-0.18,-0.07,0.05,0.05,
108,2025-06-28 02:00:00,0.0,0.0,0.0,0.0,92.96,-0.86,-0.43,0.17,0.04,
108,2025-06-28 03:00:00,0.0,0.0,0.0,0.0,93.05,-1.03,-0.85,-0.68,0.04,
108,2025-06-28 04:00:00,0.0,0.0,0.0,0.0,93.81,-0.65,-0.17,0.53,0.04,
108,2025-06-28 05:00:00,1.21,0.0,0.0,0.0,94.5,1.07,1.13,1.22,0.04,
108,2025-06-28 06:00:00,1.21,0.0,0.0,0.25,94.97,1.42,1.58,1.66,0.03,
108,2025-06-28 07:00:00,8.45,0.12,0.0,0.0,95.41,1.72,2.06,2.36,0.03,
108,2025-06-28 08:00:00,1.21,0.0,0.0,0.0,95.19,1.53,2.14,2.49,0.03,
108,2025-06-28 09:00:00,2.41,0.0,36.41,0.0,94.89,1.81,2.09,2.57,0.04,
108,2025-06-28 10:00:00,3.62,0.2,61.85,0.0,95.05,1.93,2.44,3.19,0.04,
108,2025-06-28 11:00:00,4.83,0.29,117.13,0.0,95.07,3.29,3.48,3.61,0.04,
108,2025-06-28 12:00:00,7.24,0.35,162.75,0.0,93.9,3.86,4.23,4.53,0.05,
108,2025-06-28 13:00:00,4.83,0.57,179.42,0.0,91.03,4.88,5.13,5.26,0.08,
108,2025-06-28 14:00:00,8.45,1.21,215.83,0.0,87.25,5.42,6.1,6.42,0.12,
108,2025-06-28 15:00:00,8.45,0.97,540.9,0.0,81.65,6.75,7.36,7.76,0.19,
108,2025-06-28 16:00:00,9.66,2.67,489.57,0.0,79.49,7.84,8.0,8.14,0.22,
108,2025-06-28 17:00:00,12.07,4.98,251.37,0.0,83.08,5.62,6.31,7.17,0.17,
108,2025-06-28 18:00:00,10.86,2.52,24.57,0.0,87.06,3.84,4.42,5.09,0.11,
108,2025-06-28 19:00:00,4.83,0.77,0.0,0.0,89.43,3.11,3.29,3.53,0.08,
108,2025-06-28 20:00:00,1.21,0.03,0.0,0.0,90.0,1.48,2.28,2.95,0.07,
108,2025-06-28 21:00:00,0.0,0.0,0.0,0.0,91.35,0.24,0.52,0.84,0.05,
108,2025-06-28 22:00:00,1.21,0.0,0.0,0.0,92.49,0.24,0.35,0.59,0.05,
108,2025-06-28 23:00:00,0.0,0.0,0.0,0.0,92.73,-1.25,-0.32,0.16,0.04,
108,2025-06-29 00:00:00,0.0,0.0,0.0,0.0,93.25,-1.87,-1.6,-1.41,0.04,
108,2025-06-29 01:00:00,0.0,0.0,0.0,0.0,93.84,-1.91,-1.68,-1.43,0.03,
108,2025-06-29 02:00:00,0.0,0.0,0.0,0.0,93.68,-2.77,-2.07,-1.77,0.03,
108,2025-06-29 03:00:00,3.62,0.32,0.0,0.0,93.76,-3.15,-2.91,-2.64,0.03,
108,2025-06-29 04:00:00,3.62,0.15,0.0,0.0,94.0,-2.78,-2.6,-2.16,0.03,
108,2025-06-29 05:00:00,8.45,1.34,0.0,0.0,94.47,-1.84,-1.79,-1.69,0.03,
108,2025-06-29 06:00:00,8.45,2.01,0.0,0.0,94.68,-1.81,-1.68,-1.49,0.03,
108,2025-06-29 07:00:00,7.24,1.81,0.0,0.0,94.93,-1.39,-0.97,-0.55,0.03,
108,2025-06-29 08:00:00,7.24,1.87,0.0,0.0,95.12,-0.62,-0.53,-0.46,0.03,
108,2025-06-29 09:00:00,9.66,1.36,36.41,0.0,95.36,-0.49,-0.36,-0.24,0.03,
108,2025-06-29 10:00:00,4.83,0.68,75.89,0.25,95.51,-0.14,-0.05,0.01,0.03,
108,2025-06-29 11:00:00,10.86,3.38,154.42,0.0,95.74,0.07,0.25,0.47,0.03,
108,2025-06-29 12:00:00,7.24,1.4,236.45,0.0,95.53,0.48,0.92,1.18,0.03,
108,2025-06-29 13:00:00,9.66,1.47,553.62,0.0,93.23,1.76,2.95,4.05,0.05,
108,2025-06-29 14:00:00,7.24,1.24,547.04,0.0,80.02,4.56,5.68,6.64,0.19,
108,2025-06-29 15:00:00,10.86,1.71,512.82,0.0,69.62,7.53,8.42,9.47,0.34,
108,2025-06-29 16:00:00,9.66,3.15,402.27,0.0,62.53,9.65,9.82,9.94,0.45,
108,2025-06-29 17:00:00,12.07,4.6,258.82,0.0,62.56,9.77,9.89,9.95,0.46,
108,2025-06-29 18:00:00,7.24,2.84,76.33,0.0,66.21,6.59,7.99,9.28,0.37,
108,2025-06-29 19:00:00,3.62,0.51,0.0,0.0,72.51,4.41,5.23,6.19,0.25,
108,2025-06-29 20:00:00,7.24,1.22,0.0,0.0,74.32,4.03,4.14,4.31,0.21,
108,2025-06-29 21:00:00,9.66,3.23,0.0,0.0,77.74,2.56,3.09,3.43,0.17,
108,2025-06-29 22:00:00,6.04,0.26,0.0,0.0,81.69,0.76,1.47,2.19,0.13,
108,2025-06-29 23:00:00,1.21,0.0,0.0,0.0,84.4,-0.84,-0.37,-0.13,0.1,
108,2025-06-30 00:00:00,3.62,0.26,0.0,0.0,86.64,-1.76,-1.55,-1.13,0.07,
108,2025-06-30 01:00:00,2.41,0.03,0.0,0.0,87.12,-1.62,-1.34,-0.96,0.07,
108,2025-06-30 02:00:00,4.83,0.35,0.0,0.0,88.96,-1.8,-1.6,-1.36,0.06,
108,2025-06-30 03:00:00,0.0,0.0,0.0,0.0,89.26,-2.52,-2.23,-1.95,0.06,
108,2025-06-30 04:00:00,1.21,0.0,0.0,0.0,89.72,-3.95,-3.3,-2.61,0.05,
108,2025-06-30 05:00:00,1.21,0.02,0.0,0.0,90.01,-4.45,-4.19,-3.98,0.04,
108,2025-06-30 06:00:00,0.0,0.0,0.0,0.0,90.3,-4.92,-4.67,-4.44,0.04,
108,2025-06-30 07:00:00,0.0,0.0,0.0,0.0,90.67,-5.75,-5.5,-5.3,0.04,
108,2025-06-30 08:00:00,0.0,0.0,7.9,0.0,90.54,-6.93,-6.6,-5.9,0.04,
108,2025-06-30 09:00:00,0.0,0.0,86.42,0.0,90.93,-5.97,-4.87,-3.27,0.04,
108,2025-06-30 10:00:00,6.04,0.57,290.85,0.0,82.33,-2.01,-1.04,-0.25,0.1,
108,2025-06-30 11:00:00,6.04,1.09,431.23,0.0,73.24,0.48,1.02,1.94,0.18,
108,2025-06-30 12:00:00,9.66,2.46,509.75,0.0,63.99,2.47,3.19,3.91,0.28,
108,2025-06-30 13:00:00,12.07,4.36,522.91,0.0,59.01,4.51,5.24,6.2,0.36,
108,2025-06-30 14:00:00,13.28,3.05,652.32,0.0,51.81,5.99,7.18,8.03,0.49,
108,2025-06-30 15:00:00,9.66,2.72,430.35,0.0,44.55,8.31,8.95,9.4,0.64,
108,2025-06-30 16:00:00,9.66,2.73,230.75,0.0,46.92,8.84,9.02,9.3,0.61,
108,2025-06-30 17:00:00,10.86,1.66,214.52,0.0,50.15,8.36,8.58,8.77,0.56,
108,2025-06-30 18:00:00,0.0,0.0,29.83,0.0,56.37,6.47,7.18,7.89,0.44,
108,2025-06-30 19:00:00,0.0,0.0,0.0,0.0,63.71,4.27,5.1,6.0,0.32,
108,2025-06-30 20:00:00,0.0,0.0,0.0,0.0,71.23,2.68,3.17,3.46,0.22,
108,2025-06-30 21:00:00,0.0,0.0,0.0,0.0,74.34,2.36,2.74,2.98,0.19,
108,2025-06-30 22:00:00,0.0,0.0,0.0,0.0,72.38,2.36,3.16,3.63,0.22,
108,2025-06-30 23:00:00,0.0,0.0,0.0,0.0,71.51,2.77,2.99,3.36,0.22,
108,2025-07-01 00:00:00,2.41,0.03,0.0,0.0,74.72,2.57,2.68,2.81,0.19,
108,2025-07-01 01:00:00,0.0,0.0,0.0,0.0,78.29,2.25,2.41,2.53,0.16,
108,2025-07-01 02:00:00,2.41,0.03,0.0,0.0,78.25,2.28,2.55,2.67,0.16,
108,2025-07-01 03:00:00,0.0,0.0,0.0,0.0,80.47,2.39,2.47,2.52,0.14,
108,2025-07-01 04:00:00,0.0,0.0,0.0,0.0,80.34,2.5,2.59,2.67,0.15,
108,2025-07-01 05:00:00,1.21,0.0,0.0,0.0,80.73,2.33,2.41,2.49,0.14,
108,2025-07-01 06:00:00,3.62,0.11,0.0,0.0,82.56,2.07,2.23,2.38,0.13,
108,2025-07-01 07:00:00,0.0,0.0,0.0,0.0,84.97,-0.97,0.14,1.17,0.1,
108,2025-07-01 08:00:00,2.41,0.02,0.0,0.0,88.39,-1.6,-1.46,-1.22,0.07,
108,2025-07-01 09:00:00,0.0,0.0,47.38,0.0,89.76,-1.38,-1.18,-1.01,0.06,
108,2025-07-01 10:00:00,2.41,0.03,109.23,0.0,90.53,-0.42,0.73,1.88,0.06,
108,2025-07-01 11:00:00,4.83,0.21,417.63,0.0,77.19,2.47,4.04,5.81,0.19,
108,2025-07-01 12:00:00,6.04,0.65,475.53,0.0,61.06,6.55,7.42,8.22,0.4,
108,2025-07-01 13:00:00,9.66,1.28,510.63,0.0,54.44,8.55,9.05,9.37,0.52,
108,2025-07-01 14:00:00,10.86,2.79,463.69,0.0,53.82,9.58,9.95,10.63,0.57,
108,2025-07-01 15:00:00,4.83,0.57,487.38,0.0,51.39,10.98,11.41,11.87,0.65,
108,2025-07-01 16:00:00,3.62,0.23,208.37,0.0,52.76,11.37,11.5,11.71,0.64,
108,2025-07-01 17:00:00,0.0,0.0,84.23,0.0,54.31,10.71,11.04,11.22,0.6,
108,2025-07-01 18:00:00,0.0,0.0,35.53,0.0,64.56,8.32,9.31,10.26,0.42,
108,2025-07-01 19:00:00,2.41,0.02,0.0,0.0,71.44,6.87,7.22,7.56,0.29,
108,2025-07-01 20:00:00,1.21,0.0,0.0,0.0,78.01,5.35,6.08,6.64,0.21,
108,2025-07-01 21:00:00,1.21,0.0,0.0,0.0,81.63,4.13,4.83,5.33,0.16,
108,2025-07-01 22:00:00,1.21,0.0,0.0,0.0,82.87,2.94,3.68,4.3,0.14,
108,2025-07-01 23:00:00,1.21,0.0,0.0,0.0,86.35,1.85,1.97,2.05,0.1,
108,2025-07-02 00:00:00,1.21,0.0,0.0,0.0,89.12,1.21,1.43,1.63,0.08,
108,2025-07-02 01:00:00,4.83,0.72,0.0,0.0,90.15,1.34,1.45,1.56,0.07,
108,2025-07-02 02:00:00,0.0,0.0,0.0,0.0,89.99,0.93,1.12,1.49,0.07,
108,2025-07-02 03:00:00,0.0,0.0,0.0,0.0,90.35,-0.6,0.06,0.59,0.06,
108,2025-07-02 04:00:00,0.0,0.0,0.0,0.0,91.11,-1.22,-0.7,-0.51,0.05,
108,2025-07-02 05:00:00,0.0,0.0,0.0,0.0,91.96,-1.18,-0.86,-0.6,0.05,
108,2025-07-02 06:00:00,0.0,0.0,0.0,0.0,92.34,-1.42,-1.11,-0.9,0.04,
108,2025-07-02 07:00:00,0.0,0.0,0.0,0.0,92.38,-2.06,-1.84,-1.7,0.04,
108,2025-07-02 08:00:00,0.0,0.0,0.0,0.0,92.58,-2.06,-1.78,-1.62,0.04,
108,2025-07-02 09:00:00,0.0,0.0,52.64,0.0,92.68,-1.8,-1.42,-1.03,0.04,
108,2025-07-02 10:00:00,0.0,0.0,187.76,0.0,92.45,-0.31,1.09,2.57,0.05,
108,2025-07-02 11:00:00,2.41,0.08,378.58,0.0,85.86,3.42,4.61,5.86,0.12,
108,2025-07-02 12:00:00,7.24,0.9,450.09,0.0,75.09,7.0,7.79,8.43,0.27,
108,2025-07-02 13:00:00,9.66,2.25,508.0,0.0,68.86,9.0,9.57,10.09,0.38,
108,2025-07-02 14:00:00,10.86,3.83,525.54,0.0,62.12,10.57,11.29,11.98,0.51,
108,2025-07-02 15:00:00,6.04,0.51,505.8,0.0,58.82,12.96,13.45,13.92,0.64,
108,2025-07-02 16:00:00,9.66,1.84,338.22,0.0,56.38,13.77,13.94,14.03,0.7,
108,2025-07-02 17:00:00,9.66,2.96,135.55,0.0,61.04,12.7,13.31,13.93,0.6,
108,2025-07-02 18:00:00,0.0,0.0,38.17,0.0,68.64,10.11,11.18,12.22,0.42,
108,2025-07-02 19:00:00,0.0,0.0,0.0,0.0,75.62,7.69,8.2,8.81,0.27,
108,2025-07-02 20:00:00,0.0,0.0,0.0,0.0,79.87,6.89,7.25,7.57,0.21,
108,2025-07-02 21:00:00,0.0,0.0,0.0,0.0,81.22,4.47,5.34,6.34,0.17,
108,2025-07-02 22:00:00,0.0,0.0,0.0,0.0,85.53,3.03,3.74,4.44,0.12,
108,2025-07-02 23:00:00,0.0,0.0,0.0,0.0,86.75,3.91,4.28,4.58,0.11,
108,2025-07-03 00:00:00,0.0,0.0,0.0,0.0,87.96,2.63,3.39,3.81,0.1,
108,2025-07-03 01:00:00,0.0,0.0,0.0,0.0,88.91,0.83,1.48,1.95,0.08,
108,2025-07-03 02:00:00,0.0,0.0,0.0,0.0,91.52,0.69,1.42,2.04,0.06,
108,2025-07-03 03:00:00,0.0,0.0,0.0,0.0,92.58,0.23,1.17,1.97,0.05,
108,2025-07-03 04:00:00,0.0,0.0,0.0,0.0,92.71,0.62,1.21,1.95,0.05,
108,2025-07-03 05:00:00,0.0,0.0,0.0,0.0,93.05,0.34,0.4,0.44,0.04,
108,2025-07-03 06:00:00,0.0,0.0,0.0,0.0,93.06,-0.65,0.02,0.52,0.04,
108,2025-07-03 07:00:00,0.0,0.0,0.0,0.0,93.2,-0.91,-0.72,-0.55,0.04,
108,2025-07-03 08:00:00,0.0,0.0,2.19,0.0,93.15,-1.53,-1.46,-1.33,0.04,
108,2025-07-03 09:00:00,0.0,0.0,115.37,0.0,93.4,-1.55,-0.9,-0.02,0.04,
108,2025-07-03 10:00:00,0.0,0.0,268.47,0.0,93.33,0.9,2.31,3.73,0.05,
108,2025-07-03 11:00:00,6.04,1.19,426.84,0.0,85.73,5.14,6.43,7.66,0.14,
108,2025-07-03 12:00:00,12.07,3.61,542.21,0.0,75.9,8.56,9.38,10.09,0.29,
108,2025-07-03 13:00:00,9.66,2.94,622.93,0.0,68.73,10.54,11.32,12.06,0.42,
108,2025-07-03 14:00:00,10.86,3.56,520.28,0.0,62.85,13.02,13.81,14.59,0.59,
108,2025-07-03 15:00:00,12.07,2.67,558.0,0.0,58.05,14.74,15.38,16.0,0.73,
108,2025-07-03 16:00:00,9.66,2.96,307.08,0.0,55.78,15.85,16.16,16.32,0.81,
108,2025-07-03 17:00:00,7.24,1.37,132.48,0.0,58.74,14.59,15.22,15.9,0.72,
108,2025-07-03 18:00:00,2.41,0.06,25.88,0.0,66.05,12.08,13.03,13.95,0.51,
108,2025-07-03 19:00:00,3.62,0.26,0.0,0.0,73.94,10.05,10.56,11.44,0.33,
108,2025-07-03 20:00:00,3.62,0.71,0.0,0.0,77.89,9.22,9.51,9.68,0.27,
108,2025-07-03 21:00:00,6.04,0.95,0.0,0.0,77.61,8.5,8.94,9.22,0.26,
108,2025-07-03 22:00:00,2.41,0.09,0.0,0.0,78.63,7.76,8.05,8.28,0.23,
108,2025-07-03 23:00:00,1.21,0.0,0.0,0.0,79.29,6.96,7.42,7.73,0.21,
108,2025-07-04 00:00:00,1.21,0.0,0.0,0.0,83.36,5.26,5.76,6.31,0.15,
108,2025-07-04 01:00:00,1.21,0.0,0.0,0.0,87.61,3.95,4.09,4.27,0.1,
108,2025-07-04 02:00:00,0.0,0.0,0.0,0.0,88.28,1.78,2.6,3.33,0.09,
108,2025-07-04 03:00:00,0.0,0.0,0.0,0.0,89.96,0.93,1.35,1.59,0.07,
108,2025-07-04 04:00:00,0.0,0.0,0.0,0.0,90.63,-0.3,0.61,1.48,0.06,
108,2025-07-04 05:00:00,0.0,0.0,0.0,0.0,91.11,-0.76,-0.49,-0.18,0.05,
108,2025-07-04 06:00:00,0.0,0.0,0.0,0.0,91.96,-1.1,-0.76,-0.25,0.05,
108,2025-07-04 07:00:00,0.0,0.0,0.0,0.0,92.5,-1.48,-1.46,-1.41,0.04,
108,2025-07-04 08:00:00,0.0,0.0,0.0,0.0,93.12,-1.69,-1.44,-1.29,0.04,
108,2025-07-04 09:00:00,0.0,0.0,64.93,0.0,93.64,-1.17,-0.8,-0.41,0.04,
108,2025-07-04 10:00:00,4.83,0.54,187.32,0.0,94.54,-0.13,0.43,1.17,0.04,
108,2025-07-04 11:00:00,1.21,0.0,394.38,0.0,94.98,2.36,4.29,6.16,0.04,
108,2025-07-04 12:00:00,7.24,0.8,468.95,0.0,87.33,6.66,8.05,9.29,0.14,
108,2025-07-04 13:00:00,8.45,2.2,562.39,0.0,76.2,9.75,10.49,11.39,0.31,
108,2025-07-04 14:00:00,9.66,2.14,549.23,0.0,68.41,11.78,12.33,12.78,0.46,
108,2025-07-04 15:00:00,7.24,0.78,532.12,0.0,61.97,13.43,14.14,14.59,0.61,
108,2025-07-04 16:00:00,6.04,0.94,449.65,0.0,58.77,14.75,15.24,15.64,0.72,
108,2025-07-04 17:00:00,3.62,0.06,235.57,0.0,58.14,15.25,15.37,15.51,0.73,
108,2025-07-04 18:00:00,0.0,0.0,66.68,0.0,61.9,12.7,14.07,15.04,0.61,
108,2025-07-04 19:00:00,0.0,0.0,0.0,0.0,74.96,8.89,10.04,11.52,0.31,
108,2025-07-04 20:00:00,0.0,0.0,0.0,0.0,82.91,7.46,8.14,8.59,0.19,
108,2025-07-04 21:00:00,0.0,0.0,0.0,0.0,87.11,6.1,6.52,6.96,0.13,
108,2025-07-04 22:00:00,0.0,0.0,0.0,0.0,89.43,5.38,5.74,6.06,0.1,
108,2025-07-04 23:00:00,0.0,0.0,0.0,0.0,90.94,5.1,5.28,5.58,0.08,
108,2025-07-05 00:00:00,0.0,0.0,0.0,0.0,91.66,4.79,4.86,4.91,0.07,
108,2025-07-05 01:00:00,4.83,0.29,0.0,0.0,92.71,5.35,5.79,6.6,0.07,
108,2025-07-05 02:00:00,16.9,3.4,0.0,0.25,93.63,7.35,7.61,8.01,0.07,
108,2025-07-05 03:00:00,12.07,2.2,0.0,0.0,92.91,8.12,8.28,8.47,0.08,
108,2025-07-05 04:00:00,2.41,0.02,0.0,0.0,92.7,8.03,8.05,8.07,0.08,
108,2025-07-05 05:00:00,6.04,0.53,0.0,0.0,92.93,8.22,8.58,9.08,0.08,
108,2025-07-05 06:00:00,8.45,2.47,0.0,0.0,91.37,9.28,9.52,9.73,0.1,
108,2025-07-05 07:00:00,12.07,3.11,0.0,0.0,88.41,9.94,10.16,10.37,0.15,
108,2025-07-05 08:00:00,19.31,4.48,0.0,0.0,84.57,10.78,10.86,10.95,0.2,
108,2025-07-05 09:00:00,19.31,3.48,123.27,0.0,85.15,10.32,10.82,11.81,0.2,
108,2025-07-05 10:00:00,16.9,6.35,33.78,0.0,80.66,11.7,11.85,12.09,0.27,
108,2025-07-05 11:00:00,16.9,6.73,36.85,0.0,78.15,12.29,12.46,12.64,0.32,
108,2025-07-05 12:00:00,20.52,7.11,59.22,0.0,76.65,12.65,12.82,12.96,0.35,
108,2025-07-05 13:00:00,18.11,6.9,55.27,0.0,74.34,13.09,13.24,13.36,0.39,
108,2025-07-05 14:00:00,18.11,5.51,57.91,0.0,74.59,13.26,13.39,13.48,0.39,
108,2025-07-05 15:00:00,20.52,5.12,57.91,0.0,76.96,12.94,13.15,13.43,0.35,
108,2025-07-05 16:00:00,14.48,4.81,49.57,0.0,80.06,12.2,12.83,13.23,0.3,
108,2025-07-05 17:00:00,15.69,4.44,38.17,0.0,85.3,12.02,12.22,12.4,0.21,
108,2025-07-05 18:00:00,13.28,3.83,21.5,0.0,83.61,12.19,12.32,12.4,0.24,
108,2025-07-05 19:00:00,10.86,1.47,0.0,0.0,80.82,12.33,12.44,12.53,0.28,
108,2025-07-05 20:00:00,14.48,2.7,0.0,0.0,80.95,12.05,12.29,12.58,0.28,
108,2025-07-05 21:00:00,15.69,6.17,0.0,0.0,79.19,12.54,12.58,12.61,0.3,
108,2025-07-05 22:00:00,15.69,5.51,0.0,0.0,76.37,12.62,12.96,13.17,0.35,
108,2025-07-05 23:00:00,20.52,6.19,0.0,0.0,75.76,12.74,13.0,13.1,0.37,
108,2025-07-06 00:00:00,22.93,9.46,0.0,0.0,74.45,13.16,13.39,13.58,0.39,
108,2025-07-06 01:00:00,24.14,9.49,0.0,0.0,74.19,13.36,13.6,13.75,0.4,
108,2025-07-06 02:00:00,20.52,6.97,0.0,0.25,80.97,11.81,12.54,13.24,0.28,
108,2025-07-06 03:00:00,15.69,6.44,0.0,0.0,87.7,11.58,11.68,11.77,0.17,
108,2025-07-06 04:00:00,19.31,7.18,0.0,0.51,87.79,11.58,11.77,12.06,0.17,
108,2025-07-06 05:00:00,20.52,6.1,0.0,4.06,87.78,11.52,11.87,12.26,0.17,
108,2025-07-06 06:00:00,14.48,3.28,0.0,1.01,90.27,11.39,11.48,11.6,0.13,
108,2025-07-06 07:00:00,9.66,2.45,0.0,0.5,91.27,11.22,11.29,11.36,0.12,
108,2025-07-06 08:00:00,15.69,4.24,0.0,2.03,92.46,11.19,11.23,11.26,0.1,
108,2025-07-06 09:00:00,13.28,5.0,39.92,0.0,92.98,11.29,11.41,11.54,0.09,
108,2025-07-06 10:00:00,18.11,5.13,60.54,0.0,92.76,11.74,11.85,11.93,0.1,
108,2025-07-06 11:00:00,16.9,4.71,137.75,0.0,92.65,12.02,12.14,12.22,0.11,
108,2025-07-06 12:00:00,12.07,4.41,187.76,0.0,90.94,12.36,12.81,13.44,0.14,
108,2025-07-06 13:00:00,15.69,5.8,156.17,0.0,84.25,13.61,13.93,14.3,0.25,
108,2025-07-06 14:00:00,18.11,7.43,225.92,0.0,83.18,14.33,14.41,14.54,0.28,
108,2025-07-06 15:00:00,21.73,10.25,516.77,0.0,80.37,14.93,15.25,15.8,0.34,
108,2025-07-06 16:00:00,24.14,9.55,335.15,0.0,75.47,15.71,16.09,16.52,0.45,
108,2025-07-06 17:00:00,19.31,4.68,62.29,0.0,75.5,15.36,15.52,15.65,0.43,
108,2025-07-06 18:00:00,13.28,3.76,17.11,0.0,76.1,14.62,15.05,15.44,0.41,
108,2025-07-06 19:00:00,14.48,3.35,0.0,0.0,79.59,14.22,14.38,14.61,0.34,
108,2025-07-06 20:00:00,13.28,2.76,0.0,0.0,81.82,14.0,14.15,14.38,0.3,
108,2025-07-06 21:00:00,7.24,1.43,0.0,0.25,84.07,13.23,13.61,13.95,0.25,
108,2025-07-06 22:00:00,9.66,1.66,0.0,0.25,85.76,13.16,13.25,13.38,0.22,
108,2025-07-06 23:00:00,2.41,0.03,0.0,0.0,86.62,12.4,12.63,12.94,0.2,
108,2025-07-07 00:00:00,1.21,0.0,0.0,0.51,88.22,11.92,12.03,12.2,0.17,
108,2025-07-07 01:00:00,0.0,0.0,0.0,0.0,89.05,10.59,10.97,11.53,0.15,
108,2025-07-07 02:00:00,1.21,0.0,0.0,0.0,90.22,9.9,10.3,10.53,0.12,
108,2025-07-07 03:00:00,0.0,0.0,0.0,0.0,91.5,8.0,8.74,9.87,0.1,
108,2025-07-07 04:00:00,0.0,0.0,0.0,0.0,92.92,7.25,7.49,7.65,0.07,
108,2025-07-07 05:00:00,0.0,0.0,0.0,0.0,93.01,6.0,6.39,6.56,0.07,
108,2025-07-07 06:00:00,0.0,0.0,0.0,0.0,93.16,4.17,4.97,5.93,0.06,
108,2025-07-07 07:00:00,0.0,0.0,0.0,0.0,93.72,4.13,4.45,4.88,0.05,
108,2025-07-07 08:00:00,3.62,0.05,6.14,0.0,94.07,3.57,3.85,4.08,0.05,
108,2025-07-07 09:00:00,7.24,1.72,62.73,0.0,95.01,4.56,4.92,5.42,0.04,
108,2025-07-07 10:00:00,8.45,1.34,218.9,0.0,95.43,5.93,6.93,8.35,0.05,
108,2025-07-07 11:00:00,12.07,4.92,440.0,0.0,93.99,9.5,10.04,10.7,0.08,
108,2025-07-07 12:00:00,16.9,6.07,456.67,0.0,91.0,11.13,11.43,11.93,0.12,
108,2025-07-07 13:00:00,13.28,4.33,324.63,0.0,88.75,12.12,12.61,13.23,0.17,
108,2025-07-07 14:00:00,15.69,7.51,615.91,0.0,85.6,13.51,13.97,14.5,0.23,
108,2025-07-07 15:00:00,19.31,8.95,533.44,0.0,83.4,14.54,14.82,15.14,0.28,
108,2025-07-07 16:00:00,20.52,6.73,483.87,0.0,80.71,14.65,14.99,15.27,0.33,
108,2025-07-07 17:00:00,13.28,4.56,282.51,0.0,80.25,14.44,14.92,15.52,0.34,
108,2025-07-07 18:00:00,12.07,4.86,59.66,0.0,85.78,12.48,13.22,13.95,0.22,
108,2025-07-07 19:00:00,10.86,4.88,0.0,0.0,90.18,11.87,12.03,12.15,0.14,
108,2025-07-07 20:00:00,9.66,2.92,0.0,0.0,91.75,11.99,12.01,12.02,0.12,
108,2025-07-07 21:00:00,9.66,2.7,0.0,0.0,92.81,11.61,11.77,11.93,0.1,
108,2025-07-07 22:00:00,10.86,2.96,0.0,0.0,94.38,11.43,11.5,11.58,0.08,
108,2025-07-07 23:00:00,9.66,3.74,0.0,0.0,94.9,11.22,11.32,11.42,0.07,
108,2025-07-08 00:00:00,10.86,3.37,0.0,0.0,94.87,11.16,11.17,11.19,0.07,
108,2025-07-08 01:00:00,10.86,2.66,0.0,0.0,94.41,11.02,11.08,11.13,0.07,
108,2025-07-08 02:00:00,7.24,2.1,0.0,0.0,94.36,10.98,11.0,11.03,0.07,
108,2025-07-08 03:00:00,8.45,2.35,0.0,0.0,94.73,10.71,10.83,10.94,0.07,
108,2025-07-08 04:00:00,9.66,2.49,0.0,0.0,94.86,10.39,10.47,10.59,0.07,
108,2025-07-08 05:00:00,9.66,3.08,0.0,0.0,94.9,10.32,10.37,10.42,0.06,
108,2025-07-08 06:00:00,10.86,3.43,0.0,0.0,94.17,9.78,10.01,10.35,0.07,
108,2025-07-08 07:00:00,6.04,1.04,0.0,0.0,93.39,9.58,9.68,9.75,0.08,
108,2025-07-08 08:00:00,10.86,1.92,0.0,0.0,93.09,9.37,9.44,9.46,0.08,
108,2025-07-08 09:00:00,8.45,1.16,22.37,0.0,91.01,9.28,9.31,9.33,0.11,
108,2025-07-08 10:00:00,8.45,2.35,43.87,0.0,88.89,9.12,9.19,9.26,0.13,
108,2025-07-08 11:00:00,6.04,1.27,142.57,0.0,87.55,9.29,9.45,9.88,0.15,
108,2025-07-08 12:00:00,10.86,3.34,161.0,0.0,83.69,9.92,10.11,10.35,0.21,
108,2025-07-08 13:00:00,8.45,3.11,232.06,0.0,80.51,10.6,11.07,11.53,0.26,
108,2025-07-08 14:00:00,15.69,4.9,261.89,0.0,78.26,11.85,12.21,12.54,0.31,
108,2025-07-08 15:00:00,14.48,6.35,487.82,0.0,76.85,12.51,12.99,13.45,0.35,
108,2025-07-08 16:00:00,14.48,5.49,389.99,0.0,74.62,13.71,14.05,14.22,0.41,
108,2025-07-08 17:00:00,8.45,1.72,275.49,0.0,71.99,14.27,14.46,14.67,0.46,
108,2025-07-08 18:00:00,3.62,0.14,46.06,0.0,76.29,11.53,12.85,13.95,0.36,
108,2025-07-08 19:00:00,0.0,0.0,0.0,0.0,86.39,9.08,9.88,10.75,0.17,
108,2025-07-08 20:00:00,4.83,1.25,0.0,0.0,89.67,8.71,8.85,8.97,0.12,
108,2025-07-08 21:00:00,4.83,0.92,0.0,0.0,90.36,8.17,8.33,8.47,0.11,
108,2025-07-08 22:00:00,6.04,0.41,0.0,0.0,90.63,7.39,7.83,8.27,0.1,
108,2025-07-08 23:00:00,3.62,0.2,0.0,0.0,91.52,6.42,6.8,7.14,0.08,
108,2025-07-09 00:00:00,0.0,0.0,0.0,0.0,92.09,5.54,5.79,6.21,0.08,
108,2025-07-09 01:00:00,4.83,0.33,0.0,0.0,93.42,5.13,5.4,5.96,0.06,
108,2025-07-09 02:00:00,6.04,0.39,0.0,0.0,93.4,6.32,6.74,7.24,0.06,
108,2025-07-09 03:00:00,9.66,1.98,0.0,0.0,92.78,7.41,7.47,7.5,0.08,
108,2025-07-09 04:00:00,7.24,0.82,0.0,0.0,93.83,7.2,7.26,7.32,0.06,
108,2025-07-09 05:00:00,7.24,1.65,0.0,0.0,94.17,7.09,7.11,7.14,0.06,
108,2025-07-09 06:00:00,8.45,2.43,0.0,0.0,93.79,6.83,6.94,7.04,0.06,
108,2025-07-09 07:00:00,7.24,1.33,0.0,0.0,93.12,6.78,6.82,6.9,0.07,
108,2025-07-09 08:00:00,6.04,0.62,0.0,0.0,92.78,6.75,6.81,6.86,0.07,
108,2025-07-09 09:00:00,9.66,3.65,28.95,0.0,93.26,6.69,6.72,6.73,0.07,
108,2025-07-09 10:00:00,9.66,2.79,74.58,0.0,92.59,6.89,6.97,7.15,0.07,
108,2025-07-09 11:00:00,13.28,3.94,167.58,0.0,89.92,7.28,7.55,7.77,0.11,
108,2025-07-09 12:00:00,8.45,3.56,212.76,0.0,87.09,8.18,8.27,8.36,0.14,
108,2025-07-09 13:00:00,9.66,2.13,179.42,0.0,84.68,8.25,8.59,8.8,0.17,
108,2025-07-09 14:00:00,9.66,3.16,214.52,0.0,82.87,8.86,9.19,9.47,0.2,
108,2025-07-09 15:00:00,7.24,1.95,133.36,0.0,79.26,9.5,9.65,9.78,0.25,
108,2025-07-09 16:00:00,8.45,0.82,133.36,0.0,77.11,9.73,9.8,9.92,0.28,
108,2025-07-09 17:00:00,8.45,1.84,187.76,0.0,76.75,9.35,9.58,9.73,0.28,
108,2025-07-09 18:00:00,3.62,0.11,78.52,0.0,79.7,7.55,8.51,9.47,0.23,
108,2025-07-09 19:00:00,0.0,0.0,0.0,0.0,84.37,5.26,6.37,7.13,0.15,
108,2025-07-09 20:00:00,1.21,0.0,0.0,0.0,88.67,4.33,4.8,5.35,0.1,
108,2025-07-09 21:00:00,0.0,0.0,0.0,0.0,91.11,3.15,3.78,4.39,0.07,
108,2025-07-09 22:00:00,0.0,0.0,0.0,0.0,92.16,2.64,2.82,3.19,0.06,
108,2025-07-09 23:00:00,7.24,0.8,0.0,0.25,93.87,2.94,3.06,3.22,0.05,
108,2025-07-10 00:00:00,6.04,0.68,0.0,0.0,94.37,2.47,2.68,2.84,0.04,
108,2025-07-10 01:00:00,6.04,1.31,0.0,0.0,94.26,2.55,2.75,2.92,0.04,
108,2025-07-10 02:00:00,4.83,0.5,0.0,0.0,94.07,1.8,1.98,2.28,0.04,
108,2025-07-10 03:00:00,4.83,1.04,0.0,0.0,94.36,1.57,1.68,1.83,0.04,
108,2025-07-10 04:00:00,4.83,0.18,0.0,0.0,94.38,1.21,1.64,1.91,0.04,
108,2025-07-10 05:00:00,9.66,1.83,0.0,0.0,94.66,2.92,3.32,3.58,0.04,
108,2025-07-10 06:00:00,8.45,1.25,0.0,0.0,94.67,3.73,3.84,3.92,0.04,
108,2025-07-10 07:00:00,6.04,0.77,0.0,0.0,94.31,3.99,4.04,4.08,0.05,
108,2025-07-10 08:00:00,6.04,0.23,0.0,0.0,93.91,4.05,4.14,4.23,0.05,
108,2025-07-10 09:00:00,8.45,1.19,25.88,0.0,93.9,3.88,3.96,4.03,0.05,
108,2025-07-10 10:00:00,7.24,1.53,53.96,0.0,93.55,4.02,4.19,4.27,0.05,
108,2025-07-10 11:00:00,4.83,0.32,73.26,0.0,90.82,4.58,4.74,4.88,0.08,
108,2025-07-10 12:00:00,7.24,1.48,97.39,0.0,88.93,4.85,4.96,5.13,0.1,
108,2025-07-10 13:00:00,8.45,1.63,200.48,0.0,87.56,5.07,5.23,5.44,0.11,
108,2025-07-10 14:00:00,8.45,1.34,593.98,0.0,84.73,5.51,6.01,6.87,0.14,
108,2025-07-10 15:00:00,8.45,2.81,652.32,0.0,79.19,7.21,7.42,7.73,0.22,
108,2025-07-10 16:00:00,7.24,2.78,408.85,0.0,76.76,7.99,8.48,8.91,0.26,
108,2025-07-10 17:00:00,7.24,0.95,273.74,0.0,75.32,8.95,9.15,9.35,0.29,
108,2025-07-10 18:00:00,0.0,0.0,49.13,0.0,77.17,7.37,8.44,9.26,0.26,
108,2025-07-10 19:00:00,0.0,0.0,0.0,0.0,83.41,4.51,5.22,6.13,0.15,
108,2025-07-10 20:00:00,0.0,0.0,0.0,0.0,88.55,2.63,3.38,4.31,0.09,
108,2025-07-10 21:00:00,0.0,0.0,0.0,0.0,90.27,1.28,1.81,2.29,0.07,
108,2025-07-10 22:00:00,0.0,0.0,0.0,0.0,91.29,0.79,1.01,1.25,0.06,
108,2025-07-10 23:00:00,0.0,0.0,0.0,0.0,92.04,-0.51,-0.1,0.58,0.05,
108,2025-07-11 00:00:00,0.0,0.0,0.0,0.0,93.41,-0.91,-0.69,-0.59,0.04,
108,2025-07-11 01:00:00,1.21,0.0,0.0,0.0,93.67,-1.31,-1.11,-0.84,0.04,
108,2025-07-11 02:00:00,0.0,0.0,0.0,0.0,93.65,-1.67,-1.49,-1.29,0.03,
108,2025-07-11 03:00:00,0.0,0.0,0.0,0.0,93.66,-1.98,-1.86,-1.7,0.03,
108,2025-07-11 04:00:00,0.0,0.0,0.0,0.0,93.61,-2.29,-2.25,-2.21,0.03,
108,2025-07-11 05:00:00,0.0,0.0,0.0,0.0,93.73,-2.52,-2.48,-2.43,0.03,
108,2025-07-11 06:00:00,0.0,0.0,0.0,0.0,93.72,-2.52,-2.46,-2.39,0.03,
108,2025-07-11 07:00:00,0.0,0.0,0.0,0.0,93.84,-2.6,-2.44,-2.18,0.03,
108,2025-07-11 08:00:00,0.0,0.0,3.51,0.0,93.88,-2.42,-2.36,-2.27,0.03,
108,2025-07-11 09:00:00,0.0,0.0,67.12,0.0,94.04,-2.15,-1.52,-0.86,0.03,
108,2025-07-11 10:00:00,0.0,0.0,101.34,0.25,94.58,-0.45,0.29,1.14,0.03,
108,2025-07-11 11:00:00,4.83,0.15,211.88,0.0,95.05,1.66,2.75,3.64,0.04,
108,2025-07-11 12:00:00,4.83,0.67,701.02,0.0,94.0,4.17,4.97,5.96,0.05,
108,2025-07-11 13:00:00,7.24,2.3,550.99,0.0,86.85,6.65,7.23,8.07,0.14,
108,2025-07-11 14:00:00,7.24,1.7,546.6,0.0,78.4,8.86,10.02,11.1,0.27,
108,2025-07-11 15:00:00,10.86,2.45,509.31,0.0,71.42,11.13,11.75,12.29,0.4,
108,2025-07-11 16:00:00,8.45,3.4,389.99,0.0,73.61,11.05,11.34,11.63,0.36,
108,2025-07-11 17:00:00,9.66,2.66,246.54,0.0,74.33,10.54,10.88,11.15,0.34,
108,2025-07-11 18:00:00,8.45,1.09,71.07,0.0,79.21,7.74,8.85,10.09,0.24,
108,2025-07-11 19:00:00,0.0,0.0,0.0,0.0,85.11,5.64,6.42,7.17,0.15,
108,2025-07-11 20:00:00,0.0,0.0,0.0,0.0,88.77,3.38,4.09,4.6,0.09,
108,2025-07-11 21:00:00,0.0,0.0,0.0,0.0,91.24,2.71,3.24,3.47,0.07,
108,2025-07-11 22:00:00,0.0,0.0,0.0,0.0,92.17,1.12,1.66,1.95,0.05,
108,2025-07-11 23:00:00,1.21,0.0,0.0,0.0,92.71,0.13,0.44,0.77,0.05,
108,2025-07-12 00:00:00,0.0,0.0,0.0,0.0,93.6,-0.37,-0.2,0.0,0.04,
108,2025-07-12 01:00:00,0.0,0.0,0.0,0.0,93.75,-1.04,-0.7,-0.34,0.04,
108,2025-07-12 02:00:00,1.21,0.0,0.0,0.0,93.9,-1.25,-1.12,-0.98,0.03,
108,2025-07-12 03:00:00,0.0,0.0,0.0,0.0,94.38,-1.08,-0.06,1.8,0.03,
108,2025-07-12 04:00:00,1.21,0.0,0.0,0.0,95.04,3.91,4.27,4.64,0.04,
108,2025-07-12 05:00:00,3.62,0.12,0.0,0.0,94.67,4.92,5.46,6.14,0.05,
108,2025-07-12 06:00:00,1.21,0.0,0.0,0.0,94.09,3.68,3.92,4.11,0.05,
108,2025-07-12 07:00:00,0.0,0.0,0.0,0.0,94.17,3.39,3.53,3.7,0.05,
108,2025-07-12 08:00:00,0.0,0.0,0.0,0.0,94.3,3.77,3.98,4.16,0.05,
108,2025-07-12 09:00:00,0.0,0.0,21.06,0.0,94.31,4.3,4.61,5.01,0.05,
108,2025-07-12 10:00:00,6.04,0.71,57.47,0.0,93.93,5.16,5.34,5.54,0.06,
108,2025-07-12 11:00:00,4.83,0.42,99.58,0.0,93.32,5.17,5.53,5.82,0.06,
108,2025-07-12 12:00:00,4.83,0.3,143.45,0.0,92.11,6.0,6.42,6.83,0.08,
108,2025-07-12 13:00:00,8.45,1.75,205.74,0.0,85.19,7.45,8.07,8.59,0.16,
108,2025-07-12 14:00:00,12.07,2.13,711.54,0.0,78.93,8.8,9.32,9.94,0.25,
108,2025-07-12 15:00:00,7.24,0.97,548.79,0.0,74.5,10.68,10.94,11.32,0.33,
108,2025-07-12 16:00:00,6.04,1.53,418.94,0.0,73.34,11.49,11.66,11.75,0.37,
108,2025-07-12 17:00:00,7.24,2.69,283.83,0.0,74.78,10.33,11.06,11.65,0.33,
108,2025-07-12 18:00:00,6.04,0.63,58.78,0.0,80.42,8.11,9.0,9.84,0.23,
108,2025-07-12 19:00:00,4.83,0.29,0.0,0.0,85.87,5.81,6.59,7.5,0.14,
108,2025-07-12 20:00:00,4.83,0.57,0.0,0.0,89.97,4.63,5.02,5.38,0.09,
108,2025-07-12 21:00:00,7.24,1.04,0.0,0.0,91.87,3.53,4.01,4.44,0.07,
108,2025-07-12 22:00:00,8.45,2.07,0.0,0.0,93.46,3.39,3.41,3.42,0.05,
108,2025-07-12 23:00:00,4.83,1.25,0.0,0.0,94.08,3.46,3.52,3.61,0.05,
108,2025-07-13 00:00:00,2.41,0.08,0.0,0.25,94.1,3.39,3.52,3.68,0.05,
108,2025-07-13 01:00:00,0.0,0.0,0.0,0.0,94.46,3.32,3.34,3.36,0.04,
108,2025-07-13 02:00:00,1.21,0.02,0.0,0.0,94.89,2.7,3.06,3.36,0.04,
108,2025-07-13 03:00:00,0.0,0.0,0.0,0.0,95.15,2.74,2.88,3.08,0.04,
108,2025-07-13 04:00:00,3.62,0.11,0.0,0.0,95.61,3.25,3.32,3.36,0.03,
108,2025-07-13 05:00:00,7.24,1.74,0.0,0.0,95.65,3.22,3.25,3.29,0.03,
108,2025-07-13 06:00:00,6.04,1.19,0.0,0.0,95.56,3.26,3.31,3.36,0.03,
108,2025-07-13 07:00:00,7.24,1.22,0.0,0.0,95.46,3.29,3.37,3.45,0.04,
108,2025-07-13 08:00:00,8.45,1.56,0.0,0.25,95.48,3.46,3.5,3.57,0.04,
108,2025-07-13 09:00:00,4.83,0.92,29.83,0.0,95.59,3.67,3.77,3.86,0.04,
108,2025-07-13 10:00:00,3.62,0.38,60.54,0.0,95.58,4.01,4.26,4.53,0.04,
108,2025-07-13 11:00:00,6.04,0.53,86.42,0.0,95.55,4.74,4.84,4.92,0.04,
108,2025-07-13 12:00:00,6.04,0.41,65.36,0.0,95.49,4.79,4.88,5.02,0.04,
108,2025-07-13 13:00:00,3.62,0.18,81.16,0.0,95.42,5.01,5.12,5.19,0.04,
108,2025-07-13 14:00:00,2.41,0.06,63.17,0.0,95.37,5.09,5.18,5.26,0.04,
108,2025-07-13 15:00:00,1.21,0.0,54.4,0.0,95.0,5.34,5.43,5.49,0.05,
108,2025-07-13 16:00:00,8.45,1.71,31.15,0.0,94.66,5.35,5.48,5.55,0.05,
108,2025-07-13 17:00:00,9.66,1.69,20.18,0.0,94.16,5.33,5.37,5.41,0.05,
108,2025-07-13 18:00:00,10.86,3.1,12.28,0.0,93.43,5.45,5.47,5.49,0.06,
108,2025-07-13 19:00:00,10.86,3.26,0.0,0.0,93.77,5.44,5.46,5.49,0.06,
108,2025-07-13 20:00:00,4.83,0.21,0.0,0.0,93.86,5.49,5.58,5.65,0.06,
108,2025-07-13 21:00:00,4.83,0.24,0.0,0.0,93.92,5.72,5.75,5.78,0.06,
108,2025-07-13 22:00:00,7.24,1.25,0.0,0.0,94.24,5.81,5.86,5.92,0.05,
108,2025-07-13 23:00:00,7.24,2.01,0.0,0.0,93.53,5.96,6.09,6.23,0.06,
108,2025-07-14 00:00:00,2.41,0.06,0.0,0.0,92.68,6.3,6.39,6.47,0.07,
108,2025-07-14 01:00:00,9.66,2.81,0.0,0.0,91.1,6.41,6.51,6.64,0.09,
108,2025-07-14 02:00:00,7.24,0.68,0.0,0.0,89.04,6.66,6.82,6.9,0.11,
108,2025-07-14 03:00:00,1.21,0.0,0.0,0.0,90.28,6.45,6.55,6.62,0.1,
108,2025-07-14 04:00:00,0.0,0.0,0.0,0.0,91.01,6.41,6.46,6.49,0.09,
108,2025-07-14 05:00:00,1.21,0.0,0.0,0.0,91.43,6.48,6.58,6.71,0.08,
108,2025-07-14 06:00:00,1.21,0.0,0.0,0.0,91.07,6.79,6.81,6.83,0.09,
108,2025-07-14 07:00:00,2.41,0.05,0.0,0.0,90.98,6.76,6.79,6.82,0.09,
108,2025-07-14 08:00:00,3.62,0.2,0.0,0.0,91.22,6.73,6.77,6.83,0.09,
108,2025-07-14 09:00:00,2.41,0.14,35.53,0.0,91.55,6.72,6.84,7.06,0.08,
108,2025-07-14 10:00:00,3.62,0.06,103.09,0.0,90.03,7.38,7.99,8.56,0.11,
108,2025-07-14 11:00:00,6.04,0.92,156.17,0.0,85.72,8.8,9.05,9.36,0.17,
108,2025-07-14 12:00:00,7.24,2.04,201.36,0.0,81.65,9.74,10.07,10.44,0.23,
108,2025-07-14 13:00:00,9.66,2.35,260.14,0.0,76.91,10.75,11.27,11.53,0.31,
108,2025-07-14 14:00:00,15.69,6.55,472.9,0.0,71.78,11.71,12.15,12.68,0.4,
108,2025-07-14 15:00:00,16.9,6.69,328.57,0.0,65.4,12.48,12.56,12.68,0.51,
108,2025-07-14 16:00:00,15.69,6.66,339.1,0.0,63.98,12.39,12.7,13.12,0.53,
108,2025-07-14 17:00:00,14.48,2.4,121.95,0.0,68.44,11.49,11.82,12.16,0.44,
108,2025-07-14 18:00:00,0.0,0.0,25.44,0.0,73.98,9.81,10.47,11.19,0.33,
108,2025-07-14 19:00:00,0.0,0.0,0.0,0.0,79.27,8.6,8.97,9.4,0.24,
108,2025-07-14 20:00:00,0.0,0.0,0.0,0.0,83.93,7.44,7.88,8.25,0.17,
108,2025-07-14 21:00:00,0.0,0.0,0.0,0.0,86.64,6.92,7.08,7.37,0.14,
108,2025-07-14 22:00:00,0.0,0.0,0.0,0.0,88.13,6.52,6.64,6.8,0.12,
108,2025-07-14 23:00:00,1.21,0.0,0.0,0.0,89.26,4.81,5.34,6.03,0.1,
108,2025-07-15 00:00:00,2.41,0.06,0.0,0.0,90.37,4.84,5.04,5.17,0.09,
108,2025-07-15 01:00:00,6.04,0.82,0.0,0.0,92.28,4.37,4.53,4.93,0.07,
108,2025-07-15 02:00:00,6.04,1.22,0.0,0.0,91.41,5.14,5.92,6.31,0.08,
108,2025-07-15 03:00:00,4.83,0.66,0.0,0.0,90.77,5.41,5.56,5.82,0.08,
108,2025-07-15 04:00:00,0.0,0.0,0.0,0.0,91.04,5.34,5.49,5.75,0.08,
108,2025-07-15 05:00:00,1.21,0.0,0.0,0.0,91.78,4.99,5.09,5.19,0.07,
108,2025-07-15 06:00:00,0.0,0.0,0.0,0.0,92.18,4.53,4.75,4.92,0.07,
108,2025-07-15 07:00:00,3.62,0.27,0.0,0.0,92.71,5.02,5.38,5.62,0.07,
108,2025-07-15 08:00:00,4.83,0.36,0.0,1.01,92.73,5.71,5.76,5.78,0.07,
108,2025-07-15 09:00:00,3.62,0.45,13.6,0.5,93.18,5.85,5.9,5.97,0.06,
108,2025-07-15 10:00:00,2.41,0.09,15.79,2.54,93.69,6.1,6.26,6.39,0.06,
108,2025-07-15 11:00:00,7.24,0.64,19.74,4.82,94.2,6.42,6.5,6.62,0.06,
108,2025-07-15 12:00:00,6.04,0.48,86.86,2.54,94.24,6.76,7.0,7.28,0.06,
108,2025-07-15 13:00:00,4.83,0.68,116.69,0.25,94.18,7.45,7.72,7.89,0.06,
108,2025-07-15 14:00:00,9.66,3.67,137.31,0.0,93.53,8.14,8.27,8.46,0.07,
108,2025-07-15 15:00:00,7.24,1.53,407.98,0.0,92.45,8.9,9.38,10.02,0.09,
108,2025-07-15 16:00:00,6.04,0.76,418.94,0.0,87.73,10.07,10.55,11.43,0.16,
108,2025-07-15 17:00:00,6.04,0.62,141.26,0.0,83.3,10.22,10.58,10.99,0.22,
108,2025-07-15 18:00:00,0.0,0.0,102.65,0.0,84.58,9.83,10.4,10.9,0.2,
108,2025-07-15 19:00:00,0.0,0.0,0.0,0.0,88.28,7.29,7.78,8.74,0.12,
108,2025-07-15 20:00:00,0.0,0.0,0.0,0.0,91.71,5.38,5.8,6.07,0.08,
108,2025-07-15 21:00:00,0.0,0.0,0.0,0.0,93.19,4.05,4.69,5.54,0.06,
108,2025-07-15 22:00:00,3.62,0.26,0.0,0.0,94.1,3.84,4.27,4.7,0.05,
108,2025-07-15 23:00:00,7.24,0.56,0.0,0.0,94.71,3.21,4.17,5.64,0.05,
108,2025-07-16 00:00:00,2.41,0.11,0.0,0.0,94.94,3.86,4.19,4.7,0.04,
108,2025-07-16 01:00:00,3.62,0.12,0.0,0.0,95.29,3.57,3.74,3.94,0.04,
108,2025-07-16 02:00:00,4.83,0.38,0.0,0.0,95.26,2.42,2.69,3.05,0.04,
108,2025-07-16 03:00:00,12.07,2.76,0.0,0.0,95.59,2.27,2.41,2.57,0.03,
108,2025-07-16 04:00:00,10.86,3.86,0.0,0.0,95.82,2.6,2.75,2.87,0.03,
108,2025-07-16 05:00:00,4.83,0.2,0.0,0.0,95.66,1.77,2.13,2.66,0.03,
108,2025-07-16 06:00:00,4.83,0.15,0.0,0.0,95.73,1.85,1.9,1.93,0.03,
108,2025-07-16 07:00:00,1.21,0.0,0.0,0.0,95.36,0.04,0.92,1.49,0.03,
108,2025-07-16 08:00:00,3.62,0.3,0.0,0.0,95.89,0.83,1.04,1.28,0.03,
108,2025-07-16 09:00:00,8.45,1.83,127.22,0.0,95.85,1.41,1.66,2.04,0.03,
108,2025-07-16 10:00:00,8.45,1.53,317.61,0.0,95.53,1.98,2.29,2.9,0.03,
108,2025-07-16 11:00:00,7.24,2.13,446.58,0.0,94.45,2.68,3.16,4.05,0.04,
108,2025-07-16 12:00:00,13.28,2.7,533.44,0.0,84.57,4.64,6.59,8.24,0.16,
108,2025-07-16 13:00:00,12.07,4.66,571.6,0.0,70.95,8.74,9.59,10.62,0.35,
108,2025-07-16 14:00:00,9.66,4.24,570.73,0.0,65.1,10.9,11.31,11.68,0.47,
108,2025-07-16 15:00:00,10.86,4.22,500.54,0.0,61.07,12.19,12.8,13.29,0.58,
108,2025-07-16 16:00:00,24.14,6.87,447.02,0.0,59.09,13.5,13.72,13.84,0.64,
108,2025-07-16 17:00:00,12.07,4.44,275.05,0.0,57.81,13.4,13.51,13.57,0.65,
108,2025-07-16 18:00:00,13.28,0.98,92.12,0.0,61.53,11.03,12.08,12.96,0.55,
108,2025-07-16 19:00:00,3.62,0.11,0.0,0.0,70.38,9.49,9.97,10.47,0.36,
108,2025-07-16 20:00:00,4.83,0.41,0.0,0.0,72.92,8.62,8.88,9.11,0.31,
108,2025-07-16 21:00:00,2.41,0.05,0.0,0.0,74.55,8.1,8.36,8.55,0.28,
108,2025-07-16 22:00:00,1.21,0.0,0.0,0.0,76.56,6.71,7.33,7.8,0.24,
108,2025-07-16 23:00:00,2.41,0.17,0.0,0.0,79.62,5.44,5.96,6.59,0.19,
108,2025-07-17 00:00:00,3.62,0.82,0.0,0.0,81.58,4.75,4.91,5.03,0.16,
108,2025-07-17 01:00:00,6.04,0.69,0.0,0.0,81.47,4.16,4.53,5.01,0.16,
108,2025-07-17 02:00:00,10.86,4.24,0.0,0.0,82.7,4.02,4.64,5.05,0.15,
108,2025-07-17 03:00:00,9.66,4.28,0.0,0.0,85.04,4.34,4.51,4.68,0.13,
108,2025-07-17 04:00:00,7.24,1.48,0.0,0.0,86.19,3.8,4.31,4.64,0.12,
108,2025-07-17 05:00:00,2.41,0.03,0.0,0.0,87.76,3.56,3.83,4.11,0.1,
108,2025-07-17 06:00:00,0.0,0.0,0.0,0.0,89.3,2.68,3.07,3.38,0.08,
108,2025-07-17 07:00:00,6.04,0.39,0.0,0.0,89.94,2.9,3.11,3.3,0.08,
108,2025-07-17 08:00:00,3.62,0.02,4.39,0.0,90.5,2.39,2.8,3.23,0.07,
108,2025-07-17 09:00:00,3.62,0.03,105.28,0.0,89.33,3.56,4.2,5.13,0.09,
108,2025-07-17 10:00:00,6.04,1.42,286.9,0.0,83.36,5.51,6.46,7.49,0.17,
108,2025-07-17 11:00:00,10.86,3.11,456.67,0.0,76.36,8.36,9.14,9.88,0.28,
108,2025-07-17 12:00:00,13.28,4.77,529.49,0.0,68.85,10.66,11.41,12.03,0.42,
108,2025-07-17 13:00:00,9.66,3.5,561.08,0.0,64.09,12.85,13.44,14.09,0.56,
108,2025-07-17 14:00:00,18.11,5.22,563.27,0.0,60.31,14.67,15.37,16.03,0.7,
108,2025-07-17 15:00:00,13.28,6.16,515.01,0.0,55.27,16.27,17.02,17.77,0.87,
108,2025-07-17 16:00:00,10.86,3.95,424.21,0.0,50.67,17.87,18.29,18.58,1.04,
108,2025-07-17 17:00:00,10.86,3.77,292.6,0.0,43.86,17.83,18.3,18.67,1.18,
108,2025-07-17 18:00:00,9.66,1.25,106.6,0.0,46.07,14.65,16.05,17.55,0.99,
108,2025-07-17 19:00:00,0.0,0.0,0.0,0.0,56.25,11.33,12.36,13.75,0.63,
108,2025-07-17 20:00:00,6.04,1.77,0.0,0.0,63.3,10.4,10.75,11.08,0.48,
108,2025-07-17 21:00:00,7.24,2.82,0.0,0.0,61.52,9.99,10.21,10.56,0.48,
108,2025-07-17 22:00:00,7.24,1.62,0.0,0.0,61.26,9.0,9.68,10.16,0.47,
108,2025-07-17 23:00:00,0.0,0.0,0.0,0.0,67.56,6.47,7.4,8.47,0.34,
108,2025-07-18 00:00:00,1.21,0.0,0.0,0.0,71.3,5.64,6.09,6.37,0.27,
108,2025-07-18 01:00:00,0.0,0.0,0.0,0.0,75.85,3.8,4.64,5.47,0.21,
108,2025-07-18 02:00:00,0.0,0.0,0.0,0.0,78.83,2.13,3.01,4.08,0.16,
108,2025-07-18 03:00:00,1.21,0.0,0.0,0.0,81.84,1.97,2.6,3.52,0.13,
108,2025-07-18 04:00:00,2.41,0.05,0.0,0.0,84.29,1.67,2.0,2.49,0.11,
108,2025-07-18 05:00:00,0.0,0.0,0.0,0.0,84.45,1.04,1.56,1.94,0.11,
108,2025-07-18 06:00:00,0.0,0.0,0.0,0.0,85.83,1.39,1.78,2.16,0.1,
108,2025-07-18 07:00:00,0.0,0.0,0.0,0.0,85.73,2.31,2.81,3.33,0.11,
108,2025-07-18 08:00:00,2.41,0.02,2.19,0.0,87.74,1.34,1.75,2.25,0.09,
108,2025-07-18 09:00:00,4.83,0.49,101.77,0.0,89.71,1.7,2.99,4.17,0.08,
108,2025-07-18 10:00:00,9.66,1.99,317.17,0.0,87.68,4.79,5.94,6.92,0.11,
108,2025-07-18 11:00:00,16.9,5.63,341.73,0.0,90.12,6.8,6.96,7.31,0.1,
108,2025-07-18 12:00:00,12.07,5.65,578.62,0.0,86.82,7.5,8.34,9.25,0.15,
108,2025-07-18 13:00:00,13.28,5.92,574.67,0.0,79.5,10.05,10.68,11.47,0.27,
108,2025-07-18 14:00:00,14.48,3.64,571.17,0.0,73.83,12.12,12.44,12.94,0.38,
108,2025-07-18 15:00:00,14.48,2.54,540.46,0.0,67.45,13.23,13.86,14.3,0.52,
108,2025-07-18 16:00:00,15.69,5.31,462.37,0.0,65.01,13.77,14.25,14.48,0.57,
108,2025-07-18 17:00:00,9.66,4.11,294.36,0.0,65.39,13.45,13.95,14.42,0.55,
108,2025-07-18 18:00:00,7.24,1.12,94.32,0.0,71.65,10.9,11.91,13.02,0.4,
108,2025-07-18 19:00:00,0.0,0.0,0.0,0.0,78.6,9.0,9.6,10.35,0.26,
108,2025-07-18 20:00:00,0.0,0.0,0.0,0.0,82.99,6.25,7.21,8.77,0.18,
108,2025-07-18 21:00:00,7.24,1.22,0.0,0.0,88.87,5.76,6.06,6.3,0.1,
108,2025-07-18 22:00:00,1.21,0.0,0.0,0.0,90.86,6.07,6.15,6.25,0.09,
108,2025-07-18 23:00:00,2.41,0.09,0.0,0.0,92.47,5.58,6.04,6.25,0.07,
108,2025-07-19 00:00:00,0.0,0.0,0.0,0.0,92.05,3.58,4.11,4.85,0.07,
108,2025-07-19 01:00:00,0.0,0.0,0.0,0.0,93.22,2.21,3.11,3.68,0.05,
108,2025-07-19 02:00:00,0.0,0.0,0.0,0.0,93.65,2.15,2.39,2.53,0.05,
108,2025-07-19 03:00:00,0.0,0.0,0.0,0.0,94.48,2.53,2.87,3.09,0.04,
108,2025-07-19 04:00:00,0.0,0.0,0.0,0.0,95.42,3.3,3.78,4.31,0.04,
108,2025-07-19 05:00:00,0.0,0.0,0.0,0.25,95.36,4.57,4.64,4.72,0.04,
108,2025-07-19 06:00:00,3.62,0.09,0.0,0.0,95.47,4.19,4.35,4.46,0.04,
108,2025-07-19 07:00:00,4.83,0.69,0.0,0.0,95.56,4.23,4.49,4.71,0.04,
108,2025-07-19 08:00:00,0.0,0.0,13.6,0.0,95.3,3.75,4.36,5.05,0.04,
108,2025-07-19 09:00:00,1.21,0.02,90.81,0.0,95.24,3.6,3.85,4.34,0.04,
108,2025-07-19 10:00:00,6.04,0.53,111.86,0.0,95.74,5.13,5.52,5.95,0.04,
108,2025-07-19 11:00:00,2.41,0.06,233.82,0.0,95.47,6.24,6.83,7.48,0.05,
108,2025-07-19 12:00:00,6.04,0.82,455.35,0.0,91.42,8.0,8.89,9.9,0.1,
108,2025-07-19 13:00:00,14.48,4.99,595.73,0.0,86.79,10.35,10.67,11.03,0.17,
108,2025-07-19 14:00:00,14.48,2.91,535.19,0.0,81.16,11.89,13.24,14.44,0.29,
108,2025-07-19 15:00:00,13.28,3.15,409.29,0.0,74.02,14.83,15.25,15.49,0.45,
108,2025-07-19 16:00:00,10.86,4.87,203.11,0.0,73.32,15.09,15.16,15.21,0.46,
108,2025-07-19 17:00:00,9.66,3.28,261.46,0.0,76.05,14.5,14.69,14.81,0.4,
108,2025-07-19 18:00:00,2.41,0.02,45.62,0.0,79.35,12.72,13.49,14.14,0.32,
108,2025-07-19 19:00:00,0.0,0.0,0.0,0.0,84.11,11.23,11.8,12.3,0.22,
108,2025-07-19 20:00:00,3.62,0.05,0.0,0.0,88.62,10.2,10.39,10.87,0.14,
108,2025-07-19 21:00:00,2.41,0.06,0.0,0.0,90.27,9.77,9.94,10.05,0.12,
108,2025-07-19 22:00:00,2.41,0.08,0.0,0.0,91.02,9.02,9.46,9.9,0.11,
108,2025-07-19 23:00:00,2.41,0.05,0.0,0.0,91.88,8.15,8.44,8.78,0.09,
108,2025-07-20 00:00:00,0.0,0.0,0.0,0.0,92.15,7.35,7.77,8.04,0.08,
108,2025-07-20 01:00:00,0.0,0.0,0.0,0.0,92.34,7.04,7.22,7.46,0.08,
108,2025-07-20 02:00:00,3.62,0.38,0.0,0.0,93.43,7.91,8.17,8.31,0.07,
108,2025-07-20 03:00:00,4.83,0.86,0.0,0.0,93.08,8.05,8.23,8.4,0.08,
108,2025-07-20 04:00:00,4.83,0.48,0.0,0.0,92.67,7.79,8.04,8.5,0.08,
108,2025-07-20 05:00:00,1.21,0.0,0.0,0.0,92.86,7.17,7.52,7.93,0.08,
108,2025-07-20 06:00:00,8.45,1.56,0.0,0.0,93.66,7.73,7.84,7.96,0.07,
108,2025-07-20 07:00:00,2.41,0.06,0.0,0.0,93.33,7.41,7.52,7.62,0.07,
108,2025-07-20 08:00:00,4.83,0.17,0.0,0.0,93.84,7.74,7.82,7.9,0.07,
108,2025-07-20 09:00:00,10.86,2.36,42.99,0.0,93.86,7.67,7.74,7.83,0.07,
108,2025-07-20 10:00:00,8.45,2.2,98.27,0.0,92.79,7.93,8.06,8.14,0.08,
108,2025-07-20 11:00:00,4.83,0.38,118.88,0.0,91.78,8.05,8.15,8.33,0.09,
108,2025-07-20 12:00:00,14.48,2.2,202.67,0.0,90.15,8.1,8.72,9.67,0.11,
108,2025-07-20 13:00:00,7.24,1.28,626.88,0.0,80.51,10.44,11.73,12.67,0.27,
108,2025-07-20 14:00:00,9.66,2.98,570.73,0.0,80.2,11.71,12.14,12.7,0.28,
108,2025-07-20 15:00:00,7.24,2.01,384.73,0.0,80.81,12.17,12.35,12.6,0.28,
108,2025-07-20 16:00:00,7.24,2.51,351.39,0.0,81.89,12.02,12.28,12.75,0.26,
108,2025-07-20 17:00:00,9.66,2.84,97.83,0.0,83.99,11.67,11.76,11.84,0.22,
108,2025-07-20 18:00:00,6.04,0.53,103.09,0.0,84.57,11.01,11.34,11.65,0.21,
108,2025-07-20 19:00:00,0.0,0.0,0.0,0.0,86.8,10.16,10.49,10.78,0.17,
108,2025-07-20 20:00:00,0.0,0.0,0.0,0.0,88.93,9.64,9.81,10.04,0.14,
108,2025-07-20 21:00:00,1.21,0.0,0.0,0.0,90.16,9.46,9.61,9.73,0.12,
108,2025-07-20 22:00:00,0.0,0.0,0.0,0.0,90.88,8.87,9.08,9.29,0.11,
108,2025-07-20 23:00:00,1.21,0.0,0.0,0.0,91.78,8.55,8.67,8.83,0.09,
108,2025-07-21 00:00:00,3.62,0.03,0.0,0.0,92.55,8.56,8.74,8.87,0.08,
108,2025-07-21 01:00:00,0.0,0.0,0.0,0.0,92.6,7.67,8.16,8.38,0.08,
108,2025-07-21 02:00:00,0.0,0.0,0.0,0.0,92.7,6.89,7.23,7.44,0.07,
108,2025-07-21 03:00:00,0.0,0.0,0.0,0.0,93.01,5.27,5.9,6.47,0.07,
108,2025-07-21 04:00:00,0.0,0.0,0.0,0.0,93.6,4.4,4.85,5.29,0.06,
108,2025-07-21 05:00:00,3.62,0.36,0.0,0.0,94.53,4.2,4.99,5.54,0.05,
108,2025-07-21 06:00:00,3.62,0.14,0.0,0.0,94.45,4.05,4.92,5.42,0.05,
108,2025-07-21 07:00:00,0.0,0.0,0.0,0.25,94.27,3.35,3.59,3.95,0.05,
108,2025-07-21 08:00:00,0.0,0.0,4.39,0.0,94.64,2.74,3.1,3.5,0.04,
108,2025-07-21 09:00:00,2.41,0.05,60.98,0.0,95.03,3.33,3.74,4.19,0.04,
108,2025-07-21 10:00:00,0.0,0.0,122.83,0.0,95.26,4.67,5.18,5.55,0.04,
108,2025-07-21 11:00:00,2.41,0.02,189.95,0.0,95.42,6.0,6.7,7.39,0.05,
108,2025-07-21 12:00:00,3.62,0.23,479.04,0.0,95.38,7.87,8.74,9.45,0.05,
108,2025-07-21 13:00:00,4.83,0.44,563.71,0.0,91.12,10.7,12.31,13.55,0.13,
108,2025-07-21 14:00:00,4.83,0.57,568.97,0.0,68.77,14.52,15.87,16.86,0.57,
108,2025-07-21 15:00:00,10.86,1.01,529.49,0.0,61.02,17.34,17.91,18.46,0.8,
108,2025-07-21 16:00:00,4.83,0.47,436.05,0.0,59.77,18.52,18.77,18.91,0.87,
108,2025-07-21 17:00:00,8.45,0.3,306.64,0.0,58.16,18.82,19.02,19.39,0.92,
108,2025-07-21 18:00:00,0.0,0.0,80.28,0.0,60.78,17.24,18.23,18.94,0.82,
108,2025-07-21 19:00:00,0.0,0.0,0.0,0.0,73.18,12.53,13.79,14.86,0.43,
108,2025-07-21 20:00:00,6.04,0.68,0.0,0.0,79.99,11.58,12.42,12.96,0.29,
108,2025-07-21 21:00:00,3.62,0.2,0.0,0.0,82.72,11.15,12.13,12.82,0.25,
108,2025-07-21 22:00:00,1.21,0.0,0.0,0.0,87.8,10.56,10.88,11.05,0.16,
108,2025-07-21 23:00:00,1.21,0.06,0.0,0.0,90.36,9.46,9.97,10.43,0.12,
108,2025-07-22 00:00:00,4.83,0.63,0.0,0.0,92.56,8.77,9.01,9.29,0.09,
108,2025-07-22 01:00:00,7.24,2.63,0.0,0.0,94.09,8.97,9.05,9.22,0.07,
108,2025-07-22 02:00:00,8.45,2.55,0.0,0.0,94.9,8.55,8.73,8.97,0.06,
108,2025-07-22 03:00:00,7.24,0.64,0.0,0.0,95.31,9.12,9.24,9.49,0.06,
108,2025-07-22 04:00:00,12.07,3.2,0.0,0.0,96.05,9.45,9.81,10.22,0.05,
108,2025-07-22 05:00:00,10.86,3.12,0.0,0.0,96.15,10.44,10.55,10.6,0.05,
108,2025-07-22 06:00:00,8.45,2.45,0.0,0.0,96.05,10.4,10.49,10.57,0.05,
108,2025-07-22 07:00:00,8.45,3.0,0.0,0.0,95.92,10.11,10.21,10.32,0.05,
108,2025-07-22 08:00:00,10.86,2.55,0.0,0.0,95.84,9.95,10.08,10.22,0.05,
108,2025-07-22 09:00:00,10.86,2.93,48.69,0.0,95.8,9.32,9.52,9.75,0.05,
108,2025-07-22 10:00:00,9.66,3.77,80.28,0.0,95.84,8.95,9.16,9.28,0.05,
108,2025-07-22 11:00:00,9.66,2.49,157.93,0.0,94.88,8.93,8.97,9.07,0.06,
108,2025-07-22 12:00:00,12.07,4.3,205.3,0.0,92.68,8.52,8.62,8.71,0.08,
108,2025-07-22 13:00:00,12.07,3.06,658.46,0.0,88.27,8.35,9.44,10.33,0.14,
108,2025-07-22 14:00:00,6.04,1.1,610.21,0.0,80.83,10.19,11.21,12.03,0.26,
108,2025-07-22 15:00:00,12.07,1.87,556.69,0.0,73.41,12.33,12.88,13.34,0.4,
108,2025-07-22 16:00:00,8.45,2.52,437.81,0.0,69.28,13.97,14.46,14.86,0.51,
108,2025-07-22 17:00:00,6.04,1.48,307.08,0.0,69.99,14.62,14.73,14.96,0.51,
108,2025-07-22 18:00:00,3.62,0.12,115.81,0.0,73.8,12.79,13.78,14.24,0.41,
108,2025-07-22 19:00:00,0.0,0.0,0.0,0.0,81.21,10.39,11.19,12.05,0.25,
108,2025-07-22 20:00:00,1.21,0.0,0.0,0.0,88.03,8.49,8.96,9.29,0.14,
108,2025-07-22 21:00:00,0.0,0.0,0.0,0.0,89.66,6.51,7.26,7.76,0.11,
108,2025-07-22 22:00:00,0.0,0.0,0.0,0.0,91.25,5.81,6.24,6.52,0.09,
108,2025-07-22 23:00:00,1.21,0.0,0.0,0.0,92.1,6.6,7.01,7.32,0.08,
108,2025-07-23 00:00:00,1.21,0.0,0.0,0.0,91.79,6.59,6.89,7.15,0.08,
108,2025-07-23 01:00:00,0.0,0.0,0.0,0.0,92.0,5.57,6.12,6.47,0.08,
108,2025-07-23 02:00:00,2.41,0.03,0.0,0.0,92.68,5.17,5.58,5.92,0.07,
108,2025-07-23 03:00:00,0.0,0.0,0.0,0.0,93.04,4.98,5.31,5.6,0.06,
108,2025-07-23 04:00:00,2.41,0.0,0.0,0.0,93.46,4.96,5.14,5.33,0.06,
108,2025-07-23 05:00:00,4.83,0.6,0.0,0.0,93.76,4.46,4.71,5.01,0.05,
108,2025-07-23 06:00:00,1.21,0.02,0.0,0.0,93.7,3.38,3.84,4.48,0.05,
108,2025-07-23 07:00:00,0.0,0.0,0.0,0.0,93.99,2.7,2.98,3.25,0.05,
108,2025-07-23 08:00:00,0.0,0.0,10.97,0.25,93.92,2.19,2.51,3.12,0.05,
108,2025-07-23 09:00:00,3.62,0.08,43.87,0.0,94.46,2.28,2.92,3.77,0.04,
108,2025-07-23 10:00:00,7.24,1.71,103.09,0.0,94.66,4.17,4.67,5.09,0.05,
108,2025-07-23 11:00:00,7.24,1.16,158.8,0.0,94.62,5.16,5.45,5.74,0.05,
108,2025-07-23 12:00:00,10.86,2.66,192.58,0.0,94.82,6.13,6.47,6.73,0.05,
108,2025-07-23 13:00:00,8.45,2.19,209.69,0.0,94.94,7.22,7.41,7.55,0.05,
108,2025-07-23 14:00:00,7.24,2.16,255.75,0.0,94.7,7.83,8.16,8.64,0.06,
108,2025-07-23 15:00:00,8.45,2.67,520.28,0.0,90.98,9.37,10.86,12.33,0.12,
108,2025-07-23 16:00:00,9.66,2.9,452.28,0.0,76.03,13.26,13.84,14.17,0.38,
108,2025-07-23 17:00:00,9.66,2.34,311.03,0.0,73.96,13.92,14.26,14.62,0.43,
108,2025-07-23 18:00:00,6.04,0.33,89.49,0.0,78.45,11.72,12.73,13.69,0.32,
108,2025-07-23 19:00:00,0.0,0.0,0.0,0.0,84.63,8.14,9.45,10.9,0.18,
108,2025-07-23 20:00:00,1.21,0.0,0.0,0.0,89.57,7.14,7.48,7.9,0.11,
108,2025-07-23 21:00:00,1.21,0.0,0.0,0.0,91.64,6.23,6.66,7.25,0.08,
108,2025-07-23 22:00:00,4.83,0.41,0.0,0.0,92.75,6.21,6.66,7.04,0.07,
108,2025-07-23 23:00:00,0.0,0.0,0.0,0.0,92.95,5.35,5.68,6.23,0.07,
108,2025-07-24 00:00:00,0.0,0.0,0.0,0.0,93.48,4.02,4.22,4.54,0.05,
108,2025-07-24 01:00:00,3.62,0.08,0.0,0.0,94.07,3.77,4.16,4.79,0.05,
108,2025-07-24 02:00:00,0.0,0.0,0.0,0.0,94.24,5.27,5.86,6.27,0.05,
108,2025-07-24 03:00:00,4.83,0.62,0.0,0.0,94.53,6.16,6.43,6.54,0.05,
108,2025-07-24 04:00:00,10.86,2.19,0.0,0.0,94.67,6.24,6.6,6.83,0.05,
108,2025-07-24 05:00:00,12.07,4.62,0.0,0.25,94.69,6.37,6.53,6.72,0.05,
108,2025-07-24 06:00:00,13.28,4.53,0.0,0.0,95.04,6.62,6.81,6.99,0.05,
108,2025-07-24 07:00:00,12.07,3.53,0.0,0.0,95.15,7.09,7.19,7.32,0.05,
108,2025-07-24 08:00:00,14.48,4.12,0.0,0.0,95.24,7.45,7.53,7.62,0.05,
108,2025-07-24 09:00:00,13.28,4.38,30.71,2.79,95.23,7.39,7.53,7.66,0.05,
108,2025-07-24 10:00:00,26.55,10.73,143.01,0.76,95.07,7.09,7.36,7.69,0.05,
108,2025-07-24 11:00:00,22.93,12.24,243.03,0.0,90.93,7.74,8.65,9.49,0.1,
108,2025-07-24 12:00:00,20.52,9.64,302.69,0.0,79.12,9.7,9.85,10.05,0.25,
108,2025-07-24 13:00:00,19.31,8.0,80.28,0.0,77.93,9.54,9.65,9.71,0.26,
108,2025-07-24 14:00:00,27.76,13.56,171.53,0.0,82.54,9.53,9.87,10.3,0.21,
108,2025-07-24 15:00:00,37.42,17.89,260.14,0.0,78.24,10.51,11.16,12.2,0.29,
108,2025-07-24 16:00:00,31.38,16.31,38.17,0.0,74.96,11.74,11.92,12.06,0.35,
108,2025-07-24 17:00:00,25.35,11.3,71.94,0.0,78.82,11.81,11.9,12.02,0.3,
108,2025-07-24 18:00:00,26.55,9.27,15.35,1.01,84.34,10.73,11.08,11.63,0.21,
108,2025-07-24 19:00:00,24.14,10.53,0.0,0.0,90.88,10.22,10.29,10.39,0.12,
108,2025-07-24 20:00:00,27.76,13.62,0.0,0.0,91.08,10.07,10.22,10.32,0.11,
108,2025-07-24 21:00:00,26.55,15.57,0.0,0.5,93.04,9.5,9.59,9.67,0.08,
108,2025-07-24 22:00:00,24.14,14.34,0.0,0.5,94.18,9.36,9.42,9.45,0.07,
108,2025-07-24 23:00:00,24.14,12.37,0.0,0.25,93.9,9.45,9.5,9.54,0.07,
108,2025-07-25 00:00:00,21.73,8.96,0.0,0.25,93.49,9.43,9.46,9.5,0.08,
108,2025-07-25 01:00:00,19.31,10.44,0.0,0.0,93.38,9.35,9.38,9.45,0.08,
108,2025-07-25 02:00:00,15.69,9.6,0.0,0.25,93.6,9.42,9.48,9.54,0.08,
108,2025-07-25 03:00:00,18.11,9.48,0.0,0.0,93.39,9.54,9.58,9.61,0.08,
108,2025-07-25 04:00:00,18.11,10.23,0.0,0.0,93.38,9.61,9.72,9.75,0.08,
108,2025-07-25 05:00:00,25.35,12.29,0.0,0.0,93.61,9.85,9.91,9.97,0.08,
108,2025-07-25 06:00:00,18.11,10.08,0.0,0.0,92.57,9.97,10.06,10.13,0.09,
108,2025-07-25 07:00:00,14.48,9.22,0.0,0.0,91.74,10.09,10.25,10.36,0.11,
108,2025-07-25 08:00:00,15.69,7.38,7.9,0.0,90.37,10.42,10.44,10.46,0.12,
108,2025-07-25 09:00:00,15.69,6.98,119.32,0.0,88.32,10.46,11.16,11.74,0.16,
108,2025-07-25 10:00:00,19.31,10.29,157.49,0.0,86.31,11.77,11.88,11.98,0.19,
108,2025-07-25 11:00:00,21.73,9.28,196.09,0.0,85.99,12.08,12.32,12.65,0.2,
108,2025-07-25 12:00:00,19.31,9.32,351.82,0.0,81.2,13.16,13.6,14.02,0.29,
108,2025-07-25 13:00:00,19.31,9.38,497.47,0.0,75.64,14.09,14.44,14.85,0.4,
108,2025-07-25 14:00:00,16.9,8.98,389.55,0.0,73.74,14.44,14.65,14.89,0.44,
108,2025-07-25 15:00:00,15.69,7.11,407.54,0.0,71.4,14.72,15.07,15.42,0.49,
108,2025-07-25 16:00:00,14.48,4.95,335.15,0.0,69.8,15.07,15.18,15.4,0.52,
108,2025-07-25 17:00:00,8.45,4.57,157.49,0.0,69.77,15.33,15.35,15.4,0.53,
108,2025-07-25 18:00:00,7.24,1.63,72.82,0.0,73.01,13.88,14.46,14.95,0.44,
108,2025-07-25 19:00:00,1.21,0.02,0.0,0.0,77.97,12.22,12.75,13.38,0.33,
108,2025-07-25 20:00:00,0.0,0.0,0.0,0.0,81.58,10.87,11.22,11.75,0.25,
108,2025-07-25 21:00:00,0.0,0.0,0.0,0.0,85.75,9.33,9.84,10.36,0.17,
108,2025-07-25 22:00:00,0.0,0.0,0.0,0.0,89.34,8.47,9.02,9.56,0.12,
108,2025-07-25 23:00:00,0.0,0.0,0.0,0.0,91.82,8.18,8.25,8.32,0.09,
108,2025-07-26 00:00:00,0.0,0.0,0.0,0.0,92.21,7.77,8.05,8.27,0.09,
108,2025-07-26 01:00:00,0.0,0.0,0.0,0.0,93.01,7.72,7.84,7.91,0.07,
108,2025-07-26 02:00:00,0.0,0.0,0.0,0.0,93.67,7.35,7.52,7.63,0.07,
108,2025-07-26 03:00:00,4.83,0.32,0.0,0.0,94.66,7.57,7.65,7.77,0.06,
108,2025-07-26 04:00:00,1.21,0.0,0.0,0.0,94.34,7.66,7.71,7.79,0.06,
108,2025-07-26 05:00:00,3.62,0.14,0.0,0.0,94.06,7.03,7.31,7.56,0.06,
108,2025-07-26 06:00:00,2.41,0.09,0.0,0.0,94.38,6.68,6.88,7.06,0.06,
108,2025-07-26 07:00:00,4.83,0.44,0.0,0.0,94.55,6.55,6.6,6.71,0.05,
108,2025-07-26 08:00:00,1.21,0.0,0.0,0.0,94.56,6.38,6.55,6.71,0.05,
108,2025-07-26 09:00:00,0.0,0.0,56.59,0.0,94.63,6.84,7.11,7.34,0.05,
108,2025-07-26 10:00:00,0.0,0.0,94.76,0.0,94.76,7.41,7.59,7.79,0.05,
108,2025-07-26 11:00:00,3.62,0.11,318.48,0.0,94.9,7.9,8.47,8.93,0.06,
108,2025-07-26 12:00:00,2.41,0.06,225.48,0.0,94.63,9.09,9.49,9.84,0.06,
108,2025-07-26 13:00:00,6.04,0.62,168.89,0.0,93.98,9.97,10.15,10.43,0.08,
108,2025-07-26 14:00:00,3.62,0.29,171.53,0.0,92.29,10.43,10.71,11.08,0.1,
108,2025-07-26 15:00:00,6.04,1.75,204.87,0.0,89.09,11.47,11.59,11.71,0.15,
108,2025-07-26 16:00:00,12.07,3.94,85.54,0.0,88.24,11.6,11.7,11.81,0.16,
108,2025-07-26 17:00:00,7.24,1.83,71.07,0.0,87.35,11.82,11.86,11.92,0.18,
108,2025-07-26 18:00:00,4.83,0.77,33.34,0.0,87.89,11.57,11.71,11.78,0.17,
108,2025-07-26 19:00:00,1.21,0.08,0.0,0.25,89.51,10.88,11.11,11.46,0.14,
108,2025-07-26 20:00:00,3.62,0.39,0.0,0.0,91.77,10.78,10.82,10.87,0.11,
108,2025-07-26 21:00:00,1.21,0.02,0.0,0.0,92.41,10.67,10.75,10.82,0.1,
108,2025-07-26 22:00:00,3.62,0.09,0.0,0.0,92.78,10.19,10.48,10.78,0.09,
108,2025-07-26 23:00:00,0.0,0.0,0.0,0.0,93.22,9.9,9.94,9.99,0.08,
108,2025-07-27 00:00:00,3.62,0.32,0.0,0.0,93.48,9.77,9.85,9.92,0.08,
108,2025-07-27 01:00:00,6.04,1.04,0.0,0.0,93.53,10.01,10.1,10.2,0.08,
108,2025-07-27 02:00:00,9.66,4.05,0.0,0.0,92.87,10.26,10.3,10.36,0.09,
108,2025-07-27 03:00:00,6.04,0.42,0.0,0.0,92.76,9.88,9.99,10.09,0.09,
108,2025-07-27 04:00:00,6.04,1.41,0.0,0.0,92.56,9.95,10.13,10.3,0.09,
108,2025-07-27 05:00:00,9.66,3.23,0.0,0.0,91.91,10.02,10.16,10.35,0.1,
108,2025-07-27 06:00:00,9.66,4.51,0.0,0.0,91.6,9.94,10.07,10.2,0.11,
108,2025-07-27 07:00:00,10.86,2.81,0.0,0.0,91.17,10.11,10.3,10.56,0.11,
108,2025-07-27 08:00:00,13.28,6.51,1.32,0.0,88.44,10.73,10.78,10.88,0.15,
108,2025-07-27 09:00:00,15.69,8.69,103.97,0.0,88.03,10.74,11.17,11.5,0.16,
108,2025-07-27 10:00:00,16.9,7.97,181.18,0.0,84.77,12.02,12.34,12.68,0.22,
108,2025-07-27 11:00:00,21.73,8.51,546.16,0.0,79.15,12.89,13.31,13.93,0.32,
108,2025-07-27 12:00:00,18.11,9.08,276.81,0.0,76.85,13.43,13.63,13.78,0.36,
108,2025-07-27 13:00:00,21.73,10.71,350.51,0.0,74.85,13.91,14.19,14.55,0.41,
108,2025-07-27 14:00:00,18.11,9.67,340.42,0.0,73.21,14.62,14.76,14.9,0.45,
108,2025-07-27 15:00:00,16.9,9.22,204.87,0.0,73.28,14.35,14.59,14.87,0.44,
108,2025-07-27 16:00:00,10.86,4.54,76.77,0.0,76.48,13.75,14.06,14.26,0.38,
108,2025-07-27 17:00:00,8.45,3.64,50.45,0.0,80.08,13.44,13.62,13.74,0.31,
108,2025-07-27 18:00:00,10.86,4.36,11.41,0.0,81.42,12.65,12.99,13.27,0.28,
108,2025-07-27 19:00:00,10.86,3.08,0.0,0.5,86.32,11.72,12.09,12.46,0.19,
108,2025-07-27 20:00:00,7.24,2.96,0.0,0.75,90.21,11.27,11.43,11.57,0.13,
108,2025-07-27 21:00:00,19.31,9.05,0.0,0.5,90.75,11.26,11.36,11.47,0.13,
108,2025-07-27 22:00:00,12.07,4.9,0.0,0.25,90.27,11.4,11.5,11.57,0.13,
108,2025-07-27 23:00:00,8.45,3.67,0.0,0.0,90.44,11.18,11.28,11.35,0.13,
108,2025-07-28 00:00:00,8.45,1.86,0.0,0.0,90.48,11.18,11.24,11.3,0.13,
108,2025-07-28 01:00:00,12.07,5.98,0.0,0.0,90.48,10.98,11.09,11.13,0.13,
108,2025-07-28 02:00:00,12.07,2.76,0.0,0.0,90.31,10.98,11.02,11.06,0.13,
108,2025-07-28 03:00:00,3.62,0.6,0.0,0.0,89.44,10.64,10.91,11.06,0.14,
108,2025-07-28 04:00:00,8.45,1.39,0.0,0.0,90.48,10.46,10.57,10.81,0.12,
108,2025-07-28 05:00:00,10.86,5.02,0.0,0.0,87.83,10.77,10.95,11.12,0.16,
108,2025-07-28 06:00:00,2.41,0.35,0.0,0.0,89.21,10.23,10.48,10.6,0.14,
108,2025-07-28 07:00:00,2.41,0.0,0.0,0.0,88.53,10.5,10.58,10.68,0.15,
108,2025-07-28 08:00:00,6.04,1.58,7.46,0.0,88.95,10.33,10.54,10.64,0.14,
108,2025-07-28 09:00:00,7.24,1.95,52.2,0.0,89.58,10.29,10.45,10.64,0.13,
108,2025-07-28 10:00:00,8.45,4.22,125.46,0.0,87.24,10.74,11.18,11.61,0.17,
108,2025-07-28 11:00:00,9.66,2.85,333.4,0.0,82.08,12.15,12.55,12.83,0.26,
108,2025-07-28 12:00:00,10.86,6.28,345.24,0.0,79.02,13.37,14.11,14.72,0.34,
108,2025-07-28 13:00:00,14.48,6.43,353.58,0.0,73.45,14.93,15.11,15.29,0.46,
108,2025-07-28 14:00:00,8.45,2.49,220.66,0.0,68.22,15.38,15.72,15.93,0.57,
108,2025-07-28 15:00:00,6.04,2.46,123.27,0.0,68.04,15.66,15.78,15.89,0.58,
108,2025-07-28 16:00:00,8.45,2.46,136.87,0.0,75.06,15.11,15.26,15.55,0.43,
108,2025-07-28 17:00:00,6.04,1.42,50.89,0.0,78.68,14.92,14.99,15.04,0.36,
108,2025-07-28 18:00:00,6.04,1.68,17.55,0.0,83.36,13.77,14.26,14.81,0.27,
108,2025-07-28 19:00:00,7.24,1.32,0.0,0.0,87.06,12.82,13.14,13.48,0.2,
108,2025-07-28 20:00:00,7.24,2.28,0.0,0.0,87.72,12.6,12.69,12.85,0.18,
108,2025-07-28 21:00:00,13.28,2.43,0.0,0.0,88.12,12.36,12.42,12.5,0.17,
108,2025-07-28 22:00:00,4.83,0.98,0.0,0.0,89.52,10.95,11.3,11.78,0.14,
108,2025-07-28 23:00:00,8.45,1.78,0.0,0.0,91.46,10.78,10.85,10.94,0.11,
108,2025-07-29 00:00:00,3.62,0.98,0.0,0.0,91.76,10.74,10.8,10.87,0.11,
108,2025-07-29 01:00:00,7.24,1.04,0.0,0.0,92.2,10.43,10.65,10.8,0.1,
108,2025-07-29 02:00:00,8.45,1.65,0.0,0.0,92.92,9.97,10.05,10.18,0.09,
108,2025-07-29 03:00:00,6.04,1.06,0.0,0.0,93.39,10.27,10.34,10.43,0.08,
108,2025-07-29 04:00:00,9.66,1.78,0.0,0.0,93.17,10.5,10.58,10.77,0.09,
108,2025-07-29 05:00:00,4.83,0.41,0.0,0.0,93.44,9.78,10.02,10.22,0.08,
108,2025-07-29 06:00:00,8.45,1.62,0.0,0.0,93.67,9.63,9.77,9.85,0.08,
108,2025-07-29 07:00:00,8.45,2.72,0.0,0.0,94.3,9.91,9.96,10.02,0.07,
108,2025-07-29 08:00:00,6.04,1.92,0.88,0.0,93.78,9.92,9.97,10.01,0.08,
108,2025-07-29 09:00:00,6.04,1.3,64.05,0.0,93.56,10.02,10.31,10.74,0.08,
108,2025-07-29 10:00:00,12.07,3.29,159.24,0.0,92.33,11.05,11.39,11.71,0.11,
108,2025-07-29 11:00:00,9.66,2.97,144.77,0.0,88.73,12.08,12.6,13.06,0.16,
108,2025-07-29 12:00:00,12.07,6.04,303.57,0.0,84.15,13.41,14.04,14.48,0.26,
108,2025-07-29 13:00:00,13.28,5.93,415.43,0.0,79.24,14.4,15.32,16.44,0.36,
108,2025-07-29 14:00:00,13.28,3.65,414.12,0.0,65.84,17.21,17.96,18.91,0.71,
108,2025-07-29 15:00:00,13.28,5.61,540.46,0.0,63.26,18.91,19.29,19.66,0.82,
108,2025-07-29 16:00:00,13.28,3.41,238.2,0.0,67.57,18.52,18.64,18.82,0.7,
108,2025-07-29 17:00:00,8.45,3.88,127.66,0.0,70.49,18.04,18.28,18.55,0.62,
108,2025-07-29 18:00:00,7.24,1.39,86.42,0.0,73.11,16.72,17.46,18.04,0.54,
108,2025-07-29 19:00:00,12.07,4.99,0.0,0.0,78.76,15.92,16.06,16.21,0.39,
108,2025-07-29 20:00:00,14.48,5.24,0.0,0.0,78.65,15.89,15.98,16.07,0.39,
108,2025-07-29 21:00:00,15.69,7.12,0.0,0.0,81.11,15.4,15.67,15.85,0.34,
108,2025-07-29 22:00:00,16.9,8.57,0.0,0.0,75.27,15.59,15.79,16.01,0.44,
108,2025-07-29 23:00:00,19.31,8.77,0.0,0.0,70.95,15.59,16.12,16.55,0.53,
108,2025-07-30 00:00:00,9.66,1.06,0.0,0.0,74.93,14.1,14.91,15.33,0.43,
108,2025-07-30 01:00:00,9.66,2.16,0.0,0.0,81.0,13.16,13.44,13.68,0.29,
108,2025-07-30 02:00:00,19.31,11.29,0.0,0.0,80.86,13.77,13.98,14.06,0.31,
108,2025-07-30 03:00:00,18.11,6.6,0.0,0.0,82.09,13.24,13.45,13.77,0.28,
108,2025-07-30 04:00:00,9.66,2.07,0.0,0.0,81.07,12.96,13.23,13.66,0.29,
108,2025-07-30 05:00:00,10.86,2.85,0.0,0.0,79.5,13.16,13.33,13.51,0.32,
108,2025-07-30 06:00:00,13.28,6.08,0.0,0.0,79.65,13.1,13.22,13.34,0.31,
108,2025-07-30 07:00:00,9.66,4.83,0.0,0.0,81.19,12.57,12.83,13.1,0.28,
108,2025-07-30 08:00:00,15.69,8.9,0.0,0.0,80.44,12.88,13.05,13.19,0.29,
108,2025-07-30 09:00:00,19.31,10.89,28.95,0.0,79.6,13.01,13.31,13.43,0.31,
108,2025-07-30 10:00:00,20.52,12.22,25.44,0.0,79.39,13.51,13.77,13.96,0.33,
108,2025-07-30 11:00:00,28.97,13.84,25.44,0.0,78.76,14.3,14.41,14.47,0.35,
108,2025-07-30 12:00:00,18.11,10.35,42.99,0.0,77.39,14.41,14.54,14.75,0.37,
108,2025-07-30 13:00:00,27.76,13.55,85.54,0.0,73.25,14.78,15.0,15.24,0.46,
108,2025-07-30 14:00:00,39.83,20.9,84.23,0.0,76.58,15.1,15.17,15.25,0.41,
108,2025-07-30 15:00:00,43.45,23.34,52.64,0.0,76.67,15.2,15.32,15.38,0.41,
108,2025-07-30 16:00:00,26.55,12.33,81.16,0.0,78.24,15.0,15.14,15.23,0.38,
108,2025-07-30 17:00:00,26.55,12.9,84.23,0.0,75.49,15.25,15.31,15.37,0.43,
108,2025-07-30 18:00:00,25.35,11.11,15.35,0.0,74.62,14.78,14.97,15.14,0.43,
108,2025-07-30 19:00:00,21.73,11.39,0.0,0.0,74.71,14.59,14.74,14.83,0.42,
108,2025-07-30 20:00:00,22.93,10.92,0.0,0.0,74.88,14.61,14.7,14.76,0.42,
108,2025-07-30 21:00:00,27.76,14.77,0.0,0.0,75.79,14.37,14.39,14.4,0.4,
108,2025-07-30 22:00:00,33.8,18.79,0.0,0.0,73.32,14.42,14.52,14.59,0.44,
108,2025-07-30 23:00:00,31.38,18.95,0.0,0.0,74.29,13.61,14.05,14.34,0.41,
108,2025-07-31 00:00:00,41.04,18.92,0.0,0.0,74.96,13.5,13.86,14.33,0.4,
108,2025-07-31 01:00:00,42.25,23.93,0.0,0.0,71.11,14.26,14.36,14.44,0.47,
108,2025-07-31 02:00:00,33.8,18.03,0.0,0.51,74.0,13.45,13.88,14.28,0.42,
108,2025-07-31 03:00:00,30.18,17.58,0.0,1.52,85.85,11.82,12.23,12.79,0.21,
108,2025-07-31 04:00:00,31.38,17.16,0.0,2.28,90.59,11.46,11.59,11.64,0.13,
108,2025-07-31 05:00:00,27.76,15.78,0.0,1.01,91.74,11.08,11.32,11.5,0.11,
108,2025-07-31 06:00:00,32.59,16.97,0.0,0.5,91.49,11.19,11.29,11.35,0.11,
108,2025-07-31 07:00:00,27.76,16.34,0.0,1.01,92.19,11.25,11.32,11.39,0.11,
108,2025-07-31 08:00:00,28.97,15.6,0.0,2.03,92.67,11.47,11.56,11.67,0.1,
108,2025-07-31 09:00:00,35.0,19.55,4.39,1.0,92.65,11.5,11.56,11.65,0.1,
108,2025-07-31 10:00:00,28.97,16.34,32.02,2.29,93.17,11.68,11.83,11.92,0.1,
108,2025-07-31 11:00:00,31.38,18.02,52.2,0.76,93.09,11.96,12.01,12.08,0.1,
108,2025-07-31 12:00:00,30.18,16.54,109.67,0.0,92.15,12.13,12.31,12.48,0.11,
108,2025-07-31 13:00:00,38.62,19.15,180.3,0.25,90.06,12.53,12.63,12.72,0.15,
108,2025-07-31 14:00:00,33.8,20.11,230.75,0.25,89.32,12.75,12.82,12.86,0.16,
108,2025-07-31 15:00:00,32.59,16.9,103.53,0.5,91.33,12.42,12.56,12.77,0.13,
108,2025-07-31 16:00:00,28.97,14.77,57.03,1.01,92.83,12.05,12.21,12.36,0.1,
108,2025-07-31 17:00:00,33.8,16.48,48.26,0.76,92.82,11.89,11.99,12.1,0.1,
108,2025-07-31 18:00:00,27.76,13.19,11.41,0.76,92.76,11.8,11.84,11.88,0.1,
108,2025-07-31 19:00:00,30.18,18.44,0.0,0.0,91.9,11.74,11.82,11.92,0.11,
108,2025-07-31 20:00:00,30.18,16.54,0.0,1.27,91.41,11.65,11.72,11.77,0.12,
108,2025-07-31 21:00:00,25.35,13.82,0.0,0.76,91.61,11.47,11.55,11.61,0.11,
108,2025-07-31 22:00:00,24.14,13.47,0.0,0.0,88.0,11.61,11.67,11.71,0.17,
108,2025-07-31 23:00:00,28.97,12.8,0.0,1.01,88.67,11.32,11.58,11.8,0.16,
108,2025-08-01 00:00:00,15.69,8.89,0.0,0.0,87.89,11.37,11.52,11.58,0.17,
108,2025-08-01 01:00:00,15.69,8.65,0.0,0.0,85.67,11.33,11.43,11.54,0.2,
108,2025-08-01 02:00:00,15.69,9.22,0.0,0.0,85.24,11.3,11.35,11.39,0.2,
108,2025-08-01 03:00:00,12.07,5.1,0.0,0.5,88.19,10.82,11.08,11.33,0.16,
108,2025-08-01 04:00:00,14.48,5.8,0.0,1.77,91.31,10.68,10.94,11.09,0.12,
108,2025-08-01 05:00:00,18.11,6.25,0.0,0.76,92.12,10.7,10.84,11.01,0.11,
108,2025-08-01 06:00:00,31.38,15.13,0.0,2.54,92.92,10.71,10.77,10.81,0.09,
108,2025-08-01 07:00:00,30.18,18.68,0.0,2.03,92.49,10.56,10.58,10.62,0.1,
108,2025-08-01 08:00:00,26.55,12.15,0.0,4.07,91.15,10.25,10.47,10.7,0.11,
108,2025-08-01 09:00:00,19.31,9.31,18.86,3.05,91.89,10.11,10.2,10.3,0.1,
108,2025-08-01 10:00:00,24.14,12.83,52.2,1.53,91.38,10.13,10.21,10.3,0.11,
108,2025-08-01 11:00:00,22.93,12.03,101.77,0.0,90.01,10.51,10.71,10.9,0.13,
108,2025-08-01 12:00:00,26.55,15.3,76.33,0.75,90.61,10.74,10.85,10.98,0.12,
108,2025-08-01 13:00:00,27.76,15.24,110.11,0.5,92.45,10.77,10.81,10.87,0.1,
108,2025-08-01 14:00:00,27.76,16.21,178.98,0.0,90.39,11.01,11.33,11.6,0.13,
108,2025-08-01 15:00:00,27.76,16.58,98.7,0.5,88.3,11.47,11.65,11.72,0.16,
108,2025-08-01 16:00:00,41.04,21.56,55.71,3.04,89.72,10.44,10.77,11.09,0.13,
108,2025-08-01 17:00:00,37.42,21.3,17.99,2.79,90.77,10.02,10.08,10.2,0.11,
108,2025-08-01 18:00:00,39.83,21.67,6.58,2.03,90.4,9.54,9.75,9.92,0.12,
108,2025-08-01 19:00:00,35.0,15.18,0.0,2.28,90.31,9.49,9.56,9.63,0.12,
108,2025-08-01 20:00:00,31.38,13.46,0.0,11.68,88.33,9.19,9.57,9.9,0.14,
108,2025-08-01 21:00:00,31.38,15.32,0.0,4.31,91.04,8.66,9.12,9.58,0.11,
108,2025-08-01 22:00:00,33.8,11.42,0.0,2.54,89.0,8.57,8.82,9.11,0.13,
108,2025-08-01 23:00:00,16.9,9.99,0.0,0.76,92.14,8.62,8.7,8.87,0.09,
108,2025-08-02 00:00:00,31.38,7.36,0.0,4.32,93.21,8.66,8.82,8.93,0.08,
108,2025-08-02 01:00:00,16.9,9.27,0.0,0.0,92.22,8.52,8.69,8.84,0.09,
108,2025-08-02 02:00:00,21.73,9.79,0.0,1.01,90.52,8.59,8.62,8.66,0.11,
108,2025-08-02 03:00:00,18.11,9.34,0.0,0.0,88.73,7.63,7.86,8.33,0.12,
108,2025-08-02 04:00:00,19.31,9.61,0.0,0.0,89.08,7.97,8.13,8.35,0.12,
108,2025-08-02 05:00:00,22.93,11.32,0.0,1.01,89.79,8.04,8.14,8.27,0.11,
108,2025-08-02 06:00:00,20.52,11.47,0.0,0.0,90.56,7.9,7.97,8.03,0.1,
108,2025-08-02 07:00:00,20.52,10.68,0.0,0.0,91.39,8.08,8.1,8.12,0.09,
108,2025-08-02 08:00:00,25.35,11.92,16.23,0.0,91.5,7.89,7.98,8.11,0.09,
108,2025-08-02 09:00:00,16.9,8.77,47.82,0.76,92.36,8.01,8.1,8.22,0.08,
108,2025-08-02 10:00:00,19.31,11.06,179.86,0.0,92.49,8.35,8.57,8.73,0.08,
108,2025-08-02 11:00:00,21.73,12.15,136.87,0.25,89.79,8.71,9.04,9.3,0.12,
108,2025-08-02 12:00:00,21.73,12.13,275.93,0.0,86.19,9.39,9.77,10.07,0.17,
108,2025-08-02 13:00:00,22.93,12.3,312.34,0.0,84.82,10.19,10.57,10.82,0.2,
108,2025-08-02 14:00:00,22.93,10.41,168.89,1.26,84.26,10.16,10.51,10.85,0.2,
108,2025-08-02 15:00:00,18.11,7.12,282.95,3.04,85.04,9.6,10.07,10.92,0.19,
108,2025-08-02 16:00:00,13.28,6.28,194.78,0.0,81.01,11.26,11.55,11.77,0.26,
108,2025-08-02 17:00:00,14.48,6.34,85.54,0.25,82.04,10.51,10.83,11.56,0.23,
108,2025-08-02 18:00:00,14.48,4.9,79.84,0.25,83.87,9.3,9.72,10.02,0.2,
108,2025-08-02 19:00:00,6.04,1.39,0.0,0.0,87.53,8.55,8.86,9.18,0.14,
108,2025-08-02 20:00:00,4.83,1.19,0.0,0.0,89.88,8.28,8.44,8.57,0.11,
108,2025-08-02 21:00:00,3.62,0.15,0.0,0.5,90.83,8.6,8.68,8.78,0.1,
108,2025-08-02 22:00:00,0.0,0.0,0.0,0.0,92.21,7.79,8.15,8.47,0.08,
108,2025-08-02 23:00:00,4.83,0.89,0.0,0.0,92.81,6.68,7.12,7.55,0.07,
108,2025-08-03 00:00:00,2.41,0.17,0.0,0.0,93.16,6.13,6.27,6.41,0.07,
108,2025-08-03 01:00:00,0.0,0.0,0.0,0.0,93.57,5.01,5.35,6.04,0.06,
108,2025-08-03 02:00:00,0.0,0.0,0.0,0.0,93.83,4.17,4.55,4.92,0.05,
108,2025-08-03 03:00:00,0.0,0.0,0.0,0.0,93.61,3.25,3.53,3.82,0.05,
108,2025-08-03 04:00:00,0.0,0.0,0.0,0.0,94.18,2.62,2.81,2.96,0.04,
108,2025-08-03 05:00:00,0.0,0.0,0.0,0.0,94.28,2.42,2.59,2.77,0.04,
108,2025-08-03 06:00:00,9.66,2.43,0.0,0.25,95.65,2.49,2.86,3.39,0.03,
108,2025-08-03 07:00:00,10.86,5.55,0.0,0.0,96.2,3.64,3.96,4.24,0.03,
108,2025-08-03 08:00:00,9.66,3.09,17.55,0.0,95.92,4.08,4.14,4.22,0.04,
108,2025-08-03 09:00:00,8.45,2.23,63.17,0.0,95.79,4.13,4.34,4.6,0.04,
108,2025-08-03 10:00:00,12.07,3.79,86.86,0.0,96.04,4.95,5.22,5.38,0.04,
108,2025-08-03 11:00:00,9.66,3.53,75.01,0.0,96.12,5.6,5.66,5.71,0.04,
108,2025-08-03 12:00:00,9.66,2.63,144.77,0.0,95.72,5.88,5.99,6.14,0.04,
108,2025-08-03 13:00:00,10.86,5.78,159.68,0.0,95.39,6.34,6.66,7.13,0.04,
108,2025-08-03 14:00:00,12.07,4.5,186.88,0.0,92.09,7.44,7.75,8.0,0.09,
108,2025-08-03 15:00:00,12.07,4.84,134.68,0.0,89.27,8.21,8.37,8.52,0.12,
108,2025-08-03 16:00:00,12.07,6.43,248.73,0.0,88.28,8.66,8.95,9.28,0.14,
108,2025-08-03 17:00:00,12.07,7.17,235.13,0.0,84.37,9.39,9.61,9.97,0.19,
108,2025-08-03 18:00:00,12.07,3.91,94.32,0.0,87.2,8.49,8.96,9.37,0.15,
108,2025-08-03 19:00:00,6.04,2.02,0.0,0.0,91.67,7.1,7.66,8.17,0.09,
108,2025-08-03 20:00:00,6.04,2.57,0.0,0.0,93.95,6.6,6.78,6.94,0.06,
108,2025-08-03 21:00:00,3.62,0.08,0.0,0.0,93.32,6.31,6.56,6.96,0.07,
108,2025-08-03 22:00:00,2.41,0.06,0.0,0.0,93.66,5.14,5.64,6.17,0.06,
108,2025-08-03 23:00:00,3.62,0.57,0.0,0.0,94.6,5.02,5.14,5.33,0.05,
108,2025-08-04 00:00:00,4.83,1.52,0.0,0.0,95.44,5.49,5.71,5.86,0.04,
108,2025-08-04 01:00:00,12.07,5.0,0.0,0.0,96.04,5.92,6.05,6.13,0.04,
108,2025-08-04 02:00:00,8.45,3.42,0.0,0.0,95.96,5.71,5.82,5.92,0.04,
108,2025-08-04 03:00:00,7.24,2.69,0.0,0.0,95.93,5.12,5.41,5.57,0.04,
108,2025-08-04 04:00:00,7.24,1.95,0.0,0.0,95.74,4.58,4.83,5.24,0.04,
108,2025-08-04 05:00:00,7.24,1.98,0.0,0.0,95.9,4.2,4.34,4.4,0.03,
108,2025-08-04 06:00:00,10.86,5.21,0.0,0.0,96.17,3.4,3.87,4.27,0.03,
108,2025-08-04 07:00:00,9.66,3.23,0.0,0.0,96.02,3.46,3.56,3.67,0.03,
108,2025-08-04 08:00:00,12.07,2.44,14.92,0.0,95.93,2.49,3.12,3.43,0.03,
108,2025-08-04 09:00:00,12.07,4.51,132.48,0.0,96.15,2.53,2.88,3.36,0.03,
108,2025-08-04 10:00:00,8.45,4.18,370.25,0.0,95.58,3.74,4.52,5.05,0.04,
108,2025-08-04 11:00:00,13.28,5.03,523.79,0.0,92.96,5.02,5.78,6.3,0.07,
108,2025-08-04 12:00:00,15.69,7.23,565.46,0.0,84.27,7.32,8.6,9.85,0.18,
108,2025-08-04 13:00:00,21.73,10.23,592.22,0.0,76.54,10.3,11.28,12.03,0.32,
108,2025-08-04 14:00:00,20.52,9.13,576.43,0.0,68.57,12.68,13.48,14.19,0.49,
108,2025-08-04 15:00:00,18.11,7.57,552.74,0.0,63.15,14.61,15.14,15.73,0.64,
108,2025-08-04 16:00:00,14.48,7.56,412.8,0.0,59.68,16.32,16.43,16.55,0.75,
108,2025-08-04 17:00:00,16.9,8.07,221.97,0.0,62.99,16.45,16.63,16.85,0.7,
108,2025-08-04 18:00:00,12.07,4.24,30.27,0.0,70.82,14.14,15.04,15.9,0.5,
108,2025-08-04 19:00:00,7.24,1.9,0.0,0.0,75.94,12.92,13.16,13.66,0.37,
108,2025-08-04 20:00:00,3.62,1.31,0.0,0.0,82.03,10.35,11.14,12.22,0.24,
108,2025-08-04 21:00:00,4.83,0.86,0.0,0.0,87.4,9.09,9.79,10.43,0.15,
108,2025-08-04 22:00:00,0.0,0.0,0.0,0.0,89.13,8.63,8.75,8.98,0.13,
108,2025-08-04 23:00:00,6.04,1.33,0.0,0.0,90.9,7.17,7.68,8.11,0.1,
108,2025-08-05 00:00:00,3.62,0.72,0.0,0.0,87.9,7.27,7.79,8.18,0.13,
108,2025-08-05 01:00:00,0.0,0.0,0.0,0.0,89.1,5.81,6.55,7.39,0.11,
108,2025-08-05 02:00:00,0.0,0.0,0.0,0.0,90.93,5.13,5.56,5.86,0.08,
108,2025-08-05 03:00:00,4.83,1.01,0.0,0.0,93.18,4.6,4.84,5.17,0.06,
108,2025-08-05 04:00:00,7.24,2.45,0.0,0.0,93.96,4.5,4.77,5.02,0.05,
108,2025-08-05 05:00:00,4.83,0.91,0.0,0.0,91.27,4.29,4.67,5.13,0.08,
108,2025-08-05 06:00:00,2.41,0.11,0.0,0.25,92.44,3.47,3.78,4.09,0.06,
108,2025-08-05 07:00:00,3.62,0.32,0.0,0.0,93.19,3.23,3.51,3.71,0.05,
108,2025-08-05 08:00:00,4.83,0.44,24.13,0.0,93.52,3.11,3.27,3.43,0.05,
108,2025-08-05 09:00:00,4.83,0.73,94.76,0.0,93.85,3.92,4.59,5.27,0.05,
108,2025-08-05 10:00:00,0.0,0.0,201.79,0.0,93.33,5.85,6.86,7.76,0.07,
108,2025-08-05 11:00:00,7.24,1.57,479.04,0.0,84.79,8.4,9.36,10.47,0.18,
108,2025-08-05 12:00:00,10.86,4.45,518.08,0.0,78.78,10.82,11.67,12.62,0.29,
108,2025-08-05 13:00:00,12.07,5.31,407.54,0.0,72.1,13.36,14.03,14.82,0.45,
108,2025-08-05 14:00:00,15.69,8.51,658.02,0.0,69.54,14.86,15.25,15.69,0.53,
108,2025-08-05 15:00:00,16.9,8.45,456.23,0.0,64.36,15.94,16.43,16.9,0.67,
108,2025-08-05 16:00:00,16.9,8.36,452.28,0.0,62.42,17.09,17.29,17.48,0.74,
108,2025-08-05 17:00:00,14.48,7.83,362.35,0.0,64.28,17.34,17.84,18.14,0.73,
108,2025-08-05 18:00:00,13.28,5.21,65.8,0.0,71.24,15.85,16.54,16.94,0.54,
108,2025-08-05 19:00:00,6.04,2.38,0.0,0.0,77.55,14.12,14.66,15.41,0.38,
108,2025-08-05 20:00:00,3.62,0.65,0.0,0.0,80.54,12.79,13.56,14.05,0.3,
108,2025-08-05 21:00:00,4.83,1.33,0.0,0.0,85.8,11.84,12.02,12.15,0.2,
108,2025-08-05 22:00:00,7.24,2.17,0.0,0.0,89.28,11.35,11.52,11.74,0.15,
108,2025-08-05 23:00:00,4.83,1.13,0.0,0.0,91.0,10.66,10.92,11.27,0.12,
108,2025-08-06 00:00:00,4.83,1.18,0.0,0.0,91.81,10.39,10.58,10.81,0.1,
108,2025-08-06 01:00:00,3.62,0.38,0.0,0.0,91.92,10.32,10.58,10.85,0.1,
108,2025-08-06 02:00:00,3.62,0.53,0.0,0.0,92.61,9.95,10.11,10.35,0.09,
108,2025-08-06 03:00:00,13.28,5.93,0.0,0.0,94.76,10.11,10.68,11.02,0.07,
108,2025-08-06 04:00:00,8.45,3.18,0.0,0.0,94.85,11.12,11.29,11.42,0.07,
108,2025-08-06 05:00:00,9.66,3.17,0.0,0.0,95.04,11.5,11.68,11.96,0.07,
108,2025-08-06 06:00:00,13.28,3.95,0.0,0.0,95.65,11.58,11.92,12.27,0.06,
108,2025-08-06 07:00:00,19.31,9.99,0.0,0.0,96.13,12.37,12.44,12.5,0.06,
108,2025-08-06 08:00:00,25.35,8.47,2.63,0.0,95.67,12.3,12.4,12.46,0.06,
108,2025-08-06 09:00:00,15.69,9.11,28.95,0.0,95.3,12.2,12.26,12.29,0.07,
108,2025-08-06 10:00:00,19.31,10.77,88.18,0.0,93.57,12.29,12.42,12.55,0.1,
108,2025-08-06 11:00:00,19.31,11.3,110.11,0.0,91.86,12.2,12.34,12.4,0.12,
108,2025-08-06 12:00:00,21.73,10.97,195.21,0.0,89.32,12.5,12.93,13.32,0.16,
108,2025-08-06 13:00:00,24.14,13.42,463.25,0.0,85.06,13.65,14.13,14.81,0.24,
108,2025-08-06 14:00:00,26.55,14.76,601.0,0.0,81.03,14.62,15.04,15.64,0.33,
108,2025-08-06 15:00:00,27.76,16.64,553.18,0.0,74.63,15.71,16.04,16.21,0.47,
108,2025-08-06 16:00:00,26.55,14.11,461.93,0.0,71.83,16.2,16.63,16.89,0.54,
108,2025-08-06 17:00:00,30.18,15.21,289.09,0.0,68.4,16.54,16.78,16.94,0.6,
108,2025-08-06 18:00:00,28.97,14.48,103.09,0.0,71.48,14.86,15.67,16.37,0.51,
108,2025-08-06 19:00:00,18.11,9.66,9.21,0.0,73.35,13.52,14.02,14.58,0.43,
108,2025-08-06 20:00:00,13.28,6.67,0.0,0.0,80.25,11.57,12.14,12.89,0.28,
108,2025-08-06 21:00:00,14.48,6.25,0.0,0.0,83.0,10.7,10.98,11.13,0.22,
108,2025-08-06 22:00:00,15.69,7.97,0.0,0.0,84.42,10.26,10.45,10.59,0.2,
108,2025-08-06 23:00:00,12.07,5.39,0.0,0.0,87.51,9.28,9.52,9.77,0.15,
108,2025-08-07 00:00:00,12.07,6.76,0.0,0.0,88.68,8.64,9.01,9.3,0.13,
108,2025-08-07 01:00:00,12.07,6.38,0.0,0.0,89.81,8.36,8.49,8.55,0.11,
108,2025-08-07 02:00:00,13.28,5.79,0.0,0.0,91.0,8.1,8.36,8.67,0.1,
108,2025-08-07 03:00:00,21.73,10.97,0.0,0.0,91.26,8.8,8.85,8.89,0.1,
108,2025-08-07 04:00:00,21.73,9.64,0.0,0.0,90.95,8.7,8.81,8.89,0.1,
108,2025-08-07 05:00:00,14.48,7.56,0.0,0.0,90.25,8.59,8.61,8.63,0.11,
108,2025-08-07 06:00:00,18.11,6.79,0.0,0.0,89.16,8.53,8.57,8.6,0.12,
108,2025-08-07 07:00:00,14.48,7.11,0.0,0.0,89.05,8.39,8.43,8.49,0.12,
108,2025-08-07 08:00:00,13.28,6.19,2.19,0.0,89.35,8.12,8.19,8.25,0.12,
108,2025-08-07 09:00:00,14.48,6.79,38.17,0.0,89.76,7.94,8.0,8.07,0.11,
108,2025-08-07 10:00:00,12.07,5.66,92.56,0.0,89.29,7.83,7.88,7.93,0.12,
108,2025-08-07 11:00:00,12.07,5.58,182.49,0.0,88.65,7.89,8.0,8.11,0.12,
108,2025-08-07 12:00:00,12.07,5.24,202.67,0.0,87.82,8.22,8.41,8.66,0.14,
108,2025-08-07 13:00:00,15.69,5.54,271.54,0.0,85.08,9.11,9.46,9.68,0.18,
108,2025-08-07 14:00:00,13.28,5.76,585.64,0.0,81.32,10.16,10.78,11.39,0.24,
108,2025-08-07 15:00:00,12.07,5.21,547.04,0.0,76.85,11.65,12.36,12.85,0.33,
108,2025-08-07 16:00:00,13.28,2.07,449.21,0.0,72.8,13.37,14.06,14.72,0.44,
108,2025-08-07 17:00:00,8.45,3.9,308.83,0.0,72.17,14.54,14.67,14.76,0.47,
108,2025-08-07 18:00:00,10.86,5.43,85.1,0.0,76.42,12.17,13.37,14.33,0.37,
108,2025-08-07 19:00:00,13.28,6.58,1.32,0.0,85.4,9.53,10.24,11.05,0.18,
108,2025-08-07 20:00:00,10.86,6.58,0.0,0.0,88.97,8.32,8.64,9.04,0.13,
108,2025-08-07 21:00:00,8.45,3.55,0.0,0.0,90.29,7.49,7.81,8.12,0.11,
108,2025-08-07 22:00:00,4.83,2.24,0.0,0.0,91.62,6.66,6.98,7.29,0.09,
108,2025-08-07 23:00:00,3.62,1.14,0.0,0.0,92.37,6.24,6.43,6.62,0.07,
108,2025-08-08 00:00:00,0.0,0.0,0.0,0.0,92.76,5.24,5.74,6.04,0.07,
108,2025-08-08 01:00:00,0.0,0.0,0.0,0.0,93.01,3.74,4.17,4.61,0.06,
108,2025-08-08 02:00:00,2.41,0.29,0.0,0.0,93.29,3.22,3.36,3.5,0.05,
108,2025-08-08 03:00:00,3.62,0.24,0.0,0.0,94.08,3.19,3.41,3.52,0.05,
108,2025-08-08 04:00:00,0.0,0.0,0.0,0.0,94.08,3.63,3.81,3.99,0.05,
108,2025-08-08 05:00:00,1.21,0.0,0.0,0.0,94.15,3.8,3.93,4.08,0.05,
108,2025-08-08 06:00:00,4.83,0.95,0.0,0.25,94.31,3.75,3.85,3.95,0.05,
108,2025-08-08 07:00:00,3.62,0.11,0.0,0.0,94.57,3.88,4.12,4.34,0.04,
108,2025-08-08 08:00:00,3.62,0.08,9.21,0.0,94.8,4.58,4.72,4.84,0.04,
108,2025-08-08 09:00:00,4.83,0.79,74.58,0.0,95.07,4.92,5.05,5.16,0.04,
108,2025-08-08 10:00:00,6.04,1.07,163.63,0.0,95.4,4.92,5.02,5.16,0.04,
108,2025-08-08 11:00:00,2.41,0.2,240.4,0.0,95.42,5.54,6.01,6.47,0.04,
108,2025-08-08 12:00:00,7.24,1.86,286.46,0.0,95.68,6.94,7.24,7.52,0.04,
108,2025-08-08 13:00:00,6.04,1.66,813.76,0.0,94.86,8.17,8.7,9.5,0.06,
108,2025-08-08 14:00:00,8.45,2.01,657.59,0.0,87.85,10.19,11.01,12.2,0.16,
108,2025-08-08 15:00:00,7.24,1.54,576.43,0.0,76.96,12.77,13.56,14.19,0.36,
108,2025-08-08 16:00:00,6.04,1.39,455.35,0.0,72.03,14.48,15.17,15.79,0.48,
108,2025-08-08 17:00:00,6.04,2.07,313.22,0.0,65.24,15.9,16.26,16.51,0.64,
108,2025-08-08 18:00:00,3.62,0.12,121.95,0.0,65.99,15.16,16.17,17.06,0.63,
108,2025-08-08 19:00:00,2.41,0.21,3.95,0.0,76.93,11.89,12.85,13.92,0.34,
108,2025-08-08 20:00:00,0.0,0.0,0.0,0.0,85.74,9.32,10.13,10.92,0.18,
108,2025-08-08 21:00:00,0.0,0.0,0.0,0.0,89.63,7.62,8.26,9.12,0.11,
108,2025-08-08 22:00:00,4.83,1.72,0.0,0.0,91.13,6.64,6.97,7.42,0.09,
108,2025-08-08 23:00:00,2.41,0.29,0.0,0.0,92.23,5.97,6.65,6.93,0.08,
108,2025-08-09 00:00:00,2.41,0.02,0.0,0.0,93.32,5.6,5.96,6.32,0.06,
108,2025-08-09 01:00:00,0.0,0.0,0.0,0.0,93.05,3.85,4.42,5.26,0.06,
108,2025-08-09 02:00:00,4.83,1.24,0.0,0.25,93.92,3.73,4.01,4.44,0.05,
108,2025-08-09 03:00:00,4.83,0.7,0.0,0.0,94.12,3.32,3.55,3.82,0.05,
108,2025-08-09 04:00:00,10.86,2.43,0.0,0.0,94.79,4.24,4.42,4.68,0.04,
108,2025-08-09 05:00:00,7.24,2.54,0.0,0.0,95.25,4.31,4.57,4.81,0.04,
108,2025-08-09 06:00:00,8.45,3.71,0.0,0.0,95.46,5.33,5.65,5.89,0.04,
108,2025-08-09 07:00:00,15.69,6.97,0.0,0.0,95.56,6.06,6.35,6.68,0.04,
108,2025-08-09 08:00:00,10.86,5.4,10.53,0.0,95.53,7.0,7.04,7.09,0.05,
108,2025-08-09 09:00:00,4.83,0.5,14.04,0.0,95.43,7.01,7.1,7.25,0.05,
108,2025-08-09 10:00:00,6.04,0.74,75.01,0.0,95.49,7.39,7.68,8.11,0.05,
108,2025-08-09 11:00:00,7.24,3.21,118.44,0.0,95.45,8.19,8.65,9.09,0.05,
108,2025-08-09 12:00:00,9.66,3.56,102.21,0.0,95.45,9.35,9.55,9.84,0.05,
108,2025-08-09 13:00:00,7.24,1.66,93.0,0.0,95.04,9.7,9.74,9.84,0.06,
108,2025-08-09 14:00:00,7.24,3.03,95.19,0.0,94.09,10.04,10.2,10.32,0.08,
108,2025-08-09 15:00:00,7.24,2.85,168.89,0.0,92.47,10.35,10.61,10.81,0.1,
108,2025-08-09 16:00:00,8.45,4.39,114.94,0.0,90.84,10.77,10.84,10.91,0.12,
108,2025-08-09 17:00:00,9.66,4.3,57.47,0.0,89.75,10.77,10.86,10.91,0.13,
108,2025-08-09 18:00:00,8.45,3.94,11.84,0.0,88.61,10.48,10.6,10.68,0.15,
108,2025-08-09 19:00:00,8.45,4.27,0.0,0.0,88.75,10.27,10.33,10.39,0.14,
108,2025-08-09 20:00:00,4.83,1.01,0.0,0.0,89.71,10.08,10.12,10.15,0.13,
108,2025-08-09 21:00:00,3.62,0.59,0.0,0.0,90.47,9.08,9.42,9.81,0.11,
108,2025-08-09 22:00:00,2.41,0.03,0.0,0.0,91.59,8.52,8.8,9.02,0.1,
108,2025-08-09 23:00:00,2.41,0.09,0.0,0.0,92.23,8.05,8.38,8.75,0.09,
108,2025-08-10 00:00:00,2.41,0.2,0.0,0.0,93.05,7.1,7.72,8.39,0.07,
108,2025-08-10 01:00:00,0.0,0.0,0.0,0.0,93.21,5.72,6.27,7.13,0.07,
108,2025-08-10 02:00:00,0.0,0.0,0.0,0.0,93.89,3.71,4.4,5.16,0.05,
108,2025-08-10 03:00:00,0.0,0.0,0.0,0.0,94.36,2.8,3.08,3.33,0.04,
108,2025-08-10 04:00:00,3.62,0.5,0.0,0.25,94.45,2.75,3.66,4.15,0.04,
108,2025-08-10 05:00:00,0.0,0.0,0.0,0.0,94.53,4.05,4.42,4.68,0.05,
108,2025-08-10 06:00:00,1.21,0.0,0.0,0.0,94.37,3.46,3.62,4.01,0.04,
108,2025-08-10 07:00:00,0.0,0.0,0.0,0.0,94.31,3.13,3.26,3.35,0.04,
108,2025-08-10 08:00:00,1.21,0.0,16.67,0.0,94.5,3.01,3.39,3.75,0.04,
108,2025-08-10 09:00:00,6.04,0.78,101.34,0.0,95.09,3.94,4.82,5.66,0.04,
108,2025-08-10 10:00:00,7.24,0.5,342.61,0.0,94.48,5.99,7.0,8.15,0.06,
108,2025-08-10 11:00:00,8.45,1.27,472.46,0.0,90.65,8.91,9.29,9.84,0.11,
108,2025-08-10 12:00:00,6.04,1.24,508.43,0.0,77.9,10.94,11.38,12.16,0.3,
108,2025-08-10 13:00:00,7.24,1.57,641.79,0.0,69.0,12.3,12.87,13.57,0.46,
108,2025-08-10 14:00:00,15.69,4.95,620.74,0.0,67.0,13.64,14.11,14.83,0.53,
108,2025-08-10 15:00:00,13.28,5.64,580.82,0.0,65.56,14.64,14.97,15.17,0.59,
108,2025-08-10 16:00:00,13.28,5.9,432.54,0.0,64.91,15.11,15.43,15.58,0.62,
108,2025-08-10 17:00:00,8.45,3.2,145.64,0.0,66.26,15.25,15.35,15.45,0.59,
108,2025-08-10 18:00:00,10.86,4.45,94.76,0.0,68.04,14.5,15.1,15.47,0.55,
108,2025-08-10 19:00:00,3.62,0.08,0.0,0.0,74.53,12.36,13.11,13.85,0.39,
108,2025-08-10 20:00:00,0.0,0.0,0.0,0.0,79.45,10.75,11.32,11.61,0.28,
108,2025-08-10 21:00:00,1.21,0.0,0.0,0.0,84.45,8.89,9.5,10.27,0.19,
108,2025-08-10 22:00:00,3.62,0.5,0.0,0.0,87.73,8.03,8.47,8.84,0.14,
108,2025-08-10 23:00:00,2.41,0.21,0.0,0.0,89.97,6.84,7.31,7.66,0.1,
108,2025-08-11 00:00:00,2.41,0.05,0.0,0.0,90.88,6.41,6.64,6.92,0.09,
108,2025-08-11 01:00:00,4.83,0.17,0.0,0.0,92.22,6.21,6.3,6.45,0.07,
108,2025-08-11 02:00:00,0.0,0.0,0.0,0.0,92.78,5.66,6.01,6.48,0.07,
108,2025-08-11 03:00:00,4.83,0.27,0.0,0.0,93.1,5.33,5.51,5.86,0.06,
108,2025-08-11 04:00:00,4.83,0.65,0.0,0.0,93.84,4.72,4.91,5.2,0.05,
108,2025-08-11 05:00:00,0.0,0.0,0.0,0.0,94.25,4.46,4.76,4.96,0.05,
108,2025-08-11 06:00:00,6.04,1.1,0.0,0.0,94.68,4.76,4.86,5.03,0.05,
108,2025-08-11 07:00:00,6.04,2.2,0.0,0.0,94.64,5.27,5.43,5.66,0.05,
108,2025-08-11 08:00:00,6.04,1.42,34.22,0.0,94.5,5.69,5.74,5.83,0.05,
108,2025-08-11 09:00:00,7.24,2.1,121.08,0.0,94.78,6.45,6.62,6.99,0.05,
108,2025-08-11 10:00:00,7.24,2.43,373.32,0.0,93.28,7.5,8.67,10.12,0.08,
108,2025-08-11 11:00:00,10.86,3.32,485.62,0.0,82.38,11.08,12.14,13.2,0.25,
108,2025-08-11 12:00:00,12.07,4.07,537.39,0.0,73.91,13.57,14.47,15.72,0.43,
108,2025-08-11 13:00:00,14.48,5.24,616.79,0.0,68.17,15.41,16.23,16.93,0.59,
108,2025-08-11 14:00:00,12.07,3.97,584.76,0.0,62.52,17.29,18.29,19.1,0.79,
108,2025-08-11 15:00:00,9.66,2.85,555.81,0.0,56.5,19.59,19.86,20.07,1.01,
108,2025-08-11 16:00:00,12.07,4.56,473.34,0.0,55.06,20.29,20.8,21.33,1.11,
108,2025-08-11 17:00:00,9.66,4.23,311.47,0.0,55.27,20.5,20.82,21.33,1.1,
108,2025-08-11 18:00:00,10.86,1.78,82.47,0.0,60.27,19.24,20.3,20.71,0.95,
108,2025-08-11 19:00:00,7.24,2.49,3.51,0.0,72.06,16.99,17.66,18.44,0.57,
108,2025-08-11 20:00:00,1.21,0.02,0.0,0.0,76.6,15.68,16.07,16.63,0.43,
108,2025-08-11 21:00:00,14.48,3.83,0.0,0.0,81.17,14.58,14.84,15.16,0.32,
108,2025-08-11 22:00:00,14.48,4.41,0.0,0.0,84.2,13.78,14.09,14.42,0.25,
108,2025-08-11 23:00:00,3.62,0.53,0.0,0.0,85.27,12.83,13.35,13.71,0.23,
108,2025-08-12 00:00:00,7.24,1.6,0.0,0.0,88.71,12.27,12.46,12.77,0.17,
108,2025-08-12 01:00:00,7.24,1.83,0.0,0.0,90.51,11.99,12.15,12.26,0.13,
108,2025-08-12 02:00:00,8.45,2.26,0.0,0.0,91.37,11.75,11.84,11.91,0.12,
108,2025-08-12 03:00:00,3.62,0.83,0.0,0.0,92.49,11.1,11.31,11.61,0.1,
108,2025-08-12 04:00:00,8.45,1.19,0.0,0.0,93.17,10.85,10.98,11.15,0.09,
108,2025-08-12 05:00:00,13.28,4.44,0.0,0.0,92.72,11.27,11.32,11.35,0.1,
108,2025-08-12 06:00:00,3.62,0.12,0.0,0.0,92.5,10.66,10.87,11.09,0.1,
108,2025-08-12 07:00:00,3.62,0.82,0.0,0.0,93.13,10.15,10.26,10.39,0.09,
108,2025-08-12 08:00:00,7.24,2.42,6.58,0.0,94.34,10.07,10.17,10.25,0.07,
108,2025-08-12 09:00:00,6.04,1.43,66.24,0.0,94.29,10.39,10.62,10.95,0.07,
108,2025-08-12 10:00:00,10.86,4.32,105.72,0.0,93.34,11.19,11.56,11.82,0.09,
108,2025-08-12 11:00:00,9.66,4.62,190.83,0.0,90.67,12.12,12.46,12.86,0.14,
108,2025-08-12 12:00:00,10.86,4.51,347.0,0.0,87.63,13.16,13.81,14.51,0.2,
108,2025-08-12 13:00:00,13.28,7.08,306.64,0.0,85.07,14.68,14.77,14.93,0.25,
108,2025-08-12 14:00:00,20.52,9.58,171.53,0.0,85.12,14.69,14.8,14.9,0.25,
108,2025-08-12 15:00:00,16.9,9.44,188.63,0.0,84.31,14.92,14.98,15.04,0.27,
108,2025-08-12 16:00:00,15.69,9.1,158.8,0.0,83.82,15.03,15.15,15.29,0.28,
108,2025-08-12 17:00:00,19.31,10.14,111.86,0.0,83.11,15.17,15.22,15.27,0.29,
108,2025-08-12 18:00:00,12.07,5.42,42.55,0.0,84.51,14.5,14.78,15.02,0.26,
108,2025-08-12 19:00:00,13.28,5.09,7.02,0.0,86.92,13.81,14.01,14.31,0.21,
108,2025-08-12 20:00:00,14.48,7.2,0.0,0.0,89.97,12.85,13.2,13.55,0.15,
108,2025-08-12 21:00:00,14.48,6.99,0.0,0.0,90.77,12.19,12.41,12.65,0.13,
108,2025-08-12 22:00:00,13.28,5.72,0.0,0.0,90.63,11.52,11.75,11.98,0.13,
108,2025-08-12 23:00:00,14.48,4.92,0.0,0.0,90.84,10.95,11.15,11.43,0.12,
108,2025-08-13 00:00:00,13.28,5.24,0.0,0.0,90.5,10.4,10.56,10.75,0.12,
108,2025-08-13 01:00:00,10.86,5.51,0.0,0.0,88.68,9.91,10.09,10.29,0.14,
108,2025-08-13 02:00:00,9.66,4.98,0.0,0.0,88.37,8.95,9.31,9.64,0.14,
108,2025-08-13 03:00:00,12.07,5.31,0.0,0.0,88.39,8.57,8.73,8.9,0.13,
108,2025-08-13 04:00:00,14.48,7.76,0.0,0.0,89.36,7.99,8.17,8.38,0.12,
108,2025-08-13 05:00:00,14.48,6.96,0.0,0.0,90.7,7.35,7.63,7.9,0.1,
108,2025-08-13 06:00:00,10.86,5.07,0.0,0.0,92.59,7.07,7.16,7.24,0.08,
108,2025-08-13 07:00:00,16.9,9.43,0.0,0.0,92.59,7.18,7.27,7.34,0.08,
108,2025-08-13 08:00:00,13.28,5.89,19.74,0.0,92.28,7.01,7.08,7.11,0.08,
108,2025-08-13 09:00:00,14.48,8.39,83.35,0.0,92.31,6.87,6.93,6.96,0.08,
108,2025-08-13 10:00:00,13.28,6.96,165.82,0.0,91.0,6.84,7.13,7.29,0.09,
108,2025-08-13 11:00:00,14.48,6.88,288.21,0.0,89.01,7.32,7.89,8.56,0.12,
108,2025-08-13 12:00:00,12.07,5.43,540.46,0.0,83.96,9.12,9.66,10.23,0.19,
108,2025-08-13 13:00:00,13.28,4.81,558.0,0.0,76.98,11.03,11.54,12.19,0.31,
108,2025-08-13 14:00:00,15.69,6.14,626.44,0.0,69.0,12.83,13.67,14.13,0.49,
108,2025-08-13 15:00:00,12.07,6.96,611.52,0.0,65.86,14.71,14.98,15.29,0.58,
108,2025-08-13 16:00:00,13.28,5.1,454.04,0.0,64.29,15.45,15.78,16.14,0.64,
108,2025-08-13 17:00:00,10.86,5.48,199.16,0.0,64.63,16.19,16.3,16.37,0.66,
108,2025-08-13 18:00:00,12.07,5.45,96.07,0.0,69.57,15.3,15.7,16.07,0.54,
108,2025-08-13 19:00:00,7.24,2.66,7.46,0.0,76.62,13.01,13.78,14.59,0.37,
108,2025-08-13 20:00:00,4.83,1.83,0.0,0.0,81.41,11.92,12.22,12.51,0.27,
108,2025-08-13 21:00:00,3.62,0.57,0.0,0.0,85.61,9.49,10.23,10.94,0.18,
108,2025-08-13 22:00:00,3.62,0.36,0.0,0.0,87.13,9.39,9.85,10.12,0.16,
108,2025-08-13 23:00:00,0.0,0.0,0.0,0.0,88.2,8.42,8.88,9.35,0.14,
108,2025-08-14 00:00:00,0.0,0.0,0.0,0.0,90.15,7.56,7.85,8.35,0.1,
108,2025-08-14 01:00:00,0.0,0.0,0.0,0.0,90.68,6.31,6.72,7.01,0.09,
108,2025-08-14 02:00:00,0.0,0.0,0.0,0.0,91.76,5.48,5.66,5.75,0.08,
108,2025-08-14 03:00:00,0.0,0.0,0.0,0.0,92.43,4.67,4.98,5.27,0.07,
108,2025-08-14 04:00:00,4.83,0.41,0.0,0.0,92.93,3.66,4.13,4.85,0.06,
108,2025-08-14 05:00:00,0.0,0.0,0.0,0.0,93.29,3.22,3.35,3.5,0.05,
108,2025-08-14 06:00:00,1.21,0.02,0.0,0.0,93.61,3.19,3.39,3.66,0.05,
108,2025-08-14 07:00:00,0.0,0.0,0.0,0.0,93.8,3.82,3.92,4.01,0.05,
108,2025-08-14 08:00:00,0.0,0.0,30.71,0.25,94.85,3.91,4.02,4.13,0.04,
108,2025-08-14 09:00:00,3.62,0.71,130.73,0.0,95.02,4.16,4.48,4.72,0.04,
108,2025-08-14 10:00:00,6.04,1.07,307.08,0.0,95.34,5.19,6.13,6.75,0.04,
108,2025-08-14 11:00:00,8.45,2.87,500.1,0.0,92.51,7.11,8.82,10.25,0.09,
108,2025-08-14 12:00:00,8.45,2.91,603.19,0.0,83.42,11.12,12.05,12.71,0.24,
108,2025-08-14 13:00:00,7.24,2.49,632.58,0.0,75.52,13.33,14.32,15.62,0.4,
108,2025-08-14 14:00:00,14.48,3.31,628.63,0.0,67.4,16.24,17.1,17.86,0.64,
108,2025-08-14 15:00:00,20.52,8.41,588.71,0.0,64.16,17.99,18.61,18.9,0.77,
108,2025-08-14 16:00:00,16.9,10.22,469.39,0.0,60.9,18.94,19.32,19.59,0.88,
108,2025-08-14 17:00:00,14.48,8.07,326.82,0.0,61.65,19.52,19.72,19.85,0.88,
108,2025-08-14 18:00:00,8.45,2.22,147.4,0.0,65.88,18.08,19.07,19.79,0.76,
108,2025-08-14 19:00:00,6.04,2.06,13.6,0.0,75.99,14.69,16.11,17.2,0.45,
108,2025-08-14 20:00:00,14.48,5.87,0.0,0.0,83.3,13.06,13.52,13.96,0.26,
108,2025-08-14 21:00:00,15.69,7.74,0.0,0.0,86.2,12.0,12.32,12.64,0.2,
108,2025-08-14 22:00:00,10.86,3.29,0.0,0.0,87.39,10.97,11.41,11.72,0.17,
108,2025-08-14 23:00:00,4.83,0.42,0.0,0.0,88.98,10.97,11.18,11.37,0.15,
108,2025-08-15 00:00:00,4.83,0.44,0.0,0.0,88.71,11.4,11.58,11.67,0.16,
108,2025-08-15 01:00:00,4.83,1.48,0.0,0.0,89.06,11.67,11.69,11.72,0.15,
108,2025-08-15 02:00:00,6.04,2.46,0.0,0.0,89.97,11.18,11.37,11.54,0.13,
108,2025-08-15 03:00:00,12.07,5.04,0.0,0.0,92.41,11.16,11.26,11.37,0.1,
108,2025-08-15 04:00:00,10.86,5.87,0.0,0.0,93.29,11.39,11.45,11.53,0.09,
108,2025-08-15 05:00:00,10.86,5.76,0.0,0.0,93.01,11.6,11.73,11.81,0.1,
108,2025-08-15 06:00:00,9.66,4.44,0.0,0.0,92.19,11.85,11.87,11.88,0.11,
108,2025-08-15 07:00:00,7.24,2.01,0.0,0.0,91.55,11.81,11.84,11.89,0.12,
108,2025-08-15 08:00:00,7.24,3.94,10.97,0.0,90.04,11.91,12.01,12.08,0.14,
108,2025-08-15 09:00:00,14.48,6.82,75.89,0.0,86.96,12.15,12.51,12.82,0.19,
108,2025-08-15 10:00:00,18.11,10.79,117.57,0.0,83.92,12.96,13.16,13.38,0.24,
108,2025-08-15 11:00:00,19.31,10.97,244.35,0.0,80.92,13.64,14.14,14.57,0.31,
108,2025-08-15 12:00:00,24.14,13.28,226.36,0.0,75.89,14.71,14.97,15.44,0.41,
108,2025-08-15 13:00:00,24.14,13.52,258.82,0.0,72.42,15.4,15.47,15.59,0.49,
108,2025-08-15 14:00:00,19.31,9.46,107.48,0.0,72.01,15.29,15.35,15.47,0.49,
108,2025-08-15 15:00:00,19.31,10.75,407.54,0.0,70.65,15.72,15.89,16.21,0.53,
108,2025-08-15 16:00:00,24.14,11.59,190.39,0.0,66.92,16.07,16.26,16.49,0.61,
108,2025-08-15 17:00:00,27.76,13.47,182.93,0.0,67.55,15.41,15.74,16.2,0.58,
108,2025-08-15 18:00:00,19.31,7.41,90.37,0.0,74.16,13.89,14.47,15.06,0.43,
108,2025-08-15 19:00:00,13.28,6.44,9.21,0.0,78.05,13.43,13.64,13.75,0.34,
108,2025-08-15 20:00:00,18.11,9.67,0.0,0.0,83.11,12.72,13.01,13.37,0.25,
108,2025-08-15 21:00:00,13.28,6.22,0.0,0.0,87.48,12.3,12.42,12.58,0.18,
108,2025-08-15 22:00:00,10.86,5.42,0.0,0.0,86.06,12.47,12.59,12.72,0.2,
108,2025-08-15 23:00:00,8.45,4.57,0.0,0.0,85.81,12.26,12.41,12.65,0.21,
108,2025-08-16 00:00:00,7.24,4.13,0.0,0.25,88.53,11.61,11.88,12.2,0.16,
108,2025-08-16 01:00:00,7.24,1.85,0.0,0.0,89.53,11.5,11.53,11.54,0.14,
108,2025-08-16 02:00:00,8.45,3.4,0.0,0.0,88.85,11.25,11.37,11.52,0.15,
108,2025-08-16 03:00:00,12.07,4.92,0.0,0.0,88.6,11.15,11.26,11.4,0.15,
108,2025-08-16 04:00:00,13.28,6.46,0.0,0.0,89.15,11.12,11.18,11.33,0.14,
108,2025-08-16 05:00:00,14.48,6.35,0.0,0.0,89.02,11.13,11.29,11.42,0.15,
108,2025-08-16 06:00:00,9.66,2.63,0.0,0.0,88.68,10.99,11.23,11.44,0.15,
108,2025-08-16 07:00:00,4.83,2.01,0.0,0.0,91.13,10.4,10.58,10.78,0.11,
108,2025-08-16 08:00:00,4.83,1.21,39.04,0.0,90.53,9.99,10.48,10.75,0.12,
108,2025-08-16 09:00:00,8.45,3.7,209.69,0.0,87.5,11.12,11.84,12.44,0.17,
108,2025-08-16 10:00:00,9.66,3.22,422.89,0.0,81.98,12.74,13.44,14.1,0.28,
108,2025-08-16 11:00:00,10.86,4.97,480.36,0.0,75.79,14.5,14.97,15.49,0.41,
108,2025-08-16 12:00:00,14.48,6.7,688.73,0.0,70.47,15.68,16.18,16.94,0.55,
108,2025-08-16 13:00:00,18.11,6.91,697.94,0.0,66.33,16.14,16.6,17.31,0.64,
108,2025-08-16 14:00:00,15.69,4.51,706.72,0.0,64.21,16.94,17.28,17.59,0.71,
108,2025-08-16 15:00:00,12.07,3.98,647.5,0.0,62.05,17.52,17.76,17.99,0.77,
108,2025-08-16 16:00:00,10.86,3.85,468.51,0.0,60.6,17.77,18.15,18.42,0.82,
108,2025-08-16 17:00:00,8.45,1.92,359.28,0.0,59.61,17.45,18.12,18.97,0.84,
108,2025-08-16 18:00:00,3.62,1.44,54.84,0.0,67.26,16.48,16.95,17.32,0.63,
108,2025-08-16 19:00:00,3.62,0.48,0.0,0.0,73.59,15.13,15.57,16.06,0.47,
108,2025-08-16 20:00:00,3.62,0.48,0.0,0.0,77.08,14.27,14.41,14.69,0.38,
108,2025-08-16 21:00:00,2.41,0.08,0.0,0.0,81.96,12.46,12.89,13.5,0.27,
108,2025-08-16 22:00:00,4.83,1.61,0.0,0.0,84.96,12.06,12.41,12.7,0.22,
108,2025-08-16 23:00:00,7.24,1.96,0.0,0.0,87.31,11.44,11.64,11.82,0.18,
108,2025-08-17 00:00:00,3.62,0.44,0.0,0.0,89.06,10.95,11.06,11.25,0.15,
108,2025-08-17 01:00:00,4.83,1.09,0.0,0.0,89.24,10.53,10.66,10.75,0.14,
108,2025-08-17 02:00:00,3.62,0.48,0.0,0.0,89.46,9.77,10.15,10.32,0.13,
108,2025-08-17 03:00:00,7.24,1.49,0.0,0.0,91.27,9.36,9.59,9.94,0.11,
108,2025-08-17 04:00:00,9.66,2.51,0.0,0.0,89.93,9.56,9.81,9.95,0.12,
108,2025-08-17 05:00:00,4.83,0.74,0.0,0.0,91.59,9.4,9.46,9.53,0.1,
108,2025-08-17 06:00:00,3.62,1.45,0.0,0.0,92.6,9.18,9.26,9.29,0.09,
108,2025-08-17 07:00:00,7.24,2.1,0.0,0.0,92.38,8.83,8.94,9.04,0.09,
108,2025-08-17 08:00:00,3.62,0.65,17.99,0.0,90.97,9.01,9.07,9.18,0.11,
108,2025-08-17 09:00:00,0.0,0.0,73.7,0.0,90.46,9.18,9.43,9.65,0.11,
108,2025-08-17 10:00:00,3.62,0.29,377.27,0.0,88.03,9.95,10.42,11.13,0.15,
108,2025-08-17 11:00:00,6.04,0.87,367.62,0.0,84.94,11.3,11.78,12.37,0.21,
108,2025-08-17 12:00:00,7.24,1.66,354.46,0.0,81.38,12.83,13.13,13.69,0.28,
108,2025-08-17 13:00:00,10.86,4.97,393.5,0.0,79.63,13.71,13.94,14.4,0.32,
108,2025-08-17 14:00:00,10.86,4.16,745.32,0.0,74.27,15.04,15.63,16.24,0.46,
108,2025-08-17 15:00:00,13.28,5.81,342.61,0.0,72.05,15.96,16.21,16.44,0.52,
108,2025-08-17 16:00:00,10.86,2.76,229.43,0.0,69.75,16.23,16.43,16.6,0.57,
108,2025-08-17 17:00:00,18.11,3.95,157.05,0.0,72.34,15.59,16.3,16.56,0.51,
108,2025-08-17 18:00:00,14.48,7.08,61.85,0.0,77.05,14.54,14.96,15.36,0.39,
108,2025-08-17 19:00:00,13.28,5.31,2.63,0.0,79.37,13.47,13.81,14.2,0.33,
108,2025-08-17 20:00:00,8.45,2.7,0.0,0.0,81.92,12.64,12.97,13.34,0.27,
108,2025-08-17 21:00:00,6.04,1.48,0.0,0.0,84.73,12.26,12.38,12.51,0.22,
108,2025-08-17 22:00:00,7.24,2.88,0.0,0.0,84.84,12.05,12.23,12.36,0.22,
108,2025-08-17 23:00:00,4.83,1.16,0.0,0.0,86.47,11.7,11.83,11.99,0.19,
108,2025-08-18 00:00:00,0.0,0.0,0.0,0.0,86.84,11.29,11.46,11.67,0.18,
108,2025-08-18 01:00:00,0.0,0.0,0.0,0.0,88.81,10.9,10.97,11.02,0.14,
108,2025-08-18 02:00:00,0.0,0.0,0.0,0.0,90.65,10.54,10.72,10.85,0.12,
108,2025-08-18 03:00:00,12.07,4.28,0.0,0.0,91.63,10.68,10.83,10.95,0.11,
108,2025-08-18 04:00:00,12.07,4.54,0.0,0.0,91.32,10.04,10.4,10.66,0.11,
108,2025-08-18 05:00:00,7.24,4.53,0.0,0.0,93.23,9.42,9.69,9.98,0.08,
108,2025-08-18 06:00:00,10.86,4.99,0.0,0.0,94.42,9.12,9.23,9.37,0.07,
108,2025-08-18 07:00:00,14.48,5.46,0.0,0.0,94.56,9.04,9.12,9.19,0.06,
108,2025-08-18 08:00:00,7.24,2.49,17.55,0.0,93.79,9.01,9.17,9.25,0.07,
108,2025-08-18 09:00:00,8.45,1.49,81.16,0.0,93.44,9.14,9.22,9.39,0.08,
108,2025-08-18 10:00:00,12.07,5.46,86.42,0.0,93.09,9.35,9.37,9.42,0.08,
108,2025-08-18 11:00:00,10.86,4.89,253.56,0.0,91.17,9.52,10.09,10.74,0.11,
108,2025-08-18 12:00:00,16.9,7.92,406.22,0.0,87.04,11.18,11.72,12.33,0.18,
108,2025-08-18 13:00:00,20.52,9.73,354.02,0.0,83.48,12.58,12.77,13.02,0.25,
108,2025-08-18 14:00:00,12.07,5.39,352.7,0.0,81.75,12.96,13.38,13.95,0.28,
108,2025-08-18 15:00:00,7.24,2.15,386.92,0.0,78.91,13.95,14.2,14.41,0.34,
108,2025-08-18 16:00:00,8.45,2.9,416.75,0.0,76.6,14.42,14.79,15.14,0.4,
108,2025-08-18 17:00:00,9.66,4.01,310.59,0.0,74.4,15.23,15.42,15.58,0.45,
108,2025-08-18 18:00:00,8.45,3.3,196.97,0.0,75.81,14.61,14.98,15.47,0.41,
108,2025-08-18 19:00:00,14.48,7.21,3.51,0.0,81.68,13.16,13.69,14.12,0.29,
108,2025-08-18 20:00:00,8.45,3.95,0.0,0.0,84.41,12.0,12.39,12.85,0.23,
108,2025-08-18 21:00:00,7.24,2.75,0.0,0.0,86.25,11.54,11.66,11.84,0.19,
108,2025-08-18 22:00:00,3.62,0.65,0.0,0.0,87.49,10.81,11.24,11.42,0.17,
108,2025-08-18 23:00:00,3.62,0.56,0.0,0.0,89.85,9.73,9.93,10.04,0.13,
108,2025-08-19 00:00:00,4.83,0.92,0.0,0.0,91.92,8.74,9.13,9.63,0.09,
108,2025-08-19 01:00:00,2.41,0.09,0.0,0.0,92.38,7.83,8.27,8.71,0.08,
108,2025-08-19 02:00:00,3.62,0.41,0.0,0.0,92.96,7.24,7.45,7.73,0.07,
108,2025-08-19 03:00:00,4.83,0.14,0.0,0.0,93.11,5.86,6.43,6.89,0.07,
108,2025-08-19 04:00:00,0.0,0.0,0.0,0.0,93.65,5.68,6.1,6.51,0.06,
108,2025-08-19 05:00:00,3.62,0.73,0.0,0.0,93.96,6.38,7.0,7.37,0.06,
108,2025-08-19 06:00:00,1.21,0.0,0.0,0.0,94.06,7.42,7.54,7.7,0.06,
108,2025-08-19 07:00:00,3.62,0.2,0.0,0.0,94.0,7.59,7.85,8.18,0.06,
108,2025-08-19 08:00:00,6.04,1.12,5.7,0.0,93.98,8.43,8.62,8.77,0.07,
108,2025-08-19 09:00:00,4.83,0.32,36.41,0.0,93.96,8.7,8.85,9.04,0.07,
108,2025-08-19 10:00:00,7.24,2.26,88.61,0.0,93.59,9.6,10.08,10.48,0.08,
108,2025-08-19 11:00:00,7.24,1.6,79.4,0.25,91.93,10.56,10.77,11.02,0.11,
108,2025-08-19 12:00:00,9.66,3.61,284.71,0.0,88.27,11.36,11.94,12.48,0.17,
108,2025-08-19 13:00:00,12.07,6.1,684.35,0.0,80.81,12.91,13.99,14.76,0.31,
108,2025-08-19 14:00:00,20.52,10.65,779.1,0.0,72.1,15.11,15.43,15.62,0.49,
108,2025-08-19 15:00:00,20.52,9.26,281.63,0.0,68.68,15.47,15.81,16.19,0.56,
108,2025-08-19 16:00:00,16.9,8.71,189.07,0.0,66.97,16.11,16.18,16.23,0.61,
108,2025-08-19 17:00:00,12.07,5.87,64.49,0.0,68.22,15.41,15.65,15.93,0.57,
108,2025-08-19 18:00:00,9.66,4.03,35.53,0.0,69.89,14.38,14.77,15.14,0.51,
108,2025-08-19 19:00:00,9.66,3.67,0.0,0.0,73.03,13.44,13.89,14.24,0.43,
108,2025-08-19 20:00:00,7.24,1.93,0.0,1.26,85.42,11.67,12.23,12.79,0.21,
108,2025-08-19 21:00:00,6.04,1.41,0.0,1.52,90.92,11.32,11.44,11.56,0.12,
108,2025-08-19 22:00:00,6.04,2.31,0.0,0.5,92.29,10.94,11.03,11.13,0.1,
108,2025-08-19 23:00:00,8.45,2.29,0.0,0.0,92.7,10.97,10.99,11.01,0.1,
108,2025-08-20 00:00:00,1.21,0.02,0.0,0.25,92.48,10.75,10.83,10.9,0.1,
108,2025-08-20 01:00:00,2.41,0.05,0.0,0.0,92.7,10.57,10.62,10.67,0.09,
108,2025-08-20 02:00:00,0.0,0.0,0.0,0.0,93.12,10.32,10.39,10.47,0.09,
108,2025-08-20 03:00:00,0.0,0.0,0.0,0.0,93.82,9.71,10.05,10.25,0.08,
108,2025-08-20 04:00:00,3.62,0.88,0.0,0.0,94.19,7.96,8.45,9.33,0.07,
108,2025-08-20 05:00:00,0.0,0.0,0.0,0.0,94.52,6.72,7.16,7.7,0.06,
108,2025-08-20 06:00:00,3.62,0.71,0.0,0.0,94.99,6.34,6.54,6.69,0.05,
108,2025-08-20 07:00:00,0.0,0.0,0.0,0.0,94.7,5.61,5.89,6.04,0.05,
108,2025-08-20 08:00:00,4.83,0.54,51.76,0.0,94.88,5.01,5.24,5.57,0.05,
108,2025-08-20 09:00:00,9.66,4.39,133.36,0.0,95.72,5.86,6.16,6.64,0.04,
108,2025-08-20 10:00:00,14.48,8.22,332.52,0.0,96.35,7.01,7.68,8.56,0.04,
108,2025-08-20 11:00:00,13.28,6.13,592.66,0.0,95.25,9.21,9.91,10.9,0.06,
108,2025-08-20 12:00:00,16.9,9.07,698.82,0.0,85.63,12.02,13.06,13.89,0.22,
108,2025-08-20 13:00:00,20.52,9.99,686.98,0.0,79.43,14.38,15.01,15.68,0.35,
108,2025-08-20 14:00:00,19.31,9.36,717.25,0.0,72.93,15.55,15.83,16.21,0.49,
108,2025-08-20 15:00:00,16.9,7.54,615.03,0.0,66.21,16.09,16.48,16.72,0.63,
108,2025-08-20 16:00:00,12.07,4.64,514.14,0.0,59.78,17.0,17.37,17.62,0.8,
108,2025-08-20 17:00:00,10.86,4.0,358.84,0.0,56.01,17.77,17.9,18.05,0.9,
108,2025-08-20 18:00:00,7.24,1.37,201.36,0.0,57.73,16.23,17.11,17.82,0.83,
108,2025-08-20 19:00:00,8.45,1.09,4.83,0.0,66.98,14.85,15.05,15.3,0.56,
108,2025-08-20 20:00:00,12.07,5.1,0.0,0.0,79.16,13.03,13.63,14.27,0.33,
108,2025-08-20 21:00:00,9.66,3.05,0.0,0.0,78.42,12.15,12.47,12.71,0.31,
108,2025-08-20 22:00:00,6.04,1.57,0.0,0.0,82.56,11.5,11.71,11.88,0.24,
108,2025-08-20 23:00:00,4.83,0.88,0.0,0.0,83.53,10.84,11.21,11.49,0.22,
108,2025-08-21 00:00:00,12.07,2.75,0.0,0.0,85.46,10.94,10.99,11.05,0.19,
108,2025-08-21 01:00:00,7.24,2.38,0.0,0.0,86.9,10.57,10.69,10.74,0.17,
108,2025-08-21 02:00:00,12.07,6.74,0.0,0.0,87.11,10.75,10.86,10.91,0.17,
108,2025-08-21 03:00:00,12.07,6.26,0.0,0.0,87.18,10.62,10.7,10.78,0.16,
108,2025-08-21 04:00:00,14.48,7.65,0.0,0.0,86.91,10.44,10.54,10.6,0.17,
108,2025-08-21 05:00:00,13.28,5.51,0.0,0.0,87.47,10.42,10.49,10.54,0.16,
108,2025-08-21 06:00:00,22.93,11.29,0.0,0.0,88.55,10.19,10.26,10.35,0.14,
108,2025-08-21 07:00:00,28.97,12.95,0.0,0.0,86.58,10.11,10.44,10.63,0.17,
108,2025-08-21 08:00:00,27.76,14.42,9.21,0.0,88.92,10.08,10.34,10.75,0.14,
108,2025-08-21 09:00:00,26.55,11.97,20.62,1.01,89.57,10.18,10.39,10.54,0.13,
108,2025-08-21 10:00:00,19.31,9.93,21.5,6.1,91.38,10.15,10.17,10.19,0.11,
108,2025-08-21 11:00:00,21.73,10.85,46.06,5.84,92.49,10.01,10.05,10.07,0.09,
108,2025-08-21 12:00:00,24.14,11.18,111.43,3.04,90.52,10.04,10.16,10.32,0.12,
108,2025-08-21 13:00:00,20.52,9.85,363.23,1.01,90.66,10.02,10.25,10.56,0.12,
108,2025-08-21 14:00:00,26.55,10.92,493.08,1.27,85.71,10.29,10.85,11.22,0.19,
108,2025-08-21 15:00:00,32.59,15.92,203.99,0.0,75.33,10.53,10.65,10.7,0.32,
108,2025-08-21 16:00:00,26.55,13.46,215.39,0.0,74.43,10.42,10.5,10.57,0.33,
108,2025-08-21 17:00:00,27.76,11.23,296.99,0.0,74.21,10.81,11.18,11.61,0.34,
108,2025-08-21 18:00:00,25.35,9.9,49.57,1.02,78.76,8.28,9.42,10.54,0.25,
108,2025-08-21 19:00:00,14.48,5.33,13.16,0.0,85.17,7.65,7.77,7.89,0.16,
108,2025-08-21 20:00:00,4.83,1.39,0.0,0.0,87.4,6.31,6.85,7.42,0.13,
108,2025-08-21 21:00:00,4.83,0.86,0.0,0.0,89.73,6.14,6.19,6.24,0.1,
108,2025-08-21 22:00:00,6.04,1.15,0.0,0.0,89.42,6.47,6.51,6.58,0.1,
108,2025-08-21 23:00:00,4.83,1.01,0.0,0.0,89.85,6.52,6.66,6.78,0.1,
108,2025-08-22 00:00:00,7.24,1.93,0.0,0.25,89.17,6.62,6.67,6.73,0.11,
108,2025-08-22 01:00:00,7.24,3.06,0.0,0.25,90.16,6.35,6.37,6.38,0.1,
108,2025-08-22 02:00:00,7.24,3.23,0.0,0.0,91.14,6.03,6.16,6.32,0.08,
108,2025-08-22 03:00:00,12.07,3.82,0.0,3.05,91.41,5.02,5.57,6.16,0.08,
108,2025-08-22 04:00:00,8.45,3.91,0.0,0.0,91.49,4.57,4.73,4.96,0.07,
108,2025-08-22 05:00:00,8.45,2.69,0.0,0.0,92.34,4.22,4.43,4.72,0.07,
108,2025-08-22 06:00:00,12.07,3.08,0.0,0.51,93.05,4.89,5.14,5.31,0.06,
108,2025-08-22 07:00:00,8.45,2.17,0.0,0.5,92.92,5.42,5.5,5.55,0.06,
108,2025-08-22 08:00:00,14.48,5.54,74.14,0.0,92.72,5.29,5.34,5.4,0.06,
108,2025-08-22 09:00:00,21.73,10.71,315.41,0.0,90.5,5.74,6.31,6.8,0.09,
108,2025-08-22 10:00:00,28.97,11.87,57.47,1.78,90.27,6.16,6.33,6.58,0.1,
108,2025-08-22 11:00:00,14.48,6.92,428.59,0.25,89.02,6.41,7.07,7.76,0.11,
108,2025-08-22 12:00:00,25.35,4.36,287.34,2.03,88.0,4.95,5.74,7.11,0.11,
108,2025-08-22 13:00:00,21.73,8.21,809.37,0.5,81.0,7.52,8.54,9.11,0.21,
108,2025-08-22 14:00:00,19.31,6.26,854.99,0.0,74.02,9.15,9.49,10.43,0.31,
108,2025-08-22 15:00:00,28.97,9.4,656.71,0.25,72.65,8.95,9.87,10.85,0.34,
108,2025-08-22 16:00:00,21.73,9.85,576.87,0.0,68.32,9.78,10.32,10.63,0.4,
108,2025-08-22 17:00:00,16.9,7.11,384.73,0.0,61.67,10.2,10.48,10.85,0.49,
108,2025-08-22 18:00:00,15.69,5.57,139.94,0.0,63.69,10.2,10.51,10.82,0.46,
108,2025-08-22 19:00:00,14.48,3.83,14.48,0.0,70.53,7.55,8.7,9.71,0.34,
108,2025-08-22 20:00:00,15.69,5.66,0.0,0.0,79.16,6.06,6.49,6.92,0.2,
108,2025-08-22 21:00:00,10.86,4.54,0.0,0.0,82.98,5.75,5.87,5.93,0.16,
108,2025-08-22 22:00:00,9.66,4.18,0.0,0.0,83.6,5.69,5.93,6.1,0.15,
108,2025-08-22 23:00:00,7.24,3.74,0.0,0.0,86.4,4.56,4.99,5.48,0.12,
108,2025-08-23 00:00:00,6.04,2.53,0.0,0.0,88.79,3.89,4.12,4.36,0.09,
108,2025-08-23 01:00:00,8.45,3.35,0.0,0.0,90.11,3.6,3.82,3.95,0.08,
108,2025-08-23 02:00:00,7.24,2.07,0.0,0.0,90.71,2.92,3.19,3.38,0.07,
108,2025-08-23 03:00:00,3.62,0.26,0.0,0.0,91.51,2.53,2.6,2.64,0.06,
108,2025-08-23 04:00:00,3.62,0.36,0.0,0.0,91.74,1.57,2.01,2.47,0.06,
108,2025-08-23 05:00:00,3.62,0.82,0.0,0.25,92.35,1.11,1.48,1.73,0.05,
108,2025-08-23 06:00:00,1.21,0.0,0.0,0.0,92.68,0.41,0.63,0.8,0.05,
108,2025-08-23 07:00:00,4.83,0.2,0.0,0.0,92.74,-0.28,-0.02,0.31,0.04,
108,2025-08-23 08:00:00,2.41,0.21,37.73,0.0,93.27,-0.14,0.16,0.56,0.04,
108,2025-08-23 09:00:00,1.21,0.0,250.49,0.0,93.21,1.37,2.29,3.45,0.05,
108,2025-08-23 10:00:00,7.24,2.36,425.96,0.0,87.97,3.92,4.65,5.51,0.11,
108,2025-08-23 11:00:00,10.86,4.44,563.27,0.0,76.57,6.28,7.16,8.0,0.24,
108,2025-08-23 12:00:00,13.28,5.43,665.04,0.0,74.01,8.42,9.08,9.73,0.3,
108,2025-08-23 13:00:00,15.69,7.02,695.31,0.0,69.67,10.26,10.53,10.99,0.39,
108,2025-08-23 14:00:00,18.11,7.23,689.17,0.0,63.42,11.22,11.64,12.08,0.5,
108,2025-08-23 15:00:00,15.69,6.93,650.13,0.0,53.48,12.37,12.63,12.95,0.68,
108,2025-08-23 16:00:00,15.69,7.77,529.49,0.0,47.06,12.88,13.09,13.23,0.8,
108,2025-08-23 17:00:00,18.11,10.04,382.97,0.0,47.3,13.2,13.29,13.45,0.81,
108,2025-08-23 18:00:00,13.28,5.67,198.28,0.0,48.99,12.36,12.87,13.17,0.76,
108,2025-08-23 19:00:00,4.83,2.75,3.07,0.0,59.25,10.01,10.8,11.72,0.53,
108,2025-08-23 20:00:00,4.83,2.63,0.0,0.0,67.49,8.52,8.95,9.56,0.37,
108,2025-08-23 21:00:00,4.83,2.25,0.0,0.0,70.0,8.35,8.63,8.83,0.34,
108,2025-08-23 22:00:00,8.45,2.69,0.0,0.0,75.13,6.94,7.38,8.04,0.26,
108,2025-08-23 23:00:00,7.24,3.18,0.0,0.0,78.73,6.14,6.84,7.21,0.21,
108,2025-08-24 00:00:00,4.83,0.7,0.0,0.0,84.09,4.98,5.56,6.0,0.15,
108,2025-08-24 01:00:00,6.04,2.04,0.0,0.0,89.72,4.3,4.64,4.95,0.09,
108,2025-08-24 02:00:00,6.04,1.27,0.0,0.0,91.94,4.19,4.55,4.74,0.07,
108,2025-08-24 03:00:00,7.24,2.27,0.0,0.0,92.84,4.91,5.12,5.42,0.06,
108,2025-08-24 04:00:00,3.62,0.06,0.0,0.0,92.0,5.12,5.31,5.44,0.07,
108,2025-08-24 05:00:00,3.62,1.43,0.0,0.0,93.01,5.09,5.21,5.34,0.06,
108,2025-08-24 06:00:00,8.45,3.02,0.0,0.0,93.19,5.13,5.25,5.35,0.06,
108,2025-08-24 07:00:00,0.0,0.0,0.0,0.0,92.37,4.33,4.74,5.05,0.07,
108,2025-08-24 08:00:00,1.21,0.0,33.34,0.0,92.34,3.46,3.72,3.98,0.06,
108,2025-08-24 09:00:00,1.21,0.0,38.6,0.0,93.18,3.54,3.72,3.86,0.06,
108,2025-08-24 10:00:00,14.48,4.18,339.98,0.0,92.31,3.92,5.44,6.82,0.07,
108,2025-08-24 11:00:00,18.11,9.54,576.43,0.0,81.96,7.74,8.64,9.77,0.2,
108,2025-08-24 12:00:00,18.11,8.8,647.5,0.0,70.91,10.71,11.54,12.48,0.4,
108,2025-08-24 13:00:00,20.52,9.52,765.94,0.0,61.72,13.47,14.2,14.65,0.62,
108,2025-08-24 14:00:00,26.55,12.65,676.45,0.0,63.0,14.79,15.19,15.68,0.64,
108,2025-08-24 15:00:00,21.73,12.43,637.41,0.0,64.15,15.83,16.24,16.52,0.66,
108,2025-08-24 16:00:00,26.55,14.12,542.65,0.0,65.93,16.56,17.11,17.61,0.67,
108,2025-08-24 17:00:00,26.55,15.78,510.63,0.0,65.47,16.63,16.92,17.29,0.67,
108,2025-08-24 18:00:00,27.76,13.19,175.91,0.0,69.53,15.36,15.87,16.28,0.55,
108,2025-08-24 19:00:00,15.69,7.56,11.84,0.0,76.36,13.12,13.82,14.74,0.38,
108,2025-08-24 20:00:00,14.48,8.51,0.0,0.0,82.99,11.8,12.21,12.72,0.24,
108,2025-08-24 21:00:00,12.07,7.05,0.0,0.0,88.1,10.5,10.97,11.46,0.16,
108,2025-08-24 22:00:00,12.07,7.82,0.0,0.0,91.25,9.88,10.09,10.29,0.11,
108,2025-08-24 23:00:00,16.9,8.6,0.0,0.0,93.05,9.32,9.47,9.67,0.08,
108,2025-08-25 00:00:00,21.73,11.71,0.0,0.0,94.31,9.19,9.28,9.46,0.07,
108,2025-08-25 01:00:00,21.73,10.82,0.0,0.0,93.76,9.42,9.49,9.63,0.07,
108,2025-08-25 02:00:00,30.18,16.9,0.0,0.0,93.78,9.78,9.82,9.84,0.08,
108,2025-08-25 03:00:00,35.0,18.18,0.0,0.0,92.57,9.58,9.71,9.78,0.09,
108,2025-08-25 04:00:00,33.8,18.63,0.0,0.0,92.52,8.93,9.25,9.5,0.09,
108,2025-08-25 05:00:00,32.59,9.99,0.0,0.0,91.59,8.5,8.66,8.77,0.1,
108,2025-08-25 06:00:00,15.69,5.84,0.0,0.0,90.14,7.82,8.12,8.33,0.11,
108,2025-08-25 07:00:00,13.28,4.42,0.0,0.0,89.93,7.27,7.48,7.76,0.1,
108,2025-08-25 08:00:00,26.55,11.44,27.2,0.0,87.58,7.32,7.61,8.05,0.13,
108,2025-08-25 09:00:00,28.97,14.26,275.05,0.0,82.79,8.42,9.0,9.7,0.2,
108,2025-08-25 10:00:00,33.8,18.15,445.7,0.0,75.16,10.23,11.08,11.95,0.33,
108,2025-08-25 11:00:00,28.97,16.34,581.69,0.0,66.73,12.62,13.51,14.26,0.52,
108,2025-08-25 12:00:00,33.8,18.05,690.05,0.0,62.64,14.96,15.72,16.76,0.67,
108,2025-08-25 13:00:00,38.62,18.5,715.49,0.0,59.93,17.61,17.85,18.05,0.82,
108,2025-08-25 14:00:00,37.42,21.38,708.47,0.0,58.81,18.2,18.5,18.95,0.88,
108,2025-08-25 15:00:00,41.04,22.44,653.2,0.0,58.79,18.84,19.09,19.35,0.91,
108,2025-08-25 16:00:00,33.8,20.47,544.41,0.0,60.99,19.53,19.7,19.84,0.9,
108,2025-08-25 17:00:00,39.83,19.13,355.33,0.0,59.92,19.45,19.62,19.7,0.92,
108,2025-08-25 18:00:00,28.97,13.25,160.56,0.0,64.7,17.56,18.53,19.21,0.76,
108,2025-08-25 19:00:00,24.14,11.51,6.14,0.0,69.94,15.68,16.32,16.92,0.56,
108,2025-08-25 20:00:00,21.73,10.86,0.0,0.0,73.02,14.16,14.7,15.25,0.45,
108,2025-08-25 21:00:00,22.93,10.02,0.0,0.0,76.2,13.06,13.47,13.85,0.37,
108,2025-08-25 22:00:00,20.52,7.83,0.0,0.0,79.97,11.64,12.16,12.61,0.29,
108,2025-08-25 23:00:00,15.69,7.11,0.0,0.0,83.9,10.62,10.97,11.26,0.21,
108,2025-08-26 00:00:00,13.28,7.03,0.0,0.0,87.94,9.92,10.13,10.43,0.15,
108,2025-08-26 01:00:00,20.52,9.14,0.0,0.0,89.95,9.78,10.17,10.5,0.13,
108,2025-08-26 02:00:00,24.14,11.32,0.0,0.0,89.35,10.4,10.45,10.51,0.13,
108,2025-08-26 03:00:00,26.55,13.37,0.0,0.0,88.83,10.27,10.33,10.43,0.14,
108,2025-08-26 04:00:00,22.93,12.88,0.0,0.0,88.83,9.94,10.03,10.16,0.14,
108,2025-08-26 05:00:00,18.11,9.76,0.0,0.0,88.58,9.81,9.86,9.9,0.14,
108,2025-08-26 06:00:00,20.52,9.9,0.0,0.0,87.56,9.5,9.63,9.74,0.15,
108,2025-08-26 07:00:00,18.11,8.28,0.0,0.0,87.7,9.32,9.43,9.52,0.15,
108,2025-08-26 08:00:00,16.9,7.83,21.06,0.0,88.21,8.98,9.08,9.29,0.14,
108,2025-08-26 09:00:00,18.11,7.34,95.19,0.0,88.29,8.67,8.9,9.11,0.13,
108,2025-08-26 10:00:00,15.69,7.71,173.28,0.0,87.88,8.66,8.95,9.12,0.14,
108,2025-08-26 11:00:00,14.48,6.31,327.26,0.0,84.61,9.39,9.66,9.99,0.19,
108,2025-08-26 12:00:00,12.07,4.27,696.19,0.0,79.32,10.78,11.53,12.48,0.28,
108,2025-08-26 13:00:00,12.07,5.09,713.3,0.0,73.8,12.65,13.5,14.31,0.41,
108,2025-08-26 14:00:00,16.9,7.68,707.16,0.0,70.42,14.87,15.53,16.48,0.52,
108,2025-08-26 15:00:00,14.48,6.16,662.85,0.0,66.13,16.97,17.45,18.12,0.68,
108,2025-08-26 16:00:00,14.48,5.56,538.26,0.0,62.14,18.2,18.92,19.55,0.83,
108,2025-08-26 17:00:00,13.28,6.88,326.82,0.0,61.62,18.65,19.43,19.85,0.87,
108,2025-08-26 18:00:00,12.07,5.77,219.34,0.0,61.84,18.84,19.42,19.81,0.86,
108,2025-08-26 19:00:00,7.24,3.62,3.51,0.0,69.44,15.77,16.77,17.8,0.59,
108,2025-08-26 20:00:00,6.04,2.11,0.0,0.0,74.72,13.5,14.61,15.14,0.42,
108,2025-08-26 21:00:00,4.83,0.98,0.0,0.0,81.06,11.71,12.5,13.22,0.28,
108,2025-08-26 22:00:00,3.62,0.76,0.0,0.0,85.45,11.25,11.38,11.6,0.2,
108,2025-08-26 23:00:00,9.66,4.44,0.0,0.0,83.1,10.85,11.09,11.26,0.22,
108,2025-08-27 00:00:00,9.66,4.06,0.0,0.0,82.52,10.29,10.69,11.03,0.23,
108,2025-08-27 01:00:00,6.04,2.1,0.0,0.0,84.94,9.12,9.86,10.42,0.18,
108,2025-08-27 02:00:00,3.62,0.26,0.0,0.0,88.55,8.31,8.54,8.74,0.13,
108,2025-08-27 03:00:00,0.0,0.0,0.0,0.0,89.68,6.93,7.32,7.87,0.11,
108,2025-08-27 04:00:00,0.0,0.0,0.0,0.0,92.64,6.41,6.85,7.14,0.08,
108,2025-08-27 05:00:00,6.04,1.56,0.0,0.0,92.85,5.19,5.75,6.59,0.07,
108,2025-08-27 06:00:00,4.83,0.89,0.0,0.0,92.98,4.22,4.47,4.89,0.06,
108,2025-08-27 07:00:00,6.04,0.72,0.0,0.0,93.28,4.61,4.87,5.27,0.06,
108,2025-08-27 08:00:00,3.62,0.15,50.45,0.0,93.72,5.12,5.83,6.55,0.06,
108,2025-08-27 09:00:00,7.24,1.52,125.46,0.0,94.93,7.17,7.58,7.73,0.05,
108,2025-08-27 10:00:00,13.28,5.02,266.28,0.0,95.77,7.99,8.29,8.5,0.05,
108,2025-08-27 11:00:00,10.86,5.18,342.17,0.0,95.71,9.05,9.55,9.98,0.05,
108,2025-08-27 12:00:00,8.45,2.17,860.26,0.0,94.3,10.33,11.08,11.71,0.08,
108,2025-08-27 13:00:00,8.45,2.72,772.96,0.0,83.28,12.64,13.85,15.06,0.27,
108,2025-08-27 14:00:00,13.28,4.69,729.09,0.0,68.82,15.97,16.75,17.48,0.6,
108,2025-08-27 15:00:00,7.24,1.28,695.75,0.0,59.54,18.55,19.17,20.19,0.9,
108,2025-08-27 16:00:00,8.45,2.72,570.29,0.0,56.19,19.87,20.31,20.84,1.05,
108,2025-08-27 17:00:00,9.66,2.31,415.43,0.0,52.98,20.28,20.72,20.95,1.15,
108,2025-08-27 18:00:00,3.62,0.56,44.75,0.0,58.15,18.08,19.03,20.1,0.93,
108,2025-08-27 19:00:00,0.0,0.0,12.72,0.0,68.82,16.0,16.71,17.68,0.59,
108,2025-08-27 20:00:00,6.04,0.59,0.0,0.0,75.24,13.57,14.5,15.44,0.41,
108,2025-08-27 21:00:00,3.62,0.33,0.0,0.0,83.02,12.43,12.65,13.22,0.25,
108,2025-08-27 22:00:00,4.83,0.51,0.0,0.0,87.66,9.97,10.28,10.77,0.15,
108,2025-08-27 23:00:00,3.62,0.64,0.0,0.0,90.6,9.3,9.64,9.92,0.12,
108,2025-08-28 00:00:00,4.83,0.67,0.0,0.0,92.93,8.86,9.13,9.28,0.09,
108,2025-08-28 01:00:00,6.04,1.25,0.0,0.0,93.34,8.15,8.74,9.19,0.07,
108,2025-08-28 02:00:00,0.0,0.0,0.0,0.0,93.26,8.08,8.2,8.31,0.07,
108,2025-08-28 03:00:00,4.83,0.53,0.0,0.0,94.54,8.28,8.44,8.56,0.06,
108,2025-08-28 04:00:00,0.0,0.0,0.0,0.25,95.3,7.69,8.03,8.22,0.05,
108,2025-08-28 05:00:00,0.0,0.0,0.0,0.0,95.35,7.55,7.64,7.76,0.05,
108,2025-08-28 06:00:00,15.69,6.07,0.0,0.0,95.81,7.91,8.1,8.32,0.05,
108,2025-08-28 07:00:00,8.45,4.29,0.0,0.0,95.64,7.99,8.1,8.18,0.05,
108,2025-08-28 08:00:00,8.45,4.41,22.81,0.0,95.69,8.03,8.13,8.27,0.05,
108,2025-08-28 09:00:00,10.86,4.15,62.73,0.0,95.74,7.87,8.05,8.22,0.05,
108,2025-08-28 10:00:00,7.24,2.72,184.25,0.0,95.32,8.36,8.52,8.67,0.05,
108,2025-08-28 11:00:00,6.04,1.78,230.31,0.0,94.87,8.8,8.99,9.21,0.06,
108,2025-08-28 12:00:00,7.24,3.29,233.82,0.0,92.5,9.37,9.81,10.22,0.09,
108,2025-08-28 13:00:00,9.66,2.67,153.98,0.0,89.32,10.13,10.42,10.6,0.13,
108,2025-08-28 14:00:00,9.66,2.61,196.09,0.0,87.46,10.8,10.88,10.98,0.17,
108,2025-08-28 15:00:00,8.45,3.41,107.92,0.0,87.52,10.88,10.93,11.02,0.17,
108,2025-08-28 16:00:00,8.45,4.77,85.98,0.0,88.6,10.68,10.77,10.82,0.15,
108,2025-08-28 17:00:00,9.66,4.6,64.49,0.0,90.99,10.47,10.55,10.6,0.12,
108,2025-08-28 18:00:00,6.04,2.88,31.15,0.0,91.61,10.42,10.47,10.54,0.1,
108,2025-08-28 19:00:00,6.04,1.49,9.65,0.0,91.41,10.4,10.46,10.5,0.11,
108,2025-08-28 20:00:00,3.62,0.2,0.0,0.0,91.04,10.46,10.47,10.48,0.11,
108,2025-08-28 21:00:00,1.21,0.0,0.0,0.0,90.51,10.43,10.45,10.48,0.12,
108,2025-08-28 22:00:00,2.41,0.09,0.0,0.0,90.11,10.37,10.39,10.42,0.13,
108,2025-08-28 23:00:00,0.0,0.0,0.0,0.0,89.49,10.39,10.4,10.43,0.13,
108,2025-08-29 00:00:00,0.0,0.0,0.0,0.0,90.27,10.16,10.28,10.4,0.13,
108,2025-08-29 01:00:00,4.83,0.76,0.0,0.0,90.69,10.01,10.1,10.18,0.12,
108,2025-08-29 02:00:00,3.62,0.72,0.0,0.0,90.53,9.77,9.91,9.98,0.12,
108,2025-08-29 03:00:00,4.83,0.51,0.0,0.0,91.23,9.39,9.59,9.71,0.11,
108,2025-08-29 04:00:00,6.04,1.92,0.0,0.0,92.6,9.35,9.36,9.37,0.09,
108,2025-08-29 05:00:00,8.45,2.42,0.0,0.0,92.27,9.15,9.27,9.32,0.09,
108,2025-08-29 06:00:00,7.24,2.1,0.0,0.0,91.66,9.05,9.09,9.15,0.1,
108,2025-08-29 07:00:00,1.21,0.0,0.0,0.0,91.3,8.46,8.72,8.93,0.1,
108,2025-08-29 08:00:00,0.0,0.0,110.11,0.0,91.77,7.72,8.24,9.02,0.09,
108,2025-08-29 09:00:00,7.24,1.86,132.92,0.0,91.47,9.07,9.38,9.78,0.1,
108,2025-08-29 10:00:00,9.66,5.06,269.79,0.0,88.18,9.98,10.3,10.78,0.15,
108,2025-08-29 11:00:00,6.04,1.73,423.77,0.0,82.37,11.37,11.73,12.2,0.24,
108,2025-08-29 12:00:00,8.45,2.7,734.36,0.0,73.29,12.37,12.86,13.52,0.4,
108,2025-08-29 13:00:00,9.66,3.16,795.33,0.0,67.4,13.27,13.78,14.45,0.51,
108,2025-08-29 14:00:00,9.66,3.38,828.23,0.0,63.92,14.75,15.12,15.45,0.62,
108,2025-08-29 15:00:00,10.86,3.16,819.02,0.0,60.45,15.55,15.9,16.21,0.72,
108,2025-08-29 16:00:00,12.07,4.35,517.65,0.0,63.74,15.65,15.93,16.21,0.66,
108,2025-08-29 17:00:00,13.28,6.52,197.85,0.0,66.67,15.02,15.13,15.23,0.58,
108,2025-08-29 18:00:00,13.28,6.11,93.44,0.0,69.26,14.31,14.75,15.06,0.52,
108,2025-08-29 19:00:00,12.07,3.52,4.39,0.0,73.53,13.69,13.85,14.03,0.42,
108,2025-08-29 20:00:00,3.62,0.11,0.0,0.0,75.4,13.23,13.42,13.57,0.38,
108,2025-08-29 21:00:00,4.83,0.41,0.0,0.0,78.47,12.68,12.84,13.07,0.32,
108,2025-08-29 22:00:00,6.04,0.95,0.0,0.0,82.07,11.27,11.82,12.44,0.25,
108,2025-08-29 23:00:00,3.62,0.61,0.0,0.0,85.54,9.64,10.24,10.84,0.18,
108,2025-08-30 00:00:00,0.0,0.0,0.0,0.0,88.25,8.59,8.81,9.12,0.14,
108,2025-08-30 01:00:00,0.0,0.0,0.0,0.0,90.77,8.38,8.58,8.75,0.1,
108,2025-08-30 02:00:00,0.0,0.0,0.0,0.0,91.31,8.77,8.85,8.9,0.1,
108,2025-08-30 03:00:00,6.04,1.69,0.0,0.0,91.13,8.75,9.15,9.52,0.11,
108,2025-08-30 04:00:00,9.66,2.37,0.0,0.0,90.41,9.23,9.45,9.65,0.12,
108,2025-08-30 05:00:00,7.24,2.39,0.0,0.0,90.52,9.37,9.46,9.6,0.11,
108,2025-08-30 06:00:00,12.07,5.63,0.0,0.0,90.88,9.4,9.49,9.58,0.11,
108,2025-08-30 07:00:00,9.66,2.28,0.0,0.0,88.62,9.49,9.55,9.64,0.13,
108,2025-08-30 08:00:00,6.04,2.19,7.02,0.0,89.72,9.19,9.26,9.32,0.12,
108,2025-08-30 09:00:00,9.66,3.32,75.01,0.0,90.57,9.33,9.47,9.61,0.11,
108,2025-08-30 10:00:00,13.28,6.14,176.79,0.0,88.18,9.88,10.24,10.62,0.15,
108,2025-08-30 11:00:00,21.73,11.27,552.3,0.0,84.39,11.09,12.0,12.96,0.22,
108,2025-08-30 12:00:00,25.35,15.18,766.38,0.0,76.36,12.77,13.16,13.55,0.36,
108,2025-08-30 13:00:00,25.35,13.07,572.48,0.0,75.05,13.27,13.8,14.22,0.39,
108,2025-08-30 14:00:00,19.31,6.9,613.28,0.0,70.22,14.78,15.24,15.61,0.52,
108,2025-08-30 15:00:00,9.66,3.52,671.62,0.0,67.27,15.66,16.18,16.49,0.6,
108,2025-08-30 16:00:00,12.07,7.02,253.56,0.0,70.13,15.72,15.93,16.16,0.54,
108,2025-08-30 17:00:00,16.9,8.19,142.13,0.0,72.4,15.03,15.45,15.75,0.49,
108,2025-08-30 18:00:00,15.69,8.93,74.14,0.0,75.53,14.68,14.81,14.9,0.41,
108,2025-08-30 19:00:00,13.28,7.36,0.0,0.0,76.62,14.14,14.33,14.54,0.38,
108,2025-08-30 20:00:00,8.45,3.2,0.0,0.0,78.1,13.89,13.93,13.99,0.35,
108,2025-08-30 21:00:00,7.24,1.37,0.0,0.0,79.41,13.27,13.45,13.66,0.32,
108,2025-08-30 22:00:00,6.04,2.2,0.0,0.0,80.11,12.79,13.0,13.3,0.3,
108,2025-08-30 23:00:00,1.21,0.03,0.0,0.0,82.51,12.33,12.55,12.7,0.26,
108,2025-08-31 00:00:00,6.04,1.0,0.0,0.25,85.38,11.54,11.9,12.3,0.21,
108,2025-08-31 01:00:00,3.62,0.65,0.0,0.25,88.47,10.75,11.02,11.3,0.15,
108,2025-08-31 02:00:00,3.62,0.92,0.0,0.0,90.2,10.66,10.75,10.82,0.13,
108,2025-08-31 03:00:00,2.41,0.06,0.0,0.0,91.66,10.77,10.79,10.82,0.11,
108,2025-08-31 04:00:00,2.41,0.15,0.0,0.0,91.91,10.71,10.77,10.8,0.11,
108,2025-08-31 05:00:00,3.62,0.63,0.0,0.0,92.16,10.64,10.72,10.87,0.1,
108,2025-08-31 06:00:00,4.83,1.09,0.0,0.0,91.93,10.44,10.47,10.51,0.1,
108,2025-08-31 07:00:00,3.62,0.33,0.0,0.0,90.98,10.26,10.28,10.3,0.11,
108,2025-08-31 08:00:00,1.21,0.0,30.71,0.0,91.01,10.11,10.24,10.43,0.11,
108,2025-08-31 09:00:00,0.0,0.0,95.63,0.0,89.3,10.63,10.8,10.97,0.14,
108,2025-08-31 10:00:00,6.04,1.39,368.49,0.0,85.37,11.19,12.02,12.6,0.21,
108,2025-08-31 11:00:00,6.04,2.04,360.16,0.0,77.48,12.91,13.23,13.6,0.34,
108,2025-08-31 12:00:00,8.45,2.32,216.71,0.0,76.89,13.13,13.21,13.3,0.35,
108,2025-08-31 13:00:00,7.24,2.22,216.71,0.0,78.18,13.22,13.44,13.72,0.34,
108,2025-08-31 14:00:00,8.45,2.08,169.77,0.0,78.21,13.5,13.58,13.62,0.34,
108,2025-08-31 15:00:00,4.83,1.19,168.89,0.0,78.32,13.52,13.69,13.86,0.34,
108,2025-08-31 16:00:00,4.83,0.8,91.25,0.0,77.18,13.51,13.55,13.58,0.36,
108,2025-08-31 17:00:00,2.41,0.12,20.18,0.25,81.02,12.58,13.1,13.65,0.29,
108,2025-08-31 18:00:00,4.83,1.51,13.6,0.0,86.41,11.71,12.02,12.4,0.19,
108,2025-08-31 19:00:00,7.24,1.63,4.39,0.25,88.06,11.33,11.49,11.65,0.17,
108,2025-08-31 20:00:00,6.04,1.66,0.0,0.0,90.82,11.1,11.19,11.23,0.12,
108,2025-08-31 21:00:00,1.21,0.0,0.0,0.0,91.6,11.09,11.11,11.12,0.11,
108,2025-08-31 22:00:00,0.0,0.0,0.0,0.0,92.59,10.92,11.01,11.06,0.1,
108,2025-08-31 23:00:00,3.62,1.28,0.0,0.0,93.22,10.82,10.86,10.92,0.09,
108,2025-09-01 00:00:00,4.83,0.78,0.0,0.0,92.93,10.71,10.76,10.81,0.09,
108,2025-09-01 01:00:00,4.83,1.25,0.0,0.0,93.01,10.43,10.52,10.59,0.09,
108,2025-09-01 02:00:00,4.83,0.29,0.0,0.0,92.71,9.95,10.17,10.4,0.09,
108,2025-09-01 03:00:00,2.41,0.12,0.0,0.0,92.78,9.28,9.51,9.81,0.09,
108,2025-09-01 04:00:00,13.28,4.66,0.0,0.0,94.79,9.29,9.41,9.49,0.06,
108,2025-09-01 05:00:00,7.24,2.13,0.0,0.0,94.43,9.4,9.41,9.43,0.07,
108,2025-09-01 06:00:00,4.83,0.57,0.0,0.0,94.03,8.89,9.17,9.36,0.07,
108,2025-09-01 07:00:00,4.83,0.8,0.0,0.0,94.12,7.41,7.98,8.55,0.07,
108,2025-09-01 08:00:00,7.24,2.49,89.49,0.0,95.01,7.0,7.19,7.53,0.05,
108,2025-09-01 09:00:00,9.66,4.09,184.69,0.0,95.73,8.0,8.47,8.97,0.05,
108,2025-09-01 10:00:00,15.69,6.76,489.13,0.0,93.14,9.11,10.41,11.6,0.09,
108,2025-09-01 11:00:00,16.9,8.4,643.99,0.0,81.37,12.27,12.95,13.72,0.28,
108,2025-09-01 12:00:00,19.31,9.08,711.98,0.0,75.45,13.88,14.46,14.93,0.41,
108,2025-09-01 13:00:00,20.52,10.2,748.39,0.0,69.95,15.1,15.66,16.1,0.54,
108,2025-09-01 14:00:00,20.52,9.12,858.06,0.0,66.07,16.82,17.04,17.35,0.66,
108,2025-09-01 15:00:00,16.9,9.45,726.02,0.0,64.42,17.21,17.41,17.53,0.71,
108,2025-09-01 16:00:00,18.11,8.39,514.58,0.0,61.17,17.13,17.18,17.22,0.76,
108,2025-09-01 17:00:00,15.69,7.98,190.39,0.0,62.42,16.86,17.11,17.39,0.74,
108,2025-09-01 18:00:00,10.86,4.87,80.72,0.0,66.3,16.0,16.46,16.75,0.63,
108,2025-09-01 19:00:00,4.83,0.91,4.39,0.0,72.48,14.93,15.15,15.44,0.47,
108,2025-09-01 20:00:00,12.07,4.35,0.0,0.0,80.4,13.34,13.89,14.4,0.32,
108,2025-09-01 21:00:00,8.45,3.23,0.0,0.0,84.93,11.93,12.48,12.94,0.22,
108,2025-09-01 22:00:00,7.24,3.14,0.0,0.0,89.4,10.64,10.96,11.44,0.14,
108,2025-09-01 23:00:00,8.45,4.01,0.0,0.0,90.88,9.85,10.11,10.48,0.11,
108,2025-09-02 00:00:00,8.45,3.43,0.0,0.0,91.07,9.98,10.19,10.3,0.11,
108,2025-09-02 01:00:00,7.24,2.46,0.0,0.0,91.15,10.33,10.4,10.43,0.11,
108,2025-09-02 02:00:00,2.41,0.06,0.0,0.0,89.8,10.53,10.63,10.71,0.13,
108,2025-09-02 03:00:00,2.41,0.03,0.0,0.0,87.53,10.64,10.72,10.81,0.16,
108,2025-09-02 04:00:00,9.66,3.11,0.0,0.0,86.82,10.54,10.6,10.66,0.17,
108,2025-09-02 05:00:00,10.86,4.92,0.0,0.0,85.7,10.37,10.49,10.56,0.18,
108,2025-09-02 06:00:00,10.86,4.47,0.0,0.0,87.31,9.57,9.9,10.39,0.16,
108,2025-09-02 07:00:00,9.66,2.9,0.0,0.0,90.92,9.68,9.76,9.84,0.11,
108,2025-09-02 08:00:00,6.04,2.22,43.87,0.25,91.78,9.02,9.43,9.84,0.1,
108,2025-09-02 09:00:00,7.24,2.91,68.0,0.0,92.17,9.33,9.57,9.7,0.1,
108,2025-09-02 10:00:00,15.69,7.18,210.13,0.0,92.93,9.02,9.4,9.8,0.08,
108,2025-09-02 11:00:00,12.07,5.48,276.81,0.0,89.73,9.71,10.05,10.36,0.13,
108,2025-09-02 12:00:00,10.86,3.79,343.05,0.0,83.7,10.71,11.0,11.25,0.21,
108,2025-09-02 13:00:00,26.55,9.48,207.06,2.53,89.16,9.43,9.94,10.51,0.14,
108,2025-09-02 14:00:00,12.07,5.92,417.19,0.25,87.49,10.01,10.3,10.75,0.16,
108,2025-09-02 15:00:00,7.24,2.82,490.89,0.0,78.58,11.03,11.59,12.1,0.29,
108,2025-09-02 16:00:00,15.69,4.98,385.6,0.0,75.61,11.4,11.93,12.34,0.34,
108,2025-09-02 17:00:00,12.07,6.28,185.12,0.0,76.19,11.39,11.63,11.82,0.33,
108,2025-09-02 18:00:00,13.28,3.05,99.58,0.0,75.44,11.16,11.2,11.22,0.33,
108,2025-09-02 19:00:00,14.48,2.02,24.13,0.25,80.18,9.9,10.45,10.9,0.25,
108,2025-09-02 20:00:00,9.66,4.77,0.0,0.0,85.48,8.97,9.52,9.85,0.17,
108,2025-09-02 21:00:00,9.66,2.41,0.0,0.0,88.87,7.99,8.4,8.78,0.12,
108,2025-09-02 22:00:00,7.24,0.98,0.0,0.0,90.78,6.99,7.4,7.66,0.09,
108,2025-09-02 23:00:00,4.83,1.36,0.0,0.0,91.58,6.0,6.23,6.52,0.08,
108,2025-09-03 00:00:00,12.07,5.02,0.0,0.25,91.21,5.68,6.12,6.64,0.08,
108,2025-09-03 01:00:00,8.45,4.26,0.0,0.0,93.71,4.88,5.1,5.37,0.06,
108,2025-09-03 02:00:00,6.04,1.63,0.0,0.0,92.76,4.37,4.55,4.85,0.06,
108,2025-09-03 03:00:00,9.66,4.84,0.0,0.0,93.86,3.8,3.87,3.94,0.05,
108,2025-09-03 04:00:00,10.86,3.59,0.0,0.0,92.99,3.6,3.73,3.92,0.06,
108,2025-09-03 05:00:00,7.24,2.26,0.0,0.0,93.7,2.75,2.89,3.12,0.05,
108,2025-09-03 06:00:00,8.45,3.99,0.0,0.0,94.5,2.27,2.59,2.78,0.04,
108,2025-09-03 07:00:00,12.07,5.03,0.0,0.0,94.51,2.08,2.13,2.22,0.04,
108,2025-09-03 08:00:00,7.24,2.35,133.36,0.25,93.54,1.98,2.4,2.83,0.05,
108,2025-09-03 09:00:00,15.69,7.17,329.89,0.0,90.56,3.3,4.42,5.51,0.08,
108,2025-09-03 10:00:00,21.73,11.41,506.68,0.0,79.08,6.47,7.49,8.47,0.22,
108,2025-09-03 11:00:00,31.38,15.9,666.36,0.0,68.75,9.45,10.37,11.08,0.4,
108,2025-09-03 12:00:00,31.38,18.57,747.52,0.0,63.98,11.7,12.3,12.78,0.52,
108,2025-09-03 13:00:00,35.0,19.24,769.01,0.0,59.88,13.32,13.55,13.75,0.63,
108,2025-09-03 14:00:00,37.42,20.45,772.08,0.0,53.41,14.17,14.35,14.54,0.76,
108,2025-09-03 15:00:00,37.42,21.71,706.28,0.0,50.79,14.55,14.69,14.89,0.83,
108,2025-09-03 16:00:00,36.21,20.96,596.61,0.0,46.98,14.78,14.82,14.86,0.9,
108,2025-09-03 17:00:00,39.83,21.62,442.63,0.0,48.57,14.3,14.47,14.65,0.85,
108,2025-09-03 18:00:00,33.8,16.73,202.23,0.0,52.1,12.91,13.68,14.26,0.75,
108,2025-09-03 19:00:00,25.35,12.4,17.55,0.0,58.54,10.88,11.57,12.36,0.57,
108,2025-09-03 21:00:00,30.18,13.04,0.0,0.0,64.06,9.64,10.11,10.62,0.45,
108,2025-09-03 22:00:00,30.18,16.23,0.0,0.0,,9.64,9.64,9.64,,
108,2025-09-10 10:00:00,12.07,5.95,215.83,0.0,94.39,11.56,11.7,11.84,0.08,
108,2025-09-10 11:00:00,10.86,5.17,477.73,0.0,92.5,12.33,13.53,14.68,0.12,
108,2025-09-10 12:00:00,10.86,4.95,741.81,0.0,81.25,14.75,15.12,15.54,0.33,
108,2025-09-10 13:00:00,8.45,2.79,773.84,0.0,70.8,15.72,16.22,16.99,0.54,
108,2025-09-10 14:00:00,16.9,6.99,796.21,0.0,55.59,17.25,17.54,18.08,0.89,
108,2025-09-10 15:00:00,18.11,8.69,796.21,0.0,47.33,18.32,18.67,19.04,1.14,
108,2025-09-10 16:00:00,20.52,11.66,749.27,0.0,50.18,18.45,18.76,19.01,1.08,
108,2025-09-10 17:00:00,24.14,10.41,611.09,0.0,49.72,19.04,19.22,19.44,1.12,
108,2025-09-10 18:00:00,22.93,12.33,459.3,0.0,48.55,19.18,19.26,19.39,1.15,
108,2025-09-10 19:00:00,24.14,11.89,273.3,0.0,54.47,17.79,18.5,19.17,0.97,
108,2025-09-10 20:00:00,18.11,8.93,23.69,0.0,63.88,14.95,15.84,16.94,0.65,
108,2025-09-10 21:00:00,14.48,7.91,0.0,0.0,72.09,13.26,13.8,14.33,0.44,
108,2025-09-10 22:00:00,14.48,6.94,0.0,0.0,76.99,11.54,12.01,12.75,0.33,
108,2025-09-10 23:00:00,10.86,6.52,0.0,0.0,78.11,10.66,10.93,11.2,0.29,
108,2025-09-11 00:00:00,8.45,4.48,0.0,0.0,80.54,9.88,10.05,10.4,0.24,
108,2025-09-11 01:00:00,7.24,4.1,0.0,0.0,83.3,9.0,9.31,9.73,0.2,
108,2025-09-11 02:00:00,8.45,2.97,0.0,0.0,85.18,8.05,8.45,8.81,0.17,
108,2025-09-11 03:00:00,3.62,0.5,0.0,0.0,87.66,6.65,7.11,7.44,0.13,
108,2025-09-11 04:00:00,4.83,1.8,0.0,0.0,90.23,6.14,6.39,6.66,0.09,
108,2025-09-11 05:00:00,0.0,0.0,0.0,0.0,90.74,5.33,5.69,6.11,0.09,
108,2025-09-11 06:00:00,6.04,0.86,0.0,0.0,92.23,4.51,4.95,5.41,0.07,
108,2025-09-11 07:00:00,1.21,0.0,0.0,0.0,92.52,4.03,4.37,4.53,0.06,
108,2025-09-11 08:00:00,0.0,0.0,4.39,0.0,92.35,2.18,3.02,3.71,0.06,
108,2025-09-11 09:00:00,4.83,0.75,129.41,0.0,93.26,2.46,3.91,5.55,0.05,
108,2025-09-11 10:00:00,14.48,7.76,447.02,0.0,93.13,6.23,6.71,7.06,0.07,
108,2025-09-11 11:00:00,15.69,7.98,483.43,0.0,89.45,7.37,7.9,8.24,0.12,
108,2025-09-11 12:00:00,15.69,6.83,699.26,0.0,79.55,9.05,10.01,11.03,0.26,
108,2025-09-11 13:00:00,13.28,5.01,754.1,0.0,69.6,12.12,13.11,13.92,0.46,
108,2025-09-11 14:00:00,15.69,5.82,808.49,0.0,61.96,14.87,15.72,16.51,0.68,
108,2025-09-11 15:00:00,18.11,6.04,790.07,0.0,54.22,16.76,17.8,18.61,0.94,
108,2025-09-11 16:00:00,16.9,7.85,749.71,0.0,45.98,19.45,19.91,20.34,1.26,
108,2025-09-11 17:00:00,14.48,6.2,562.39,0.0,45.28,20.28,20.64,20.8,1.33,
108,2025-09-11 18:00:00,13.28,5.69,382.97,0.0,46.08,21.0,21.21,21.39,1.36,
108,2025-09-11 19:00:00,12.07,6.47,236.01,0.0,47.52,19.85,20.53,20.86,1.27,
108,2025-09-11 20:00:00,7.24,2.16,47.38,0.0,56.84,16.85,17.92,19.1,0.89,
108,2025-09-11 21:00:00,4.83,2.11,0.0,0.0,69.73,13.79,14.64,15.51,0.51,
108,2025-09-11 22:00:00,8.45,3.32,0.0,0.0,78.45,11.58,12.58,14.05,0.32,
108,2025-09-11 23:00:00,4.83,1.42,0.0,0.0,82.23,10.11,10.69,11.39,0.23,
108,2025-09-12 00:00:00,6.04,2.34,0.0,0.0,79.39,9.37,9.84,10.2,0.25,
108,2025-09-12 01:00:00,9.66,1.69,0.0,0.0,81.96,7.8,8.21,8.89,0.2,
108,2025-09-12 02:00:00,6.04,2.11,0.0,0.0,82.26,7.01,7.41,7.83,0.18,
108,2025-09-12 03:00:00,3.62,0.74,0.0,0.0,85.31,5.52,6.06,6.59,0.14,
108,2025-09-12 04:00:00,2.41,0.15,0.0,0.0,89.59,4.84,5.11,5.29,0.09,
108,2025-09-12 05:00:00,0.0,0.0,0.0,0.0,90.36,3.86,4.16,4.58,0.08,
108,2025-09-12 06:00:00,3.62,0.51,0.0,0.0,91.59,2.78,3.07,3.5,0.07,
108,2025-09-12 07:00:00,0.0,0.0,0.0,0.0,93.01,2.78,3.09,3.42,0.05,
108,2025-09-12 08:00:00,3.62,0.24,1.75,0.0,93.13,2.49,2.69,2.85,0.05,
108,2025-09-12 09:00:00,3.62,0.42,176.79,0.0,92.64,3.06,4.35,6.09,0.06,
108,2025-09-12 10:00:00,4.83,0.73,296.99,0.0,89.99,7.09,8.08,8.71,0.11,
108,2025-09-12 11:00:00,7.24,2.07,340.86,0.0,84.42,9.29,9.98,10.57,0.19,
108,2025-09-12 12:00:00,6.04,1.13,601.43,0.0,77.98,11.27,12.57,13.57,0.32,
108,2025-09-12 13:00:00,8.45,1.22,670.75,0.0,70.49,14.4,15.41,16.34,0.52,
108,2025-09-12 14:00:00,9.66,3.01,798.4,0.0,62.91,16.94,17.44,17.92,0.74,
108,2025-09-12 15:00:00,12.07,4.46,647.5,0.0,58.72,17.94,18.37,19.11,0.88,
108,2025-09-12 16:00:00,13.28,6.38,621.18,0.0,34.51,19.53,19.82,19.96,1.52,
108,2025-09-12 17:00:00,10.86,2.79,650.13,0.0,35.98,20.25,20.55,21.0,1.55,
108,2025-09-12 18:00:00,6.04,1.75,329.89,0.0,36.4,20.03,20.54,20.94,1.54,
108,2025-09-12 19:00:00,9.66,3.61,182.49,0.0,43.95,18.58,19.13,19.62,1.24,
108,2025-09-12 20:00:00,9.66,2.35,24.57,0.0,50.64,16.51,17.11,18.05,0.97,
108,2025-09-12 21:00:00,7.24,1.79,0.0,0.0,51.68,14.59,15.38,15.85,0.84,
108,2025-09-12 22:00:00,20.52,9.4,0.0,0.0,70.65,11.2,12.65,14.57,0.44,
108,2025-09-12 23:00:00,19.31,8.78,0.0,0.0,72.58,10.46,10.8,11.02,0.36,
108,2025-09-13 00:00:00,9.66,2.64,0.0,0.0,75.82,9.87,10.01,10.16,0.3,
108,2025-09-13 01:00:00,7.24,1.87,0.0,0.0,81.03,8.28,8.82,9.25,0.22,
108,2025-09-13 02:00:00,6.04,1.96,0.0,0.0,85.19,7.1,7.59,8.17,0.16,
108,2025-09-13 03:00:00,14.48,6.37,0.0,0.0,84.2,8.17,8.44,8.68,0.18,
108,2025-09-13 04:00:00,9.66,5.19,0.0,0.0,82.85,8.67,9.05,9.54,0.2,
108,2025-09-13 05:00:00,14.48,6.54,0.0,0.0,81.89,9.39,9.58,9.8,0.22,
108,2025-09-13 06:00:00,13.28,6.37,0.0,0.0,85.58,9.46,9.72,9.9,0.18,
108,2025-09-13 07:00:00,16.9,6.43,0.0,6.6,92.47,9.08,9.38,9.5,0.09,
108,2025-09-13 08:00:00,13.28,5.66,0.0,5.33,93.21,8.86,8.94,9.0,0.08,
108,2025-09-13 09:00:00,10.86,3.73,16.67,3.06,93.12,8.94,8.98,9.02,0.08,
108,2025-09-13 10:00:00,24.14,11.95,32.46,1.26,88.36,8.43,8.7,9.04,0.13,
108,2025-09-13 11:00:00,20.52,10.14,291.72,0.0,84.26,8.73,9.29,9.92,0.19,
108,2025-09-13 12:00:00,21.73,12.79,772.08,0.0,78.88,10.53,11.28,12.02,0.29,
108,2025-09-13 13:00:00,19.31,9.87,766.38,0.0,73.2,12.48,13.05,13.45,0.4,
108,2025-09-13 14:00:00,16.9,8.28,947.12,0.0,68.02,14.19,14.46,14.59,0.53,
108,2025-09-13 15:00:00,16.9,6.93,860.7,0.0,63.19,14.85,15.28,15.66,0.64,
108,2025-09-13 16:00:00,14.48,5.91,742.69,0.0,62.6,15.93,16.01,16.14,0.68,
108,2025-09-13 17:00:00,12.07,4.54,652.76,0.0,59.58,16.7,16.94,17.16,0.78,
108,2025-09-13 18:00:00,13.28,4.37,453.6,0.0,59.24,17.03,17.36,17.66,0.81,
108,2025-09-13 19:00:00,10.86,5.3,265.4,0.0,57.84,16.59,17.06,17.46,0.82,
108,2025-09-13 20:00:00,9.66,5.24,45.62,0.0,68.6,13.55,14.67,16.03,0.53,
108,2025-09-13 21:00:00,12.07,6.84,0.0,0.0,75.06,12.4,12.82,13.29,0.37,
108,2025-09-13 22:00:00,12.07,6.17,0.0,0.0,76.35,11.6,12.09,12.37,0.33,
108,2025-09-13 23:00:00,18.11,8.57,0.0,0.0,79.67,10.99,11.2,11.47,0.27,
108,2025-09-14 00:00:00,19.31,10.73,0.0,0.0,84.0,10.62,10.79,10.97,0.21,
108,2025-09-14 01:00:00,20.52,10.16,0.0,0.0,84.09,10.27,10.4,10.57,0.2,
108,2025-09-14 02:00:00,13.28,7.89,0.0,0.0,83.95,9.67,9.89,10.09,0.2,
108,2025-09-14 03:00:00,14.48,7.53,0.0,0.0,84.72,9.26,9.41,9.57,0.18,
108,2025-09-14 04:00:00,10.86,5.24,0.0,0.0,85.04,8.81,8.99,9.11,0.17,
108,2025-09-14 05:00:00,7.24,3.44,0.0,0.0,86.38,8.39,8.5,8.64,0.15,
108,2025-09-14 06:00:00,8.45,2.94,0.0,0.0,85.79,8.05,8.24,8.35,0.16,
108,2025-09-14 07:00:00,10.86,3.4,0.0,0.0,86.62,7.21,7.61,7.97,0.14,
108,2025-09-14 08:00:00,8.45,3.7,3.51,0.0,88.81,6.04,6.31,6.78,0.11,
108,2025-09-14 09:00:00,7.24,1.71,78.96,0.0,88.4,5.88,6.22,6.69,0.11,
108,2025-09-14 10:00:00,13.28,6.28,352.26,0.0,85.0,7.03,7.85,8.71,0.16,
108,2025-09-14 11:00:00,15.69,9.22,619.42,0.0,76.71,9.09,10.07,10.97,0.29,
108,2025-09-14 12:00:00,20.52,12.2,605.82,0.0,72.07,11.58,11.98,12.34,0.39,
108,2025-09-14 13:00:00,20.52,12.4,815.07,0.0,67.09,13.02,14.06,15.16,0.53,
108,2025-09-14 14:00:00,19.31,7.56,869.03,0.0,61.75,14.99,15.92,16.59,0.7,
108,2025-09-14 15:00:00,20.52,11.09,654.08,0.0,56.97,16.35,16.47,16.67,0.8,
108,2025-09-14 16:00:00,22.93,10.59,794.02,0.0,53.96,16.73,17.44,17.86,0.92,
108,2025-09-14 17:00:00,21.73,11.32,643.11,0.0,49.6,17.76,18.02,18.34,1.04,
108,2025-09-14 18:00:00,24.14,11.36,521.16,0.0,46.57,17.93,18.22,18.51,1.12,
108,2025-09-14 19:00:00,21.73,11.01,321.99,0.0,52.34,16.86,17.16,17.65,0.93,
108,2025-09-14 20:00:00,15.69,6.35,43.43,0.0,59.48,14.12,15.14,16.26,0.7,
108,2025-09-14 21:00:00,4.83,3.17,0.0,0.0,66.25,12.82,13.21,13.54,0.51,
108,2025-09-14 22:00:00,16.9,5.78,0.0,0.0,71.24,11.08,12.09,12.71,0.41,
108,2025-09-14 23:00:00,7.24,2.37,0.0,0.0,82.24,9.73,10.39,11.1,0.22,
108,2025-09-15 00:00:00,4.83,2.1,0.0,0.0,88.56,8.14,8.6,9.0,0.13,
108,2025-09-15 01:00:00,4.83,1.65,0.0,0.0,91.8,7.38,7.71,7.91,0.09,
108,2025-09-15 02:00:00,2.41,0.33,0.0,0.0,92.39,6.52,6.89,7.35,0.08,
108,2025-09-15 03:00:00,4.83,1.68,0.0,0.0,93.45,6.24,6.34,6.54,0.06,
108,2025-09-15 04:00:00,4.83,0.85,0.0,0.0,93.85,5.55,5.9,6.11,0.06,
108,2025-09-15 05:00:00,4.83,1.12,0.0,0.0,94.59,5.16,5.23,5.31,0.05,
108,2025-09-15 06:00:00,4.83,0.86,0.0,0.0,94.73,4.64,4.78,4.96,0.05,
108,2025-09-15 07:00:00,16.9,3.43,0.0,0.0,95.44,4.7,5.08,5.64,0.04,
108,2025-09-15 08:00:00,13.28,5.66,2.19,0.0,95.85,5.54,5.61,5.66,0.04,
108,2025-09-15 09:00:00,13.28,6.67,64.05,0.0,95.95,5.6,5.67,5.71,0.04,
108,2025-09-15 10:00:00,14.48,8.45,168.45,0.0,95.09,6.2,6.68,7.37,0.05,
108,2025-09-15 11:00:00,15.69,7.62,583.45,0.0,87.52,7.89,8.98,10.23,0.15,
108,2025-09-15 12:00:00,21.73,10.3,719.0,0.0,75.26,11.18,12.32,13.55,0.36,
108,2025-09-15 13:00:00,25.35,13.32,806.74,0.0,64.5,14.02,15.44,16.55,0.63,
108,2025-09-15 14:00:00,25.35,13.11,838.32,0.0,58.37,17.04,17.5,17.93,0.84,
108,2025-09-15 15:00:00,24.14,12.01,824.29,0.0,54.12,18.08,18.61,19.14,0.99,
108,2025-09-15 16:00:00,24.14,13.85,751.03,0.0,50.13,19.46,19.83,20.1,1.15,
108,2025-09-15 17:00:00,24.14,14.17,665.48,0.0,48.76,20.03,20.18,20.28,1.21,
108,2025-09-15 18:00:00,22.93,14.08,469.39,0.0,47.17,20.1,20.2,20.38,1.25,
108,2025-09-15 19:00:00,24.14,12.25,278.13,0.0,48.93,19.02,19.52,19.98,1.16,
108,2025-09-15 20:00:00,13.28,7.3,50.45,0.0,56.92,15.71,16.81,18.25,0.83,
108,2025-09-15 21:00:00,7.24,3.23,0.0,0.0,62.46,12.89,14.03,15.0,0.61,
108,2025-09-15 22:00:00,7.24,3.27,0.0,0.0,67.91,12.1,12.54,12.7,0.47,
108,2025-09-15 23:00:00,12.07,5.25,0.0,0.0,76.57,11.1,11.64,11.99,0.32,
108,2025-09-16 00:00:00,8.45,4.59,0.0,0.0,84.94,10.07,10.55,10.88,0.19,
108,2025-09-16 01:00:00,8.45,3.28,0.0,0.0,86.74,9.3,9.61,9.95,0.16,
108,2025-09-16 02:00:00,4.83,1.06,0.0,0.0,88.15,8.17,8.75,9.14,0.14,
108,2025-09-16 03:00:00,4.83,2.82,0.0,0.0,90.59,7.44,7.63,7.93,0.1,
108,2025-09-16 04:00:00,4.83,1.93,0.0,0.0,90.89,6.83,6.99,7.24,0.09,
108,2025-09-16 05:00:00,0.0,0.0,0.0,0.0,91.19,5.93,6.26,6.6,0.09,
108,2025-09-16 06:00:00,3.62,0.08,0.0,0.0,92.14,5.45,5.76,6.09,0.08,
108,2025-09-16 07:00:00,4.83,1.83,0.0,0.0,92.85,5.26,5.52,5.85,0.07,
108,2025-09-16 08:00:00,4.83,1.92,5.26,0.0,93.36,5.34,5.55,5.79,0.06,
108,2025-09-16 09:00:00,10.86,3.85,101.34,0.0,92.35,6.54,7.27,7.82,0.08,
108,2025-09-16 10:00:00,19.31,8.35,335.15,0.0,89.06,8.28,9.39,11.06,0.13,
108,2025-09-16 11:00:00,22.93,11.7,560.64,0.0,78.14,11.19,12.0,12.72,0.31,
108,2025-09-16 12:00:00,21.73,12.69,764.19,0.0,67.26,13.79,14.7,15.65,0.55,
108,2025-09-16 13:00:00,27.76,13.57,814.2,0.0,60.97,16.11,17.08,18.08,0.76,
108,2025-09-16 14:00:00,27.76,14.86,850.61,0.0,57.99,18.1,19.03,19.59,0.93,
108,2025-09-16 15:00:00,27.76,15.15,832.62,0.0,57.39,19.53,20.1,20.71,1.0,
108,2025-09-16 16:00:00,28.97,17.08,783.49,0.0,54.97,20.36,20.66,20.91,1.1,
108,2025-09-16 17:00:00,30.18,15.16,630.39,0.0,54.59,21.12,21.25,21.42,1.15,
108,2025-09-16 18:00:00,25.35,12.86,451.4,0.0,55.73,21.15,21.34,21.45,1.12,
108,2025-09-16 19:00:00,20.52,9.63,199.16,0.0,60.82,19.42,20.2,20.8,0.93,
108,2025-09-16 20:00:00,12.07,5.84,38.17,0.0,69.02,16.89,17.88,18.87,0.64,
108,2025-09-16 21:00:00,10.86,5.27,0.0,0.0,75.63,15.2,15.6,16.27,0.43,
108,2025-09-16 22:00:00,10.86,4.65,0.0,0.0,77.45,14.3,14.47,14.69,0.37,
108,2025-09-16 23:00:00,7.24,2.35,0.0,0.0,80.88,12.57,13.15,14.0,0.29,
108,2025-09-17 00:00:00,0.0,0.0,0.0,0.0,84.21,11.22,11.75,12.27,0.22,
108,2025-09-17 01:00:00,2.41,0.03,0.0,0.0,87.11,9.75,10.29,10.73,0.16,
108,2025-09-17 02:00:00,3.62,0.15,0.0,0.0,89.08,8.33,8.8,9.26,0.12,
108,2025-09-17 03:00:00,2.41,0.18,0.0,0.0,90.71,7.83,8.15,8.56,0.1,
108,2025-09-17 04:00:00,2.41,0.03,0.0,0.0,91.4,6.99,7.37,7.65,0.09,
108,2025-09-17 05:00:00,3.62,0.68,0.0,0.0,92.06,6.8,6.96,7.18,0.08,
108,2025-09-17 06:00:00,2.41,0.27,0.0,0.0,92.37,5.97,6.56,6.82,0.07,
108,2025-09-17 07:00:00,6.04,1.87,0.0,0.0,93.04,6.44,6.9,7.53,0.07,
108,2025-09-17 08:00:00,7.24,3.38,16.67,0.0,93.48,8.14,8.24,8.45,0.07,
108,2025-09-17 09:00:00,7.24,2.27,63.61,0.0,93.55,8.52,9.02,9.87,0.07,
108,2025-09-17 10:00:00,14.48,7.94,133.8,0.0,93.02,10.53,11.0,11.49,0.09,
108,2025-09-17 11:00:00,19.31,10.05,169.33,0.0,88.34,11.88,12.26,12.61,0.17,
108,2025-09-17 12:00:00,25.35,13.63,254.0,0.0,83.5,12.78,13.2,13.54,0.25,
108,2025-09-17 13:00:00,25.35,13.14,278.13,0.0,78.2,13.84,14.02,14.22,0.35,
108,2025-09-17 14:00:00,21.73,11.94,307.96,0.0,76.21,14.28,14.48,14.75,0.39,
108,2025-09-17 15:00:00,20.52,10.86,339.1,0.0,73.41,14.95,15.27,15.42,0.46,
108,2025-09-17 16:00:00,15.69,9.76,312.78,0.0,72.97,15.29,15.49,15.75,0.48,
108,2025-09-17 17:00:00,19.31,10.16,234.7,0.0,71.18,15.77,15.93,15.99,0.52,
108,2025-09-17 18:00:00,18.11,8.81,194.34,0.0,70.13,15.93,16.07,16.2,0.55,
108,2025-09-17 19:00:00,20.52,8.86,405.78,0.0,69.72,14.81,15.95,17.18,0.55,
108,2025-09-17 20:00:00,16.9,4.76,19.74,0.0,78.37,13.01,13.62,14.35,0.34,
108,2025-09-17 21:00:00,0.0,0.0,0.0,0.0,82.83,11.1,11.75,12.62,0.24,
108,2025-09-17 22:00:00,4.83,0.63,0.0,0.0,86.83,9.65,10.29,10.73,0.17,
108,2025-09-17 23:00:00,0.0,0.0,0.0,0.0,88.72,8.24,9.01,9.78,0.13,
108,2025-09-18 00:00:00,4.83,1.86,0.0,0.0,90.9,7.93,8.89,9.68,0.11,
108,2025-09-18 01:00:00,6.04,0.97,0.0,0.0,89.74,10.22,10.38,10.47,0.13,
108,2025-09-18 02:00:00,6.04,1.75,0.0,0.0,89.24,10.23,10.43,10.57,0.14,
108,2025-09-18 03:00:00,4.83,1.33,0.0,0.0,89.6,9.33,9.67,9.97,0.13,
108,2025-09-18 04:00:00,2.41,0.11,0.0,0.0,91.23,7.94,8.27,8.93,0.1,
108,2025-09-18 05:00:00,0.0,0.0,0.0,0.0,92.0,7.15,7.47,8.04,0.08,
108,2025-09-18 06:00:00,6.04,1.61,0.0,0.0,92.76,7.28,7.73,8.03,0.08,
108,2025-09-18 07:00:00,4.83,0.88,0.0,0.25,92.75,7.44,7.8,7.99,0.08,
108,2025-09-18 08:00:00,3.62,0.3,9.21,0.0,93.14,6.54,6.84,7.15,0.07,
108,2025-09-18 09:00:00,0.0,0.0,100.46,0.0,93.44,6.42,7.22,8.11,0.07,
108,2025-09-18 10:00:00,4.83,0.48,222.85,0.0,93.33,8.56,9.22,10.2,0.08,
108,2025-09-18 11:00:00,7.24,1.84,399.2,0.0,89.04,10.84,11.52,12.3,0.15,
108,2025-09-18 12:00:00,8.45,1.83,848.41,0.0,77.99,13.27,14.2,14.97,0.36,
108,2025-09-18 13:00:00,12.07,3.55,819.9,0.0,69.41,14.75,15.72,16.49,0.55,
108,2025-09-18 14:00:00,12.07,3.35,876.93,0.0,61.63,16.97,17.19,17.56,0.75,
108,2025-09-18 15:00:00,12.07,3.56,848.41,0.0,59.88,17.31,17.88,18.51,0.82,
108,2025-09-18 16:00:00,13.28,4.18,766.82,0.0,58.28,18.66,18.98,19.38,0.92,
108,2025-09-18 17:00:00,15.69,4.98,654.52,0.0,58.29,19.12,19.6,20.01,0.95,
108,2025-09-18 18:00:00,13.28,3.14,495.27,0.0,56.48,19.63,20.15,20.56,1.03,
108,2025-09-18 19:00:00,8.45,0.69,254.44,0.0,58.13,18.73,19.73,20.52,0.97,
108,2025-09-18 20:00:00,12.07,2.99,35.53,0.0,67.05,16.16,17.47,18.66,0.66,
108,2025-09-18 21:00:00,9.66,4.3,0.0,0.0,75.03,14.05,14.71,15.47,0.42,
108,2025-09-18 22:00:00,4.83,1.28,0.0,0.0,79.97,12.43,13.04,13.55,0.3,
108,2025-09-18 23:00:00,3.62,0.41,0.0,0.0,81.69,11.92,12.2,12.67,0.26,
108,2025-09-19 00:00:00,4.83,1.22,0.0,0.0,84.75,11.13,11.29,11.44,0.21,
108,2025-09-19 01:00:00,2.41,0.57,0.0,0.0,87.35,10.36,10.6,10.82,0.17,
108,2025-09-19 02:00:00,4.83,0.5,0.0,0.0,88.1,9.84,10.16,10.42,0.15,
108,2025-09-19 03:00:00,7.24,1.75,0.0,0.0,90.32,9.91,10.16,10.29,0.12,
108,2025-09-19 04:00:00,6.04,0.72,0.0,0.0,90.22,9.43,9.7,10.08,0.12,
108,2025-09-19 05:00:00,3.62,0.66,0.0,0.0,91.46,8.95,9.12,9.32,0.1,
108,2025-09-19 06:00:00,4.83,0.78,0.0,0.0,91.84,8.81,8.94,9.09,0.09,
108,2025-09-19 07:00:00,4.83,1.42,0.0,0.0,92.15,8.68,8.86,9.05,0.09,
108,2025-09-19 08:00:00,3.62,0.21,7.9,0.0,91.96,8.93,8.95,8.97,0.09,
108,2025-09-19 09:00:00,7.24,2.04,94.32,0.0,91.76,9.14,9.57,10.07,0.1,
108,2025-09-19 10:00:00,9.66,5.3,183.37,0.0,89.22,10.44,11.13,11.84,0.15,
108,2025-09-19 11:00:00,10.86,7.12,509.31,0.0,83.36,12.16,13.17,13.88,0.25,
108,2025-09-19 12:00:00,9.66,3.8,818.58,0.0,75.26,14.22,15.18,16.03,0.43,
108,2025-09-19 13:00:00,9.66,2.84,819.02,0.0,68.57,16.19,16.68,17.31,0.6,
108,2025-09-19 14:00:00,10.86,3.32,633.02,0.0,63.76,17.65,17.87,18.04,0.74,
108,2025-09-19 15:00:00,15.69,5.01,569.85,0.0,61.72,18.07,18.52,19.04,0.82,
108,2025-09-19 16:00:00,15.69,6.61,572.04,0.0,57.48,18.91,19.28,19.55,0.95,
108,2025-09-19 17:00:00,12.07,5.87,336.47,0.0,58.95,19.07,19.12,19.18,0.91,
108,2025-09-19 18:00:00,8.45,2.94,291.72,0.0,59.61,18.93,19.05,19.21,0.89,
108,2025-09-19 19:00:00,13.28,5.64,106.6,0.0,69.59,16.8,17.67,18.9,0.62,
108,2025-09-19 20:00:00,4.83,0.55,16.23,0.0,75.31,15.8,16.21,16.66,0.45,
108,2025-09-19 21:00:00,7.24,3.06,0.0,0.0,77.17,14.74,15.04,15.41,0.39,
108,2025-09-19 22:00:00,8.45,3.65,0.0,0.0,76.99,13.96,14.33,14.67,0.38,
108,2025-09-19 23:00:00,14.48,4.83,0.0,0.0,74.9,13.95,14.36,14.69,0.41,
108,2025-09-20 00:00:00,25.35,11.53,0.0,0.0,76.75,13.79,13.88,13.97,0.37,
108,2025-09-20 01:00:00,36.21,18.6,0.0,0.0,76.33,13.81,13.94,14.02,0.38,
108,2025-09-20 02:00:00,37.42,16.1,0.0,1.27,80.63,12.42,13.18,13.79,0.3,
108,2025-09-20 03:00:00,20.52,9.13,0.0,9.4,90.99,11.5,11.76,12.03,0.13,
108,2025-09-20 04:00:00,16.9,6.55,0.0,2.28,92.56,11.47,11.5,11.52,0.1,
108,2025-09-20 05:00:00,14.48,6.37,0.0,0.0,92.8,11.43,11.47,11.54,0.1,
108,2025-09-20 06:00:00,8.45,2.32,0.0,0.0,92.41,11.25,11.37,11.43,0.1,
108,2025-09-20 07:00:00,8.45,2.35,0.0,0.0,92.58,11.18,11.33,11.42,0.1,
108,2025-09-20 08:00:00,7.24,2.9,3.07,0.0,92.82,11.13,11.2,11.25,0.1,
108,2025-09-20 09:00:00,9.66,3.35,47.82,0.0,93.05,11.25,11.38,11.52,0.09,
108,2025-09-20 10:00:00,16.9,7.35,74.14,0.0,92.88,11.74,11.75,11.75,0.1,
108,2025-09-20 11:00:00,18.11,10.46,190.83,0.0,92.03,11.68,11.98,12.37,0.11,
108,2025-09-20 12:00:00,22.93,12.07,261.89,0.5,90.47,12.22,12.43,12.64,0.14,
108,2025-09-20 13:00:00,21.73,9.04,1280.52,1.01,90.56,12.3,12.82,13.52,0.14,
108,2025-09-20 14:00:00,19.31,10.25,386.04,0.0,88.23,12.94,13.19,13.45,0.18,
108,2025-09-20 15:00:00,21.73,11.42,979.14,0.0,83.32,14.05,14.87,15.62,0.28,
108,2025-09-20 16:00:00,26.55,12.33,571.17,0.0,73.47,14.86,15.81,16.87,0.49,
108,2025-09-20 17:00:00,31.38,16.66,837.88,0.0,60.7,16.13,16.46,16.76,0.74,
108,2025-09-20 18:00:00,32.59,16.03,243.03,0.0,60.68,15.25,15.6,15.97,0.7,
108,2025-09-20 19:00:00,20.52,9.76,240.4,0.76,71.55,13.06,14.43,15.41,0.48,
108,2025-09-20 20:00:00,19.31,8.58,62.29,0.25,81.9,12.02,12.56,13.22,0.27,
108,2025-09-20 21:00:00,10.86,4.17,0.0,0.51,87.56,11.57,11.72,11.84,0.17,
108,2025-09-20 22:00:00,12.07,5.75,0.0,0.0,87.1,11.32,11.55,11.67,0.17,
108,2025-09-20 23:00:00,9.66,4.01,0.0,0.0,88.71,10.8,10.94,11.1,0.15,
108,2025-09-21 00:00:00,13.28,6.88,0.0,3.55,90.9,10.54,10.6,10.71,0.12,
108,2025-09-21 01:00:00,14.48,6.61,0.0,0.0,91.24,9.52,9.99,10.33,0.11,
108,2025-09-21 02:00:00,21.73,11.94,0.0,0.5,91.55,8.56,8.83,9.18,0.1,
108,2025-09-21 03:00:00,16.9,8.56,0.0,0.5,91.93,8.5,8.59,8.68,0.09,
108,2025-09-21 04:00:00,13.28,6.16,0.0,0.5,91.75,8.49,8.55,8.59,0.09,
108,2025-09-21 05:00:00,14.48,7.02,0.0,0.0,91.93,8.39,8.52,8.6,0.09,
108,2025-09-21 06:00:00,14.48,7.85,0.0,0.25,92.1,8.47,8.54,8.59,0.09,
108,2025-09-21 07:00:00,16.9,8.33,0.0,1.27,91.53,8.35,8.42,8.5,0.09,
108,2025-09-21 08:00:00,16.9,7.34,0.0,1.27,92.24,8.32,8.32,8.33,0.09,
108,2025-09-21 09:00:00,16.9,9.19,200.92,0.0,92.65,8.32,8.57,8.98,0.08,
108,2025-09-21 10:00:00,22.93,11.5,136.87,0.0,92.2,9.23,9.28,9.37,0.09,
108,2025-09-21 11:00:00,20.52,10.21,196.97,1.52,92.1,9.17,9.29,9.61,0.09,
108,2025-09-21 12:00:00,20.52,11.65,400.52,0.0,90.84,9.9,10.27,10.68,0.12,
108,2025-09-21 13:00:00,24.14,12.07,414.12,1.01,89.33,10.53,10.7,10.88,0.14,
108,2025-09-21 14:00:00,20.52,9.35,322.43,1.77,86.81,10.8,11.11,11.32,0.18,
108,2025-09-21 15:00:00,18.11,8.44,690.05,0.5,86.88,10.88,11.52,12.05,0.18,
108,2025-09-21 16:00:00,20.52,10.83,998.44,0.25,85.07,11.61,12.06,12.61,0.21,
108,2025-09-21 17:00:00,22.93,10.74,639.16,0.0,79.62,12.32,12.93,13.55,0.31,
108,2025-09-21 18:00:00,18.11,9.66,536.95,0.0,74.76,13.58,13.73,13.86,0.4,
108,2025-09-21 19:00:00,16.9,9.42,55.71,0.0,77.7,12.62,12.87,13.23,0.33,
108,2025-09-21 20:00:00,9.66,3.55,23.25,0.0,79.71,10.4,11.16,12.17,0.27,
108,2025-09-21 21:00:00,9.66,2.91,0.0,0.0,83.28,10.26,10.4,10.48,0.22,
108,2025-09-21 22:00:00,4.83,1.45,0.0,0.0,85.56,10.05,10.33,10.47,0.18,
108,2025-09-21 23:00:00,3.62,0.27,0.0,0.0,88.3,8.68,9.23,9.58,0.14,
108,2025-09-22 00:00:00,6.04,1.84,0.0,0.0,92.39,7.39,7.86,8.6,0.08,
108,2025-09-22 01:00:00,12.07,6.49,0.0,0.25,91.39,7.09,7.35,7.67,0.09,
108,2025-09-22 02:00:00,8.45,1.84,0.0,0.0,89.59,6.13,6.57,7.04,0.1,
108,2025-09-22 03:00:00,3.62,0.54,0.0,0.0,92.17,5.55,5.79,6.14,0.08,
108,2025-09-22 04:00:00,4.83,0.8,0.0,0.0,93.18,4.86,4.97,5.12,0.06,
108,2025-09-22 05:00:00,3.62,0.53,0.0,0.0,93.5,4.48,4.56,4.7,0.06,
108,2025-09-22 06:00:00,2.41,0.06,0.0,0.0,93.84,3.82,4.1,4.4,0.05,
108,2025-09-22 07:00:00,4.83,1.41,0.0,0.0,94.08,3.45,3.58,3.66,0.05,
108,2025-09-22 08:00:00,6.04,2.23,20.18,0.0,94.4,3.49,3.61,3.82,0.05,
108,2025-09-22 09:00:00,12.07,5.07,203.11,0.0,94.83,3.99,4.7,5.4,0.04,
108,2025-09-22 10:00:00,13.28,5.39,314.1,0.0,94.5,5.21,6.08,7.03,0.05,
108,2025-09-22 11:00:00,18.11,6.26,516.33,0.0,89.22,7.65,8.54,9.78,0.12,
108,2025-09-22 12:00:00,16.9,8.9,540.9,0.0,83.3,9.78,10.58,11.36,0.22,
108,2025-09-22 13:00:00,20.52,11.29,934.83,0.0,76.04,11.74,12.33,12.68,0.34,
108,2025-09-22 14:00:00,19.31,9.1,864.64,0.0,68.91,13.4,13.65,14.03,0.49,
108,2025-09-22 15:00:00,16.9,7.62,855.87,0.0,64.64,14.0,14.89,15.47,0.6,
108,2025-09-22 16:00:00,18.11,10.02,801.04,0.0,61.36,15.73,16.05,16.27,0.71,
108,2025-09-22 17:00:00,19.31,9.54,579.94,0.0,58.67,16.85,17.08,17.25,0.81,
108,2025-09-22 18:00:00,18.11,9.73,453.6,0.0,54.64,16.9,17.25,17.68,0.89,
108,2025-09-22 19:00:00,19.31,8.78,284.71,0.0,61.41,15.73,16.45,16.92,0.73,
108,2025-09-22 20:00:00,10.86,6.02,63.61,0.0,71.38,13.81,14.57,15.31,0.48,
108,2025-09-22 21:00:00,13.28,7.68,0.0,0.0,75.1,12.53,12.95,13.37,0.37,
108,2025-09-22 22:00:00,12.07,6.23,0.0,0.0,74.18,11.52,12.0,12.47,0.37,
108,2025-09-22 23:00:00,8.45,3.56,0.0,0.0,78.98,10.33,10.69,10.99,0.27,
108,2025-09-23 00:00:00,7.24,3.97,0.0,0.0,81.68,9.58,10.04,10.39,0.23,
108,2025-09-23 01:00:00,7.24,3.59,0.0,0.0,86.25,8.18,8.65,9.21,0.15,
108,2025-09-23 02:00:00,6.04,2.1,0.0,0.0,87.7,7.93,8.01,8.08,0.13,
108,2025-09-23 03:00:00,3.62,1.04,0.0,0.0,88.99,7.66,7.7,7.76,0.12,
108,2025-09-23 04:00:00,0.0,0.0,0.0,0.0,89.14,7.44,7.57,7.74,0.12,
108,2025-09-23 05:00:00,0.0,0.0,0.0,0.0,88.85,7.5,7.74,7.94,0.12,
108,2025-09-23 06:00:00,0.0,0.0,0.0,0.0,90.11,7.44,7.54,7.67,0.1,
108,2025-09-23 07:00:00,0.0,0.0,0.0,0.0,90.15,6.93,7.06,7.44,0.1,
108,2025-09-23 08:00:00,0.0,0.0,2.19,0.0,91.09,7.1,7.25,7.37,0.09,
108,2025-09-23 09:00:00,3.62,0.15,69.75,0.0,90.5,7.63,8.1,8.66,0.1,
108,2025-09-23 10:00:00,7.24,2.61,439.12,0.0,84.68,9.37,10.02,10.78,0.19,
108,2025-09-23 11:00:00,14.48,5.75,572.48,0.0,79.47,10.98,11.41,11.96,0.28,
108,2025-09-23 12:00:00,15.69,6.44,766.82,0.0,73.39,12.5,13.28,14.03,0.41,
108,2025-09-23 13:00:00,12.07,4.09,844.9,0.0,67.42,14.59,15.13,15.75,0.56,
108,2025-09-23 14:00:00,12.07,2.76,864.64,0.0,61.81,16.13,16.74,17.17,0.73,
108,2025-09-23 15:00:00,12.07,3.41,855.43,0.0,57.54,17.24,17.69,18.18,0.86,
108,2025-09-23 16:00:00,8.45,3.12,823.85,0.0,54.03,18.28,19.22,19.76,1.03,
108,2025-09-23 17:00:00,10.86,4.16,843.15,0.0,50.01,19.59,20.01,20.34,1.17,
108,2025-09-23 18:00:00,13.28,6.87,570.73,0.0,50.38,20.0,20.05,20.14,1.16,
108,2025-09-23 19:00:00,12.07,6.19,295.67,0.0,52.49,19.14,19.59,20.18,1.09,
108,2025-09-23 20:00:00,7.24,3.36,50.45,0.0,62.73,16.34,17.38,18.27,0.75,
108,2025-09-23 21:00:00,6.04,2.58,0.0,0.0,70.07,14.65,15.23,16.0,0.52,
108,2025-09-23 22:00:00,8.45,4.35,0.0,0.0,72.66,13.29,13.74,14.27,0.43,
108,2025-09-23 23:00:00,8.45,2.93,0.0,0.0,77.75,11.6,12.27,12.98,0.32,
108,2025-09-24 00:00:00,13.28,6.39,0.0,0.0,82.15,10.74,11.34,11.71,0.24,
108,2025-09-24 01:00:00,7.24,3.91,0.0,0.0,87.62,9.9,10.11,10.25,0.16,
108,2025-09-24 02:00:00,8.45,2.96,0.0,0.0,90.08,9.05,9.42,9.8,0.12,
108,2025-09-24 03:00:00,8.45,3.52,0.0,0.0,91.81,8.39,8.57,8.74,0.09,
108,2025-09-24 04:00:00,6.04,0.74,0.0,0.0,91.8,8.24,8.34,8.45,0.09,
108,2025-09-24 05:00:00,4.83,0.73,0.0,0.0,92.75,7.24,7.43,7.65,0.08,
108,2025-09-24 06:00:00,2.41,0.14,0.0,0.0,92.96,6.48,6.82,7.17,0.07,
108,2025-09-24 07:00:00,4.83,1.43,0.0,0.0,93.68,6.19,6.4,6.65,0.06,
108,2025-09-24 08:00:00,0.0,0.0,15.79,0.0,93.35,5.54,5.88,6.2,0.06,
108,2025-09-24 09:00:00,7.24,1.48,204.43,0.0,92.93,6.48,7.66,8.68,0.08,
108,2025-09-24 10:00:00,16.9,6.82,472.02,0.0,84.89,9.43,10.16,11.03,0.19,
108,2025-09-24 11:00:00,13.28,6.7,630.83,0.0,78.26,11.75,12.28,12.99,0.31,
108,2025-09-24 12:00:00,10.86,1.99,747.08,0.0,72.5,13.65,14.59,15.37,0.46,
108,2025-09-24 13:00:00,14.48,5.78,850.17,0.0,66.36,15.59,16.26,17.06,0.63,
108,2025-09-24 14:00:00,14.48,6.73,947.99,0.0,61.06,17.64,18.35,18.82,0.82,
108,2025-09-24 15:00:00,13.28,6.52,957.65,0.0,55.51,19.22,20.26,21.11,1.06,
108,2025-09-24 16:00:00,14.48,5.98,861.57,0.0,52.45,21.22,21.83,22.32,1.25,
108,2025-09-24 17:00:00,13.28,5.34,698.82,0.0,48.1,22.83,23.13,23.52,1.47,
108,2025-09-24 18:00:00,12.07,4.48,521.59,0.0,45.49,23.55,23.97,24.3,1.62,
108,2025-09-24 19:00:00,9.66,2.84,285.14,0.0,44.8,23.8,24.14,24.34,1.66,
108,2025-09-24 20:00:00,2.41,0.06,67.56,0.0,53.91,19.92,21.97,23.45,1.23,
108,2025-09-24 21:00:00,0.0,0.0,0.0,0.0,71.5,15.75,17.22,18.83,0.57,
108,2025-09-24 22:00:00,0.0,0.0,0.0,0.0,79.48,14.14,14.5,15.21,0.34,
108,2025-09-24 23:00:00,0.0,0.0,0.0,0.0,84.39,12.94,13.3,13.69,0.24,
108,2025-09-25 00:00:00,0.0,0.0,0.0,0.0,86.95,10.88,11.73,12.62,0.18,
108,2025-09-25 01:00:00,0.0,0.0,0.0,0.0,90.09,10.46,10.89,11.15,0.13,
108,2025-09-25 02:00:00,4.83,0.79,0.0,0.0,92.36,10.46,10.6,10.8,0.1,
108,2025-09-25 03:00:00,3.62,0.77,0.0,0.0,92.06,9.25,9.64,10.13,0.1,
108,2025-09-25 04:00:00,0.0,0.0,0.0,0.0,92.69,8.97,9.24,9.85,0.09,
108,2025-09-25 05:00:00,2.41,0.2,0.0,0.0,92.95,8.24,8.46,8.87,0.08,
108,2025-09-25 06:00:00,8.45,2.16,0.0,0.0,93.39,7.91,8.41,8.73,0.07,
108,2025-09-25 07:00:00,9.66,3.62,0.0,0.0,93.24,8.59,8.89,9.22,0.08,
108,2025-09-25 08:00:00,9.66,4.45,16.67,0.25,90.04,9.29,9.41,9.68,0.12,
108,2025-09-25 09:00:00,12.07,4.44,259.26,0.0,88.87,9.67,10.76,12.25,0.15,
108,2025-09-25 10:00:00,14.48,8.12,391.31,0.0,76.27,13.15,14.41,15.65,0.4,
108,2025-09-25 11:00:00,16.9,7.92,614.16,0.0,65.73,16.17,17.09,18.03,0.67,
108,2025-09-25 12:00:00,13.28,6.28,765.94,0.0,51.94,18.62,19.12,19.7,1.07,
108,2025-09-25 13:00:00,16.9,6.88,887.89,0.0,40.78,19.87,20.97,21.78,1.48,
108,2025-09-25 14:00:00,20.52,9.76,948.87,0.0,33.01,22.12,22.58,22.78,1.84,
108,2025-09-25 15:00:00,19.31,11.81,935.71,0.0,35.72,22.8,22.92,22.97,1.8,
108,2025-09-25 16:00:00,25.35,12.31,802.79,0.0,50.36,21.05,21.79,23.15,1.3,
108,2025-09-25 17:00:00,22.93,11.51,631.7,0.0,59.85,20.03,20.2,20.57,0.95,
108,2025-09-25 18:00:00,24.14,11.56,599.24,0.0,57.7,19.07,19.47,20.08,0.96,
108,2025-09-25 19:00:00,25.35,12.51,263.65,0.0,55.2,16.86,17.9,18.87,0.92,
108,2025-09-25 20:00:00,21.73,4.21,57.91,0.0,66.14,14.37,15.58,16.37,0.6,
108,2025-09-25 21:00:00,18.11,5.63,0.0,0.0,73.15,13.19,13.54,14.06,0.42,
108,2025-09-25 22:00:00,3.62,1.06,0.0,0.0,76.84,11.85,12.36,12.88,0.34,
108,2025-09-25 23:00:00,9.66,1.86,0.0,0.0,82.24,11.3,11.38,11.43,0.24,
108,2025-09-26 00:00:00,8.45,3.09,0.0,0.0,83.99,10.2,10.74,11.13,0.21,
108,2025-09-26 01:00:00,6.04,1.33,0.0,0.0,86.77,9.7,9.89,10.04,0.16,
108,2025-09-26 02:00:00,2.41,0.17,0.0,0.0,88.39,9.71,9.81,9.88,0.14,
108,2025-09-26 03:00:00,4.83,0.75,0.0,0.0,89.14,10.15,10.34,10.57,0.14,
108,2025-09-26 04:00:00,8.45,3.41,0.0,0.0,89.61,10.56,10.68,10.73,0.13,
108,2025-09-26 05:00:00,9.66,4.57,0.0,1.53,92.8,10.5,10.67,10.85,0.1,
108,2025-09-26 06:00:00,12.07,5.7,0.0,0.25,93.56,10.92,10.96,10.99,0.08,
108,2025-09-26 07:00:00,10.86,5.27,0.0,1.52,93.56,10.85,10.93,11.02,0.09,
108,2025-09-26 08:00:00,9.66,4.2,4.39,2.79,93.8,10.85,10.88,10.9,0.08,
108,2025-09-26 09:00:00,7.24,2.16,21.93,1.78,93.74,10.98,11.11,11.26,0.08,
108,2025-09-26 10:00:00,7.24,2.82,96.07,0.76,93.7,11.29,11.39,11.53,0.09,
108,2025-09-26 11:00:00,10.86,4.27,289.53,0.0,93.41,11.5,11.89,12.25,0.09,
108,2025-09-26 12:00:00,8.45,1.33,407.1,0.0,87.17,12.33,12.8,13.16,0.19,
108,2025-09-26 13:00:00,12.07,3.5,218.46,0.0,74.6,13.26,13.44,13.65,0.39,
108,2025-09-26 14:00:00,8.45,2.54,325.94,0.0,72.8,13.58,13.91,14.16,0.43,
108,2025-09-26 15:00:00,21.73,9.85,389.55,0.0,80.06,13.23,13.71,14.47,0.32,
108,2025-09-26 16:00:00,33.8,16.96,1015.11,0.0,75.27,13.72,13.86,14.13,0.39,
108,2025-09-26 17:00:00,36.21,18.24,379.02,0.0,66.88,12.91,13.29,13.86,0.51,
108,2025-09-26 18:00:00,24.14,10.43,89.93,0.76,74.44,11.26,11.82,12.92,0.36,
108,2025-09-26 19:00:00,19.31,8.37,44.31,1.01,83.19,10.6,10.82,11.15,0.22,
108,2025-09-26 20:00:00,18.11,6.14,30.71,0.0,84.65,10.63,10.71,10.8,0.2,
108,2025-09-26 21:00:00,4.83,0.7,0.0,0.0,84.41,9.88,10.24,10.5,0.19,
108,2025-09-26 22:00:00,9.66,4.59,0.0,0.0,85.04,9.95,10.0,10.13,0.19,
108,2025-09-26 23:00:00,4.83,0.95,0.0,0.0,86.01,9.18,9.49,9.84,0.17,
108,2025-09-27 00:00:00,3.62,0.57,0.0,0.0,88.16,8.43,8.79,8.97,0.13,
108,2025-09-27 01:00:00,0.0,0.0,0.0,0.0,89.72,7.63,7.83,8.14,0.11,
108,2025-09-27 02:00:00,0.0,0.0,0.0,0.0,90.07,6.6,7.08,7.72,0.1,
108,2025-09-27 03:00:00,0.0,0.0,0.0,0.0,91.84,5.78,6.09,6.3,0.08,
108,2025-09-27 04:00:00,0.0,0.0,0.0,0.25,92.61,4.5,4.9,5.61,0.07,
108,2025-09-27 05:00:00,6.04,0.88,0.0,0.0,93.71,4.63,4.8,5.13,0.06,
108,2025-09-27 06:00:00,6.04,1.75,0.0,0.0,94.22,4.19,4.56,4.81,0.05,
108,2025-09-27 07:00:00,4.83,0.39,0.0,0.0,93.94,3.8,4.08,4.43,0.05,
108,2025-09-27 08:00:00,4.83,0.47,18.42,0.0,94.11,3.09,3.47,3.74,0.05,
108,2025-09-27 09:00:00,10.86,3.3,221.1,0.0,94.71,3.8,4.68,5.26,0.05,
108,2025-09-27 10:00:00,10.86,6.85,278.56,0.0,95.44,5.38,6.04,6.9,0.05,
108,2025-09-27 11:00:00,13.28,6.23,622.93,0.0,91.96,7.49,9.2,10.78,0.1,
108,2025-09-27 12:00:00,15.69,5.14,792.7,0.0,75.16,11.98,13.09,13.97,0.38,
108,2025-09-27 13:00:00,15.69,6.5,869.47,0.0,64.37,14.33,15.16,15.79,0.61,
108,2025-09-27 14:00:00,20.52,8.94,892.28,0.0,59.31,16.35,16.57,16.9,0.77,
108,2025-09-27 15:00:00,22.93,10.38,888.33,0.0,56.42,17.31,17.53,17.8,0.88,
108,2025-09-27 16:00:00,20.52,10.52,819.02,0.0,48.82,18.63,18.77,19.0,1.11,
108,2025-09-27 17:00:00,21.73,11.03,703.65,0.0,46.49,19.12,19.23,19.32,1.19,
108,2025-09-27 18:00:00,19.31,7.97,543.97,0.0,44.64,19.34,19.56,19.67,1.26,
108,2025-09-27 19:00:00,14.48,7.32,305.32,0.0,49.08,18.87,19.36,19.83,1.15,
108,2025-09-27 20:00:00,12.07,6.34,75.89,0.0,60.62,15.31,16.67,18.18,0.76,
108,2025-09-27 21:00:00,4.83,1.81,0.0,0.0,68.92,13.54,14.18,14.86,0.5,
108,2025-09-27 22:00:00,7.24,2.17,0.0,0.0,72.64,12.77,13.18,13.66,0.42,
108,2025-09-27 23:00:00,3.62,0.35,0.0,0.0,77.55,10.42,11.53,12.34,0.31,
108,2025-09-28 00:00:00,4.83,1.87,0.0,0.0,83.76,9.73,10.12,10.36,0.2,
108,2025-09-28 01:00:00,4.83,1.71,0.0,0.0,88.65,9.04,9.27,9.56,0.14,
108,2025-09-28 02:00:00,6.04,2.76,0.0,0.0,91.03,8.97,9.06,9.17,0.1,
108,2025-09-28 03:00:00,10.86,4.15,0.0,0.0,89.09,8.89,9.05,9.26,0.13,
108,2025-09-28 04:00:00,4.83,2.2,0.0,0.0,89.12,7.55,7.92,8.24,0.12,
108,2025-09-28 05:00:00,8.45,3.11,0.0,0.0,90.05,6.97,7.2,7.35,0.1,
108,2025-09-28 06:00:00,4.83,1.03,0.0,0.0,90.79,6.51,6.69,7.0,0.09,
108,2025-09-28 07:00:00,0.0,0.0,0.0,0.0,91.0,6.39,6.62,6.9,0.09,
108,2025-09-28 08:00:00,4.83,0.89,27.64,0.0,91.3,6.25,6.39,6.62,0.08,
108,2025-09-28 09:00:00,7.24,2.21,189.95,0.0,90.74,6.89,7.78,8.63,0.1,
108,2025-09-28 10:00:00,12.07,6.79,305.32,0.0,86.38,9.28,9.84,10.6,0.17,
108,2025-09-28 11:00:00,14.48,7.64,533.44,0.0,79.76,11.16,12.17,13.13,0.29,
108,2025-09-28 12:00:00,19.31,8.1,793.58,0.0,70.63,13.55,14.45,15.42,0.49,
108,2025-09-28 13:00:00,16.9,7.67,811.56,0.0,66.83,16.0,16.54,17.06,0.63,
108,2025-09-28 14:00:00,19.31,10.26,661.1,0.0,66.56,16.96,17.13,17.29,0.66,
108,2025-09-28 15:00:00,19.31,8.21,342.61,0.0,68.27,17.06,17.12,17.17,0.62,
108,2025-09-28 16:00:00,15.69,8.34,378.14,0.0,67.78,17.42,17.74,17.97,0.65,
108,2025-09-28 17:00:00,16.9,8.41,291.72,0.0,68.69,17.65,17.8,17.97,0.64,
108,2025-09-28 18:00:00,14.48,7.95,150.03,0.0,73.09,16.69,17.07,17.45,0.52,
108,2025-09-28 19:00:00,13.28,6.2,63.61,0.0,77.23,15.96,16.25,16.55,0.42,
108,2025-09-28 20:00:00,10.86,5.18,22.37,0.0,80.51,15.13,15.4,15.69,0.34,
108,2025-09-28 21:00:00,13.28,5.61,0.0,0.0,86.95,13.91,14.21,14.59,0.21,
108,2025-09-28 22:00:00,12.07,5.19,0.0,0.0,88.42,13.23,13.44,13.68,0.18,
108,2025-09-28 23:00:00,15.69,6.23,0.0,0.0,90.0,12.55,12.82,13.03,0.15,
108,2025-09-29 00:00:00,13.28,5.64,0.0,0.0,91.42,12.02,12.23,12.4,0.12,
108,2025-09-29 01:00:00,20.52,10.17,0.0,0.0,90.95,11.92,11.95,11.99,0.13,
108,2025-09-29 02:00:00,16.9,8.52,0.0,0.0,89.86,11.95,11.97,12.0,0.14,
108,2025-09-29 03:00:00,13.28,6.59,0.0,0.0,88.58,11.87,11.91,11.92,0.16,
108,2025-09-29 04:00:00,10.86,5.43,0.0,0.0,88.81,11.63,11.69,11.77,0.16,
108,2025-09-29 05:00:00,8.45,4.42,0.0,0.0,89.37,11.54,11.57,11.61,0.15,
108,2025-09-29 06:00:00,16.9,6.91,0.0,0.0,88.56,11.5,11.52,11.56,0.16,
108,2025-09-29 07:00:00,19.31,10.09,0.0,0.0,85.46,10.97,11.17,11.4,0.19,
108,2025-09-29 08:00:00,20.52,9.94,15.35,0.0,84.95,10.2,10.43,10.6,0.19,
108,2025-09-29 09:00:00,20.52,10.94,104.41,0.0,84.59,9.35,9.7,9.97,0.19,
108,2025-09-29 10:00:00,22.93,9.93,208.37,0.0,83.18,9.37,9.65,10.11,0.2,
108,2025-09-29 11:00:00,15.69,8.71,553.62,0.0,77.82,10.29,11.32,12.55,0.3,
108,2025-09-29 12:00:00,21.73,11.0,565.02,0.0,67.56,12.92,13.73,14.55,0.51,
108,2025-09-29 13:00:00,24.14,12.98,881.75,0.0,62.91,14.44,14.99,15.3,0.63,
108,2025-09-29 14:00:00,22.93,9.84,898.42,0.0,60.35,16.03,16.36,16.62,0.74,
108,2025-09-29 15:00:00,19.31,9.01,887.46,0.0,60.07,16.21,16.74,17.0,0.76,
108,2025-09-29 16:00:00,21.73,10.85,834.38,0.0,57.91,17.17,17.35,17.45,0.83,
108,2025-09-29 17:00:00,20.52,11.18,714.61,0.0,53.5,17.62,17.79,17.86,0.95,
108,2025-09-29 18:00:00,21.73,12.79,512.38,0.0,50.62,17.64,17.88,18.04,1.01,
108,2025-09-29 19:00:00,24.14,13.41,317.17,0.0,50.12,16.83,17.34,17.9,0.99,
108,2025-09-29 20:00:00,19.31,8.24,85.98,0.0,56.9,13.96,15.12,16.27,0.75,
108,2025-09-29 21:00:00,14.48,7.54,0.0,0.0,65.95,12.89,13.02,13.27,0.51,
108,2025-09-29 22:00:00,14.48,7.03,0.0,0.0,69.09,10.98,11.9,12.61,0.43,
108,2025-09-29 23:00:00,9.66,5.11,0.0,0.0,80.07,9.43,10.0,10.68,0.25,
108,2025-09-30 00:00:00,12.07,6.43,0.0,0.0,85.55,8.73,9.05,9.42,0.17,
108,2025-09-30 01:00:00,13.28,6.65,0.0,0.0,87.28,7.99,8.3,8.63,0.14,
108,2025-09-30 02:00:00,13.28,6.55,0.0,0.0,86.34,7.73,7.87,7.99,0.15,
108,2025-09-30 03:00:00,9.66,2.28,0.0,0.0,86.01,6.31,7.17,7.8,0.14,
108,2025-09-30 04:00:00,12.07,3.24,0.0,0.0,88.28,5.79,6.06,6.37,0.11,
108,2025-09-30 05:00:00,10.86,3.5,0.0,0.0,88.92,5.33,5.53,5.89,0.1,
108,2025-09-30 06:00:00,4.83,0.86,0.0,0.0,89.35,4.76,5.24,5.71,0.09,
108,2025-09-30 07:00:00,10.86,2.47,0.0,0.0,90.21,4.92,5.3,5.52,0.09,
108,2025-09-30 08:00:00,8.45,2.48,26.76,0.0,89.69,5.05,5.29,5.72,0.09,
108,2025-09-30 09:00:00,20.52,7.76,291.29,0.0,84.87,6.38,7.23,8.05,0.16,
108,2025-09-30 10:00:00,27.76,13.28,504.92,0.0,73.78,8.94,10.19,11.29,0.33,
108,2025-09-30 11:00:00,32.59,16.66,664.6,0.0,62.47,12.15,13.22,14.23,0.57,
108,2025-09-30 12:00:00,36.21,17.95,829.11,0.0,56.59,14.79,15.46,15.85,0.76,
108,2025-09-30 13:00:00,37.42,21.44,902.81,0.0,53.34,16.56,17.27,17.93,0.92,
108,2025-09-30 14:00:00,37.42,20.79,919.48,0.0,50.8,18.0,18.43,18.93,1.04,
108,2025-09-30 15:00:00,37.42,21.61,913.34,0.0,48.91,19.42,19.75,20.34,1.18,
108,2025-09-30 16:00:00,39.83,21.97,829.11,0.0,49.9,20.26,20.55,20.77,1.21,
108,2025-09-30 17:00:00,37.42,21.59,692.24,0.0,49.14,20.81,20.96,21.07,1.26,
108,2025-09-30 18:00:00,41.04,20.93,536.51,0.0,48.39,20.8,20.91,21.02,1.28,
108,2025-09-30 19:00:00,35.0,16.25,298.74,0.0,51.11,19.63,20.08,20.4,1.15,
108,2025-09-30 20:00:00,24.14,12.49,70.19,0.0,55.28,17.38,18.17,18.97,0.93,
108,2025-09-30 21:00:00,21.73,9.61,0.0,0.0,62.72,15.45,15.88,16.47,0.68,
108,2025-09-30 22:00:00,19.31,9.82,0.0,0.0,66.75,14.17,14.67,15.06,0.56,
108,2025-09-30 23:00:00,18.11,8.27,0.0,0.0,70.09,13.03,13.48,13.96,0.46,
108,2025-10-01 00:00:00,12.07,6.4,0.0,0.0,73.83,11.65,12.07,12.57,0.37,
108,2025-10-01 01:00:00,9.66,4.56,0.0,0.0,78.16,10.51,10.84,11.33,0.29,
108,2025-10-01 02:00:00,9.66,3.46,0.0,0.0,81.88,9.61,9.93,10.27,0.22,
108,2025-10-01 03:00:00,13.28,6.91,0.0,0.0,84.67,9.19,9.24,9.29,0.18,
108,2025-10-01 04:00:00,12.07,3.5,0.0,0.0,86.96,8.11,8.64,9.0,0.15,
108,2025-10-01 05:00:00,7.24,3.74,0.0,0.0,90.82,7.48,7.59,7.67,0.1,
108,2025-10-01 06:00:00,8.45,2.58,0.0,0.0,92.07,6.59,6.95,7.41,0.08,
108,2025-10-01 07:00:00,9.66,4.82,0.0,0.0,92.94,6.58,6.65,6.73,0.07,
108,2025-10-01 08:00:00,13.28,6.29,22.37,0.0,92.21,7.22,7.58,7.82,0.08,
108,2025-10-01 09:00:00,19.31,10.95,65.36,0.0,91.07,7.82,7.94,8.04,0.1,
108,2025-10-01 10:00:00,18.11,10.11,223.73,0.0,89.62,8.08,8.31,8.49,0.12,
108,2025-10-01 11:00:00,14.48,6.44,501.85,0.0,86.38,8.71,9.17,9.61,0.16,
108,2025-10-01 12:00:00,13.28,3.55,923.87,0.0,81.6,10.29,11.31,12.26,0.25,
108,2025-10-01 13:00:00,12.07,3.74,912.02,0.0,75.87,12.62,13.78,15.07,0.38,
108,2025-10-01 14:00:00,18.11,7.68,929.57,0.0,67.82,15.42,16.76,17.61,0.62,
108,2025-10-01 15:00:00,22.93,10.25,901.06,0.0,60.76,18.8,19.41,20.62,0.89,
108,2025-10-01 16:00:00,25.35,10.65,847.1,0.0,54.76,20.97,21.17,21.41,1.14,
108,2025-10-01 17:00:00,21.73,10.74,690.93,0.0,50.25,21.97,22.31,22.66,1.34,
108,2025-10-01 18:00:00,20.52,11.27,525.98,0.0,48.14,22.43,22.61,22.83,1.43,
108,2025-10-01 19:00:00,19.31,9.49,326.82,0.0,47.7,22.03,22.25,22.4,1.4,
108,2025-10-01 20:00:00,7.24,2.88,92.56,0.0,57.32,18.36,19.96,21.56,1.01,
108,2025-10-01 21:00:00,8.45,2.99,0.0,0.0,63.43,16.47,17.05,17.52,0.71,
108,2025-10-01 22:00:00,8.45,3.22,0.0,0.0,63.97,14.81,15.78,16.42,0.65,
108,2025-10-01 23:00:00,6.04,1.0,0.0,0.0,71.51,12.71,13.54,14.48,0.44,
108,2025-10-02 00:00:00,6.04,1.69,0.0,0.0,76.47,11.03,11.87,12.57,0.33,
108,2025-10-02 01:00:00,7.24,2.93,0.0,0.0,80.16,10.07,10.47,10.8,0.25,
108,2025-10-02 02:00:00,6.04,0.74,0.0,0.0,82.99,9.01,9.55,10.4,0.2,
108,2025-10-02 03:00:00,4.83,0.71,0.0,0.0,86.79,8.36,8.76,8.97,0.15,
108,2025-10-02 04:00:00,6.04,2.02,0.0,0.0,89.54,7.82,7.98,8.07,0.11,
108,2025-10-02 05:00:00,6.04,2.13,0.0,0.0,91.33,7.41,7.56,7.83,0.09,
108,2025-10-02 06:00:00,4.83,1.1,0.0,0.0,92.7,6.73,6.87,7.03,0.07,
108,2025-10-02 07:00:00,3.62,0.2,0.0,0.0,93.32,6.45,6.69,6.94,0.07,
108,2025-10-02 08:00:00,18.11,4.27,22.81,0.0,94.47,6.52,7.11,7.83,0.06,
108,2025-10-02 09:00:00,19.31,9.18,75.01,0.0,94.0,7.7,7.82,7.9,0.06,
108,2025-10-02 10:00:00,15.69,7.36,200.48,0.0,92.91,7.99,8.11,8.36,0.08,
108,2025-10-02 11:00:00,14.48,6.52,797.53,0.0,85.53,9.09,10.48,11.89,0.19,
108,2025-10-02 12:00:00,16.9,6.78,843.15,0.0,74.86,12.88,13.69,14.64,0.4,
108,2025-10-02 13:00:00,16.9,8.04,923.43,0.0,66.72,16.09,17.02,18.04,0.65,
108,2025-10-02 14:00:00,22.93,8.9,945.8,0.0,59.12,18.72,19.41,20.21,0.92,
108,2025-10-02 15:00:00,19.31,9.55,933.96,0.0,53.34,20.38,21.33,22.32,1.19,
108,2025-10-02 16:00:00,18.11,9.64,846.66,0.0,44.63,22.47,22.68,22.98,1.53,
108,2025-10-02 17:00:00,16.9,7.88,729.09,0.0,39.94,23.33,23.65,23.91,1.76,
108,2025-10-02 18:00:00,15.69,7.76,568.09,0.0,38.57,23.5,24.03,24.28,1.84,
108,2025-10-02 19:00:00,10.86,5.15,340.86,0.0,44.54,23.18,23.54,23.95,1.61,
108,2025-10-02 20:00:00,4.83,1.88,84.67,0.0,53.19,19.15,21.02,22.73,1.18,
108,2025-10-02 21:00:00,0.0,0.0,0.0,0.0,64.77,15.94,16.99,18.21,0.69,
108,2025-10-02 22:00:00,1.21,0.0,0.0,0.0,75.71,12.86,13.94,15.1,0.39,
108,2025-10-02 23:00:00,7.24,1.45,0.0,0.0,79.68,12.26,12.66,13.09,0.3,
108,2025-10-03 00:00:00,6.04,1.95,0.0,0.0,79.65,11.33,11.78,12.22,0.28,
108,2025-10-03 01:00:00,3.62,0.29,0.0,0.0,76.3,9.39,10.42,11.09,0.3,
108,2025-10-03 02:00:00,0.0,0.0,0.0,0.0,82.51,7.86,8.64,9.39,0.2,
108,2025-10-03 03:00:00,0.0,0.0,0.0,0.0,87.37,6.52,6.93,7.39,0.13,
108,2025-10-03 04:00:00,0.0,0.0,0.0,0.0,88.4,6.62,6.74,6.83,0.12,
108,2025-10-03 05:00:00,0.0,0.0,0.0,0.0,88.33,5.62,5.93,6.2,0.11,
108,2025-10-03 06:00:00,7.24,1.99,0.0,0.0,88.7,4.93,5.21,5.42,0.1,
108,2025-10-03 07:00:00,3.62,0.14,0.0,0.0,90.77,4.17,4.41,4.84,0.08,
108,2025-10-03 08:00:00,0.0,0.0,57.91,0.0,92.64,3.84,4.3,5.12,0.06,
108,2025-10-03 09:00:00,14.48,4.68,274.18,0.0,90.76,5.99,7.2,8.45,0.1,
108,2025-10-03 10:00:00,16.9,9.42,540.9,0.0,85.18,8.91,9.82,10.82,0.18,
108,2025-10-03 11:00:00,14.48,6.4,628.19,0.0,77.51,11.18,11.91,12.54,0.32,
108,2025-10-03 12:00:00,18.11,6.57,782.61,0.0,70.86,13.24,13.99,14.9,0.47,
108,2025-10-03 13:00:00,16.9,6.46,880.0,0.0,66.5,15.13,15.8,16.51,0.6,
108,2025-10-03 14:00:00,12.07,3.62,898.42,0.0,63.32,17.17,17.61,18.0,0.74,
108,2025-10-03 15:00:00,16.9,5.16,884.82,0.0,58.88,18.08,19.05,19.87,0.91,
108,2025-10-03 16:00:00,14.48,5.16,807.62,0.0,57.62,19.73,20.17,20.62,1.0,
108,2025-10-03 17:00:00,13.28,5.7,638.28,0.0,55.81,20.87,21.11,21.39,1.11,
108,2025-10-03 18:00:00,20.52,9.12,530.37,0.0,55.37,20.21,21.06,21.6,1.11,
108,2025-10-03 19:00:00,24.14,12.81,316.73,0.0,60.5,16.85,18.0,19.53,0.82,
108,2025-10-03 20:00:00,22.93,10.26,125.9,0.0,66.48,13.41,14.82,16.2,0.57,
108,2025-10-03 21:00:00,24.14,8.21,0.0,0.0,74.32,10.9,11.55,12.33,0.35,
108,2025-10-03 22:00:00,12.07,3.55,0.0,0.0,75.14,10.82,11.08,11.33,0.33,
108,2025-10-03 23:00:00,21.73,7.74,0.0,0.0,72.6,11.15,11.2,11.26,0.37,
108,2025-10-04 00:00:00,12.07,3.49,0.0,0.0,73.73,11.08,11.13,11.18,0.35,
108,2025-10-04 01:00:00,10.86,5.64,0.0,0.0,73.8,11.01,11.14,11.22,0.35,
108,2025-10-04 02:00:00,24.14,9.14,0.0,0.0,72.04,10.97,11.15,11.32,0.37,
108,2025-10-04 03:00:00,14.48,7.65,0.0,0.0,79.97,10.25,10.39,10.63,0.25,
108,2025-10-04 04:00:00,16.9,7.14,0.0,0.0,82.69,10.26,10.26,10.26,0.22,
108,2025-10-04 05:00:00,10.86,4.65,0.0,0.0,85.07,9.78,9.97,10.12,0.18,
108,2025-10-04 06:00:00,26.55,12.81,0.0,0.0,83.96,10.37,10.6,10.77,0.21,
108,2025-10-04 07:00:00,26.55,11.18,0.0,0.0,81.43,10.82,11.05,11.22,0.25,
108,2025-10-04 08:00:00,20.52,8.66,8.34,2.03,87.94,10.18,10.44,10.8,0.15,
108,2025-10-04 09:00:00,18.11,8.69,65.8,2.79,90.68,9.98,10.11,10.22,0.12,
108,2025-10-04 10:00:00,21.73,8.87,74.14,1.77,91.02,10.26,10.36,10.48,0.11,
108,2025-10-04 11:00:00,19.31,9.25,138.62,1.01,91.15,10.67,10.73,10.81,0.12,
108,2025-10-04 12:00:00,21.73,11.53,136.87,0.76,90.78,10.9,11.0,11.08,0.12,
108,2025-10-04 13:00:00,27.76,12.06,134.68,0.0,88.28,11.08,11.43,11.84,0.16,
108,2025-10-04 14:00:00,30.18,14.49,215.39,0.0,86.37,11.81,12.0,12.1,0.19,
108,2025-10-04 15:00:00,28.97,14.95,273.3,0.0,86.04,12.2,12.46,12.74,0.2,
108,2025-10-04 16:00:00,26.55,13.55,285.14,0.5,89.39,12.26,12.34,12.46,0.15,
108,2025-10-04 17:00:00,22.93,9.4,209.25,0.75,89.9,11.98,12.18,12.33,0.14,
108,2025-10-04 18:00:00,13.28,5.58,160.12,1.77,88.5,10.94,11.26,11.47,0.15,
108,2025-10-04 19:00:00,10.86,4.38,101.34,0.0,88.47,11.49,11.64,11.71,0.16,
108,2025-10-04 20:00:00,9.66,3.73,84.23,0.0,87.16,11.78,11.93,12.13,0.18,
108,2025-10-04 21:00:00,9.66,4.18,0.0,0.0,90.16,11.03,11.25,11.49,0.13,
108,2025-10-04 22:00:00,8.45,3.46,0.0,0.0,91.76,10.62,10.74,10.92,0.11,
108,2025-10-04 23:00:00,9.66,3.8,0.0,0.0,92.0,10.33,10.4,10.48,0.1,
108,2025-10-05 00:00:00,9.66,4.6,0.0,0.0,92.64,10.08,10.16,10.23,0.09,
108,2025-10-05 01:00:00,6.04,1.36,0.0,0.0,92.71,10.11,10.13,10.18,0.09,
108,2025-10-05 02:00:00,21.73,4.33,0.0,0.76,92.02,8.45,9.45,10.16,0.09,
108,2025-10-05 03:00:00,12.07,3.58,0.0,1.26,91.61,8.11,8.15,8.21,0.09,
108,2025-10-05 04:00:00,6.04,1.83,0.0,0.5,91.77,8.12,8.15,8.18,0.09,
108,2025-10-05 05:00:00,2.41,0.06,0.0,0.0,91.95,7.9,7.97,8.04,0.09,
108,2025-10-05 06:00:00,7.24,1.71,0.0,0.25,92.87,7.77,7.91,8.03,0.08,
108,2025-10-05 07:00:00,8.45,4.1,0.0,0.0,92.24,7.87,7.92,7.99,0.08,
108,2025-10-05 08:00:00,9.66,2.87,27.64,0.0,91.6,7.5,7.64,7.74,0.09,
108,2025-10-05 09:00:00,8.45,3.11,113.18,0.0,90.73,7.53,8.16,8.74,0.1,
108,2025-10-05 10:00:00,15.69,6.25,517.65,1.52,90.54,8.24,8.62,9.61,0.1,
108,2025-10-05 11:00:00,18.11,8.96,797.53,0.0,83.93,10.47,10.94,11.54,0.21,
108,2025-10-05 12:00:00,16.9,7.94,1008.09,0.0,72.55,11.98,12.29,12.46,0.39,
108,2025-10-05 13:00:00,15.69,7.6,1167.77,0.0,66.38,13.3,13.8,14.22,0.53,
108,2025-10-05 14:00:00,26.55,8.15,1076.97,0.25,70.19,10.71,12.85,14.55,0.46,
108,2025-10-05 15:00:00,12.07,3.64,988.79,0.0,69.6,11.53,12.96,13.92,0.46,
108,2025-10-05 16:00:00,21.73,6.38,1098.46,0.25,66.5,12.43,13.93,15.17,0.54,
108,2025-10-05 17:00:00,16.9,2.69,246.98,0.76,78.17,11.26,11.76,12.23,0.3,
108,2025-10-05 18:00:00,4.83,1.72,251.8,0.0,69.57,12.43,12.98,13.37,0.46,
108,2025-10-05 19:00:00,6.04,1.62,152.66,0.0,69.07,13.45,13.62,14.02,0.49,
108,2025-10-05 20:00:00,4.83,1.26,64.49,0.0,74.56,11.43,12.62,13.62,0.37,
108,2025-10-05 21:00:00,4.83,2.14,0.0,0.0,83.09,9.78,10.34,11.03,0.21,
108,2025-10-05 22:00:00,7.24,3.02,0.0,0.0,85.52,8.43,8.91,9.58,0.17,
108,2025-10-05 23:00:00,9.66,4.54,0.0,0.0,87.8,8.39,8.57,8.8,0.14,
108,2025-10-06 00:00:00,10.86,5.57,0.0,0.0,90.21,7.66,8.0,8.45,0.11,
108,2025-10-06 01:00:00,10.86,5.18,0.0,0.0,91.21,7.15,7.36,7.56,0.09,
108,2025-10-06 02:00:00,10.86,5.18,0.0,0.0,91.92,6.71,6.83,7.03,0.08,
108,2025-10-06 03:00:00,6.04,1.03,0.0,0.0,92.31,6.13,6.29,6.54,0.07,
108,2025-10-06 04:00:00,12.07,5.19,0.0,0.0,94.03,5.34,5.61,5.78,0.05,
108,2025-10-06 05:00:00,19.31,6.47,0.0,0.0,94.29,5.75,5.93,6.16,0.05,
108,2025-10-06 06:00:00,19.31,9.15,0.0,0.0,95.28,6.19,6.2,6.21,0.05,
108,2025-10-06 07:00:00,18.11,8.63,0.0,0.0,95.23,5.71,6.0,6.23,0.05,
108,2025-10-06 08:00:00,16.9,9.05,47.38,0.0,94.98,5.64,5.77,5.93,0.05,
108,2025-10-06 09:00:00,21.73,11.72,308.39,0.0,92.46,5.96,6.37,6.86,0.08,
108,2025-10-06 10:00:00,20.52,11.06,517.65,0.0,85.43,7.45,8.32,9.32,0.16,
108,2025-10-06 11:00:00,27.76,13.32,717.69,0.0,77.42,9.78,10.76,11.65,0.29,
108,2025-10-06 12:00:00,28.97,15.56,843.59,0.0,69.39,12.09,12.92,13.79,0.46,
108,2025-10-06 13:00:00,31.38,17.73,924.31,0.0,64.93,13.71,14.25,14.72,0.57,
108,2025-10-06 14:00:00,30.18,17.01,948.87,0.0,60.41,15.07,15.63,16.13,0.7,
108,2025-10-06 15:00:00,35.0,19.21,935.71,0.0,54.51,16.44,16.64,16.9,0.86,
108,2025-10-06 16:00:00,32.59,17.78,862.01,0.0,55.95,17.44,17.86,18.22,0.9,
108,2025-10-06 17:00:00,32.59,18.5,747.08,0.0,55.67,17.99,18.44,18.7,0.94,
108,2025-10-06 18:00:00,35.0,17.6,583.89,0.0,52.48,18.66,18.96,19.2,1.04,
108,2025-10-06 19:00:00,31.38,15.95,339.1,0.0,55.04,17.99,18.47,18.82,0.96,
108,2025-10-06 20:00:00,21.73,10.76,101.77,0.0,62.27,15.44,16.54,17.56,0.72,
108,2025-10-06 21:00:00,19.31,7.91,0.0,0.0,71.75,13.72,14.15,14.99,0.46,
108,2025-10-06 22:00:00,20.52,11.93,0.0,0.0,72.24,13.26,13.55,13.71,0.43,
108,2025-10-06 23:00:00,22.93,9.19,0.0,0.0,76.27,11.6,12.27,12.95,0.34,
108,2025-10-07 00:00:00,12.07,3.97,0.0,0.0,83.49,9.84,10.34,11.22,0.21,
108,2025-10-07 01:00:00,16.9,7.85,0.0,0.0,86.7,9.29,9.49,9.81,0.16,
108,2025-10-07 02:00:00,15.69,2.94,0.0,0.0,87.06,8.45,8.93,9.28,0.15,
108,2025-10-07 03:00:00,6.04,1.3,0.0,0.0,87.42,7.97,8.34,8.53,0.14,
108,2025-10-07 04:00:00,6.04,2.02,0.0,0.0,89.46,7.22,7.57,7.87,0.11,
108,2025-10-07 05:00:00,7.24,1.95,0.0,0.0,90.56,6.82,7.12,7.38,0.09,
108,2025-10-07 06:00:00,7.24,2.27,0.0,0.0,92.09,6.1,6.58,6.82,0.08,
108,2025-10-07 07:00:00,6.04,1.1,0.0,0.0,92.57,5.9,6.44,6.72,0.07,
108,2025-10-07 08:00:00,9.66,3.27,74.14,0.0,93.19,5.72,6.39,7.28,0.07,
108,2025-10-07 09:00:00,13.28,4.57,228.12,0.0,90.01,8.22,8.68,9.19,0.11,
108,2025-10-07 10:00:00,20.52,10.32,308.39,0.0,84.02,9.67,10.14,10.33,0.2,
108,2025-10-07 11:00:00,26.55,12.25,742.25,0.0,78.85,10.7,11.94,13.48,0.3,
108,2025-10-07 12:00:00,26.55,15.51,951.06,0.0,69.37,13.43,14.1,14.9,0.5,
108,2025-10-07 13:00:00,31.38,16.63,927.38,0.0,64.37,16.07,16.96,17.45,0.69,
108,2025-10-07 14:00:00,28.97,15.56,933.52,0.0,64.2,18.27,18.84,19.48,0.78,
108,2025-10-07 15:00:00,28.97,16.21,923.87,0.0,59.64,19.83,20.13,20.54,0.95,
108,2025-10-07 16:00:00,30.18,16.48,866.4,0.0,60.61,20.57,20.93,21.33,0.98,
108,2025-10-07 17:00:00,31.38,17.56,719.44,0.0,60.52,20.98,21.25,21.53,1.0,
108,2025-10-07 18:00:00,30.18,16.64,553.62,0.0,60.77,21.16,21.24,21.32,0.99,
108,2025-10-07 19:00:00,26.55,13.43,359.28,0.0,60.42,20.81,21.03,21.25,0.99,
108,2025-10-07 20:00:00,18.11,6.97,72.38,0.0,66.28,17.82,19.23,20.45,0.76,
108,2025-10-07 21:00:00,9.66,5.93,0.0,0.0,77.26,15.44,16.14,16.89,0.42,
108,2025-10-07 22:00:00,16.9,8.95,0.0,0.0,77.59,15.18,15.44,15.75,0.4,
108,2025-10-07 23:00:00,13.28,6.43,0.0,0.0,80.05,13.89,14.41,14.89,0.33,
108,2025-10-08 00:00:00,12.07,5.69,0.0,0.0,82.85,12.94,13.33,13.61,0.26,
108,2025-10-08 01:00:00,12.07,6.55,0.0,0.0,84.64,12.39,12.55,12.79,0.22,
108,2025-10-08 02:00:00,10.86,4.78,0.0,0.0,87.07,11.54,11.93,12.4,0.18,
108,2025-10-08 03:00:00,7.24,3.52,0.0,0.0,90.62,10.87,11.06,11.33,0.12,
108,2025-10-08 04:00:00,8.45,3.86,0.0,0.0,91.81,10.37,10.51,10.64,0.11,
108,2025-10-08 05:00:00,6.04,2.28,0.0,0.0,92.42,9.35,9.72,10.11,0.09,
108,2025-10-08 06:00:00,8.45,3.82,0.0,0.0,93.15,9.25,9.3,9.36,0.08,
108,2025-10-08 07:00:00,21.73,9.87,0.0,0.0,93.54,9.77,9.96,10.04,0.08,
108,2025-10-08 08:00:00,20.52,9.24,20.18,0.0,94.19,9.94,10.01,10.08,0.07,
108,2025-10-08 09:00:00,16.9,8.98,92.56,0.0,94.14,10.01,10.18,10.39,0.07,
108,2025-10-08 10:00:00,16.9,8.36,165.82,0.0,91.7,10.64,10.83,11.05,0.11,
108,2025-10-08 11:00:00,15.69,7.67,300.06,0.0,89.16,11.09,11.37,11.64,0.15,
108,2025-10-08 12:00:00,14.48,6.22,1073.02,0.0,83.66,12.4,13.24,14.19,0.25,
108,2025-10-08 13:00:00,15.69,6.17,1017.74,0.0,75.88,14.85,16.06,17.34,0.45,
108,2025-10-08 14:00:00,20.52,8.57,934.39,0.0,69.02,17.56,18.79,19.97,0.68,
108,2025-10-08 15:00:00,27.76,11.41,926.06,0.0,60.2,20.76,21.66,22.14,1.04,
108,2025-10-08 16:00:00,22.93,12.34,859.38,0.0,54.46,22.65,23.09,23.67,1.29,
108,2025-10-08 17:00:00,25.35,12.67,741.37,0.0,52.82,23.63,23.91,24.18,1.4,
108,2025-10-08 18:00:00,25.35,13.67,582.57,0.0,46.51,24.53,24.64,24.75,1.66,
108,2025-10-08 19:00:00,26.55,10.87,339.98,0.0,45.32,24.01,24.49,24.77,1.68,
108,2025-10-08 20:00:00,19.31,7.7,116.69,0.0,49.69,20.93,22.22,23.49,1.36,
108,2025-10-08 21:00:00,7.24,3.22,0.0,0.0,61.28,17.41,18.6,19.81,0.84,
108,2025-10-08 22:00:00,7.24,3.62,0.0,0.0,63.87,16.65,17.01,17.37,0.7,
108,2025-10-08 23:00:00,9.66,2.97,0.0,0.0,72.59,14.92,15.34,15.59,0.48,
108,2025-10-09 00:00:00,7.24,2.7,0.0,0.0,78.1,14.03,14.44,14.74,0.36,
108,2025-10-09 01:00:00,8.45,2.97,0.0,0.0,81.1,12.86,13.27,13.48,0.29,
108,2025-10-09 02:00:00,4.83,2.43,0.0,0.0,83.68,11.52,12.18,12.55,0.23,
108,2025-10-09 03:00:00,8.45,2.07,0.0,0.0,85.81,11.12,11.38,11.52,0.19,
108,2025-10-09 04:00:00,15.69,8.07,0.0,0.0,85.36,11.22,11.56,11.87,0.2,
108,2025-10-09 05:00:00,10.86,6.02,0.0,0.0,89.77,10.23,10.44,10.91,0.13,
108,2025-10-09 06:00:00,6.04,1.99,0.0,0.0,91.07,9.75,10.02,10.35,0.11,
108,2025-10-09 07:00:00,14.48,1.6,0.0,0.0,92.72,9.11,9.42,10.11,0.09,
108,2025-10-09 08:00:00,19.31,9.47,41.67,0.0,93.3,10.3,10.34,10.39,0.09,
108,2025-10-09 09:00:00,18.11,8.74,110.99,0.0,92.21,10.22,10.49,10.75,0.1,
108,2025-10-09 10:00:00,16.9,9.56,579.06,0.0,88.97,11.27,11.65,12.39,0.15,
108,2025-10-09 11:00:00,19.31,9.81,711.98,0.0,82.08,12.58,13.49,14.42,0.28,
108,2025-10-09 12:00:00,20.52,11.16,796.21,0.0,76.03,14.38,15.19,15.97,0.42,
108,2025-10-09 13:00:00,20.52,11.36,898.86,0.0,68.49,16.69,17.72,18.72,0.64,
108,2025-10-09 14:00:00,24.14,12.61,937.47,0.0,58.42,19.29,20.2,20.88,0.99,
108,2025-10-09 15:00:00,26.55,12.99,887.89,0.0,50.52,21.41,21.83,22.25,1.3,
108,2025-10-09 16:00:00,22.93,13.81,820.78,0.0,45.19,22.77,22.85,22.97,1.53,
108,2025-10-09 17:00:00,21.73,11.56,576.87,0.0,45.24,23.02,23.12,23.29,1.55,
108,2025-10-09 18:00:00,21.73,10.94,456.23,0.0,43.01,22.73,23.09,23.28,1.61,
108,2025-10-09 19:00:00,13.28,5.25,289.97,0.0,50.84,21.6,22.02,22.35,1.3,
108,2025-10-09 20:00:00,6.04,1.62,69.31,0.0,60.75,18.32,19.66,20.87,0.9,
108,2025-10-09 21:00:00,4.83,1.36,0.0,0.0,70.07,16.35,17.23,18.0,0.59,
108,2025-10-09 22:00:00,7.24,1.7,0.0,0.0,78.14,14.26,15.14,15.99,0.38,
108,2025-10-09 23:00:00,0.0,0.0,0.0,0.0,84.22,13.16,13.58,13.84,0.25,
108,2025-10-10 00:00:00,7.24,1.22,0.0,0.0,85.02,12.23,12.88,13.24,0.23,
108,2025-10-10 01:00:00,2.41,0.09,0.0,0.0,86.81,11.46,11.98,12.5,0.19,
108,2025-10-10 02:00:00,0.0,0.0,0.0,0.0,89.7,10.97,11.12,11.36,0.14,
108,2025-10-10 03:00:00,0.0,0.0,0.0,0.0,90.81,10.05,10.27,10.78,0.12,
108,2025-10-10 04:00:00,0.0,0.0,0.0,0.0,92.46,9.9,10.0,10.08,0.09,
108,2025-10-10 05:00:00,0.0,0.0,0.0,0.0,92.68,8.94,9.23,9.64,0.09,
108,2025-10-10 06:00:00,3.62,0.69,0.0,0.0,93.7,8.46,8.62,8.8,0.07,
108,2025-10-10 07:00:00,0.0,0.0,0.0,0.0,93.52,6.56,7.55,8.52,0.07,
108,2025-10-10 08:00:00,0.0,0.0,85.1,0.0,93.34,6.19,6.61,7.63,0.06,
108,2025-10-10 09:00:00,2.41,0.09,302.69,0.0,93.22,8.38,10.02,11.29,0.08,
108,2025-10-10 10:00:00,6.04,1.59,518.96,0.0,85.41,12.06,13.15,14.27,0.23,
108,2025-10-10 11:00:00,18.11,4.87,722.95,0.0,76.58,14.55,15.19,15.8,0.41,
108,2025-10-10 12:00:00,15.69,6.11,843.15,0.0,72.48,16.11,16.76,17.2,0.53,
108,2025-10-10 13:00:00,12.07,3.67,926.06,0.0,66.84,18.03,18.69,19.32,0.72,
108,2025-10-10 14:00:00,15.69,5.34,950.19,0.0,58.32,20.34,20.48,20.79,1.01,
108,2025-10-10 15:00:00,16.9,6.7,936.15,0.0,48.94,21.16,21.77,22.42,1.33,
108,2025-10-10 16:00:00,20.52,8.69,866.84,0.0,48.28,21.73,22.04,22.25,1.37,
108,2025-10-10 17:00:00,21.73,11.8,740.5,0.0,44.51,21.66,22.13,22.47,1.48,
108,2025-10-10 18:00:00,25.35,12.15,550.11,0.0,48.71,20.35,21.03,21.33,1.28,
108,2025-10-10 19:00:00,26.55,13.34,385.16,0.0,55.0,17.29,18.74,19.7,0.98,
108,2025-10-10 20:00:00,21.73,8.98,136.43,0.0,64.59,15.34,16.01,16.76,0.65,
108,2025-10-10 21:00:00,12.07,5.3,13.16,0.0,71.42,13.27,14.22,14.96,0.46,
108,2025-10-10 22:00:00,13.28,6.74,0.0,0.0,78.66,12.12,12.42,12.75,0.31,
108,2025-10-10 23:00:00,14.48,5.27,0.0,0.0,82.72,11.87,11.97,12.02,0.24,
108,2025-10-11 00:00:00,8.45,4.05,0.0,0.0,84.34,11.3,11.58,11.77,0.22,
108,2025-10-11 01:00:00,8.45,1.89,0.0,0.0,84.43,11.19,11.38,11.46,0.21,
108,2025-10-11 02:00:00,4.83,0.48,0.0,0.51,85.57,11.33,11.38,11.43,0.2,
108,2025-10-11 03:00:00,30.18,12.59,0.0,7.37,91.88,8.98,9.06,9.14,0.1,
108,2025-10-11 04:00:00,15.69,8.59,0.0,1.26,90.75,7.94,8.41,8.93,0.11,
108,2025-10-11 05:00:00,16.9,6.25,0.0,0.0,88.35,7.34,7.45,7.6,0.12,
108,2025-10-11 06:00:00,7.24,1.34,0.0,0.0,88.88,6.97,7.3,7.49,0.12,
108,2025-10-11 07:00:00,7.24,1.63,0.0,0.0,90.88,6.14,6.33,6.6,0.09,
108,2025-10-11 08:00:00,3.62,0.92,71.94,0.0,91.68,5.86,6.23,6.62,0.08,
108,2025-10-11 09:00:00,9.66,4.59,308.83,0.0,89.56,6.92,7.78,8.45,0.12,
108,2025-10-11 10:00:00,9.66,4.08,518.52,0.0,80.93,8.7,9.4,9.85,0.23,
108,2025-10-11 11:00:00,16.9,5.87,755.41,0.0,77.0,10.57,11.28,11.91,0.31,
108,2025-10-11 12:00:00,16.9,8.14,908.95,0.0,69.68,12.17,12.64,13.17,0.44,
108,2025-10-11 13:00:00,21.73,10.67,983.09,0.0,65.25,13.55,14.1,14.37,0.56,
108,2025-10-11 14:00:00,25.35,11.79,975.19,0.0,56.91,14.61,15.04,15.31,0.74,
108,2025-10-11 15:00:00,27.76,14.12,956.33,0.0,55.6,15.14,15.5,15.76,0.78,
108,2025-10-11 16:00:00,26.55,13.73,869.03,0.0,50.87,15.71,16.08,16.27,0.9,
108,2025-10-11 17:00:00,28.97,15.1,749.71,0.0,48.75,16.51,16.76,17.03,0.98,
108,2025-10-11 18:00:00,28.97,16.48,583.01,0.0,51.05,16.49,16.77,17.07,0.93,
108,2025-10-11 19:00:00,38.62,16.51,385.16,0.0,54.73,15.61,15.97,16.2,0.83,
108,2025-10-11 20:00:00,28.97,13.08,92.12,0.0,63.67,13.36,14.33,15.2,0.6,
108,2025-10-11 21:00:00,21.73,10.7,0.0,0.0,71.38,11.6,12.14,12.82,0.41,
108,2025-10-11 22:00:00,13.28,5.51,0.0,0.0,78.19,10.22,10.74,11.37,0.28,
108,2025-10-11 23:00:00,19.31,10.08,0.0,0.0,80.54,10.19,10.32,10.43,0.24,
108,2025-10-12 00:00:00,19.31,7.2,0.0,0.0,82.44,9.22,9.64,10.08,0.21,
108,2025-10-12 01:00:00,10.86,5.42,0.0,0.0,85.65,8.28,8.6,8.97,0.16,
108,2025-10-12 02:00:00,7.24,3.79,0.0,0.0,89.16,7.21,7.59,8.01,0.11,
108,2025-10-12 03:00:00,10.86,5.12,0.0,0.0,90.59,6.99,7.12,7.2,0.1,
108,2025-10-12 04:00:00,6.04,2.11,0.0,0.0,91.71,6.17,6.53,6.9,0.08,
108,2025-10-12 05:00:00,10.86,2.34,0.0,0.0,92.86,6.13,6.63,7.14,0.07,
108,2025-10-12 06:00:00,18.11,8.47,0.0,0.0,91.74,7.09,7.19,7.27,0.08,
108,2025-10-12 07:00:00,21.73,10.88,0.0,0.0,91.15,6.92,6.96,6.99,0.09,
108,2025-10-12 08:00:00,20.52,10.58,51.33,0.0,89.57,7.01,7.04,7.09,0.1,
108,2025-10-12 09:00:00,20.52,9.82,148.71,0.0,87.3,7.15,7.4,7.82,0.13,
108,2025-10-12 10:00:00,16.9,8.96,219.78,0.0,86.01,7.66,7.72,7.77,0.15,
108,2025-10-12 11:00:00,14.48,6.37,964.66,0.0,80.92,9.01,9.27,9.88,0.23,
108,2025-10-12 12:00:00,15.69,5.91,876.49,0.0,75.8,11.02,11.74,12.78,0.34,
108,2025-10-12 13:00:00,15.69,4.77,953.26,0.0,68.31,12.79,13.8,14.52,0.5,
108,2025-10-12 14:00:00,22.93,8.1,974.75,0.0,63.95,15.14,15.95,16.99,0.65,
108,2025-10-12 15:00:00,21.73,9.52,961.59,0.0,55.79,17.06,17.8,18.2,0.9,
108,2025-10-12 16:00:00,20.52,10.49,894.04,0.0,53.18,18.11,18.72,19.22,1.01,
108,2025-10-12 17:00:00,18.11,9.48,773.4,0.0,51.91,19.08,19.21,19.28,1.07,
108,2025-10-12 18:00:00,20.52,10.35,567.66,0.0,50.33,19.35,19.55,19.84,1.13,
108,2025-10-12 19:00:00,20.52,9.66,368.06,0.0,51.76,18.9,19.49,19.8,1.09,
108,2025-10-12 20:00:00,21.73,7.3,139.5,0.0,58.55,16.27,17.48,18.48,0.84,
108,2025-10-12 21:00:00,6.04,3.68,13.6,0.0,73.21,13.66,14.35,15.51,0.44,
108,2025-10-12 22:00:00,9.66,4.36,0.0,0.0,75.6,12.34,13.03,13.64,0.37,
108,2025-10-12 23:00:00,13.28,5.54,0.0,0.0,82.18,11.32,11.64,12.19,0.25,
108,2025-10-13 00:00:00,10.86,4.99,0.0,0.0,87.08,10.23,10.85,11.39,0.17,
108,2025-10-13 01:00:00,9.66,3.34,0.0,0.0,88.71,9.65,9.85,9.95,0.14,
108,2025-10-13 02:00:00,6.04,1.27,0.0,0.0,89.22,8.5,8.93,9.22,0.12,
108,2025-10-13 03:00:00,3.62,0.89,0.0,0.0,90.82,7.48,7.93,8.15,0.1,
108,2025-10-13 04:00:00,20.52,7.53,0.0,0.0,92.2,7.31,7.87,8.24,0.09,
108,2025-10-13 05:00:00,16.9,8.09,0.0,0.0,91.62,7.52,7.74,8.03,0.09,
108,2025-10-13 06:00:00,9.66,4.3,0.0,0.0,92.37,6.59,6.89,7.21,0.08,
108,2025-10-13 07:00:00,20.52,8.69,0.0,0.0,92.37,6.92,6.97,7.03,0.08,
108,2025-10-13 08:00:00,16.9,7.97,23.25,0.0,93.33,6.79,6.86,6.94,0.07,
108,2025-10-13 09:00:00,18.11,7.78,63.61,0.0,93.92,6.86,6.95,7.04,0.06,
108,2025-10-13 10:00:00,13.28,7.17,166.26,0.0,92.56,7.25,7.32,7.5,0.08,
108,2025-10-13 11:00:00,19.31,7.68,377.71,0.0,89.02,8.07,8.5,9.23,0.12,
108,2025-10-13 12:00:00,16.9,7.74,911.14,0.0,82.17,9.58,10.87,12.0,0.23,
108,2025-10-13 13:00:00,20.52,8.19,947.12,0.0,71.76,13.62,15.11,16.9,0.49,
108,2025-10-13 14:00:00,28.97,13.11,958.08,0.0,60.39,18.2,18.8,19.35,0.86,
108,2025-10-13 15:00:00,25.35,14.35,944.92,0.0,56.98,19.85,20.5,21.09,1.04,
108,2025-10-13 16:00:00,28.97,15.12,887.89,0.0,53.53,21.16,21.5,21.8,1.19,
108,2025-10-13 17:00:00,26.55,15.39,740.5,0.0,54.08,22.12,22.34,22.77,1.24,
108,2025-10-13 18:00:00,27.76,15.69,577.75,0.0,54.83,22.47,22.65,22.97,1.24,
108,2025-10-13 19:00:00,25.35,13.32,386.48,0.0,56.75,21.41,22.06,22.62,1.15,
108,2025-10-13 20:00:00,28.97,10.98,109.23,0.0,60.5,18.74,19.94,20.83,0.92,
108,2025-10-13 21:00:00,18.11,7.68,0.0,0.0,68.82,16.47,17.23,18.07,0.62,
108,2025-10-13 22:00:00,9.66,4.33,0.0,0.0,73.49,15.04,15.41,16.06,0.47,
108,2025-10-13 23:00:00,10.86,4.89,0.0,0.0,76.74,13.19,13.77,14.41,0.37,
108,2025-10-14 00:00:00,12.07,6.86,0.0,0.0,81.0,11.88,12.39,12.99,0.28,
108,2025-10-14 01:00:00,9.66,3.35,0.0,0.0,84.0,10.97,11.27,11.56,0.22,
108,2025-10-14 02:00:00,3.62,0.27,0.0,0.0,85.29,9.84,10.3,10.78,0.19,
108,2025-10-14 03:00:00,3.62,0.11,0.0,0.0,87.72,9.04,9.43,9.84,0.14,
108,2025-10-14 04:00:00,3.62,0.62,0.0,0.0,89.17,8.66,9.09,9.39,0.13,
108,2025-10-14 05:00:00,0.0,0.0,0.0,0.0,90.56,7.72,7.95,8.17,0.1,
108,2025-10-14 06:00:00,0.0,0.0,0.0,0.0,91.08,6.87,7.35,7.7,0.1,
108,2025-10-14 07:00:00,3.62,0.23,0.0,0.0,91.98,6.87,7.07,7.27,0.08,
108,2025-10-14 08:00:00,2.41,0.03,107.92,0.0,92.94,7.07,7.74,8.57,0.08,
108,2025-10-14 09:00:00,14.48,4.27,227.24,0.0,91.99,9.25,9.75,9.95,0.1,
108,2025-10-14 10:00:00,12.07,5.61,349.63,0.0,90.78,10.18,10.59,11.05,0.12,
108,2025-10-14 11:00:00,12.07,3.29,753.66,0.0,84.96,11.1,12.35,13.36,0.22,
108,2025-10-14 12:00:00,8.45,2.17,865.96,0.0,76.69,14.05,15.27,16.47,0.41,
108,2025-10-14 13:00:00,15.69,5.86,940.1,0.0,66.56,17.03,17.67,18.36,0.68,
108,2025-10-14 14:00:00,15.69,5.52,961.15,0.0,58.28,19.29,19.92,20.35,0.98,
108,2025-10-14 15:00:00,14.48,5.53,951.94,0.0,44.81,21.25,21.57,22.12,1.42,
108,2025-10-14 16:00:00,15.69,6.11,892.28,0.0,36.94,22.33,22.67,23.19,1.74,
108,2025-10-14 17:00:00,14.48,5.77,756.29,0.0,35.95,23.42,23.57,23.83,1.86,
108,2025-10-14 18:00:00,9.66,2.84,526.86,0.0,36.73,24.08,24.36,24.8,1.93,
108,2025-10-14 19:00:00,15.69,4.18,232.06,0.0,46.7,21.64,23.08,23.79,1.51,
108,2025-10-14 20:00:00,18.11,6.53,91.68,0.0,62.81,17.96,19.07,20.22,0.83,
108,2025-10-14 21:00:00,7.24,2.76,0.0,0.0,70.17,15.47,16.4,17.37,0.56,
108,2025-10-14 22:00:00,7.24,2.81,0.0,0.0,72.86,14.24,14.57,15.02,0.45,
108,2025-10-14 23:00:00,4.83,0.66,0.0,0.0,77.12,12.89,13.31,13.75,0.35,
108,2025-10-15 00:00:00,4.83,1.19,0.0,0.0,83.54,11.56,11.88,12.44,0.23,
108,2025-10-15 01:00:00,7.24,3.8,0.0,0.0,86.2,10.88,11.03,11.27,0.18,
108,2025-10-15 02:00:00,4.83,1.24,0.0,0.0,87.37,10.11,10.53,10.75,0.16,
108,2025-10-15 03:00:00,0.0,0.0,0.0,0.0,89.81,9.21,9.56,9.78,0.12,
108,2025-10-15 04:00:00,0.0,0.0,0.0,0.0,91.08,8.59,8.84,8.95,0.1,
108,2025-10-15 05:00:00,0.0,0.0,0.0,0.0,91.5,9.26,9.57,9.75,0.1,
108,2025-10-15 06:00:00,0.0,0.0,0.0,0.0,91.14,10.02,10.36,10.51,0.11,
108,2025-10-15 07:00:00,0.0,0.0,0.0,0.0,90.82,9.88,10.16,10.42,0.11,
108,2025-10-15 08:00:00,7.24,1.44,97.39,0.0,91.04,9.73,10.33,11.06,0.11,
108,2025-10-15 09:00:00,6.04,1.28,326.82,0.0,87.54,11.12,11.74,12.36,0.18,
108,2025-10-15 10:00:00,4.83,0.88,175.03,0.0,83.38,12.43,12.6,12.94,0.24,
108,2025-10-15 11:00:00,6.04,1.1,255.75,0.0,81.48,12.92,13.2,13.4,0.28,
108,2025-10-15 12:00:00,8.45,2.96,518.52,0.0,80.09,13.81,14.16,14.86,0.33,
108,2025-10-15 13:00:00,12.07,3.79,980.02,0.0,72.1,15.34,15.99,16.55,0.51,
108,2025-10-15 14:00:00,15.69,5.14,1179.18,0.0,66.15,16.79,17.13,18.05,0.66,
108,2025-10-15 15:00:00,25.35,7.57,1083.99,0.0,63.67,17.9,18.55,18.82,0.78,
108,2025-10-15 16:00:00,18.11,7.89,917.29,0.0,59.99,18.91,19.49,19.84,0.91,
108,2025-10-15 17:00:00,16.9,7.43,791.38,0.0,54.69,19.77,20.24,20.5,1.08,
108,2025-10-15 18:00:00,18.11,7.83,543.53,0.0,53.55,20.69,20.94,21.08,1.15,
108,2025-10-15 19:00:00,20.52,8.84,343.05,0.0,53.66,20.25,20.49,20.73,1.12,
108,2025-10-15 20:00:00,13.28,4.95,117.13,0.0,60.81,17.18,18.67,19.91,0.85,
108,2025-10-15 21:00:00,13.28,4.15,0.0,0.0,71.05,15.17,15.86,16.63,0.52,
108,2025-10-15 22:00:00,15.69,8.01,0.0,0.0,78.12,14.05,14.36,14.75,0.36,
108,2025-10-15 23:00:00,19.31,8.44,0.0,0.0,82.56,12.81,13.28,13.82,0.27,
108,2025-10-16 00:00:00,14.48,7.82,0.0,0.0,86.25,11.87,12.11,12.4,0.2,
108,2025-10-16 01:00:00,16.9,9.07,0.0,0.0,87.76,11.37,11.62,11.81,0.17,
108,2025-10-16 02:00:00,16.9,8.62,0.0,0.0,89.89,10.6,10.83,11.01,0.13,
108,2025-10-16 03:00:00,13.28,6.92,0.0,0.0,90.98,9.9,10.14,10.35,0.12,
108,2025-10-16 04:00:00,14.48,5.92,0.0,0.0,91.57,9.53,9.62,9.75,0.1,
108,2025-10-16 05:00:00,12.07,5.55,0.0,0.0,91.97,8.56,8.98,9.39,0.09,
108,2025-10-16 06:00:00,18.11,7.86,0.0,0.0,93.13,8.47,8.56,8.64,0.08,
108,2025-10-16 07:00:00,19.31,6.35,5.26,0.0,92.8,7.53,8.03,8.38,0.08,
108,2025-10-16 08:00:00,12.07,5.27,43.87,0.0,92.51,6.87,7.0,7.13,0.08,
108,2025-10-16 09:00:00,22.93,9.1,184.25,0.0,90.02,7.38,7.93,8.33,0.11,
108,2025-10-16 10:00:00,18.11,9.39,617.67,0.0,84.79,8.97,9.98,10.85,0.19,
108,2025-10-16 11:00:00,18.11,8.92,777.35,0.0,78.3,11.46,12.36,13.38,0.31,
108,2025-10-16 12:00:00,25.35,13.16,886.58,0.0,70.34,14.41,15.11,15.87,0.51,
108,2025-10-16 13:00:00,27.76,13.57,980.46,0.0,63.37,16.59,17.6,18.55,0.74,
108,2025-10-16 14:00:00,28.97,14.17,990.55,0.0,58.21,18.41,18.88,19.36,0.91,
108,2025-10-16 15:00:00,27.76,14.83,975.63,0.0,51.23,19.7,20.0,20.21,1.14,
108,2025-10-16 16:00:00,26.55,14.41,885.26,0.0,48.3,20.47,21.05,21.55,1.29,
108,2025-10-16 17:00:00,26.55,12.79,750.59,0.0,45.75,21.21,21.62,21.95,1.4,
108,2025-10-16 18:00:00,28.97,14.12,583.01,0.0,42.07,21.76,21.88,21.98,1.52,
108,2025-10-16 19:00:00,27.76,14.76,379.02,0.0,43.72,20.52,21.23,21.73,1.42,
108,2025-10-16 20:00:00,26.55,10.89,94.32,0.0,47.46,17.66,18.88,19.92,1.15,
108,2025-10-16 21:00:00,10.86,5.96,0.0,0.0,58.63,14.74,15.71,16.7,0.74,
108,2025-10-16 22:00:00,10.86,4.64,0.0,0.0,67.58,12.96,13.32,14.14,0.5,
108,2025-10-16 23:00:00,14.48,7.11,0.0,0.0,69.73,12.16,12.51,12.86,0.44,
108,2025-10-17 00:00:00,7.24,3.41,0.0,0.0,76.98,10.02,10.63,11.33,0.3,
108,2025-10-17 01:00:00,12.07,5.7,0.0,0.0,81.84,9.33,9.55,9.73,0.22,
108,2025-10-17 02:00:00,13.28,6.71,0.0,0.0,83.18,9.02,9.16,9.28,0.2,
108,2025-10-17 03:00:00,9.66,4.83,0.0,0.0,85.44,8.25,8.47,8.84,0.17,
108,2025-10-17 04:00:00,13.28,7.14,0.0,0.0,88.24,7.87,7.93,8.01,0.13,
108,2025-10-17 05:00:00,12.07,5.27,0.0,0.0,88.78,7.38,7.63,7.83,0.12,
108,2025-10-17 06:00:00,9.66,5.37,0.0,0.0,90.06,6.84,7.1,7.37,0.1,
108,2025-10-17 07:00:00,9.66,3.42,4.39,0.0,91.39,6.38,6.55,6.72,0.09,
108,2025-10-17 08:00:00,6.04,1.77,70.63,0.0,91.41,6.54,6.82,7.28,0.08,
108,2025-10-17 09:00:00,18.11,6.1,127.22,0.0,89.04,7.7,8.07,8.33,0.12,
108,2025-10-17 10:00:00,16.9,8.03,231.19,0.0,86.18,8.33,8.7,9.17,0.16,
108,2025-10-17 11:00:00,16.9,8.06,949.31,0.0,81.64,9.42,10.24,11.01,0.23,
108,2025-10-17 12:00:00,14.48,4.56,904.56,0.0,76.14,11.46,12.37,13.36,0.35,
108,2025-10-17 13:00:00,13.28,4.89,973.88,0.0,68.03,13.92,15.25,16.34,0.56,
108,2025-10-17 14:00:00,18.11,6.32,990.99,0.0,63.64,16.58,17.9,18.73,0.75,
108,2025-10-17 15:00:00,15.69,6.28,969.49,0.0,58.93,19.25,20.08,20.57,0.97,
108,2025-10-17 16:00:00,16.9,7.11,894.04,0.0,56.36,21.59,21.89,22.15,1.15,
108,2025-10-17 17:00:00,15.69,7.85,768.13,0.0,53.09,22.08,22.61,23.28,1.29,
108,2025-10-17 18:00:00,18.11,9.32,604.94,0.0,47.26,23.11,23.4,23.61,1.52,
108,2025-10-17 19:00:00,14.48,8.22,357.97,0.0,49.61,22.98,23.25,23.42,1.44,
108,2025-10-17 20:00:00,9.66,3.7,124.15,0.0,59.01,19.81,21.4,22.69,1.05,
108,2025-10-17 21:00:00,4.83,2.86,3.07,0.0,70.37,16.41,17.63,18.94,0.6,
108,2025-10-17 22:00:00,6.04,2.95,0.0,0.0,72.39,15.41,15.96,16.82,0.5,
108,2025-10-17 23:00:00,8.45,4.54,0.0,0.0,75.81,13.24,14.04,14.82,0.39,
108,2025-10-18 00:00:00,8.45,4.59,0.0,0.0,78.87,12.42,12.73,13.01,0.31,
108,2025-10-18 01:00:00,6.04,1.8,0.0,0.0,82.53,11.05,11.61,12.03,0.24,
108,2025-10-18 02:00:00,6.04,2.4,0.0,0.0,86.06,10.4,10.55,10.75,0.18,
108,2025-10-18 03:00:00,9.66,4.5,0.0,0.0,86.25,10.47,10.54,10.67,0.17,
108,2025-10-18 04:00:00,8.45,1.34,0.0,0.0,88.02,8.93,9.71,10.44,0.15,
108,2025-10-18 05:00:00,7.24,2.95,0.0,0.0,90.68,8.8,9.03,9.23,0.11,
108,2025-10-18 06:00:00,8.45,4.27,0.0,0.0,89.86,8.56,8.81,9.0,0.12,
108,2025-10-18 07:00:00,2.41,0.11,4.39,0.0,89.73,7.39,8.06,8.57,0.11,
108,2025-10-18 08:00:00,3.62,0.23,127.66,0.0,90.67,7.11,7.99,9.02,0.1,
108,2025-10-18 09:00:00,14.48,5.04,332.08,0.0,83.57,9.81,10.6,11.25,0.21,
108,2025-10-18 10:00:00,15.69,6.73,535.19,0.0,76.46,12.05,12.54,12.81,0.35,
108,2025-10-18 11:00:00,14.48,6.56,648.37,0.0,72.24,13.58,14.67,15.54,0.47,
108,2025-10-18 12:00:00,13.28,5.07,767.7,0.0,65.78,16.35,16.87,17.68,0.66,
108,2025-10-18 13:00:00,16.9,6.57,860.7,0.0,61.55,18.12,18.86,19.57,0.84,
108,2025-10-18 14:00:00,15.69,5.69,792.7,0.0,57.09,20.38,20.94,21.33,1.07,
108,2025-10-18 15:00:00,16.9,5.54,812.0,0.0,53.06,21.66,22.28,22.69,1.26,
108,2025-10-18 16:00:00,9.66,3.68,1102.41,0.0,51.02,23.25,23.69,24.47,1.44,
108,2025-10-18 17:00:00,8.45,2.13,940.54,0.0,46.46,24.87,25.53,26.31,1.75,
108,2025-10-18 18:00:00,8.45,2.33,687.42,0.0,47.19,25.33,25.61,25.9,1.74,
108,2025-10-18 19:00:00,7.24,3.59,492.64,0.0,46.55,25.63,26.01,26.29,1.8,
108,2025-10-18 20:00:00,7.24,2.61,82.03,0.0,56.13,22.1,23.62,24.92,1.29,
108,2025-10-18 21:00:00,2.41,0.2,0.0,0.0,66.86,19.05,20.32,21.38,0.8,
108,2025-10-18 22:00:00,3.62,0.2,0.0,0.0,76.13,16.76,17.62,18.32,0.48,
108,2025-10-18 23:00:00,3.62,0.21,0.0,0.0,81.34,15.58,15.9,16.14,0.34,
108,2025-10-19 00:00:00,2.41,0.2,0.0,0.0,78.04,15.02,15.4,15.64,0.39,
108,2025-10-19 01:00:00,1.21,0.0,0.0,0.0,80.81,13.6,14.09,14.62,0.31,
108,2025-10-19 02:00:00,2.41,0.23,0.0,0.0,85.87,12.53,12.92,13.43,0.21,
108,2025-10-19 03:00:00,3.62,0.21,0.0,0.0,84.7,11.33,12.06,12.57,0.22,
108,2025-10-19 04:00:00,0.0,0.0,0.0,0.0,88.5,10.73,10.98,11.19,0.15,
108,2025-10-19 05:00:00,4.83,1.07,0.0,0.0,87.98,10.99,11.38,11.64,0.16,
108,2025-10-19 06:00:00,7.24,1.7,0.0,0.0,86.75,11.43,11.6,11.85,0.18,
108,2025-10-19 07:00:00,3.62,0.18,11.84,0.0,88.0,10.82,10.93,11.15,0.16,
108,2025-10-19 08:00:00,4.83,1.45,75.89,0.0,89.93,10.85,11.19,11.63,0.13,
108,2025-10-19 09:00:00,4.83,0.74,293.92,0.0,85.08,12.25,12.89,13.61,0.22,
108,2025-10-19 10:00:00,22.93,8.81,655.39,0.0,76.22,14.05,15.05,15.86,0.41,
108,2025-10-19 11:00:00,9.66,3.41,826.48,0.0,69.09,16.3,17.62,19.11,0.63,
108,2025-10-19 12:00:00,10.86,3.77,899.3,0.0,61.69,19.44,19.85,20.38,0.89,
108,2025-10-19 13:00:00,13.28,5.69,962.91,0.0,59.38,20.67,21.24,21.88,1.03,
108,2025-10-19 14:00:00,13.28,3.8,981.77,0.0,53.54,22.5,22.83,23.52,1.29,
108,2025-10-19 15:00:00,12.07,4.95,969.93,0.0,51.46,23.95,24.44,24.9,1.49,
108,2025-10-19 16:00:00,13.28,4.08,889.21,0.0,43.48,25.33,25.61,25.87,1.86,
108,2025-10-19 17:00:00,13.28,4.53,768.13,0.0,39.78,26.22,26.36,26.46,2.07,
108,2025-10-19 18:00:00,16.9,5.42,596.17,0.0,42.06,26.04,26.5,27.25,2.01,
108,2025-10-19 19:00:00,20.52,9.87,341.73,0.0,48.4,23.14,24.19,25.07,1.56,
108,2025-10-19 20:00:00,18.11,6.97,111.86,0.0,54.67,19.53,21.2,22.56,1.15,
108,2025-10-19 21:00:00,15.69,5.56,5.7,0.0,64.04,15.79,17.16,18.77,0.71,
108,2025-10-19 22:00:00,6.04,1.43,0.0,0.0,71.31,13.29,14.38,15.18,0.47,
108,2025-10-19 23:00:00,0.0,0.0,0.0,0.0,77.35,11.53,12.23,12.85,0.32,
108,2025-10-20 00:00:00,6.04,2.84,0.0,0.0,78.87,10.62,11.16,11.49,0.28,
108,2025-10-20 01:00:00,7.24,3.37,0.0,0.0,82.77,9.58,9.94,10.22,0.21,
108,2025-10-20 02:00:00,10.86,3.85,0.0,0.0,84.42,8.62,9.19,9.52,0.18,
108,2025-10-20 03:00:00,8.45,4.06,0.0,0.0,88.25,8.04,8.42,8.62,0.13,
108,2025-10-20 04:00:00,1.21,0.0,0.0,0.0,91.11,7.01,7.48,7.93,0.1,
108,2025-10-20 05:00:00,0.0,0.0,0.0,0.0,92.96,6.86,7.0,7.13,0.07,
108,2025-10-20 06:00:00,0.0,0.0,0.0,0.0,93.37,6.31,6.55,6.76,0.07,
108,2025-10-20 07:00:00,0.0,0.0,3.95,0.0,93.82,5.49,5.77,5.88,0.06,
108,2025-10-20 08:00:00,4.83,1.1,112.3,0.0,94.44,5.47,6.31,7.2,0.05,
108,2025-10-20 09:00:00,10.86,2.88,391.74,0.0,93.31,7.86,8.94,9.99,0.08,
108,2025-10-20 10:00:00,12.07,5.17,550.55,0.0,83.71,10.4,11.25,12.08,0.22,
108,2025-10-20 11:00:00,9.66,4.19,794.46,0.0,73.47,12.61,13.42,14.45,0.41,
108,2025-10-20 12:00:00,15.69,7.2,903.69,0.0,66.4,14.69,15.59,16.37,0.6,
108,2025-10-20 13:00:00,16.9,8.39,980.02,0.0,55.92,16.89,17.76,18.62,0.9,
108,2025-10-20 14:00:00,21.73,10.14,999.76,0.0,45.82,19.12,19.99,20.64,1.27,
108,2025-10-20 15:00:00,19.31,8.57,975.63,0.0,43.43,21.15,21.39,21.74,1.44,
108,2025-10-20 16:00:00,21.73,8.5,916.85,0.0,45.3,22.32,22.37,22.47,1.48,
108,2025-10-20 17:00:00,19.31,8.66,784.37,0.0,45.49,22.73,22.99,23.19,1.53,
108,2025-10-20 18:00:00,21.73,7.94,573.36,0.0,49.2,22.77,23.07,23.33,1.44,
108,2025-10-20 19:00:00,14.48,7.09,375.07,0.0,51.62,22.43,22.78,22.98,1.34,
108,2025-10-20 20:00:00,22.93,5.98,77.21,0.0,61.86,19.44,20.74,21.48,0.94,
108,2025-10-20 21:00:00,24.14,11.03,0.0,0.0,74.45,16.44,17.34,18.35,0.51,
108,2025-10-20 22:00:00,19.31,8.93,0.0,0.0,78.84,15.14,15.62,16.13,0.38,
108,2025-10-20 23:00:00,14.48,4.92,0.0,0.0,83.08,13.99,14.42,14.85,0.28,
108,2025-10-21 00:00:00,9.66,2.96,0.0,0.0,87.26,12.91,13.26,13.54,0.2,
108,2025-10-21 01:00:00,6.04,2.08,0.0,0.0,89.99,12.23,12.5,12.75,0.15,
108,2025-10-21 02:00:00,7.24,3.11,0.0,0.0,90.86,11.99,12.12,12.23,0.13,
108,2025-10-21 03:00:00,6.04,1.03,0.0,0.0,90.65,11.43,11.72,11.91,0.13,
108,2025-10-21 04:00:00,2.41,0.06,0.0,0.0,91.43,10.75,11.02,11.35,0.11,
108,2025-10-21 05:00:00,3.62,0.14,0.0,0.0,91.98,10.19,10.3,10.46,0.1,
108,2025-10-21 06:00:00,4.83,0.94,0.0,0.0,92.21,10.15,10.25,10.4,0.1,
108,2025-10-21 07:00:00,1.21,0.02,0.0,0.0,92.24,10.08,10.28,10.4,0.1,
108,2025-10-21 08:00:00,3.62,0.08,81.16,0.0,91.6,10.08,10.4,10.9,0.11,
108,2025-10-21 09:00:00,12.07,4.15,155.73,0.0,87.15,11.29,11.73,12.05,0.18,
108,2025-10-21 10:00:00,16.9,5.79,357.09,0.0,82.6,12.17,12.71,13.19,0.26,
108,2025-10-21 11:00:00,18.11,9.55,818.14,0.0,76.15,13.72,14.92,15.8,0.41,
108,2025-10-21 12:00:00,20.52,10.13,909.39,0.0,65.75,16.41,17.14,17.71,0.67,
108,2025-10-21 13:00:00,21.73,9.76,980.46,0.0,58.57,18.11,18.66,19.08,0.89,
108,2025-10-21 14:00:00,19.31,8.19,1000.2,0.0,55.36,19.48,20.04,20.47,1.04,
108,2025-10-21 15:00:00,18.11,8.07,986.16,0.0,47.17,20.63,20.92,21.31,1.31,
108,2025-10-21 16:00:00,21.73,9.52,877.8,0.0,44.61,21.16,21.42,21.64,1.41,
108,2025-10-21 17:00:00,20.52,8.42,783.05,0.0,43.12,21.76,22.0,22.19,1.51,
108,2025-10-21 18:00:00,20.52,7.7,611.52,0.0,41.66,22.01,22.38,22.55,1.58,
108,2025-10-21 19:00:00,18.11,9.9,361.04,0.0,40.02,21.39,21.89,22.18,1.58,
108,2025-10-21 20:00:00,15.69,6.36,112.74,0.0,47.01,18.34,19.82,20.94,1.23,
108,2025-10-21 21:00:00,14.48,4.62,13.16,0.0,59.27,16.21,16.68,17.25,0.78,
108,2025-10-21 22:00:00,15.69,7.94,0.0,0.0,67.4,14.58,15.2,15.68,0.56,
108,2025-10-21 23:00:00,13.28,5.1,0.0,0.0,72.87,12.4,13.14,13.82,0.41,
108,2025-10-22 00:00:00,2.41,0.03,0.0,0.0,79.45,10.75,11.36,11.93,0.28,
108,2025-10-22 01:00:00,0.0,0.0,0.0,0.0,83.24,9.29,9.81,10.19,0.2,
108,2025-10-22 02:00:00,0.0,0.0,0.0,0.0,86.0,8.66,9.0,9.46,0.16,
108,2025-10-22 03:00:00,0.0,0.0,0.0,0.0,87.5,7.72,8.24,8.68,0.14,
108,2025-10-22 04:00:00,0.0,0.0,0.0,0.0,89.63,7.03,7.28,7.52,0.11,
108,2025-10-22 05:00:00,3.62,0.35,0.0,0.0,91.19,6.47,6.76,6.99,0.09,
108,2025-10-22 06:00:00,6.04,0.68,0.0,0.0,91.92,6.09,6.32,6.49,0.08,
108,2025-10-22 07:00:00,3.62,0.29,8.34,0.0,91.76,5.35,5.84,6.16,0.08,
108,2025-10-22 08:00:00,8.45,0.94,144.33,0.0,92.31,6.02,6.97,8.32,0.08,
108,2025-10-22 09:00:00,19.31,8.72,389.99,0.0,88.72,9.37,10.23,11.05,0.14,
108,2025-10-22 10:00:00,15.69,8.04,602.75,0.0,79.78,11.63,12.54,13.44,0.3,
108,2025-10-22 11:00:00,18.11,9.01,819.02,0.0,70.84,14.4,15.4,16.51,0.51,
108,2025-10-22 12:00:00,19.31,9.73,901.93,0.0,61.33,17.0,18.2,19.28,0.81,
108,2025-10-22 13:00:00,19.31,9.13,965.54,0.0,51.52,19.46,20.14,20.67,1.15,
108,2025-10-22 14:00:00,20.52,7.62,1035.73,0.0,44.65,21.21,21.63,22.08,1.43,
108,2025-10-22 15:00:00,25.35,12.67,1003.71,0.0,41.52,22.22,22.55,22.83,1.6,
108,2025-10-22 16:00:00,22.93,12.46,898.86,0.0,42.46,22.62,22.79,22.91,1.6,
108,2025-10-22 17:00:00,21.73,11.6,758.48,0.0,38.96,22.83,23.22,23.56,1.74,
108,2025-10-22 18:00:00,19.31,9.17,457.55,0.0,38.99,22.16,22.66,22.93,1.68,
108,2025-10-22 19:00:00,13.28,6.57,187.32,0.0,45.03,20.84,21.43,21.85,1.41,
108,2025-10-22 20:00:00,6.04,1.68,101.77,0.0,54.11,18.32,19.66,20.63,1.06,
108,2025-10-22 21:00:00,19.31,5.37,0.0,0.0,61.29,16.89,17.59,18.1,0.78,
108,2025-10-22 22:00:00,8.45,2.75,0.0,0.0,65.74,15.14,15.72,16.31,0.61,
108,2025-10-22 23:00:00,6.04,2.25,0.0,0.0,69.13,13.91,14.31,14.95,0.5,
108,2025-10-23 00:00:00,10.86,3.55,0.0,0.0,72.88,13.03,13.41,13.88,0.42,
108,2025-10-23 01:00:00,7.24,1.95,0.0,0.0,77.4,11.74,12.21,12.51,0.32,
108,2025-10-23 02:00:00,3.62,1.0,0.0,0.0,81.75,11.68,11.79,11.87,0.25,
108,2025-10-23 03:00:00,4.83,1.0,0.0,0.0,86.77,11.09,11.32,11.5,0.18,
108,2025-10-23 04:00:00,3.62,0.57,0.0,0.0,87.64,10.98,11.02,11.09,0.16,
108,2025-10-23 05:00:00,3.62,0.36,0.0,0.0,87.77,10.51,10.75,10.94,0.16,
108,2025-10-23 06:00:00,2.41,0.09,0.0,0.0,88.07,10.09,10.31,10.42,0.15,
108,2025-10-23 07:00:00,4.83,1.15,0.0,0.0,85.89,10.25,10.32,10.46,0.18,
108,2025-10-23 08:00:00,4.83,0.47,47.38,0.0,85.57,10.22,10.48,10.78,0.19,
108,2025-10-23 09:00:00,13.28,4.71,166.26,0.0,82.71,11.03,11.47,11.72,0.24,
108,2025-10-23 10:00:00,14.48,7.91,203.11,0.0,79.43,11.77,12.0,12.15,0.29,
108,2025-10-23 11:00:00,15.69,7.09,536.07,0.0,75.31,12.32,12.98,13.51,0.37,
108,2025-10-23 12:00:00,16.9,6.59,595.73,0.0,69.2,14.23,14.65,15.07,0.52,
108,2025-10-23 13:00:00,16.9,6.28,618.98,0.0,63.48,15.48,16.22,17.0,0.68,
108,2025-10-23 14:00:00,15.69,5.43,626.0,0.0,59.79,16.87,17.6,17.93,0.81,
108,2025-10-23 15:00:00,18.11,4.44,694.44,0.0,55.98,18.51,18.69,18.98,0.95,
108,2025-10-23 16:00:00,13.28,4.74,728.21,0.0,53.26,19.0,19.31,19.59,1.05,
108,2025-10-23 17:00:00,7.24,2.19,396.57,0.0,52.63,19.5,19.7,19.84,1.09,
108,2025-10-23 18:00:00,8.45,3.94,303.13,0.0,54.91,19.32,19.47,19.63,1.02,
108,2025-10-23 19:00:00,10.86,4.17,296.55,0.0,55.98,19.36,19.67,19.88,1.01,
108,2025-10-23 20:00:00,13.28,2.9,95.19,0.0,58.64,17.59,18.66,19.14,0.89,
108,2025-10-23 21:00:00,16.9,7.88,3.07,0.0,64.89,15.34,16.22,17.03,0.65,
108,2025-10-23 22:00:00,19.31,7.31,0.0,0.0,71.9,14.51,14.7,15.02,0.47,
108,2025-10-23 23:00:00,10.86,4.89,0.0,0.0,74.91,14.07,14.21,14.41,0.41,
108,2025-10-24 00:00:00,15.69,6.5,0.0,0.0,76.52,13.22,13.62,14.0,0.37,
108,2025-10-24 01:00:00,15.69,5.49,0.0,0.0,78.5,12.33,12.49,12.81,0.31,
108,2025-10-24 02:00:00,14.48,5.96,0.0,0.0,81.22,11.58,12.02,12.3,0.27,
108,2025-10-24 03:00:00,7.24,3.18,0.0,0.0,85.63,10.48,10.96,11.46,0.19,
108,2025-10-24 04:00:00,8.45,3.0,0.0,0.0,89.13,9.22,9.66,10.22,0.13,
108,2025-10-24 05:00:00,7.24,2.52,0.0,0.0,90.83,8.36,8.58,8.9,0.1,
108,2025-10-24 06:00:00,7.24,2.14,0.0,0.0,91.65,7.44,7.77,8.21,0.09,
108,2025-10-24 07:00:00,3.62,0.47,7.02,0.0,91.93,6.6,6.87,7.11,0.08,
108,2025-10-24 08:00:00,6.04,0.63,78.52,0.0,91.63,6.73,6.92,7.2,0.08,
108,2025-10-24 09:00:00,9.66,4.12,470.27,0.0,89.58,7.65,8.48,9.52,0.12,
108,2025-10-24 10:00:00,15.69,8.15,593.54,0.0,79.02,10.36,11.5,12.53,0.29,
108,2025-10-24 11:00:00,25.35,10.56,897.98,0.0,66.83,13.6,14.62,15.59,0.55,
108,2025-10-24 12:00:00,27.76,14.16,914.22,0.0,56.74,15.79,16.17,16.55,0.8,
108,2025-10-24 13:00:00,28.97,14.52,1061.61,0.0,54.97,16.59,16.97,17.2,0.87,
108,2025-10-24 14:00:00,26.55,13.54,1103.73,0.0,52.43,16.72,16.98,17.31,0.92,
108,2025-10-24 15:00:00,33.8,12.93,640.92,0.0,50.9,17.17,17.63,18.05,0.99,
108,2025-10-24 16:00:00,32.59,13.25,1064.68,0.0,49.01,17.58,17.85,18.05,1.05,
108,2025-10-24 17:00:00,22.93,11.09,652.32,0.0,47.31,17.32,17.97,18.83,1.09,
108,2025-10-24 18:00:00,25.35,13.38,289.09,0.0,47.33,17.25,17.43,17.79,1.05,
108,2025-10-24 19:00:00,26.55,13.67,271.98,0.0,57.43,14.83,15.36,16.58,0.75,
108,2025-10-24 20:00:00,22.93,10.31,51.33,0.0,63.33,13.72,14.23,15.1,0.6,
108,2025-10-24 21:00:00,30.18,13.29,0.0,0.0,63.72,12.54,13.18,13.91,0.55,
108,2025-10-24 22:00:00,18.11,7.8,0.0,0.0,67.88,12.0,12.09,12.27,0.45,
108,2025-10-24 23:00:00,19.31,6.58,0.0,0.0,69.24,10.77,11.45,11.92,0.42,
108,2025-10-25 00:00:00,14.48,5.51,0.0,0.0,74.23,9.53,9.83,10.36,0.31,
108,2025-10-25 01:00:00,20.52,10.17,0.0,0.0,71.25,9.23,9.57,9.87,0.34,
108,2025-10-25 02:00:00,20.52,10.4,0.0,0.0,71.02,8.59,8.88,9.19,0.33,
108,2025-10-25 03:00:00,20.52,8.27,0.0,0.0,73.8,7.52,8.07,8.43,0.29,
108,2025-10-25 04:00:00,13.28,4.41,0.0,0.0,78.83,6.42,6.8,7.32,0.21,
108,2025-10-25 05:00:00,9.66,3.65,0.0,0.0,83.89,5.47,5.76,6.11,0.15,
108,2025-10-25 06:00:00,10.86,4.27,0.0,0.0,85.89,4.61,5.16,5.54,0.13,
108,2025-10-25 07:00:00,8.45,2.2,4.83,0.0,88.66,3.95,4.19,4.51,0.09,
108,2025-10-25 08:00:00,12.07,3.31,137.75,0.0,87.73,4.44,5.17,5.83,0.11,
108,2025-10-25 09:00:00,19.31,9.17,435.61,0.0,81.69,6.07,7.01,7.76,0.19,
108,2025-10-25 10:00:00,24.14,11.62,640.48,0.0,71.96,8.6,9.61,10.63,0.34,
108,2025-10-25 11:00:00,22.93,11.68,804.98,0.0,61.94,11.03,12.07,13.02,0.54,
108,2025-10-25 12:00:00,22.93,12.77,947.56,0.0,54.7,13.77,14.49,15.44,0.75,
108,2025-10-25 13:00:00,25.35,13.11,1025.64,0.0,48.18,16.23,16.6,16.92,0.98,
108,2025-10-25 14:00:00,27.76,14.46,1037.92,0.0,41.86,17.37,17.97,18.35,1.2,
108,2025-10-25 15:00:00,25.35,12.96,1037.92,0.0,34.27,19.46,19.65,19.96,1.5,
108,2025-10-25 16:00:00,25.35,13.87,1018.62,0.0,33.82,19.0,19.49,19.8,1.5,
108,2025-10-25 17:00:00,25.35,14.23,868.59,0.0,32.37,19.08,19.51,19.91,1.53,
108,2025-10-25 18:00:00,26.55,14.56,416.31,0.0,38.26,17.93,18.22,18.73,1.29,
108,2025-10-25 19:00:00,28.97,14.31,344.37,0.0,39.8,18.27,18.42,18.56,1.28,
108,2025-10-25 20:00:00,19.31,9.43,130.29,0.0,44.36,15.99,17.12,18.05,1.09,
108,2025-10-25 21:00:00,13.28,6.62,5.26,0.0,52.09,14.17,14.59,15.37,0.8,
108,2025-10-25 22:00:00,15.69,7.24,0.0,0.0,62.41,12.78,12.95,13.3,0.56,
108,2025-10-25 23:00:00,19.31,8.99,0.0,0.0,71.22,11.58,12.2,12.74,0.41,
108,2025-10-26 00:00:00,8.45,3.07,0.0,0.0,78.66,9.35,10.11,10.9,0.26,
108,2025-10-26 01:00:00,6.04,2.04,0.0,0.0,82.35,8.29,8.74,9.3,0.2,
108,2025-10-26 02:00:00,7.24,2.27,0.0,0.0,84.08,8.01,8.27,8.45,0.18,
108,2025-10-26 03:00:00,7.24,2.5,0.0,0.0,85.87,7.48,7.83,8.52,0.15,
108,2025-10-26 04:00:00,8.45,2.07,0.0,0.0,86.75,7.37,7.53,7.62,0.14,
108,2025-10-26 05:00:00,7.24,1.4,0.0,0.0,86.85,7.65,8.03,8.68,0.14,
108,2025-10-26 06:00:00,13.28,4.03,0.0,0.0,83.31,8.17,8.7,9.28,0.19,
108,2025-10-26 07:00:00,13.28,4.11,3.95,0.0,85.16,7.65,7.99,8.31,0.16,
108,2025-10-26 08:00:00,9.66,1.93,167.58,0.0,84.56,7.48,8.52,9.43,0.17,
108,2025-10-26 09:00:00,15.69,7.68,400.08,0.0,76.97,9.71,10.45,11.2,0.29,
108,2025-10-26 10:00:00,18.11,8.74,603.63,0.0,69.34,12.0,12.77,13.58,0.46,
108,2025-10-26 11:00:00,21.73,11.72,801.04,0.0,64.64,14.41,15.34,16.16,0.62,
108,2025-10-26 12:00:00,21.73,10.88,912.02,0.0,60.92,16.73,17.83,18.7,0.8,
108,2025-10-26 13:00:00,25.35,12.31,1020.38,0.0,57.36,19.05,19.52,20.03,0.97,
108,2025-10-26 14:00:00,21.73,11.65,1015.55,0.0,54.64,20.4,20.84,21.29,1.12,
108,2025-10-26 15:00:00,26.55,12.92,963.35,0.0,50.2,21.76,21.9,22.19,1.31,
108,2025-10-26 16:00:00,27.76,13.14,883.51,0.0,47.46,22.05,22.59,22.94,1.44,
108,2025-10-26 17:00:00,22.93,12.33,835.69,0.0,46.95,22.85,23.02,23.19,1.49,
108,2025-10-26 18:00:00,25.35,13.82,607.14,0.0,48.56,22.57,22.78,23.15,1.43,
108,2025-10-26 19:00:00,25.35,11.84,327.7,0.0,50.31,22.28,22.44,22.57,1.35,
108,2025-10-26 20:00:00,21.73,9.75,145.2,0.0,53.78,20.22,21.07,21.71,1.16,
108,2025-10-26 21:00:00,14.48,7.09,0.0,0.0,60.36,18.36,19.15,19.81,0.88,
108,2025-10-26 22:00:00,13.28,4.22,0.0,0.0,70.44,16.14,16.81,17.64,0.57,
108,2025-10-26 23:00:00,9.66,4.78,0.0,0.0,78.23,15.16,15.54,15.85,0.39,
108,2025-10-27 00:00:00,10.86,5.22,0.0,0.0,82.01,14.23,14.56,14.97,0.3,
108,2025-10-27 01:00:00,8.45,4.09,0.0,0.0,84.25,13.44,13.75,13.92,0.25,
108,2025-10-27 02:00:00,7.24,1.69,0.0,0.0,86.55,12.58,12.89,13.06,0.2,
108,2025-10-27 03:00:00,12.07,3.7,0.0,0.0,86.14,12.27,12.55,13.02,0.2,
108,2025-10-27 04:00:00,15.69,6.43,0.0,0.0,84.04,12.96,13.0,13.05,0.24,
108,2025-10-27 05:00:00,13.28,5.55,0.0,0.0,86.14,11.75,12.3,12.77,0.2,
108,2025-10-27 06:00:00,15.69,6.38,0.0,0.0,88.91,10.92,11.11,11.46,0.15,
108,2025-10-27 07:00:00,13.28,6.23,2.63,0.0,88.88,10.63,10.66,10.74,0.14,
108,2025-10-27 08:00:00,18.11,8.45,26.76,0.0,87.82,10.47,10.53,10.57,0.16,
108,2025-10-27 09:00:00,12.07,6.26,166.7,0.0,87.82,10.68,10.78,10.85,0.16,
108,2025-10-27 10:00:00,9.66,4.06,274.18,0.0,86.38,10.87,11.34,11.8,0.19,
108,2025-10-27 11:00:00,8.45,2.4,407.98,0.0,84.04,12.0,12.5,13.32,0.23,
108,2025-10-27 12:00:00,10.86,3.49,985.28,0.0,77.59,13.82,14.6,15.75,0.38,
108,2025-10-27 13:00:00,13.28,3.92,1024.76,0.0,67.47,16.38,17.96,19.25,0.67,
108,2025-10-27 14:00:00,14.48,4.97,1003.27,0.0,58.95,20.15,21.31,22.55,1.05,
108,2025-10-27 15:00:00,14.48,6.65,994.49,0.0,51.24,22.08,22.98,24.01,1.37,
108,2025-10-27 16:00:00,15.69,5.87,946.68,0.0,43.57,24.32,24.87,25.14,1.78,
108,2025-10-27 17:00:00,18.11,7.85,905.0,0.0,41.15,25.45,25.57,25.71,1.93,
108,2025-10-27 18:00:00,13.28,6.22,618.98,0.0,36.86,25.98,26.13,26.43,2.14,
108,2025-10-27 19:00:00,10.86,3.09,415.43,0.0,34.53,26.02,26.53,27.26,2.27,
108,2025-10-27 20:00:00,2.41,0.17,139.94,0.0,39.95,23.87,25.76,27.06,2.01,
108,2025-10-27 21:00:00,4.83,0.59,5.7,0.0,61.27,19.27,20.26,22.26,0.92,
108,2025-10-27 22:00:00,2.41,0.09,0.0,0.0,67.2,16.63,17.47,18.49,0.66,
108,2025-10-27 23:00:00,7.24,1.06,0.0,0.0,69.96,15.65,15.93,16.23,0.55,
108,2025-10-28 00:00:00,12.07,6.25,0.0,0.0,71.66,14.85,15.23,15.64,0.49,
108,2025-10-28 01:00:00,10.86,2.87,0.0,0.0,71.37,13.82,14.71,15.83,0.48,
108,2025-10-28 02:00:00,2.41,0.09,0.0,0.0,76.94,12.81,13.11,13.75,0.35,
108,2025-10-28 03:00:00,6.04,1.31,0.0,0.0,74.66,11.81,12.18,12.44,0.36,
108,2025-10-28 04:00:00,1.21,0.0,0.0,0.0,80.13,10.13,10.8,11.4,0.26,
108,2025-10-28 05:00:00,0.0,0.0,0.0,0.0,84.75,9.28,9.63,10.11,0.18,
108,2025-10-28 06:00:00,0.0,0.0,0.0,0.0,86.04,8.53,8.65,8.84,0.16,
108,2025-10-28 07:00:00,0.0,0.0,2.19,0.0,87.98,8.11,8.23,8.43,0.13,
108,2025-10-28 08:00:00,0.0,0.0,177.23,0.0,85.34,8.49,9.64,10.8,0.18,
108,2025-10-28 09:00:00,4.83,0.39,403.15,0.0,70.32,12.51,13.5,14.35,0.46,
108,2025-10-28 10:00:00,9.66,3.84,606.26,0.0,62.78,14.9,15.58,16.23,0.66,
108,2025-10-28 11:00:00,9.66,2.73,798.84,0.0,58.92,17.01,18.05,19.12,0.86,
108,2025-10-28 12:00:00,9.66,2.4,921.67,0.0,50.5,20.06,20.75,21.81,1.22,
108,2025-10-28 13:00:00,9.66,3.18,991.42,0.0,47.35,21.38,22.32,23.28,1.42,
108,2025-10-28 14:00:00,15.69,4.53,1006.78,0.0,44.45,23.29,24.16,25.04,1.67,
108,2025-10-28 15:00:00,16.9,6.04,993.18,0.0,43.3,24.49,25.22,26.04,1.82,
108,2025-10-28 16:00:00,14.48,5.52,915.97,0.0,38.47,25.76,26.31,26.6,2.11,
108,2025-10-28 17:00:00,15.69,6.28,793.58,0.0,37.17,26.53,26.86,27.29,2.22,
108,2025-10-28 18:00:00,16.9,5.73,633.02,0.0,35.89,27.15,27.56,28.47,2.36,
108,2025-10-28 19:00:00,14.48,4.95,392.62,0.0,36.11,27.0,27.31,27.9,2.32,
108,2025-10-28 20:00:00,7.24,2.49,149.59,0.0,43.39,23.74,25.71,27.12,1.88,
108,2025-10-28 21:00:00,25.35,6.5,6.58,0.0,50.14,20.43,21.47,22.6,1.27,
108,2025-10-28 22:00:00,13.28,5.01,0.0,0.0,57.05,17.0,18.34,19.49,0.91,
108,2025-10-28 23:00:00,8.45,3.23,0.0,0.0,61.21,15.2,16.02,16.52,0.71,
108,2025-10-29 00:00:00,3.62,0.71,0.0,0.0,67.36,13.05,13.74,14.42,0.51,
108,2025-10-29 01:00:00,4.83,1.1,0.0,0.0,71.87,12.08,12.33,12.7,0.41,
108,2025-10-29 02:00:00,3.62,1.3,0.0,0.0,73.27,10.84,11.36,11.61,0.36,
108,2025-10-29 03:00:00,1.21,0.0,0.0,0.0,75.93,10.04,10.31,10.51,0.3,
108,2025-10-29 04:00:00,7.24,2.84,0.0,0.0,74.61,9.8,10.17,10.37,0.32,
108,2025-10-29 05:00:00,7.24,1.6,0.0,0.0,79.35,8.89,9.28,10.05,0.25,
108,2025-10-29 06:00:00,4.83,0.6,0.0,0.0,83.78,8.07,8.24,8.38,0.18,
108,2025-10-29 07:00:00,2.41,0.02,17.11,0.0,85.91,7.73,7.81,7.87,0.15,
108,2025-10-29 08:00:00,7.24,1.37,166.7,0.0,82.41,8.19,9.28,10.81,0.21,
108,2025-10-29 09:00:00,20.52,9.08,358.4,0.0,67.39,11.63,12.63,13.48,0.48,
108,2025-10-29 10:00:00,21.73,11.08,749.71,0.0,59.13,13.55,14.38,15.2,0.67,
108,2025-10-29 11:00:00,18.11,7.22,959.84,0.0,53.47,16.1,16.88,17.86,0.9,
108,2025-10-29 12:00:00,16.9,6.85,1083.99,0.0,50.18,18.24,18.89,19.56,1.09,
108,2025-10-29 13:00:00,18.11,8.22,1029.15,0.0,48.61,19.85,20.52,20.95,1.24,
108,2025-10-29 14:00:00,15.69,6.68,1170.41,0.0,45.73,21.69,22.47,22.94,1.48,
108,2025-10-29 15:00:00,18.11,7.59,1162.51,0.0,39.72,23.52,24.07,24.52,1.81,
108,2025-10-29 16:00:00,14.48,6.71,941.85,0.0,33.25,25.04,25.24,25.37,2.14,
108,2025-10-29 17:00:00,16.9,6.81,785.24,0.0,31.95,25.86,26.06,26.21,2.29,
108,2025-10-29 18:00:00,13.28,4.27,489.13,0.0,34.3,25.01,25.52,26.39,2.15,
108,2025-10-29 19:00:00,12.07,4.8,475.97,0.0,34.93,25.7,25.98,26.16,2.19,
108,2025-10-29 20:00:00,7.24,2.81,142.57,0.0,41.99,21.97,23.95,25.25,1.74,
108,2025-10-29 21:00:00,12.07,4.65,4.39,0.0,53.41,18.72,19.86,21.24,1.09,
108,2025-10-29 22:00:00,12.07,4.44,0.0,0.0,62.93,15.89,16.87,17.86,0.72,
108,2025-10-29 23:00:00,4.83,1.53,0.0,0.0,73.54,13.74,14.36,14.97,0.43,
108,2025-10-30 01:00:00,6.04,1.99,0.0,0.0,82.54,12.09,12.18,12.32,0.25,
108,2025-10-30 02:00:00,4.83,1.22,0.0,0.0,86.08,11.09,11.38,11.88,0.19,
108,2025-10-30 03:00:00,4.83,0.32,0.0,0.0,87.88,10.15,10.49,10.77,0.16,
108,2025-10-30 04:00:00,3.62,0.26,0.0,0.0,90.3,9.4,9.61,9.94,0.12,
108,2025-10-30 05:00:00,0.0,0.0,0.0,0.0,90.04,8.49,8.9,9.23,0.12,
108,2025-10-30 06:00:00,0.0,0.0,0.0,0.0,90.98,8.31,8.44,8.6,0.1,
108,2025-10-30 07:00:00,3.62,0.83,6.14,0.0,92.13,8.21,8.32,8.39,0.09,
108,2025-10-30 08:00:00,9.66,2.35,132.48,0.0,90.42,8.68,10.03,11.5,0.12,
108,2025-10-30 09:00:00,18.11,8.54,408.85,0.0,84.41,11.84,12.42,12.98,0.23,
108,2025-10-30 10:00:00,16.9,7.61,612.4,0.0,79.45,13.32,14.15,14.82,0.33,
108,2025-10-30 11:00:00,15.69,7.75,771.64,0.0,74.51,15.62,16.1,16.73,0.47,
108,2025-10-30 12:00:00,15.69,6.7,869.91,0.0,69.02,17.66,17.84,18.01,0.64,
108,2025-10-30 16:00:00,16.9,5.93,941.41,0.0,42.31,24.38,25.02,25.57,1.83,
108,2025-10-30 17:00:00,16.9,5.55,795.77,0.0,41.14,25.43,25.72,26.01,1.95,
108,2025-10-30 19:00:00,14.48,5.15,440.88,0.0,40.96,25.55,25.8,26.45,1.96,
108,2025-10-30 20:00:00,27.76,14.11,159.24,0.0,48.16,20.62,21.92,23.1,1.37,
108,2025-10-30 21:00:00,18.11,9.1,10.97,0.0,52.5,17.58,18.71,19.77,1.03,
108,2025-10-30 22:00:00,19.31,8.46,0.0,0.0,60.28,15.24,16.2,16.86,0.73,
108,2025-10-30 23:00:00,8.45,2.36,0.0,0.0,71.79,12.85,13.65,14.58,0.45,
108,2025-10-31 00:00:00,6.04,1.89,0.0,0.0,75.05,11.15,11.62,12.19,0.34,
108,2025-10-31 01:00:00,4.83,2.22,0.0,0.0,77.53,10.29,10.47,10.8,0.29,
108,2025-10-31 02:00:00,3.62,0.6,0.0,0.0,80.93,9.61,9.94,10.18,0.23,
108,2025-10-31 03:00:00,4.83,1.92,0.0,0.0,83.44,8.74,9.15,9.63,0.19,
108,2025-10-31 04:00:00,4.83,0.92,0.0,0.0,85.28,8.25,8.49,8.75,0.16,
108,2025-10-31 05:00:00,3.62,0.11,0.0,0.0,87.35,6.9,7.44,7.83,0.13,
108,2025-10-31 06:00:00,2.41,0.02,0.0,0.0,88.6,6.52,6.68,7.01,0.11,
108,2025-10-31 07:00:00,0.0,0.0,15.79,0.0,89.01,6.93,7.18,7.49,0.11,
108,2025-10-31 08:00:00,9.66,2.01,184.69,0.0,90.02,7.32,7.92,9.28,0.11,
108,2025-10-31 09:00:00,13.28,5.0,235.13,0.0,82.1,10.19,10.93,11.65,0.24,
108,2025-10-31 10:00:00,14.48,6.03,703.65,0.0,74.35,12.5,13.05,14.05,0.39,
108,2025-10-31 11:00:00,21.73,9.04,864.64,0.0,64.44,14.5,15.36,16.1,0.62,
108,2025-10-31 12:00:00,22.93,10.76,587.4,0.0,62.42,16.24,16.42,16.9,0.7,
108,2025-10-31 13:00:00,27.76,11.36,1204.62,0.0,60.56,17.09,17.35,17.94,0.78,
108,2025-10-31 14:00:00,22.93,10.59,786.12,0.0,58.4,17.55,18.13,18.72,0.87,
108,2025-10-31 15:00:00,22.93,10.52,1005.9,0.0,55.84,18.01,18.34,18.74,0.93,
108,2025-10-31 16:00:00,22.93,10.29,695.31,0.0,54.71,18.32,18.53,18.77,0.97,
108,2025-10-31 17:00:00,18.11,8.87,701.45,0.0,51.62,18.48,18.86,19.25,1.06,
108,2025-10-31 18:00:00,19.31,9.37,609.77,0.0,47.78,19.07,19.59,19.96,1.19,
108,2025-10-31 19:00:00,19.31,9.16,457.99,0.0,47.78,18.72,19.18,19.74,1.16,
108,2025-10-31 20:00:00,16.9,6.1,186.88,0.0,48.93,17.29,18.33,19.14,1.08,
108,2025-10-31 21:00:00,20.52,7.05,3.07,0.0,65.7,14.47,15.25,15.76,0.6,
108,2025-10-31 22:00:00,16.9,7.53,0.0,0.0,71.42,12.75,13.28,13.82,0.44,
108,2025-10-31 23:00:00,9.66,3.15,0.0,0.0,76.44,10.6,11.44,12.23,0.32,
108,2025-11-01 00:00:00,3.62,0.11,0.0,0.0,83.23,9.52,9.93,10.37,0.21,
108,2025-11-01 01:00:00,0.0,0.0,0.0,0.0,86.03,8.25,8.49,8.8,0.16,
108,2025-11-01 02:00:00,4.83,0.26,0.0,0.0,87.39,7.13,7.71,8.07,0.13,
108,2025-11-01 03:00:00,4.83,1.99,0.0,0.0,90.02,6.92,7.02,7.2,0.1,
108,2025-11-01 04:00:00,3.62,0.15,0.0,0.0,90.69,6.17,6.59,7.22,0.09,
108,2025-11-01 05:00:00,6.04,1.47,0.0,0.0,91.28,6.34,6.56,6.76,0.09,
108,2025-11-01 06:00:00,3.62,0.11,0.0,0.0,91.27,5.64,5.95,6.16,0.08,
108,2025-11-01 07:00:00,0.0,0.0,11.84,0.0,91.92,4.64,5.24,5.57,0.07,
108,2025-11-01 08:00:00,13.28,2.26,143.89,0.0,91.78,5.81,7.17,8.56,0.09,
108,2025-11-01 09:00:00,19.31,8.09,432.98,0.0,84.5,9.08,9.68,10.46,0.19,
108,2025-11-01 10:00:00,15.69,6.37,639.6,0.0,77.66,10.75,11.54,12.51,0.31,
108,2025-11-01 11:00:00,14.48,6.94,794.89,0.0,67.1,12.74,13.99,15.2,0.53,
108,2025-11-01 12:00:00,16.9,8.12,951.06,0.0,59.13,15.96,17.13,18.11,0.8,
108,2025-11-01 13:00:00,21.73,10.13,1015.11,0.0,51.24,18.67,19.28,19.92,1.09,
108,2025-11-01 14:00:00,22.93,9.58,1032.66,0.0,43.15,20.4,20.93,21.49,1.41,
108,2025-11-01 15:00:00,24.14,10.43,1026.08,0.0,40.33,21.48,21.89,22.36,1.57,
108,2025-11-01 16:00:00,21.73,9.25,944.05,0.0,34.97,22.9,23.09,23.24,1.84,
108,2025-11-01 17:00:00,19.31,9.93,821.65,0.0,32.97,23.52,23.66,23.79,1.96,
108,2025-11-01 18:00:00,20.52,8.74,656.27,0.0,33.38,23.8,23.99,24.25,1.99,
108,2025-11-01 19:00:00,21.73,9.99,408.41,0.0,34.66,23.33,23.57,23.77,1.9,
108,2025-11-01 20:00:00,14.48,4.87,192.58,0.0,38.14,20.87,22.21,23.12,1.66,
108,2025-11-01 21:00:00,3.62,1.52,11.84,0.0,51.99,16.65,17.79,19.35,0.99,
108,2025-11-01 22:00:00,4.83,1.89,0.0,0.0,59.5,15.51,15.8,16.3,0.73,
108,2025-11-01 23:00:00,6.04,3.05,0.0,0.0,64.81,13.52,14.41,15.2,0.58,
108,2025-11-02 00:00:00,7.24,3.37,0.0,0.0,73.48,11.95,12.64,13.02,0.39,
108,2025-11-02 01:00:00,7.24,3.73,0.0,0.0,82.41,11.08,11.22,11.37,0.24,
108,2025-11-02 02:00:00,8.45,4.2,0.0,0.0,83.08,10.7,10.97,11.25,0.22,
108,2025-11-02 03:00:00,4.83,0.83,0.0,0.0,84.63,9.95,10.07,10.26,0.19,
108,2025-11-02 04:00:00,4.83,0.66,0.0,0.0,87.74,8.35,8.74,9.42,0.14,
108,2025-11-02 05:00:00,3.62,1.64,0.0,0.0,89.63,8.45,8.56,8.68,0.12,
108,2025-11-02 06:00:00,3.62,0.24,0.0,0.0,90.18,7.53,8.03,8.35,0.11,
108,2025-11-02 07:00:00,6.04,1.16,17.55,0.0,92.37,7.29,7.81,8.19,0.08,
108,2025-11-02 08:00:00,7.24,0.74,188.2,0.0,91.46,8.53,9.33,10.26,0.1,
108,2025-11-02 09:00:00,15.69,8.25,411.05,0.0,85.02,10.68,11.42,12.25,0.2,
108,2025-11-02 10:00:00,14.48,7.06,622.49,0.0,76.26,12.86,13.76,14.74,0.37,
108,2025-11-02 11:00:00,14.48,5.98,817.71,0.0,68.85,15.25,16.0,17.17,0.57,
108,2025-11-02 12:00:00,15.69,4.16,941.85,0.0,61.59,17.44,18.38,19.34,0.82,
108,2025-11-02 13:00:00,20.52,4.94,1017.31,0.0,53.84,20.0,20.93,21.71,1.15,
108,2025-11-02 14:00:00,15.69,5.55,1034.41,0.0,46.77,22.56,23.05,23.66,1.5,
108,2025-11-02 15:00:00,14.48,5.55,1022.13,0.0,40.39,23.94,24.75,25.39,1.86,
108,2025-11-02 16:00:00,12.07,3.95,947.12,0.0,34.61,25.8,26.11,26.5,2.22,
108,2025-11-02 17:00:00,13.28,3.37,844.46,0.0,33.26,26.64,27.4,27.92,2.44,
108,2025-11-02 18:00:00,13.28,4.13,629.95,0.0,32.87,27.71,27.9,27.98,2.52,
108,2025-11-02 19:00:00,22.93,6.64,429.91,0.0,37.21,25.18,26.72,28.01,2.22,
108,2025-11-02 20:00:00,20.52,8.69,211.45,0.0,44.74,21.31,22.85,24.29,1.55,
108,2025-11-02 21:00:00,12.07,5.06,13.6,0.0,52.91,17.83,18.92,20.08,1.03,
108,2025-11-02 22:00:00,12.07,5.15,0.0,0.0,56.62,16.26,16.7,17.28,0.82,
108,2025-11-02 23:00:00,12.07,1.93,0.0,0.0,57.26,14.97,15.73,16.2,0.76,
108,2025-11-03 00:00:00,6.04,1.27,0.0,0.0,66.35,13.37,14.01,14.67,0.54,
108,2025-11-03 01:00:00,2.41,0.09,0.0,0.0,73.09,11.63,12.19,12.88,0.38,
108,2025-11-03 02:00:00,3.62,0.5,0.0,0.0,80.72,10.25,10.6,10.73,0.25,
108,2025-11-03 03:00:00,0.0,0.0,0.0,0.0,82.67,9.74,10.08,10.35,0.21,
108,2025-11-03 04:00:00,0.0,0.0,0.0,0.0,85.33,9.22,9.28,9.35,0.17,
108,2025-11-03 05:00:00,0.0,0.0,0.0,0.0,86.92,8.81,9.31,9.78,0.15,
108,2025-11-03 06:00:00,0.0,0.0,0.0,0.0,86.64,8.84,9.3,9.68,0.16,
108,2025-11-03 07:00:00,0.0,0.0,9.21,0.0,88.15,8.04,8.29,8.52,0.13,
108,2025-11-03 08:00:00,0.0,0.0,127.66,0.0,90.12,8.64,9.42,10.62,0.12,
108,2025-11-03 09:00:00,8.45,2.69,448.77,0.0,85.56,11.03,11.88,12.54,0.2,
108,2025-11-03 10:00:00,9.66,3.68,615.03,0.0,77.03,13.12,13.64,14.33,0.36,
108,2025-11-03 11:00:00,10.86,3.7,584.33,0.0,72.05,14.35,14.66,15.03,0.47,
108,2025-11-03 12:00:00,13.28,5.85,954.57,0.0,66.39,15.48,15.94,16.45,0.61,
108,2025-11-03 13:00:00,13.28,5.4,643.99,0.0,65.11,17.0,17.2,17.34,0.69,
108,2025-11-03 14:00:00,13.28,4.63,990.11,0.0,63.79,17.56,17.96,18.21,0.74,
108,2025-11-03 15:00:00,15.69,6.34,876.05,0.0,59.49,19.0,19.18,19.42,0.9,
108,2025-11-03 16:00:00,14.48,6.46,948.43,0.0,56.78,19.52,19.8,20.03,1.0,
108,2025-11-03 17:00:00,16.9,7.45,368.93,0.0,59.49,18.76,19.17,19.48,0.9,
108,2025-11-03 18:00:00,25.35,10.95,304.01,0.0,64.14,17.25,17.74,18.32,0.73,
108,2025-11-03 19:00:00,19.31,10.55,279.0,0.0,64.97,16.26,16.91,17.29,0.68,
108,2025-11-03 20:00:00,14.48,7.66,95.63,0.0,68.77,15.14,15.59,15.97,0.55,
108,2025-11-03 21:00:00,10.86,4.47,7.02,0.0,72.26,14.67,14.77,14.87,0.47,
108,2025-11-03 22:00:00,8.45,2.97,0.0,0.0,73.54,14.37,14.52,14.64,0.44,
108,2025-11-03 23:00:00,9.66,4.63,0.0,0.0,75.54,14.03,14.14,14.22,0.39,
108,2025-11-04 00:00:00,9.66,4.01,0.0,0.0,77.42,13.75,13.9,14.02,0.36,
108,2025-11-04 01:00:00,8.45,3.19,0.0,0.0,78.86,13.66,13.69,13.71,0.33,
108,2025-11-04 02:00:00,3.62,0.11,0.0,0.0,80.0,13.43,13.54,13.64,0.31,
108,2025-11-04 03:00:00,0.0,0.0,0.0,0.0,81.47,13.17,13.35,13.45,0.29,
108,2025-11-04 04:00:00,0.0,0.0,0.0,0.0,84.0,12.68,12.91,13.16,0.24,
108,2025-11-04 05:00:00,0.0,0.0,0.0,0.0,86.5,11.44,12.06,12.81,0.19,
108,2025-11-04 06:00:00,0.0,0.0,0.0,0.0,89.34,9.7,10.17,11.05,0.13,
108,2025-11-04 07:00:00,0.0,0.0,5.26,0.0,90.6,8.74,8.97,9.49,0.11,
108,2025-11-04 08:00:00,3.62,0.23,134.68,0.0,91.06,8.81,10.37,11.72,0.11,
108,2025-11-04 09:00:00,4.83,0.6,449.65,0.0,81.95,12.78,13.97,15.0,0.29,
108,2025-11-04 10:00:00,8.45,2.61,667.68,0.0,69.58,15.09,15.95,16.51,0.55,
108,2025-11-04 11:00:00,9.66,2.57,842.27,0.0,67.56,15.83,16.23,16.85,0.6,
108,2025-11-04 12:00:00,12.07,3.06,1048.45,0.0,63.76,16.73,17.3,18.52,0.72,
108,2025-11-04 13:00:00,12.07,3.32,1155.93,0.0,58.02,17.9,18.54,19.63,0.9,
108,2025-11-04 14:00:00,14.48,4.45,1153.74,0.0,53.62,18.86,19.1,19.39,1.03,
108,2025-11-04 15:00:00,13.28,4.75,1152.42,0.0,49.6,20.17,20.52,21.08,1.22,
108,2025-11-04 16:00:00,25.35,5.51,1084.86,0.0,48.4,20.71,21.6,22.25,1.33,
108,2025-11-04 17:00:00,15.69,6.64,870.79,0.0,47.6,21.29,21.88,22.35,1.38,
108,2025-11-04 18:00:00,12.07,4.24,648.81,0.0,45.25,22.42,22.62,22.91,1.51,
108,2025-11-04 19:00:00,10.86,4.62,392.18,0.0,45.38,21.73,22.18,22.53,1.46,
108,2025-11-04 20:00:00,13.28,3.69,141.69,0.0,50.96,19.94,20.77,21.35,1.21,
108,2025-11-04 21:00:00,4.83,0.92,34.22,0.0,64.45,16.34,17.51,18.93,0.72,
108,2025-11-04 22:00:00,8.45,2.88,0.0,0.0,74.79,14.72,14.84,14.97,0.43,
108,2025-11-04 23:00:00,6.04,1.92,0.0,0.0,82.15,13.02,13.72,14.31,0.28,
108,2025-11-05 00:00:00,7.24,1.59,0.0,0.0,86.57,11.85,12.26,12.71,0.19,
108,2025-11-05 01:00:00,6.04,3.13,0.0,0.0,88.14,11.61,11.82,11.96,0.16,
108,2025-11-05 02:00:00,6.04,2.07,0.0,0.0,89.7,10.99,11.22,11.43,0.14,
108,2025-11-05 03:00:00,2.41,0.08,0.0,0.0,90.01,9.94,10.41,10.9,0.13,
108,2025-11-05 04:00:00,4.83,1.63,0.0,0.0,91.95,9.26,9.44,9.71,0.1,
108,2025-11-05 05:00:00,1.21,0.0,0.0,0.0,91.33,8.04,8.85,9.5,0.1,
108,2025-11-05 06:00:00,0.0,0.0,0.0,0.0,91.73,7.7,7.94,8.1,0.09,
108,2025-11-05 07:00:00,0.0,0.0,18.86,0.0,91.97,7.28,7.41,7.65,0.08,
108,2025-11-05 08:00:00,0.0,0.0,166.7,0.0,92.39,7.55,9.26,11.33,0.09,
108,2025-11-05 09:00:00,7.24,0.97,389.99,0.0,86.66,11.78,12.83,13.51,0.2,
108,2025-11-05 10:00:00,9.66,3.2,640.48,0.0,79.36,13.93,14.57,15.2,0.34,
108,2025-11-05 11:00:00,10.86,3.34,794.02,0.0,72.29,15.47,16.69,17.38,0.53,
108,2025-11-05 12:00:00,10.86,3.17,924.31,0.0,65.28,17.72,18.97,19.87,0.77,
108,2025-11-05 13:00:00,15.69,5.69,1013.36,0.0,57.79,20.67,20.9,21.26,1.04,
108,2025-11-05 14:00:00,14.48,5.49,1027.83,0.0,49.73,22.66,22.79,22.93,1.39,
108,2025-11-05 15:00:00,15.69,4.88,1014.67,0.0,47.33,23.14,23.49,23.84,1.52,
108,2025-11-05 16:00:00,14.48,5.25,1010.29,0.0,43.22,24.38,24.81,25.26,1.78,
108,2025-11-05 17:00:00,13.28,4.36,830.43,0.0,42.51,25.33,25.54,25.84,1.88,
108,2025-11-05 18:00:00,9.66,2.7,675.13,0.0,41.25,25.33,25.72,26.35,1.94,
108,2025-11-05 19:00:00,20.52,6.91,500.54,0.0,46.38,23.81,25.07,26.21,1.72,
108,2025-11-05 20:00:00,21.73,10.17,174.6,0.0,57.04,20.57,22.05,23.06,1.14,
108,2025-11-05 21:00:00,14.48,5.75,14.48,0.0,62.54,18.11,18.91,19.79,0.82,
108,2025-11-05 22:00:00,7.24,2.14,0.0,0.0,70.6,15.48,16.31,17.48,0.55,
108,2025-11-05 23:00:00,6.04,1.12,0.0,0.0,74.99,14.81,15.12,15.45,0.43,
108,2025-11-06 00:00:00,7.24,3.52,0.0,0.0,77.95,13.86,14.19,14.52,0.36,
108,2025-11-06 01:00:00,7.24,1.0,0.0,0.0,80.5,12.62,13.34,13.84,0.3,
108,2025-11-06 02:00:00,3.62,0.53,0.0,0.0,83.56,12.32,12.41,12.5,0.24,
108,2025-11-06 03:00:00,2.41,0.05,0.0,0.0,85.02,11.1,11.79,12.19,0.21,
108,2025-11-06 04:00:00,3.62,0.65,0.0,0.0,87.4,10.04,10.22,10.66,0.16,
108,2025-11-06 05:00:00,2.41,0.12,0.0,0.0,88.7,10.04,10.22,10.37,0.14,
108,2025-11-06 06:00:00,7.24,1.45,0.0,0.0,89.79,10.02,10.11,10.23,0.13,
108,2025-11-06 07:00:00,6.04,2.64,12.28,0.0,90.9,9.84,9.91,9.97,0.11,
108,2025-11-06 08:00:00,8.45,2.22,40.8,0.0,90.67,10.26,10.53,10.68,0.12,
108,2025-11-06 09:00:00,7.24,1.21,114.5,0.0,86.49,10.68,11.24,11.96,0.18,
108,2025-11-06 10:00:00,10.86,4.88,149.15,0.0,83.05,12.1,12.36,12.48,0.24,
108,2025-11-06 11:00:00,13.28,6.37,182.05,0.0,80.98,12.72,12.99,13.2,0.29,
108,2025-11-06 12:00:00,19.31,9.32,676.89,0.0,77.17,13.69,14.43,14.97,0.38,
108,2025-11-06 13:00:00,24.14,9.91,1236.65,0.0,68.58,16.09,16.25,16.37,0.58,
108,2025-11-06 14:00:00,15.69,7.14,262.77,0.0,71.82,15.16,15.44,15.71,0.49,
108,2025-11-06 15:00:00,18.11,6.73,162.31,0.0,71.18,15.17,15.23,15.38,0.5,
108,2025-11-06 16:00:00,8.45,2.37,77.65,0.0,71.16,15.21,15.35,15.52,0.5,
108,2025-11-06 17:00:00,10.86,2.2,280.76,0.0,68.85,15.57,16.01,16.28,0.57,
108,2025-11-06 18:00:00,10.86,2.45,654.52,0.0,66.51,15.89,16.97,18.76,0.65,
108,2025-11-06 19:00:00,13.28,4.68,599.24,0.0,62.77,17.49,17.91,18.39,0.77,
108,2025-11-06 20:00:00,13.28,4.83,310.15,0.0,64.42,16.52,16.82,17.29,0.68,
108,2025-11-06 21:00:00,12.07,1.25,34.22,0.0,72.84,13.64,14.65,15.71,0.46,
108,2025-11-06 22:00:00,12.07,4.59,0.0,0.0,76.32,13.26,13.58,13.88,0.37,
108,2025-11-06 23:00:00,10.86,3.73,0.0,0.0,78.42,12.94,13.09,13.2,0.33,
108,2025-11-07 00:00:00,4.83,0.47,0.0,0.0,80.86,12.36,12.6,12.82,0.28,
108,2025-11-07 01:00:00,7.24,1.06,0.0,0.0,84.17,11.81,11.88,11.93,0.22,
108,2025-11-07 02:00:00,1.21,0.0,0.0,0.0,84.64,11.8,11.99,12.13,0.22,
108,2025-11-07 03:00:00,3.62,0.35,0.0,0.0,84.98,11.99,12.09,12.17,0.21,
108,2025-11-07 04:00:00,0.0,0.0,0.0,0.0,86.2,11.1,11.36,11.67,0.19,
108,2025-11-07 05:00:00,3.62,0.39,0.0,0.0,88.39,11.5,11.59,11.74,0.16,
108,2025-11-07 06:00:00,4.83,0.6,0.0,0.0,87.88,11.61,11.68,11.81,0.17,
108,2025-11-07 07:00:00,0.0,0.0,7.46,0.0,87.73,11.33,11.6,11.72,0.17,
108,2025-11-07 08:00:00,4.83,0.74,45.62,0.0,89.12,11.2,11.23,11.25,0.15,
108,2025-11-07 09:00:00,7.24,2.5,404.9,0.0,82.48,11.88,13.46,14.69,0.28,
108,2025-11-07 10:00:00,7.24,1.77,635.21,0.0,73.03,15.06,15.5,16.34,0.48,
108,2025-11-07 11:00:00,15.69,4.09,923.87,0.0,67.96,16.37,16.48,16.72,0.6,
108,2025-11-07 12:00:00,13.28,4.12,1046.7,0.0,62.1,17.37,17.73,18.21,0.77,
108,2025-11-07 13:00:00,15.69,4.93,1096.27,0.0,55.46,18.79,19.12,19.45,0.99,
108,2025-11-07 14:00:00,14.48,5.36,1089.25,0.0,50.91,19.45,19.95,20.66,1.15,
108,2025-11-07 15:00:00,16.9,4.65,1073.46,0.0,45.55,20.53,21.18,21.93,1.37,
108,2025-11-07 16:00:00,10.86,3.36,994.93,0.0,39.78,22.47,22.88,23.6,1.68,
108,2025-11-07 17:00:00,13.28,5.44,819.46,0.0,38.96,22.47,22.85,23.42,1.7,
108,2025-11-07 18:00:00,15.69,5.07,657.59,0.0,40.74,22.28,22.79,23.14,1.64,
108,2025-11-07 19:00:00,15.69,5.98,459.3,0.0,39.47,22.66,22.92,23.22,1.69,
108,2025-11-07 20:00:00,10.86,2.72,188.2,0.0,43.47,20.79,21.99,22.87,1.5,
108,2025-11-07 21:00:00,9.66,2.13,13.16,0.0,59.81,16.63,17.54,18.82,0.81,
108,2025-11-07 22:00:00,14.48,6.13,0.0,0.0,71.22,15.49,15.92,16.34,0.52,
108,2025-11-07 23:00:00,12.07,2.61,0.0,0.0,76.74,13.29,14.09,14.96,0.38,
108,2025-11-08 00:00:00,4.83,0.45,0.0,0.0,82.94,11.61,12.18,12.86,0.24,
108,2025-11-08 01:00:00,8.45,4.06,0.0,0.0,85.86,11.27,11.39,11.57,0.19,
108,2025-11-08 02:00:00,10.86,5.34,0.0,0.0,85.32,11.19,11.58,11.87,0.2,
108,2025-11-08 03:00:00,9.66,3.76,0.0,0.0,88.83,10.47,10.78,10.97,0.15,
108,2025-11-08 04:00:00,8.45,1.51,0.0,0.0,88.95,9.97,10.22,10.4,0.14,
108,2025-11-08 05:00:00,6.04,2.4,0.0,0.0,89.84,9.45,9.56,9.61,0.12,
108,2025-11-08 06:00:00,3.62,0.15,0.0,0.0,89.16,8.52,9.03,9.53,0.13,
108,2025-11-08 07:00:00,3.62,0.17,17.11,0.0,90.91,8.53,8.58,8.63,0.1,
108,2025-11-08 08:00:00,3.62,0.08,133.36,0.0,90.57,8.73,9.57,10.6,0.11,
108,2025-11-08 09:00:00,12.07,2.6,190.39,0.0,88.1,11.12,11.63,11.99,0.16,
108,2025-11-08 10:00:00,13.28,5.66,770.77,0.0,83.27,12.16,13.04,13.51,0.25,
108,2025-11-08 11:00:00,12.07,4.86,788.75,0.0,75.47,14.35,15.65,16.67,0.44,
108,2025-11-08 12:00:00,14.48,4.48,942.29,0.0,66.93,17.76,18.51,19.73,0.71,
108,2025-11-08 13:00:00,13.28,4.75,1026.08,0.0,57.91,19.8,20.46,21.18,1.02,
108,2025-11-08 14:00:00,14.48,5.01,1082.23,0.0,48.64,22.0,22.56,23.08,1.41,
108,2025-11-08 15:00:00,19.31,5.87,1168.21,0.0,39.0,23.74,24.14,24.49,1.84,
108,2025-11-08 16:00:00,14.48,3.85,1147.16,0.0,41.41,24.12,24.39,24.75,1.79,
108,2025-11-08 17:00:00,10.86,4.41,1034.41,0.0,43.11,23.46,24.16,24.67,1.72,
108,2025-11-08 18:00:00,21.73,8.53,671.19,0.0,45.82,23.81,24.53,25.07,1.67,
108,2025-11-08 19:00:00,27.76,12.22,489.13,0.0,48.08,22.14,23.09,23.77,1.47,
108,2025-11-08 20:00:00,19.31,9.63,217.15,0.0,53.46,19.42,20.61,21.6,1.13,
108,2025-11-08 21:00:00,18.11,7.38,28.08,0.0,63.99,16.48,17.5,18.65,0.72,
108,2025-11-08 22:00:00,21.73,8.74,0.0,0.0,73.45,15.14,15.6,16.03,0.47,
108,2025-11-08 23:00:00,14.48,6.76,0.0,0.0,78.03,14.28,14.57,14.82,0.37,
108,2025-11-09 00:00:00,10.86,4.77,0.0,0.0,78.97,13.92,14.01,14.07,0.34,
108,2025-11-09 01:00:00,6.04,2.01,0.0,0.0,80.46,13.36,13.54,13.75,0.3,
108,2025-11-09 02:00:00,2.41,0.03,0.0,0.0,81.61,12.85,13.16,13.41,0.28,
108,2025-11-09 03:00:00,2.41,0.05,0.0,0.0,83.88,11.33,12.0,12.62,0.23,
108,2025-11-09 04:00:00,2.41,0.0,0.0,0.0,87.2,9.78,10.29,11.19,0.16,
108,2025-11-09 05:00:00,0.0,0.0,0.0,0.0,90.06,10.2,10.38,10.78,0.12,
108,2025-11-09 06:00:00,2.41,0.06,0.0,0.0,89.6,11.32,11.46,11.63,0.14,
108,2025-11-09 07:00:00,3.62,0.23,20.18,0.0,90.16,10.29,10.83,11.16,0.13,
108,2025-11-09 08:00:00,9.66,1.68,95.63,0.0,89.5,11.3,11.75,12.1,0.15,
108,2025-11-09 09:00:00,12.07,4.82,168.02,0.0,82.77,12.15,12.71,13.1,0.25,
108,2025-11-09 10:00:00,9.66,3.82,311.03,0.0,77.83,13.22,13.72,14.22,0.35,
108,2025-11-09 11:00:00,10.86,3.43,596.17,0.0,69.86,14.93,15.43,15.61,0.53,
108,2025-11-09 12:00:00,12.07,3.12,385.16,0.0,66.62,15.73,16.74,17.39,0.64,
108,2025-11-09 13:00:00,18.11,7.7,1290.61,0.0,58.03,18.14,18.75,19.44,0.91,
108,2025-11-09 14:00:00,18.11,9.16,1277.88,0.0,50.28,18.91,19.63,20.38,1.14,
108,2025-11-09 15:00:00,16.9,6.67,1134.87,0.0,48.89,20.28,20.36,20.46,1.22,
108,2025-11-09 16:00:00,15.69,5.22,1078.72,0.0,47.53,20.57,20.91,21.19,1.3,
108,2025-11-09 17:00:00,14.48,5.78,761.99,0.0,45.17,20.86,21.62,22.12,1.42,
108,2025-11-09 18:00:00,15.69,5.81,661.97,0.0,44.31,21.83,22.19,22.46,1.49,
108,2025-11-09 19:00:00,16.9,6.91,450.53,0.0,46.72,20.86,21.66,22.53,1.39,
108,2025-11-09 20:00:00,16.9,8.15,246.54,0.0,55.55,18.28,19.51,20.38,1.01,
108,2025-11-09 21:00:00,16.9,4.32,16.67,0.0,65.74,15.37,16.36,17.38,0.64,
108,2025-11-09 22:00:00,12.07,5.37,0.0,0.0,71.0,13.93,14.55,15.1,0.48,
108,2025-11-09 23:00:00,7.24,3.02,0.0,0.0,81.46,11.93,12.65,13.45,0.27,
108,2025-11-10 00:00:00,3.62,0.3,0.0,0.0,87.08,10.85,11.18,11.42,0.17,
108,2025-11-10 01:00:00,0.0,0.0,0.0,0.0,88.92,9.81,10.18,10.53,0.14,
108,2025-11-10 02:00:00,0.0,0.0,0.0,0.0,89.69,8.93,9.32,9.7,0.12,
108,2025-11-10 03:00:00,0.0,0.0,0.0,0.0,91.1,8.28,8.6,8.98,0.1,
108,2025-11-10 04:00:00,0.0,0.0,0.0,0.0,92.17,7.34,7.72,8.1,0.08,
108,2025-11-10 05:00:00,0.0,0.0,0.0,0.0,92.31,6.8,7.11,7.46,0.08,
108,2025-11-10 06:00:00,0.0,0.0,0.0,0.0,92.66,7.35,7.66,7.84,0.08,
108,2025-11-10 07:00:00,0.0,0.0,19.74,0.0,92.48,6.62,6.96,7.28,0.08,
108,2025-11-10 08:00:00,0.0,0.0,168.45,0.0,93.35,7.5,8.66,9.68,0.08,
108,2025-11-10 09:00:00,7.24,2.41,522.47,0.0,89.92,10.19,10.94,11.75,0.13,
108,2025-11-10 10:00:00,13.28,6.2,700.14,0.0,81.73,11.95,12.97,13.91,0.28,
108,2025-11-10 11:00:00,14.48,6.35,838.32,0.0,73.21,14.75,15.23,16.03,0.47,
108,2025-11-10 12:00:00,16.9,6.13,1099.78,0.0,67.0,16.9,17.25,17.69,0.65,
108,2025-11-10 13:00:00,15.69,5.6,996.25,0.0,63.22,18.12,18.35,18.56,0.78,
108,2025-11-10 14:00:00,19.31,6.9,1166.46,0.0,60.1,19.22,20.03,20.62,0.94,
108,2025-11-10 15:00:00,16.9,4.84,1184.88,0.0,52.69,20.45,20.94,21.94,1.18,
108,2025-11-10 16:00:00,13.28,5.23,1007.22,0.0,48.18,21.48,21.97,22.44,1.37,
108,2025-11-10 17:00:00,12.07,4.66,947.56,0.0,47.21,21.85,22.2,22.53,1.41,
108,2025-11-10 18:00:00,8.45,2.63,207.5,0.0,47.4,21.77,22.4,22.84,1.43,
108,2025-11-10 19:00:00,21.73,7.65,128.53,0.0,49.69,20.22,21.12,21.93,1.26,
108,2025-11-10 20:00:00,18.11,8.18,220.66,0.0,53.92,18.39,19.12,20.31,1.03,
108,2025-11-10 21:00:00,21.73,10.04,24.13,0.0,53.59,15.9,17.04,18.12,0.91,
108,2025-11-10 22:00:00,22.93,9.61,0.0,0.0,65.78,14.4,14.82,15.4,0.58,
108,2025-11-10 23:00:00,15.69,7.09,0.0,0.0,72.47,13.57,13.85,14.19,0.44,
108,2025-11-11 00:00:00,10.86,4.11,0.0,0.0,76.89,12.13,12.8,13.37,0.34,
108,2025-11-11 01:00:00,4.83,1.28,0.0,0.0,83.84,11.2,11.35,11.57,0.22,
108,2025-11-11 02:00:00,6.04,2.45,0.0,0.0,86.52,10.2,10.8,11.2,0.18,
108,2025-11-11 03:00:00,4.83,2.33,0.0,0.0,89.24,9.5,9.67,9.87,0.13,
108,2025-11-11 04:00:00,3.62,0.09,0.0,0.0,89.33,8.01,8.45,8.8,0.12,
108,2025-11-11 05:00:00,0.0,0.0,0.0,0.0,90.99,6.92,7.35,7.86,0.09,
108,2025-11-11 06:00:00,0.0,0.0,0.0,0.0,91.69,6.84,7.03,7.2,0.08,
108,2025-11-11 07:00:00,7.24,0.24,12.28,0.0,91.78,5.75,6.23,6.56,0.08,
108,2025-11-11 08:00:00,4.83,0.41,211.88,0.0,92.36,7.59,9.31,10.7,0.09,
108,2025-11-11 09:00:00,6.04,0.74,432.54,0.0,84.35,11.6,12.57,13.61,0.23,
108,2025-11-11 10:00:00,9.66,2.72,665.04,0.0,72.7,14.27,14.77,15.11,0.46,
108,2025-11-11 11:00:00,12.07,4.04,905.44,0.0,65.87,14.89,15.91,16.32,0.62,
108,2025-11-11 12:00:00,21.73,4.86,975.19,0.0,57.33,17.18,17.67,18.28,0.87,
108,2025-11-11 13:00:00,14.48,5.37,1150.23,0.0,49.66,18.59,19.17,20.0,1.12,
108,2025-11-11 14:00:00,14.48,4.29,1284.03,0.0,44.47,19.02,19.63,20.36,1.27,
108,2025-11-11 15:00:00,10.86,3.55,1169.53,0.0,44.28,20.03,20.58,21.21,1.35,
108,2025-11-11 16:00:00,15.69,7.05,1024.33,0.0,42.17,20.84,21.16,21.93,1.46,
108,2025-11-11 17:00:00,27.76,12.65,980.46,0.0,46.75,21.38,21.62,22.11,1.38,
108,2025-11-11 18:00:00,27.76,12.19,644.86,0.0,50.55,21.25,21.43,21.52,1.26,
108,2025-11-11 19:00:00,24.14,11.51,462.81,0.0,51.76,19.66,20.61,21.25,1.18,
108,2025-11-11 20:00:00,24.14,10.4,194.78,0.0,55.25,18.72,19.35,19.83,1.01,
108,2025-11-11 21:00:00,20.52,9.42,16.23,0.0,62.36,16.23,17.02,17.99,0.73,
108,2025-11-11 22:00:00,20.52,10.58,0.0,0.0,65.02,14.55,15.25,15.69,0.61,
108,2025-11-11 23:00:00,16.9,8.78,0.0,0.0,71.82,13.15,13.67,14.22,0.44,
108,2025-11-12 00:00:00,9.66,3.64,0.0,0.0,78.73,11.19,11.9,12.5,0.3,
108,2025-11-12 01:00:00,6.04,0.79,0.0,0.0,84.06,10.12,10.63,11.05,0.2,
108,2025-11-12 02:00:00,3.62,0.71,0.0,0.0,88.32,8.56,9.03,9.68,0.13,
108,2025-11-12 03:00:00,4.83,0.83,0.0,0.0,90.51,7.66,8.04,8.42,0.1,
108,2025-11-12 04:00:00,4.83,1.66,0.0,0.0,91.93,8.11,8.15,8.19,0.09,
108,2025-11-12 05:00:00,4.83,0.56,0.0,0.0,91.61,7.5,7.95,8.18,0.09,
108,2025-11-12 06:00:00,6.04,0.54,0.0,0.0,92.09,7.1,7.48,7.72,0.08,
108,2025-11-12 07:00:00,12.07,4.0,17.55,0.0,92.4,8.03,8.38,8.93,0.08,
108,2025-11-12 08:00:00,22.93,11.12,71.94,0.0,90.72,9.29,9.5,9.68,0.11,
108,2025-11-12 09:00:00,22.93,10.65,448.33,0.0,86.12,9.91,10.56,11.27,0.18,
108,2025-11-12 10:00:00,21.73,11.05,676.89,0.0,76.78,12.23,12.93,14.05,0.35,
108,2025-11-12 11:00:00,21.73,11.38,826.92,0.0,66.93,14.82,15.9,16.8,0.6,
108,2025-11-12 12:00:00,28.97,13.22,950.63,0.0,61.76,17.14,18.07,18.87,0.79,
108,2025-11-12 13:00:00,36.21,14.49,1037.92,0.0,54.94,18.97,19.66,20.21,1.04,
108,2025-11-12 14:00:00,28.97,14.56,1055.91,0.0,52.59,20.43,20.98,21.33,1.18,
108,2025-11-12 15:00:00,27.76,14.11,1046.26,0.0,47.33,21.98,22.23,22.62,1.41,
108,2025-11-12 16:00:00,26.55,11.94,991.86,0.0,41.95,23.59,23.89,24.59,1.72,
108,2025-11-12 17:00:00,26.55,13.9,848.41,0.0,37.87,24.01,24.15,24.36,1.87,
108,2025-11-12 18:00:00,26.55,13.04,683.47,0.0,36.86,24.42,24.62,24.94,1.96,
108,2025-11-12 19:00:00,26.55,12.6,493.52,0.0,39.78,24.08,24.34,24.57,1.84,
108,2025-11-12 20:00:00,24.14,9.96,232.94,0.0,41.6,22.11,23.1,23.84,1.66,
108,2025-11-12 21:00:00,13.28,6.32,29.39,0.0,50.8,18.35,19.84,21.16,1.15,
108,2025-11-12 22:00:00,14.48,6.02,0.0,0.0,58.13,17.2,17.51,18.0,0.84,
108,2025-11-12 23:00:00,16.9,8.57,0.0,0.0,61.56,16.31,16.81,17.41,0.74,
108,2025-11-13 00:00:00,21.73,7.49,0.0,0.0,69.41,14.64,14.98,15.18,0.52,
108,2025-11-13 01:00:00,18.11,8.75,0.0,0.0,72.33,13.95,14.35,14.85,0.45,
108,2025-11-13 02:00:00,19.31,8.93,0.0,0.0,77.89,12.89,13.2,13.52,0.34,
108,2025-11-13 03:00:00,19.31,8.19,0.0,0.0,82.73,12.08,12.44,12.74,0.25,
108,2025-11-13 04:00:00,14.48,7.36,0.0,0.0,85.98,11.15,11.49,11.84,0.19,
108,2025-11-13 05:00:00,13.28,6.52,0.0,0.0,88.77,10.42,10.64,10.8,0.14,
108,2025-11-13 06:00:00,24.14,9.63,0.0,0.0,88.36,10.7,10.96,11.09,0.15,
108,2025-11-13 07:00:00,24.14,10.73,4.83,0.0,87.38,11.12,11.22,11.32,0.17,
108,2025-11-13 08:00:00,20.52,10.59,94.32,0.0,85.66,11.43,11.64,11.92,0.2,
108,2025-11-13 09:00:00,18.11,9.33,153.54,0.0,84.12,12.09,12.15,12.19,0.23,
108,2025-11-13 10:00:00,20.52,8.87,302.25,0.0,81.18,12.4,12.77,13.38,0.28,
108,2025-11-13 11:00:00,20.52,10.14,848.41,0.0,75.02,13.64,14.73,16.04,0.42,
108,2025-11-13 12:00:00,20.52,10.5,971.68,0.0,66.24,16.67,17.8,18.94,0.69,
108,2025-11-13 13:00:00,20.52,9.05,1041.87,0.0,60.63,19.85,20.55,21.45,0.96,
108,2025-11-13 14:00:00,20.52,9.57,1061.61,0.0,54.11,22.12,23.21,24.15,1.31,
108,2025-11-13 15:00:00,21.73,10.21,1048.45,0.0,47.55,24.45,25.37,26.43,1.7,
108,2025-11-13 16:00:00,26.55,11.44,956.33,0.0,41.85,26.07,26.45,26.76,2.01,
108,2025-11-13 17:00:00,28.97,14.03,869.03,0.0,38.32,26.84,27.31,27.57,2.24,
108,2025-11-13 18:00:00,31.38,15.57,663.73,0.0,37.52,27.49,27.66,27.92,2.31,
108,2025-11-13 19:00:00,25.35,13.08,467.64,0.0,35.32,27.16,27.47,27.78,2.37,
108,2025-11-13 20:00:00,24.14,11.95,259.26,0.0,37.23,24.9,25.91,26.77,2.1,
108,2025-11-13 21:00:00,20.52,5.1,42.99,0.0,51.26,19.39,21.64,23.8,1.28,
108,2025-11-13 22:00:00,12.07,4.89,0.0,0.0,60.15,17.45,18.31,18.87,0.84,
108,2025-11-13 23:00:00,8.45,0.83,0.0,0.0,65.73,15.04,16.08,17.22,0.63,
108,2025-11-14 00:00:00,14.48,4.0,0.0,0.0,73.66,14.4,14.7,15.3,0.44,
108,2025-11-14 01:00:00,15.69,6.89,0.0,0.0,73.11,15.09,15.75,16.16,0.48,
108,2025-11-14 02:00:00,12.07,4.96,0.0,0.0,76.2,13.61,14.27,14.95,0.39,
108,2025-11-14 03:00:00,13.28,5.79,0.0,0.0,80.8,13.15,13.25,13.37,0.29,
108,2025-11-14 04:00:00,12.07,5.92,0.0,0.0,83.75,12.03,12.5,12.86,0.24,
108,2025-11-14 05:00:00,10.86,4.66,0.0,0.0,86.75,10.97,11.34,11.6,0.18,
108,2025-11-14 06:00:00,12.07,4.33,0.0,0.0,87.64,10.15,10.55,10.84,0.16,
108,2025-11-14 07:00:00,6.04,2.45,23.25,0.0,89.24,9.8,9.87,9.94,0.13,
108,2025-11-14 08:00:00,13.28,3.49,199.16,0.0,85.6,10.46,11.21,11.95,0.19,
108,2025-11-14 09:00:00,13.28,6.52,450.53,0.0,78.75,12.57,12.88,13.19,0.32,
108,2025-11-14 10:00:00,12.07,4.32,665.92,0.0,75.58,13.22,14.02,14.74,0.39,
108,2025-11-14 11:00:00,10.86,3.46,817.71,0.0,69.51,15.14,16.05,16.92,0.56,
108,2025-11-14 12:00:00,13.28,3.94,941.85,0.0,63.51,16.7,17.94,19.24,0.75,
108,2025-11-14 13:00:00,10.86,3.88,1036.17,0.0,56.92,19.36,20.36,21.59,1.04,
108,2025-11-14 14:00:00,9.66,3.97,1049.77,0.0,51.75,21.21,22.04,22.88,1.28,
108,2025-11-14 15:00:00,13.28,4.09,1038.8,0.0,47.17,23.64,24.57,25.46,1.64,
108,2025-11-14 16:00:00,18.11,4.84,980.46,0.0,44.91,25.25,26.08,27.0,1.87,
108,2025-11-14 17:00:00,12.07,3.5,829.11,0.0,40.75,27.09,27.23,27.39,2.14,
108,2025-11-14 18:00:00,10.86,3.28,665.92,0.0,38.56,28.25,28.5,28.62,2.39,
108,2025-11-14 19:00:00,8.45,2.31,478.6,0.0,37.38,28.85,29.19,29.74,2.54,
108,2025-11-14 20:00:00,16.9,5.84,213.2,0.0,44.63,24.05,26.07,28.77,1.89,
108,2025-11-14 21:00:00,12.07,4.69,27.2,0.0,53.69,20.8,21.7,22.98,1.21,
108,2025-11-14 22:00:00,16.9,7.51,0.0,0.0,54.65,18.82,19.65,20.54,1.04,
108,2025-11-14 23:00:00,12.07,3.4,0.0,0.0,61.42,16.17,17.46,18.45,0.77,
108,2025-11-15 00:00:00,3.62,0.12,0.0,0.0,70.78,14.75,15.24,15.87,0.51,
108,2025-11-15 01:00:00,4.83,0.57,0.0,0.0,74.37,14.19,14.33,14.44,0.42,
108,2025-11-15 02:00:00,6.04,1.83,0.0,0.0,72.08,13.71,14.08,14.41,0.45,
108,2025-11-15 03:00:00,9.66,3.4,0.0,0.0,75.15,12.75,13.08,13.51,0.38,
108,2025-11-15 04:00:00,3.62,0.05,0.0,0.0,79.47,11.46,11.93,12.43,0.29,
108,2025-11-15 05:00:00,4.83,0.54,0.0,0.0,82.87,10.8,10.96,11.29,0.23,
108,2025-11-15 06:00:00,9.66,2.02,0.0,0.0,85.91,10.7,10.75,10.81,0.18,
108,2025-11-15 07:00:00,4.83,0.64,20.18,0.0,87.41,10.11,10.3,10.59,0.16,
108,2025-11-15 08:00:00,12.07,4.47,171.09,0.0,86.49,10.84,11.59,12.36,0.19,
108,2025-11-15 09:00:00,14.48,6.05,423.77,0.0,79.18,12.89,13.72,14.44,0.33,
108,2025-11-15 10:00:00,12.07,6.07,635.65,0.0,72.56,14.67,15.44,16.06,0.49,
108,2025-11-15 11:00:00,12.07,5.33,798.4,0.0,65.93,16.39,17.33,17.96,0.68,
108,2025-11-15 12:00:00,10.86,4.59,953.26,0.0,61.45,18.56,19.15,19.52,0.86,
108,2025-11-15 13:00:00,15.69,4.77,1016.43,0.0,59.11,20.25,21.07,21.73,1.02,
108,2025-11-15 14:00:00,14.48,4.05,1040.12,0.0,56.35,21.85,22.58,23.66,1.2,
108,2025-11-15 15:00:00,22.93,8.74,1034.41,0.0,55.71,23.55,23.88,24.25,1.31,
108,2025-11-15 16:00:00,21.73,8.42,921.23,0.0,53.52,24.18,24.71,25.32,1.45,
108,2025-11-15 17:00:00,21.73,9.24,838.32,0.0,46.36,25.47,25.72,26.08,1.77,
108,2025-11-15 18:00:00,22.93,10.25,678.64,0.0,44.16,25.83,26.2,26.5,1.9,
108,2025-11-15 19:00:00,18.11,7.03,447.02,0.0,46.05,24.29,25.49,26.35,1.77,
108,2025-11-15 20:00:00,33.8,9.19,68.43,0.0,53.68,21.46,23.3,24.25,1.33,
108,2025-11-15 21:00:00,27.76,11.2,20.18,0.0,58.7,19.9,20.37,20.81,0.99,
108,2025-11-15 22:00:00,20.52,7.05,0.0,0.0,60.11,18.42,18.95,19.52,0.88,
108,2025-11-15 23:00:00,18.11,8.52,0.0,0.0,67.05,17.37,17.73,18.12,0.67,
108,2025-11-16 00:00:00,22.93,9.76,0.0,0.0,72.46,16.99,17.11,17.24,0.54,
108,2025-11-16 01:00:00,18.11,8.81,0.0,0.0,74.8,16.55,16.75,16.92,0.48,
108,2025-11-16 02:00:00,27.76,13.4,0.0,0.0,78.81,15.37,15.85,16.34,0.38,
108,2025-11-16 03:00:00,31.38,11.83,0.0,0.0,82.42,13.58,14.44,15.04,0.29,
108,2025-11-16 04:00:00,25.35,12.39,0.0,0.0,80.87,11.82,12.4,13.1,0.27,
108,2025-11-16 05:00:00,26.55,11.33,0.0,0.0,81.94,11.1,11.31,11.56,0.24,
108,2025-11-16 06:00:00,25.35,12.27,0.0,0.0,77.33,9.9,10.35,10.82,0.28,
108,2025-11-16 07:00:00,16.9,5.16,28.08,0.0,79.78,9.01,9.29,9.61,0.24,
108,2025-11-16 08:00:00,21.73,9.54,222.41,0.0,78.93,9.46,10.0,10.46,0.26,
108,2025-11-16 09:00:00,19.31,9.42,319.36,0.0,76.57,10.85,11.06,11.52,0.31,
108,2025-11-16 10:00:00,15.69,7.18,410.17,0.0,73.82,11.7,12.67,13.58,0.39,
108,2025-11-16 11:00:00,20.52,8.81,840.96,0.0,69.27,13.78,14.57,15.52,0.51,
108,2025-11-16 12:00:00,19.31,9.23,963.35,0.0,66.58,15.59,16.67,17.46,0.64,
108,2025-11-16 13:00:00,21.73,9.54,1040.12,0.0,63.18,18.07,18.66,19.45,0.8,
108,2025-11-16 14:00:00,22.93,9.45,1064.68,0.0,57.44,20.39,21.25,22.1,1.08,
108,2025-11-16 15:00:00,27.76,12.68,1052.84,0.0,51.54,21.8,22.47,22.85,1.32,
108,2025-11-16 16:00:00,21.73,11.56,994.06,0.0,43.93,22.83,23.13,23.35,1.59,
108,2025-11-16 17:00:00,24.14,10.86,884.82,0.0,40.17,23.68,24.11,24.43,1.8,
108,2025-11-16 18:00:00,25.35,8.89,683.91,0.0,37.82,24.19,24.61,24.78,1.93,
108,2025-11-16 19:00:00,19.31,9.04,441.75,0.0,36.86,24.3,24.57,24.91,1.95,
108,2025-11-16 20:00:00,15.69,7.26,230.75,0.0,41.32,22.05,23.21,24.2,1.68,
108,2025-11-16 21:00:00,8.45,3.85,28.95,0.0,51.89,18.18,19.1,20.6,1.07,
108,2025-11-16 22:00:00,10.86,4.48,0.0,0.0,56.94,15.89,17.14,18.25,0.85,
108,2025-11-16 23:00:00,10.86,3.91,0.0,0.0,66.17,14.87,15.05,15.17,0.58,
108,2025-11-17 00:00:00,14.48,6.67,0.0,0.0,64.68,14.34,14.66,14.92,0.59,
108,2025-11-17 01:00:00,14.48,7.73,0.0,0.0,66.68,13.65,14.05,14.28,0.53,
108,2025-11-17 02:00:00,7.24,2.51,0.0,0.0,74.36,11.84,12.19,12.99,0.37,
108,2025-11-17 03:00:00,6.04,0.65,0.0,0.0,80.14,9.87,10.25,10.75,0.25,
108,2025-11-17 04:00:00,6.04,1.41,0.0,0.0,79.79,10.18,10.34,10.66,0.26,
108,2025-11-17 05:00:00,6.04,1.78,0.0,0.0,80.87,9.4,10.09,10.59,0.24,
108,2025-11-17 06:00:00,13.28,5.42,0.0,0.0,85.66,9.47,9.7,10.05,0.17,
108,2025-11-17 07:00:00,4.83,1.42,14.92,0.0,88.47,8.75,9.1,9.54,0.14,
108,2025-11-17 08:00:00,25.35,5.26,270.67,0.0,84.73,9.5,10.34,11.13,0.2,
108,2025-11-17 09:00:00,19.31,10.73,466.76,0.0,73.96,11.78,12.67,13.69,0.39,
108,2025-11-17 10:00:00,19.31,10.11,670.31,0.0,65.25,13.97,15.1,15.86,0.6,
108,2025-11-17 11:00:00,24.14,13.1,858.5,0.0,58.71,16.32,17.42,18.21,0.83,
108,2025-11-17 12:00:00,27.76,14.49,987.91,0.0,49.71,19.11,20.06,20.83,1.19,
108,2025-11-17 13:00:00,28.97,15.03,1031.34,0.0,41.18,21.74,22.27,22.87,1.58,
108,2025-11-17 14:00:00,41.04,19.95,1073.02,0.0,34.54,23.55,24.19,25.15,1.98,
108,2025-11-17 15:00:00,38.62,20.43,997.57,0.0,37.09,25.07,25.43,26.11,2.05,
108,2025-11-17 16:00:00,39.83,22.56,889.65,0.0,37.43,25.88,26.02,26.28,2.11,
108,2025-11-17 17:00:00,43.45,22.56,853.24,0.0,35.4,26.31,26.4,26.5,2.23,
108,2025-11-17 18:00:00,39.83,22.72,654.52,0.0,37.52,25.95,26.24,26.5,2.13,
108,2025-11-17 19:00:00,38.62,20.22,450.09,0.0,39.96,25.26,25.57,25.76,1.97,
108,2025-11-17 20:00:00,37.42,16.34,258.82,0.0,44.15,23.77,24.39,24.91,1.71,
108,2025-11-17 21:00:00,24.14,10.5,22.81,0.0,50.23,21.32,22.28,22.9,1.34,
108,2025-11-17 22:00:00,18.11,5.6,0.0,0.0,56.76,19.8,20.31,20.91,1.04,
108,2025-11-17 23:00:00,19.31,8.9,0.0,0.0,59.58,19.46,19.6,19.72,0.92,
108,2025-11-18 00:00:00,32.59,11.94,0.0,0.0,61.02,19.42,19.45,19.49,0.88,
108,2025-11-18 01:00:00,32.59,14.0,0.0,0.0,62.49,19.08,19.36,19.5,0.85,
108,2025-11-18 02:00:00,31.38,10.48,0.0,0.0,68.32,17.45,18.18,19.01,0.66,
108,2025-11-18 03:00:00,22.93,10.19,0.0,0.0,75.55,16.0,16.6,17.27,0.46,
108,2025-11-18 04:00:00,20.52,9.36,0.0,0.0,79.42,14.67,15.13,15.59,0.35,
108,2025-11-18 05:00:00,19.31,10.05,0.0,0.0,82.15,13.74,14.04,14.38,0.29,
108,2025-11-18 06:00:00,16.9,8.39,0.0,0.0,84.59,12.81,13.08,13.43,0.23,
108,2025-11-18 07:00:00,16.9,7.64,30.27,0.0,85.46,12.36,12.49,12.62,0.21,
108,2025-11-18 08:00:00,26.55,10.65,233.38,0.0,80.72,12.85,13.51,14.07,0.3,
108,2025-11-18 09:00:00,31.38,15.0,430.35,0.0,71.31,14.67,15.38,16.01,0.51,
108,2025-11-18 10:00:00,43.45,16.42,668.55,0.0,62.89,16.72,17.24,17.69,0.73,
108,2025-11-18 11:00:00,35.0,18.63,837.88,0.0,56.26,18.42,19.06,19.77,0.97,
108,2025-11-18 12:00:00,35.0,19.63,957.65,0.0,47.14,20.7,21.4,22.15,1.35,
108,2025-11-18 13:00:00,35.0,17.55,1043.63,0.0,40.57,23.19,23.87,24.46,1.76,
108,2025-11-18 14:00:00,36.21,17.55,1064.25,0.0,38.09,24.66,25.33,25.86,2.0,
108,2025-11-18 15:00:00,35.0,18.17,1046.26,0.0,36.43,26.29,26.71,27.29,2.23,
108,2025-11-18 16:00:00,39.83,21.3,990.99,0.0,35.48,27.16,27.33,27.61,2.35,
108,2025-11-18 17:00:00,37.42,21.79,843.15,0.0,35.86,26.7,27.05,27.49,2.29,
108,2025-11-18 18:00:00,37.42,19.91,684.35,0.0,37.17,26.39,26.68,26.91,2.2,
108,2025-11-18 19:00:00,36.21,19.86,492.64,0.0,39.4,25.29,25.66,25.99,2.0,
108,2025-11-18 20:00:00,27.76,14.0,235.57,0.0,43.58,23.5,24.24,24.98,1.71,
108,2025-11-18 21:00:00,22.93,11.24,32.9,0.0,49.56,21.12,21.95,22.84,1.33,
108,2025-11-18 22:00:00,20.52,9.07,0.0,0.0,53.95,19.98,20.47,21.05,1.11,
108,2025-11-18 23:00:00,18.11,7.02,0.0,0.0,58.22,18.59,19.16,19.81,0.93,
108,2025-11-19 00:00:00,15.69,7.15,0.0,0.0,62.84,17.41,17.69,18.14,0.75,
108,2025-11-19 01:00:00,13.28,6.81,0.0,0.0,66.62,15.89,16.6,17.16,0.63,
108,2025-11-19 02:00:00,20.52,9.21,0.0,0.0,68.16,15.83,15.99,16.07,0.58,
108,2025-11-19 03:00:00,14.48,6.85,0.0,0.0,70.45,14.68,15.18,15.49,0.51,
108,2025-11-19 04:00:00,18.11,8.22,0.0,0.0,72.56,13.99,14.31,14.72,0.45,
108,2025-11-19 05:00:00,14.48,6.73,0.0,0.0,74.56,12.79,13.28,13.68,0.39,
108,2025-11-19 06:00:00,13.28,6.1,0.0,0.0,77.58,11.72,12.1,12.4,0.32,
108,2025-11-19 07:00:00,10.86,3.85,23.25,0.0,79.67,11.4,11.61,11.74,0.28,
108,2025-11-19 08:00:00,18.11,3.71,262.77,0.0,73.36,12.43,13.0,13.47,0.4,
108,2025-11-19 09:00:00,20.52,9.49,466.32,0.0,66.99,13.79,14.3,14.59,0.54,
108,2025-11-19 10:00:00,18.11,7.86,649.69,0.0,61.61,15.11,15.94,16.6,0.7,
108,2025-11-19 11:00:00,16.9,7.3,829.55,0.0,57.92,16.75,17.86,18.51,0.86,
108,2025-11-19 12:00:00,15.69,5.58,965.98,0.0,53.87,19.67,20.16,21.09,1.09,
108,2025-11-19 13:00:00,18.11,6.38,1035.29,0.0,51.68,20.93,22.03,22.76,1.28,
108,2025-11-19 14:00:00,19.31,8.83,1057.66,0.0,48.46,23.72,24.53,25.09,1.59,
108,2025-11-19 15:00:00,20.52,9.9,1044.5,0.0,43.72,25.86,26.38,26.77,1.94,
108,2025-11-19 16:00:00,21.73,8.41,967.73,0.0,40.5,27.21,27.41,27.8,2.17,
108,2025-11-19 17:00:00,20.52,9.84,869.91,0.0,34.72,27.67,28.06,28.38,2.48,
108,2025-11-19 18:00:00,20.52,9.48,733.04,0.0,33.39,28.22,28.53,29.0,2.6,
108,2025-11-19 19:00:00,16.9,7.86,420.26,0.0,35.75,26.52,27.19,27.85,2.32,
108,2025-11-19 20:00:00,15.69,6.46,112.74,0.0,45.5,24.12,24.88,25.71,1.72,
108,2025-11-19 21:00:00,8.45,3.35,14.48,0.0,53.01,21.56,22.59,23.56,1.29,
108,2025-11-19 22:00:00,6.04,2.2,0.0,0.0,59.65,19.8,20.52,21.38,0.98,
108,2025-11-19 23:00:00,9.66,4.48,0.0,0.0,62.25,19.88,20.06,20.32,0.89,
108,2025-11-20 00:00:00,9.66,3.17,0.0,0.0,69.87,18.98,19.35,19.85,0.68,
108,2025-11-20 01:00:00,4.83,0.6,0.0,0.0,73.49,17.9,18.53,19.01,0.57,
108,2025-11-20 02:00:00,3.62,0.27,0.0,0.0,81.02,16.75,16.91,17.28,0.37,
108,2025-11-20 03:00:00,0.0,0.0,0.0,0.0,80.85,16.31,16.54,16.67,0.36,
108,2025-11-20 04:00:00,0.0,0.0,0.0,0.0,81.36,16.1,16.3,16.51,0.35,
108,2025-11-20 05:00:00,10.86,2.47,0.0,0.0,71.39,15.71,16.21,16.48,0.53,
108,2025-11-20 06:00:00,2.41,0.11,0.0,0.0,75.25,15.27,15.48,15.73,0.44,
108,2025-11-20 07:00:00,7.24,0.95,24.13,0.0,79.82,14.76,14.85,15.04,0.34,
108,2025-11-20 08:00:00,14.48,6.23,108.35,0.0,80.0,14.95,15.07,15.17,0.35,
108,2025-11-20 09:00:00,14.48,6.38,202.23,0.0,77.75,15.27,15.6,16.0,0.4,
108,2025-11-20 10:00:00,14.48,6.07,744.88,0.0,72.12,16.27,16.93,17.41,0.54,
108,2025-11-20 11:00:00,21.73,10.91,899.3,0.0,70.0,16.96,17.79,18.2,0.61,
108,2025-11-20 12:00:00,18.11,5.75,1228.75,0.0,64.11,18.8,19.41,20.0,0.81,
108,2025-11-20 13:00:00,19.31,4.95,1112.94,0.0,59.32,19.21,20.43,20.95,0.98,
108,2025-11-20 14:00:00,15.69,4.3,1220.86,0.0,54.52,20.69,22.06,22.98,1.21,
108,2025-11-20 15:00:00,15.69,5.01,1178.74,0.0,49.65,22.46,23.0,23.33,1.41,
108,2025-11-20 16:00:00,13.28,3.73,973.44,0.0,44.18,23.98,24.4,24.77,1.71,
108,2025-11-20 17:00:00,19.31,5.87,909.83,0.0,41.44,24.5,24.69,24.9,1.82,
108,2025-11-20 18:00:00,14.48,4.76,675.57,0.0,39.14,25.05,25.22,25.47,1.95,
108,2025-11-20 19:00:00,14.48,6.1,486.5,0.0,39.9,24.75,25.01,25.35,1.9,
108,2025-11-20 20:00:00,15.69,5.95,285.58,0.0,41.6,23.02,23.85,24.49,1.73,
108,2025-11-20 21:00:00,10.86,4.71,29.83,0.0,51.21,19.35,20.72,22.19,1.2,
108,2025-11-20 22:00:00,4.83,2.4,0.0,0.0,59.18,16.93,17.62,18.48,0.83,
108,2025-11-20 23:00:00,9.66,4.77,0.0,0.0,60.28,16.42,17.23,17.99,0.79,
108,2025-11-21 00:00:00,12.07,4.51,0.0,0.0,71.91,14.41,14.74,15.1,0.47,
108,2025-11-21 01:00:00,12.07,5.6,0.0,0.0,69.75,14.78,15.01,15.1,0.52,
108,2025-11-21 02:00:00,15.69,8.58,0.0,0.0,69.52,14.26,14.57,14.74,0.51,
108,2025-11-21 03:00:00,12.07,6.2,0.0,0.0,72.51,13.12,13.49,13.99,0.43,
108,2025-11-21 04:00:00,10.86,2.63,0.0,0.0,77.77,11.25,12.07,12.92,0.32,
108,2025-11-21 05:00:00,7.24,2.35,0.0,0.0,84.07,10.44,10.65,10.9,0.21,
108,2025-11-21 06:00:00,7.24,2.67,0.0,0.0,86.26,10.12,10.46,10.74,0.17,
108,2025-11-21 07:00:00,7.24,2.04,35.53,0.0,88.6,10.09,10.25,10.46,0.14,
108,2025-11-21 08:00:00,16.9,7.89,229.87,0.0,84.46,11.03,11.79,12.4,0.22,
108,2025-11-21 09:00:00,18.11,8.65,483.87,0.0,76.68,12.77,13.47,14.02,0.36,
108,2025-11-21 10:00:00,13.28,4.81,677.33,0.0,69.98,14.55,15.44,16.27,0.53,
108,2025-11-21 11:00:00,14.48,6.08,843.15,0.0,62.94,16.9,17.8,18.91,0.76,
108,2025-11-21 12:00:00,16.9,5.81,971.68,0.0,57.27,19.76,20.22,21.01,1.01,
108,2025-11-21 13:00:00,14.48,5.72,1065.12,0.0,51.13,21.88,22.59,23.4,1.34,
108,2025-11-21 14:00:00,16.9,5.69,1076.53,0.0,45.27,24.57,25.4,26.6,1.78,
108,2025-11-21 15:00:00,20.52,6.64,1060.3,0.0,41.04,26.45,27.1,27.4,2.12,
108,2025-11-21 16:00:00,18.11,7.52,1010.29,0.0,35.94,28.28,28.72,29.4,2.53,
108,2025-11-21 17:00:00,16.9,6.76,857.63,0.0,31.98,29.75,29.91,30.16,2.87,
108,2025-11-21 18:00:00,16.9,5.93,706.72,0.0,28.24,30.2,30.41,30.6,3.12,
108,2025-11-21 19:00:00,14.48,4.85,525.54,0.0,28.83,30.01,30.49,31.01,3.11,
108,2025-11-21 20:00:00,7.24,2.01,260.14,0.0,41.68,26.63,28.35,29.75,2.27,
108,2025-11-21 21:00:00,3.62,1.27,47.38,0.0,52.62,21.21,23.4,25.43,1.38,
108,2025-11-21 22:00:00,6.04,3.68,0.0,0.0,51.55,20.87,21.14,21.46,1.22,
108,2025-11-21 23:00:00,7.24,2.93,0.0,0.0,63.52,17.28,18.54,19.8,0.79,
108,2025-11-22 00:00:00,3.62,0.92,0.0,0.0,72.78,16.34,16.73,17.0,0.52,
108,2025-11-22 01:00:00,4.83,0.41,0.0,0.0,76.16,14.93,15.58,16.3,0.42,
108,2025-11-22 02:00:00,3.62,0.36,0.0,0.0,78.42,14.23,14.56,14.78,0.36,
108,2025-11-22 03:00:00,2.41,0.05,0.0,0.0,81.26,13.36,13.7,14.24,0.3,
108,2025-11-22 04:00:00,2.41,0.05,0.0,0.0,85.1,12.06,12.38,12.99,0.22,
108,2025-11-22 05:00:00,0.0,0.0,0.0,0.0,86.8,11.27,11.63,11.99,0.18,
108,2025-11-22 06:00:00,2.41,0.02,0.0,0.0,88.0,10.42,10.73,11.27,0.16,
108,2025-11-22 07:00:00,1.21,0.0,24.13,0.0,89.21,10.15,10.55,11.13,0.14,
108,2025-11-22 08:00:00,7.24,2.51,260.14,0.0,86.01,11.92,13.41,14.79,0.22,
108,2025-11-22 09:00:00,13.28,6.85,459.74,0.0,75.34,15.58,16.36,17.04,0.46,
108,2025-11-22 10:00:00,13.28,4.98,650.13,0.0,70.88,17.37,18.06,18.65,0.6,
108,2025-11-22 11:00:00,10.86,3.83,819.02,0.0,66.01,19.27,20.34,21.36,0.81,
108,2025-11-22 12:00:00,9.66,3.79,978.7,0.0,59.32,21.63,22.81,24.05,1.14,
108,2025-11-22 13:00:00,13.28,3.4,1049.77,0.0,51.9,24.2,25.4,26.41,1.57,
108,2025-11-22 14:00:00,10.86,3.46,1071.26,0.0,46.18,26.83,27.46,28.28,1.98,
108,2025-11-22 15:00:00,8.45,2.72,1066.44,0.0,38.33,28.64,29.73,30.52,2.58,
108,2025-11-22 16:00:00,13.28,3.53,967.3,0.0,32.45,30.54,31.07,31.35,3.05,
108,2025-11-22 17:00:00,12.07,4.36,874.3,0.0,27.32,32.04,32.21,32.36,3.5,
108,2025-11-22 18:00:00,13.28,4.94,722.51,0.0,29.53,32.32,32.51,32.76,3.45,
108,2025-11-22 19:00:00,12.07,4.99,476.85,0.0,32.79,31.73,32.15,32.46,3.23,
108,2025-11-22 20:00:00,13.28,4.44,261.02,0.0,41.41,27.02,29.5,31.43,2.44,
108,2025-11-22 21:00:00,14.48,7.33,52.64,0.0,50.39,23.36,24.59,25.83,1.54,
108,2025-11-22 22:00:00,13.28,5.09,0.0,0.0,55.45,20.9,21.74,22.7,1.16,
108,2025-11-22 23:00:00,8.45,1.33,0.0,0.0,65.93,17.86,18.72,20.15,0.74,
108,2025-11-23 00:00:00,0.0,0.0,0.0,0.0,71.6,16.83,17.32,17.84,0.56,
108,2025-11-23 01:00:00,0.0,0.0,0.0,0.0,77.4,15.27,15.73,16.16,0.41,
108,2025-11-23 02:00:00,0.0,0.0,0.0,0.0,81.99,13.64,14.32,14.81,0.3,
108,2025-11-23 03:00:00,0.0,0.0,0.0,0.0,84.13,12.89,13.26,13.51,0.24,
108,2025-11-23 04:00:00,0.0,0.0,0.0,0.0,87.13,12.36,12.57,13.03,0.19,
108,2025-11-23 05:00:00,0.0,0.0,0.0,0.0,87.03,11.43,11.7,12.1,0.18,
108,2025-11-23 06:00:00,0.0,0.0,0.0,0.0,88.15,11.01,11.24,11.35,0.16,
108,2025-11-23 07:00:00,0.0,0.0,45.62,0.0,89.0,10.74,11.05,11.6,0.15,
108,2025-11-23 08:00:00,0.0,0.0,236.45,0.0,83.83,13.07,14.46,15.9,0.27,
108,2025-11-23 09:00:00,12.07,2.4,430.79,0.0,74.45,16.8,17.53,18.28,0.52,
108,2025-11-23 10:00:00,13.28,4.68,623.81,0.0,70.59,18.52,19.14,20.08,0.66,
108,2025-11-23 11:00:00,14.48,5.99,832.62,0.0,66.27,20.52,21.23,22.11,0.85,
108,2025-11-23 12:00:00,14.48,5.99,959.4,0.0,61.87,22.46,23.28,24.3,1.1,
108,2025-11-23 13:00:00,14.48,4.03,1035.29,0.0,55.47,24.85,25.8,26.78,1.49,
108,2025-11-23 14:00:00,10.86,3.59,1061.61,0.0,48.37,27.02,27.98,28.69,1.96,
108,2025-11-23 15:00:00,16.9,5.3,1053.28,0.0,44.49,29.11,29.54,29.98,2.29,
108,2025-11-23 16:00:00,18.11,6.35,985.72,0.0,37.68,30.52,30.84,31.32,2.78,
108,2025-11-23 17:00:00,15.69,5.3,881.75,0.0,33.33,31.28,31.86,32.18,3.15,
108,2025-11-23 18:00:00,10.86,3.8,681.71,0.0,32.99,32.38,32.55,32.63,3.29,
108,2025-11-23 19:00:00,19.31,6.68,489.57,0.0,37.16,29.6,31.08,32.52,2.86,
108,2025-11-23 20:00:00,25.35,12.04,284.27,0.0,42.06,25.08,26.85,28.71,2.06,
108,2025-11-23 21:00:00,21.73,11.39,35.97,0.0,50.8,21.02,22.28,23.85,1.33,
108,2025-11-23 22:00:00,15.69,7.47,0.0,0.0,58.29,18.41,19.27,20.17,0.93,
108,2025-11-23 23:00:00,7.24,1.75,0.0,0.0,66.2,15.06,16.67,17.77,0.65,
108,2025-11-24 00:00:00,4.83,0.69,0.0,0.0,76.8,13.62,14.19,14.62,0.38,
108,2025-11-24 01:00:00,3.62,0.61,0.0,0.0,80.59,12.82,13.19,13.32,0.3,
108,2025-11-24 02:00:00,6.04,0.53,0.0,0.0,83.04,12.83,13.13,13.36,0.26,
108,2025-11-24 03:00:00,4.83,0.48,0.0,0.0,84.69,12.7,13.02,13.3,0.23,
108,2025-11-24 04:00:00,0.0,0.0,0.0,0.0,86.23,11.92,12.17,12.37,0.2,
108,2025-11-24 05:00:00,0.0,0.0,0.0,0.0,88.24,11.16,11.47,11.78,0.16,
108,2025-11-24 06:00:00,0.0,0.0,0.0,0.0,90.17,10.5,10.59,10.67,0.13,
108,2025-11-24 07:00:00,0.0,0.0,33.78,0.0,90.94,10.51,10.71,11.15,0.12,
108,2025-11-24 08:00:00,12.07,3.77,215.83,0.0,88.08,11.87,12.72,13.52,0.18,
108,2025-11-24 09:00:00,12.07,6.49,414.12,0.0,79.56,14.03,14.79,15.52,0.35,
108,2025-11-24 10:00:00,13.28,5.99,655.39,0.0,74.17,16.14,16.82,17.42,0.5,
108,2025-11-24 11:00:00,13.28,5.58,820.78,0.0,71.22,17.76,18.26,18.66,0.6,
108,2025-11-24 12:00:00,14.48,6.87,949.75,0.0,67.68,19.12,19.92,20.53,0.75,
108,2025-11-24 13:00:00,15.69,6.71,1045.82,0.0,64.13,21.39,22.16,23.02,0.96,
108,2025-11-24 14:00:00,13.28,5.75,1060.74,0.0,58.12,23.68,24.35,25.15,1.28,
108,2025-11-24 15:00:00,10.86,3.7,1055.03,0.0,51.81,25.8,26.59,27.28,1.68,
108,2025-11-24 16:00:00,12.07,2.79,995.81,0.0,46.55,27.5,28.01,28.77,2.02,
108,2025-11-24 17:00:00,8.45,2.34,853.24,0.0,42.43,28.74,29.1,29.74,2.32,
108,2025-11-24 18:00:00,13.28,2.64,694.0,0.0,39.96,29.8,29.99,30.37,2.55,
108,2025-11-24 19:00:00,22.93,9.25,497.91,0.0,47.19,26.36,27.86,30.23,2.01,
108,2025-11-24 20:00:00,22.93,12.06,245.22,0.0,55.63,22.33,24.02,25.8,1.34,
108,2025-11-24 21:00:00,22.93,8.6,45.18,0.0,64.35,19.11,20.26,21.48,0.85,
108,2025-11-24 22:00:00,14.48,4.8,0.0,0.0,70.22,16.79,17.88,18.77,0.61,
108,2025-11-24 23:00:00,4.83,1.15,0.0,0.0,77.19,14.9,15.53,15.94,0.4,
108,2025-11-25 00:00:00,2.41,0.03,0.0,0.0,81.96,13.61,14.1,14.69,0.29,
108,2025-11-25 01:00:00,2.41,0.02,0.0,0.0,84.54,12.39,12.92,13.29,0.23,
108,2025-11-25 02:00:00,2.41,0.03,0.0,0.0,86.23,11.74,12.13,12.42,0.19,
108,2025-11-25 03:00:00,2.41,0.0,0.0,0.0,86.92,11.44,11.55,11.81,0.18,
108,2025-11-25 04:00:00,0.0,0.0,0.0,0.0,87.67,10.57,10.89,11.25,0.16,
108,2025-11-25 05:00:00,2.41,0.17,0.0,0.0,90.57,9.74,10.01,10.26,0.12,
108,2025-11-25 06:00:00,0.0,0.0,0.0,0.0,91.63,9.54,9.75,9.94,0.1,
108,2025-11-25 07:00:00,0.0,0.0,27.64,0.0,91.65,9.33,9.56,9.77,0.1,
108,2025-11-25 08:00:00,8.45,1.66,196.09,0.0,88.81,11.22,12.01,12.65,0.16,
108,2025-11-25 09:00:00,8.45,3.14,445.26,0.0,80.64,13.48,14.14,15.0,0.32,
108,2025-11-25 10:00:00,13.28,4.91,638.72,0.0,72.5,15.4,16.13,16.96,0.51,
108,2025-11-25 11:00:00,14.48,4.96,807.18,0.0,67.28,17.29,18.15,19.02,0.69,
108,2025-11-25 12:00:00,14.48,4.81,974.32,0.0,64.44,19.29,20.18,21.04,0.84,
108,2025-11-25 13:00:00,14.48,5.63,1012.92,0.0,61.27,21.07,21.78,22.39,1.01,
108,2025-11-25 14:00:00,15.69,5.09,1056.35,0.0,58.45,22.43,23.79,24.73,1.23,
108,2025-11-25 15:00:00,13.28,4.41,1077.41,0.0,54.83,24.22,24.9,25.42,1.43,
108,2025-11-25 16:00:00,10.86,4.18,988.79,0.0,52.11,25.76,26.54,27.22,1.67,
108,2025-11-25 17:00:00,12.07,3.53,859.38,0.0,48.5,27.3,27.53,27.81,1.9,
108,2025-11-25 18:00:00,14.48,4.42,706.28,0.0,47.87,27.94,28.4,29.01,2.02,
108,2025-11-25 19:00:00,24.14,11.68,463.69,0.0,52.65,24.39,25.77,26.81,1.58,
108,2025-11-25 20:00:00,25.35,13.38,264.09,0.0,59.49,20.67,22.2,23.52,1.09,
108,2025-11-25 21:00:00,19.31,9.61,57.91,0.0,69.54,17.44,18.42,19.56,0.65,
108,2025-11-25 22:00:00,18.11,5.89,0.0,0.0,76.36,15.06,15.99,16.94,0.43,
108,2025-11-25 23:00:00,8.45,1.68,0.0,0.0,81.83,13.96,14.35,14.79,0.3,
108,2025-11-26 00:00:00,4.83,0.72,0.0,0.0,85.48,12.64,13.2,13.89,0.22,
108,2025-11-26 01:00:00,4.83,0.3,0.0,0.0,88.09,12.26,12.51,12.74,0.17,
108,2025-11-26 02:00:00,0.0,0.0,0.0,0.0,88.62,11.52,11.83,12.17,0.16,
108,2025-11-26 03:00:00,4.83,0.6,0.0,0.0,90.14,11.08,11.27,11.5,0.13,
108,2025-11-26 04:00:00,4.83,1.81,0.0,0.0,91.94,11.25,11.65,12.2,0.11,
108,2025-11-26 05:00:00,6.04,2.36,0.0,0.0,90.94,12.4,12.74,13.06,0.14,
108,2025-11-26 06:00:00,3.62,0.42,0.0,0.0,87.81,13.15,13.2,13.24,0.19,
108,2025-11-26 07:00:00,4.83,1.37,2.63,0.0,87.37,13.01,13.05,13.12,0.19,
108,2025-11-26 08:00:00,7.24,2.02,61.85,0.0,88.1,12.98,13.01,13.06,0.18,
108,2025-11-26 09:00:00,8.45,3.29,133.8,0.0,89.39,13.05,13.26,13.47,0.16,
108,2025-11-26 10:00:00,7.24,2.08,268.91,0.0,86.56,13.61,14.15,14.74,0.22,
108,2025-11-26 11:00:00,9.66,1.6,296.99,0.0,81.57,15.11,15.46,15.75,0.33,
108,2025-11-26 12:00:00,10.86,2.12,434.73,0.0,77.86,15.9,16.27,16.73,0.41,
108,2025-11-26 13:00:00,8.45,2.37,386.04,0.0,74.27,17.22,17.51,17.68,0.52,
108,2025-11-26 14:00:00,10.86,4.33,322.87,0.0,74.61,17.62,17.93,18.21,0.52,
108,2025-11-26 15:00:00,13.28,5.57,251.8,0.0,74.3,18.0,18.15,18.35,0.53,
108,2025-11-26 16:00:00,15.69,6.79,304.01,0.0,72.44,18.59,18.76,18.91,0.6,
108,2025-11-26 17:00:00,12.07,4.48,316.29,0.0,70.74,19.04,19.48,19.91,0.67,
108,2025-11-26 18:00:00,10.86,3.23,213.2,0.0,67.66,20.0,20.15,20.36,0.77,
108,2025-11-26 19:00:00,10.86,5.07,148.27,0.0,70.17,19.7,19.86,20.07,0.69,
108,2025-11-26 20:00:00,12.07,3.41,100.02,0.0,73.75,18.54,19.29,19.69,0.59,
108,2025-11-26 21:00:00,15.69,7.76,10.09,0.0,70.88,17.13,17.62,18.1,0.59,
108,2025-11-26 22:00:00,13.28,5.84,0.0,0.0,74.24,14.99,16.05,16.76,0.47,
108,2025-11-26 23:00:00,7.24,2.69,0.0,0.0,77.15,15.09,15.43,15.59,0.4,
108,2025-11-27 00:00:00,2.41,0.09,0.0,0.0,80.75,13.89,14.6,15.47,0.32,
108,2025-11-27 01:00:00,2.41,0.21,0.0,0.0,86.33,12.29,12.78,13.72,0.2,
108,2025-11-27 02:00:00,4.83,1.19,0.0,0.0,88.58,11.92,12.15,12.27,0.16,
108,2025-11-27 03:00:00,3.62,0.63,0.0,0.0,89.86,11.3,11.6,11.98,0.14,
108,2025-11-27 04:00:00,3.62,0.12,0.0,0.0,90.77,12.19,12.7,13.09,0.14,
108,2025-11-27 06:00:00,3.62,0.42,0.0,0.0,91.76,12.2,12.87,13.48,0.12,
108,2025-11-27 07:00:00,0.0,0.0,46.06,0.0,92.26,11.64,11.98,12.47,0.11,
108,2025-11-27 08:00:00,7.24,2.25,105.72,0.0,91.87,13.26,13.86,14.37,0.13,
108,2025-11-27 09:00:00,9.66,4.11,428.15,0.0,85.84,14.9,15.64,16.27,0.25,
108,2025-11-27 10:00:00,9.66,2.07,371.13,0.0,79.77,16.42,16.75,17.06,0.39,
108,2025-11-27 11:00:00,7.24,2.52,465.88,0.0,73.57,17.16,17.66,18.24,0.53,
108,2025-11-27 12:00:00,13.28,3.46,1092.32,0.0,69.11,18.65,19.37,19.84,0.7,
108,2025-11-27 13:00:00,14.48,3.73,1065.56,0.0,62.96,20.6,21.51,22.14,0.96,
108,2025-11-27 14:00:00,10.86,3.43,1069.51,0.0,54.59,22.59,23.15,23.91,1.29,
108,2025-11-27 15:00:00,10.86,3.88,1079.16,0.0,47.37,24.71,24.89,25.33,1.66,
108,2025-11-27 16:00:00,10.86,4.19,1076.97,0.0,47.7,24.87,25.35,25.95,1.7,
108,2025-11-27 17:00:00,10.86,2.93,1062.93,0.0,47.6,25.4,26.01,26.83,1.76,
108,2025-11-27 18:00:00,12.07,2.95,801.47,0.0,47.04,26.11,26.63,27.09,1.85,
108,2025-11-27 19:00:00,15.69,7.26,532.12,0.0,53.14,25.46,25.97,26.54,1.57,
108,2025-11-27 20:00:00,16.9,7.26,269.79,0.0,57.51,23.28,24.07,24.74,1.28,
108,2025-11-27 21:00:00,16.9,8.37,60.54,0.0,62.52,18.94,20.61,22.25,0.92,
108,2025-11-27 22:00:00,14.48,5.87,0.0,0.0,71.62,15.82,16.81,17.9,0.55,
108,2025-11-27 23:00:00,12.07,4.6,0.0,0.0,75.22,14.5,15.0,15.44,0.42,
108,2025-11-28 00:00:00,7.24,1.9,0.0,0.0,79.41,13.05,13.56,14.07,0.32,
108,2025-11-28 01:00:00,2.41,0.05,0.0,0.0,81.34,12.06,12.63,13.03,0.27,
108,2025-11-28 02:00:00,3.62,0.33,0.0,0.0,85.71,11.15,11.35,11.56,0.19,
108,2025-11-28 03:00:00,0.0,0.0,0.0,0.0,86.72,10.2,10.59,11.02,0.17,
108,2025-11-28 04:00:00,4.83,0.56,0.0,0.0,88.64,10.37,11.04,11.93,0.15,
108,2025-11-28 05:00:00,3.62,0.06,0.0,0.0,86.44,12.58,12.98,13.36,0.2,
108,2025-11-28 06:00:00,0.0,0.0,0.0,0.0,83.5,13.17,13.35,13.51,0.26,
108,2025-11-28 07:00:00,4.83,0.18,16.67,0.0,83.66,13.24,13.28,13.33,0.25,
108,2025-11-28 08:00:00,4.83,0.98,89.49,0.0,82.92,13.4,13.76,14.12,0.27,
108,2025-11-28 09:00:00,6.04,1.4,166.7,0.0,79.04,14.44,14.69,14.89,0.35,
108,2025-11-28 10:00:00,8.45,3.49,278.56,0.0,75.62,15.07,15.4,15.79,0.43,
108,2025-11-28 11:00:00,10.86,3.71,426.84,0.0,69.37,16.16,16.7,17.18,0.58,
108,2025-11-28 12:00:00,19.31,6.85,666.8,0.0,66.49,17.69,18.2,18.73,0.7,
108,2025-11-28 13:00:00,21.73,9.99,1146.28,0.0,60.77,19.27,19.69,19.96,0.9,
108,2025-11-28 14:00:00,32.59,8.59,1352.9,0.0,56.6,20.34,21.05,21.48,1.08,
108,2025-11-28 15:00:00,20.52,8.17,1316.05,0.0,54.46,21.85,22.3,22.84,1.23,
108,2025-11-28 16:00:00,18.11,7.57,1148.47,0.0,51.73,21.97,22.88,23.35,1.35,
108,2025-11-28 17:00:00,20.52,6.52,901.06,0.0,48.93,22.97,23.71,24.71,1.5,
108,2025-11-28 18:00:00,20.52,7.79,900.18,0.0,47.92,23.29,24.31,24.87,1.59,
108,2025-11-28 19:00:00,24.14,12.3,619.86,0.0,47.7,22.67,23.34,24.25,1.5,
108,2025-11-28 20:00:00,25.35,11.09,296.99,0.0,51.48,20.71,21.64,22.5,1.26,
108,2025-11-28 21:00:00,20.52,10.14,82.03,0.0,58.94,17.9,18.93,19.96,0.9,
108,2025-11-28 22:00:00,12.07,2.82,0.0,0.0,66.49,15.71,16.49,17.13,0.63,
108,2025-11-28 23:00:00,6.04,0.89,0.0,0.0,70.96,15.36,15.69,15.9,0.52,
108,2025-11-29 00:00:00,3.62,0.2,0.0,0.0,72.75,15.96,16.01,16.04,0.5,
108,2025-11-29 01:00:00,0.0,0.0,0.0,0.0,75.11,14.92,15.5,16.1,0.44,
108,2025-11-29 02:00:00,0.0,0.0,0.0,0.0,78.97,13.17,13.88,14.44,0.33,
108,2025-11-29 03:00:00,0.0,0.0,0.0,0.0,84.27,11.06,11.78,12.55,0.22,
108,2025-11-29 04:00:00,0.0,0.0,0.0,0.0,86.94,9.91,10.29,10.78,0.16,
108,2025-11-29 05:00:00,0.0,0.0,0.0,0.0,88.49,9.25,9.38,9.53,0.13,
108,2025-11-29 06:00:00,0.0,0.0,0.0,0.0,89.84,8.08,8.4,8.64,0.11,
108,2025-11-29 07:00:00,0.0,0.0,46.94,0.0,90.59,7.67,8.43,9.46,0.1,
108,2025-11-29 08:00:00,6.04,1.59,225.04,0.0,87.56,10.35,12.0,13.41,0.18,
108,2025-11-29 09:00:00,7.24,3.34,408.85,0.0,78.3,13.68,14.38,15.1,0.36,
108,2025-11-29 10:00:00,10.86,3.61,616.79,0.0,71.11,16.07,16.98,17.9,0.56,
108,2025-11-29 11:00:00,20.52,4.59,883.95,0.0,63.13,18.21,18.97,19.57,0.81,
108,2025-11-29 12:00:00,19.31,5.69,999.76,0.0,56.6,20.01,20.65,21.29,1.06,
108,2025-11-29 13:00:00,20.52,6.76,1448.53,0.0,51.59,21.95,22.19,22.84,1.3,
108,2025-11-29 14:00:00,21.73,6.82,1372.2,0.0,49.03,22.95,23.16,23.38,1.45,
108,2025-11-29 15:00:00,18.11,6.4,553.62,0.0,48.27,23.33,23.46,23.57,1.5,
108,2025-11-29 16:00:00,22.93,7.88,1141.89,0.0,46.51,23.57,23.87,24.25,1.58,
108,2025-11-29 17:00:00,22.93,11.77,670.31,0.0,50.21,23.3,23.46,23.79,1.44,
108,2025-11-29 18:00:00,25.35,11.29,459.3,0.0,52.04,22.08,22.39,22.62,1.3,
108,2025-11-29 19:00:00,25.35,12.19,289.97,0.0,52.7,21.14,21.44,21.94,1.21,
108,2025-11-29 20:00:00,19.31,10.24,211.88,0.0,55.41,19.96,20.46,20.93,1.07,
108,2025-11-29 21:00:00,16.9,6.5,112.74,0.0,56.48,19.12,19.69,20.18,1.0,
108,2025-11-29 22:00:00,15.69,6.7,0.0,0.0,64.8,16.96,17.84,18.67,0.72,
108,2025-11-29 23:00:00,9.66,2.88,0.0,0.0,69.93,16.11,16.5,16.85,0.57,
108,2025-11-30 00:00:00,2.41,0.05,0.0,0.0,76.7,14.33,14.79,15.44,0.4,
108,2025-11-30 01:00:00,4.83,1.12,0.0,0.0,76.62,15.02,15.35,15.64,0.41,
108,2025-11-30 02:00:00,4.83,0.6,0.0,0.0,76.72,15.18,15.56,15.79,0.41,
108,2025-11-30 03:00:00,4.83,1.56,0.0,0.0,81.74,13.5,14.03,14.72,0.29,
108,2025-11-30 04:00:00,6.04,1.46,0.0,0.0,86.31,12.82,12.91,13.09,0.2,
108,2025-11-30 05:00:00,2.41,0.23,0.0,0.0,87.75,11.23,12.05,12.77,0.17,
108,2025-11-30 06:00:00,0.0,0.0,0.0,0.0,89.34,11.27,11.63,11.87,0.15,
108,2025-11-30 07:00:00,3.62,0.26,34.22,0.0,89.86,10.13,11.04,11.56,0.13,
108,2025-11-30 08:00:00,4.83,0.41,219.78,0.0,87.02,11.96,13.68,15.03,0.21,
108,2025-11-30 09:00:00,9.66,3.79,418.94,0.0,76.95,15.41,16.33,17.22,0.43,
108,2025-11-30 10:00:00,9.66,2.97,773.4,0.0,67.86,17.16,18.09,19.22,0.67,
108,2025-11-30 11:00:00,12.07,4.15,1006.34,0.0,63.22,18.58,19.09,19.5,0.81,
108,2025-11-30 12:00:00,12.07,4.59,1032.22,0.0,57.81,19.35,19.9,20.83,0.99,
108,2025-11-30 13:00:00,12.07,4.9,1299.82,0.0,52.31,20.98,21.71,22.53,1.24,
108,2025-11-30 14:00:00,18.11,5.69,1228.31,0.0,49.97,21.85,22.18,22.7,1.34,
108,2025-11-30 15:00:00,20.52,8.68,1295.87,0.0,48.04,22.77,23.07,23.46,1.47,
108,2025-11-30 16:00:00,18.11,6.67,1217.35,0.0,48.91,22.6,22.91,23.1,1.43,
108,2025-11-30 17:00:00,21.73,8.37,1178.3,0.0,47.8,23.04,23.29,23.66,1.49,
108,2025-11-30 18:00:00,22.93,9.76,939.22,0.0,45.75,23.52,23.93,24.35,1.62,
108,2025-11-30 19:00:00,19.31,9.95,547.04,0.0,47.23,22.84,23.09,23.19,1.49,
108,2025-11-30 20:00:00,18.11,8.06,283.83,0.0,50.47,21.33,22.07,22.63,1.32,
108,2025-11-30 21:00:00,14.48,7.06,74.58,0.0,59.34,18.44,19.45,20.67,0.93,
108,2025-11-30 22:00:00,15.69,6.88,0.0,0.0,65.91,16.58,17.14,17.8,0.67,
108,2025-11-30 23:00:00,16.9,6.58,0.0,0.0,72.64,14.97,15.56,15.83,0.49,
108,2025-12-01 00:00:00,8.45,2.72,0.0,0.0,80.42,13.1,13.84,14.47,0.31,
108,2025-12-01 01:00:00,4.83,0.54,0.0,0.0,85.69,11.65,12.21,12.85,0.21,
108,2025-12-01 02:00:00,4.83,1.69,0.0,0.0,88.97,10.92,11.2,11.63,0.14,
108,2025-12-01 03:00:00,4.83,0.88,0.0,0.0,91.06,10.46,10.65,10.8,0.12,
108,2025-12-01 04:00:00,4.83,1.13,0.0,0.0,92.0,9.98,10.09,10.33,0.1,
108,2025-12-01 05:00:00,1.21,0.02,0.0,0.0,92.24,9.25,9.47,9.78,0.09,
108,2025-12-01 06:00:00,4.83,0.8,0.0,0.0,92.92,8.8,8.91,9.11,0.08,
108,2025-12-01 07:00:00,3.62,0.05,27.2,0.0,93.37,8.33,8.76,9.3,0.08,
108,2025-12-01 08:00:00,8.45,2.57,174.6,0.0,94.15,10.43,11.17,11.72,0.08,
108,2025-12-01 09:00:00,14.48,6.19,242.59,0.0,93.34,11.75,12.41,12.92,0.1,
108,2025-12-01 10:00:00,13.28,7.05,642.23,0.0,85.79,13.23,14.6,15.61,0.24,
108,2025-12-01 11:00:00,15.69,6.88,815.95,0.0,74.39,16.92,17.84,18.98,0.53,
108,2025-12-01 12:00:00,14.48,6.4,977.82,0.0,64.7,19.79,20.4,21.43,0.85,
108,2025-12-01 13:00:00,20.52,7.27,1061.61,0.0,54.98,21.46,21.99,22.42,1.19,
108,2025-12-01 14:00:00,15.69,5.69,1098.46,0.0,47.69,23.11,23.67,24.18,1.53,
108,2025-12-01 15:00:00,14.48,4.6,1140.14,0.0,42.44,24.22,24.75,25.29,1.8,
108,2025-12-01 16:00:00,16.9,5.1,1028.27,0.0,37.56,25.55,25.82,25.97,2.08,
108,2025-12-01 17:00:00,18.11,6.28,919.92,0.0,35.4,25.98,26.41,26.84,2.23,
108,2025-12-01 18:00:00,14.48,5.75,613.28,0.0,38.69,25.66,26.05,26.26,2.07,
108,2025-12-01 19:00:00,26.55,10.81,168.89,0.0,48.6,22.07,23.36,24.83,1.49,
108,2025-12-01 20:00:00,24.14,12.34,82.91,0.0,53.91,20.12,20.81,21.55,1.14,
108,2025-12-01 21:00:00,19.31,8.66,23.25,0.0,57.5,18.49,19.13,19.74,0.94,
108,2025-12-01 22:00:00,10.86,4.34,0.0,0.0,66.87,17.35,17.67,18.11,0.67,
108,2025-12-01 23:00:00,13.28,5.52,0.0,0.0,72.76,16.67,16.83,16.99,0.52,
108,2025-12-02 00:00:00,14.48,6.32,0.0,0.0,75.34,16.0,16.23,16.51,0.46,
108,2025-12-02 01:00:00,8.45,3.52,0.0,0.0,78.87,15.3,15.59,15.79,0.37,
108,2025-12-02 02:00:00,6.04,0.98,0.0,0.0,83.47,13.74,14.45,15.13,0.28,
108,2025-12-02 03:00:00,2.41,0.06,0.0,0.0,87.43,12.5,13.15,13.79,0.19,
108,2025-12-02 04:00:00,2.41,0.29,0.0,0.0,89.0,11.52,11.85,12.26,0.15,
108,2025-12-02 05:00:00,2.41,0.02,0.0,0.0,89.18,10.94,11.12,11.4,0.14,
108,2025-12-02 06:00:00,3.62,0.36,0.0,0.0,90.12,10.16,10.27,10.48,0.12,
108,2025-12-02 07:00:00,3.62,0.29,39.04,0.0,91.74,9.77,10.33,11.06,0.1,
108,2025-12-02 08:00:00,7.24,2.7,141.26,0.0,91.53,11.98,12.8,13.52,0.13,
108,2025-12-02 09:00:00,14.48,6.08,251.37,0.0,85.36,13.92,14.55,15.21,0.25,
108,2025-12-02 10:00:00,15.69,6.22,712.86,0.0,80.1,15.33,16.25,17.11,0.37,
108,2025-12-02 11:00:00,15.69,5.45,843.59,0.0,73.87,17.28,18.35,19.64,0.56,
108,2025-12-02 12:00:00,15.69,8.01,936.15,0.0,66.79,19.91,20.55,21.16,0.8,
108,2025-12-02 13:00:00,19.31,9.7,1048.01,0.0,58.26,22.98,23.23,23.61,1.19,
108,2025-12-02 14:00:00,20.52,8.92,1062.05,0.0,51.81,24.07,24.59,25.17,1.49,
108,2025-12-02 15:00:00,18.11,8.27,1052.4,0.0,45.02,25.5,26.01,26.94,1.85,
108,2025-12-02 16:00:00,18.11,8.18,997.57,0.0,39.36,26.77,27.19,27.66,2.19,
108,2025-12-02 17:00:00,21.73,9.86,867.72,0.0,33.86,27.46,27.72,27.88,2.46,
108,2025-12-02 18:00:00,20.52,11.28,713.74,0.0,31.54,27.96,28.02,28.1,2.59,
108,2025-12-02 19:00:00,21.73,10.65,523.35,0.0,33.76,27.56,27.93,28.19,2.49,
108,2025-12-02 20:00:00,20.52,9.12,322.43,0.0,41.5,25.59,26.69,27.38,2.06,
108,2025-12-02 21:00:00,20.52,8.93,60.1,0.0,55.36,22.33,23.5,24.77,1.3,
108,2025-12-02 22:00:00,14.48,6.88,0.0,0.0,64.07,19.59,20.61,21.64,0.88,
108,2025-12-02 23:00:00,14.48,5.79,0.0,0.0,70.43,18.2,18.95,19.64,0.65,
108,2025-12-03 00:00:00,6.04,1.61,0.0,0.0,78.37,16.34,16.86,17.44,0.42,
108,2025-12-03 01:00:00,1.21,0.0,0.0,0.0,83.35,14.75,15.21,15.97,0.29,
108,2025-12-03 02:00:00,3.62,0.67,0.0,0.0,87.95,13.58,13.77,14.23,0.19,
108,2025-12-03 03:00:00,3.62,0.24,0.0,0.0,89.01,13.2,13.6,13.89,0.17,
108,2025-12-03 04:00:00,6.04,0.69,0.0,0.0,90.03,12.34,12.88,13.3,0.15,
108,2025-12-03 05:00:00,4.83,0.85,0.0,0.0,91.95,12.15,12.3,12.47,0.12,
108,2025-12-03 06:00:00,6.04,0.75,0.0,0.0,92.22,11.23,11.63,12.02,0.11,
108,2025-12-03 07:00:00,0.0,0.0,33.78,0.0,92.72,11.16,11.5,11.96,0.1,
108,2025-12-03 08:00:00,10.86,1.46,225.48,0.0,90.81,13.19,14.37,15.62,0.15,
108,2025-12-03 09:00:00,16.9,7.32,513.26,0.0,85.61,16.17,16.58,17.46,0.28,
108,2025-12-03 10:00:00,18.11,9.24,659.34,0.0,77.87,17.65,18.44,19.22,0.48,
108,2025-12-03 11:00:00,18.11,8.72,865.96,0.0,68.16,19.97,21.58,23.19,0.84,
108,2025-12-03 12:00:00,21.73,11.51,960.72,0.0,62.03,23.9,24.15,24.45,1.14,
108,2025-12-03 13:00:00,24.14,12.33,1054.16,0.0,55.69,24.98,25.93,26.76,1.49,
108,2025-12-03 14:00:00,25.35,12.81,1069.07,0.0,49.69,27.14,27.75,28.45,1.88,
108,2025-12-03 15:00:00,22.93,13.19,1070.83,0.0,43.77,28.6,29.24,29.75,2.29,
108,2025-12-03 16:00:00,26.55,13.04,1015.55,0.0,38.64,29.87,30.15,30.49,2.63,
108,2025-12-03 17:00:00,26.55,13.31,884.39,0.0,35.41,30.42,30.6,30.85,2.84,
108,2025-12-03 18:00:00,28.97,12.24,735.23,0.0,35.47,30.84,31.04,31.12,2.9,
108,2025-12-03 19:00:00,25.35,12.56,539.14,0.0,33.63,30.64,30.81,30.94,2.95,
108,2025-12-03 20:00:00,19.31,10.25,344.37,0.0,35.27,28.71,29.63,30.36,2.69,
108,2025-12-03 21:00:00,20.52,5.51,80.28,0.0,46.98,23.64,25.78,28.02,1.78,
108,2025-12-03 22:00:00,10.86,4.71,0.0,0.0,54.53,21.95,22.73,23.7,1.26,
108,2025-12-03 23:00:00,8.45,4.53,0.0,0.0,63.23,20.22,21.06,21.56,0.92,
108,2025-12-04 00:00:00,12.07,5.25,0.0,0.0,67.39,20.0,20.15,20.26,0.77,
108,2025-12-04 01:00:00,13.28,6.22,0.0,0.0,68.64,19.57,19.73,20.07,0.72,
108,2025-12-04 02:00:00,15.69,6.49,0.0,0.0,73.42,18.21,18.69,19.44,0.58,
108,2025-12-04 03:00:00,18.11,8.25,0.0,0.0,71.86,17.24,17.52,17.79,0.56,
108,2025-12-04 04:00:00,15.69,4.87,0.0,0.0,70.19,15.23,15.95,16.79,0.54,
108,2025-12-04 05:00:00,10.86,3.94,0.0,0.0,73.52,13.99,14.46,14.89,0.44,
108,2025-12-04 06:00:00,4.83,1.81,0.0,0.0,77.2,12.48,13.12,13.91,0.35,
108,2025-12-04 07:00:00,7.24,1.3,24.57,0.0,79.26,12.25,12.69,13.19,0.31,
108,2025-12-04 08:00:00,21.73,8.65,264.09,0.0,74.4,13.95,14.54,15.1,0.43,
108,2025-12-04 09:00:00,22.93,13.4,459.74,0.0,71.26,15.57,16.05,16.69,0.53,
108,2025-12-04 10:00:00,24.14,11.14,629.07,0.0,67.61,17.22,18.09,18.97,0.67,
108,2025-12-04 11:00:00,22.93,11.23,814.2,0.0,62.12,19.62,20.61,21.61,0.92,
108,2025-12-04 12:00:00,22.93,12.42,975.19,0.0,54.87,22.74,23.28,24.02,1.3,
108,2025-12-04 13:00:00,32.59,13.93,1048.89,0.0,46.81,24.63,25.15,25.91,1.71,
108,2025-12-04 14:00:00,30.18,14.83,1078.72,0.0,43.49,26.41,26.82,27.26,2.0,
108,2025-12-04 15:00:00,26.55,13.64,1072.14,0.0,38.76,27.77,28.19,28.63,2.34,
108,2025-12-04 16:00:00,24.14,12.01,1000.2,0.0,38.7,28.71,29.14,29.68,2.47,
108,2025-12-04 17:00:00,27.76,14.09,885.26,0.0,39.39,29.46,29.63,29.94,2.52,
108,2025-12-04 18:00:00,27.76,14.89,741.37,0.0,37.49,29.49,29.66,29.75,2.6,
108,2025-12-04 19:00:00,26.55,13.31,555.37,0.0,37.66,28.64,29.03,29.36,2.5,
108,2025-12-04 20:00:00,19.31,10.2,311.9,0.0,38.35,27.02,27.82,28.45,2.31,
108,2025-12-04 21:00:00,14.48,5.75,101.34,0.0,45.19,23.21,24.81,26.5,1.73,
108,2025-12-04 22:00:00,10.86,5.01,0.0,0.0,57.41,21.43,21.92,22.39,1.12,
108,2025-12-04 23:00:00,8.45,1.43,0.0,0.0,72.61,18.87,19.59,20.49,0.63,
108,2025-12-05 00:00:00,1.21,0.0,0.0,0.0,76.5,16.76,17.52,18.39,0.47,
108,2025-12-05 01:00:00,9.66,1.4,0.0,0.0,79.21,15.76,16.29,16.82,0.39,
108,2025-12-05 02:00:00,16.9,8.07,0.0,0.0,79.22,16.97,17.2,17.41,0.41,
108,2025-12-05 03:00:00,22.93,11.33,0.0,0.0,77.97,15.69,16.28,16.8,0.41,
108,2025-12-05 04:00:00,18.11,8.59,0.0,0.0,80.69,14.59,14.96,15.42,0.33,
108,2025-12-05 05:00:00,15.69,7.18,0.0,0.0,82.8,13.43,13.8,14.13,0.27,
108,2025-12-05 06:00:00,15.69,6.55,0.0,0.0,82.68,12.44,12.81,13.1,0.26,
108,2025-12-05 07:00:00,15.69,5.92,20.62,0.0,82.57,11.72,11.78,11.89,0.24,
108,2025-12-05 08:00:00,15.69,7.94,243.91,0.0,76.47,12.05,12.51,12.92,0.34,
108,2025-12-05 09:00:00,16.9,8.42,439.56,0.0,72.83,13.01,13.53,14.03,0.42,
108,2025-12-05 10:00:00,14.48,6.17,629.51,0.0,70.52,14.07,14.54,14.95,0.49,
108,2025-12-05 11:00:00,14.48,5.63,839.64,0.0,67.09,15.62,16.42,17.13,0.62,
108,2025-12-05 12:00:00,19.31,6.17,966.42,0.0,63.3,17.48,18.62,19.6,0.79,
108,2025-12-05 13:00:00,16.9,6.5,1044.94,0.0,58.01,20.34,21.06,21.76,1.05,
108,2025-12-05 14:00:00,18.11,7.15,1072.14,0.0,54.55,22.55,23.05,23.77,1.28,
108,2025-12-05 15:00:00,18.11,8.15,1065.56,0.0,49.44,24.3,25.16,25.86,1.62,
108,2025-12-05 16:00:00,20.52,8.0,1013.36,0.0,41.88,25.81,26.36,26.87,2.0,
108,2025-12-05 17:00:00,20.52,10.9,875.61,0.0,35.9,27.14,27.36,27.48,2.34,
108,2025-12-05 18:00:00,21.73,10.01,723.83,0.0,34.25,27.64,27.85,28.16,2.47,
108,2025-12-05 19:00:00,22.93,10.5,537.83,0.0,34.49,27.68,27.96,28.1,2.47,
108,2025-12-05 20:00:00,20.52,9.49,336.03,0.0,33.73,25.99,26.87,27.56,2.35,
108,2025-12-05 21:00:00,13.28,6.1,71.94,0.0,43.53,22.98,23.76,24.97,1.67,
108,2025-12-05 22:00:00,14.48,4.41,0.0,0.0,52.1,19.25,20.91,22.6,1.2,
108,2025-12-05 23:00:00,14.48,6.84,0.0,0.0,54.1,19.2,19.57,19.9,1.05,
108,2025-12-06 00:00:00,12.07,5.12,0.0,0.0,58.01,17.65,18.36,19.17,0.89,
108,2025-12-06 01:00:00,9.66,3.92,0.0,0.0,64.76,16.04,16.47,17.11,0.66,
108,2025-12-06 02:00:00,12.07,5.59,0.0,0.0,68.43,15.45,16.13,16.65,0.58,
108,2025-12-06 03:00:00,10.86,4.41,0.0,0.0,74.11,14.12,14.86,15.4,0.44,
108,2025-12-06 04:00:00,8.45,2.69,0.0,0.0,77.68,12.83,13.38,14.16,0.34,
108,2025-12-06 05:00:00,8.45,3.53,0.0,0.0,79.82,12.16,12.44,12.68,0.29,
108,2025-12-06 06:00:00,6.04,1.19,0.0,0.0,83.03,10.87,11.43,11.77,0.23,
108,2025-12-06 07:00:00,0.0,0.0,41.24,0.0,85.24,10.67,10.73,10.82,0.19,
108,2025-12-06 08:00:00,12.07,4.59,214.08,0.0,80.22,11.44,12.49,13.4,0.29,
108,2025-12-06 09:00:00,13.28,5.42,404.9,0.0,73.28,13.68,14.23,14.78,0.43,
108,2025-12-06 10:00:00,8.45,2.34,645.3,0.0,68.82,15.24,15.9,16.54,0.56,
108,2025-12-06 11:00:00,10.86,2.61,799.72,0.0,63.37,16.94,17.99,19.04,0.76,
108,2025-12-06 12:00:00,10.86,3.97,975.63,0.0,58.22,19.59,20.27,20.95,1.0,
108,2025-12-06 13:00:00,15.69,5.72,1045.38,0.0,52.1,22.49,23.06,23.46,1.35,
108,2025-12-06 14:00:00,13.28,3.25,1075.21,0.0,47.93,23.98,25.21,26.12,1.68,
108,2025-12-06 15:00:00,13.28,3.64,1088.81,0.0,44.08,27.05,27.69,28.64,2.08,
108,2025-12-06 16:00:00,12.07,5.07,926.5,0.0,40.9,28.6,29.26,29.52,2.41,
108,2025-12-06 17:00:00,15.69,6.11,815.51,0.0,41.72,29.31,29.5,29.94,2.4,
108,2025-12-06 18:00:00,26.55,11.89,632.14,0.0,49.72,26.74,27.32,28.0,1.83,
108,2025-12-06 19:00:00,18.11,8.16,425.08,0.0,54.97,24.92,25.73,26.91,1.49,
108,2025-12-06 20:00:00,15.69,6.51,141.69,0.0,59.08,22.39,23.29,24.07,1.17,
108,2025-12-06 21:00:00,9.66,2.97,46.5,0.0,65.99,20.21,21.08,21.91,0.85,
108,2025-12-06 22:00:00,2.41,0.02,0.0,0.0,72.27,18.86,19.21,19.83,0.62,
108,2025-12-06 23:00:00,3.62,0.18,0.0,0.0,76.96,17.09,17.79,18.18,0.47,
108,2025-12-07 00:00:00,0.0,0.0,0.0,0.0,81.24,16.28,16.64,17.18,0.36,
108,2025-12-07 01:00:00,6.04,2.5,0.0,0.0,83.1,15.87,16.0,16.11,0.31,
108,2025-12-07 02:00:00,7.24,1.9,0.0,0.0,84.37,15.23,15.53,15.76,0.28,
108,2025-12-07 03:00:00,4.83,0.95,0.0,0.0,86.83,14.48,14.77,14.97,0.22,
108,2025-12-07 04:00:00,10.86,3.12,0.0,0.0,88.21,14.16,14.31,14.47,0.19,
108,2025-12-07 05:00:00,4.83,1.78,0.0,0.0,89.22,13.55,13.74,13.91,0.17,
108,2025-12-07 06:00:00,4.83,0.88,0.0,0.0,89.39,13.33,13.54,13.68,0.16,
108,2025-12-07 07:00:00,3.62,0.32,26.76,0.0,89.29,13.34,13.41,13.45,0.16,
108,2025-12-07 08:00:00,4.83,0.44,125.9,0.0,87.87,13.82,14.82,15.97,0.21,
108,2025-12-07 09:00:00,7.24,2.46,368.06,0.0,76.02,16.7,17.75,18.67,0.49,
108,2025-12-07 10:00:00,8.45,2.87,649.69,0.0,66.65,19.22,19.64,20.14,0.76,
108,2025-12-07 11:00:00,9.66,1.93,640.04,0.0,65.17,20.32,20.97,21.53,0.87,
108,2025-12-07 12:00:00,13.28,3.52,948.87,0.0,62.46,22.15,23.13,23.92,1.07,
108,2025-12-07 13:00:00,14.48,5.85,1048.89,0.0,59.57,24.3,24.54,25.19,1.25,
108,2025-12-07 14:00:00,14.48,5.92,1088.37,0.0,55.91,25.43,26.06,26.74,1.49,
108,2025-12-07 15:00:00,13.28,4.77,1068.63,0.0,51.89,26.95,27.43,27.76,1.76,
108,2025-12-07 16:00:00,12.07,3.67,956.77,0.0,45.65,27.56,28.44,29.02,2.11,
108,2025-12-07 17:00:00,9.66,1.99,546.16,0.0,44.77,28.85,29.48,29.95,2.28,
108,2025-12-07 18:00:00,7.24,1.42,837.88,0.0,44.49,29.09,29.76,30.01,2.33,
108,2025-12-07 19:00:00,7.24,2.25,636.53,0.0,44.18,28.59,29.96,30.7,2.37,
108,2025-12-07 20:00:00,20.52,11.08,113.18,0.0,58.11,24.45,25.07,25.97,1.34,
108,2025-12-07 21:00:00,20.52,7.8,51.33,0.0,63.2,22.73,23.47,24.02,1.07,
108,2025-12-07 22:00:00,7.24,0.97,0.0,0.0,68.13,21.78,21.98,22.46,0.84,
108,2025-12-07 23:00:00,7.24,1.37,0.0,0.0,70.83,20.46,20.94,21.45,0.73,
108,2025-12-08 00:00:00,4.83,0.39,0.0,0.0,72.43,19.49,20.08,20.43,0.65,
108,2025-12-08 01:00:00,9.66,1.59,0.0,0.0,74.38,17.8,18.64,19.44,0.55,
108,2025-12-08 02:00:00,2.41,0.02,0.0,0.0,80.1,16.8,17.12,17.79,0.39,
108,2025-12-08 03:00:00,0.0,0.0,0.0,0.0,83.86,15.86,16.12,16.38,0.3,
108,2025-12-08 04:00:00,0.0,0.0,0.0,0.0,85.72,14.61,15.01,15.2,0.25,
108,2025-12-08 05:00:00,4.83,0.42,0.0,0.0,88.36,14.02,14.3,14.55,0.19,
108,2025-12-08 06:00:00,2.41,0.05,0.0,0.0,88.25,13.3,13.55,14.09,0.18,
108,2025-12-08 07:00:00,0.0,0.0,53.52,0.0,89.41,13.2,13.45,13.97,0.17,
108,2025-12-08 08:00:00,7.24,2.05,344.8,0.0,83.15,15.07,16.2,17.24,0.32,
108,2025-12-08 09:00:00,6.04,1.54,348.31,0.0,74.6,17.75,18.42,19.27,0.54,
108,2025-12-08 10:00:00,8.45,2.87,641.35,0.0,71.2,19.17,19.98,20.86,0.68,
108,2025-12-08 11:00:00,10.86,3.43,837.88,0.0,63.89,21.42,22.23,23.49,0.97,
108,2025-12-08 12:00:00,12.07,3.02,952.82,0.0,58.22,23.68,24.53,25.55,1.29,
108,2025-12-08 13:00:00,13.28,4.68,1048.89,0.0,53.55,25.81,26.76,27.71,1.64,
108,2025-12-08 14:00:00,14.48,5.49,1094.08,0.0,47.99,28.22,28.58,29.32,2.04,
108,2025-12-08 15:00:00,16.9,4.92,1052.84,0.0,45.01,29.84,30.07,30.29,2.35,
108,2025-12-08 16:00:00,19.31,6.23,987.48,0.0,44.12,30.59,31.11,31.5,2.53,
108,2025-12-08 17:00:00,14.48,4.95,881.75,0.0,44.48,31.37,31.73,31.94,2.6,
108,2025-12-08 18:00:00,13.28,3.35,699.26,0.0,42.59,31.04,31.92,32.53,2.72,
108,2025-12-08 19:00:00,14.48,2.08,165.38,0.0,48.89,29.52,30.42,30.78,2.23,
108,2025-12-08 20:00:00,20.52,9.22,285.14,0.0,46.32,28.18,28.92,29.9,2.14,
108,2025-12-08 21:00:00,16.9,5.0,114.5,0.0,54.14,24.18,25.53,27.16,1.52,
108,2025-12-08 22:00:00,4.83,1.42,0.0,0.0,64.75,22.65,22.95,23.22,0.99,
108,2025-12-08 23:00:00,8.45,2.42,0.0,0.0,66.31,20.08,21.4,22.56,0.87,
108,2025-12-09 00:00:00,7.24,2.5,0.0,0.0,72.58,17.84,18.57,19.34,0.59,
108,2025-12-09 01:00:00,3.62,0.63,0.0,0.0,77.23,16.93,17.2,17.5,0.45,
108,2025-12-09 02:00:00,3.62,0.39,0.0,0.0,79.01,16.03,16.09,16.17,0.39,
108,2025-12-09 03:00:00,3.62,0.52,0.0,0.0,80.13,15.54,15.63,15.66,0.35,
108,2025-12-09 04:00:00,7.24,0.97,0.0,0.0,82.98,14.06,14.63,15.44,0.29,
108,2025-12-09 05:00:00,3.62,0.29,0.0,0.0,87.07,13.47,13.69,13.89,0.21,
108,2025-12-09 06:00:00,3.62,0.05,0.0,0.0,87.55,13.45,13.71,14.22,0.2,
108,2025-12-09 07:00:00,3.62,0.24,35.09,0.0,87.77,13.01,13.22,13.77,0.19,
108,2025-12-09 08:00:00,6.04,1.53,198.72,0.0,84.05,14.9,15.32,15.61,0.28,
108,2025-12-09 09:00:00,7.24,1.75,428.15,0.0,80.06,15.83,16.46,16.72,0.37,
108,2025-12-09 10:00:00,9.66,3.4,694.87,0.0,76.22,16.96,17.45,18.34,0.48,
108,2025-12-09 11:00:00,10.86,3.29,804.98,0.0,69.1,19.12,19.52,19.98,0.7,
108,2025-12-09 12:00:00,9.66,3.08,929.57,0.0,66.29,20.84,21.09,21.48,0.84,
108,2025-12-09 13:00:00,12.07,3.7,1031.34,0.0,63.01,21.78,22.79,23.91,1.03,
108,2025-12-09 14:00:00,14.48,4.12,1051.96,0.0,59.17,23.73,24.46,24.85,1.25,
108,2025-12-09 15:00:00,12.07,4.89,1051.08,0.0,54.83,25.62,26.27,26.93,1.55,
108,2025-12-09 16:00:00,13.28,4.48,1005.02,0.0,51.3,26.74,27.39,27.74,1.78,
108,2025-12-09 17:00:00,12.07,4.33,876.49,0.0,46.23,28.07,28.39,28.78,2.08,
108,2025-12-09 18:00:00,12.07,3.89,720.76,0.0,44.1,28.77,29.06,29.42,2.25,
108,2025-12-09 19:00:00,16.9,5.61,538.26,0.0,46.41,27.53,28.49,29.24,2.09,
108,2025-12-09 20:00:00,21.73,11.54,339.98,0.0,52.59,23.91,25.36,27.15,1.54,
108,2025-12-09 21:00:00,19.31,9.52,86.86,0.0,63.19,19.73,21.46,23.08,0.95,
108,2025-12-09 22:00:00,18.11,7.02,0.0,0.0,72.89,17.01,18.0,18.95,0.56,
108,2025-12-09 23:00:00,12.07,4.54,0.0,0.0,78.93,15.52,16.04,16.59,0.39,
108,2025-12-10 00:00:00,6.04,0.92,0.0,0.0,83.7,14.45,14.87,15.31,0.27,
108,2025-12-10 01:00:00,4.83,1.46,0.0,0.0,87.19,13.82,13.97,14.09,0.2,
108,2025-12-10 02:00:00,4.83,1.12,0.0,0.0,88.7,13.3,13.5,13.66,0.17,
108,2025-12-10 03:00:00,4.83,1.49,0.0,0.0,89.78,13.05,13.17,13.26,0.15,
108,2025-12-10 04:00:00,2.41,0.05,0.0,0.0,90.38,12.6,12.74,12.89,0.15,
108,2025-12-10 05:00:00,0.0,0.0,0.0,0.0,90.8,12.23,12.38,12.55,0.13,
108,2025-12-10 06:00:00,0.0,0.0,0.0,0.0,90.85,11.52,11.8,12.22,0.13,
108,2025-12-10 07:00:00,0.0,0.0,27.64,0.0,91.37,11.49,11.71,12.09,0.12,
108,2025-12-10 08:00:00,1.21,0.06,99.58,0.0,91.21,12.65,13.48,14.19,0.14,
108,2025-12-10 09:00:00,6.04,1.3,274.18,0.0,86.17,14.69,15.23,15.92,0.24,
108,2025-12-10 10:00:00,9.66,1.53,497.91,0.0,80.08,16.37,17.05,17.9,0.39,
108,2025-12-10 11:00:00,7.24,1.77,317.17,0.0,76.92,17.34,17.97,18.94,0.48,
108,2025-12-10 12:00:00,12.07,3.17,945.36,0.0,69.24,19.73,20.52,21.26,0.75,
108,2025-12-10 13:00:00,10.86,3.56,1027.83,0.0,66.07,21.56,22.17,23.1,0.91,
108,2025-12-10 14:00:00,20.52,3.55,1050.21,0.0,61.83,23.88,24.57,25.39,1.18,
108,2025-12-10 15:00:00,15.69,3.68,1048.01,0.0,55.06,25.43,26.14,26.6,1.53,
108,2025-12-10 16:00:00,16.9,5.13,985.28,0.0,51.94,27.12,27.67,28.16,1.78,
108,2025-12-10 17:00:00,18.11,6.59,881.75,0.0,49.84,28.28,28.71,29.29,1.98,
108,2025-12-10 18:00:00,24.14,9.13,676.89,0.0,52.48,27.26,27.47,27.95,1.75,
108,2025-12-10 19:00:00,25.35,13.75,511.07,0.0,56.51,24.66,25.8,27.19,1.45,
108,2025-12-10 20:00:00,25.35,13.35,301.38,0.0,62.58,21.64,22.97,24.35,1.06,
108,2025-12-10 21:00:00,24.14,12.03,97.39,0.0,68.9,19.53,20.27,21.25,0.74,
108,2025-12-10 22:00:00,19.31,8.68,0.0,0.0,73.39,18.07,18.51,19.08,0.57,
108,2025-12-10 23:00:00,18.11,8.49,0.0,0.0,76.17,17.31,17.4,17.46,0.47,
108,2025-12-11 00:00:00,14.48,7.17,0.0,0.0,78.4,16.32,16.68,17.06,0.41,
108,2025-12-11 01:00:00,8.45,3.08,0.0,0.0,81.51,15.54,15.89,16.19,0.34,
108,2025-12-11 02:00:00,8.45,0.91,0.0,0.0,84.67,14.4,14.88,15.25,0.26,
108,2025-12-11 03:00:00,4.83,1.07,0.0,0.0,88.34,13.97,14.09,14.28,0.19,
108,2025-12-11 04:00:00,0.0,0.0,0.0,0.0,87.4,14.44,14.51,14.58,0.21,
108,2025-12-11 05:00:00,6.04,0.96,0.0,0.0,88.13,13.84,14.14,14.33,0.19,
108,2025-12-11 06:00:00,7.24,2.3,0.0,0.0,90.76,13.51,13.86,14.27,0.15,
108,2025-12-11 07:00:00,3.62,0.11,17.11,0.0,89.32,14.59,14.78,14.92,0.18,
108,2025-12-11 08:00:00,3.62,0.14,82.47,0.0,86.89,15.07,15.43,15.73,0.23,
108,2025-12-11 09:00:00,6.04,0.47,177.23,0.0,82.61,15.93,16.34,16.66,0.32,
108,2025-12-11 10:00:00,7.24,1.72,239.52,0.0,79.72,17.01,17.25,17.53,0.4,
108,2025-12-11 11:00:00,9.66,3.47,433.42,0.0,76.21,17.77,18.19,18.67,0.5,
108,2025-12-11 12:00:00,10.86,4.05,615.47,0.0,72.37,18.84,19.45,20.26,0.63,
108,2025-12-11 13:00:00,10.86,2.39,658.02,0.0,67.52,20.53,21.1,21.74,0.82,
108,2025-12-11 14:00:00,10.86,2.82,1377.03,0.0,64.83,22.21,22.83,23.87,0.98,
108,2025-12-11 15:00:00,16.9,5.54,1103.73,0.0,62.34,23.06,23.88,24.63,1.12,
108,2025-12-11 16:00:00,10.86,3.76,1008.53,0.0,57.49,24.9,25.31,25.87,1.37,
108,2025-12-11 17:00:00,10.86,4.06,910.27,0.0,52.99,25.77,26.3,26.71,1.61,
108,2025-12-11 18:00:00,19.31,4.23,754.1,0.0,52.68,26.66,27.05,27.64,1.7,
108,2025-12-11 19:00:00,24.14,8.01,545.72,0.0,57.77,24.83,25.82,26.41,1.41,
108,2025-12-11 20:00:00,22.93,12.78,303.57,0.0,63.7,21.66,22.61,23.56,1.0,
108,2025-12-11 21:00:00,21.73,12.21,49.13,0.0,67.55,19.27,20.13,20.87,0.77,
108,2025-12-11 22:00:00,21.73,10.34,0.0,0.0,71.14,18.22,18.59,18.93,0.62,
108,2025-12-11 23:00:00,16.9,5.0,0.0,0.0,71.46,17.04,17.38,17.82,0.57,
108,2025-12-12 00:00:00,12.07,4.51,0.0,0.0,73.42,16.45,16.95,17.34,0.52,
108,2025-12-12 01:00:00,9.66,3.17,0.0,0.0,74.63,15.48,15.67,15.94,0.45,
108,2025-12-12 02:00:00,4.83,1.49,0.0,0.0,78.88,13.86,14.67,15.55,0.36,
108,2025-12-12 03:00:00,4.83,0.53,0.0,0.0,83.29,13.17,13.6,14.0,0.26,
108,2025-12-12 04:00:00,2.41,0.02,0.0,0.0,87.24,12.09,12.42,13.03,0.19,
108,2025-12-12 05:00:00,0.0,0.0,0.0,0.0,88.68,11.75,11.93,12.25,0.16,
108,2025-12-12 06:00:00,0.0,0.0,0.0,0.0,88.73,10.64,11.06,11.46,0.15,
108,2025-12-12 07:00:00,4.83,0.7,32.02,0.0,90.32,10.47,10.73,11.3,0.12,
108,2025-12-12 08:00:00,9.66,3.94,203.11,0.0,88.52,11.92,13.02,14.02,0.18,
108,2025-12-12 09:00:00,8.45,3.23,396.57,0.0,80.37,14.48,15.33,16.47,0.35,
108,2025-12-12 10:00:00,8.45,2.6,629.51,0.0,74.04,16.41,17.02,17.68,0.51,
108,2025-12-12 11:00:00,10.86,3.17,801.47,0.0,68.82,18.08,19.04,20.22,0.69,
108,2025-12-12 12:00:00,13.28,3.92,935.71,0.0,65.9,20.4,21.1,21.98,0.85,
108,2025-12-12 13:00:00,12.07,3.8,1036.17,0.0,60.55,22.16,23.08,23.9,1.12,
108,2025-12-12 14:00:00,12.07,3.44,1068.63,0.0,49.69,24.6,25.29,25.62,1.62,
108,2025-12-12 15:00:00,18.11,6.31,1068.19,0.0,41.59,26.41,26.89,27.48,2.07,
108,2025-12-12 16:00:00,18.11,5.42,1057.66,0.0,38.9,27.49,27.88,28.5,2.3,
108,2025-12-12 17:00:00,22.93,5.21,825.6,0.0,42.21,27.64,27.96,28.35,2.18,
108,2025-12-12 18:00:00,30.18,9.82,750.15,0.0,41.48,27.29,27.77,28.3,2.18,
108,2025-12-12 19:00:00,25.35,13.82,560.64,0.0,40.32,25.15,26.27,27.08,2.04,
108,2025-12-12 20:00:00,25.35,13.78,314.1,0.0,46.81,22.43,23.61,24.64,1.56,
108,2025-12-12 21:00:00,22.93,12.52,105.28,0.0,65.19,18.48,20.02,21.74,0.83,
108,2025-12-12 22:00:00,18.11,7.5,0.0,0.0,75.68,16.7,17.36,18.01,0.49,
108,2025-12-12 23:00:00,9.66,2.98,0.0,0.0,81.28,15.27,15.89,16.38,0.34,
108,2025-12-13 00:00:00,4.83,0.95,0.0,0.0,85.87,14.74,14.8,14.82,0.24,
108,2025-12-13 01:00:00,2.41,0.12,0.0,0.0,85.71,14.78,14.93,15.06,0.24,
108,2025-12-13 02:00:00,4.83,0.36,0.0,0.0,86.07,14.71,14.77,14.81,0.24,
108,2025-12-13 03:00:00,6.04,1.4,0.0,0.0,84.7,15.11,15.25,15.37,0.27,
108,2025-12-13 04:00:00,10.86,4.06,0.0,0.0,82.61,15.48,15.67,15.75,0.31,
108,2025-12-13 05:00:00,12.07,5.51,0.0,0.0,82.99,14.74,15.51,15.77,0.3,
108,2025-12-13 06:00:00,8.45,2.34,0.0,0.0,92.92,14.16,14.28,14.44,0.12,
108,2025-12-13 07:00:00,2.41,0.03,13.16,0.0,92.15,14.41,14.58,14.76,0.13,
108,2025-12-13 08:00:00,12.07,4.66,64.05,0.0,88.1,14.85,14.94,15.11,0.2,
108,2025-12-13 09:00:00,16.9,6.82,93.0,0.0,84.29,15.27,15.39,15.51,0.28,
108,2025-12-13 10:00:00,15.69,5.75,243.47,0.0,84.77,15.03,15.59,16.16,0.27,
108,2025-12-13 11:00:00,13.28,4.89,404.03,0.0,77.6,16.41,16.97,17.34,0.44,
108,2025-12-13 12:00:00,13.28,4.88,557.13,0.0,70.11,17.84,18.3,18.61,0.63,
108,2025-12-13 13:00:00,12.07,5.21,765.06,0.0,65.44,18.79,19.47,20.21,0.79,
108,2025-12-13 14:00:00,18.11,10.07,392.62,0.0,68.57,18.49,18.74,19.07,0.68,
108,2025-12-13 15:00:00,19.31,8.1,297.87,0.0,68.87,18.1,18.35,18.65,0.66,
108,2025-12-13 16:00:00,10.86,5.34,457.55,0.0,64.74,19.24,19.36,19.49,0.79,
108,2025-12-13 17:00:00,10.86,5.1,425.52,0.0,61.66,19.36,19.52,19.67,0.87,
108,2025-12-13 18:00:00,14.48,6.17,180.74,0.0,64.04,18.83,19.09,19.38,0.79,
108,2025-12-13 19:00:00,10.86,4.83,152.22,0.0,65.33,18.7,18.85,19.01,0.76,
108,2025-12-13 20:00:00,4.83,0.5,61.85,0.0,67.74,18.08,18.45,18.67,0.69,
108,2025-12-13 21:00:00,8.45,1.6,19.3,0.0,73.0,16.82,17.16,17.89,0.53,
108,2025-12-13 22:00:00,9.66,3.15,0.0,0.0,66.01,15.82,16.25,16.66,0.63,
108,2025-12-13 23:00:00,6.04,1.98,0.0,0.0,69.32,15.13,15.36,15.72,0.54,
108,2025-12-14 00:00:00,6.04,0.98,0.0,0.0,73.14,14.92,15.05,15.13,0.46,
108,2025-12-14 01:00:00,6.04,3.06,0.0,0.0,73.11,13.27,14.13,14.83,0.44,
108,2025-12-14 02:00:00,6.04,2.46,0.0,0.0,77.51,11.18,11.95,12.88,0.32,
108,2025-12-14 03:00:00,7.24,3.11,0.0,0.0,81.72,10.85,10.98,11.2,0.24,
108,2025-12-14 04:00:00,15.69,8.06,0.0,0.0,73.19,12.15,12.37,12.62,0.39,
108,2025-12-14 05:00:00,13.28,5.39,0.0,0.0,74.96,10.8,11.56,12.19,0.34,
108,2025-12-14 06:00:00,6.04,1.59,0.0,0.0,80.53,9.83,10.1,10.5,0.24,
108,2025-12-14 07:00:00,7.24,2.14,33.34,0.0,84.3,8.8,9.11,9.29,0.18,
108,2025-12-14 08:00:00,18.11,4.89,180.74,0.0,80.55,9.63,10.33,11.29,0.25,
108,2025-12-14 09:00:00,20.52,11.04,428.59,0.0,72.23,11.43,12.48,13.38,0.4,
108,2025-12-14 10:00:00,21.73,11.62,620.74,0.0,64.0,13.82,14.79,15.79,0.61,
108,2025-12-14 11:00:00,25.35,13.02,835.69,0.0,57.03,16.14,16.88,17.64,0.83,
108,2025-12-14 12:00:00,26.55,12.69,970.37,0.0,53.61,17.73,18.63,19.11,1.0,
108,2025-12-14 13:00:00,22.93,11.44,1052.4,0.0,47.82,19.64,19.85,20.19,1.21,
108,2025-12-14 14:00:00,24.14,10.51,1088.81,0.0,45.68,20.34,20.56,20.81,1.32,
108,2025-12-14 15:00:00,20.52,8.74,1082.67,0.0,42.49,21.57,21.69,21.84,1.49,
108,2025-12-14 16:00:00,37.42,10.64,1037.05,0.0,37.0,22.28,22.57,22.97,1.72,
108,2025-12-14 17:00:00,25.35,10.82,899.3,0.0,35.61,22.47,22.77,23.02,1.79,
108,2025-12-14 18:00:00,22.93,9.46,752.34,0.0,36.09,22.9,23.04,23.11,1.8,
108,2025-12-14 19:00:00,21.73,9.49,564.15,0.0,36.12,22.6,22.87,23.17,1.78,
108,2025-12-14 20:00:00,19.31,9.15,363.67,0.0,38.15,21.12,22.1,22.84,1.65,
108,2025-12-14 21:00:00,18.11,7.47,98.27,0.0,49.96,18.95,19.75,20.67,1.16,
108,2025-12-14 22:00:00,14.48,6.37,0.0,0.0,61.35,15.9,17.03,18.15,0.76,
108,2025-12-14 23:00:00,14.48,7.05,0.0,0.0,65.06,14.86,15.34,15.79,0.61,
108,2025-12-15 00:00:00,14.48,6.11,0.0,0.0,67.87,13.86,14.32,14.72,0.52,
108,2025-12-15 01:00:00,0.0,0.0,0.0,0.0,76.37,11.05,12.08,13.01,0.34,
108,2025-12-15 02:00:00,6.04,1.64,0.0,0.0,80.22,10.57,10.82,11.05,0.26,
108,2025-12-15 03:00:00,10.86,5.27,0.0,0.0,78.27,10.77,11.04,11.22,0.29,
108,2025-12-15 04:00:00,10.86,4.91,0.0,0.0,77.9,10.37,10.83,11.13,0.29,
108,2025-12-15 05:00:00,7.24,0.83,0.0,0.0,83.75,8.5,9.15,9.91,0.19,
108,2025-12-15 06:00:00,4.83,0.85,0.0,0.0,86.68,8.52,8.56,8.63,0.15,
108,2025-12-15 07:00:00,4.83,1.51,17.99,0.0,87.69,8.18,8.32,8.5,0.14,
108,2025-12-15 08:00:00,15.69,4.8,211.01,0.0,82.83,9.35,10.49,11.63,0.22,
108,2025-12-15 09:00:00,20.52,10.29,411.05,0.0,72.56,12.3,13.28,14.35,0.42,
108,2025-12-15 10:00:00,24.14,12.95,642.67,0.0,62.7,14.83,15.9,16.9,0.68,
108,2025-12-15 11:00:00,27.76,12.62,811.13,0.0,54.42,17.64,18.44,19.04,0.97,
108,2025-12-15 12:00:00,28.97,14.37,947.99,0.0,50.28,19.41,20.04,20.62,1.17,
108,2025-12-15 13:00:00,33.8,14.38,1052.4,0.0,45.54,21.12,21.71,22.16,1.42,
108,2025-12-15 14:00:00,31.38,16.27,1080.92,0.0,38.21,22.18,22.97,23.88,1.74,
108,2025-12-15 15:00:00,30.18,15.75,1076.53,0.0,38.98,23.95,24.22,24.47,1.85,
108,2025-12-15 16:00:00,32.59,16.01,1001.95,0.0,38.37,24.6,24.72,24.87,1.92,
108,2025-12-15 17:00:00,32.59,16.33,897.55,0.0,39.44,25.07,25.29,25.67,1.95,
108,2025-12-15 18:00:00,35.0,17.79,707.16,0.0,40.34,25.04,25.14,25.21,1.91,
108,2025-12-15 19:00:00,32.59,16.9,527.3,0.0,41.9,24.41,24.74,25.21,1.81,
108,2025-12-15 20:00:00,30.18,14.54,325.94,0.0,42.73,23.46,23.89,24.34,1.7,
108,2025-12-15 21:00:00,27.76,13.37,121.52,0.0,48.31,20.97,21.95,22.76,1.37,
108,2025-12-15 22:00:00,24.14,12.54,0.0,0.0,53.43,19.74,20.22,20.64,1.11,
108,2025-12-15 23:00:00,32.59,14.95,0.0,0.0,58.03,18.67,19.16,19.69,0.93,
108,2025-12-16 00:00:00,32.59,16.28,0.0,0.0,62.6,17.73,18.09,18.52,0.78,
108,2025-12-16 01:00:00,21.73,10.79,0.0,0.0,68.19,16.41,16.89,17.32,0.61,
108,2025-12-16 02:00:00,25.35,12.39,0.0,0.0,71.76,15.69,15.91,16.17,0.51,
108,2025-12-16 03:00:00,21.73,12.01,0.0,0.0,74.8,14.68,15.07,15.38,0.43,
108,2025-12-16 04:00:00,20.52,9.91,0.0,0.0,77.75,14.16,14.32,14.48,0.37,
108,2025-12-16 05:00:00,24.14,11.14,0.0,0.0,81.38,13.6,13.79,13.99,0.3,
108,2025-12-16 06:00:00,19.31,9.37,0.0,0.0,85.3,12.85,13.08,13.34,0.22,
108,2025-12-16 07:00:00,19.31,9.6,23.69,0.0,86.99,12.74,12.81,12.92,0.2,
108,2025-12-16 08:00:00,26.55,11.11,160.12,0.0,83.8,13.24,13.76,14.38,0.26,
108,2025-12-16 09:00:00,30.18,16.96,473.34,0.0,77.7,14.19,14.96,15.71,0.38,
108,2025-12-16 10:00:00,27.76,13.91,635.21,0.0,70.19,16.38,17.04,17.73,0.58,
108,2025-12-16 11:00:00,28.97,15.1,846.22,0.0,62.96,18.14,19.28,20.22,0.83,
108,2025-12-16 12:00:00,25.35,13.69,972.12,0.0,56.47,20.95,21.71,22.39,1.13,
108,2025-12-16 13:00:00,25.35,10.95,1053.72,0.0,51.8,22.81,23.7,24.5,1.42,
108,2025-12-16 14:00:00,26.55,11.32,1082.23,0.0,47.73,24.78,25.74,26.29,1.73,
108,2025-12-16 15:00:00,25.35,13.4,1080.48,0.0,44.16,26.67,27.37,28.05,2.04,
108,2025-12-16 16:00:00,27.76,12.83,1025.64,0.0,40.13,28.11,28.83,29.37,2.38,
108,2025-12-16 17:00:00,25.35,11.15,923.87,0.0,37.86,29.37,29.78,30.04,2.61,
108,2025-12-16 18:00:00,21.73,10.92,775.59,0.0,36.74,30.22,30.33,30.43,2.73,
108,2025-12-16 19:00:00,21.73,10.5,547.04,0.0,39.5,29.84,29.99,30.25,2.57,
108,2025-12-16 20:00:00,19.31,9.73,351.39,0.0,41.94,28.33,29.06,29.49,2.34,
108,2025-12-16 21:00:00,16.9,8.39,137.31,0.0,47.56,24.88,26.32,27.71,1.8,
108,2025-12-16 22:00:00,13.28,6.88,0.0,0.0,53.71,23.32,23.61,24.05,1.35,
108,2025-12-16 23:00:00,24.14,9.39,0.0,0.0,59.38,21.95,22.51,23.02,1.11,
108,2025-12-17 00:00:00,27.76,14.06,0.0,0.0,66.07,20.1,20.87,21.63,0.84,
108,2025-12-17 01:00:00,30.18,12.66,0.0,0.0,70.03,18.45,19.1,19.72,0.67,
108,2025-12-17 02:00:00,20.52,9.26,0.0,0.0,73.77,17.37,17.77,18.05,0.53,
108,2025-12-17 03:00:00,13.28,5.27,0.0,0.0,76.8,15.99,16.51,16.97,0.44,
108,2025-12-17 04:00:00,6.04,2.49,0.0,0.0,82.0,14.41,14.83,15.34,0.31,
108,2025-12-17 05:00:00,6.04,2.27,0.0,0.0,84.6,13.82,13.95,14.19,0.25,
108,2025-12-17 06:00:00,6.04,1.75,0.0,0.0,85.02,13.36,13.73,13.99,0.24,
108,2025-12-17 07:00:00,8.45,2.88,42.55,0.0,85.8,13.24,13.59,14.1,0.22,
108,2025-12-17 08:00:00,16.9,7.14,222.85,0.0,80.02,14.58,15.25,15.75,0.35,
108,2025-12-17 09:00:00,19.31,9.08,374.2,0.0,75.71,16.24,16.59,17.13,0.46,
108,2025-12-17 10:00:00,18.11,6.55,613.28,0.0,72.91,17.35,17.6,17.86,0.55,
108,2025-12-17 11:00:00,13.28,6.25,831.74,0.0,70.71,18.14,18.66,19.73,0.63,
108,2025-12-17 12:00:00,18.11,6.11,946.68,0.0,67.62,19.98,20.28,20.83,0.77,
108,2025-12-17 13:00:00,15.69,6.31,1027.4,0.0,64.67,21.32,22.27,23.04,0.95,
108,2025-12-17 14:00:00,16.9,6.29,1064.25,0.0,60.1,23.32,24.09,24.8,1.2,
108,2025-12-17 15:00:00,20.52,8.0,1058.98,0.0,57.35,24.97,26.1,26.95,1.45,
108,2025-12-17 16:00:00,18.11,7.74,1015.55,0.0,50.01,27.35,27.7,28.01,1.86,
108,2025-12-17 17:00:00,26.55,10.26,925.18,0.0,39.37,28.23,28.61,28.98,2.38,
108,2025-12-17 18:00:00,22.93,10.49,708.47,0.0,34.09,28.97,29.16,29.26,2.67,
108,2025-12-17 19:00:00,20.52,9.84,568.97,0.0,32.01,28.78,29.14,29.28,2.75,
108,2025-12-17 20:00:00,16.9,8.57,368.93,0.0,35.85,26.84,27.66,28.53,2.38,
108,2025-12-17 21:00:00,18.11,9.55,107.48,0.0,44.02,24.07,25.26,26.29,1.81,
108,2025-12-17 22:00:00,25.35,10.91,0.0,0.0,50.38,22.56,23.28,23.76,1.42,
108,2025-12-17 23:00:00,16.9,7.86,0.0,0.0,58.38,20.38,20.91,21.94,1.03,
108,2025-12-18 00:00:00,15.69,7.44,0.0,0.0,61.17,19.5,19.96,20.38,0.91,
108,2025-12-18 01:00:00,13.28,5.64,0.0,0.0,68.65,16.87,18.17,19.35,0.66,
108,2025-12-18 02:00:00,9.66,3.55,0.0,0.0,75.58,15.97,16.54,17.07,0.46,
108,2025-12-18 03:00:00,8.45,4.56,0.0,0.0,78.36,15.07,15.5,15.77,0.38,
108,2025-12-18 04:00:00,13.28,6.07,0.0,0.0,81.53,14.57,14.79,14.87,0.31,
108,2025-12-18 05:00:00,12.07,4.52,0.0,0.0,83.72,13.62,14.35,14.78,0.27,
108,2025-12-18 06:00:00,8.45,2.48,0.0,0.0,87.44,13.34,13.57,13.79,0.2,
108,2025-12-18 07:00:00,8.45,3.32,24.57,0.0,89.69,12.83,12.98,13.12,0.16,
108,2025-12-18 08:00:00,22.93,6.9,110.11,0.0,88.31,13.52,14.05,14.42,0.19,
108,2025-12-18 09:00:00,16.9,7.21,226.36,0.0,84.02,14.78,15.0,15.23,0.27,
108,2025-12-18 10:00:00,12.07,3.73,635.21,0.0,78.34,15.66,16.4,16.9,0.41,
108,2025-12-18 11:00:00,12.07,4.44,810.25,0.0,70.74,17.82,18.56,19.48,0.63,
108,2025-12-18 12:00:00,14.48,4.23,940.98,0.0,64.3,19.92,21.0,21.87,0.89,
108,2025-12-18 13:00:00,12.07,4.86,1050.21,0.0,57.4,22.5,23.3,23.79,1.22,
108,2025-12-18 14:00:00,14.48,5.6,1078.72,0.0,51.42,24.59,25.28,25.77,1.57,
108,2025-12-18 15:00:00,14.48,5.42,1073.46,0.0,47.12,26.59,27.15,27.48,1.91,
108,2025-12-18 16:00:00,14.48,4.15,1034.85,0.0,41.75,28.4,28.84,29.25,2.31,
108,2025-12-18 17:00:00,15.69,3.94,908.95,0.0,37.03,29.4,29.97,30.3,2.67,
108,2025-12-18 18:00:00,10.86,3.55,762.43,0.0,34.95,30.5,30.69,30.84,2.87,
108,2025-12-18 19:00:00,10.86,2.55,582.13,0.0,37.8,30.71,31.14,32.04,2.82,
108,2025-12-18 20:00:00,22.93,9.96,326.82,0.0,39.18,27.55,28.63,30.07,2.39,
108,2025-12-18 21:00:00,19.31,8.9,121.52,0.0,45.56,24.11,25.53,26.94,1.79,
108,2025-12-18 22:00:00,12.07,6.34,1.32,0.0,53.27,21.45,22.41,23.45,1.27,
108,2025-12-18 23:00:00,9.66,4.5,0.0,0.0,58.52,19.0,20.04,21.02,0.97,
108,2025-12-19 00:00:00,4.83,0.42,0.0,0.0,68.23,17.09,17.74,18.73,0.65,
108,2025-12-19 01:00:00,3.62,0.6,0.0,0.0,74.06,15.42,15.96,16.6,0.47,
108,2025-12-19 02:00:00,2.41,0.02,0.0,0.0,78.66,14.24,14.72,15.17,0.36,
108,2025-12-19 03:00:00,0.0,0.0,0.0,0.0,79.43,13.51,13.83,14.13,0.33,
108,2025-12-19 04:00:00,0.0,0.0,0.0,0.0,83.67,13.07,13.37,13.51,0.25,
108,2025-12-19 05:00:00,0.0,0.0,0.0,0.0,85.35,12.77,12.85,12.99,0.22,
108,2025-12-19 06:00:00,0.0,0.0,0.0,0.0,85.53,12.6,12.89,13.16,0.22,
108,2025-12-19 07:00:00,4.83,0.08,19.74,0.0,85.08,12.75,12.89,13.07,0.22,
108,2025-12-19 08:00:00,10.86,4.97,242.15,0.0,82.41,13.64,14.55,15.3,0.3,
108,2025-12-19 09:00:00,15.69,8.15,432.98,0.0,76.46,15.72,16.41,17.13,0.44,
108,2025-12-19 10:00:00,13.28,6.23,620.74,0.0,70.16,17.89,18.46,18.77,0.64,
108,2025-12-19 11:00:00,15.69,6.11,794.02,0.0,63.63,19.7,20.62,21.7,0.89,
108,2025-12-19 12:00:00,14.48,7.03,964.66,0.0,58.99,21.77,22.5,23.22,1.12,
108,2025-12-19 13:00:00,16.9,5.6,1045.38,0.0,54.31,23.47,24.3,25.08,1.39,
108,2025-12-19 14:00:00,24.14,8.36,1074.77,0.0,51.45,25.02,25.49,25.77,1.59,
108,2025-12-19 15:00:00,21.73,10.76,1076.53,0.0,49.0,25.42,25.68,25.83,1.68,
108,2025-12-19 16:00:00,21.73,11.12,1023.45,0.0,46.31,25.97,26.04,26.08,1.81,
108,2025-12-19 17:00:00,26.55,11.69,917.73,0.0,46.0,26.14,26.43,26.77,1.86,
108,2025-12-19 18:00:00,22.93,12.19,800.6,0.0,45.09,25.09,25.94,26.87,1.85,
108,2025-12-19 19:00:00,25.35,13.61,554.93,0.0,48.57,23.47,24.28,25.09,1.57,
108,2025-12-19 20:00:00,26.55,13.35,381.65,0.0,51.98,21.69,22.49,23.12,1.31,
108,2025-12-19 21:00:00,22.93,11.78,161.0,0.0,61.41,18.54,19.71,20.8,0.89,
108,2025-12-19 22:00:00,20.52,9.14,7.02,0.0,69.7,16.27,17.13,17.86,0.59,
108,2025-12-19 23:00:00,12.07,3.46,0.0,0.0,77.84,14.1,14.9,15.65,0.38,
108,2025-12-20 00:00:00,6.04,1.36,0.0,0.0,83.17,13.01,13.28,13.54,0.26,
108,2025-12-20 01:00:00,3.62,0.14,0.0,0.0,85.62,12.19,12.6,12.86,0.21,
108,2025-12-20 02:00:00,0.0,0.0,0.0,0.0,87.04,11.49,12.01,12.46,0.18,
108,2025-12-20 03:00:00,6.04,1.06,0.0,0.0,89.22,11.05,11.3,11.49,0.15,
108,2025-12-20 04:00:00,3.62,0.57,0.0,0.0,90.41,11.44,11.52,11.56,0.13,
108,2025-12-20 05:00:00,2.41,0.24,0.0,0.0,90.24,11.19,11.23,11.27,0.13,
108,2025-12-20 06:00:00,0.0,0.0,0.0,0.0,89.49,9.88,10.4,10.98,0.13,
108,2025-12-20 07:00:00,0.0,0.0,55.27,0.0,89.97,9.99,10.22,10.48,0.12,
108,2025-12-20 08:00:00,6.04,0.94,181.61,0.0,89.67,11.22,12.49,13.5,0.15,
108,2025-12-20 09:00:00,7.24,2.08,132.04,0.0,86.2,13.93,14.17,14.42,0.23,
108,2025-12-20 10:00:00,12.07,5.16,188.63,0.0,82.85,14.72,15.13,15.52,0.3,
108,2025-12-20 11:00:00,14.48,7.32,482.11,0.0,77.02,15.77,16.43,17.2,0.43,
108,2025-12-20 12:00:00,19.31,7.86,627.32,0.0,67.69,17.8,17.96,18.17,0.66,
108,2025-12-20 13:00:00,25.35,9.54,423.77,0.0,68.67,17.82,18.29,18.73,0.66,
108,2025-12-20 14:00:00,22.93,10.23,418.07,0.0,69.32,18.38,18.51,18.67,0.66,
108,2025-12-20 15:00:00,26.55,10.12,609.77,0.0,71.57,18.61,18.8,19.05,0.62,
108,2025-12-20 16:00:00,24.14,10.52,634.77,0.0,67.84,18.42,19.56,20.22,0.74,
108,2025-12-20 17:00:00,25.35,12.42,583.01,0.0,62.78,20.06,20.46,20.66,0.9,
108,2025-12-20 18:00:00,24.14,11.76,395.69,0.0,60.95,20.07,20.38,20.63,0.94,
108,2025-12-20 19:00:00,19.31,8.92,160.12,0.0,60.85,19.97,19.99,20.01,0.92,
108,2025-12-20 20:00:00,16.9,7.57,150.47,0.0,60.36,19.38,19.74,19.94,0.91,
108,2025-12-20 21:00:00,15.69,4.86,70.19,0.0,62.77,18.21,18.71,19.24,0.8,
108,2025-12-20 22:00:00,9.66,3.31,0.0,0.0,66.49,17.55,17.74,17.99,0.68,
108,2025-12-20 23:00:00,15.69,6.05,0.0,0.0,67.77,17.11,17.36,17.58,0.64,
108,2025-12-21 00:00:00,10.86,2.29,0.0,0.0,71.85,16.2,16.62,16.96,0.54,
108,2025-12-21 01:00:00,3.62,0.35,0.0,0.0,75.26,15.71,15.88,16.11,0.45,
108,2025-12-21 02:00:00,4.83,0.59,0.0,0.0,75.89,15.48,15.66,15.85,0.43,
108,2025-12-21 03:00:00,9.66,1.81,0.0,0.0,75.81,15.48,15.53,15.61,0.43,
108,2025-12-21 04:00:00,12.07,2.4,0.0,0.0,76.21,15.25,15.43,15.55,0.42,
108,2025-12-21 05:00:00,1.21,0.0,0.0,0.0,78.88,14.92,14.98,15.06,0.36,
108,2025-12-21 06:00:00,6.04,0.83,0.0,0.0,79.91,14.78,14.84,14.9,0.34,
108,2025-12-21 07:00:00,3.62,0.42,34.66,0.0,80.33,14.64,14.77,15.03,0.33,
108,2025-12-21 08:00:00,6.04,0.77,76.77,0.0,78.39,14.97,15.34,15.59,0.38,
108,2025-12-21 09:00:00,7.24,2.6,468.51,0.0,69.84,16.7,17.29,17.75,0.6,
108,2025-12-21 10:00:00,9.66,1.87,587.4,0.0,64.92,18.1,18.48,18.89,0.75,
108,2025-12-21 11:00:00,13.28,4.48,871.22,0.0,61.29,18.65,19.59,20.24,0.89,
108,2025-12-21 12:00:00,14.48,5.9,942.29,0.0,61.01,20.59,20.74,20.91,0.96,
108,2025-12-21 13:00:00,15.69,6.31,1273.06,0.0,60.32,21.02,21.48,21.8,1.02,
108,2025-12-21 14:00:00,19.31,6.43,1428.79,0.0,60.09,21.07,21.8,22.28,1.05,
108,2025-12-21 15:00:00,20.52,8.01,1150.23,0.0,58.49,21.98,22.76,23.14,1.15,
108,2025-12-21 16:00:00,15.69,6.16,1384.48,0.0,54.76,22.77,23.67,24.36,1.33,
108,2025-12-21 17:00:00,14.48,4.75,1229.19,0.0,53.49,23.63,24.04,24.88,1.39,
108,2025-12-21 18:00:00,18.11,7.8,844.46,0.0,52.76,23.52,24.0,24.63,1.41,
108,2025-12-21 19:00:00,24.14,6.43,171.53,0.0,55.99,22.46,23.1,23.81,1.25,
108,2025-12-21 20:00:00,22.93,13.5,187.32,0.0,61.6,21.87,22.07,22.33,1.02,
108,2025-12-21 21:00:00,19.31,9.34,123.71,0.0,63.6,20.11,20.89,21.66,0.9,
108,2025-12-21 22:00:00,13.28,5.64,13.16,0.0,70.0,18.42,18.78,19.35,0.65,
108,2025-12-21 23:00:00,14.48,5.48,0.0,0.0,70.99,16.24,17.17,18.12,0.57,
108,2025-12-22 00:00:00,6.04,2.57,0.0,0.0,78.06,14.38,15.0,15.85,0.38,
108,2025-12-22 01:00:00,4.83,0.56,0.0,0.0,81.88,12.96,13.47,14.0,0.28,
108,2025-12-22 02:00:00,0.0,0.0,0.0,0.0,85.2,11.8,12.21,12.72,0.21,
108,2025-12-22 03:00:00,4.83,1.1,0.0,0.0,88.01,11.25,11.49,11.72,0.17,
108,2025-12-22 04:00:00,4.83,0.59,0.0,0.0,89.58,10.73,10.95,11.12,0.14,
108,2025-12-22 05:00:00,2.41,0.15,0.0,0.0,90.5,9.99,10.22,10.46,0.12,
108,2025-12-22 06:00:00,0.0,0.0,0.0,0.0,91.21,9.32,9.74,9.94,0.11,
108,2025-12-22 07:00:00,0.0,0.0,19.3,0.0,91.15,8.89,9.26,9.78,0.1,
108,2025-12-22 08:00:00,8.45,2.05,228.55,0.0,87.54,10.75,11.69,12.71,0.17,
108,2025-12-22 09:00:00,12.07,5.96,422.45,0.0,78.77,13.4,14.05,14.55,0.34,
108,2025-12-22 10:00:00,12.07,2.7,610.65,0.0,73.44,15.06,15.92,16.51,0.48,
108,2025-12-22 11:00:00,14.48,4.82,823.85,0.0,67.86,16.87,18.15,19.31,0.67,
108,2025-12-22 12:00:00,20.52,7.91,954.14,0.0,62.47,19.81,20.23,20.74,0.89,
108,2025-12-22 13:00:00,16.9,7.69,1039.24,0.0,55.61,21.12,21.65,22.0,1.15,
108,2025-12-22 14:00:00,19.31,8.21,1071.7,0.0,51.53,22.38,22.92,23.42,1.36,
108,2025-12-22 15:00:00,15.69,4.2,1074.33,0.0,47.2,23.73,24.59,25.15,1.63,
108,2025-12-22 16:00:00,18.11,5.25,1028.27,0.0,41.57,25.4,25.66,25.86,1.93,
108,2025-12-22 17:00:00,14.48,4.5,917.29,0.0,41.02,26.39,26.84,27.25,2.08,
108,2025-12-22 18:00:00,14.48,4.0,794.46,0.0,39.86,26.42,26.9,27.42,2.13,
108,2025-12-22 19:00:00,18.11,6.49,532.56,0.0,41.39,25.36,26.45,26.91,2.03,
108,2025-12-22 20:00:00,20.52,11.71,357.97,0.0,42.25,23.6,24.34,25.12,1.76,
108,2025-12-22 21:00:00,16.9,7.51,153.1,0.0,46.31,20.81,21.79,22.8,1.41,
108,2025-12-22 22:00:00,14.48,7.08,0.0,0.0,53.96,18.25,18.95,19.72,1.01,
108,2025-12-22 23:00:00,9.66,4.06,0.0,0.0,65.33,15.04,16.16,17.18,0.64,
108,2025-12-23 00:00:00,4.83,1.24,0.0,0.0,74.78,13.23,13.9,14.48,0.4,
108,2025-12-23 01:00:00,6.04,2.79,0.0,0.0,80.3,12.36,12.54,12.75,0.29,
108,2025-12-23 02:00:00,4.83,1.73,0.0,0.0,85.18,10.97,11.35,11.65,0.2,
108,2025-12-23 03:00:00,4.83,0.74,0.0,0.0,87.48,10.46,10.72,10.85,0.16,
108,2025-12-23 04:00:00,2.41,0.14,0.0,0.0,89.0,10.02,10.05,10.07,0.13,
108,2025-12-23 05:00:00,4.83,1.0,0.0,0.0,89.92,9.29,9.39,9.58,0.12,
108,2025-12-23 06:00:00,3.62,0.45,0.0,0.0,90.25,8.78,9.01,9.15,0.11,
108,2025-12-23 07:00:00,0.0,0.0,38.6,0.0,90.47,8.73,8.95,9.18,0.11,
108,2025-12-23 08:00:00,4.83,0.09,169.33,0.0,89.88,10.35,11.03,11.99,0.13,
108,2025-12-23 09:00:00,18.11,5.42,523.35,0.0,83.55,12.7,13.92,15.2,0.27,
108,2025-12-23 10:00:00,15.69,7.52,593.54,0.0,76.19,15.69,16.69,17.42,0.46,
108,2025-12-23 11:00:00,20.52,9.89,814.63,0.0,68.05,18.04,18.88,19.67,0.7,
108,2025-12-23 12:00:00,20.52,9.45,942.29,0.0,60.18,20.22,21.39,22.91,1.02,
108,2025-12-23 13:00:00,21.73,9.21,1026.96,0.0,55.15,23.33,23.6,24.02,1.31,
108,2025-12-23 14:00:00,16.9,8.98,1068.19,0.0,51.12,24.19,24.72,25.39,1.53,
108,2025-12-23 15:00:00,16.9,7.97,1065.12,0.0,42.04,25.43,25.88,26.25,1.94,
108,2025-12-23 16:00:00,16.9,7.76,1017.74,0.0,42.1,26.36,26.92,27.45,2.05,
108,2025-12-23 17:00:00,18.11,6.87,887.46,0.0,43.53,27.25,27.46,27.73,2.07,
108,2025-12-23 18:00:00,16.9,7.92,693.12,0.0,45.93,27.88,27.9,27.92,2.03,
108,2025-12-23 19:00:00,18.11,8.12,564.15,0.0,44.56,27.76,27.86,27.96,2.08,
108,2025-12-23 20:00:00,19.31,9.78,326.82,0.0,47.01,26.22,26.97,27.71,1.89,
108,2025-12-23 21:00:00,28.97,12.74,112.3,0.0,55.03,22.6,23.86,25.19,1.34,
108,2025-12-23 22:00:00,19.31,9.17,0.0,0.0,61.15,19.79,20.96,22.11,0.97,
108,2025-12-23 23:00:00,13.28,5.78,0.0,0.0,67.13,17.5,18.59,19.36,0.71,
108,2025-12-24 00:00:00,4.83,2.45,0.0,0.0,75.18,15.16,16.14,16.89,0.46,
108,2025-12-24 01:00:00,3.62,1.4,0.0,0.0,79.14,14.13,14.75,15.37,0.35,
108,2025-12-24 02:00:00,4.83,0.92,0.0,0.0,81.4,13.23,13.57,13.99,0.29,
108,2025-12-24 03:00:00,14.48,3.71,0.0,0.0,81.17,13.03,13.32,13.77,0.29,
108,2025-12-24 04:00:00,20.52,8.58,0.0,0.0,73.63,13.85,14.1,14.35,0.42,
108,2025-12-24 05:00:00,19.31,9.73,0.0,0.0,68.47,13.32,13.58,13.75,0.49,
108,2025-12-24 06:00:00,15.69,7.53,0.0,0.0,69.74,12.33,12.65,13.07,0.45,
108,2025-12-24 07:00:00,7.24,2.05,21.93,0.0,76.46,11.01,11.27,11.78,0.32,
108,2025-12-24 08:00:00,19.31,7.08,191.7,0.0,72.59,11.78,12.47,12.96,0.4,
108,2025-12-24 09:00:00,20.52,11.06,390.43,0.0,68.72,13.38,14.22,15.04,0.51,
108,2025-12-24 10:00:00,24.14,13.31,631.7,0.0,63.46,15.75,16.64,17.45,0.69,
108,2025-12-24 11:00:00,26.55,13.79,802.79,0.0,58.37,17.84,18.77,19.66,0.91,
108,2025-12-24 12:00:00,24.14,13.26,942.73,0.0,52.6,20.52,21.53,22.39,1.22,
108,2025-12-24 13:00:00,28.97,14.29,1051.96,0.0,46.1,22.63,23.84,24.57,1.6,
108,2025-12-24 14:00:00,31.38,16.57,1080.48,0.0,42.8,25.28,25.68,26.35,1.89,
108,2025-12-24 15:00:00,32.59,18.44,1083.11,0.0,38.55,26.41,26.67,27.08,2.15,
108,2025-12-24 16:00:00,36.21,18.32,1047.14,0.0,36.28,27.12,27.44,27.91,2.33,
108,2025-12-24 17:00:00,36.21,18.39,930.89,0.0,35.47,27.5,27.81,28.11,2.41,
108,2025-12-24 18:00:00,36.21,18.12,778.22,0.0,36.13,27.39,27.71,27.91,2.38,
108,2025-12-24 19:00:00,33.8,17.49,601.87,0.0,35.47,27.0,27.18,27.36,2.33,
108,2025-12-24 20:00:00,30.18,15.21,357.09,0.0,37.67,25.77,26.19,26.53,2.12,
108,2025-12-24 21:00:00,22.93,11.45,146.08,0.0,40.88,23.05,24.07,25.05,1.78,
108,2025-12-24 22:00:00,14.48,6.75,13.16,0.0,51.11,19.8,21.06,22.36,1.23,
108,2025-12-24 23:00:00,18.11,7.08,0.0,0.0,55.82,19.02,19.74,20.17,1.02,
108,2025-12-25 00:00:00,16.9,8.9,0.0,0.0,56.98,19.32,19.87,20.26,1.0,
108,2025-12-25 01:00:00,13.28,4.36,0.0,0.0,68.38,15.33,16.88,18.91,0.62,
108,2025-12-25 02:00:00,8.45,3.91,0.0,0.0,76.81,14.52,14.69,14.87,0.39,
108,2025-12-25 03:00:00,14.48,4.26,0.0,0.0,76.73,13.95,14.98,15.85,0.4,
108,2025-12-25 04:00:00,14.48,4.87,0.0,0.0,81.99,13.37,13.81,14.07,0.28,
108,2025-12-25 05:00:00,21.73,5.34,0.0,0.0,83.93,12.95,13.31,13.82,0.25,
108,2025-12-25 06:00:00,24.14,9.9,0.0,0.0,83.62,12.05,12.51,12.98,0.24,
108,2025-12-25 07:00:00,16.9,7.15,17.11,0.0,86.1,11.36,11.42,11.46,0.19,
108,2025-12-25 08:00:00,28.97,12.66,238.64,0.0,82.02,11.77,12.18,12.67,0.26,
108,2025-12-25 09:00:00,25.35,12.93,433.42,0.0,76.73,13.07,13.52,14.2,0.36,
108,2025-12-25 10:00:00,22.93,13.43,625.56,0.0,70.7,14.64,15.43,16.51,0.52,
108,2025-12-25 11:00:00,26.55,12.03,841.83,0.0,64.12,16.96,17.9,18.93,0.74,
108,2025-12-25 12:00:00,25.35,12.62,973.44,0.0,59.43,19.44,20.43,21.85,0.98,
108,2025-12-25 13:00:00,30.18,14.83,1054.16,0.0,50.33,22.14,23.33,24.39,1.43,
108,2025-12-25 14:00:00,30.18,16.69,1083.99,0.0,44.76,24.77,25.52,26.09,1.81,
108,2025-12-25 15:00:00,35.0,16.48,1087.06,0.0,40.03,26.54,27.05,27.45,2.15,
108,2025-12-25 16:00:00,31.38,16.11,1035.73,0.0,38.66,28.08,28.36,28.73,2.37,
108,2025-12-25 17:00:00,30.18,16.75,933.52,0.0,39.92,28.1,28.74,29.04,2.37,
108,2025-12-25 18:00:00,31.38,16.01,790.07,0.0,36.63,29.54,29.6,29.68,2.63,
108,2025-12-25 19:00:00,32.59,17.02,571.6,0.0,36.22,29.31,29.45,29.64,2.62,
108,2025-12-25 20:00:00,31.38,14.24,377.27,0.0,36.43,28.11,28.64,29.01,2.5,
108,2025-12-25 21:00:00,24.14,9.46,166.7,0.0,42.48,24.3,25.88,27.48,1.93,
108,2025-12-25 22:00:00,13.28,4.23,0.0,0.0,52.22,20.64,22.13,23.83,1.29,
108,2025-12-25 23:00:00,6.04,0.88,0.0,0.0,64.3,18.22,18.64,19.14,0.77,
108,2025-12-26 00:00:00,4.83,1.45,0.0,0.0,71.17,15.72,16.55,17.14,0.55,
108,2025-12-26 01:00:00,9.66,4.56,0.0,0.0,69.96,15.07,16.13,17.14,0.56,
108,2025-12-26 02:00:00,7.24,1.96,0.0,0.0,69.43,15.36,16.08,17.25,0.56,
108,2025-12-26 03:00:00,2.41,0.05,0.0,0.0,75.62,13.37,14.0,14.86,0.39,
108,2025-12-26 04:00:00,8.45,2.11,0.0,0.0,77.05,13.09,14.0,14.65,0.37,
108,2025-12-26 05:00:00,4.83,1.21,0.0,0.0,80.72,12.55,13.39,14.14,0.3,
108,2025-12-26 06:00:00,6.04,0.84,0.0,0.0,83.76,12.25,12.36,12.58,0.24,
108,2025-12-26 07:00:00,2.41,0.08,13.16,0.0,85.31,11.54,11.86,12.08,0.21,
108,2025-12-26 08:00:00,10.86,1.8,212.76,0.0,82.95,12.2,13.79,15.34,0.27,
108,2025-12-26 09:00:00,9.66,2.64,410.61,0.0,73.74,15.62,16.3,16.85,0.49,
108,2025-12-26 10:00:00,9.66,3.26,640.48,0.0,68.63,17.16,17.95,18.58,0.65,
108,2025-12-26 11:00:00,13.28,4.51,804.54,0.0,62.2,19.2,20.08,20.93,0.89,
108,2025-12-26 12:00:00,15.69,7.11,938.34,0.0,56.46,21.38,22.43,22.95,1.18,
108,2025-12-26 13:00:00,20.52,8.62,1037.49,0.0,52.17,23.61,24.1,24.34,1.44,
108,2025-12-26 14:00:00,14.48,6.64,1062.93,0.0,48.94,25.32,25.53,25.84,1.67,
108,2025-12-26 15:00:00,15.69,5.33,1060.3,0.0,44.19,26.6,26.84,27.28,1.97,
108,2025-12-26 16:00:00,14.48,4.78,1016.87,0.0,40.6,27.8,27.95,28.26,2.24,
108,2025-12-26 17:00:00,14.48,5.92,920.36,0.0,39.9,28.02,28.64,28.9,2.36,
108,2025-12-26 18:00:00,15.69,3.56,144.77,0.0,45.45,27.36,27.87,28.35,2.05,
108,2025-12-26 19:00:00,27.76,8.07,596.17,0.0,46.44,26.76,27.02,27.29,1.91,
108,2025-12-26 20:00:00,24.14,11.71,382.97,0.0,43.41,25.37,26.13,26.64,1.92,
108,2025-12-26 21:00:00,24.14,10.62,115.37,0.0,48.82,21.84,23.21,24.43,1.46,
108,2025-12-26 22:00:00,20.52,8.69,0.0,0.0,52.77,19.62,20.44,21.31,1.14,
108,2025-12-26 23:00:00,13.28,6.28,0.0,0.0,59.02,17.28,18.08,18.91,0.85,
108,2025-12-27 00:00:00,4.83,1.68,0.0,0.0,69.92,14.55,15.7,16.86,0.54,
108,2025-12-27 01:00:00,4.83,1.03,0.0,0.0,78.37,13.5,13.88,14.44,0.35,
108,2025-12-27 02:00:00,7.24,1.71,0.0,0.0,80.5,12.88,13.07,13.34,0.29,
108,2025-12-27 03:00:00,4.83,1.24,0.0,0.0,83.94,11.78,12.11,12.6,0.23,
108,2025-12-27 04:00:00,4.83,0.77,0.0,0.0,85.68,11.7,11.91,12.08,0.2,
108,2025-12-27 05:00:00,6.04,2.02,0.0,0.0,85.97,11.37,11.84,12.15,0.2,
108,2025-12-27 06:00:00,6.04,1.68,0.0,0.0,86.58,11.61,11.7,11.82,0.19,
108,2025-12-27 07:00:00,7.24,2.04,20.18,0.0,86.95,11.29,11.47,11.56,0.18,
108,2025-12-27 08:00:00,16.9,7.97,186.44,0.0,82.12,11.99,12.82,13.69,0.27,
108,2025-12-27 09:00:00,22.93,11.09,386.04,0.0,75.29,14.13,14.93,15.75,0.42,
108,2025-12-27 10:00:00,19.31,11.24,622.93,0.0,69.83,16.37,16.81,17.64,0.58,
108,2025-12-27 11:00:00,18.11,9.36,794.89,0.0,65.07,18.39,19.13,19.94,0.78,
108,2025-12-27 12:00:00,20.52,9.79,938.78,0.0,58.71,20.83,21.83,22.69,1.08,
108,2025-12-27 13:00:00,20.52,9.34,1052.4,0.0,55.01,22.44,23.37,23.94,1.3,
108,2025-12-27 14:00:00,21.73,10.73,1083.55,0.0,50.47,24.69,25.26,26.12,1.6,
108,2025-12-27 15:00:00,18.11,9.55,1090.13,0.0,41.04,26.49,26.89,27.42,2.09,
108,2025-12-27 16:00:00,19.31,9.28,1051.96,0.0,37.23,27.45,27.95,28.28,2.37,
108,2025-12-27 17:00:00,20.52,9.4,930.01,0.0,32.88,28.28,28.83,29.39,2.66,
108,2025-12-27 18:00:00,20.52,9.81,785.68,0.0,33.65,28.91,29.07,29.19,2.67,
108,2025-12-27 19:00:00,18.11,9.85,608.01,0.0,30.68,29.04,29.13,29.18,2.8,
108,2025-12-27 20:00:00,19.31,8.18,362.35,0.0,32.57,27.78,28.44,28.97,2.62,
108,2025-12-27 21:00:00,10.86,4.74,148.71,0.0,42.51,22.1,25.0,27.02,1.85,
108,2025-12-27 22:00:00,6.04,3.76,0.0,0.0,53.88,19.44,20.58,21.43,1.12,
108,2025-12-27 23:00:00,9.66,5.07,0.0,0.0,55.2,18.87,19.54,19.87,1.02,
108,2025-12-28 00:00:00,6.04,3.47,0.0,0.0,62.21,17.04,17.7,18.12,0.77,
108,2025-12-28 01:00:00,6.04,1.42,0.0,0.0,72.32,14.33,15.09,15.69,0.48,
108,2025-12-28 02:00:00,8.45,3.52,0.0,0.0,71.58,14.58,15.15,15.61,0.49,
108,2025-12-28 03:00:00,6.04,0.3,0.0,0.0,73.05,14.51,14.75,15.1,0.46,
108,2025-12-28 04:00:00,8.45,2.96,0.0,0.0,80.27,13.05,13.39,13.78,0.31,
108,2025-12-28 05:00:00,7.24,2.81,0.0,0.0,83.19,12.81,13.21,13.36,0.26,
108,2025-12-28 06:00:00,3.62,0.36,0.0,0.0,85.72,11.33,11.92,12.27,0.2,
108,2025-12-28 07:00:00,3.62,0.15,15.35,0.0,87.83,10.57,10.93,11.2,0.16,
108,2025-12-28 08:00:00,10.86,2.1,227.24,0.0,84.87,11.87,12.85,13.92,0.23,
108,2025-12-28 09:00:00,14.48,7.67,422.89,0.0,76.06,14.65,15.11,15.59,0.41,
108,2025-12-28 10:00:00,13.28,4.8,612.84,0.0,71.59,16.39,16.87,17.22,0.55,
108,2025-12-28 11:00:00,10.86,4.54,789.19,0.0,66.8,17.89,18.79,19.76,0.72,
108,2025-12-28 12:00:00,12.07,4.36,962.91,0.0,59.17,20.76,21.7,22.55,1.06,
108,2025-12-28 13:00:00,10.86,3.14,1055.91,0.0,50.58,23.52,24.36,25.84,1.52,
108,2025-12-28 14:00:00,12.07,4.54,1088.81,0.0,42.69,26.39,27.25,28.14,2.08,
108,2025-12-28 15:00:00,13.28,4.09,1091.44,0.0,36.04,28.12,28.81,29.5,2.54,
108,2025-12-28 16:00:00,13.28,3.83,1046.7,0.0,32.17,29.61,30.34,30.64,2.94,
108,2025-12-28 17:00:00,13.28,5.04,945.36,0.0,26.89,30.89,31.49,31.88,3.38,
108,2025-12-28 18:00:00,16.9,7.3,806.3,0.0,25.53,31.54,31.81,32.03,3.51,
108,2025-12-28 19:00:00,14.48,6.45,585.2,0.0,25.33,31.6,31.81,32.07,3.51,
108,2025-12-28 20:00:00,13.28,6.11,382.53,0.0,27.76,30.7,31.21,31.76,3.28,
108,2025-12-28 21:00:00,10.86,4.11,165.82,0.0,42.39,24.28,27.08,30.18,2.14,
108,2025-12-28 22:00:00,6.04,2.45,0.0,0.0,59.8,20.06,21.45,22.91,1.04,
108,2025-12-28 23:00:00,6.04,2.61,0.0,0.0,66.1,18.34,19.06,19.73,0.75,
108,2025-12-29 00:00:00,4.83,0.94,0.0,0.0,68.86,16.9,17.52,18.12,0.63,
108,2025-12-29 01:00:00,3.62,1.37,0.0,0.0,69.49,16.19,16.42,16.66,0.57,
108,2025-12-29 02:00:00,0.0,0.0,0.0,0.0,75.46,14.96,15.34,16.03,0.43,
108,2025-12-29 03:00:00,4.83,1.63,0.0,0.0,76.78,14.14,14.76,15.29,0.39,
108,2025-12-29 04:00:00,3.62,0.67,0.0,0.0,82.6,12.99,13.3,13.65,0.27,
108,2025-12-29 05:00:00,4.83,0.83,0.0,0.0,87.24,12.48,12.66,12.86,0.19,
108,2025-12-29 06:00:00,4.83,1.3,0.0,0.0,88.47,12.81,13.29,13.71,0.18,
108,2025-12-29 07:00:00,6.04,1.8,25.88,0.0,87.88,12.7,13.22,13.47,0.18,
108,2025-12-29 08:00:00,9.66,1.39,208.81,0.0,84.31,13.91,15.03,16.11,0.27,
108,2025-12-29 09:00:00,12.07,6.4,408.41,0.0,76.44,16.44,17.11,17.87,0.46,
108,2025-12-29 10:00:00,13.28,4.47,601.0,0.0,70.21,18.34,18.78,19.32,0.65,
108,2025-12-29 11:00:00,12.07,4.12,820.34,0.0,64.41,20.01,21.06,21.81,0.89,
108,2025-12-29 12:00:00,10.86,3.89,959.4,0.0,56.41,22.8,23.55,24.87,1.27,
108,2025-12-29 13:00:00,15.69,5.52,1052.4,0.0,50.74,24.53,25.71,26.56,1.63,
108,2025-12-29 14:00:00,15.69,7.3,1096.27,0.0,44.1,27.55,28.47,29.45,2.18,
108,2025-12-29 15:00:00,16.9,8.15,1096.27,0.0,34.96,29.65,30.23,30.88,2.8,
108,2025-12-29 16:00:00,18.11,7.75,1051.08,0.0,33.95,30.88,31.47,32.08,3.05,
108,2025-12-29 17:00:00,19.31,8.56,949.31,0.0,29.94,32.21,32.26,32.38,3.38,
108,2025-12-29 18:00:00,16.9,8.63,779.1,0.0,24.59,31.92,32.35,32.6,3.66,
108,2025-12-29 19:00:00,16.9,8.16,595.29,0.0,23.85,31.85,32.28,32.73,3.68,
108,2025-12-29 20:00:00,21.73,10.46,346.12,0.0,29.34,29.88,30.9,31.51,3.16,
108,2025-12-29 21:00:00,15.69,6.82,127.66,0.0,36.14,25.26,27.51,29.18,2.37,
108,2025-12-29 22:00:00,7.24,4.03,0.0,0.0,47.52,21.76,22.96,24.19,1.48,
108,2025-12-29 23:00:00,7.24,3.94,0.0,0.0,51.77,20.71,21.07,21.45,1.21,
108,2025-12-30 00:00:00,9.66,3.24,0.0,0.0,57.01,19.07,19.5,19.91,0.98,
108,2025-12-30 01:00:00,13.28,4.84,0.0,0.0,61.91,18.39,19.01,19.53,0.84,
108,2025-12-30 02:00:00,4.83,1.3,0.0,0.0,66.78,16.72,17.68,18.73,0.68,
108,2025-12-30 03:00:00,9.66,4.35,0.0,0.0,67.07,16.51,16.65,16.79,0.63,
108,2025-12-30 04:00:00,12.07,3.24,0.0,0.0,68.43,16.09,16.5,17.04,0.6,
108,2025-12-30 05:00:00,7.24,2.38,0.0,0.0,74.8,13.91,14.77,15.45,0.43,
108,2025-12-30 06:00:00,6.04,1.34,0.0,0.0,78.92,12.42,12.95,13.26,0.31,
108,2025-12-30 07:00:00,6.04,1.56,18.86,0.0,81.67,11.81,11.94,12.17,0.26,
108,2025-12-30 08:00:00,16.9,5.36,192.14,0.0,73.14,12.81,14.14,15.23,0.44,
108,2025-12-30 09:00:00,16.9,9.54,393.5,0.0,68.37,15.62,16.21,16.75,0.59,
108,2025-12-30 10:00:00,13.28,7.03,629.51,0.0,64.48,17.46,18.04,18.69,0.74,
108,2025-12-30 11:00:00,14.48,5.72,804.98,0.0,61.33,19.53,20.04,20.77,0.91,
108,2025-12-30 12:00:00,15.69,5.52,944.92,0.0,54.7,21.48,22.8,23.94,1.27,
108,2025-12-30 13:00:00,18.11,8.18,1053.72,0.0,49.45,24.66,25.53,27.02,1.66,
108,2025-12-30 14:00:00,18.11,8.18,1085.74,0.0,42.87,26.81,28.02,28.77,2.17,
108,2025-12-30 15:00:00,18.11,7.7,1083.99,0.0,40.24,29.39,30.12,30.69,2.56,
108,2025-12-30 16:00:00,21.73,8.59,1053.28,0.0,34.36,30.71,31.48,31.81,3.03,
108,2025-12-30 17:00:00,22.93,10.83,927.81,0.0,30.61,31.9,32.14,32.39,3.33,
108,2025-12-30 18:00:00,24.14,11.56,790.51,0.0,30.72,31.81,31.98,32.1,3.29,
108,2025-12-30 19:00:00,22.93,12.22,607.14,0.0,31.28,31.4,31.66,31.88,3.21,
108,2025-12-30 20:00:00,21.73,10.25,414.56,0.0,33.93,29.74,30.66,31.33,2.92,
108,2025-12-30 21:00:00,19.31,7.97,146.96,0.0,41.43,26.56,27.82,28.88,2.2,
108,2025-12-30 22:00:00,15.69,7.5,12.72,0.0,52.04,24.81,24.99,25.12,1.52,
108,2025-12-30 23:00:00,22.93,9.7,0.0,0.0,55.89,23.9,24.57,25.18,1.36,
108,2025-12-31 00:00:00,14.48,5.92,0.0,0.0,61.91,22.26,22.87,23.59,1.07,
108,2025-12-31 01:00:00,15.69,6.28,0.0,0.0,68.47,20.6,21.32,21.91,0.8,
108,2025-12-31 02:00:00,12.07,5.31,0.0,0.0,73.99,19.31,19.69,19.97,0.6,
108,2025-12-31 03:00:00,8.45,3.73,0.0,0.0,78.81,17.86,18.2,18.79,0.44,
108,2025-12-31 04:00:00,8.45,3.41,0.0,0.0,82.81,16.73,17.06,17.49,0.33,
108,2025-12-31 05:00:00,9.66,3.38,0.0,0.0,85.33,15.92,16.15,16.44,0.27,
108,2025-12-31 06:00:00,4.83,1.66,0.0,0.0,87.45,14.72,15.15,15.54,0.22,
108,2025-12-31 07:00:00,3.62,1.04,14.48,0.0,89.64,14.41,14.48,14.54,0.17,
108,2025-12-31 08:00:00,14.48,3.95,160.56,0.0,88.62,14.85,15.82,16.67,0.21,
108,2025-12-31 09:00:00,14.48,6.83,412.36,0.0,82.36,17.01,17.78,18.58,0.36,
108,2025-12-31 10:00:00,12.07,4.33,601.43,0.0,76.88,18.7,19.25,19.9,0.52,
108,2025-12-31 11:00:00,9.66,2.6,777.35,0.0,69.21,20.93,21.37,21.93,0.79,
108,2025-12-31 12:00:00,9.66,3.15,954.57,0.0,61.32,22.46,23.61,24.49,1.13,
108,2025-12-31 13:00:00,10.86,3.23,1040.56,0.0,55.59,25.43,26.35,27.38,1.53,
108,2025-12-31 14:00:00,13.28,4.33,1080.92,0.0,50.55,27.63,28.37,29.19,1.91,
108,2025-12-31 15:00:00,14.48,3.13,1080.48,0.0,40.91,29.97,30.42,30.82,2.57,
108,2025-12-31 16:00:00,9.66,3.65,1034.85,0.0,36.12,30.87,31.54,32.28,2.96,
108,2025-12-31 17:00:00,10.86,4.0,949.31,0.0,28.07,32.78,33.05,33.38,3.63,
108,2025-12-31 18:00:00,12.07,3.59,803.23,0.0,27.56,32.77,33.96,34.52,3.86,
108,2025-12-31 19:00:00,12.07,3.45,571.17,0.0,27.51,33.45,34.05,34.72,3.87,
108,2025-12-31 20:00:00,9.66,1.9,366.74,0.0,26.42,33.42,33.82,34.22,3.88,
108,2025-12-31 21:00:00,12.07,2.6,153.98,0.0,45.83,27.05,29.7,33.44,2.3,
108,2025-12-31 22:00:00,12.07,6.32,7.9,0.0,51.33,24.75,25.45,26.16,1.59,
108,2025-12-31 23:00:00,10.86,4.71,0.0,0.0,58.3,20.98,22.83,24.16,1.17,
108,2026-01-01 00:00:00,7.24,1.16,0.0,0.0,67.48,19.91,20.17,20.59,0.77,
108,2026-01-01 01:00:00,1.21,0.0,0.0,0.0,73.1,18.01,18.85,19.56,0.59,
108,2026-01-01 02:00:00,0.0,0.0,0.0,0.0,79.07,16.35,17.08,17.68,0.41,
108,2026-01-01 03:00:00,2.41,0.14,0.0,0.0,82.03,16.07,16.23,16.48,0.33,
108,2026-01-01 04:00:00,2.41,0.32,0.0,0.0,83.01,15.75,16.09,16.26,0.31,
108,2026-01-01 05:00:00,4.83,1.36,0.0,0.0,83.84,15.55,15.73,15.89,0.29,
108,2026-01-01 06:00:00,3.62,1.06,0.0,0.0,84.94,14.23,14.89,15.47,0.26,
108,2026-01-01 07:00:00,6.04,1.63,10.53,0.0,86.01,14.13,14.4,14.54,0.23,
108,2026-01-01 08:00:00,10.86,2.41,196.97,0.0,81.8,14.67,15.86,17.01,0.33,
108,2026-01-01 09:00:00,13.28,6.93,393.06,0.0,70.97,17.61,18.32,18.9,0.61,
108,2026-01-01 10:00:00,12.07,5.63,628.19,0.0,66.1,19.14,19.84,20.47,0.79,
108,2026-01-01 11:00:00,13.28,4.47,800.16,0.0,61.94,20.79,21.69,22.62,0.99,
108,2026-01-01 12:00:00,10.86,5.01,938.34,0.0,57.79,23.06,23.87,24.41,1.25,
108,2026-01-01 13:00:00,10.86,4.27,1044.94,0.0,51.19,24.96,26.1,26.94,1.65,
108,2026-01-01 14:00:00,12.07,4.53,1071.7,0.0,49.23,27.59,28.37,29.26,1.97,
108,2026-01-01 15:00:00,13.28,3.0,1071.7,0.0,43.01,30.09,30.87,31.64,2.55,
108,2026-01-01 16:00:00,9.66,2.6,1032.66,0.0,36.84,31.98,32.56,33.12,3.1,
108,2026-01-01 17:00:00,12.07,2.6,939.66,0.0,31.56,33.56,34.25,35.07,3.7,
108,2026-01-01 18:00:00,7.24,2.29,709.79,0.0,31.88,34.06,34.52,34.82,3.73,
108,2026-01-01 19:00:00,21.73,8.39,571.6,0.0,38.01,31.95,32.94,34.96,3.13,
108,2026-01-01 20:00:00,19.31,10.73,376.83,0.0,41.5,29.19,30.32,31.63,2.53,
108,2026-01-01 21:00:00,19.31,9.08,115.81,0.0,46.36,25.77,27.1,28.42,1.93,
108,2026-01-01 22:00:00,16.9,7.55,0.0,0.0,57.46,22.21,23.31,24.47,1.22,
108,2026-01-01 23:00:00,6.04,0.76,0.0,0.0,66.88,19.79,20.55,21.04,0.81,
108,2026-01-02 00:00:00,4.83,1.09,0.0,0.0,76.37,17.77,18.52,19.22,0.51,
108,2026-01-02 01:00:00,4.83,0.63,0.0,0.0,82.47,16.77,17.06,17.5,0.34,
108,2026-01-02 02:00:00,1.21,0.0,0.0,0.0,82.83,16.19,16.49,16.85,0.33,
108,2026-01-02 03:00:00,0.0,0.0,0.0,0.0,85.04,15.23,15.49,15.87,0.26,
108,2026-01-02 04:00:00,0.0,0.0,0.0,0.0,86.9,14.28,14.51,14.95,0.22,
108,2026-01-02 05:00:00,4.83,0.6,0.0,0.0,86.98,13.77,13.83,13.89,0.21,
108,2026-01-02 06:00:00,6.04,0.3,0.0,0.0,85.4,13.45,13.72,13.99,0.23,
108,2026-01-02 07:00:00,3.62,0.21,18.42,0.0,84.57,12.68,12.97,13.26,0.23,
108,2026-01-02 08:00:00,6.04,0.32,175.03,0.0,76.96,13.57,14.59,15.75,0.39,
108,2026-01-02 09:00:00,15.69,7.36,376.39,0.0,60.58,16.35,17.08,17.76,0.77,
108,2026-01-02 10:00:00,12.07,5.58,614.6,0.0,56.37,18.03,18.62,19.27,0.94,
108,2026-01-02 11:00:00,10.86,3.99,788.31,0.0,53.58,19.48,20.33,21.18,1.11,
108,2026-01-02 12:00:00,13.28,3.76,930.01,0.0,51.09,21.95,22.56,23.22,1.34,
108,2026-01-02 13:00:00,12.07,4.38,1041.87,0.0,46.79,23.97,25.18,26.12,1.71,
108,2026-01-02 14:00:00,12.07,3.96,1073.9,0.0,42.6,26.66,27.54,28.73,2.12,
108,2026-01-02 15:00:00,15.69,3.74,1073.46,0.0,38.86,28.95,29.97,30.7,2.59,
108,2026-01-02 16:00:00,13.28,3.59,1041.43,0.0,33.82,31.36,31.74,32.25,3.1,
108,2026-01-02 17:00:00,18.11,4.57,912.9,0.0,34.18,31.91,32.43,33.01,3.21,
108,2026-01-02 18:00:00,26.55,11.5,614.16,0.0,43.55,28.95,30.12,31.92,2.43,
108,2026-01-02 19:00:00,27.76,15.53,525.54,0.0,49.22,26.95,27.74,28.49,1.89,
108,2026-01-02 20:00:00,27.76,14.59,339.98,0.0,53.09,24.71,25.75,26.59,1.56,
108,2026-01-02 21:00:00,20.52,11.04,132.48,0.0,61.03,21.73,23.0,24.19,1.1,
108,2026-01-02 22:00:00,18.11,8.72,14.04,0.0,69.35,19.64,20.39,21.19,0.74,
108,2026-01-02 23:00:00,13.28,2.43,0.0,0.0,75.64,17.53,18.3,19.08,0.52,
108,2026-01-03 00:00:00,3.62,0.12,0.0,0.0,78.29,17.09,17.26,17.48,0.43,
108,2026-01-03 01:00:00,1.21,0.0,0.0,0.0,79.39,16.28,16.57,16.9,0.39,
108,2026-01-03 02:00:00,2.41,0.05,0.0,0.0,83.51,14.33,15.15,16.01,0.29,
108,2026-01-03 03:00:00,1.21,0.0,0.0,0.0,88.18,13.78,14.05,14.22,0.19,
108,2026-01-03 04:00:00,0.0,0.0,0.0,0.0,89.64,13.54,13.57,13.61,0.16,
108,2026-01-03 05:00:00,0.0,0.0,0.0,0.0,90.17,12.99,13.13,13.48,0.15,
108,2026-01-03 06:00:00,0.0,0.0,0.0,0.0,90.16,12.47,12.66,12.96,0.15,
108,2026-01-03 07:00:00,0.0,0.0,14.04,0.0,90.4,11.91,12.06,12.17,0.14,
108,2026-01-03 08:00:00,0.0,0.0,198.28,0.0,89.25,12.81,14.18,15.18,0.18,
108,2026-01-03 09:00:00,4.83,0.58,395.25,0.0,81.8,16.23,16.84,17.48,0.35,
108,2026-01-03 10:00:00,6.04,1.3,579.94,0.0,75.75,18.11,18.61,19.48,0.52,
108,2026-01-03 11:00:00,13.28,3.91,752.78,0.0,70.58,19.83,20.53,20.97,0.71,
108,2026-01-03 12:00:00,13.28,4.84,922.55,0.0,68.31,21.57,22.24,22.77,0.85,
108,2026-01-03 13:00:00,14.48,5.75,1017.74,0.0,63.27,23.5,24.46,25.17,1.13,
108,2026-01-03 14:00:00,13.28,4.15,1050.21,0.0,56.84,25.43,26.34,26.95,1.48,
108,2026-01-03 15:00:00,13.28,5.04,1049.33,0.0,54.21,27.09,27.7,28.18,1.7,
108,2026-01-03 16:00:00,13.28,3.89,1004.15,0.0,52.6,28.18,29.1,29.47,1.91,
108,2026-01-03 17:00:00,14.48,4.45,905.0,0.0,49.84,29.68,30.13,30.52,2.15,
108,2026-01-03 18:00:00,26.55,6.91,763.75,0.0,50.85,28.38,29.87,30.66,2.08,
108,2026-01-03 19:00:00,26.55,13.73,592.22,0.0,54.89,27.12,27.39,27.9,1.65,
108,2026-01-03 20:00:00,24.14,12.51,350.95,0.0,57.97,24.85,25.73,26.71,1.39,
108,2026-01-03 21:00:00,19.31,10.64,147.84,0.0,63.39,22.03,23.09,24.15,1.04,
108,2026-01-03 22:00:00,15.69,6.16,0.0,0.0,68.94,19.9,20.67,21.49,0.76,
108,2026-01-03 23:00:00,15.69,5.72,0.0,0.0,74.58,17.9,18.57,19.22,0.55,
108,2026-01-04 00:00:00,6.04,0.95,0.0,0.0,79.72,16.51,17.07,17.68,0.4,
108,2026-01-04 01:00:00,6.04,1.04,0.0,0.0,84.35,15.73,15.96,16.37,0.29,
108,2026-01-04 02:00:00,4.83,0.53,0.0,0.0,84.67,15.21,15.5,15.72,0.27,
108,2026-01-04 03:00:00,4.83,0.68,0.0,0.0,85.91,14.51,14.97,15.25,0.24,
108,2026-01-04 04:00:00,3.62,0.15,0.0,0.0,87.9,14.02,14.29,14.51,0.2,
108,2026-01-04 05:00:00,0.0,0.0,0.0,0.0,88.76,13.47,13.69,13.85,0.18,
108,2026-01-04 06:00:00,0.0,0.0,0.0,0.0,88.84,12.98,13.2,13.52,0.17,
108,2026-01-04 07:00:00,1.21,0.0,8.34,0.0,89.89,12.6,12.79,12.88,0.15,
108,2026-01-04 08:00:00,1.21,0.0,159.68,0.0,89.03,12.98,14.09,14.99,0.18,
108,2026-01-04 09:00:00,8.45,1.03,355.77,0.0,83.23,15.38,16.33,17.14,0.32,
108,2026-01-04 10:00:00,13.28,3.77,384.73,0.0,78.35,17.01,17.56,17.83,0.44,
108,2026-01-04 11:00:00,16.9,6.41,912.02,0.0,75.48,18.14,18.76,19.27,0.53,
108,2026-01-04 12:00:00,20.52,9.91,945.36,0.0,72.48,19.42,20.09,20.54,0.65,
108,2026-01-04 13:00:00,22.93,10.47,987.04,0.0,69.62,21.0,21.48,21.95,0.78,
108,2026-01-04 14:00:00,24.14,12.3,1051.96,0.0,67.51,21.74,22.36,22.77,0.88,
108,2026-01-04 15:00:00,22.93,11.84,1044.07,0.0,65.38,23.01,23.2,23.38,0.99,
108,2026-01-04 16:00:00,24.14,11.53,993.18,0.0,63.43,23.42,23.62,23.81,1.07,
108,2026-01-04 17:00:00,21.73,10.44,899.74,0.0,61.12,24.02,24.27,24.5,1.18,
108,2026-01-04 18:00:00,20.52,9.54,690.49,0.0,59.35,24.36,24.57,24.71,1.26,
108,2026-01-04 19:00:00,20.52,10.17,550.11,0.0,61.1,24.09,24.18,24.32,1.17,
108,2026-01-04 20:00:00,16.9,7.56,357.97,0.0,64.02,22.57,22.98,23.81,1.01,
108,2026-01-04 21:00:00,18.11,9.32,177.23,0.0,65.19,20.39,21.29,22.33,0.89,
108,2026-01-04 22:00:00,16.9,9.08,0.0,0.0,70.5,18.8,19.35,19.73,0.66,
108,2026-01-04 23:00:00,15.69,6.82,0.0,0.0,74.47,17.21,17.5,17.99,0.51,
108,2026-01-05 00:00:00,15.69,6.81,0.0,0.0,75.85,16.75,16.88,17.04,0.47,
108,2026-01-05 01:00:00,13.28,6.59,0.0,0.0,76.23,16.76,16.78,16.82,0.46,
108,2026-01-05 02:00:00,10.86,3.32,0.0,0.0,77.75,16.65,16.71,16.75,0.42,
108,2026-01-05 03:00:00,6.04,1.4,0.0,0.0,78.95,16.65,16.69,16.73,0.4,
108,2026-01-05 04:00:00,4.83,0.62,0.0,0.0,79.3,16.67,16.73,16.83,0.4,
108,2026-01-05 05:00:00,6.04,1.52,0.0,0.0,79.61,16.62,16.65,16.67,0.39,
108,2026-01-05 06:00:00,9.66,2.02,0.0,0.0,78.07,16.56,16.61,16.66,0.42,
108,2026-01-05 07:00:00,8.45,3.11,7.9,0.0,78.41,16.35,16.41,16.44,0.4,
108,2026-01-05 08:00:00,9.66,3.86,27.2,0.0,79.81,16.14,16.23,16.28,0.37,
108,2026-01-05 09:00:00,7.24,2.34,79.4,0.0,85.39,15.21,15.62,16.04,0.26,
108,2026-01-05 10:00:00,8.45,3.2,250.49,0.0,89.78,15.29,15.65,15.92,0.18,
108,2026-01-05 11:00:00,8.45,2.23,454.91,0.0,80.59,16.37,17.29,18.34,0.39,
108,2026-01-05 12:00:00,8.45,1.43,500.1,0.0,73.22,18.52,18.68,19.0,0.58,
108,2026-01-05 13:00:00,9.66,4.04,560.64,0.0,70.34,19.29,19.81,20.5,0.69,
108,2026-01-05 14:00:00,16.9,6.99,586.96,0.0,67.81,20.24,20.75,21.18,0.79,
108,2026-01-05 15:00:00,19.31,8.38,565.02,0.0,66.33,21.39,21.57,21.77,0.87,
108,2026-01-05 16:00:00,18.11,7.86,371.56,0.0,68.6,20.94,21.16,21.55,0.79,
108,2026-01-05 17:00:00,15.69,6.75,308.83,0.0,68.52,20.97,21.39,21.83,0.81,
108,2026-01-05 18:00:00,13.28,6.08,246.1,0.0,66.33,21.36,21.47,21.69,0.86,
108,2026-01-05 19:00:00,13.28,6.38,268.47,0.0,65.49,21.33,21.49,21.71,0.89,
108,2026-01-05 20:00:00,16.9,7.91,349.63,0.0,67.21,20.63,21.06,21.39,0.82,
108,2026-01-05 21:00:00,13.28,5.96,53.96,0.0,71.97,19.17,19.8,20.25,0.65,
108,2026-01-05 22:00:00,8.45,3.32,0.0,0.0,75.85,18.89,18.97,19.05,0.53,
108,2026-01-05 23:00:00,6.04,0.72,0.0,0.0,78.41,18.15,18.4,18.65,0.46,
108,2026-01-06 00:00:00,8.45,2.51,0.0,0.0,77.43,16.0,16.94,17.84,0.44,
108,2026-01-06 01:00:00,6.04,1.24,0.0,0.0,81.15,15.14,15.37,15.59,0.33,
108,2026-01-06 02:00:00,4.83,0.71,0.0,0.0,82.76,15.25,15.34,15.41,0.3,
108,2026-01-06 03:00:00,6.04,1.37,0.0,0.0,84.99,14.35,14.62,14.97,0.25,
108,2026-01-06 04:00:00,3.62,0.8,0.0,0.0,85.21,13.78,13.91,14.0,0.24,
108,2026-01-06 05:00:00,7.24,2.9,0.0,0.0,83.47,14.3,14.47,14.68,0.27,
108,2026-01-06 06:00:00,7.24,2.36,0.0,0.0,83.94,13.78,14.05,14.42,0.26,
108,2026-01-06 07:00:00,7.24,1.39,10.97,0.0,87.54,12.7,12.93,13.2,0.18,
108,2026-01-06 08:00:00,6.04,1.33,135.99,0.0,86.58,12.96,13.95,15.02,0.22,
108,2026-01-06 09:00:00,10.86,5.3,384.73,0.0,76.59,15.45,16.23,16.86,0.44,
108,2026-01-06 10:00:00,14.48,6.88,574.24,0.0,69.78,17.48,18.29,19.1,0.64,
108,2026-01-06 11:00:00,15.69,6.05,789.19,0.0,66.78,19.52,20.34,21.05,0.79,
108,2026-01-06 12:00:00,18.11,5.46,964.66,0.0,60.34,21.11,21.79,22.15,1.04,
108,2026-01-06 13:00:00,14.48,5.6,1076.97,0.0,55.73,22.67,22.92,23.29,1.24,
108,2026-01-06 14:00:00,16.9,4.13,1098.02,0.0,51.36,23.98,24.45,24.85,1.49,
108,2026-01-06 15:00:00,18.11,5.81,1060.74,0.0,48.98,24.92,25.23,25.63,1.64,
108,2026-01-06 16:00:00,15.69,5.13,1016.87,0.0,44.97,26.15,26.33,26.46,1.89,
108,2026-01-06 17:00:00,16.9,5.92,923.87,0.0,41.24,27.01,27.27,27.53,2.13,
108,2026-01-06 18:00:00,19.31,5.91,781.29,0.0,39.9,27.48,27.86,28.53,2.26,
108,2026-01-06 19:00:00,14.48,5.8,558.0,0.0,35.19,27.46,27.97,28.23,2.45,
108,2026-01-06 20:00:00,14.48,4.97,370.25,0.0,40.25,26.31,26.95,27.33,2.13,
108,2026-01-06 21:00:00,6.04,2.4,168.89,0.0,50.28,21.46,23.82,25.52,1.49,
108,2026-01-06 22:00:00,8.45,1.73,4.39,0.0,64.25,19.63,19.94,20.7,0.84,
108,2026-01-06 23:00:00,9.66,3.68,0.0,0.0,69.49,17.64,18.98,20.26,0.68,
108,2026-01-07 00:00:00,4.83,2.29,0.0,0.0,76.8,16.96,17.39,17.9,0.46,
108,2026-01-07 01:00:00,4.83,0.32,0.0,0.0,79.48,15.72,16.39,16.96,0.39,
108,2026-01-07 02:00:00,0.0,0.0,0.0,0.0,82.88,14.82,15.1,15.48,0.3,
108,2026-01-07 03:00:00,4.83,1.16,0.0,0.0,83.26,13.97,14.45,14.74,0.28,
108,2026-01-07 04:00:00,4.83,2.01,0.0,0.0,86.46,13.05,13.39,13.55,0.21,
108,2026-01-07 05:00:00,4.83,0.8,0.0,0.0,88.05,12.83,12.9,13.03,0.18,
108,2026-01-07 06:00:00,3.62,0.77,0.0,0.0,89.5,12.67,12.94,13.15,0.16,
108,2026-01-07 07:00:00,0.0,0.0,17.55,0.0,88.88,12.44,12.7,12.95,0.16,
108,2026-01-07 08:00:00,1.21,0.0,174.16,0.0,86.83,12.72,14.56,16.03,0.22,
108,2026-01-07 09:00:00,10.86,4.36,370.25,0.0,77.28,16.56,17.19,17.65,0.45,
108,2026-01-07 10:00:00,9.66,2.64,605.38,0.0,73.32,18.12,18.59,19.2,0.57,
108,2026-01-07 11:00:00,8.45,2.78,777.79,0.0,67.97,19.97,20.65,21.39,0.78,
108,2026-01-07 12:00:00,9.66,2.29,915.09,0.0,61.44,22.36,23.58,25.05,1.13,
108,2026-01-07 13:00:00,13.28,5.37,1017.31,0.0,53.83,25.43,26.23,26.74,1.58,
108,2026-01-07 14:00:00,14.48,5.4,1062.49,0.0,46.3,27.42,28.31,28.98,2.07,
108,2026-01-07 15:00:00,18.11,6.26,1055.47,0.0,41.83,29.6,29.86,30.39,2.45,
108,2026-01-07 16:00:00,14.48,5.37,1018.62,0.0,38.02,30.52,31.04,31.59,2.79,
108,2026-01-07 17:00:00,14.48,5.95,923.87,0.0,38.24,31.7,31.95,32.19,2.93,
108,2026-01-07 18:00:00,18.11,6.26,683.03,0.0,36.5,32.04,32.32,32.57,3.07,
108,2026-01-07 19:00:00,22.93,10.93,561.51,0.0,37.61,30.63,30.82,30.99,2.78,
108,2026-01-07 20:00:00,21.73,10.58,373.32,0.0,38.23,28.84,29.59,30.19,2.56,
108,2026-01-07 21:00:00,16.9,7.21,174.16,0.0,47.61,24.49,26.34,28.14,1.82,
108,2026-01-07 22:00:00,9.66,1.77,0.0,0.0,62.51,20.79,22.25,23.52,1.02,
108,2026-01-07 23:00:00,6.04,2.34,0.0,0.0,68.31,19.11,19.75,20.28,0.73,
108,2026-01-08 00:00:00,7.24,1.39,0.0,0.0,73.4,17.61,18.29,18.7,0.56,
108,2026-01-08 01:00:00,3.62,0.23,0.0,0.0,75.92,16.72,17.0,17.13,0.47,
108,2026-01-08 02:00:00,4.83,0.27,0.0,0.0,81.77,15.37,15.83,16.47,0.33,
108,2026-01-08 03:00:00,3.62,0.09,0.0,0.0,83.06,15.21,15.47,15.9,0.3,
108,2026-01-08 04:00:00,1.21,0.0,0.0,0.0,85.1,14.48,14.84,15.24,0.25,
108,2026-01-08 05:00:00,2.41,0.15,0.0,0.0,85.56,14.19,14.43,14.67,0.24,
108,2026-01-08 06:00:00,4.83,0.21,0.0,0.0,87.05,14.42,14.57,14.71,0.22,
108,2026-01-08 07:00:00,3.62,0.29,11.84,0.0,87.96,14.74,15.01,15.3,0.21,
108,2026-01-08 08:00:00,7.24,0.89,79.4,0.0,88.14,15.33,15.73,16.07,0.21,
108,2026-01-08 09:00:00,7.24,2.33,211.01,0.0,85.58,16.31,16.83,17.44,0.28,
108,2026-01-08 10:00:00,10.86,2.05,464.13,0.0,77.71,17.83,18.78,19.32,0.49,
108,2026-01-08 11:00:00,10.86,2.02,704.53,0.0,69.98,20.18,21.04,21.87,0.75,
108,2026-01-08 12:00:00,13.28,3.79,855.87,0.0,63.99,22.31,22.72,23.66,1.0,
108,2026-01-08 13:00:00,8.45,2.55,994.49,0.0,56.29,24.02,24.29,24.46,1.33,
108,2026-01-08 14:00:00,12.07,3.92,1069.07,0.0,54.45,25.18,25.81,26.49,1.52,
108,2026-01-08 15:00:00,13.28,3.28,1117.76,0.0,51.08,26.15,26.94,27.87,1.74,
108,2026-01-08 16:00:00,14.48,4.86,923.43,0.0,49.84,27.53,28.03,28.46,1.9,
108,2026-01-08 17:00:00,13.28,4.74,918.16,0.0,48.39,28.3,28.94,29.61,2.07,
108,2026-01-08 18:00:00,15.69,7.12,448.77,0.0,54.14,27.25,27.52,27.74,1.68,
108,2026-01-08 19:00:00,16.9,7.23,164.51,0.0,57.61,26.38,26.6,26.9,1.48,
108,2026-01-08 20:00:00,15.69,7.39,136.43,0.0,58.44,25.91,26.18,26.49,1.41,
108,2026-01-08 21:00:00,15.69,6.64,90.37,0.0,60.21,22.9,24.29,25.7,1.21,
108,2026-01-08 22:00:00,14.48,6.04,6.58,0.0,67.5,21.14,21.63,22.14,0.84,
108,2026-01-08 23:00:00,7.24,2.01,0.0,0.0,73.82,19.14,19.91,20.57,0.61,
108,2026-01-09 00:00:00,6.04,2.49,0.0,0.0,77.83,17.66,18.27,18.87,0.47,
108,2026-01-09 01:00:00,4.83,1.61,0.0,0.0,81.78,16.38,16.92,17.32,0.35,
108,2026-01-09 02:00:00,3.62,0.05,0.0,0.0,85.03,15.99,16.17,16.34,0.28,
108,2026-01-09 03:00:00,8.45,2.01,0.0,0.0,87.32,15.37,15.54,15.77,0.22,
108,2026-01-09 04:00:00,8.45,2.52,0.0,0.0,87.99,15.03,15.29,15.51,0.21,
108,2026-01-09 05:00:00,13.28,3.73,0.0,0.0,89.11,14.99,15.04,15.1,0.19,
108,2026-01-09 06:00:00,9.66,4.14,0.0,0.0,89.51,14.48,14.73,14.97,0.18,
108,2026-01-09 07:00:00,9.66,4.41,8.34,0.0,90.76,14.31,14.37,14.45,0.15,
108,2026-01-09 08:00:00,16.9,7.27,118.01,0.0,88.36,14.62,15.17,15.82,0.2,
108,2026-01-09 09:00:00,18.11,9.31,356.21,0.0,82.46,16.19,17.05,17.92,0.34,
108,2026-01-09 10:00:00,19.31,9.91,544.84,0.0,73.04,18.52,19.64,20.45,0.62,
108,2026-01-09 11:00:00,18.11,8.62,721.2,0.0,64.21,21.26,22.26,23.3,0.97,
108,2026-01-09 12:00:00,15.69,6.64,901.49,0.0,58.07,24.07,24.8,25.36,1.32,
108,2026-01-09 13:00:00,16.9,6.55,987.48,0.0,50.06,26.01,26.45,27.11,1.73,
108,2026-01-09 14:00:00,16.9,6.43,1028.27,0.0,48.53,27.49,28.4,29.01,1.99,
108,2026-01-09 15:00:00,16.9,5.21,1027.4,0.0,44.65,29.73,30.23,30.92,2.38,
108,2026-01-09 16:00:00,16.9,5.61,988.79,0.0,41.3,30.87,31.22,31.56,2.67,
108,2026-01-09 17:00:00,14.48,6.21,894.04,0.0,38.88,31.78,32.42,32.94,2.98,
108,2026-01-09 18:00:00,16.9,4.21,757.61,0.0,33.76,33.02,33.43,34.28,3.42,
108,2026-01-09 19:00:00,14.48,3.99,543.97,0.0,37.69,32.81,33.12,33.41,3.16,
108,2026-01-09 20:00:00,16.9,6.91,344.37,0.0,33.91,30.84,31.6,32.22,3.07,
108,2026-01-09 21:00:00,12.07,5.4,156.17,0.0,41.96,25.25,27.4,29.16,2.13,
108,2026-01-09 22:00:00,8.45,4.62,6.14,0.0,50.63,22.19,23.38,24.84,1.43,
108,2026-01-09 23:00:00,6.04,1.75,0.0,0.0,60.11,19.76,20.43,21.38,0.96,
108,2026-01-10 00:00:00,4.83,0.6,0.0,0.0,70.25,17.73,18.22,18.91,0.62,
108,2026-01-10 01:00:00,1.21,0.0,0.0,0.0,76.32,16.26,16.84,17.58,0.46,
108,2026-01-10 02:00:00,3.62,0.33,0.0,0.0,80.92,15.14,15.57,15.85,0.34,
108,2026-01-10 03:00:00,4.83,1.43,0.0,0.0,83.51,14.72,15.0,15.27,0.28,
108,2026-01-10 04:00:00,6.04,0.94,0.0,0.0,84.92,14.5,14.55,14.61,0.25,
108,2026-01-10 05:00:00,1.21,0.0,0.0,0.0,84.09,14.14,14.33,14.55,0.26,
108,2026-01-10 06:00:00,1.21,0.0,0.0,0.0,86.1,13.23,13.56,13.81,0.22,
108,2026-01-10 07:00:00,2.41,0.03,17.55,0.0,87.18,13.13,13.48,13.96,0.2,
108,2026-01-10 08:00:00,3.62,0.06,157.93,0.0,81.55,14.48,15.92,17.0,0.34,
108,2026-01-10 09:00:00,16.9,7.21,350.95,0.0,71.38,17.55,18.33,19.07,0.61,
108,2026-01-10 10:00:00,13.28,6.17,541.33,0.0,65.62,19.67,20.34,20.88,0.82,
108,2026-01-10 11:00:00,14.48,5.99,758.04,0.0,61.66,21.59,22.62,23.64,1.06,
108,2026-01-10 12:00:00,13.28,6.16,901.93,0.0,54.78,24.16,25.22,26.38,1.46,
108,2026-01-10 13:00:00,15.69,7.27,1003.71,0.0,50.18,27.25,27.91,28.43,1.87,
108,2026-01-10 14:00:00,20.52,9.72,1054.16,0.0,43.95,29.49,30.3,31.01,2.42,
108,2026-01-10 15:00:00,21.73,11.36,1058.1,0.0,34.89,31.4,32.01,32.45,3.1,
108,2026-01-10 16:00:00,24.14,11.12,1022.57,0.0,30.67,32.6,33.29,33.97,3.55,
108,2026-01-10 17:00:00,26.55,12.28,943.61,0.0,26.64,33.52,34.2,34.58,3.95,
108,2026-01-10 18:00:00,26.55,13.85,807.18,0.0,21.35,34.21,34.46,34.72,4.29,
108,2026-01-10 19:00:00,25.35,12.12,581.26,0.0,22.22,34.03,34.5,34.79,4.26,
108,2026-01-10 20:00:00,25.35,13.04,381.22,0.0,28.33,31.77,32.93,34.03,3.59,
108,2026-01-10 21:00:00,21.73,8.38,122.83,0.0,26.92,25.94,28.74,31.16,2.91,
108,2026-01-10 22:00:00,9.66,5.52,0.0,0.0,33.5,22.97,23.87,25.08,1.97,
108,2026-01-10 23:00:00,7.24,3.97,0.0,0.0,42.56,19.08,20.77,22.12,1.42,
108,2026-01-11 00:00:00,7.24,1.78,0.0,0.0,51.96,17.59,18.73,19.53,1.04,
108,2026-01-11 01:00:00,3.62,0.54,0.0,0.0,58.5,15.87,16.85,17.41,0.8,
108,2026-01-11 02:00:00,3.62,0.24,0.0,0.0,64.2,15.1,15.36,15.73,0.63,
108,2026-01-11 03:00:00,3.62,0.8,0.0,0.0,67.28,13.84,14.26,14.69,0.54,
108,2026-01-11 04:00:00,6.04,1.65,0.0,0.0,66.27,13.41,14.18,15.0,0.55,
108,2026-01-11 05:00:00,1.21,0.0,0.0,0.0,74.81,13.17,13.55,14.12,0.39,
108,2026-01-11 06:00:00,3.62,0.51,0.0,0.0,78.57,11.68,12.19,12.67,0.31,
108,2026-01-11 07:00:00,8.45,3.44,10.97,0.0,84.16,11.26,12.51,13.1,0.23,
108,2026-01-11 08:00:00,7.24,2.29,155.29,0.0,83.3,13.07,14.11,15.2,0.27,
108,2026-01-11 09:00:00,18.11,7.92,360.16,0.0,75.08,15.79,16.59,17.42,0.47,
108,2026-01-11 10:00:00,13.28,6.43,599.68,0.0,69.22,17.96,18.76,19.92,0.67,
108,2026-01-11 11:00:00,13.28,6.7,774.71,0.0,60.14,20.59,21.73,23.1,1.04,
108,2026-01-11 12:00:00,16.9,6.64,919.92,0.0,54.03,23.91,24.78,25.62,1.44,
108,2026-01-11 13:00:00,18.11,7.44,1041.43,0.0,45.7,26.33,27.59,28.46,2.01,
108,2026-01-11 14:00:00,19.31,9.91,1125.66,0.0,35.59,29.12,30.16,30.91,2.77,
108,2026-01-11 15:00:00,19.31,9.94,1126.1,0.0,31.95,30.91,31.57,32.38,3.16,
108,2026-01-11 16:00:00,18.11,8.84,1110.75,0.0,26.24,32.45,32.94,33.18,3.7,
108,2026-01-11 17:00:00,19.31,8.59,862.45,0.0,27.14,33.18,33.79,34.34,3.84,
108,2026-01-11 18:00:00,28.97,13.05,823.41,0.0,24.51,32.32,33.48,34.14,3.91,
108,2026-01-11 19:00:00,31.38,16.8,593.54,0.0,28.43,30.01,30.68,31.78,3.16,
108,2026-01-11 20:00:00,28.97,14.28,340.86,0.0,30.99,27.78,28.99,29.9,2.77,
108,2026-01-11 21:00:00,25.35,14.0,83.79,0.0,37.91,24.85,25.83,27.16,2.07,
108,2026-01-11 22:00:00,18.11,6.82,10.53,0.0,48.78,21.04,22.63,23.84,1.42,
108,2026-01-11 23:00:00,6.04,1.72,0.0,0.0,61.98,18.28,19.81,20.59,0.89,
108,2026-01-12 00:00:00,7.24,1.5,0.0,0.0,67.83,17.73,18.03,18.24,0.67,
108,2026-01-12 01:00:00,4.83,0.92,0.0,0.0,77.05,14.78,15.48,16.21,0.41,
108,2026-01-12 02:00:00,8.45,3.82,0.0,0.0,80.01,15.24,15.29,15.33,0.35,
108,2026-01-12 03:00:00,10.86,1.54,0.0,0.0,82.99,14.05,14.72,15.29,0.29,
108,2026-01-12 04:00:00,3.62,0.27,0.0,0.0,85.94,12.74,13.44,13.86,0.22,
108,2026-01-12 05:00:00,0.0,0.0,0.0,0.0,87.63,12.74,12.81,12.96,0.18,
108,2026-01-12 06:00:00,2.41,0.06,0.0,0.0,87.05,11.49,12.04,12.53,0.18,
108,2026-01-12 07:00:00,0.0,0.0,3.51,0.0,87.73,10.81,11.11,11.46,0.16,
108,2026-01-12 08:00:00,3.62,0.39,130.73,0.0,88.24,11.32,12.71,14.24,0.17,
108,2026-01-12 09:00:00,14.48,5.99,384.73,0.0,83.39,15.13,16.32,17.14,0.31,
108,2026-01-12 10:00:00,13.28,6.23,572.92,0.0,77.0,17.79,18.71,19.6,0.5,
108,2026-01-12 11:00:00,21.73,8.42,789.63,0.0,68.13,20.03,21.29,22.67,0.81,
108,2026-01-12 12:00:00,22.93,11.17,925.62,0.0,59.38,23.1,23.62,24.34,1.19,
108,2026-01-12 13:00:00,21.73,9.11,1017.31,0.0,54.28,25.02,25.58,25.99,1.5,
108,2026-01-12 14:00:00,21.73,9.79,1049.33,0.0,50.36,26.05,26.88,27.35,1.76,
108,2026-01-12 15:00:00,26.55,10.28,1048.89,0.0,48.03,27.0,27.33,27.57,1.89,
108,2026-01-12 16:00:00,22.93,8.51,1013.8,0.0,43.96,27.63,28.38,29.18,2.17,
108,2026-01-12 17:00:00,16.9,6.85,929.13,0.0,39.76,29.28,29.52,29.63,2.49,
108,2026-01-12 18:00:00,18.11,7.43,913.34,0.0,43.6,29.22,29.44,29.9,2.32,
108,2026-01-12 19:00:00,16.9,8.89,466.32,0.0,44.03,28.02,28.58,29.0,2.19,
108,2026-01-12 20:00:00,20.52,9.07,282.51,0.0,44.44,27.33,27.54,27.83,2.04,
108,2026-01-12 21:00:00,18.11,8.37,206.62,0.0,46.56,24.74,26.11,27.09,1.82,
108,2026-01-12 22:00:00,10.86,4.66,5.7,0.0,55.92,22.49,22.8,23.1,1.23,
108,2026-01-12 23:00:00,12.07,5.84,0.0,0.0,58.46,20.26,20.96,21.49,1.04,
108,2026-01-13 00:00:00,12.07,6.31,0.0,0.0,63.43,19.18,19.53,19.83,0.83,
108,2026-01-13 01:00:00,15.69,5.87,0.0,0.0,63.63,18.28,18.51,18.79,0.78,
108,2026-01-13 02:00:00,20.52,9.66,0.0,0.0,61.61,18.0,18.21,18.44,0.81,
108,2026-01-13 03:00:00,25.35,11.95,0.0,0.0,61.97,17.24,17.52,17.86,0.76,
108,2026-01-13 04:00:00,22.93,10.68,0.0,0.0,64.98,15.47,16.24,16.87,0.65,
108,2026-01-13 05:00:00,18.11,7.97,0.0,0.0,71.65,13.72,14.39,15.14,0.47,
108,2026-01-13 06:00:00,16.9,6.16,0.0,0.0,76.01,12.29,12.8,13.17,0.36,
108,2026-01-13 07:00:00,15.69,7.02,3.51,0.0,76.54,11.44,11.87,12.12,0.33,
108,2026-01-13 08:00:00,14.48,6.07,163.19,0.0,75.43,11.53,11.99,12.47,0.35,
108,2026-01-13 09:00:00,18.11,9.7,366.74,0.0,71.41,12.78,13.46,14.17,0.44,
108,2026-01-13 10:00:00,16.9,8.71,558.0,0.0,67.28,14.48,15.27,15.75,0.57,
108,2026-01-13 11:00:00,14.48,6.4,737.43,0.0,60.91,17.21,17.87,18.84,0.8,
108,2026-01-13 12:00:00,15.69,6.88,920.8,0.0,56.04,19.98,20.76,21.63,1.08,
108,2026-01-13 13:00:00,16.9,8.23,1016.43,0.0,50.67,22.43,23.4,24.6,1.42,
108,2026-01-13 14:00:00,20.52,9.7,1064.25,0.0,44.12,24.81,25.62,26.46,1.84,
108,2026-01-13 15:00:00,19.31,8.45,1062.49,0.0,34.19,27.28,27.97,28.81,2.49,
108,2026-01-13 16:00:00,16.9,4.86,1031.34,0.0,30.07,29.13,29.43,30.04,2.87,
108,2026-01-13 17:00:00,15.69,5.78,941.41,0.0,29.8,29.7,30.03,30.42,2.99,
108,2026-01-13 18:00:00,14.48,5.21,769.89,0.0,24.14,30.69,30.97,31.43,3.4,
108,2026-01-13 19:00:00,10.86,4.36,593.98,0.0,22.69,30.69,30.97,31.31,3.47,
108,2026-01-13 20:00:00,12.07,3.64,394.38,0.0,27.29,29.13,30.09,31.19,3.12,
108,2026-01-13 21:00:00,4.83,1.09,182.05,0.0,44.05,22.53,25.81,28.3,1.91,
108,2026-01-13 22:00:00,6.04,2.32,0.0,0.0,58.85,19.69,20.23,21.04,0.98,
108,2026-01-13 23:00:00,8.45,3.76,0.0,0.0,59.48,18.04,18.89,19.64,0.89,
108,2026-01-14 00:00:00,6.04,1.34,0.0,0.0,67.92,16.72,17.08,17.92,0.63,
108,2026-01-14 01:00:00,4.83,0.48,0.0,0.0,72.6,14.92,15.43,16.01,0.48,
108,2026-01-14 02:00:00,3.62,0.29,0.0,0.0,75.2,13.52,14.04,14.58,0.4,
108,2026-01-14 03:00:00,7.24,2.17,0.0,0.0,75.51,12.94,13.3,13.57,0.38,
108,2026-01-14 04:00:00,0.0,0.0,0.0,0.0,77.09,12.3,12.64,12.85,0.34,
108,2026-01-14 05:00:00,0.0,0.0,0.0,0.0,76.36,12.19,12.53,12.83,0.34,
108,2026-01-14 06:00:00,2.41,0.06,0.0,0.0,80.5,10.85,11.44,12.05,0.26,
108,2026-01-14 07:00:00,4.83,0.72,10.97,0.0,81.27,10.39,10.73,11.03,0.24,
108,2026-01-14 08:00:00,8.45,0.95,138.19,0.0,78.29,11.12,12.58,14.33,0.32,
108,2026-01-14 09:00:00,16.9,9.04,341.3,0.0,65.51,14.99,15.71,16.54,0.62,
108,2026-01-14 10:00:00,16.9,6.25,575.99,0.0,62.31,16.48,17.24,18.22,0.74,
108,2026-01-14 11:00:00,12.07,2.03,750.59,0.0,56.21,18.41,19.36,20.7,0.99,
108,2026-01-14 12:00:00,12.07,3.46,887.89,0.0,48.02,21.5,22.38,23.45,1.41,
108,2026-01-14 13:00:00,16.9,5.49,987.48,0.0,45.22,23.7,24.38,25.02,1.67,
108,2026-01-14 14:00:00,16.9,6.34,1033.1,0.0,42.41,25.19,25.86,26.61,1.92,
108,2026-01-14 15:00:00,16.9,6.45,1040.12,0.0,38.35,27.12,27.87,28.63,2.32,
108,2026-01-14 16:00:00,25.35,9.81,1036.17,0.0,40.89,27.78,28.45,29.0,2.3,
108,2026-01-14 17:00:00,28.97,15.2,872.54,0.0,42.72,26.53,27.17,28.04,2.06,
108,2026-01-14 18:00:00,31.38,15.51,697.07,0.0,41.67,25.71,26.02,26.53,1.96,
108,2026-01-14 19:00:00,24.14,13.9,572.04,0.0,38.95,24.57,25.17,25.52,1.96,
108,2026-01-14 20:00:00,22.93,11.89,335.15,0.0,46.18,22.98,23.57,24.02,1.57,
108,2026-01-14 21:00:00,22.93,10.28,134.68,0.0,54.14,20.03,21.26,22.36,1.16,
108,2026-01-14 22:00:00,22.93,9.93,0.0,0.0,67.29,17.58,18.31,19.04,0.69,
108,2026-01-14 23:00:00,6.04,2.64,0.0,0.0,76.85,15.21,15.96,16.77,0.42,
108,2026-01-15 00:00:00,4.83,0.56,0.0,0.0,80.84,14.64,14.81,14.99,0.32,
108,2026-01-15 01:00:00,3.62,0.36,0.0,0.0,83.76,13.48,13.82,14.02,0.26,
108,2026-01-15 02:00:00,2.41,0.15,0.0,0.0,86.02,13.15,13.24,13.43,0.21,
108,2026-01-15 03:00:00,3.62,0.18,0.0,0.0,87.76,12.1,12.6,13.01,0.18,
108,2026-01-15 04:00:00,0.0,0.0,0.0,0.0,89.66,11.6,11.75,11.85,0.14,
108,2026-01-15 05:00:00,4.83,0.64,0.0,0.0,90.18,10.37,11.0,11.5,0.13,
108,2026-01-15 06:00:00,3.62,1.01,0.0,0.0,92.32,10.51,10.6,10.68,0.1,
108,2026-01-15 07:00:00,1.21,0.0,3.07,0.0,92.74,10.3,10.5,10.73,0.09,
108,2026-01-15 08:00:00,4.83,0.94,39.04,0.0,93.02,10.4,11.7,12.99,0.1,
108,2026-01-15 09:00:00,10.86,3.08,182.05,0.0,89.84,13.55,14.57,15.51,0.17,
108,2026-01-15 10:00:00,13.28,6.05,621.61,0.0,83.15,16.03,16.89,17.71,0.33,
108,2026-01-15 11:00:00,16.9,7.99,398.32,0.0,74.67,17.77,18.48,19.1,0.54,
108,2026-01-15 12:00:00,21.73,8.52,979.14,0.0,67.22,19.34,19.99,21.07,0.77,
108,2026-01-15 13:00:00,18.11,8.12,1026.52,0.0,62.13,21.21,21.81,22.28,0.99,
108,2026-01-15 14:00:00,19.31,7.71,1052.4,0.0,56.46,22.85,23.18,23.36,1.24,
108,2026-01-15 15:00:00,32.59,8.54,1036.17,0.0,52.34,23.92,24.33,24.83,1.45,
108,2026-01-15 16:00:00,21.73,7.97,992.74,0.0,49.27,24.91,25.19,25.37,1.63,
108,2026-01-15 17:00:00,20.52,9.67,898.42,0.0,50.06,25.67,26.02,26.28,1.68,
108,2026-01-15 18:00:00,15.69,8.35,765.94,0.0,44.76,26.61,26.66,26.77,1.93,
108,2026-01-15 19:00:00,19.31,9.16,546.6,0.0,43.55,26.29,26.53,26.78,1.96,
108,2026-01-15 20:00:00,18.11,9.57,358.4,0.0,42.37,25.35,26.0,26.45,1.94,
108,2026-01-15 21:00:00,15.69,8.06,143.45,0.0,43.84,22.18,23.53,24.88,1.64,
108,2026-01-15 22:00:00,9.66,5.34,9.65,0.0,53.07,19.15,19.99,21.11,1.1,
108,2026-01-15 23:00:00,13.28,7.12,0.0,0.0,53.63,18.74,18.98,19.25,1.02,
108,2026-01-16 00:00:00,12.07,6.59,0.0,0.0,52.19,17.31,18.05,18.69,0.99,
108,2026-01-16 01:00:00,14.48,7.82,0.0,0.0,53.51,16.77,16.97,17.06,0.9,
108,2026-01-16 02:00:00,18.11,8.66,0.0,0.0,54.99,16.1,16.54,16.99,0.85,
108,2026-01-16 03:00:00,19.31,8.89,0.0,0.0,59.78,15.07,15.5,16.06,0.71,
108,2026-01-16 04:00:00,16.9,8.01,0.0,0.0,67.09,13.58,13.93,14.74,0.53,
108,2026-01-16 05:00:00,16.9,6.5,0.0,0.0,70.99,12.03,12.61,13.07,0.43,
108,2026-01-16 06:00:00,10.86,4.71,0.0,0.0,76.22,10.84,11.2,11.7,0.32,
108,2026-01-16 07:00:00,12.07,5.03,15.35,0.0,78.27,10.08,10.58,10.9,0.28,
108,2026-01-16 08:00:00,15.69,4.62,146.96,0.0,77.5,10.46,11.19,11.99,0.3,
108,2026-01-16 09:00:00,21.73,10.25,349.19,0.0,70.99,12.58,13.07,13.55,0.44,
108,2026-01-16 10:00:00,18.11,9.29,547.04,0.0,67.1,14.13,14.78,15.66,0.55,
108,2026-01-16 11:00:00,22.93,8.62,765.06,0.0,61.97,16.21,17.27,18.55,0.75,
108,2026-01-16 12:00:00,19.31,7.5,910.27,0.0,58.01,18.32,19.2,20.38,0.94,
108,2026-01-16 13:00:00,16.9,7.44,1009.41,0.0,51.96,21.09,22.02,23.08,1.27,
108,2026-01-16 14:00:00,16.9,7.09,1058.98,0.0,47.52,23.39,24.34,25.3,1.6,
108,2026-01-16 15:00:00,20.52,7.58,1055.91,0.0,39.84,26.29,26.75,27.35,2.11,
108,2026-01-16 16:00:00,18.11,8.6,1015.99,0.0,36.82,27.29,28.2,29.25,2.42,
108,2026-01-16 17:00:00,22.93,9.49,930.89,0.0,32.92,29.32,29.59,30.09,2.78,
108,2026-01-16 18:00:00,18.11,9.04,788.75,0.0,31.15,29.56,30.34,30.8,2.98,
108,2026-01-16 19:00:00,20.52,9.28,571.6,0.0,33.19,29.64,30.05,30.39,2.85,
108,2026-01-16 20:00:00,22.93,7.56,369.81,0.0,38.06,27.67,28.89,29.64,2.48,
108,2026-01-16 21:00:00,8.45,4.42,126.78,0.0,51.44,23.59,24.83,26.29,1.53,
108,2026-01-16 22:00:00,8.45,4.69,0.0,0.0,56.31,21.35,21.87,22.84,1.15,
108,2026-01-16 23:00:00,15.69,6.79,0.0,0.0,53.66,21.32,21.46,21.69,1.19,
108,2026-01-17 00:00:00,24.14,10.85,0.0,0.0,53.82,21.36,21.52,21.7,1.19,
108,2026-01-17 01:00:00,20.52,10.7,0.0,0.0,58.09,20.21,20.68,21.14,1.02,
108,2026-01-17 02:00:00,19.31,8.57,0.0,0.0,64.55,18.79,19.21,19.72,0.79,
108,2026-01-17 03:00:00,16.9,8.83,0.0,0.0,70.2,17.17,17.7,18.2,0.6,
108,2026-01-17 04:00:00,20.52,9.28,0.0,0.0,73.77,16.45,16.85,17.28,0.5,
108,2026-01-17 05:00:00,19.31,9.72,0.0,0.0,77.77,15.33,15.77,16.21,0.4,
108,2026-01-17 06:00:00,13.28,5.7,0.0,0.0,82.7,13.95,14.48,15.07,0.29,
108,2026-01-17 07:00:00,14.48,6.19,5.26,0.0,86.06,13.3,13.6,13.79,0.22,
108,2026-01-17 08:00:00,16.9,6.28,132.48,0.0,85.71,13.38,13.92,14.57,0.23,
108,2026-01-17 09:00:00,21.73,12.16,310.15,0.0,81.34,14.81,15.36,15.85,0.33,
108,2026-01-17 10:00:00,26.55,12.47,585.64,0.0,75.34,16.39,17.22,18.15,0.49,
108,2026-01-17 11:00:00,25.35,13.64,760.24,0.0,66.63,18.91,19.73,20.87,0.77,
108,2026-01-17 12:00:00,30.18,15.5,904.56,0.0,58.06,21.76,22.64,23.43,1.16,
108,2026-01-17 13:00:00,30.18,16.57,1020.38,0.0,53.07,24.23,24.77,25.8,1.47,
108,2026-01-17 14:00:00,28.97,14.11,1051.08,0.0,47.06,25.92,26.61,27.33,1.85,
108,2026-01-17 15:00:00,26.55,14.44,1055.91,0.0,43.2,27.25,27.93,28.8,2.14,
108,2026-01-17 16:00:00,30.18,16.01,1024.33,0.0,34.39,28.63,29.37,29.77,2.69,
108,2026-01-17 17:00:00,33.8,17.6,919.48,0.0,31.3,29.56,30.17,30.7,2.94,
108,2026-01-17 18:00:00,32.59,17.47,774.71,0.0,29.24,29.67,30.17,30.77,3.04,
108,2026-01-17 19:00:00,33.8,18.32,590.47,0.0,25.74,29.77,29.98,30.32,3.15,
108,2026-01-17 20:00:00,26.55,15.01,373.32,0.0,26.58,28.45,29.18,29.67,2.97,
108,2026-01-17 21:00:00,26.55,13.53,121.52,0.0,28.14,25.3,26.59,27.74,2.5,
108,2026-01-17 22:00:00,22.93,12.1,0.0,0.0,28.97,23.76,24.23,24.85,2.15,
108,2026-01-17 23:00:00,22.93,10.85,0.0,0.0,32.54,22.21,22.68,23.14,1.86,
108,2026-01-18 00:00:00,25.35,11.23,0.0,0.0,38.51,20.95,21.31,21.74,1.56,
108,2026-01-18 01:00:00,27.76,13.62,0.0,0.0,42.62,20.29,20.77,21.16,1.41,
108,2026-01-18 02:00:00,24.14,10.1,0.0,0.0,50.45,18.04,19.08,20.01,1.1,
108,2026-01-18 03:00:00,16.9,8.3,0.0,0.0,56.38,16.51,17.3,17.93,0.86,
108,2026-01-18 04:00:00,9.66,4.51,0.0,0.0,62.83,14.69,15.22,15.89,0.64,
108,2026-01-18 05:00:00,7.24,4.12,0.0,0.0,67.76,13.22,13.84,14.41,0.51,
108,2026-01-18 06:00:00,7.24,3.44,0.0,0.0,72.23,12.1,12.55,13.01,0.41,
108,2026-01-18 07:00:00,8.45,3.59,2.63,0.0,75.18,11.49,11.69,11.91,0.34,
108,2026-01-18 08:00:00,7.24,2.82,112.3,0.0,73.06,11.68,12.7,13.84,0.4,
108,2026-01-18 09:00:00,16.9,8.3,370.25,0.0,62.2,14.79,15.46,16.28,0.67,
108,2026-01-18 10:00:00,15.69,6.88,564.59,0.0,56.22,16.59,17.09,17.73,0.86,
108,2026-01-18 11:00:00,12.07,4.73,744.45,0.0,52.2,18.12,19.18,20.18,1.06,
108,2026-01-18 12:00:00,9.66,3.31,926.06,0.0,48.77,20.81,21.92,23.81,1.36,
108,2026-01-18 13:00:00,9.66,2.13,1020.82,0.0,42.37,23.55,24.74,26.04,1.8,
108,2026-01-18 14:00:00,9.66,1.78,1062.49,0.0,37.9,26.04,27.46,28.85,2.28,
108,2026-01-18 15:00:00,8.45,2.17,1063.37,0.0,34.38,28.12,29.27,30.12,2.68,
108,2026-01-18 16:00:00,12.07,3.24,1022.57,0.0,32.44,30.84,31.22,31.83,3.08,
108,2026-01-18 17:00:00,14.48,4.91,927.38,0.0,28.51,31.77,33.1,34.04,3.63,
108,2026-01-18 18:00:00,14.48,4.18,736.99,0.0,28.45,34.03,34.44,34.69,3.9,
108,2026-01-18 19:00:00,12.07,4.29,601.43,0.0,27.34,34.24,34.55,34.83,3.99,
108,2026-01-18 20:00:00,1.21,0.03,357.97,0.0,38.92,32.97,34.41,35.69,3.34,
108,2026-01-18 21:00:00,8.45,1.65,143.45,0.0,47.25,27.0,30.22,32.81,2.31,
108,2026-01-18 22:00:00,12.07,5.27,6.58,0.0,46.03,22.67,24.07,25.46,1.63,
108,2026-01-18 23:00:00,7.24,2.6,0.0,0.0,53.33,20.36,21.48,22.55,1.2,
108,2026-01-19 00:00:00,6.04,0.8,0.0,0.0,55.65,19.96,20.42,20.98,1.07,
108,2026-01-19 01:00:00,2.41,0.2,0.0,0.0,62.82,18.32,18.8,19.72,0.81,
108,2026-01-19 02:00:00,0.0,0.0,0.0,0.0,70.86,16.47,16.97,17.59,0.56,
108,2026-01-19 03:00:00,2.41,0.12,0.0,0.0,75.91,15.65,15.87,16.26,0.44,
108,2026-01-19 04:00:00,0.0,0.0,0.0,0.0,77.14,14.82,14.95,15.24,0.39,
108,2026-01-19 05:00:00,0.0,0.0,0.0,0.0,77.08,13.65,14.14,14.45,0.37,
108,2026-01-19 06:00:00,0.0,0.0,0.0,0.0,81.09,13.17,13.54,13.96,0.29,
108,2026-01-19 07:00:00,0.0,0.0,13.6,0.0,85.12,12.47,12.75,12.92,0.22,
108,2026-01-19 08:00:00,0.0,0.0,106.6,0.0,83.42,12.09,13.4,15.2,0.26,
108,2026-01-19 09:00:00,6.04,1.27,315.41,0.0,71.2,16.26,17.66,19.1,0.59,
108,2026-01-19 10:00:00,4.83,0.77,507.12,0.0,59.13,19.96,20.95,21.77,1.02,
108,2026-01-19 11:00:00,7.24,1.27,690.93,0.0,52.55,22.65,23.36,23.83,1.37,
108,2026-01-19 12:00:00,7.24,1.83,862.89,0.0,46.69,25.46,25.84,26.49,1.78,
108,2026-01-19 13:00:00,10.86,3.5,964.66,0.0,43.27,27.22,28.08,28.88,2.16,
108,2026-01-19 14:00:00,13.28,2.8,1004.58,0.0,38.13,29.81,30.22,31.14,2.66,
108,2026-01-19 15:00:00,12.07,2.91,984.84,0.0,35.32,31.59,32.08,32.63,3.09,
108,2026-01-19 16:00:00,9.66,1.98,942.29,0.0,31.39,32.81,33.41,33.86,3.54,
108,2026-01-19 17:00:00,6.04,1.69,815.07,0.0,30.26,34.13,34.67,35.18,3.85,
108,2026-01-19 18:00:00,7.24,1.84,665.04,0.0,31.49,34.35,35.05,35.75,3.87,
108,2026-01-19 19:00:00,15.69,5.01,452.28,0.0,36.28,31.35,33.43,35.1,3.3,
108,2026-01-19 20:00:00,19.31,7.65,271.54,0.0,39.91,29.32,30.4,31.25,2.61,
108,2026-01-19 21:00:00,19.31,9.51,97.39,0.0,47.23,25.14,26.78,28.36,1.87,
108,2026-01-19 22:00:00,19.31,7.28,0.0,0.0,55.63,22.07,23.26,24.42,1.27,
108,2026-01-19 23:00:00,8.45,0.59,0.0,0.0,63.66,20.32,21.23,21.71,0.92,
108,2026-01-20 00:00:00,3.62,0.2,0.0,0.0,72.26,18.52,18.96,19.21,0.61,
108,2026-01-20 01:00:00,0.0,0.0,0.0,0.0,76.51,16.82,17.25,17.75,0.47,
108,2026-01-20 02:00:00,3.62,0.12,0.0,0.0,78.72,16.31,16.49,16.82,0.4,
108,2026-01-20 03:00:00,0.0,0.0,0.0,0.0,81.35,14.93,15.19,15.57,0.32,
108,2026-01-20 04:00:00,2.41,0.15,0.0,0.0,82.48,14.24,14.41,14.79,0.29,
108,2026-01-20 05:00:00,0.0,0.0,0.0,0.0,82.59,13.32,13.78,14.13,0.28,
108,2026-01-20 06:00:00,0.0,0.0,0.0,0.0,85.69,12.4,12.84,13.06,0.21,
108,2026-01-20 07:00:00,1.21,0.02,2.63,0.0,87.38,12.17,12.35,12.54,0.18,
108,2026-01-20 08:00:00,0.0,0.0,78.09,0.0,88.24,12.26,12.83,13.82,0.18,
108,2026-01-20 09:00:00,3.62,0.24,245.22,0.0,79.6,14.96,16.32,17.9,0.39,
108,2026-01-20 10:00:00,7.24,2.01,470.27,0.0,69.25,18.58,19.34,20.04,0.69,
108,2026-01-20 11:00:00,9.66,2.82,621.61,0.0,65.44,20.4,21.25,21.9,0.88,
108,2026-01-20 12:00:00,10.86,4.5,777.35,0.0,59.16,22.39,23.26,24.09,1.17,
108,2026-01-20 13:00:00,15.69,5.39,862.89,0.0,53.77,24.47,25.49,26.07,1.51,
108,2026-01-20 14:00:00,14.48,6.14,931.32,0.0,48.91,26.63,27.56,28.15,1.89,
108,2026-01-20 15:00:00,15.69,5.42,941.85,0.0,44.52,28.71,29.11,29.47,2.24,
108,2026-01-20 16:00:00,19.31,8.51,920.8,0.0,47.58,29.15,29.38,29.57,2.15,
108,2026-01-20 17:00:00,15.69,7.32,853.24,0.0,46.04,29.54,29.91,30.3,2.28,
108,2026-01-20 18:00:00,18.11,8.25,669.87,0.0,46.89,29.78,29.81,29.91,2.23,
108,2026-01-20 19:00:00,18.11,9.11,496.15,0.0,48.31,28.88,29.25,29.77,2.1,
108,2026-01-20 20:00:00,18.11,8.18,271.98,0.0,51.09,26.07,27.29,28.4,1.78,
108,2026-01-20 21:00:00,13.28,5.45,84.67,0.0,59.41,22.69,24.08,25.39,1.22,
108,2026-01-20 22:00:00,6.04,1.99,0.0,0.0,69.31,19.45,20.42,21.56,0.74,
108,2026-01-20 23:00:00,6.04,2.42,0.0,0.0,72.2,17.35,18.34,18.97,0.59,
108,2026-01-21 00:00:00,7.24,3.88,0.0,0.0,77.25,16.13,16.79,17.59,0.44,
108,2026-01-21 01:00:00,7.24,3.09,0.0,0.0,81.81,14.97,15.37,15.66,0.32,
108,2026-01-21 02:00:00,6.04,2.73,0.0,0.0,85.56,14.14,14.32,14.5,0.24,
108,2026-01-21 03:00:00,4.83,0.92,0.0,0.0,86.88,13.19,13.61,13.99,0.21,
108,2026-01-21 04:00:00,3.62,0.27,0.0,0.0,87.79,12.46,12.79,12.94,0.18,
108,2026-01-21 05:00:00,6.04,1.07,0.0,0.0,89.71,11.6,11.74,11.92,0.14,
108,2026-01-21 06:00:00,10.86,2.08,0.0,0.0,90.84,11.27,11.54,12.0,0.12,
108,2026-01-21 07:00:00,8.45,1.22,5.26,0.0,90.69,11.05,11.55,11.98,0.13,
108,2026-01-21 08:00:00,6.04,0.71,85.54,0.0,91.83,10.73,11.24,11.95,0.11,
108,2026-01-21 09:00:00,12.07,5.43,203.99,0.0,92.48,12.16,12.34,12.68,0.11,
108,2026-01-21 10:00:00,14.48,7.53,459.3,0.0,89.67,13.06,13.54,14.09,0.16,
108,2026-01-21 11:00:00,13.28,6.13,645.74,0.0,81.58,14.86,15.81,16.58,0.33,
108,2026-01-21 12:00:00,12.07,3.5,837.88,0.0,72.89,17.65,18.64,19.7,0.58,
108,2026-01-21 13:00:00,8.45,2.82,949.75,0.0,60.98,20.26,21.85,23.1,1.03,
108,2026-01-21 14:00:00,9.66,3.09,1001.51,0.0,53.04,23.12,24.47,25.56,1.45,
108,2026-01-21 15:00:00,22.93,4.44,1021.25,0.0,45.31,25.62,26.71,27.42,1.92,
108,2026-01-21 16:00:00,13.28,2.98,983.53,0.0,39.05,28.08,29.1,29.81,2.46,
108,2026-01-21 17:00:00,9.66,3.02,861.57,0.0,36.47,30.25,30.29,30.36,2.74,
108,2026-01-21 18:00:00,15.69,3.99,701.45,0.0,40.16,29.67,30.44,31.36,2.61,
108,2026-01-21 19:00:00,21.73,10.32,551.86,0.0,42.38,27.61,28.39,28.87,2.23,
108,2026-01-21 20:00:00,19.31,10.41,304.45,0.0,43.16,25.04,26.1,27.12,1.93,
108,2026-01-21 21:00:00,18.11,7.35,114.94,0.0,50.1,20.67,22.73,24.3,1.4,
108,2026-01-21 22:00:00,8.45,3.18,0.0,0.0,61.56,18.84,19.18,19.72,0.86,
108,2026-01-21 23:00:00,8.45,4.03,0.0,0.0,68.47,16.49,17.08,17.71,0.62,
108,2026-01-22 00:00:00,6.04,2.26,0.0,0.0,74.66,14.48,15.3,15.9,0.44,
108,2026-01-22 01:00:00,4.83,0.39,0.0,0.0,79.06,13.69,14.04,14.28,0.34,
108,2026-01-22 02:00:00,4.83,0.71,0.0,0.0,82.6,12.62,13.03,13.32,0.27,
108,2026-01-22 03:00:00,4.83,2.16,0.0,0.0,84.82,12.44,12.54,12.61,0.22,
108,2026-01-22 04:00:00,3.62,0.33,0.0,0.0,85.71,11.42,11.89,12.2,0.2,
108,2026-01-22 05:00:00,0.0,0.0,0.0,0.0,86.67,10.94,11.07,11.25,0.18,
108,2026-01-22 06:00:00,3.62,0.21,0.0,0.0,88.98,10.26,10.49,10.85,0.14,
108,2026-01-22 07:00:00,2.41,0.17,3.07,0.0,89.78,9.94,10.17,10.4,0.13,
108,2026-01-22 08:00:00,1.21,0.02,105.72,0.0,89.41,9.9,10.69,11.64,0.14,
108,2026-01-22 09:00:00,3.62,0.14,295.67,0.0,85.15,12.7,13.59,14.79,0.23,
108,2026-01-22 10:00:00,12.07,5.3,490.89,0.0,75.82,15.37,16.14,16.83,0.45,
108,2026-01-22 11:00:00,12.07,4.78,682.59,0.0,70.46,17.45,18.08,19.0,0.62,
108,2026-01-22 12:00:00,14.48,3.47,872.54,0.0,64.84,19.45,20.49,21.5,0.85,
108,2026-01-22 13:00:00,13.28,5.18,974.75,0.0,57.32,21.78,22.52,23.36,1.17,
108,2026-01-22 14:00:00,12.07,3.73,1027.4,0.0,49.51,23.77,24.6,25.18,1.56,
108,2026-01-22 15:00:00,15.69,3.89,1026.08,0.0,44.99,26.19,26.67,27.43,1.92,
108,2026-01-22 16:00:00,13.28,4.02,993.18,0.0,41.56,27.43,28.11,28.49,2.23,
108,2026-01-22 17:00:00,20.52,5.69,900.62,0.0,38.1,28.97,29.12,29.24,2.5,
108,2026-01-22 18:00:00,15.69,5.58,678.2,0.0,34.76,29.74,30.08,30.43,2.78,
108,2026-01-22 19:00:00,15.69,5.48,542.65,0.0,33.95,29.9,30.07,30.3,2.82,
108,2026-01-22 20:00:00,20.52,6.75,349.19,0.0,38.89,27.35,28.89,29.64,2.45,
108,2026-01-22 21:00:00,16.9,8.41,138.19,0.0,50.29,23.21,25.09,26.41,1.59,
108,2026-01-22 22:00:00,13.28,5.88,0.0,0.0,58.55,20.19,21.47,22.67,1.07,
108,2026-01-22 23:00:00,7.24,3.44,0.0,0.0,65.58,17.77,18.77,19.64,0.75,
108,2026-01-23 00:00:00,4.83,1.89,0.0,0.0,74.51,15.27,16.02,16.65,0.47,
108,2026-01-23 01:00:00,4.83,0.45,0.0,0.0,77.46,14.2,14.96,15.33,0.38,
108,2026-01-23 02:00:00,4.83,1.16,0.0,0.0,83.31,13.19,13.5,14.27,0.26,
108,2026-01-23 03:00:00,3.62,0.2,0.0,0.0,84.73,12.95,13.08,13.27,0.23,
108,2026-01-23 04:00:00,2.41,0.21,0.0,0.0,86.23,11.71,12.05,12.51,0.2,
108,2026-01-23 05:00:00,0.0,0.0,0.0,0.0,86.52,11.71,11.75,11.78,0.19,
108,2026-01-23 06:00:00,0.0,0.0,0.0,0.0,86.45,10.95,11.12,11.36,0.18,
108,2026-01-23 07:00:00,0.0,0.0,2.19,0.0,87.75,9.94,10.39,10.84,0.15,
108,2026-01-23 08:00:00,0.0,0.0,110.11,0.0,88.27,10.01,11.6,13.47,0.16,
108,2026-01-23 09:00:00,8.45,1.5,310.59,0.0,79.72,14.2,15.35,16.63,0.36,
108,2026-01-23 10:00:00,9.66,2.75,498.34,0.0,68.58,17.01,17.85,18.95,0.65,
108,2026-01-23 11:00:00,7.24,1.69,722.51,0.0,63.76,19.28,20.2,21.41,0.86,
108,2026-01-23 12:00:00,8.45,2.34,870.79,0.0,57.64,22.04,22.49,23.01,1.16,
108,2026-01-23 13:00:00,8.45,3.59,957.65,0.0,52.93,23.81,24.92,25.88,1.49,
108,2026-01-23 14:00:00,12.07,3.62,1016.43,0.0,43.0,27.53,28.56,29.46,2.23,
108,2026-01-23 15:00:00,10.86,3.83,1015.11,0.0,38.44,29.64,30.25,31.01,2.65,
108,2026-01-23 16:00:00,10.86,2.6,983.53,0.0,36.48,30.87,31.53,32.25,2.94,
108,2026-01-23 17:00:00,8.45,2.81,900.62,0.0,31.77,32.14,32.46,32.62,3.33,
108,2026-01-23 18:00:00,21.73,7.69,713.74,0.0,37.44,30.29,31.39,32.35,2.88,
108,2026-01-23 19:00:00,21.73,10.16,540.46,0.0,38.73,29.16,29.69,30.27,2.56,
108,2026-01-23 20:00:00,20.52,11.29,341.73,0.0,37.5,26.8,27.78,28.47,2.33,
108,2026-01-23 21:00:00,20.52,8.77,93.88,0.0,39.7,23.52,24.83,25.92,1.9,
108,2026-01-23 22:00:00,12.07,3.0,0.0,0.0,51.14,19.94,21.2,22.66,1.24,
108,2026-01-23 23:00:00,6.04,2.1,0.0,0.0,63.14,17.14,18.28,19.77,0.78,
108,2026-01-24 00:00:00,6.04,2.01,0.0,0.0,71.32,16.09,16.39,16.76,0.54,
108,2026-01-24 01:00:00,4.83,1.56,0.0,0.0,76.91,14.62,14.98,15.31,0.39,
108,2026-01-24 02:00:00,4.83,0.98,0.0,0.0,79.07,13.93,14.21,14.61,0.34,
108,2026-01-24 03:00:00,3.62,0.67,0.0,0.0,81.73,12.83,13.33,13.95,0.28,
108,2026-01-24 04:00:00,3.62,0.47,0.0,0.0,80.81,12.88,12.96,13.06,0.29,
108,2026-01-24 05:00:00,1.21,0.0,0.0,0.0,83.67,12.46,12.57,12.71,0.24,
108,2026-01-24 06:00:00,2.41,0.18,0.0,0.0,85.82,11.19,11.56,12.44,0.2,
108,2026-01-24 07:00:00,0.0,0.0,7.46,0.0,86.17,10.54,10.69,10.88,0.18,
108,2026-01-24 08:00:00,2.41,0.06,94.76,0.0,87.18,10.66,11.53,13.09,0.18,
108,2026-01-24 09:00:00,6.04,0.57,289.09,0.0,73.37,14.64,16.67,17.94,0.52,
108,2026-01-24 10:00:00,10.86,4.27,521.16,0.0,64.63,18.0,18.88,19.72,0.77,
108,2026-01-24 11:00:00,12.07,5.01,701.02,0.0,60.08,20.25,20.74,21.38,0.98,
108,2026-01-24 12:00:00,12.07,4.8,850.17,0.0,54.61,22.01,22.53,23.33,1.24,
108,2026-01-24 13:00:00,12.07,4.04,979.14,0.0,50.23,24.04,24.57,25.36,1.54,
108,2026-01-24 14:00:00,15.69,5.57,1023.01,0.0,43.68,25.88,26.65,27.26,1.97,
108,2026-01-24 15:00:00,13.28,4.5,1026.08,0.0,40.9,27.57,28.52,29.31,2.31,
108,2026-01-24 16:00:00,15.69,4.56,1009.85,0.0,38.52,29.5,29.77,30.18,2.58,
108,2026-01-24 17:00:00,12.07,3.68,889.21,0.0,34.27,30.6,31.03,31.46,2.96,
108,2026-01-24 18:00:00,18.11,4.72,747.08,0.0,33.64,30.52,31.62,32.53,3.09,
108,2026-01-24 19:00:00,21.73,10.14,570.73,0.0,38.12,29.02,29.52,30.12,2.56,
108,2026-01-24 20:00:00,19.31,9.48,329.01,0.0,38.73,26.11,27.31,28.26,2.22,
108,2026-01-24 21:00:00,16.9,8.33,125.9,0.0,37.82,21.55,23.31,24.98,1.79,
108,2026-01-24 22:00:00,10.86,3.44,0.0,0.0,54.81,17.76,19.08,20.17,1.01,
108,2026-01-24 23:00:00,6.04,0.88,0.0,0.0,68.17,15.76,16.72,17.07,0.61,
108,2026-01-25 00:00:00,4.83,0.86,0.0,0.0,75.71,14.5,14.78,15.3,0.41,
108,2026-01-25 01:00:00,4.83,1.39,0.0,0.0,79.72,13.48,13.9,14.28,0.33,
108,2026-01-25 02:00:00,0.0,0.0,0.0,0.0,82.78,13.03,13.22,13.4,0.26,
108,2026-01-25 03:00:00,0.0,0.0,0.0,0.0,83.7,12.61,12.75,13.03,0.24,
108,2026-01-25 04:00:00,0.0,0.0,0.0,0.0,84.13,12.19,12.4,12.61,0.23,
108,2026-01-25 05:00:00,0.0,0.0,0.0,0.0,84.64,11.43,11.77,12.03,0.21,
108,2026-01-25 06:00:00,0.0,0.0,0.0,0.0,85.02,11.09,11.23,11.32,0.2,
108,2026-01-25 07:00:00,0.0,0.0,0.0,0.0,85.81,10.64,10.81,10.92,0.18,
108,2026-01-25 08:00:00,0.0,0.0,113.18,0.0,86.28,10.73,11.72,12.96,0.19,
108,2026-01-25 09:00:00,7.24,2.04,306.64,0.0,76.92,14.0,15.1,16.16,0.4,
108,2026-01-25 10:00:00,13.28,4.6,502.73,0.0,67.15,16.92,17.91,18.8,0.68,
108,2026-01-25 11:00:00,14.48,6.22,680.84,0.0,60.7,19.11,19.99,21.16,0.92,
108,2026-01-25 12:00:00,18.11,8.25,855.87,0.0,56.31,21.07,21.68,22.44,1.13,
108,2026-01-25 13:00:00,26.55,8.39,955.89,0.0,46.44,23.08,23.72,24.34,1.57,
108,2026-01-25 14:00:00,19.31,8.95,1025.64,0.0,43.03,24.22,24.67,25.46,1.77,
108,2026-01-25 15:00:00,19.31,10.14,761.12,0.0,47.17,23.55,24.31,25.07,1.61,
108,2026-01-25 16:00:00,19.31,10.17,460.18,0.0,52.7,22.6,23.13,23.85,1.36,
108,2026-01-25 17:00:00,21.73,10.95,305.76,0.0,55.56,20.94,21.34,21.78,1.13,
108,2026-01-25 18:00:00,20.52,9.38,244.79,0.0,57.14,20.11,20.49,20.81,1.03,
108,2026-01-25 19:00:00,14.48,6.91,254.0,0.0,58.35,20.01,20.25,20.4,0.99,
108,2026-01-25 20:00:00,10.86,3.67,193.46,0.0,58.93,20.22,20.38,20.76,0.98,
108,2026-01-25 21:00:00,4.83,0.48,190.83,0.0,61.44,18.59,20.21,21.19,0.92,
108,2026-01-25 22:00:00,2.41,0.0,0.0,0.0,71.97,16.21,17.21,18.03,0.55,
108,2026-01-25 23:00:00,8.45,1.92,0.0,0.0,74.85,14.85,15.71,16.23,0.45,
108,2026-01-26 00:00:00,4.83,0.8,0.0,0.0,76.77,13.85,14.43,14.71,0.38,
108,2026-01-26 01:00:00,7.24,1.99,0.0,0.0,80.81,13.17,13.38,13.64,0.3,
108,2026-01-26 02:00:00,6.04,1.87,0.0,0.0,83.64,12.42,12.67,12.95,0.24,
108,2026-01-26 03:00:00,4.83,0.47,0.0,0.0,86.32,11.36,11.88,12.47,0.19,
108,2026-01-26 04:00:00,6.04,0.88,0.0,0.0,88.68,11.1,11.18,11.33,0.15,
108,2026-01-26 05:00:00,4.83,0.29,0.0,0.0,88.88,10.95,11.05,11.12,0.15,
108,2026-01-26 06:00:00,2.41,0.05,0.0,0.0,89.08,10.19,10.5,10.82,0.14,
108,2026-01-26 07:00:00,0.0,0.0,0.0,0.0,89.19,10.07,10.22,10.36,0.14,
108,2026-01-26 08:00:00,0.0,0.0,94.76,0.0,89.15,9.99,10.95,12.27,0.14,
108,2026-01-26 09:00:00,3.62,0.23,291.72,0.0,81.26,13.06,13.98,14.95,0.3,
108,2026-01-26 10:00:00,8.45,2.81,479.04,0.0,74.01,15.4,16.07,16.77,0.48,
108,2026-01-26 11:00:00,9.66,3.59,699.26,0.0,66.41,17.62,18.13,18.66,0.7,
108,2026-01-26 12:00:00,10.86,3.53,843.59,0.0,60.9,19.76,20.5,21.31,0.94,
108,2026-01-26 13:00:00,9.66,3.67,966.42,0.0,56.72,21.8,22.47,23.02,1.18,
108,2026-01-26 14:00:00,12.07,3.23,1005.9,0.0,51.18,23.61,24.86,25.71,1.54,
108,2026-01-26 15:00:00,13.28,3.89,1005.02,0.0,49.91,25.28,25.79,26.25,1.67,
108,2026-01-26 16:00:00,8.45,3.29,978.7,0.0,45.36,26.41,27.51,28.05,2.01,
108,2026-01-26 17:00:00,10.86,4.0,858.5,0.0,44.39,27.88,28.36,28.56,2.15,
108,2026-01-26 18:00:00,9.66,3.53,719.44,0.0,40.52,29.22,29.57,30.11,2.46,
108,2026-01-26 19:00:00,19.31,5.51,454.04,0.0,46.17,27.63,28.17,29.24,2.06,
108,2026-01-26 20:00:00,20.52,9.04,347.88,0.0,48.97,26.14,26.96,27.61,1.82,
108,2026-01-26 21:00:00,16.9,7.68,96.07,0.0,54.03,23.01,24.13,25.14,1.39,
108,2026-01-26 22:00:00,19.31,6.73,0.0,0.0,59.79,20.24,21.41,22.43,1.03,
108,2026-01-26 23:00:00,7.24,2.61,0.0,0.0,68.46,17.92,18.89,19.72,0.69,
108,2026-01-27 00:00:00,6.04,2.96,0.0,0.0,73.9,16.47,17.05,17.8,0.51,
108,2026-01-27 01:00:00,4.83,1.3,0.0,0.0,76.91,15.57,15.84,16.26,0.42,
108,2026-01-27 02:00:00,4.83,1.58,0.0,0.0,79.28,14.81,15.01,15.36,0.35,
108,2026-01-27 03:00:00,3.62,0.74,0.0,0.0,81.65,13.58,14.3,15.02,0.3,
108,2026-01-27 04:00:00,4.83,1.27,0.0,0.0,84.9,13.29,13.54,14.0,0.24,
108,2026-01-27 05:00:00,3.62,0.26,0.0,0.0,86.35,12.43,13.03,13.6,0.21,
108,2026-01-27 06:00:00,4.83,0.45,0.0,0.0,88.06,11.95,12.2,12.42,0.17,
108,2026-01-27 07:00:00,0.0,0.0,8.77,0.0,88.14,11.09,11.57,11.98,0.16,
108,2026-01-27 08:00:00,2.41,0.02,82.91,0.0,88.76,11.22,12.3,13.37,0.16,
108,2026-01-27 09:00:00,4.83,0.44,283.39,0.0,83.27,14.05,15.41,16.69,0.3,
108,2026-01-27 10:00:00,8.45,1.69,519.4,0.0,74.53,17.28,18.15,18.86,0.53,
108,2026-01-27 11:00:00,13.28,3.94,711.98,0.0,67.7,19.36,20.54,21.67,0.78,
108,2026-01-27 12:00:00,13.28,5.3,894.47,0.0,58.81,22.21,23.19,23.8,1.17,
108,2026-01-27 13:00:00,12.07,5.18,1000.64,0.0,56.02,23.9,24.26,25.0,1.34,
108,2026-01-27 14:00:00,14.48,7.0,1138.38,0.0,49.57,25.99,26.33,26.6,1.73,
108,2026-01-27 15:00:00,16.9,7.06,1118.64,0.0,49.87,26.84,27.31,27.77,1.82,
108,2026-01-27 16:00:00,15.69,6.74,1046.7,0.0,47.1,26.39,27.56,28.39,1.95,
108,2026-01-27 17:00:00,13.28,4.36,978.26,0.0,44.01,27.81,29.21,30.04,2.28,
108,2026-01-27 18:00:00,12.07,3.38,761.12,0.0,39.89,29.65,30.15,30.91,2.58,
108,2026-01-27 19:00:00,9.66,3.58,571.6,0.0,39.93,30.46,30.66,30.76,2.65,
108,2026-01-27 20:00:00,22.93,7.08,329.45,0.0,45.85,27.25,28.85,30.22,2.16,
108,2026-01-27 21:00:00,18.11,8.17,113.18,0.0,52.35,23.98,25.54,26.78,1.57,
108,2026-01-27 22:00:00,9.66,4.06,0.0,0.0,62.34,20.43,21.77,23.18,0.99,
108,2026-01-27 23:00:00,10.86,4.47,0.0,0.0,67.38,18.74,19.44,20.4,0.74,
108,2026-01-28 00:00:00,6.04,1.28,0.0,0.0,75.12,17.42,17.75,18.18,0.51,
108,2026-01-28 01:00:00,7.24,1.74,0.0,0.0,80.9,16.35,16.79,17.39,0.37,
108,2026-01-28 02:00:00,6.04,1.31,0.0,0.0,86.15,15.34,15.8,16.27,0.25,
108,2026-01-28 03:00:00,6.04,2.07,0.0,0.0,89.2,14.71,15.31,15.9,0.19,
108,2026-01-28 04:00:00,3.62,0.2,0.0,0.0,90.35,14.1,14.47,14.76,0.16,
108,2026-01-28 05:00:00,4.83,0.59,0.0,0.0,90.92,13.15,13.6,13.82,0.14,
108,2026-01-28 06:00:00,4.83,0.97,0.0,0.0,92.59,12.82,12.96,13.02,0.11,
108,2026-01-28 07:00:00,3.62,1.03,0.0,0.0,92.97,13.06,13.14,13.23,0.11,
108,2026-01-28 08:00:00,2.41,0.08,109.67,0.0,92.63,13.26,13.97,14.93,0.12,
108,2026-01-28 09:00:00,16.9,5.66,316.73,0.0,85.81,15.75,16.63,17.29,0.27,
108,2026-01-28 10:00:00,19.31,9.25,508.87,0.0,75.96,18.05,19.44,20.86,0.55,
108,2026-01-28 11:00:00,19.31,8.63,688.29,0.0,66.84,21.45,22.63,23.47,0.92,
108,2026-01-28 12:00:00,18.11,8.9,871.22,0.0,59.43,23.85,24.9,25.59,1.28,
108,2026-01-28 13:00:00,21.73,11.09,971.24,0.0,53.83,26.33,27.18,28.18,1.67,
108,2026-01-28 14:00:00,24.14,10.87,1016.87,0.0,43.87,29.49,30.21,30.64,2.41,
108,2026-01-28 15:00:00,21.73,8.96,1020.38,0.0,39.63,31.35,31.69,32.01,2.82,
108,2026-01-28 16:00:00,22.93,9.28,981.33,0.0,38.26,31.87,32.29,32.57,2.99,
108,2026-01-28 17:00:00,24.14,10.2,892.28,0.0,32.56,32.73,33.0,33.35,3.39,
108,2026-01-28 18:00:00,18.11,9.63,761.99,0.0,30.49,33.22,33.64,34.11,3.63,
108,2026-01-28 19:00:00,19.31,8.84,541.33,0.0,28.64,33.66,33.9,34.17,3.78,
108,2026-01-28 20:00:00,16.9,8.98,345.24,0.0,35.34,31.43,32.38,33.21,3.15,
108,2026-01-28 21:00:00,10.86,5.18,131.6,0.0,50.6,26.57,28.24,30.12,1.92,
108,2026-01-28 22:00:00,8.45,4.04,0.0,0.0,64.4,24.42,24.94,25.59,1.13,
108,2026-01-28 23:00:00,7.24,1.6,0.0,0.0,70.65,22.0,22.87,23.85,0.82,
108,2026-01-29 00:00:00,0.0,0.0,0.0,0.0,74.08,20.77,21.24,21.83,0.65,
108,2026-01-29 01:00:00,4.83,0.56,0.0,0.0,78.66,19.29,19.74,20.57,0.5,
108,2026-01-29 02:00:00,3.62,0.23,0.0,0.0,80.29,18.93,19.22,19.52,0.44,
108,2026-01-29 03:00:00,4.83,1.31,0.0,0.0,82.37,18.27,18.87,19.1,0.39,
108,2026-01-29 04:00:00,7.24,3.14,0.0,0.0,83.67,18.87,19.08,19.41,0.36,
108,2026-01-29 05:00:00,7.24,1.09,0.0,0.0,85.44,18.11,18.52,19.04,0.31,
108,2026-01-29 06:00:00,2.41,0.27,0.0,0.0,87.65,17.31,17.55,17.86,0.25,
108,2026-01-29 07:00:00,0.0,0.0,11.41,0.0,87.73,16.45,16.83,17.16,0.23,
108,2026-01-29 08:00:00,0.0,0.0,89.49,0.0,88.62,16.47,17.32,18.72,0.23,
108,2026-01-29 09:00:00,6.04,1.0,284.71,0.0,80.36,19.85,20.74,21.26,0.49,
108,2026-01-29 10:00:00,9.66,2.33,517.65,0.0,73.71,21.77,22.64,23.56,0.73,
108,2026-01-29 11:00:00,15.69,6.91,693.12,0.0,68.45,23.85,24.56,25.28,0.98,
108,2026-01-29 12:00:00,20.52,8.09,840.08,0.0,64.31,25.79,26.57,27.14,1.24,
108,2026-01-29 13:00:00,19.31,8.38,941.41,0.0,60.43,27.21,28.29,28.92,1.53,
108,2026-01-29 14:00:00,18.11,7.39,991.86,0.0,54.6,29.75,30.49,31.12,1.99,
108,2026-01-29 15:00:00,22.93,9.34,990.99,0.0,51.08,31.26,31.74,32.23,2.3,
108,2026-01-29 16:00:00,24.14,11.86,955.45,0.0,45.03,32.49,32.72,32.97,2.72,
108,2026-01-29 17:00:00,26.55,11.17,871.22,0.0,44.99,32.69,32.92,33.0,2.76,
108,2026-01-29 18:00:00,21.73,8.53,700.14,0.0,43.13,33.08,33.14,33.18,2.89,
108,2026-01-29 19:00:00,19.31,9.43,525.98,0.0,45.09,31.42,31.82,32.19,2.59,
108,2026-01-29 20:00:00,15.69,6.5,343.49,0.0,48.69,29.33,30.27,30.99,2.21,
108,2026-01-29 21:00:00,15.69,6.8,137.31,0.0,56.66,25.21,26.91,28.43,1.55,
108,2026-01-29 22:00:00,10.86,3.01,0.0,0.0,70.23,21.9,22.87,23.84,0.83,
108,2026-01-29 23:00:00,16.9,7.64,0.0,0.0,74.42,19.87,20.84,21.76,0.63,
108,2026-01-30 00:00:00,14.48,4.16,0.0,0.0,80.63,18.36,18.84,19.42,0.42,
108,2026-01-30 01:00:00,6.04,0.63,0.0,0.0,83.43,17.66,17.97,18.29,0.34,
108,2026-01-30 02:00:00,4.83,0.36,0.0,0.0,84.93,17.48,17.55,17.61,0.31,
108,2026-01-30 03:00:00,0.0,0.0,0.0,0.0,85.72,17.07,17.22,17.48,0.28,
108,2026-01-30 04:00:00,6.04,1.27,0.0,0.0,87.3,16.9,16.93,16.99,0.25,
108,2026-01-30 05:00:00,8.45,1.84,0.0,0.0,88.76,16.83,16.9,16.93,0.22,
108,2026-01-30 06:00:00,4.83,0.59,0.0,0.0,88.48,17.07,17.39,17.79,0.23,
108,2026-01-30 07:00:00,9.66,4.1,0.0,0.0,86.75,17.94,17.97,18.01,0.27,
108,2026-01-30 08:00:00,12.07,5.6,36.85,0.0,86.01,18.01,18.12,18.25,0.29,
108,2026-01-30 09:00:00,16.9,7.48,94.76,0.0,83.95,18.41,18.58,18.73,0.34,
108,2026-01-30 10:00:00,18.11,8.8,297.43,0.0,80.66,19.18,19.66,20.07,0.44,
108,2026-01-30 11:00:00,15.69,7.32,348.75,0.0,77.65,20.19,20.3,20.38,0.53,
108,2026-01-30 12:00:00,13.28,4.77,807.62,0.0,73.74,20.69,21.04,21.49,0.66,
108,2026-01-30 13:00:00,13.28,4.57,1137.07,0.0,68.64,22.65,23.08,23.7,0.89,
108,2026-01-30 14:00:00,15.69,6.31,743.57,0.0,67.07,23.5,23.83,24.09,0.97,
108,2026-01-30 15:00:00,22.93,7.35,1130.93,0.0,64.71,24.8,25.2,25.7,1.14,
108,2026-01-30 16:00:00,12.07,4.83,1022.57,0.0,58.4,26.09,26.37,26.64,1.43,
108,2026-01-30 17:00:00,14.48,3.25,889.21,0.0,57.38,26.56,27.03,27.22,1.52,
108,2026-01-30 18:00:00,16.9,7.09,722.51,0.0,56.42,27.38,27.89,28.39,1.64,
108,2026-01-30 19:00:00,13.28,5.84,545.28,0.0,58.92,27.5,27.8,28.25,1.54,
108,2026-01-30 20:00:00,13.28,5.95,357.97,0.0,58.95,27.15,27.43,27.66,1.5,
108,2026-01-30 21:00:00,10.86,3.11,87.74,0.0,65.56,23.98,25.37,26.42,1.12,
108,2026-01-30 22:00:00,7.24,2.79,0.0,0.0,73.95,21.84,22.5,23.19,0.71,
108,2026-01-30 23:00:00,18.11,7.23,0.0,0.0,74.1,22.0,22.14,22.39,0.69,
108,2026-01-31 00:00:00,15.69,8.03,0.0,0.0,78.54,20.47,20.85,21.36,0.53,
108,2026-01-31 01:00:00,13.28,5.61,0.0,0.0,81.62,19.31,19.82,20.26,0.43,
108,2026-01-31 02:00:00,9.66,4.23,0.0,0.0,85.04,18.27,18.77,19.14,0.33,
108,2026-01-31 03:00:00,6.04,1.54,0.0,0.0,87.3,17.65,17.92,18.01,0.26,
108,2026-01-31 04:00:00,4.83,1.72,0.0,0.0,89.11,16.62,17.03,17.5,0.21,
108,2026-01-31 05:00:00,8.45,1.96,0.0,0.0,90.96,16.32,16.6,16.72,0.17,
108,2026-01-31 06:00:00,9.66,3.31,0.0,0.0,92.39,16.19,16.41,16.59,0.14,
108,2026-01-31 07:00:00,18.11,7.5,0.0,0.0,92.92,16.85,16.97,17.13,0.14,
108,2026-01-31 08:00:00,16.9,6.55,18.42,0.0,92.68,17.21,17.22,17.25,0.14,
108,2026-01-31 09:00:00,14.48,7.03,45.62,0.0,93.08,17.16,17.24,17.38,0.14,
108,2026-01-31 10:00:00,13.28,5.87,69.75,0.0,92.66,17.32,17.44,17.62,0.15,
108,2026-01-31 11:00:00,14.48,6.2,107.48,0.0,88.39,17.75,18.16,18.51,0.24,
108,2026-01-31 12:00:00,12.07,5.69,357.53,0.0,83.59,18.58,19.13,19.76,0.36,
108,2026-01-31 13:00:00,13.28,2.67,364.55,0.0,77.11,20.17,20.48,20.6,0.55,
108,2026-01-31 14:00:00,9.66,3.23,815.51,0.0,74.67,20.9,21.49,22.42,0.65,
108,2026-01-31 15:00:00,9.66,4.17,1040.56,0.0,68.0,22.73,23.97,25.01,0.96,
108,2026-01-31 16:00:00,14.48,4.83,912.46,0.0,62.77,25.59,25.85,26.45,1.24,
108,2026-01-31 17:00:00,13.28,5.69,839.64,0.0,58.26,26.97,27.62,28.45,1.55,
108,2026-01-31 18:00:00,10.86,3.61,747.95,0.0,53.15,28.64,28.94,29.22,1.87,
108,2026-01-31 19:00:00,9.66,1.89,534.75,0.0,52.52,29.06,29.52,29.86,1.96,
108,2026-01-31 20:00:00,7.24,1.76,206.62,0.0,55.16,28.07,28.45,28.77,1.74,
108,2026-01-31 21:00:00,4.83,0.83,50.01,0.0,64.67,24.7,26.09,27.59,1.21,
108,2026-01-31 22:00:00,18.11,8.11,0.0,0.0,67.3,22.77,23.5,24.19,0.95,
108,2026-01-31 23:00:00,15.69,4.65,0.0,0.0,69.05,21.97,22.23,22.69,0.83,
108,2026-02-01 00:00:00,4.83,0.77,0.0,0.0,75.18,19.53,20.51,21.48,0.6,
108,2026-02-01 01:00:00,9.66,1.86,0.0,0.0,76.56,19.38,19.73,20.07,0.54,
108,2026-02-01 02:00:00,8.45,1.36,0.0,0.0,76.99,18.97,19.45,20.08,0.52,
108,2026-02-01 03:00:00,8.45,2.31,0.0,0.0,80.36,18.05,18.3,18.65,0.41,
108,2026-02-01 04:00:00,4.83,0.85,0.0,0.0,82.41,17.25,17.67,17.92,0.36,
108,2026-02-01 05:00:00,1.21,0.02,0.0,0.0,85.62,16.47,16.83,17.2,0.28,
108,2026-02-01 06:00:00,4.83,0.7,0.0,0.0,89.05,15.64,15.7,15.77,0.2,
108,2026-02-01 07:00:00,2.41,0.05,0.0,0.0,89.47,15.1,15.31,15.58,0.18,
108,2026-02-01 08:00:00,2.41,0.06,77.21,0.0,89.68,15.0,15.61,16.44,0.19,
108,2026-02-01 09:00:00,8.45,1.84,274.18,0.0,83.93,17.2,18.11,18.95,0.34,
108,2026-02-01 10:00:00,7.24,1.36,462.37,0.0,75.63,19.84,20.21,20.81,0.58,
108,2026-02-01 11:00:00,8.45,2.45,683.91,0.0,67.9,22.12,22.82,23.18,0.89,
108,2026-02-01 12:00:00,8.45,2.49,829.55,0.0,63.03,24.34,24.96,25.56,1.17,
108,2026-02-01 13:00:00,8.45,2.79,927.38,0.0,58.28,25.95,27.03,28.0,1.49,
108,2026-02-01 14:00:00,10.86,3.25,980.02,0.0,54.32,28.08,28.64,29.35,1.8,
108,2026-02-01 15:00:00,14.48,5.12,986.6,0.0,53.02,29.75,30.11,30.56,2.01,
108,2026-02-01 16:00:00,12.07,2.48,947.12,0.0,47.32,31.33,31.68,31.94,2.46,
108,2026-02-01 17:00:00,14.48,3.67,883.95,0.0,47.72,31.53,32.18,32.78,2.52,
108,2026-02-01 18:00:00,24.14,4.24,213.64,0.0,51.34,30.89,31.09,31.36,2.2,
108,2026-02-01 19:00:00,20.52,10.89,534.75,0.0,51.88,29.54,30.13,30.67,2.06,
108,2026-02-01 20:00:00,24.14,12.22,128.53,0.0,54.98,27.5,28.06,28.81,1.71,
108,2026-02-01 21:00:00,24.14,12.41,79.84,0.0,57.1,24.54,26.03,27.8,1.45,
108,2026-02-01 22:00:00,15.69,8.45,0.0,0.0,61.9,22.8,23.46,23.97,1.1,
108,2026-02-01 23:00:00,13.28,3.31,0.0,0.0,64.67,22.1,22.35,22.62,0.95,
108,2026-02-02 00:00:00,4.83,1.75,0.0,0.0,69.24,20.97,21.24,21.71,0.78,
108,2026-02-02 01:00:00,7.24,1.6,0.0,0.0,72.84,19.07,20.06,21.14,0.64,
108,2026-02-02 02:00:00,4.83,1.33,0.0,0.0,76.47,17.9,18.18,18.48,0.49,
108,2026-02-02 03:00:00,1.21,0.0,0.0,0.0,76.7,17.17,17.62,18.05,0.47,
108,2026-02-02 04:00:00,2.41,0.09,0.0,0.0,79.72,15.83,16.31,16.94,0.38,
108,2026-02-02 05:00:00,0.0,0.0,0.0,0.0,81.95,15.0,15.38,15.72,0.32,
108,2026-02-02 06:00:00,1.21,0.02,0.0,0.0,84.92,14.85,15.18,15.71,0.26,
108,2026-02-02 07:00:00,3.62,0.39,0.0,0.0,83.42,15.17,15.6,15.87,0.3,
108,2026-02-02 08:00:00,4.83,0.2,66.24,0.0,87.55,14.26,14.93,15.75,0.21,
108,2026-02-02 09:00:00,6.04,2.08,262.33,0.0,79.78,16.28,16.9,17.83,0.39,
108,2026-02-02 10:00:00,12.07,3.44,508.43,0.0,71.84,18.0,18.76,19.35,0.61,
108,2026-02-02 11:00:00,12.07,4.3,809.37,0.0,65.32,19.81,20.61,21.41,0.85,
108,2026-02-02 12:00:00,12.07,4.35,723.83,0.0,60.39,21.52,22.32,22.93,1.07,
108,2026-02-02 13:00:00,19.31,6.26,968.61,0.0,53.54,24.45,24.85,25.43,1.46,
108,2026-02-02 14:00:00,20.52,9.66,1105.92,0.0,53.74,24.85,25.8,26.77,1.54,
108,2026-02-02 15:00:00,20.52,9.91,1119.08,0.0,55.5,26.38,27.0,27.45,1.59,
108,2026-02-02 16:00:00,21.73,9.04,1197.6,0.0,58.08,26.36,26.98,27.7,1.5,
108,2026-02-02 17:00:00,20.52,9.04,973.44,0.0,58.37,26.63,27.03,27.39,1.49,
108,2026-02-02 18:00:00,20.52,9.42,314.54,0.0,60.4,26.33,26.57,26.91,1.38,
108,2026-02-02 19:00:00,24.14,13.28,246.1,0.0,64.69,24.5,25.05,26.26,1.13,
108,2026-02-02 20:00:00,22.93,11.54,88.18,0.0,67.54,23.12,23.52,24.11,0.94,
108,2026-02-02 21:00:00,26.55,13.73,59.66,0.0,71.88,20.91,21.64,22.49,0.73,
108,2026-02-02 22:00:00,24.14,13.46,0.0,0.0,74.5,20.24,20.5,20.73,0.61,
108,2026-02-02 23:00:00,22.93,9.13,0.0,0.0,75.98,19.77,19.92,20.07,0.56,
108,2026-02-03 00:00:00,15.69,5.84,0.0,0.0,77.05,19.52,19.57,19.66,0.52,
108,2026-02-03 01:00:00,8.45,1.81,0.0,0.0,79.41,18.84,19.05,19.35,0.46,
108,2026-02-03 02:00:00,16.9,7.24,0.0,0.0,78.8,19.2,19.25,19.29,0.48,
108,2026-02-03 03:00:00,15.69,6.4,0.0,0.0,79.35,19.04,19.15,19.2,0.46,
108,2026-02-03 04:00:00,13.28,5.72,0.0,0.0,78.19,19.12,19.19,19.24,0.49,
108,2026-02-03 05:00:00,10.86,3.33,0.0,0.0,77.74,18.98,19.09,19.2,0.49,
108,2026-02-03 06:00:00,12.07,4.36,0.0,0.0,77.22,18.82,18.88,18.95,0.5,
108,2026-02-03 07:00:00,12.07,5.93,0.0,0.0,77.76,18.59,18.66,18.72,0.48,
108,2026-02-03 08:00:00,9.66,4.06,76.77,0.0,77.85,18.54,18.81,19.17,0.48,
108,2026-02-03 09:00:00,16.9,6.44,375.95,0.0,73.17,19.59,20.46,21.32,0.65,
108,2026-02-03 10:00:00,25.35,12.36,720.76,0.0,69.5,20.97,21.44,21.76,0.78,
108,2026-02-03 11:00:00,22.93,10.57,674.69,0.0,70.19,21.14,21.36,21.56,0.76,
108,2026-02-03 12:00:00,20.52,10.79,487.82,0.0,67.47,21.5,21.96,22.6,0.86,
108,2026-02-03 13:00:00,21.73,10.35,423.77,0.0,67.14,22.19,22.71,23.0,0.91,
108,2026-02-03 14:00:00,21.73,11.14,493.96,0.0,65.68,22.66,23.18,23.76,0.98,
108,2026-02-03 15:00:00,22.93,11.57,1284.9,0.0,59.98,24.66,24.98,25.26,1.27,
108,2026-02-03 16:00:00,22.93,11.06,1172.16,0.0,55.27,25.36,26.1,26.47,1.52,
108,2026-02-03 17:00:00,22.93,11.33,1098.02,0.0,55.72,26.22,26.49,26.84,1.53,
108,2026-02-03 18:00:00,26.55,10.32,961.59,0.0,57.14,25.77,25.88,25.99,1.43,
108,2026-02-03 19:00:00,20.52,11.03,643.11,0.0,58.59,24.52,25.31,26.15,1.34,
108,2026-02-03 20:00:00,25.35,11.84,170.65,0.0,63.29,23.19,23.48,23.97,1.06,
108,2026-02-03 21:00:00,16.9,8.1,70.19,0.0,66.94,21.94,22.26,22.81,0.89,
108,2026-02-03 22:00:00,15.69,5.01,0.0,0.0,69.29,20.88,21.44,21.81,0.79,
108,2026-02-03 23:00:00,12.07,3.74,0.0,0.0,72.31,20.19,20.46,20.7,0.67,
108,2026-02-04 00:00:00,7.24,1.5,0.0,0.0,73.51,19.79,19.9,20.06,0.62,
108,2026-02-04 01:00:00,6.04,1.36,0.0,0.0,75.65,19.44,19.51,19.57,0.55,
108,2026-02-04 02:00:00,7.24,0.86,0.0,0.0,77.57,19.15,19.32,19.5,0.5,
108,2026-02-04 03:00:00,9.66,3.11,0.0,0.0,80.34,18.14,18.55,18.89,0.42,
108,2026-02-04 04:00:00,7.24,2.87,0.0,0.0,83.48,17.9,17.93,17.96,0.34,
108,2026-02-04 05:00:00,9.66,3.44,0.0,0.0,84.01,17.61,17.81,18.03,0.33,
108,2026-02-04 06:00:00,10.86,2.29,0.0,0.0,84.8,17.38,17.5,17.62,0.3,
108,2026-02-04 07:00:00,3.62,0.14,0.0,0.0,86.05,17.03,17.24,17.46,0.28,
108,2026-02-04 08:00:00,4.83,0.75,30.71,0.0,86.34,17.13,17.35,17.59,0.27,
108,2026-02-04 09:00:00,8.45,1.33,122.39,0.0,83.68,17.84,18.23,18.69,0.34,
108,2026-02-04 10:00:00,10.86,4.01,412.8,0.0,77.44,19.24,19.54,19.9,0.52,
108,2026-02-04 11:00:00,15.69,5.8,190.83,0.0,80.09,18.82,19.14,19.56,0.44,
108,2026-02-04 12:00:00,14.48,7.63,1023.45,0.0,78.39,18.77,19.45,19.91,0.49,
108,2026-02-04 13:00:00,16.9,9.25,268.47,0.0,82.14,18.12,18.46,18.87,0.38,
108,2026-02-04 14:00:00,15.69,8.54,336.47,0.0,81.32,18.2,18.56,18.83,0.4,
108,2026-02-04 15:00:00,13.28,6.56,261.02,0.0,78.56,19.2,19.29,19.39,0.48,
108,2026-02-04 16:00:00,14.48,6.25,277.69,0.0,78.37,19.46,19.64,19.91,0.5,
108,2026-02-04 17:00:00,13.28,6.6,388.23,0.0,77.6,19.84,19.94,20.07,0.52,
108,2026-02-04 18:00:00,16.9,8.35,187.32,0.0,81.91,18.91,19.22,19.59,0.4,
108,2026-02-04 19:00:00,10.86,4.81,139.06,0.0,81.24,18.94,19.22,19.41,0.42,
108,2026-02-04 20:00:00,7.24,2.93,48.26,0.0,78.2,19.36,19.38,19.41,0.49,
108,2026-02-04 21:00:00,8.45,2.97,22.37,0.0,78.4,19.0,19.21,19.38,0.48,
108,2026-02-04 22:00:00,6.04,1.07,0.0,0.0,81.89,17.76,18.4,18.89,0.38,
108,2026-02-04 23:00:00,4.83,0.59,0.0,0.0,86.46,17.45,17.55,17.68,0.27,
108,2026-02-05 00:00:00,7.24,1.54,0.0,0.0,87.83,17.32,17.36,17.44,0.24,
108,2026-02-05 01:00:00,7.24,2.81,0.0,0.0,89.99,17.01,17.19,17.31,0.2,
108,2026-02-05 02:00:00,4.83,0.63,0.0,0.0,90.43,16.76,16.84,16.96,0.18,
108,2026-02-05 03:00:00,1.21,0.0,0.0,0.0,89.89,16.34,16.49,16.76,0.19,
108,2026-02-05 04:00:00,4.83,0.82,0.0,0.0,90.61,16.23,16.3,16.34,0.17,
108,2026-02-05 05:00:00,2.41,0.08,0.0,0.0,91.08,16.2,16.29,16.38,0.17,
108,2026-02-05 06:00:00,4.83,0.29,0.0,0.0,92.0,15.97,16.06,16.11,0.15,
108,2026-02-05 07:00:00,7.24,1.86,0.0,0.0,92.8,16.19,16.23,16.28,0.13,
108,2026-02-05 08:00:00,7.24,1.5,18.42,0.0,92.64,16.19,16.24,16.3,0.14,
108,2026-02-05 09:00:00,10.86,4.66,114.06,0.0,91.1,16.44,16.7,17.0,0.17,
108,2026-02-05 10:00:00,18.11,7.76,188.2,0.0,86.38,17.34,17.44,17.66,0.27,
108,2026-02-05 11:00:00,15.69,7.55,303.57,0.0,83.06,17.61,17.87,18.08,0.35,
108,2026-02-05 12:00:00,13.28,6.61,423.77,0.0,80.71,18.18,18.5,18.95,0.41,
108,2026-02-05 13:00:00,12.07,5.24,380.34,0.0,75.12,19.34,19.56,19.96,0.57,
108,2026-02-05 14:00:00,10.86,4.0,604.94,0.0,68.45,20.29,20.96,22.11,0.79,
108,2026-02-05 15:00:00,8.45,2.1,799.72,0.0,63.18,22.55,22.71,23.15,1.02,
108,2026-02-05 16:00:00,10.86,2.27,509.31,0.0,58.44,22.97,23.48,24.19,1.21,
108,2026-02-05 17:00:00,8.45,3.36,657.59,0.0,57.25,23.66,23.86,24.14,1.27,
108,2026-02-05 18:00:00,12.07,4.01,803.23,0.0,52.55,24.9,25.59,26.05,1.56,
108,2026-02-05 19:00:00,13.28,5.0,765.5,0.0,50.25,26.15,26.3,26.43,1.7,
108,2026-02-05 20:00:00,15.69,7.17,373.32,0.0,50.19,24.59,25.27,26.09,1.61,
108,2026-02-05 21:00:00,10.86,5.18,89.49,0.0,57.54,21.14,22.54,23.83,1.17,
108,2026-02-05 22:00:00,10.86,4.96,0.0,0.0,61.62,20.11,20.82,21.66,0.95,
108,2026-02-05 23:00:00,12.07,4.6,0.0,0.0,66.67,18.32,19.33,20.11,0.75,
108,2026-02-06 00:00:00,12.07,4.8,0.0,0.0,70.76,16.23,17.79,18.63,0.6,
108,2026-02-06 01:00:00,8.45,4.62,0.0,0.0,77.37,15.0,15.63,16.55,0.4,
108,2026-02-06 02:00:00,14.48,4.18,0.0,0.0,75.91,14.62,14.85,15.03,0.41,
108,2026-02-06 03:00:00,16.9,8.09,0.0,0.0,69.73,14.82,15.05,15.33,0.52,
108,2026-02-06 04:00:00,13.28,4.04,0.0,0.0,73.97,12.92,13.68,14.3,0.41,
108,2026-02-06 05:00:00,9.66,4.66,0.0,0.0,79.5,12.34,12.48,12.58,0.3,
108,2026-02-06 06:00:00,7.24,1.87,0.0,0.0,81.51,10.94,11.44,12.03,0.25,
108,2026-02-06 07:00:00,4.83,1.32,0.0,0.0,85.38,9.73,10.11,10.62,0.18,
108,2026-02-06 08:00:00,10.86,4.71,91.68,0.0,85.71,9.85,10.39,11.01,0.18,
108,2026-02-06 09:00:00,19.31,9.79,306.64,0.0,77.68,11.6,12.26,12.94,0.32,
108,2026-02-06 10:00:00,20.52,10.08,502.73,0.0,71.51,13.48,14.32,15.52,0.47,
108,2026-02-06 11:00:00,18.11,7.56,684.78,0.0,66.17,15.85,16.68,17.11,0.64,
108,2026-02-06 12:00:00,16.9,7.74,869.91,0.0,61.15,18.15,19.1,19.76,0.86,
108,2026-02-06 13:00:00,16.9,7.77,973.44,0.0,55.4,20.81,21.76,22.83,1.17,
108,2026-02-06 14:00:00,18.11,7.26,1019.5,0.0,45.86,23.61,24.72,25.67,1.69,
108,2026-02-06 15:00:00,19.31,7.8,1025.64,0.0,37.44,25.59,26.47,27.05,2.17,
108,2026-02-06 16:00:00,18.11,8.24,987.91,0.0,31.44,27.59,28.17,28.83,2.62,
108,2026-02-06 17:00:00,21.73,10.26,894.04,0.0,25.18,28.19,28.75,29.94,2.96,
108,2026-02-06 18:00:00,19.31,8.7,760.68,0.0,23.79,28.88,29.1,29.43,3.07,
108,2026-02-06 19:00:00,18.11,8.24,583.89,0.0,22.49,29.39,29.62,29.9,3.22,
108,2026-02-06 20:00:00,15.69,7.7,336.47,0.0,28.23,26.47,27.82,28.91,2.69,
108,2026-02-06 21:00:00,7.24,4.27,111.86,0.0,42.31,21.42,23.08,25.11,1.64,
108,2026-02-06 22:00:00,9.66,5.25,0.0,0.0,45.0,20.08,20.5,20.84,1.33,
108,2026-02-06 23:00:00,8.45,4.22,0.0,0.0,53.43,17.72,18.28,18.66,0.98,
108,2026-02-07 00:00:00,8.45,4.09,0.0,0.0,55.25,16.49,17.87,18.82,0.92,
108,2026-02-07 01:00:00,6.04,1.99,0.0,0.0,68.64,14.09,14.87,15.87,0.53,
108,2026-02-07 02:00:00,4.83,0.83,0.0,0.0,72.3,12.92,13.75,14.74,0.44,
108,2026-02-07 03:00:00,4.83,1.06,0.0,0.0,74.07,13.01,13.34,13.55,0.4,
108,2026-02-07 04:00:00,3.62,0.12,0.0,0.0,78.1,11.95,12.38,13.02,0.32,
108,2026-02-07 05:00:00,4.83,1.66,0.0,0.0,84.89,11.12,11.36,11.74,0.2,
108,2026-02-07 06:00:00,4.83,1.45,0.0,0.0,87.42,10.66,10.85,11.02,0.16,
108,2026-02-07 07:00:00,0.0,0.0,0.0,0.0,88.14,9.99,10.27,10.53,0.15,
108,2026-02-07 08:00:00,0.0,0.0,73.26,0.0,88.98,9.58,10.16,10.98,0.14,
108,2026-02-07 09:00:00,14.48,3.55,290.85,0.0,82.56,11.75,13.16,14.52,0.27,
108,2026-02-07 10:00:00,14.48,6.94,489.13,0.0,72.91,14.99,15.7,16.52,0.48,
108,2026-02-07 11:00:00,12.07,5.61,716.81,0.0,67.06,16.7,17.69,18.66,0.67,
108,2026-02-07 12:00:00,14.48,5.51,863.77,0.0,59.78,19.84,20.86,21.91,0.99,
108,2026-02-07 13:00:00,15.69,6.07,970.37,0.0,50.48,22.81,23.91,25.26,1.48,
108,2026-02-07 14:00:00,10.86,4.06,1030.91,0.0,38.78,25.52,26.19,27.01,2.08,
108,2026-02-07 15:00:00,13.28,5.03,1031.78,0.0,29.89,28.16,28.56,28.87,2.74,
108,2026-02-07 16:00:00,9.66,2.85,1002.39,0.0,26.14,29.35,29.94,30.46,3.13,
108,2026-02-07 17:00:00,16.9,5.24,905.44,0.0,23.5,30.97,31.46,32.1,3.53,
108,2026-02-07 18:00:00,13.28,4.45,765.94,0.0,21.08,32.12,32.58,33.01,3.88,
108,2026-02-07 19:00:00,16.9,5.48,539.58,0.0,26.47,29.35,31.35,32.83,3.39,
108,2026-02-07 20:00:00,21.73,11.29,344.37,0.0,31.24,26.26,27.61,28.63,2.55,
108,2026-02-07 21:00:00,19.31,7.62,71.51,0.0,45.35,20.39,22.78,24.91,1.53,
108,2026-02-07 22:00:00,16.9,5.73,0.0,0.0,58.84,18.01,18.84,19.53,0.9,
108,2026-02-07 23:00:00,10.86,4.92,0.0,0.0,68.48,16.11,16.91,17.93,0.61,
108,2026-02-08 00:00:00,10.86,5.15,0.0,0.0,74.87,14.87,15.39,16.07,0.44,
108,2026-02-08 01:00:00,9.66,3.91,0.0,0.0,81.43,13.75,14.17,14.55,0.3,
108,2026-02-08 02:00:00,3.62,0.32,0.0,0.0,85.56,12.4,12.81,13.22,0.21,
108,2026-02-08 03:00:00,3.62,0.48,0.0,0.0,88.19,11.75,12.05,12.34,0.17,
108,2026-02-08 04:00:00,0.0,0.0,0.0,0.0,89.18,11.22,11.49,11.78,0.15,
108,2026-02-08 05:00:00,0.0,0.0,0.0,0.0,89.88,10.27,10.51,10.71,0.13,
108,2026-02-08 06:00:00,0.0,0.0,0.0,0.0,90.32,9.25,9.6,10.07,0.11,
108,2026-02-08 07:00:00,0.0,0.0,0.0,0.0,90.31,8.46,8.62,8.89,0.11,
108,2026-02-08 08:00:00,0.0,0.0,56.59,0.0,91.16,8.5,9.52,11.2,0.11,
108,2026-02-08 09:00:00,6.04,1.07,314.54,0.0,88.92,12.1,13.63,15.11,0.18,
108,2026-02-08 10:00:00,14.48,3.67,690.93,0.0,80.58,15.48,16.05,16.58,0.36,
108,2026-02-08 11:00:00,13.28,4.89,740.94,0.0,73.95,17.39,17.72,18.18,0.53,
108,2026-02-08 12:00:00,12.07,4.81,862.89,0.0,67.82,18.25,19.45,20.47,0.73,
108,2026-02-08 13:00:00,13.28,4.06,958.52,0.0,62.08,20.9,21.57,21.97,0.98,
108,2026-02-08 14:00:00,28.97,6.53,997.13,0.0,55.94,22.97,23.35,23.95,1.27,
108,2026-02-08 15:00:00,19.31,7.74,1001.51,0.0,49.7,24.19,24.72,25.24,1.57,
108,2026-02-08 16:00:00,14.48,5.33,972.56,0.0,46.34,25.35,26.05,27.12,1.82,
108,2026-02-08 17:00:00,16.9,6.59,863.77,0.0,43.34,27.61,27.79,28.18,2.12,
108,2026-02-08 18:00:00,13.28,5.75,753.66,0.0,45.18,26.97,27.55,28.29,2.02,
108,2026-02-08 19:00:00,25.35,13.55,472.02,0.0,51.77,25.73,25.9,26.07,1.61,
108,2026-02-08 20:00:00,22.93,10.82,344.8,0.0,51.9,24.28,25.04,25.73,1.53,
108,2026-02-08 21:00:00,21.73,9.3,78.52,0.0,58.7,21.76,22.53,23.38,1.13,
108,2026-02-08 22:00:00,10.86,5.99,0.0,0.0,67.09,19.39,20.01,20.88,0.77,
108,2026-02-08 23:00:00,12.07,4.24,0.0,0.0,74.28,17.53,18.02,18.95,0.54,
108,2026-02-09 00:00:00,7.24,2.48,0.0,0.0,78.69,15.9,16.69,17.29,0.41,
108,2026-02-09 01:00:00,3.62,0.85,0.0,0.0,84.33,14.78,15.1,15.48,0.27,
108,2026-02-09 02:00:00,3.62,0.39,0.0,0.0,86.4,14.31,14.5,14.67,0.23,
108,2026-02-09 03:00:00,0.0,0.0,0.0,0.0,88.58,13.36,13.7,13.99,0.18,
108,2026-02-09 04:00:00,4.83,1.24,0.0,0.0,90.58,13.17,13.25,13.32,0.14,
108,2026-02-09 05:00:00,2.41,0.08,0.0,0.0,91.04,12.54,12.86,13.05,0.13,
108,2026-02-09 06:00:00,4.83,0.47,0.0,0.0,91.12,12.33,12.57,12.85,0.13,
108,2026-02-09 07:00:00,1.21,0.0,0.0,0.0,91.87,12.08,12.25,12.67,0.12,
108,2026-02-09 08:00:00,3.62,0.2,75.01,0.0,92.48,12.02,12.5,13.34,0.11,
108,2026-02-09 09:00:00,14.48,6.84,285.14,0.0,89.57,14.31,15.47,16.52,0.19,
108,2026-02-09 10:00:00,19.31,9.07,477.73,0.0,79.73,17.07,17.99,19.07,0.42,
108,2026-02-09 11:00:00,18.11,7.2,655.39,0.0,72.52,19.72,20.43,21.33,0.66,
108,2026-02-09 12:00:00,19.31,10.5,839.64,0.0,65.01,21.83,22.64,23.56,0.97,
108,2026-02-09 13:00:00,27.76,8.86,938.34,0.0,55.96,23.39,24.26,24.96,1.34,
108,2026-02-09 14:00:00,15.69,6.2,985.72,0.0,50.7,25.09,25.77,26.77,1.64,
108,2026-02-09 15:00:00,20.52,7.0,989.23,0.0,48.66,26.25,26.74,27.66,1.8,
108,2026-02-09 16:00:00,22.93,7.2,953.7,0.0,47.53,27.28,27.75,28.73,1.96,
108,2026-02-09 17:00:00,15.69,6.19,858.5,0.0,42.12,27.77,28.7,29.36,2.28,
108,2026-02-09 18:00:00,19.31,6.92,722.95,0.0,39.29,28.77,29.45,29.86,2.5,
108,2026-02-09 19:00:00,15.69,6.65,550.11,0.0,36.78,29.09,29.61,30.05,2.63,
108,2026-02-09 20:00:00,26.55,8.93,387.8,0.0,47.9,26.01,27.61,29.32,1.94,
108,2026-02-09 21:00:00,22.93,8.24,90.37,0.0,57.21,22.25,23.72,25.26,1.27,
108,2026-02-09 22:00:00,12.07,5.22,0.0,0.0,64.54,19.97,20.9,21.76,0.88,
108,2026-02-09 23:00:00,6.04,3.2,0.0,0.0,72.02,17.65,18.53,19.35,0.6,
108,2026-02-10 00:00:00,6.04,2.67,0.0,0.0,76.8,16.23,16.93,17.5,0.45,
108,2026-02-10 01:00:00,2.41,0.11,0.0,0.0,79.4,14.97,15.7,16.1,0.37,
108,2026-02-10 02:00:00,0.0,0.0,0.0,0.0,81.58,14.4,14.61,14.82,0.31,
108,2026-02-10 03:00:00,6.04,1.98,0.0,0.0,81.21,13.77,14.01,14.34,0.3,
108,2026-02-10 04:00:00,4.83,0.93,0.0,0.0,84.28,12.77,13.08,13.34,0.24,
108,2026-02-10 05:00:00,3.62,0.56,0.0,0.0,85.8,12.4,12.58,12.83,0.21,
108,2026-02-10 06:00:00,0.0,0.0,0.0,0.0,85.98,12.0,12.37,12.71,0.2,
108,2026-02-10 07:00:00,0.0,0.0,0.0,0.0,88.29,11.23,11.57,11.92,0.16,
108,2026-02-10 08:00:00,0.0,0.0,20.62,0.0,89.63,10.9,11.1,11.4,0.14,
108,2026-02-10 09:00:00,19.31,5.76,271.11,0.0,85.15,12.19,13.78,15.06,0.24,
108,2026-02-10 10:00:00,19.31,9.48,464.57,0.0,70.99,15.65,16.8,18.15,0.56,
108,2026-02-10 11:00:00,15.69,6.47,692.24,0.0,62.32,17.71,18.64,19.41,0.81,
108,2026-02-10 12:00:00,12.07,3.89,840.52,0.0,53.19,19.64,20.49,21.25,1.13,
108,2026-02-10 13:00:00,15.69,7.02,953.7,0.0,46.22,21.57,21.86,22.35,1.41,
108,2026-02-10 14:00:00,16.9,5.87,1010.73,0.0,42.72,22.47,22.97,23.25,1.61,
108,2026-02-10 15:00:00,14.48,5.72,1006.34,0.0,39.16,24.2,24.78,25.53,1.91,
108,2026-02-10 16:00:00,22.93,8.07,973.44,0.0,33.32,25.66,25.94,26.29,2.23,
108,2026-02-10 17:00:00,30.18,14.46,998.44,0.0,40.95,25.49,25.78,26.07,1.96,
108,2026-02-10 18:00:00,35.0,18.09,701.89,0.0,43.94,23.91,24.45,25.04,1.72,
108,2026-02-10 19:00:00,36.21,17.04,523.79,0.0,46.66,22.85,23.26,23.56,1.52,
108,2026-02-10 20:00:00,31.38,16.88,379.9,0.0,56.97,19.39,21.11,22.28,1.09,
108,2026-02-10 21:00:00,30.18,9.55,131.6,0.0,67.12,17.99,18.65,19.39,0.71,
108,2026-02-10 22:00:00,2.41,0.02,0.0,0.0,71.1,17.04,17.19,17.35,0.57,
108,2026-02-10 23:00:00,8.45,2.66,0.0,0.0,74.35,16.94,17.28,17.44,0.51,
108,2026-02-11 00:00:00,0.0,0.0,0.0,0.0,77.29,16.23,16.46,16.87,0.43,
108,2026-02-11 01:00:00,0.0,0.0,0.0,0.0,82.55,14.0,14.59,15.17,0.29,
108,2026-02-11 02:00:00,3.62,0.05,0.0,0.0,85.23,12.68,13.45,13.86,0.23,
108,2026-02-11 03:00:00,4.83,1.43,0.0,0.0,88.34,12.39,12.58,12.72,0.17,
108,2026-02-11 04:00:00,6.04,1.45,0.0,0.0,89.68,11.64,11.83,11.99,0.14,
108,2026-02-11 05:00:00,3.62,0.45,0.0,0.0,90.62,11.3,11.51,11.84,0.13,
108,2026-02-11 06:00:00,0.0,0.0,0.0,0.0,90.68,10.56,10.97,11.22,0.12,
108,2026-02-11 07:00:00,4.83,1.06,0.0,0.0,91.6,9.97,10.08,10.29,0.1,
108,2026-02-11 08:00:00,4.83,2.51,19.74,0.0,92.79,9.87,10.03,10.4,0.09,
108,2026-02-11 09:00:00,14.48,5.0,82.47,0.0,93.35,10.9,11.88,12.92,0.09,
108,2026-02-11 10:00:00,22.93,11.42,508.43,0.0,82.53,13.75,15.08,16.17,0.31,
108,2026-02-11 11:00:00,22.93,12.07,654.95,0.0,62.24,16.9,17.8,18.79,0.78,
108,2026-02-11 12:00:00,24.14,12.4,840.52,0.0,53.12,18.63,19.33,19.96,1.05,
108,2026-02-11 13:00:00,31.38,12.86,936.59,0.0,47.93,20.34,20.49,20.69,1.25,
108,2026-02-11 14:00:00,26.55,13.26,1029.15,0.0,41.18,21.02,21.17,21.48,1.48,
108,2026-02-11 15:00:00,26.55,13.42,1188.39,0.0,41.51,21.45,22.03,22.95,1.55,
108,2026-02-11 16:00:00,33.8,15.71,987.48,0.0,39.26,22.04,22.28,22.47,1.64,
108,2026-02-11 17:00:00,25.35,13.87,667.68,0.0,37.13,22.49,22.63,22.83,1.73,
108,2026-02-11 18:00:00,28.97,11.56,438.24,0.0,37.75,22.33,22.52,22.66,1.7,
108,2026-02-11 19:00:00,22.93,11.03,493.96,0.0,37.02,22.25,23.17,24.05,1.79,
108,2026-02-11 20:00:00,21.73,10.88,360.16,0.0,36.05,22.66,23.21,24.01,1.82,
108,2026-02-11 21:00:00,16.9,6.93,117.57,0.0,37.97,20.59,21.41,22.29,1.59,
108,2026-02-11 22:00:00,10.86,4.5,0.0,0.0,50.44,16.35,18.21,19.79,1.05,
108,2026-02-11 23:00:00,16.9,7.74,0.0,0.0,64.2,16.41,16.6,16.83,0.68,
108,2026-02-12 00:00:00,19.31,9.81,0.0,0.0,66.6,15.52,15.79,16.14,0.6,
108,2026-02-12 01:00:00,16.9,7.41,0.0,0.0,68.37,14.42,14.83,15.36,0.54,
108,2026-02-12 02:00:00,13.28,7.66,0.0,0.0,68.21,13.85,14.22,14.42,0.52,
108,2026-02-12 03:00:00,18.11,7.94,0.0,0.0,70.14,13.41,13.65,13.78,0.47,
108,2026-02-12 04:00:00,10.86,3.62,0.0,0.0,72.89,12.48,12.85,13.06,0.4,
108,2026-02-12 05:00:00,7.24,1.12,0.0,0.0,76.69,11.33,11.78,12.27,0.33,
108,2026-02-12 06:00:00,3.62,0.48,0.0,0.0,82.22,10.48,10.7,10.85,0.23,
108,2026-02-12 07:00:00,10.86,3.02,0.0,0.0,83.17,10.75,11.18,11.54,0.23,
108,2026-02-12 08:00:00,13.28,6.61,67.12,0.0,81.41,11.43,11.58,11.67,0.26,
108,2026-02-12 09:00:00,18.11,8.9,281.2,0.0,74.91,12.19,13.33,14.38,0.39,
108,2026-02-12 10:00:00,25.35,13.51,474.22,0.0,65.61,14.82,15.82,16.75,0.62,
108,2026-02-12 11:00:00,25.35,13.31,679.08,0.0,57.07,17.2,18.24,19.05,0.9,
108,2026-02-12 12:00:00,26.55,12.31,738.74,0.0,51.41,19.72,20.55,21.71,1.18,
108,2026-02-12 13:00:00,26.55,14.27,939.66,0.0,43.8,21.71,22.55,23.5,1.54,
108,2026-02-12 14:00:00,30.18,14.09,1008.53,0.0,38.57,23.35,24.16,24.91,1.85,
108,2026-02-12 15:00:00,28.97,13.6,989.23,0.0,37.87,24.46,24.81,25.04,1.95,
108,2026-02-12 16:00:00,32.59,13.96,933.08,0.0,32.06,25.59,26.08,26.38,2.3,
108,2026-02-12 17:00:00,24.14,12.45,862.89,0.0,31.64,26.05,26.44,26.76,2.36,
108,2026-02-12 18:00:00,30.18,13.53,722.07,0.0,30.27,26.69,26.87,27.05,2.47,
108,2026-02-12 19:00:00,27.76,13.14,499.22,0.0,29.73,26.53,26.78,26.9,2.48,
108,2026-02-12 20:00:00,21.73,11.35,301.81,0.0,31.13,24.84,25.52,26.09,2.25,
108,2026-02-12 21:00:00,19.31,8.0,83.79,0.0,36.71,20.63,22.32,24.08,1.72,
108,2026-02-12 22:00:00,10.86,5.42,0.0,0.0,43.86,17.96,18.89,19.73,1.23,
108,2026-02-12 23:00:00,10.86,5.67,0.0,0.0,46.18,16.82,17.48,17.97,1.08,
108,2026-02-13 00:00:00,8.45,3.91,0.0,0.0,52.47,15.48,15.85,16.27,0.86,
108,2026-02-13 01:00:00,7.24,2.72,0.0,0.0,58.26,14.45,14.75,15.21,0.7,
108,2026-02-13 02:00:00,4.83,1.54,0.0,0.0,66.44,12.25,13.14,13.88,0.51,
108,2026-02-13 03:00:00,6.04,1.73,0.0,0.0,71.15,11.67,12.0,12.33,0.41,
108,2026-02-13 04:00:00,0.0,0.0,0.0,0.0,73.41,10.47,11.37,11.95,0.36,
108,2026-02-13 05:00:00,0.0,0.0,0.0,0.0,76.89,10.26,10.61,10.94,0.3,
108,2026-02-13 06:00:00,0.0,0.0,0.0,0.0,80.81,8.86,9.26,9.87,0.23,
108,2026-02-13 07:00:00,0.0,0.0,0.0,0.0,83.05,8.45,8.72,8.86,0.19,
108,2026-02-13 08:00:00,3.62,0.05,51.33,0.0,83.1,8.55,9.06,10.12,0.2,
108,2026-02-13 09:00:00,10.86,2.07,261.89,0.0,76.0,11.61,12.65,13.85,0.36,
108,2026-02-13 10:00:00,18.11,8.18,460.18,0.0,66.77,14.61,15.81,16.72,0.6,
108,2026-02-13 11:00:00,14.48,6.73,687.86,0.0,58.59,17.84,18.66,19.45,0.89,
108,2026-02-13 12:00:00,15.69,6.73,837.01,0.0,50.15,20.47,21.51,22.56,1.28,
108,2026-02-13 13:00:00,16.9,6.75,935.27,0.0,45.15,23.04,23.52,24.19,1.59,
108,2026-02-13 14:00:00,19.31,8.22,990.55,0.0,38.69,24.84,25.7,26.31,2.03,
108,2026-02-13 15:00:00,20.52,9.36,999.32,0.0,36.33,26.95,27.44,28.1,2.33,
108,2026-02-13 16:00:00,18.11,7.6,962.91,0.0,34.1,28.07,28.25,28.45,2.52,
108,2026-02-13 17:00:00,22.93,7.58,875.17,0.0,31.87,28.84,29.22,29.42,2.76,
108,2026-02-13 18:00:00,15.69,7.27,701.89,0.0,30.2,29.71,30.12,30.61,2.99,
108,2026-02-13 19:00:00,16.9,6.44,518.96,0.0,29.29,29.91,30.16,30.32,3.03,
108,2026-02-13 20:00:00,24.14,6.73,315.41,0.0,34.29,26.66,28.88,29.88,2.63,
108,2026-02-13 21:00:00,16.9,5.17,50.45,0.0,48.46,21.78,23.63,25.71,1.52,
108,2026-02-13 22:00:00,9.66,4.62,0.0,0.0,58.13,19.28,20.29,21.36,1.0,
108,2026-02-13 23:00:00,6.04,2.37,0.0,0.0,66.64,17.59,18.22,19.07,0.7,
108,2026-02-14 00:00:00,8.45,3.18,0.0,0.0,73.87,15.62,16.46,17.79,0.49,
108,2026-02-14 01:00:00,4.83,0.74,0.0,0.0,79.65,14.68,15.01,15.54,0.35,
108,2026-02-14 02:00:00,0.0,0.0,0.0,0.0,82.06,14.38,14.63,14.72,0.3,
108,2026-02-14 03:00:00,0.0,0.0,0.0,0.0,84.54,13.05,13.46,14.05,0.24,
108,2026-02-14 04:00:00,4.83,1.36,0.0,0.0,88.93,12.55,12.77,13.05,0.16,
108,2026-02-14 05:00:00,4.83,0.71,0.0,0.0,90.38,11.7,12.3,12.79,0.14,
108,2026-02-14 06:00:00,6.04,1.57,0.0,0.0,92.18,11.96,12.32,12.72,0.11,
108,2026-02-14 07:00:00,0.0,0.0,0.0,0.0,91.69,12.09,12.59,12.85,0.12,
108,2026-02-14 08:00:00,2.41,0.08,31.59,0.0,92.12,12.02,12.37,12.74,0.11,
108,2026-02-14 09:00:00,8.45,2.1,51.33,0.0,92.6,13.19,14.03,14.64,0.12,
108,2026-02-14 10:00:00,13.28,5.51,141.69,0.0,90.91,14.72,15.32,15.79,0.16,
108,2026-02-14 11:00:00,15.69,7.73,176.35,0.0,86.39,16.03,16.52,17.03,0.26,
108,2026-02-14 12:00:00,12.07,6.08,345.68,0.0,80.29,17.17,18.04,18.77,0.41,
108,2026-02-14 13:00:00,13.28,6.73,566.34,0.0,69.78,19.7,20.5,21.38,0.73,
108,2026-02-14 14:00:00,13.28,4.12,1111.18,0.0,63.38,22.1,22.79,23.98,1.02,
108,2026-02-14 15:00:00,9.66,2.76,1137.51,0.0,53.69,24.81,25.4,26.12,1.5,
108,2026-02-14 16:00:00,13.28,3.34,965.98,0.0,48.28,26.14,26.82,27.73,1.83,
108,2026-02-14 17:00:00,16.9,4.1,838.32,0.0,41.16,27.77,28.14,28.51,2.25,
108,2026-02-14 18:00:00,15.69,5.93,701.45,0.0,41.06,28.26,28.65,28.95,2.32,
108,2026-02-14 19:00:00,22.93,5.95,522.03,0.0,42.21,27.33,28.55,29.04,2.26,
108,2026-02-14 20:00:00,21.73,12.01,278.13,0.0,43.61,24.19,25.16,26.14,1.81,
108,2026-02-14 21:00:00,20.52,8.89,60.1,0.0,58.17,20.1,21.36,22.73,1.07,
108,2026-02-14 22:00:00,13.28,5.25,0.0,0.0,66.28,17.82,18.73,19.21,0.73,
108,2026-02-14 23:00:00,7.24,1.28,0.0,0.0,72.78,15.97,16.61,17.14,0.52,
108,2026-02-15 00:00:00,7.24,1.7,0.0,0.0,77.12,14.47,15.0,15.51,0.39,
108,2026-02-15 01:00:00,4.83,1.07,0.0,0.0,80.96,13.2,13.83,14.28,0.3,
108,2026-02-15 02:00:00,3.62,0.27,0.0,0.0,83.45,12.36,12.69,12.99,0.25,
108,2026-02-15 03:00:00,2.41,0.08,0.0,0.0,84.73,11.65,11.81,11.99,0.21,
108,2026-02-15 04:00:00,3.62,0.63,0.0,0.0,86.92,11.03,11.37,11.67,0.18,
108,2026-02-15 05:00:00,3.62,0.17,0.0,0.0,89.39,10.88,10.93,10.98,0.14,
108,2026-02-15 06:00:00,0.0,0.0,0.0,0.0,89.28,10.09,10.39,10.62,0.14,
108,2026-02-15 07:00:00,1.21,0.02,0.0,0.0,89.45,9.5,9.81,9.97,0.13,
108,2026-02-15 08:00:00,3.62,0.81,25.88,0.0,89.9,9.32,9.7,10.4,0.12,
108,2026-02-15 09:00:00,12.07,4.1,267.6,0.0,83.43,11.22,12.41,13.69,0.24,
108,2026-02-15 10:00:00,14.48,7.85,462.37,0.0,70.58,14.28,14.87,15.48,0.5,
108,2026-02-15 11:00:00,14.48,6.02,645.3,0.0,66.62,16.42,16.87,17.69,0.64,
108,2026-02-15 12:00:00,16.9,5.99,833.94,0.0,62.75,17.72,18.84,19.83,0.81,
108,2026-02-15 13:00:00,12.07,6.52,934.39,0.0,58.42,20.34,21.2,21.87,1.05,
108,2026-02-15 14:00:00,14.48,5.84,983.97,0.0,51.35,22.73,23.42,23.94,1.41,
108,2026-02-15 15:00:00,9.66,3.79,989.67,0.0,46.46,24.34,25.2,25.98,1.72,
108,2026-02-15 16:00:00,12.07,3.57,952.82,0.0,41.59,26.05,26.81,27.45,2.06,
108,2026-02-15 17:00:00,10.86,3.43,860.26,0.0,34.99,27.45,28.29,29.01,2.51,
108,2026-02-15 18:00:00,12.07,3.82,724.7,0.0,30.86,28.84,29.09,29.37,2.78,
108,2026-02-15 19:00:00,12.07,3.53,493.96,0.0,34.45,28.88,29.25,29.91,2.67,
108,2026-02-15 20:00:00,21.73,10.96,291.29,0.0,40.87,25.91,26.41,26.91,2.04,
108,2026-02-15 22:00:00,9.66,4.82,0.0,0.0,56.37,17.16,18.58,19.48,0.96,
108,2026-02-16 08:00:00,0.0,0.0,44.31,0.0,86.74,7.62,8.19,9.17,0.14,
108,2026-02-16 09:00:00,6.04,2.07,255.31,0.0,81.15,10.18,11.7,13.2,0.26,
108,2026-02-16 10:00:00,8.45,3.0,503.17,0.0,70.36,13.66,14.55,15.51,0.49,
108,2026-02-16 11:00:00,12.07,3.62,680.84,0.0,61.59,16.28,17.12,18.28,0.75,
108,2026-02-16 12:00:00,8.45,2.37,828.23,0.0,53.42,18.38,19.51,20.38,1.06,
108,2026-02-16 13:00:00,7.24,2.97,936.15,0.0,47.24,21.15,22.01,23.06,1.4,
108,2026-02-16 14:00:00,15.69,5.16,996.25,0.0,42.7,23.5,24.22,25.07,1.74,
108,2026-02-16 15:00:00,13.28,4.83,995.37,0.0,38.67,25.52,25.98,26.56,2.06,
108,2026-02-16 16:00:00,13.28,4.08,949.75,0.0,36.34,27.28,27.54,28.11,2.35,
108,2026-02-16 17:00:00,12.07,4.18,863.77,0.0,33.79,27.95,28.58,29.25,2.59,
108,2026-02-16 18:00:00,16.9,5.18,679.08,0.0,29.77,29.4,29.68,29.99,2.93,
108,2026-02-16 19:00:00,27.76,11.71,504.05,0.0,32.28,26.24,27.39,28.91,2.48,
108,2026-02-16 20:00:00,25.35,12.9,308.39,0.0,35.18,23.66,24.96,26.09,2.06,
108,2026-02-16 21:00:00,21.73,10.85,91.68,0.0,45.45,20.06,21.47,22.74,1.4,
108,2026-02-16 22:00:00,8.45,2.64,0.0,0.0,58.02,16.94,17.9,19.15,0.87,
108,2026-02-16 23:00:00,8.45,1.72,0.0,0.0,66.7,15.18,16.01,16.31,0.61,
108,2026-02-17 00:00:00,4.83,0.41,0.0,0.0,75.03,13.03,13.85,14.83,0.4,
108,2026-02-17 01:00:00,2.41,0.02,0.0,0.0,77.51,12.64,12.76,13.03,0.33,
108,2026-02-17 02:00:00,4.83,0.92,0.0,0.0,79.33,11.54,12.03,12.37,0.29,
108,2026-02-17 03:00:00,6.04,0.45,0.0,0.0,81.27,10.85,11.13,11.47,0.25,
108,2026-02-17 04:00:00,0.0,0.0,0.0,0.0,81.95,10.67,10.85,11.05,0.24,
108,2026-02-17 05:00:00,0.0,0.0,0.0,0.0,85.08,9.65,10.19,10.56,0.19,
108,2026-02-17 06:00:00,0.0,0.0,0.0,0.0,86.98,8.78,9.07,9.64,0.15,
108,2026-02-17 07:00:00,0.0,0.0,0.0,0.0,87.07,8.7,8.91,9.17,0.15,
108,2026-02-17 08:00:00,0.0,0.0,53.96,0.0,86.73,8.57,9.55,11.19,0.16,
108,2026-02-17 09:00:00,2.41,0.06,91.68,0.0,82.44,12.06,12.48,12.89,0.26,
108,2026-02-17 10:00:00,4.83,0.12,204.87,0.0,75.86,13.51,14.52,15.61,0.4,
108,2026-02-17 11:00:00,4.83,0.69,402.71,0.0,66.55,16.11,17.51,18.82,0.67,
108,2026-02-17 12:00:00,7.24,1.15,915.09,0.0,59.42,19.29,20.77,22.36,1.0,
108,2026-02-17 13:00:00,7.24,1.9,1029.15,0.0,55.93,22.38,22.74,23.47,1.22,
108,2026-02-17 14:00:00,8.45,2.58,538.7,0.0,54.59,23.12,23.97,25.02,1.36,
108,2026-02-17 15:00:00,16.9,4.0,1149.79,0.0,50.81,25.3,25.94,26.26,1.65,
108,2026-02-17 16:00:00,15.69,5.84,1010.73,0.0,49.07,26.21,26.96,27.56,1.81,
108,2026-02-17 17:00:00,16.9,7.65,499.66,0.0,53.66,25.47,26.06,26.56,1.57,
108,2026-02-17 18:00:00,35.0,20.63,811.56,0.0,66.39,23.47,24.22,24.9,1.02,
108,2026-02-17 19:00:00,27.76,16.43,595.29,0.0,64.65,23.83,24.11,24.25,1.07,
108,2026-02-17 20:00:00,25.35,13.75,307.08,0.0,65.48,22.78,23.22,23.7,0.98,
108,2026-02-17 21:00:00,21.73,9.09,20.18,0.0,67.27,20.93,21.5,21.98,0.84,
108,2026-02-17 22:00:00,7.24,2.34,0.0,0.0,70.92,19.01,19.74,20.4,0.67,
108,2026-02-17 23:00:00,3.62,0.27,0.0,0.0,79.87,16.66,17.16,18.2,0.4,
108,2026-02-18 00:00:00,4.83,1.39,0.0,0.0,83.28,15.36,15.96,16.73,0.31,
108,2026-02-18 01:00:00,12.07,4.74,0.0,0.0,87.08,15.04,15.34,15.59,0.23,
108,2026-02-18 02:00:00,12.07,4.51,0.0,0.0,87.81,15.59,15.77,15.86,0.22,
108,2026-02-18 03:00:00,12.07,3.05,0.0,0.0,88.4,14.96,15.22,15.41,0.2,
108,2026-02-18 04:00:00,18.11,7.56,0.0,0.0,87.63,14.9,15.1,15.25,0.21,
108,2026-02-18 05:00:00,18.11,8.37,0.0,0.0,87.11,13.81,14.3,14.82,0.21,
108,2026-02-18 06:00:00,12.07,5.76,0.0,0.0,88.22,12.89,13.19,13.52,0.18,
108,2026-02-18 07:00:00,10.86,4.14,0.0,0.0,88.66,12.13,12.44,12.77,0.16,
108,2026-02-18 08:00:00,9.66,3.8,52.2,0.0,90.06,11.7,12.12,12.53,0.14,
108,2026-02-18 09:00:00,19.31,9.36,258.82,0.0,84.54,13.13,13.7,14.24,0.25,
108,2026-02-18 10:00:00,20.52,11.56,454.04,0.0,76.93,14.81,15.61,16.44,0.41,
108,2026-02-18 11:00:00,20.52,11.03,634.77,0.0,70.72,17.17,17.95,18.69,0.61,
108,2026-02-18 12:00:00,24.14,12.39,821.65,0.0,64.39,19.0,19.77,20.71,0.82,
108,2026-02-18 13:00:00,25.35,13.04,926.5,0.0,54.24,20.88,21.93,22.83,1.21,
108,2026-02-18 14:00:00,22.93,11.3,969.05,0.0,48.03,22.49,23.36,23.88,1.49,
108,2026-02-18 15:00:00,19.31,8.9,978.7,1.02,42.86,24.2,25.24,27.74,1.85,
108,2026-02-18 16:00:00,20.52,9.23,926.5,0.0,42.55,24.84,25.24,26.18,1.85,
108,2026-02-18 17:00:00,16.9,6.07,854.12,0.0,41.45,25.9,26.21,27.01,2.0,
108,2026-02-18 18:00:00,20.52,9.14,711.98,0.0,39.55,25.91,26.19,26.63,2.06,
108,2026-02-18 19:00:00,20.52,9.46,557.13,0.0,41.7,24.64,25.16,25.53,1.87,
108,2026-02-18 20:00:00,24.14,10.18,362.35,0.0,42.87,24.02,24.58,25.04,1.77,
108,2026-02-18 21:00:00,14.48,5.91,57.03,0.0,53.2,20.62,21.63,23.28,1.22,
108,2026-02-18 22:00:00,12.07,6.93,0.0,0.0,56.09,19.52,19.96,20.42,1.02,
108,2026-02-18 23:00:00,10.86,5.81,0.0,0.0,62.09,17.39,18.09,19.0,0.79,
108,2026-02-19 00:00:00,12.07,7.51,0.0,0.0,64.25,16.69,17.15,17.66,0.7,
108,2026-02-19 01:00:00,20.52,9.78,0.0,0.0,62.77,16.59,16.7,16.77,0.71,
108,2026-02-19 02:00:00,25.35,14.21,0.0,0.0,63.34,15.77,16.14,16.52,0.67,
108,2026-02-19 03:00:00,24.14,10.7,0.0,0.0,71.17,14.45,14.94,15.44,0.5,
108,2026-02-19 04:00:00,13.28,5.7,0.0,0.0,77.16,12.7,13.33,14.23,0.35,
108,2026-02-19 05:00:00,8.45,4.41,0.0,0.0,80.66,11.49,11.96,12.4,0.27,
108,2026-02-19 06:00:00,9.66,4.12,0.0,0.0,82.89,10.63,10.99,11.25,0.23,
108,2026-02-19 07:00:00,7.24,2.63,0.0,0.0,85.77,9.75,10.0,10.23,0.18,
108,2026-02-19 08:00:00,6.04,2.23,42.55,0.0,87.44,9.47,9.69,10.07,0.15,
108,2026-02-19 09:00:00,18.11,7.7,239.08,0.0,80.07,10.85,11.96,13.02,0.28,
108,2026-02-19 10:00:00,24.14,10.41,441.75,0.0,72.39,13.19,14.01,14.59,0.44,
108,2026-02-19 11:00:00,18.11,9.27,676.01,0.0,66.48,14.96,15.98,16.93,0.61,
108,2026-02-19 12:00:00,15.69,7.88,826.92,0.0,61.13,17.29,18.63,19.67,0.84,
108,2026-02-19 13:00:00,16.9,7.66,934.83,0.0,55.02,20.1,21.53,22.71,1.16,
108,2026-02-19 14:00:00,19.31,8.01,989.67,0.0,48.56,23.28,24.21,25.12,1.56,
108,2026-02-19 15:00:00,16.9,6.23,989.23,0.0,43.75,25.73,27.08,28.3,2.03,
108,2026-02-19 16:00:00,15.69,6.52,954.57,0.0,38.91,28.07,28.87,29.61,2.43,
108,2026-02-19 17:00:00,15.69,5.86,872.98,0.0,33.75,29.95,30.92,31.83,2.97,
108,2026-02-19 18:00:00,13.28,5.39,729.09,0.0,34.69,31.19,31.54,31.68,3.03,
108,2026-02-19 19:00:00,12.07,4.42,506.24,0.0,32.34,31.39,31.78,32.32,3.18,
108,2026-02-19 20:00:00,7.24,2.23,297.43,0.0,30.59,29.29,30.91,32.04,3.21,
108,2026-02-19 21:00:00,2.41,0.11,22.37,0.0,46.94,23.95,26.46,28.15,1.86,
108,2026-02-19 22:00:00,4.83,0.98,0.0,0.0,66.44,20.25,21.22,22.66,0.85,
108,2026-02-19 23:00:00,6.04,1.12,0.0,0.0,66.2,20.06,20.54,21.08,0.82,
108,2026-02-20 00:00:00,2.41,0.09,0.0,0.0,71.18,18.9,19.28,19.64,0.65,
108,2026-02-20 01:00:00,8.45,2.82,0.0,0.0,71.75,18.05,18.22,18.36,0.59,
108,2026-02-20 02:00:00,7.24,2.62,0.0,0.0,73.13,17.09,17.56,18.07,0.54,
108,2026-02-20 03:00:00,6.04,1.48,0.0,0.0,68.47,17.17,18.08,18.59,0.66,
108,2026-02-20 04:00:00,4.83,0.41,0.0,0.0,76.29,15.27,16.2,16.96,0.44,
108,2026-02-20 05:00:00,4.83,0.98,0.0,0.0,80.31,14.45,14.86,15.25,0.33,
108,2026-02-20 06:00:00,3.62,0.23,0.0,0.0,81.28,13.71,14.2,14.76,0.3,
108,2026-02-20 07:00:00,2.41,0.05,0.0,0.0,82.96,12.64,12.97,13.33,0.26,
108,2026-02-20 08:00:00,0.0,0.0,22.81,0.0,84.51,12.25,12.46,12.94,0.22,
108,2026-02-20 09:00:00,4.83,0.3,210.57,0.0,77.64,14.75,16.44,18.21,0.43,
108,2026-02-20 10:00:00,10.86,3.81,461.06,0.0,62.54,19.44,20.3,20.98,0.9,
108,2026-02-20 11:00:00,18.11,8.54,640.92,0.0,56.45,21.9,22.39,22.8,1.18,
108,2026-02-20 12:00:00,18.11,10.03,787.44,0.0,52.67,23.02,23.7,24.35,1.39,
108,2026-02-20 13:00:00,20.52,9.48,912.9,0.0,48.66,25.12,25.79,26.53,1.71,
108,2026-02-20 14:00:00,21.73,10.76,953.7,0.0,44.38,26.53,27.2,27.68,2.01,
108,2026-02-20 15:00:00,21.73,9.18,953.7,0.0,43.63,27.78,28.28,28.71,2.17,
108,2026-02-20 16:00:00,22.93,8.06,926.06,0.0,40.93,29.09,29.35,29.56,2.41,
108,2026-02-20 17:00:00,19.31,7.86,842.71,0.0,41.65,29.73,29.87,29.95,2.46,
108,2026-02-20 18:00:00,18.11,7.2,671.62,0.0,42.99,29.26,29.81,30.07,2.4,
108,2026-02-20 19:00:00,16.9,7.0,489.57,0.0,44.11,27.84,29.0,29.73,2.25,
108,2026-02-20 20:00:00,16.9,8.6,293.04,0.0,49.18,24.85,26.21,27.48,1.74,
108,2026-02-20 21:00:00,16.9,8.13,39.48,0.0,60.15,21.38,22.33,23.72,1.08,
108,2026-02-20 22:00:00,13.28,4.35,0.0,0.0,66.5,19.35,20.11,20.9,0.79,
108,2026-02-20 23:00:00,7.24,1.57,0.0,0.0,70.78,18.38,18.82,19.11,0.64,
108,2026-02-21 00:00:00,4.83,1.25,0.0,0.0,74.7,17.11,17.78,18.58,0.52,
108,2026-02-21 01:00:00,7.24,0.88,0.0,0.0,78.55,16.17,16.51,16.89,0.41,
108,2026-02-21 02:00:00,6.04,1.81,0.0,0.0,82.67,15.02,15.25,15.66,0.3,
108,2026-02-21 03:00:00,7.24,2.31,0.0,0.0,84.6,14.97,15.35,15.69,0.27,
108,2026-02-21 04:00:00,4.83,0.79,0.0,0.0,84.77,15.37,15.47,15.61,0.27,
108,2026-02-21 05:00:00,6.04,0.92,0.0,0.0,85.29,15.29,15.43,15.65,0.26,
108,2026-02-21 06:00:00,3.62,0.75,0.0,0.0,86.0,15.09,15.3,15.48,0.25,
108,2026-02-21 07:00:00,3.62,0.56,0.0,0.0,87.47,13.44,13.79,14.35,0.2,
108,2026-02-21 08:00:00,3.62,0.26,26.76,0.0,88.2,12.85,12.96,13.19,0.18,
108,2026-02-21 09:00:00,4.83,0.53,247.86,0.0,85.69,13.75,15.35,16.99,0.25,
108,2026-02-21 10:00:00,6.04,1.51,437.81,0.0,71.64,17.93,19.08,20.07,0.63,
108,2026-02-21 11:00:00,10.86,3.17,620.74,0.0,65.93,20.07,20.89,21.71,0.85,
108,2026-02-21 12:00:00,13.28,3.52,805.42,0.0,60.89,21.91,22.81,23.52,1.09,
108,2026-02-21 13:00:00,12.07,4.01,902.37,0.0,57.07,23.77,24.4,25.26,1.31,
108,2026-02-21 14:00:00,14.48,5.87,943.17,0.0,51.77,25.76,26.72,27.3,1.69,
108,2026-02-21 15:00:00,13.28,4.17,948.87,0.0,46.46,28.02,28.98,30.26,2.15,
108,2026-02-21 16:00:00,10.86,3.32,899.74,0.0,41.17,29.74,30.52,31.59,2.58,
108,2026-02-21 17:00:00,12.07,3.37,816.39,0.0,39.14,31.05,31.55,32.49,2.82,
108,2026-02-21 18:00:00,10.86,4.15,701.45,0.0,34.13,32.84,33.36,33.69,3.38,
108,2026-02-21 19:00:00,12.07,5.81,518.08,0.0,37.1,32.77,32.94,33.29,3.15,
108,2026-02-21 20:00:00,9.66,3.74,339.54,0.0,40.36,31.5,32.05,32.57,2.85,
108,2026-02-21 21:00:00,9.66,2.19,54.4,0.0,54.02,25.35,27.97,30.01,1.75,
108,2026-02-21 22:00:00,9.66,5.99,0.0,0.0,58.44,23.87,24.1,24.35,1.25,
108,2026-02-21 23:00:00,14.48,4.24,0.0,0.0,58.95,22.43,23.12,23.9,1.16,
108,2026-02-22 00:00:00,4.83,0.53,0.0,0.0,66.13,19.97,20.82,21.7,0.84,
108,2026-02-22 01:00:00,8.45,3.97,0.0,0.0,71.6,18.95,19.4,19.74,0.64,
108,2026-02-22 02:00:00,6.04,1.24,0.0,0.0,75.96,17.64,17.9,18.46,0.49,
108,2026-02-22 03:00:00,6.04,1.62,0.0,0.0,80.38,16.77,17.05,17.28,0.38,
108,2026-02-22 04:00:00,4.83,0.86,0.0,0.0,82.77,16.19,16.42,16.63,0.32,
108,2026-02-22 05:00:00,0.0,0.0,0.0,0.0,83.44,15.66,15.87,16.04,0.3,
108,2026-02-22 06:00:00,0.0,0.0,0.0,0.0,84.61,14.96,15.15,15.34,0.26,
108,2026-02-22 07:00:00,0.0,0.0,0.0,0.0,85.16,14.38,14.54,14.82,0.25,
108,2026-02-22 08:00:00,3.62,0.26,29.39,0.0,85.98,14.03,14.27,14.69,0.23,
108,2026-02-22 09:00:00,14.48,3.68,214.95,0.0,79.67,15.58,17.12,18.51,0.4,
108,2026-02-22 10:00:00,20.52,9.84,421.14,0.0,68.77,18.94,19.64,20.34,0.72,
108,2026-02-22 11:00:00,13.28,6.55,604.51,0.0,65.6,20.63,21.35,22.07,0.88,
108,2026-02-22 12:00:00,14.48,7.56,794.89,0.0,61.82,22.84,23.64,24.29,1.12,
108,2026-02-22 13:00:00,18.11,9.01,894.04,0.0,55.54,24.85,25.78,26.6,1.48,
108,2026-02-22 14:00:00,15.69,6.88,947.99,0.0,50.16,27.05,27.68,28.49,1.85,
108,2026-02-22 15:00:00,18.11,5.96,948.87,0.0,46.92,28.63,29.19,29.67,2.15,
108,2026-02-22 16:00:00,16.9,5.83,913.34,0.0,44.52,30.09,31.05,31.91,2.51,
108,2026-02-22 17:00:00,15.69,5.79,822.97,0.0,42.22,31.25,31.89,32.67,2.73,
108,2026-02-22 18:00:00,15.69,5.7,688.29,0.0,39.66,32.21,32.49,32.73,2.95,
108,2026-02-22 19:00:00,15.69,6.43,467.2,0.0,39.87,32.21,32.46,32.69,2.94,
108,2026-02-22 20:00:00,14.48,6.03,262.33,0.0,42.41,28.0,30.15,31.7,2.48,
108,2026-02-22 21:00:00,7.24,4.09,23.25,0.0,51.98,24.47,25.29,26.76,1.55,
108,2026-02-22 22:00:00,7.24,2.93,0.0,0.0,59.96,22.18,22.39,22.53,1.09,
108,2026-02-22 23:00:00,7.24,2.64,0.0,0.0,60.9,20.34,21.09,21.67,0.98,
108,2026-02-23 00:00:00,4.83,2.61,0.0,0.0,67.46,18.29,19.3,19.85,0.73,
108,2026-02-23 01:00:00,6.04,3.08,0.0,0.0,73.06,17.44,17.76,18.14,0.55,
108,2026-02-23 02:00:00,4.83,0.63,0.0,0.0,72.78,16.27,17.28,17.89,0.54,
108,2026-02-23 03:00:00,8.45,4.06,0.0,0.0,74.58,15.8,16.35,16.97,0.48,
108,2026-02-23 04:00:00,6.04,2.81,0.0,0.0,74.74,15.44,15.96,16.65,0.46,
108,2026-02-23 05:00:00,6.04,1.87,0.0,0.0,78.87,14.48,14.76,15.11,0.35,
108,2026-02-23 06:00:00,3.62,0.53,0.0,0.0,82.8,13.6,14.0,14.38,0.28,
108,2026-02-23 07:00:00,6.04,2.73,0.0,0.0,85.63,13.19,13.41,13.81,0.22,
108,2026-02-23 08:00:00,4.83,0.8,21.93,0.0,85.4,13.12,13.33,13.64,0.22,
108,2026-02-23 09:00:00,14.48,3.85,198.72,0.0,81.46,14.06,15.26,16.39,0.33,
108,2026-02-23 10:00:00,14.48,7.5,466.76,0.0,74.4,16.6,17.27,18.08,0.51,
108,2026-02-23 11:00:00,13.28,6.06,643.99,0.0,68.29,18.41,19.23,20.08,0.71,
108,2026-02-23 12:00:00,18.11,6.19,779.98,0.0,63.49,21.01,21.84,22.94,0.96,
108,2026-02-23 13:00:00,15.69,6.46,932.64,0.0,56.66,23.91,24.43,25.08,1.33,
108,2026-02-23 14:00:00,22.93,9.6,959.4,0.0,52.19,25.94,26.73,27.43,1.69,
108,2026-02-23 15:00:00,27.76,11.89,963.35,0.0,44.01,28.0,28.93,29.64,2.24,
108,2026-02-23 16:00:00,22.93,12.0,934.39,0.0,36.27,30.11,30.53,30.78,2.79,
108,2026-02-23 17:00:00,27.76,12.45,785.68,0.0,32.98,30.39,30.72,31.01,2.96,
108,2026-02-23 18:00:00,24.14,12.15,682.15,0.0,29.95,30.61,30.92,31.23,3.14,
108,2026-02-23 19:00:00,21.73,10.83,500.1,0.0,30.85,30.01,30.85,31.88,3.09,
108,2026-02-23 20:00:00,21.73,8.7,285.58,0.0,35.53,27.8,29.04,30.16,2.6,
108,2026-02-23 21:00:00,8.45,4.33,25.44,0.0,50.48,22.71,24.12,26.04,1.5,
108,2026-02-23 22:00:00,15.69,6.13,0.0,0.0,55.42,22.07,22.34,22.97,1.2,
108,2026-02-23 23:00:00,10.86,5.1,0.0,0.0,64.09,19.6,20.25,20.84,0.85,
108,2026-02-24 00:00:00,10.86,6.05,0.0,0.0,68.67,19.52,19.6,19.69,0.71,
108,2026-02-24 01:00:00,10.86,6.05,0.0,0.0,70.01,19.29,19.38,19.52,0.68,
108,2026-02-24 02:00:00,10.86,2.86,0.0,0.0,70.7,18.63,19.01,19.31,0.66,
108,2026-02-24 03:00:00,8.45,2.43,0.0,0.0,76.7,16.44,16.99,17.64,0.45,
108,2026-02-24 04:00:00,14.48,6.19,0.0,0.0,80.16,16.82,16.96,17.04,0.39,
108,2026-02-24 05:00:00,14.48,7.29,0.0,0.0,85.16,15.45,16.01,16.51,0.27,
108,2026-02-24 06:00:00,18.11,7.02,0.0,0.0,88.89,14.41,14.83,15.27,0.19,
108,2026-02-24 07:00:00,19.31,8.66,0.0,0.0,89.78,14.5,14.72,14.86,0.18,
108,2026-02-24 08:00:00,18.11,8.92,13.16,0.0,88.29,14.61,14.67,14.76,0.2,
108,2026-02-24 09:00:00,14.48,8.04,77.65,0.0,87.23,14.48,14.62,14.74,0.21,
108,2026-02-24 10:00:00,15.69,7.55,187.76,0.0,84.94,14.96,15.07,15.36,0.26,
108,2026-02-24 11:00:00,22.93,7.33,738.3,0.0,80.38,15.61,16.36,16.97,0.37,
108,2026-02-24 12:00:00,14.48,6.31,809.37,0.0,71.97,17.52,18.5,19.34,0.6,
108,2026-02-24 13:00:00,16.9,5.61,909.83,0.0,62.75,20.59,21.48,22.6,0.96,
108,2026-02-24 14:00:00,15.69,5.43,953.7,0.0,56.62,23.22,24.33,25.19,1.33,
108,2026-02-24 15:00:00,14.48,5.4,954.14,0.0,49.31,25.63,26.38,27.28,1.75,
108,2026-02-24 16:00:00,14.48,6.11,929.57,0.0,40.61,27.64,27.99,28.5,2.25,
108,2026-02-24 17:00:00,12.07,4.33,822.53,0.0,31.35,29.16,30.19,30.74,2.95,
108,2026-02-24 18:00:00,13.28,3.85,679.96,0.0,29.76,30.18,30.64,31.14,3.1,
108,2026-02-24 19:00:00,10.86,3.11,497.91,0.0,26.64,30.91,31.2,31.78,3.34,
108,2026-02-24 20:00:00,8.45,2.67,243.91,0.0,30.35,28.36,29.86,31.01,2.94,
108,2026-02-24 21:00:00,2.41,0.21,29.39,0.0,45.79,22.66,24.6,26.77,1.7,
108,2026-02-24 22:00:00,6.04,1.98,0.0,0.0,63.2,18.45,19.65,20.26,0.84,
108,2026-02-24 23:00:00,6.04,2.1,0.0,0.0,66.69,16.99,17.29,17.89,0.66,
108,2026-02-25 00:00:00,9.66,1.15,0.0,0.0,69.96,15.25,15.91,16.86,0.55,
108,2026-02-25 01:00:00,7.24,2.99,0.0,0.0,69.07,15.3,15.5,15.72,0.55,
108,2026-02-25 02:00:00,6.04,2.25,0.0,0.0,70.02,14.85,15.13,15.37,0.52,
108,2026-02-25 03:00:00,4.83,1.68,0.0,0.0,74.15,13.97,14.0,14.05,0.41,
108,2026-02-25 04:00:00,0.0,0.0,0.0,0.0,75.54,12.54,12.85,13.45,0.37,
108,2026-02-25 05:00:00,0.0,0.0,0.0,0.0,79.72,12.08,12.23,12.47,0.29,
108,2026-02-25 06:00:00,2.41,0.03,0.0,0.0,81.88,10.9,11.34,11.71,0.25,
108,2026-02-25 07:00:00,0.0,0.0,0.0,0.0,83.12,10.04,10.27,10.47,0.21,
108,2026-02-25 08:00:00,3.62,0.18,30.71,0.0,85.0,9.84,10.32,10.97,0.19,
108,2026-02-25 09:00:00,3.62,0.6,176.35,0.0,75.88,12.74,14.58,16.13,0.41,
108,2026-02-25 10:00:00,4.83,0.62,429.03,0.0,63.92,17.29,18.08,18.84,0.75,
108,2026-02-25 11:00:00,9.66,1.9,615.91,0.0,52.0,20.67,21.62,22.55,1.25,
108,2026-02-25 12:00:00,10.86,4.38,805.42,0.0,48.65,22.71,23.38,24.02,1.48,
108,2026-02-25 13:00:00,12.07,5.04,915.53,0.0,43.58,24.36,25.43,26.33,1.84,
108,2026-02-25 14:00:00,15.69,4.69,959.4,0.0,36.93,26.28,27.59,28.45,2.34,
108,2026-02-25 15:00:00,14.48,5.28,962.03,0.0,31.72,28.75,29.41,30.02,2.8,
108,2026-02-25 16:00:00,15.69,5.6,917.73,0.0,28.62,30.2,30.8,31.22,3.17,
108,2026-02-25 17:00:00,16.9,7.44,831.3,0.0,21.97,31.21,31.44,31.81,3.59,
108,2026-02-25 18:00:00,22.93,11.59,655.39,0.0,29.32,28.3,29.38,30.77,2.9,
108,2026-02-25 19:00:00,24.14,13.76,461.93,0.0,33.8,26.31,27.07,28.07,2.37,
108,2026-02-25 20:00:00,20.52,11.61,254.0,0.0,41.38,22.44,23.98,25.66,1.76,
108,2026-02-25 21:00:00,24.14,12.04,39.04,0.0,56.13,18.76,19.91,21.14,1.02,
108,2026-02-25 22:00:00,19.31,6.53,0.0,0.0,65.43,15.52,16.95,18.2,0.67,
108,2026-02-25 23:00:00,3.62,0.2,0.0,0.0,74.59,13.5,14.26,14.97,0.42,
108,2026-02-26 00:00:00,6.04,1.27,0.0,0.0,78.33,12.19,12.51,12.92,0.31,
108,2026-02-26 01:00:00,4.83,0.95,0.0,0.0,80.9,11.26,11.66,11.95,0.26,
108,2026-02-26 02:00:00,3.62,0.2,0.0,0.0,84.11,10.26,10.58,10.94,0.21,
108,2026-02-26 03:00:00,0.0,0.0,0.0,0.0,85.73,9.46,9.8,10.12,0.17,
108,2026-02-26 04:00:00,0.0,0.0,0.0,0.0,87.19,8.67,9.05,9.35,0.15,
108,2026-02-26 05:00:00,0.0,0.0,0.0,0.0,87.15,8.0,8.37,8.8,0.14,
108,2026-02-26 06:00:00,0.0,0.0,0.0,0.0,88.43,7.66,7.79,7.94,0.12,
108,2026-02-26 07:00:00,0.0,0.0,0.0,0.0,88.83,7.07,7.52,7.74,0.12,
108,2026-02-26 08:00:00,0.0,0.0,18.86,0.0,89.57,6.54,6.94,7.34,0.1,
108,2026-02-26 09:00:00,0.0,0.0,198.28,0.0,90.4,8.0,9.68,11.16,0.12,
108,2026-02-26 10:00:00,9.66,2.76,406.66,0.0,77.7,12.08,13.45,14.48,0.35,
108,2026-02-26 11:00:00,13.28,5.1,639.16,0.0,62.59,15.16,16.21,17.56,0.7,
108,2026-02-26 12:00:00,13.28,4.89,786.56,0.0,51.08,17.92,19.07,20.59,1.09,
108,2026-02-26 13:00:00,10.86,4.72,892.28,0.0,42.05,20.42,21.54,22.46,1.49,
108,2026-02-26 14:00:00,13.28,6.11,955.01,0.0,34.53,22.77,23.6,24.29,1.91,
108,2026-02-26 15:00:00,13.28,4.88,958.96,0.0,25.9,25.02,25.57,26.42,2.43,
108,2026-02-26 16:00:00,10.86,3.32,919.48,0.0,22.58,26.87,27.2,27.55,2.8,
108,2026-02-26 17:00:00,9.66,2.17,847.54,0.0,20.51,27.87,28.48,29.19,3.09,
108,2026-02-26 18:00:00,9.66,3.0,707.16,0.0,23.16,28.12,29.11,29.68,3.11,
108,2026-02-26 19:00:00,6.04,1.57,496.59,0.0,27.79,29.37,30.14,31.4,3.1,
108,2026-02-26 20:00:00,18.11,7.58,247.42,0.0,31.43,22.83,25.34,27.22,2.24,
108,2026-02-26 21:00:00,14.48,6.07,37.73,0.0,34.99,19.59,20.95,22.31,1.62,
108,2026-02-26 22:00:00,4.83,1.48,0.0,0.0,46.96,16.0,17.41,19.46,1.07,
108,2026-02-26 23:00:00,4.83,0.89,0.0,0.0,56.6,15.0,15.17,15.37,0.75,
108,2026-02-27 00:00:00,6.04,1.56,0.0,0.0,59.46,13.58,14.1,14.76,0.66,
108,2026-02-27 01:00:00,3.62,1.39,0.0,0.0,69.41,11.99,12.69,13.33,0.45,
108,2026-02-27 02:00:00,4.83,0.71,0.0,0.0,74.76,11.43,11.84,12.27,0.35,
108,2026-02-27 03:00:00,6.04,1.03,0.0,0.0,75.19,11.56,11.69,11.91,0.34,
108,2026-02-27 04:00:00,0.0,0.0,0.0,0.0,75.83,11.6,11.79,11.99,0.33,
108,2026-02-27 05:00:00,0.0,0.0,0.0,0.0,75.98,11.63,11.79,11.93,0.33,
108,2026-02-27 06:00:00,0.0,0.0,0.0,0.0,74.91,11.58,11.88,12.08,0.35,
108,2026-02-27 07:00:00,3.62,0.7,0.0,0.0,82.11,11.16,11.39,11.61,0.24,
108,2026-02-27 08:00:00,0.0,0.0,7.9,0.0,77.23,11.82,12.16,12.48,0.32,
108,2026-02-27 09:00:00,0.0,0.0,67.56,0.0,75.38,12.74,12.96,13.13,0.37,
108,2026-02-27 10:00:00,3.62,0.12,168.89,0.0,74.8,13.54,14.17,14.93,0.41,
108,2026-02-27 11:00:00,6.04,1.46,233.38,0.0,67.54,15.58,16.27,16.82,0.6,
108,2026-02-27 12:00:00,7.24,1.6,452.72,0.0,61.79,17.72,18.72,19.39,0.83,
108,2026-02-27 13:00:00,7.24,0.93,694.0,0.0,52.89,20.7,21.58,22.23,1.22,
108,2026-02-27 14:00:00,8.45,2.46,623.81,0.0,46.83,22.53,23.23,24.02,1.52,
108,2026-02-27 15:00:00,9.66,3.82,585.2,0.0,45.29,24.23,24.46,24.67,1.68,
108,2026-02-27 16:00:00,8.45,2.99,837.01,0.0,43.02,25.17,25.32,25.49,1.84,
108,2026-02-27 17:00:00,12.07,5.25,590.03,0.0,43.49,25.32,25.71,26.01,1.87,
108,2026-02-27 18:00:00,10.86,3.68,361.47,0.0,42.18,25.76,25.94,26.05,1.94,
108,2026-02-27 19:00:00,21.73,4.69,267.6,0.0,47.19,23.98,25.49,26.01,1.74,
108,2026-02-27 20:00:00,20.52,10.86,273.3,0.0,62.96,21.69,22.99,24.15,1.05,
108,2026-02-27 21:00:00,16.9,8.18,24.13,0.0,71.01,19.83,20.48,21.25,0.7,
108,2026-02-27 22:00:00,8.45,4.01,0.0,0.0,78.59,18.36,18.79,19.22,0.46,
108,2026-02-27 23:00:00,6.04,0.76,0.0,0.0,79.29,17.96,18.14,18.31,0.43,
108,2026-02-28 00:00:00,0.0,0.0,0.0,0.0,82.77,16.1,16.64,17.53,0.33,
108,2026-02-28 01:00:00,3.62,0.35,0.0,0.0,86.12,15.52,15.67,15.83,0.25,
108,2026-02-28 02:00:00,0.0,0.0,0.0,0.0,87.37,14.42,14.85,15.25,0.22,
108,2026-02-28 03:00:00,3.62,0.09,0.0,0.0,89.17,13.44,13.89,14.44,0.17,
108,2026-02-28 04:00:00,0.0,0.0,0.0,0.0,90.31,12.86,13.24,13.51,0.15,
108,2026-02-28 05:00:00,4.83,0.53,0.0,0.0,91.3,12.51,12.96,13.13,0.13,
108,2026-02-28 06:00:00,0.0,0.0,0.0,0.0,92.37,12.4,12.72,12.95,0.11,
108,2026-02-28 07:00:00,0.0,0.0,0.0,0.0,92.37,11.36,12.02,12.42,0.11,
108,2026-02-28 08:00:00,0.0,0.0,9.65,0.0,92.25,11.35,11.44,11.52,0.1,
108,2026-02-28 09:00:00,0.0,0.0,150.91,0.0,91.66,12.44,13.87,14.72,0.14,
108,2026-02-28 10:00:00,4.83,0.2,405.34,0.0,88.34,15.47,16.82,18.08,0.23,
108,2026-02-28 11:00:00,8.45,2.35,593.1,0.0,77.72,18.55,19.46,20.39,0.51,
108,2026-02-28 12:00:00,9.66,2.73,775.15,0.0,67.8,21.59,22.31,22.78,0.87,
108,2026-02-28 13:00:00,10.86,3.11,872.1,0.0,60.2,23.21,24.16,24.81,1.2,
108,2026-02-28 14:00:00,13.28,4.81,941.85,0.0,47.66,25.05,26.37,27.49,1.81,
108,2026-02-28 15:00:00,16.9,3.59,940.1,0.0,35.66,28.01,28.39,29.24,2.49,
108,2026-02-28 16:00:00,12.07,4.91,892.72,0.0,32.43,28.77,29.17,29.68,2.74,
108,2026-02-28 17:00:00,12.07,3.47,769.45,0.0,32.84,29.61,29.97,30.43,2.85,
108,2026-02-28 18:00:00,10.86,4.13,658.02,0.0,33.87,29.71,30.1,30.61,2.83,
108,2026-02-28 19:00:00,8.45,1.63,432.98,0.0,30.48,31.04,31.23,31.33,3.17,
108,2026-02-28 20:00:00,16.9,2.58,228.55,0.0,41.52,26.59,29.23,31.57,2.41,
108,2026-02-28 21:00:00,18.11,8.89,28.51,0.0,57.86,22.91,24.15,25.55,1.28,
108,2026-02-28 22:00:00,10.86,4.17,0.0,0.0,68.99,20.26,21.28,22.31,0.79,
108,2026-02-28 23:00:00,7.24,4.04,0.0,0.0,75.53,19.02,19.4,19.74,0.55,
108,2026-03-01 00:00:00,6.04,2.02,0.0,0.0,80.5,17.13,17.88,18.55,0.4,
108,2026-03-01 01:00:00,6.04,2.04,0.0,0.0,84.31,16.6,16.92,17.21,0.3,
108,2026-03-01 02:00:00,4.83,0.83,0.0,0.0,87.18,15.52,15.84,16.48,0.23,
108,2026-03-01 03:00:00,6.04,2.16,0.0,0.0,89.4,15.47,15.72,15.9,0.19,
108,2026-03-01 04:00:00,4.83,0.42,0.0,0.0,90.72,14.86,15.0,15.27,0.16,
108,2026-03-01 05:00:00,0.0,0.0,0.0,0.0,90.62,14.19,14.55,14.9,0.15,
108,2026-03-01 06:00:00,0.0,0.0,0.0,0.0,90.64,13.16,13.59,14.16,0.15,
108,2026-03-01 07:00:00,0.0,0.0,0.0,0.0,91.43,12.58,12.72,12.81,0.13,
108,2026-03-01 08:00:00,0.0,0.0,21.93,0.0,92.4,12.34,12.84,13.86,0.11,
108,2026-03-01 09:00:00,7.24,2.72,188.2,0.0,93.13,14.48,15.41,16.34,0.12,
108,2026-03-01 10:00:00,8.45,3.65,418.5,0.0,85.52,16.97,18.41,20.0,0.31,
108,2026-03-01 11:00:00,10.86,2.74,662.85,0.0,73.76,20.6,20.93,21.32,0.65,
108,2026-03-01 12:00:00,9.66,3.44,794.89,0.0,67.61,22.29,23.0,23.92,0.91,
108,2026-03-01 13:00:00,10.86,3.59,938.34,0.0,59.92,24.23,25.21,25.83,1.29,
108,2026-03-01 14:00:00,14.48,3.4,1101.97,0.0,55.48,25.4,26.36,28.0,1.54,
108,2026-03-01 15:00:00,13.28,4.85,1050.21,0.0,47.79,28.22,28.62,29.06,2.05,
108,2026-03-01 16:00:00,13.28,3.7,877.37,0.0,47.21,28.36,28.9,29.16,2.1,
108,2026-03-01 17:00:00,20.52,8.4,917.73,0.0,51.29,28.7,28.86,29.26,1.94,
108,2026-03-01 18:00:00,24.14,11.32,662.41,0.0,50.35,27.67,28.15,28.74,1.89,
108,2026-03-01 19:00:00,30.18,14.53,479.48,0.0,60.86,23.67,25.03,26.52,1.25,
108,2026-03-01 20:00:00,28.97,14.88,99.14,0.0,67.39,22.31,22.91,23.38,0.91,
108,2026-03-01 21:00:00,21.73,9.34,5.7,0.0,74.27,21.09,21.48,21.95,0.66,
108,2026-03-01 22:00:00,8.45,1.03,0.0,0.0,76.94,20.29,20.49,20.77,0.56,
108,2026-03-01 23:00:00,14.48,3.15,0.0,0.0,80.8,19.66,20.02,20.4,0.45,
108,2026-03-02 00:00:00,13.28,3.9,0.0,0.0,81.2,19.87,20.21,20.43,0.45,
108,2026-03-02 01:00:00,6.04,0.65,0.0,0.0,84.69,18.61,18.92,19.39,0.34,
108,2026-03-02 02:00:00,2.41,0.2,0.0,0.0,86.02,18.2,18.28,18.36,0.29,
108,2026-03-02 03:00:00,4.83,1.04,0.0,0.0,87.46,17.89,18.3,18.79,0.27,
108,2026-03-02 04:00:00,4.83,0.63,0.0,0.0,85.69,18.9,19.04,19.1,0.31,
108,2026-03-02 05:00:00,10.86,4.13,0.0,0.0,84.66,19.08,19.19,19.27,0.34,
108,2026-03-02 06:00:00,26.55,8.07,0.0,0.0,84.37,14.87,17.81,19.28,0.32,
108,2026-03-02 07:00:00,24.14,12.67,0.0,7.36,92.05,13.77,14.16,14.93,0.13,
108,2026-03-02 08:00:00,16.9,5.86,9.21,5.85,94.45,13.47,13.56,13.69,0.09,
108,2026-03-02 09:00:00,12.07,4.33,66.68,0.25,94.15,13.61,13.77,13.89,0.09,
108,2026-03-02 10:00:00,8.45,3.53,268.91,0.0,93.01,14.06,14.41,14.93,0.12,
108,2026-03-02 11:00:00,9.66,3.02,512.38,0.0,89.14,14.92,15.35,16.07,0.19,
108,2026-03-02 12:00:00,6.04,1.35,625.12,0.0,79.39,16.52,17.05,17.45,0.4,
108,2026-03-02 13:00:00,12.07,3.15,1211.64,0.0,74.16,17.61,18.51,19.49,0.56,
108,2026-03-02 14:00:00,15.69,4.89,372.88,0.0,68.21,19.02,19.22,19.36,0.71,
108,2026-03-02 15:00:00,9.66,3.68,1060.3,0.0,62.62,20.21,20.7,21.12,0.92,
108,2026-03-02 16:00:00,9.66,2.13,471.58,0.0,59.74,21.22,21.32,21.39,1.02,
108,2026-03-02 17:00:00,9.66,2.69,484.74,0.0,58.52,21.28,21.68,22.08,1.08,
108,2026-03-02 18:00:00,12.07,3.82,855.43,0.0,58.6,21.85,22.14,22.39,1.1,
108,2026-03-02 19:00:00,8.45,2.64,507.56,0.0,55.77,22.69,22.78,22.87,1.23,
108,2026-03-02 20:00:00,6.04,1.96,254.44,0.0,62.9,19.53,21.31,22.23,0.95,
108,2026-03-02 21:00:00,3.62,0.69,10.09,0.0,76.02,17.31,17.98,19.14,0.5,
108,2026-03-02 22:00:00,8.45,2.63,0.0,0.0,81.34,15.64,16.21,17.06,0.35,
108,2026-03-02 23:00:00,14.48,5.93,0.0,0.0,77.64,14.59,15.22,15.83,0.39,
108,2026-03-03 00:00:00,6.04,2.26,0.0,0.0,83.0,13.02,13.5,14.2,0.27,
108,2026-03-03 01:00:00,8.45,3.24,0.0,0.0,86.66,12.47,12.65,12.88,0.2,
108,2026-03-03 02:00:00,8.45,2.16,0.0,0.0,88.59,11.95,12.17,12.37,0.16,
108,2026-03-03 03:00:00,4.83,0.94,0.0,0.0,90.48,11.01,11.19,11.7,0.13,
108,2026-03-03 04:00:00,4.83,0.41,0.0,0.0,91.68,10.15,10.52,10.88,0.1,
108,2026-03-03 05:00:00,6.04,1.71,0.0,0.0,92.95,9.99,10.1,10.16,0.09,
108,2026-03-03 06:00:00,3.62,0.45,0.0,0.0,92.98,9.7,9.83,10.02,0.09,
108,2026-03-03 07:00:00,4.83,0.83,0.0,0.0,93.0,8.63,9.07,9.39,0.08,
108,2026-03-03 08:00:00,8.45,4.21,10.97,0.25,93.82,8.91,9.15,9.43,0.07,
108,2026-03-03 09:00:00,12.07,5.48,206.18,0.0,90.98,9.88,10.55,11.27,0.12,
108,2026-03-03 10:00:00,14.48,7.43,417.63,0.0,84.67,11.89,12.8,13.64,0.23,
108,2026-03-03 11:00:00,16.9,8.63,640.04,0.0,76.33,14.58,15.92,17.16,0.43,
108,2026-03-03 12:00:00,19.31,10.37,787.0,0.0,65.08,18.07,18.86,19.8,0.77,
108,2026-03-03 13:00:00,22.93,9.45,889.21,0.0,54.71,20.22,21.13,21.48,1.14,
108,2026-03-03 14:00:00,22.93,10.94,943.61,0.0,50.46,21.66,22.33,22.8,1.34,
108,2026-03-03 15:00:00,26.55,12.75,940.98,0.0,44.14,22.94,23.16,23.49,1.58,
108,2026-03-03 16:00:00,26.55,14.47,896.67,0.0,37.51,23.73,24.02,24.23,1.87,
108,2026-03-03 17:00:00,27.76,13.16,804.98,0.0,33.6,24.11,24.48,24.81,2.04,
108,2026-03-03 18:00:00,22.93,12.78,624.25,0.0,30.93,24.49,24.72,25.0,2.15,
108,2026-03-03 19:00:00,22.93,12.59,438.24,0.0,32.5,24.47,24.71,25.14,2.1,
108,2026-03-03 20:00:00,20.52,9.06,223.73,0.0,37.21,21.83,23.2,24.12,1.79,
108,2026-03-03 21:00:00,14.48,5.56,20.18,0.0,54.26,18.61,19.24,20.76,1.03,
108,2026-03-03 22:00:00,19.31,10.92,0.0,0.0,66.9,17.71,18.08,18.54,0.69,
108,2026-03-03 23:00:00,21.73,10.38,0.0,0.0,72.69,15.82,16.74,17.45,0.52,
108,2026-03-04 00:00:00,10.86,4.5,0.0,0.0,80.11,14.34,14.84,15.31,0.34,
108,2026-03-04 01:00:00,3.62,0.29,0.0,0.0,84.32,12.91,13.5,14.02,0.25,
108,2026-03-04 02:00:00,4.83,0.78,0.0,0.0,87.75,11.84,12.1,12.48,0.17,
108,2026-03-04 03:00:00,2.41,0.24,0.0,0.0,89.47,11.36,11.61,11.93,0.14,
108,2026-03-04 04:00:00,4.83,0.44,0.0,0.0,89.68,10.44,10.8,11.44,0.13,
108,2026-03-04 05:00:00,2.41,0.08,0.0,0.0,90.78,10.57,10.65,10.73,0.12,
108,2026-03-04 06:00:00,6.04,0.83,0.0,0.0,90.44,10.57,10.77,11.01,0.12,
108,2026-03-04 07:00:00,7.24,1.8,0.0,0.0,90.08,11.63,11.88,12.05,0.14,
108,2026-03-04 08:00:00,10.86,3.97,15.79,0.0,90.95,12.0,12.34,12.85,0.13,
108,2026-03-04 09:00:00,25.35,11.86,188.2,0.0,86.6,13.2,13.69,14.28,0.21,
108,2026-03-04 10:00:00,32.59,16.67,451.84,0.0,77.91,14.93,15.54,16.19,0.39,
108,2026-03-04 11:00:00,33.8,17.17,633.02,0.0,68.59,17.06,17.86,18.72,0.65,
108,2026-03-04 12:00:00,33.8,16.52,777.79,0.0,61.65,19.27,19.8,20.6,0.89,
108,2026-03-04 13:00:00,33.8,17.35,896.23,0.0,50.56,20.73,21.69,22.39,1.29,
108,2026-03-04 14:00:00,39.83,17.07,934.83,0.0,44.87,22.35,23.08,23.84,1.56,
108,2026-03-04 15:00:00,31.38,16.88,941.85,0.0,40.91,24.01,24.42,24.67,1.81,
108,2026-03-04 16:00:00,32.59,15.87,901.49,0.0,36.32,24.91,25.27,25.55,2.05,
108,2026-03-04 17:00:00,24.14,13.05,812.44,0.0,35.16,25.63,26.07,26.74,2.19,
108,2026-03-04 18:00:00,26.55,12.7,633.02,0.0,34.68,26.11,26.41,26.84,2.25,
108,2026-03-04 19:00:00,21.73,11.74,448.77,0.0,36.11,25.59,26.04,26.46,2.16,
108,2026-03-04 20:00:00,16.9,7.35,240.4,0.0,43.32,22.08,23.67,24.98,1.67,
108,2026-03-04 21:00:00,9.66,4.42,3.95,0.0,57.3,18.24,19.48,20.4,0.97,
108,2026-03-04 22:00:00,8.45,4.3,0.0,0.0,66.69,16.72,16.98,17.44,0.65,
108,2026-03-04 23:00:00,7.24,2.39,0.0,0.0,69.3,14.75,15.63,16.17,0.55,
108,2026-03-05 00:00:00,6.04,2.99,0.0,0.0,74.17,13.72,14.0,14.27,0.41,
108,2026-03-05 01:00:00,4.83,2.14,0.0,0.0,76.41,12.47,12.99,13.48,0.36,
108,2026-03-05 02:00:00,3.62,0.72,0.0,0.0,79.96,11.63,11.83,12.12,0.28,
108,2026-03-05 03:00:00,0.0,0.0,0.0,0.0,81.87,10.97,11.16,11.53,0.24,
108,2026-03-05 04:00:00,2.41,0.08,0.0,0.0,83.99,9.81,10.12,10.4,0.2,
108,2026-03-05 05:00:00,3.62,0.21,0.0,0.0,85.74,9.11,9.35,9.63,0.17,
108,2026-03-05 06:00:00,0.0,0.0,0.0,0.0,87.12,8.63,8.8,9.08,0.15,
108,2026-03-05 07:00:00,0.0,0.0,0.0,0.0,88.31,8.04,8.21,8.33,0.13,
108,2026-03-05 08:00:00,0.0,0.0,12.72,0.0,89.46,7.74,7.96,8.36,0.12,
108,2026-03-05 09:00:00,7.24,1.24,213.2,0.0,86.11,9.23,10.3,11.23,0.18,
108,2026-03-05 10:00:00,9.66,3.46,413.68,0.0,77.79,12.08,12.7,13.44,0.33,
108,2026-03-05 11:00:00,14.48,6.29,594.85,0.0,72.36,14.1,14.82,15.68,0.47,
108,2026-03-05 12:00:00,14.48,6.39,777.35,0.0,66.64,16.27,17.16,18.15,0.66,
108,2026-03-05 13:00:00,12.07,4.46,871.22,0.0,59.34,19.01,20.24,21.05,0.97,
108,2026-03-05 14:00:00,13.28,4.29,915.09,0.0,54.0,21.9,22.79,23.68,1.28,
108,2026-03-05 15:00:00,14.48,4.79,915.53,0.0,46.49,24.2,25.21,25.86,1.72,
108,2026-03-05 16:00:00,13.28,4.05,889.65,0.0,42.79,26.15,27.16,27.94,2.07,
108,2026-03-05 17:00:00,12.07,4.59,774.28,0.0,41.25,28.02,28.61,29.12,2.3,
108,2026-03-05 18:00:00,9.66,2.39,634.77,0.0,38.97,28.92,29.46,30.11,2.51,
108,2026-03-05 19:00:00,8.45,2.11,454.48,0.0,41.04,29.28,29.59,29.83,2.44,
108,2026-03-05 20:00:00,3.62,0.2,192.58,0.0,48.28,27.04,28.16,29.06,1.98,
108,2026-03-05 21:00:00,2.41,0.08,6.58,0.0,56.82,21.61,23.81,26.08,1.3,
108,2026-03-05 22:00:00,9.66,0.33,0.0,0.0,72.63,18.48,19.38,20.11,0.62,
108,2026-03-05 23:00:00,3.62,0.5,0.0,0.0,77.95,16.72,17.02,17.65,0.43,
108,2026-03-06 00:00:00,2.41,0.09,0.0,0.0,80.25,15.38,15.83,16.24,0.36,
108,2026-03-06 01:00:00,0.0,0.0,0.0,0.0,84.52,14.16,14.45,14.81,0.26,
108,2026-03-06 02:00:00,0.0,0.0,0.0,0.0,84.22,13.48,13.65,13.95,0.25,
108,2026-03-06 03:00:00,0.0,0.0,0.0,0.0,85.69,12.34,12.96,13.32,0.22,
108,2026-03-06 04:00:00,0.0,0.0,0.0,0.0,87.87,11.52,11.83,12.42,0.17,
108,2026-03-06 05:00:00,0.0,0.0,0.0,0.0,89.07,10.92,11.19,11.37,0.14,
108,2026-03-06 06:00:00,3.62,0.06,0.0,0.0,89.62,10.32,10.51,10.71,0.13,
108,2026-03-06 07:00:00,1.21,0.0,0.0,0.0,90.79,9.78,9.99,10.19,0.11,
108,2026-03-06 08:00:00,0.0,0.0,3.51,0.0,91.13,9.36,9.44,9.6,0.11,
108,2026-03-06 09:00:00,0.0,0.0,182.49,0.0,90.97,10.64,12.61,14.54,0.14,
108,2026-03-06 10:00:00,3.62,0.08,394.38,0.0,76.25,14.72,15.7,16.92,0.43,
108,2026-03-06 11:00:00,7.24,1.1,622.05,0.0,67.5,17.89,19.27,20.24,0.73,
108,2026-03-06 12:00:00,12.07,3.79,816.39,0.0,60.17,20.93,21.74,22.55,1.04,
108,2026-03-06 13:00:00,10.86,2.97,887.02,0.0,53.81,23.14,24.01,24.91,1.38,
108,2026-03-06 14:00:00,9.66,2.14,943.17,0.0,46.04,26.29,27.07,27.8,1.93,
108,2026-03-06 15:00:00,12.07,4.51,965.98,0.0,38.68,28.53,28.88,29.33,2.44,
108,2026-03-06 16:00:00,14.48,3.0,930.45,0.0,33.77,30.12,30.42,31.14,2.88,
108,2026-03-06 17:00:00,10.86,2.78,787.0,0.0,29.99,31.08,31.46,31.77,3.23,
108,2026-03-06 18:00:00,12.07,2.87,630.83,0.0,28.07,31.6,32.08,32.52,3.44,
108,2026-03-06 19:00:00,9.66,2.6,400.52,0.0,28.71,31.81,32.29,33.07,3.45,
108,2026-03-06 20:00:00,15.69,4.86,198.72,0.0,44.39,25.04,27.73,31.26,2.09,
108,2026-03-06 21:00:00,13.28,4.93,14.92,0.0,55.27,20.63,22.04,22.9,1.19,
108,2026-03-06 22:00:00,7.24,2.26,0.0,0.0,64.9,18.38,19.18,19.8,0.78,
108,2026-03-06 23:00:00,4.83,0.6,0.0,0.0,70.27,16.47,17.36,18.04,0.59,
108,2026-03-07 00:00:00,3.62,0.26,0.0,0.0,76.46,14.55,15.55,16.55,0.42,
108,2026-03-07 01:00:00,6.04,2.29,0.0,0.0,81.28,13.61,13.88,14.14,0.3,
108,2026-03-07 02:00:00,4.83,1.74,0.0,0.0,82.15,13.16,13.28,13.38,0.27,
108,2026-03-07 03:00:00,3.62,0.15,0.0,0.0,81.53,12.05,12.56,13.05,0.27,
108,2026-03-07 04:00:00,0.0,0.0,0.0,0.0,84.67,11.33,11.7,12.02,0.21,
108,2026-03-07 05:00:00,0.0,0.0,0.0,0.0,86.62,10.73,11.09,11.36,0.18,
108,2026-03-07 06:00:00,0.0,0.0,0.0,0.0,88.19,10.25,10.42,10.5,0.15,
108,2026-03-07 07:00:00,3.62,0.17,0.0,0.0,88.49,9.17,9.65,9.94,0.14,
108,2026-03-07 08:00:00,4.83,0.24,13.16,0.0,90.6,8.86,9.06,9.21,0.11,
108,2026-03-07 09:00:00,3.62,0.09,46.5,0.0,89.53,9.67,11.31,13.27,0.14,
108,2026-03-07 10:00:00,12.07,4.14,379.02,0.0,75.03,14.07,15.25,16.26,0.44,
108,2026-03-07 11:00:00,15.69,7.55,569.41,0.0,68.13,16.77,17.5,18.24,0.64,
108,2026-03-07 12:00:00,14.48,7.3,788.31,0.0,63.9,18.91,19.65,20.35,0.83,
108,2026-03-07 13:00:00,18.11,8.06,847.54,0.0,59.2,20.9,21.53,22.04,1.05,
108,2026-03-07 14:00:00,18.11,6.73,941.85,0.0,55.09,22.15,23.09,24.08,1.27,
108,2026-03-07 15:00:00,20.52,8.44,830.87,0.0,50.09,24.12,24.59,25.14,1.54,
108,2026-03-07 16:00:00,22.93,8.52,906.76,0.0,43.79,25.64,25.82,26.11,1.87,
108,2026-03-07 17:00:00,18.11,7.42,787.44,0.0,41.95,25.43,26.45,26.95,2.01,
108,2026-03-07 18:00:00,26.55,13.85,534.75,0.0,50.89,23.55,23.89,24.7,1.46,
108,2026-03-07 19:00:00,22.93,11.63,442.19,0.0,44.7,22.36,23.24,23.76,1.58,
108,2026-03-07 20:00:00,20.52,10.7,236.45,0.0,51.76,19.94,21.13,21.93,1.22,
108,2026-03-07 21:00:00,18.11,8.8,8.77,0.0,64.39,18.07,18.66,19.11,0.77,
108,2026-03-07 22:00:00,14.48,4.78,0.0,0.0,73.62,15.25,16.2,17.45,0.49,
108,2026-03-07 23:00:00,7.24,2.76,0.0,0.0,81.35,14.09,14.36,14.9,0.31,
108,2026-03-08 00:00:00,8.45,3.23,0.0,0.0,85.2,13.15,13.43,13.78,0.23,
108,2026-03-08 01:00:00,6.04,1.31,0.0,0.0,86.99,12.7,13.05,13.3,0.2,
108,2026-03-08 02:00:00,3.62,0.18,0.0,0.0,87.56,11.93,12.27,12.65,0.18,
108,2026-03-08 03:00:00,1.21,0.0,0.0,0.0,88.91,11.26,11.36,11.43,0.15,
108,2026-03-08 04:00:00,0.0,0.0,0.0,0.0,89.14,10.47,10.79,11.02,0.14,
108,2026-03-08 05:00:00,2.41,0.08,0.0,0.0,90.64,10.32,10.54,10.64,0.12,
108,2026-03-08 06:00:00,6.04,1.0,0.0,0.0,91.66,9.67,10.14,10.57,0.11,
108,2026-03-08 07:00:00,3.62,0.32,0.0,0.0,92.53,9.64,9.83,10.08,0.09,
108,2026-03-08 08:00:00,0.0,0.0,3.07,0.0,92.75,8.83,9.22,9.42,0.08,
108,2026-03-08 09:00:00,4.83,0.65,186.44,0.0,92.67,9.8,11.3,12.65,0.1,
108,2026-03-08 10:00:00,8.45,3.43,385.16,0.0,84.72,13.38,14.4,15.58,0.26,
108,2026-03-08 11:00:00,9.66,3.86,572.92,0.0,74.05,16.16,17.31,18.22,0.52,
108,2026-03-08 12:00:00,18.11,5.8,721.63,0.0,68.17,18.82,19.62,20.77,0.73,
108,2026-03-08 13:00:00,19.31,8.19,844.03,0.0,64.7,20.97,21.61,22.18,0.91,
108,2026-03-08 14:00:00,20.52,9.79,890.53,0.0,60.21,22.85,23.24,23.8,1.14,
108,2026-03-08 15:00:00,19.31,8.38,901.49,0.0,50.48,24.18,24.63,25.02,1.54,
108,2026-03-08 16:00:00,16.9,6.4,875.61,0.0,44.33,25.6,26.06,26.54,1.88,
108,2026-03-08 17:00:00,14.48,3.65,703.65,0.0,44.41,25.97,26.24,26.84,1.9,
108,2026-03-08 18:00:00,19.31,5.88,290.41,0.0,48.76,23.36,24.91,26.04,1.63,
108,2026-03-08 19:00:00,19.31,9.9,117.13,0.0,58.95,21.0,21.67,22.43,1.07,
108,2026-03-08 20:00:00,15.69,6.87,52.64,0.0,65.16,19.52,20.07,20.5,0.82,
108,2026-03-08 21:00:00,14.48,5.67,3.51,0.0,66.36,18.34,18.62,19.05,0.72,
108,2026-03-08 23:00:00,3.62,0.78,0.0,0.0,79.86,14.68,15.05,15.41,0.35,
108,2026-03-09 00:00:00,4.83,0.45,0.0,0.0,83.64,13.44,13.78,14.14,0.26,
108,2026-03-09 01:00:00,4.83,0.54,0.0,0.0,85.21,12.74,13.14,13.66,0.22,
108,2026-03-09 02:00:00,1.21,0.0,0.0,0.0,87.66,11.75,12.04,12.51,0.18,
108,2026-03-09 03:00:00,0.0,0.0,0.0,0.0,88.25,11.1,11.28,11.44,0.16,
108,2026-03-09 04:00:00,4.83,0.62,0.0,0.0,89.49,10.64,10.75,10.85,0.14,
108,2026-03-09 05:00:00,6.04,0.86,0.0,0.0,90.19,10.32,10.59,11.08,0.13,
108,2026-03-09 06:00:00,8.45,3.28,0.0,0.0,91.41,10.3,10.33,10.36,0.11,
108,2026-03-09 07:00:00,4.83,1.04,0.0,0.0,91.41,9.23,9.61,9.98,0.1,
108,2026-03-09 08:00:00,7.24,0.47,16.23,0.0,91.93,8.63,8.97,9.29,0.09,
108,2026-03-09 09:00:00,9.66,2.23,118.44,0.0,91.18,9.45,10.76,12.0,0.12,
108,2026-03-09 10:00:00,10.86,3.89,381.22,0.0,82.01,12.6,14.12,15.58,0.3,
108,2026-03-09 11:00:00,15.69,7.0,608.01,0.0,71.86,16.52,17.71,19.2,0.57,
108,2026-03-09 12:00:00,16.9,8.35,750.59,0.0,65.06,20.04,20.73,21.52,0.86,
108,2026-03-09 13:00:00,15.69,7.09,843.59,0.0,57.86,21.93,22.86,23.5,1.18,
108,2026-03-09 14:00:00,19.31,8.25,891.84,0.0,50.78,24.12,24.46,24.83,1.51,
108,2026-03-09 15:00:00,19.31,8.88,893.16,0.0,42.77,25.59,26.32,26.9,1.96,
108,2026-03-09 16:00:00,14.48,7.85,860.7,0.0,40.05,27.06,27.45,27.84,2.18,
108,2026-03-09 17:00:00,16.9,7.47,766.38,0.0,35.14,27.57,27.97,28.19,2.45,
108,2026-03-09 18:00:00,19.31,9.29,643.11,0.0,33.18,28.32,28.63,28.94,2.62,
108,2026-03-09 19:00:00,18.11,8.16,385.6,0.0,38.05,26.87,27.36,27.81,2.26,
108,2026-03-09 20:00:00,14.48,4.95,97.39,0.0,43.61,24.04,25.13,26.39,1.81,
108,2026-03-09 21:00:00,9.66,5.09,3.95,0.0,49.18,21.63,22.33,22.81,1.38,
108,2026-03-09 22:00:00,15.69,6.34,0.0,0.0,59.59,20.26,20.76,21.41,0.99,
108,2026-03-09 23:00:00,9.66,3.92,0.0,0.0,67.28,19.67,20.28,21.11,0.78,
108,2026-03-10 00:00:00,4.83,1.46,0.0,0.0,76.72,16.69,17.58,18.31,0.47,
108,2026-03-10 01:00:00,4.83,0.87,0.0,0.0,80.13,15.9,16.12,16.28,0.36,
108,2026-03-10 02:00:00,4.83,0.89,0.0,0.0,82.75,14.57,14.9,15.25,0.29,
108,2026-03-10 03:00:00,4.83,1.57,0.0,0.0,84.37,13.72,14.13,14.52,0.25,
108,2026-03-10 04:00:00,6.04,0.82,0.0,0.0,85.16,13.22,13.53,13.84,0.23,
108,2026-03-10 05:00:00,3.62,0.09,0.0,0.0,87.47,12.36,12.55,13.02,0.18,
108,2026-03-10 06:00:00,0.0,0.0,0.0,0.0,88.39,11.6,11.96,12.15,0.16,
108,2026-03-10 07:00:00,3.62,0.56,0.0,0.0,89.96,10.88,11.1,11.43,0.13,
108,2026-03-10 08:00:00,1.21,0.0,12.28,0.0,90.45,10.75,10.94,11.2,0.13,
108,2026-03-10 09:00:00,4.83,0.3,78.52,0.0,90.87,11.6,12.73,14.12,0.14,
108,2026-03-10 10:00:00,10.86,4.98,395.69,0.0,83.59,15.16,16.57,17.68,0.31,
108,2026-03-10 11:00:00,13.28,7.35,575.99,0.0,71.27,17.93,19.26,20.5,0.65,
108,2026-03-10 12:00:00,12.07,5.09,753.66,0.0,61.21,20.95,22.07,23.26,1.03,
108,2026-03-10 13:00:00,14.48,5.21,847.1,0.0,55.49,23.72,24.88,25.84,1.41,
108,2026-03-10 14:00:00,16.9,6.56,888.77,0.0,48.8,26.35,27.05,27.39,1.83,
108,2026-03-10 15:00:00,14.48,4.89,891.84,0.0,44.81,27.84,28.53,29.0,2.15,
108,2026-03-10 16:00:00,9.66,3.76,833.06,0.0,39.21,28.92,29.53,30.09,2.51,
108,2026-03-10 17:00:00,10.86,3.06,736.11,0.0,33.35,29.98,30.66,31.19,2.94,
108,2026-03-10 18:00:00,9.66,1.89,587.4,0.0,32.39,30.8,31.2,31.51,3.08,
108,2026-03-10 19:00:00,14.48,3.7,389.11,0.0,35.29,28.98,30.76,31.43,2.88,
108,2026-03-10 20:00:00,18.11,8.45,133.8,0.0,45.67,24.52,26.28,27.96,1.87,
108,2026-03-10 21:00:00,13.28,6.25,0.0,0.0,56.92,21.31,22.07,22.97,1.15,
108,2026-03-10 22:00:00,12.07,5.43,0.0,0.0,67.43,18.8,19.38,20.29,0.73,
108,2026-03-10 23:00:00,10.86,4.04,0.0,0.0,73.28,16.66,17.58,18.38,0.54,
108,2026-03-11 00:00:00,6.04,2.63,0.0,0.0,79.87,15.18,15.59,16.14,0.36,
108,2026-03-11 01:00:00,7.24,1.3,0.0,0.0,83.31,13.72,14.37,14.79,0.28,
108,2026-03-11 02:00:00,6.04,1.93,0.0,0.0,86.49,13.41,13.6,13.86,0.21,
108,2026-03-11 03:00:00,6.04,2.32,0.0,0.0,85.26,13.13,13.37,13.5,0.23,
108,2026-03-11 04:00:00,8.45,3.34,0.0,0.0,86.26,12.95,13.06,13.22,0.21,
108,2026-03-11 05:00:00,4.83,0.54,0.0,0.0,87.52,12.25,12.37,12.51,0.18,
108,2026-03-11 06:00:00,2.41,0.0,0.0,0.0,88.54,11.19,11.48,12.06,0.16,
108,2026-03-11 07:00:00,3.62,0.68,0.0,0.0,90.36,10.44,10.7,10.88,0.13,
108,2026-03-11 08:00:00,1.21,0.0,14.48,0.0,91.1,10.13,10.26,10.36,0.11,
108,2026-03-11 09:00:00,3.62,0.09,90.81,0.0,90.64,10.67,11.72,12.6,0.13,
108,2026-03-11 10:00:00,10.86,2.49,287.78,0.0,82.25,13.26,14.63,15.75,0.3,
108,2026-03-11 11:00:00,15.69,6.78,543.97,0.0,70.88,16.62,17.3,18.0,0.58,
108,2026-03-11 12:00:00,14.48,6.88,729.09,0.0,66.33,18.62,19.51,20.34,0.76,
108,2026-03-11 13:00:00,16.9,8.12,828.67,0.0,59.29,21.28,22.25,22.91,1.1,
108,2026-03-11 14:00:00,18.11,8.27,878.68,0.0,50.22,24.07,24.18,24.45,1.51,
108,2026-03-11 15:00:00,18.11,8.28,879.12,0.0,44.39,25.08,25.55,25.84,1.82,
108,2026-03-11 16:00:00,16.9,8.03,842.71,0.0,40.01,26.54,26.9,27.48,2.13,
108,2026-03-11 17:00:00,19.31,8.95,732.6,0.0,40.84,27.08,27.34,27.83,2.16,
108,2026-03-11 18:00:00,19.31,8.4,585.64,0.0,36.36,27.73,27.84,27.95,2.38,
108,2026-03-11 19:00:00,15.69,7.27,413.68,0.0,36.06,27.68,28.01,28.21,2.42,
108,2026-03-11 20:00:00,15.69,4.84,146.96,0.0,43.77,23.43,25.71,27.83,1.89,
108,2026-03-11 21:00:00,15.69,4.99,9.21,0.0,63.14,19.87,21.51,22.8,0.96,
108,2026-03-11 22:00:00,7.24,4.07,0.0,0.0,74.2,17.8,18.51,19.2,0.55,
108,2026-03-11 23:00:00,6.04,1.77,0.0,0.0,77.59,16.76,17.24,17.89,0.44,
108,2026-03-12 00:00:00,4.83,0.61,0.0,0.0,81.63,15.4,15.86,16.14,0.33,
108,2026-03-12 01:00:00,3.62,0.03,0.0,0.0,84.19,14.57,14.81,14.97,0.27,
108,2026-03-12 02:00:00,3.62,1.12,0.0,0.0,85.85,13.71,14.36,14.89,0.23,
108,2026-03-12 03:00:00,4.83,0.78,0.0,0.0,88.57,13.41,13.6,13.81,0.18,
108,2026-03-12 04:00:00,0.0,0.0,0.0,0.0,89.58,12.75,12.93,13.3,0.16,
108,2026-03-12 05:00:00,2.41,0.05,0.0,0.0,90.92,11.72,12.29,12.7,0.13,
108,2026-03-12 06:00:00,3.62,0.11,0.0,0.0,92.45,11.68,11.9,12.15,0.11,
108,2026-03-12 07:00:00,4.83,0.91,0.0,0.0,93.62,11.7,11.93,12.09,0.09,
108,2026-03-12 08:00:00,2.41,0.15,13.16,0.0,94.36,11.82,12.66,13.38,0.08,
108,2026-03-12 09:00:00,14.48,3.46,76.77,0.0,95.53,13.78,14.24,14.75,0.07,
108,2026-03-12 10:00:00,14.48,7.32,404.9,0.0,94.76,14.99,15.49,16.3,0.1,
108,2026-03-12 11:00:00,12.07,6.07,558.44,0.0,80.77,17.13,18.44,19.66,0.41,
108,2026-03-12 12:00:00,14.48,6.78,709.79,0.0,68.68,20.18,21.29,22.19,0.8,
108,2026-03-12 13:00:00,18.11,8.69,808.93,0.0,61.84,22.98,23.7,24.59,1.12,
108,2026-03-12 14:00:00,19.31,9.96,858.5,0.0,53.64,25.5,26.17,26.86,1.59,
108,2026-03-12 15:00:00,16.9,7.27,862.89,0.0,47.47,27.35,27.83,28.22,1.97,
108,2026-03-12 16:00:00,18.11,5.22,829.55,0.0,44.74,28.21,28.43,28.6,2.14,
108,2026-03-12 17:00:00,15.69,6.22,731.72,0.0,43.16,29.01,29.12,29.35,2.29,
108,2026-03-12 18:00:00,18.11,7.21,598.8,0.0,40.33,29.42,29.68,29.95,2.49,
108,2026-03-12 19:00:00,13.28,6.35,363.23,0.0,39.32,29.47,29.93,30.26,2.57,
108,2026-03-12 20:00:00,16.9,7.03,154.86,0.0,52.96,25.04,26.83,29.52,1.69,
108,2026-03-12 21:00:00,15.69,6.1,9.21,0.0,64.28,22.12,23.09,24.26,1.01,
108,2026-03-12 22:00:00,8.45,2.73,0.0,0.0,71.11,19.38,20.16,20.79,0.68,
108,2026-03-12 23:00:00,8.45,2.66,0.0,0.0,70.83,18.29,19.0,19.66,0.64,
108,2026-03-13 00:00:00,7.24,2.04,0.0,0.0,72.17,17.59,17.95,18.24,0.57,
108,2026-03-13 01:00:00,4.83,1.33,0.0,0.0,75.1,16.82,17.14,17.44,0.49,
108,2026-03-13 02:00:00,16.9,3.32,0.0,0.0,76.11,16.47,16.87,17.42,0.46,
108,2026-03-13 03:00:00,16.9,8.57,0.0,0.0,68.43,16.69,16.92,17.22,0.61,
108,2026-03-13 04:00:00,18.11,8.45,0.0,0.0,69.21,15.71,16.13,16.48,0.57,
108,2026-03-13 05:00:00,15.69,8.46,0.0,0.0,71.6,14.9,15.24,15.61,0.49,
108,2026-03-13 06:00:00,19.31,8.31,0.0,0.0,75.14,13.69,14.23,14.69,0.4,
108,2026-03-13 07:00:00,13.28,6.9,0.0,0.0,80.32,12.72,12.99,13.33,0.3,
108,2026-03-13 08:00:00,10.86,4.93,15.35,0.0,83.38,12.12,12.26,12.48,0.24,
108,2026-03-13 09:00:00,15.69,7.65,104.85,0.0,80.85,12.46,13.05,13.52,0.29,
108,2026-03-13 10:00:00,21.73,11.86,357.09,0.0,76.76,13.68,13.91,14.13,0.37,
108,2026-03-13 11:00:00,20.52,10.3,580.38,0.0,73.47,14.52,15.77,16.89,0.48,
108,2026-03-13 12:00:00,18.11,9.7,745.76,0.0,67.24,17.49,17.99,18.36,0.68,
108,2026-03-13 13:00:00,22.93,10.39,817.27,0.0,61.84,18.89,19.81,20.59,0.89,
108,2026-03-13 14:00:00,22.93,10.97,891.4,0.0,58.49,21.21,21.85,22.84,1.09,
108,2026-03-13 15:00:00,21.73,10.2,876.05,0.0,53.1,22.74,23.3,23.79,1.34,
108,2026-03-13 16:00:00,26.55,11.24,834.38,0.0,48.33,24.01,24.48,24.69,1.59,
108,2026-03-13 17:00:00,24.14,9.32,740.06,0.0,40.73,25.47,25.75,26.04,1.96,
108,2026-03-13 18:00:00,21.73,10.05,573.36,0.0,37.45,25.42,25.71,26.09,2.07,
108,2026-03-13 19:00:00,18.11,8.62,398.76,0.0,34.82,25.02,25.51,25.74,2.13,
108,2026-03-13 20:00:00,13.28,5.22,110.55,0.0,44.07,20.73,22.39,24.41,1.53,
108,2026-03-13 21:00:00,8.45,4.27,2.19,0.0,53.56,18.56,19.27,19.62,1.04,
108,2026-03-13 22:00:00,6.04,2.46,0.0,0.0,64.24,15.44,16.81,18.45,0.69,
108,2026-03-13 23:00:00,7.24,3.74,0.0,0.0,71.55,14.83,14.99,15.16,0.48,
108,2026-03-14 00:00:00,6.04,0.85,0.0,0.0,77.37,13.19,13.9,14.68,0.36,
108,2026-03-14 01:00:00,2.41,0.18,0.0,0.0,81.79,11.77,12.22,12.61,0.26,
108,2026-03-14 02:00:00,2.41,0.03,0.0,0.0,82.6,11.15,11.56,11.84,0.24,
108,2026-03-14 03:00:00,2.41,0.14,0.0,0.0,85.05,9.77,10.33,10.91,0.19,
108,2026-03-14 04:00:00,4.83,1.04,0.0,0.0,86.53,9.68,9.91,10.04,0.16,
108,2026-03-14 05:00:00,7.24,2.43,0.0,0.0,85.68,10.05,10.1,10.16,0.18,
108,2026-03-14 06:00:00,0.0,0.0,0.0,0.0,85.29,8.95,9.37,9.78,0.17,
108,2026-03-14 07:00:00,3.62,0.39,0.0,0.0,86.89,8.47,8.54,8.6,0.15,
108,2026-03-14 08:00:00,0.0,0.0,2.63,0.0,87.25,7.67,8.04,8.35,0.14,
108,2026-03-14 09:00:00,0.0,0.0,156.61,0.0,87.47,8.63,9.87,11.22,0.16,
108,2026-03-14 10:00:00,8.45,3.03,387.8,0.0,77.66,12.05,13.24,14.28,0.35,
108,2026-03-14 11:00:00,9.66,4.36,471.58,0.0,71.02,14.97,15.7,16.31,0.52,
108,2026-03-14 12:00:00,19.31,5.89,549.23,0.0,64.22,16.86,18.03,19.08,0.75,
108,2026-03-14 13:00:00,12.07,4.32,798.84,0.0,56.47,19.45,20.14,20.81,1.03,
108,2026-03-14 14:00:00,13.28,5.28,937.9,0.0,50.37,21.46,22.09,22.67,1.33,
108,2026-03-14 15:00:00,12.07,4.96,572.48,0.0,45.13,23.04,23.3,23.59,1.57,
108,2026-03-14 16:00:00,14.48,4.5,584.76,0.0,40.47,23.81,24.04,24.41,1.78,
108,2026-03-14 17:00:00,13.28,4.56,380.34,0.0,39.97,24.54,24.62,24.66,1.86,
108,2026-03-14 18:00:00,9.66,3.43,279.88,0.0,42.06,24.14,24.33,24.45,1.76,
108,2026-03-14 19:00:00,18.11,8.12,139.94,0.0,35.91,20.94,22.05,23.17,1.7,
108,2026-03-14 20:00:00,13.28,6.53,32.02,0.0,42.69,19.08,19.74,20.53,1.32,
108,2026-03-14 21:00:00,16.9,7.05,0.0,0.0,49.0,18.11,18.34,18.76,1.08,
108,2026-03-14 22:00:00,13.28,4.36,0.0,0.0,57.02,17.16,17.5,18.05,0.86,
108,2026-03-14 23:00:00,7.24,1.42,0.0,0.0,66.97,16.14,16.55,17.06,0.63,
108,2026-03-15 00:00:00,6.04,1.48,0.0,0.0,71.64,15.89,16.19,16.45,0.53,
108,2026-03-15 01:00:00,4.83,0.55,0.0,0.0,72.23,15.76,16.04,16.23,0.51,
108,2026-03-15 02:00:00,3.62,0.17,0.0,0.0,73.1,15.42,15.58,15.73,0.48,
108,2026-03-15 03:00:00,4.83,0.54,0.0,0.0,76.06,15.23,15.26,15.3,0.41,
108,2026-03-15 04:00:00,9.66,3.61,0.0,0.0,75.15,15.1,15.18,15.24,0.43,
108,2026-03-15 05:00:00,14.48,6.22,0.0,0.0,73.89,15.31,15.41,15.51,0.46,
108,2026-03-15 06:00:00,15.69,5.98,0.0,0.0,75.71,14.74,15.09,15.31,0.42,
108,2026-03-15 07:00:00,13.28,5.07,0.0,0.0,77.87,14.58,14.7,14.78,0.37,
108,2026-03-15 08:00:00,13.28,3.23,0.0,0.0,74.92,14.76,14.94,15.06,0.43,
108,2026-03-15 09:00:00,18.11,8.12,23.25,0.0,77.29,14.67,14.94,15.33,0.39,
108,2026-03-15 10:00:00,19.31,7.94,75.89,0.25,82.39,14.52,14.72,14.92,0.3,
108,2026-03-15 11:00:00,19.31,9.67,107.92,0.25,81.07,15.02,15.2,15.62,0.33,
108,2026-03-15 12:00:00,28.97,13.26,314.54,0.0,75.66,16.16,17.22,18.24,0.48,
108,2026-03-15 13:00:00,31.38,16.27,525.98,0.0,67.66,18.79,19.8,20.4,0.75,
108,2026-03-15 14:00:00,35.0,17.23,178.54,0.0,64.73,19.48,20.27,21.11,0.84,
108,2026-03-15 15:00:00,36.21,16.38,283.39,0.0,63.68,21.29,21.62,21.83,0.94,
108,2026-03-15 16:00:00,27.76,14.48,139.06,0.0,66.32,20.81,21.24,21.63,0.85,
108,2026-03-15 17:00:00,42.25,17.65,111.86,0.0,65.25,20.88,21.17,21.48,0.88,
108,2026-03-15 18:00:00,37.42,18.14,72.38,0.0,70.12,20.14,20.32,20.57,0.71,
108,2026-03-15 19:00:00,31.38,13.9,28.95,5.59,83.67,17.65,18.48,19.8,0.36,
108,2026-03-15 20:00:00,12.07,4.33,7.46,10.42,93.42,16.07,16.16,16.31,0.12,
108,2026-03-15 21:00:00,14.48,4.27,0.0,3.82,94.17,15.83,15.98,16.1,0.11,
108,2026-03-15 22:00:00,10.86,1.83,0.0,3.05,94.04,15.71,15.74,15.79,0.11,
108,2026-03-15 23:00:00,4.83,0.18,0.0,0.25,93.93,15.41,15.53,15.68,0.11,
108,2026-03-16 00:00:00,6.04,1.21,0.0,0.0,93.88,15.24,15.36,15.57,0.11,
108,2026-03-16 01:00:00,3.62,0.42,0.0,0.0,93.12,15.23,15.29,15.36,0.12,
108,2026-03-16 02:00:00,1.21,0.0,0.0,0.0,92.76,15.21,15.33,15.38,0.13,
108,2026-03-16 03:00:00,1.21,0.0,0.0,0.0,92.81,14.0,14.44,14.93,0.12,
108,2026-03-16 04:00:00,1.21,0.0,0.0,0.0,93.18,12.75,13.11,13.45,0.11,
108,2026-03-16 05:00:00,0.0,0.0,0.0,0.0,93.83,13.01,13.15,13.29,0.09,
108,2026-03-16 06:00:00,1.21,0.02,0.0,0.0,94.2,13.3,13.41,13.54,0.09,
108,2026-03-16 07:00:00,0.0,0.0,0.0,0.0,94.54,13.62,13.9,14.12,0.09,
108,2026-03-16 08:00:00,0.0,0.0,4.39,0.0,94.37,14.06,14.12,14.17,0.09,
108,2026-03-16 09:00:00,2.41,0.03,52.64,0.0,94.41,14.17,14.7,15.18,0.1,
108,2026-03-16 10:00:00,9.66,2.06,157.05,0.0,94.16,15.36,15.64,15.99,0.11,
108,2026-03-16 11:00:00,13.28,3.72,185.56,0.0,91.39,16.06,16.39,16.69,0.16,
108,2026-03-16 12:00:00,12.07,4.74,246.98,0.0,88.08,16.8,17.24,17.5,0.24,
108,2026-03-16 13:00:00,14.48,6.64,282.07,0.0,85.4,17.52,17.62,17.71,0.3,
108,2026-03-16 14:00:00,18.11,8.38,197.85,0.0,83.02,17.69,17.85,18.03,0.35,
108,2026-03-16 15:00:00,19.31,9.34,350.07,0.0,81.26,18.05,18.16,18.35,0.39,
108,2026-03-16 16:00:00,22.93,10.9,461.93,0.0,80.3,18.11,18.31,18.8,0.42,
108,2026-03-16 17:00:00,21.73,10.35,761.99,0.0,78.02,17.92,18.91,19.49,0.48,
108,2026-03-16 18:00:00,19.31,9.99,382.53,0.0,74.38,18.86,19.08,19.32,0.57,
108,2026-03-16 19:00:00,20.52,9.66,430.35,0.0,72.02,19.45,19.54,19.79,0.64,
108,2026-03-16 20:00:00,9.66,3.74,118.88,0.0,77.85,17.17,17.99,18.73,0.46,
108,2026-03-16 21:00:00,8.45,1.15,0.0,0.0,82.43,16.23,16.44,16.83,0.33,
108,2026-03-16 22:00:00,10.86,2.34,0.0,0.0,76.88,16.04,16.19,16.28,0.43,
108,2026-03-16 23:00:00,13.28,3.82,0.0,0.0,74.74,15.24,15.83,16.32,0.46,
108,2026-03-17 00:00:00,7.24,2.69,0.0,0.0,81.94,14.42,14.65,14.96,0.3,
108,2026-03-17 01:00:00,10.86,5.72,0.0,0.0,82.51,14.62,14.79,14.89,0.3,
108,2026-03-17 02:00:00,10.86,4.87,0.0,0.0,82.61,14.37,14.73,14.92,0.29,
108,2026-03-17 03:00:00,12.07,4.04,0.0,0.0,86.66,14.5,14.56,14.59,0.22,
108,2026-03-17 04:00:00,10.86,4.82,0.0,0.25,88.62,14.2,14.41,14.62,0.19,
108,2026-03-17 05:00:00,4.83,1.12,0.0,0.25,92.91,14.12,14.21,14.26,0.12,
108,2026-03-17 06:00:00,3.62,0.2,0.0,0.0,93.5,13.92,14.11,14.23,0.11,
108,2026-03-17 07:00:00,8.45,1.48,0.0,0.0,93.27,13.66,13.72,13.77,0.11,
108,2026-03-17 08:00:00,6.04,0.63,3.95,0.0,93.43,13.77,13.87,13.99,0.1,
108,2026-03-17 09:00:00,14.48,3.73,174.16,0.0,92.98,14.09,14.54,14.99,0.12,
108,2026-03-17 10:00:00,8.45,2.23,382.97,0.0,88.26,15.36,15.58,15.94,0.21,
108,2026-03-17 11:00:00,9.66,4.23,252.24,0.25,82.93,16.27,16.66,17.13,0.33,
108,2026-03-17 12:00:00,12.07,3.85,793.14,0.0,77.02,17.44,18.01,18.67,0.48,
108,2026-03-17 13:00:00,13.28,6.26,1016.87,0.0,73.56,18.07,18.88,19.69,0.58,
108,2026-03-17 14:00:00,19.31,8.45,916.85,0.0,69.04,19.5,20.03,20.43,0.73,
108,2026-03-17 15:00:00,15.69,5.07,1029.15,0.0,63.52,20.11,21.05,21.66,0.91,
108,2026-03-17 16:00:00,15.69,5.57,1121.71,0.0,59.53,21.69,22.0,22.18,1.07,
108,2026-03-17 17:00:00,13.28,6.07,715.93,0.0,60.74,21.31,21.48,21.73,1.0,
108,2026-03-17 18:00:00,16.9,5.48,569.85,0.0,59.58,20.95,21.61,22.1,1.05,
108,2026-03-17 19:00:00,13.28,6.01,343.05,0.0,58.97,21.48,21.83,22.15,1.07,
108,2026-03-17 20:00:00,12.07,3.05,126.78,0.0,68.23,18.28,19.72,21.16,0.74,
108,2026-03-17 21:00:00,8.45,3.47,13.16,0.0,77.75,15.68,16.47,17.1,0.42,
108,2026-03-17 22:00:00,7.24,2.69,0.0,0.0,81.53,14.13,14.78,15.64,0.31,
108,2026-03-17 23:00:00,6.04,3.06,0.0,0.0,84.92,12.74,13.09,13.43,0.23,
108,2026-03-18 00:00:00,8.45,3.82,0.0,0.0,85.49,11.88,12.25,12.51,0.21,
108,2026-03-18 01:00:00,3.62,0.54,0.0,0.0,87.28,10.81,11.19,11.67,0.17,
108,2026-03-18 02:00:00,3.62,0.65,0.0,0.0,88.21,10.59,10.66,10.73,0.15,
108,2026-03-18 03:00:00,4.83,0.57,0.0,0.0,89.23,9.92,10.07,10.43,0.13,
108,2026-03-18 04:00:00,6.04,1.56,0.0,0.0,89.86,9.77,9.82,9.91,0.12,
108,2026-03-18 05:00:00,3.62,0.36,0.0,0.0,90.15,9.33,9.52,9.77,0.12,
108,2026-03-18 06:00:00,2.41,0.27,0.0,0.0,90.88,8.39,8.76,9.04,0.11,
108,2026-03-18 07:00:00,6.04,1.31,0.0,0.0,91.01,8.66,8.85,8.95,0.1,
108,2026-03-18 08:00:00,0.0,0.0,2.63,0.0,90.41,7.89,8.26,8.52,0.11,
108,2026-03-18 09:00:00,4.83,0.36,119.32,0.0,90.83,8.56,9.78,11.09,0.11,
108,2026-03-18 10:00:00,12.07,4.2,378.58,0.0,84.2,11.65,12.33,12.91,0.23,
108,2026-03-18 11:00:00,12.07,6.55,569.41,0.0,77.55,13.64,14.4,15.45,0.37,
108,2026-03-18 12:00:00,10.86,2.96,704.53,0.0,71.2,15.79,16.67,17.46,0.55,
108,2026-03-18 13:00:00,12.07,3.38,794.02,0.0,66.46,18.22,19.05,19.74,0.74,
108,2026-03-18 14:00:00,13.28,4.95,840.96,0.0,62.84,20.56,21.18,21.61,0.94,
108,2026-03-18 15:00:00,13.28,4.39,842.71,0.0,58.13,22.14,22.86,23.61,1.17,
108,2026-03-18 16:00:00,10.86,3.46,801.47,0.0,50.07,24.01,24.34,24.85,1.52,
108,2026-03-18 17:00:00,13.28,2.91,713.3,0.0,43.81,24.81,25.47,25.84,1.84,
108,2026-03-18 18:00:00,9.66,2.47,529.93,0.0,41.84,26.04,26.17,26.38,1.98,
108,2026-03-18 19:00:00,10.86,2.81,356.65,0.0,43.88,24.57,25.98,26.63,1.89,
108,2026-03-18 20:00:00,14.48,5.81,144.33,0.0,53.34,19.6,22.01,24.18,1.25,
108,2026-03-18 21:00:00,6.04,2.53,0.0,0.0,65.32,15.69,16.94,18.36,0.68,
108,2026-03-18 22:00:00,8.45,3.91,0.0,0.0,71.91,13.91,14.8,15.73,0.48,
108,2026-03-18 23:00:00,4.83,1.95,0.0,0.0,78.39,13.01,13.48,13.78,0.34,
108,2026-03-19 00:00:00,4.83,0.72,0.0,0.0,83.99,11.95,12.21,12.54,0.23,
108,2026-03-19 01:00:00,3.62,0.12,0.0,0.0,86.85,11.72,11.82,11.98,0.18,
108,2026-03-19 02:00:00,0.0,0.0,0.0,0.0,87.85,10.73,11.01,11.18,0.16,
108,2026-03-19 03:00:00,0.0,0.0,0.0,0.0,89.15,10.15,10.42,10.66,0.14,
108,2026-03-19 04:00:00,0.0,0.0,0.0,0.0,89.9,9.45,9.89,10.29,0.12,
108,2026-03-19 05:00:00,0.0,0.0,0.0,0.0,90.73,8.93,9.17,9.54,0.11,
108,2026-03-19 06:00:00,3.62,0.33,0.0,0.0,92.14,8.83,9.15,9.43,0.09,
108,2026-03-19 07:00:00,4.83,0.42,0.0,0.0,92.11,9.5,9.7,9.88,0.1,
108,2026-03-19 08:00:00,8.45,2.08,11.84,0.0,91.8,9.78,10.15,10.54,0.1,
108,2026-03-19 09:00:00,12.07,3.92,138.19,0.0,89.37,10.73,11.52,12.15,0.15,
108,2026-03-19 10:00:00,15.69,6.76,209.25,0.0,85.55,12.62,13.34,14.26,0.22,
108,2026-03-19 11:00:00,18.11,9.76,202.67,0.0,79.57,14.87,15.56,16.28,0.37,
108,2026-03-19 12:00:00,24.14,12.48,475.97,0.0,73.52,16.92,17.67,18.56,0.54,
108,2026-03-19 13:00:00,18.11,8.69,297.87,0.0,68.98,18.74,18.94,19.14,0.68,
108,2026-03-19 14:00:00,18.11,7.88,124.15,0.0,81.69,16.01,17.46,19.01,0.38,
108,2026-03-19 15:00:00,16.9,8.19,149.15,0.5,93.58,16.06,16.11,16.2,0.12,
108,2026-03-19 16:00:00,14.48,6.41,109.67,1.26,93.98,16.1,16.18,16.21,0.11,
108,2026-03-19 17:00:00,21.73,11.51,75.01,2.28,94.32,14.31,14.8,15.41,0.1,
108,2026-03-19 18:00:00,14.48,4.53,46.5,0.0,94.17,14.45,14.66,14.74,0.1,
108,2026-03-19 19:00:00,9.66,2.66,53.52,0.0,93.56,14.64,14.69,14.75,0.11,
108,2026-03-19 20:00:00,7.24,1.58,10.53,0.0,93.53,14.51,14.53,14.55,0.11,
108,2026-03-19 21:00:00,9.66,4.39,0.0,0.25,94.45,13.96,14.11,14.31,0.09,
108,2026-03-19 22:00:00,9.66,2.9,0.0,0.25,94.12,13.86,13.9,13.92,0.1,
108,2026-03-19 23:00:00,9.66,3.17,0.0,4.07,94.15,13.75,13.83,13.86,0.09,
108,2026-03-20 00:00:00,4.83,0.94,0.0,2.28,94.1,13.52,13.64,13.74,0.09,
108,2026-03-20 01:00:00,4.83,0.57,0.0,3.55,94.0,13.48,13.49,13.51,0.09,
108,2026-03-20 02:00:00,13.28,3.47,0.0,4.07,93.98,13.16,13.32,13.48,0.09,
108,2026-03-20 03:00:00,6.04,1.42,0.0,2.03,93.93,13.32,13.35,13.38,0.09,
108,2026-03-20 04:00:00,8.45,1.5,0.0,2.29,94.07,13.32,13.34,13.36,0.09,
108,2026-03-20 05:00:00,7.24,1.51,0.0,1.78,94.49,13.32,13.34,13.37,0.09,
108,2026-03-20 06:00:00,8.45,2.87,0.0,2.79,94.73,12.74,13.01,13.3,0.08,
108,2026-03-20 07:00:00,12.07,5.42,0.0,1.0,94.93,12.47,12.63,12.77,0.07,
108,2026-03-20 08:00:00,14.48,5.69,0.0,2.28,95.09,11.85,11.99,12.26,0.07,
108,2026-03-20 09:00:00,10.86,3.11,15.35,2.29,94.91,11.82,11.89,11.95,0.07,
108,2026-03-20 10:00:00,8.45,2.37,30.27,1.26,94.92,11.87,11.95,11.99,0.07,
108,2026-03-20 11:00:00,9.66,2.22,112.74,2.29,94.73,12.12,12.23,12.39,0.08,
108,2026-03-20 12:00:00,7.24,3.44,195.21,4.06,94.7,12.4,12.51,12.55,0.08,
108,2026-03-20 13:00:00,7.24,2.34,236.01,0.0,92.16,12.99,13.24,13.5,0.12,
108,2026-03-20 14:00:00,7.24,0.77,418.94,0.0,87.12,13.55,14.15,14.72,0.21,
108,2026-03-20 15:00:00,8.45,2.64,624.68,0.0,80.95,15.44,15.72,16.04,0.34,
108,2026-03-20 16:00:00,9.66,2.51,228.55,0.25,83.02,15.11,15.29,15.58,0.3,
108,2026-03-20 17:00:00,16.9,8.54,490.45,0.0,84.92,15.24,15.59,16.03,0.27,
108,2026-03-20 18:00:00,16.9,7.61,189.51,0.0,84.86,14.59,14.91,15.29,0.26,
108,2026-03-20 19:00:00,15.69,7.32,57.91,0.25,85.62,13.81,13.94,14.13,0.23,
108,2026-03-20 20:00:00,16.9,5.72,25.44,0.0,84.35,13.43,13.64,13.82,0.25,
108,2026-03-20 21:00:00,21.73,5.21,0.0,1.27,85.31,11.91,12.92,13.38,0.22,
108,2026-03-20 22:00:00,9.66,2.2,0.0,6.85,90.24,10.99,11.1,11.16,0.13,
108,2026-03-20 23:00:00,3.62,0.09,0.0,0.51,90.25,10.74,10.89,11.13,0.13,
108,2026-03-21 00:00:00,4.83,0.86,0.0,0.0,91.44,10.87,11.37,11.74,0.11,
108,2026-03-21 01:00:00,8.45,0.86,0.0,0.0,90.11,10.68,11.31,11.67,0.13,
108,2026-03-21 02:00:00,1.21,0.0,0.0,0.0,92.07,9.92,10.15,10.44,0.1,
108,2026-03-21 03:00:00,2.41,0.0,0.0,0.0,92.49,8.59,9.31,9.88,0.09,
108,2026-03-21 04:00:00,0.0,0.0,0.0,0.0,92.73,8.15,8.52,8.75,0.08,
108,2026-03-21 05:00:00,0.0,0.0,0.0,0.0,92.98,7.42,7.83,8.22,0.08,
108,2026-03-21 06:00:00,6.04,0.29,0.0,0.0,93.78,8.89,9.7,10.26,0.08,
108,2026-03-21 07:00:00,7.24,1.68,0.0,0.0,93.93,9.77,10.04,10.33,0.08,
108,2026-03-21 08:00:00,8.45,2.96,13.16,0.0,94.27,9.33,9.5,9.64,0.07,
108,2026-03-21 09:00:00,6.04,0.66,122.83,0.0,94.38,9.7,9.77,9.88,0.07,
108,2026-03-21 10:00:00,8.45,2.34,236.45,0.0,94.48,9.9,10.16,10.51,0.07,
108,2026-03-21 11:00:00,9.66,3.29,701.89,0.0,94.06,11.26,11.72,12.26,0.08,
108,2026-03-21 12:00:00,9.66,2.36,708.47,0.0,86.64,13.05,13.96,14.78,0.22,
108,2026-03-21 13:00:00,7.24,1.83,807.18,0.0,71.01,15.51,15.94,16.75,0.53,
108,2026-03-21 14:00:00,9.66,1.84,1026.96,0.0,61.11,16.96,17.33,17.75,0.77,
108,2026-03-21 15:00:00,7.24,1.22,562.39,0.0,57.62,18.05,18.29,18.56,0.89,
108,2026-03-21 16:00:00,7.24,0.5,521.59,0.0,54.0,18.91,19.16,19.55,1.02,
108,2026-03-21 17:00:00,7.24,0.76,238.2,0.0,57.46,18.82,18.89,18.98,0.93,
108,2026-03-21 18:00:00,8.45,1.96,201.79,0.0,60.8,17.59,18.14,18.46,0.82,
108,2026-03-21 19:00:00,12.07,1.77,92.12,0.0,67.43,15.83,16.75,17.62,0.62,
108,2026-03-21 20:00:00,9.66,1.46,22.81,0.0,69.22,14.58,15.04,15.61,0.53,
108,2026-03-21 21:00:00,2.41,0.06,0.0,0.0,75.68,13.51,13.88,14.16,0.39,
108,2026-03-21 22:00:00,1.21,0.0,0.0,0.0,82.79,13.06,13.17,13.29,0.26,
108,2026-03-21 23:00:00,0.0,0.0,0.0,0.0,82.32,13.16,13.27,13.34,0.27,
108,2026-03-22 00:00:00,0.0,0.0,0.0,0.0,84.57,13.07,13.12,13.19,0.23,
108,2026-03-22 01:00:00,0.0,0.0,0.0,0.0,86.7,12.78,12.97,13.07,0.2,
108,2026-03-22 02:00:00,7.24,1.12,0.0,0.0,86.9,12.62,12.71,12.81,0.2,
108,2026-03-22 03:00:00,4.83,0.38,0.0,0.0,84.29,12.61,12.88,13.07,0.23,
108,2026-03-22 04:00:00,7.24,1.38,0.0,0.0,83.63,12.6,12.68,12.75,0.24,
108,2026-03-22 05:00:00,6.04,0.89,0.0,0.0,86.7,12.23,12.32,12.4,0.19,
108,2026-03-22 06:00:00,4.83,0.35,0.0,2.28,90.66,11.75,11.89,12.02,0.13,
108,2026-03-22 07:00:00,8.45,2.49,0.0,2.79,90.67,11.56,11.62,11.64,0.13,
108,2026-03-22 08:00:00,8.45,2.5,0.0,3.04,91.19,11.42,11.46,11.53,0.12,
108,2026-03-22 09:00:00,22.93,4.83,25.0,0.5,91.2,10.99,11.24,11.46,0.12,
108,2026-03-22 10:00:00,8.45,2.46,83.35,0.0,90.6,11.19,11.39,11.64,0.13,
108,2026-03-22 11:00:00,25.35,10.25,435.61,0.0,87.04,12.09,12.26,12.55,0.19,
108,2026-03-22 12:00:00,20.52,9.46,283.83,0.0,84.12,12.55,12.85,13.15,0.24,
108,2026-03-22 13:00:00,19.31,8.72,646.62,0.0,80.28,13.06,13.6,14.23,0.31,
108,2026-03-22 14:00:00,16.9,8.86,572.48,0.0,76.18,14.33,14.77,15.11,0.4,
108,2026-03-22 15:00:00,21.73,9.54,1014.24,0.0,70.75,16.13,16.52,16.87,0.55,
108,2026-03-22 16:00:00,16.9,7.46,971.68,0.0,66.49,16.9,17.31,17.68,0.67,
108,2026-03-22 17:00:00,13.28,5.69,294.36,0.0,68.02,16.82,17.05,17.2,0.62,
108,2026-03-22 18:00:00,15.69,6.38,730.85,0.0,65.49,17.24,17.65,18.04,0.7,
108,2026-03-22 19:00:00,10.86,3.13,371.56,0.0,64.38,16.65,17.55,18.05,0.72,
108,2026-03-22 20:00:00,1.21,0.0,30.71,0.0,73.93,15.65,16.02,16.28,0.48,
108,2026-03-22 21:00:00,3.62,0.73,0.0,0.0,82.46,12.95,13.5,14.13,0.27,
108,2026-03-22 22:00:00,10.86,0.72,0.0,0.0,84.91,11.71,12.27,12.67,0.22,
108,2026-03-22 23:00:00,15.69,6.19,0.0,0.0,83.89,12.25,12.3,12.36,0.23,
108,2026-03-23 00:00:00,16.9,6.36,0.0,0.0,83.44,10.39,11.13,11.85,0.22,
108,2026-03-23 01:00:00,6.04,3.03,0.0,0.0,88.53,9.04,9.48,9.97,0.14,
108,2026-03-23 02:00:00,9.66,3.76,0.0,0.0,90.5,8.43,8.74,9.08,0.11,
108,2026-03-23 03:00:00,6.04,2.24,0.0,0.0,91.82,7.99,8.14,8.21,0.09,
108,2026-03-23 04:00:00,8.45,3.2,0.0,0.0,91.88,7.62,7.76,7.89,0.09,
108,2026-03-23 05:00:00,8.45,3.35,0.0,0.0,91.97,7.13,7.31,7.67,0.08,
108,2026-03-23 06:00:00,9.66,2.93,0.0,0.0,92.41,6.89,7.11,7.28,0.08,
108,2026-03-23 07:00:00,9.66,4.29,0.0,0.0,93.14,6.68,6.73,6.82,0.07,
108,2026-03-23 08:00:00,3.62,0.35,3.07,0.0,92.87,5.48,6.08,6.39,0.07,
108,2026-03-23 09:00:00,13.28,3.12,111.86,0.0,93.28,5.95,6.73,7.57,0.07,
108,2026-03-23 10:00:00,15.69,8.54,372.0,0.0,89.09,7.99,8.77,9.63,0.13,
108,2026-03-23 11:00:00,13.28,6.14,562.83,0.0,80.7,10.16,11.1,12.05,0.26,
108,2026-03-23 12:00:00,15.69,7.32,697.51,0.0,71.86,12.98,13.96,14.86,0.45,
108,2026-03-23 13:00:00,20.52,9.4,794.02,0.0,64.87,15.57,16.35,17.66,0.66,
108,2026-03-23 14:00:00,24.14,11.06,827.8,0.0,56.79,17.9,18.29,18.49,0.91,
108,2026-03-23 15:00:00,19.31,10.41,827.36,0.0,49.83,18.91,19.39,19.94,1.13,
108,2026-03-23 16:00:00,18.11,8.92,791.38,0.0,48.11,20.29,20.65,21.21,1.26,
108,2026-03-23 17:00:00,18.11,7.97,700.14,0.0,46.81,20.77,21.16,21.42,1.35,
108,2026-03-23 18:00:00,22.93,11.89,524.23,0.0,43.98,20.77,20.81,20.87,1.38,
108,2026-03-23 19:00:00,22.93,9.33,343.93,0.0,44.7,19.62,20.2,20.56,1.31,
108,2026-03-23 20:00:00,15.69,6.07,72.38,0.0,57.37,15.71,17.12,18.87,0.84,
108,2026-03-23 21:00:00,8.45,5.18,0.0,0.0,66.23,13.84,14.39,15.04,0.56,
108,2026-03-23 22:00:00,10.86,5.25,0.0,0.0,74.05,12.4,12.86,13.89,0.39,
108,2026-03-23 23:00:00,13.28,7.14,0.0,0.0,80.24,11.93,12.37,12.82,0.29,
108,2026-03-24 00:00:00,7.24,2.38,0.0,0.0,85.11,10.57,11.07,11.43,0.2,
108,2026-03-24 01:00:00,4.83,0.82,0.0,0.0,88.73,9.8,9.93,10.04,0.14,
108,2026-03-24 02:00:00,2.41,0.09,0.0,0.0,89.59,8.98,9.38,9.67,0.12,
108,2026-03-24 03:00:00,0.0,0.0,0.0,0.0,90.16,8.64,8.88,9.08,0.11,
108,2026-03-24 04:00:00,0.0,0.0,0.0,0.0,91.39,8.77,8.95,9.25,0.1,
108,2026-03-24 05:00:00,0.0,0.0,0.0,0.0,91.38,8.81,8.93,9.14,0.1,
108,2026-03-24 06:00:00,4.83,0.35,0.0,0.0,91.68,8.32,8.68,8.83,0.09,
108,2026-03-24 07:00:00,4.83,0.59,0.0,0.0,91.9,7.77,8.08,8.39,0.09,
108,2026-03-24 08:00:00,3.62,0.35,0.0,0.0,92.85,7.77,7.99,8.31,0.08,
108,2026-03-24 09:00:00,3.62,0.09,121.52,0.0,93.02,8.15,9.17,10.3,0.08,
108,2026-03-24 10:00:00,9.66,2.17,326.38,0.0,88.95,11.06,12.64,13.89,0.17,
108,2026-03-24 11:00:00,13.28,4.71,592.22,0.0,82.58,14.5,15.54,16.54,0.31,
108,2026-03-24 12:00:00,18.11,8.72,556.25,0.0,78.4,17.31,17.5,17.72,0.43,
108,2026-03-24 13:00:00,18.11,8.32,588.27,0.0,77.47,17.52,17.96,18.83,0.47,
108,2026-03-24 14:00:00,24.14,11.38,524.23,0.25,83.24,16.56,17.24,17.89,0.33,
108,2026-03-24 15:00:00,21.73,8.29,506.68,0.0,73.69,19.04,19.19,19.32,0.59,
108,2026-03-24 16:00:00,22.93,9.43,504.92,0.0,69.99,19.2,19.49,19.84,0.68,
108,2026-03-24 17:00:00,28.97,13.43,616.35,0.0,67.39,18.91,19.36,19.73,0.73,
108,2026-03-24 18:00:00,32.59,14.86,192.14,0.0,67.35,17.34,17.87,18.59,0.67,
108,2026-03-24 19:00:00,28.97,13.43,234.26,0.0,64.62,17.34,17.51,17.62,0.71,
108,2026-03-24 20:00:00,15.69,6.73,59.22,0.0,70.28,14.59,15.85,17.01,0.54,
108,2026-03-24 21:00:00,16.9,8.36,0.0,0.0,75.77,13.86,14.04,14.27,0.39,
108,2026-03-24 22:00:00,19.31,10.19,0.0,0.0,75.59,12.96,13.17,13.41,0.37,
108,2026-03-24 23:00:00,13.28,7.47,0.0,0.0,80.19,11.32,11.67,12.2,0.28,
108,2026-03-25 00:00:00,20.52,11.45,0.0,0.0,77.51,11.02,11.14,11.27,0.3,
108,2026-03-25 01:00:00,20.52,11.54,0.0,0.0,76.02,10.33,10.58,10.85,0.31,
108,2026-03-25 02:00:00,18.11,9.83,0.0,0.0,77.94,9.36,9.71,10.04,0.27,
108,2026-03-25 03:00:00,19.31,9.17,0.0,0.0,80.58,8.53,8.87,9.23,0.22,
108,2026-03-25 04:00:00,13.28,4.56,0.0,0.0,84.13,7.29,7.8,8.31,0.17,
108,2026-03-25 05:00:00,12.07,2.88,0.0,0.0,87.47,6.49,6.78,6.93,0.12,
108,2026-03-25 06:00:00,6.04,1.89,0.0,0.0,88.92,6.16,6.23,6.32,0.11,
108,2026-03-25 07:00:00,3.62,0.33,0.0,0.0,89.78,4.76,5.22,5.74,0.09,
108,2026-03-25 08:00:00,3.62,0.56,2.19,0.0,91.25,4.48,4.69,4.88,0.08,
108,2026-03-25 09:00:00,6.04,1.06,97.83,0.0,91.45,4.82,5.59,6.59,0.08,
108,2026-03-25 10:00:00,15.69,8.39,373.76,0.0,84.53,7.15,7.86,8.5,0.16,
108,2026-03-25 11:00:00,18.11,9.78,562.39,0.0,75.4,9.28,10.04,10.92,0.31,
108,2026-03-25 12:00:00,18.11,8.75,705.4,0.0,68.33,10.94,11.84,12.89,0.44,
108,2026-03-25 13:00:00,20.52,9.31,804.98,0.0,61.17,13.06,13.97,14.81,0.62,
108,2026-03-25 14:00:00,22.93,10.7,831.74,0.0,55.12,15.75,16.28,16.8,0.84,
108,2026-03-25 15:00:00,25.35,11.62,830.87,0.0,50.6,17.27,17.81,18.22,1.01,
108,2026-03-25 16:00:00,21.73,10.5,794.02,0.0,47.68,18.69,18.91,19.2,1.15,
108,2026-03-25 17:00:00,19.31,10.3,634.77,0.0,46.33,19.45,19.61,19.81,1.22,
108,2026-03-25 18:00:00,21.73,9.7,518.52,0.0,48.11,19.5,19.71,20.08,1.19,
108,2026-03-25 19:00:00,21.73,9.63,332.52,0.0,49.98,18.49,18.99,19.56,1.1,
108,2026-03-25 20:00:00,15.69,6.23,105.28,0.0,62.23,14.55,16.23,17.9,0.71,
108,2026-03-25 21:00:00,8.45,4.06,0.0,0.0,74.13,12.13,13.03,13.86,0.39,
108,2026-03-25 22:00:00,15.69,4.67,0.0,0.0,76.41,10.95,11.88,12.5,0.33,
108,2026-03-25 23:00:00,8.45,3.23,0.0,0.0,81.93,10.11,10.47,10.82,0.23,
108,2026-03-26 00:00:00,7.24,3.07,0.0,0.0,84.12,9.15,9.57,9.95,0.19,
108,2026-03-26 01:00:00,6.04,1.78,0.0,0.0,85.24,8.74,8.95,9.18,0.17,
108,2026-03-26 02:00:00,3.62,1.0,0.0,0.0,87.55,7.72,7.98,8.27,0.14,
108,2026-03-26 03:00:00,3.62,0.23,0.0,0.0,89.63,6.9,7.06,7.29,0.11,
108,2026-03-26 04:00:00,2.41,0.12,0.0,0.0,90.59,6.48,6.64,6.8,0.09,
108,2026-03-26 05:00:00,2.41,0.23,0.0,0.0,91.1,5.71,5.93,6.14,0.08,
108,2026-03-26 06:00:00,0.0,0.0,0.0,0.0,91.81,5.52,5.73,6.02,0.07,
108,2026-03-26 07:00:00,0.0,0.0,0.0,0.0,92.34,4.67,4.89,5.16,0.07,
108,2026-03-26 08:00:00,0.0,0.0,2.19,0.0,92.65,4.2,4.45,4.68,0.06,
108,2026-03-26 09:00:00,0.0,0.0,76.77,0.0,93.27,4.51,5.93,7.1,0.06,
108,2026-03-26 10:00:00,10.86,4.06,119.76,0.0,92.96,7.28,7.49,7.72,0.07,
108,2026-03-26 11:00:00,10.86,3.61,176.79,0.0,91.96,7.87,8.05,8.21,0.09,
108,2026-03-26 12:00:00,10.86,3.43,394.38,0.0,89.16,8.47,9.18,9.87,0.13,
108,2026-03-26 13:00:00,16.9,5.01,845.78,0.0,80.61,10.71,11.74,12.94,0.27,
108,2026-03-26 14:00:00,15.69,6.22,821.65,0.0,70.12,13.79,14.67,15.51,0.5,
108,2026-03-26 15:00:00,13.28,4.24,823.85,0.0,67.18,15.94,16.63,17.18,0.62,
108,2026-03-26 16:00:00,15.69,4.9,753.22,0.0,62.42,17.96,18.5,19.24,0.8,
108,2026-03-26 17:00:00,15.69,4.08,678.2,0.0,58.9,19.35,19.91,20.31,0.96,
108,2026-03-26 18:00:00,12.07,3.22,528.61,0.0,56.54,20.67,20.97,21.36,1.08,
108,2026-03-26 19:00:00,8.45,4.13,347.0,0.0,57.74,20.38,20.75,20.97,1.04,
108,2026-03-26 20:00:00,6.04,1.51,73.26,0.0,68.66,15.82,17.83,19.83,0.66,
108,2026-03-26 21:00:00,6.04,1.84,0.0,0.0,78.36,13.54,14.32,15.21,0.36,
108,2026-03-26 22:00:00,6.04,0.86,0.0,0.0,81.15,12.33,12.72,13.17,0.28,
108,2026-03-26 23:00:00,6.04,2.81,0.0,0.0,81.5,11.77,12.04,12.48,0.26,
108,2026-03-27 00:00:00,6.04,1.19,0.0,0.0,85.47,10.15,10.53,10.81,0.19,
108,2026-03-27 01:00:00,0.0,0.0,0.0,0.0,87.38,9.07,9.44,9.88,0.15,
108,2026-03-27 02:00:00,0.0,0.0,0.0,0.0,89.07,8.62,8.7,8.78,0.12,
108,2026-03-27 03:00:00,0.0,0.0,0.0,0.0,90.12,8.1,8.2,8.35,0.11,
108,2026-03-27 04:00:00,2.41,0.02,0.0,0.0,90.98,7.52,7.82,8.14,0.1,
108,2026-03-27 05:00:00,4.83,0.76,0.0,0.0,91.9,6.82,7.03,7.17,0.08,
108,2026-03-27 06:00:00,3.62,0.3,0.0,0.0,92.66,5.83,6.36,6.76,0.07,
108,2026-03-27 07:00:00,2.41,0.02,0.0,0.25,93.24,5.74,5.97,6.25,0.06,
108,2026-03-27 08:00:00,4.83,0.45,4.83,0.0,93.6,5.48,5.73,5.97,0.06,
108,2026-03-27 09:00:00,1.21,0.0,97.83,0.0,93.56,5.44,6.1,7.2,0.06,
108,2026-03-27 10:00:00,8.45,1.81,228.99,0.0,93.01,7.69,8.65,9.52,0.08,
108,2026-03-27 11:00:00,8.45,2.54,654.95,0.0,89.19,9.53,10.22,11.02,0.14,
108,2026-03-27 12:00:00,10.86,3.24,674.26,0.0,82.25,11.3,12.3,13.24,0.26,
108,2026-03-27 13:00:00,19.31,5.36,761.55,0.0,75.26,13.69,14.76,15.79,0.42,
108,2026-03-27 14:00:00,21.73,3.92,786.56,0.0,69.86,16.16,16.99,17.76,0.59,
108,2026-03-27 15:00:00,12.07,3.65,805.42,0.0,63.09,19.08,19.43,20.08,0.84,
108,2026-03-27 16:00:00,9.66,2.22,763.31,0.0,54.01,20.35,21.14,21.87,1.16,
108,2026-03-27 17:00:00,15.69,2.3,660.66,0.0,47.71,21.97,22.43,22.7,1.42,
108,2026-03-27 18:00:00,7.24,1.86,518.52,0.0,45.84,22.47,22.8,23.17,1.5,
108,2026-03-27 19:00:00,6.04,1.19,289.09,0.0,50.91,21.93,22.53,23.02,1.34,
108,2026-03-27 20:00:00,3.62,0.38,86.42,0.0,68.93,16.82,18.92,20.67,0.7,
108,2026-03-27 21:00:00,0.0,0.0,0.0,0.0,78.88,13.72,15.05,16.0,0.36,
108,2026-03-27 22:00:00,9.66,1.47,0.0,0.0,84.58,11.67,12.51,13.16,0.23,
108,2026-03-27 23:00:00,8.45,2.1,0.0,0.0,86.17,11.75,12.42,13.03,0.2,
108,2026-03-28 00:00:00,0.0,0.0,0.0,0.0,89.27,10.36,10.92,11.67,0.14,
108,2026-03-28 01:00:00,3.62,0.98,0.0,0.0,90.7,9.94,9.94,9.95,0.11,
108,2026-03-28 02:00:00,2.41,0.09,0.0,0.0,89.97,9.05,9.41,9.78,0.12,
108,2026-03-28 03:00:00,2.41,0.02,0.0,0.0,90.54,8.24,8.6,8.87,0.11,
108,2026-03-28 04:00:00,3.62,0.48,0.0,0.0,91.46,7.87,8.14,8.63,0.09,
108,2026-03-28 05:00:00,0.0,0.0,0.0,0.0,92.43,7.29,7.47,7.66,0.08,
108,2026-03-28 06:00:00,0.0,0.0,0.0,0.0,92.08,6.07,6.56,7.37,0.08,
108,2026-03-28 07:00:00,0.0,0.0,0.0,0.0,92.27,5.52,6.09,6.32,0.07,
108,2026-03-28 08:00:00,0.0,0.0,0.88,0.0,92.69,4.67,4.91,5.14,0.07,
108,2026-03-28 09:00:00,2.41,0.02,116.25,0.0,93.41,4.95,6.09,7.29,0.06,
108,2026-03-28 10:00:00,6.04,1.48,306.64,0.0,92.48,8.19,9.69,11.05,0.09,
108,2026-03-28 11:00:00,12.07,2.25,496.15,0.0,85.96,11.78,13.11,14.42,0.22,
108,2026-03-28 12:00:00,10.86,4.01,647.93,0.0,74.95,14.96,15.79,16.35,0.45,
108,2026-03-28 13:00:00,10.86,4.23,747.95,0.0,68.36,17.17,17.79,18.2,0.65,
108,2026-03-28 14:00:00,14.48,4.13,792.26,0.0,64.41,18.77,19.41,20.1,0.81,
108,2026-03-28 15:00:00,13.28,5.37,786.56,0.0,59.04,21.05,21.3,21.5,1.04,
108,2026-03-28 16:00:00,14.48,5.66,754.1,0.0,55.75,21.38,21.88,22.31,1.16,
108,2026-03-28 17:00:00,14.48,4.06,634.34,0.0,54.39,21.71,22.0,22.44,1.21,
108,2026-03-28 18:00:00,9.66,3.05,486.06,0.0,54.88,22.11,22.13,22.15,1.2,
108,2026-03-28 19:00:00,12.07,4.32,298.74,0.0,58.48,20.53,21.31,21.98,1.05,
108,2026-03-28 20:00:00,7.24,3.94,54.84,0.0,68.14,16.26,17.93,19.63,0.66,
108,2026-03-28 21:00:00,9.66,4.51,0.0,0.0,73.73,13.93,14.85,15.4,0.45,
108,2026-03-28 22:00:00,9.66,4.57,0.0,0.0,76.27,12.61,13.22,13.55,0.36,
108,2026-03-28 23:00:00,4.83,1.86,0.0,0.0,82.7,11.09,11.46,12.0,0.24,
108,2026-03-29 00:00:00,3.62,0.36,0.0,0.0,87.74,9.87,10.22,10.54,0.15,
108,2026-03-29 01:00:00,3.62,0.54,0.0,0.0,89.77,8.84,9.14,9.81,0.12,
108,2026-03-29 02:00:00,2.41,0.5,0.0,0.0,90.86,8.04,8.33,8.73,0.1,
108,2026-03-29 03:00:00,4.83,0.8,0.0,0.0,91.48,7.8,8.07,8.24,0.09,
108,2026-03-29 04:00:00,0.0,0.0,0.0,0.0,91.19,6.82,7.07,7.2,0.09,
108,2026-03-29 05:00:00,3.62,0.49,0.0,0.0,92.26,6.38,6.55,6.66,0.07,
108,2026-03-29 06:00:00,4.83,1.53,0.0,0.0,92.56,6.17,6.49,6.64,0.07,
108,2026-03-29 07:00:00,6.04,1.03,0.0,0.0,92.64,6.13,6.3,6.47,0.07,
108,2026-03-29 08:00:00,0.0,0.0,4.39,0.25,92.59,5.81,5.92,6.09,0.07,
108,2026-03-29 09:00:00,1.21,0.02,107.92,0.0,92.76,5.81,6.67,7.49,0.07,
108,2026-03-29 10:00:00,10.86,3.38,317.17,0.0,90.19,8.28,10.08,11.61,0.12,
108,2026-03-29 11:00:00,15.69,7.94,552.3,0.0,80.82,12.34,13.46,14.72,0.3,
108,2026-03-29 12:00:00,19.31,9.6,683.03,0.0,71.45,15.3,16.35,17.46,0.53,
108,2026-03-29 13:00:00,21.73,10.33,767.7,0.0,64.29,17.92,18.88,20.03,0.78,
108,2026-03-29 14:00:00,19.31,8.23,800.6,0.0,57.59,20.53,21.03,21.6,1.06,
108,2026-03-29 15:00:00,20.52,9.49,806.3,0.0,50.96,21.88,22.49,22.85,1.34,
108,2026-03-29 16:00:00,19.31,8.86,761.99,0.0,46.77,23.19,23.68,24.15,1.56,
108,2026-03-29 17:00:00,16.9,8.04,664.6,0.0,44.11,24.38,24.74,25.01,1.75,
108,2026-03-29 18:00:00,16.9,7.5,525.1,0.0,43.69,24.7,24.98,25.25,1.78,
108,2026-03-29 19:00:00,15.69,6.17,296.11,0.0,50.41,22.78,23.87,24.64,1.47,
108,2026-03-29 20:00:00,4.83,2.23,71.51,0.0,65.71,18.0,19.81,21.87,0.81,
108,2026-03-29 21:00:00,4.83,0.9,0.0,0.0,76.71,15.36,16.0,17.06,0.43,
108,2026-03-29 22:00:00,4.83,1.22,0.0,0.0,78.89,14.24,14.85,15.2,0.36,
108,2026-03-29 23:00:00,7.24,2.22,0.0,0.0,83.18,13.82,14.27,14.76,0.28,
108,2026-03-30 00:00:00,6.04,1.42,0.0,0.0,88.05,12.33,12.71,13.06,0.18,
108,2026-03-30 01:00:00,4.83,1.12,0.0,0.0,90.93,11.74,11.94,12.19,0.13,
108,2026-03-30 02:00:00,3.62,0.18,0.0,0.0,91.57,10.5,11.06,11.35,0.11,
108,2026-03-30 03:00:00,3.62,0.53,0.0,0.0,92.7,10.01,10.4,10.92,0.09,
108,2026-03-30 04:00:00,2.41,0.03,0.0,0.0,93.22,9.5,9.72,10.18,0.08,
108,2026-03-30 05:00:00,0.0,0.0,0.0,0.0,93.18,8.5,8.93,9.37,0.08,
108,2026-03-30 06:00:00,2.41,0.02,0.0,0.0,93.64,8.12,8.52,8.74,0.07,
108,2026-03-30 07:00:00,0.0,0.0,0.0,0.0,93.75,7.34,7.61,7.8,0.06,
108,2026-03-30 08:00:00,0.0,0.0,0.0,0.25,93.97,7.29,7.47,7.57,0.06,
108,2026-03-30 09:00:00,2.41,0.08,114.5,0.0,94.09,7.57,8.25,9.23,0.07,
108,2026-03-30 10:00:00,4.83,0.38,304.88,0.0,94.1,10.36,11.79,13.52,0.08,
108,2026-03-30 11:00:00,10.86,2.78,494.4,0.0,87.74,14.67,15.77,16.82,0.22,
108,2026-03-30 12:00:00,13.28,4.95,643.11,0.0,78.25,17.45,18.54,19.53,0.47,
108,2026-03-30 13:00:00,14.48,5.82,743.57,0.0,72.01,20.28,20.8,21.52,0.69,
108,2026-03-30 14:00:00,14.48,5.09,769.45,0.0,64.91,22.74,23.4,23.79,1.02,
108,2026-03-30 15:00:00,16.9,7.08,776.03,0.0,59.4,24.45,24.85,25.37,1.28,
108,2026-03-30 16:00:00,16.9,8.09,719.0,0.0,55.24,25.77,26.16,26.43,1.52,
108,2026-03-30 17:00:00,16.9,7.85,617.67,0.0,52.78,26.35,26.68,26.86,1.65,
108,2026-03-30 18:00:00,16.9,6.79,475.97,0.0,50.67,27.06,27.16,27.25,1.78,
108,2026-03-30 19:00:00,13.28,5.33,296.11,0.0,53.37,25.5,26.37,27.14,1.61,
108,2026-03-30 20:00:00,7.24,3.11,42.99,0.0,66.41,21.09,22.45,24.16,0.92,
108,2026-03-30 21:00:00,18.11,4.2,0.0,0.0,73.66,19.72,20.02,20.5,0.62,
108,2026-03-30 22:00:00,9.66,4.06,0.0,0.0,81.6,17.03,18.39,19.48,0.39,
108,2026-03-30 23:00:00,7.24,1.54,0.0,0.0,86.72,16.14,16.46,17.06,0.25,
108,2026-03-31 00:00:00,3.62,0.11,0.0,0.0,88.51,14.83,15.4,15.65,0.2,
108,2026-03-31 01:00:00,3.62,0.77,0.0,0.0,91.12,14.2,14.32,14.51,0.15,
108,2026-03-31 02:00:00,3.62,0.65,0.0,0.0,92.02,13.33,13.71,13.91,0.13,
108,2026-03-31 03:00:00,2.41,0.03,0.0,0.0,92.93,13.02,13.34,13.64,0.11,
108,2026-03-31 04:00:00,2.41,0.06,0.0,0.0,93.02,12.12,12.48,13.09,0.1,
108,2026-03-31 05:00:00,0.0,0.0,0.0,0.0,93.52,11.93,12.47,12.95,0.09,
108,2026-03-31 06:00:00,6.04,0.42,0.0,0.0,94.81,12.98,13.32,13.74,0.08,
108,2026-03-31 07:00:00,12.07,5.01,0.0,0.0,96.0,14.09,14.31,14.62,0.07,
108,2026-03-31 08:00:00,8.45,1.0,0.0,0.0,95.66,14.9,15.02,15.09,0.08,
108,2026-03-31 09:00:00,8.45,0.8,39.04,0.0,95.61,15.0,15.29,15.66,0.08,
108,2026-03-31 10:00:00,13.28,4.03,89.05,0.0,95.58,15.9,16.17,16.41,0.08,
108,2026-03-31 11:00:00,15.69,5.17,203.11,0.0,94.16,16.72,16.93,17.16,0.1,
108,2026-03-31 12:00:00,15.69,6.26,346.56,0.0,90.04,17.55,18.15,18.8,0.21,
108,2026-03-31 13:00:00,19.31,8.48,610.65,0.0,83.26,19.32,20.13,20.83,0.4,
108,2026-03-31 14:00:00,20.52,9.42,808.49,0.0,78.46,20.86,21.41,22.12,0.55,
108,2026-03-31 15:00:00,19.31,10.26,760.68,0.0,72.39,22.93,23.54,23.87,0.8,
108,2026-03-31 16:00:00,20.52,11.03,724.27,0.0,69.01,24.22,24.68,25.15,0.96,
108,2026-03-31 17:00:00,26.55,12.7,621.61,0.0,66.56,24.53,24.82,25.3,1.05,
108,2026-03-31 18:00:00,24.14,12.25,476.41,0.0,64.02,24.39,24.55,24.66,1.11,
108,2026-03-31 19:00:00,24.14,10.23,252.24,0.0,64.99,23.56,23.93,24.29,1.04,
108,2026-03-31 20:00:00,10.86,4.95,47.38,0.0,72.32,20.21,21.57,23.04,0.72,
108,2026-03-31 21:00:00,7.24,3.21,0.0,0.0,78.83,18.54,19.0,19.74,0.47,
108,2026-03-31 22:00:00,10.86,4.87,0.0,0.0,81.71,17.66,17.82,17.94,0.38,
108,2026-03-31 23:00:00,8.45,2.34,0.0,0.0,86.08,15.68,16.48,17.24,0.27,
108,2026-04-01 00:00:00,7.24,3.5,0.0,0.0,88.42,14.85,15.29,15.61,0.2,
108,2026-04-01 01:00:00,4.83,0.86,0.0,0.0,90.24,13.69,13.95,14.31,0.16,
108,2026-04-01 02:00:00,2.41,0.21,0.0,0.0,90.84,12.68,12.89,13.2,0.14,
108,2026-04-01 03:00:00,3.62,0.45,0.0,0.0,90.56,11.52,11.88,12.19,0.13,
108,2026-04-01 04:00:00,8.45,2.61,0.0,0.0,91.75,11.37,11.64,11.96,0.12,
108,2026-04-01 05:00:00,10.86,4.32,0.0,0.0,90.5,11.72,12.03,12.23,0.14,
108,2026-04-01 06:00:00,4.83,1.74,0.0,0.0,90.38,10.44,10.84,11.29,0.13,
108,2026-04-01 07:00:00,6.04,1.62,0.0,0.0,90.32,9.26,9.69,10.15,0.12,
108,2026-04-01 08:00:00,4.83,1.25,2.63,0.25,90.18,8.38,8.83,9.17,0.11,
108,2026-04-01 09:00:00,4.83,1.03,65.8,0.0,90.61,8.32,8.76,9.53,0.11,
108,2026-04-01 10:00:00,18.11,7.65,325.5,0.0,83.8,10.18,11.08,11.87,0.22,
108,2026-04-01 11:00:00,16.9,9.55,513.7,0.0,78.04,12.44,13.14,13.93,0.33,
108,2026-04-01 12:00:00,15.69,6.88,652.76,0.0,74.0,13.88,14.69,15.49,0.44,
108,2026-04-01 13:00:00,21.73,7.24,734.36,0.0,70.69,15.83,16.69,17.58,0.56,
108,2026-04-01 14:00:00,16.9,7.11,766.38,0.0,67.84,17.61,18.27,19.07,0.68,
108,2026-04-01 15:00:00,15.69,6.31,763.31,0.0,65.77,19.64,19.95,20.47,0.8,
108,2026-04-01 16:00:00,14.48,4.65,726.9,0.0,61.52,20.76,21.23,21.77,0.97,
108,2026-04-01 17:00:00,14.48,5.77,626.44,0.0,58.52,21.42,21.69,22.01,1.08,
108,2026-04-01 18:00:00,13.28,6.88,460.18,0.0,56.94,21.8,21.9,21.97,1.13,
108,2026-04-01 19:00:00,14.48,7.14,276.37,0.0,56.4,20.81,21.3,21.71,1.11,
108,2026-04-01 20:00:00,7.24,4.11,64.93,0.0,68.84,16.94,18.03,19.77,0.65,
108,2026-04-01 21:00:00,10.86,5.08,0.0,0.0,72.58,15.49,15.81,16.2,0.49,
108,2026-04-01 22:00:00,9.66,4.35,0.0,0.0,72.06,14.14,14.92,15.54,0.48,
108,2026-04-01 23:00:00,7.24,2.59,0.0,0.0,79.6,11.27,12.47,13.65,0.3,
108,2026-04-02 00:00:00,6.04,2.25,0.0,0.0,85.51,10.43,10.72,10.98,0.19,
108,2026-04-02 01:00:00,7.24,2.94,0.0,0.0,86.3,9.52,9.92,10.16,0.17,
108,2026-04-02 02:00:00,4.83,0.39,0.0,0.0,86.76,8.84,9.23,9.6,0.16,
108,2026-04-02 03:00:00,9.66,3.07,0.0,0.0,85.75,8.62,8.93,9.07,0.16,
108,2026-04-02 04:00:00,6.04,1.72,0.0,0.0,87.37,7.39,8.02,8.84,0.14,
108,2026-04-02 05:00:00,7.24,2.85,0.0,0.0,89.8,7.56,7.62,7.67,0.11,
108,2026-04-02 06:00:00,3.62,0.3,0.0,0.0,90.43,6.76,7.12,7.55,0.1,
108,2026-04-02 07:00:00,3.62,0.5,0.0,0.0,91.75,6.04,6.21,6.34,0.08,
108,2026-04-02 08:00:00,3.62,0.63,0.0,0.0,92.62,5.79,5.98,6.14,0.07,
108,2026-04-02 09:00:00,1.21,0.0,52.64,0.0,92.92,5.76,6.22,6.93,0.07,
108,2026-04-02 10:00:00,16.9,7.86,340.86,0.0,90.88,8.03,8.86,9.37,0.11,
108,2026-04-02 11:00:00,20.52,9.04,530.81,0.0,83.99,9.64,11.14,12.4,0.22,
108,2026-04-02 12:00:00,15.69,6.96,661.53,0.0,75.14,13.12,13.84,14.69,0.4,
108,2026-04-02 13:00:00,15.69,6.69,736.11,0.0,68.09,15.52,16.17,17.06,0.59,
108,2026-04-02 14:00:00,16.9,7.09,769.45,0.0,61.88,17.29,18.41,19.56,0.81,
108,2026-04-02 15:00:00,18.11,7.92,768.13,0.0,55.64,19.72,20.2,20.62,1.05,
108,2026-04-02 16:00:00,13.28,6.2,723.83,0.0,50.94,21.04,21.34,21.8,1.25,
108,2026-04-02 17:00:00,15.69,6.85,621.61,0.0,46.25,21.71,22.08,22.52,1.43,
108,2026-04-02 18:00:00,15.69,5.71,479.48,0.0,46.36,22.15,22.22,22.36,1.44,
108,2026-04-02 19:00:00,9.66,3.44,246.54,0.0,49.2,19.97,21.47,22.33,1.31,
108,2026-04-02 20:00:00,6.04,2.58,37.29,0.0,63.39,15.79,17.23,18.93,0.73,
108,2026-04-02 21:00:00,6.04,2.54,0.0,0.0,66.45,14.67,14.95,15.42,0.57,
108,2026-04-02 22:00:00,9.66,4.45,0.0,0.0,68.44,13.44,14.2,14.76,0.51,
108,2026-04-02 23:00:00,6.04,2.08,0.0,0.0,79.49,10.32,11.56,13.13,0.28,
108,2026-04-03 00:00:00,6.04,1.16,0.0,0.0,87.21,9.85,9.95,10.09,0.16,
108,2026-04-03 01:00:00,3.62,0.15,0.0,0.0,89.61,9.15,9.33,9.5,0.12,
108,2026-04-03 02:00:00,6.04,1.54,0.0,0.0,89.74,8.74,9.1,9.39,0.12,
108,2026-04-03 03:00:00,6.04,1.37,0.0,0.0,90.93,8.55,8.67,8.87,0.1,
108,2026-04-03 04:00:00,13.28,4.84,0.0,0.0,90.42,8.63,8.95,9.08,0.11,
108,2026-04-03 05:00:00,7.24,1.98,0.0,0.0,90.32,8.17,8.71,9.17,0.11,
108,2026-04-03 06:00:00,3.62,1.03,0.0,0.0,91.79,7.09,7.31,7.76,0.09,
108,2026-04-03 07:00:00,8.45,2.93,0.0,0.0,92.94,7.63,7.75,7.89,0.07,
108,2026-04-03 08:00:00,3.62,0.21,3.51,0.0,92.42,6.69,7.0,7.65,0.08,
108,2026-04-03 09:00:00,1.21,0.0,75.45,0.25,92.54,6.09,6.54,7.45,0.07,
108,2026-04-03 10:00:00,21.73,6.94,311.47,0.0,90.88,8.75,9.7,10.47,0.11,
108,2026-04-03 11:00:00,20.52,11.17,522.03,0.0,81.69,11.37,12.38,13.4,0.27,
108,2026-04-03 12:00:00,19.31,10.91,613.28,0.0,70.83,14.28,14.79,15.45,0.49,
108,2026-04-03 13:00:00,22.93,12.0,716.37,0.0,63.39,16.49,17.15,17.93,0.73,
108,2026-04-03 14:00:00,25.35,12.13,749.71,0.0,54.78,18.89,19.87,21.14,1.05,
108,2026-04-03 15:00:00,25.35,12.93,752.78,0.0,48.96,21.55,22.06,22.47,1.36,
108,2026-04-03 16:00:00,28.97,15.21,711.98,0.0,50.78,22.9,23.35,23.66,1.41,
108,2026-04-03 17:00:00,28.97,14.5,617.67,0.0,50.64,23.59,23.88,24.12,1.46,
108,2026-04-03 18:00:00,27.76,13.99,437.37,0.0,51.33,24.11,24.28,24.46,1.48,
108,2026-04-03 19:00:00,24.14,11.92,256.63,0.0,53.07,23.14,23.69,24.02,1.37,
108,2026-04-03 20:00:00,16.9,6.05,48.26,0.0,62.87,19.15,20.73,22.5,0.92,
108,2026-04-03 21:00:00,16.9,4.33,0.0,0.0,70.94,17.76,18.08,18.25,0.6,
108,2026-04-03 22:00:00,20.52,9.69,0.0,0.0,73.06,16.69,17.31,18.0,0.54,
108,2026-04-03 23:00:00,14.48,6.61,0.0,0.0,78.37,14.99,15.77,16.35,0.39,
108,2026-04-04 00:00:00,8.45,3.23,0.0,0.0,83.37,13.69,14.02,14.61,0.27,
108,2026-04-04 01:00:00,9.66,4.14,0.0,0.0,85.42,13.05,13.34,13.78,0.22,
108,2026-04-04 02:00:00,7.24,3.56,0.0,0.0,88.3,12.3,12.43,12.64,0.17,
108,2026-04-04 03:00:00,9.66,4.44,0.0,0.0,89.67,11.72,12.03,12.23,0.15,
108,2026-04-04 04:00:00,9.66,2.9,0.0,0.0,90.68,11.12,11.5,11.92,0.13,
108,2026-04-04 05:00:00,7.24,2.29,0.0,0.0,91.57,10.97,11.19,11.47,0.11,
108,2026-04-04 06:00:00,6.04,3.03,0.0,0.0,92.17,10.11,10.4,10.8,0.1,
108,2026-04-04 07:00:00,7.24,1.78,0.0,0.0,92.7,9.77,9.9,10.04,0.09,
108,2026-04-04 08:00:00,6.04,0.95,0.0,0.0,92.6,9.52,9.9,10.5,0.09,
108,2026-04-04 09:00:00,10.86,5.12,30.27,0.0,92.7,10.59,10.81,10.91,0.1,
108,2026-04-04 10:00:00,9.66,4.44,93.88,0.0,92.71,10.88,10.93,11.03,0.1,
108,2026-04-04 11:00:00,9.66,2.87,130.73,0.0,92.73,10.98,11.05,11.16,0.1,
108,2026-04-04 12:00:00,8.45,2.73,960.28,0.0,90.63,11.22,11.8,12.77,0.13,
108,2026-04-04 13:00:00,12.07,4.87,728.65,0.0,81.79,13.72,14.47,15.38,0.3,
108,2026-04-04 14:00:00,14.48,4.83,755.41,0.0,75.07,16.07,16.85,17.86,0.48,
108,2026-04-04 15:00:00,10.86,4.11,758.92,0.0,68.49,18.51,19.27,20.0,0.71,
108,2026-04-04 16:00:00,12.07,2.61,715.49,0.0,62.81,20.54,21.0,21.6,0.93,
108,2026-04-04 17:00:00,8.45,2.12,596.17,0.0,58.92,22.35,22.65,23.04,1.13,
108,2026-04-04 18:00:00,8.45,2.88,451.84,0.0,57.11,23.14,23.31,23.38,1.23,
108,2026-04-04 19:00:00,6.04,2.84,272.86,0.0,58.18,22.47,23.02,23.35,1.18,
108,2026-04-04 20:00:00,4.83,0.24,26.76,0.0,68.2,18.35,20.09,21.67,0.76,
108,2026-04-04 21:00:00,0.0,0.0,0.0,0.0,78.29,15.31,16.49,17.83,0.41,
108,2026-04-04 22:00:00,0.0,0.0,0.0,0.0,82.35,13.65,14.46,15.33,0.29,
108,2026-04-04 23:00:00,1.21,0.02,0.0,0.0,86.29,12.81,13.11,13.4,0.21,
108,2026-04-05 00:00:00,0.0,0.0,0.0,0.0,88.65,11.32,11.87,12.6,0.16,
108,2026-04-05 01:00:00,3.62,0.11,0.0,0.0,90.36,10.37,10.66,10.88,0.12,
108,2026-04-05 02:00:00,4.83,0.97,0.0,0.0,89.14,9.78,9.91,10.12,0.13,
108,2026-04-05 03:00:00,3.62,0.33,0.0,0.0,88.99,9.0,9.3,9.73,0.13,
108,2026-04-05 04:00:00,3.62,0.08,0.0,0.0,89.75,8.1,8.33,8.59,0.11,
108,2026-04-05 05:00:00,3.62,0.3,0.0,0.0,91.54,7.87,8.18,8.46,0.09,
108,2026-04-05 06:00:00,2.41,0.05,0.0,0.0,91.55,6.55,6.95,7.18,0.08,
108,2026-04-05 07:00:00,3.62,0.08,11.41,0.0,92.11,5.85,6.09,6.25,0.08,
108,2026-04-05 08:00:00,8.45,2.2,84.23,0.0,92.83,5.83,7.14,8.95,0.07,
108,2026-04-05 09:00:00,7.24,1.84,288.65,0.0,86.8,10.12,11.59,12.89,0.19,
108,2026-04-05 10:00:00,7.24,2.11,510.63,0.0,77.4,13.61,14.29,15.4,0.37,
108,2026-04-05 11:00:00,7.24,1.78,644.86,0.0,66.06,15.79,16.44,17.39,0.64,
108,2026-04-05 12:00:00,9.66,2.4,719.44,0.0,61.28,17.53,18.16,18.67,0.81,
108,2026-04-05 13:00:00,15.69,4.92,751.03,0.0,57.93,19.21,19.54,20.18,0.96,
108,2026-04-05 14:00:00,10.86,3.0,752.34,0.0,47.21,20.86,21.23,21.61,1.33,
108,2026-04-05 15:00:00,16.9,5.07,702.77,0.0,43.18,22.01,22.18,22.52,1.52,
108,2026-04-05 16:00:00,18.11,8.04,541.33,0.0,39.31,21.98,22.42,22.67,1.65,
108,2026-04-05 17:00:00,15.69,6.61,467.2,0.0,37.25,22.49,22.55,22.57,1.72,
108,2026-04-05 18:00:00,12.07,5.15,239.96,0.0,44.05,20.94,21.8,22.33,1.47,
108,2026-04-05 19:00:00,10.86,4.48,35.97,0.0,60.0,16.82,18.08,19.94,0.84,
108,2026-04-05 20:00:00,8.45,4.65,0.0,0.0,75.2,14.38,15.43,16.14,0.44,
108,2026-04-05 21:00:00,6.04,3.03,0.0,0.0,83.29,12.46,13.14,13.81,0.26,
108,2026-04-05 22:00:00,6.04,2.55,0.0,0.0,85.31,12.06,12.22,12.29,0.21,
108,2026-04-05 23:00:00,1.21,0.02,0.0,0.0,86.25,10.77,11.24,11.82,0.18,
108,2026-04-06 00:00:00,1.21,0.03,0.0,0.0,87.97,9.77,10.2,10.62,0.15,
108,2026-04-06 01:00:00,6.04,0.91,0.0,0.0,90.34,9.3,9.41,9.49,0.11,
108,2026-04-06 02:00:00,3.62,1.17,0.0,0.0,91.42,8.83,8.92,8.97,0.1,
108,2026-04-06 03:00:00,4.83,1.19,0.0,0.0,92.14,8.56,8.78,8.93,0.09,
108,2026-04-06 04:00:00,3.62,0.23,0.0,0.0,92.5,8.14,8.44,9.02,0.08,
108,2026-04-06 05:00:00,6.04,0.69,0.0,0.0,93.2,8.81,9.66,10.64,0.08,
108,2026-04-06 06:00:00,13.28,6.25,0.0,0.0,93.44,11.3,11.54,11.71,0.09,
108,2026-04-06 07:00:00,16.9,5.81,0.0,0.0,92.78,11.19,11.34,11.47,0.1,
108,2026-04-06 08:00:00,10.86,4.27,32.46,0.0,92.42,11.27,11.45,11.68,0.11,
108,2026-04-06 09:00:00,10.86,3.59,60.54,0.0,91.15,11.77,11.97,12.16,0.13,
108,2026-04-06 10:00:00,12.07,4.83,96.51,0.0,88.75,12.39,12.62,12.94,0.17,
108,2026-04-06 11:00:00,8.45,3.64,242.15,0.0,87.39,12.54,12.97,13.38,0.19,
108,2026-04-06 12:00:00,12.07,3.36,363.23,0.0,82.28,13.69,14.38,14.83,0.29,
108,2026-04-06 13:00:00,9.66,3.32,747.08,0.0,75.08,15.23,16.54,17.48,0.47,
108,2026-04-06 14:00:00,12.07,3.62,736.55,0.0,68.35,18.21,18.98,19.76,0.7,
108,2026-04-06 15:00:00,12.07,3.38,695.75,0.0,63.5,20.34,21.38,22.46,0.93,
108,2026-04-06 16:00:00,16.9,7.23,568.09,0.0,57.16,22.78,23.04,23.3,1.21,
108,2026-04-06 17:00:00,18.11,8.22,426.84,0.0,54.44,23.12,23.22,23.43,1.3,
108,2026-04-06 18:00:00,14.48,4.32,252.24,0.0,58.0,21.84,22.61,23.06,1.16,
108,2026-04-06 19:00:00,7.24,2.31,43.87,0.0,71.69,17.32,18.7,20.56,0.62,
108,2026-04-06 20:00:00,7.24,3.54,0.0,0.0,75.88,16.42,16.72,16.96,0.46,
108,2026-04-06 21:00:00,7.24,2.32,0.0,0.0,80.53,14.03,14.51,15.23,0.32,
108,2026-04-06 22:00:00,3.62,0.77,0.0,0.0,81.93,13.23,13.36,13.58,0.28,
108,2026-04-06 23:00:00,0.0,0.0,0.0,0.0,82.72,11.26,12.21,12.89,0.25,
108,2026-04-07 00:00:00,4.83,1.52,0.0,0.0,86.73,10.73,10.93,11.13,0.17,
108,2026-04-07 01:00:00,6.04,1.62,0.0,0.0,87.87,10.47,10.67,11.05,0.16,
108,2026-04-07 02:00:00,4.83,1.06,0.0,0.0,89.65,9.97,10.22,10.62,0.13,
108,2026-04-07 03:00:00,4.83,0.98,0.0,0.0,90.81,9.8,9.94,10.11,0.11,
108,2026-04-07 04:00:00,2.41,0.03,0.0,0.0,91.03,8.93,9.27,9.65,0.11,
108,2026-04-07 05:00:00,2.41,0.03,0.0,0.0,91.9,8.46,8.57,8.7,0.09,
108,2026-04-07 06:00:00,3.62,0.53,0.0,0.0,92.19,7.84,8.38,8.87,0.09,
108,2026-04-07 07:00:00,3.62,0.21,0.0,0.0,92.47,7.8,7.89,7.97,0.08,
108,2026-04-07 08:00:00,4.83,0.66,75.45,0.0,92.91,7.65,8.37,9.53,0.08,
108,2026-04-07 09:00:00,14.48,5.62,265.84,0.0,90.97,10.11,10.85,11.56,0.12,
108,2026-04-07 10:00:00,13.28,6.22,492.2,0.0,84.28,12.16,12.89,13.5,0.23,
108,2026-04-07 11:00:00,13.28,5.13,615.47,0.0,78.52,13.82,14.78,15.4,0.36,
108,2026-04-07 12:00:00,13.28,6.13,689.61,0.0,73.68,16.32,16.86,17.39,0.5,
108,2026-04-07 13:00:00,15.69,7.74,722.51,0.0,69.01,17.92,18.67,19.12,0.67,
108,2026-04-07 14:00:00,19.31,8.96,720.32,0.0,64.72,19.87,20.54,21.0,0.85,
108,2026-04-07 15:00:00,19.31,9.81,674.69,0.0,58.55,21.25,21.85,22.29,1.09,
108,2026-04-07 16:00:00,20.52,10.91,588.71,0.0,52.77,22.47,22.65,22.76,1.3,
108,2026-04-07 17:00:00,20.52,11.83,445.26,0.0,51.82,22.46,22.65,22.91,1.33,
108,2026-04-07 18:00:00,16.9,7.77,216.27,0.0,55.54,20.95,21.77,22.33,1.16,
108,2026-04-07 19:00:00,10.86,3.74,28.08,0.0,68.3,16.52,18.07,19.97,0.67,
108,2026-04-07 20:00:00,9.66,3.5,0.0,0.0,77.15,14.69,15.43,15.9,0.4,
108,2026-04-07 21:00:00,15.69,5.17,0.0,0.0,76.77,14.16,15.0,15.94,0.4,
108,2026-04-07 22:00:00,6.04,2.55,0.0,0.0,80.48,12.92,13.41,14.1,0.3,
108,2026-04-07 23:00:00,6.04,1.6,0.0,0.0,84.55,11.78,12.12,12.58,0.22,
108,2026-04-08 00:00:00,8.45,1.43,0.0,0.0,86.06,10.94,11.68,12.23,0.19,
108,2026-04-08 01:00:00,4.83,1.51,0.0,0.0,89.12,10.07,10.36,10.71,0.14,
108,2026-04-08 02:00:00,7.24,2.31,0.0,0.0,90.97,10.2,10.33,10.43,0.11,
108,2026-04-08 03:00:00,7.24,1.31,0.0,0.0,91.42,9.23,9.54,9.78,0.1,
108,2026-04-08 04:00:00,3.62,0.27,0.0,0.0,91.65,8.08,8.53,9.26,0.09,
108,2026-04-08 05:00:00,3.62,0.56,0.0,0.0,92.53,7.42,7.87,8.11,0.08,
108,2026-04-08 06:00:00,2.41,0.15,0.0,0.0,93.1,6.89,7.05,7.2,0.07,
108,2026-04-08 07:00:00,6.04,0.83,0.0,0.25,93.52,6.59,7.1,8.5,0.07,
108,2026-04-08 08:00:00,10.86,2.29,17.99,0.0,93.69,8.97,9.36,9.77,0.07,
108,2026-04-08 09:00:00,16.9,6.9,54.4,0.0,92.37,10.19,10.51,10.77,0.1,
108,2026-04-08 10:00:00,18.11,6.96,88.18,0.0,90.57,10.97,11.18,11.42,0.13,
108,2026-04-08 11:00:00,13.28,5.87,118.01,0.0,88.24,11.58,11.88,12.09,0.16,
108,2026-04-08 12:00:00,12.07,4.24,256.63,0.0,84.44,12.3,12.85,13.2,0.23,
108,2026-04-08 13:00:00,8.45,1.92,368.06,0.0,80.26,13.66,14.31,14.96,0.32,
108,2026-04-08 14:00:00,8.45,2.76,711.11,0.0,75.56,15.2,16.01,17.14,0.45,
108,2026-04-08 15:00:00,9.66,4.02,688.73,0.0,72.37,16.92,17.5,17.87,0.56,
108,2026-04-08 16:00:00,12.07,4.9,550.55,0.0,70.39,17.94,18.22,18.38,0.62,
108,2026-04-08 17:00:00,9.66,4.15,405.34,0.0,69.66,18.21,18.34,18.51,0.64,
108,2026-04-08 18:00:00,7.24,1.86,224.61,0.0,70.57,17.34,18.17,18.52,0.62,
108,2026-04-08 19:00:00,3.62,0.35,14.92,0.0,79.36,14.23,15.2,16.28,0.36,
108,2026-04-08 20:00:00,0.0,0.0,0.0,0.0,85.04,11.74,12.82,13.62,0.23,
108,2026-04-08 21:00:00,0.0,0.0,0.0,0.0,88.57,11.12,11.35,11.49,0.16,
108,2026-04-08 22:00:00,0.0,0.0,0.0,0.0,90.63,10.3,10.67,10.99,0.12,
108,2026-04-08 23:00:00,0.0,0.0,0.0,0.0,91.24,9.22,9.78,10.32,0.11,
108,2026-04-09 00:00:00,0.0,0.0,0.0,0.0,92.23,7.66,7.88,8.32,0.09,
108,2026-04-09 01:00:00,0.0,0.0,0.0,0.0,93.05,7.32,7.49,7.6,0.07,
108,2026-04-09 02:00:00,2.41,0.02,0.0,0.0,93.8,7.04,7.43,7.79,0.07,
108,2026-04-09 03:00:00,4.83,0.27,0.0,0.0,94.56,7.79,7.89,7.97,0.06,
108,2026-04-09 04:00:00,0.0,0.0,0.0,0.25,94.77,7.55,7.6,7.66,0.05,
108,2026-04-09 05:00:00,2.41,0.02,0.0,0.0,94.95,7.41,7.66,7.86,0.05,
108,2026-04-09 06:00:00,0.0,0.0,0.0,0.0,94.83,7.2,7.42,7.6,0.05,
108,2026-04-09 07:00:00,1.21,0.0,12.72,0.0,95.05,7.87,8.15,8.31,0.05,
108,2026-04-09 08:00:00,6.04,0.91,52.64,0.0,95.38,8.36,8.47,8.55,0.05,
108,2026-04-09 09:00:00,2.41,0.0,116.25,0.0,95.18,8.81,9.35,9.87,0.06,
108,2026-04-09 10:00:00,3.62,0.15,277.25,0.0,95.06,10.46,10.83,11.33,0.07,
108,2026-04-09 11:00:00,7.24,2.11,385.6,0.0,92.72,11.5,12.1,12.86,0.11,
108,2026-04-09 12:00:00,8.45,2.17,661.97,0.0,83.02,13.68,14.48,15.37,0.28,
108,2026-04-09 13:00:00,10.86,3.39,697.94,0.0,76.84,16.51,16.98,17.53,0.45,
108,2026-04-09 14:00:00,12.07,4.3,695.31,0.0,73.11,17.68,18.22,18.69,0.56,
108,2026-04-09 15:00:00,9.66,2.88,652.32,0.0,67.4,19.14,19.98,20.7,0.76,
108,2026-04-09 16:00:00,7.24,2.32,549.23,0.0,63.62,21.0,21.45,21.93,0.93,
108,2026-04-09 17:00:00,8.45,2.51,410.17,0.0,61.48,21.64,21.81,22.03,1.01,
108,2026-04-09 18:00:00,6.04,1.95,233.82,0.0,63.41,20.84,21.43,21.67,0.94,
108,2026-04-09 19:00:00,3.62,1.28,21.06,0.0,73.01,17.01,18.36,19.9,0.58,
108,2026-04-09 20:00:00,0.0,0.0,0.0,0.0,80.31,14.69,15.63,16.3,0.35,
108,2026-04-09 21:00:00,6.04,0.21,0.0,0.0,85.29,12.3,13.4,14.03,0.23,
108,2026-04-09 22:00:00,0.0,0.0,0.0,0.0,88.36,11.15,11.81,12.48,0.16,
108,2026-04-09 23:00:00,0.0,0.0,0.0,0.0,89.64,10.08,10.56,10.97,0.13,
108,2026-04-10 00:00:00,2.41,0.12,0.0,0.0,91.26,9.3,9.68,10.09,0.11,
108,2026-04-10 01:00:00,0.0,0.0,0.0,0.0,91.75,8.98,9.12,9.45,0.1,
108,2026-04-10 02:00:00,0.0,0.0,0.0,0.0,92.9,8.21,8.46,8.66,0.08,
108,2026-04-10 03:00:00,0.0,0.0,0.0,0.0,93.13,7.67,7.79,7.9,0.07,
108,2026-04-10 04:00:00,0.0,0.0,0.0,0.0,93.62,7.55,7.75,7.93,0.07,
108,2026-04-10 05:00:00,0.0,0.0,0.0,0.0,93.82,8.56,9.19,9.71,0.07,
108,2026-04-10 06:00:00,8.45,2.61,0.0,0.0,94.14,10.02,10.1,10.23,0.07,
108,2026-04-10 07:00:00,4.83,1.18,0.0,0.0,94.44,10.43,10.51,10.6,0.07,
108,2026-04-10 08:00:00,4.83,0.48,24.57,0.0,94.66,10.6,10.79,11.03,0.07,
108,2026-04-10 09:00:00,4.83,0.98,84.23,0.0,94.83,11.09,11.27,11.61,0.07,
108,2026-04-10 10:00:00,7.24,1.92,92.56,0.0,94.77,11.91,12.12,12.27,0.07,
108,2026-04-10 11:00:00,7.24,2.04,114.94,0.0,94.63,12.27,12.46,12.6,0.08,
108,2026-04-10 12:00:00,8.45,3.45,127.66,0.0,94.51,12.7,12.79,12.83,0.08,
108,2026-04-10 13:00:00,10.86,5.27,201.79,0.0,94.09,12.91,13.13,13.51,0.09,
108,2026-04-10 14:00:00,15.69,7.56,185.56,0.0,91.96,13.43,13.74,14.12,0.13,
108,2026-04-10 15:00:00,18.11,9.39,296.55,0.0,85.86,14.61,15.14,15.57,0.24,
108,2026-04-10 16:00:00,22.93,11.36,236.01,0.0,83.74,15.27,15.41,15.76,0.29,
108,2026-04-10 17:00:00,21.73,9.88,215.83,0.0,83.95,15.13,15.22,15.31,0.28,
108,2026-04-10 18:00:00,15.69,7.5,68.43,0.25,84.65,14.81,14.93,15.1,0.26,
108,2026-04-10 19:00:00,13.28,5.37,10.97,0.0,85.6,14.52,14.59,14.65,0.24,
108,2026-04-10 20:00:00,10.86,4.41,0.0,0.0,86.11,14.52,14.58,14.62,0.23,
108,2026-04-10 21:00:00,6.04,1.57,0.0,0.0,86.11,14.62,14.66,14.74,0.23,
108,2026-04-10 22:00:00,4.83,0.59,0.0,0.0,87.13,14.3,14.51,14.64,0.21,
108,2026-04-10 23:00:00,3.62,0.14,0.0,0.0,88.99,14.17,14.23,14.3,0.18,
108,2026-04-11 00:00:00,4.83,0.62,0.0,0.0,89.99,14.05,14.09,14.13,0.16,
108,2026-04-11 01:00:00,4.83,0.5,0.0,0.0,90.88,14.02,14.04,14.06,0.15,
108,2026-04-11 02:00:00,1.21,0.02,0.0,0.0,91.12,14.05,14.1,14.16,0.14,
108,2026-04-11 03:00:00,0.0,0.0,0.0,0.0,91.25,13.92,13.99,14.17,0.14,
108,2026-04-11 04:00:00,3.62,0.11,0.0,0.0,91.42,13.79,13.84,13.88,0.14,
108,2026-04-11 05:00:00,4.83,0.92,0.0,0.0,91.62,13.79,13.8,13.81,0.13,
108,2026-04-11 06:00:00,3.62,0.09,0.0,0.0,91.6,13.81,13.83,13.86,0.13,
108,2026-04-11 07:00:00,4.83,0.48,0.0,0.0,91.62,13.72,13.75,13.77,0.13,
108,2026-04-11 08:00:00,4.83,0.87,18.42,0.0,91.58,13.74,13.79,13.88,0.13,
108,2026-04-11 09:00:00,4.83,0.29,85.54,0.0,91.08,14.07,14.29,14.58,0.15,
108,2026-04-11 10:00:00,6.04,1.87,231.19,0.0,88.32,14.85,15.22,15.68,0.21,
108,2026-04-11 11:00:00,14.48,4.78,608.89,0.0,75.05,16.24,17.1,17.65,0.49,
108,2026-04-11 12:00:00,14.48,5.08,400.08,0.0,65.64,17.64,17.98,18.31,0.71,
108,2026-04-11 13:00:00,10.86,3.74,309.71,0.0,65.23,18.08,18.35,18.58,0.74,
108,2026-04-11 14:00:00,12.07,2.58,387.8,0.0,63.43,19.08,19.3,19.46,0.82,
108,2026-04-11 15:00:00,22.93,2.48,693.12,0.0,61.8,19.69,19.92,20.35,0.89,
108,2026-04-11 16:00:00,9.66,2.59,633.9,0.0,60.05,20.29,20.59,20.97,0.97,
108,2026-04-11 17:00:00,13.28,2.66,285.58,0.0,61.44,20.04,20.43,20.76,0.93,
108,2026-04-11 18:00:00,9.66,3.64,210.13,0.0,66.17,17.93,19.33,20.62,0.77,
108,2026-04-11 19:00:00,9.66,3.4,10.09,0.0,78.73,15.02,15.88,16.87,0.38,
108,2026-04-11 20:00:00,6.04,3.14,0.0,0.0,84.15,13.24,13.8,14.19,0.25,
108,2026-04-11 21:00:00,4.83,0.51,0.0,0.0,86.0,11.61,12.32,13.16,0.2,
108,2026-04-11 22:00:00,6.04,1.33,0.0,0.0,89.03,10.62,10.91,11.15,0.15,
108,2026-04-11 23:00:00,6.04,2.94,0.0,0.0,90.52,10.36,10.54,10.62,0.12,
108,2026-04-12 00:00:00,3.62,0.6,0.0,0.0,90.84,9.63,9.94,10.23,0.11,
108,2026-04-12 01:00:00,1.21,0.0,0.0,0.0,91.15,8.77,8.91,9.05,0.1,
108,2026-04-12 02:00:00,3.62,0.41,0.0,0.0,91.63,7.67,8.03,8.42,0.09,
108,2026-04-12 03:00:00,6.04,1.01,0.0,0.0,92.44,7.01,7.6,7.94,0.08,
108,2026-04-12 04:00:00,4.83,1.07,0.0,0.0,93.26,7.76,7.98,8.31,0.07,
108,2026-04-12 05:00:00,7.24,2.27,0.0,0.25,93.84,7.9,8.03,8.27,0.07,
108,2026-04-12 06:00:00,8.45,3.02,0.0,0.0,94.23,7.28,7.63,8.01,0.06,
108,2026-04-12 07:00:00,6.04,0.68,0.88,0.0,94.08,6.94,7.46,7.82,0.06,
108,2026-04-12 08:00:00,7.24,1.72,42.55,0.0,94.63,7.96,8.25,8.55,0.06,
108,2026-04-12 09:00:00,9.66,4.41,134.24,0.0,95.2,8.52,8.96,9.33,0.06,
108,2026-04-12 10:00:00,14.48,6.04,343.93,0.0,94.95,9.63,10.6,11.8,0.07,
108,2026-04-12 11:00:00,19.31,9.13,603.19,0.0,85.2,12.81,14.13,15.45,0.25,
108,2026-04-12 12:00:00,18.11,9.05,680.4,0.0,72.31,16.23,17.01,17.73,0.54,
108,2026-04-12 13:00:00,15.69,7.74,639.16,0.0,64.81,18.73,19.08,19.36,0.78,
108,2026-04-12 14:00:00,21.73,10.55,740.94,0.0,59.1,20.01,20.64,21.11,1.0,
108,2026-04-12 15:00:00,25.35,10.29,721.2,0.0,57.78,21.15,21.37,21.52,1.08,
108,2026-04-12 16:00:00,20.52,9.01,510.63,0.0,56.59,21.84,22.22,22.7,1.17,
108,2026-04-12 17:00:00,20.52,10.62,430.35,0.0,58.15,21.49,22.11,22.39,1.12,
108,2026-04-12 18:00:00,16.9,6.56,150.91,0.0,64.18,19.1,20.37,21.19,0.86,
108,2026-04-12 19:00:00,9.66,4.9,18.86,0.0,75.23,16.79,17.4,17.9,0.49,
108,2026-04-12 20:00:00,13.28,6.94,0.0,0.0,79.15,15.66,16.11,16.41,0.38,
108,2026-04-12 21:00:00,13.28,5.88,0.0,0.0,83.37,14.55,14.97,15.59,0.29,
108,2026-04-12 22:00:00,15.69,7.69,0.0,0.0,86.03,13.51,13.98,14.38,0.22,
108,2026-04-12 23:00:00,6.04,2.17,0.0,0.0,88.29,11.85,12.44,13.1,0.17,
108,2026-04-13 00:00:00,8.45,3.38,0.0,0.0,90.54,11.75,11.85,11.92,0.13,
108,2026-04-13 01:00:00,9.66,1.87,0.0,0.0,90.48,11.15,11.58,11.75,0.13,
108,2026-04-13 02:00:00,2.41,0.23,0.0,0.0,90.84,9.64,10.23,10.8,0.12,
108,2026-04-13 03:00:00,2.41,0.17,0.0,0.0,91.76,8.27,8.78,9.35,0.1,
108,2026-04-13 04:00:00,3.62,0.27,0.0,0.0,92.52,7.72,8.06,8.28,0.08,
108,2026-04-13 05:00:00,4.83,0.54,0.0,0.0,92.78,7.37,7.69,7.84,0.08,
108,2026-04-13 06:00:00,0.0,0.0,0.0,0.0,92.44,6.17,6.92,7.46,0.08,
108,2026-04-13 07:00:00,12.07,2.72,0.0,0.0,94.24,6.97,7.87,8.28,0.06,
108,2026-04-13 08:00:00,8.45,3.85,20.62,0.0,94.86,8.31,8.46,8.66,0.06,
108,2026-04-13 09:00:00,8.45,2.49,68.0,0.0,94.92,8.78,8.96,9.11,0.06,
108,2026-04-13 10:00:00,6.04,1.51,117.13,0.0,94.8,9.17,9.29,9.45,0.06,
108,2026-04-13 11:00:00,8.45,2.82,158.8,0.0,95.1,9.6,9.98,10.2,0.06,
108,2026-04-13 12:00:00,8.45,2.15,321.12,0.0,94.38,10.36,10.77,11.05,0.08,
108,2026-04-13 13:00:00,9.66,2.57,845.78,0.0,88.65,11.85,12.7,13.78,0.17,
108,2026-04-13 14:00:00,8.45,2.31,693.56,0.0,77.29,14.82,15.79,16.85,0.41,
108,2026-04-13 15:00:00,8.45,1.81,660.66,0.0,68.87,17.52,18.68,19.56,0.67,
108,2026-04-13 16:00:00,9.66,2.99,543.53,0.0,59.65,20.12,20.63,21.14,0.98,
108,2026-04-13 17:00:00,7.24,2.08,393.06,0.0,54.82,21.39,21.55,21.74,1.16,
108,2026-04-13 18:00:00,4.83,0.39,217.59,0.0,55.94,20.19,21.52,22.19,1.14,
108,2026-04-13 19:00:00,0.0,0.0,4.83,0.0,68.64,16.0,17.62,19.38,0.64,
108,2026-04-13 20:00:00,0.0,0.0,0.0,0.0,79.79,11.87,13.09,14.65,0.31,
108,2026-04-13 21:00:00,2.41,0.06,0.0,0.0,85.87,10.33,10.93,11.68,0.18,
108,2026-04-13 22:00:00,0.0,0.0,0.0,0.0,88.01,9.21,9.57,10.05,0.14,
108,2026-04-13 23:00:00,3.62,0.32,0.0,0.0,89.36,8.7,9.03,9.39,0.13,
108,2026-04-14 00:00:00,3.62,0.83,0.0,0.0,91.78,7.66,8.27,8.59,0.09,
108,2026-04-14 01:00:00,1.21,0.0,0.0,0.0,91.57,6.65,7.02,7.52,0.09,
108,2026-04-14 02:00:00,2.41,0.35,0.0,0.0,92.31,6.68,6.82,7.15,0.08,
108,2026-04-14 03:00:00,1.21,0.0,0.0,0.0,92.32,5.57,6.08,6.71,0.07,
108,2026-04-14 04:00:00,2.41,0.05,0.0,0.0,92.58,4.51,4.67,4.92,0.06,
108,2026-04-14 05:00:00,3.62,0.26,0.0,0.0,93.08,4.29,4.64,4.99,0.06,
108,2026-04-14 06:00:00,2.41,0.08,0.0,0.25,92.94,4.01,4.16,4.41,0.06,
108,2026-04-14 07:00:00,4.83,0.26,2.19,0.0,93.18,4.08,4.68,4.92,0.06,
108,2026-04-14 08:00:00,7.24,0.83,49.57,0.0,93.42,5.38,6.38,7.59,0.06,
108,2026-04-14 09:00:00,15.69,5.66,104.41,0.0,92.87,8.25,9.01,9.88,0.08,
108,2026-04-14 10:00:00,20.52,9.36,147.4,0.0,88.8,10.27,10.74,11.19,0.15,
108,2026-04-14 11:00:00,16.9,8.56,188.63,0.0,82.35,11.52,12.03,12.51,0.25,
108,2026-04-14 12:00:00,21.73,8.24,265.4,0.0,75.72,12.82,13.44,14.12,0.38,
108,2026-04-14 13:00:00,16.9,7.24,429.47,0.0,70.35,14.26,14.69,15.24,0.5,
108,2026-04-14 14:00:00,19.31,9.24,657.59,0.0,66.44,15.61,16.07,16.99,0.62,
108,2026-04-14 15:00:00,19.31,7.67,436.93,0.0,63.32,16.62,16.88,16.99,0.71,
108,2026-04-14 16:00:00,13.28,6.16,304.01,0.0,61.11,17.22,17.47,18.14,0.78,
108,2026-04-14 17:00:00,12.07,4.51,489.13,0.0,59.58,18.03,18.14,18.29,0.84,
108,2026-04-14 18:00:00,10.86,1.07,177.67,0.0,62.09,17.69,17.9,18.07,0.78,
108,2026-04-14 19:00:00,1.21,0.03,15.35,0.0,73.9,12.75,14.38,16.9,0.44,
108,2026-04-14 20:00:00,2.41,0.14,0.0,0.0,81.13,10.67,11.36,12.05,0.26,
108,2026-04-14 21:00:00,0.0,0.0,0.0,0.0,85.64,9.32,9.66,10.3,0.17,
108,2026-04-14 22:00:00,4.83,0.36,0.0,0.0,88.9,8.22,8.3,8.47,0.12,
108,2026-04-14 23:00:00,1.21,0.0,0.0,0.0,90.14,7.32,7.82,8.39,0.11,
108,2026-04-15 00:00:00,0.0,0.0,0.0,0.0,91.36,7.42,7.71,7.99,0.09,
108,2026-04-15 01:00:00,0.0,0.0,0.0,0.0,91.03,6.47,6.87,7.5,0.09,
108,2026-04-15 02:00:00,0.0,0.0,0.0,0.0,91.75,5.69,6.25,6.55,0.08,
108,2026-04-15 03:00:00,3.62,0.06,0.0,0.0,92.21,5.24,5.43,5.58,0.07,
108,2026-04-15 04:00:00,4.83,0.29,0.0,0.0,92.69,4.84,5.18,5.52,0.06,
108,2026-04-15 05:00:00,2.41,0.14,0.0,0.0,93.64,5.05,5.23,5.4,0.06,
108,2026-04-15 06:00:00,3.62,0.18,0.0,0.0,93.74,4.46,4.79,5.06,0.05,
108,2026-04-15 07:00:00,2.41,0.03,0.0,0.0,93.3,2.75,3.24,3.98,0.05,
108,2026-04-15 08:00:00,2.41,0.03,66.24,0.25,93.68,3.45,3.77,4.22,0.05,
108,2026-04-15 09:00:00,2.41,0.05,203.55,0.0,94.1,4.79,5.91,6.97,0.06,
108,2026-04-15 10:00:00,4.83,0.2,224.17,0.0,93.92,7.48,8.1,8.78,0.07,
108,2026-04-15 11:00:00,12.07,2.75,569.41,0.0,90.4,9.43,11.28,13.16,0.13,
108,2026-04-15 12:00:00,13.28,5.22,651.01,0.0,75.07,14.05,15.25,16.65,0.44,
108,2026-04-15 13:00:00,14.48,6.82,675.13,0.0,61.96,17.48,18.26,18.87,0.8,
108,2026-04-15 14:00:00,12.07,5.14,683.91,0.0,54.47,19.81,20.57,21.22,1.11,
108,2026-04-15 15:00:00,13.28,5.37,636.09,0.0,46.79,21.61,22.5,23.18,1.45,
108,2026-04-15 16:00:00,10.86,3.73,508.87,0.0,42.59,23.26,23.78,24.26,1.69,
108,2026-04-15 17:00:00,7.24,1.19,370.69,0.0,40.42,24.2,24.47,24.63,1.83,
108,2026-04-15 18:00:00,1.21,0.05,181.61,0.0,50.4,21.95,23.59,24.59,1.46,
108,2026-04-15 19:00:00,1.21,0.0,25.0,0.0,64.74,16.56,18.82,21.05,0.77,
108,2026-04-15 20:00:00,0.0,0.0,0.0,0.0,74.15,15.02,16.06,16.99,0.48,
108,2026-04-15 21:00:00,3.62,0.09,0.0,0.0,82.08,12.33,13.11,14.13,0.27,
108,2026-04-15 22:00:00,3.62,0.18,0.0,0.0,84.17,11.4,12.33,13.01,0.23,
108,2026-04-15 23:00:00,2.41,0.02,0.0,0.0,86.57,10.97,11.33,11.89,0.18,
108,2026-04-16 00:00:00,0.0,0.0,0.0,0.0,89.07,10.26,10.4,10.57,0.14,
108,2026-04-16 01:00:00,4.83,0.89,0.0,0.0,90.84,10.37,10.9,11.27,0.12,
108,2026-04-16 02:00:00,4.83,0.27,0.0,0.0,91.54,9.19,9.42,9.63,0.1,
108,2026-04-16 03:00:00,2.41,0.17,0.0,0.0,92.29,8.4,8.6,8.8,0.09,
108,2026-04-16 04:00:00,0.0,0.0,0.0,0.0,93.4,7.62,8.36,8.73,0.07,
108,2026-04-16 05:00:00,1.21,0.03,0.0,0.0,93.79,7.35,7.49,7.7,0.06,
108,2026-04-16 06:00:00,3.62,0.27,0.0,0.0,94.23,7.0,7.26,7.65,0.06,
108,2026-04-16 07:00:00,2.41,0.08,0.0,0.0,94.75,6.49,6.84,7.22,0.05,
108,2026-04-16 08:00:00,0.0,0.0,51.76,0.0,95.48,6.65,7.02,7.8,0.05,
108,2026-04-16 09:00:00,6.04,1.93,258.82,0.0,93.49,9.01,10.5,11.96,0.07,
108,2026-04-16 10:00:00,7.24,3.19,343.49,0.0,87.44,13.02,13.88,14.83,0.2,
108,2026-04-16 11:00:00,10.86,3.76,578.18,0.0,79.85,15.48,16.26,17.16,0.38,
108,2026-04-16 12:00:00,10.86,3.38,700.58,0.0,73.43,17.93,19.22,20.38,0.6,
108,2026-04-16 13:00:00,7.24,1.37,489.13,0.0,67.54,20.71,21.24,21.53,0.82,
108,2026-04-16 14:00:00,8.45,3.26,562.83,0.0,66.8,21.11,21.5,22.18,0.85,
108,2026-04-16 15:00:00,10.86,4.47,255.31,0.0,66.79,21.15,21.26,21.41,0.84,
108,2026-04-16 16:00:00,7.24,2.49,200.04,0.0,65.12,21.22,21.43,21.6,0.89,
108,2026-04-16 17:00:00,4.83,0.67,95.19,0.0,68.82,20.83,20.97,21.11,0.78,
108,2026-04-16 18:00:00,14.48,1.43,35.53,0.0,74.69,19.42,19.93,20.45,0.59,
108,2026-04-16 19:00:00,4.83,0.56,0.0,0.0,82.08,17.2,17.97,19.0,0.37,
108,2026-04-16 20:00:00,6.04,0.82,0.0,0.0,85.3,17.1,17.24,17.45,0.29,
108,2026-04-16 21:00:00,9.66,1.72,0.0,0.25,90.52,16.09,16.37,16.76,0.18,
108,2026-04-16 22:00:00,6.04,1.78,0.0,0.0,93.69,15.99,16.0,16.01,0.12,
108,2026-04-16 23:00:00,9.66,3.19,0.0,0.25,93.25,16.03,16.19,16.35,0.13,
108,2026-04-17 00:00:00,10.86,2.84,0.0,0.5,94.48,15.85,15.9,15.96,0.1,
108,2026-04-17 01:00:00,8.45,2.72,0.0,1.27,94.61,15.9,15.91,15.93,0.1,
108,2026-04-17 02:00:00,6.04,1.37,0.0,0.0,94.51,15.79,15.84,15.9,0.1,
108,2026-04-17 03:00:00,6.04,0.8,0.0,0.0,94.51,15.4,15.48,15.71,0.1,
108,2026-04-17 04:00:00,6.04,0.24,0.0,0.0,94.9,15.3,15.34,15.38,0.09,
108,2026-04-17 05:00:00,2.41,0.2,0.0,0.0,94.91,14.24,14.63,14.99,0.08,
108,2026-04-17 06:00:00,2.41,0.05,0.0,0.0,95.02,13.91,14.12,14.44,0.08,
108,2026-04-17 07:00:00,6.04,0.42,0.0,0.0,95.34,14.14,14.22,14.31,0.08,
108,2026-04-17 08:00:00,3.62,0.24,14.92,0.0,95.26,13.75,13.87,14.05,0.08,
108,2026-04-17 09:00:00,0.0,0.0,110.99,0.0,95.3,14.16,14.97,15.76,0.08,
108,2026-04-17 10:00:00,3.62,0.27,360.6,0.0,93.01,16.39,17.03,17.68,0.14,
108,2026-04-17 11:00:00,10.86,2.97,551.42,0.0,80.52,17.76,18.49,19.21,0.42,
108,2026-04-17 12:00:00,9.66,3.32,561.95,0.0,74.48,19.34,19.73,20.08,0.59,
108,2026-04-17 13:00:00,12.07,3.19,600.56,0.0,72.35,20.15,20.83,21.56,0.68,
108,2026-04-17 14:00:00,12.07,2.61,614.16,0.0,69.15,21.43,21.69,22.18,0.8,
108,2026-04-17 15:00:00,18.11,3.08,312.78,0.0,67.67,21.53,21.96,22.16,0.85,
108,2026-04-17 16:00:00,9.66,2.82,254.87,0.0,64.97,22.22,22.4,22.49,0.95,
108,2026-04-17 17:00:00,10.86,3.74,182.93,0.0,69.13,20.98,21.67,22.21,0.8,
108,2026-04-17 18:00:00,13.28,5.9,58.78,0.0,76.87,19.01,19.77,20.64,0.54,
108,2026-04-17 19:00:00,8.45,3.0,0.0,0.0,82.6,17.5,18.04,18.59,0.36,
108,2026-04-17 20:00:00,8.45,1.81,0.0,0.0,85.6,17.35,17.44,17.56,0.29,
108,2026-04-17 21:00:00,12.07,3.32,0.0,0.0,86.1,16.65,16.91,17.29,0.27,
108,2026-04-17 22:00:00,1.21,0.02,0.0,0.0,87.73,15.83,16.17,16.58,0.23,
108,2026-04-17 23:00:00,7.24,0.66,0.0,0.0,90.05,15.76,15.83,15.94,0.18,
108,2026-04-18 00:00:00,7.24,1.89,0.0,0.0,89.08,15.55,15.72,16.06,0.19,
108,2026-04-18 01:00:00,4.83,0.29,0.0,0.0,90.19,15.11,15.24,15.31,0.17,
108,2026-04-18 02:00:00,8.45,0.92,0.0,0.0,91.75,14.62,14.75,15.03,0.14,
108,2026-04-18 03:00:00,2.41,0.11,0.0,0.0,92.43,14.65,14.83,15.09,0.13,
108,2026-04-18 04:00:00,6.04,0.6,0.0,0.0,92.84,14.06,14.19,14.37,0.12,
108,2026-04-18 05:00:00,8.45,2.11,0.0,0.0,92.32,13.86,13.97,14.1,0.13,
108,2026-04-18 06:00:00,4.83,0.58,0.0,0.0,90.28,13.44,13.61,13.81,0.15,
108,2026-04-18 07:00:00,2.41,0.11,0.0,0.0,91.03,13.32,13.41,13.48,0.14,
108,2026-04-18 08:00:00,1.21,0.02,32.9,0.0,91.13,13.41,13.53,13.64,0.14,
108,2026-04-18 09:00:00,1.21,0.0,189.07,0.0,89.51,13.69,14.06,14.48,0.17,
108,2026-04-18 10:00:00,0.0,0.0,364.55,0.0,81.54,14.95,15.62,16.17,0.33,
108,2026-04-18 11:00:00,6.04,0.68,722.95,0.0,74.71,16.58,17.2,17.99,0.5,
108,2026-04-18 12:00:00,10.86,3.76,690.93,0.0,66.71,18.07,18.69,19.2,0.72,
108,2026-04-18 13:00:00,14.48,2.88,612.4,0.0,61.73,19.34,20.11,20.86,0.9,
108,2026-04-18 14:00:00,12.07,2.9,625.12,0.0,57.29,20.7,20.94,21.22,1.06,
108,2026-04-18 15:00:00,9.66,2.6,405.34,0.0,56.37,21.05,21.2,21.31,1.1,
108,2026-04-18 16:00:00,8.45,2.57,539.58,0.0,56.74,20.97,21.06,21.14,1.08,
108,2026-04-18 17:00:00,8.45,3.94,172.4,0.0,58.41,20.34,20.66,20.91,1.02,
108,2026-04-18 18:00:00,10.86,3.37,35.53,0.0,65.45,18.66,19.38,20.04,0.78,
108,2026-04-18 19:00:00,22.93,10.61,11.84,0.0,75.44,16.37,17.18,18.38,0.49,
108,2026-04-18 20:00:00,19.31,9.72,0.0,0.0,83.15,15.48,15.82,16.11,0.3,
108,2026-04-18 21:00:00,18.11,8.98,0.0,0.0,84.43,14.65,14.98,15.29,0.26,
108,2026-04-18 22:00:00,15.69,8.87,0.0,0.0,85.58,14.0,14.24,14.38,0.24,
108,2026-04-18 23:00:00,18.11,9.07,0.0,0.0,88.54,12.39,12.94,13.58,0.17,
108,2026-04-19 00:00:00,10.86,5.57,0.0,0.0,89.08,11.39,11.58,11.88,0.15,
108,2026-04-19 01:00:00,9.66,4.62,0.0,0.0,88.77,11.15,11.29,11.4,0.15,
108,2026-04-19 02:00:00,10.86,4.54,0.0,0.0,90.28,10.29,10.52,10.9,0.12,
108,2026-04-19 03:00:00,10.86,4.75,0.0,0.0,90.5,10.27,10.32,10.39,0.12,
108,2026-04-19 04:00:00,12.07,5.99,0.0,0.0,90.75,10.07,10.16,10.26,0.12,
108,2026-04-19 05:00:00,13.28,6.49,0.0,0.0,92.11,9.83,9.94,10.04,0.1,
108,2026-04-19 06:00:00,12.07,6.1,0.0,0.0,91.98,9.63,9.74,9.9,0.1,
108,2026-04-19 07:00:00,12.07,5.84,0.0,0.0,92.39,9.02,9.22,9.47,0.09,
108,2026-04-19 08:00:00,10.86,6.01,14.92,0.0,91.03,8.53,8.72,8.97,0.1,
108,2026-04-19 09:00:00,14.48,6.99,226.36,0.0,87.37,8.5,8.79,9.22,0.15,
108,2026-04-19 10:00:00,13.28,5.54,364.98,0.0,83.54,9.37,9.92,10.33,0.21,
108,2026-04-19 11:00:00,9.66,3.45,568.53,0.0,79.75,10.39,11.02,11.44,0.27,
108,2026-04-19 12:00:00,10.86,2.88,669.43,0.0,77.04,11.74,12.79,13.84,0.34,
108,2026-04-19 13:00:00,10.86,2.9,651.44,0.0,71.59,13.97,14.9,15.37,0.49,
108,2026-04-19 14:00:00,7.24,1.98,408.85,0.0,69.16,15.55,15.99,16.59,0.56,
108,2026-04-19 15:00:00,7.24,2.13,399.2,0.0,67.2,16.51,17.17,17.58,0.64,
108,2026-04-19 16:00:00,7.24,2.91,242.15,0.0,67.83,17.25,17.38,17.45,0.64,
108,2026-04-19 17:00:00,9.66,4.26,147.84,0.0,70.9,16.17,16.54,16.93,0.55,
108,2026-04-19 18:00:00,10.86,3.15,72.38,0.0,76.3,14.89,15.35,15.83,0.41,
108,2026-04-19 19:00:00,4.83,0.6,9.21,0.0,82.17,13.27,13.74,14.27,0.28,
108,2026-04-19 20:00:00,0.0,0.0,0.0,0.0,85.82,12.12,12.54,13.16,0.21,
108,2026-04-19 21:00:00,0.0,0.0,0.0,0.0,89.28,11.36,11.64,12.06,0.15,
108,2026-04-19 22:00:00,0.0,0.0,0.0,0.0,90.15,12.37,12.72,12.99,0.15,
108,2026-04-19 23:00:00,0.0,0.0,0.0,0.0,90.07,12.96,13.11,13.26,0.15,
108,2026-04-20 00:00:00,0.0,0.0,0.0,0.0,90.04,12.75,13.01,13.2,0.15,
108,2026-04-20 01:00:00,9.66,2.6,0.0,0.0,85.08,12.64,12.91,13.09,0.22,
108,2026-04-20 02:00:00,13.28,5.4,0.0,0.0,80.24,11.67,12.03,12.47,0.28,
108,2026-04-20 03:00:00,14.48,5.92,0.0,0.0,80.12,10.95,11.23,11.56,0.27,
108,2026-04-20 04:00:00,9.66,4.21,0.0,0.0,80.59,10.39,10.56,10.82,0.25,
108,2026-04-20 05:00:00,10.86,4.78,0.0,0.0,80.24,9.88,10.0,10.19,0.24,
108,2026-04-20 06:00:00,4.83,1.27,0.0,0.0,80.85,9.74,9.81,9.87,0.23,
108,2026-04-20 07:00:00,6.04,1.39,0.0,0.0,82.76,9.49,9.64,9.8,0.21,
108,2026-04-20 08:00:00,7.24,2.46,32.46,0.0,82.46,9.35,9.46,9.54,0.21,
108,2026-04-20 09:00:00,4.83,0.6,125.9,0.0,80.05,9.54,9.96,10.4,0.25,
108,2026-04-20 10:00:00,8.45,1.43,204.87,0.0,77.27,10.63,10.74,10.84,0.29,
108,2026-04-20 11:00:00,8.45,3.32,228.12,0.0,75.64,10.94,11.13,11.44,0.32,
108,2026-04-20 12:00:00,6.04,1.28,667.24,0.0,72.23,11.61,12.34,12.74,0.4,
108,2026-04-20 13:00:00,12.07,3.94,485.18,0.0,71.12,12.81,13.73,14.59,0.45,
108,2026-04-20 14:00:00,16.9,3.88,849.73,0.0,66.74,14.4,14.82,15.1,0.56,
108,2026-04-20 15:00:00,10.86,3.12,271.11,0.0,63.23,15.1,15.65,16.14,0.65,
108,2026-04-20 16:00:00,10.86,1.67,186.44,0.0,62.24,15.65,15.95,16.27,0.68,
108,2026-04-20 17:00:00,8.45,3.46,121.08,0.0,65.03,15.54,15.68,15.83,0.62,
108,2026-04-20 18:00:00,7.24,1.42,125.02,0.0,65.31,14.61,15.51,16.01,0.62,
108,2026-04-20 19:00:00,0.0,0.0,4.39,0.0,77.66,10.81,12.01,13.58,0.32,
108,2026-04-20 20:00:00,7.24,0.3,0.0,0.0,85.56,8.78,9.32,9.91,0.17,
108,2026-04-20 21:00:00,0.0,0.0,0.0,0.0,88.83,8.11,8.33,8.81,0.12,
108,2026-04-20 22:00:00,6.04,1.69,0.0,0.0,90.76,7.1,7.56,8.31,0.1,
108,2026-04-20 23:00:00,4.83,0.74,0.0,0.0,91.76,6.93,7.27,7.67,0.08,
108,2026-04-21 00:00:00,6.04,0.38,0.0,0.0,92.07,5.62,6.12,6.71,0.08,
108,2026-04-21 01:00:00,6.04,0.62,0.0,0.0,93.25,4.92,5.33,5.68,0.06,
108,2026-04-21 02:00:00,3.62,0.17,0.0,0.0,93.33,4.31,4.98,5.52,0.06,
108,2026-04-21 03:00:00,4.83,1.07,0.0,0.0,93.89,4.24,4.36,4.44,0.05,
108,2026-04-21 04:00:00,10.86,3.55,0.0,0.0,94.79,4.82,5.11,5.24,0.05,
108,2026-04-21 05:00:00,9.66,3.27,0.0,0.0,95.36,4.85,4.93,5.06,0.04,
108,2026-04-21 06:00:00,12.07,4.39,0.0,0.25,95.8,4.72,4.81,4.89,0.04,
108,2026-04-21 07:00:00,10.86,2.71,0.0,0.0,96.04,4.91,5.34,5.62,0.04,
108,2026-04-21 08:00:00,14.48,3.85,21.06,0.0,96.42,5.72,5.83,5.9,0.03,
108,2026-04-21 09:00:00,8.45,2.29,82.47,0.0,96.33,6.06,6.15,6.35,0.04,
108,2026-04-21 10:00:00,12.07,3.69,248.73,0.0,96.01,6.23,6.48,6.96,0.04,
108,2026-04-21 11:00:00,12.07,5.7,316.73,0.0,93.08,7.66,8.04,8.77,0.08,
108,2026-04-21 12:00:00,14.48,4.59,628.19,0.0,77.76,9.43,10.84,12.25,0.29,
108,2026-04-21 13:00:00,14.48,5.25,658.02,0.0,68.33,13.27,13.79,14.41,0.5,
108,2026-04-21 14:00:00,18.11,7.44,657.59,0.0,59.53,15.45,16.07,16.63,0.74,
108,2026-04-21 15:00:00,13.28,5.93,615.03,0.0,54.46,17.27,17.76,18.15,0.93,
108,2026-04-21 16:00:00,20.52,7.73,513.7,0.0,53.8,18.28,18.63,18.82,0.99,
108,2026-04-21 17:00:00,14.48,6.41,338.66,0.0,55.04,18.83,18.85,18.89,0.98,
108,2026-04-21 18:00:00,10.86,4.62,150.03,0.0,59.55,15.97,17.63,18.69,0.82,
108,2026-04-21 19:00:00,4.83,0.91,7.9,0.0,70.12,13.44,14.24,15.02,0.49,
108,2026-04-21 20:00:00,2.41,0.03,0.0,0.0,79.22,10.4,11.65,12.83,0.29,
108,2026-04-21 21:00:00,12.07,1.89,0.0,0.0,85.33,9.67,10.04,10.29,0.18,
108,2026-04-21 22:00:00,7.24,2.73,0.0,0.0,85.85,9.45,9.61,9.92,0.17,
108,2026-04-21 23:00:00,6.04,1.6,0.0,0.0,88.13,7.66,8.1,8.49,0.13,
108,2026-04-22 00:00:00,1.21,0.0,0.0,0.0,89.37,6.11,6.6,7.1,0.1,
108,2026-04-22 01:00:00,4.83,0.91,0.0,0.0,91.59,5.6,5.91,6.11,0.08,
108,2026-04-22 02:00:00,3.62,0.47,0.0,0.0,92.46,5.95,6.13,6.38,0.07,
108,2026-04-22 03:00:00,2.41,0.11,0.0,0.0,92.57,5.4,5.51,5.61,0.07,
108,2026-04-22 04:00:00,4.83,0.44,0.0,0.0,93.1,5.07,5.23,5.33,0.06,
108,2026-04-22 05:00:00,0.0,0.0,0.0,0.0,93.36,4.39,4.84,5.13,0.06,
108,2026-04-22 06:00:00,0.0,0.0,0.0,0.0,93.33,2.47,3.38,4.12,0.05,
108,2026-04-22 07:00:00,4.83,0.7,0.0,0.0,94.18,3.27,3.52,3.92,0.05,
108,2026-04-22 08:00:00,4.83,0.62,31.15,0.25,94.83,3.49,3.9,4.4,0.04,
108,2026-04-22 09:00:00,4.83,0.42,138.19,0.0,95.41,4.85,5.08,5.31,0.04,
108,2026-04-22 10:00:00,9.66,2.01,432.54,0.0,92.27,7.99,9.6,11.49,0.1,
108,2026-04-22 11:00:00,15.69,5.55,553.62,0.0,70.22,12.82,14.43,15.96,0.5,
108,2026-04-22 12:00:00,22.93,11.6,622.93,0.0,59.71,16.54,17.17,17.66,0.78,
108,2026-04-22 13:00:00,22.93,11.41,648.37,0.0,55.56,18.05,18.71,19.14,0.96,
108,2026-04-22 14:00:00,27.76,13.21,646.18,0.0,53.94,19.5,19.68,19.88,1.06,
108,2026-04-22 15:00:00,28.97,13.82,591.78,0.0,50.64,20.25,20.35,20.42,1.18,
108,2026-04-22 16:00:00,27.76,13.36,491.76,0.0,49.8,20.34,20.6,20.81,1.22,
108,2026-04-22 17:00:00,22.93,12.34,350.51,0.0,54.26,19.77,20.03,20.31,1.07,
108,2026-04-22 18:00:00,19.31,8.69,114.5,0.0,60.31,17.34,18.57,19.49,0.85,
108,2026-04-22 19:00:00,9.66,4.94,12.72,0.0,71.09,15.21,15.64,16.24,0.52,
108,2026-04-22 20:00:00,14.48,6.78,0.0,0.0,74.56,14.35,14.68,14.99,0.42,
108,2026-04-22 21:00:00,16.9,7.53,0.0,0.0,79.92,12.34,13.34,14.24,0.31,
108,2026-04-22 22:00:00,9.66,3.97,0.0,0.0,87.52,10.53,10.97,11.74,0.17,
108,2026-04-22 23:00:00,10.86,6.02,0.0,0.0,90.6,10.13,10.26,10.33,0.12,
108,2026-04-23 00:00:00,7.24,1.77,0.0,0.0,91.85,8.64,9.36,9.94,0.1,
108,2026-04-23 01:00:00,8.45,3.23,0.0,0.0,93.46,8.53,8.59,8.67,0.07,
108,2026-04-23 02:00:00,8.45,2.96,0.0,0.0,93.84,7.7,7.92,8.39,0.07,
108,2026-04-23 03:00:00,6.04,2.52,0.0,0.0,94.0,7.25,7.48,7.76,0.06,
108,2026-04-23 04:00:00,15.69,5.21,0.0,0.0,94.3,7.65,8.17,8.42,0.06,
108,2026-04-23 05:00:00,18.11,9.3,0.0,0.0,94.11,8.08,8.23,8.39,0.06,
108,2026-04-23 06:00:00,12.07,5.92,0.0,0.0,93.83,7.65,7.78,8.04,0.07,
108,2026-04-23 07:00:00,15.69,6.71,0.0,0.0,94.6,7.35,7.48,7.55,0.06,
108,2026-04-23 08:00:00,18.11,7.74,21.93,0.0,94.59,7.28,7.33,7.39,0.05,
108,2026-04-23 09:00:00,14.48,6.82,86.42,0.0,93.23,7.28,7.45,7.66,0.07,
108,2026-04-23 10:00:00,14.48,6.87,343.93,0.0,90.32,7.62,8.15,9.04,0.11,
108,2026-04-23 11:00:00,20.52,9.88,543.09,0.25,77.12,9.4,11.42,13.71,0.32,
108,2026-04-23 12:00:00,19.31,9.88,672.5,4.32,68.54,13.22,14.1,14.75,0.51,
108,2026-04-23 13:00:00,24.14,11.72,706.28,0.0,61.57,14.99,15.73,16.28,0.69,
108,2026-04-23 14:00:00,25.35,12.22,704.96,0.0,54.25,16.7,17.45,17.92,0.92,
108,2026-04-23 15:00:00,26.55,13.49,654.52,0.0,50.19,17.92,18.33,18.67,1.05,
108,2026-04-23 16:00:00,24.14,12.83,550.99,0.0,50.35,18.52,18.66,18.86,1.07,
108,2026-04-23 17:00:00,24.14,12.3,404.03,0.0,51.62,18.0,18.17,18.45,1.01,
108,2026-04-23 18:00:00,22.93,9.42,158.8,0.0,56.98,15.64,16.79,17.68,0.83,
108,2026-04-23 19:00:00,10.86,4.16,2.19,0.0,67.9,12.03,13.53,14.87,0.5,
108,2026-04-23 20:00:00,8.45,2.93,0.0,0.0,75.08,10.73,11.29,12.4,0.34,
108,2026-04-23 21:00:00,7.24,2.55,0.0,0.0,78.11,8.71,10.06,10.87,0.27,
108,2026-04-23 22:00:00,7.24,2.48,0.0,0.0,84.99,7.66,7.94,8.12,0.16,
108,2026-04-23 23:00:00,6.04,2.93,0.0,0.0,86.84,7.15,7.26,7.42,0.13,
108,2026-04-24 00:00:00,6.04,3.14,0.0,0.0,87.8,6.68,6.89,7.07,0.12,
108,2026-04-24 01:00:00,6.04,1.46,0.0,0.0,88.96,5.38,6.02,6.66,0.11,
108,2026-04-24 02:00:00,7.24,2.91,0.0,0.0,90.62,5.6,5.79,6.0,0.09,
108,2026-04-24 03:00:00,7.24,0.54,0.0,0.0,91.07,4.43,5.28,5.88,0.08,
108,2026-04-24 04:00:00,1.21,0.0,0.0,0.0,91.45,3.01,3.34,3.74,0.07,
108,2026-04-24 05:00:00,0.0,0.0,0.0,0.0,92.24,1.32,1.99,2.68,0.06,
108,2026-04-24 06:00:00,2.41,0.02,0.0,0.0,92.71,0.45,1.04,1.53,0.05,
108,2026-04-24 07:00:00,3.62,0.24,0.0,0.0,93.7,-0.15,0.01,0.14,0.04,
108,2026-04-24 08:00:00,0.0,0.0,39.04,0.0,93.96,-0.11,0.34,0.66,0.04,
108,2026-04-24 09:00:00,6.04,0.77,238.2,0.0,94.5,0.82,2.05,3.47,0.04,
108,2026-04-24 10:00:00,6.04,0.77,454.04,0.0,94.48,3.91,5.52,7.65,0.05,
108,2026-04-24 11:00:00,14.48,4.91,642.67,0.0,79.18,9.09,10.84,12.51,0.28,
108,2026-04-24 12:00:00,22.93,10.94,563.27,0.0,70.7,13.26,14.21,14.79,0.48,
108,2026-04-24 13:00:00,22.93,11.62,639.16,0.0,64.59,15.06,15.94,16.65,0.65,
108,2026-04-24 14:00:00,24.14,10.58,692.68,0.0,60.04,16.94,17.34,17.87,0.8,
108,2026-04-24 15:00:00,21.73,11.13,625.12,0.0,56.76,18.03,18.32,18.89,0.91,
108,2026-04-24 16:00:00,21.73,11.65,514.58,0.0,56.61,18.35,18.57,18.72,0.93,
108,2026-04-24 17:00:00,22.93,12.22,364.55,0.0,58.11,17.96,18.27,18.67,0.88,
108,2026-04-24 18:00:00,18.11,7.44,172.4,0.0,62.96,16.14,17.07,17.82,0.72,
108,2026-04-24 19:00:00,7.24,3.2,1.75,0.0,73.43,13.12,14.04,15.16,0.43,
108,2026-04-24 20:00:00,8.45,3.35,0.0,0.0,77.96,12.2,12.4,12.62,0.32,
108,2026-04-24 21:00:00,9.66,4.16,0.0,0.0,82.83,10.3,10.7,11.37,0.23,
108,2026-04-24 22:00:00,7.24,2.58,0.0,0.0,86.66,9.07,9.5,9.87,0.16,
108,2026-04-24 23:00:00,6.04,2.59,0.0,0.0,89.32,8.12,8.62,9.04,0.12,
108,2026-04-25 00:00:00,7.24,3.14,0.0,0.0,92.51,8.15,8.23,8.39,0.08,
108,2026-04-25 01:00:00,7.24,1.72,0.0,0.0,92.69,7.99,8.07,8.18,0.08,
108,2026-04-25 02:00:00,4.83,0.64,0.0,0.0,92.8,7.17,7.55,7.91,0.08,
108,2026-04-25 03:00:00,4.83,0.76,0.0,0.0,93.88,6.27,6.6,6.93,0.06,
108,2026-04-25 04:00:00,2.41,0.02,0.0,0.0,93.71,6.1,6.45,7.01,0.06,
108,2026-04-25 05:00:00,0.0,0.0,0.0,0.0,93.67,4.72,5.34,5.62,0.06,
108,2026-04-25 06:00:00,2.41,0.06,0.0,0.0,93.75,3.73,4.46,5.09,0.05,
108,2026-04-25 07:00:00,2.41,0.12,0.0,0.0,93.76,3.02,3.21,3.45,0.05,
108,2026-04-25 08:00:00,6.04,0.33,38.17,0.25,94.17,3.02,3.51,4.58,0.05,
108,2026-04-25 09:00:00,14.48,4.71,221.1,0.0,91.71,5.35,6.47,7.53,0.08,
108,2026-04-25 10:00:00,20.52,9.21,464.57,0.0,84.15,8.29,8.8,9.54,0.18,
108,2026-04-25 11:00:00,21.73,9.87,589.15,0.0,78.15,10.11,10.85,11.81,0.29,
108,2026-04-25 12:00:00,20.52,11.36,657.59,0.0,71.18,12.54,12.86,13.36,0.43,
108,2026-04-25 13:00:00,24.14,12.99,688.73,0.0,65.54,13.66,14.35,14.9,0.56,
108,2026-04-25 14:00:00,27.76,12.15,682.15,0.0,58.98,15.34,15.72,16.04,0.73,
108,2026-04-25 15:00:00,26.55,12.65,636.53,0.0,54.14,16.48,16.7,16.9,0.87,
108,2026-04-25 16:00:00,31.38,12.91,533.0,0.0,48.73,16.75,16.86,16.89,0.99,
108,2026-04-25 17:00:00,22.93,12.13,391.31,0.0,45.95,16.62,16.82,17.09,1.03,
108,2026-04-25 18:00:00,16.9,7.62,143.45,0.0,52.31,13.81,15.27,16.23,0.83,
108,2026-04-25 19:00:00,14.48,6.84,5.26,0.0,61.12,11.82,12.4,13.03,0.56,
108,2026-04-25 20:00:00,13.28,6.76,0.0,0.0,65.63,9.73,10.66,11.77,0.45,
108,2026-04-25 21:00:00,10.86,5.4,0.0,0.0,71.85,8.74,9.18,9.85,0.33,
108,2026-04-25 22:00:00,7.24,2.5,0.0,0.0,77.14,6.86,7.65,8.86,0.24,
108,2026-04-25 23:00:00,7.24,2.48,0.0,0.0,83.18,5.79,6.2,6.73,0.16,
108,2026-04-26 00:00:00,7.24,2.26,0.0,0.0,86.13,5.51,5.96,6.3,0.13,
108,2026-04-26 01:00:00,3.62,0.35,0.0,0.0,88.16,4.46,4.78,5.09,0.1,
108,2026-04-26 02:00:00,4.83,0.44,0.0,0.0,89.31,3.54,3.78,4.2,0.09,
108,2026-04-26 03:00:00,3.62,0.41,0.0,0.0,90.49,3.03,3.39,3.63,0.07,
108,2026-04-26 04:00:00,6.04,1.66,0.0,0.0,90.05,3.75,4.02,4.22,0.08,
108,2026-04-26 05:00:00,4.83,0.47,0.0,0.0,88.57,3.42,4.13,4.61,0.09,
108,2026-04-26 06:00:00,1.21,0.03,0.0,0.0,90.22,2.36,2.42,2.47,0.07,
108,2026-04-26 07:00:00,3.62,0.2,0.0,0.0,91.77,1.15,1.49,1.72,0.06,
108,2026-04-26 08:00:00,2.41,0.09,20.18,0.0,92.53,1.03,1.64,2.71,0.05,
108,2026-04-26 09:00:00,13.28,4.81,255.31,0.0,88.28,3.68,6.2,7.9,0.12,
108,2026-04-26 10:00:00,26.55,10.11,436.93,0.0,78.85,8.98,10.33,11.65,0.27,
108,2026-04-26 11:00:00,31.38,18.04,603.63,0.0,68.88,12.19,13.06,13.68,0.47,
108,2026-04-26 12:00:00,30.18,17.22,667.24,0.0,59.69,14.48,14.83,15.24,0.68,
108,2026-04-26 13:00:00,32.59,17.25,697.07,0.0,55.27,15.47,15.83,16.01,0.81,
108,2026-04-26 14:00:00,31.38,17.08,697.51,0.0,51.41,16.21,16.55,16.83,0.92,
108,2026-04-26 15:00:00,35.0,17.03,654.08,0.0,49.75,16.35,16.59,16.9,0.95,
108,2026-04-26 16:00:00,33.8,14.74,522.03,0.0,49.68,16.82,16.86,16.92,0.97,
108,2026-04-26 17:00:00,26.55,15.02,371.56,0.0,47.9,16.39,16.58,16.93,0.99,
108,2026-04-26 18:00:00,25.35,13.23,173.28,0.0,50.32,13.85,14.96,15.92,0.85,
108,2026-04-26 19:00:00,20.52,9.96,0.0,0.0,58.35,12.2,12.63,13.23,0.61,
108,2026-04-26 20:00:00,12.07,4.9,0.0,0.0,67.88,8.83,10.09,11.29,0.4,
108,2026-04-26 21:00:00,13.28,5.51,0.0,0.0,74.62,8.24,8.34,8.59,0.28,
108,2026-04-26 22:00:00,13.28,7.09,0.0,0.0,72.75,8.14,8.43,8.62,0.3,
108,2026-04-26 23:00:00,7.24,2.58,0.0,0.0,78.36,5.75,6.67,7.9,0.21,
108,2026-04-27 00:00:00,15.69,7.37,0.0,0.0,79.39,6.41,6.77,7.0,0.2,
108,2026-04-27 01:00:00,12.07,4.27,0.0,0.0,81.26,5.74,6.14,6.49,0.18,
108,2026-04-27 02:00:00,6.04,1.13,0.0,0.0,84.55,3.88,4.65,5.17,0.13,
108,2026-04-27 03:00:00,13.28,6.67,0.0,0.0,85.41,4.6,4.77,4.85,0.13,
108,2026-04-27 04:00:00,8.45,1.06,0.0,0.0,86.37,2.62,3.78,4.57,0.11,
108,2026-04-27 05:00:00,7.24,2.16,0.0,0.0,90.04,2.13,2.4,2.77,0.07,
108,2026-04-27 06:00:00,7.24,2.85,0.0,0.0,91.2,2.46,2.68,2.8,0.07,
108,2026-04-27 07:00:00,2.41,0.03,0.0,0.0,90.82,0.58,1.22,1.9,0.06,
108,2026-04-27 08:00:00,0.0,0.0,37.73,0.0,91.82,0.38,0.78,1.66,0.05,
108,2026-04-27 09:00:00,12.07,3.65,221.97,0.0,91.57,3.15,4.5,5.6,0.07,
108,2026-04-27 10:00:00,18.11,8.43,273.3,0.0,83.83,6.11,6.8,7.57,0.16,
108,2026-04-27 11:00:00,16.9,8.04,300.06,0.0,78.69,8.07,8.6,9.39,0.24,
108,2026-04-27 12:00:00,13.28,5.78,286.02,0.0,74.12,9.63,10.27,10.71,0.33,
108,2026-04-27 13:00:00,12.07,4.92,340.42,0.0,68.83,11.13,11.79,12.29,0.43,
108,2026-04-27 14:00:00,9.66,5.33,262.77,0.0,63.93,12.47,12.8,13.12,0.54,
108,2026-04-27 15:00:00,14.48,6.55,219.78,0.0,59.75,13.38,13.56,13.68,0.63,
108,2026-04-27 16:00:00,15.69,7.29,138.19,0.0,62.23,13.09,13.25,13.4,0.58,
108,2026-04-27 17:00:00,10.86,4.86,59.66,0.0,66.46,12.74,12.94,13.09,0.5,
108,2026-04-27 18:00:00,12.07,2.96,28.51,0.0,75.03,11.13,11.91,12.58,0.35,
108,2026-04-27 19:00:00,6.04,0.98,0.0,1.52,87.48,10.02,10.31,10.73,0.16,
108,2026-04-27 20:00:00,0.0,0.0,0.0,1.53,89.92,9.74,9.86,9.99,0.12,
108,2026-04-27 21:00:00,4.83,0.08,0.0,0.25,91.38,9.65,9.66,9.68,0.11,
108,2026-04-27 22:00:00,4.83,0.48,0.0,0.25,92.64,9.52,9.63,9.73,0.09,
108,2026-04-27 23:00:00,0.0,0.0,0.0,0.0,93.02,9.54,9.58,9.6,0.08,
108,2026-04-28 00:00:00,8.45,1.68,0.0,0.0,93.43,9.52,9.57,9.61,0.08,
108,2026-04-28 01:00:00,6.04,1.63,0.0,0.0,93.46,9.37,9.43,9.5,0.08,
108,2026-04-28 02:00:00,4.83,0.35,0.0,0.0,93.55,9.37,9.38,9.4,0.08,
108,2026-04-28 03:00:00,0.0,0.0,0.0,0.0,93.59,8.73,9.06,9.28,0.07,
108,2026-04-28 04:00:00,3.62,0.12,0.0,0.0,93.7,7.59,7.87,8.33,0.07,
108,2026-04-28 05:00:00,2.41,0.15,0.0,0.25,94.0,6.93,7.46,7.9,0.06,
108,2026-04-28 06:00:00,3.62,0.11,0.0,0.0,94.31,6.79,6.9,7.07,0.06,
108,2026-04-28 07:00:00,0.0,0.0,0.0,0.0,94.48,6.99,7.43,7.74,0.06,
108,2026-04-28 08:00:00,0.0,0.0,22.37,0.0,94.52,7.76,7.87,8.1,0.06,
108,2026-04-28 09:00:00,0.0,0.0,181.18,0.0,94.53,8.32,8.96,9.46,0.06,
108,2026-04-28 10:00:00,6.04,0.51,400.52,0.0,94.19,9.57,10.18,10.63,0.07,
108,2026-04-28 11:00:00,8.45,2.72,596.61,0.0,92.92,9.97,10.47,11.39,0.09,
108,2026-04-28 12:00:00,9.66,3.02,708.91,0.0,87.11,11.63,12.51,13.33,0.19,
108,2026-04-28 13:00:00,8.45,2.31,653.2,0.0,80.07,14.23,15.28,16.19,0.35,
108,2026-04-28 14:00:00,10.86,2.42,634.77,0.0,73.18,17.13,17.76,18.56,0.55,
108,2026-04-28 15:00:00,8.45,2.55,612.4,0.0,71.17,18.34,18.4,18.51,0.61,
108,2026-04-28 16:00:00,4.83,1.53,132.48,0.0,72.79,18.12,18.24,18.34,0.57,
108,2026-04-28 17:00:00,10.86,4.51,118.88,0.0,75.41,17.69,17.8,17.89,0.5,
108,2026-04-28 18:00:00,7.24,2.99,78.52,0.0,78.15,16.45,17.02,17.49,0.43,
108,2026-04-28 19:00:00,8.45,3.64,0.0,0.0,83.63,15.48,15.81,16.17,0.29,
108,2026-04-28 20:00:00,10.86,3.85,0.0,0.0,85.7,15.16,15.27,15.42,0.25,
108,2026-04-28 21:00:00,7.24,1.43,0.0,0.76,89.04,14.76,14.93,15.1,0.19,
108,2026-04-28 22:00:00,4.83,0.62,0.0,1.77,91.56,14.44,14.6,14.67,0.14,
108,2026-04-28 23:00:00,7.24,2.25,0.0,2.02,92.99,13.99,14.15,14.31,0.11,
108,2026-04-29 00:00:00,8.45,3.58,0.0,1.01,93.66,13.99,14.03,14.05,0.1,
108,2026-04-29 01:00:00,8.45,3.64,0.0,0.25,93.91,14.03,14.11,14.19,0.1,
108,2026-04-29 02:00:00,10.86,3.98,0.0,0.5,94.02,14.19,14.23,14.26,0.1,
108,2026-04-29 03:00:00,9.66,3.05,0.0,0.0,93.98,14.31,14.36,14.4,0.1,
108,2026-04-29 04:00:00,8.45,2.37,0.0,0.25,94.04,14.33,14.35,14.38,0.1,
108,2026-04-29 05:00:00,2.41,0.08,0.0,0.0,93.95,14.12,14.31,14.41,0.1,
108,2026-04-29 06:00:00,8.45,0.73,0.0,0.0,94.26,13.92,13.98,14.07,0.09,
108,2026-04-29 07:00:00,6.04,0.35,0.0,0.0,94.49,13.92,13.95,13.97,0.09,
108,2026-04-29 08:00:00,12.07,4.03,7.9,0.0,95.11,13.58,13.86,14.03,0.08,
108,2026-04-29 09:00:00,18.11,9.6,71.51,0.0,95.66,12.51,12.81,13.07,0.07,
108,2026-04-29 10:00:00,15.69,7.41,143.45,0.0,95.42,12.92,13.0,13.1,0.07,
108,2026-04-29 11:00:00,19.31,10.05,324.19,0.0,93.82,13.24,13.62,14.07,0.09,
108,2026-04-29 12:00:00,18.11,9.13,446.58,0.0,87.44,14.67,15.24,15.83,0.22,
108,2026-04-29 13:00:00,21.73,11.23,948.87,0.0,82.32,16.27,16.95,17.62,0.34,
108,2026-04-29 14:00:00,21.73,10.53,757.61,0.0,76.9,17.97,18.54,18.9,0.5,
108,2026-04-29 15:00:00,20.52,10.08,610.21,0.0,73.5,19.42,19.74,20.01,0.61,
108,2026-04-29 16:00:00,19.31,9.57,511.07,0.0,71.34,20.11,20.3,20.56,0.68,
108,2026-04-29 17:00:00,22.93,11.07,325.94,0.0,70.28,19.69,20.05,20.36,0.7,
108,2026-04-29 18:00:00,16.9,7.74,122.39,0.0,75.38,17.01,18.14,19.07,0.52,
108,2026-04-29 19:00:00,6.04,1.57,3.95,0.0,85.7,13.84,14.76,15.83,0.24,
108,2026-04-29 20:00:00,6.04,1.37,0.0,0.0,88.95,12.98,13.36,13.77,0.17,
108,2026-04-29 21:00:00,6.04,1.68,0.0,0.25,90.16,11.23,11.71,12.51,0.14,
108,2026-04-29 22:00:00,6.04,1.59,0.0,0.0,91.03,10.04,10.85,11.29,0.11,
108,2026-04-29 23:00:00,4.83,1.98,0.0,0.0,91.87,9.56,9.77,10.04,0.1,
108,2026-04-30 00:00:00,4.83,0.85,0.0,0.0,92.3,8.47,8.91,9.42,0.09,
108,2026-04-30 01:00:00,3.62,0.49,0.0,0.0,92.9,7.87,8.23,8.55,0.08,
108,2026-04-30 02:00:00,4.83,0.21,0.0,0.0,93.24,6.8,7.54,7.91,0.07,
108,2026-04-30 03:00:00,2.41,0.03,0.0,0.0,93.43,6.04,6.22,6.47,0.06,
108,2026-04-30 04:00:00,4.83,0.57,0.0,0.0,93.89,6.23,6.66,6.93,0.06,
108,2026-04-30 05:00:00,4.83,0.59,0.0,0.0,94.1,5.79,6.16,6.45,0.06,
108,2026-04-30 06:00:00,2.41,0.02,0.0,0.0,94.12,5.83,6.34,6.86,0.06,
108,2026-04-30 07:00:00,4.83,1.1,0.0,0.0,94.5,6.96,7.2,7.44,0.06,
108,2026-04-30 08:00:00,7.24,0.82,19.74,0.0,94.87,6.83,6.89,6.94,0.05,
108,2026-04-30 09:00:00,7.24,1.61,263.65,0.0,95.28,6.93,7.21,7.63,0.05,
108,2026-04-30 10:00:00,9.66,4.27,495.27,0.0,93.8,8.4,9.08,9.71,0.07,
108,2026-04-30 11:00:00,13.28,6.85,700.14,0.0,85.62,9.65,10.12,10.5,0.18,
108,2026-04-30 12:00:00,13.28,6.08,775.15,0.0,79.4,11.72,12.26,12.51,0.3,
108,2026-04-30 13:00:00,19.31,5.37,776.47,0.0,77.1,12.91,13.33,13.99,0.35,
108,2026-04-30 14:00:00,10.86,3.44,719.0,0.0,73.73,14.96,15.28,15.48,0.46,
108,2026-04-30 15:00:00,8.45,3.46,241.28,0.0,73.55,15.59,15.79,16.06,0.48,
108,2026-04-30 16:00:00,8.45,2.88,345.68,0.0,69.05,16.11,16.32,16.55,0.58,
108,2026-04-30 17:00:00,6.04,1.04,265.4,0.0,69.53,16.14,16.29,16.48,0.57,
108,2026-04-30 18:00:00,0.0,0.0,53.52,0.0,73.54,14.07,15.11,15.94,0.44,
108,2026-04-30 19:00:00,0.0,0.0,3.07,0.0,82.8,11.23,12.27,13.43,0.25,
108,2026-04-30 20:00:00,0.0,0.0,0.0,0.0,88.14,9.3,10.17,11.05,0.15,
108,2026-04-30 21:00:00,1.21,0.0,0.0,0.0,90.21,8.56,8.75,9.12,0.11,
108,2026-04-30 22:00:00,13.28,2.27,0.0,0.25,91.81,9.65,9.85,10.07,0.1,
108,2026-04-30 23:00:00,3.62,0.33,0.0,0.0,90.93,8.56,9.11,9.64,0.11,
108,2026-05-01 00:00:00,2.41,0.08,0.0,0.0,91.53,8.75,8.9,9.05,0.1,
108,2026-05-01 01:00:00,0.0,0.0,0.0,0.0,91.69,8.94,9.02,9.11,0.1,
108,2026-05-01 02:00:00,0.0,0.0,0.0,0.0,91.77,8.7,8.9,9.17,0.09,
108,2026-05-01 03:00:00,0.0,0.0,0.0,0.0,92.02,9.21,9.35,9.54,0.09,
108,2026-05-01 04:00:00,0.0,0.0,0.0,0.0,92.22,8.91,9.11,9.22,0.09,
108,2026-05-01 05:00:00,0.0,0.0,0.0,0.0,92.53,9.28,9.35,9.5,0.09,
108,2026-05-01 06:00:00,0.0,0.0,0.0,0.0,92.2,9.05,9.19,9.46,0.09,
108,2026-05-01 07:00:00,4.83,0.65,0.0,0.0,92.61,8.81,8.86,8.91,0.08,
108,2026-05-01 08:00:00,4.83,1.1,16.67,0.0,92.77,8.59,8.77,8.93,0.08,
108,2026-05-01 09:00:00,6.04,0.65,57.91,0.0,92.3,9.14,9.48,9.83,0.09,
108,2026-05-01 10:00:00,6.04,1.84,128.1,0.0,90.74,10.01,10.28,10.62,0.12,
108,2026-05-01 11:00:00,13.28,4.24,449.21,0.0,86.7,11.02,12.15,13.09,0.19,
108,2026-05-01 12:00:00,15.69,6.29,727.78,0.0,78.33,13.22,14.41,15.71,0.36,
108,2026-05-01 13:00:00,18.11,8.39,713.74,0.0,71.86,15.23,15.83,16.47,0.51,
108,2026-05-01 14:00:00,20.52,8.45,787.0,0.0,66.7,16.56,17.07,17.79,0.65,
108,2026-05-01 15:00:00,20.52,10.23,623.81,0.0,61.28,17.69,18.02,18.22,0.8,
108,2026-05-01 16:00:00,25.35,10.95,468.07,0.0,58.98,17.97,18.23,18.39,0.86,
108,2026-05-01 17:00:00,21.73,11.08,311.9,0.0,59.77,17.48,17.75,18.03,0.82,
108,2026-05-01 18:00:00,15.69,6.72,105.28,0.0,66.36,14.9,16.04,17.1,0.62,
108,2026-05-01 19:00:00,9.66,5.52,0.0,0.0,75.5,12.51,13.27,14.17,0.38,
108,2026-05-01 20:00:00,12.07,6.96,0.0,0.0,78.42,11.63,12.01,12.37,0.31,
108,2026-05-01 21:00:00,13.28,7.97,0.0,0.0,79.58,11.27,11.43,11.52,0.28,
108,2026-05-01 22:00:00,16.9,6.94,0.0,0.0,82.32,10.02,10.42,11.01,0.22,
108,2026-05-01 23:00:00,8.45,3.42,0.0,0.0,85.78,8.15,8.65,9.54,0.16,
108,2026-05-02 00:00:00,6.04,1.3,0.0,0.0,87.9,6.13,6.97,7.77,0.12,
108,2026-05-02 01:00:00,6.04,1.59,0.0,0.0,89.88,5.07,5.27,5.62,0.09,
108,2026-05-02 02:00:00,9.66,4.15,0.0,0.0,90.97,5.37,5.49,5.64,0.08,
108,2026-05-02 03:00:00,8.45,1.45,0.0,0.0,89.76,4.5,5.0,5.71,0.09,
108,2026-05-02 04:00:00,3.62,0.82,0.0,0.0,90.88,3.36,3.65,3.95,0.07,
108,2026-05-02 05:00:00,4.83,0.79,0.0,0.0,91.88,2.35,2.65,3.06,0.06,
108,2026-05-02 06:00:00,2.41,0.36,0.0,0.0,92.37,1.2,1.61,2.01,0.05,
108,2026-05-02 07:00:00,6.04,0.89,0.0,0.0,92.97,0.98,1.46,1.94,0.05,
108,2026-05-02 08:00:00,3.62,0.18,17.11,0.25,92.75,0.83,1.07,1.31,0.05,
108,2026-05-02 09:00:00,12.07,1.72,226.8,0.0,92.33,2.25,3.54,4.7,0.06,
108,2026-05-02 10:00:00,19.31,8.99,415.87,0.0,83.74,5.31,6.11,6.87,0.16,
108,2026-05-02 11:00:00,14.48,6.35,578.18,0.0,74.48,7.91,8.72,9.65,0.29,
108,2026-05-02 12:00:00,12.07,3.86,628.19,0.0,67.11,10.62,11.45,12.43,0.45,
108,2026-05-02 13:00:00,14.48,5.76,664.17,0.0,58.05,12.61,13.65,14.44,0.66,
108,2026-05-02 14:00:00,12.07,5.19,661.53,0.0,52.57,15.09,15.9,16.51,0.86,
108,2026-05-02 15:00:00,10.86,4.41,597.93,0.0,49.71,16.92,17.35,17.93,1.0,
108,2026-05-02 16:00:00,10.86,3.85,490.89,0.0,48.59,18.17,18.33,18.42,1.08,
108,2026-05-02 17:00:00,7.24,1.99,342.17,0.0,47.37,18.61,18.73,18.86,1.14,
108,2026-05-02 18:00:00,4.83,0.93,139.94,0.0,54.84,14.81,16.75,18.07,0.87,
108,2026-05-02 19:00:00,3.62,0.6,0.0,0.0,69.51,11.27,12.07,13.47,0.43,
108,2026-05-02 20:00:00,0.0,0.0,0.0,0.0,76.01,6.76,9.19,10.56,0.28,
108,2026-05-02 21:00:00,4.83,0.35,0.0,0.0,83.06,6.09,7.1,8.43,0.17,
108,2026-05-02 22:00:00,3.62,0.53,0.0,0.0,86.77,4.71,5.31,5.9,0.12,
108,2026-05-02 23:00:00,3.62,0.27,0.0,0.0,89.22,4.4,4.5,4.64,0.09,
108,2026-05-03 00:00:00,2.41,0.06,0.0,0.0,90.18,2.81,3.89,4.53,0.08,
108,2026-05-03 01:00:00,2.41,0.2,0.0,0.0,91.28,3.71,3.9,4.03,0.07,
108,2026-05-03 02:00:00,4.83,0.79,0.0,0.0,92.13,3.23,3.56,4.08,0.06,
108,2026-05-03 03:00:00,3.62,0.42,0.0,0.0,92.81,3.4,3.55,3.67,0.06,
108,2026-05-03 04:00:00,4.83,0.7,0.0,0.0,92.84,1.42,1.86,2.08,0.05,
108,2026-05-03 05:00:00,0.0,0.0,0.0,0.0,93.21,1.2,1.23,1.25,0.05,
108,2026-05-03 06:00:00,0.0,0.0,0.0,0.0,93.85,1.29,1.44,1.57,0.04,
108,2026-05-03 07:00:00,0.0,0.0,0.0,0.0,93.77,1.1,1.28,1.38,0.04,
108,2026-05-03 08:00:00,2.41,0.09,26.76,0.0,93.84,1.41,1.81,2.09,0.04,
108,2026-05-03 09:00:00,2.41,0.06,95.63,0.0,93.96,3.15,4.03,4.58,0.05,
108,2026-05-03 10:00:00,6.04,1.65,319.8,0.0,92.69,5.69,7.62,9.61,0.08,
108,2026-05-03 11:00:00,7.24,2.54,276.81,0.0,86.66,10.15,10.73,11.46,0.17,
108,2026-05-03 12:00:00,8.45,3.61,387.8,0.0,74.96,11.87,12.43,12.98,0.36,
108,2026-05-03 13:00:00,7.24,1.27,308.39,0.0,68.18,13.44,14.26,14.83,0.52,
108,2026-05-03 14:00:00,8.45,3.86,281.2,0.0,68.4,14.87,15.12,15.37,0.55,
108,2026-05-03 15:00:00,8.45,3.59,244.79,0.0,66.9,15.76,15.86,15.93,0.6,
108,2026-05-03 16:00:00,9.66,4.02,235.13,0.0,65.16,16.34,16.61,16.96,0.66,
108,2026-05-03 17:00:00,8.45,2.57,373.76,0.0,65.58,16.26,16.59,16.96,0.65,
108,2026-05-03 18:00:00,4.83,0.74,21.93,0.0,70.89,15.33,15.68,16.06,0.52,
108,2026-05-03 19:00:00,6.04,1.35,0.0,0.0,73.59,14.9,15.03,15.13,0.45,
108,2026-05-03 20:00:00,9.66,3.05,0.0,0.0,74.57,13.85,14.29,14.57,0.42,
108,2026-05-03 21:00:00,7.24,1.63,0.0,0.76,84.92,12.17,12.69,13.55,0.22,
108,2026-05-03 22:00:00,6.04,2.32,0.0,0.0,91.54,12.05,12.07,12.09,0.12,
108,2026-05-03 23:00:00,7.24,2.73,0.0,0.0,91.54,11.89,12.02,12.12,0.12,
108,2026-05-04 00:00:00,7.24,0.32,0.0,0.0,91.11,11.96,12.08,12.2,0.13,
108,2026-05-04 01:00:00,2.41,0.05,0.0,0.0,91.1,12.13,12.2,12.26,0.13,
108,2026-05-04 02:00:00,1.21,0.0,0.0,0.0,91.29,12.19,12.27,12.34,0.12,
108,2026-05-04 03:00:00,1.21,0.0,0.0,0.0,91.52,12.1,12.15,12.2,0.12,
108,2026-05-04 04:00:00,6.04,0.17,0.0,0.0,91.82,11.7,11.85,12.08,0.12,
108,2026-05-04 05:00:00,0.0,0.0,0.0,0.0,92.28,11.98,12.02,12.08,0.11,
108,2026-05-04 06:00:00,0.0,0.0,0.0,0.0,92.39,11.96,12.05,12.1,0.11,
108,2026-05-04 07:00:00,0.0,0.0,0.0,0.0,92.42,12.17,12.2,12.23,0.11,
108,2026-05-04 08:00:00,2.41,0.08,2.63,0.0,92.74,12.27,12.36,12.44,0.11,
108,2026-05-04 09:00:00,0.0,0.0,68.87,0.0,92.09,12.5,12.73,12.94,0.12,
108,2026-05-04 10:00:00,3.62,0.32,71.94,0.0,91.11,13.06,13.21,13.38,0.14,
108,2026-05-04 11:00:00,7.24,2.25,134.68,0.0,89.46,13.51,13.69,13.81,0.17,
108,2026-05-04 12:00:00,6.04,2.04,275.05,0.0,86.33,14.09,14.43,14.89,0.23,
108,2026-05-04 13:00:00,6.04,1.06,262.33,0.0,83.87,14.86,15.29,15.79,0.28,
108,2026-05-04 14:00:00,6.04,1.12,296.55,0.0,81.44,15.79,16.16,16.45,0.34,
108,2026-05-04 15:00:00,4.83,0.89,209.25,0.0,79.85,16.7,16.76,16.83,0.39,
108,2026-05-04 16:00:00,8.45,1.45,202.67,0.0,80.37,16.66,16.71,16.85,0.38,
108,2026-05-04 17:00:00,6.04,1.3,137.75,0.0,82.2,16.21,16.44,16.62,0.33,
108,2026-05-04 18:00:00,3.62,0.23,37.73,0.0,84.39,15.37,15.74,16.06,0.28,
108,2026-05-04 19:00:00,0.0,0.0,0.0,0.0,87.44,14.23,14.62,15.02,0.21,
108,2026-05-04 20:00:00,0.0,0.0,0.0,0.0,89.25,13.79,13.91,14.16,0.17,
108,2026-05-04 21:00:00,0.0,0.0,0.0,0.0,90.26,13.19,13.3,13.54,0.15,
108,2026-05-04 22:00:00,0.0,0.0,0.0,0.0,91.07,12.67,12.75,12.81,0.13,
108,2026-05-04 23:00:00,2.41,0.05,0.0,0.0,91.86,12.61,12.69,12.82,0.12,
108,2026-05-05 00:00:00,0.0,0.0,0.0,0.0,92.27,12.29,12.55,12.68,0.11,
108,2026-05-05 01:00:00,0.0,0.0,0.0,0.0,92.48,11.85,11.94,12.09,0.1,
108,2026-05-05 02:00:00,0.0,0.0,0.0,0.0,92.62,11.26,11.52,11.75,0.1,
108,2026-05-05 03:00:00,0.0,0.0,0.0,0.0,92.87,11.3,11.4,11.57,0.1,
108,2026-05-05 04:00:00,4.83,0.45,0.0,0.0,93.25,11.5,11.56,11.61,0.09,
108,2026-05-05 05:00:00,13.28,2.97,0.0,0.0,93.98,11.54,11.7,11.99,0.08,
108,2026-05-05 06:00:00,15.69,4.17,0.0,0.0,94.22,12.29,12.38,12.42,0.08,
108,2026-05-05 07:00:00,7.24,2.14,0.0,0.0,94.15,12.08,12.18,12.23,0.08,
108,2026-05-05 08:00:00,8.45,1.48,17.99,0.0,94.24,12.09,12.16,12.23,0.08,
108,2026-05-05 09:00:00,6.04,0.54,82.03,0.0,94.26,12.44,12.62,12.89,0.08,
108,2026-05-05 10:00:00,4.83,0.5,166.26,0.0,94.31,13.02,13.26,13.61,0.09,
108,2026-05-05 11:00:00,9.66,2.63,301.38,0.0,91.6,13.88,14.76,15.52,0.14,
108,2026-05-05 12:00:00,7.24,2.48,284.71,0.0,83.1,15.85,16.56,17.04,0.32,
108,2026-05-05 13:00:00,8.45,2.58,310.15,0.0,75.61,17.32,17.84,18.27,0.5,
108,2026-05-05 14:00:00,12.07,5.49,419.38,0.0,70.26,18.63,19.55,20.25,0.68,
108,2026-05-05 15:00:00,12.07,5.23,276.37,0.0,66.93,19.87,20.19,20.57,0.78,
108,2026-05-05 16:00:00,10.86,4.97,212.76,0.0,66.01,19.8,19.97,20.17,0.79,
108,2026-05-05 17:00:00,8.45,2.02,94.32,0.0,67.91,19.11,19.49,19.83,0.73,
108,2026-05-05 18:00:00,7.24,1.09,23.69,0.0,73.71,17.55,18.07,18.77,0.54,
108,2026-05-05 19:00:00,8.45,2.05,0.0,0.0,75.19,16.58,17.26,17.89,0.49,
108,2026-05-05 20:00:00,6.04,1.13,0.0,0.0,79.13,15.57,15.93,16.27,0.38,
108,2026-05-05 21:00:00,18.11,6.38,0.0,0.0,78.37,15.27,15.46,15.61,0.38,
108,2026-05-05 22:00:00,22.93,10.24,0.0,0.0,80.76,14.81,15.03,15.25,0.33,
108,2026-05-05 23:00:00,27.76,14.5,0.0,0.0,83.12,14.52,14.56,14.59,0.28,
108,2026-05-06 00:00:00,18.11,6.82,0.0,0.0,83.0,14.13,14.3,14.5,0.28,
108,2026-05-06 01:00:00,25.35,13.17,0.0,0.0,83.87,14.05,14.21,14.33,0.26,
108,2026-05-06 02:00:00,25.35,13.82,0.0,0.0,81.52,14.07,14.35,14.57,0.3,
108,2026-05-06 03:00:00,24.14,12.81,0.0,0.0,81.65,14.1,14.28,14.51,0.3,
108,2026-05-06 04:00:00,26.55,13.52,0.0,0.0,80.86,14.24,14.59,14.71,0.32,
108,2026-05-06 05:00:00,27.76,12.93,0.0,2.54,88.81,13.01,13.46,14.35,0.18,
108,2026-05-06 06:00:00,27.76,14.89,0.0,0.76,92.4,12.75,12.83,12.91,0.11,
108,2026-05-06 07:00:00,25.35,13.47,0.0,1.01,92.85,12.64,12.67,12.72,0.11,
108,2026-05-06 08:00:00,31.38,15.0,3.95,0.0,92.82,12.74,12.8,12.85,0.11,
108,2026-05-06 09:00:00,31.38,14.83,36.85,0.76,91.93,12.98,13.05,13.12,0.12,
108,2026-05-06 10:00:00,26.55,14.15,75.01,1.52,92.74,13.01,13.15,13.38,0.11,
108,2026-05-06 11:00:00,26.55,13.4,21.06,3.3,92.91,13.33,13.43,13.6,0.11,
108,2026-05-06 12:00:00,24.14,11.23,245.66,0.25,92.74,13.78,14.17,14.54,0.12,
108,2026-05-06 13:00:00,28.97,13.75,361.47,0.51,85.65,13.91,14.99,15.97,0.25,
108,2026-05-06 14:00:00,31.38,14.98,890.97,0.0,75.5,16.19,16.36,16.58,0.46,
108,2026-05-06 15:00:00,26.55,12.75,801.47,0.0,71.8,15.23,16.2,17.28,0.52,
108,2026-05-06 16:00:00,21.73,9.45,113.18,0.0,74.25,14.67,14.83,15.03,0.44,
108,2026-05-06 17:00:00,16.9,7.32,69.75,0.0,75.3,14.22,14.48,14.64,0.41,
108,2026-05-06 18:00:00,10.86,3.06,43.43,0.0,79.55,12.4,13.29,14.02,0.31,
108,2026-05-06 19:00:00,9.66,4.41,0.0,0.0,81.4,11.81,12.01,12.15,0.26,
108,2026-05-06 20:00:00,9.66,3.24,0.0,0.0,81.74,10.48,11.13,11.7,0.24,
108,2026-05-06 21:00:00,6.04,1.31,0.0,0.0,86.18,9.4,9.73,10.22,0.17,
108,2026-05-06 22:00:00,7.24,1.01,0.0,0.0,87.51,9.26,9.4,9.68,0.15,
108,2026-05-06 23:00:00,7.24,2.51,0.0,0.0,88.66,9.47,9.53,9.57,0.14,
108,2026-05-07 00:00:00,8.45,3.24,0.0,0.0,88.75,8.47,9.21,9.61,0.13,
108,2026-05-07 01:00:00,4.83,0.72,0.0,0.0,90.84,7.2,7.6,8.0,0.09,
108,2026-05-07 02:00:00,3.62,0.97,0.0,0.0,91.87,6.3,6.4,6.49,0.08,
108,2026-05-07 03:00:00,9.66,2.41,0.0,0.25,92.52,6.69,6.96,7.18,0.08,
108,2026-05-07 04:00:00,8.45,3.53,0.0,0.0,92.17,6.75,7.09,7.34,0.08,
108,2026-05-07 05:00:00,4.83,0.44,0.0,0.0,91.6,4.98,5.75,6.32,0.08,
108,2026-05-07 06:00:00,2.41,0.0,0.0,0.0,92.3,3.77,4.28,4.7,0.07,
108,2026-05-07 07:00:00,7.24,0.85,0.0,0.0,92.77,3.86,4.03,4.23,0.06,
108,2026-05-07 08:00:00,10.86,3.53,17.99,0.0,91.56,5.49,5.74,5.9,0.08,
108,2026-05-07 09:00:00,10.86,3.64,218.46,0.0,89.22,6.51,7.26,7.97,0.11,
108,2026-05-07 10:00:00,10.86,5.64,401.4,0.0,79.57,8.39,9.2,10.09,0.24,
108,2026-05-07 11:00:00,14.48,7.54,529.05,0.0,75.71,10.32,10.54,10.98,0.31,
108,2026-05-07 12:00:00,18.11,9.27,586.52,0.0,74.35,11.2,11.99,12.83,0.36,
108,2026-05-07 13:00:00,19.31,10.02,735.23,0.0,67.22,12.83,13.39,13.96,0.51,
108,2026-05-07 14:00:00,18.11,9.37,676.45,0.0,60.14,13.43,13.93,14.19,0.64,
108,2026-05-07 15:00:00,20.52,9.93,412.36,0.0,60.59,13.66,13.87,13.96,0.63,
108,2026-05-07 16:00:00,19.31,10.26,141.26,0.0,63.53,12.71,13.09,13.41,0.55,
108,2026-05-07 17:00:00,20.52,10.35,60.54,0.0,67.75,11.77,12.12,12.4,0.46,
108,2026-05-07 18:00:00,13.28,5.45,20.18,0.0,71.64,10.95,11.29,11.58,0.38,
108,2026-05-07 19:00:00,10.86,4.95,0.0,0.0,75.79,10.32,10.53,10.74,0.31,
108,2026-05-07 20:00:00,9.66,4.15,0.0,0.0,76.52,9.83,10.07,10.22,0.29,
108,2026-05-07 21:00:00,8.45,3.14,0.0,0.0,77.14,9.28,9.67,9.85,0.27,
108,2026-05-07 22:00:00,9.66,3.56,0.0,0.0,78.78,9.0,9.22,9.47,0.25,
108,2026-05-07 23:00:00,6.04,0.94,0.0,0.0,82.97,7.2,7.77,8.46,0.18,
108,2026-05-08 00:00:00,1.21,0.0,0.0,0.0,86.39,6.45,6.63,6.96,0.14,
108,2026-05-08 01:00:00,3.62,0.21,0.0,0.0,88.1,6.03,6.3,6.6,0.12,
108,2026-05-08 02:00:00,6.04,1.28,0.0,0.0,89.94,6.34,6.57,6.93,0.1,
108,2026-05-08 03:00:00,3.62,0.06,0.0,0.0,89.75,6.51,6.84,7.17,0.1,
108,2026-05-08 04:00:00,0.0,0.0,0.0,0.0,90.36,6.51,6.81,7.0,0.1,
108,2026-05-08 05:00:00,0.0,0.0,0.0,0.0,90.66,6.83,6.87,6.94,0.09,
108,2026-05-08 06:00:00,8.45,0.63,0.0,0.0,90.67,6.8,6.86,6.92,0.09,
108,2026-05-08 07:00:00,4.83,0.41,0.0,0.0,90.56,6.78,6.9,7.03,0.09,
108,2026-05-08 08:00:00,8.45,1.58,17.99,0.0,90.62,7.14,7.2,7.25,0.1,
108,2026-05-08 09:00:00,9.66,3.99,60.1,0.0,89.83,7.24,7.42,7.72,0.11,
108,2026-05-08 10:00:00,7.24,1.4,185.12,0.0,86.34,8.0,8.49,8.8,0.15,
108,2026-05-08 11:00:00,7.24,2.43,190.83,0.25,86.73,8.6,8.77,8.94,0.15,
108,2026-05-08 12:00:00,13.28,6.28,493.08,0.25,89.74,8.77,9.22,9.78,0.12,
108,2026-05-08 13:00:00,10.86,4.82,264.09,0.25,88.99,9.99,10.07,10.12,0.14,
108,2026-05-08 14:00:00,8.45,1.96,216.27,0.0,89.17,10.23,10.57,10.85,0.14,
108,2026-05-08 15:00:00,10.86,3.68,436.93,0.0,84.92,11.16,11.74,12.02,0.21,
108,2026-05-08 16:00:00,6.04,1.07,151.78,0.0,83.75,12.02,12.12,12.27,0.23,
108,2026-05-08 17:00:00,9.66,3.77,50.45,0.0,84.55,12.15,12.24,12.34,0.22,
108,2026-05-08 18:00:00,14.48,6.58,25.0,0.0,86.97,11.63,11.83,12.08,0.18,
108,2026-05-08 19:00:00,13.28,7.52,0.0,0.0,88.51,11.12,11.23,11.47,0.16,
108,2026-05-08 20:00:00,13.28,6.28,0.0,0.0,88.89,10.46,10.72,11.02,0.15,
108,2026-05-08 21:00:00,16.9,7.71,0.0,0.0,91.2,9.43,9.92,10.32,0.11,
108,2026-05-08 22:00:00,15.69,6.87,0.0,0.0,92.82,8.87,9.01,9.07,0.08,
108,2026-05-08 23:00:00,16.9,7.89,0.0,0.0,92.57,9.43,9.56,9.64,0.09,
108,2026-05-09 00:00:00,26.55,12.64,0.0,0.0,91.97,8.94,9.33,9.6,0.1,
108,2026-05-09 01:00:00,15.69,7.02,0.0,0.0,92.43,7.66,8.25,8.81,0.08,
108,2026-05-09 02:00:00,10.86,4.5,0.0,0.0,92.81,6.83,7.12,7.37,0.07,
108,2026-05-09 03:00:00,13.28,5.24,0.0,0.0,92.67,6.41,6.67,6.86,0.07,
108,2026-05-09 04:00:00,9.66,1.13,0.0,0.0,92.34,5.3,5.84,6.17,0.07,
108,2026-05-09 05:00:00,13.28,3.71,0.0,0.25,92.45,4.48,4.88,5.19,0.07,
108,2026-05-09 06:00:00,12.07,5.45,0.0,0.0,90.85,4.88,5.07,5.17,0.08,
108,2026-05-09 07:00:00,13.28,5.43,0.0,0.0,90.37,4.24,4.47,4.65,0.08,
108,2026-05-09 08:00:00,13.28,3.14,16.23,0.0,90.31,3.92,4.04,4.19,0.08,
108,2026-05-09 09:00:00,20.52,8.6,218.9,0.0,86.86,4.51,5.33,6.2,0.12,
108,2026-05-09 10:00:00,26.55,14.23,394.38,0.0,78.01,6.76,7.73,8.74,0.23,
108,2026-05-09 11:00:00,27.76,15.2,529.49,0.0,70.1,9.22,10.43,11.44,0.38,
108,2026-05-09 12:00:00,28.97,16.28,617.67,0.0,64.64,12.16,12.6,13.3,0.52,
108,2026-05-09 13:00:00,28.97,17.26,636.97,0.0,60.01,13.71,14.09,14.72,0.65,
108,2026-05-09 14:00:00,28.97,17.68,631.26,0.0,55.05,15.23,15.56,16.11,0.79,
108,2026-05-09 15:00:00,31.38,16.81,585.2,0.0,53.06,16.35,16.71,17.34,0.89,
108,2026-05-09 16:00:00,27.76,14.34,451.84,0.0,52.11,17.22,17.49,17.77,0.96,
108,2026-05-09 17:00:00,25.35,12.75,302.25,0.0,51.86,16.99,17.32,17.72,0.95,
108,2026-05-09 18:00:00,24.14,7.18,97.83,0.0,58.81,14.26,15.53,16.52,0.73,
108,2026-05-09 19:00:00,9.66,3.44,0.0,0.0,68.03,11.44,12.5,13.34,0.47,
108,2026-05-09 20:00:00,7.24,3.09,0.0,0.0,75.28,9.81,10.39,10.95,0.31,
108,2026-05-09 21:00:00,9.66,4.59,0.0,0.0,78.75,9.35,9.66,9.85,0.26,
108,2026-05-09 22:00:00,4.83,0.8,0.0,0.0,82.79,7.27,8.07,8.77,0.19,
108,2026-05-09 23:00:00,7.24,1.48,0.0,0.0,86.5,6.58,6.81,6.92,0.13,
108,2026-05-10 00:00:00,4.83,0.57,0.0,0.0,85.87,5.52,6.15,6.82,0.14,
108,2026-05-10 01:00:00,4.83,0.88,0.0,0.0,87.3,4.84,5.01,5.23,0.11,
108,2026-05-10 02:00:00,0.0,0.0,0.0,0.0,87.96,3.46,4.06,4.46,0.1,
108,2026-05-10 03:00:00,3.62,0.08,0.0,0.0,89.34,3.57,3.62,3.67,0.08,
108,2026-05-10 04:00:00,3.62,0.21,0.0,0.0,89.12,1.6,1.98,2.59,0.08,
108,2026-05-10 05:00:00,0.0,0.0,0.0,0.0,90.43,0.73,1.09,1.37,0.06,
108,2026-05-10 06:00:00,2.41,0.05,0.0,0.0,90.86,0.17,0.54,0.79,0.06,
108,2026-05-10 07:00:00,3.62,0.39,0.0,0.0,92.07,0.41,0.71,0.97,0.05,
108,2026-05-10 08:00:00,3.62,0.17,19.3,0.0,92.21,-0.3,0.06,0.38,0.05,
108,2026-05-10 09:00:00,2.41,0.0,189.07,0.0,92.19,0.87,2.61,4.39,0.06,
108,2026-05-10 10:00:00,12.07,2.19,366.3,0.0,86.58,5.76,6.83,7.73,0.14,
108,2026-05-10 11:00:00,16.9,6.94,528.17,0.0,74.4,8.28,9.5,10.43,0.31,
108,2026-05-10 12:00:00,13.28,4.69,597.93,0.0,65.5,11.61,12.5,13.55,0.5,
108,2026-05-10 13:00:00,16.9,6.05,626.0,0.0,60.89,13.68,14.52,15.66,0.65,
108,2026-05-10 14:00:00,19.31,9.55,623.37,0.0,57.26,15.96,16.13,16.32,0.78,
108,2026-05-10 15:00:00,16.9,9.58,565.9,0.0,55.93,17.21,17.77,18.12,0.9,
108,2026-05-10 16:00:00,13.28,6.67,459.74,0.0,54.77,18.51,18.87,19.17,0.99,
108,2026-05-10 17:00:00,10.86,5.39,313.66,0.0,54.98,19.17,19.32,19.46,1.01,
108,2026-05-10 18:00:00,7.24,1.45,70.63,0.0,60.53,16.26,17.71,18.83,0.8,
108,2026-05-10 19:00:00,3.62,0.59,0.0,0.0,72.4,12.29,13.63,15.36,0.44,
108,2026-05-10 20:00:00,4.83,1.63,0.0,0.0,80.17,11.22,11.57,11.96,0.27,
108,2026-05-10 21:00:00,7.24,1.98,0.0,0.0,82.25,10.26,10.69,11.33,0.23,
108,2026-05-10 22:00:00,6.04,0.82,0.0,0.0,83.3,9.26,9.9,10.6,0.21,
108,2026-05-10 23:00:00,2.41,0.03,0.0,0.0,86.64,7.42,8.02,8.93,0.14,
108,2026-05-11 00:00:00,0.0,0.0,0.0,0.0,89.72,6.58,6.77,6.9,0.1,
108,2026-05-11 01:00:00,0.0,0.0,0.0,0.0,90.88,6.2,6.34,6.49,0.09,
108,2026-05-11 02:00:00,0.0,0.0,0.0,0.0,90.79,4.27,4.97,6.09,0.08,
108,2026-05-11 03:00:00,0.0,0.0,0.0,0.0,91.83,3.15,3.68,4.09,0.07,
108,2026-05-11 04:00:00,0.0,0.0,0.0,0.0,92.36,2.56,2.78,3.23,0.06,
108,2026-05-11 05:00:00,3.62,0.36,0.0,0.0,92.76,2.11,2.35,2.5,0.05,
108,2026-05-11 06:00:00,3.62,0.27,0.0,0.0,93.27,1.5,1.96,2.4,0.05,
108,2026-05-11 07:00:00,4.83,0.3,0.0,0.0,93.55,1.22,1.32,1.48,0.04,
108,2026-05-11 08:00:00,0.0,0.0,16.23,0.25,93.61,1.35,1.79,2.36,0.04,
108,2026-05-11 09:00:00,3.62,0.15,186.88,0.0,94.21,2.95,3.93,5.16,0.05,
108,2026-05-11 10:00:00,0.0,0.0,365.42,0.0,94.41,5.69,7.08,8.87,0.06,
108,2026-05-11 11:00:00,10.86,3.38,506.68,0.0,87.62,9.74,11.04,12.74,0.17,
108,2026-05-11 12:00:00,14.48,5.61,598.8,0.0,73.29,13.2,14.05,14.83,0.43,
108,2026-05-11 13:00:00,15.69,5.15,619.42,0.0,65.91,15.57,16.32,17.11,0.64,
108,2026-05-11 14:00:00,15.69,5.83,614.16,0.0,62.85,17.55,17.94,18.36,0.76,
108,2026-05-11 15:00:00,13.28,6.1,568.97,0.0,60.09,19.1,19.49,20.08,0.91,
108,2026-05-11 16:00:00,10.86,2.84,436.49,0.0,57.4,20.22,20.46,20.93,1.03,
108,2026-05-11 17:00:00,4.83,0.79,288.65,0.0,57.0,20.73,20.98,21.29,1.07,
108,2026-05-11 18:00:00,4.83,0.57,90.37,0.0,60.23,17.07,19.37,20.91,0.91,
108,2026-05-11 19:00:00,0.0,0.0,0.0,0.0,75.0,13.44,14.75,16.16,0.42,
108,2026-05-11 20:00:00,0.0,0.0,0.0,0.0,82.61,11.46,12.24,12.89,0.25,
108,2026-05-11 21:00:00,6.04,0.41,0.0,0.0,88.13,9.47,10.42,10.8,0.15,
108,2026-05-11 22:00:00,4.83,0.17,0.0,0.0,89.64,7.74,8.05,8.67,0.11,
108,2026-05-11 23:00:00,0.0,0.0,0.0,0.0,91.47,6.94,7.21,7.65,0.09,
108,2026-05-12 00:00:00,0.0,0.0,0.0,0.0,91.6,5.93,6.44,7.24,0.08,
108,2026-05-12 01:00:00,0.0,0.0,0.0,0.0,91.82,5.21,6.1,6.69,0.08,
108,2026-05-12 02:00:00,0.0,0.0,0.0,0.0,92.03,3.88,4.36,5.09,0.07,
108,2026-05-12 03:00:00,0.0,0.0,0.0,0.0,92.6,3.96,4.03,4.23,0.06,
108,2026-05-12 04:00:00,4.83,0.35,0.0,0.0,93.06,4.41,4.97,5.38,0.06,
108,2026-05-12 05:00:00,3.62,0.15,0.0,0.0,93.16,5.37,5.43,5.51,0.06,
108,2026-05-12 06:00:00,0.0,0.0,0.0,0.25,93.44,5.52,5.95,6.38,0.06,
108,2026-05-12 07:00:00,3.62,0.82,0.0,0.0,93.76,6.72,7.35,7.8,0.06,
108,2026-05-12 08:00:00,3.62,0.66,8.34,0.0,93.94,7.91,8.07,8.28,0.07,
108,2026-05-12 09:00:00,6.04,1.13,49.13,0.0,94.19,8.52,8.73,8.97,0.07,
108,2026-05-12 10:00:00,4.83,0.76,81.6,0.0,94.29,9.25,9.53,9.75,0.07,
108,2026-05-12 11:00:00,7.24,1.01,123.71,0.0,94.35,9.81,9.89,10.01,0.07,
108,2026-05-12 12:00:00,8.45,1.57,117.13,0.0,94.37,9.95,10.04,10.13,0.07,
108,2026-05-12 13:00:00,8.45,2.43,110.99,0.0,94.06,10.11,10.18,10.29,0.07,
108,2026-05-12 14:00:00,9.66,4.0,125.9,0.0,93.69,10.19,10.33,10.43,0.08,
108,2026-05-12 15:00:00,8.45,2.21,118.44,0.0,92.76,10.13,10.43,10.68,0.09,
108,2026-05-12 16:00:00,4.83,0.42,108.35,0.0,91.62,10.6,10.72,10.8,0.11,
108,2026-05-12 17:00:00,3.62,0.76,115.37,0.0,90.11,10.88,11.01,11.1,0.13,
108,2026-05-12 18:00:00,3.62,0.11,21.06,0.0,89.7,10.51,10.74,10.99,0.13,
108,2026-05-12 19:00:00,7.24,2.3,0.0,0.0,90.49,10.23,10.37,10.44,0.12,
108,2026-05-12 20:00:00,6.04,1.42,0.0,0.0,91.15,10.23,10.42,10.53,0.11,
108,2026-05-12 21:00:00,6.04,1.71,0.0,0.0,91.74,10.66,10.75,10.84,0.11,
108,2026-05-12 22:00:00,7.24,2.04,0.0,0.0,91.58,10.82,10.93,11.08,0.11,
108,2026-05-12 23:00:00,0.0,0.0,0.0,0.0,91.14,11.02,11.07,11.15,0.12,
108,2026-05-13 00:00:00,0.0,0.0,0.0,0.0,91.12,10.99,11.04,11.08,0.12,
108,2026-05-13 01:00:00,0.0,0.0,0.0,0.0,91.15,10.95,11.02,11.12,0.12,
108,2026-05-13 02:00:00,4.83,1.09,0.0,0.0,92.01,10.51,10.64,10.92,0.1,
108,2026-05-13 03:00:00,6.04,1.89,0.0,0.0,93.25,10.22,10.33,10.46,0.08,
108,2026-05-13 04:00:00,4.83,1.18,0.0,0.0,93.48,10.05,10.09,10.11,0.08,
108,2026-05-13 05:00:00,6.04,1.44,0.0,0.0,93.81,9.94,9.97,10.07,0.08,
108,2026-05-13 06:00:00,4.83,0.51,0.0,0.0,93.75,9.97,9.99,10.01,0.08,
108,2026-05-13 07:00:00,4.83,0.11,0.0,0.0,93.85,10.01,10.08,10.12,0.08,
108,2026-05-13 08:00:00,8.45,2.2,11.84,0.0,94.07,10.04,10.09,10.15,0.07,
108,2026-05-13 09:00:00,7.24,1.4,25.88,0.0,94.17,10.26,10.33,10.37,0.07,
108,2026-05-13 10:00:00,4.83,0.17,62.29,0.0,93.91,10.43,10.6,10.7,0.08,
108,2026-05-13 11:00:00,4.83,0.44,94.32,0.0,93.49,10.88,10.95,11.01,0.09,
108,2026-05-13 12:00:00,6.04,1.07,144.33,0.0,91.38,11.23,11.44,11.67,0.12,
108,2026-05-13 13:00:00,9.66,3.74,207.5,0.0,86.64,11.95,12.22,12.58,0.19,
108,2026-05-13 14:00:00,12.07,4.03,189.07,0.0,84.63,12.7,12.81,12.96,0.23,
108,2026-05-13 15:00:00,10.86,3.74,435.61,0.0,81.98,13.16,13.43,13.66,0.28,
108,2026-05-13 16:00:00,9.66,2.01,372.0,0.0,79.63,14.1,14.19,14.27,0.33,
108,2026-05-13 17:00:00,6.04,1.42,202.23,0.0,78.91,14.16,14.23,14.33,0.34,
108,2026-05-13 18:00:00,3.62,0.09,55.71,0.0,81.74,12.44,13.17,13.88,0.28,
108,2026-05-13 19:00:00,4.83,0.54,0.0,0.0,86.03,10.98,11.49,12.08,0.19,
108,2026-05-13 20:00:00,0.0,0.0,0.0,0.0,88.72,9.65,9.98,10.47,0.14,
108,2026-05-13 21:00:00,2.41,0.05,0.0,0.0,90.54,7.42,8.08,9.12,0.1,
108,2026-05-13 22:00:00,0.0,0.0,0.0,0.0,92.87,5.58,6.11,6.62,0.07,
108,2026-05-13 23:00:00,3.62,0.03,0.0,0.0,93.73,5.01,5.07,5.16,0.05,
108,2026-05-14 00:00:00,3.62,0.27,0.0,0.0,94.08,4.98,5.1,5.17,0.05,
108,2026-05-14 01:00:00,0.0,0.0,0.0,0.25,93.93,4.13,4.39,4.67,0.05,
108,2026-05-14 02:00:00,0.0,0.0,0.0,0.0,93.76,3.25,3.58,4.08,0.05,
108,2026-05-14 03:00:00,0.0,0.0,0.0,0.0,93.74,2.56,2.79,2.96,0.05,
108,2026-05-14 04:00:00,0.0,0.0,0.0,0.0,93.67,1.76,1.97,2.32,0.04,
108,2026-05-14 05:00:00,0.0,0.0,0.0,0.0,93.68,1.78,2.13,2.63,0.04,
108,2026-05-14 06:00:00,2.41,0.11,0.0,0.0,93.81,1.32,1.55,1.72,0.04,
108,2026-05-14 07:00:00,0.0,0.0,0.0,0.0,94.06,1.66,2.99,4.34,0.05,
108,2026-05-14 08:00:00,13.28,4.92,8.77,0.0,95.27,5.01,5.53,5.89,0.04,
108,2026-05-14 09:00:00,12.07,5.25,28.08,0.0,94.96,5.9,6.0,6.07,0.05,
108,2026-05-14 10:00:00,9.66,4.82,70.19,0.0,95.08,6.2,6.26,6.39,0.05,
108,2026-05-14 11:00:00,8.45,3.18,110.11,0.0,94.8,6.07,6.29,6.44,0.05,
108,2026-05-14 12:00:00,13.28,5.28,115.37,0.0,95.26,6.45,6.61,6.69,0.05,
108,2026-05-14 13:00:00,12.07,5.72,200.04,0.0,95.12,6.71,6.87,6.99,0.05,
108,2026-05-14 14:00:00,10.86,5.16,345.24,0.0,93.33,7.35,8.09,8.74,0.07,
108,2026-05-14 15:00:00,9.66,4.41,534.75,0.0,84.76,9.58,10.34,11.06,0.19,
108,2026-05-14 16:00:00,10.86,6.02,425.52,0.0,78.35,11.37,11.78,11.99,0.3,
108,2026-05-14 17:00:00,10.86,4.01,248.29,0.0,81.73,9.95,10.87,11.93,0.24,
108,2026-05-14 18:00:00,3.62,0.18,30.27,0.0,86.09,8.31,9.04,9.63,0.16,
108,2026-05-14 19:00:00,3.62,0.24,0.0,0.0,88.71,6.79,7.41,8.04,0.12,
108,2026-05-14 20:00:00,3.62,0.15,0.0,0.0,90.54,5.71,6.22,6.6,0.09,
108,2026-05-14 21:00:00,4.83,0.42,0.0,0.0,91.69,5.66,5.9,6.06,0.08,
108,2026-05-14 22:00:00,2.41,0.05,0.0,0.0,92.18,5.13,5.29,5.44,0.07,
108,2026-05-14 23:00:00,0.0,0.0,0.0,0.25,92.32,4.53,4.7,4.86,0.07,
108,2026-05-15 00:00:00,0.0,0.0,0.0,0.0,92.55,4.23,4.32,4.36,0.06,
108,2026-05-15 01:00:00,3.62,0.3,0.0,0.0,93.01,4.47,4.61,4.75,0.06,
108,2026-05-15 02:00:00,0.0,0.0,0.0,0.0,93.3,4.23,4.49,4.64,0.06,
108,2026-05-15 03:00:00,0.0,0.0,0.0,0.0,93.47,3.95,4.0,4.11,0.05,
108,2026-05-15 04:00:00,0.0,0.0,0.0,0.0,93.65,3.86,3.97,4.09,0.05,
108,2026-05-15 05:00:00,3.62,0.11,0.0,0.0,93.93,3.99,4.04,4.08,0.05,
108,2026-05-15 06:00:00,2.41,0.02,0.0,0.0,93.74,4.2,4.37,4.48,0.05,
108,2026-05-15 07:00:00,4.83,0.57,0.0,0.0,93.92,4.48,4.52,4.56,0.05,
108,2026-05-15 08:00:00,4.83,0.17,3.51,0.0,93.72,4.61,4.71,4.89,0.05,
108,2026-05-15 09:00:00,7.24,1.1,48.26,0.0,94.03,4.84,5.28,5.83,0.05,
108,2026-05-15 10:00:00,7.24,1.09,105.72,0.0,94.04,6.47,6.93,7.29,0.06,
108,2026-05-15 11:00:00,12.07,4.51,473.34,0.0,92.98,7.5,8.29,8.97,0.08,
108,2026-05-15 12:00:00,12.07,6.14,225.48,0.0,89.26,9.26,9.51,9.88,0.13,
108,2026-05-15 13:00:00,13.28,6.22,490.01,0.0,83.35,10.08,10.89,11.77,0.22,
108,2026-05-15 14:00:00,15.69,4.0,534.75,0.0,77.33,11.85,12.3,12.96,0.33,
108,2026-05-15 15:00:00,15.69,6.53,323.75,0.0,72.92,12.79,13.08,13.61,0.41,
108,2026-05-15 16:00:00,20.52,9.84,473.78,0.0,69.03,13.77,14.08,14.41,0.5,
108,2026-05-15 17:00:00,19.31,8.9,291.72,0.0,69.77,13.51,13.7,13.81,0.48,
108,2026-05-15 18:00:00,8.45,2.21,79.4,0.0,73.74,11.92,12.7,13.48,0.39,
108,2026-05-15 19:00:00,2.41,0.02,0.0,0.0,82.36,8.31,9.65,11.37,0.22,
108,2026-05-15 20:00:00,10.86,4.27,0.0,0.0,83.27,8.4,9.14,9.91,0.19,
108,2026-05-15 21:00:00,21.73,10.08,0.0,0.0,81.22,8.7,9.08,9.22,0.22,
108,2026-05-15 22:00:00,18.11,8.52,0.0,0.0,81.05,7.49,8.01,8.43,0.2,
108,2026-05-15 23:00:00,15.69,7.32,0.0,0.0,82.89,6.37,6.91,7.44,0.17,
108,2026-05-16 00:00:00,13.28,6.7,0.0,0.0,86.15,5.99,6.06,6.16,0.13,
108,2026-05-16 01:00:00,20.52,8.13,0.0,0.0,86.31,6.07,6.3,6.56,0.13,
108,2026-05-16 02:00:00,14.48,4.53,0.0,0.0,87.53,5.69,5.85,6.06,0.12,
108,2026-05-16 03:00:00,21.73,8.62,0.0,0.0,87.68,5.72,6.16,6.42,0.12,
108,2026-05-16 04:00:00,25.35,12.12,0.0,0.0,86.54,6.27,6.32,6.42,0.13,
108,2026-05-16 05:00:00,22.93,9.7,0.0,0.0,86.6,6.13,6.21,6.3,0.13,
108,2026-05-16 06:00:00,19.31,10.97,0.0,0.0,87.21,6.02,6.05,6.09,0.12,
108,2026-05-16 07:00:00,14.48,8.22,0.0,0.0,87.45,6.03,6.1,6.19,0.12,
108,2026-05-16 08:00:00,16.9,7.95,10.53,0.0,87.44,6.07,6.11,6.17,0.12,
108,2026-05-16 09:00:00,14.48,7.36,40.8,0.0,87.17,6.03,6.09,6.19,0.12,
108,2026-05-16 10:00:00,16.9,8.95,98.7,0.0,86.97,5.93,6.04,6.1,0.12,
108,2026-05-16 11:00:00,15.69,7.8,146.08,0.0,86.26,6.02,6.17,6.41,0.13,
108,2026-05-16 12:00:00,18.11,8.24,543.97,0.0,84.7,6.37,6.75,7.21,0.15,
108,2026-05-16 13:00:00,19.31,8.6,592.66,0.0,78.07,8.03,9.55,11.1,0.26,
108,2026-05-16 14:00:00,19.31,9.54,576.43,0.0,68.36,12.32,12.86,13.51,0.47,
108,2026-05-16 15:00:00,21.73,11.62,541.77,0.0,62.54,13.99,14.84,15.36,0.63,
108,2026-05-16 16:00:00,21.73,11.53,444.39,0.0,58.64,15.48,15.78,16.07,0.75,
108,2026-05-16 17:00:00,21.73,12.45,263.65,0.0,56.43,15.34,15.76,16.16,0.78,
108,2026-05-16 18:00:00,20.52,8.68,68.87,0.0,59.92,12.7,13.89,14.86,0.64,
108,2026-05-16 19:00:00,9.66,2.72,0.0,0.0,67.57,10.09,11.07,12.0,0.43,
108,2026-05-16 20:00:00,6.04,2.09,0.0,0.0,76.98,7.66,8.22,8.87,0.25,
108,2026-05-16 21:00:00,8.45,4.18,0.0,0.0,79.8,7.46,7.58,7.82,0.21,
108,2026-05-16 22:00:00,12.07,6.13,0.0,0.0,81.33,6.82,7.14,7.37,0.19,
108,2026-05-16 23:00:00,8.45,1.18,0.0,0.0,83.0,5.31,6.05,6.9,0.16,
108,2026-05-17 00:00:00,2.41,0.09,0.0,0.0,85.94,3.29,3.94,4.74,0.12,
108,2026-05-17 01:00:00,4.83,0.8,0.0,0.0,88.31,2.09,2.98,3.71,0.09,
108,2026-05-17 02:00:00,3.62,0.45,0.0,0.0,89.25,0.49,1.25,2.19,0.08,
108,2026-05-17 03:00:00,3.62,0.18,0.0,0.0,90.13,-0.27,0.45,0.86,0.06,
108,2026-05-17 04:00:00,0.0,0.0,0.0,0.0,90.76,-0.39,-0.12,0.35,0.06,
108,2026-05-17 05:00:00,0.0,0.0,0.0,0.0,90.77,-1.84,-1.61,-1.39,0.05,
108,2026-05-17 06:00:00,2.41,0.23,0.0,0.0,91.88,-2.33,-2.15,-1.99,0.04,
108,2026-05-17 07:00:00,0.0,0.0,0.0,0.0,91.9,-2.59,-2.43,-2.27,0.04,
108,2026-05-17 08:00:00,3.62,0.35,17.11,0.0,92.12,-2.63,-2.53,-2.39,0.04,
108,2026-05-17 09:00:00,0.0,0.0,125.46,0.0,92.49,-1.95,-1.22,-0.27,0.04,
108,2026-05-17 10:00:00,6.04,1.74,174.6,0.0,93.33,0.82,2.03,3.11,0.05,
108,2026-05-17 11:00:00,6.04,0.88,530.37,0.0,93.19,3.81,4.54,5.45,0.06,
108,2026-05-17 12:00:00,8.45,1.64,570.29,0.0,87.1,6.31,7.22,8.35,0.14,
108,2026-05-17 13:00:00,10.86,3.11,590.47,0.0,75.31,8.59,9.41,10.32,0.29,
108,2026-05-17 14:00:00,7.24,2.47,584.76,0.0,67.71,10.59,11.62,12.55,0.45,
108,2026-05-17 15:00:00,7.24,2.46,533.0,0.0,63.05,12.89,13.62,14.28,0.58,
108,2026-05-17 16:00:00,7.24,2.42,432.1,0.0,56.3,14.76,15.18,15.61,0.76,
108,2026-05-17 17:00:00,7.24,1.75,286.9,0.0,55.64,14.82,15.45,15.83,0.78,
108,2026-05-17 18:00:00,2.41,0.17,50.45,0.0,62.07,12.15,13.72,14.79,0.6,
108,2026-05-17 19:00:00,4.83,0.74,0.0,0.0,77.84,8.03,9.11,10.63,0.26,
108,2026-05-17 20:00:00,2.41,0.06,0.0,0.0,84.39,6.2,6.81,8.04,0.16,
108,2026-05-17 21:00:00,4.83,0.89,0.0,0.0,87.86,3.7,4.37,5.17,0.1,
108,2026-05-17 22:00:00,2.41,0.5,0.0,0.0,89.82,2.63,3.29,4.33,0.08,
108,2026-05-17 23:00:00,2.41,0.15,0.0,0.25,90.51,1.5,1.92,2.33,0.07,
108,2026-05-18 00:00:00,2.41,0.15,0.0,0.0,91.19,0.2,1.1,1.98,0.06,
108,2026-05-18 01:00:00,0.0,0.0,0.0,0.0,91.66,0.42,0.68,1.21,0.05,
108,2026-05-18 02:00:00,0.0,0.0,0.0,0.0,91.93,-0.49,-0.24,-0.1,0.05,
108,2026-05-18 03:00:00,0.0,0.0,0.0,0.0,92.02,-1.0,-0.87,-0.63,0.05,
108,2026-05-18 04:00:00,0.0,0.0,0.0,0.0,92.67,-1.08,-0.91,-0.63,0.04,
108,2026-05-18 05:00:00,0.0,0.0,0.0,0.0,92.77,-1.56,-1.39,-1.25,0.04,
108,2026-05-18 06:00:00,0.0,0.0,0.0,0.0,92.65,-1.81,-1.61,-1.42,0.04,
108,2026-05-18 07:00:00,0.0,0.0,0.0,0.0,92.41,-2.06,-1.78,-1.64,0.04,
108,2026-05-18 08:00:00,0.0,0.0,12.72,0.0,92.37,-2.54,-2.33,-2.16,0.04,
108,2026-05-18 09:00:00,0.0,0.0,129.41,0.0,92.71,-1.84,-1.12,-0.49,0.04,
108,2026-05-18 10:00:00,0.0,0.0,266.28,0.0,92.95,0.35,1.32,2.33,0.05,
108,2026-05-18 11:00:00,6.04,0.98,467.2,0.0,92.95,3.77,4.86,6.17,0.06,
108,2026-05-18 12:00:00,10.86,2.84,565.9,0.0,86.07,7.34,8.97,10.44,0.17,
108,2026-05-18 13:00:00,12.07,3.83,577.31,0.0,74.64,11.1,12.5,13.84,0.37,
108,2026-05-18 14:00:00,13.28,4.24,576.43,0.0,63.39,14.57,15.39,15.93,0.65,
108,2026-05-18 15:00:00,10.86,2.91,536.95,0.0,54.75,16.51,17.14,17.83,0.89,
108,2026-05-18 16:00:00,7.24,3.02,407.54,0.0,52.72,17.92,18.14,18.34,0.99,
108,2026-05-18 17:00:00,4.83,1.69,253.12,0.0,50.92,18.2,18.42,18.59,1.04,
108,2026-05-18 18:00:00,1.21,0.0,67.12,0.0,54.44,15.66,17.09,18.04,0.89,
108,2026-05-18 19:00:00,0.0,0.0,0.0,0.0,73.0,10.02,11.77,13.66,0.38,
108,2026-05-18 20:00:00,3.62,0.56,0.0,0.0,83.2,7.01,8.13,9.46,0.18,
108,2026-05-18 21:00:00,4.83,0.74,0.0,0.0,87.91,5.42,6.2,6.71,0.11,
108,2026-05-18 22:00:00,4.83,0.56,0.0,0.0,90.18,4.82,5.18,5.49,0.09,
108,2026-05-18 23:00:00,0.0,0.0,0.0,0.0,90.64,2.88,4.03,4.89,0.08,
