idEstacion,fecha,velocidadMaximaViento,velocidadPromedioViento,radiacion,precipitacion,humedadRelativa,tempMinima,tempMedia,tempMaxima,dpv,presion
54,2025-01-17 00:00:00,1.1,0.11,0.0,0.0,66.56,15.32,15.97,16.6,0.61,
54,2025-01-17 01:00:00,0.57,0.02,0.0,0.0,76.63,13.76,14.26,15.0,0.38,
54,2025-01-17 02:00:00,0.65,0.01,0.0,0.0,77.46,13.07,13.32,13.54,0.34,
54,2025-01-17 03:00:00,1.92,0.1,0.0,0.0,78.22,12.76,13.01,13.31,0.33,
54,2025-01-17 04:00:00,2.45,0.21,0.0,0.0,71.0,12.74,13.64,14.14,0.46,
54,2025-01-17 05:00:00,2.38,0.55,0.0,0.0,69.25,13.26,13.67,13.9,0.48,
54,2025-01-17 06:00:00,3.2,1.63,6.91,0.0,65.24,14.0,14.08,14.22,0.56,
54,2025-01-17 07:00:00,5.6,2.01,166.0,0.0,60.97,13.99,14.52,15.07,0.65,
54,2025-01-17 08:00:00,4.47,2.7,375.0,0.0,56.22,15.35,15.83,16.25,0.79,
54,2025-01-17 09:00:00,4.18,2.45,583.3,0.0,51.28,16.65,17.4,18.09,0.97,
54,2025-01-17 10:00:00,4.18,2.22,763.0,0.0,46.94,18.62,19.6,20.77,1.21,
54,2025-01-17 11:00:00,5.3,2.43,887.0,0.0,43.58,20.77,21.56,22.09,1.46,
54,2025-01-17 12:00:00,5.15,2.16,1030.0,0.0,40.36,22.81,23.53,24.64,1.74,
54,2025-01-17 13:00:00,4.25,1.91,1018.0,0.0,36.57,24.95,25.61,26.68,2.08,
54,2025-01-17 14:00:00,4.1,1.75,990.0,0.0,31.84,26.55,27.09,27.83,2.44,
54,2025-01-17 15:00:00,4.4,1.5,961.0,0.0,29.31,28.3,28.76,29.04,2.79,
54,2025-01-17 16:00:00,4.1,1.85,877.0,0.0,25.82,28.96,29.32,29.88,3.03,
54,2025-01-17 17:00:00,3.95,2.21,898.0,0.0,26.55,29.08,29.83,30.17,3.09,
54,2025-01-17 18:00:00,3.8,1.92,623.8,0.0,26.97,28.97,29.36,29.75,2.99,
54,2025-01-17 19:00:00,4.18,1.18,480.9,0.0,23.53,29.44,29.96,30.31,3.24,
54,2025-01-17 20:00:00,5.15,2.5,208.6,0.0,29.65,24.94,26.9,28.56,2.5,
54,2025-01-17 21:00:00,4.1,2.24,14.5,0.0,33.79,21.89,22.63,23.54,1.82,
54,2025-01-17 22:00:00,3.65,2.05,0.0,0.0,40.01,19.5,20.31,21.2,1.43,
54,2025-01-17 23:00:00,3.42,1.96,0.0,0.0,48.07,17.69,18.32,19.02,1.1,
54,2025-01-18 00:00:00,2.08,0.68,0.0,0.0,54.62,16.18,16.78,17.33,0.87,
54,2025-01-18 01:00:00,0.65,0.01,0.0,0.0,66.59,14.32,14.8,15.68,0.56,
54,2025-01-18 02:00:00,1.48,0.32,0.0,0.0,61.99,14.26,14.79,15.56,0.64,
54,2025-01-18 03:00:00,3.42,0.82,0.0,0.0,57.9,15.43,15.61,15.75,0.75,
54,2025-01-18 04:00:00,4.4,2.4,0.0,0.0,57.87,15.26,15.64,15.9,0.75,
54,2025-01-18 05:00:00,4.25,2.18,0.0,0.0,62.3,14.17,14.54,14.95,0.63,
54,2025-01-18 06:00:00,4.78,1.9,6.34,0.0,65.49,13.37,13.68,14.0,0.54,
54,2025-01-18 07:00:00,4.25,2.23,156.4,0.0,64.51,13.39,13.8,14.28,0.56,
54,2025-01-18 08:00:00,4.92,2.83,365.9,0.0,60.1,14.63,15.19,15.7,0.69,
54,2025-01-18 09:00:00,5.22,2.73,576.1,0.0,55.79,16.3,16.92,17.68,0.85,
54,2025-01-18 10:00:00,4.85,2.65,759.4,0.0,50.87,18.15,18.88,19.59,1.08,
54,2025-01-18 11:00:00,5.15,2.08,901.0,0.0,45.62,19.89,20.95,21.8,1.35,
54,2025-01-18 12:00:00,4.4,2.15,991.0,0.0,40.7,22.47,23.16,24.04,1.69,
54,2025-01-18 13:00:00,4.78,2.66,1021.0,0.0,33.87,24.21,25.23,26.06,2.13,
54,2025-01-18 14:00:00,5.45,2.71,1017.0,0.0,28.99,26.46,26.97,27.51,2.53,
54,2025-01-18 15:00:00,4.92,2.06,971.0,0.0,26.91,27.88,28.29,28.93,2.81,
54,2025-01-18 16:00:00,4.1,1.73,875.0,0.0,25.12,29.1,29.26,29.51,3.04,
54,2025-01-18 17:00:00,3.5,1.33,726.4,0.0,24.19,29.81,29.97,30.16,3.21,
54,2025-01-18 18:00:00,3.72,1.55,538.4,0.0,23.27,29.47,30.03,30.39,3.26,
54,2025-01-18 19:00:00,3.42,1.32,326.3,0.0,25.6,28.16,29.28,29.99,3.03,
54,2025-01-18 20:00:00,4.85,2.56,128.3,0.0,30.56,23.53,25.11,26.6,2.22,
54,2025-01-18 21:00:00,4.18,2.22,5.26,0.0,34.89,20.57,21.71,22.77,1.7,
54,2025-01-18 22:00:00,3.35,1.56,0.0,0.0,39.1,19.03,19.53,20.07,1.38,
54,2025-01-18 23:00:00,1.92,0.55,0.0,0.0,50.1,16.14,17.43,18.59,1.0,
54,2025-01-19 00:00:00,1.02,0.03,0.0,0.0,66.42,13.71,14.26,14.99,0.55,
54,2025-01-19 01:00:00,0.65,0.01,0.0,0.0,76.83,12.02,12.58,13.16,0.34,
54,2025-01-19 02:00:00,1.25,0.23,0.0,0.0,74.03,11.51,12.13,12.66,0.37,
54,2025-01-19 03:00:00,1.1,0.12,0.0,0.0,76.8,10.93,11.35,11.67,0.31,
54,2025-01-19 04:00:00,1.92,0.32,0.0,0.0,73.88,10.76,11.52,12.59,0.36,
54,2025-01-19 05:00:00,3.8,1.8,0.0,0.0,63.54,13.76,14.54,14.85,0.6,
54,2025-01-19 06:00:00,2.75,0.61,6.1,0.0,70.78,12.42,13.9,14.71,0.47,
54,2025-01-19 07:00:00,2.75,0.14,164.6,0.0,70.44,12.19,13.69,15.44,0.47,
54,2025-01-19 08:00:00,3.8,1.6,376.0,0.0,59.42,16.14,16.74,17.46,0.78,
54,2025-01-19 09:00:00,4.32,2.34,588.2,0.0,52.54,18.04,18.74,19.57,1.03,
54,2025-01-19 10:00:00,4.55,2.46,777.9,0.0,45.6,20.51,21.34,22.24,1.39,
54,2025-01-19 11:00:00,4.18,2.39,920.0,0.0,40.55,22.91,23.94,25.01,1.77,
54,2025-01-19 12:00:00,5.08,2.94,1013.0,0.0,32.12,25.51,26.5,27.54,2.36,
54,2025-01-19 13:00:00,6.12,3.27,1046.0,0.0,25.18,28.24,29.05,29.88,3.01,
54,2025-01-19 14:00:00,5.22,2.75,1043.0,0.0,21.4,30.42,31.17,31.79,3.57,
54,2025-01-19 15:00:00,5.0,2.49,995.0,0.0,20.18,31.99,32.48,32.94,3.9,
54,2025-01-19 16:00:00,5.6,2.14,893.0,0.0,16.77,33.23,33.58,33.93,4.33,
54,2025-01-19 17:00:00,4.32,2.13,735.6,0.0,17.5,33.89,33.97,34.16,4.38,
54,2025-01-19 18:00:00,4.7,1.95,544.8,0.0,16.01,33.63,33.89,34.02,4.44,
54,2025-01-19 19:00:00,4.32,1.99,337.7,0.0,17.48,31.94,32.96,33.65,4.15,
54,2025-01-19 20:00:00,3.72,1.49,56.72,0.0,29.29,27.43,29.49,30.75,2.94,
54,2025-01-19 21:00:00,2.75,0.99,2.75,0.0,30.65,23.95,24.55,25.38,2.14,
54,2025-01-19 22:00:00,3.42,1.64,0.0,0.0,32.34,22.71,23.36,23.93,1.95,
54,2025-01-19 23:00:00,2.52,0.93,0.0,0.0,35.09,21.24,22.07,22.55,1.73,
54,2025-01-20 00:00:00,1.32,0.14,0.0,0.0,49.9,18.89,19.35,20.11,1.13,
54,2025-01-20 01:00:00,0.72,0.04,0.0,0.0,60.51,16.89,17.74,18.6,0.8,
54,2025-01-20 02:00:00,1.25,0.09,0.0,0.0,69.79,14.66,15.66,16.63,0.54,
54,2025-01-20 03:00:00,1.02,0.05,0.0,0.0,70.8,14.03,14.24,14.42,0.48,
54,2025-01-20 04:00:00,0.8,0.01,0.0,0.0,74.83,12.69,13.2,13.52,0.38,
54,2025-01-20 05:00:00,1.55,0.27,0.0,0.0,68.57,12.31,13.52,14.84,0.49,
54,2025-01-20 06:00:00,1.1,0.07,4.46,0.0,70.69,12.92,13.14,13.54,0.45,
54,2025-01-20 07:00:00,2.0,0.65,139.8,0.0,61.07,12.45,15.08,17.56,0.69,
54,2025-01-20 08:00:00,4.62,2.15,355.0,0.0,51.05,18.48,18.96,19.23,1.07,
54,2025-01-20 09:00:00,4.25,2.44,567.0,0.0,49.66,19.54,20.27,21.18,1.2,
54,2025-01-20 10:00:00,4.47,2.39,753.1,0.0,44.35,21.7,22.53,23.5,1.52,
54,2025-01-20 11:00:00,3.95,1.98,902.0,0.0,39.83,24.02,24.98,25.75,1.91,
54,2025-01-20 12:00:00,5.45,2.96,982.0,0.0,34.97,26.5,27.12,27.96,2.34,
54,2025-01-20 13:00:00,5.08,2.54,1048.0,0.0,28.98,28.36,28.94,29.47,2.84,
54,2025-01-20 14:00:00,4.85,2.22,1039.0,0.0,23.21,30.17,30.96,31.42,3.45,
54,2025-01-20 15:00:00,4.47,2.02,905.0,0.0,17.56,31.27,31.85,32.41,3.89,
54,2025-01-20 16:00:00,5.15,2.28,911.0,0.0,13.98,32.23,32.51,32.69,4.21,
54,2025-01-20 17:00:00,4.03,1.9,705.7,0.0,14.84,32.15,32.58,33.31,4.19,
54,2025-01-20 18:00:00,4.25,1.56,469.8,0.0,16.47,30.93,31.82,32.22,3.94,
54,2025-01-20 19:00:00,6.8,3.05,335.9,0.0,14.0,28.81,30.09,31.14,3.67,
54,2025-01-20 20:00:00,5.75,3.05,105.4,0.0,17.43,25.9,27.52,28.83,3.05,
54,2025-01-20 21:00:00,4.85,2.42,4.18,0.0,23.17,22.32,23.47,24.79,2.23,
54,2025-01-20 22:00:00,4.47,1.63,0.0,0.0,38.73,20.98,21.54,21.99,1.58,
54,2025-01-20 23:00:00,3.28,1.36,0.0,0.0,54.05,19.76,20.15,20.58,1.09,
54,2025-01-21 00:00:00,1.7,0.34,0.0,0.0,67.38,17.09,18.08,19.15,0.68,
54,2025-01-21 01:00:00,1.4,0.29,0.0,0.0,74.14,16.46,16.74,17.01,0.49,
54,2025-01-21 02:00:00,0.5,0.01,0.0,0.0,82.15,14.42,15.03,15.95,0.31,
54,2025-01-21 03:00:00,0.72,0.04,0.0,0.0,85.33,14.36,14.51,14.65,0.25,
54,2025-01-21 04:00:00,0.8,0.03,0.0,0.0,87.98,13.0,13.22,13.57,0.18,
54,2025-01-21 05:00:00,0.0,0.0,0.0,0.0,89.23,12.04,12.48,13.0,0.16,
54,2025-01-21 06:00:00,0.0,0.0,5.26,0.0,91.15,12.06,12.24,12.35,0.13,
54,2025-01-21 07:00:00,0.88,0.02,162.2,0.0,83.75,12.05,13.65,15.5,0.26,
54,2025-01-21 08:00:00,1.4,0.1,358.5,0.0,68.83,17.14,18.92,19.84,0.69,
54,2025-01-21 09:00:00,2.52,0.8,570.0,0.0,63.26,20.17,20.61,21.03,0.9,
54,2025-01-21 10:00:00,3.65,1.16,756.1,0.0,54.34,21.62,22.14,22.98,1.22,
54,2025-01-21 11:00:00,3.12,1.12,903.0,0.0,45.27,23.53,24.36,25.14,1.68,
54,2025-01-21 12:00:00,3.12,1.12,991.0,0.0,39.17,25.92,26.63,27.32,2.13,
54,2025-01-21 13:00:00,3.72,1.14,1016.0,0.0,37.18,27.22,28.26,29.06,2.41,
54,2025-01-21 14:00:00,4.03,1.31,1016.0,0.0,33.85,29.33,29.68,30.37,2.76,
54,2025-01-21 15:00:00,4.25,1.39,933.0,0.0,28.87,30.51,31.12,31.74,3.23,
54,2025-01-21 16:00:00,5.9,2.29,825.0,0.0,33.53,30.78,31.36,32.05,3.06,
54,2025-01-21 17:00:00,6.42,3.38,717.3,0.0,36.56,29.74,29.93,30.12,2.68,
54,2025-01-21 18:00:00,6.12,3.52,522.7,0.0,37.51,27.66,28.59,29.41,2.45,
54,2025-01-21 19:00:00,6.05,3.55,317.2,0.0,40.47,25.35,26.23,27.04,2.03,
54,2025-01-21 20:00:00,5.75,3.33,123.5,0.0,47.72,21.81,23.29,24.65,1.5,
54,2025-01-21 21:00:00,6.2,2.92,4.49,0.0,54.87,19.17,20.11,20.99,1.07,
54,2025-01-21 22:00:00,4.85,2.75,0.0,0.0,59.17,17.27,18.04,18.69,0.85,
54,2025-01-21 23:00:00,3.88,1.48,0.0,0.0,63.64,16.04,16.43,16.86,0.68,
54,2025-01-22 00:00:00,2.68,1.34,0.0,0.0,66.35,15.13,15.47,15.99,0.59,
54,2025-01-22 01:00:00,1.85,0.56,0.0,0.0,70.14,14.16,14.79,15.12,0.51,
54,2025-01-22 02:00:00,1.85,0.65,0.0,0.0,72.01,13.92,14.13,14.3,0.45,
54,2025-01-22 03:00:00,2.3,0.32,0.0,0.0,74.95,13.07,13.66,14.14,0.39,
54,2025-01-22 04:00:00,1.18,0.1,0.0,0.0,82.11,11.89,12.33,12.92,0.26,
54,2025-01-22 05:00:00,1.1,0.12,0.0,0.0,83.78,11.46,11.88,12.32,0.23,
54,2025-01-22 06:00:00,0.95,0.12,4.57,0.0,89.4,10.23,10.62,10.93,0.14,
54,2025-01-22 07:00:00,0.35,0.0,144.9,0.0,81.03,10.23,11.95,13.96,0.28,
54,2025-01-22 08:00:00,1.4,0.14,352.1,0.0,63.73,14.88,16.16,17.45,0.67,
54,2025-01-22 09:00:00,2.6,0.87,560.6,0.0,55.89,18.31,18.81,19.58,0.96,
54,2025-01-22 10:00:00,2.9,1.01,745.8,0.0,50.07,20.67,21.12,21.55,1.25,
54,2025-01-22 11:00:00,3.88,1.55,885.0,0.0,46.67,22.14,22.86,23.68,1.49,
54,2025-01-22 12:00:00,3.58,1.22,969.0,0.0,44.57,24.12,25.29,26.4,1.79,
54,2025-01-22 13:00:00,3.28,1.26,1002.0,0.0,38.16,26.48,27.33,28.23,2.25,
54,2025-01-22 14:00:00,5.6,1.75,995.0,0.0,36.64,28.87,29.27,29.73,2.58,
54,2025-01-22 15:00:00,7.32,4.18,969.0,0.0,35.62,27.06,28.06,28.99,2.45,
54,2025-01-22 16:00:00,6.95,4.14,858.0,0.0,37.16,26.31,26.61,26.83,2.19,
54,2025-01-22 17:00:00,7.32,4.47,716.9,0.0,36.94,24.07,25.03,26.0,2.0,
54,2025-01-22 18:00:00,7.25,4.41,524.7,0.0,39.11,22.51,23.19,23.66,1.73,
54,2025-01-22 19:00:00,6.65,3.97,318.7,0.0,38.51,20.93,21.7,22.35,1.6,
54,2025-01-22 20:00:00,5.68,3.33,125.7,0.0,46.46,18.48,19.38,20.29,1.21,
54,2025-01-22 21:00:00,4.25,2.29,2.8,0.0,53.64,17.32,17.69,18.04,0.94,
54,2025-01-22 22:00:00,3.35,1.99,0.0,0.0,60.89,15.37,16.12,16.83,0.72,
54,2025-01-22 23:00:00,3.65,1.11,0.0,0.0,68.84,13.71,14.34,14.96,0.51,
54,2025-01-23 00:00:00,1.48,0.56,0.0,0.0,76.15,12.26,12.82,13.27,0.35,
54,2025-01-23 01:00:00,1.1,0.21,0.0,0.0,81.81,11.15,11.48,11.95,0.25,
54,2025-01-23 02:00:00,0.0,0.0,0.0,0.0,85.6,10.08,10.66,11.25,0.19,
54,2025-01-23 03:00:00,0.72,0.03,0.0,0.0,86.9,9.67,9.96,10.14,0.16,
54,2025-01-23 04:00:00,0.72,0.02,0.0,0.0,88.88,8.76,8.99,9.19,0.13,
54,2025-01-23 05:00:00,0.57,0.01,0.0,0.0,90.88,8.36,8.49,8.62,0.1,
54,2025-01-23 06:00:00,0.0,0.0,3.87,0.0,89.93,8.12,8.27,8.36,0.11,
54,2025-01-23 07:00:00,0.95,0.03,163.1,0.0,85.42,8.28,9.84,11.58,0.18,
54,2025-01-23 08:00:00,1.62,0.33,353.2,0.0,68.83,12.8,14.53,15.89,0.52,
54,2025-01-23 09:00:00,2.98,1.27,564.5,0.0,63.55,16.23,16.89,17.72,0.71,
54,2025-01-23 10:00:00,3.8,1.5,746.4,0.0,57.38,18.26,19.22,20.2,0.95,
54,2025-01-23 11:00:00,4.55,1.57,885.0,0.0,51.36,20.7,21.55,22.52,1.26,
54,2025-01-23 12:00:00,4.85,2.16,974.0,0.0,48.69,23.06,23.42,23.93,1.48,
54,2025-01-23 13:00:00,4.62,1.93,1000.0,0.0,44.88,24.32,24.96,25.46,1.74,
54,2025-01-23 14:00:00,4.92,2.47,997.0,0.0,42.47,25.71,26.25,26.93,1.96,
54,2025-01-23 15:00:00,5.38,2.26,957.0,0.0,39.93,27.12,27.49,27.71,2.21,
54,2025-01-23 16:00:00,5.45,2.32,1004.0,0.0,37.43,28.22,28.52,29.26,2.44,
54,2025-01-23 17:00:00,5.6,2.43,819.0,0.0,39.35,28.23,28.68,28.98,2.39,
54,2025-01-23 18:00:00,5.0,2.32,351.6,0.0,41.16,26.84,27.29,27.73,2.14,
54,2025-01-23 19:00:00,4.92,2.5,107.4,0.0,45.01,25.94,26.33,26.7,1.89,
54,2025-01-23 20:00:00,6.42,3.58,177.7,0.0,44.83,23.81,25.26,26.49,1.78,
54,2025-01-23 21:00:00,4.7,2.79,4.01,0.0,50.22,21.65,22.35,23.12,1.35,
54,2025-01-23 22:00:00,4.18,1.97,0.0,0.0,54.31,19.01,20.08,21.09,1.08,
54,2025-01-23 23:00:00,4.4,1.85,0.0,0.0,55.91,17.36,17.79,18.38,0.9,
54,2025-01-24 00:00:00,3.5,1.74,0.0,0.0,57.61,16.45,16.62,16.95,0.8,
54,2025-01-24 01:00:00,3.05,1.01,0.0,0.0,61.49,15.01,15.71,16.29,0.69,
54,2025-01-24 02:00:00,2.45,0.71,0.0,0.0,65.88,14.18,14.42,14.55,0.56,
54,2025-01-24 03:00:00,3.28,1.43,0.0,0.0,65.73,14.08,14.32,14.49,0.56,
54,2025-01-24 04:00:00,4.47,2.26,0.0,0.0,65.55,14.38,14.51,14.63,0.57,
54,2025-01-24 05:00:00,3.72,1.94,0.0,0.0,68.01,13.69,13.97,14.21,0.51,
54,2025-01-24 06:00:00,2.75,1.1,3.95,0.0,70.02,12.91,13.19,13.55,0.45,
54,2025-01-24 07:00:00,3.35,1.77,146.4,0.0,66.9,12.94,13.52,14.15,0.51,
54,2025-01-24 08:00:00,6.12,3.24,359.2,0.0,62.01,14.54,15.04,15.61,0.65,
54,2025-01-24 09:00:00,5.3,3.14,574.9,0.0,56.39,16.26,17.11,17.81,0.85,
54,2025-01-24 10:00:00,5.68,3.22,760.0,0.0,49.0,18.77,19.51,20.31,1.16,
54,2025-01-24 11:00:00,6.58,3.39,907.0,0.0,43.26,21.04,21.84,22.65,1.49,
54,2025-01-24 12:00:00,6.8,4.25,1001.0,0.0,37.78,22.95,23.59,24.36,1.82,
54,2025-01-24 13:00:00,7.1,3.93,1035.0,0.0,30.52,24.68,25.4,25.9,2.26,
54,2025-01-24 14:00:00,7.18,3.91,1030.0,0.0,25.84,26.52,26.89,27.34,2.63,
54,2025-01-24 15:00:00,6.72,3.96,964.0,0.0,23.16,27.57,28.0,28.5,2.91,
54,2025-01-24 16:00:00,7.25,3.74,877.0,0.0,20.34,28.49,28.72,29.0,3.14,
54,2025-01-24 17:00:00,6.12,3.19,733.3,0.0,19.89,28.27,28.8,29.11,3.18,
54,2025-01-24 18:00:00,6.28,3.01,411.4,0.0,22.99,28.11,28.26,28.42,2.96,
54,2025-01-24 19:00:00,5.45,3.0,320.1,0.0,23.42,28.01,28.13,28.28,2.92,
54,2025-01-24 20:00:00,5.0,2.82,149.7,0.0,27.05,25.74,26.77,27.65,2.57,
54,2025-01-24 21:00:00,6.72,2.92,3.71,0.0,31.42,24.36,24.85,25.27,2.16,
54,2025-01-24 22:00:00,5.68,3.07,0.0,0.0,34.58,22.18,23.32,23.97,1.88,
54,2025-01-24 23:00:00,4.55,2.44,0.0,0.0,40.96,21.11,21.44,21.88,1.51,
54,2025-01-25 00:00:00,5.6,2.98,0.0,0.0,45.08,20.1,20.43,20.81,1.32,
54,2025-01-25 01:00:00,6.88,3.24,0.0,0.0,51.14,18.85,19.28,19.74,1.1,
54,2025-01-25 02:00:00,7.85,3.75,0.0,0.0,56.65,17.14,17.84,18.47,0.89,
54,2025-01-25 03:00:00,5.98,3.19,0.0,0.0,60.97,15.61,16.16,16.77,0.72,
54,2025-01-25 04:00:00,5.75,2.67,0.0,0.0,63.54,14.53,14.92,15.32,0.62,
54,2025-01-25 05:00:00,3.58,1.99,0.0,0.0,66.61,13.7,13.93,14.25,0.53,
54,2025-01-25 06:00:00,5.0,2.17,3.48,0.0,67.67,13.31,13.43,13.57,0.5,
54,2025-01-25 07:00:00,3.72,2.11,150.4,0.0,66.59,13.28,13.55,14.03,0.52,
54,2025-01-25 08:00:00,5.0,2.65,364.4,0.0,61.62,14.38,14.93,15.31,0.66,
54,2025-01-25 09:00:00,5.0,2.89,570.8,0.0,57.93,15.88,16.44,17.01,0.79,
54,2025-01-25 10:00:00,5.45,2.34,753.6,0.0,53.27,17.62,18.36,19.08,0.99,
54,2025-01-25 11:00:00,5.15,2.35,897.0,0.0,47.18,19.6,20.38,21.2,1.27,
54,2025-01-25 12:00:00,4.7,2.28,981.0,0.0,43.41,21.84,22.75,23.64,1.57,
54,2025-01-25 13:00:00,4.92,2.25,1017.0,0.0,37.99,24.28,25.1,25.91,1.98,
54,2025-01-25 14:00:00,4.62,2.22,987.0,0.0,33.15,26.59,27.24,28.07,2.42,
54,2025-01-25 15:00:00,4.03,1.68,972.0,0.0,26.9,28.45,29.19,29.79,2.96,
54,2025-01-25 16:00:00,4.62,1.72,866.0,0.0,22.79,30.43,30.71,31.11,3.41,
54,2025-01-25 17:00:00,4.78,1.42,714.2,0.0,24.53,31.16,31.35,31.53,3.46,
54,2025-01-25 18:00:00,3.8,1.78,531.9,0.0,24.14,30.78,31.17,31.45,3.44,
54,2025-01-25 19:00:00,3.65,1.47,325.1,0.0,25.84,29.54,30.33,30.72,3.21,
54,2025-01-25 20:00:00,2.0,0.54,126.5,0.0,32.88,25.34,27.51,28.98,2.49,
54,2025-01-25 21:00:00,1.48,0.27,3.65,0.0,48.07,20.02,21.77,23.31,1.37,
54,2025-01-25 22:00:00,1.48,0.4,0.0,0.0,50.18,19.22,19.85,20.38,1.16,
54,2025-01-25 23:00:00,0.65,0.02,0.0,0.0,67.85,15.93,16.94,18.06,0.63,
54,2025-01-26 00:00:00,0.72,0.01,0.0,0.0,68.58,15.48,15.67,15.89,0.56,
54,2025-01-26 01:00:00,1.85,0.31,0.0,0.0,52.4,17.01,18.21,18.71,1.0,
54,2025-01-26 02:00:00,2.22,0.49,0.0,0.0,53.59,17.66,18.35,18.84,0.98,
54,2025-01-26 03:00:00,2.68,0.9,0.0,0.0,58.0,17.76,17.93,18.03,0.86,
54,2025-01-26 04:00:00,2.9,1.51,0.0,0.0,62.02,16.56,16.89,17.26,0.73,
54,2025-01-26 05:00:00,4.32,2.17,0.0,0.0,62.96,16.14,16.33,16.46,0.69,
54,2025-01-26 06:00:00,3.88,1.66,3.22,0.0,63.26,15.58,15.7,15.8,0.66,
54,2025-01-26 07:00:00,2.6,0.53,138.9,0.0,61.8,15.23,15.78,16.64,0.69,
54,2025-01-26 08:00:00,4.62,1.82,352.7,0.0,55.9,17.52,17.7,17.83,0.9,
54,2025-01-26 09:00:00,4.25,2.06,569.2,0.0,53.51,18.21,18.88,19.57,1.02,
54,2025-01-26 10:00:00,4.03,1.73,752.6,0.0,49.15,20.63,21.28,21.86,1.29,
54,2025-01-26 11:00:00,3.88,1.35,881.0,0.0,40.8,22.69,24.05,25.43,1.78,
54,2025-01-26 12:00:00,3.5,1.14,982.0,0.0,32.67,25.96,26.98,28.06,2.4,
54,2025-01-26 13:00:00,3.12,1.19,1011.0,0.0,27.75,28.46,29.17,29.88,2.93,
54,2025-01-26 14:00:00,9.35,1.37,1011.0,0.0,22.0,30.55,30.86,31.2,3.48,
54,2025-01-26 15:00:00,3.8,1.5,963.0,0.0,19.15,31.81,32.32,32.88,3.92,
54,2025-01-26 16:00:00,3.2,1.05,823.0,0.0,19.58,32.56,33.29,34.08,4.11,
54,2025-01-26 17:00:00,5.82,2.55,653.7,0.0,23.96,32.15,32.71,33.29,3.77,
54,2025-01-26 18:00:00,8.0,4.03,516.1,0.0,23.7,30.15,31.11,31.88,3.45,
54,2025-01-26 19:00:00,8.0,4.07,312.8,0.0,26.41,26.41,27.77,29.35,2.75,
54,2025-01-26 20:00:00,6.65,3.53,125.9,0.0,32.91,21.87,23.8,25.73,2.0,
54,2025-01-26 21:00:00,5.9,2.87,3.0,0.0,44.18,19.5,20.3,21.15,1.33,
54,2025-01-26 22:00:00,3.58,1.4,0.0,0.0,52.73,17.66,18.4,19.05,1.0,
54,2025-01-26 23:00:00,1.48,0.31,0.0,0.0,64.61,14.67,16.05,17.12,0.65,
54,2025-01-27 00:00:00,1.92,0.82,0.0,0.0,64.7,15.21,15.5,15.83,0.62,
54,2025-01-27 01:00:00,0.95,0.04,0.0,0.0,75.74,13.1,13.87,14.88,0.39,
54,2025-01-27 02:00:00,0.0,0.0,0.0,0.0,84.35,11.55,11.93,12.5,0.22,
54,2025-01-27 03:00:00,0.0,0.0,0.0,0.0,87.73,11.01,11.29,11.44,0.17,
54,2025-01-27 04:00:00,0.8,0.02,0.0,0.0,89.83,10.07,10.41,10.91,0.13,
54,2025-01-27 05:00:00,0.28,0.0,0.0,0.0,91.13,9.89,10.11,10.53,0.11,
54,2025-01-27 06:00:00,0.72,0.02,2.98,0.0,92.38,9.55,9.76,10.03,0.09,
54,2025-01-27 07:00:00,0.5,0.0,155.5,0.0,86.8,9.69,11.2,13.51,0.18,
54,2025-01-27 08:00:00,4.85,1.76,344.1,0.0,76.13,14.54,15.82,16.98,0.43,
54,2025-01-27 09:00:00,6.58,3.4,554.5,0.0,62.23,17.46,18.52,19.3,0.81,
54,2025-01-27 10:00:00,6.42,3.83,741.6,0.0,55.17,19.85,20.71,21.43,1.1,
54,2025-01-27 11:00:00,6.28,3.87,883.0,0.0,49.66,22.32,22.73,23.29,1.39,
54,2025-01-27 12:00:00,6.58,3.84,973.0,0.0,46.88,23.8,24.39,25.0,1.63,
54,2025-01-27 13:00:00,7.18,3.77,1009.0,0.0,42.15,25.45,26.05,26.53,1.95,
54,2025-01-27 14:00:00,12.87,3.51,1006.0,0.0,40.42,27.28,27.61,27.9,2.2,
54,2025-01-27 15:00:00,6.2,3.44,956.0,0.0,38.18,28.25,28.58,28.81,2.42,
54,2025-01-27 16:00:00,6.42,3.55,856.0,0.0,34.48,28.93,29.01,29.13,2.63,
54,2025-01-27 17:00:00,6.42,3.32,711.0,0.0,33.06,29.11,29.2,29.28,2.71,
54,2025-01-27 18:00:00,6.28,3.48,522.0,0.0,32.37,28.46,28.79,29.13,2.68,
54,2025-01-27 19:00:00,5.22,3.21,314.2,0.0,31.28,27.45,27.87,28.17,2.58,
54,2025-01-27 20:00:00,5.38,2.37,119.8,0.0,32.33,25.1,26.15,27.01,2.3,
54,2025-01-27 21:00:00,3.42,1.53,3.2,0.0,36.77,22.94,23.35,24.22,1.82,
54,2025-01-27 22:00:00,4.92,2.74,0.0,0.0,34.07,21.62,22.31,22.72,1.78,
54,2025-01-27 23:00:00,6.28,2.99,0.0,0.0,34.49,20.56,20.96,21.33,1.63,
54,2025-01-28 00:00:00,6.12,3.2,0.0,0.0,34.39,19.22,19.66,20.11,1.5,
54,2025-01-28 01:00:00,7.32,4.0,0.0,0.0,40.95,17.6,18.33,18.96,1.25,
54,2025-01-28 02:00:00,5.82,3.3,0.0,0.0,52.61,15.84,16.41,17.01,0.89,
54,2025-01-28 03:00:00,5.22,2.7,0.0,0.0,55.72,14.62,15.06,15.51,0.76,
54,2025-01-28 04:00:00,4.78,2.77,0.0,0.0,57.3,13.4,13.84,14.27,0.68,
54,2025-01-28 05:00:00,4.32,1.41,0.0,0.0,60.34,12.22,12.64,13.1,0.58,
54,2025-01-28 06:00:00,2.6,0.58,2.76,0.0,64.98,11.22,11.64,12.07,0.48,
54,2025-01-28 07:00:00,3.5,1.48,136.8,0.0,62.0,11.17,12.04,12.66,0.53,
54,2025-01-28 08:00:00,5.45,2.65,348.1,0.0,57.63,13.27,13.77,14.46,0.67,
54,2025-01-28 09:00:00,4.7,2.78,559.9,0.0,52.89,14.95,15.72,16.42,0.84,
54,2025-01-28 10:00:00,4.1,2.14,747.8,0.0,45.56,17.16,18.2,19.32,1.14,
54,2025-01-28 11:00:00,4.32,2.11,895.0,0.0,42.56,19.78,20.71,21.64,1.41,
54,2025-01-28 12:00:00,4.18,1.82,981.0,0.0,36.98,22.18,23.39,24.81,1.82,
54,2025-01-28 13:00:00,4.03,1.64,1019.0,0.0,32.28,24.96,26.04,27.18,2.29,
54,2025-01-28 14:00:00,3.8,1.65,1024.0,0.0,28.98,27.93,28.68,29.5,2.8,
54,2025-01-28 15:00:00,3.8,1.18,976.0,0.0,25.25,29.79,30.73,31.65,3.31,
54,2025-01-28 16:00:00,4.78,1.79,873.0,0.0,22.52,31.5,31.76,32.29,3.64,
54,2025-01-28 17:00:00,3.42,1.42,722.0,0.0,23.61,31.98,32.39,32.78,3.71,
54,2025-01-28 18:00:00,3.42,1.53,533.1,0.0,22.71,32.19,32.47,32.62,3.78,
54,2025-01-28 19:00:00,2.68,1.11,322.5,0.0,28.07,30.34,31.15,32.21,3.27,
54,2025-01-28 20:00:00,1.4,0.19,122.3,0.0,39.63,25.39,27.88,29.75,2.3,
54,2025-01-28 21:00:00,1.1,0.2,3.0,0.0,54.86,20.27,21.87,23.74,1.19,
54,2025-01-28 22:00:00,1.55,0.27,0.0,0.0,54.09,19.32,19.72,20.0,1.06,
54,2025-01-28 23:00:00,1.02,0.29,0.0,0.0,58.09,17.7,18.34,19.41,0.89,
54,2025-01-29 00:00:00,1.4,0.25,0.0,0.0,59.74,16.85,17.39,17.88,0.8,
54,2025-01-29 01:00:00,3.42,1.38,0.0,0.0,39.4,18.27,20.39,21.49,1.46,
54,2025-01-29 02:00:00,3.58,1.67,0.0,0.0,46.01,18.86,19.62,20.18,1.24,
54,2025-01-29 03:00:00,4.85,2.33,0.0,0.0,50.98,17.94,18.38,18.68,1.04,
54,2025-01-29 04:00:00,4.55,1.49,0.0,0.0,54.69,16.97,17.29,17.52,0.89,
54,2025-01-29 05:00:00,3.72,1.7,0.0,0.0,60.82,15.4,15.88,16.56,0.71,
54,2025-01-29 06:00:00,3.65,1.16,2.36,0.0,65.22,13.99,14.73,15.45,0.59,
54,2025-01-29 07:00:00,1.78,0.43,135.1,0.0,65.05,13.73,14.37,15.32,0.58,
54,2025-01-29 08:00:00,3.65,1.83,349.0,0.0,56.3,16.27,17.05,17.91,0.85,
54,2025-01-29 09:00:00,4.18,2.29,564.5,0.0,51.97,18.35,18.94,19.5,1.05,
54,2025-01-29 10:00:00,3.72,1.79,753.0,0.0,47.15,20.05,20.96,21.88,1.32,
54,2025-01-29 11:00:00,3.35,1.23,901.0,0.0,39.47,22.55,23.66,24.77,1.78,
54,2025-01-29 12:00:00,3.88,1.4,992.0,0.0,34.39,25.46,26.56,27.82,2.29,
54,2025-01-29 13:00:00,3.2,1.07,1027.0,0.0,29.11,28.25,29.23,30.16,2.88,
54,2025-01-29 14:00:00,2.68,0.92,1026.0,0.0,22.08,30.67,31.42,32.16,3.59,
54,2025-01-29 15:00:00,2.45,0.94,985.0,0.0,17.7,32.82,33.65,34.2,4.29,
54,2025-01-29 16:00:00,3.72,1.2,865.0,0.0,19.2,34.05,34.46,34.83,4.41,
54,2025-01-29 17:00:00,3.65,1.39,715.9,0.0,17.71,34.23,34.57,34.86,4.52,
54,2025-01-29 18:00:00,4.7,2.2,523.7,0.0,20.57,32.09,33.47,34.48,4.12,
54,2025-01-29 19:00:00,5.52,3.24,311.4,0.0,25.96,29.17,30.12,31.24,3.17,
54,2025-01-29 20:00:00,5.15,3.16,112.5,0.0,27.98,25.22,26.66,28.22,2.53,
54,2025-01-29 21:00:00,5.08,2.81,2.73,0.0,33.85,22.4,23.45,24.49,1.91,
54,2025-01-29 22:00:00,4.62,2.54,0.0,0.0,40.24,20.26,20.88,21.62,1.48,
54,2025-01-29 23:00:00,2.3,0.72,0.0,0.0,50.14,16.96,18.11,19.1,1.04,
54,2025-01-30 00:00:00,0.8,0.03,0.0,0.0,68.64,14.24,14.89,15.92,0.54,
54,2025-01-30 01:00:00,1.25,0.38,0.0,0.0,72.6,12.81,13.49,14.05,0.43,
54,2025-01-30 02:00:00,0.95,0.15,0.0,0.0,77.55,11.32,12.26,13.06,0.32,
54,2025-01-30 03:00:00,1.32,0.22,0.0,0.0,81.15,10.94,11.07,11.13,0.25,
54,2025-01-30 04:00:00,0.35,0.0,0.0,0.0,85.73,9.5,10.0,10.8,0.17,
54,2025-01-30 05:00:00,0.0,0.0,0.0,0.0,87.43,9.24,9.36,9.46,0.15,
54,2025-01-30 06:00:00,0.72,0.01,2.04,0.0,88.85,8.76,8.92,9.11,0.13,
54,2025-01-30 07:00:00,0.28,0.0,144.5,0.0,84.59,8.34,9.67,11.93,0.19,
54,2025-01-30 08:00:00,1.78,0.22,341.7,0.0,69.74,13.83,15.16,16.37,0.53,
54,2025-01-30 09:00:00,2.68,0.99,556.1,0.0,60.67,16.77,17.69,18.79,0.8,
54,2025-01-30 10:00:00,1.92,0.64,746.0,0.0,49.48,19.46,20.56,21.71,1.23,
54,2025-01-30 11:00:00,2.08,0.62,894.0,0.0,41.81,22.35,23.32,24.33,1.67,
54,2025-01-30 12:00:00,2.45,1.04,980.0,0.0,35.21,25.21,26.08,26.92,2.19,
54,2025-01-30 13:00:00,3.35,1.13,1015.0,0.0,28.33,27.98,28.77,29.44,2.84,
54,2025-01-30 14:00:00,2.9,1.2,1011.0,0.0,22.47,29.82,30.68,31.49,3.43,
54,2025-01-30 15:00:00,3.35,1.11,964.0,0.0,19.91,32.17,32.8,33.31,3.98,
54,2025-01-30 16:00:00,4.78,1.54,845.0,0.0,20.08,32.88,33.63,34.19,4.17,
54,2025-01-30 17:00:00,6.28,2.95,708.9,0.0,22.28,31.56,32.29,32.79,3.76,
54,2025-01-30 18:00:00,5.52,3.21,515.9,0.0,26.63,29.64,30.3,30.73,3.17,
54,2025-01-30 19:00:00,4.55,2.46,307.0,0.0,23.9,29.16,29.61,29.91,3.16,
54,2025-01-30 20:00:00,4.78,1.95,117.7,0.0,21.29,24.66,26.62,28.32,2.75,
54,2025-01-30 21:00:00,3.95,1.61,2.58,0.0,28.07,21.57,22.67,23.62,1.99,
54,2025-01-30 22:00:00,4.4,1.99,0.0,0.0,40.29,19.08,20.03,21.06,1.4,
54,2025-01-30 23:00:00,3.95,1.68,0.0,0.0,52.18,16.91,17.75,18.64,0.98,
54,2025-01-31 00:00:00,3.42,1.28,0.0,0.0,63.52,15.11,15.78,16.51,0.65,
54,2025-01-31 01:00:00,2.0,0.61,0.0,0.0,72.62,13.6,14.24,14.87,0.45,
54,2025-01-31 02:00:00,1.48,0.54,0.0,0.0,74.27,13.1,13.31,13.44,0.39,
54,2025-01-31 03:00:00,1.78,0.69,0.0,0.0,78.28,12.47,12.68,12.77,0.32,
54,2025-01-31 04:00:00,0.35,0.0,0.0,0.0,83.83,10.59,11.11,12.02,0.22,
54,2025-01-31 05:00:00,0.65,0.02,0.0,0.0,87.15,9.51,10.02,10.41,0.16,
54,2025-01-31 06:00:00,1.1,0.1,1.93,0.0,90.55,9.07,9.28,9.62,0.11,
54,2025-01-31 07:00:00,2.3,0.98,131.4,0.0,78.48,10.77,12.66,14.26,0.32,
54,2025-01-31 08:00:00,5.0,2.17,342.0,0.0,66.65,15.1,15.78,16.36,0.6,
54,2025-01-31 09:00:00,5.75,3.44,558.5,0.0,60.02,16.68,17.78,18.82,0.82,
54,2025-01-31 10:00:00,4.78,2.97,745.6,0.0,50.58,19.65,20.8,21.97,1.22,
54,2025-01-31 11:00:00,6.12,3.32,891.0,0.0,42.5,22.55,23.67,24.68,1.68,
54,2025-01-31 12:00:00,6.42,3.56,980.0,0.0,37.93,25.25,26.01,26.65,2.09,
54,2025-01-31 13:00:00,6.65,3.6,1009.0,0.0,32.88,27.03,27.72,28.4,2.5,
54,2025-01-31 14:00:00,6.05,3.32,1008.0,0.0,28.6,28.79,29.42,29.93,2.94,
54,2025-01-31 15:00:00,5.52,3.38,960.0,0.0,27.06,30.25,30.71,31.27,3.22,
54,2025-01-31 16:00:00,6.72,2.95,850.0,0.0,28.65,31.73,31.91,32.09,3.38,
54,2025-01-31 17:00:00,5.9,2.83,693.4,0.0,30.58,32.26,32.31,32.4,3.36,
54,2025-01-31 18:00:00,5.68,2.58,506.3,0.0,32.24,31.73,32.12,32.58,3.24,
54,2025-01-31 19:00:00,5.75,3.08,298.7,0.0,32.45,30.44,31.19,31.73,3.07,
54,2025-01-31 20:00:00,6.05,3.2,111.2,0.0,35.55,26.65,28.02,29.31,2.45,
54,2025-01-31 21:00:00,4.78,2.63,2.3,0.0,39.04,24.73,25.4,26.09,1.98,
54,2025-01-31 22:00:00,4.32,1.78,0.0,0.0,39.18,22.54,23.5,24.37,1.76,
54,2025-01-31 23:00:00,3.2,1.45,0.0,0.0,41.5,21.76,22.31,22.67,1.58,
54,2025-02-01 00:00:00,2.15,0.57,0.0,0.0,52.29,18.22,20.18,21.35,1.14,
54,2025-02-01 01:00:00,0.0,0.0,0.0,0.0,70.18,15.95,16.58,17.24,0.57,
54,2025-02-01 02:00:00,1.25,0.12,0.0,0.0,69.66,15.57,15.83,16.01,0.55,
54,2025-02-01 03:00:00,2.82,0.8,0.0,0.0,65.43,15.06,16.47,17.9,0.66,
54,2025-02-01 04:00:00,3.88,1.66,0.0,0.0,67.18,17.13,17.44,17.75,0.66,
54,2025-02-01 05:00:00,4.18,1.68,0.0,0.0,72.64,16.27,16.56,16.94,0.52,
54,2025-02-01 06:00:00,4.1,1.91,1.58,0.0,73.28,15.38,15.85,16.25,0.48,
54,2025-02-01 07:00:00,4.1,1.73,121.4,0.0,70.82,15.19,15.53,16.03,0.52,
54,2025-02-01 08:00:00,4.32,2.51,329.1,0.0,62.13,16.62,17.23,17.76,0.75,
54,2025-02-01 09:00:00,4.47,2.25,542.5,0.0,57.27,18.3,18.94,19.51,0.94,
54,2025-02-01 10:00:00,4.4,2.31,730.6,0.0,52.2,20.1,20.99,22.13,1.19,
54,2025-02-01 11:00:00,3.95,2.17,875.0,0.0,44.8,22.82,23.77,24.94,1.63,
54,2025-02-01 12:00:00,5.08,2.17,968.0,0.0,40.47,25.28,26.19,26.91,2.03,
54,2025-02-01 13:00:00,4.03,1.52,996.0,0.0,33.64,27.44,28.33,29.17,2.56,
54,2025-02-01 14:00:00,3.28,1.26,1004.0,0.0,29.73,29.54,30.23,30.67,3.02,
54,2025-02-01 15:00:00,3.2,1.11,954.0,0.0,27.03,31.11,31.64,31.95,3.4,
54,2025-02-01 16:00:00,3.8,1.61,843.0,0.0,26.33,32.32,32.56,32.77,3.62,
54,2025-02-01 17:00:00,5.6,1.98,692.1,0.0,24.97,31.96,32.88,33.3,3.75,
54,2025-02-01 18:00:00,5.22,3.16,503.4,0.0,28.27,29.87,30.6,31.34,3.15,
54,2025-02-01 19:00:00,5.38,3.2,299.3,0.0,25.31,27.95,28.68,29.41,2.94,
54,2025-02-01 20:00:00,5.15,2.95,110.0,0.0,24.78,24.52,25.93,27.27,2.53,
54,2025-02-01 21:00:00,3.72,1.99,2.06,0.0,31.7,21.38,22.48,23.74,1.87,
54,2025-02-01 22:00:00,3.42,1.64,0.0,0.0,38.35,19.03,19.92,20.74,1.44,
54,2025-02-01 23:00:00,1.78,0.45,0.0,0.0,51.74,16.21,17.35,18.32,0.96,
54,2025-02-02 00:00:00,1.55,0.39,0.0,0.0,52.78,15.1,15.54,16.21,0.84,
54,2025-02-02 01:00:00,1.92,0.34,0.0,0.0,51.22,14.19,14.91,15.71,0.83,
54,2025-02-02 02:00:00,2.6,1.04,0.0,0.0,46.8,14.44,14.72,15.18,0.89,
54,2025-02-02 03:00:00,2.38,0.56,0.0,0.0,50.48,12.98,13.59,14.21,0.78,
54,2025-02-02 04:00:00,2.98,1.42,0.0,0.0,48.43,13.79,14.16,14.38,0.83,
54,2025-02-02 05:00:00,3.28,1.25,0.0,0.0,54.85,12.66,13.03,13.39,0.68,
54,2025-02-02 06:00:00,2.3,0.77,1.45,0.0,61.01,11.65,12.08,12.29,0.55,
54,2025-02-02 07:00:00,2.6,0.61,123.0,0.0,62.6,11.05,11.74,12.81,0.52,
54,2025-02-02 08:00:00,5.15,2.22,337.2,0.0,57.09,13.78,14.55,15.25,0.71,
54,2025-02-02 09:00:00,6.35,3.37,529.2,0.0,51.26,15.92,16.54,17.29,0.92,
54,2025-02-02 10:00:00,6.2,3.63,746.1,0.0,44.7,18.03,18.82,19.61,1.2,
54,2025-02-02 11:00:00,6.28,3.72,889.0,0.0,39.11,20.04,20.77,21.33,1.49,
54,2025-02-02 12:00:00,5.75,2.92,979.0,0.0,35.36,21.83,22.52,23.12,1.77,
54,2025-02-02 13:00:00,5.82,2.98,1013.0,0.0,32.96,23.24,23.71,24.32,1.97,
54,2025-02-02 14:00:00,6.5,2.81,1010.0,0.0,28.76,24.74,25.24,25.77,2.29,
54,2025-02-02 15:00:00,6.2,2.78,966.0,0.0,26.67,25.92,26.33,26.59,2.52,
54,2025-02-02 16:00:00,6.5,3.04,860.0,0.0,25.63,26.65,26.97,27.21,2.65,
54,2025-02-02 17:00:00,5.08,2.68,705.5,0.0,26.38,27.28,27.37,27.43,2.68,
54,2025-02-02 18:00:00,5.22,2.25,517.2,0.0,27.51,27.39,27.47,27.62,2.66,
54,2025-02-02 19:00:00,4.32,2.04,305.2,0.0,28.33,26.6,26.89,27.07,2.54,
54,2025-02-02 20:00:00,5.68,3.12,108.5,0.0,38.17,23.59,24.7,25.82,1.93,
54,2025-02-02 21:00:00,4.32,2.29,3.1,0.0,43.87,21.23,22.09,22.94,1.5,
54,2025-02-02 22:00:00,4.55,1.37,0.0,0.0,52.2,18.86,19.84,20.75,1.11,
54,2025-02-02 23:00:00,2.15,0.41,0.0,0.0,64.14,16.59,17.33,18.26,0.72,
54,2025-02-03 00:00:00,2.08,0.6,0.0,0.0,72.05,15.87,16.22,16.42,0.52,
54,2025-02-03 01:00:00,1.78,0.5,0.0,0.0,75.26,15.04,15.24,15.32,0.43,
54,2025-02-03 02:00:00,1.55,0.64,0.0,0.0,77.13,14.41,14.74,15.07,0.38,
54,2025-02-03 03:00:00,1.62,0.38,0.0,0.0,79.53,13.66,13.76,13.89,0.32,
54,2025-02-03 04:00:00,2.0,0.49,0.0,0.0,78.99,12.82,13.67,14.1,0.33,
54,2025-02-03 05:00:00,1.62,0.24,0.0,0.0,83.7,12.06,12.7,13.25,0.24,
54,2025-02-03 06:00:00,1.85,0.59,2.23,0.0,82.78,12.94,13.18,13.47,0.26,
54,2025-02-03 07:00:00,2.6,1.07,82.9,0.0,82.19,12.76,13.55,14.43,0.28,
54,2025-02-03 08:00:00,4.78,2.51,321.0,0.0,72.26,14.79,15.64,16.47,0.5,
54,2025-02-03 09:00:00,6.35,3.62,533.5,0.0,61.01,16.87,17.62,18.34,0.79,
54,2025-02-03 10:00:00,6.12,3.51,721.8,0.0,53.35,18.69,19.46,20.36,1.06,
54,2025-02-03 11:00:00,5.15,3.03,866.0,0.0,46.15,20.84,21.59,22.34,1.39,
54,2025-02-03 12:00:00,6.12,2.77,965.0,0.0,40.35,22.41,23.16,23.82,1.7,
54,2025-02-03 13:00:00,5.3,2.25,996.0,0.0,35.16,24.42,24.93,25.45,2.05,
54,2025-02-03 14:00:00,5.75,2.37,996.0,0.0,27.85,25.94,26.37,26.68,2.48,
54,2025-02-03 15:00:00,5.08,2.31,954.0,0.0,24.87,26.94,27.46,28.0,2.75,
54,2025-02-03 16:00:00,6.72,1.86,855.0,0.0,24.37,27.98,28.51,28.84,2.95,
54,2025-02-03 17:00:00,4.18,2.21,699.6,0.0,25.9,28.64,28.8,29.03,2.93,
54,2025-02-03 18:00:00,4.18,2.12,510.9,0.0,25.04,28.52,28.66,28.79,2.95,
54,2025-02-03 19:00:00,3.88,1.99,299.8,0.0,27.56,27.29,27.8,28.28,2.71,
54,2025-02-03 20:00:00,2.52,0.95,107.1,0.0,34.33,23.01,25.02,26.62,2.1,
54,2025-02-03 21:00:00,4.4,1.72,1.5,0.0,39.53,21.67,22.31,23.06,1.63,
54,2025-02-03 22:00:00,3.12,1.74,0.0,0.0,44.81,20.02,20.98,21.92,1.37,
54,2025-02-03 23:00:00,2.45,0.78,0.0,0.0,55.35,17.48,18.23,19.52,0.94,
54,2025-02-04 00:00:00,3.42,1.87,0.0,0.0,56.36,16.91,17.19,17.43,0.86,
54,2025-02-04 01:00:00,3.42,2.16,0.0,0.0,58.12,16.19,16.47,16.77,0.79,
54,2025-02-04 02:00:00,3.95,1.06,0.0,0.0,64.95,13.88,15.17,16.05,0.61,
54,2025-02-04 03:00:00,2.45,0.58,0.0,0.0,65.58,13.7,14.59,15.26,0.57,
54,2025-02-04 04:00:00,3.72,1.62,0.0,0.0,64.87,14.5,14.63,14.83,0.59,
54,2025-02-04 05:00:00,3.42,1.05,0.0,0.0,68.66,13.32,14.13,14.51,0.51,
54,2025-02-04 06:00:00,1.48,0.29,1.06,0.0,74.56,12.17,12.43,12.79,0.37,
54,2025-02-04 07:00:00,1.1,0.1,114.4,0.0,69.97,12.24,12.81,13.79,0.45,
54,2025-02-04 08:00:00,4.25,1.84,321.4,0.0,56.84,14.91,15.6,16.28,0.77,
54,2025-02-04 09:00:00,4.03,2.47,535.8,0.0,50.38,16.75,17.47,18.26,0.99,
54,2025-02-04 10:00:00,3.95,1.72,723.9,0.0,42.7,18.94,20.14,21.15,1.36,
54,2025-02-04 11:00:00,3.35,1.42,919.0,0.0,36.27,21.92,23.1,24.63,1.81,
54,2025-02-04 12:00:00,4.03,1.59,1017.0,0.0,28.28,25.17,26.14,27.18,2.44,
54,2025-02-04 13:00:00,3.35,1.72,928.0,0.0,24.41,27.61,28.24,28.94,2.91,
54,2025-02-04 14:00:00,4.32,1.73,984.0,0.0,21.63,29.41,30.16,31.04,3.36,
54,2025-02-04 15:00:00,3.65,1.35,812.0,0.0,17.84,30.65,31.14,31.68,3.72,
54,2025-02-04 16:00:00,3.42,1.22,673.7,0.0,21.45,30.96,31.5,32.36,3.63,
54,2025-02-04 17:00:00,5.08,1.73,455.1,0.0,21.96,29.67,30.52,31.37,3.41,
54,2025-02-04 18:00:00,6.28,3.62,484.1,0.0,21.83,29.01,29.23,29.61,3.18,
54,2025-02-04 19:00:00,5.98,3.25,226.7,0.0,24.91,26.67,27.18,27.91,2.71,
54,2025-02-04 20:00:00,5.75,2.92,115.7,0.0,29.42,23.1,24.45,25.79,2.17,
54,2025-02-04 21:00:00,5.08,2.88,1.42,0.0,36.33,20.92,21.55,22.32,1.64,
54,2025-02-04 22:00:00,5.0,1.05,0.0,0.0,43.14,17.78,19.04,20.43,1.26,
54,2025-02-04 23:00:00,2.38,0.61,0.0,0.0,52.88,15.99,16.48,16.93,0.88,
54,2025-02-05 00:00:00,1.78,0.62,0.0,0.0,63.93,13.36,14.26,15.56,0.59,
54,2025-02-05 01:00:00,2.08,0.47,0.0,0.0,67.77,13.12,13.53,13.99,0.5,
54,2025-02-05 02:00:00,0.65,0.01,0.0,0.0,76.62,11.57,12.09,12.67,0.33,
54,2025-02-05 03:00:00,1.1,0.15,0.0,0.0,81.86,10.87,11.13,11.53,0.24,
54,2025-02-05 04:00:00,0.0,0.0,0.0,0.0,85.05,9.88,10.17,10.55,0.19,
54,2025-02-05 05:00:00,0.0,0.0,0.0,0.0,87.38,9.65,9.79,9.91,0.15,
54,2025-02-05 06:00:00,0.0,0.0,0.82,0.0,87.25,9.68,9.89,10.08,0.16,
54,2025-02-05 07:00:00,0.0,0.0,113.5,0.0,82.39,9.62,10.44,11.7,0.23,
54,2025-02-05 08:00:00,1.7,0.24,316.1,0.0,63.47,13.84,15.7,17.1,0.66,
54,2025-02-05 09:00:00,2.52,1.11,529.5,0.0,58.95,17.66,18.81,19.89,0.9,
54,2025-02-05 10:00:00,3.5,1.57,718.2,0.0,54.05,20.37,21.27,22.01,1.17,
54,2025-02-05 11:00:00,3.58,1.62,866.0,0.0,48.08,22.52,23.37,24.25,1.49,
54,2025-02-05 12:00:00,3.28,1.26,953.0,0.0,40.27,24.82,25.62,26.45,1.96,
54,2025-02-05 13:00:00,4.47,1.57,993.0,0.0,34.87,26.7,27.25,27.67,2.36,
54,2025-02-05 14:00:00,4.4,1.67,992.0,0.0,31.8,27.99,28.64,29.0,2.68,
54,2025-02-05 15:00:00,3.58,1.72,944.0,0.0,30.66,29.19,29.61,30.11,2.88,
54,2025-02-05 16:00:00,4.92,1.85,837.0,0.0,28.51,30.16,30.48,30.96,3.12,
54,2025-02-05 17:00:00,4.78,2.18,687.9,0.0,28.38,30.49,30.72,30.97,3.17,
54,2025-02-05 18:00:00,4.92,2.17,499.0,0.0,29.99,30.12,30.52,30.82,3.06,
54,2025-02-05 19:00:00,6.12,3.78,288.9,0.0,33.14,28.07,28.9,29.73,2.66,
54,2025-02-05 20:00:00,6.2,3.74,100.6,0.0,34.62,25.22,26.42,27.43,2.26,
54,2025-02-05 21:00:00,5.75,3.17,1.32,0.0,41.49,22.38,23.46,24.57,1.7,
54,2025-02-05 22:00:00,3.88,1.5,0.0,0.0,49.76,19.89,20.76,21.8,1.24,
54,2025-02-05 23:00:00,2.52,1.35,0.0,0.0,58.76,18.13,18.85,19.5,0.9,
54,2025-02-06 00:00:00,3.2,1.29,0.0,0.0,67.4,16.55,17.16,17.58,0.64,
54,2025-02-06 01:00:00,2.45,0.89,0.0,0.0,70.78,15.84,16.07,16.16,0.53,
54,2025-02-06 02:00:00,2.08,0.82,0.0,0.0,73.84,15.01,15.29,15.59,0.46,
54,2025-02-06 03:00:00,3.5,1.49,0.0,0.0,76.03,15.19,15.28,15.32,0.42,
54,2025-02-06 04:00:00,5.82,2.56,0.0,0.0,77.89,15.18,15.33,15.45,0.39,
54,2025-02-06 05:00:00,4.32,2.56,0.0,0.0,79.99,14.87,15.03,15.25,0.34,
54,2025-02-06 06:00:00,4.4,2.51,0.8,0.0,82.2,14.16,14.43,14.72,0.29,
54,2025-02-06 07:00:00,5.22,2.69,112.2,0.0,80.32,13.98,14.1,14.35,0.32,
54,2025-02-06 08:00:00,5.45,3.14,320.4,0.0,72.84,14.67,15.3,15.96,0.47,
54,2025-02-06 09:00:00,6.8,3.65,537.8,0.0,63.78,16.4,17.25,18.16,0.72,
54,2025-02-06 10:00:00,5.82,3.63,727.9,0.0,55.38,18.56,19.63,20.55,1.03,
54,2025-02-06 11:00:00,6.35,3.43,874.0,0.0,49.09,21.34,22.2,23.15,1.37,
54,2025-02-06 12:00:00,6.65,3.4,967.0,0.0,42.4,23.76,24.67,25.43,1.79,
54,2025-02-06 13:00:00,6.95,3.58,1004.0,0.0,35.66,25.82,26.92,27.96,2.29,
54,2025-02-06 14:00:00,6.95,3.54,999.0,0.0,29.07,28.51,29.16,29.83,2.87,
54,2025-02-06 15:00:00,6.5,3.75,958.0,0.0,22.23,30.22,30.68,31.2,3.43,
54,2025-02-06 16:00:00,5.68,3.12,857.0,0.0,21.98,31.41,31.68,32.09,3.65,
54,2025-02-06 17:00:00,7.02,3.16,697.0,0.0,21.25,31.84,31.87,31.94,3.72,
54,2025-02-06 18:00:00,6.05,3.45,508.9,0.0,20.61,31.47,31.78,32.12,3.73,
54,2025-02-06 19:00:00,5.68,3.15,298.7,0.0,21.48,30.37,30.86,31.37,3.5,
54,2025-02-06 20:00:00,3.65,1.8,112.6,0.0,23.5,27.03,28.59,29.9,3.0,
54,2025-02-06 21:00:00,1.32,0.29,1.01,0.0,32.36,22.69,24.08,25.52,2.04,
54,2025-02-06 22:00:00,4.1,1.87,0.0,0.0,27.76,22.75,24.07,24.62,2.17,
54,2025-02-06 23:00:00,4.78,2.61,0.0,0.0,32.39,22.9,23.54,23.93,1.97,
54,2025-02-07 00:00:00,3.8,1.94,0.0,0.0,38.78,20.73,21.49,22.29,1.57,
54,2025-02-07 01:00:00,2.9,0.68,0.0,0.0,45.33,18.95,19.79,20.44,1.27,
54,2025-02-07 02:00:00,2.6,0.62,0.0,0.0,49.87,17.79,18.64,19.38,1.08,
54,2025-02-07 03:00:00,2.22,0.87,0.0,0.0,54.4,17.58,17.81,17.93,0.93,
54,2025-02-07 04:00:00,3.42,1.2,0.0,0.0,58.8,16.8,17.56,18.07,0.83,
54,2025-02-07 05:00:00,2.52,0.95,0.0,0.0,65.95,16.18,16.28,16.42,0.63,
54,2025-02-07 06:00:00,2.98,0.97,0.58,0.0,69.86,15.35,15.6,16.09,0.53,
54,2025-02-07 07:00:00,1.7,0.09,94.1,0.0,72.99,14.3,14.84,15.32,0.46,
54,2025-02-07 08:00:00,3.05,1.32,299.9,0.0,61.04,16.08,17.19,18.03,0.77,
54,2025-02-07 09:00:00,3.58,2.07,524.2,0.0,53.52,18.84,19.63,20.5,1.07,
54,2025-02-07 10:00:00,3.8,1.8,714.8,0.0,44.51,21.45,22.44,23.57,1.51,
54,2025-02-07 11:00:00,4.03,1.13,860.0,0.0,39.82,24.16,25.15,26.05,1.93,
54,2025-02-07 12:00:00,4.47,1.9,956.0,0.0,34.59,26.67,27.42,28.21,2.4,
54,2025-02-07 13:00:00,4.62,2.46,991.0,0.0,31.63,28.93,29.73,30.68,2.86,
54,2025-02-07 14:00:00,4.25,2.0,981.0,0.0,24.76,31.68,32.46,33.08,3.67,
54,2025-02-07 15:00:00,5.22,2.3,941.0,0.0,21.66,33.57,34.03,34.38,4.18,
54,2025-02-07 16:00:00,4.18,1.78,836.0,0.0,20.24,34.76,35.15,35.46,4.52,
54,2025-02-07 17:00:00,3.95,1.9,678.2,0.0,20.76,35.21,35.34,35.49,4.54,
54,2025-02-07 18:00:00,4.7,1.23,491.2,0.0,20.68,34.15,35.29,35.81,4.54,
54,2025-02-07 19:00:00,4.18,2.34,283.2,0.0,22.46,31.78,32.6,33.27,3.82,
54,2025-02-07 20:00:00,5.15,2.23,98.0,0.0,30.58,26.17,28.4,30.95,2.71,
54,2025-02-07 21:00:00,3.28,1.43,0.95,0.0,36.6,23.73,24.71,25.51,1.98,
54,2025-02-07 22:00:00,2.08,0.69,0.0,0.0,46.18,20.39,21.94,23.41,1.43,
54,2025-02-07 23:00:00,1.85,0.56,0.0,0.0,51.87,19.27,20.16,21.22,1.14,
54,2025-02-08 00:00:00,1.25,0.06,0.0,0.0,62.41,17.27,17.69,18.46,0.76,
54,2025-02-08 01:00:00,1.55,0.45,0.0,0.0,60.91,16.24,17.0,18.27,0.77,
54,2025-02-08 02:00:00,2.9,1.4,0.0,0.0,54.46,18.77,19.04,19.3,1.01,
54,2025-02-08 03:00:00,4.62,2.31,0.0,0.0,55.68,18.24,18.49,18.7,0.95,
54,2025-02-08 04:00:00,5.3,2.94,0.0,0.0,52.18,17.35,17.71,18.02,0.97,
54,2025-02-08 05:00:00,5.3,3.1,0.0,0.0,57.0,16.17,16.58,17.03,0.81,
54,2025-02-08 06:00:00,5.52,2.66,0.43,0.0,64.35,15.52,15.74,16.01,0.64,
54,2025-02-08 07:00:00,4.25,2.42,90.4,0.0,67.52,15.19,15.36,15.64,0.57,
54,2025-02-08 08:00:00,6.2,3.12,296.4,0.0,63.84,15.96,16.53,17.14,0.68,
54,2025-02-08 09:00:00,6.12,3.71,511.8,0.0,58.22,17.65,18.46,19.31,0.89,
54,2025-02-08 10:00:00,6.05,3.57,708.7,0.0,51.86,19.8,20.92,22.12,1.2,
54,2025-02-08 11:00:00,6.28,3.46,858.0,0.0,45.12,22.54,23.61,24.68,1.61,
54,2025-02-08 12:00:00,6.05,3.58,961.0,0.0,35.93,25.47,26.66,27.9,2.25,
54,2025-02-08 13:00:00,6.88,4.28,998.0,0.0,27.83,28.53,29.35,30.27,2.96,
54,2025-02-08 14:00:00,7.25,4.38,996.0,0.0,24.49,30.62,31.38,32.02,3.47,
54,2025-02-08 15:00:00,8.53,4.8,952.0,0.0,22.4,32.69,33.19,33.54,3.94,
54,2025-02-08 16:00:00,8.9,5.32,848.0,0.0,21.49,33.69,34.01,34.21,4.18,
54,2025-02-08 17:00:00,8.83,5.37,691.4,0.0,20.32,34.02,34.11,34.19,4.26,
54,2025-02-08 18:00:00,8.0,4.51,502.0,0.0,21.22,33.53,33.77,33.89,4.14,
54,2025-02-08 19:00:00,7.48,4.48,278.5,0.0,20.05,32.04,32.62,33.17,3.94,
54,2025-02-08 20:00:00,7.1,4.02,96.2,0.0,22.92,29.65,30.59,31.54,3.39,
54,2025-02-08 21:00:00,7.1,3.93,0.41,0.0,26.68,27.68,28.37,28.89,2.84,
54,2025-02-08 22:00:00,7.55,3.74,0.0,0.0,28.27,26.39,26.74,27.41,2.52,
54,2025-02-08 23:00:00,5.82,3.01,0.0,0.0,29.23,24.94,25.46,26.04,2.31,
54,2025-02-09 00:00:00,5.3,3.15,0.0,0.0,31.35,23.87,24.27,24.77,2.09,
54,2025-02-09 01:00:00,7.18,3.78,0.0,0.0,35.82,22.93,23.33,23.61,1.84,
54,2025-02-09 02:00:00,5.6,2.66,0.0,0.0,45.88,21.25,21.92,22.56,1.43,
54,2025-02-09 03:00:00,5.68,2.67,0.0,0.0,51.64,19.49,20.24,20.94,1.15,
54,2025-02-09 04:00:00,5.15,2.65,0.0,0.0,53.39,18.54,18.89,19.25,1.02,
54,2025-02-09 05:00:00,5.3,2.92,0.0,0.0,54.44,17.49,17.92,18.28,0.93,
54,2025-02-09 06:00:00,5.22,2.42,0.32,0.0,56.04,16.68,17.05,17.28,0.86,
54,2025-02-09 07:00:00,3.65,0.94,86.4,0.0,58.84,15.99,16.26,16.61,0.76,
54,2025-02-09 08:00:00,5.22,2.77,287.7,0.0,49.65,17.15,17.93,18.69,1.04,
54,2025-02-09 09:00:00,6.35,3.32,508.3,0.0,44.63,19.02,19.79,20.55,1.28,
54,2025-02-09 10:00:00,5.52,3.23,703.6,0.0,39.83,21.12,22.17,23.2,1.61,
54,2025-02-09 11:00:00,6.2,2.79,853.0,0.0,34.83,23.9,24.77,25.71,2.04,
54,2025-02-09 12:00:00,4.78,2.47,944.0,0.0,32.14,26.35,27.48,28.51,2.49,
54,2025-02-09 13:00:00,3.72,1.42,990.0,0.0,26.57,29.65,30.85,32.22,3.28,
54,2025-02-09 14:00:00,3.8,1.4,986.0,0.0,19.72,32.54,33.82,35.02,4.24,
54,2025-02-09 15:00:00,3.88,1.52,943.0,0.0,17.25,35.7,36.3,36.73,5.0,
54,2025-02-09 16:00:00,4.85,2.3,836.0,0.0,25.52,35.23,35.94,36.59,4.41,
54,2025-02-09 17:00:00,6.35,3.19,659.7,0.0,31.0,31.37,33.39,34.89,3.56,
54,2025-02-09 18:00:00,6.28,3.1,475.8,0.0,33.83,29.3,30.24,30.92,2.85,
54,2025-02-09 19:00:00,6.12,3.67,269.1,0.0,39.25,25.95,27.11,28.6,2.19,
54,2025-02-09 20:00:00,5.38,3.22,67.36,0.0,45.54,23.4,24.33,25.24,1.66,
54,2025-02-09 21:00:00,4.92,2.89,0.51,0.0,54.18,21.21,21.99,22.86,1.21,
54,2025-02-09 22:00:00,4.47,2.26,0.0,0.0,63.46,19.32,19.94,20.67,0.85,
54,2025-02-09 23:00:00,4.4,2.52,0.0,0.0,71.52,17.9,18.41,18.94,0.61,
54,2025-02-10 00:00:00,3.88,2.15,0.0,0.0,77.05,17.14,17.31,17.58,0.45,
54,2025-02-10 01:00:00,3.05,1.3,0.0,0.0,80.68,16.45,16.65,16.91,0.37,
54,2025-02-10 02:00:00,2.3,0.33,0.0,0.0,85.05,14.88,15.6,16.17,0.27,
54,2025-02-10 03:00:00,0.0,0.0,0.0,0.0,87.5,13.21,13.75,14.4,0.2,
54,2025-02-10 04:00:00,0.57,0.0,0.0,0.0,90.28,12.77,12.91,13.07,0.15,
54,2025-02-10 05:00:00,0.57,0.01,0.0,0.0,92.05,12.42,12.67,12.84,0.12,
54,2025-02-10 06:00:00,0.88,0.05,0.08,0.0,92.7,12.18,12.28,12.4,0.1,
54,2025-02-10 07:00:00,1.1,0.27,72.85,0.0,88.65,12.83,13.1,13.49,0.17,
54,2025-02-10 08:00:00,1.32,0.07,172.9,0.0,81.2,14.28,15.52,16.97,0.34,
54,2025-02-10 09:00:00,4.03,1.75,336.5,0.0,69.61,17.92,18.56,19.12,0.65,
54,2025-02-10 10:00:00,4.03,1.87,600.0,0.0,62.71,19.37,20.82,22.21,0.92,
54,2025-02-10 11:00:00,5.3,2.77,831.0,0.0,52.54,23.04,24.09,24.95,1.43,
54,2025-02-10 12:00:00,5.9,3.53,856.0,0.0,53.34,25.14,25.3,25.56,1.51,
54,2025-02-10 13:00:00,6.95,3.02,929.0,0.0,48.05,26.34,27.07,27.55,1.87,
54,2025-02-10 14:00:00,6.5,3.3,935.0,0.0,44.35,27.68,28.2,28.76,2.13,
54,2025-02-10 15:00:00,6.65,3.26,900.0,0.0,33.95,29.04,29.51,30.01,2.73,
54,2025-02-10 16:00:00,5.9,2.97,807.0,0.0,26.07,30.34,30.57,30.7,3.24,
54,2025-02-10 17:00:00,5.22,2.89,693.3,0.0,23.4,30.57,30.64,30.68,3.37,
54,2025-02-10 18:00:00,5.38,2.97,486.1,0.0,21.87,29.78,30.24,30.48,3.36,
54,2025-02-10 19:00:00,5.22,3.19,278.1,0.0,20.39,28.49,28.9,29.35,3.17,
54,2025-02-10 20:00:00,3.95,2.04,84.4,0.0,24.47,25.49,26.62,27.76,2.64,
54,2025-02-10 21:00:00,3.95,2.17,0.58,0.0,24.05,24.03,24.6,25.15,2.35,
54,2025-02-10 22:00:00,3.42,1.83,0.0,0.0,30.43,21.26,22.0,22.78,1.84,
54,2025-02-10 23:00:00,4.62,2.34,0.0,0.0,35.71,20.07,20.65,21.19,1.57,
54,2025-02-11 00:00:00,4.62,2.44,0.0,0.0,42.57,18.13,18.71,19.4,1.24,
54,2025-02-11 01:00:00,4.62,1.83,0.0,0.0,51.61,16.88,17.39,17.85,0.96,
54,2025-02-11 02:00:00,5.75,2.27,0.0,0.0,55.61,15.44,16.0,16.5,0.81,
54,2025-02-11 03:00:00,5.15,2.67,0.0,0.0,57.12,14.22,14.62,15.02,0.72,
54,2025-02-11 04:00:00,3.2,1.03,0.0,0.0,60.89,13.01,13.33,13.79,0.6,
54,2025-02-11 05:00:00,4.47,2.49,0.0,0.0,63.75,12.18,12.47,12.82,0.52,
54,2025-02-11 06:00:00,3.88,1.99,0.26,0.0,68.36,11.15,11.55,11.88,0.43,
54,2025-02-11 07:00:00,3.12,1.49,89.8,0.0,71.14,10.49,10.78,11.29,0.37,
54,2025-02-11 08:00:00,4.85,2.44,299.0,0.0,64.41,11.94,12.68,13.29,0.52,
54,2025-02-11 09:00:00,5.22,3.08,514.3,0.0,58.71,13.8,14.38,15.0,0.68,
54,2025-02-11 10:00:00,4.92,2.98,709.4,0.0,52.23,15.32,16.16,17.01,0.88,
54,2025-02-11 11:00:00,4.85,2.71,857.0,0.0,45.06,17.5,18.33,19.21,1.16,
54,2025-02-11 12:00:00,4.92,2.49,955.0,0.0,38.49,19.76,20.86,21.86,1.52,
54,2025-02-11 13:00:00,5.3,2.41,991.0,0.0,31.78,22.31,23.21,23.87,1.95,
54,2025-02-11 14:00:00,5.6,2.5,990.0,0.0,25.74,24.47,25.21,25.8,2.38,
54,2025-02-11 15:00:00,5.68,2.68,948.0,0.0,19.81,26.42,26.88,27.29,2.84,
54,2025-02-11 16:00:00,5.0,2.49,848.0,0.0,14.07,27.45,27.94,28.21,3.24,
54,2025-02-11 17:00:00,4.7,2.06,691.0,0.0,14.0,28.23,28.5,28.81,3.35,
54,2025-02-11 18:00:00,4.4,2.08,496.0,0.0,16.97,27.95,28.5,29.02,3.24,
54,2025-02-11 19:00:00,3.8,1.85,279.3,0.0,20.17,25.91,26.89,27.73,2.83,
54,2025-02-11 20:00:00,2.15,0.7,86.0,0.0,30.1,21.04,23.16,25.14,2.0,
54,2025-02-11 21:00:00,2.0,0.73,0.44,0.0,32.75,19.88,20.14,20.43,1.59,
54,2025-02-11 22:00:00,3.28,1.28,0.0,0.0,35.01,19.31,19.61,19.77,1.48,
54,2025-02-11 23:00:00,4.18,2.08,0.0,0.0,38.2,18.4,18.64,19.15,1.33,
54,2025-02-12 00:00:00,4.47,2.49,0.0,0.0,43.48,17.23,17.6,17.95,1.14,
54,2025-02-12 01:00:00,5.38,3.28,0.0,0.0,49.6,15.97,16.44,16.9,0.94,
54,2025-02-12 02:00:00,5.6,3.06,0.0,0.0,55.17,14.9,15.32,15.73,0.78,
54,2025-02-12 03:00:00,4.03,1.43,0.0,0.0,59.19,13.59,14.06,14.52,0.66,
54,2025-02-12 04:00:00,3.95,1.86,0.0,0.0,61.73,12.76,13.15,13.45,0.58,
54,2025-02-12 05:00:00,3.12,1.75,0.0,0.0,64.49,11.92,12.28,12.64,0.51,
54,2025-02-12 06:00:00,3.28,1.33,0.18,0.0,68.39,10.84,11.47,11.92,0.43,
54,2025-02-12 07:00:00,1.78,0.39,82.7,0.0,70.82,10.42,10.57,10.64,0.38,
54,2025-02-12 08:00:00,4.18,1.82,289.1,0.0,58.98,11.74,12.75,13.52,0.61,
54,2025-02-12 09:00:00,4.78,2.8,504.5,0.0,53.39,13.98,14.57,15.13,0.78,
54,2025-02-12 10:00:00,4.32,2.47,699.8,0.0,46.65,15.55,16.45,17.45,1.0,
54,2025-02-12 11:00:00,4.25,2.46,850.0,0.0,42.42,17.88,18.83,19.66,1.26,
54,2025-02-12 12:00:00,5.08,2.62,948.0,0.0,36.96,20.2,21.1,22.07,1.58,
54,2025-02-12 13:00:00,5.0,2.08,986.0,0.0,30.83,22.72,23.6,24.34,2.02,
54,2025-02-12 14:00:00,4.92,1.83,980.0,0.0,23.91,25.05,25.84,26.53,2.54,
54,2025-02-12 15:00:00,4.55,1.64,937.0,0.0,18.63,26.88,27.34,27.88,2.96,
54,2025-02-12 16:00:00,3.65,1.44,830.0,0.0,17.5,28.23,28.51,28.77,3.21,
54,2025-02-12 17:00:00,3.8,1.86,677.4,0.0,17.7,28.65,28.91,29.03,3.28,
54,2025-02-12 18:00:00,4.18,2.15,481.4,0.0,19.23,28.3,28.6,28.72,3.16,
54,2025-02-12 19:00:00,3.35,1.65,270.8,0.0,21.83,26.45,27.19,27.69,2.82,
54,2025-02-12 20:00:00,1.62,0.22,78.51,0.0,37.02,20.76,23.4,25.58,1.84,
54,2025-02-12 21:00:00,1.62,0.57,0.37,0.0,41.6,17.75,18.81,19.98,1.27,
54,2025-02-12 22:00:00,1.4,0.41,0.0,0.0,52.57,15.84,16.63,17.41,0.9,
54,2025-02-12 23:00:00,0.5,0.0,0.0,0.0,63.43,13.56,14.28,14.73,0.6,
54,2025-02-13 00:00:00,1.4,0.08,0.0,0.0,67.33,12.63,13.15,13.6,0.5,
54,2025-02-13 01:00:00,2.6,0.42,0.0,0.0,62.18,11.83,13.21,16.06,0.6,
54,2025-02-13 02:00:00,2.6,0.86,0.0,0.0,51.17,15.69,16.3,16.86,0.91,
54,2025-02-13 03:00:00,3.42,1.77,0.0,0.0,58.91,15.15,15.21,15.34,0.71,
54,2025-02-13 04:00:00,4.32,1.81,0.0,0.0,63.96,14.39,14.66,14.92,0.6,
54,2025-02-13 05:00:00,3.5,1.68,0.0,0.0,66.21,13.83,14.14,14.33,0.54,
54,2025-02-13 06:00:00,3.72,1.36,0.15,0.0,67.97,13.35,13.56,13.64,0.5,
54,2025-02-13 07:00:00,2.3,0.57,83.3,0.0,68.62,12.86,13.1,13.55,0.48,
54,2025-02-13 08:00:00,4.7,1.67,289.5,0.0,60.68,14.34,14.91,15.4,0.67,
54,2025-02-13 09:00:00,4.47,2.7,504.6,0.0,55.79,15.55,16.27,17.07,0.82,
54,2025-02-13 10:00:00,4.03,2.14,696.9,0.0,48.09,17.65,18.66,19.71,1.12,
54,2025-02-13 11:00:00,4.25,1.98,848.0,0.0,40.48,20.48,21.4,22.38,1.52,
54,2025-02-13 12:00:00,4.18,1.75,947.0,0.0,32.29,23.29,24.23,25.16,2.05,
54,2025-02-13 13:00:00,3.95,1.28,984.0,0.0,24.7,25.8,26.86,27.75,2.67,
54,2025-02-13 14:00:00,2.98,1.27,978.0,0.0,19.58,28.26,28.75,29.26,3.18,
54,2025-02-13 15:00:00,2.75,0.91,934.0,0.0,18.25,29.67,30.08,30.56,3.49,
54,2025-02-13 16:00:00,3.12,1.2,821.0,0.0,18.39,30.33,31.07,31.47,3.69,
54,2025-02-13 17:00:00,4.25,1.81,663.8,0.0,21.32,30.58,31.13,31.78,3.57,
54,2025-02-13 18:00:00,4.47,1.58,469.4,0.0,21.01,29.87,30.3,30.84,3.41,
54,2025-02-13 19:00:00,4.32,2.52,263.9,0.0,19.76,26.7,27.63,28.56,2.97,
54,2025-02-13 20:00:00,3.65,1.73,78.46,0.0,23.2,23.42,24.71,25.93,2.39,
54,2025-02-13 21:00:00,2.45,0.99,0.29,0.0,30.47,19.8,20.82,21.98,1.72,
54,2025-02-13 22:00:00,2.45,0.62,0.0,0.0,35.63,18.04,18.59,19.17,1.38,
54,2025-02-13 23:00:00,1.62,0.66,0.0,0.0,42.76,15.62,16.78,17.51,1.1,
54,2025-02-14 00:00:00,1.62,0.66,0.0,0.0,54.43,13.95,14.67,15.16,0.76,
54,2025-02-14 01:00:00,1.7,0.46,0.0,0.0,63.89,12.5,13.55,14.21,0.56,
54,2025-02-14 02:00:00,1.02,0.07,0.0,0.0,74.19,10.82,11.12,11.45,0.34,
54,2025-02-14 03:00:00,1.48,0.54,0.0,0.0,76.39,10.55,10.95,11.29,0.31,
54,2025-02-14 04:00:00,1.32,0.36,0.0,0.0,80.47,9.65,10.31,10.74,0.25,
54,2025-02-14 05:00:00,2.38,0.38,0.0,0.0,83.25,8.67,9.32,10.32,0.2,
54,2025-02-14 06:00:00,2.9,1.51,0.08,0.0,79.78,10.79,10.93,11.04,0.27,
54,2025-02-14 07:00:00,3.2,0.83,81.0,0.0,79.67,10.71,10.83,10.98,0.27,
54,2025-02-14 08:00:00,3.8,1.6,288.6,0.0,70.47,11.78,12.58,13.22,0.43,
54,2025-02-14 09:00:00,4.4,2.7,506.9,0.0,64.08,13.61,14.35,15.04,0.59,
54,2025-02-14 10:00:00,5.0,2.62,698.6,0.0,57.64,15.53,16.31,17.04,0.79,
54,2025-02-14 11:00:00,4.4,2.28,847.0,0.0,49.38,17.55,18.61,19.5,1.09,
54,2025-02-14 12:00:00,4.18,1.98,945.0,0.0,41.95,20.04,21.1,21.98,1.46,
54,2025-02-14 13:00:00,3.95,1.64,977.0,0.0,35.12,22.34,22.91,23.56,1.82,
54,2025-02-14 14:00:00,4.32,1.99,975.0,0.0,31.8,23.69,24.66,25.47,2.12,
54,2025-02-14 15:00:00,3.58,1.43,930.0,0.0,25.71,25.79,26.48,27.35,2.57,
54,2025-02-14 16:00:00,3.5,1.32,828.0,0.0,21.37,27.48,28.0,28.27,2.97,
54,2025-02-14 17:00:00,3.5,1.3,673.4,0.0,22.4,28.76,29.01,29.45,3.11,
54,2025-02-14 18:00:00,3.5,1.84,475.9,0.0,26.64,27.75,28.04,28.28,2.78,
54,2025-02-14 19:00:00,2.6,0.63,266.4,0.0,29.32,26.46,27.22,27.83,2.56,
54,2025-02-14 20:00:00,3.5,1.59,81.6,0.0,27.55,21.63,23.29,25.27,2.08,
54,2025-02-14 21:00:00,3.65,2.03,0.21,0.0,43.43,17.95,19.34,20.74,1.28,
54,2025-02-14 22:00:00,2.9,1.35,0.0,0.0,51.81,16.13,16.63,17.33,0.91,
54,2025-02-14 23:00:00,2.75,1.14,0.0,0.0,56.56,14.63,15.34,15.93,0.76,
54,2025-02-15 00:00:00,1.48,0.25,0.0,0.0,62.98,13.42,13.88,14.38,0.59,
54,2025-02-15 01:00:00,0.72,0.06,0.0,0.0,72.82,11.43,11.99,12.35,0.38,
54,2025-02-15 02:00:00,0.8,0.04,0.0,0.0,78.22,10.33,10.8,11.31,0.28,
54,2025-02-15 03:00:00,0.0,0.0,0.0,0.0,80.33,9.76,9.91,10.01,0.24,
54,2025-02-15 04:00:00,1.02,0.03,0.0,0.0,84.1,8.73,9.06,9.38,0.19,
54,2025-02-15 05:00:00,0.95,0.18,0.0,0.0,85.7,8.37,8.65,8.76,0.16,
54,2025-02-15 06:00:00,1.18,0.17,0.08,0.0,85.28,8.34,8.72,9.06,0.17,
54,2025-02-15 07:00:00,0.0,0.0,80.4,0.0,86.98,7.59,8.04,8.73,0.14,
54,2025-02-15 08:00:00,3.8,1.44,276.9,0.0,71.69,11.08,13.11,14.32,0.43,
54,2025-02-15 09:00:00,3.5,1.94,492.9,0.0,63.67,14.86,15.51,16.19,0.64,
54,2025-02-15 10:00:00,3.2,1.26,684.1,0.0,56.74,16.52,17.43,18.46,0.87,
54,2025-02-15 11:00:00,3.05,0.96,833.0,0.0,47.86,19.34,20.06,20.63,1.22,
54,2025-02-15 12:00:00,2.6,1.06,930.0,0.0,41.98,21.14,22.2,23.27,1.56,
54,2025-02-15 13:00:00,2.68,1.13,963.0,0.0,36.08,23.53,24.46,25.16,1.96,
54,2025-02-15 14:00:00,3.28,1.35,965.0,0.0,30.29,25.41,25.93,26.6,2.34,
54,2025-02-15 15:00:00,3.28,1.39,917.0,0.0,27.35,26.73,27.13,27.32,2.61,
54,2025-02-15 16:00:00,3.8,1.22,810.0,0.0,23.39,27.7,28.22,28.52,2.94,
54,2025-02-15 17:00:00,5.3,2.72,652.1,0.0,31.81,27.17,27.68,28.52,2.53,
54,2025-02-15 18:00:00,5.45,3.21,464.8,0.0,32.4,25.43,26.08,26.54,2.29,
54,2025-02-15 19:00:00,6.72,3.51,255.5,0.0,37.95,21.52,23.36,24.86,1.79,
54,2025-02-15 20:00:00,5.52,3.08,71.72,0.0,44.63,18.04,19.39,20.68,1.26,
54,2025-02-15 21:00:00,5.45,2.94,0.18,0.0,57.99,15.7,16.58,17.49,0.79,
54,2025-02-15 22:00:00,4.62,2.39,0.0,0.0,65.57,14.3,14.79,15.33,0.58,
54,2025-02-15 23:00:00,3.05,0.89,0.0,0.0,68.31,13.49,14.0,14.23,0.51,
54,2025-02-16 00:00:00,1.78,0.51,0.0,0.0,76.6,12.14,12.31,12.5,0.34,
54,2025-02-16 01:00:00,0.95,0.08,0.0,0.0,78.98,11.54,11.83,12.21,0.29,
54,2025-02-16 02:00:00,1.7,0.38,0.0,0.0,81.08,11.25,11.52,11.79,0.26,
54,2025-02-16 03:00:00,1.02,0.16,0.0,0.0,86.85,9.6,9.86,10.34,0.16,
54,2025-02-16 04:00:00,0.88,0.08,0.0,0.0,88.03,8.43,9.2,9.75,0.14,
54,2025-02-16 05:00:00,0.95,0.03,0.0,0.0,91.55,7.94,8.12,8.36,0.09,
54,2025-02-16 06:00:00,1.1,0.2,0.07,0.0,91.28,7.85,8.12,8.35,0.1,
54,2025-02-16 07:00:00,3.58,1.06,83.3,0.0,82.83,8.19,10.19,11.51,0.22,
54,2025-02-16 08:00:00,4.85,2.43,274.9,0.0,71.72,12.12,12.74,13.29,0.42,
54,2025-02-16 09:00:00,4.25,2.32,492.5,0.0,64.92,13.63,14.49,15.38,0.58,
54,2025-02-16 10:00:00,4.1,2.07,685.0,0.0,57.42,15.96,16.68,17.65,0.81,
54,2025-02-16 11:00:00,4.7,2.23,825.0,0.0,50.93,18.49,19.21,20.19,1.1,
54,2025-02-16 12:00:00,4.03,2.12,929.0,0.0,42.28,21.22,22.15,23.08,1.54,
54,2025-02-16 13:00:00,4.7,2.43,966.0,0.0,37.39,23.46,24.55,25.48,1.94,
54,2025-02-16 14:00:00,5.82,2.79,963.0,0.0,32.57,25.87,26.42,27.11,2.33,
54,2025-02-16 15:00:00,5.38,2.62,923.0,0.0,23.53,27.37,27.79,28.19,2.86,
54,2025-02-16 16:00:00,5.22,2.8,821.0,0.0,22.22,28.43,28.53,28.63,3.03,
54,2025-02-16 17:00:00,5.15,2.67,672.5,0.0,20.18,28.63,28.78,28.89,3.16,
54,2025-02-16 18:00:00,5.15,2.82,476.4,0.0,21.09,27.85,28.25,28.58,3.03,
54,2025-02-16 19:00:00,5.22,2.42,263.8,0.0,19.64,26.45,27.14,27.75,2.89,
54,2025-02-16 20:00:00,5.08,2.17,72.71,0.0,21.79,24.14,25.08,26.03,2.49,
54,2025-02-16 21:00:00,4.18,2.28,0.13,0.0,23.63,22.34,22.96,23.47,2.14,
54,2025-02-16 22:00:00,4.32,1.81,0.0,0.0,41.86,18.6,20.12,21.32,1.38,
54,2025-02-16 23:00:00,2.6,0.94,0.0,0.0,49.46,17.86,18.16,18.36,1.05,
54,2025-02-17 00:00:00,3.8,1.85,0.0,0.0,47.8,18.27,18.45,18.65,1.11,
54,2025-02-17 01:00:00,5.75,3.26,0.0,0.0,51.13,17.12,17.51,17.89,0.98,
54,2025-02-17 02:00:00,6.2,3.55,0.0,0.0,57.69,16.07,16.45,16.86,0.79,
54,2025-02-17 03:00:00,6.12,2.86,0.0,0.0,63.27,15.06,15.39,15.72,0.64,
54,2025-02-17 04:00:00,5.38,2.55,0.0,0.0,66.52,13.89,14.31,14.7,0.55,
54,2025-02-17 05:00:00,4.55,1.52,0.0,0.0,69.99,12.77,13.14,13.56,0.45,
54,2025-02-17 06:00:00,3.95,2.17,0.05,0.0,72.26,12.02,12.34,12.65,0.4,
54,2025-02-17 07:00:00,4.92,2.11,79.8,0.0,73.69,11.75,11.92,12.26,0.37,
54,2025-02-17 08:00:00,4.47,2.44,281.3,0.0,67.48,12.59,13.2,13.81,0.5,
54,2025-02-17 09:00:00,5.3,3.32,497.4,0.0,60.68,14.34,15.11,15.9,0.68,
54,2025-02-17 10:00:00,6.2,3.36,694.0,0.0,53.07,16.32,17.23,18.17,0.93,
54,2025-02-17 11:00:00,5.9,2.94,843.0,0.0,46.62,18.37,19.48,20.36,1.21,
54,2025-02-17 12:00:00,5.38,2.5,937.0,0.0,39.81,21.04,21.86,22.93,1.58,
54,2025-02-17 13:00:00,5.22,2.47,970.0,0.0,35.83,23.47,24.2,25.03,1.94,
54,2025-02-17 14:00:00,6.12,2.48,970.0,0.0,33.09,25.49,26.15,26.9,2.27,
54,2025-02-17 15:00:00,4.25,2.19,926.0,0.0,27.7,27.33,27.7,28.08,2.69,
54,2025-02-17 16:00:00,4.62,2.48,820.0,0.0,25.83,28.38,28.51,28.64,2.89,
54,2025-02-17 17:00:00,5.15,2.5,665.2,0.0,23.44,28.73,28.88,28.98,3.05,
54,2025-02-17 18:00:00,5.15,2.7,478.8,0.0,21.5,28.56,28.72,28.9,3.09,
54,2025-02-17 19:00:00,4.4,2.49,264.7,0.0,21.03,27.45,27.97,28.46,2.98,
54,2025-02-17 20:00:00,3.35,1.06,75.39,0.0,27.89,22.92,25.09,26.99,2.32,
54,2025-02-17 21:00:00,2.68,0.69,0.12,0.0,34.5,20.54,21.45,22.44,1.68,
54,2025-02-17 22:00:00,3.2,1.49,0.0,0.0,34.42,21.0,21.82,22.42,1.72,
54,2025-02-17 23:00:00,3.35,1.44,0.0,0.0,41.83,20.09,20.49,20.95,1.41,
54,2025-02-18 00:00:00,4.47,1.53,0.0,0.0,44.67,19.49,19.7,19.93,1.27,
54,2025-02-18 01:00:00,4.92,2.96,0.0,0.0,47.44,18.5,19.06,19.44,1.16,
54,2025-02-18 02:00:00,3.65,1.82,0.0,0.0,53.54,16.78,17.25,17.9,0.92,
54,2025-02-18 03:00:00,3.72,2.32,0.0,0.0,55.74,16.01,16.31,16.68,0.82,
54,2025-02-18 04:00:00,3.95,1.74,0.0,0.0,58.82,14.87,15.35,15.83,0.72,
54,2025-02-18 05:00:00,3.42,1.25,0.0,0.0,63.09,13.71,14.19,14.69,0.6,
54,2025-02-18 06:00:00,2.38,0.56,0.02,0.0,68.05,12.56,12.99,13.56,0.48,
54,2025-02-18 07:00:00,3.42,1.11,66.11,0.0,65.77,12.8,13.19,13.91,0.52,
54,2025-02-18 08:00:00,5.0,2.3,269.5,0.0,58.6,14.35,15.09,15.61,0.71,
54,2025-02-18 09:00:00,5.52,3.03,488.1,0.0,55.03,15.76,16.5,16.97,0.85,
54,2025-02-18 10:00:00,4.32,2.3,670.8,0.0,48.53,17.61,18.63,19.56,1.11,
54,2025-02-18 11:00:00,4.78,1.92,821.0,0.0,42.26,20.13,20.97,21.86,1.44,
54,2025-02-18 12:00:00,3.65,1.34,899.0,0.0,37.27,22.73,23.64,24.42,1.84,
54,2025-02-18 13:00:00,3.95,1.44,956.0,0.0,29.64,25.25,26.29,27.03,2.41,
54,2025-02-18 14:00:00,4.18,1.75,950.0,0.0,25.76,27.79,28.5,29.42,2.89,
54,2025-02-18 15:00:00,3.65,1.33,910.0,0.0,24.82,30.17,30.85,31.56,3.35,
54,2025-02-18 16:00:00,2.98,0.96,801.0,0.0,21.39,31.54,32.3,32.63,3.8,
54,2025-02-18 17:00:00,4.32,1.6,648.5,0.0,22.87,32.52,32.86,33.06,3.85,
54,2025-02-18 18:00:00,3.88,1.78,453.6,0.0,24.89,31.65,31.89,32.16,3.55,
54,2025-02-18 19:00:00,2.98,0.98,243.2,0.0,27.99,29.9,30.99,31.74,3.24,
54,2025-02-18 20:00:00,3.5,1.66,60.38,0.0,31.32,25.53,26.77,28.35,2.42,
54,2025-02-18 21:00:00,3.8,2.09,0.08,0.0,36.01,23.6,24.26,24.85,1.94,
54,2025-02-18 22:00:00,2.52,0.87,0.0,0.0,46.14,20.72,21.73,22.91,1.41,
54,2025-02-18 23:00:00,1.85,0.47,0.0,0.0,53.75,19.18,19.56,20.09,1.05,
54,2025-02-19 00:00:00,2.22,0.87,0.0,0.0,58.92,17.59,18.06,18.83,0.85,
54,2025-02-19 01:00:00,2.38,0.64,0.0,0.0,60.66,16.19,17.16,17.85,0.77,
54,2025-02-19 02:00:00,1.92,1.11,0.0,0.0,66.43,14.94,15.6,16.04,0.6,
54,2025-02-19 03:00:00,1.55,0.27,0.0,0.0,77.11,12.86,13.98,14.78,0.37,
54,2025-02-19 04:00:00,1.32,0.28,0.0,0.0,80.77,12.57,12.8,13.11,0.29,
54,2025-02-19 05:00:00,1.85,0.96,0.0,0.0,81.68,12.53,12.81,13.11,0.27,
54,2025-02-19 06:00:00,2.98,1.39,0.01,0.0,83.45,12.34,12.47,12.64,0.24,
54,2025-02-19 07:00:00,2.75,1.19,45.93,0.0,83.53,12.57,12.75,12.91,0.24,
54,2025-02-19 08:00:00,3.58,1.7,245.3,0.0,77.48,13.29,14.1,14.95,0.36,
54,2025-02-19 09:00:00,4.85,2.34,464.2,0.0,67.66,15.52,16.26,16.93,0.6,
54,2025-02-19 10:00:00,5.15,2.49,651.8,0.0,58.82,17.57,18.47,19.3,0.88,
54,2025-02-19 11:00:00,4.25,1.82,797.9,0.0,52.84,20.03,20.68,21.34,1.15,
54,2025-02-19 12:00:00,4.55,1.87,889.0,0.0,47.88,21.74,22.55,23.59,1.43,
54,2025-02-19 13:00:00,4.03,1.78,920.0,0.0,45.16,23.62,24.24,24.96,1.66,
54,2025-02-19 14:00:00,4.62,1.99,919.0,0.0,41.97,25.29,25.45,25.64,1.89,
54,2025-02-19 15:00:00,5.08,2.94,868.0,0.0,42.29,24.97,25.17,25.35,1.85,
54,2025-02-19 16:00:00,4.78,2.35,771.0,0.0,41.4,25.29,25.48,25.76,1.91,
54,2025-02-19 17:00:00,5.3,2.43,626.2,0.0,39.2,25.53,25.67,25.79,2.01,
54,2025-02-19 18:00:00,4.47,2.48,435.7,0.0,41.08,25.17,25.4,25.54,1.91,
54,2025-02-19 19:00:00,3.58,1.96,239.1,0.0,43.71,24.02,24.6,25.08,1.75,
54,2025-02-19 20:00:00,4.18,2.27,56.82,0.0,51.17,20.65,22.14,23.44,1.31,
54,2025-02-19 21:00:00,3.8,1.64,0.05,0.0,62.38,18.27,19.09,19.93,0.84,
54,2025-02-19 22:00:00,4.03,1.16,0.0,0.0,69.0,16.9,17.26,17.78,0.61,
54,2025-02-19 23:00:00,3.95,1.78,0.0,0.0,73.85,15.92,16.21,16.66,0.48,
54,2025-02-20 00:00:00,2.45,0.77,0.0,0.0,79.05,14.79,15.02,15.25,0.36,
54,2025-02-20 01:00:00,2.75,0.63,0.0,0.0,83.58,13.62,13.91,14.23,0.26,
54,2025-02-20 02:00:00,2.3,0.73,0.0,0.0,86.3,13.31,13.66,13.97,0.22,
54,2025-02-20 03:00:00,2.22,0.58,0.0,0.0,89.95,12.6,12.83,12.97,0.15,
54,2025-02-20 04:00:00,1.18,0.09,0.0,0.0,91.95,11.81,12.0,12.33,0.12,
54,2025-02-20 05:00:00,1.62,0.49,0.0,0.0,91.8,12.22,12.41,12.69,0.12,
54,2025-02-20 06:00:00,3.35,1.03,0.0,0.0,87.03,13.09,13.59,14.14,0.2,
54,2025-02-20 07:00:00,2.82,1.59,10.37,0.0,83.7,14.24,14.34,14.46,0.27,
54,2025-02-20 08:00:00,2.6,0.98,50.58,0.0,82.05,14.58,14.77,14.92,0.3,
54,2025-02-20 09:00:00,2.68,1.12,127.1,0.0,79.96,14.96,15.15,15.43,0.35,
54,2025-02-20 10:00:00,2.82,1.52,249.8,0.0,76.9,15.54,15.75,15.94,0.42,
54,2025-02-20 11:00:00,2.82,0.96,427.4,0.0,71.01,16.34,17.04,17.83,0.57,
54,2025-02-20 12:00:00,2.9,1.31,922.0,0.0,62.92,18.21,19.27,20.63,0.83,
54,2025-02-20 13:00:00,3.5,1.29,924.0,0.0,55.95,20.81,21.63,22.83,1.14,
54,2025-02-20 14:00:00,3.2,1.27,929.0,0.0,50.1,22.83,23.42,24.08,1.44,
54,2025-02-20 15:00:00,3.65,1.64,883.0,0.0,47.13,24.46,24.84,25.31,1.66,
54,2025-02-20 16:00:00,3.88,1.35,773.9,0.0,42.07,25.43,26.05,26.34,1.96,
54,2025-02-20 17:00:00,3.05,0.91,627.4,0.0,39.09,26.91,27.25,27.62,2.2,
54,2025-02-20 18:00:00,2.75,1.14,432.4,0.0,40.08,26.97,27.21,27.34,2.16,
54,2025-02-20 19:00:00,4.55,1.76,226.6,0.0,45.05,23.89,25.68,27.18,1.83,
54,2025-02-20 20:00:00,3.8,1.6,56.52,0.0,54.53,20.64,21.8,22.93,1.2,
54,2025-02-20 21:00:00,1.32,0.27,0.03,0.0,62.57,17.99,18.87,19.76,0.82,
54,2025-02-20 22:00:00,0.8,0.08,0.0,0.0,73.03,15.69,16.59,17.6,0.51,
54,2025-02-20 23:00:00,0.95,0.09,0.0,0.0,76.22,15.14,15.27,15.4,0.42,
54,2025-02-21 00:00:00,0.88,0.03,0.0,0.0,81.61,13.39,13.95,14.63,0.29,
54,2025-02-21 01:00:00,1.85,0.39,0.0,0.0,80.06,13.69,13.83,13.98,0.32,
54,2025-02-21 02:00:00,2.0,0.42,0.0,0.0,81.25,12.97,13.32,13.5,0.29,
54,2025-02-21 03:00:00,1.02,0.05,0.0,0.0,86.0,11.57,12.01,12.46,0.2,
54,2025-02-21 04:00:00,0.8,0.04,0.0,0.0,88.7,11.16,11.26,11.49,0.15,
54,2025-02-21 05:00:00,0.8,0.04,0.0,0.0,89.93,10.49,10.76,11.18,0.13,
54,2025-02-21 06:00:00,0.0,0.0,0.02,0.0,92.05,9.49,9.9,10.43,0.1,
54,2025-02-21 07:00:00,0.0,0.0,69.25,0.0,91.43,8.94,9.24,9.6,0.1,
54,2025-02-21 08:00:00,2.45,0.67,252.3,0.0,79.5,11.17,12.82,13.97,0.31,
54,2025-02-21 09:00:00,3.5,1.93,467.0,0.0,66.37,14.56,15.47,16.29,0.59,
54,2025-02-21 10:00:00,3.58,1.53,656.8,0.0,58.76,16.86,17.73,18.66,0.84,
54,2025-02-21 11:00:00,3.12,1.29,803.0,0.0,51.01,19.22,20.3,21.37,1.17,
54,2025-02-21 12:00:00,2.75,1.02,897.0,0.0,45.73,22.02,23.03,23.9,1.53,
54,2025-02-21 13:00:00,2.68,0.84,934.0,0.0,40.06,24.87,25.7,26.49,1.98,
54,2025-02-21 14:00:00,3.5,0.89,935.0,0.0,32.48,27.11,28.32,29.59,2.61,
54,2025-02-21 15:00:00,3.8,0.82,884.0,0.0,28.94,29.65,30.03,30.41,3.02,
54,2025-02-21 16:00:00,2.75,0.79,780.9,0.0,25.76,30.39,31.2,31.74,3.38,
54,2025-02-21 17:00:00,3.12,0.83,627.9,0.0,24.53,31.39,31.85,32.05,3.56,
54,2025-02-21 18:00:00,2.52,0.73,443.3,0.0,27.65,31.52,31.72,32.02,3.38,
54,2025-02-21 19:00:00,4.18,0.99,231.8,0.0,34.65,28.27,29.83,30.53,2.76,
54,2025-02-21 20:00:00,4.85,2.13,50.06,0.0,39.97,23.12,24.63,26.33,1.87,
54,2025-02-21 21:00:00,3.95,1.58,0.02,0.0,46.18,20.85,21.77,22.44,1.41,
54,2025-02-21 22:00:00,2.15,0.65,0.0,0.0,48.15,18.69,19.75,20.47,1.2,
54,2025-02-21 23:00:00,2.52,0.81,0.0,0.0,54.16,17.21,18.02,18.53,0.95,
54,2025-02-22 00:00:00,2.22,0.37,0.0,0.0,62.75,15.17,16.01,16.62,0.68,
54,2025-02-22 01:00:00,1.85,0.5,0.0,0.0,66.1,14.37,14.8,15.15,0.57,
54,2025-02-22 02:00:00,2.22,0.36,0.0,0.0,70.69,13.87,14.39,14.9,0.48,
54,2025-02-22 03:00:00,0.0,0.0,0.0,0.0,82.58,11.51,12.01,12.92,0.25,
54,2025-02-22 04:00:00,0.65,0.01,0.0,0.0,83.6,11.08,11.35,11.68,0.22,
54,2025-02-22 05:00:00,1.18,0.11,0.0,0.0,86.08,10.89,11.21,11.48,0.19,
54,2025-02-22 06:00:00,0.95,0.12,0.0,0.0,87.85,10.66,10.97,11.25,0.16,
54,2025-02-22 07:00:00,0.88,0.05,57.01,0.0,86.08,10.96,11.16,11.59,0.19,
54,2025-02-22 08:00:00,2.15,0.12,265.8,0.0,68.34,12.43,14.59,16.99,0.54,
54,2025-02-22 09:00:00,4.1,1.96,475.8,0.0,53.94,17.48,17.99,18.57,0.95,
54,2025-02-22 10:00:00,4.4,2.53,664.7,0.0,49.91,18.96,19.87,20.84,1.17,
54,2025-02-22 11:00:00,4.92,2.66,803.0,0.0,42.97,21.58,22.42,23.3,1.55,
54,2025-02-22 12:00:00,5.6,2.85,914.0,0.0,37.37,23.66,24.56,25.31,1.94,
54,2025-02-22 13:00:00,5.6,3.04,935.0,0.0,32.3,25.66,26.31,27.03,2.32,
54,2025-02-22 14:00:00,5.68,2.77,941.0,0.0,29.45,27.45,27.96,28.51,2.66,
54,2025-02-22 15:00:00,4.62,2.44,908.0,0.0,22.46,28.71,29.52,30.11,3.21,
54,2025-02-22 16:00:00,5.3,2.43,793.3,0.0,20.79,30.71,30.86,31.05,3.53,
54,2025-02-22 17:00:00,4.18,2.26,644.6,0.0,19.28,31.21,31.4,31.54,3.71,
54,2025-02-22 18:00:00,3.95,2.19,451.0,0.0,21.62,30.59,31.07,31.49,3.54,
54,2025-02-22 19:00:00,4.25,1.56,238.8,0.0,24.4,28.26,29.39,30.41,3.1,
54,2025-02-22 20:00:00,2.98,1.26,56.88,0.0,29.41,25.41,26.26,27.69,2.42,
54,2025-02-22 21:00:00,6.28,3.4,0.02,0.0,43.69,23.75,24.77,25.56,1.76,
54,2025-02-22 22:00:00,2.82,0.79,0.0,0.0,57.14,19.63,21.37,22.64,1.1,
54,2025-02-22 23:00:00,1.18,0.17,0.0,0.0,64.28,17.68,17.97,18.29,0.74,
54,2025-02-23 00:00:00,1.92,0.56,0.0,0.0,65.38,17.12,17.7,18.11,0.71,
54,2025-02-23 01:00:00,2.22,0.76,0.0,0.0,71.72,15.98,16.64,17.02,0.54,
54,2025-02-23 02:00:00,1.85,0.54,0.0,0.0,77.58,15.1,15.65,16.06,0.4,
54,2025-02-23 03:00:00,1.48,0.11,0.0,0.0,83.15,13.47,14.13,15.03,0.28,
54,2025-02-23 04:00:00,0.72,0.01,0.0,0.0,85.73,12.26,12.54,12.88,0.21,
54,2025-02-23 05:00:00,1.02,0.16,0.0,0.0,90.0,11.37,11.61,11.99,0.14,
54,2025-02-23 06:00:00,0.72,0.02,0.0,0.0,92.18,10.34,10.62,10.91,0.1,
54,2025-02-23 07:00:00,1.1,0.14,71.94,0.0,91.5,10.39,10.68,11.28,0.11,
54,2025-02-23 08:00:00,0.95,0.02,257.9,0.0,76.54,12.71,15.55,18.48,0.44,
54,2025-02-23 09:00:00,4.18,1.57,470.0,0.0,58.56,19.2,19.52,20.13,0.94,
54,2025-02-23 10:00:00,4.62,2.69,659.8,0.0,50.44,20.3,21.44,22.6,1.27,
54,2025-02-23 11:00:00,4.47,2.37,806.0,0.0,44.36,23.45,24.42,25.38,1.7,
54,2025-02-23 12:00:00,5.82,3.1,898.0,0.0,39.24,25.94,26.73,27.47,2.14,
54,2025-02-23 13:00:00,5.52,3.09,934.0,0.0,28.96,28.07,28.64,29.16,2.79,
54,2025-02-23 14:00:00,5.75,2.93,934.0,0.0,22.74,29.46,29.94,30.63,3.27,
54,2025-02-23 15:00:00,4.92,2.35,889.0,0.0,24.52,30.72,31.33,31.64,3.45,
54,2025-02-23 16:00:00,4.55,2.12,784.2,0.0,23.89,31.76,32.17,32.47,3.66,
54,2025-02-23 17:00:00,4.92,2.16,632.4,0.0,20.73,32.41,32.61,32.69,3.9,
54,2025-02-23 18:00:00,5.22,2.43,441.4,0.0,22.62,31.78,32.43,32.99,3.77,
54,2025-02-23 19:00:00,5.75,3.36,195.3,0.0,28.01,28.23,29.52,30.67,2.98,
54,2025-02-23 20:00:00,4.7,2.21,72.05,0.0,39.83,24.67,26.19,27.74,2.06,
54,2025-02-23 21:00:00,3.42,0.96,0.02,0.0,52.25,22.16,22.73,23.47,1.32,
54,2025-02-23 22:00:00,4.55,1.94,0.0,0.0,59.84,21.26,21.74,22.26,1.05,
54,2025-02-23 23:00:00,2.75,1.12,0.0,0.0,68.03,19.59,19.92,20.79,0.75,
54,2025-02-24 00:00:00,2.82,0.9,0.0,0.0,71.72,18.3,18.88,19.36,0.62,
54,2025-02-24 01:00:00,2.08,0.98,0.0,0.0,74.67,17.56,17.74,17.92,0.52,
54,2025-02-24 02:00:00,1.18,0.17,0.0,0.0,81.1,15.55,16.45,17.24,0.36,
54,2025-02-24 03:00:00,1.55,0.07,0.0,0.0,86.28,14.65,14.87,15.12,0.23,
54,2025-02-24 04:00:00,2.45,0.61,0.0,0.0,86.23,15.31,16.22,16.81,0.25,
54,2025-02-24 05:00:00,2.68,0.97,0.0,0.0,87.48,16.4,16.58,16.71,0.24,
54,2025-02-24 06:00:00,2.3,1.38,0.0,0.0,88.1,16.35,16.53,16.7,0.22,
54,2025-02-24 07:00:00,3.05,1.65,56.62,0.0,85.75,16.29,16.45,16.7,0.27,
54,2025-02-24 08:00:00,5.75,2.65,245.3,0.0,74.65,17.01,17.58,18.03,0.51,
54,2025-02-24 09:00:00,5.0,3.25,453.0,0.0,64.55,18.4,18.99,19.56,0.78,
54,2025-02-24 10:00:00,5.3,3.05,639.5,0.0,58.22,20.06,21.08,22.04,1.05,
54,2025-02-24 11:00:00,5.75,3.28,782.6,0.0,52.3,22.58,23.32,24.17,1.37,
54,2025-02-24 12:00:00,5.3,3.1,873.0,0.0,45.72,24.78,25.52,26.31,1.78,
54,2025-02-24 13:00:00,6.58,3.36,907.0,0.0,42.35,26.67,27.3,27.84,2.1,
54,2025-02-24 14:00:00,6.05,3.51,906.0,0.0,37.32,28.26,28.75,29.25,2.48,
54,2025-02-24 15:00:00,5.52,3.29,866.0,0.0,32.61,29.72,30.18,30.51,2.89,
54,2025-02-24 16:00:00,5.6,3.19,770.8,0.0,28.53,30.84,31.12,31.28,3.23,
54,2025-02-24 17:00:00,6.05,3.48,624.7,0.0,24.54,31.05,31.21,31.35,3.43,
54,2025-02-24 18:00:00,5.3,3.14,438.6,0.0,22.07,30.51,30.78,31.07,3.46,
54,2025-02-24 19:00:00,5.22,2.45,230.7,0.0,25.62,28.78,29.53,30.23,3.07,
54,2025-02-24 20:00:00,4.47,2.08,51.67,0.0,29.84,25.62,26.9,28.08,2.5,
54,2025-02-24 21:00:00,4.32,2.46,0.01,0.0,31.13,24.5,24.75,25.01,2.15,
54,2025-02-24 22:00:00,4.85,2.78,0.0,0.0,31.77,23.03,23.63,24.33,2.0,
54,2025-02-24 23:00:00,4.92,2.67,0.0,0.0,37.9,20.37,21.22,22.17,1.57,
54,2025-02-25 00:00:00,4.4,2.0,0.0,0.0,40.95,19.21,19.51,19.83,1.34,
54,2025-02-25 01:00:00,4.85,2.39,0.0,0.0,43.89,18.8,18.94,19.01,1.23,
54,2025-02-25 02:00:00,4.7,2.26,0.0,0.0,48.65,18.02,18.4,18.8,1.09,
54,2025-02-25 03:00:00,4.55,2.15,0.0,0.0,57.43,16.74,17.24,17.72,0.84,
54,2025-02-25 04:00:00,4.92,2.05,0.0,0.0,63.88,15.59,15.98,16.36,0.66,
54,2025-02-25 05:00:00,4.03,2.26,0.0,0.0,67.84,14.55,14.99,15.43,0.55,
54,2025-02-25 06:00:00,4.55,2.34,0.0,0.0,70.33,13.69,14.05,14.4,0.48,
54,2025-02-25 07:00:00,3.2,1.68,53.43,0.0,72.48,12.88,13.08,13.17,0.42,
54,2025-02-25 08:00:00,5.08,2.21,253.9,0.0,65.69,13.69,14.35,15.02,0.56,
54,2025-02-25 09:00:00,4.62,2.6,471.3,0.0,59.95,15.33,16.18,16.99,0.74,
54,2025-02-25 10:00:00,4.85,2.61,664.7,0.0,50.66,17.58,18.6,19.68,1.06,
54,2025-02-25 11:00:00,5.0,2.66,812.0,0.0,43.01,20.3,21.11,21.73,1.43,
54,2025-02-25 12:00:00,4.85,2.67,907.0,0.0,38.59,22.52,23.24,24.11,1.76,
54,2025-02-25 13:00:00,5.0,2.38,937.0,0.0,32.83,24.72,25.41,26.02,2.18,
54,2025-02-25 14:00:00,4.03,1.94,936.0,0.0,26.39,26.86,27.59,28.14,2.72,
54,2025-02-25 15:00:00,4.55,1.65,893.0,0.0,23.14,28.79,29.47,30.03,3.16,
54,2025-02-25 16:00:00,4.47,2.05,788.7,0.0,20.23,30.36,30.73,31.1,3.53,
54,2025-02-25 17:00:00,4.55,1.66,627.9,0.0,19.0,31.31,31.51,31.68,3.75,
54,2025-02-25 18:00:00,4.03,1.93,433.9,0.0,21.81,30.5,30.73,30.95,3.46,
54,2025-02-25 19:00:00,3.88,1.75,225.2,0.0,23.23,28.14,29.1,30.06,3.1,
54,2025-02-25 20:00:00,1.62,0.65,43.81,0.0,33.82,23.26,24.95,26.77,2.1,
54,2025-02-25 21:00:00,3.95,1.32,0.01,0.0,37.25,22.1,22.86,23.7,1.75,
54,2025-02-25 22:00:00,3.28,0.77,0.0,0.0,45.08,20.07,21.56,23.13,1.43,
54,2025-02-25 23:00:00,0.88,0.01,0.0,0.0,62.84,15.6,16.83,18.35,0.72,
54,2025-02-26 00:00:00,1.78,0.38,0.0,0.0,57.44,15.22,15.97,17.07,0.78,
54,2025-02-26 01:00:00,4.03,1.47,0.0,0.0,44.84,17.72,18.49,19.05,1.18,
54,2025-02-26 02:00:00,5.22,2.5,0.0,0.0,51.28,17.04,17.8,18.59,1.0,
54,2025-02-26 03:00:00,3.58,1.83,0.0,0.0,57.39,15.78,16.09,16.51,0.78,
54,2025-02-26 04:00:00,4.62,2.15,0.0,0.0,61.5,15.11,15.34,15.53,0.67,
54,2025-02-26 05:00:00,4.85,2.3,0.0,0.0,65.1,14.45,14.78,15.19,0.59,
54,2025-02-26 06:00:00,4.62,2.23,0.0,0.0,68.18,13.48,13.77,14.11,0.5,
54,2025-02-26 07:00:00,4.78,2.6,41.45,0.0,69.95,13.17,13.3,13.45,0.46,
54,2025-02-26 08:00:00,4.55,2.53,233.1,0.0,65.98,13.71,14.41,15.23,0.56,
54,2025-02-26 09:00:00,5.38,3.08,450.0,0.0,59.34,15.78,16.62,17.4,0.77,
54,2025-02-26 10:00:00,6.12,3.21,645.4,0.0,51.32,18.06,19.1,20.34,1.08,
54,2025-02-26 11:00:00,5.52,2.6,793.5,0.0,42.0,20.97,22.28,23.52,1.57,
54,2025-02-26 12:00:00,5.38,2.55,886.0,0.0,35.7,24.06,24.87,25.81,2.02,
54,2025-02-26 13:00:00,4.55,2.05,923.0,0.0,30.68,26.59,27.27,27.88,2.51,
54,2025-02-26 14:00:00,5.08,2.09,922.0,0.0,27.87,28.11,29.03,29.67,2.9,
54,2025-02-26 15:00:00,5.0,1.83,875.0,0.0,23.45,30.33,30.84,31.36,3.41,
54,2025-02-26 16:00:00,4.25,1.78,776.8,0.0,17.93,31.9,32.38,32.76,3.99,
54,2025-02-26 17:00:00,4.4,1.51,620.2,0.0,17.64,33.12,33.25,33.5,4.2,
54,2025-02-26 18:00:00,3.72,1.38,419.4,0.0,19.64,32.49,33.07,33.43,4.06,
54,2025-02-26 19:00:00,2.08,0.62,216.9,0.0,30.07,29.32,30.78,32.08,3.13,
54,2025-02-26 20:00:00,3.2,1.6,40.87,0.0,26.95,26.19,26.83,27.3,2.58,
54,2025-02-26 21:00:00,2.9,1.24,0.0,0.0,32.77,23.33,24.38,25.17,2.06,
54,2025-02-26 22:00:00,2.6,1.11,0.0,0.0,35.8,21.74,22.01,22.33,1.7,
54,2025-02-26 23:00:00,1.48,0.23,0.0,0.0,47.34,17.2,19.5,21.04,1.21,
54,2025-02-27 00:00:00,0.0,0.0,0.0,0.0,63.2,15.07,15.91,16.7,0.67,
54,2025-02-27 01:00:00,0.88,0.02,0.0,0.0,70.16,13.6,14.02,14.42,0.48,
54,2025-02-27 02:00:00,1.18,0.12,0.0,0.0,64.87,13.52,13.94,14.47,0.56,
54,2025-02-27 03:00:00,1.48,0.28,0.0,0.0,71.95,11.61,12.37,12.99,0.41,
54,2025-02-27 04:00:00,0.72,0.01,0.0,0.0,78.58,11.01,11.48,11.87,0.29,
54,2025-02-27 05:00:00,0.72,0.02,0.0,0.0,78.74,10.58,10.76,10.93,0.28,
54,2025-02-27 06:00:00,0.0,0.0,0.0,0.0,81.68,10.39,10.57,10.71,0.24,
54,2025-02-27 07:00:00,1.18,0.38,39.92,0.0,80.49,10.15,10.48,10.89,0.25,
54,2025-02-27 08:00:00,0.95,0.09,222.8,0.0,67.23,11.39,13.7,16.06,0.53,
54,2025-02-27 09:00:00,2.68,0.47,435.8,0.0,50.07,17.12,18.32,19.93,1.06,
54,2025-02-27 10:00:00,2.82,1.15,627.6,0.0,44.32,20.23,21.01,21.76,1.39,
54,2025-02-27 11:00:00,2.08,0.76,772.9,0.0,39.25,22.64,23.27,24.24,1.74,
54,2025-02-27 12:00:00,2.52,0.8,867.0,0.0,33.54,24.59,25.61,26.58,2.19,
54,2025-02-27 13:00:00,3.72,1.12,890.0,0.0,27.64,27.33,27.77,28.41,2.7,
54,2025-02-27 14:00:00,3.2,1.08,888.0,0.0,25.5,29.02,29.54,30.4,3.08,
54,2025-02-27 15:00:00,4.4,1.43,849.0,0.0,22.83,30.62,30.89,31.27,3.45,
54,2025-02-27 16:00:00,4.55,1.85,744.7,0.0,22.68,31.21,31.37,31.68,3.55,
54,2025-02-27 17:00:00,5.82,2.32,579.5,0.0,23.76,29.98,31.02,31.76,3.43,
54,2025-02-27 18:00:00,6.35,3.37,401.7,0.0,25.62,27.58,28.47,29.45,2.89,
54,2025-02-27 19:00:00,5.82,3.48,200.2,0.0,37.04,23.93,25.55,26.89,2.08,
54,2025-02-27 20:00:00,5.0,3.18,28.96,0.0,56.51,20.57,21.72,23.02,1.14,
54,2025-02-27 21:00:00,4.25,2.11,0.0,0.0,68.14,18.52,19.2,19.98,0.71,
54,2025-02-27 22:00:00,3.2,1.55,0.0,0.0,73.7,17.34,17.75,18.18,0.54,
54,2025-02-27 23:00:00,2.52,0.84,0.0,0.0,78.89,15.98,16.62,17.12,0.4,
54,2025-02-28 00:00:00,1.32,0.29,0.0,0.0,83.03,15.2,15.64,15.95,0.3,
54,2025-02-28 01:00:00,1.02,0.1,0.0,0.0,86.9,13.81,14.24,14.65,0.21,
54,2025-02-28 02:00:00,0.0,0.0,0.0,0.0,88.78,12.93,13.22,13.63,0.17,
54,2025-02-28 03:00:00,1.02,0.07,0.0,0.0,89.25,13.16,13.53,13.94,0.17,
54,2025-02-28 04:00:00,0.35,0.0,0.0,0.0,89.0,13.79,14.0,14.25,0.18,
54,2025-02-28 05:00:00,0.95,0.05,0.0,0.0,89.48,14.17,14.22,14.3,0.17,
54,2025-02-28 06:00:00,1.02,0.11,0.0,0.0,90.1,14.25,14.75,15.1,0.17,
54,2025-02-28 07:00:00,1.55,0.11,10.89,0.0,86.85,15.28,15.62,15.85,0.23,
54,2025-02-28 08:00:00,2.45,0.51,246.6,0.0,82.71,15.87,16.36,17.29,0.33,
54,2025-02-28 09:00:00,2.98,1.36,317.9,0.0,75.05,18.31,18.62,19.07,0.53,
54,2025-02-28 10:00:00,2.75,0.91,472.2,0.0,69.26,19.09,19.97,20.61,0.72,
54,2025-02-28 11:00:00,2.68,1.06,454.1,0.0,65.56,20.57,21.06,21.34,0.86,
54,2025-02-28 12:00:00,3.35,1.2,710.4,0.0,58.69,21.56,22.51,23.31,1.13,
54,2025-02-28 13:00:00,4.18,1.43,892.0,0.0,48.74,23.9,24.65,25.0,1.59,
54,2025-02-28 14:00:00,4.1,1.46,812.0,0.0,48.19,25.41,25.61,25.91,1.7,
54,2025-02-28 15:00:00,3.35,1.33,379.7,0.0,47.9,25.06,25.5,25.69,1.7,
54,2025-02-28 16:00:00,3.28,1.45,585.7,0.0,46.15,25.73,26.12,26.46,1.82,
54,2025-02-28 17:00:00,5.52,2.38,735.9,0.0,44.62,26.4,27.12,27.41,1.99,
54,2025-02-28 18:00:00,5.38,2.93,374.4,0.0,46.93,25.39,26.01,26.4,1.79,
54,2025-02-28 19:00:00,5.15,2.9,204.8,0.0,51.8,23.37,24.29,25.05,1.47,
54,2025-02-28 20:00:00,4.18,2.19,41.55,0.0,60.83,21.04,21.84,22.76,1.03,
54,2025-02-28 21:00:00,3.42,1.8,0.0,0.0,68.35,19.71,20.17,20.64,0.75,
54,2025-02-28 22:00:00,2.98,0.87,0.0,0.0,75.53,18.06,18.86,19.52,0.54,
54,2025-02-28 23:00:00,1.48,0.23,0.0,0.0,81.81,16.51,17.3,17.78,0.36,
54,2025-03-01 00:00:00,1.02,0.08,0.0,0.0,85.18,15.71,16.26,16.69,0.27,
54,2025-03-01 01:00:00,0.0,0.0,0.0,0.0,89.23,14.58,14.78,15.16,0.18,
54,2025-03-01 02:00:00,0.95,0.1,0.0,0.0,91.13,13.72,14.03,14.44,0.14,
54,2025-03-01 03:00:00,0.0,0.0,0.0,0.0,94.03,13.75,13.87,13.94,0.09,
54,2025-03-01 04:00:00,0.0,0.0,0.0,0.0,93.63,12.86,13.18,13.56,0.1,
54,2025-03-01 05:00:00,0.0,0.0,0.0,0.0,93.48,12.2,12.65,13.18,0.1,
54,2025-03-01 06:00:00,0.0,0.0,0.0,0.0,94.3,11.83,12.33,12.69,0.08,
54,2025-03-01 07:00:00,0.0,0.0,51.03,0.0,93.73,11.62,11.76,11.81,0.09,
54,2025-03-01 08:00:00,0.0,0.0,244.0,0.0,84.36,13.36,15.1,16.84,0.28,
54,2025-03-01 09:00:00,1.48,0.24,437.4,0.0,72.56,18.47,19.32,20.07,0.62,
54,2025-03-01 10:00:00,1.48,0.3,556.6,0.0,66.73,20.67,21.03,21.64,0.83,
54,2025-03-01 11:00:00,1.78,0.62,768.2,0.0,58.77,22.27,22.91,23.54,1.16,
54,2025-03-01 12:00:00,3.8,1.07,817.0,0.0,51.31,23.97,24.67,25.53,1.51,
54,2025-03-01 13:00:00,3.95,1.22,960.0,0.0,44.95,25.37,26.14,26.86,1.87,
54,2025-03-01 14:00:00,3.42,1.3,908.0,0.0,40.58,27.12,27.4,28.14,2.17,
54,2025-03-01 15:00:00,3.95,1.36,859.0,0.0,36.17,28.12,28.42,28.58,2.47,
54,2025-03-01 16:00:00,4.92,1.07,723.7,0.0,33.45,28.13,29.12,29.64,2.69,
54,2025-03-01 17:00:00,3.95,1.28,605.3,0.0,32.64,29.47,29.64,29.93,2.8,
54,2025-03-01 18:00:00,5.0,2.41,415.1,0.0,40.14,27.74,28.49,29.22,2.33,
54,2025-03-01 19:00:00,4.78,2.81,201.5,0.0,43.91,24.87,26.07,27.11,1.9,
54,2025-03-01 20:00:00,4.4,2.15,39.85,0.0,48.39,21.63,22.74,24.03,1.43,
54,2025-03-01 21:00:00,3.8,1.72,0.0,0.0,62.4,19.05,19.76,20.69,0.87,
54,2025-03-01 22:00:00,2.82,1.3,0.0,0.0,75.17,16.49,17.3,18.29,0.5,
54,2025-03-01 23:00:00,1.62,0.39,0.0,0.0,81.97,15.29,15.68,16.2,0.32,
54,2025-03-02 00:00:00,1.62,0.62,0.0,0.0,85.0,14.79,15.03,15.35,0.26,
54,2025-03-02 01:00:00,0.8,0.08,0.0,0.0,88.95,13.31,13.65,14.18,0.17,
54,2025-03-02 02:00:00,0.95,0.01,0.0,0.0,89.28,12.47,13.01,13.34,0.16,
54,2025-03-02 03:00:00,0.0,0.0,0.0,0.0,91.25,11.86,11.95,12.15,0.13,
54,2025-03-02 04:00:00,0.0,0.0,0.0,0.0,91.83,11.14,11.43,11.65,0.11,
54,2025-03-02 05:00:00,1.02,0.04,0.0,0.0,92.48,10.8,10.99,11.21,0.1,
54,2025-03-02 06:00:00,0.8,0.02,0.0,0.0,91.7,9.64,10.09,10.52,0.1,
54,2025-03-02 07:00:00,1.85,0.19,19.23,0.0,94.65,9.53,9.66,9.89,0.07,
54,2025-03-02 08:00:00,1.92,0.42,87.7,0.0,91.8,11.2,12.45,13.57,0.12,
54,2025-03-02 09:00:00,1.92,0.53,222.6,0.0,79.42,13.98,14.8,15.46,0.35,
54,2025-03-02 10:00:00,2.45,0.65,408.1,0.0,72.79,16.03,16.68,17.16,0.52,
54,2025-03-02 11:00:00,3.05,1.26,803.0,0.0,67.19,17.63,18.33,18.96,0.7,
54,2025-03-02 12:00:00,3.72,1.16,862.0,0.0,60.25,19.63,20.49,21.27,0.96,
54,2025-03-02 13:00:00,3.72,1.41,892.0,0.0,49.98,22.25,23.21,23.81,1.43,
54,2025-03-02 14:00:00,4.4,1.57,892.0,0.0,42.08,24.6,25.16,25.72,1.86,
54,2025-03-02 15:00:00,3.72,1.44,845.0,0.0,39.66,26.29,26.69,27.02,2.11,
54,2025-03-02 16:00:00,4.18,1.59,832.0,0.0,38.84,27.01,27.39,27.72,2.23,
54,2025-03-02 17:00:00,4.62,1.76,684.9,0.0,33.36,26.79,27.5,27.96,2.45,
54,2025-03-02 18:00:00,5.82,3.32,437.0,0.0,30.26,24.56,25.71,26.86,2.31,
54,2025-03-02 19:00:00,5.9,3.16,201.2,0.0,37.71,21.33,22.69,24.0,1.73,
54,2025-03-02 20:00:00,5.3,3.09,32.64,0.0,53.2,18.4,19.3,20.45,1.05,
54,2025-03-02 21:00:00,4.92,1.96,0.0,0.0,62.26,16.77,17.42,17.98,0.75,
54,2025-03-02 22:00:00,1.92,0.59,0.0,0.0,72.94,14.86,15.66,16.39,0.49,
54,2025-03-02 23:00:00,1.02,0.03,0.0,0.0,81.06,13.19,13.85,14.56,0.3,
54,2025-03-03 00:00:00,1.02,0.12,0.0,0.0,86.68,12.18,12.54,12.75,0.19,
54,2025-03-03 01:00:00,0.8,0.02,0.0,0.0,88.58,11.2,11.74,12.1,0.16,
54,2025-03-03 02:00:00,0.95,0.04,0.0,0.0,90.78,10.34,10.65,11.04,0.12,
54,2025-03-03 03:00:00,1.02,0.05,0.0,0.0,91.28,9.99,10.53,10.86,0.11,
54,2025-03-03 04:00:00,0.35,0.0,0.0,0.0,91.43,9.61,9.79,10.06,0.11,
54,2025-03-03 05:00:00,0.0,0.0,0.0,0.0,92.28,8.74,9.1,9.52,0.09,
54,2025-03-03 06:00:00,2.0,0.31,0.0,0.0,94.98,8.56,9.55,10.28,0.06,
54,2025-03-03 07:00:00,1.1,0.27,48.96,0.0,95.53,8.5,8.73,8.92,0.05,
54,2025-03-03 08:00:00,1.48,0.33,247.2,0.0,90.18,9.74,11.13,12.47,0.13,
54,2025-03-03 09:00:00,1.85,0.49,439.2,0.0,74.05,13.6,15.32,17.08,0.46,
54,2025-03-03 10:00:00,3.12,1.0,624.2,0.0,62.3,18.1,18.82,19.59,0.82,
54,2025-03-03 11:00:00,3.95,1.62,775.9,0.0,57.46,19.73,20.63,21.54,1.04,
54,2025-03-03 12:00:00,3.8,1.78,862.0,0.0,50.23,21.95,22.63,23.31,1.37,
54,2025-03-03 13:00:00,3.12,1.2,890.0,0.0,42.33,23.96,24.51,24.9,1.77,
54,2025-03-03 14:00:00,4.25,1.33,872.0,0.0,36.69,25.34,26.01,26.46,2.13,
54,2025-03-03 15:00:00,4.78,1.36,869.0,0.0,31.09,27.06,27.4,27.77,2.52,
54,2025-03-03 16:00:00,4.1,1.61,748.6,0.0,28.04,28.09,28.18,28.38,2.75,
54,2025-03-03 17:00:00,3.95,1.49,638.8,0.0,31.28,27.45,28.16,28.7,2.62,
54,2025-03-03 18:00:00,4.18,1.59,393.0,0.0,33.61,27.48,27.92,28.53,2.5,
54,2025-03-03 19:00:00,5.68,2.65,202.1,0.0,37.89,25.43,26.33,27.2,2.13,
54,2025-03-03 20:00:00,5.98,2.55,27.34,0.0,44.8,21.75,22.85,24.05,1.54,
54,2025-03-03 21:00:00,3.35,1.77,0.0,0.0,49.08,20.0,20.68,21.33,1.24,
54,2025-03-03 22:00:00,2.45,0.51,0.0,0.0,57.95,17.48,18.42,19.47,0.9,
54,2025-03-03 23:00:00,0.95,0.18,0.0,0.0,67.96,15.21,16.06,17.02,0.59,
54,2025-03-04 00:00:00,2.3,0.65,0.0,0.0,67.68,15.08,15.29,15.57,0.56,
54,2025-03-04 01:00:00,2.22,1.08,0.0,0.0,66.86,15.01,15.41,15.87,0.58,
54,2025-03-04 02:00:00,2.6,1.12,0.0,0.0,68.04,14.52,14.65,14.82,0.53,
54,2025-03-04 03:00:00,1.92,0.87,0.0,0.0,71.91,13.45,13.87,14.42,0.45,
54,2025-03-04 04:00:00,0.8,0.02,0.0,0.0,79.52,11.59,12.17,12.9,0.29,
54,2025-03-04 05:00:00,0.88,0.06,0.0,0.0,86.2,10.41,10.74,11.05,0.18,
54,2025-03-04 06:00:00,2.15,0.85,0.0,0.0,81.96,10.93,11.48,11.89,0.25,
54,2025-03-04 07:00:00,1.18,0.15,32.78,0.0,84.88,10.19,10.7,11.17,0.2,
54,2025-03-04 08:00:00,2.68,0.51,217.1,0.0,72.63,11.51,13.21,14.42,0.42,
54,2025-03-04 09:00:00,3.42,1.63,426.5,0.0,60.23,15.17,16.2,17.26,0.74,
54,2025-03-04 10:00:00,4.03,2.14,617.0,0.0,51.97,17.83,18.62,19.45,1.04,
54,2025-03-04 11:00:00,4.62,2.46,765.4,0.0,44.47,20.29,21.09,21.93,1.39,
54,2025-03-04 12:00:00,4.85,2.39,860.0,0.0,35.25,22.85,23.51,24.21,1.88,
54,2025-03-04 13:00:00,4.55,2.13,888.0,0.0,31.93,24.85,25.34,25.78,2.2,
54,2025-03-04 14:00:00,5.38,2.63,892.0,0.0,25.32,26.23,26.7,27.02,2.62,
54,2025-03-04 15:00:00,5.0,2.63,847.0,0.0,24.29,27.28,27.73,28.02,2.82,
54,2025-03-04 16:00:00,4.92,1.73,738.4,0.0,22.8,28.73,29.41,30.06,3.17,
54,2025-03-04 17:00:00,4.7,1.76,582.0,0.0,25.25,29.06,29.76,30.57,3.13,
54,2025-03-04 18:00:00,5.6,1.57,391.3,0.0,27.87,29.37,29.74,30.02,3.02,
54,2025-03-04 19:00:00,6.58,3.72,186.2,0.0,36.43,25.1,26.31,27.52,2.18,
54,2025-03-04 20:00:00,5.9,3.11,24.6,0.0,44.27,22.19,23.19,24.31,1.59,
54,2025-03-04 21:00:00,5.08,2.72,0.0,0.0,50.6,20.27,21.07,21.72,1.24,
54,2025-03-04 22:00:00,5.3,2.41,0.0,0.0,60.82,18.91,19.35,19.85,0.88,
54,2025-03-04 23:00:00,4.7,2.38,0.0,0.0,67.97,17.65,18.13,18.68,0.67,
54,2025-03-05 00:00:00,2.9,0.54,0.0,0.0,76.88,15.55,16.43,17.42,0.44,
54,2025-03-05 01:00:00,2.98,0.75,0.0,0.0,80.71,15.3,15.43,15.64,0.34,
54,2025-03-05 02:00:00,1.62,0.36,0.0,0.0,84.5,14.33,14.56,14.91,0.26,
54,2025-03-05 03:00:00,2.6,1.07,0.0,0.0,82.73,14.63,14.75,15.02,0.29,
54,2025-03-05 04:00:00,1.78,0.38,0.0,0.0,85.0,13.93,14.5,14.96,0.25,
54,2025-03-05 05:00:00,1.48,0.27,0.0,0.0,90.4,11.77,12.23,12.71,0.14,
54,2025-03-05 06:00:00,0.88,0.05,0.0,0.0,92.28,11.1,11.41,11.65,0.11,
54,2025-03-05 07:00:00,1.55,0.32,31.56,0.0,91.18,11.03,11.35,11.68,0.12,
54,2025-03-05 08:00:00,0.8,0.05,209.5,0.0,84.01,11.5,13.44,15.39,0.26,
54,2025-03-05 09:00:00,2.82,0.63,415.5,0.0,70.06,15.85,17.23,18.36,0.6,
54,2025-03-05 10:00:00,2.9,1.15,604.1,0.0,63.11,18.87,19.47,20.02,0.84,
54,2025-03-05 11:00:00,3.65,1.35,747.9,0.0,55.69,20.64,21.57,22.52,1.15,
54,2025-03-05 12:00:00,4.03,1.48,837.0,0.0,47.88,23.28,23.94,24.64,1.55,
54,2025-03-05 13:00:00,3.28,1.2,869.0,0.0,40.65,25.18,25.77,26.48,1.97,
54,2025-03-05 14:00:00,3.05,1.11,868.0,0.0,36.27,26.78,27.51,27.78,2.34,
54,2025-03-05 15:00:00,3.28,0.95,826.0,0.0,31.53,27.84,28.86,29.55,2.72,
54,2025-03-05 16:00:00,2.6,0.76,723.8,0.0,27.67,29.96,30.26,30.63,3.12,
54,2025-03-05 17:00:00,4.78,1.72,568.8,0.0,30.63,29.73,30.32,30.81,3.0,
54,2025-03-05 18:00:00,5.9,3.52,380.2,0.0,37.6,26.49,27.38,28.47,2.28,
54,2025-03-05 19:00:00,4.7,2.93,178.8,0.0,40.96,24.33,25.27,26.1,1.91,
54,2025-03-05 20:00:00,4.62,2.71,22.93,0.0,49.34,21.49,22.39,23.45,1.38,
54,2025-03-05 21:00:00,3.8,1.9,0.0,0.0,57.31,19.71,20.34,20.96,1.02,
54,2025-03-05 22:00:00,3.28,1.45,0.0,0.0,63.82,18.69,18.91,19.28,0.79,
54,2025-03-05 23:00:00,2.22,0.77,0.0,0.0,71.67,17.0,17.68,18.33,0.58,
54,2025-03-06 00:00:00,1.48,0.35,0.0,0.0,79.58,15.51,15.9,16.51,0.37,
54,2025-03-06 01:00:00,1.85,0.7,0.0,0.0,80.82,15.65,15.93,16.07,0.35,
54,2025-03-06 02:00:00,1.25,0.03,0.0,0.0,85.63,14.0,14.71,15.74,0.24,
54,2025-03-06 03:00:00,1.25,0.12,0.0,0.0,88.3,12.65,12.96,13.48,0.18,
54,2025-03-06 04:00:00,1.02,0.22,0.0,0.0,90.33,12.03,12.21,12.47,0.14,
54,2025-03-06 05:00:00,1.48,0.28,0.0,0.0,90.43,11.07,11.75,12.26,0.14,
54,2025-03-06 06:00:00,0.0,0.0,0.0,0.0,91.2,10.43,10.66,11.05,0.12,
54,2025-03-06 07:00:00,0.0,0.0,31.53,0.0,92.8,9.92,10.1,10.3,0.09,
54,2025-03-06 08:00:00,1.62,0.16,226.7,0.0,83.13,11.55,13.73,15.26,0.27,
54,2025-03-06 09:00:00,2.82,1.36,414.8,0.0,72.23,16.15,17.49,18.51,0.56,
54,2025-03-06 10:00:00,2.52,0.9,618.3,0.0,62.02,19.08,19.91,20.78,0.89,
54,2025-03-06 11:00:00,2.82,1.12,765.6,0.0,54.65,21.49,22.04,22.75,1.21,
54,2025-03-06 12:00:00,3.2,1.21,806.0,0.0,48.72,23.41,24.06,24.81,1.54,
54,2025-03-06 13:00:00,4.18,1.68,922.0,0.0,46.36,24.95,25.56,26.32,1.76,
54,2025-03-06 14:00:00,5.3,2.14,873.0,0.0,45.03,26.1,26.47,26.62,1.9,
54,2025-03-06 15:00:00,6.12,2.84,754.3,0.0,45.02,25.63,26.3,26.93,1.89,
54,2025-03-06 16:00:00,5.38,3.01,749.3,0.0,43.34,26.15,26.53,26.76,1.96,
54,2025-03-06 17:00:00,6.5,3.58,570.1,0.0,47.66,24.52,25.35,26.13,1.7,
54,2025-03-06 18:00:00,6.65,3.77,341.9,0.0,52.4,22.97,23.35,23.85,1.37,
54,2025-03-06 19:00:00,5.15,2.92,203.4,0.0,54.14,22.01,22.59,22.99,1.26,
54,2025-03-06 20:00:00,3.35,1.43,14.23,0.0,63.87,19.64,20.39,21.26,0.87,
54,2025-03-06 21:00:00,2.52,0.97,0.0,0.0,69.52,18.3,18.76,19.28,0.66,
54,2025-03-06 22:00:00,2.0,0.39,0.0,0.0,73.18,18.0,18.21,18.39,0.56,
54,2025-03-06 23:00:00,1.92,0.48,0.0,0.0,79.11,16.39,17.1,18.12,0.41,
54,2025-03-07 00:00:00,2.45,0.62,0.0,0.0,83.13,15.55,15.86,16.2,0.31,
54,2025-03-07 01:00:00,1.92,0.34,0.0,0.0,85.15,14.36,15.23,15.88,0.26,
54,2025-03-07 02:00:00,1.7,0.34,0.0,0.0,88.23,13.79,14.03,14.42,0.19,
54,2025-03-07 03:00:00,2.15,0.95,0.0,0.0,85.33,14.7,15.01,15.41,0.25,
54,2025-03-07 04:00:00,3.8,1.48,0.0,0.0,83.58,15.52,15.57,15.62,0.29,
54,2025-03-07 05:00:00,2.98,1.0,0.0,0.0,82.7,15.55,15.79,15.99,0.31,
54,2025-03-07 06:00:00,3.42,1.22,0.0,0.0,83.25,15.75,15.84,15.95,0.3,
54,2025-03-07 07:00:00,3.88,1.69,36.64,0.0,81.46,15.73,16.01,16.18,0.34,
54,2025-03-07 08:00:00,4.18,2.03,36.12,0.6,82.53,15.9,16.21,16.42,0.33,
54,2025-03-07 09:00:00,3.2,1.42,39.13,1.5,90.63,15.38,15.55,15.7,0.17,
54,2025-03-07 10:00:00,1.7,0.62,126.3,6.6,95.95,15.38,15.62,16.05,0.07,
54,2025-03-07 11:00:00,2.0,0.82,195.9,0.9,93.4,16.64,16.82,16.96,0.13,
54,2025-03-07 12:00:00,2.75,0.94,534.3,1.7,90.65,17.05,17.55,18.27,0.19,
54,2025-03-07 13:00:00,2.82,1.28,835.0,0.0,78.79,19.34,19.81,20.38,0.49,
54,2025-03-07 14:00:00,3.2,1.03,395.0,0.0,71.7,20.33,20.82,21.31,0.7,
54,2025-03-07 15:00:00,4.25,2.01,610.9,0.0,68.34,20.87,21.55,22.29,0.82,
54,2025-03-07 16:00:00,4.32,2.46,685.1,0.0,66.83,21.22,21.71,22.0,0.86,
54,2025-03-07 17:00:00,4.62,2.33,589.5,0.0,62.81,21.59,21.9,22.36,0.98,
54,2025-03-07 18:00:00,4.4,1.8,267.0,0.0,56.09,21.51,21.89,22.26,1.16,
54,2025-03-07 19:00:00,3.35,1.38,144.2,0.0,60.1,19.21,20.4,21.13,0.97,
54,2025-03-07 20:00:00,1.55,0.43,13.19,0.0,74.55,17.01,17.48,18.21,0.51,
54,2025-03-07 21:00:00,4.25,1.17,0.0,0.0,74.74,15.51,16.31,16.94,0.47,
54,2025-03-07 22:00:00,5.38,3.01,0.0,0.0,66.21,15.85,16.44,16.85,0.64,
54,2025-03-07 23:00:00,5.45,2.62,0.0,0.0,71.94,14.2,14.81,15.61,0.48,
54,2025-03-08 00:00:00,6.58,3.48,0.0,0.0,66.36,13.85,13.93,14.02,0.53,
54,2025-03-08 01:00:00,7.18,4.15,0.0,0.0,63.28,13.07,13.42,13.78,0.57,
54,2025-03-08 02:00:00,7.25,4.36,0.0,0.0,65.78,12.41,12.66,12.92,0.5,
54,2025-03-08 03:00:00,5.3,2.83,0.0,0.0,69.49,11.58,11.94,12.24,0.43,
54,2025-03-08 04:00:00,5.9,3.1,0.0,0.0,71.41,11.34,11.51,11.61,0.39,
54,2025-03-08 05:00:00,4.92,2.75,0.0,0.0,73.75,10.45,10.71,11.03,0.34,
54,2025-03-08 06:00:00,5.75,2.89,0.0,0.0,75.92,9.95,10.12,10.37,0.3,
54,2025-03-08 07:00:00,5.38,2.86,27.9,0.0,75.73,9.74,9.8,9.89,0.3,
54,2025-03-08 08:00:00,5.15,2.78,227.2,0.0,71.67,10.05,10.51,11.04,0.36,
54,2025-03-08 09:00:00,6.35,3.33,442.9,0.0,64.94,11.49,12.19,12.9,0.5,
54,2025-03-08 10:00:00,6.58,4.21,635.2,0.0,55.24,13.39,14.27,15.29,0.73,
54,2025-03-08 11:00:00,6.95,4.12,779.7,0.0,44.81,15.84,16.66,17.61,1.05,
54,2025-03-08 12:00:00,7.48,4.1,870.0,0.0,39.23,18.16,18.76,19.24,1.32,
54,2025-03-08 13:00:00,7.25,4.42,898.0,0.0,35.92,19.63,20.38,20.91,1.54,
54,2025-03-08 14:00:00,6.95,4.02,895.0,0.0,32.62,21.55,22.13,22.66,1.8,
54,2025-03-08 15:00:00,7.78,4.23,847.0,0.0,29.7,23.12,23.57,24.07,2.05,
54,2025-03-08 16:00:00,7.18,3.8,738.4,0.0,28.67,24.34,24.64,24.96,2.22,
54,2025-03-08 17:00:00,7.25,3.79,583.3,0.0,27.35,24.92,25.1,25.25,2.32,
54,2025-03-08 18:00:00,6.72,4.06,390.7,0.0,26.97,24.36,24.64,24.86,2.27,
54,2025-03-08 19:00:00,8.0,3.27,181.7,0.0,32.73,22.61,23.44,24.1,1.95,
54,2025-03-08 20:00:00,5.45,2.75,16.15,0.0,39.95,20.07,20.95,21.82,1.49,
54,2025-03-08 21:00:00,6.58,3.23,0.0,0.0,44.03,18.68,19.14,19.74,1.24,
54,2025-03-08 22:00:00,6.42,3.52,0.0,0.0,46.3,17.74,18.13,18.74,1.12,
54,2025-03-08 23:00:00,5.45,3.0,0.0,0.0,48.4,16.76,17.17,17.45,1.01,
54,2025-03-09 00:00:00,5.38,2.78,0.0,0.0,53.03,15.55,15.94,16.52,0.86,
54,2025-03-09 01:00:00,5.08,2.7,0.0,0.0,58.98,14.6,15.05,15.46,0.7,
54,2025-03-09 02:00:00,3.88,2.1,0.0,0.0,65.1,13.54,13.97,14.36,0.56,
54,2025-03-09 03:00:00,3.95,2.12,0.0,0.0,69.02,12.95,13.16,13.39,0.47,
54,2025-03-09 04:00:00,4.32,2.23,0.0,0.0,72.01,12.37,12.52,12.85,0.41,
54,2025-03-09 05:00:00,4.18,1.91,0.0,0.0,73.79,11.58,11.88,12.21,0.37,
54,2025-03-09 06:00:00,4.78,2.16,0.0,0.0,76.22,10.91,11.19,11.49,0.32,
54,2025-03-09 07:00:00,5.08,2.4,23.68,0.0,77.29,10.5,10.58,10.72,0.29,
54,2025-03-09 08:00:00,5.15,2.58,218.6,0.0,71.74,10.8,11.46,12.17,0.39,
54,2025-03-09 09:00:00,6.12,3.44,439.5,0.0,62.69,12.68,13.37,14.0,0.58,
54,2025-03-09 10:00:00,5.45,3.05,608.4,0.0,54.98,14.74,15.57,16.53,0.8,
54,2025-03-09 11:00:00,4.7,2.72,770.9,0.0,45.79,16.74,18.11,19.24,1.13,
54,2025-03-09 12:00:00,6.05,3.17,858.0,0.0,37.26,20.02,21.02,22.06,1.57,
54,2025-03-09 13:00:00,5.6,2.66,887.0,0.0,32.6,22.56,23.42,24.22,1.95,
54,2025-03-09 14:00:00,4.85,2.39,884.0,0.0,28.37,24.88,25.85,26.69,2.39,
54,2025-03-09 15:00:00,4.62,2.57,835.0,0.0,24.1,27.1,27.8,28.34,2.84,
54,2025-03-09 16:00:00,5.15,2.46,727.4,0.0,22.21,28.84,29.13,29.43,3.14,
54,2025-03-09 17:00:00,4.78,2.4,574.2,0.0,20.9,29.62,29.75,29.85,3.31,
54,2025-03-09 18:00:00,4.62,2.35,381.3,0.0,21.67,29.1,29.36,29.47,3.2,
54,2025-03-09 19:00:00,4.62,1.92,173.5,0.0,25.43,27.05,28.04,28.82,2.83,
54,2025-03-09 20:00:00,3.8,1.39,13.1,0.0,30.19,24.26,24.92,26.12,2.21,
54,2025-03-09 21:00:00,4.55,2.43,0.0,0.0,29.21,23.1,23.9,24.41,2.1,
54,2025-03-09 22:00:00,5.0,2.82,0.0,0.0,29.44,21.36,22.35,23.02,1.91,
54,2025-03-09 23:00:00,3.95,1.97,0.0,0.0,31.88,20.43,20.71,21.07,1.67,
54,2025-03-10 00:00:00,3.88,1.93,0.0,0.0,36.32,19.3,19.68,20.23,1.46,
54,2025-03-10 01:00:00,5.08,2.94,0.0,0.0,41.65,18.18,18.74,19.09,1.26,
54,2025-03-10 02:00:00,5.08,2.85,0.0,0.0,46.78,17.12,17.52,17.92,1.07,
54,2025-03-10 03:00:00,5.0,2.72,0.0,0.0,50.95,16.26,16.57,16.94,0.93,
54,2025-03-10 04:00:00,5.15,2.67,0.0,0.0,54.87,15.39,15.65,15.92,0.8,
54,2025-03-10 05:00:00,4.4,2.12,0.0,0.0,57.07,14.78,15.14,15.35,0.74,
54,2025-03-10 06:00:00,4.55,2.37,0.0,0.0,57.88,14.84,14.95,15.08,0.72,
54,2025-03-10 07:00:00,3.88,2.19,19.19,0.0,61.41,14.65,14.68,14.72,0.65,
54,2025-03-10 08:00:00,4.47,2.61,206.1,0.0,60.15,14.89,15.39,15.92,0.7,
54,2025-03-10 09:00:00,4.47,2.73,415.0,0.0,56.17,16.19,16.98,17.76,0.85,
54,2025-03-10 10:00:00,4.78,2.86,601.8,0.0,52.45,18.16,18.87,19.48,1.04,
54,2025-03-10 11:00:00,6.8,3.66,740.2,0.0,50.44,19.94,20.56,21.21,1.2,
54,2025-03-10 12:00:00,6.5,3.82,834.0,0.0,47.33,21.56,22.23,22.88,1.41,
54,2025-03-10 13:00:00,6.28,3.7,863.0,0.0,41.86,23.28,24.09,24.82,1.75,
54,2025-03-10 14:00:00,6.8,3.91,859.0,0.0,36.14,24.81,25.52,26.06,2.09,
54,2025-03-10 15:00:00,6.5,3.62,810.0,0.0,32.33,26.45,26.78,27.09,2.38,
54,2025-03-10 16:00:00,6.12,3.39,705.0,0.0,28.18,27.18,27.63,27.94,2.66,
54,2025-03-10 17:00:00,8.15,4.49,557.3,0.0,26.81,27.24,27.63,27.84,2.71,
54,2025-03-10 18:00:00,8.22,4.22,363.2,0.0,34.59,26.29,26.64,26.93,2.29,
54,2025-03-10 19:00:00,7.18,3.73,149.1,0.0,41.56,23.95,24.89,25.77,1.84,
54,2025-03-10 20:00:00,5.98,2.76,10.2,0.0,47.94,21.93,22.56,23.25,1.43,
54,2025-03-10 21:00:00,6.5,3.08,0.0,0.0,52.73,20.44,21.07,21.53,1.18,
54,2025-03-10 22:00:00,6.12,2.99,0.0,0.0,55.51,19.59,19.9,20.11,1.04,
54,2025-03-10 23:00:00,6.12,3.34,0.0,0.0,60.26,18.25,18.64,19.16,0.86,
54,2025-03-11 00:00:00,6.65,3.26,0.0,0.0,65.07,17.04,17.47,18.21,0.7,
54,2025-03-11 01:00:00,7.02,4.35,0.0,0.0,67.08,16.62,16.85,16.98,0.63,
54,2025-03-11 02:00:00,6.58,3.24,0.0,0.0,68.99,15.61,15.99,16.34,0.57,
54,2025-03-11 03:00:00,6.5,3.69,0.0,0.0,64.74,14.35,14.84,15.31,0.59,
54,2025-03-11 04:00:00,6.35,3.32,0.0,0.0,64.5,13.14,13.49,13.92,0.55,
54,2025-03-11 05:00:00,4.55,2.45,0.0,0.0,63.17,11.91,12.49,12.92,0.53,
54,2025-03-11 06:00:00,3.72,1.76,0.0,0.0,62.82,11.45,11.59,11.68,0.51,
54,2025-03-11 07:00:00,5.45,3.38,13.88,0.0,62.01,11.08,11.27,11.41,0.51,
54,2025-03-11 08:00:00,6.05,3.64,186.3,0.0,60.22,11.06,11.4,11.76,0.54,
54,2025-03-11 09:00:00,6.12,3.27,425.2,0.0,52.33,12.05,12.55,13.3,0.7,
54,2025-03-11 10:00:00,4.85,2.84,606.4,0.0,49.46,13.43,14.09,14.82,0.81,
54,2025-03-11 11:00:00,5.0,2.57,743.9,0.0,46.72,15.4,15.97,16.76,0.97,
54,2025-03-11 12:00:00,4.47,2.3,838.0,0.0,42.8,17.41,18.25,19.16,1.2,
54,2025-03-11 13:00:00,3.88,1.48,870.0,0.0,38.96,19.83,21.23,22.34,1.54,
54,2025-03-11 14:00:00,5.15,2.11,867.0,0.0,35.41,22.56,23.5,24.61,1.88,
54,2025-03-11 15:00:00,4.62,1.71,824.0,0.0,29.94,25.08,26.11,26.99,2.38,
54,2025-03-11 16:00:00,4.18,1.78,721.2,0.0,26.39,27.59,27.76,27.97,2.74,
54,2025-03-11 17:00:00,4.85,1.83,566.0,0.0,25.04,28.14,28.35,28.52,2.89,
54,2025-03-11 18:00:00,4.18,1.57,373.5,0.0,26.21,27.83,28.17,28.41,2.82,
54,2025-03-11 19:00:00,3.05,0.87,162.1,0.0,31.47,25.59,26.8,27.62,2.43,
54,2025-03-11 20:00:00,0.0,0.0,9.3,0.0,56.7,18.17,20.65,23.64,1.09,
54,2025-03-11 21:00:00,1.92,0.15,0.0,0.0,55.18,17.11,18.05,19.15,0.94,
54,2025-03-11 22:00:00,1.18,0.05,0.0,0.0,57.37,16.01,17.51,18.91,0.86,
54,2025-03-11 23:00:00,1.1,0.09,0.0,0.0,55.43,15.87,16.37,17.15,0.83,
54,2025-03-12 00:00:00,1.55,0.19,0.0,0.0,66.56,13.17,14.81,16.77,0.58,
54,2025-03-12 01:00:00,1.4,0.16,0.0,0.0,69.57,12.07,12.91,14.25,0.46,
54,2025-03-12 02:00:00,1.92,0.67,0.0,0.0,52.22,15.26,15.55,15.77,0.85,
54,2025-03-12 03:00:00,3.42,1.3,0.0,0.0,55.4,15.25,15.7,15.91,0.8,
54,2025-03-12 04:00:00,2.3,0.31,0.0,0.0,67.09,12.69,13.47,14.47,0.51,
54,2025-03-12 05:00:00,3.42,0.9,0.0,0.0,65.26,13.22,13.63,13.96,0.54,
54,2025-03-12 06:00:00,2.15,0.15,0.0,0.0,73.64,10.91,12.15,13.16,0.38,
54,2025-03-12 07:00:00,1.48,0.14,14.76,0.0,78.86,10.19,10.33,10.43,0.26,
54,2025-03-12 08:00:00,2.9,1.32,194.7,0.0,62.4,11.92,13.28,14.41,0.58,
54,2025-03-12 09:00:00,4.55,2.24,406.1,0.0,53.23,14.88,15.61,16.29,0.83,
54,2025-03-12 10:00:00,4.78,2.29,593.6,0.0,47.82,16.78,17.77,18.71,1.07,
54,2025-03-12 11:00:00,4.25,1.91,741.6,0.0,41.13,19.37,20.36,21.55,1.41,
54,2025-03-12 12:00:00,4.47,1.69,835.0,0.0,33.13,22.42,23.7,25.02,1.97,
54,2025-03-12 13:00:00,4.18,1.71,868.0,0.0,25.67,25.55,26.81,27.92,2.63,
54,2025-03-12 14:00:00,4.4,1.8,867.0,0.0,20.44,28.67,29.62,30.65,3.31,
54,2025-03-12 15:00:00,4.32,2.21,820.0,0.0,17.3,30.89,31.55,32.26,3.84,
54,2025-03-12 16:00:00,4.1,2.1,715.8,0.0,13.08,32.66,33.05,33.25,4.39,
54,2025-03-12 17:00:00,4.4,1.93,560.4,0.0,13.7,33.18,33.33,33.49,4.42,
54,2025-03-12 18:00:00,3.58,1.7,364.5,0.0,13.65,32.5,32.94,33.28,4.33,
54,2025-03-12 19:00:00,2.98,0.51,159.9,0.0,24.68,27.44,29.85,32.14,3.2,
54,2025-03-12 20:00:00,0.0,0.0,7.53,0.0,50.23,19.56,22.15,25.34,1.35,
54,2025-03-12 21:00:00,1.55,0.27,0.0,0.0,53.05,17.96,18.63,19.29,1.01,
54,2025-03-12 22:00:00,1.85,0.21,0.0,0.0,47.93,18.21,18.79,19.24,1.13,
54,2025-03-12 23:00:00,0.95,0.1,0.0,0.0,56.33,15.9,16.71,17.12,0.84,
54,2025-03-13 00:00:00,0.88,0.04,0.0,0.0,62.88,14.06,15.08,15.61,0.64,
54,2025-03-13 01:00:00,1.32,0.06,0.0,0.0,70.22,13.37,13.57,13.85,0.46,
54,2025-03-13 02:00:00,1.25,0.23,0.0,0.0,58.9,13.33,14.51,15.62,0.68,
54,2025-03-13 03:00:00,0.95,0.07,0.0,0.0,62.12,14.07,14.55,14.93,0.63,
54,2025-03-13 04:00:00,1.78,0.52,0.0,0.0,56.92,13.43,15.11,16.45,0.75,
54,2025-03-13 05:00:00,1.25,0.24,0.0,0.0,63.43,13.51,14.36,15.49,0.6,
54,2025-03-13 06:00:00,2.45,0.37,0.0,0.0,66.65,12.15,13.21,14.29,0.51,
54,2025-03-13 07:00:00,3.8,1.38,9.61,0.0,60.31,14.41,15.33,15.99,0.69,
54,2025-03-13 08:00:00,3.12,0.93,189.5,0.0,58.85,15.02,15.79,16.88,0.74,
54,2025-03-13 09:00:00,3.35,2.01,391.7,0.0,54.38,17.23,17.91,18.64,0.94,
54,2025-03-13 10:00:00,3.58,1.74,579.5,0.0,49.4,18.97,20.04,21.17,1.19,
54,2025-03-13 11:00:00,3.28,1.47,725.8,0.0,40.76,21.84,22.88,23.99,1.66,
54,2025-03-13 12:00:00,3.5,1.69,818.0,0.0,32.82,24.7,25.51,26.32,2.2,
54,2025-03-13 13:00:00,3.8,1.65,851.0,0.0,27.15,27.12,27.91,28.84,2.74,
54,2025-03-13 14:00:00,4.03,1.71,848.0,0.0,23.57,28.87,29.68,30.28,3.19,
54,2025-03-13 15:00:00,4.78,2.4,797.4,0.0,20.2,30.83,31.03,31.21,3.59,
54,2025-03-13 16:00:00,4.47,1.63,698.5,0.0,17.6,31.51,31.78,32.09,3.87,
54,2025-03-13 17:00:00,5.75,1.79,554.6,0.0,17.26,32.04,32.27,32.58,4.0,
54,2025-03-13 18:00:00,3.42,1.47,345.3,0.0,18.41,31.39,31.62,32.03,3.8,
54,2025-03-13 19:00:00,2.15,0.48,156.6,0.0,25.97,27.89,29.22,30.73,3.02,
54,2025-03-13 20:00:00,3.5,1.66,6.42,0.0,40.47,22.21,23.49,24.28,1.73,
54,2025-03-13 21:00:00,3.88,1.95,0.0,0.0,44.76,20.61,21.19,21.78,1.39,
54,2025-03-13 22:00:00,3.12,1.29,0.0,0.0,49.44,18.69,19.64,20.1,1.16,
54,2025-03-13 23:00:00,1.78,1.01,0.0,0.0,57.92,17.26,17.86,18.48,0.87,
54,2025-03-14 00:00:00,1.4,0.4,0.0,0.0,70.28,14.6,15.22,16.14,0.52,
54,2025-03-14 01:00:00,0.95,0.07,0.0,0.0,77.99,12.81,13.2,13.91,0.34,
54,2025-03-14 02:00:00,1.02,0.07,0.0,0.0,81.41,11.9,12.31,12.78,0.27,
54,2025-03-14 03:00:00,0.88,0.06,0.0,0.0,87.68,10.22,10.71,11.33,0.16,
54,2025-03-14 04:00:00,1.02,0.07,0.0,0.0,86.5,10.45,10.53,10.6,0.17,
54,2025-03-14 05:00:00,0.88,0.03,0.0,0.0,85.65,10.46,11.07,11.71,0.19,
54,2025-03-14 06:00:00,1.78,0.29,0.0,0.0,83.83,11.8,12.33,12.77,0.23,
54,2025-03-14 07:00:00,2.3,0.06,13.32,0.0,87.95,11.29,11.48,11.77,0.16,
54,2025-03-14 08:00:00,1.92,0.25,188.6,0.0,80.75,11.41,13.32,15.01,0.3,
54,2025-03-14 09:00:00,3.95,1.84,389.4,0.0,70.42,15.34,15.68,16.11,0.53,
54,2025-03-14 10:00:00,3.28,1.31,576.9,0.0,62.79,16.57,17.36,18.29,0.74,
54,2025-03-14 11:00:00,3.05,1.21,727.4,0.0,55.78,19.01,19.71,20.67,1.02,
54,2025-03-14 12:00:00,3.35,1.37,782.4,0.0,51.49,20.94,21.58,21.9,1.25,
54,2025-03-14 13:00:00,3.72,1.7,809.0,0.0,49.11,21.93,22.53,23.22,1.39,
54,2025-03-14 14:00:00,4.32,1.8,851.0,0.0,43.93,23.48,24.25,25.04,1.7,
54,2025-03-14 15:00:00,4.62,1.6,763.5,0.0,39.76,25.01,25.69,26.24,1.99,
54,2025-03-14 16:00:00,5.38,2.72,676.5,0.0,41.66,25.09,25.99,26.66,1.97,
54,2025-03-14 17:00:00,5.15,3.13,350.3,0.0,48.07,22.69,23.53,24.44,1.51,
54,2025-03-14 18:00:00,5.3,3.03,301.1,0.0,49.52,22.43,22.49,22.6,1.38,
54,2025-03-14 19:00:00,5.3,2.85,162.4,0.0,55.16,19.62,20.77,21.89,1.11,
54,2025-03-14 20:00:00,4.78,2.45,8.05,0.0,63.86,17.53,18.25,18.99,0.76,
54,2025-03-14 21:00:00,3.8,2.09,0.0,0.0,70.74,16.08,16.54,17.06,0.55,
54,2025-03-14 22:00:00,2.98,1.48,0.0,0.0,76.17,15.15,15.47,15.8,0.42,
54,2025-03-14 23:00:00,2.38,1.04,0.0,0.0,79.3,14.61,14.78,14.93,0.35,
54,2025-03-15 00:00:00,1.25,0.42,0.0,0.0,85.15,13.07,13.55,14.24,0.23,
54,2025-03-15 01:00:00,1.18,0.32,0.0,0.0,87.5,12.6,12.76,12.89,0.19,
54,2025-03-15 02:00:00,0.95,0.03,0.0,0.0,89.95,10.85,11.42,11.9,0.14,
54,2025-03-15 03:00:00,0.72,0.02,0.0,0.0,90.13,11.15,11.98,12.92,0.14,
54,2025-03-15 04:00:00,1.4,0.09,0.0,0.0,85.35,13.23,13.49,13.74,0.23,
54,2025-03-15 05:00:00,2.45,1.17,0.0,0.0,83.45,13.54,13.62,13.74,0.26,
54,2025-03-15 06:00:00,2.3,0.97,0.0,0.0,83.85,13.56,13.63,13.66,0.25,
54,2025-03-15 07:00:00,2.22,0.93,2.22,0.0,87.03,13.2,13.36,13.45,0.2,
54,2025-03-15 08:00:00,1.78,0.34,31.66,0.0,86.58,13.23,13.44,13.64,0.21,
54,2025-03-15 09:00:00,1.48,0.27,83.4,0.0,82.48,13.82,14.09,14.36,0.29,
54,2025-03-15 10:00:00,1.4,0.27,216.6,0.0,77.3,14.62,15.18,15.76,0.39,
54,2025-03-15 11:00:00,2.0,0.52,419.6,0.0,70.57,15.98,16.82,17.54,0.57,
54,2025-03-15 12:00:00,2.3,0.64,419.5,0.0,64.47,17.97,18.38,18.69,0.75,
54,2025-03-15 13:00:00,3.28,0.77,329.5,0.0,61.06,18.69,18.92,19.28,0.85,
54,2025-03-15 14:00:00,2.68,0.99,361.4,0.0,59.2,19.36,19.51,19.75,0.93,
54,2025-03-15 15:00:00,2.82,1.01,463.5,0.0,55.68,19.82,20.3,20.82,1.06,
54,2025-03-15 16:00:00,2.9,0.74,496.6,0.0,52.59,20.88,21.26,21.87,1.2,
54,2025-03-15 17:00:00,3.05,1.02,546.6,0.0,49.5,22.07,22.36,22.79,1.37,
54,2025-03-15 18:00:00,2.75,0.83,328.2,0.0,50.6,21.97,22.25,22.83,1.33,
54,2025-03-15 19:00:00,1.62,0.32,130.2,0.0,59.29,19.47,20.9,21.84,1.02,
54,2025-03-15 20:00:00,0.95,0.16,5.24,0.0,74.71,16.13,17.04,18.28,0.49,
54,2025-03-15 21:00:00,1.85,0.61,0.0,0.0,78.88,14.8,15.22,15.74,0.37,
54,2025-03-15 22:00:00,2.38,0.88,0.0,0.0,79.42,14.4,14.84,15.2,0.35,
54,2025-03-15 23:00:00,2.3,0.69,0.0,0.0,79.92,14.47,14.72,15.08,0.34,
54,2025-03-16 00:00:00,1.48,0.25,0.0,0.0,86.33,12.94,13.23,13.93,0.21,
54,2025-03-16 01:00:00,1.92,0.11,0.0,0.0,90.2,11.62,11.98,12.25,0.14,
54,2025-03-16 02:00:00,2.0,0.98,0.0,0.0,90.65,11.61,11.81,11.92,0.13,
54,2025-03-16 03:00:00,2.52,1.02,0.0,0.0,91.0,11.79,11.85,11.99,0.13,
54,2025-03-16 04:00:00,1.18,0.18,0.0,0.0,91.58,9.99,10.84,12.01,0.11,
54,2025-03-16 05:00:00,1.4,0.2,0.0,0.0,94.18,9.5,9.78,10.11,0.07,
54,2025-03-16 06:00:00,0.88,0.03,0.0,0.0,95.15,9.1,9.28,9.63,0.06,
54,2025-03-16 07:00:00,0.72,0.01,9.72,0.0,95.35,8.77,8.91,9.05,0.05,
54,2025-03-16 08:00:00,0.57,0.01,196.6,0.0,89.18,8.55,10.29,12.24,0.14,
54,2025-03-16 09:00:00,3.65,1.08,383.9,0.0,77.55,13.61,14.03,14.55,0.36,
54,2025-03-16 10:00:00,4.1,2.05,568.8,0.0,70.65,15.09,15.77,16.64,0.53,
54,2025-03-16 11:00:00,4.1,2.24,714.8,0.0,63.89,17.32,18.33,19.39,0.77,
54,2025-03-16 12:00:00,5.15,2.52,805.0,0.0,54.45,19.89,20.7,21.48,1.12,
54,2025-03-16 13:00:00,4.78,2.54,835.0,0.0,45.2,22.2,22.8,23.36,1.52,
54,2025-03-16 14:00:00,5.0,2.43,830.0,0.0,39.38,23.81,24.35,25.04,1.85,
54,2025-03-16 15:00:00,5.3,2.52,783.3,0.0,34.6,25.04,25.56,25.98,2.14,
54,2025-03-16 16:00:00,4.55,2.36,680.3,0.0,32.08,26.28,26.53,26.91,2.36,
54,2025-03-16 17:00:00,4.47,2.43,527.6,0.0,30.06,26.87,27.02,27.16,2.5,
54,2025-03-16 18:00:00,4.4,2.18,335.5,0.0,30.36,26.33,26.61,26.94,2.43,
54,2025-03-16 19:00:00,3.8,1.71,136.9,0.0,33.57,23.81,25.05,26.03,2.11,
54,2025-03-16 20:00:00,2.75,1.22,4.41,0.0,40.59,21.08,21.85,22.81,1.56,
54,2025-03-16 21:00:00,3.35,1.93,0.0,0.0,44.49,20.37,20.84,21.11,1.37,
54,2025-03-16 22:00:00,3.65,1.74,0.0,0.0,57.39,18.52,19.06,19.58,0.94,
54,2025-03-16 23:00:00,2.82,0.84,0.0,0.0,65.92,16.31,16.83,17.93,0.66,
54,2025-03-17 00:00:00,4.85,1.55,0.0,0.0,61.01,16.58,16.99,17.25,0.76,
54,2025-03-17 01:00:00,4.03,2.18,0.0,0.0,63.75,15.68,16.27,16.86,0.67,
54,2025-03-17 02:00:00,3.58,1.65,0.0,0.0,69.07,14.55,14.84,15.28,0.52,
54,2025-03-17 03:00:00,4.32,2.24,0.0,0.0,71.75,13.49,13.93,14.26,0.45,
54,2025-03-17 04:00:00,3.88,2.08,0.0,0.0,71.74,12.6,12.92,13.31,0.42,
54,2025-03-17 05:00:00,3.35,1.61,0.0,0.0,72.0,11.93,12.13,12.28,0.4,
54,2025-03-17 06:00:00,4.32,1.68,0.0,0.0,73.33,11.1,11.57,11.9,0.37,
54,2025-03-17 07:00:00,3.2,1.16,8.07,0.0,76.59,10.4,10.5,10.73,0.3,
54,2025-03-17 08:00:00,4.18,1.66,183.4,0.0,71.86,10.6,11.31,12.03,0.38,
54,2025-03-17 09:00:00,4.78,2.7,391.7,0.0,66.07,12.41,13.17,13.98,0.52,
54,2025-03-17 10:00:00,5.68,3.02,578.2,0.0,58.38,14.42,15.58,16.67,0.74,
54,2025-03-17 11:00:00,4.32,2.57,719.2,0.0,50.14,17.04,18.13,19.23,1.04,
54,2025-03-17 12:00:00,5.15,2.71,809.0,0.0,43.34,19.97,20.97,21.86,1.41,
54,2025-03-17 13:00:00,6.58,3.14,839.0,0.0,35.22,22.48,23.37,24.39,1.87,
54,2025-03-17 14:00:00,5.22,2.98,834.0,0.0,29.78,24.84,25.72,26.59,2.33,
54,2025-03-17 15:00:00,6.88,3.73,783.3,0.0,23.81,27.18,28.09,28.71,2.9,
54,2025-03-17 16:00:00,6.42,3.72,675.8,0.0,24.72,29.09,29.24,29.38,3.06,
54,2025-03-17 17:00:00,6.72,4.08,516.6,0.0,27.14,28.84,28.98,29.11,2.92,
54,2025-03-17 18:00:00,6.8,3.64,326.4,0.0,28.54,28.23,28.64,28.96,2.8,
54,2025-03-17 19:00:00,5.82,3.13,132.1,0.0,33.09,25.89,26.93,27.8,2.38,
54,2025-03-17 20:00:00,4.47,2.3,3.84,0.0,39.03,23.96,24.47,25.15,1.87,
54,2025-03-17 21:00:00,4.85,2.66,0.0,0.0,42.93,22.43,23.15,23.74,1.62,
54,2025-03-17 22:00:00,6.72,3.52,0.0,0.0,48.97,20.93,21.63,22.37,1.32,
54,2025-03-17 23:00:00,5.45,2.63,0.0,0.0,53.3,19.55,20.03,20.53,1.1,
54,2025-03-18 00:00:00,4.92,2.38,0.0,0.0,57.29,18.1,18.67,19.17,0.92,
54,2025-03-18 01:00:00,6.5,2.76,0.0,0.0,61.18,16.42,17.05,17.64,0.76,
54,2025-03-18 02:00:00,4.78,2.22,0.0,0.0,67.46,14.8,15.38,15.97,0.57,
54,2025-03-18 03:00:00,4.85,2.81,0.0,0.0,73.12,13.79,14.16,14.58,0.44,
54,2025-03-18 04:00:00,5.15,2.6,0.0,0.0,77.4,12.98,13.22,13.57,0.34,
54,2025-03-18 05:00:00,3.95,1.99,0.0,0.0,81.44,12.26,12.51,12.81,0.27,
54,2025-03-18 06:00:00,3.58,1.23,0.0,0.0,84.9,11.37,11.81,12.18,0.21,
54,2025-03-18 07:00:00,4.32,1.69,7.18,0.0,85.5,11.56,11.85,12.01,0.2,
54,2025-03-18 08:00:00,4.1,1.1,182.8,0.0,82.1,11.64,12.35,13.09,0.26,
54,2025-03-18 09:00:00,5.52,2.92,404.1,0.0,75.44,13.44,14.07,14.67,0.4,
54,2025-03-18 10:00:00,5.22,3.13,577.2,0.0,66.37,14.85,15.92,17.1,0.61,
54,2025-03-18 11:00:00,5.38,2.61,720.4,0.0,53.42,17.84,18.73,19.65,1.01,
54,2025-03-18 12:00:00,4.85,2.71,808.0,0.0,45.22,20.38,21.34,22.28,1.39,
54,2025-03-18 13:00:00,5.45,2.86,837.0,0.0,38.99,23.01,23.9,24.91,1.81,
54,2025-03-18 14:00:00,5.45,3.05,833.0,0.0,34.79,25.21,26.19,27.2,2.22,
54,2025-03-18 15:00:00,5.52,3.03,783.7,0.0,30.02,27.75,28.28,28.74,2.69,
54,2025-03-18 16:00:00,5.82,2.79,676.8,0.0,24.37,29.42,29.89,30.37,3.19,
54,2025-03-18 17:00:00,5.38,2.71,519.0,0.0,21.93,30.35,30.45,30.65,3.4,
54,2025-03-18 18:00:00,4.62,2.15,332.0,0.0,22.55,29.86,30.16,30.44,3.32,
54,2025-03-18 19:00:00,2.82,1.02,134.2,0.0,26.39,26.6,28.25,29.49,2.83,
54,2025-03-18 20:00:00,0.72,0.04,3.3,0.0,42.81,19.85,22.07,24.3,1.55,
54,2025-03-18 21:00:00,2.98,0.75,0.0,0.0,36.67,18.98,20.43,22.51,1.53,
54,2025-03-18 22:00:00,3.28,1.85,0.0,0.0,32.48,22.22,22.72,23.14,1.87,
54,2025-03-18 23:00:00,3.28,1.39,0.0,0.0,35.26,21.13,21.25,21.33,1.63,
54,2025-03-19 00:00:00,2.0,0.19,0.0,0.0,43.44,18.12,19.45,20.81,1.29,
54,2025-03-19 01:00:00,3.12,1.23,0.0,0.0,50.48,16.7,17.93,18.96,1.02,
54,2025-03-19 02:00:00,3.35,1.59,0.0,0.0,54.37,17.53,17.97,18.54,0.94,
54,2025-03-19 03:00:00,2.52,0.44,0.0,0.0,62.82,15.08,16.41,17.32,0.7,
54,2025-03-19 04:00:00,4.32,2.16,0.0,0.0,65.53,15.73,16.04,16.31,0.63,
54,2025-03-19 05:00:00,5.3,1.76,0.0,0.0,70.63,14.75,15.17,15.6,0.51,
54,2025-03-19 06:00:00,3.72,0.79,0.0,0.0,76.04,13.07,13.83,14.54,0.38,
54,2025-03-19 07:00:00,3.05,0.75,6.66,0.0,78.95,12.75,13.06,13.19,0.32,
54,2025-03-19 08:00:00,2.98,0.59,174.1,0.0,74.82,12.36,13.58,14.68,0.4,
54,2025-03-19 09:00:00,4.47,2.27,380.4,0.0,65.05,15.13,15.75,16.22,0.63,
54,2025-03-19 10:00:00,4.4,2.28,567.0,0.0,59.29,16.76,17.67,18.77,0.83,
54,2025-03-19 11:00:00,3.88,2.16,710.2,0.0,49.39,19.34,20.21,20.99,1.2,
54,2025-03-19 12:00:00,5.08,2.29,798.6,0.0,42.33,21.64,22.6,23.36,1.59,
54,2025-03-19 13:00:00,5.22,2.19,826.0,0.0,35.74,23.93,24.78,25.43,2.01,
54,2025-03-19 14:00:00,5.3,2.57,823.0,0.0,32.11,26.02,26.39,26.79,2.34,
54,2025-03-19 15:00:00,4.25,2.05,775.3,0.0,29.75,27.17,27.62,28.15,2.6,
54,2025-03-19 16:00:00,4.62,1.83,667.3,0.0,27.46,28.28,28.76,28.98,2.87,
54,2025-03-19 17:00:00,3.5,1.58,515.3,0.0,23.63,29.5,29.69,29.8,3.19,
54,2025-03-19 18:00:00,3.28,1.68,322.7,0.0,23.45,28.59,29.17,29.58,3.1,
54,2025-03-19 19:00:00,2.6,1.06,127.5,0.0,28.45,24.17,26.8,28.52,2.55,
54,2025-03-19 20:00:00,3.72,1.5,2.76,0.0,42.37,21.08,22.19,23.44,1.55,
54,2025-03-19 21:00:00,4.62,2.37,0.0,0.0,51.43,19.14,19.61,20.23,1.11,
54,2025-03-19 22:00:00,3.8,1.77,0.0,0.0,56.1,17.91,18.52,18.86,0.94,
54,2025-03-19 23:00:00,2.75,1.27,0.0,0.0,61.67,16.25,17.04,17.77,0.75,
54,2025-03-20 00:00:00,1.92,0.36,0.0,0.0,64.48,14.41,15.7,16.5,0.64,
54,2025-03-20 01:00:00,1.55,0.36,0.0,0.0,75.03,12.15,13.48,14.13,0.39,
54,2025-03-20 02:00:00,1.25,0.22,0.0,0.0,84.9,10.48,10.97,11.64,0.2,
54,2025-03-20 03:00:00,0.8,0.02,0.0,0.0,87.63,9.55,9.86,10.09,0.15,
54,2025-03-20 04:00:00,1.18,0.14,0.0,0.0,87.2,8.91,9.16,9.38,0.15,
54,2025-03-20 05:00:00,0.88,0.01,0.0,0.0,90.13,9.42,9.87,10.33,0.12,
54,2025-03-20 06:00:00,0.8,0.02,0.0,0.0,88.4,9.88,10.2,10.54,0.15,
54,2025-03-20 07:00:00,0.57,0.01,6.4,0.0,92.53,8.93,9.09,9.23,0.09,
54,2025-03-20 08:00:00,1.02,0.05,135.2,0.0,89.08,9.84,11.54,13.33,0.16,
54,2025-03-20 09:00:00,2.38,0.51,130.7,0.0,81.81,13.02,14.15,14.84,0.3,
54,2025-03-20 10:00:00,3.12,1.66,307.2,0.0,77.6,15.01,15.18,15.41,0.39,
54,2025-03-20 11:00:00,3.95,1.95,702.3,0.0,69.83,16.06,16.97,18.19,0.59,
54,2025-03-20 12:00:00,5.22,2.18,787.2,0.0,57.32,19.08,20.24,21.17,1.02,
54,2025-03-20 13:00:00,5.15,2.4,814.0,0.0,49.59,21.68,22.41,23.07,1.37,
54,2025-03-20 14:00:00,5.52,2.42,810.0,0.0,43.95,23.64,24.11,24.64,1.69,
54,2025-03-20 15:00:00,5.68,2.6,758.8,0.0,36.73,25.31,25.99,26.49,2.13,
54,2025-03-20 16:00:00,5.45,2.69,652.7,0.0,35.71,26.83,27.2,27.4,2.32,
54,2025-03-20 17:00:00,4.78,2.31,485.5,0.0,37.14,27.52,27.62,27.69,2.32,
54,2025-03-20 18:00:00,3.8,1.87,306.7,0.0,38.79,26.82,27.25,27.54,2.22,
54,2025-03-20 19:00:00,2.15,0.29,114.9,0.0,48.37,23.66,25.35,26.53,1.68,
54,2025-03-20 20:00:00,1.02,0.12,1.64,0.0,65.0,19.39,20.15,21.71,0.83,
54,2025-03-20 21:00:00,0.88,0.09,0.0,0.0,68.71,17.96,18.6,19.08,0.67,
54,2025-03-20 22:00:00,0.8,0.02,0.0,0.0,72.82,16.95,17.17,17.48,0.53,
54,2025-03-20 23:00:00,2.08,0.24,0.0,0.0,75.66,16.33,16.57,16.95,0.46,
54,2025-03-21 00:00:00,3.35,1.08,0.0,0.0,67.75,17.61,18.57,19.04,0.69,
54,2025-03-21 01:00:00,3.95,2.1,0.0,0.0,70.63,18.44,18.52,18.65,0.63,
54,2025-03-21 02:00:00,5.52,2.93,0.0,0.0,72.88,17.97,18.14,18.38,0.57,
54,2025-03-21 03:00:00,4.62,2.37,0.0,0.0,75.74,17.14,17.39,17.63,0.48,
54,2025-03-21 04:00:00,3.35,1.54,0.0,0.0,78.7,16.51,16.8,17.04,0.41,
54,2025-03-21 05:00:00,2.45,0.76,0.0,0.0,83.75,15.89,16.07,16.23,0.3,
54,2025-03-21 06:00:00,3.58,1.66,0.0,0.0,85.73,15.83,15.9,16.04,0.26,
54,2025-03-21 07:00:00,4.7,1.69,2.18,0.0,85.0,16.08,16.11,16.13,0.28,
54,2025-03-21 08:00:00,5.82,2.91,55.57,0.0,84.25,16.12,16.25,16.34,0.29,
54,2025-03-21 09:00:00,5.52,2.87,129.2,0.0,82.73,16.38,16.64,16.9,0.33,
54,2025-03-21 10:00:00,5.45,3.23,597.7,0.0,75.25,17.06,17.92,19.21,0.51,
54,2025-03-21 11:00:00,5.75,3.1,685.5,0.0,64.53,19.8,20.55,21.32,0.86,
54,2025-03-21 12:00:00,4.85,2.8,764.6,0.0,55.92,21.96,22.76,23.55,1.22,
54,2025-03-21 13:00:00,6.2,3.08,792.5,0.0,49.48,24.2,24.82,25.53,1.59,
54,2025-03-21 14:00:00,5.45,3.24,789.7,0.0,40.51,26.19,26.72,27.29,2.09,
54,2025-03-21 15:00:00,5.52,2.91,745.9,0.0,34.57,27.79,28.21,28.51,2.51,
54,2025-03-21 16:00:00,6.28,2.74,645.9,0.0,32.04,28.48,28.8,28.99,2.69,
54,2025-03-21 17:00:00,4.18,2.29,491.9,0.0,31.49,29.22,29.33,29.41,2.8,
54,2025-03-21 18:00:00,4.32,2.27,297.7,0.0,34.42,27.92,28.53,29.14,2.56,
54,2025-03-21 19:00:00,3.72,1.52,114.5,0.0,40.25,25.34,26.49,27.59,2.07,
54,2025-03-21 20:00:00,2.6,0.73,1.68,0.0,49.12,22.76,23.7,24.89,1.5,
54,2025-03-21 21:00:00,3.65,1.56,0.0,0.0,54.55,22.12,22.27,22.58,1.23,
54,2025-03-21 22:00:00,2.98,1.33,0.0,0.0,55.24,20.68,21.26,21.94,1.13,
54,2025-03-21 23:00:00,2.82,1.14,0.0,0.0,56.91,19.68,19.99,20.41,1.01,
54,2025-03-22 00:00:00,2.9,0.96,0.0,0.0,61.79,18.56,18.82,19.35,0.83,
54,2025-03-22 01:00:00,4.25,1.33,0.0,0.0,65.79,17.78,18.08,18.45,0.71,
54,2025-03-22 02:00:00,5.15,2.45,0.0,0.0,69.42,16.58,17.03,17.5,0.59,
54,2025-03-22 03:00:00,4.47,2.31,0.0,0.0,73.43,15.36,15.78,16.22,0.48,
54,2025-03-22 04:00:00,4.32,2.37,0.0,0.0,74.71,14.53,14.88,15.21,0.43,
54,2025-03-22 05:00:00,3.65,2.14,0.0,0.0,75.66,13.9,14.15,14.42,0.4,
54,2025-03-22 06:00:00,3.88,1.71,0.0,0.0,77.28,13.21,13.41,13.66,0.35,
54,2025-03-22 07:00:00,2.9,1.43,5.02,0.0,79.36,12.4,12.67,12.83,0.3,
54,2025-03-22 08:00:00,3.35,1.42,154.8,0.0,75.67,12.23,12.86,13.61,0.36,
54,2025-03-22 09:00:00,5.6,2.51,348.0,0.0,68.08,13.88,14.34,14.76,0.52,
54,2025-03-22 10:00:00,5.68,3.25,537.6,0.0,61.08,15.12,15.92,16.68,0.71,
54,2025-03-22 11:00:00,5.3,3.18,680.7,0.0,52.84,17.23,18.12,18.97,0.99,
54,2025-03-22 12:00:00,5.15,3.12,766.3,0.0,45.74,19.52,20.25,20.93,1.29,
54,2025-03-22 13:00:00,5.9,3.2,795.9,0.0,39.82,21.38,22.08,22.87,1.6,
54,2025-03-22 14:00:00,5.82,2.97,794.4,0.0,35.39,23.13,23.77,24.27,1.9,
54,2025-03-22 15:00:00,4.78,2.53,747.4,0.0,31.81,25.07,25.22,25.46,2.19,
54,2025-03-22 16:00:00,5.15,2.63,641.6,0.0,29.56,25.6,25.88,26.02,2.35,
54,2025-03-22 17:00:00,4.55,2.55,480.0,0.0,28.19,25.89,26.03,26.25,2.42,
54,2025-03-22 18:00:00,4.85,2.53,292.9,0.0,31.37,24.64,25.16,25.6,2.2,
54,2025-03-22 19:00:00,4.1,1.9,109.2,0.0,34.17,21.97,23.24,24.26,1.88,
54,2025-03-22 20:00:00,4.62,2.29,1.75,0.0,41.22,20.24,20.68,21.06,1.43,
54,2025-03-22 21:00:00,4.85,2.83,0.0,0.0,45.67,18.64,19.35,19.93,1.23,
54,2025-03-22 22:00:00,5.6,3.13,0.0,0.0,52.5,17.12,17.64,18.09,0.96,
54,2025-03-22 23:00:00,4.18,2.32,0.0,0.0,60.37,15.55,15.87,16.29,0.72,
54,2025-03-23 00:00:00,3.5,1.92,0.0,0.0,64.2,14.7,15.05,15.34,0.61,
54,2025-03-23 01:00:00,5.52,2.4,0.0,0.0,65.76,13.92,14.24,14.57,0.56,
54,2025-03-23 02:00:00,4.78,2.41,0.0,0.0,67.94,12.77,13.2,13.62,0.49,
54,2025-03-23 03:00:00,3.88,1.79,0.0,0.0,71.16,11.83,12.26,12.69,0.41,
54,2025-03-23 04:00:00,2.52,0.44,0.0,0.0,78.12,9.56,10.63,11.71,0.29,
54,2025-03-23 05:00:00,0.0,0.0,0.0,0.0,85.4,7.07,8.11,9.18,0.16,
54,2025-03-23 06:00:00,1.02,0.07,0.0,0.0,90.98,6.13,6.39,6.61,0.09,
54,2025-03-23 07:00:00,1.25,0.11,4.88,0.0,89.33,6.45,6.75,7.17,0.11,
54,2025-03-23 08:00:00,1.1,0.05,163.5,0.0,85.15,6.04,7.46,9.34,0.16,
54,2025-03-23 09:00:00,1.7,0.75,354.1,0.0,72.19,10.15,11.57,12.81,0.39,
54,2025-03-23 10:00:00,3.42,1.4,543.6,0.0,60.65,13.3,14.21,15.01,0.64,
54,2025-03-23 11:00:00,2.6,1.08,684.0,0.0,54.06,15.49,16.36,17.23,0.86,
54,2025-03-23 12:00:00,2.98,1.07,769.6,0.0,47.3,17.88,18.59,19.08,1.13,
54,2025-03-23 13:00:00,2.68,0.94,798.6,0.0,40.54,19.9,20.64,21.37,1.45,
54,2025-03-23 14:00:00,3.88,1.12,792.7,0.0,35.61,21.88,22.34,22.72,1.74,
54,2025-03-23 15:00:00,3.72,1.1,738.5,0.0,28.05,23.27,24.02,24.55,2.15,
54,2025-03-23 16:00:00,3.35,1.2,644.4,0.0,21.02,24.58,24.69,24.76,2.46,
54,2025-03-23 17:00:00,4.03,1.9,474.1,0.0,21.03,24.29,24.47,24.61,2.43,
54,2025-03-23 18:00:00,3.58,1.82,298.3,0.0,24.18,23.19,23.71,24.18,2.23,
54,2025-03-23 19:00:00,2.08,0.43,37.53,0.0,38.16,18.09,20.17,22.34,1.48,
54,2025-03-23 20:00:00,1.18,0.21,1.27,0.0,50.22,15.76,16.19,16.87,0.92,
54,2025-03-23 21:00:00,2.6,0.34,0.0,0.0,53.47,14.83,15.23,15.47,0.81,
54,2025-03-23 22:00:00,1.02,0.07,0.0,0.0,65.71,11.49,12.78,13.75,0.51,
54,2025-03-23 23:00:00,1.4,0.17,0.0,0.0,70.8,10.44,11.02,11.35,0.39,
54,2025-03-24 00:00:00,1.62,0.39,0.0,0.0,72.79,9.66,10.35,10.88,0.34,
54,2025-03-24 01:00:00,1.62,0.32,0.0,0.0,79.97,8.77,9.36,9.8,0.24,
54,2025-03-24 02:00:00,1.18,0.1,0.0,0.0,83.68,8.12,8.62,9.02,0.18,
54,2025-03-24 03:00:00,1.18,0.15,0.0,0.0,86.93,7.83,8.21,8.67,0.14,
54,2025-03-24 04:00:00,1.92,0.79,0.0,0.0,85.35,8.86,9.31,9.62,0.17,
54,2025-03-24 05:00:00,1.85,0.2,0.0,0.0,87.9,7.01,8.21,9.57,0.14,
54,2025-03-24 06:00:00,2.38,0.63,0.0,0.0,90.5,6.87,7.88,8.41,0.1,
54,2025-03-24 07:00:00,2.08,0.42,4.97,0.0,90.4,6.69,7.48,8.45,0.1,
54,2025-03-24 08:00:00,1.78,0.72,144.3,0.0,88.45,6.81,8.03,9.51,0.13,
54,2025-03-24 09:00:00,2.0,0.54,333.5,0.0,76.53,10.61,11.51,12.49,0.32,
54,2025-03-24 10:00:00,2.38,0.52,513.8,0.0,60.3,13.35,14.8,15.99,0.67,
54,2025-03-24 11:00:00,3.5,0.85,655.8,0.0,52.03,16.53,17.51,18.5,0.96,
54,2025-03-24 12:00:00,2.98,0.95,754.5,0.0,43.12,19.56,20.07,20.57,1.34,
54,2025-03-24 13:00:00,3.42,1.12,770.3,0.0,34.97,21.14,21.93,22.59,1.71,
54,2025-03-24 14:00:00,2.6,1.29,771.7,0.0,29.75,22.57,23.36,24.01,2.02,
54,2025-03-24 15:00:00,2.52,0.95,726.4,0.0,25.98,24.06,24.64,25.44,2.3,
54,2025-03-24 16:00:00,3.28,1.29,626.8,0.0,23.3,25.24,25.32,25.51,2.48,
54,2025-03-24 17:00:00,2.98,0.99,476.2,0.0,21.21,25.74,25.93,26.14,2.64,
54,2025-03-24 18:00:00,2.75,0.59,291.6,0.0,21.81,25.2,25.56,25.87,2.56,
54,2025-03-24 19:00:00,0.0,0.0,101.0,0.0,43.18,19.85,23.18,25.24,1.65,
54,2025-03-24 20:00:00,0.0,0.0,1.05,0.0,59.92,14.51,16.02,17.71,0.74,
54,2025-03-24 21:00:00,2.52,1.41,0.0,0.0,56.85,14.43,15.74,16.28,0.77,
54,2025-03-24 22:00:00,3.58,0.86,0.0,0.0,63.75,14.52,15.37,16.65,0.64,
54,2025-03-24 23:00:00,2.08,0.6,0.0,0.0,69.15,13.88,14.28,14.48,0.5,
54,2025-03-25 00:00:00,1.1,0.25,0.0,0.0,77.29,11.25,12.33,13.31,0.33,
54,2025-03-25 01:00:00,1.32,0.14,0.0,0.0,82.77,9.51,10.24,11.18,0.22,
54,2025-03-25 02:00:00,0.8,0.02,0.0,0.0,84.93,8.61,9.13,9.69,0.18,
54,2025-03-25 03:00:00,1.18,0.13,0.0,0.0,88.58,7.79,8.52,9.23,0.13,
54,2025-03-25 04:00:00,0.0,0.0,0.0,0.0,88.8,7.08,7.35,7.96,0.12,
54,2025-03-25 05:00:00,1.32,0.28,0.0,0.0,91.38,6.74,6.96,7.09,0.09,
54,2025-03-25 06:00:00,2.22,0.93,0.0,0.0,92.83,7.6,8.45,9.1,0.08,
54,2025-03-25 07:00:00,1.62,0.97,3.73,0.0,94.08,8.37,8.55,8.66,0.07,
54,2025-03-25 08:00:00,1.7,0.27,150.6,0.0,91.25,8.89,9.48,10.3,0.11,
54,2025-03-25 09:00:00,2.3,1.04,366.9,0.0,78.65,11.75,12.62,13.53,0.32,
54,2025-03-25 10:00:00,2.3,0.82,540.1,0.0,62.77,14.41,15.54,17.21,0.67,
54,2025-03-25 11:00:00,2.38,0.88,677.9,0.0,53.44,17.75,18.03,18.42,0.97,
54,2025-03-25 12:00:00,2.82,1.05,770.5,0.0,48.32,17.98,19.5,20.26,1.18,
54,2025-03-25 13:00:00,3.5,1.24,738.0,0.0,42.98,20.33,21.49,22.36,1.47,
54,2025-03-25 14:00:00,4.55,1.19,928.0,0.0,36.63,23.37,23.59,24.09,1.85,
54,2025-03-25 15:00:00,4.55,2.13,591.2,0.0,42.8,23.32,23.52,23.77,1.66,
54,2025-03-25 16:00:00,6.2,2.42,718.5,0.0,43.9,23.28,24.03,24.79,1.68,
54,2025-03-25 17:00:00,7.1,3.7,392.6,0.0,50.85,20.4,21.29,22.63,1.25,
54,2025-03-25 18:00:00,4.7,2.51,231.2,0.0,51.63,19.34,19.8,20.34,1.12,
54,2025-03-25 19:00:00,3.35,1.32,115.4,0.0,49.04,18.8,19.44,19.9,1.15,
54,2025-03-25 20:00:00,2.82,0.89,0.87,0.0,59.59,17.04,17.59,18.32,0.81,
54,2025-03-25 21:00:00,1.92,0.47,0.0,0.0,68.09,15.13,16.08,17.03,0.59,
54,2025-03-25 22:00:00,2.52,0.58,0.0,0.0,74.69,14.2,14.63,14.81,0.42,
54,2025-03-25 23:00:00,1.18,0.19,0.0,0.0,80.65,12.89,13.25,13.5,0.3,
54,2025-03-26 00:00:00,1.25,0.2,0.0,0.0,83.15,12.32,12.62,12.99,0.25,
54,2025-03-26 01:00:00,1.4,0.31,0.0,0.0,85.6,11.64,11.88,12.08,0.2,
54,2025-03-26 02:00:00,1.18,0.15,0.0,0.0,87.63,10.61,11.31,11.77,0.17,
54,2025-03-26 03:00:00,1.18,0.35,0.0,0.0,89.75,9.96,10.26,10.5,0.13,
54,2025-03-26 04:00:00,1.55,0.64,0.0,0.0,91.33,9.95,10.3,10.59,0.11,
54,2025-03-26 05:00:00,1.55,0.25,0.0,0.0,93.65,9.35,9.55,9.88,0.08,
54,2025-03-26 06:00:00,3.5,0.62,0.0,0.0,92.58,9.05,9.48,9.81,0.09,
54,2025-03-26 07:00:00,2.9,0.61,3.24,0.0,93.03,9.2,10.01,10.86,0.09,
54,2025-03-26 08:00:00,1.62,0.59,140.6,0.0,92.8,9.29,9.67,10.55,0.09,
54,2025-03-26 09:00:00,4.32,2.4,321.5,0.0,83.78,11.46,12.36,13.51,0.24,
54,2025-03-26 10:00:00,5.0,2.83,506.2,0.0,68.27,14.64,15.97,17.35,0.58,
54,2025-03-26 11:00:00,4.55,1.94,648.3,0.0,56.83,17.74,18.5,19.53,0.93,
54,2025-03-26 12:00:00,3.72,1.65,738.0,0.0,45.51,19.82,20.69,21.48,1.33,
54,2025-03-26 13:00:00,4.78,1.84,763.0,0.0,42.2,21.8,22.18,22.54,1.55,
54,2025-03-26 14:00:00,3.72,1.45,763.7,0.0,34.1,22.91,23.55,23.97,1.92,
54,2025-03-26 15:00:00,3.95,1.33,718.0,0.0,28.98,24.63,25.13,25.62,2.27,
54,2025-03-26 16:00:00,3.88,1.26,608.6,0.0,28.12,25.56,25.75,25.87,2.38,
54,2025-03-26 17:00:00,3.95,1.29,455.1,0.0,25.75,25.58,26.09,26.81,2.51,
54,2025-03-26 18:00:00,3.95,1.16,270.2,0.0,28.36,23.69,24.93,25.84,2.27,
54,2025-03-26 19:00:00,1.55,0.24,68.3,0.0,39.12,19.77,21.66,23.61,1.59,
54,2025-03-26 20:00:00,1.85,0.51,0.3,0.0,55.18,16.37,17.56,18.81,0.9,
54,2025-03-26 21:00:00,2.0,0.68,0.0,0.0,54.82,18.13,18.48,18.91,0.96,
54,2025-03-26 22:00:00,1.25,0.11,0.0,0.0,60.04,16.83,17.15,17.63,0.78,
54,2025-03-26 23:00:00,1.85,0.18,0.0,0.0,65.16,15.11,15.64,16.25,0.62,
54,2025-03-27 00:00:00,1.25,0.2,0.0,0.0,73.26,12.85,13.4,14.36,0.41,
54,2025-03-27 01:00:00,1.25,0.16,0.0,0.0,76.22,11.38,12.08,12.83,0.34,
54,2025-03-27 02:00:00,1.18,0.16,0.0,0.0,78.67,10.24,11.01,11.62,0.28,
54,2025-03-27 03:00:00,1.02,0.06,0.0,0.0,81.5,10.27,10.36,10.49,0.23,
54,2025-03-27 04:00:00,0.0,0.0,0.0,0.0,84.9,9.5,9.94,10.35,0.19,
54,2025-03-27 05:00:00,1.62,0.34,0.0,0.0,86.53,9.17,9.47,9.91,0.16,
54,2025-03-27 06:00:00,1.78,0.62,0.0,0.0,88.15,8.37,8.56,8.83,0.13,
54,2025-03-27 07:00:00,1.92,1.07,2.45,0.0,88.03,8.62,9.07,9.59,0.14,
54,2025-03-27 08:00:00,2.38,0.89,103.1,0.0,83.97,9.74,10.44,11.53,0.21,
54,2025-03-27 09:00:00,2.15,0.69,299.4,0.0,73.88,11.9,13.0,14.4,0.4,
54,2025-03-27 10:00:00,3.5,1.65,413.6,0.0,63.12,15.33,16.19,16.58,0.68,
54,2025-03-27 11:00:00,3.2,1.52,648.3,0.0,55.92,16.66,17.47,18.48,0.88,
54,2025-03-27 12:00:00,4.03,1.84,734.9,0.0,49.0,18.93,19.57,20.26,1.17,
54,2025-03-27 13:00:00,4.18,1.77,824.0,0.0,45.11,20.82,21.1,21.54,1.37,
54,2025-03-27 14:00:00,4.32,1.66,687.8,0.0,42.16,21.37,22.07,22.59,1.54,
54,2025-03-27 15:00:00,4.1,1.54,713.4,0.0,35.91,22.23,23.05,23.79,1.81,
54,2025-03-27 16:00:00,4.4,2.23,636.6,0.0,27.2,23.8,23.86,24.02,2.15,
54,2025-03-27 17:00:00,4.62,1.72,432.8,0.0,30.62,22.41,23.2,23.73,1.97,
54,2025-03-27 18:00:00,3.28,1.39,268.5,0.0,34.06,22.34,22.85,23.2,1.84,
54,2025-03-27 19:00:00,4.47,2.36,134.8,0.0,45.68,19.4,20.73,22.04,1.34,
54,2025-03-27 20:00:00,4.1,1.92,0.5,0.0,59.9,16.84,17.75,18.67,0.82,
54,2025-03-27 21:00:00,2.08,0.53,0.0,0.0,70.07,14.47,15.42,16.31,0.53,
54,2025-03-27 22:00:00,1.55,0.36,0.0,0.0,78.18,13.08,13.6,13.94,0.34,
54,2025-03-27 23:00:00,1.02,0.1,0.0,0.0,83.28,11.71,11.95,12.34,0.24,
54,2025-03-28 00:00:00,0.95,0.01,0.0,0.0,86.9,9.49,10.16,10.99,0.16,
54,2025-03-28 01:00:00,0.88,0.02,0.0,0.0,89.83,8.86,9.26,9.44,0.12,
54,2025-03-28 02:00:00,0.0,0.0,0.0,0.0,88.2,8.46,8.54,8.7,0.13,
54,2025-03-28 03:00:00,0.42,0.0,0.0,0.0,90.03,7.57,8.04,8.43,0.11,
54,2025-03-28 04:00:00,0.0,0.0,0.0,0.0,91.6,7.02,7.7,8.1,0.09,
54,2025-03-28 05:00:00,0.8,0.03,0.0,0.0,92.08,6.44,6.64,6.73,0.08,
54,2025-03-28 06:00:00,0.88,0.02,0.0,0.0,92.88,5.64,6.05,6.29,0.07,
54,2025-03-28 07:00:00,0.0,0.0,5.07,0.0,94.25,5.47,5.68,5.92,0.05,
54,2025-03-28 08:00:00,0.8,0.02,148.8,0.0,96.95,6.34,7.12,8.03,0.03,
54,2025-03-28 09:00:00,1.78,0.73,272.0,0.0,88.45,8.89,10.21,11.41,0.15,
54,2025-03-28 10:00:00,2.9,1.36,527.7,0.0,75.2,12.28,13.81,15.3,0.4,
54,2025-03-28 11:00:00,3.05,1.23,614.6,0.0,63.75,16.23,16.99,17.78,0.71,
54,2025-03-28 12:00:00,3.8,1.38,684.9,0.0,54.19,18.83,19.31,19.98,1.03,
54,2025-03-28 13:00:00,4.18,1.91,722.6,0.0,43.98,20.57,21.11,21.46,1.41,
54,2025-03-28 14:00:00,3.8,1.62,765.7,0.0,37.82,21.98,22.84,23.7,1.73,
54,2025-03-28 15:00:00,3.95,1.55,695.0,0.0,34.33,23.33,23.62,23.95,1.92,
54,2025-03-28 16:00:00,4.03,1.95,396.4,0.0,32.59,23.4,23.49,23.65,1.95,
54,2025-03-28 17:00:00,3.72,1.76,317.8,0.0,29.38,22.82,23.2,23.51,2.01,
54,2025-03-28 18:00:00,2.75,1.03,160.9,0.0,31.01,22.02,22.52,23.19,1.88,
54,2025-03-28 19:00:00,2.68,0.77,111.6,0.0,40.07,18.51,20.83,22.65,1.49,
54,2025-03-28 20:00:00,0.8,0.04,0.2,0.0,60.99,13.57,15.22,17.1,0.69,
54,2025-03-28 21:00:00,0.95,0.08,0.0,0.0,70.44,11.49,12.16,12.9,0.42,
54,2025-03-28 22:00:00,1.18,0.27,0.0,0.0,73.72,11.72,11.89,12.2,0.37,
54,2025-03-28 23:00:00,0.88,0.13,0.0,0.0,78.29,11.04,11.29,11.62,0.29,
54,2025-03-29 00:00:00,0.88,0.04,0.0,0.0,80.2,9.37,10.16,11.16,0.25,
54,2025-03-29 01:00:00,0.57,0.01,0.0,0.0,85.45,8.31,8.5,8.86,0.16,
54,2025-03-29 02:00:00,0.42,0.0,0.0,0.0,87.73,7.49,7.71,7.99,0.13,
54,2025-03-29 03:00:00,1.18,0.14,0.0,0.0,87.08,6.94,7.41,7.62,0.13,
54,2025-03-29 04:00:00,1.1,0.11,0.0,0.0,88.53,6.58,6.85,7.38,0.11,
54,2025-03-29 05:00:00,0.72,0.03,0.0,0.0,89.58,6.6,6.89,7.2,0.11,
54,2025-03-29 06:00:00,1.4,0.35,0.0,0.0,91.53,7.28,7.72,8.09,0.09,
54,2025-03-29 07:00:00,2.68,1.02,2.05,0.0,90.08,8.43,8.87,9.66,0.11,
54,2025-03-29 08:00:00,2.38,0.7,113.2,0.0,80.18,10.44,11.6,12.62,0.28,
54,2025-03-29 09:00:00,2.3,0.89,299.1,0.0,70.14,12.83,14.3,15.99,0.5,
54,2025-03-29 10:00:00,2.45,0.96,409.1,0.0,59.08,16.35,17.02,17.51,0.8,
54,2025-03-29 11:00:00,2.52,0.86,511.4,0.0,51.35,18.36,19.23,20.11,1.09,
54,2025-03-29 12:00:00,3.65,1.05,594.0,0.0,46.79,20.52,21.04,21.49,1.33,
54,2025-03-29 13:00:00,4.32,1.68,616.4,0.0,40.15,22.33,22.55,22.79,1.64,
54,2025-03-29 14:00:00,4.55,2.32,609.7,0.0,43.91,22.77,22.97,23.16,1.58,
54,2025-03-29 15:00:00,5.15,2.98,573.2,0.0,43.6,22.34,22.73,23.19,1.56,
54,2025-03-29 16:00:00,5.22,2.97,324.9,0.0,44.86,21.42,21.77,22.26,1.44,
54,2025-03-29 17:00:00,5.08,2.46,138.2,0.0,51.53,19.68,20.2,20.78,1.15,
54,2025-03-29 18:00:00,4.78,2.26,66.77,0.0,54.55,18.62,19.03,19.43,1.0,
54,2025-03-29 19:00:00,5.0,1.95,22.36,0.0,58.77,17.55,18.05,18.47,0.86,
54,2025-03-29 20:00:00,4.4,1.79,0.03,0.0,61.74,17.28,17.46,17.54,0.76,
54,2025-03-29 21:00:00,4.18,1.8,0.0,0.0,62.72,17.18,17.27,17.36,0.74,
54,2025-03-29 22:00:00,4.7,2.17,0.0,0.0,68.5,16.48,16.74,17.09,0.6,
54,2025-03-29 23:00:00,4.32,1.93,0.0,5.7,83.77,14.98,15.45,16.19,0.29,
54,2025-03-30 00:00:00,3.28,1.37,0.0,7.8,92.05,14.24,14.48,14.74,0.13,
54,2025-03-30 01:00:00,3.72,1.11,0.0,0.2,93.38,14.37,14.45,14.49,0.11,
54,2025-03-30 02:00:00,5.45,1.16,0.0,2.8,95.9,14.2,14.26,14.38,0.07,
54,2025-03-30 03:00:00,4.55,2.02,0.0,1.0,95.33,13.67,13.81,13.98,0.08,
54,2025-03-30 04:00:00,2.52,1.09,0.0,1.2,95.38,13.63,13.65,13.67,0.07,
54,2025-03-30 05:00:00,3.5,1.66,0.0,0.5,93.53,13.46,13.57,13.65,0.1,
54,2025-03-30 06:00:00,5.22,2.37,0.0,0.0,87.55,12.78,13.08,13.32,0.19,
54,2025-03-30 07:00:00,3.2,1.15,2.09,0.0,86.25,11.52,11.99,12.51,0.19,
54,2025-03-30 08:00:00,2.98,1.27,143.4,0.0,84.95,11.18,11.45,11.84,0.2,
54,2025-03-30 09:00:00,4.03,2.16,341.7,0.0,79.68,12.15,12.6,13.02,0.3,
54,2025-03-30 10:00:00,4.78,2.77,530.9,0.1,71.94,13.33,13.83,14.31,0.44,
54,2025-03-30 11:00:00,5.6,3.3,680.7,0.0,64.14,14.32,14.7,15.57,0.6,
54,2025-03-30 12:00:00,6.12,3.33,818.0,0.0,55.58,15.46,15.99,16.59,0.81,
54,2025-03-30 13:00:00,6.65,3.57,799.2,0.0,47.95,16.35,16.74,17.01,1.0,
54,2025-03-30 14:00:00,5.98,3.22,781.1,0.0,42.56,17.33,17.54,17.85,1.15,
54,2025-03-30 15:00:00,5.82,3.06,738.3,0.0,37.82,18.18,18.49,19.0,1.33,
54,2025-03-30 16:00:00,6.28,3.13,542.8,0.0,35.46,18.04,18.41,18.59,1.37,
54,2025-03-30 17:00:00,5.52,2.93,458.1,0.0,34.37,18.4,18.54,18.65,1.41,
54,2025-03-30 18:00:00,5.6,2.63,265.4,0.0,37.02,17.66,18.06,18.46,1.31,
54,2025-03-30 19:00:00,4.03,1.02,83.5,0.0,46.92,14.54,15.98,17.08,0.97,
54,2025-03-30 20:00:00,2.45,0.97,0.23,0.0,54.76,13.18,13.54,13.84,0.7,
54,2025-03-30 21:00:00,4.32,2.1,0.0,0.0,60.8,13.08,13.56,14.1,0.61,
54,2025-03-30 22:00:00,4.47,2.32,0.0,0.0,74.16,12.17,12.54,13.11,0.38,
54,2025-03-30 23:00:00,4.7,2.36,0.0,0.0,78.04,11.33,11.83,12.24,0.31,
54,2025-03-31 00:00:00,4.18,2.43,0.0,0.0,80.71,10.62,10.82,11.12,0.25,
54,2025-03-31 01:00:00,3.58,2.01,0.0,0.0,80.48,10.11,10.28,10.55,0.24,
54,2025-03-31 02:00:00,4.78,2.35,0.0,0.0,78.5,10.02,10.1,10.14,0.27,
54,2025-03-31 03:00:00,4.47,1.57,0.0,0.0,81.89,8.8,9.4,10.01,0.22,
54,2025-03-31 04:00:00,2.6,0.45,0.0,0.0,88.4,7.53,7.8,7.99,0.12,
54,2025-03-31 05:00:00,3.28,1.33,0.0,0.0,85.88,8.2,8.37,8.46,0.16,
54,2025-03-31 06:00:00,4.25,2.04,0.0,0.0,86.7,7.96,8.05,8.11,0.14,
54,2025-03-31 07:00:00,4.1,1.88,3.08,0.0,87.95,7.04,7.59,7.85,0.13,
54,2025-03-31 08:00:00,4.47,1.49,151.9,0.0,83.64,6.75,7.84,9.02,0.18,
54,2025-03-31 09:00:00,5.75,2.95,352.8,0.0,70.0,9.69,10.46,11.23,0.38,
54,2025-03-31 10:00:00,8.08,4.06,535.3,0.0,60.17,11.75,12.5,13.24,0.58,
54,2025-03-31 11:00:00,9.5,4.66,673.4,0.0,50.33,14.16,14.59,15.15,0.83,
54,2025-03-31 12:00:00,8.0,4.9,755.5,0.0,46.92,15.47,16.0,16.56,0.97,
54,2025-03-31 13:00:00,7.48,4.3,776.6,0.0,41.54,17.17,17.64,18.25,1.18,
54,2025-03-31 14:00:00,7.62,4.49,774.1,0.0,36.8,18.66,19.07,19.61,1.4,
54,2025-03-31 15:00:00,7.18,4.25,720.3,0.0,34.41,19.82,20.16,20.49,1.55,
54,2025-03-31 16:00:00,7.55,4.26,611.8,0.0,33.33,20.4,20.59,20.81,1.62,
54,2025-03-31 17:00:00,7.25,4.26,455.2,0.0,33.24,20.06,20.27,20.43,1.59,
54,2025-03-31 18:00:00,7.02,4.06,265.0,0.0,36.36,19.15,19.55,19.93,1.45,
54,2025-03-31 19:00:00,6.58,3.25,81.6,0.0,41.78,16.96,17.79,18.62,1.19,
54,2025-03-31 20:00:00,5.0,2.78,0.17,0.0,48.74,15.04,15.74,16.32,0.92,
54,2025-03-31 21:00:00,5.3,2.35,0.0,0.0,56.29,13.7,14.27,15.09,0.71,
54,2025-03-31 22:00:00,4.18,2.42,0.0,0.0,58.88,13.13,13.34,13.49,0.63,
54,2025-03-31 23:00:00,4.18,2.38,0.0,0.0,59.95,12.47,12.75,13.04,0.59,
54,2025-04-01 00:00:00,3.8,1.97,0.0,0.0,64.12,11.25,11.76,12.34,0.5,
54,2025-04-01 01:00:00,2.82,1.58,0.0,0.0,69.18,10.3,10.55,10.94,0.39,
54,2025-04-01 02:00:00,4.03,1.85,0.0,0.0,71.52,9.98,10.06,10.14,0.35,
54,2025-04-01 03:00:00,3.28,1.53,0.0,0.0,76.49,9.38,9.56,9.79,0.28,
54,2025-04-01 04:00:00,2.15,0.81,0.0,0.0,80.27,8.59,8.87,9.19,0.23,
54,2025-04-01 05:00:00,2.08,0.59,0.0,0.0,82.98,7.85,8.17,8.51,0.19,
54,2025-04-01 06:00:00,2.22,0.41,0.0,0.0,85.4,7.16,7.44,7.65,0.15,
54,2025-04-01 07:00:00,1.1,0.06,2.46,0.0,88.75,6.09,6.5,6.77,0.11,
54,2025-04-01 08:00:00,2.45,0.73,105.4,0.0,86.98,5.68,6.59,7.59,0.13,
54,2025-04-01 09:00:00,4.25,2.27,342.2,0.0,76.12,8.56,9.37,10.18,0.28,
54,2025-04-01 10:00:00,5.52,3.11,522.2,0.0,68.5,10.7,11.37,12.1,0.43,
54,2025-04-01 11:00:00,5.75,3.4,658.6,0.0,60.21,12.7,13.54,14.34,0.62,
54,2025-04-01 12:00:00,4.78,2.57,740.2,0.0,52.89,14.81,15.67,16.36,0.84,
54,2025-04-01 13:00:00,4.4,2.2,764.2,0.0,46.85,16.87,17.44,18.01,1.06,
54,2025-04-01 14:00:00,4.55,1.96,759.6,0.0,41.33,18.44,18.9,19.55,1.28,
54,2025-04-01 15:00:00,4.85,2.04,708.8,0.0,39.74,19.67,20.15,20.61,1.42,
54,2025-04-01 16:00:00,3.8,1.75,600.0,0.0,34.99,20.8,20.97,21.18,1.62,
54,2025-04-01 17:00:00,4.4,2.02,445.6,0.0,33.08,21.01,21.1,21.26,1.67,
54,2025-04-01 18:00:00,3.58,1.49,258.4,0.0,31.51,20.5,20.98,21.33,1.71,
54,2025-04-01 19:00:00,1.7,0.23,76.96,0.0,47.37,15.03,17.43,19.54,1.07,
54,2025-04-01 20:00:00,0.0,0.0,0.13,0.0,71.95,10.98,12.23,13.71,0.41,
54,2025-04-01 21:00:00,0.0,0.0,0.0,0.0,84.93,8.96,9.61,10.33,0.18,
54,2025-04-01 22:00:00,1.48,0.12,0.0,0.0,83.75,8.34,8.63,8.82,0.18,
54,2025-04-01 23:00:00,1.1,0.07,0.0,0.0,86.63,7.31,7.65,8.19,0.14,
54,2025-04-02 00:00:00,1.78,0.47,0.0,0.0,81.24,8.51,9.14,10.01,0.22,
54,2025-04-02 01:00:00,0.95,0.05,0.0,0.0,89.6,6.65,7.16,7.96,0.11,
54,2025-04-02 02:00:00,1.7,0.45,0.0,0.0,87.4,7.69,8.3,8.84,0.14,
54,2025-04-02 03:00:00,1.1,0.25,0.0,0.0,91.83,6.79,7.22,7.8,0.09,
54,2025-04-02 04:00:00,2.0,0.36,0.0,0.0,90.78,7.24,7.67,7.92,0.1,
54,2025-04-02 05:00:00,1.18,0.15,0.0,0.0,93.93,5.85,6.3,6.92,0.06,
54,2025-04-02 06:00:00,2.45,0.75,0.0,0.0,93.78,5.88,7.05,7.84,0.06,
54,2025-04-02 07:00:00,2.52,0.57,1.86,0.0,92.58,6.75,7.52,7.9,0.08,
54,2025-04-02 08:00:00,2.15,0.62,126.3,0.0,91.2,6.18,7.4,8.82,0.1,
54,2025-04-02 09:00:00,2.68,1.26,152.8,0.0,86.68,8.58,8.8,9.06,0.15,
54,2025-04-02 10:00:00,3.35,1.69,245.9,0.0,83.9,9.29,9.73,10.21,0.2,
54,2025-04-02 11:00:00,2.98,1.63,316.0,0.0,78.39,10.51,11.28,12.14,0.29,
54,2025-04-02 12:00:00,3.65,1.57,542.4,0.0,67.66,12.43,13.5,14.85,0.51,
54,2025-04-02 13:00:00,3.72,1.28,789.1,0.0,53.94,15.39,16.89,17.8,0.89,
54,2025-04-02 14:00:00,2.98,1.4,798.1,0.0,43.91,18.47,19.57,20.27,1.28,
54,2025-04-02 15:00:00,3.5,1.61,646.6,0.0,39.37,20.1,20.36,20.92,1.45,
54,2025-04-02 16:00:00,5.82,1.36,476.0,0.0,36.44,20.7,20.94,21.29,1.58,
54,2025-04-02 17:00:00,3.28,1.58,334.7,0.0,36.02,21.32,21.45,21.69,1.64,
54,2025-04-02 18:00:00,3.12,1.6,265.5,0.0,34.74,20.57,21.29,21.68,1.66,
54,2025-04-02 19:00:00,2.3,0.53,67.22,0.0,51.69,15.4,17.6,19.6,0.99,
54,2025-04-02 20:00:00,0.8,0.15,0.06,0.0,66.71,13.28,14.03,14.85,0.54,
54,2025-04-02 21:00:00,2.68,0.08,0.0,0.0,75.38,10.78,11.93,12.85,0.35,
54,2025-04-02 22:00:00,4.4,1.75,0.0,0.0,62.57,12.77,13.93,14.55,0.6,
54,2025-04-02 23:00:00,2.82,1.32,0.0,0.0,72.59,12.29,12.87,13.66,0.41,
54,2025-04-03 00:00:00,3.8,1.5,0.0,0.0,79.98,11.82,12.01,12.25,0.28,
54,2025-04-03 01:00:00,2.52,1.24,0.0,0.0,85.98,10.66,11.24,11.63,0.19,
54,2025-04-03 02:00:00,2.45,1.36,0.0,0.0,88.38,10.73,10.89,11.03,0.15,
54,2025-04-03 03:00:00,3.5,1.78,0.0,0.0,89.28,10.72,10.85,10.99,0.14,
54,2025-04-03 04:00:00,4.03,1.97,0.0,0.0,90.3,10.44,10.57,10.7,0.13,
54,2025-04-03 05:00:00,3.42,1.72,0.0,0.0,90.05,10.45,10.48,10.5,0.13,
54,2025-04-03 06:00:00,3.8,1.97,0.0,0.0,90.53,10.29,10.4,10.46,0.12,
54,2025-04-03 07:00:00,2.98,1.39,3.0,0.0,91.5,10.03,10.22,10.31,0.11,
54,2025-04-03 08:00:00,4.4,2.15,26.4,0.0,91.9,10.09,10.16,10.25,0.1,
54,2025-04-03 09:00:00,4.47,2.09,275.7,0.0,89.28,10.42,10.9,11.65,0.14,
54,2025-04-03 10:00:00,4.32,2.25,502.3,0.0,75.56,12.67,14.04,15.34,0.39,
54,2025-04-03 11:00:00,4.85,2.91,641.7,0.0,62.27,16.03,16.92,18.03,0.73,
54,2025-04-03 12:00:00,4.85,2.73,727.9,0.0,51.93,18.7,19.65,20.59,1.1,
54,2025-04-03 13:00:00,5.52,3.23,749.9,0.0,41.66,21.3,22.11,22.81,1.56,
54,2025-04-03 14:00:00,5.98,3.31,744.4,0.0,37.41,23.34,23.88,24.44,1.86,
54,2025-04-03 15:00:00,5.9,3.07,696.2,0.0,30.81,24.78,25.28,25.72,2.23,
54,2025-04-03 16:00:00,5.82,3.25,590.3,0.0,29.47,25.93,26.08,26.31,2.38,
54,2025-04-03 17:00:00,5.38,3.09,434.8,0.0,30.08,25.56,25.83,26.02,2.33,
54,2025-04-03 18:00:00,5.38,2.74,245.9,0.0,31.11,24.5,25.03,25.5,2.19,
54,2025-04-03 19:00:00,2.45,0.83,70.68,0.0,41.02,20.11,22.02,23.73,1.58,
54,2025-04-03 20:00:00,1.92,0.25,0.04,0.0,54.44,17.04,17.52,18.78,0.92,
54,2025-04-03 21:00:00,1.32,0.14,0.0,0.0,61.81,13.8,15.54,16.73,0.68,
54,2025-04-03 22:00:00,2.38,0.48,0.0,0.0,51.03,14.67,16.53,17.79,0.93,
54,2025-04-03 23:00:00,1.25,0.15,0.0,0.0,67.47,12.96,14.22,15.94,0.54,
54,2025-04-04 00:00:00,1.18,0.05,0.0,0.0,78.6,10.71,11.48,12.36,0.29,
54,2025-04-04 01:00:00,1.02,0.06,0.0,0.0,82.13,10.04,10.39,10.82,0.23,
54,2025-04-04 02:00:00,0.65,0.0,0.0,0.0,85.08,9.57,9.79,9.94,0.18,
54,2025-04-04 03:00:00,0.35,0.0,0.0,0.0,87.43,8.81,9.38,9.94,0.15,
54,2025-04-04 04:00:00,1.25,0.25,0.0,0.0,86.48,8.88,9.45,10.23,0.16,
54,2025-04-04 05:00:00,0.95,0.19,0.0,0.0,89.28,8.62,8.86,9.1,0.12,
54,2025-04-04 06:00:00,0.8,0.04,0.0,0.0,89.95,6.97,7.87,8.54,0.11,
54,2025-04-04 07:00:00,0.0,0.0,2.03,0.0,93.68,6.1,6.47,6.64,0.06,
54,2025-04-04 08:00:00,0.5,0.0,151.0,0.0,89.23,6.25,7.56,10.27,0.12,
54,2025-04-04 09:00:00,1.4,0.11,321.5,0.0,74.3,11.59,12.7,13.68,0.38,
54,2025-04-04 10:00:00,2.68,1.11,512.5,0.0,58.71,14.45,15.54,16.64,0.73,
54,2025-04-04 11:00:00,2.52,0.95,588.3,0.0,46.34,17.42,18.29,19.15,1.13,
54,2025-04-04 12:00:00,2.52,0.87,706.5,0.0,39.59,19.81,21.01,22.14,1.51,
54,2025-04-04 13:00:00,2.68,0.59,716.1,0.0,35.24,22.74,23.59,24.33,1.89,
54,2025-04-04 14:00:00,2.3,0.76,714.2,0.0,31.98,24.91,25.62,26.68,2.24,
54,2025-04-04 15:00:00,2.82,1.11,672.6,0.0,30.75,26.57,26.83,27.05,2.45,
54,2025-04-04 16:00:00,2.82,0.71,572.3,0.0,29.21,27.19,27.7,28.06,2.63,
54,2025-04-04 17:00:00,2.82,0.77,412.4,0.0,30.28,28.04,28.13,28.2,2.66,
54,2025-04-04 18:00:00,2.15,0.6,228.6,0.0,34.46,26.58,27.5,28.28,2.41,
54,2025-04-04 19:00:00,0.0,0.0,54.44,0.0,57.39,19.88,22.84,25.62,1.22,
54,2025-04-04 20:00:00,2.3,1.28,0.02,0.0,57.12,18.9,19.58,20.23,0.98,
54,2025-04-04 21:00:00,3.35,1.88,0.0,0.0,55.75,18.7,18.85,19.19,0.96,
54,2025-04-04 22:00:00,3.35,1.82,0.0,0.0,54.29,17.69,17.96,18.37,0.94,
54,2025-04-04 23:00:00,2.9,1.66,0.0,0.0,53.78,16.31,16.85,17.47,0.89,
54,2025-04-05 00:00:00,2.0,0.93,0.0,0.0,68.18,12.98,14.34,15.53,0.53,
54,2025-04-05 01:00:00,1.32,0.32,0.0,0.0,82.53,10.83,11.81,12.75,0.24,
54,2025-04-05 02:00:00,0.8,0.04,0.0,0.0,88.48,9.65,9.85,10.15,0.14,
54,2025-04-05 03:00:00,1.62,0.53,0.0,0.0,90.2,9.52,9.95,10.34,0.12,
54,2025-04-05 04:00:00,0.8,0.04,0.0,0.0,92.75,8.45,9.06,9.76,0.08,
54,2025-04-05 05:00:00,1.25,0.25,0.0,0.0,94.58,8.29,8.42,8.56,0.06,
54,2025-04-05 06:00:00,1.55,0.33,0.0,0.0,95.78,7.86,8.34,8.57,0.05,
54,2025-04-05 07:00:00,1.85,0.59,1.72,0.0,95.93,8.7,8.76,8.85,0.05,
54,2025-04-05 08:00:00,1.55,0.42,136.9,0.0,94.55,8.19,8.66,9.28,0.06,
54,2025-04-05 09:00:00,1.78,0.85,316.9,0.0,86.83,10.15,11.15,12.03,0.18,
54,2025-04-05 10:00:00,1.92,0.51,489.6,0.0,71.94,13.22,14.29,15.2,0.46,
54,2025-04-05 11:00:00,2.98,0.89,610.6,0.0,62.45,15.58,16.31,16.91,0.7,
54,2025-04-05 12:00:00,3.58,1.48,699.0,0.0,57.88,17.25,17.72,18.33,0.86,
54,2025-04-05 13:00:00,3.58,1.73,717.2,0.0,52.7,19.03,19.7,20.29,1.09,
54,2025-04-05 14:00:00,4.25,1.81,712.1,0.0,49.1,20.51,20.83,21.34,1.25,
54,2025-04-05 15:00:00,4.03,1.98,661.6,0.0,45.71,21.46,21.96,22.53,1.43,
54,2025-04-05 16:00:00,4.03,2.06,558.7,0.0,42.93,22.71,22.94,23.09,1.6,
54,2025-04-05 17:00:00,3.65,1.54,404.2,0.0,41.42,23.33,23.66,23.9,1.71,
54,2025-04-05 18:00:00,3.12,1.59,233.9,0.0,48.69,21.23,22.42,23.22,1.4,
54,2025-04-05 19:00:00,4.4,2.38,47.38,0.0,63.88,16.74,17.97,19.49,0.75,
54,2025-04-05 20:00:00,4.85,2.63,0.03,0.0,70.72,15.27,15.7,16.2,0.52,
54,2025-04-05 21:00:00,3.88,1.89,0.0,0.0,75.42,14.15,14.55,14.98,0.41,
54,2025-04-05 22:00:00,2.68,1.26,0.0,0.0,79.33,13.43,13.71,13.98,0.32,
54,2025-04-05 23:00:00,1.92,0.36,0.0,0.0,85.18,11.62,12.5,13.29,0.22,
54,2025-04-06 00:00:00,1.25,0.15,0.0,0.0,87.75,11.27,11.7,11.99,0.17,
54,2025-04-06 01:00:00,1.1,0.17,0.0,0.0,90.0,11.0,11.16,11.5,0.13,
54,2025-04-06 02:00:00,1.1,0.13,0.0,0.0,88.8,11.9,12.13,12.24,0.16,
54,2025-04-06 03:00:00,0.65,0.0,0.0,0.0,87.18,12.29,12.57,12.82,0.19,
54,2025-04-06 04:00:00,0.72,0.02,0.0,0.0,86.58,12.94,13.03,13.09,0.2,
54,2025-04-06 05:00:00,0.72,0.02,0.0,0.0,85.55,13.13,13.25,13.35,0.22,
54,2025-04-06 06:00:00,0.57,0.01,0.0,0.0,85.18,13.33,13.41,13.48,0.23,
54,2025-04-06 07:00:00,1.02,0.11,0.18,0.0,85.48,13.45,13.47,13.51,0.22,
54,2025-04-06 08:00:00,1.32,0.08,13.11,0.0,82.83,13.55,13.69,13.84,0.27,
54,2025-04-06 09:00:00,1.85,0.43,48.44,0.0,80.75,13.96,14.14,14.33,0.31,
54,2025-04-06 10:00:00,2.15,1.0,136.9,0.0,77.84,14.48,14.58,14.75,0.37,
54,2025-04-06 11:00:00,3.72,1.69,260.0,0.0,70.1,15.22,15.64,16.03,0.53,
54,2025-04-06 12:00:00,3.42,1.54,281.8,0.0,61.04,16.28,16.65,16.94,0.74,
54,2025-04-06 13:00:00,2.9,1.2,550.7,0.0,55.74,17.02,17.66,18.55,0.9,
54,2025-04-06 14:00:00,3.35,1.17,596.7,0.0,51.11,18.36,18.69,19.15,1.06,
54,2025-04-06 15:00:00,3.95,1.85,652.1,0.0,48.26,19.41,19.81,20.23,1.2,
54,2025-04-06 16:00:00,4.47,1.26,552.3,0.0,44.54,20.36,20.68,21.22,1.36,
54,2025-04-06 17:00:00,3.42,0.74,398.9,0.0,44.25,21.07,21.36,21.72,1.42,
54,2025-04-06 18:00:00,2.22,0.63,218.7,0.0,47.45,20.33,20.88,21.3,1.3,
54,2025-04-06 19:00:00,1.4,0.53,54.7,0.0,65.28,15.32,17.31,19.39,0.7,
54,2025-04-06 20:00:00,1.1,0.15,0.02,0.0,77.57,13.03,13.64,14.42,0.35,
54,2025-04-06 21:00:00,1.32,0.14,0.0,0.0,82.68,11.48,11.91,12.24,0.24,
54,2025-04-06 22:00:00,0.95,0.05,0.0,0.0,87.23,10.91,11.1,11.51,0.17,
54,2025-04-06 23:00:00,1.25,0.13,0.0,0.0,86.38,10.7,10.92,11.06,0.18,
54,2025-04-07 00:00:00,1.92,0.34,0.0,0.0,87.33,10.5,11.18,11.63,0.17,
54,2025-04-07 01:00:00,1.48,0.27,0.0,0.0,89.63,10.86,10.89,10.95,0.13,
54,2025-04-07 02:00:00,2.08,0.67,0.0,0.0,92.2,10.48,10.57,10.74,0.1,
54,2025-04-07 03:00:00,1.78,0.06,0.0,0.0,92.88,8.16,9.02,10.15,0.09,
54,2025-04-07 04:00:00,1.55,0.23,0.0,0.0,95.85,8.01,8.63,9.28,0.05,
54,2025-04-07 05:00:00,1.85,0.23,0.0,0.0,96.63,7.19,8.02,8.7,0.04,
54,2025-04-07 06:00:00,2.68,1.39,0.0,0.0,97.85,9.56,9.79,9.93,0.03,
54,2025-04-07 07:00:00,2.75,1.22,0.42,0.0,97.98,9.74,9.87,9.99,0.03,
54,2025-04-07 08:00:00,2.38,0.91,33.11,0.0,98.1,10.09,10.19,10.3,0.02,
54,2025-04-07 09:00:00,2.52,1.36,94.7,0.0,98.13,10.32,10.41,10.57,0.02,
54,2025-04-07 10:00:00,3.12,1.63,303.9,0.0,96.5,10.63,11.19,11.85,0.05,
54,2025-04-07 11:00:00,4.4,2.43,625.8,0.0,76.08,12.98,13.77,14.62,0.38,
54,2025-04-07 12:00:00,3.95,2.18,695.7,0.0,68.44,15.04,15.86,16.8,0.57,
54,2025-04-07 13:00:00,4.78,2.52,720.9,0.0,57.32,17.46,18.54,19.67,0.91,
54,2025-04-07 14:00:00,4.92,2.71,719.8,0.0,48.42,20.14,21.13,22.03,1.3,
54,2025-04-07 15:00:00,4.25,2.39,658.0,0.0,40.58,22.53,23.16,23.85,1.69,
54,2025-04-07 16:00:00,4.03,2.28,549.9,0.0,37.6,23.87,24.21,24.55,1.89,
54,2025-04-07 17:00:00,4.7,2.23,387.3,0.0,34.94,24.44,24.65,24.84,2.02,
54,2025-04-07 18:00:00,3.95,1.7,215.0,0.0,36.24,23.58,24.1,24.4,1.92,
54,2025-04-07 19:00:00,1.92,0.22,54.14,0.0,52.2,17.7,20.32,22.84,1.17,
54,2025-04-07 20:00:00,0.0,0.0,0.01,0.0,72.34,13.65,15.09,16.55,0.48,
54,2025-04-07 21:00:00,0.0,0.0,0.0,0.0,80.78,12.07,12.65,13.31,0.28,
54,2025-04-07 22:00:00,0.0,0.0,0.0,0.0,82.88,11.69,11.81,11.89,0.24,
54,2025-04-07 23:00:00,0.0,0.0,0.0,0.0,85.35,11.07,11.46,11.71,0.2,
54,2025-04-08 00:00:00,0.0,0.0,0.0,0.0,85.5,10.7,10.91,11.32,0.19,
54,2025-04-08 01:00:00,0.0,0.0,0.0,0.0,86.18,9.66,10.13,10.83,0.17,
54,2025-04-08 02:00:00,0.88,0.08,0.0,0.0,90.18,9.2,9.61,10.09,0.12,
54,2025-04-08 03:00:00,0.0,0.0,0.0,0.0,88.63,8.11,9.07,9.79,0.13,
54,2025-04-08 04:00:00,0.88,0.03,0.0,0.0,92.85,7.56,7.7,7.83,0.08,
54,2025-04-08 05:00:00,0.65,0.01,0.0,0.0,92.4,6.51,6.89,7.48,0.08,
54,2025-04-08 06:00:00,1.18,0.13,0.0,0.0,93.38,6.12,6.27,6.36,0.06,
54,2025-04-08 07:00:00,1.18,0.07,0.9,0.0,94.48,5.68,6.0,6.18,0.05,
54,2025-04-08 08:00:00,0.72,0.03,75.27,0.0,95.6,5.65,6.31,6.76,0.04,
54,2025-04-08 09:00:00,0.28,0.0,263.8,0.0,90.5,7.88,9.7,11.56,0.12,
54,2025-04-08 10:00:00,2.38,0.37,434.4,0.0,77.27,12.89,14.2,15.58,0.37,
54,2025-04-08 11:00:00,2.82,1.27,573.8,0.0,66.85,16.5,17.41,18.33,0.66,
54,2025-04-08 12:00:00,2.3,0.7,657.8,0.0,57.19,19.02,19.92,20.63,1.0,
54,2025-04-08 13:00:00,2.08,0.5,687.0,0.0,49.55,21.62,22.42,23.47,1.37,
54,2025-04-08 14:00:00,2.82,0.69,678.0,0.0,43.31,23.58,24.4,24.86,1.73,
54,2025-04-08 15:00:00,2.22,0.77,622.6,0.0,38.42,25.53,26.09,26.6,2.08,
54,2025-04-08 16:00:00,2.68,0.99,517.1,0.0,35.93,26.75,26.78,26.8,2.26,
54,2025-04-08 17:00:00,2.08,0.73,357.9,0.0,37.64,26.02,26.73,27.07,2.19,
54,2025-04-08 18:00:00,4.32,2.19,130.1,0.0,48.82,21.12,22.83,24.7,1.43,
54,2025-04-08 19:00:00,4.18,2.39,51.82,0.0,60.51,16.95,18.87,20.6,0.87,
54,2025-04-08 20:00:00,2.98,1.28,0.0,0.0,67.03,15.53,16.31,17.0,0.61,
54,2025-04-08 21:00:00,1.92,0.84,0.0,0.0,74.24,13.75,14.43,15.07,0.43,
54,2025-04-08 22:00:00,1.48,0.4,0.0,0.0,80.21,11.99,12.78,13.45,0.29,
54,2025-04-08 23:00:00,0.88,0.05,0.0,0.0,86.58,10.41,11.22,11.78,0.18,
54,2025-04-09 00:00:00,0.42,0.0,0.0,0.0,90.4,9.45,9.76,10.08,0.12,
54,2025-04-09 01:00:00,0.72,0.03,0.0,0.0,92.93,8.95,9.28,9.45,0.08,
54,2025-04-09 02:00:00,0.72,0.01,0.0,0.0,92.63,8.69,8.81,8.95,0.09,
54,2025-04-09 03:00:00,0.65,0.01,0.0,0.0,94.35,8.3,8.48,8.62,0.06,
54,2025-04-09 04:00:00,0.57,0.01,0.0,0.0,94.15,8.17,8.34,8.5,0.06,
54,2025-04-09 05:00:00,0.72,0.01,0.0,0.0,94.73,8.64,8.7,8.8,0.06,
54,2025-04-09 06:00:00,0.72,0.01,0.0,0.0,94.48,8.4,8.54,8.61,0.06,
54,2025-04-09 07:00:00,0.5,0.0,1.66,0.0,92.75,6.89,7.54,8.12,0.08,
54,2025-04-09 08:00:00,0.72,0.01,90.1,0.0,96.3,6.74,7.49,8.38,0.04,
54,2025-04-09 09:00:00,1.25,0.14,287.8,0.0,89.13,9.21,10.88,12.42,0.15,
54,2025-04-09 10:00:00,2.38,0.64,415.3,0.0,78.7,13.09,13.41,13.97,0.33,
54,2025-04-09 11:00:00,2.9,1.07,581.0,0.0,72.81,14.0,14.54,15.25,0.46,
54,2025-04-09 12:00:00,2.98,0.94,693.0,0.0,64.23,15.49,16.24,17.28,0.66,
54,2025-04-09 13:00:00,2.75,1.13,718.6,0.0,60.03,17.39,17.65,18.09,0.81,
54,2025-04-09 14:00:00,2.98,0.99,716.4,0.0,54.26,18.46,19.18,19.96,1.02,
54,2025-04-09 15:00:00,2.6,0.86,589.1,0.0,49.9,20.16,20.73,21.21,1.23,
54,2025-04-09 16:00:00,3.05,0.94,495.1,0.0,48.88,20.83,21.28,21.69,1.3,
54,2025-04-09 17:00:00,2.52,0.83,357.0,0.0,49.0,20.81,21.05,21.4,1.27,
54,2025-04-09 18:00:00,2.75,0.61,138.5,0.0,56.19,19.35,19.94,20.41,1.02,
54,2025-04-09 19:00:00,2.08,0.77,22.52,0.0,64.45,16.35,17.17,18.59,0.7,
54,2025-04-09 20:00:00,2.08,1.0,0.0,0.0,65.79,14.89,15.65,16.28,0.61,
54,2025-04-09 21:00:00,3.12,1.39,0.0,0.0,71.04,14.53,14.59,14.65,0.48,
54,2025-04-09 22:00:00,2.9,1.13,0.0,0.0,74.3,13.98,14.46,14.84,0.42,
54,2025-04-09 23:00:00,1.25,0.13,0.0,0.0,80.96,12.57,13.14,13.77,0.29,
54,2025-04-10 00:00:00,1.1,0.1,0.0,0.0,85.13,11.52,11.88,12.09,0.21,
54,2025-04-10 01:00:00,1.1,0.18,0.0,0.0,88.38,11.12,11.39,11.7,0.15,
54,2025-04-10 02:00:00,2.22,0.95,0.0,0.0,87.1,11.95,12.13,12.3,0.18,
54,2025-04-10 03:00:00,1.62,0.46,0.0,0.0,88.4,11.72,11.94,12.23,0.16,
54,2025-04-10 04:00:00,3.88,1.9,0.0,0.0,89.98,11.91,11.95,12.02,0.14,
54,2025-04-10 05:00:00,4.4,1.67,0.0,0.0,89.63,11.97,12.14,12.34,0.15,
54,2025-04-10 06:00:00,4.78,2.55,0.0,0.0,87.28,12.41,12.56,12.68,0.19,
54,2025-04-10 07:00:00,3.72,1.58,0.04,4.3,91.55,12.06,12.5,12.81,0.13,
54,2025-04-10 08:00:00,3.58,0.84,25.0,3.2,96.03,12.06,12.32,12.6,0.06,
54,2025-04-10 09:00:00,1.7,0.67,32.82,0.0,93.25,12.52,12.57,12.63,0.1,
54,2025-04-10 10:00:00,1.92,0.58,40.03,0.0,92.15,12.68,12.74,12.84,0.12,
54,2025-04-10 11:00:00,2.52,1.49,104.6,0.9,93.88,12.72,12.82,12.9,0.09,
54,2025-04-10 12:00:00,2.52,0.89,263.3,0.0,91.08,12.65,13.06,13.43,0.13,
54,2025-04-10 13:00:00,2.9,1.57,343.4,0.0,89.2,13.58,13.84,14.14,0.17,
54,2025-04-10 14:00:00,3.65,2.28,417.8,0.0,82.6,14.33,14.57,14.73,0.29,
54,2025-04-10 15:00:00,4.32,2.57,554.6,0.0,77.62,14.81,15.09,15.52,0.39,
54,2025-04-10 16:00:00,4.55,2.55,651.1,0.0,71.34,15.08,15.74,16.26,0.52,
54,2025-04-10 17:00:00,4.25,2.43,418.9,0.0,66.58,15.86,15.93,16.04,0.61,
54,2025-04-10 18:00:00,3.12,1.2,181.6,0.0,69.7,14.54,15.17,15.68,0.52,
54,2025-04-10 19:00:00,0.72,0.02,25.28,0.0,86.1,11.72,12.88,14.14,0.21,
54,2025-04-10 20:00:00,1.1,0.05,0.0,0.0,92.18,9.79,10.36,10.94,0.1,
54,2025-04-10 21:00:00,1.48,0.45,0.0,0.0,92.63,9.69,9.8,10.06,0.09,
54,2025-04-10 22:00:00,0.88,0.02,0.0,0.0,91.8,9.33,9.63,10.06,0.1,
54,2025-04-10 23:00:00,1.32,0.32,0.0,0.0,89.0,9.43,9.82,10.13,0.13,
54,2025-04-11 00:00:00,1.25,0.09,0.0,0.0,87.15,9.19,9.5,9.7,0.15,
54,2025-04-11 01:00:00,1.62,0.43,0.0,0.0,85.98,9.1,9.27,9.41,0.16,
54,2025-04-11 02:00:00,1.85,0.68,0.0,0.0,86.08,9.17,9.22,9.29,0.16,
54,2025-04-11 03:00:00,1.78,0.75,0.0,0.0,85.4,9.22,9.32,9.4,0.17,
54,2025-04-11 04:00:00,0.88,0.05,0.0,0.0,87.53,8.59,8.7,8.91,0.14,
54,2025-04-11 05:00:00,1.85,0.15,0.0,0.0,85.53,8.52,8.79,8.95,0.16,
54,2025-04-11 06:00:00,1.25,0.17,0.0,0.0,90.5,6.16,7.18,8.3,0.1,
54,2025-04-11 07:00:00,0.0,0.0,0.38,0.0,94.88,4.44,4.81,5.15,0.05,
54,2025-04-11 08:00:00,0.0,0.0,127.9,0.0,95.85,4.19,4.7,5.98,0.04,
54,2025-04-11 09:00:00,2.15,0.67,301.9,0.0,86.75,7.23,8.99,10.51,0.16,
54,2025-04-11 10:00:00,3.2,1.64,476.4,0.0,73.08,11.24,11.75,12.4,0.38,
54,2025-04-11 11:00:00,3.95,1.95,607.0,0.0,62.41,12.79,13.76,14.46,0.6,
54,2025-04-11 12:00:00,4.92,2.57,687.0,0.0,55.98,14.87,15.24,15.68,0.76,
54,2025-04-11 13:00:00,5.38,2.74,708.6,0.0,46.61,16.03,16.48,17.01,1.01,
54,2025-04-11 14:00:00,5.52,2.55,703.7,0.0,37.84,17.25,17.71,18.04,1.26,
54,2025-04-11 15:00:00,4.32,1.78,653.4,0.0,30.56,18.28,18.49,18.74,1.48,
54,2025-04-11 16:00:00,3.65,1.38,544.2,0.0,29.93,18.92,19.02,19.15,1.54,
54,2025-04-11 17:00:00,3.5,1.45,389.0,0.0,29.21,18.86,18.95,19.05,1.55,
54,2025-04-11 18:00:00,2.82,1.06,205.4,0.0,33.83,17.39,18.12,18.74,1.38,
54,2025-04-11 19:00:00,1.18,0.04,25.99,0.0,60.86,11.4,13.74,16.33,0.64,
54,2025-04-11 20:00:00,0.88,0.04,0.0,0.0,69.02,9.82,10.18,10.62,0.39,
54,2025-04-11 21:00:00,2.75,0.85,0.0,0.0,70.71,10.15,10.74,11.33,0.38,
54,2025-04-11 22:00:00,4.03,1.95,0.0,0.0,78.67,11.04,11.36,11.66,0.29,
54,2025-04-11 23:00:00,2.08,0.35,0.0,0.0,87.05,9.05,9.65,10.3,0.16,
54,2025-04-12 00:00:00,2.75,0.46,0.0,0.0,92.3,7.61,8.17,8.88,0.09,
54,2025-04-12 01:00:00,2.75,1.14,0.0,0.0,92.2,8.24,8.53,8.81,0.09,
54,2025-04-12 02:00:00,3.5,1.45,0.0,0.0,93.55,8.14,8.17,8.19,0.07,
54,2025-04-12 03:00:00,3.12,0.93,0.0,0.0,94.45,7.53,7.79,8.0,0.06,
54,2025-04-12 04:00:00,1.78,0.32,0.0,0.0,94.65,7.35,7.47,7.54,0.06,
54,2025-04-12 05:00:00,2.0,0.23,0.0,0.0,95.23,7.11,7.21,7.3,0.05,
54,2025-04-12 06:00:00,1.78,0.39,0.0,0.0,91.83,7.1,7.35,7.49,0.08,
54,2025-04-12 07:00:00,1.4,0.28,0.75,0.0,91.83,5.91,6.37,7.04,0.08,
54,2025-04-12 08:00:00,0.0,0.0,134.0,0.0,93.0,4.9,5.44,6.3,0.07,
54,2025-04-12 09:00:00,3.28,0.74,308.9,0.0,88.83,7.11,7.98,9.64,0.13,
54,2025-04-12 10:00:00,5.75,2.88,473.7,0.0,75.17,10.65,11.66,12.61,0.34,
54,2025-04-12 11:00:00,6.12,3.15,606.2,0.0,63.99,13.43,14.23,15.14,0.59,
54,2025-04-12 12:00:00,6.12,3.64,685.4,0.0,54.1,15.46,16.22,16.92,0.85,
54,2025-04-12 13:00:00,6.8,3.38,704.4,0.0,46.15,17.37,18.04,18.57,1.12,
54,2025-04-12 14:00:00,6.42,3.8,700.3,0.0,39.89,18.93,19.34,19.62,1.35,
54,2025-04-12 15:00:00,6.05,3.68,647.4,0.0,37.24,19.99,20.12,20.2,1.48,
54,2025-04-12 16:00:00,5.9,3.69,545.8,0.0,35.15,20.45,20.54,20.63,1.57,
54,2025-04-12 17:00:00,5.75,3.23,391.1,0.0,36.19,20.24,20.45,20.58,1.54,
54,2025-04-12 18:00:00,4.85,2.34,199.4,0.0,40.45,19.05,19.69,20.06,1.37,
54,2025-04-12 19:00:00,4.1,2.1,40.29,0.0,49.25,16.41,17.22,18.29,1.0,
54,2025-04-12 20:00:00,3.35,1.75,0.0,0.0,55.88,14.35,15.16,16.03,0.76,
54,2025-04-12 21:00:00,3.88,1.89,0.0,0.0,61.34,12.81,13.53,14.0,0.6,
54,2025-04-12 22:00:00,4.1,2.38,0.0,0.0,65.65,12.1,12.52,12.92,0.5,
54,2025-04-12 23:00:00,4.03,1.85,0.0,0.0,70.27,11.28,11.55,11.96,0.41,
54,2025-04-13 00:00:00,3.35,1.09,0.0,0.0,73.75,10.37,10.75,11.16,0.34,
54,2025-04-13 01:00:00,2.68,1.32,0.0,0.0,76.93,9.91,10.03,10.24,0.28,
54,2025-04-13 02:00:00,2.98,0.94,0.0,0.0,76.78,9.85,9.95,10.01,0.28,
54,2025-04-13 03:00:00,2.38,0.54,0.0,0.0,80.62,8.65,9.03,9.49,0.22,
54,2025-04-13 04:00:00,2.15,0.46,0.0,0.0,85.88,6.54,7.65,8.37,0.15,
54,2025-04-13 05:00:00,0.88,0.01,0.0,0.0,90.8,5.1,5.65,6.02,0.09,
54,2025-04-13 06:00:00,0.5,0.01,0.0,0.0,92.28,2.77,3.73,4.75,0.07,
54,2025-04-13 07:00:00,0.0,0.0,0.67,0.0,94.33,2.07,2.36,2.78,0.04,
54,2025-04-13 08:00:00,0.8,0.01,138.1,0.0,95.4,1.93,2.81,4.17,0.03,
54,2025-04-13 09:00:00,0.28,0.0,288.4,0.0,85.81,5.72,7.44,9.19,0.15,
54,2025-04-13 10:00:00,2.6,0.68,397.3,0.0,77.1,9.9,10.59,11.2,0.29,
54,2025-04-13 11:00:00,3.28,1.46,636.6,0.0,68.54,11.8,12.72,13.62,0.47,
54,2025-04-13 12:00:00,3.2,1.5,683.2,0.0,59.35,13.82,14.81,15.75,0.69,
54,2025-04-13 13:00:00,3.35,1.56,673.2,0.0,53.56,16.08,17.06,17.99,0.91,
54,2025-04-13 14:00:00,5.38,1.61,702.5,0.0,47.83,18.25,19.09,19.71,1.16,
54,2025-04-13 15:00:00,3.58,1.6,643.3,0.0,43.08,19.85,20.07,20.22,1.34,
54,2025-04-13 16:00:00,3.35,1.77,523.0,0.0,40.4,20.34,20.74,21.21,1.46,
54,2025-04-13 17:00:00,2.9,1.18,215.3,0.0,42.42,20.02,20.21,20.57,1.37,
54,2025-04-13 18:00:00,2.82,1.25,207.7,0.0,42.28,19.13,19.89,20.35,1.34,
54,2025-04-13 19:00:00,0.88,0.06,23.79,0.0,66.21,13.55,15.3,17.48,0.6,
54,2025-04-13 20:00:00,1.02,0.19,0.0,0.0,78.71,11.21,12.45,13.28,0.31,
54,2025-04-13 21:00:00,1.02,0.07,0.0,0.0,84.98,10.83,10.99,11.13,0.2,
54,2025-04-13 22:00:00,0.95,0.14,0.0,0.0,85.4,10.25,10.43,10.65,0.19,
54,2025-04-13 23:00:00,1.32,0.18,0.0,0.0,86.48,9.66,9.99,10.23,0.17,
54,2025-04-14 00:00:00,0.65,0.02,0.0,0.0,88.8,7.62,8.62,9.54,0.13,
54,2025-04-14 01:00:00,1.48,0.23,0.0,0.0,92.9,6.74,6.94,7.26,0.07,
54,2025-04-14 02:00:00,1.78,0.71,0.0,0.0,92.75,7.02,7.55,8.2,0.08,
54,2025-04-14 03:00:00,0.72,0.03,0.0,0.0,93.48,5.73,6.31,7.24,0.06,
54,2025-04-14 04:00:00,0.95,0.02,0.0,0.0,94.0,4.67,5.15,5.78,0.05,
54,2025-04-14 05:00:00,1.02,0.05,0.0,0.0,95.1,3.83,3.99,4.1,0.04,
54,2025-04-14 06:00:00,1.25,0.08,0.0,0.0,96.25,4.26,4.36,4.46,0.03,
54,2025-04-14 07:00:00,2.0,0.75,0.39,0.0,96.8,3.98,4.48,4.98,0.03,
54,2025-04-14 08:00:00,2.0,0.55,52.03,0.0,97.1,5.0,5.47,6.13,0.02,
54,2025-04-14 09:00:00,3.65,1.66,291.2,0.0,97.25,6.33,7.22,8.77,0.03,
54,2025-04-14 10:00:00,5.15,2.59,479.6,0.0,79.8,10.17,11.58,13.03,0.28,
54,2025-04-14 11:00:00,4.4,2.47,591.5,0.0,68.46,14.15,14.71,15.21,0.53,
54,2025-04-14 12:00:00,4.92,1.63,424.6,0.0,62.62,15.51,15.89,16.54,0.68,
54,2025-04-14 13:00:00,5.45,2.53,279.4,0.0,85.13,13.43,13.79,14.12,0.24,
54,2025-04-14 14:00:00,4.1,2.04,341.0,0.0,81.65,14.23,14.74,15.15,0.31,
54,2025-04-14 15:00:00,4.4,2.04,199.9,2.4,93.33,13.38,13.88,14.57,0.11,
54,2025-04-14 16:00:00,3.42,1.71,148.5,0.7,94.15,13.43,13.51,13.59,0.09,
54,2025-04-14 17:00:00,2.52,1.46,138.6,0.2,94.4,13.45,13.63,13.9,0.09,
54,2025-04-14 18:00:00,2.22,1.12,68.14,0.0,93.48,13.63,13.69,13.73,0.1,
54,2025-04-14 19:00:00,1.92,0.49,8.66,0.0,94.33,13.36,13.44,13.54,0.09,
54,2025-04-14 20:00:00,0.35,0.01,0.0,0.0,95.15,12.98,13.21,13.38,0.08,
54,2025-04-14 21:00:00,0.0,0.0,0.0,0.0,95.28,12.26,12.48,12.81,0.07,
54,2025-04-14 22:00:00,0.88,0.03,0.0,0.0,96.2,12.26,12.41,12.54,0.06,
54,2025-04-14 23:00:00,1.85,0.43,0.0,0.0,96.55,11.25,11.41,11.69,0.05,
54,2025-04-15 00:00:00,1.48,0.23,0.0,0.0,97.0,10.1,10.62,11.24,0.04,
54,2025-04-15 01:00:00,1.55,0.38,0.0,0.0,97.43,10.29,10.58,10.84,0.03,
54,2025-04-15 02:00:00,2.45,0.78,0.0,0.0,96.9,10.97,11.05,11.12,0.04,
54,2025-04-15 03:00:00,3.2,1.49,0.0,0.0,97.15,10.89,11.0,11.09,0.04,
54,2025-04-15 04:00:00,3.65,1.85,0.0,0.0,97.5,10.16,10.52,10.9,0.03,
54,2025-04-15 05:00:00,3.35,2.01,0.0,0.1,97.88,9.13,9.5,9.97,0.03,
54,2025-04-15 06:00:00,3.8,1.45,0.0,0.0,98.15,8.91,8.93,8.95,0.02,
54,2025-04-15 07:00:00,3.72,1.13,0.16,0.0,98.25,8.82,8.87,8.92,0.02,
54,2025-04-15 08:00:00,3.05,1.4,28.28,0.0,98.3,8.87,8.88,8.89,0.02,
54,2025-04-15 09:00:00,2.98,1.61,83.3,0.0,98.3,8.88,8.97,9.07,0.02,
54,2025-04-15 10:00:00,3.05,1.75,169.3,0.0,98.3,9.22,9.46,9.79,0.02,
54,2025-04-15 11:00:00,4.03,1.99,254.9,0.0,94.78,10.2,10.75,11.27,0.07,
54,2025-04-15 12:00:00,4.03,2.28,311.4,0.0,88.25,11.32,11.57,11.94,0.16,
54,2025-04-15 13:00:00,4.03,2.08,454.2,0.0,81.25,12.44,13.06,13.66,0.28,
54,2025-04-15 14:00:00,3.88,1.84,421.0,0.0,74.79,13.98,14.4,14.72,0.42,
54,2025-04-15 15:00:00,3.12,1.58,495.6,0.0,67.23,15.34,15.9,16.52,0.59,
54,2025-04-15 16:00:00,3.2,1.43,499.9,0.0,63.13,16.84,16.97,17.12,0.71,
54,2025-04-15 17:00:00,2.38,0.78,240.2,0.0,60.47,17.02,17.11,17.21,0.77,
54,2025-04-15 18:00:00,1.85,0.66,175.0,0.0,57.75,17.2,17.51,17.79,0.85,
54,2025-04-15 19:00:00,0.35,0.0,28.53,0.0,76.98,11.66,13.71,16.03,0.38,
54,2025-04-15 20:00:00,0.0,0.0,0.0,0.0,90.78,8.77,9.68,10.64,0.11,
54,2025-04-15 21:00:00,0.0,0.0,0.0,0.0,93.95,7.74,7.98,8.41,0.07,
54,2025-04-15 22:00:00,2.08,0.12,0.0,0.0,94.75,7.49,7.72,7.87,0.06,
54,2025-04-15 23:00:00,0.8,0.02,0.0,0.0,93.58,6.58,7.07,7.5,0.07,
54,2025-04-16 00:00:00,1.02,0.02,0.0,0.0,95.0,5.47,5.88,6.06,0.05,
54,2025-04-16 01:00:00,0.42,0.01,0.0,0.0,95.7,4.73,5.16,5.45,0.04,
54,2025-04-16 02:00:00,0.35,0.0,0.0,0.0,96.28,4.8,4.9,4.97,0.03,
54,2025-04-16 03:00:00,0.0,0.0,0.0,0.0,95.65,4.02,4.5,5.02,0.04,
54,2025-04-16 04:00:00,1.1,0.02,0.0,0.0,96.55,3.55,3.89,4.12,0.03,
54,2025-04-16 05:00:00,0.95,0.19,0.0,0.0,97.0,3.34,3.54,3.71,0.02,
54,2025-04-16 06:00:00,0.8,0.02,0.0,0.0,97.1,3.18,3.44,3.85,0.02,
54,2025-04-16 07:00:00,1.4,0.17,0.31,0.0,97.13,2.6,2.76,2.91,0.02,
54,2025-04-16 08:00:00,1.32,0.14,53.69,0.0,97.88,2.98,3.52,4.01,0.02,
54,2025-04-16 09:00:00,1.55,0.53,266.7,0.0,98.1,4.39,5.3,6.38,0.02,
54,2025-04-16 10:00:00,1.85,0.54,438.4,0.0,97.83,6.86,7.65,8.96,0.02,
54,2025-04-16 11:00:00,1.48,0.21,508.4,0.0,77.2,10.17,11.99,13.59,0.33,
54,2025-04-16 12:00:00,1.62,0.28,634.5,0.0,59.24,14.96,16.15,17.42,0.76,
54,2025-04-16 13:00:00,2.6,0.78,677.9,0.0,52.2,17.92,18.41,18.97,1.01,
54,2025-04-16 14:00:00,2.52,0.57,682.0,0.0,48.05,19.32,19.78,20.26,1.2,
54,2025-04-16 15:00:00,3.05,0.91,651.0,0.0,46.53,20.84,20.98,21.21,1.33,
54,2025-04-16 16:00:00,3.35,1.16,508.1,0.0,45.48,21.14,21.49,21.95,1.4,
54,2025-04-16 17:00:00,3.35,0.8,323.7,0.0,47.83,20.63,21.43,21.78,1.34,
54,2025-04-16 18:00:00,4.18,0.76,118.4,0.0,54.04,19.76,20.16,20.49,1.09,
54,2025-04-16 19:00:00,3.28,1.68,16.82,0.0,63.45,17.28,17.99,18.88,0.76,
54,2025-04-16 20:00:00,3.28,1.48,0.0,0.0,71.36,16.04,16.49,16.97,0.54,
54,2025-04-16 21:00:00,2.22,1.03,0.0,0.0,74.89,14.98,15.38,15.79,0.44,
54,2025-04-16 22:00:00,1.92,0.73,0.0,0.0,77.99,13.86,14.28,14.65,0.36,
54,2025-04-16 23:00:00,1.1,0.14,0.0,0.0,84.28,12.74,12.96,13.52,0.23,
54,2025-04-17 00:00:00,1.48,0.32,0.0,0.0,88.78,12.06,12.12,12.19,0.16,
54,2025-04-17 01:00:00,2.38,0.56,0.0,0.0,85.38,11.88,12.24,12.71,0.21,
54,2025-04-17 02:00:00,2.52,0.54,0.0,0.0,83.25,12.9,13.0,13.13,0.25,
54,2025-04-17 03:00:00,2.22,0.26,0.0,0.0,86.38,12.67,12.79,12.91,0.2,
54,2025-04-17 04:00:00,3.8,1.81,0.0,0.0,87.55,12.5,12.57,12.64,0.18,
54,2025-04-17 05:00:00,3.95,1.79,0.0,0.0,89.1,11.85,12.13,12.43,0.15,
54,2025-04-17 06:00:00,2.68,1.13,0.0,0.0,87.93,11.65,11.76,11.83,0.17,
54,2025-04-17 07:00:00,3.28,1.29,0.1,0.0,87.38,11.46,11.53,11.62,0.17,
54,2025-04-17 08:00:00,3.35,0.64,46.63,0.0,90.3,10.31,10.82,11.35,0.13,
54,2025-04-17 09:00:00,5.3,1.45,280.2,0.0,86.43,10.71,11.15,11.84,0.18,
54,2025-04-17 10:00:00,5.98,3.28,449.1,0.0,71.22,12.56,13.56,14.54,0.45,
54,2025-04-17 11:00:00,6.35,3.67,581.7,0.0,57.32,14.92,15.72,16.57,0.77,
54,2025-04-17 12:00:00,6.95,3.92,662.2,0.0,49.0,16.79,17.21,17.71,1.0,
54,2025-04-17 13:00:00,6.5,3.61,684.4,0.0,45.03,18.16,18.59,18.98,1.18,
54,2025-04-17 14:00:00,6.42,3.62,678.4,0.0,38.36,19.26,19.76,20.2,1.42,
54,2025-04-17 15:00:00,6.65,3.69,622.0,0.0,36.32,20.31,20.42,20.67,1.53,
54,2025-04-17 16:00:00,7.02,3.72,513.0,0.0,35.58,20.42,20.49,20.54,1.56,
54,2025-04-17 17:00:00,6.88,3.99,357.9,0.0,35.96,19.61,19.93,20.17,1.5,
54,2025-04-17 18:00:00,6.42,3.35,179.0,0.0,40.64,18.12,18.79,19.31,1.29,
54,2025-04-17 19:00:00,5.0,2.52,24.65,0.0,47.94,15.97,16.57,17.39,0.98,
54,2025-04-17 20:00:00,5.15,3.28,0.0,0.0,56.43,13.9,14.69,15.52,0.73,
54,2025-04-17 21:00:00,6.05,3.34,0.0,0.0,60.04,13.34,13.54,13.76,0.62,
54,2025-04-17 22:00:00,6.05,2.88,0.0,0.0,64.99,11.89,12.53,13.09,0.51,
54,2025-04-17 23:00:00,4.62,2.09,0.0,0.0,71.77,10.77,11.24,11.66,0.38,
54,2025-04-18 00:00:00,4.4,1.99,0.0,0.0,75.82,10.32,10.4,10.52,0.31,
54,2025-04-18 01:00:00,5.08,2.84,0.0,0.0,77.92,9.67,9.93,10.16,0.27,
54,2025-04-18 02:00:00,3.58,1.96,0.0,0.0,80.24,9.13,9.3,9.5,0.23,
54,2025-04-18 03:00:00,3.42,1.91,0.0,0.0,83.08,8.56,8.74,8.91,0.19,
54,2025-04-18 04:00:00,4.62,2.04,0.0,0.0,84.05,8.11,8.21,8.3,0.17,
54,2025-04-18 05:00:00,4.85,2.83,0.0,0.0,84.88,7.6,7.88,8.09,0.16,
54,2025-04-18 06:00:00,4.03,1.7,0.0,0.0,88.73,6.87,7.06,7.42,0.12,
54,2025-04-18 07:00:00,4.32,1.88,0.3,0.0,89.48,6.64,6.84,7.11,0.1,
54,2025-04-18 08:00:00,2.22,0.29,97.4,0.0,90.0,5.89,6.17,6.4,0.09,
54,2025-04-18 09:00:00,2.68,0.81,151.2,0.0,88.48,6.69,7.07,7.38,0.12,
54,2025-04-18 10:00:00,4.4,2.05,454.0,0.0,79.86,7.62,8.95,10.44,0.23,
54,2025-04-18 11:00:00,4.7,2.85,588.3,0.0,64.15,11.12,12.1,13.05,0.51,
54,2025-04-18 12:00:00,4.47,2.4,664.0,0.0,54.61,13.53,14.26,14.89,0.74,
54,2025-04-18 13:00:00,4.92,2.19,686.1,0.0,46.16,15.22,16.11,16.93,0.99,
54,2025-04-18 14:00:00,4.18,2.09,669.6,0.0,41.5,17.3,18.05,18.59,1.21,
54,2025-04-18 15:00:00,4.32,2.04,621.6,0.0,36.47,19.11,19.64,20.21,1.45,
54,2025-04-18 16:00:00,3.88,1.97,513.1,0.0,32.94,20.53,20.83,21.11,1.65,
54,2025-04-18 17:00:00,3.35,1.81,362.7,0.0,33.28,20.95,21.22,21.37,1.68,
54,2025-04-18 18:00:00,3.8,1.56,166.2,0.0,38.27,19.4,20.09,20.77,1.45,
54,2025-04-18 19:00:00,1.25,0.17,22.84,0.0,57.33,13.69,15.65,18.06,0.77,
54,2025-04-18 20:00:00,0.8,0.01,0.0,0.0,71.32,11.3,11.75,12.66,0.4,
54,2025-04-18 21:00:00,2.38,0.66,0.0,0.0,67.52,10.97,11.89,13.29,0.46,
54,2025-04-18 22:00:00,2.9,1.31,0.0,0.0,65.99,12.65,12.9,13.23,0.51,
54,2025-04-18 23:00:00,3.42,1.7,0.0,0.0,68.88,11.95,12.25,12.63,0.44,
54,2025-04-19 00:00:00,5.0,1.87,0.0,0.0,69.88,11.83,12.1,12.3,0.43,
54,2025-04-19 01:00:00,2.38,0.59,0.0,0.0,79.78,8.91,10.34,11.66,0.26,
54,2025-04-19 02:00:00,1.02,0.09,0.0,0.0,88.65,5.65,7.08,8.39,0.12,
54,2025-04-19 03:00:00,1.92,0.55,0.0,0.0,90.88,5.44,6.83,8.19,0.1,
54,2025-04-19 04:00:00,1.32,0.08,0.0,0.0,88.75,6.66,7.34,8.43,0.12,
54,2025-04-19 05:00:00,1.1,0.04,0.0,0.0,91.63,4.81,5.48,6.54,0.08,
54,2025-04-19 06:00:00,0.88,0.06,0.0,0.0,93.73,3.58,4.13,4.48,0.05,
54,2025-04-19 07:00:00,0.0,0.0,0.18,0.0,94.6,2.83,2.92,3.02,0.04,
54,2025-04-19 08:00:00,0.72,0.01,36.24,0.0,95.53,1.98,2.45,3.18,0.03,
54,2025-04-19 09:00:00,1.02,0.16,288.6,0.0,94.15,3.52,5.44,7.76,0.06,
54,2025-04-19 10:00:00,1.85,0.32,459.0,0.0,79.51,9.74,10.44,11.14,0.26,
54,2025-04-19 11:00:00,2.6,1.1,605.7,0.0,69.22,12.12,12.93,13.95,0.46,
54,2025-04-19 12:00:00,2.98,1.36,680.1,0.0,58.63,14.94,15.73,16.72,0.74,
54,2025-04-19 13:00:00,3.42,1.38,688.5,0.0,48.91,17.23,17.91,18.62,1.05,
54,2025-04-19 14:00:00,3.5,1.18,670.3,0.0,42.4,19.21,19.94,20.71,1.35,
54,2025-04-19 15:00:00,3.12,0.98,614.4,0.0,36.68,20.95,21.75,22.32,1.65,
54,2025-04-19 16:00:00,2.98,1.09,445.6,0.0,33.83,21.86,22.36,22.63,1.79,
54,2025-04-19 17:00:00,1.25,0.23,200.4,0.0,36.42,22.15,22.43,22.7,1.73,
54,2025-04-19 18:00:00,1.18,0.3,127.9,0.0,49.25,18.78,20.56,21.67,1.24,
54,2025-04-19 19:00:00,0.88,0.08,11.02,0.0,69.12,13.3,15.32,17.25,0.55,
54,2025-04-19 20:00:00,0.95,0.03,0.0,0.0,81.13,10.94,11.44,11.9,0.26,
54,2025-04-19 21:00:00,1.25,0.04,0.0,0.0,84.73,9.03,9.85,10.56,0.19,
54,2025-04-19 22:00:00,1.4,0.17,0.0,0.0,86.83,8.61,8.94,9.12,0.15,
54,2025-04-19 23:00:00,0.0,0.0,0.0,0.0,88.85,7.84,8.19,8.39,0.12,
54,2025-04-20 00:00:00,0.35,0.0,0.0,0.0,90.9,6.88,7.14,7.39,0.09,
54,2025-04-20 01:00:00,1.02,0.1,0.0,0.0,88.65,5.56,6.83,7.95,0.12,
54,2025-04-20 02:00:00,0.8,0.03,0.0,0.0,92.63,4.75,5.22,5.61,0.07,
54,2025-04-20 03:00:00,0.72,0.01,0.0,0.0,93.98,3.8,4.3,4.56,0.05,
54,2025-04-20 04:00:00,0.95,0.04,0.0,0.0,94.33,3.17,3.39,3.66,0.05,
54,2025-04-20 05:00:00,0.95,0.06,0.0,0.0,95.43,3.04,3.21,3.46,0.04,
54,2025-04-20 06:00:00,1.18,0.09,0.0,0.0,94.88,2.92,2.99,3.08,0.04,
54,2025-04-20 07:00:00,0.95,0.07,0.12,0.0,96.1,2.43,2.95,3.37,0.03,
54,2025-04-20 08:00:00,0.95,0.01,80.8,0.0,96.73,2.1,2.25,2.67,0.03,
54,2025-04-20 09:00:00,1.25,0.19,266.3,0.0,92.33,3.79,6.43,9.37,0.08,
54,2025-04-20 10:00:00,1.7,0.61,423.0,0.0,77.4,9.91,11.06,12.04,0.3,
54,2025-04-20 11:00:00,2.75,1.08,557.0,0.0,66.87,12.88,13.98,15.33,0.53,
54,2025-04-20 12:00:00,2.3,0.9,639.3,0.0,58.73,15.69,16.69,17.67,0.79,
54,2025-04-20 13:00:00,2.6,0.81,651.9,0.0,51.39,18.0,19.1,20.26,1.08,
54,2025-04-20 14:00:00,2.38,0.66,646.5,0.0,39.77,20.58,21.68,22.39,1.56,
54,2025-04-20 15:00:00,3.5,1.22,589.2,0.0,35.65,22.79,23.24,23.74,1.84,
54,2025-04-20 16:00:00,3.42,1.2,472.2,0.0,31.54,24.07,24.22,24.35,2.07,
54,2025-04-20 17:00:00,2.3,0.87,298.4,0.0,32.44,23.07,23.78,24.33,1.99,
54,2025-04-20 18:00:00,1.4,0.17,124.4,0.0,43.27,19.85,21.33,22.54,1.45,
54,2025-04-20 19:00:00,1.1,0.06,12.29,0.0,62.13,14.79,16.62,18.87,0.73,
54,2025-04-20 20:00:00,1.7,0.24,0.0,0.0,70.26,12.38,13.96,15.18,0.48,
54,2025-04-20 21:00:00,1.48,0.3,0.0,0.0,76.5,11.33,11.64,11.92,0.32,
54,2025-04-20 22:00:00,1.48,0.46,0.0,0.0,74.75,11.62,12.21,12.82,0.36,
54,2025-04-20 23:00:00,1.25,0.24,0.0,0.0,84.2,9.13,9.6,10.06,0.19,
54,2025-04-21 00:00:00,2.0,0.8,0.0,0.0,80.41,10.33,10.68,11.17,0.25,
54,2025-04-21 01:00:00,2.15,0.57,0.0,0.0,80.47,10.25,10.61,10.87,0.25,
54,2025-04-21 02:00:00,1.02,0.13,0.0,0.0,85.73,9.07,9.73,10.19,0.18,
54,2025-04-21 03:00:00,1.1,0.17,0.0,0.0,89.33,8.78,8.92,9.12,0.12,
54,2025-04-21 04:00:00,0.0,0.0,0.0,0.0,88.6,9.14,9.27,9.42,0.13,
54,2025-04-21 05:00:00,1.02,0.06,0.0,0.0,89.85,9.22,9.3,9.39,0.12,
54,2025-04-21 06:00:00,1.4,0.33,0.0,0.0,90.2,9.48,9.54,9.64,0.12,
54,2025-04-21 07:00:00,1.4,0.33,0.02,0.0,92.68,8.78,9.05,9.38,0.08,
54,2025-04-21 08:00:00,1.25,0.31,12.4,0.0,92.48,8.86,9.0,9.18,0.09,
54,2025-04-21 09:00:00,1.18,0.26,92.2,0.0,87.7,9.47,10.07,10.72,0.15,
54,2025-04-21 10:00:00,2.6,0.4,89.6,0.0,79.79,11.31,11.8,12.19,0.28,
54,2025-04-21 11:00:00,2.45,0.75,203.2,0.0,71.98,12.61,13.36,14.15,0.44,
54,2025-04-21 12:00:00,2.08,0.56,294.3,0.0,59.45,14.63,15.51,16.36,0.72,
54,2025-04-21 13:00:00,2.15,0.72,237.4,0.0,55.23,16.57,16.68,16.81,0.85,
54,2025-04-21 14:00:00,2.38,0.69,408.7,0.0,51.78,17.0,17.51,17.96,0.97,
54,2025-04-21 15:00:00,1.85,0.56,375.5,0.0,44.06,18.34,18.85,19.29,1.22,
54,2025-04-21 16:00:00,1.85,0.47,263.0,0.0,38.78,19.25,19.43,19.55,1.38,
54,2025-04-21 17:00:00,1.62,0.38,175.4,0.0,38.58,19.41,19.59,19.73,1.4,
54,2025-04-21 18:00:00,0.8,0.02,73.46,0.0,48.29,18.23,18.89,19.38,1.14,
54,2025-04-21 19:00:00,0.0,0.0,12.4,0.0,58.16,16.02,17.01,17.8,0.82,
54,2025-04-21 20:00:00,0.0,0.0,0.0,0.0,69.75,14.63,14.84,15.18,0.51,
54,2025-04-21 21:00:00,1.1,0.03,0.0,0.0,73.81,13.32,13.94,14.49,0.42,
54,2025-04-21 22:00:00,0.95,0.12,0.0,0.0,67.01,13.39,13.77,13.93,0.52,
54,2025-04-21 23:00:00,1.1,0.07,0.0,0.0,76.2,11.72,12.49,13.26,0.35,
54,2025-04-22 00:00:00,0.88,0.03,0.0,0.0,83.98,10.15,10.5,10.99,0.2,
54,2025-04-22 01:00:00,1.02,0.11,0.0,0.0,83.55,10.11,10.28,10.48,0.21,
54,2025-04-22 02:00:00,1.92,0.24,0.0,0.0,81.98,10.82,11.16,11.36,0.24,
54,2025-04-22 03:00:00,1.78,0.38,0.0,0.0,82.25,11.45,11.53,11.66,0.24,
54,2025-04-22 04:00:00,0.0,0.0,0.0,0.0,86.98,11.03,11.26,11.5,0.18,
54,2025-04-22 05:00:00,0.28,0.0,0.0,0.0,90.05,10.76,10.84,11.01,0.13,
54,2025-04-22 06:00:00,1.25,0.22,0.0,0.0,91.5,10.28,10.43,10.66,0.11,
54,2025-04-22 07:00:00,0.57,0.0,0.02,0.0,92.25,10.14,10.36,10.45,0.1,
54,2025-04-22 08:00:00,0.0,0.0,34.35,0.0,93.7,9.78,10.07,10.52,0.08,
54,2025-04-22 09:00:00,2.9,0.87,107.0,0.0,85.55,10.99,11.89,12.71,0.2,
54,2025-04-22 10:00:00,2.9,0.91,288.4,0.0,74.03,13.13,14.09,15.02,0.42,
54,2025-04-22 11:00:00,1.62,0.31,326.6,0.0,60.11,16.13,17.38,18.51,0.8,
54,2025-04-22 12:00:00,2.82,0.84,485.8,0.0,55.66,18.87,19.67,20.37,1.02,
54,2025-04-22 13:00:00,1.62,0.31,181.8,0.0,61.83,19.78,19.93,20.14,0.89,
54,2025-04-22 14:00:00,2.98,0.77,149.1,0.0,66.21,19.69,19.82,19.95,0.78,
54,2025-04-22 15:00:00,2.82,1.4,157.8,0.0,69.58,19.85,19.92,19.97,0.71,
54,2025-04-22 16:00:00,3.35,1.58,120.5,0.0,73.52,19.11,19.33,19.69,0.59,
54,2025-04-22 17:00:00,2.98,1.65,58.27,0.8,86.09,17.13,17.86,18.89,0.29,
54,2025-04-22 18:00:00,2.45,0.45,30.82,1.2,92.6,16.75,16.86,16.95,0.14,
54,2025-04-22 19:00:00,1.1,0.15,3.96,0.1,93.65,16.5,16.57,16.67,0.12,
54,2025-04-22 20:00:00,0.95,0.12,0.0,0.0,95.35,16.24,16.3,16.36,0.09,
54,2025-04-22 21:00:00,1.18,0.07,0.0,0.0,95.05,15.77,16.01,16.13,0.09,
54,2025-04-22 22:00:00,0.0,0.0,0.0,0.0,95.3,14.68,15.05,15.37,0.08,
54,2025-04-22 23:00:00,1.02,0.09,0.0,0.0,96.0,13.25,13.57,14.0,0.06,
54,2025-04-23 00:00:00,0.42,0.0,0.0,0.0,96.73,12.04,12.68,13.2,0.05,
54,2025-04-23 01:00:00,0.72,0.03,0.0,0.0,97.18,11.63,11.99,12.45,0.04,
54,2025-04-23 02:00:00,0.95,0.11,0.0,0.1,97.2,11.24,11.43,11.61,0.04,
54,2025-04-23 03:00:00,0.88,0.02,0.0,0.0,97.53,10.73,10.99,11.37,0.03,
54,2025-04-23 04:00:00,0.95,0.13,0.0,0.0,98.1,11.43,12.26,13.0,0.03,
54,2025-04-23 05:00:00,1.02,0.05,0.0,0.0,98.18,13.36,13.55,13.67,0.03,
54,2025-04-23 06:00:00,1.4,0.31,0.0,0.0,98.15,12.77,13.05,13.29,0.03,
54,2025-04-23 07:00:00,1.85,0.48,0.02,0.0,98.3,12.9,13.31,13.64,0.03,
54,2025-04-23 08:00:00,1.1,0.1,22.22,0.0,98.3,13.66,13.77,13.89,0.03,
54,2025-04-23 09:00:00,1.78,0.32,63.7,0.1,98.33,13.98,14.12,14.27,0.03,
54,2025-04-23 10:00:00,2.38,0.86,144.7,0.0,98.33,14.38,14.6,14.86,0.03,
54,2025-04-23 11:00:00,2.0,0.85,198.0,0.0,97.75,14.99,15.27,15.56,0.04,
54,2025-04-23 12:00:00,2.98,0.78,211.1,0.0,92.3,15.59,16.06,16.46,0.14,
54,2025-04-23 13:00:00,2.0,0.87,369.3,0.1,86.45,16.6,17.09,17.52,0.27,
54,2025-04-23 14:00:00,1.48,0.3,274.4,0.0,78.25,17.67,18.08,18.37,0.45,
54,2025-04-23 15:00:00,2.3,0.88,348.6,0.0,79.28,18.21,18.36,18.71,0.44,
54,2025-04-23 16:00:00,2.68,1.39,215.0,0.0,79.34,18.33,18.51,18.65,0.44,
54,2025-04-23 17:00:00,3.05,1.77,237.1,0.0,78.2,18.53,18.82,19.01,0.47,
54,2025-04-23 18:00:00,3.5,1.71,177.1,0.0,80.54,18.14,18.65,19.16,0.42,
54,2025-04-23 19:00:00,2.22,0.72,10.5,0.0,87.93,16.16,16.96,17.83,0.23,
54,2025-04-23 20:00:00,1.1,0.1,0.0,0.0,93.43,15.44,15.54,15.73,0.12,
54,2025-04-23 21:00:00,1.1,0.08,0.0,0.0,94.1,15.61,15.7,15.77,0.11,
54,2025-04-23 22:00:00,1.55,0.11,0.0,0.0,91.03,14.28,15.39,16.04,0.16,
54,2025-04-23 23:00:00,0.57,0.0,0.0,0.0,96.4,13.54,13.72,13.87,0.06,
54,2025-04-24 00:00:00,1.32,0.21,0.0,0.0,94.5,14.72,14.92,15.07,0.09,
54,2025-04-24 01:00:00,1.48,0.17,0.0,0.0,95.68,14.4,14.53,14.7,0.07,
54,2025-04-24 02:00:00,1.85,0.27,0.0,0.0,96.1,14.6,14.86,15.0,0.07,
54,2025-04-24 03:00:00,1.4,0.27,0.0,0.0,95.83,14.22,14.68,14.99,0.07,
54,2025-04-24 04:00:00,2.15,0.32,0.0,0.0,96.95,13.44,13.78,14.1,0.05,
54,2025-04-24 05:00:00,2.52,1.06,0.0,0.0,91.63,13.74,13.89,13.97,0.13,
54,2025-04-24 06:00:00,3.28,0.85,0.0,0.0,88.2,12.39,13.71,14.54,0.19,
54,2025-04-24 07:00:00,2.98,0.64,0.07,0.0,89.73,12.42,12.99,13.74,0.16,
54,2025-04-24 08:00:00,2.52,1.08,70.4,0.0,88.6,13.14,13.3,13.44,0.17,
54,2025-04-24 09:00:00,4.18,1.59,258.7,0.0,82.7,13.56,14.34,15.18,0.28,
54,2025-04-24 10:00:00,5.0,2.63,473.8,0.0,71.28,15.79,16.65,17.45,0.55,
54,2025-04-24 11:00:00,5.6,3.23,562.4,0.0,63.26,17.88,18.4,18.8,0.78,
54,2025-04-24 12:00:00,5.45,3.11,516.7,0.0,61.0,18.66,18.93,19.23,0.86,
54,2025-04-24 13:00:00,5.82,3.2,641.4,0.0,57.03,18.57,19.53,20.11,0.98,
54,2025-04-24 14:00:00,6.35,3.4,698.9,0.0,50.35,19.54,20.29,20.84,1.18,
54,2025-04-24 15:00:00,5.9,2.77,458.7,0.0,50.72,19.7,20.24,21.08,1.17,
54,2025-04-24 16:00:00,5.82,3.21,538.1,0.0,52.44,20.08,20.39,20.94,1.14,
54,2025-04-24 17:00:00,6.5,3.41,303.9,0.0,54.67,18.74,19.37,19.9,1.02,
54,2025-04-24 18:00:00,5.22,3.15,158.6,0.0,60.47,16.72,17.63,18.52,0.8,
54,2025-04-24 19:00:00,5.22,2.43,5.0,0.0,64.29,16.07,16.18,16.39,0.66,
54,2025-04-24 20:00:00,4.25,1.87,0.0,0.0,64.63,15.9,16.01,16.12,0.65,
54,2025-04-24 21:00:00,4.62,2.07,0.0,0.0,65.04,15.57,15.68,15.79,0.63,
54,2025-04-24 22:00:00,5.45,2.62,0.0,0.1,68.78,14.53,14.97,15.38,0.53,
54,2025-04-24 23:00:00,5.38,2.69,0.0,0.0,67.35,14.81,14.88,14.9,0.55,
54,2025-04-25 00:00:00,5.52,2.91,0.0,0.9,72.21,13.69,14.68,15.03,0.47,
54,2025-04-25 01:00:00,4.47,2.05,0.0,3.4,92.33,12.31,12.42,12.62,0.11,
54,2025-04-25 02:00:00,4.92,2.4,0.0,1.4,91.7,12.53,12.58,12.69,0.12,
54,2025-04-25 03:00:00,5.38,1.72,0.0,0.0,91.2,12.53,12.6,12.71,0.13,
54,2025-04-25 04:00:00,2.9,0.82,0.0,1.6,94.7,12.36,12.42,12.49,0.08,
54,2025-04-25 05:00:00,3.8,0.65,0.0,1.2,95.2,11.84,11.9,12.05,0.07,
54,2025-04-25 06:00:00,1.18,0.23,0.0,0.1,96.15,11.75,11.78,11.83,0.05,
54,2025-04-25 07:00:00,1.18,0.27,0.04,0.0,96.35,11.08,11.33,11.68,0.05,
54,2025-04-25 08:00:00,0.42,0.0,63.09,0.0,96.08,9.8,10.22,10.79,0.05,
54,2025-04-25 09:00:00,2.38,0.59,271.2,0.0,92.88,10.57,11.82,12.9,0.1,
54,2025-04-25 10:00:00,1.92,0.82,416.2,0.0,82.89,13.41,14.05,14.64,0.28,
54,2025-04-25 11:00:00,2.45,0.66,545.3,0.0,68.49,14.95,15.79,16.34,0.57,
54,2025-04-25 12:00:00,3.05,1.44,634.3,0.0,56.7,16.46,16.73,17.26,0.82,
54,2025-04-25 13:00:00,4.47,1.45,695.3,0.0,50.79,17.2,17.48,18.21,0.98,
54,2025-04-25 14:00:00,4.25,1.91,671.0,0.0,48.28,17.53,18.05,18.79,1.07,
54,2025-04-25 15:00:00,4.85,1.93,643.8,0.0,47.74,17.73,18.55,19.02,1.12,
54,2025-04-25 16:00:00,4.7,2.22,229.6,0.0,48.35,17.17,17.67,18.13,1.05,
54,2025-04-25 17:00:00,4.85,2.6,112.0,0.0,64.59,15.25,15.44,15.88,0.62,
54,2025-04-25 18:00:00,3.8,1.57,53.87,0.0,67.73,14.97,15.06,15.16,0.56,
54,2025-04-25 19:00:00,2.0,0.43,4.28,0.0,70.85,14.21,14.52,14.8,0.48,
54,2025-04-25 20:00:00,3.58,1.08,0.0,0.0,76.48,12.34,13.15,14.14,0.36,
54,2025-04-25 21:00:00,1.4,0.23,0.0,0.0,84.6,11.15,11.51,11.67,0.21,
54,2025-04-25 22:00:00,1.1,0.08,0.0,0.0,91.25,9.42,9.75,10.31,0.11,
54,2025-04-25 23:00:00,1.25,0.28,0.0,0.0,94.18,8.59,8.86,9.09,0.07,
54,2025-04-26 00:00:00,2.22,0.28,0.0,0.0,95.0,8.04,8.29,8.52,0.06,
54,2025-04-26 01:00:00,2.6,0.87,0.0,0.0,95.98,7.25,7.86,8.29,0.04,
54,2025-04-26 02:00:00,3.05,1.55,0.0,0.0,95.98,7.98,8.09,8.32,0.04,
54,2025-04-26 03:00:00,3.05,1.38,0.0,0.0,95.0,7.74,7.86,7.95,0.05,
54,2025-04-26 04:00:00,1.7,0.31,0.0,0.0,95.63,7.34,7.47,7.59,0.05,
54,2025-04-26 05:00:00,2.0,0.54,0.0,0.0,95.6,7.31,7.46,7.56,0.05,
54,2025-04-26 06:00:00,3.12,1.41,0.0,0.0,96.98,6.97,7.1,7.25,0.03,
54,2025-04-26 07:00:00,2.45,1.14,0.06,0.0,97.43,6.41,6.62,6.88,0.03,
54,2025-04-26 08:00:00,2.3,0.77,89.6,0.0,96.13,6.34,6.38,6.47,0.04,
54,2025-04-26 09:00:00,3.05,1.64,209.9,0.1,92.45,6.74,7.26,7.63,0.08,
54,2025-04-26 10:00:00,3.8,1.91,366.5,0.0,86.28,8.43,9.28,9.81,0.16,
54,2025-04-26 11:00:00,4.62,2.58,540.6,0.0,78.76,9.72,10.82,11.75,0.28,
54,2025-04-26 12:00:00,6.5,3.52,614.0,0.0,62.28,12.62,13.16,13.71,0.57,
54,2025-04-26 13:00:00,7.25,3.95,630.0,0.0,53.85,14.28,14.7,15.06,0.77,
54,2025-04-26 14:00:00,6.5,3.65,624.3,0.0,48.25,15.68,16.14,16.49,0.95,
54,2025-04-26 15:00:00,6.8,3.58,569.4,0.0,45.97,16.57,17.01,17.43,1.05,
54,2025-04-26 16:00:00,6.05,3.52,460.2,0.0,45.3,17.59,17.7,17.86,1.11,
54,2025-04-26 17:00:00,6.42,3.57,306.3,0.0,46.64,16.94,17.2,17.35,1.05,
54,2025-04-26 18:00:00,4.78,2.65,139.1,0.0,48.98,15.42,16.15,16.77,0.94,
54,2025-04-26 19:00:00,4.78,2.38,7.53,0.0,55.93,13.08,14.06,14.77,0.71,
54,2025-04-26 20:00:00,4.47,2.4,0.0,0.0,63.54,12.43,12.73,13.0,0.54,
54,2025-04-26 21:00:00,4.25,2.29,0.0,0.0,70.65,10.95,11.67,12.27,0.41,
54,2025-04-26 22:00:00,2.45,1.04,0.0,0.0,77.35,9.76,9.97,10.3,0.28,
54,2025-04-26 23:00:00,3.65,1.4,0.0,0.0,77.3,9.69,9.82,9.94,0.28,
54,2025-04-27 00:00:00,3.8,1.47,0.0,0.0,77.74,9.53,9.71,9.92,0.27,
54,2025-04-27 01:00:00,3.42,1.72,0.0,0.0,79.72,9.15,9.3,9.55,0.24,
54,2025-04-27 02:00:00,4.03,2.14,0.0,0.0,81.3,8.92,9.0,9.1,0.22,
54,2025-04-27 03:00:00,3.35,1.83,0.0,0.0,84.1,8.07,8.36,8.67,0.18,
54,2025-04-27 04:00:00,3.5,1.94,0.0,0.0,85.93,7.74,8.02,8.12,0.15,
54,2025-04-27 05:00:00,2.08,0.86,0.0,0.0,90.7,6.32,6.76,7.08,0.09,
54,2025-04-27 06:00:00,1.7,0.31,0.0,0.0,90.98,4.8,5.83,6.71,0.09,
54,2025-04-27 07:00:00,1.1,0.09,0.05,0.0,94.93,3.64,4.26,4.7,0.05,
54,2025-04-27 08:00:00,1.02,0.01,57.62,0.0,96.03,3.44,3.74,4.08,0.03,
54,2025-04-27 09:00:00,3.28,1.11,240.1,0.0,88.73,5.31,7.6,9.19,0.13,
54,2025-04-27 10:00:00,4.62,2.06,406.8,0.0,78.74,9.73,10.55,11.62,0.28,
54,2025-04-27 11:00:00,4.85,2.75,535.5,0.0,65.03,12.45,13.37,14.35,0.54,
54,2025-04-27 12:00:00,5.52,3.18,613.6,0.0,56.26,14.9,15.6,16.28,0.78,
54,2025-04-27 13:00:00,5.82,3.18,607.3,0.0,51.37,16.73,17.32,17.96,0.96,
54,2025-04-27 14:00:00,5.68,3.15,602.8,0.0,46.87,18.38,19.03,19.55,1.17,
54,2025-04-27 15:00:00,5.68,3.37,525.0,0.0,45.37,19.64,19.78,19.97,1.26,
54,2025-04-27 16:00:00,5.98,3.34,472.4,0.0,42.75,20.02,20.31,20.56,1.37,
54,2025-04-27 17:00:00,6.28,3.64,297.0,0.0,44.79,19.56,19.94,20.33,1.29,
54,2025-04-27 18:00:00,6.5,3.26,138.7,0.0,52.39,17.08,18.16,19.24,1.0,
54,2025-04-27 19:00:00,4.7,2.22,5.69,0.0,59.22,14.9,15.68,16.46,0.73,
54,2025-04-27 20:00:00,4.92,2.4,0.0,0.0,64.48,14.15,14.44,14.68,0.58,
54,2025-04-27 21:00:00,4.47,2.55,0.0,0.0,69.97,12.89,13.46,13.97,0.47,
54,2025-04-27 22:00:00,4.18,2.16,0.0,0.0,76.1,12.12,12.25,12.48,0.34,
54,2025-04-27 23:00:00,4.32,1.92,0.0,0.0,79.48,11.55,11.73,12.07,0.28,
54,2025-04-28 00:00:00,4.32,2.3,0.0,0.0,82.45,10.93,11.1,11.39,0.23,
54,2025-04-28 01:00:00,4.25,1.32,0.0,0.0,86.13,9.91,10.35,10.88,0.18,
54,2025-04-28 02:00:00,3.35,1.23,0.0,0.0,89.13,9.22,9.57,9.89,0.13,
54,2025-04-28 03:00:00,3.5,1.17,0.0,0.0,90.85,8.84,8.98,9.17,0.11,
54,2025-04-28 04:00:00,1.55,0.42,0.0,0.0,92.88,8.32,8.41,8.57,0.08,
54,2025-04-28 05:00:00,3.42,0.58,0.0,0.0,93.1,8.26,8.5,8.88,0.08,
54,2025-04-28 06:00:00,3.95,2.01,0.0,0.0,93.2,8.66,8.88,9.15,0.08,
54,2025-04-28 07:00:00,3.42,1.76,0.01,0.0,95.3,8.51,8.59,8.65,0.05,
54,2025-04-28 08:00:00,3.65,2.0,9.9,0.0,96.65,7.95,8.19,8.39,0.04,
54,2025-04-28 09:00:00,2.82,1.67,43.03,0.0,97.5,7.93,7.97,8.0,0.03,
54,2025-04-28 10:00:00,3.42,1.72,90.9,0.0,96.05,8.17,8.39,8.65,0.05,
54,2025-04-28 11:00:00,3.35,1.82,125.9,0.0,90.85,8.96,9.24,9.59,0.11,
54,2025-04-28 12:00:00,3.8,1.94,179.5,0.0,86.75,9.84,10.03,10.18,0.16,
54,2025-04-28 13:00:00,3.95,2.01,534.7,0.0,78.72,10.54,11.34,12.33,0.29,
54,2025-04-28 14:00:00,3.28,1.16,607.6,0.0,67.22,13.1,14.16,15.38,0.53,
54,2025-04-28 15:00:00,2.45,0.83,560.2,0.0,58.01,15.64,16.4,17.03,0.78,
54,2025-04-28 16:00:00,2.6,0.77,454.0,0.0,52.73,17.96,18.43,18.78,1.0,
54,2025-04-28 17:00:00,2.08,0.54,297.8,0.0,51.36,18.92,19.31,19.56,1.09,
54,2025-04-28 18:00:00,1.48,0.17,105.1,0.0,62.75,16.95,17.72,18.39,0.76,
54,2025-04-28 19:00:00,1.4,0.25,8.61,0.0,77.95,12.88,13.9,15.56,0.35,
54,2025-04-28 20:00:00,0.5,0.01,0.0,0.0,86.2,8.86,10.42,12.31,0.18,
54,2025-04-28 21:00:00,0.72,0.03,0.0,0.0,92.28,7.84,8.22,8.5,0.08,
54,2025-04-28 22:00:00,0.88,0.07,0.0,0.0,93.53,6.72,7.24,7.93,0.07,
54,2025-04-28 23:00:00,0.8,0.01,0.0,0.0,95.08,6.09,6.29,6.54,0.05,
54,2025-04-29 00:00:00,0.0,0.0,0.0,0.0,95.0,4.7,5.07,5.57,0.05,
54,2025-04-29 01:00:00,0.0,0.0,0.0,0.0,96.25,3.89,4.29,4.5,0.03,
54,2025-04-29 02:00:00,0.95,0.01,0.0,0.0,96.18,3.74,3.98,4.28,0.03,
54,2025-04-29 03:00:00,0.72,0.02,0.0,0.0,96.83,4.14,4.38,4.63,0.03,
54,2025-04-29 04:00:00,0.28,0.0,0.0,0.0,96.88,4.45,4.74,5.11,0.03,
54,2025-04-29 05:00:00,1.25,0.04,0.0,0.0,97.43,4.67,5.04,5.55,0.02,
54,2025-04-29 06:00:00,4.4,1.92,0.0,0.0,97.95,6.96,7.19,7.29,0.02,
54,2025-04-29 07:00:00,2.82,0.9,0.0,0.0,98.08,7.29,7.41,7.58,0.02,
54,2025-04-29 08:00:00,1.32,0.21,11.71,0.0,98.2,7.62,7.73,7.85,0.02,
54,2025-04-29 09:00:00,1.25,0.32,35.77,0.1,98.18,7.67,7.78,7.87,0.02,
54,2025-04-29 10:00:00,2.82,0.62,66.4,0.1,98.18,7.86,7.99,8.09,0.02,
54,2025-04-29 11:00:00,2.08,0.93,88.7,0.0,97.98,8.26,8.45,8.67,0.02,
54,2025-04-29 12:00:00,1.7,0.56,95.3,0.0,96.7,8.72,8.85,9.02,0.04,
54,2025-04-29 13:00:00,2.08,0.78,94.2,0.0,95.4,9.06,9.15,9.26,0.06,
54,2025-04-29 14:00:00,2.3,0.93,89.5,0.0,92.8,9.36,9.5,9.6,0.09,
54,2025-04-29 15:00:00,2.6,0.78,109.6,0.0,90.98,9.61,9.75,10.01,0.11,
54,2025-04-29 16:00:00,2.08,1.0,85.5,0.0,90.6,9.91,9.95,10.0,0.12,
54,2025-04-29 17:00:00,2.38,0.8,60.64,0.0,89.68,10.04,10.08,10.13,0.13,
54,2025-04-29 18:00:00,2.3,0.63,24.31,0.0,91.15,9.95,9.99,10.02,0.11,
54,2025-04-29 19:00:00,2.22,0.32,0.85,0.0,90.7,9.85,9.91,9.96,0.12,
54,2025-04-29 20:00:00,1.85,0.43,0.0,0.0,90.88,9.66,9.71,9.77,0.11,
54,2025-04-29 21:00:00,2.38,0.74,0.0,0.0,89.63,9.6,9.63,9.66,0.13,
54,2025-04-29 22:00:00,2.15,0.6,0.0,0.0,90.0,9.57,9.63,9.66,0.12,
54,2025-04-29 23:00:00,1.92,0.21,0.0,0.0,89.1,9.5,9.56,9.61,0.13,
54,2025-04-30 00:00:00,0.8,0.04,0.0,0.0,90.98,9.43,9.49,9.6,0.11,
54,2025-04-30 01:00:00,1.48,0.08,0.0,0.0,88.78,9.45,9.52,9.57,0.14,
54,2025-04-30 02:00:00,1.78,0.4,0.0,0.0,88.0,9.37,9.42,9.47,0.14,
54,2025-04-30 03:00:00,1.48,0.26,0.0,0.0,88.68,9.15,9.26,9.38,0.13,
54,2025-04-30 04:00:00,2.3,0.69,0.0,0.0,89.6,8.72,8.94,9.14,0.12,
54,2025-04-30 05:00:00,2.3,0.82,0.0,0.0,92.0,8.58,8.6,8.63,0.09,
54,2025-04-30 06:00:00,2.0,0.67,0.0,0.0,94.43,8.57,8.6,8.61,0.06,
54,2025-04-30 07:00:00,1.92,0.42,0.0,0.0,94.83,8.65,8.67,8.67,0.06,
54,2025-04-30 08:00:00,1.25,0.18,3.7,0.0,94.18,8.61,8.64,8.66,0.07,
54,2025-04-30 09:00:00,1.48,0.56,30.84,0.0,94.83,8.64,8.73,8.82,0.06,
54,2025-04-30 10:00:00,2.38,1.05,64.39,0.1,95.55,8.75,8.8,8.83,0.05,
54,2025-04-30 11:00:00,2.15,1.02,139.9,0.1,94.65,8.96,9.29,9.63,0.06,
54,2025-04-30 12:00:00,2.22,1.06,135.6,0.0,92.88,9.81,10.01,10.2,0.09,
54,2025-04-30 13:00:00,2.75,1.44,119.9,0.0,90.33,10.29,10.49,10.75,0.12,
54,2025-04-30 14:00:00,2.45,1.32,114.7,0.0,88.0,10.9,11.09,11.24,0.16,
54,2025-04-30 15:00:00,2.9,1.29,118.0,0.0,90.78,10.98,11.11,11.23,0.13,
54,2025-04-30 16:00:00,3.28,1.75,270.1,0.0,87.6,11.28,11.57,12.02,0.17,
54,2025-04-30 17:00:00,4.55,2.23,157.2,0.0,79.35,12.14,12.28,12.35,0.3,
54,2025-04-30 18:00:00,4.85,2.21,65.33,0.0,78.08,11.83,12.0,12.1,0.31,
54,2025-04-30 19:00:00,3.72,1.91,1.1,0.0,80.95,11.53,11.64,11.83,0.26,
54,2025-04-30 20:00:00,4.47,2.14,0.0,0.0,82.33,11.37,11.51,11.6,0.24,
54,2025-04-30 21:00:00,3.58,1.88,0.0,0.0,81.04,11.42,11.5,11.57,0.26,
54,2025-04-30 22:00:00,3.65,2.04,0.0,0.0,85.13,11.2,11.29,11.35,0.2,
54,2025-04-30 23:00:00,4.1,1.81,0.0,0.0,85.0,10.96,11.06,11.16,0.2,
54,2025-05-01 00:00:00,2.98,1.37,0.0,0.0,86.18,10.22,10.43,10.78,0.18,
54,2025-05-01 01:00:00,2.82,1.01,0.0,0.0,86.23,9.93,10.11,10.3,0.17,
54,2025-05-01 02:00:00,2.15,0.4,0.0,0.0,89.55,9.3,9.84,10.17,0.13,
54,2025-05-01 03:00:00,3.2,0.34,0.0,0.0,90.58,8.66,9.26,10.18,0.11,
54,2025-05-01 04:00:00,1.7,0.72,0.0,0.0,91.75,9.42,9.68,10.19,0.1,
54,2025-05-01 05:00:00,1.78,0.67,0.0,0.0,91.55,9.65,9.81,9.97,0.11,
54,2025-05-01 06:00:00,1.7,0.47,0.0,0.0,90.33,10.16,10.18,10.22,0.12,
54,2025-05-01 07:00:00,2.68,1.44,0.0,0.0,91.43,9.75,10.09,10.39,0.11,
54,2025-05-01 08:00:00,2.38,0.88,30.2,0.0,91.93,9.79,9.95,10.09,0.1,
54,2025-05-01 09:00:00,3.05,1.84,121.3,0.0,86.33,10.19,10.53,10.96,0.18,
54,2025-05-01 10:00:00,2.6,0.83,206.6,0.0,77.27,11.26,12.08,12.97,0.32,
54,2025-05-01 11:00:00,1.7,0.47,310.1,0.0,64.48,13.29,13.94,14.64,0.57,
54,2025-05-01 12:00:00,2.22,0.62,542.5,0.0,56.57,15.36,15.9,16.63,0.79,
54,2025-05-01 13:00:00,2.6,0.95,643.0,0.0,51.63,17.0,17.21,17.41,0.95,
54,2025-05-01 14:00:00,2.3,0.84,286.6,0.0,52.95,17.07,17.19,17.37,0.92,
54,2025-05-01 15:00:00,2.98,1.38,257.4,0.0,54.44,16.94,17.14,17.32,0.89,
54,2025-05-01 16:00:00,3.28,1.73,176.0,0.0,56.76,16.61,16.68,16.75,0.82,
54,2025-05-01 17:00:00,3.05,1.61,134.7,0.0,61.21,15.81,16.3,16.69,0.72,
54,2025-05-01 18:00:00,2.52,0.94,46.25,0.0,65.8,15.32,15.43,15.56,0.6,
54,2025-05-01 19:00:00,1.25,0.14,10.59,0.0,76.96,12.19,13.39,14.89,0.36,
54,2025-05-01 20:00:00,3.28,1.47,0.0,0.0,83.3,11.68,12.2,12.57,0.24,
54,2025-05-01 21:00:00,2.15,1.18,0.0,0.0,87.63,11.29,11.58,11.79,0.17,
54,2025-05-01 22:00:00,2.75,0.75,0.0,0.0,90.88,10.25,10.53,10.87,0.12,
54,2025-05-01 23:00:00,3.05,1.2,0.0,0.0,90.93,9.65,9.96,10.19,0.11,
54,2025-05-02 00:00:00,2.82,1.61,0.0,0.0,91.23,9.38,9.73,10.07,0.11,
54,2025-05-02 01:00:00,2.75,0.99,0.0,0.0,92.03,8.84,8.98,9.1,0.09,
54,2025-05-02 02:00:00,3.12,1.08,0.0,0.0,91.9,8.41,8.58,8.64,0.09,
54,2025-05-02 03:00:00,2.45,0.65,0.0,0.0,90.65,8.36,8.44,8.62,0.1,
54,2025-05-02 04:00:00,2.75,0.96,0.0,0.0,90.78,7.8,8.2,8.54,0.1,
54,2025-05-02 05:00:00,1.7,0.17,0.0,0.0,92.48,6.17,6.9,7.34,0.08,
54,2025-05-02 06:00:00,0.95,0.05,0.0,0.0,94.78,5.7,5.88,6.08,0.05,
54,2025-05-02 07:00:00,0.88,0.02,0.01,0.0,94.53,3.53,4.26,4.9,0.05,
54,2025-05-02 08:00:00,1.02,0.08,31.46,0.0,96.93,2.98,3.3,3.58,0.02,
54,2025-05-02 09:00:00,2.0,0.5,103.6,0.0,97.78,3.49,4.93,6.28,0.02,
54,2025-05-02 10:00:00,2.9,0.89,148.1,0.0,97.65,6.72,7.21,7.84,0.02,
54,2025-05-02 11:00:00,3.05,1.53,289.5,0.0,91.78,8.24,8.83,9.54,0.1,
54,2025-05-02 12:00:00,3.72,1.98,574.4,0.0,81.68,10.12,10.84,11.83,0.24,
54,2025-05-02 13:00:00,4.78,2.5,597.2,0.0,64.75,12.65,13.94,15.28,0.57,
54,2025-05-02 14:00:00,5.22,3.04,562.0,0.0,50.07,15.9,16.31,16.69,0.93,
54,2025-05-02 15:00:00,5.45,3.06,495.4,0.0,45.81,16.96,17.07,17.15,1.06,
54,2025-05-02 16:00:00,4.03,2.3,402.2,0.0,41.59,17.5,17.64,17.79,1.18,
54,2025-05-02 17:00:00,4.1,2.42,264.8,0.0,42.09,17.28,17.44,17.63,1.16,
54,2025-05-02 18:00:00,3.8,1.43,118.0,0.0,49.33,15.07,16.09,16.97,0.93,
54,2025-05-02 19:00:00,0.0,0.0,4.02,0.0,71.09,9.22,11.15,13.34,0.39,
54,2025-05-02 20:00:00,0.95,0.1,0.0,0.0,80.19,7.7,8.3,8.95,0.22,
54,2025-05-02 21:00:00,1.18,0.06,0.0,0.0,81.27,7.09,8.49,9.42,0.21,
54,2025-05-02 22:00:00,1.02,0.06,0.0,0.0,87.68,6.38,6.69,6.95,0.12,
54,2025-05-02 23:00:00,0.95,0.07,0.0,0.0,88.33,6.47,6.8,7.19,0.12,
54,2025-05-03 00:00:00,0.0,0.0,0.0,0.0,90.85,5.22,5.97,6.92,0.09,
54,2025-05-03 01:00:00,1.4,0.31,0.0,0.0,94.43,4.7,5.52,6.26,0.05,
54,2025-05-03 02:00:00,0.65,0.01,0.0,0.0,92.83,4.0,4.89,5.66,0.06,
54,2025-05-03 03:00:00,0.5,0.0,0.0,0.0,94.23,2.42,3.06,3.54,0.04,
54,2025-05-03 04:00:00,0.0,0.0,0.0,0.0,95.9,2.03,2.45,3.0,0.03,
54,2025-05-03 05:00:00,0.57,0.01,0.0,0.0,96.58,1.57,1.86,2.09,0.02,
54,2025-05-03 06:00:00,0.88,0.04,0.0,0.0,96.88,1.3,1.83,2.16,0.02,
54,2025-05-03 07:00:00,1.02,0.12,0.01,0.0,97.03,0.99,1.24,1.39,0.02,
54,2025-05-03 08:00:00,0.88,0.06,54.56,0.0,96.53,0.28,0.59,1.18,0.02,
54,2025-05-03 09:00:00,1.25,0.38,228.7,0.0,95.53,1.45,3.12,4.69,0.04,
54,2025-05-03 10:00:00,2.15,0.62,374.5,0.0,88.68,5.44,6.65,7.92,0.11,
54,2025-05-03 11:00:00,2.38,1.07,497.1,0.0,81.12,8.58,9.55,10.13,0.23,
54,2025-05-03 12:00:00,2.52,0.69,559.7,0.0,68.77,11.34,13.06,14.51,0.48,
54,2025-05-03 13:00:00,3.12,0.96,602.5,0.0,52.11,15.79,17.15,18.13,0.95,
54,2025-05-03 14:00:00,4.4,1.75,549.4,0.0,45.38,18.85,19.07,19.38,1.21,
54,2025-05-03 15:00:00,3.28,1.3,523.7,0.0,42.33,19.32,19.93,20.63,1.34,
54,2025-05-03 16:00:00,3.65,1.75,447.6,0.0,42.21,20.67,21.05,21.25,1.44,
54,2025-05-03 17:00:00,2.75,1.35,175.7,0.0,48.22,19.92,20.2,20.61,1.23,
54,2025-05-03 18:00:00,1.92,0.76,94.5,0.0,54.76,18.6,19.36,19.78,1.02,
54,2025-05-03 19:00:00,0.0,0.0,2.65,0.0,70.66,14.47,15.79,17.56,0.53,
54,2025-05-03 20:00:00,0.0,0.0,0.0,0.0,81.29,12.5,13.21,14.06,0.29,
54,2025-05-03 21:00:00,1.18,0.07,0.0,0.0,81.28,12.66,12.88,12.98,0.28,
54,2025-05-03 22:00:00,0.95,0.03,0.0,0.0,81.73,13.02,13.16,13.39,0.28,
54,2025-05-03 23:00:00,0.65,0.01,0.0,0.0,82.9,13.54,13.59,13.64,0.27,
54,2025-05-04 00:00:00,0.57,0.01,0.0,0.0,86.03,13.61,13.7,13.78,0.22,
54,2025-05-04 01:00:00,0.0,0.0,0.0,0.0,87.55,13.59,13.67,13.79,0.2,
54,2025-05-04 02:00:00,2.52,0.96,0.0,0.0,87.73,14.03,14.53,14.83,0.21,
54,2025-05-04 03:00:00,3.95,2.19,0.0,0.0,91.28,14.62,14.8,14.92,0.15,
54,2025-05-04 04:00:00,4.55,2.1,0.0,0.0,90.83,14.32,14.47,14.55,0.15,
54,2025-05-04 05:00:00,4.7,2.24,0.0,0.0,92.75,13.75,14.0,14.17,0.11,
54,2025-05-04 06:00:00,5.38,2.85,0.0,0.0,91.08,12.15,12.79,13.27,0.13,
54,2025-05-04 07:00:00,4.1,2.02,0.0,0.0,90.15,11.07,11.24,11.53,0.13,
54,2025-05-04 08:00:00,4.55,2.29,13.56,0.0,84.45,11.23,11.35,11.46,0.21,
54,2025-05-04 09:00:00,5.75,2.84,79.02,0.0,82.32,11.49,11.57,11.71,0.24,
54,2025-05-04 10:00:00,5.15,2.94,130.0,0.0,75.45,11.8,11.91,12.03,0.34,
54,2025-05-04 11:00:00,5.15,2.73,232.9,0.0,70.88,11.92,12.33,12.72,0.42,
54,2025-05-04 12:00:00,4.7,2.82,420.8,0.0,60.66,13.22,14.41,15.37,0.65,
54,2025-05-04 13:00:00,5.45,2.85,467.9,0.0,54.01,15.51,16.06,16.56,0.84,
54,2025-05-04 14:00:00,4.62,2.67,415.5,0.0,53.27,16.38,16.6,17.02,0.88,
54,2025-05-04 15:00:00,4.85,2.63,498.5,0.0,49.47,17.72,17.91,18.12,1.04,
54,2025-05-04 16:00:00,4.18,2.2,341.1,0.0,49.95,17.85,17.97,18.2,1.03,
54,2025-05-04 17:00:00,3.8,2.26,219.6,0.0,52.32,16.88,17.38,17.8,0.95,
54,2025-05-04 18:00:00,3.72,2.04,73.58,0.0,57.66,15.22,15.85,16.45,0.77,
54,2025-05-04 19:00:00,2.3,1.13,2.78,0.0,64.4,13.16,13.85,14.63,0.57,
54,2025-05-04 20:00:00,2.98,1.64,0.0,0.0,67.21,12.5,12.69,13.01,0.48,
54,2025-05-04 21:00:00,2.98,1.57,0.0,0.0,70.34,11.06,11.63,12.23,0.41,
54,2025-05-04 22:00:00,3.65,1.87,0.0,0.0,71.7,10.39,10.7,11.13,0.37,
54,2025-05-04 23:00:00,3.58,2.06,0.0,0.0,75.86,9.03,9.51,9.87,0.29,
54,2025-05-05 00:00:00,3.35,1.6,0.0,0.0,80.25,8.18,8.42,8.7,0.22,
54,2025-05-05 01:00:00,2.9,1.48,0.0,0.0,81.6,7.67,7.89,8.11,0.2,
54,2025-05-05 02:00:00,2.15,0.46,0.0,0.0,84.35,6.55,7.05,7.46,0.16,
54,2025-05-05 03:00:00,1.62,0.42,0.0,0.0,87.1,5.57,6.56,7.16,0.13,
54,2025-05-05 04:00:00,0.0,0.0,0.0,0.0,91.5,2.82,3.64,4.63,0.07,
54,2025-05-05 05:00:00,0.8,0.02,0.0,0.0,94.15,2.41,2.79,3.06,0.05,
54,2025-05-05 06:00:00,0.0,0.0,0.0,0.0,94.05,0.9,1.24,1.78,0.04,
54,2025-05-05 07:00:00,1.7,0.31,0.0,0.0,96.28,0.35,1.44,3.2,0.03,
54,2025-05-05 08:00:00,2.08,0.4,15.17,0.0,94.9,4.5,4.95,5.26,0.05,
54,2025-05-05 09:00:00,3.2,0.72,76.44,0.0,90.38,5.57,5.99,6.28,0.09,
54,2025-05-05 10:00:00,3.95,1.97,192.2,0.0,87.55,6.22,6.6,7.03,0.12,
54,2025-05-05 11:00:00,3.88,1.98,290.8,0.0,86.43,7.42,7.86,8.4,0.15,
54,2025-05-05 12:00:00,2.9,1.32,249.8,0.0,84.0,8.77,9.0,9.32,0.19,
54,2025-05-05 13:00:00,2.98,1.3,612.7,0.0,76.83,9.58,10.63,11.97,0.3,
54,2025-05-05 14:00:00,4.1,1.62,576.3,0.0,65.46,12.68,13.37,14.26,0.53,
54,2025-05-05 15:00:00,3.5,1.61,529.5,0.0,54.91,14.51,15.01,15.58,0.77,
54,2025-05-05 16:00:00,3.05,1.16,424.9,0.0,48.88,15.9,16.2,16.72,0.94,
54,2025-05-05 17:00:00,2.82,0.87,276.1,0.0,48.09,16.38,16.49,16.61,0.97,
54,2025-05-05 18:00:00,1.18,0.07,62.7,0.0,60.28,12.11,13.98,15.62,0.65,
54,2025-05-05 19:00:00,1.18,0.11,2.3,0.0,74.62,8.87,9.81,11.04,0.31,
54,2025-05-05 20:00:00,1.7,0.68,0.0,0.0,85.45,8.95,9.39,9.61,0.17,
54,2025-05-05 21:00:00,1.18,0.06,0.0,0.0,91.25,7.4,7.68,8.12,0.1,
54,2025-05-05 22:00:00,0.0,0.0,0.0,0.0,91.68,6.09,6.72,7.13,0.09,
54,2025-05-05 23:00:00,1.18,0.09,0.0,0.0,94.75,5.89,6.03,6.28,0.05,
54,2025-05-06 00:00:00,0.0,0.0,0.0,0.0,94.5,5.8,5.89,5.96,0.05,
54,2025-05-06 01:00:00,0.0,0.0,0.0,0.0,94.38,5.42,5.5,5.64,0.05,
54,2025-05-06 02:00:00,0.0,0.0,0.0,0.0,94.6,5.61,5.9,6.05,0.05,
54,2025-05-06 03:00:00,1.02,0.04,0.0,0.0,94.68,5.26,5.54,5.69,0.05,
54,2025-05-06 04:00:00,0.0,0.0,0.0,0.0,95.63,4.94,5.01,5.08,0.04,
54,2025-05-06 05:00:00,0.95,0.05,0.0,0.0,96.3,4.94,5.17,5.39,0.03,
54,2025-05-06 06:00:00,1.4,0.19,0.0,0.0,96.0,4.98,5.37,5.54,0.04,
54,2025-05-06 07:00:00,2.0,0.57,0.0,0.0,95.8,5.47,5.81,6.2,0.04,
54,2025-05-06 08:00:00,1.78,0.44,13.41,0.0,95.88,5.49,5.79,5.99,0.04,
54,2025-05-06 09:00:00,1.85,0.53,231.0,0.0,94.0,6.12,6.76,7.67,0.06,
54,2025-05-06 10:00:00,2.6,0.53,266.7,0.0,79.21,8.71,10.09,11.31,0.26,
54,2025-05-06 11:00:00,3.5,1.54,334.3,0.0,61.95,11.99,13.13,14.02,0.58,
54,2025-05-06 12:00:00,2.75,1.18,282.9,0.0,55.85,14.19,14.67,15.21,0.74,
54,2025-05-06 13:00:00,2.38,0.52,349.6,0.0,49.29,15.63,16.13,16.45,0.93,
54,2025-05-06 14:00:00,2.3,0.44,312.8,0.0,47.45,16.51,17.07,17.67,1.02,
54,2025-05-06 15:00:00,3.8,1.47,256.0,0.0,48.47,17.72,17.83,18.0,1.05,
54,2025-05-06 16:00:00,4.92,2.4,200.9,0.0,63.42,15.09,16.34,17.65,0.69,
54,2025-05-06 17:00:00,2.6,1.24,72.15,0.6,83.13,13.21,13.67,14.11,0.26,
54,2025-05-06 18:00:00,2.3,0.63,45.87,0.0,84.6,12.84,13.05,13.14,0.23,
54,2025-05-06 19:00:00,0.0,0.0,0.84,0.0,90.08,11.36,11.61,12.07,0.14,
54,2025-05-06 20:00:00,0.0,0.0,0.0,0.0,91.4,9.9,10.43,11.08,0.11,
54,2025-05-06 21:00:00,0.95,0.11,0.0,0.0,93.28,8.55,9.01,9.52,0.08,
54,2025-05-06 22:00:00,1.55,0.21,0.0,0.0,94.83,7.95,8.33,8.61,0.06,
54,2025-05-06 23:00:00,0.8,0.04,0.0,0.0,95.33,7.13,7.42,7.71,0.05,
54,2025-05-07 00:00:00,1.25,0.02,0.0,0.0,96.13,7.22,7.4,7.59,0.04,
54,2025-05-07 01:00:00,0.88,0.05,0.0,0.0,96.78,7.35,7.83,8.13,0.03,
54,2025-05-07 02:00:00,1.48,0.21,0.0,0.0,96.6,7.84,7.93,8.01,0.04,
54,2025-05-07 03:00:00,1.1,0.07,0.0,0.0,96.83,8.05,8.09,8.11,0.03,
54,2025-05-07 04:00:00,0.35,0.0,0.0,0.0,96.58,7.92,8.04,8.16,0.04,
54,2025-05-07 05:00:00,2.0,0.67,0.0,0.0,96.78,8.06,8.2,8.46,0.04,
54,2025-05-07 06:00:00,2.6,1.1,0.0,0.0,96.1,8.43,8.51,8.57,0.04,
54,2025-05-07 07:00:00,1.48,0.15,0.0,0.0,95.93,8.4,8.49,8.59,0.05,
54,2025-05-07 08:00:00,2.38,0.8,5.85,0.0,96.23,8.55,8.66,8.88,0.04,
54,2025-05-07 09:00:00,3.12,1.24,25.57,0.0,94.93,9.06,9.31,9.59,0.06,
54,2025-05-07 10:00:00,1.85,0.65,96.1,0.1,90.9,9.94,10.55,10.96,0.12,
54,2025-05-07 11:00:00,2.08,0.61,102.3,0.3,89.08,11.34,11.66,11.8,0.15,
54,2025-05-07 12:00:00,1.85,0.6,215.2,0.0,85.13,12.16,12.65,13.39,0.22,
54,2025-05-07 13:00:00,2.15,0.59,270.6,0.0,75.29,13.91,14.31,14.63,0.41,
54,2025-05-07 14:00:00,3.58,0.97,116.3,1.3,77.59,12.61,13.61,14.52,0.35,
54,2025-05-07 15:00:00,2.52,0.97,165.8,0.3,83.55,12.86,12.99,13.19,0.25,
54,2025-05-07 16:00:00,5.08,1.26,160.8,0.0,78.76,13.14,13.55,14.14,0.33,
54,2025-05-07 17:00:00,3.88,1.5,84.4,0.0,74.5,14.02,14.09,14.16,0.41,
54,2025-05-07 18:00:00,1.92,0.38,23.24,0.0,77.98,13.45,13.77,13.96,0.35,
54,2025-05-07 19:00:00,1.92,0.58,0.47,0.0,81.96,12.58,13.01,13.45,0.27,
54,2025-05-07 20:00:00,2.3,1.16,0.0,0.0,90.83,11.79,11.96,12.15,0.13,
54,2025-05-07 21:00:00,2.15,0.98,0.0,0.0,91.93,11.7,11.79,11.87,0.11,
54,2025-05-07 22:00:00,3.2,1.48,0.0,0.0,91.8,11.69,11.84,12.02,0.11,
54,2025-05-07 23:00:00,1.92,0.21,0.0,0.0,92.45,10.28,11.16,11.79,0.1,
54,2025-05-08 00:00:00,2.22,0.12,0.0,0.0,93.9,9.47,9.97,10.54,0.08,
54,2025-05-08 01:00:00,1.25,0.11,0.0,0.0,95.4,8.18,8.34,8.52,0.05,
54,2025-05-08 02:00:00,1.32,0.24,0.0,0.0,94.78,8.35,8.65,8.78,0.06,
54,2025-05-08 03:00:00,1.55,0.47,0.0,0.0,96.05,7.75,7.91,8.28,0.04,
54,2025-05-08 04:00:00,1.92,0.67,0.0,0.0,95.33,8.36,9.04,9.65,0.06,
54,2025-05-08 05:00:00,1.4,0.37,0.0,0.0,94.5,9.5,9.68,9.91,0.07,
54,2025-05-08 06:00:00,2.38,1.35,0.0,0.0,94.8,9.42,9.45,9.48,0.06,
54,2025-05-08 07:00:00,2.3,1.14,0.0,0.2,95.8,9.31,9.37,9.47,0.05,
54,2025-05-08 08:00:00,1.55,0.45,3.82,0.1,95.7,9.6,9.65,9.74,0.05,
54,2025-05-08 09:00:00,1.48,0.14,68.0,0.6,95.68,9.82,10.06,10.49,0.05,
54,2025-05-08 10:00:00,2.82,1.17,94.5,0.1,93.0,10.73,11.23,11.66,0.1,
54,2025-05-08 11:00:00,2.75,1.22,145.7,0.4,89.68,11.9,12.33,12.55,0.15,
54,2025-05-08 12:00:00,4.92,2.1,335.4,0.0,88.78,12.36,12.94,13.42,0.17,
54,2025-05-08 13:00:00,4.62,2.24,293.2,0.0,85.08,13.54,13.81,14.09,0.24,
54,2025-05-08 14:00:00,5.45,2.71,138.8,0.0,80.88,14.33,14.6,14.76,0.32,
54,2025-05-08 15:00:00,5.82,3.11,177.0,0.1,81.24,14.15,14.33,14.43,0.31,
54,2025-05-08 16:00:00,4.1,1.81,84.3,1.7,90.3,13.37,13.56,13.77,0.15,
54,2025-05-08 17:00:00,3.42,1.38,57.89,1.0,90.4,13.14,13.22,13.36,0.15,
54,2025-05-08 18:00:00,3.8,1.75,37.88,0.4,91.55,12.29,12.59,13.02,0.12,
54,2025-05-08 19:00:00,3.95,1.87,0.42,0.4,93.2,12.08,12.16,12.26,0.1,
54,2025-05-08 20:00:00,2.98,1.09,0.0,1.7,94.53,12.2,12.35,12.47,0.08,
54,2025-05-08 21:00:00,2.98,1.39,0.0,0.2,96.45,12.16,12.22,12.28,0.05,
54,2025-05-08 22:00:00,3.42,1.59,0.0,0.0,96.65,11.77,11.93,12.15,0.05,
54,2025-05-08 23:00:00,3.05,1.45,0.0,0.1,97.1,11.6,11.62,11.66,0.04,
54,2025-05-09 00:00:00,2.52,1.19,0.0,0.0,97.25,11.34,11.46,11.58,0.04,
54,2025-05-09 01:00:00,2.52,0.7,0.0,0.0,97.2,11.33,11.45,11.52,0.04,
54,2025-05-09 02:00:00,2.22,0.89,0.0,0.0,97.8,11.13,11.18,11.26,0.03,
54,2025-05-09 03:00:00,1.85,0.76,0.0,0.0,97.8,11.2,11.25,11.29,0.03,
54,2025-05-09 04:00:00,1.25,0.04,0.0,0.0,97.33,10.48,10.79,11.08,0.04,
54,2025-05-09 05:00:00,1.48,0.25,0.0,0.0,97.53,10.28,10.31,10.33,0.03,
54,2025-05-09 06:00:00,1.4,0.59,0.0,0.0,97.63,10.44,10.5,10.56,0.03,
54,2025-05-09 07:00:00,1.02,0.1,0.0,0.0,97.2,9.46,9.99,10.49,0.03,
54,2025-05-09 08:00:00,0.8,0.02,7.68,0.0,97.23,8.87,9.07,9.36,0.03,
54,2025-05-09 09:00:00,0.65,0.02,55.35,0.1,97.63,8.5,9.0,9.54,0.03,
54,2025-05-09 10:00:00,1.48,0.04,300.5,0.0,97.3,9.95,11.0,12.27,0.04,
54,2025-05-09 11:00:00,1.62,0.28,502.7,0.0,80.27,13.24,15.11,16.07,0.35,
54,2025-05-09 12:00:00,2.82,0.7,636.3,0.0,69.43,16.05,16.66,17.16,0.58,
54,2025-05-09 13:00:00,3.28,1.22,649.6,0.0,68.92,16.86,17.3,17.61,0.61,
54,2025-05-09 14:00:00,2.75,1.03,568.7,0.0,60.63,17.97,18.2,18.31,0.82,
54,2025-05-09 15:00:00,3.05,0.94,479.7,0.0,55.85,19.08,19.25,19.38,0.99,
54,2025-05-09 16:00:00,3.58,1.98,390.5,0.0,53.25,19.38,19.41,19.44,1.05,
54,2025-05-09 17:00:00,4.1,2.29,250.5,0.0,51.67,18.83,19.14,19.35,1.07,
54,2025-05-09 18:00:00,3.35,1.33,99.0,0.0,57.65,16.71,17.82,18.61,0.87,
54,2025-05-09 19:00:00,0.8,0.06,1.76,0.0,71.34,13.55,14.34,15.67,0.47,
54,2025-05-09 20:00:00,1.92,0.98,0.0,0.0,73.03,13.31,13.58,13.82,0.42,
54,2025-05-09 21:00:00,2.38,0.9,0.0,0.0,76.87,12.12,12.76,13.16,0.34,
54,2025-05-09 22:00:00,1.7,0.4,0.0,0.0,83.23,10.79,11.2,11.66,0.22,
54,2025-05-09 23:00:00,2.75,0.87,0.0,0.0,86.15,10.09,10.34,10.5,0.17,
54,2025-05-10 00:00:00,3.88,2.14,0.0,0.0,87.1,10.68,10.74,10.8,0.17,
54,2025-05-10 01:00:00,3.88,2.09,0.0,0.0,89.58,10.67,10.75,10.83,0.14,
54,2025-05-10 02:00:00,3.65,1.42,0.0,0.0,91.3,10.27,10.49,10.59,0.11,
54,2025-05-10 03:00:00,2.22,0.91,0.0,0.0,93.9,9.72,9.8,9.89,0.08,
54,2025-05-10 04:00:00,2.38,0.8,0.0,0.0,93.65,9.44,9.57,9.65,0.08,
54,2025-05-10 05:00:00,2.3,0.29,0.0,0.0,92.05,7.64,9.01,9.88,0.09,
54,2025-05-10 06:00:00,1.32,0.18,0.0,0.0,95.03,7.38,7.97,8.55,0.06,
54,2025-05-10 07:00:00,1.1,0.03,0.0,0.0,94.78,6.58,7.37,8.25,0.06,
54,2025-05-10 08:00:00,2.3,0.42,61.14,0.0,95.43,7.27,7.54,7.65,0.05,
54,2025-05-10 09:00:00,2.82,1.25,214.4,0.0,89.98,8.1,8.6,9.14,0.11,
54,2025-05-10 10:00:00,4.1,1.87,359.8,0.0,82.58,9.52,10.65,11.65,0.22,
54,2025-05-10 11:00:00,5.82,3.31,480.5,0.0,70.05,12.5,13.72,14.74,0.48,
54,2025-05-10 12:00:00,5.38,3.51,551.0,0.0,58.7,15.34,16.31,17.35,0.77,
54,2025-05-10 13:00:00,4.7,2.8,567.0,0.0,50.99,17.97,18.9,19.72,1.08,
54,2025-05-10 14:00:00,4.47,2.48,560.6,0.0,44.23,20.67,21.37,21.94,1.42,
54,2025-05-10 15:00:00,4.85,2.73,506.5,0.0,41.15,22.27,22.69,23.07,1.62,
54,2025-05-10 16:00:00,4.47,2.73,402.5,0.0,41.26,23.29,23.41,23.48,1.69,
54,2025-05-10 17:00:00,5.3,2.65,255.6,0.0,45.58,22.38,22.83,23.18,1.52,
54,2025-05-10 18:00:00,3.05,1.48,99.6,0.0,54.61,19.47,20.87,22.03,1.13,
54,2025-05-10 19:00:00,2.0,0.32,1.62,0.0,67.14,16.38,17.52,18.55,0.67,
54,2025-05-10 20:00:00,2.82,1.25,0.0,0.0,65.3,16.69,17.5,18.04,0.7,
54,2025-05-10 21:00:00,4.03,2.11,0.0,0.0,70.24,15.61,16.29,16.99,0.55,
54,2025-05-10 22:00:00,3.95,1.99,0.0,0.0,73.63,14.4,14.88,15.06,0.45,
54,2025-05-10 23:00:00,4.18,1.63,0.0,0.0,77.34,13.51,14.06,14.62,0.37,
54,2025-05-11 00:00:00,2.15,0.41,0.0,0.0,86.45,11.67,12.1,12.81,0.19,
54,2025-05-11 01:00:00,1.62,0.39,0.0,0.0,90.83,11.06,11.49,11.86,0.13,
54,2025-05-11 02:00:00,3.42,0.95,0.0,0.0,95.28,10.45,10.92,11.32,0.06,
54,2025-05-11 03:00:00,1.48,0.35,0.0,0.0,97.28,10.82,11.0,11.14,0.04,
54,2025-05-11 04:00:00,1.48,0.33,0.0,0.0,97.9,11.27,11.44,11.58,0.03,
54,2025-05-11 05:00:00,2.45,0.89,0.0,0.0,98.0,11.87,12.02,12.11,0.03,
54,2025-05-11 06:00:00,2.08,0.69,0.0,0.1,97.95,12.16,12.23,12.3,0.03,
54,2025-05-11 07:00:00,2.0,0.36,0.0,0.0,97.7,12.23,12.3,12.34,0.03,
54,2025-05-11 08:00:00,1.78,0.41,9.88,0.0,97.55,12.12,12.18,12.24,0.04,
54,2025-05-11 09:00:00,1.62,0.38,38.77,0.0,97.43,12.12,12.24,12.37,0.04,
54,2025-05-11 10:00:00,1.62,0.27,54.27,0.1,97.35,12.13,12.38,12.59,0.04,
54,2025-05-11 11:00:00,2.08,1.06,86.9,0.0,96.93,12.54,12.61,12.73,0.04,
54,2025-05-11 12:00:00,2.68,0.95,168.3,0.0,94.48,12.83,13.15,13.42,0.09,
54,2025-05-11 13:00:00,3.42,1.54,221.0,0.0,91.33,13.48,13.56,13.64,0.14,
54,2025-05-11 14:00:00,2.98,1.46,239.6,0.0,89.18,13.65,13.84,13.96,0.17,
54,2025-05-11 15:00:00,3.5,1.96,278.0,0.0,87.15,14.02,14.09,14.16,0.21,
54,2025-05-11 16:00:00,3.28,1.74,166.0,0.0,84.23,14.31,14.45,14.51,0.26,
54,2025-05-11 17:00:00,2.82,1.2,82.7,0.0,83.65,14.56,14.58,14.61,0.27,
54,2025-05-11 18:00:00,1.32,0.21,32.47,0.0,85.93,13.34,14.15,14.52,0.23,
54,2025-05-11 19:00:00,0.0,0.0,1.33,0.0,92.23,10.24,11.35,12.63,0.11,
54,2025-05-11 20:00:00,0.8,0.01,0.0,0.0,95.48,8.94,9.41,9.94,0.06,
54,2025-05-11 21:00:00,0.95,0.04,0.0,0.0,96.85,7.82,8.03,8.51,0.04,
54,2025-05-11 22:00:00,0.0,0.0,0.0,0.0,97.93,8.29,9.26,10.15,0.02,
54,2025-05-11 23:00:00,0.0,0.0,0.0,0.0,97.93,10.48,11.04,11.4,0.03,
54,2025-05-12 00:00:00,1.62,0.37,0.0,0.0,95.4,11.64,12.01,12.25,0.06,
54,2025-05-12 01:00:00,0.0,0.0,0.0,0.0,95.15,12.17,12.23,12.26,0.07,
54,2025-05-12 02:00:00,1.02,0.13,0.0,0.1,96.4,11.89,12.01,12.13,0.05,
54,2025-05-12 03:00:00,0.88,0.01,0.0,0.0,96.73,11.84,11.9,11.94,0.05,
54,2025-05-12 04:00:00,0.88,0.03,0.0,0.0,96.7,11.78,11.81,11.83,0.04,
54,2025-05-12 05:00:00,1.48,0.37,0.0,0.0,95.2,11.84,11.91,11.96,0.07,
54,2025-05-12 06:00:00,1.25,0.19,0.0,0.0,94.88,11.89,11.9,11.92,0.07,
54,2025-05-12 07:00:00,1.62,0.29,0.0,0.0,94.25,11.87,11.89,11.93,0.08,
54,2025-05-12 08:00:00,1.85,0.69,5.5,0.0,93.45,11.85,11.86,11.89,0.09,
54,2025-05-12 09:00:00,1.92,0.93,38.56,0.0,89.38,11.94,12.06,12.19,0.15,
54,2025-05-12 10:00:00,2.6,0.99,80.5,0.0,83.55,12.31,12.51,12.7,0.24,
54,2025-05-12 11:00:00,2.98,1.47,142.4,0.0,79.89,12.79,12.87,12.96,0.3,
54,2025-05-12 12:00:00,3.58,1.7,188.2,0.0,78.95,13.11,13.21,13.37,0.32,
54,2025-05-12 13:00:00,3.72,1.96,287.3,0.0,73.6,13.51,13.78,14.07,0.42,
54,2025-05-12 14:00:00,2.98,1.14,515.3,0.0,66.94,14.38,15.23,16.37,0.58,
54,2025-05-12 15:00:00,3.35,0.89,484.3,0.0,58.99,16.92,17.3,17.64,0.81,
54,2025-05-12 16:00:00,3.05,0.98,379.6,0.0,57.63,18.15,18.23,18.35,0.89,
54,2025-05-12 17:00:00,3.05,0.92,237.8,0.0,57.43,18.42,18.54,18.66,0.91,
54,2025-05-12 18:00:00,2.15,0.51,86.5,0.0,65.1,15.79,17.13,18.08,0.69,
54,2025-05-12 19:00:00,0.65,0.03,1.17,0.0,82.7,11.81,12.79,14.21,0.26,
54,2025-05-12 20:00:00,0.0,0.0,0.0,0.0,90.23,9.3,10.27,11.37,0.13,
54,2025-05-12 21:00:00,0.42,0.0,0.0,0.0,92.6,8.18,8.56,8.95,0.08,
54,2025-05-12 22:00:00,0.0,0.0,0.0,0.0,95.2,7.14,7.25,7.37,0.05,
54,2025-05-12 23:00:00,0.0,0.0,0.0,0.0,95.65,6.0,6.69,7.14,0.04,
54,2025-05-13 00:00:00,1.02,0.09,0.0,0.0,97.1,5.77,5.92,5.98,0.03,
54,2025-05-13 01:00:00,0.0,0.0,0.0,0.0,97.78,5.32,5.7,6.32,0.02,
54,2025-05-13 02:00:00,0.0,0.0,0.0,0.0,97.85,5.84,6.15,6.48,0.02,
54,2025-05-13 03:00:00,0.0,0.0,0.0,0.0,97.83,5.38,5.53,5.77,0.02,
54,2025-05-13 04:00:00,0.0,0.0,0.0,0.1,98.0,5.4,5.66,5.78,0.02,
54,2025-05-13 05:00:00,0.0,0.0,0.0,0.0,98.1,5.12,5.52,5.98,0.02,
54,2025-05-13 06:00:00,0.0,0.0,0.0,0.0,98.25,6.43,6.69,6.88,0.02,
54,2025-05-13 07:00:00,0.0,0.0,0.0,0.1,98.28,6.92,7.04,7.15,0.02,
54,2025-05-13 08:00:00,1.1,0.19,14.1,0.0,98.28,7.0,7.07,7.16,0.02,
54,2025-05-13 09:00:00,2.22,0.62,56.12,0.0,98.38,7.07,7.23,7.33,0.02,
54,2025-05-13 10:00:00,1.48,0.18,115.4,0.0,98.38,7.39,7.63,7.89,0.02,
54,2025-05-13 11:00:00,1.32,0.14,165.0,0.0,98.3,8.08,8.34,8.58,0.02,
54,2025-05-13 12:00:00,1.1,0.11,212.2,0.0,98.25,8.87,9.18,9.6,0.02,
54,2025-05-13 13:00:00,1.55,0.31,255.3,0.0,96.78,9.89,10.19,10.56,0.04,
54,2025-05-13 14:00:00,2.15,0.57,451.6,0.0,85.2,11.13,11.99,12.75,0.21,
54,2025-05-13 15:00:00,3.12,1.32,464.6,0.1,78.27,13.24,13.54,13.69,0.34,
54,2025-05-13 16:00:00,2.38,0.84,332.3,0.0,72.32,14.22,14.73,15.17,0.47,
54,2025-05-13 17:00:00,2.6,1.15,225.1,0.0,74.74,14.5,14.85,15.48,0.43,
54,2025-05-13 18:00:00,2.22,1.25,62.64,0.0,80.88,12.86,13.71,14.15,0.3,
54,2025-05-13 19:00:00,1.55,0.38,1.06,0.0,90.45,10.84,11.46,12.18,0.13,
54,2025-05-13 20:00:00,0.72,0.01,0.0,0.0,93.63,8.96,9.93,10.55,0.08,
54,2025-05-13 21:00:00,0.0,0.0,0.0,0.0,95.65,7.66,8.03,8.57,0.05,
54,2025-05-13 22:00:00,0.8,0.08,0.0,0.0,96.83,6.75,7.09,7.4,0.04,
54,2025-05-13 23:00:00,0.8,0.01,0.0,0.0,97.83,6.78,6.93,7.04,0.02,
54,2025-05-14 00:00:00,0.35,0.0,0.0,0.0,98.03,6.89,6.99,7.07,0.02,
54,2025-05-14 01:00:00,1.7,0.82,0.0,0.0,98.2,6.68,6.85,6.96,0.02,
54,2025-05-14 02:00:00,0.57,0.0,0.0,0.0,98.3,6.41,6.51,6.59,0.02,
54,2025-05-14 03:00:00,0.8,0.01,0.0,0.1,98.33,6.31,6.33,6.36,0.02,
54,2025-05-14 04:00:00,0.72,0.01,0.0,0.0,98.4,6.31,6.41,6.5,0.02,
54,2025-05-14 05:00:00,0.72,0.01,0.0,0.0,98.4,6.27,6.32,6.41,0.02,
54,2025-05-14 06:00:00,1.7,0.55,0.0,0.1,98.48,6.46,6.5,6.53,0.01,
54,2025-05-14 07:00:00,1.85,0.17,0.0,0.0,98.5,6.51,6.63,6.72,0.01,
54,2025-05-14 08:00:00,0.0,0.0,7.22,0.0,98.5,6.78,6.92,7.06,0.02,
54,2025-05-14 09:00:00,0.0,0.0,49.06,0.0,98.5,7.16,7.37,7.64,0.02,
54,2025-05-14 10:00:00,0.0,0.0,72.56,0.0,98.5,7.88,8.21,8.52,0.02,
54,2025-05-14 11:00:00,1.62,0.18,125.3,0.0,98.55,8.74,9.17,9.56,0.02,
54,2025-05-14 12:00:00,2.15,1.04,213.1,0.0,98.55,9.99,10.65,11.29,0.02,
54,2025-05-14 13:00:00,3.28,1.65,197.9,0.0,94.98,11.89,12.5,13.03,0.07,
54,2025-05-14 14:00:00,3.95,1.86,137.3,0.0,89.3,13.3,13.61,13.9,0.17,
54,2025-05-14 15:00:00,4.4,2.07,102.5,0.0,85.6,14.03,14.26,14.35,0.24,
54,2025-05-14 16:00:00,3.35,1.81,92.6,0.0,83.6,14.35,14.52,14.76,0.27,
54,2025-05-14 17:00:00,2.68,1.19,159.5,0.0,75.45,14.93,15.49,16.19,0.44,
54,2025-05-14 18:00:00,0.95,0.13,85.7,0.0,80.45,13.3,15.07,16.08,0.34,
54,2025-05-14 19:00:00,1.18,0.05,1.08,0.0,93.73,10.57,11.42,12.17,0.09,
54,2025-05-14 20:00:00,0.0,0.0,0.0,0.0,95.93,8.26,9.21,9.83,0.05,
54,2025-05-14 21:00:00,0.8,0.02,0.0,0.0,97.25,7.51,8.01,8.36,0.03,
54,2025-05-14 22:00:00,0.5,0.0,0.0,0.0,97.45,6.67,6.89,7.23,0.03,
54,2025-05-14 23:00:00,1.02,0.05,0.0,0.0,97.5,5.51,6.07,6.81,0.02,
54,2025-05-15 00:00:00,1.25,0.18,0.0,0.0,98.15,6.28,7.13,7.63,0.02,
54,2025-05-15 01:00:00,0.0,0.0,0.0,0.0,97.75,5.3,6.16,7.11,0.02,
54,2025-05-15 02:00:00,0.0,0.0,0.0,0.1,97.78,3.87,4.53,4.98,0.02,
54,2025-05-15 03:00:00,0.5,0.01,0.0,0.0,98.18,4.07,5.46,6.29,0.02,
54,2025-05-15 04:00:00,0.8,0.05,0.0,0.0,97.95,4.5,4.88,5.44,0.02,
54,2025-05-15 05:00:00,0.42,0.0,0.0,0.0,97.88,3.27,3.9,4.34,0.02,
54,2025-05-15 06:00:00,0.0,0.0,0.0,0.0,97.9,2.7,2.88,3.1,0.02,
54,2025-05-15 07:00:00,0.57,0.01,0.0,0.0,98.0,2.75,3.05,3.29,0.02,
54,2025-05-15 08:00:00,1.02,0.04,10.02,0.1,98.05,2.7,3.02,3.35,0.01,
54,2025-05-15 09:00:00,1.25,0.09,89.6,0.0,98.35,3.33,4.63,5.72,0.01,
54,2025-05-15 10:00:00,1.25,0.27,176.0,0.0,98.38,6.26,6.74,7.17,0.02,
54,2025-05-15 11:00:00,1.32,0.23,363.4,0.0,97.65,7.56,8.28,9.14,0.03,
54,2025-05-15 12:00:00,2.9,1.2,520.9,0.0,85.28,10.01,11.07,11.6,0.2,
54,2025-05-15 13:00:00,3.35,1.68,533.6,0.0,77.68,11.81,12.64,13.69,0.33,
54,2025-05-15 14:00:00,4.85,2.36,526.7,0.0,64.39,14.62,15.48,16.2,0.63,
54,2025-05-15 15:00:00,4.18,2.44,474.0,0.0,56.63,16.61,17.11,17.5,0.85,
54,2025-05-15 16:00:00,4.03,2.27,368.2,0.0,52.61,17.7,17.84,17.93,0.97,
54,2025-05-15 17:00:00,3.42,1.94,223.0,0.0,53.54,17.31,17.64,17.86,0.94,
54,2025-05-15 18:00:00,2.38,0.38,68.2,0.0,61.68,14.54,15.9,16.94,0.7,
54,2025-05-15 19:00:00,0.5,0.01,0.86,0.0,77.87,10.56,11.91,13.31,0.32,
54,2025-05-15 20:00:00,0.0,0.0,0.0,0.0,88.05,8.54,9.29,9.85,0.14,
54,2025-05-15 21:00:00,1.1,0.04,0.0,0.0,93.08,7.33,7.75,8.0,0.08,
54,2025-05-15 22:00:00,1.25,0.14,0.0,0.0,93.08,6.19,6.85,7.58,0.07,
54,2025-05-15 23:00:00,0.5,0.01,0.0,0.0,95.28,5.86,6.19,6.56,0.05,
54,2025-05-16 00:00:00,0.0,0.0,0.0,0.0,95.05,4.87,5.1,5.51,0.05,
54,2025-05-16 01:00:00,0.88,0.06,0.0,0.0,96.48,4.16,4.24,4.42,0.03,
54,2025-05-16 02:00:00,1.18,0.08,0.0,0.0,97.33,3.71,4.01,4.24,0.02,
54,2025-05-16 03:00:00,1.4,0.37,0.0,0.0,98.08,4.57,4.92,5.32,0.02,
54,2025-05-16 04:00:00,1.25,0.3,0.0,0.0,98.28,4.76,4.87,4.94,0.01,
54,2025-05-16 05:00:00,0.95,0.04,0.0,0.1,98.33,5.01,5.12,5.19,0.01,
54,2025-05-16 06:00:00,0.8,0.01,0.0,0.0,98.4,4.94,5.06,5.15,0.01,
54,2025-05-16 07:00:00,1.32,0.13,0.0,0.0,98.4,5.24,5.43,5.56,0.01,
54,2025-05-16 08:00:00,1.85,0.5,10.58,0.1,98.4,4.64,4.73,4.86,0.01,
54,2025-05-16 09:00:00,1.7,0.49,69.8,0.0,98.48,4.67,5.06,5.53,0.01,
54,2025-05-16 10:00:00,2.0,0.59,136.3,0.0,98.5,5.66,6.0,6.33,0.01,
54,2025-05-16 11:00:00,1.78,0.49,242.9,0.0,98.6,6.6,7.11,7.59,0.01,
54,2025-05-16 12:00:00,2.15,0.89,256.9,0.0,98.6,7.78,8.31,8.76,0.02,
54,2025-05-16 13:00:00,2.52,1.22,488.0,0.0,96.73,9.03,9.89,10.83,0.04,
54,2025-05-16 14:00:00,2.68,1.28,512.2,0.0,76.87,12.11,13.77,15.33,0.37,
54,2025-05-16 15:00:00,3.12,1.48,433.9,0.0,65.13,15.58,15.98,16.14,0.64,
54,2025-05-16 16:00:00,2.98,1.39,361.4,0.0,61.58,16.81,16.89,17.03,0.74,
54,2025-05-16 17:00:00,3.72,1.46,101.8,0.0,62.53,16.15,16.43,16.55,0.7,
54,2025-05-16 18:00:00,2.75,1.47,53.68,0.0,64.39,14.88,15.22,15.72,0.62,
54,2025-05-16 19:00:00,2.68,1.16,0.09,0.0,64.79,15.01,15.14,15.22,0.61,
54,2025-05-16 20:00:00,1.92,0.54,0.0,0.0,69.99,13.62,14.25,14.82,0.49,
54,2025-05-16 21:00:00,1.92,0.75,0.0,0.0,74.57,12.67,12.91,13.2,0.38,
54,2025-05-16 22:00:00,2.98,1.46,0.0,0.0,73.69,12.42,13.0,13.51,0.4,
54,2025-05-16 23:00:00,3.72,1.61,0.0,0.0,76.79,12.27,12.34,12.38,0.33,
54,2025-05-17 00:00:00,3.5,1.14,0.0,0.0,76.4,12.07,12.21,12.34,0.34,
54,2025-05-17 01:00:00,6.72,2.71,0.0,0.0,75.48,12.07,12.31,12.47,0.35,
54,2025-05-17 02:00:00,5.98,3.27,0.0,0.0,74.3,12.7,12.79,12.83,0.38,
54,2025-05-17 03:00:00,7.18,3.72,0.0,0.0,73.91,12.74,12.81,12.86,0.39,
54,2025-05-17 04:00:00,7.18,3.95,0.0,0.0,73.14,12.81,12.99,13.11,0.4,
54,2025-05-17 05:00:00,6.8,3.73,0.0,0.0,83.22,11.4,12.29,12.97,0.24,
54,2025-05-17 06:00:00,8.22,4.19,0.0,0.0,87.7,11.31,11.55,11.72,0.17,
54,2025-05-17 07:00:00,7.48,3.79,0.0,1.9,90.65,11.56,11.61,11.65,0.13,
54,2025-05-17 08:00:00,7.92,4.09,1.16,0.7,89.7,11.8,11.98,12.15,0.15,
54,2025-05-17 09:00:00,5.82,2.28,9.67,9.2,92.9,10.48,11.3,12.02,0.1,
54,2025-05-17 10:00:00,3.05,1.09,21.83,4.1,94.43,10.01,10.22,10.4,0.07,
54,2025-05-17 11:00:00,2.9,1.27,42.92,3.3,94.83,9.85,9.87,9.88,0.06,
54,2025-05-17 12:00:00,2.0,0.68,69.72,3.4,94.68,9.82,9.89,9.99,0.07,
54,2025-05-17 13:00:00,2.08,0.86,75.02,2.1,94.68,9.99,10.04,10.1,0.07,
54,2025-05-17 14:00:00,3.28,1.59,55.51,3.2,96.33,9.88,9.92,9.99,0.05,
54,2025-05-17 15:00:00,4.4,2.23,308.8,0.0,93.43,9.9,10.31,10.73,0.08,
54,2025-05-17 16:00:00,5.15,2.53,291.3,0.0,90.15,10.7,10.86,11.12,0.13,
54,2025-05-17 17:00:00,4.62,2.31,209.0,0.0,88.43,10.78,11.06,11.28,0.15,
54,2025-05-17 18:00:00,4.78,2.15,82.5,0.0,88.95,9.93,10.47,10.9,0.14,
54,2025-05-17 19:00:00,2.82,0.92,0.6,0.0,89.43,9.01,9.37,9.67,0.13,
54,2025-05-17 20:00:00,0.95,0.12,0.0,0.0,92.65,7.63,8.07,8.5,0.08,
54,2025-05-17 21:00:00,1.62,0.56,0.0,0.0,95.5,6.07,6.63,6.99,0.05,
54,2025-05-17 22:00:00,1.25,0.41,0.0,0.0,96.83,5.41,5.66,6.01,0.03,
54,2025-05-17 23:00:00,1.18,0.37,0.0,0.0,97.43,4.8,5.02,5.36,0.02,
54,2025-05-18 00:00:00,0.8,0.08,0.0,0.0,97.3,3.68,3.99,4.42,0.02,
54,2025-05-18 01:00:00,0.57,0.01,0.0,0.0,97.38,3.1,3.4,3.82,0.02,
54,2025-05-18 02:00:00,1.25,0.44,0.0,0.0,97.63,2.79,3.17,3.5,0.02,
54,2025-05-18 03:00:00,1.92,0.69,0.0,0.0,97.78,2.89,3.09,3.37,0.02,
54,2025-05-18 04:00:00,1.55,0.51,0.0,0.0,98.0,3.3,3.45,3.57,0.02,
54,2025-05-18 05:00:00,1.55,0.45,0.0,0.1,98.18,3.67,4.05,4.3,0.01,
54,2025-05-18 06:00:00,1.62,0.57,0.0,0.0,98.25,4.33,4.43,4.64,0.01,
54,2025-05-18 07:00:00,1.48,0.37,0.0,0.0,98.28,4.46,4.76,4.94,0.01,
54,2025-05-18 08:00:00,1.18,0.08,8.21,0.1,98.2,3.42,3.71,3.85,0.01,
54,2025-05-18 09:00:00,1.25,0.33,104.6,0.0,98.4,3.8,4.35,4.84,0.01,
54,2025-05-18 10:00:00,1.7,0.45,166.9,0.0,98.5,5.11,5.71,6.24,0.01,
54,2025-05-18 11:00:00,4.1,1.87,300.2,0.0,97.2,6.49,7.13,7.67,0.03,
54,2025-05-18 12:00:00,4.03,2.32,541.3,0.0,87.13,7.94,8.4,9.07,0.14,
54,2025-05-18 13:00:00,2.82,1.43,639.5,0.0,79.8,9.04,9.41,10.22,0.24,
54,2025-05-18 14:00:00,4.4,1.44,644.3,0.0,70.12,11.22,12.25,13.12,0.43,
54,2025-05-18 15:00:00,4.25,2.27,400.3,0.0,66.3,13.0,13.16,13.28,0.51,
54,2025-05-18 16:00:00,3.58,1.85,160.4,0.0,67.01,12.22,12.67,13.1,0.49,
54,2025-05-18 17:00:00,2.75,1.25,51.22,0.0,75.75,11.53,11.79,12.05,0.34,
54,2025-05-18 18:00:00,3.65,1.95,28.7,0.0,76.87,10.95,11.16,11.38,0.31,
54,2025-05-18 19:00:00,4.55,2.0,0.05,0.0,78.1,10.25,10.53,10.83,0.28,
54,2025-05-18 20:00:00,1.92,0.44,0.0,0.0,84.28,9.47,9.73,10.0,0.19,
54,2025-05-18 21:00:00,1.85,0.49,0.0,0.0,88.28,9.01,9.11,9.15,0.14,
54,2025-05-18 22:00:00,1.92,0.33,0.0,0.0,88.8,8.94,9.05,9.17,0.13,
54,2025-05-18 23:00:00,1.1,0.2,0.0,0.0,90.08,8.7,8.95,9.16,0.11,
54,2025-05-19 00:00:00,1.48,0.46,0.0,0.0,92.53,8.35,8.47,8.61,0.08,
54,2025-05-19 01:00:00,0.95,0.11,0.0,0.0,91.75,7.86,8.23,8.56,0.09,
54,2025-05-19 02:00:00,0.95,0.06,0.0,0.0,94.73,7.35,7.49,7.66,0.06,
54,2025-05-19 03:00:00,1.48,0.27,0.0,0.0,95.0,7.15,7.23,7.33,0.05,
54,2025-05-19 04:00:00,1.7,0.47,0.0,0.0,93.8,7.24,7.39,7.62,0.06,
54,2025-05-19 05:00:00,1.48,0.16,0.0,0.0,89.93,7.97,8.0,8.06,0.11,
54,2025-05-19 06:00:00,2.22,0.52,0.0,0.0,92.5,6.53,7.02,7.93,0.08,
54,2025-05-19 07:00:00,3.12,0.88,0.0,0.0,93.28,5.93,6.23,6.61,0.07,
54,2025-05-19 08:00:00,2.98,1.25,23.39,0.0,93.6,5.46,5.77,6.0,0.06,
54,2025-05-19 09:00:00,4.25,1.53,180.1,0.0,88.88,5.54,6.33,7.02,0.11,
54,2025-05-19 10:00:00,4.03,2.55,323.5,0.0,86.58,7.05,7.31,7.63,0.14,
54,2025-05-19 11:00:00,3.8,2.3,440.1,0.0,85.63,7.63,8.14,8.71,0.16,
54,2025-05-19 12:00:00,3.28,1.88,511.2,0.0,79.14,9.61,10.48,11.39,0.26,
54,2025-05-19 13:00:00,4.4,2.49,532.3,0.0,66.67,12.12,12.82,13.59,0.5,
54,2025-05-19 14:00:00,5.0,3.21,515.6,0.0,61.64,13.91,14.36,14.78,0.63,
54,2025-05-19 15:00:00,5.6,3.44,468.0,0.0,55.29,15.07,15.2,15.37,0.77,
54,2025-05-19 16:00:00,4.7,2.93,346.1,0.0,54.51,14.8,15.04,15.25,0.78,
54,2025-05-19 17:00:00,3.42,2.02,107.8,0.0,60.16,13.78,14.1,14.3,0.64,
54,2025-05-19 18:00:00,3.5,1.49,72.8,0.0,63.84,12.45,13.2,13.73,0.55,
54,2025-05-19 19:00:00,2.68,1.24,0.19,0.0,70.76,10.79,11.3,11.87,0.39,
54,2025-05-19 20:00:00,2.6,1.37,0.0,0.0,72.65,10.26,10.44,10.68,0.35,
54,2025-05-19 21:00:00,3.72,1.53,0.0,0.0,69.2,10.48,10.62,10.83,0.4,
54,2025-05-19 22:00:00,3.35,1.28,0.0,0.0,66.61,10.64,10.82,10.97,0.43,
54,2025-05-19 23:00:00,2.15,0.63,0.0,0.0,68.33,10.04,10.34,10.61,0.4,
54,2025-05-20 00:00:00,2.08,0.79,0.0,0.0,71.81,9.51,9.74,9.98,0.34,
54,2025-05-20 01:00:00,3.05,1.12,0.0,0.0,73.01,9.47,9.53,9.6,0.32,
54,2025-05-20 02:00:00,3.35,0.68,0.0,0.0,76.48,8.88,9.25,9.6,0.27,
54,2025-05-20 03:00:00,2.6,0.92,0.0,0.0,78.48,8.65,8.74,8.83,0.24,
54,2025-05-20 04:00:00,3.42,1.6,0.0,0.0,79.13,8.37,8.52,8.75,0.23,
54,2025-05-20 05:00:00,2.75,1.04,0.0,0.0,80.88,8.16,8.25,8.34,0.21,
54,2025-05-20 06:00:00,3.05,0.55,0.0,0.0,83.2,7.46,7.72,8.01,0.18,
54,2025-05-20 07:00:00,2.6,0.21,0.0,0.0,84.3,7.2,7.29,7.38,0.16,
54,2025-05-20 08:00:00,0.88,0.02,9.71,0.0,86.78,6.51,6.69,7.03,0.13,
54,2025-05-20 09:00:00,1.02,0.09,80.6,0.0,88.23,6.31,6.54,6.96,0.11,
54,2025-05-20 10:00:00,2.38,0.67,240.5,0.0,75.08,7.67,8.76,9.56,0.28,
54,2025-05-20 11:00:00,2.75,1.25,435.0,0.0,65.71,9.95,10.86,11.91,0.45,
54,2025-05-20 12:00:00,2.52,0.79,501.1,0.0,58.52,12.38,13.02,13.58,0.62,
54,2025-05-20 13:00:00,2.08,0.86,506.1,0.0,58.19,13.86,14.45,14.85,0.69,
54,2025-05-20 14:00:00,2.3,0.68,455.6,0.0,53.5,15.12,15.65,16.4,0.83,
54,2025-05-20 15:00:00,2.45,0.8,369.6,0.0,55.43,16.18,16.43,16.85,0.84,
54,2025-05-20 16:00:00,2.68,0.94,146.7,0.0,59.3,15.66,15.89,16.04,0.73,
54,2025-05-20 17:00:00,1.02,0.03,47.76,0.0,63.33,15.23,15.4,15.57,0.64,
54,2025-05-20 18:00:00,1.4,0.26,15.27,0.0,73.09,13.6,14.35,15.09,0.45,
54,2025-05-20 19:00:00,2.08,0.83,0.02,0.0,77.23,13.2,13.41,13.55,0.35,
54,2025-05-20 20:00:00,2.9,1.01,0.0,0.0,77.8,13.06,13.23,13.39,0.34,
54,2025-05-20 21:00:00,1.4,0.45,0.0,0.0,79.49,12.89,12.97,13.08,0.31,
54,2025-05-20 22:00:00,2.38,0.46,0.0,0.0,80.62,12.67,12.77,12.89,0.29,
54,2025-05-20 23:00:00,3.65,1.65,0.0,0.0,75.3,13.36,13.58,13.98,0.39,
54,2025-05-21 00:00:00,3.05,1.09,0.0,0.0,80.94,12.55,13.16,14.0,0.29,
54,2025-05-21 01:00:00,1.25,0.27,0.0,0.0,89.55,10.27,11.26,12.14,0.14,
54,2025-05-21 02:00:00,0.57,0.0,0.0,0.0,94.48,8.25,8.87,9.49,0.07,
54,2025-05-21 03:00:00,1.32,0.05,0.0,0.0,96.13,6.87,7.38,7.76,0.04,
54,2025-05-21 04:00:00,0.8,0.07,0.0,0.0,96.68,5.65,6.49,7.03,0.03,
54,2025-05-21 05:00:00,1.55,0.07,0.0,0.0,96.25,4.99,5.44,6.03,0.04,
54,2025-05-21 06:00:00,0.8,0.03,0.0,0.0,96.8,4.6,4.8,4.86,0.03,
54,2025-05-21 07:00:00,0.72,0.01,0.0,0.0,96.75,4.12,4.3,4.74,0.03,
54,2025-05-21 08:00:00,1.25,0.28,20.63,0.0,97.53,3.62,3.91,4.46,0.02,
54,2025-05-21 09:00:00,2.3,0.95,179.9,0.0,94.33,5.28,6.57,7.24,0.06,
54,2025-05-21 10:00:00,3.12,1.2,312.7,0.0,89.0,7.5,8.47,10.09,0.13,
54,2025-05-21 11:00:00,3.35,1.67,424.6,0.0,75.41,11.26,12.43,13.77,0.36,
54,2025-05-21 12:00:00,4.55,2.51,491.7,0.0,62.14,14.91,16.1,17.16,0.7,
54,2025-05-21 13:00:00,4.7,2.68,510.8,0.0,56.72,17.71,18.23,18.68,0.91,
54,2025-05-21 14:00:00,5.22,2.87,504.0,0.0,58.05,19.0,19.2,19.43,0.94,
54,2025-05-21 15:00:00,5.0,3.28,409.6,0.0,58.7,19.11,19.28,19.5,0.92,
54,2025-05-21 16:00:00,5.15,3.01,387.6,0.0,59.05,19.04,19.34,19.68,0.92,
54,2025-05-21 17:00:00,5.45,3.27,219.4,0.0,62.05,18.17,18.58,18.93,0.81,
54,2025-05-21 18:00:00,5.45,2.98,83.1,0.0,69.21,15.58,16.59,17.6,0.59,
54,2025-05-21 19:00:00,3.58,2.22,0.49,0.0,76.98,13.98,14.49,15.13,0.38,
54,2025-05-21 20:00:00,4.18,2.26,0.0,0.0,79.6,12.51,13.19,13.69,0.31,
54,2025-05-21 21:00:00,3.12,1.85,0.0,0.0,83.73,11.43,11.84,12.23,0.23,
54,2025-05-21 22:00:00,3.72,1.98,0.0,0.0,81.92,11.31,11.43,11.58,0.25,
54,2025-05-21 23:00:00,5.22,2.68,0.0,0.0,77.4,10.7,11.05,11.36,0.3,
54,2025-05-22 00:00:00,4.92,2.65,0.0,0.0,79.67,9.57,10.02,10.49,0.25,
54,2025-05-22 01:00:00,3.12,0.9,0.0,0.0,82.35,8.67,9.02,9.33,0.21,
54,2025-05-22 02:00:00,4.1,1.4,0.0,0.0,82.7,8.53,8.59,8.64,0.2,
54,2025-05-22 03:00:00,2.82,0.79,0.0,0.0,84.63,7.76,8.03,8.45,0.17,
54,2025-05-22 04:00:00,1.92,0.36,0.0,0.0,86.73,6.7,7.18,7.61,0.14,
54,2025-05-22 05:00:00,1.85,0.48,0.0,0.0,88.05,6.34,6.4,6.5,0.12,
54,2025-05-22 06:00:00,1.55,0.46,0.0,0.0,91.6,4.81,5.31,5.91,0.08,
54,2025-05-22 07:00:00,1.02,0.12,0.0,0.0,94.3,4.0,4.47,5.18,0.05,
54,2025-05-22 08:00:00,0.8,0.03,20.03,0.0,95.33,1.86,2.84,4.01,0.04,
54,2025-05-22 09:00:00,1.48,0.39,178.2,0.0,92.7,2.28,3.75,4.91,0.06,
54,2025-05-22 10:00:00,1.4,0.4,321.0,0.0,84.06,4.76,6.36,7.72,0.16,
54,2025-05-22 11:00:00,2.68,0.82,358.1,0.0,71.04,8.82,9.51,10.23,0.34,
54,2025-05-22 12:00:00,3.28,1.63,388.2,0.0,69.42,10.04,10.35,10.71,0.39,
54,2025-05-22 13:00:00,2.98,1.13,428.2,0.0,65.42,11.14,11.74,12.32,0.48,
54,2025-05-22 14:00:00,2.75,0.9,356.2,0.0,62.07,12.86,12.99,13.27,0.57,
54,2025-05-22 15:00:00,1.92,0.5,247.4,0.0,60.5,13.57,13.8,13.99,0.62,
54,2025-05-22 16:00:00,1.62,0.15,275.7,0.0,57.92,14.08,14.72,15.55,0.71,
54,2025-05-22 17:00:00,1.62,0.45,139.6,0.0,61.41,13.96,14.6,15.41,0.64,
54,2025-05-22 18:00:00,2.22,0.35,40.56,0.0,77.0,11.52,12.34,13.2,0.33,
54,2025-05-22 19:00:00,0.88,0.09,0.21,0.0,86.48,8.6,9.55,10.86,0.16,
54,2025-05-22 20:00:00,1.02,0.11,0.0,0.0,92.63,7.28,7.66,8.06,0.08,
54,2025-05-22 21:00:00,0.42,0.0,0.0,0.0,94.35,6.56,6.81,7.11,0.06,
54,2025-05-22 22:00:00,1.1,0.29,0.0,0.0,95.25,6.33,6.39,6.5,0.04,
54,2025-05-22 23:00:00,1.7,0.31,0.0,0.0,96.15,6.4,6.48,6.58,0.04,
54,2025-05-23 00:00:00,1.7,0.25,0.0,0.0,96.45,5.83,6.16,6.53,0.03,
54,2025-05-23 01:00:00,1.1,0.15,0.0,0.0,96.53,4.32,5.1,5.67,0.03,
54,2025-05-23 02:00:00,0.95,0.08,0.0,0.0,96.83,2.74,3.37,3.82,0.03,
54,2025-05-23 03:00:00,1.1,0.09,0.0,0.0,97.5,2.4,2.49,2.59,0.02,
54,2025-05-23 04:00:00,1.18,0.15,0.0,0.0,97.63,1.64,1.76,2.01,0.02,
54,2025-05-23 05:00:00,1.18,0.22,0.0,0.0,97.6,0.76,1.03,1.43,0.02,
54,2025-05-23 06:00:00,0.88,0.06,0.0,0.0,97.73,0.29,0.62,0.9,0.01,
54,2025-05-23 07:00:00,0.0,0.0,0.0,0.0,97.85,0.26,0.44,0.61,0.01,
54,2025-05-23 08:00:00,1.18,0.12,5.1,0.0,97.85,0.49,0.56,0.62,0.01,
54,2025-05-23 09:00:00,0.28,0.0,90.4,0.0,98.03,0.62,1.05,1.4,0.01,
54,2025-05-23 10:00:00,1.02,0.07,195.1,0.1,98.15,1.71,2.48,3.36,0.01,
54,2025-05-23 11:00:00,1.85,0.32,294.1,0.0,98.1,3.71,4.43,5.46,0.02,
54,2025-05-23 12:00:00,1.92,0.69,480.7,0.0,93.55,5.89,7.09,8.51,0.07,
54,2025-05-23 13:00:00,2.9,1.13,507.9,0.0,70.19,10.09,11.34,12.59,0.4,
54,2025-05-23 14:00:00,2.82,0.95,498.0,0.0,61.48,12.92,14.12,15.08,0.62,
54,2025-05-23 15:00:00,3.72,1.71,511.8,0.0,53.75,15.4,16.0,16.42,0.84,
54,2025-05-23 16:00:00,3.95,2.27,197.6,0.0,57.68,14.67,15.19,15.68,0.73,
54,2025-05-23 17:00:00,4.47,2.44,95.6,0.0,66.4,13.06,13.68,14.21,0.53,
54,2025-05-23 18:00:00,4.1,1.57,10.19,0.3,80.78,10.64,11.65,12.37,0.27,
54,2025-05-23 19:00:00,2.6,1.33,0.1,1.0,93.15,9.34,9.75,10.26,0.08,
54,2025-05-23 20:00:00,2.38,0.85,0.0,0.1,95.4,9.16,9.22,9.27,0.05,
54,2025-05-23 21:00:00,2.52,0.94,0.0,0.1,95.88,9.15,9.2,9.29,0.05,
54,2025-05-23 22:00:00,2.38,0.56,0.0,0.0,93.23,8.68,8.97,9.16,0.08,
54,2025-05-23 23:00:00,2.45,0.9,0.0,0.0,93.25,7.83,8.21,8.6,0.08,
54,2025-05-24 00:00:00,1.25,0.35,0.0,0.0,95.68,6.69,6.93,7.42,0.04,
54,2025-05-24 01:00:00,3.65,1.48,0.0,0.0,96.63,6.08,6.45,6.62,0.04,
54,2025-05-24 02:00:00,3.5,1.8,0.0,0.1,97.88,5.87,5.89,5.91,0.02,
54,2025-05-24 03:00:00,2.75,1.32,0.0,0.0,98.1,5.73,5.88,5.97,0.02,
54,2025-05-24 04:00:00,2.38,1.2,0.0,0.0,98.18,5.3,5.51,5.67,0.02,
54,2025-05-24 05:00:00,2.08,0.79,0.0,0.0,98.25,4.94,5.03,5.11,0.02,
54,2025-05-24 06:00:00,2.52,0.99,0.0,0.0,98.3,4.77,4.87,4.99,0.01,
54,2025-05-24 07:00:00,1.85,0.88,0.0,0.0,98.4,5.08,5.29,5.47,0.01,
54,2025-05-24 08:00:00,2.0,0.56,3.17,0.1,98.48,5.54,5.76,6.0,0.01,
54,2025-05-24 09:00:00,1.55,0.67,36.1,0.0,98.5,5.84,5.93,6.06,0.01,
54,2025-05-24 10:00:00,1.7,0.42,69.93,0.0,98.5,6.29,6.5,6.61,0.01,
54,2025-05-24 11:00:00,2.22,0.84,106.5,0.0,98.5,6.64,6.72,6.81,0.01,
54,2025-05-24 12:00:00,2.38,0.98,127.6,0.0,98.5,7.01,7.16,7.32,0.02,
54,2025-05-24 13:00:00,1.92,0.43,138.2,0.0,98.45,7.59,7.76,7.88,0.02,
54,2025-05-24 14:00:00,2.3,0.52,150.6,0.0,98.25,7.91,8.09,8.3,0.02,
54,2025-05-24 15:00:00,1.92,0.76,129.9,0.0,96.95,8.56,8.69,8.85,0.03,
54,2025-05-24 16:00:00,1.78,0.6,100.9,0.0,95.45,8.94,9.07,9.22,0.06,
54,2025-05-24 17:00:00,2.68,0.69,59.74,0.0,95.58,8.9,9.08,9.16,0.05,
54,2025-05-24 18:00:00,1.7,0.45,18.13,0.0,96.73,8.65,8.73,8.84,0.04,
54,2025-05-24 19:00:00,1.25,0.25,0.06,0.0,97.53,8.47,8.59,8.72,0.03,
54,2025-05-24 20:00:00,2.38,0.37,0.0,0.0,97.9,8.16,8.34,8.45,0.02,
54,2025-05-24 21:00:00,0.88,0.03,0.0,0.0,98.1,8.12,8.14,8.16,0.02,
54,2025-05-24 22:00:00,1.4,0.31,0.0,0.1,98.18,7.82,7.93,8.02,0.02,
54,2025-05-24 23:00:00,1.02,0.1,0.0,0.0,98.23,7.63,7.72,7.82,0.02,
54,2025-05-25 00:00:00,2.22,0.76,0.0,0.0,98.3,7.28,7.51,7.65,0.02,
54,2025-05-25 01:00:00,2.08,0.68,0.0,0.0,98.4,7.15,7.28,7.36,0.02,
54,2025-05-25 02:00:00,1.92,0.69,0.0,0.1,98.48,6.91,6.99,7.05,0.02,
54,2025-05-25 03:00:00,2.45,0.99,0.0,0.0,98.5,6.82,6.99,7.11,0.02,
54,2025-05-25 04:00:00,2.45,0.91,0.0,0.0,98.53,6.65,6.76,6.82,0.01,
54,2025-05-25 05:00:00,2.52,0.93,0.0,0.0,98.6,6.71,6.76,6.8,0.01,
54,2025-05-25 06:00:00,3.5,1.91,0.0,0.0,98.6,6.27,6.45,6.71,0.01,
54,2025-05-25 07:00:00,4.32,2.19,0.0,0.0,98.6,6.26,6.34,6.47,0.01,
54,2025-05-25 08:00:00,3.5,1.88,4.26,0.1,98.68,6.27,6.36,6.44,0.01,
54,2025-05-25 09:00:00,4.25,1.94,19.22,0.0,98.7,6.62,6.71,6.91,0.01,
54,2025-05-25 10:00:00,5.15,2.13,46.11,0.0,97.75,7.29,8.0,8.92,0.02,
54,2025-05-25 11:00:00,4.55,1.74,158.2,0.0,92.15,8.21,8.83,9.76,0.09,
54,2025-05-25 12:00:00,3.05,1.29,218.2,0.0,80.98,10.68,11.77,12.85,0.27,
54,2025-05-25 13:00:00,7.02,3.12,288.5,0.0,74.53,13.05,13.72,14.11,0.4,
54,2025-05-25 14:00:00,6.5,3.04,148.8,0.2,80.96,13.4,13.68,14.1,0.3,
54,2025-05-25 15:00:00,5.82,3.25,70.06,0.3,77.79,14.07,14.27,14.38,0.36,
54,2025-05-25 16:00:00,6.58,3.09,40.91,0.4,80.38,14.1,14.36,14.57,0.32,
54,2025-05-25 17:00:00,7.4,3.94,33.26,0.1,77.36,14.57,14.77,15.07,0.38,
54,2025-05-25 18:00:00,6.28,3.14,4.34,3.2,81.59,13.95,14.38,14.83,0.31,
54,2025-05-25 19:00:00,7.18,2.8,0.0,5.5,89.08,13.35,13.52,13.76,0.17,
54,2025-05-25 20:00:00,6.42,3.18,0.0,6.6,93.25,12.86,13.01,13.23,0.1,
54,2025-05-25 21:00:00,4.92,2.53,0.0,3.1,94.85,12.85,12.91,12.96,0.08,
54,2025-05-25 22:00:00,3.88,1.46,0.0,1.7,96.6,12.89,12.91,12.96,0.05,
54,2025-05-25 23:00:00,4.85,2.58,0.0,0.0,89.98,13.22,13.45,13.63,0.16,
54,2025-05-26 00:00:00,4.03,1.63,0.0,0.0,89.05,12.96,13.29,13.5,0.17,
54,2025-05-26 01:00:00,1.55,0.3,0.0,0.0,95.08,12.28,12.5,12.78,0.07,
54,2025-05-26 02:00:00,1.62,0.06,0.0,0.0,95.8,12.16,12.28,12.4,0.06,
54,2025-05-26 03:00:00,0.95,0.02,0.0,0.0,95.18,11.71,11.99,12.21,0.07,
54,2025-05-26 04:00:00,1.32,0.44,0.0,0.0,96.85,11.2,11.34,11.58,0.05,
54,2025-05-26 05:00:00,1.02,0.07,0.0,0.0,97.58,10.04,10.42,10.78,0.03,
54,2025-05-26 06:00:00,1.32,0.43,0.0,0.0,97.98,10.26,10.31,10.4,0.03,
54,2025-05-26 07:00:00,1.02,0.13,0.0,0.0,98.1,9.92,10.2,10.46,0.02,
54,2025-05-26 08:00:00,1.02,0.06,3.74,0.0,98.1,9.53,9.77,9.9,0.02,
54,2025-05-26 09:00:00,0.8,0.09,31.53,0.0,98.13,8.78,9.01,9.2,0.02,
54,2025-05-26 10:00:00,1.62,0.13,325.6,0.1,97.53,9.83,11.64,13.1,0.04,
54,2025-05-26 11:00:00,2.75,1.12,159.3,0.0,97.4,12.09,12.3,12.49,0.04,
54,2025-05-26 12:00:00,2.82,0.45,227.4,0.1,90.93,12.77,13.45,14.03,0.14,
54,2025-05-26 13:00:00,4.7,1.78,421.8,0.2,77.35,13.96,14.7,15.69,0.38,
54,2025-05-26 14:00:00,5.0,2.87,494.4,0.0,75.56,13.94,14.61,15.38,0.41,
54,2025-05-26 15:00:00,5.6,3.19,462.8,0.0,71.09,15.1,15.29,15.36,0.5,
54,2025-05-26 16:00:00,5.98,3.27,356.3,0.0,76.74,13.65,14.12,14.7,0.38,
54,2025-05-26 17:00:00,4.78,2.36,224.7,0.0,70.89,13.72,14.45,15.14,0.48,
54,2025-05-26 18:00:00,4.55,2.37,48.89,0.0,65.18,12.7,13.36,13.81,0.54,
54,2025-05-26 19:00:00,5.82,2.64,0.26,0.0,67.81,11.23,11.67,12.14,0.45,
54,2025-05-26 20:00:00,5.68,2.64,0.0,0.0,77.38,9.4,10.22,10.84,0.28,
54,2025-05-26 21:00:00,4.1,1.7,0.0,0.0,83.83,9.02,9.22,9.44,0.19,
54,2025-05-26 22:00:00,2.52,0.9,0.0,0.0,81.98,8.62,8.93,9.14,0.21,
54,2025-05-26 23:00:00,2.98,0.85,0.0,0.0,86.0,6.84,7.64,8.23,0.15,
54,2025-05-27 00:00:00,2.82,1.28,0.0,0.0,87.2,6.48,6.78,7.08,0.13,
54,2025-05-27 01:00:00,3.42,1.41,0.0,0.0,89.4,6.04,6.15,6.21,0.1,
54,2025-05-27 02:00:00,3.65,2.04,0.0,0.0,88.3,5.69,6.12,6.43,0.11,
54,2025-05-27 03:00:00,2.82,1.16,0.0,0.0,90.55,5.21,5.38,5.52,0.09,
54,2025-05-27 04:00:00,2.3,0.69,0.0,0.0,93.15,3.84,4.35,5.02,0.06,
54,2025-05-27 05:00:00,1.02,0.18,0.0,0.0,95.15,3.17,3.36,3.66,0.04,
54,2025-05-27 06:00:00,2.08,0.68,0.0,0.0,94.48,3.2,3.28,3.48,0.04,
54,2025-05-27 07:00:00,2.45,1.04,0.0,0.0,93.1,3.34,3.4,3.44,0.05,
54,2025-05-27 08:00:00,2.75,0.75,8.55,0.0,94.23,2.37,2.69,3.08,0.04,
54,2025-05-27 09:00:00,3.05,1.23,107.2,0.0,92.98,2.75,3.02,3.23,0.05,
54,2025-05-27 10:00:00,3.8,1.08,305.6,0.0,92.8,3.02,3.68,4.49,0.06,
54,2025-05-27 11:00:00,3.72,2.13,417.8,0.0,86.73,4.91,5.53,6.59,0.12,
54,2025-05-27 12:00:00,5.22,3.24,493.8,0.0,77.7,7.22,7.78,8.29,0.24,
54,2025-05-27 13:00:00,5.38,3.46,509.5,0.0,67.66,8.86,9.76,10.51,0.39,
54,2025-05-27 14:00:00,6.28,3.15,504.3,0.0,59.35,11.0,11.36,11.81,0.55,
54,2025-05-27 15:00:00,6.12,3.65,453.4,0.0,52.05,11.89,12.11,12.29,0.68,
54,2025-05-27 16:00:00,6.35,3.93,353.6,0.0,52.57,12.07,12.14,12.21,0.67,
54,2025-05-27 17:00:00,7.32,4.31,215.3,0.0,55.79,11.19,11.51,11.81,0.6,
54,2025-05-27 18:00:00,6.28,3.6,72.42,0.0,61.13,9.32,10.05,10.82,0.48,
54,2025-05-27 19:00:00,3.8,2.12,0.31,0.0,71.3,7.43,7.94,8.63,0.31,
54,2025-05-27 20:00:00,3.72,2.25,0.0,0.0,74.43,6.56,6.95,7.3,0.26,
54,2025-05-27 21:00:00,6.35,2.8,0.0,0.0,72.86,6.37,6.58,6.95,0.27,
54,2025-05-27 22:00:00,6.35,3.3,0.0,0.0,73.51,6.31,6.49,6.74,0.26,
54,2025-05-27 23:00:00,4.18,2.26,0.0,0.0,76.52,5.36,5.82,6.24,0.22,
54,2025-05-28 00:00:00,3.35,1.84,0.0,0.0,81.13,4.72,4.92,5.15,0.17,
54,2025-05-28 01:00:00,3.88,1.81,0.0,0.0,82.65,4.51,4.57,4.7,0.15,
54,2025-05-28 02:00:00,2.82,1.13,0.0,0.0,85.9,3.75,4.11,4.45,0.12,
54,2025-05-28 03:00:00,2.9,1.31,0.0,0.0,89.05,3.21,3.4,3.52,0.09,
54,2025-05-28 04:00:00,2.6,1.38,0.0,0.0,91.28,2.56,2.93,3.18,0.06,
54,2025-05-28 05:00:00,2.45,1.2,0.0,0.0,92.5,2.49,2.62,2.68,0.06,
54,2025-05-28 06:00:00,2.6,1.24,0.0,0.0,92.1,2.56,2.63,2.81,0.06,
54,2025-05-28 07:00:00,2.52,1.12,0.0,0.0,93.78,2.03,2.06,2.11,0.04,
54,2025-05-28 08:00:00,2.68,1.09,3.96,0.0,94.73,2.22,2.52,2.7,0.04,
54,2025-05-28 09:00:00,2.45,1.26,62.79,0.0,94.78,2.71,2.82,2.94,0.04,
54,2025-05-28 10:00:00,4.7,2.24,295.4,0.0,87.55,3.17,4.2,5.2,0.11,
54,2025-05-28 11:00:00,5.38,3.3,389.9,0.0,79.26,5.42,6.32,7.16,0.2,
54,2025-05-28 12:00:00,5.6,3.33,478.3,0.0,71.93,7.66,8.24,8.81,0.31,
54,2025-05-28 13:00:00,5.3,2.96,495.4,0.0,64.08,9.22,9.92,10.6,0.44,
54,2025-05-28 14:00:00,4.7,2.83,495.1,0.0,58.5,11.26,11.79,12.51,0.58,
54,2025-05-28 15:00:00,6.65,3.22,398.5,0.0,55.69,12.62,12.92,13.1,0.66,
54,2025-05-28 16:00:00,5.98,3.55,299.3,0.0,55.92,13.08,13.31,13.44,0.67,
54,2025-05-28 17:00:00,5.68,3.11,180.7,0.0,56.4,13.28,13.35,13.43,0.67,
54,2025-05-28 18:00:00,3.95,2.12,49.0,0.0,63.61,10.97,11.86,12.79,0.51,
54,2025-05-28 19:00:00,3.95,2.18,0.15,0.0,66.33,10.49,10.73,11.01,0.43,
54,2025-05-28 20:00:00,4.4,2.2,0.0,0.0,64.16,9.99,10.26,10.45,0.45,
54,2025-05-28 21:00:00,4.62,2.12,0.0,0.0,65.78,9.25,9.59,9.82,0.41,
54,2025-05-28 22:00:00,3.05,1.68,0.0,0.0,69.14,8.62,8.86,9.06,0.35,
54,2025-05-28 23:00:00,2.52,1.39,0.0,0.0,70.72,7.94,8.25,8.55,0.32,
54,2025-05-29 00:00:00,2.6,1.31,0.0,0.0,72.28,7.33,7.56,7.78,0.29,
54,2025-05-29 01:00:00,2.15,1.29,0.0,0.0,75.16,6.77,7.0,7.2,0.25,
54,2025-05-29 02:00:00,2.75,1.2,0.0,0.0,77.23,6.64,6.74,6.82,0.23,
54,2025-05-29 03:00:00,1.78,0.06,0.0,0.0,83.65,4.9,5.37,6.0,0.15,
54,2025-05-29 04:00:00,2.08,0.39,0.0,0.0,82.11,5.2,5.81,6.38,0.17,
54,2025-05-29 05:00:00,0.8,0.04,0.0,0.0,89.75,3.49,3.66,4.0,0.08,
54,2025-05-29 06:00:00,1.4,0.3,0.0,0.0,92.18,1.48,2.1,3.06,0.05,
54,2025-05-29 07:00:00,0.88,0.06,0.0,0.0,94.75,0.89,1.15,1.28,0.04,
54,2025-05-29 08:00:00,1.25,0.29,8.3,0.0,95.6,0.52,0.59,0.68,0.03,
54,2025-05-29 09:00:00,1.7,0.18,151.6,0.0,92.1,0.62,2.03,3.52,0.06,
54,2025-05-29 10:00:00,0.95,0.03,287.5,0.0,78.62,5.29,6.69,8.49,0.21,
54,2025-05-29 11:00:00,4.1,1.56,401.6,0.0,69.62,8.86,9.64,10.31,0.37,
54,2025-05-29 12:00:00,5.22,2.68,469.8,0.0,65.01,10.69,11.16,11.57,0.47,
54,2025-05-29 13:00:00,4.7,2.89,485.4,0.0,61.84,11.88,12.52,13.21,0.56,
54,2025-05-29 14:00:00,4.62,2.51,480.1,0.0,56.8,13.58,14.65,15.46,0.72,
54,2025-05-29 15:00:00,4.85,2.9,431.1,0.0,53.99,15.9,16.48,16.97,0.86,
54,2025-05-29 16:00:00,5.15,2.97,333.2,0.0,53.04,17.27,17.46,17.78,0.94,
54,2025-05-29 17:00:00,3.65,1.86,207.5,0.0,55.84,17.7,17.92,18.06,0.91,
54,2025-05-29 18:00:00,2.22,0.51,42.17,0.0,63.63,15.54,16.34,17.01,0.68,
54,2025-05-29 19:00:00,4.55,1.73,0.12,0.0,69.21,14.75,15.22,15.5,0.53,
54,2025-05-29 20:00:00,7.1,3.92,0.0,0.0,69.95,15.42,15.61,15.77,0.53,
54,2025-05-29 21:00:00,6.88,3.48,0.0,0.0,73.06,14.9,15.11,15.38,0.46,
54,2025-05-29 22:00:00,5.75,3.5,0.0,0.0,74.98,14.33,14.68,14.92,0.42,
54,2025-05-29 23:00:00,4.47,2.77,0.0,0.0,77.43,13.77,13.96,14.19,0.36,
54,2025-05-30 00:00:00,4.62,2.68,0.0,0.0,79.25,13.01,13.29,13.61,0.32,
54,2025-05-30 01:00:00,4.18,2.47,0.0,0.0,82.5,12.29,12.4,12.64,0.26,
54,2025-05-30 02:00:00,2.82,1.08,0.0,0.0,86.73,10.77,11.33,12.05,0.18,
54,2025-05-30 03:00:00,1.32,0.19,0.0,0.0,91.5,10.15,10.24,10.29,0.11,
54,2025-05-30 04:00:00,1.7,0.33,0.0,0.0,93.65,9.56,9.81,10.08,0.08,
54,2025-05-30 05:00:00,2.75,1.3,0.0,0.0,91.58,10.05,10.53,10.82,0.11,
54,2025-05-30 06:00:00,3.5,1.31,0.0,0.0,90.48,10.88,10.93,10.97,0.13,
54,2025-05-30 07:00:00,4.78,2.32,0.0,0.0,90.58,10.62,10.7,10.8,0.12,
54,2025-05-30 08:00:00,4.4,1.84,6.22,0.0,92.43,9.78,10.13,10.59,0.1,
54,2025-05-30 09:00:00,5.3,1.8,54.1,0.0,91.43,9.68,9.9,10.18,0.11,
54,2025-05-30 10:00:00,6.05,2.62,172.1,0.0,87.98,10.39,10.71,10.96,0.16,
54,2025-05-30 11:00:00,5.52,3.31,328.2,0.0,82.89,11.33,11.54,11.86,0.23,
54,2025-05-30 12:00:00,6.95,3.91,481.9,0.0,73.78,12.66,13.23,13.77,0.4,
54,2025-05-30 13:00:00,7.92,4.69,498.8,0.0,65.52,14.12,14.6,15.02,0.57,
54,2025-05-30 14:00:00,8.0,5.0,494.2,0.0,63.7,15.07,15.23,15.42,0.63,
54,2025-05-30 15:00:00,6.5,4.03,442.2,0.0,59.05,15.7,15.97,16.17,0.75,
54,2025-05-30 16:00:00,7.32,4.91,345.8,0.0,55.71,15.87,15.97,16.07,0.81,
54,2025-05-30 17:00:00,7.85,5.0,209.8,0.0,58.32,14.56,15.13,15.59,0.72,
54,2025-05-30 18:00:00,7.25,3.95,68.54,0.0,63.07,12.11,13.15,14.16,0.56,
54,2025-05-30 19:00:00,6.2,3.62,0.07,0.0,65.78,10.48,11.02,11.67,0.45,
54,2025-05-30 20:00:00,5.6,2.93,0.0,0.0,67.37,9.67,10.02,10.36,0.4,
54,2025-05-30 21:00:00,4.47,1.81,0.0,0.0,72.09,8.61,8.99,9.33,0.32,
54,2025-05-30 22:00:00,4.4,2.32,0.0,0.0,70.64,7.96,8.16,8.26,0.32,
54,2025-05-30 23:00:00,5.45,2.64,0.0,0.0,69.95,7.22,7.46,7.73,0.32,
54,2025-05-31 00:00:00,4.03,2.36,0.0,0.0,72.06,6.3,6.67,7.04,0.27,
54,2025-05-31 01:00:00,3.72,1.74,0.0,0.0,76.46,4.89,5.41,6.2,0.21,
54,2025-05-31 02:00:00,5.15,2.17,0.0,0.0,77.28,5.07,5.17,5.38,0.2,
54,2025-05-31 03:00:00,4.25,1.66,0.0,0.0,80.9,4.03,4.63,5.21,0.16,
54,2025-05-31 04:00:00,3.65,1.67,0.0,0.0,84.15,3.18,3.84,4.13,0.13,
54,2025-05-31 05:00:00,4.4,1.11,0.0,0.0,84.85,3.5,4.02,4.42,0.13,
54,2025-05-31 06:00:00,0.88,0.08,0.0,0.0,91.55,1.6,2.11,2.96,0.06,
54,2025-05-31 07:00:00,1.55,0.22,0.0,0.0,93.78,1.45,1.53,1.6,0.04,
54,2025-05-31 08:00:00,1.1,0.05,7.63,0.0,93.05,1.3,1.71,2.18,0.05,
54,2025-05-31 09:00:00,1.78,0.11,159.8,0.0,88.03,2.22,3.25,4.35,0.1,
54,2025-05-31 10:00:00,4.92,2.08,296.2,0.0,82.35,4.31,4.87,5.34,0.15,
54,2025-05-31 11:00:00,5.38,2.94,413.0,0.0,73.94,5.87,6.8,7.61,0.26,
54,2025-05-31 12:00:00,5.38,3.47,481.3,0.0,62.79,8.39,9.14,9.81,0.43,
54,2025-05-31 13:00:00,5.52,3.41,498.7,0.0,55.56,10.48,10.99,11.48,0.58,
54,2025-05-31 14:00:00,5.45,3.5,491.4,0.0,50.19,11.86,12.41,13.02,0.72,
54,2025-05-31 15:00:00,6.2,3.82,440.2,0.0,46.44,13.13,13.71,14.16,0.84,
54,2025-05-31 16:00:00,5.75,3.53,339.5,0.0,41.9,14.32,14.54,14.72,0.96,
54,2025-05-31 17:00:00,5.08,3.06,203.8,0.0,44.14,13.91,14.28,14.62,0.91,
54,2025-05-31 18:00:00,4.85,2.32,63.71,0.0,50.86,11.56,12.5,13.39,0.72,
54,2025-05-31 19:00:00,5.38,1.88,0.09,0.0,57.3,10.17,10.52,11.04,0.55,
54,2025-05-31 20:00:00,5.38,2.04,0.0,0.0,60.93,9.06,9.76,10.44,0.47,
54,2025-05-31 21:00:00,5.45,2.13,0.0,0.0,65.52,8.54,8.66,8.78,0.39,
54,2025-05-31 22:00:00,5.3,2.35,0.0,0.0,68.81,7.6,7.93,8.39,0.33,
54,2025-05-31 23:00:00,3.72,1.79,0.0,0.0,71.97,6.98,7.12,7.26,0.28,
54,2025-06-01 00:00:00,3.05,1.67,0.0,0.0,76.89,6.09,6.47,6.81,0.22,
54,2025-06-01 01:00:00,3.5,1.66,0.0,0.0,79.88,5.59,5.95,6.26,0.19,
54,2025-06-01 02:00:00,4.18,1.82,0.0,0.0,81.88,5.43,5.54,5.68,0.17,
54,2025-06-01 03:00:00,3.95,1.6,0.0,0.0,82.55,5.12,5.24,5.45,0.16,
54,2025-06-01 04:00:00,3.8,0.83,0.0,0.0,85.13,4.38,4.84,5.43,0.13,
54,2025-06-01 05:00:00,2.08,0.47,0.0,0.0,90.35,2.87,3.48,4.17,0.08,
54,2025-06-01 06:00:00,0.95,0.05,0.0,0.0,92.45,0.96,1.74,2.35,0.05,
54,2025-06-01 07:00:00,0.88,0.05,0.0,0.0,94.98,0.23,0.4,0.53,0.03,
54,2025-06-01 08:00:00,1.25,0.21,7.29,0.0,95.3,-0.84,-0.4,0.17,0.03,
54,2025-06-01 09:00:00,0.95,0.06,167.2,0.0,94.18,-0.58,0.92,2.63,0.04,
54,2025-06-01 10:00:00,1.25,0.2,285.8,0.0,81.18,4.04,5.41,6.84,0.17,
54,2025-06-01 11:00:00,2.15,0.61,403.2,0.0,70.75,7.58,8.16,8.95,0.32,
54,2025-06-01 12:00:00,3.12,1.34,489.9,0.0,62.2,9.41,10.08,10.9,0.47,
54,2025-06-01 13:00:00,4.1,1.71,495.1,0.0,54.28,11.27,12.12,12.86,0.65,
54,2025-06-01 14:00:00,3.95,1.79,482.1,0.0,44.31,13.23,14.46,15.41,0.92,
54,2025-06-01 15:00:00,3.72,2.0,421.7,0.0,36.82,15.71,16.09,16.34,1.16,
54,2025-06-01 16:00:00,3.65,2.1,339.0,0.0,35.82,16.38,16.52,16.68,1.21,
54,2025-06-01 17:00:00,3.58,1.18,183.3,0.0,43.56,14.98,15.53,16.37,1.0,
54,2025-06-01 18:00:00,0.0,0.0,40.99,0.0,53.92,12.1,13.5,14.58,0.72,
54,2025-06-01 19:00:00,0.88,0.07,0.05,0.0,68.08,8.51,9.74,10.99,0.39,
54,2025-06-01 20:00:00,0.72,0.01,0.0,0.0,78.53,7.07,7.44,7.91,0.23,
54,2025-06-01 21:00:00,0.8,0.04,0.0,0.0,82.26,5.79,6.24,6.58,0.17,
54,2025-06-01 22:00:00,1.02,0.11,0.0,0.0,85.13,4.75,5.08,5.53,0.13,
54,2025-06-01 23:00:00,1.1,0.23,0.0,0.0,86.75,4.52,5.0,5.44,0.12,
54,2025-06-02 00:00:00,0.57,0.01,0.0,0.0,88.63,4.49,4.61,4.78,0.1,
54,2025-06-02 01:00:00,0.8,0.08,0.0,0.0,90.05,4.68,4.78,4.84,0.09,
54,2025-06-02 02:00:00,1.25,0.19,0.0,0.0,92.28,4.2,4.59,4.83,0.07,
54,2025-06-02 03:00:00,0.95,0.06,0.0,0.0,94.68,3.88,4.31,4.5,0.05,
54,2025-06-02 04:00:00,1.62,0.61,0.0,0.0,95.5,3.71,4.05,4.34,0.04,
54,2025-06-02 05:00:00,2.08,0.25,0.0,0.0,95.03,4.24,4.32,4.41,0.04,
54,2025-06-02 06:00:00,0.95,0.18,0.0,0.0,95.93,3.57,3.97,4.19,0.03,
54,2025-06-02 07:00:00,1.18,0.28,0.0,0.0,95.93,3.59,3.92,4.15,0.03,
54,2025-06-02 08:00:00,2.6,0.54,2.58,0.0,94.48,4.29,4.51,4.67,0.05,
54,2025-06-02 09:00:00,1.62,0.31,64.03,0.0,94.15,4.69,4.91,5.23,0.05,
54,2025-06-02 10:00:00,2.45,0.47,133.7,0.0,90.43,5.7,6.22,6.8,0.09,
54,2025-06-02 11:00:00,2.38,0.44,298.7,0.0,82.13,7.74,8.49,9.34,0.2,
54,2025-06-02 12:00:00,2.3,0.74,276.3,0.0,73.33,10.52,10.79,11.15,0.35,
54,2025-06-02 13:00:00,2.3,1.0,252.3,0.0,71.07,11.57,12.01,12.24,0.41,
54,2025-06-02 14:00:00,2.22,0.7,345.1,0.0,68.0,12.56,12.99,13.31,0.48,
54,2025-06-02 15:00:00,2.0,0.46,229.9,0.0,66.73,13.14,13.41,13.69,0.51,
54,2025-06-02 16:00:00,1.92,0.46,114.6,0.0,67.38,13.14,13.18,13.24,0.49,
54,2025-06-02 17:00:00,1.7,0.45,70.03,0.0,73.26,12.32,12.72,13.07,0.4,
54,2025-06-02 18:00:00,2.45,0.64,20.0,0.0,78.17,11.02,11.57,12.14,0.3,
54,2025-06-02 19:00:00,1.92,0.51,0.02,0.0,80.76,10.28,10.57,10.86,0.25,
54,2025-06-02 20:00:00,1.92,0.79,0.0,0.0,84.45,9.68,9.77,9.87,0.19,
54,2025-06-02 21:00:00,3.8,1.17,0.0,0.0,86.58,8.9,9.22,9.38,0.16,
54,2025-06-02 22:00:00,2.68,0.8,0.0,0.0,87.25,8.76,9.05,9.21,0.15,
54,2025-06-02 23:00:00,2.52,0.75,0.0,0.0,85.6,9.24,9.46,9.63,0.17,
54,2025-06-03 00:00:00,1.62,0.31,0.0,0.0,91.0,7.88,8.23,8.68,0.1,
54,2025-06-03 01:00:00,1.55,0.55,0.0,0.0,92.83,7.42,7.58,7.72,0.08,
54,2025-06-03 02:00:00,1.25,0.15,0.0,0.0,93.5,7.39,7.42,7.44,0.07,
54,2025-06-03 03:00:00,0.65,0.02,0.0,0.0,94.68,6.58,6.79,7.12,0.05,
54,2025-06-03 04:00:00,1.02,0.07,0.0,0.0,94.45,6.78,6.82,6.85,0.06,
54,2025-06-03 05:00:00,1.32,0.16,0.0,0.0,95.15,6.56,6.66,6.88,0.05,
54,2025-06-03 06:00:00,2.3,0.75,0.0,0.0,94.6,6.97,7.05,7.19,0.06,
54,2025-06-03 07:00:00,2.3,0.96,0.0,0.0,94.5,7.08,7.14,7.19,0.06,
54,2025-06-03 08:00:00,1.4,0.17,2.11,0.0,95.05,6.84,6.88,6.97,0.05,
54,2025-06-03 09:00:00,2.22,0.8,47.23,0.0,94.53,6.73,7.15,7.61,0.06,
54,2025-06-03 10:00:00,2.98,1.13,99.3,0.0,89.83,8.01,8.57,9.2,0.12,
54,2025-06-03 11:00:00,3.58,1.45,182.9,0.0,86.1,9.28,9.62,10.25,0.17,
54,2025-06-03 12:00:00,2.68,0.89,210.0,0.0,78.99,10.77,11.45,12.11,0.29,
54,2025-06-03 13:00:00,2.9,1.29,227.7,0.0,70.85,12.41,12.66,12.99,0.43,
54,2025-06-03 14:00:00,2.9,1.14,165.0,0.0,70.03,13.02,13.22,13.42,0.46,
54,2025-06-03 15:00:00,3.5,1.12,128.7,0.0,68.51,13.4,13.44,13.46,0.49,
54,2025-06-03 16:00:00,2.52,1.31,86.6,0.0,71.01,13.22,13.35,13.45,0.45,
54,2025-06-03 17:00:00,3.12,1.42,54.79,0.0,73.09,12.81,12.98,13.15,0.4,
54,2025-06-03 18:00:00,2.98,1.24,10.44,0.0,76.57,12.14,12.4,12.64,0.34,
54,2025-06-03 19:00:00,1.92,0.44,0.01,0.0,82.5,11.0,11.36,11.78,0.24,
54,2025-06-03 20:00:00,1.48,0.39,0.0,0.0,87.33,9.72,10.23,10.93,0.16,
54,2025-06-03 21:00:00,1.62,0.72,0.0,0.0,88.95,9.68,9.84,10.02,0.14,
54,2025-06-03 22:00:00,1.85,0.5,0.0,0.0,89.83,9.47,9.7,9.9,0.13,
54,2025-06-03 23:00:00,2.82,0.55,0.0,0.0,91.98,9.04,9.23,9.42,0.1,
54,2025-06-04 00:00:00,1.4,0.14,0.0,0.0,92.68,8.81,9.04,9.24,0.08,
54,2025-06-04 01:00:00,1.25,0.27,0.0,0.0,94.03,7.48,8.25,8.72,0.07,
54,2025-06-04 02:00:00,1.32,0.37,0.0,0.0,96.23,7.29,7.43,7.7,0.04,
54,2025-06-04 03:00:00,1.02,0.17,0.0,0.0,95.95,7.7,7.75,7.8,0.04,
54,2025-06-04 04:00:00,0.88,0.04,0.0,0.0,96.0,7.14,7.34,7.54,0.04,
54,2025-06-04 05:00:00,1.18,0.19,0.0,0.0,96.75,7.11,7.16,7.2,0.03,
54,2025-06-04 06:00:00,1.55,0.24,0.0,0.0,96.8,6.96,7.05,7.15,0.03,
54,2025-06-04 07:00:00,1.25,0.21,0.0,0.0,96.83,6.49,6.81,7.04,0.03,
54,2025-06-04 08:00:00,0.95,0.14,2.84,0.0,97.0,4.77,5.41,6.25,0.03,
54,2025-06-04 09:00:00,1.78,0.74,109.7,0.0,98.03,5.08,5.66,6.47,0.02,
54,2025-06-04 10:00:00,2.52,1.47,141.1,0.0,98.33,6.71,7.6,8.49,0.02,
54,2025-06-04 11:00:00,2.98,1.49,484.8,0.0,83.16,9.35,11.35,12.72,0.24,
54,2025-06-04 12:00:00,4.32,1.68,434.9,0.0,73.86,12.86,13.06,13.48,0.39,
54,2025-06-04 13:00:00,4.92,2.71,212.8,0.0,78.33,12.61,12.93,13.43,0.32,
54,2025-06-04 14:00:00,3.88,2.12,395.2,0.0,68.47,13.03,14.09,15.04,0.51,
54,2025-06-04 15:00:00,2.52,0.51,435.4,0.0,56.5,15.81,16.39,16.94,0.82,
54,2025-06-04 16:00:00,1.92,0.59,311.0,0.0,54.21,16.41,16.83,17.12,0.88,
54,2025-06-04 17:00:00,1.4,0.09,197.3,0.0,50.82,17.01,17.15,17.54,0.96,
54,2025-06-04 18:00:00,0.8,0.02,46.02,0.0,63.41,13.0,14.98,16.76,0.64,
54,2025-06-04 19:00:00,0.0,0.0,0.1,0.0,82.35,9.2,10.69,12.08,0.23,
54,2025-06-04 20:00:00,0.42,0.0,0.0,0.0,89.65,7.5,8.04,8.47,0.11,
54,2025-06-04 21:00:00,0.0,0.0,0.0,0.0,93.63,5.67,6.41,7.0,0.06,
54,2025-06-04 22:00:00,0.88,0.05,0.0,0.0,95.18,4.76,5.27,5.68,0.04,
54,2025-06-04 23:00:00,0.88,0.06,0.0,0.0,96.15,4.5,4.66,4.82,0.04,
54,2025-06-05 00:00:00,0.0,0.0,0.0,0.0,97.15,4.77,4.85,4.94,0.03,
54,2025-06-05 01:00:00,0.72,0.01,0.0,0.0,97.4,4.03,4.31,4.57,0.02,
54,2025-06-05 02:00:00,1.02,0.07,0.0,0.0,97.75,4.44,4.91,5.4,0.02,
54,2025-06-05 03:00:00,1.18,0.11,0.0,0.0,97.95,3.4,4.06,4.62,0.02,
54,2025-06-05 04:00:00,0.65,0.01,0.0,0.0,98.23,5.2,5.67,6.22,0.02,
54,2025-06-05 05:00:00,1.92,0.17,0.0,0.1,98.33,6.52,6.92,7.42,0.02,
54,2025-06-05 06:00:00,4.4,2.15,0.0,0.0,98.4,7.44,7.68,7.81,0.02,
54,2025-06-05 07:00:00,4.4,2.06,0.0,0.0,98.35,6.86,7.06,7.34,0.02,
54,2025-06-05 08:00:00,3.12,1.26,1.41,0.0,98.08,7.27,7.56,7.81,0.02,
54,2025-06-05 09:00:00,3.58,1.27,26.42,0.0,95.18,7.92,8.15,8.34,0.05,
54,2025-06-05 10:00:00,3.42,1.72,64.77,0.0,91.25,8.38,8.44,8.5,0.1,
54,2025-06-05 11:00:00,3.72,1.48,112.0,0.0,89.13,8.61,8.88,9.1,0.13,
54,2025-06-05 12:00:00,2.75,1.22,153.3,0.0,86.0,9.31,9.68,9.98,0.17,
54,2025-06-05 13:00:00,3.72,1.43,217.6,0.0,82.08,9.99,10.3,10.61,0.23,
54,2025-06-05 14:00:00,3.28,1.23,461.3,0.0,76.9,10.71,11.25,12.06,0.31,
54,2025-06-05 15:00:00,2.3,0.47,429.3,0.0,68.56,12.66,13.23,14.05,0.48,
54,2025-06-05 16:00:00,2.08,0.28,329.1,0.0,67.28,13.62,13.84,14.12,0.52,
54,2025-06-05 17:00:00,2.98,1.33,194.9,0.0,73.55,11.89,12.77,13.66,0.39,
54,2025-06-05 18:00:00,2.6,1.32,54.12,0.0,84.6,8.31,9.75,11.05,0.19,
54,2025-06-05 19:00:00,1.85,0.69,0.17,0.0,93.13,6.42,6.91,7.57,0.07,
54,2025-06-05 20:00:00,2.68,1.52,0.0,0.0,97.23,5.88,6.12,6.46,0.03,
54,2025-06-05 21:00:00,3.42,1.24,0.0,0.0,98.3,6.64,6.9,7.18,0.02,
54,2025-06-05 22:00:00,2.6,1.33,0.0,0.0,98.4,7.31,7.45,7.54,0.02,
54,2025-06-05 23:00:00,3.2,1.41,0.0,0.0,98.5,7.36,7.44,7.51,0.02,
54,2025-06-06 00:00:00,2.22,0.68,0.0,0.0,98.5,7.34,7.46,7.52,0.02,
54,2025-06-06 01:00:00,2.22,0.56,0.0,0.0,98.5,7.21,7.34,7.42,0.02,
54,2025-06-06 02:00:00,1.32,0.17,0.0,0.0,98.58,6.99,7.13,7.24,0.01,
54,2025-06-06 03:00:00,1.32,0.1,0.0,0.1,98.6,6.98,7.01,7.06,0.01,
54,2025-06-06 04:00:00,1.4,0.06,0.0,0.0,98.6,6.94,6.98,7.0,0.01,
54,2025-06-06 05:00:00,0.88,0.02,0.0,0.1,98.6,6.74,6.82,6.9,0.01,
54,2025-06-06 06:00:00,1.1,0.15,0.0,0.1,98.6,6.52,6.56,6.6,0.01,
54,2025-06-06 07:00:00,1.85,0.49,0.0,0.0,98.6,6.02,6.3,6.54,0.01,
54,2025-06-06 08:00:00,2.08,1.09,1.59,0.0,98.6,5.61,5.75,5.87,0.01,
54,2025-06-06 09:00:00,1.92,0.9,29.37,0.0,98.6,5.49,5.55,5.61,0.01,
54,2025-06-06 10:00:00,1.7,0.49,61.75,0.0,98.7,5.61,5.86,6.15,0.01,
54,2025-06-06 11:00:00,2.15,0.77,89.8,0.0,98.7,6.38,6.51,6.66,0.01,
54,2025-06-06 12:00:00,2.75,0.95,127.3,0.0,98.7,6.8,6.95,7.05,0.01,
54,2025-06-06 13:00:00,2.68,1.3,153.4,0.0,98.7,7.02,7.19,7.33,0.01,
54,2025-06-06 14:00:00,3.72,1.65,117.2,0.1,98.68,7.24,7.39,7.56,0.01,
54,2025-06-06 15:00:00,3.72,2.04,83.5,0.0,98.6,7.27,7.32,7.4,0.01,
54,2025-06-06 16:00:00,3.72,2.02,125.1,0.0,96.03,7.57,8.17,8.92,0.05,
54,2025-06-06 17:00:00,3.8,2.22,107.4,0.0,91.1,9.21,9.38,9.61,0.1,
54,2025-06-06 18:00:00,2.98,1.43,19.79,0.0,88.6,9.28,9.52,9.77,0.14,
54,2025-06-06 19:00:00,4.18,1.09,0.03,0.0,82.64,9.91,10.03,10.17,0.21,
54,2025-06-06 20:00:00,1.48,0.43,0.0,0.0,86.73,9.84,9.88,9.93,0.16,
54,2025-06-06 21:00:00,1.4,0.66,0.0,0.0,88.48,9.76,9.81,9.84,0.14,
54,2025-06-06 22:00:00,2.08,0.89,0.0,0.0,88.03,9.72,9.76,9.83,0.14,
54,2025-06-06 23:00:00,2.3,1.16,0.0,0.0,86.63,9.72,9.78,9.84,0.16,
54,2025-06-07 00:00:00,1.4,0.12,0.0,0.0,83.9,9.72,9.9,10.03,0.2,
54,2025-06-07 01:00:00,1.32,0.19,0.0,0.0,83.13,9.88,9.97,10.12,0.21,
54,2025-06-07 02:00:00,1.55,0.13,0.0,0.0,83.3,9.77,9.93,10.19,0.2,
54,2025-06-07 03:00:00,1.62,0.12,0.0,0.0,83.65,9.68,10.05,10.25,0.2,
54,2025-06-07 04:00:00,1.4,0.32,0.0,0.0,87.83,9.42,9.48,9.54,0.15,
54,2025-06-07 05:00:00,0.88,0.06,0.0,0.0,88.4,9.23,9.32,9.39,0.14,
54,2025-06-07 06:00:00,0.88,0.03,0.0,0.0,88.85,9.12,9.19,9.26,0.13,
54,2025-06-07 07:00:00,1.1,0.22,0.0,0.0,87.8,9.12,9.22,9.3,0.14,
54,2025-06-07 08:00:00,0.95,0.2,2.6,0.0,86.68,9.3,9.38,9.42,0.16,
54,2025-06-07 09:00:00,0.5,0.01,48.75,0.0,86.7,9.25,9.48,9.77,0.16,
54,2025-06-07 10:00:00,1.32,0.15,229.3,0.0,81.6,10.09,10.31,10.71,0.23,
54,2025-06-07 11:00:00,1.7,0.24,381.6,0.0,65.23,12.61,12.99,13.53,0.52,
54,2025-06-07 12:00:00,2.08,0.21,474.2,0.0,57.84,13.92,14.06,14.25,0.68,
54,2025-06-07 13:00:00,2.08,0.47,500.9,0.0,55.4,14.34,14.77,14.99,0.75,
54,2025-06-07 14:00:00,2.9,0.74,470.5,0.0,53.9,15.08,15.34,15.78,0.8,
54,2025-06-07 15:00:00,3.35,0.66,409.5,0.0,51.72,15.76,15.82,15.88,0.87,
54,2025-06-07 16:00:00,3.12,0.83,318.5,0.0,51.51,15.96,16.1,16.21,0.89,
54,2025-06-07 17:00:00,2.82,1.27,187.8,0.0,53.69,15.36,15.56,15.8,0.82,
54,2025-06-07 18:00:00,1.48,0.19,56.9,0.0,63.76,11.98,13.45,14.96,0.57,
54,2025-06-07 19:00:00,0.35,0.0,0.09,0.0,74.68,9.63,10.5,11.37,0.32,
54,2025-06-07 20:00:00,2.98,1.15,0.0,0.0,75.52,9.55,10.06,10.38,0.31,
54,2025-06-07 21:00:00,2.82,1.17,0.0,0.0,79.23,9.41,9.6,9.97,0.25,
54,2025-06-07 22:00:00,1.92,0.82,0.0,0.0,85.1,7.99,8.26,8.8,0.16,
54,2025-06-07 23:00:00,2.82,1.37,0.0,0.0,87.45,7.7,7.77,7.82,0.13,
54,2025-06-08 00:00:00,3.42,1.87,0.0,0.0,86.78,7.8,7.91,7.97,0.14,
54,2025-06-08 01:00:00,4.47,2.48,0.0,0.0,87.33,7.53,7.67,7.81,0.14,
54,2025-06-08 02:00:00,4.03,1.31,0.0,0.0,89.35,6.52,7.14,7.64,0.11,
54,2025-06-08 03:00:00,1.25,0.21,0.0,0.0,92.38,5.87,6.02,6.13,0.07,
54,2025-06-08 04:00:00,1.02,0.06,0.0,0.0,93.8,4.87,5.05,5.25,0.05,
54,2025-06-08 05:00:00,1.18,0.04,0.0,0.0,95.8,3.93,4.25,4.48,0.04,
54,2025-06-08 06:00:00,0.0,0.0,0.0,0.0,96.68,3.24,3.83,4.17,0.03,
54,2025-06-08 07:00:00,1.4,0.22,0.0,0.0,97.13,3.16,3.63,3.96,0.02,
54,2025-06-08 08:00:00,1.48,0.54,4.2,0.0,97.53,1.89,2.28,2.52,0.02,
54,2025-06-08 09:00:00,1.32,0.41,73.18,0.0,98.05,1.63,2.2,2.97,0.01,
54,2025-06-08 10:00:00,2.3,0.85,130.2,0.0,98.28,3.39,3.98,4.62,0.01,
54,2025-06-08 11:00:00,4.32,1.57,194.8,0.0,97.25,5.12,5.72,6.36,0.03,
54,2025-06-08 12:00:00,4.1,2.39,452.1,0.0,82.21,7.01,8.19,9.11,0.19,
54,2025-06-08 13:00:00,4.03,1.85,467.7,0.0,73.08,9.53,10.35,11.15,0.34,
54,2025-06-08 14:00:00,3.5,1.85,462.0,0.0,72.37,10.52,10.88,11.38,0.36,
54,2025-06-08 15:00:00,3.65,1.55,414.2,0.0,66.49,11.84,12.26,12.87,0.48,
54,2025-06-08 16:00:00,3.42,0.93,320.3,0.0,64.37,12.9,13.07,13.2,0.54,
54,2025-06-08 17:00:00,2.45,1.29,186.1,0.0,70.13,11.36,12.3,13.14,0.43,
54,2025-06-08 18:00:00,2.45,0.84,28.12,0.0,82.71,7.75,8.91,10.2,0.2,
54,2025-06-08 19:00:00,0.8,0.05,0.06,0.0,89.1,5.46,6.33,7.14,0.1,
54,2025-06-08 20:00:00,1.32,0.06,0.0,0.0,92.65,4.32,4.69,4.97,0.06,
54,2025-06-08 21:00:00,0.95,0.06,0.0,0.0,94.75,3.52,3.79,4.03,0.04,
54,2025-06-08 22:00:00,0.72,0.03,0.0,0.0,95.98,2.64,2.94,3.21,0.03,
54,2025-06-08 23:00:00,0.0,0.0,0.0,0.0,96.98,1.96,2.14,2.39,0.02,
54,2025-06-09 00:00:00,0.35,0.0,0.0,0.0,97.5,1.56,1.76,2.13,0.02,
54,2025-06-09 01:00:00,0.95,0.04,0.0,0.0,97.73,1.44,1.52,1.56,0.02,
54,2025-06-09 02:00:00,0.88,0.03,0.0,0.0,97.85,1.0,1.23,1.44,0.01,
54,2025-06-09 03:00:00,0.0,0.0,0.0,0.0,97.9,0.3,0.55,0.79,0.01,
54,2025-06-09 04:00:00,1.25,0.08,0.0,0.0,97.93,-0.37,-0.14,0.02,0.01,
54,2025-06-09 05:00:00,1.25,0.27,0.0,0.0,97.95,-0.95,-0.85,-0.65,0.01,
54,2025-06-09 06:00:00,1.4,0.23,0.0,0.0,98.08,-0.87,-0.67,-0.52,0.01,
54,2025-06-09 07:00:00,0.0,0.0,0.0,0.0,98.18,-0.42,-0.17,-0.02,0.01,
54,2025-06-09 08:00:00,1.32,0.19,5.14,0.0,98.2,-0.23,-0.13,-0.03,0.01,
54,2025-06-09 09:00:00,1.25,0.24,56.27,0.0,98.23,-0.19,0.01,0.25,0.01,
54,2025-06-09 10:00:00,1.25,0.1,140.4,0.1,98.33,0.55,1.14,1.73,0.01,
54,2025-06-09 11:00:00,1.32,0.15,219.1,0.0,98.4,2.31,2.95,3.49,0.01,
54,2025-06-09 12:00:00,1.62,0.52,372.8,0.0,98.35,4.0,4.48,5.22,0.01,
54,2025-06-09 13:00:00,2.0,0.54,512.6,0.0,86.42,5.82,7.51,9.05,0.15,
54,2025-06-09 14:00:00,2.6,0.64,473.5,0.0,72.38,9.48,10.12,10.82,0.35,
54,2025-06-09 15:00:00,3.42,0.66,416.2,0.0,65.38,11.34,11.83,12.21,0.48,
54,2025-06-09 16:00:00,2.6,1.15,326.6,0.0,63.46,12.07,12.36,12.56,0.53,
54,2025-06-09 17:00:00,2.3,0.31,194.3,0.0,62.74,12.72,12.96,13.27,0.56,
54,2025-06-09 18:00:00,1.7,0.55,46.76,0.0,75.38,8.83,11.24,13.17,0.34,
54,2025-06-09 19:00:00,2.08,0.13,0.16,0.0,90.0,5.61,6.64,7.76,0.1,
54,2025-06-09 20:00:00,0.72,0.08,0.0,0.0,94.55,3.4,4.3,4.9,0.05,
54,2025-06-09 21:00:00,0.5,0.0,0.0,0.0,96.3,1.94,2.35,2.96,0.03,
54,2025-06-09 22:00:00,0.0,0.0,0.0,0.0,97.65,1.75,1.91,2.01,0.02,
54,2025-06-09 23:00:00,0.0,0.0,0.0,0.0,97.88,1.81,1.92,1.97,0.01,
54,2025-06-10 00:00:00,1.32,0.16,0.0,0.0,97.85,0.58,1.06,1.61,0.01,
54,2025-06-10 01:00:00,1.32,0.18,0.0,0.0,98.05,0.62,0.63,0.63,0.01,
54,2025-06-10 02:00:00,0.95,0.1,0.0,0.1,98.18,0.66,0.79,0.87,0.01,
54,2025-06-10 03:00:00,0.0,0.0,0.0,0.0,98.2,0.77,0.8,0.81,0.01,
54,2025-06-10 04:00:00,0.88,0.03,0.0,0.0,98.2,0.66,0.74,0.82,0.01,
54,2025-06-10 05:00:00,0.8,0.04,0.0,0.1,98.2,0.29,0.43,0.58,0.01,
54,2025-06-10 06:00:00,0.5,0.0,0.0,0.0,98.23,0.06,0.14,0.24,0.01,
54,2025-06-10 07:00:00,0.95,0.01,0.0,0.0,98.28,0.08,0.2,0.32,0.01,
54,2025-06-10 08:00:00,1.55,0.42,2.46,0.0,98.3,0.25,0.36,0.44,0.01,
54,2025-06-10 09:00:00,1.7,0.39,40.83,0.1,98.33,0.32,0.58,0.85,0.01,
54,2025-06-10 10:00:00,2.0,1.03,103.3,0.0,98.43,1.08,1.36,1.72,0.01,
54,2025-06-10 11:00:00,2.38,0.86,158.7,0.0,98.48,1.97,2.33,2.72,0.01,
54,2025-06-10 12:00:00,1.62,0.51,214.0,0.0,98.5,3.11,3.49,3.86,0.01,
54,2025-06-10 13:00:00,2.0,0.66,234.8,0.0,98.53,4.16,4.7,5.19,0.01,
54,2025-06-10 14:00:00,2.08,0.5,252.8,0.0,98.53,5.27,5.95,6.43,0.01,
54,2025-06-10 15:00:00,2.3,0.92,341.0,0.0,96.4,6.98,7.67,8.63,0.04,
54,2025-06-10 16:00:00,1.78,0.56,309.5,0.0,82.3,9.09,9.95,10.88,0.22,
54,2025-06-10 17:00:00,1.7,0.55,183.5,0.0,78.47,10.79,10.95,11.02,0.28,
54,2025-06-10 18:00:00,0.8,0.01,45.37,0.0,83.34,8.57,9.68,10.51,0.2,
54,2025-06-10 19:00:00,0.8,0.04,0.18,0.0,92.08,5.78,6.71,7.68,0.08,
54,2025-06-10 20:00:00,1.18,0.06,0.0,0.0,95.63,4.49,5.09,5.73,0.04,
54,2025-06-10 21:00:00,1.32,0.17,0.0,0.0,95.93,3.6,4.14,4.57,0.03,
54,2025-06-10 22:00:00,1.32,0.22,0.0,0.0,97.38,2.5,2.94,3.24,0.02,
54,2025-06-10 23:00:00,1.32,0.14,0.0,0.0,97.83,1.43,1.73,2.11,0.02,
54,2025-06-11 00:00:00,1.7,0.47,0.0,0.0,98.23,1.58,2.4,2.82,0.01,
54,2025-06-11 01:00:00,1.78,0.23,0.0,0.0,98.28,2.42,2.65,2.82,0.01,
54,2025-06-11 02:00:00,2.08,0.52,0.0,0.0,98.38,2.29,2.51,2.7,0.01,
54,2025-06-11 03:00:00,2.9,1.35,0.0,0.1,98.43,2.66,2.72,2.77,0.01,
54,2025-06-11 04:00:00,2.98,0.95,0.0,0.0,98.6,3.39,4.02,4.34,0.01,
54,2025-06-11 05:00:00,2.0,0.5,0.0,0.0,98.6,3.98,4.2,4.49,0.01,
54,2025-06-11 06:00:00,1.48,0.33,0.0,0.0,98.58,2.98,3.65,4.28,0.01,
54,2025-06-11 07:00:00,2.52,1.57,0.0,0.0,98.7,4.74,5.33,5.82,0.01,
54,2025-06-11 08:00:00,3.05,1.6,0.82,0.0,98.7,6.34,6.66,6.81,0.01,
54,2025-06-11 09:00:00,3.12,1.29,16.62,0.0,98.65,7.14,7.52,7.72,0.01,
54,2025-06-11 10:00:00,2.9,1.39,30.99,0.0,95.93,8.18,8.52,8.87,0.05,
54,2025-06-11 11:00:00,3.12,1.48,44.28,0.0,90.0,9.13,9.43,9.79,0.12,
54,2025-06-11 12:00:00,1.92,0.47,43.69,0.0,86.95,9.9,10.05,10.27,0.16,
54,2025-06-11 13:00:00,2.9,0.77,47.39,0.0,84.75,10.36,10.67,11.08,0.2,
54,2025-06-11 14:00:00,3.2,1.48,39.83,0.0,82.38,11.28,11.4,11.55,0.24,
54,2025-06-11 15:00:00,3.95,2.04,28.69,0.0,80.13,11.68,11.79,11.86,0.27,
54,2025-06-11 16:00:00,4.1,2.06,21.82,0.0,77.24,11.99,12.1,12.19,0.32,
54,2025-06-11 17:00:00,6.35,3.25,43.17,0.1,74.62,12.42,12.48,12.51,0.37,
54,2025-06-11 18:00:00,7.1,3.2,9.49,0.0,73.09,12.46,12.56,12.71,0.39,
54,2025-06-11 19:00:00,5.15,2.74,0.0,0.0,75.14,12.21,12.5,12.64,0.36,
54,2025-06-11 20:00:00,7.1,3.76,0.0,0.0,83.08,11.2,11.83,12.13,0.24,
54,2025-06-11 21:00:00,5.75,3.35,0.0,0.3,89.63,10.8,10.85,10.94,0.14,
54,2025-06-11 22:00:00,8.83,3.37,0.0,0.0,75.69,10.94,11.84,12.6,0.34,
54,2025-06-11 23:00:00,9.12,4.48,0.0,0.2,68.93,12.58,12.86,13.19,0.46,
54,2025-06-12 00:00:00,8.3,4.97,0.0,3.4,80.04,11.16,12.17,12.82,0.29,
54,2025-06-12 01:00:00,7.25,2.81,0.0,7.0,94.2,9.8,10.22,10.76,0.07,
54,2025-06-12 02:00:00,3.5,1.09,0.0,2.7,94.2,9.29,9.37,9.55,0.07,
54,2025-06-12 03:00:00,3.35,1.66,0.0,2.4,96.03,8.97,9.1,9.28,0.05,
54,2025-06-12 04:00:00,4.25,2.22,0.0,2.4,95.43,9.43,9.44,9.46,0.06,
54,2025-06-12 05:00:00,4.47,2.57,0.0,0.9,95.58,9.44,9.47,9.5,0.05,
54,2025-06-12 06:00:00,5.3,2.93,0.0,1.5,95.3,9.53,9.55,9.56,0.06,
54,2025-06-12 07:00:00,4.78,2.76,0.0,1.1,94.95,9.46,9.49,9.54,0.06,
54,2025-06-12 08:00:00,4.7,2.51,0.47,1.4,94.68,9.4,9.47,9.55,0.07,
54,2025-06-12 09:00:00,3.5,1.3,9.55,1.6,96.6,9.35,9.38,9.42,0.04,
54,2025-06-12 10:00:00,3.05,1.13,63.43,0.1,94.83,9.48,9.69,9.87,0.06,
54,2025-06-12 11:00:00,5.52,2.74,82.0,0.4,93.98,8.92,9.56,9.94,0.08,
54,2025-06-12 12:00:00,6.28,3.04,134.1,0.4,94.45,8.86,9.02,9.14,0.07,
54,2025-06-12 13:00:00,5.45,2.42,133.6,3.2,94.15,9.11,9.44,9.83,0.07,
54,2025-06-12 14:00:00,6.2,3.23,170.2,0.1,85.9,10.33,10.49,10.66,0.18,
54,2025-06-12 15:00:00,5.0,2.63,114.6,0.1,80.31,10.65,10.75,10.89,0.26,
54,2025-06-12 16:00:00,5.3,2.45,101.6,0.0,77.35,10.88,11.15,11.28,0.3,
54,2025-06-12 17:00:00,2.9,0.99,33.22,1.4,91.5,9.51,9.77,10.2,0.1,
54,2025-06-12 18:00:00,2.75,0.82,15.82,0.2,90.3,9.59,9.63,9.68,0.12,
54,2025-06-12 19:00:00,2.68,0.63,0.04,0.0,89.58,9.21,9.38,9.54,0.12,
54,2025-06-12 20:00:00,3.05,1.48,0.0,0.3,91.98,9.12,9.13,9.14,0.1,
54,2025-06-12 21:00:00,4.32,1.49,0.0,7.4,92.0,7.89,8.56,9.13,0.09,
54,2025-06-12 22:00:00,3.65,1.73,0.0,0.6,94.98,8.51,8.68,8.83,0.06,
54,2025-06-12 23:00:00,3.5,1.71,0.0,0.0,93.9,8.33,8.39,8.42,0.07,
54,2025-06-13 00:00:00,3.28,1.52,0.0,0.0,93.15,8.22,8.29,8.33,0.07,
54,2025-06-13 01:00:00,2.98,1.41,0.0,0.0,91.73,8.15,8.21,8.29,0.09,
54,2025-06-13 02:00:00,3.05,0.94,0.0,0.0,92.15,7.91,8.07,8.29,0.08,
54,2025-06-13 03:00:00,2.0,0.33,0.0,0.0,92.48,7.22,7.55,7.99,0.08,
54,2025-06-13 04:00:00,1.7,0.56,0.0,0.0,92.6,7.4,7.47,7.53,0.08,
54,2025-06-13 05:00:00,1.25,0.11,0.0,0.0,92.98,7.35,7.49,7.62,0.08,
54,2025-06-13 06:00:00,1.4,0.14,0.0,0.4,94.73,7.17,7.28,7.39,0.05,
54,2025-06-13 07:00:00,2.0,0.36,0.0,0.0,95.85,6.8,6.95,7.13,0.04,
54,2025-06-13 08:00:00,1.92,0.73,2.47,0.4,94.33,6.9,7.06,7.29,0.06,
54,2025-06-13 09:00:00,2.3,0.52,49.33,0.0,92.43,7.56,7.81,8.05,0.08,
54,2025-06-13 10:00:00,2.6,1.02,161.2,0.0,93.28,7.53,7.74,7.99,0.07,
54,2025-06-13 11:00:00,2.08,0.99,344.3,0.0,84.91,8.3,9.45,10.79,0.18,
54,2025-06-13 12:00:00,3.28,0.98,310.9,0.0,76.25,11.58,11.69,11.83,0.33,
54,2025-06-13 13:00:00,2.75,1.28,464.0,0.0,67.8,12.38,12.76,13.17,0.47,
54,2025-06-13 14:00:00,2.68,0.52,445.4,0.0,65.35,13.07,13.27,13.46,0.53,
54,2025-06-13 15:00:00,3.2,1.17,422.2,0.0,56.05,13.75,14.14,14.5,0.71,
54,2025-06-13 16:00:00,4.85,0.58,333.5,0.0,58.08,13.36,14.01,14.36,0.67,
54,2025-06-13 17:00:00,2.52,0.79,195.3,0.0,56.42,13.63,13.78,13.87,0.69,
54,2025-06-13 18:00:00,1.55,0.09,59.29,0.0,66.72,10.74,12.3,13.83,0.49,
54,2025-06-13 19:00:00,0.0,0.0,0.1,0.0,84.6,7.93,8.79,9.99,0.18,
54,2025-06-13 20:00:00,0.8,0.04,0.0,0.0,89.3,7.02,7.32,7.95,0.11,
54,2025-06-13 21:00:00,0.65,0.02,0.0,0.0,93.08,5.48,6.29,7.02,0.07,
54,2025-06-13 22:00:00,2.0,0.22,0.0,0.0,95.8,4.7,5.3,5.63,0.04,
54,2025-06-13 23:00:00,0.95,0.02,0.0,0.0,95.1,3.95,4.55,5.12,0.04,
54,2025-06-14 00:00:00,0.0,0.0,0.0,0.0,96.95,3.41,3.61,3.81,0.02,
54,2025-06-14 01:00:00,1.32,0.21,0.0,0.0,96.93,2.7,3.27,3.73,0.02,
54,2025-06-14 02:00:00,2.38,0.95,0.0,0.0,96.85,3.47,3.76,4.11,0.03,
54,2025-06-14 03:00:00,2.08,0.7,0.0,0.0,96.3,3.55,3.65,3.75,0.03,
54,2025-06-14 04:00:00,2.38,0.87,0.0,0.0,97.83,3.22,3.42,3.6,0.02,
54,2025-06-14 05:00:00,1.62,0.21,0.0,0.0,98.0,2.44,3.0,3.44,0.02,
54,2025-06-14 06:00:00,2.38,1.38,0.0,0.0,98.15,2.95,3.1,3.19,0.01,
54,2025-06-14 07:00:00,2.9,1.08,0.0,0.1,97.58,2.64,2.86,3.04,0.02,
54,2025-06-14 08:00:00,2.3,1.26,6.34,0.0,96.55,2.38,2.71,3.04,0.03,
54,2025-06-14 09:00:00,2.98,1.46,97.0,0.0,92.7,2.74,3.72,4.8,0.06,
54,2025-06-14 10:00:00,4.32,1.76,115.8,0.0,76.78,5.87,7.08,8.06,0.24,
54,2025-06-14 11:00:00,5.22,2.0,229.5,0.0,72.2,8.03,8.32,8.89,0.31,
54,2025-06-14 12:00:00,4.25,2.15,226.3,0.0,74.47,8.76,9.01,9.44,0.29,
54,2025-06-14 13:00:00,3.58,1.9,190.8,0.0,73.05,9.48,10.0,10.57,0.33,
54,2025-06-14 14:00:00,5.08,2.08,155.6,0.0,66.62,11.05,11.41,11.67,0.45,
54,2025-06-14 15:00:00,4.85,2.47,95.9,0.0,67.24,11.29,11.37,11.54,0.44,
54,2025-06-14 16:00:00,4.32,2.4,27.71,0.0,63.8,11.24,11.45,11.62,0.49,
54,2025-06-14 17:00:00,4.03,2.23,14.29,0.0,59.32,11.49,11.52,11.54,0.55,
54,2025-06-14 18:00:00,5.0,2.12,2.89,0.0,68.58,10.67,11.04,11.42,0.41,
54,2025-06-14 19:00:00,4.7,2.56,0.0,0.0,71.76,10.49,10.57,10.62,0.36,
54,2025-06-14 20:00:00,9.72,2.72,0.0,0.5,71.86,9.99,10.26,10.48,0.36,
54,2025-06-14 21:00:00,8.22,3.12,0.0,0.2,68.88,10.23,10.56,11.02,0.4,
54,2025-06-14 22:00:00,8.68,3.93,0.0,0.1,58.15,11.25,11.4,11.64,0.56,
54,2025-06-14 23:00:00,11.08,5.3,0.0,0.3,63.07,10.98,11.18,11.59,0.49,
54,2025-06-15 00:00:00,8.75,4.59,0.0,0.1,65.59,10.69,10.71,10.75,0.44,
54,2025-06-15 01:00:00,9.65,5.7,0.0,0.0,59.25,11.3,11.36,11.43,0.55,
54,2025-06-15 02:00:00,10.1,5.05,0.0,0.4,65.66,10.5,10.77,11.18,0.45,
54,2025-06-15 03:00:00,8.3,5.12,0.0,1.5,70.18,10.26,10.97,11.37,0.39,
54,2025-06-15 04:00:00,9.2,4.36,0.0,2.2,84.95,9.05,9.41,9.77,0.18,
54,2025-06-15 05:00:00,8.6,4.46,0.0,4.0,89.4,8.9,8.95,8.98,0.12,
54,2025-06-15 06:00:00,8.37,4.64,0.0,2.6,92.1,8.69,8.79,8.9,0.09,
54,2025-06-15 07:00:00,8.15,4.14,0.0,4.8,93.65,8.89,8.94,8.97,0.08,
54,2025-06-15 08:00:00,7.62,3.9,0.08,11.0,94.83,8.94,9.11,9.19,0.06,
54,2025-06-15 09:00:00,6.72,3.79,4.35,13.1,95.63,9.2,9.24,9.33,0.05,
54,2025-06-15 10:00:00,7.1,4.21,12.87,9.2,95.43,9.16,9.28,9.4,0.05,
54,2025-06-15 11:00:00,5.75,3.45,14.85,9.8,95.68,9.35,9.45,9.56,0.05,
54,2025-06-15 12:00:00,6.2,3.3,21.29,7.7,95.45,8.78,8.97,9.2,0.05,
54,2025-06-15 13:00:00,5.68,3.04,23.01,6.6,95.73,8.66,8.77,8.84,0.05,
54,2025-06-15 14:00:00,5.68,3.07,33.97,4.7,96.1,8.49,8.56,8.62,0.04,
54,2025-06-15 15:00:00,5.6,3.02,24.35,3.3,96.85,8.66,8.94,9.3,0.04,
54,2025-06-15 16:00:00,4.78,2.4,20.96,1.0,96.08,9.61,9.71,9.78,0.05,
54,2025-06-15 17:00:00,5.82,2.42,7.93,1.5,95.83,9.71,9.82,9.98,0.05,
54,2025-06-15 18:00:00,6.12,2.81,3.02,0.4,94.75,9.86,9.91,9.99,0.06,
54,2025-06-15 19:00:00,4.78,2.47,0.0,0.6,94.55,9.75,9.78,9.84,0.07,
54,2025-06-15 20:00:00,6.42,2.56,0.0,1.1,91.18,9.09,9.32,9.68,0.1,
54,2025-06-15 21:00:00,5.6,2.61,0.0,1.3,89.8,8.21,8.46,8.82,0.12,
54,2025-06-15 22:00:00,7.4,2.95,0.0,0.3,90.95,8.06,8.18,8.35,0.1,
54,2025-06-15 23:00:00,6.2,3.22,0.0,0.3,90.65,8.41,8.44,8.49,0.11,
54,2025-06-16 00:00:00,6.5,3.49,0.0,0.0,89.95,8.37,8.38,8.4,0.11,
54,2025-06-16 01:00:00,7.48,3.8,0.0,0.1,85.25,8.35,8.46,8.67,0.17,
54,2025-06-16 02:00:00,5.75,2.78,0.0,0.0,83.68,8.36,8.41,8.53,0.18,
54,2025-06-16 03:00:00,2.75,0.88,0.0,0.0,86.6,8.07,8.13,8.24,0.15,
54,2025-06-16 04:00:00,3.35,1.47,0.0,0.1,90.6,7.8,7.88,8.01,0.1,
54,2025-06-16 05:00:00,3.2,0.93,0.0,3.8,95.58,7.72,7.79,7.87,0.05,
54,2025-06-16 06:00:00,2.52,1.32,0.0,4.0,96.93,7.6,7.64,7.68,0.03,
54,2025-06-16 07:00:00,1.62,0.26,0.0,2.0,96.98,7.65,7.7,7.74,0.03,
54,2025-06-16 08:00:00,2.3,0.64,0.35,2.4,96.9,7.64,7.66,7.69,0.03,
54,2025-06-16 09:00:00,2.38,0.53,15.29,1.1,97.2,7.63,7.7,7.81,0.03,
54,2025-06-16 10:00:00,2.3,1.08,52.29,0.9,97.23,7.85,7.98,8.14,0.03,
54,2025-06-16 11:00:00,2.52,1.11,90.8,0.1,96.48,8.3,8.51,8.69,0.04,
54,2025-06-16 12:00:00,4.62,1.93,307.8,0.0,93.7,8.86,9.33,9.94,0.08,
54,2025-06-16 13:00:00,4.62,2.3,452.6,0.0,85.25,10.23,10.79,11.11,0.19,
54,2025-06-16 14:00:00,4.55,2.36,268.2,0.0,80.91,10.81,11.01,11.3,0.25,
54,2025-06-16 15:00:00,5.9,2.8,357.1,0.0,76.0,11.1,11.45,11.85,0.33,
54,2025-06-16 16:00:00,6.42,2.81,250.5,0.0,81.21,10.35,11.09,11.57,0.25,
54,2025-06-16 17:00:00,5.75,2.66,141.6,0.0,83.7,9.94,10.15,10.33,0.2,
54,2025-06-16 18:00:00,4.4,2.27,17.18,0.0,87.48,9.33,9.52,9.81,0.15,
54,2025-06-16 19:00:00,4.32,2.14,0.04,0.0,87.78,9.11,9.26,9.41,0.14,
54,2025-06-16 20:00:00,3.88,1.59,0.0,0.0,86.8,8.98,9.27,9.41,0.15,
54,2025-06-16 21:00:00,2.22,0.86,0.0,0.0,88.93,8.74,8.82,8.87,0.13,
54,2025-06-16 22:00:00,3.58,1.39,0.0,0.0,88.18,8.83,8.91,8.95,0.14,
54,2025-06-16 23:00:00,3.42,1.41,0.0,0.0,87.38,9.0,9.11,9.34,0.15,
54,2025-06-17 00:00:00,2.6,1.26,0.0,0.0,86.33,9.26,9.34,9.39,0.16,
54,2025-06-17 01:00:00,2.38,0.65,0.0,0.0,86.53,9.16,9.28,9.39,0.16,
54,2025-06-17 02:00:00,1.62,0.43,0.0,0.0,90.08,8.31,8.8,9.23,0.11,
54,2025-06-17 03:00:00,0.95,0.05,0.0,0.0,92.45,8.09,8.24,8.39,0.08,
54,2025-06-17 04:00:00,0.88,0.12,0.0,0.0,94.73,7.42,7.57,7.72,0.06,
54,2025-06-17 05:00:00,1.1,0.14,0.0,0.2,94.45,7.91,8.0,8.08,0.06,
54,2025-06-17 06:00:00,2.08,1.08,0.0,0.1,96.3,7.81,7.85,7.88,0.04,
54,2025-06-17 07:00:00,1.92,1.13,0.0,0.0,96.63,7.82,7.83,7.83,0.04,
54,2025-06-17 08:00:00,2.75,0.97,1.6,0.0,95.88,7.85,7.9,7.98,0.05,
54,2025-06-17 09:00:00,1.7,0.53,47.31,0.0,95.05,7.84,8.03,8.2,0.05,
54,2025-06-17 10:00:00,3.65,1.31,398.2,0.0,88.35,8.42,9.33,10.44,0.14,
54,2025-06-17 11:00:00,2.52,0.7,395.7,0.0,78.09,11.06,11.74,12.17,0.3,
54,2025-06-17 12:00:00,1.78,0.23,492.3,0.0,73.12,12.01,12.88,13.4,0.4,
54,2025-06-17 13:00:00,3.12,0.91,337.3,0.0,73.22,13.13,13.26,13.43,0.41,
54,2025-06-17 14:00:00,3.12,1.14,480.4,0.0,70.91,13.19,13.79,14.15,0.46,
54,2025-06-17 15:00:00,3.05,0.85,426.1,0.0,59.62,14.16,14.93,15.55,0.69,
54,2025-06-17 16:00:00,3.35,1.07,288.2,0.0,63.07,13.99,14.81,15.28,0.62,
54,2025-06-17 17:00:00,2.98,1.02,189.3,0.0,61.79,14.39,14.67,15.03,0.64,
54,2025-06-17 18:00:00,1.1,0.01,58.79,0.0,67.82,12.22,13.58,14.56,0.51,
54,2025-06-17 19:00:00,0.0,0.0,0.17,0.0,84.45,8.87,9.9,11.2,0.19,
54,2025-06-17 20:00:00,0.0,0.0,0.0,0.0,91.05,6.45,7.52,8.41,0.1,
54,2025-06-17 21:00:00,0.0,0.0,0.0,0.0,94.58,5.72,5.98,6.33,0.05,
54,2025-06-17 22:00:00,0.88,0.03,0.0,0.0,94.58,5.62,5.84,6.1,0.05,
54,2025-06-17 23:00:00,2.38,0.5,0.0,0.0,94.53,5.5,6.24,6.89,0.06,
54,2025-06-18 00:00:00,1.02,0.02,0.0,0.0,95.5,5.45,6.03,6.83,0.04,
54,2025-06-18 01:00:00,1.55,0.58,0.0,0.0,96.53,5.71,5.94,6.04,0.03,
54,2025-06-18 02:00:00,3.12,1.4,0.0,0.0,95.6,5.86,6.07,6.25,0.04,
54,2025-06-18 03:00:00,2.9,0.94,0.0,0.0,97.1,5.33,5.57,5.72,0.03,
54,2025-06-18 04:00:00,3.95,2.1,0.0,0.0,97.55,4.71,4.94,5.15,0.02,
54,2025-06-18 05:00:00,3.05,1.62,0.0,0.1,98.05,4.58,4.66,4.79,0.02,
54,2025-06-18 06:00:00,3.28,1.36,0.0,0.0,98.28,4.98,5.14,5.2,0.02,
54,2025-06-18 07:00:00,2.75,0.99,0.0,0.0,98.38,5.34,5.55,5.72,0.01,
54,2025-06-18 08:00:00,3.8,2.07,1.68,0.0,98.4,5.5,5.57,5.67,0.01,
54,2025-06-18 09:00:00,4.32,2.51,27.57,0.0,98.13,5.26,5.29,5.38,0.02,
54,2025-06-18 10:00:00,4.1,2.25,97.1,0.0,96.93,5.36,5.5,5.72,0.03,
54,2025-06-18 11:00:00,3.88,2.18,218.2,0.0,92.93,5.91,6.24,6.45,0.07,
54,2025-06-18 12:00:00,4.1,2.13,328.8,0.0,89.45,6.55,6.72,6.98,0.11,
54,2025-06-18 13:00:00,4.62,2.33,464.3,0.0,80.89,7.91,8.84,9.96,0.22,
54,2025-06-18 14:00:00,4.7,2.53,460.4,0.0,70.09,10.41,10.91,11.38,0.39,
54,2025-06-18 15:00:00,4.7,2.65,415.6,0.0,64.51,11.74,12.13,12.5,0.5,
54,2025-06-18 16:00:00,5.08,3.03,322.3,0.0,63.99,12.57,12.69,12.77,0.53,
54,2025-06-18 17:00:00,4.03,2.57,192.5,0.0,66.84,12.54,12.67,12.85,0.49,
54,2025-06-18 18:00:00,4.03,1.35,61.24,0.0,73.42,10.39,11.42,12.26,0.36,
54,2025-06-18 19:00:00,2.22,0.74,0.19,0.0,81.65,8.91,9.4,9.98,0.22,
54,2025-06-18 20:00:00,2.0,0.52,0.0,0.0,82.13,8.27,8.46,8.79,0.2,
54,2025-06-18 21:00:00,3.65,1.38,0.0,0.0,81.37,7.73,7.89,8.19,0.2,
54,2025-06-18 22:00:00,3.42,2.07,0.0,0.0,85.38,6.94,7.16,7.49,0.15,
54,2025-06-18 23:00:00,3.95,2.45,0.0,0.0,89.55,6.88,6.93,6.99,0.11,
54,2025-06-19 00:00:00,4.55,2.39,0.0,0.0,89.73,6.26,6.38,6.61,0.1,
54,2025-06-19 01:00:00,4.4,2.5,0.0,0.0,87.38,5.69,5.92,6.17,0.12,
54,2025-06-19 02:00:00,2.52,0.59,0.0,0.0,91.88,3.57,4.44,5.38,0.07,
54,2025-06-19 03:00:00,2.3,0.87,0.0,0.0,94.13,3.14,3.46,3.77,0.05,
54,2025-06-19 04:00:00,1.85,0.21,0.0,0.0,93.75,2.28,3.05,3.45,0.05,
54,2025-06-19 05:00:00,0.0,0.0,0.0,0.0,96.03,1.13,1.69,2.02,0.03,
54,2025-06-19 06:00:00,3.12,1.0,0.0,0.0,97.0,1.25,2.12,2.7,0.02,
54,2025-06-19 07:00:00,1.7,0.26,0.0,0.0,96.0,1.67,1.98,2.39,0.03,
54,2025-06-19 08:00:00,2.98,1.05,1.74,0.0,97.4,1.05,2.03,2.64,0.02,
54,2025-06-19 09:00:00,2.0,0.49,27.8,0.0,97.88,2.66,2.77,2.92,0.02,
54,2025-06-19 10:00:00,3.12,1.5,120.4,0.0,97.88,3.08,3.52,3.94,0.02,
54,2025-06-19 11:00:00,5.08,2.9,255.8,0.0,90.45,4.13,4.52,4.91,0.08,
54,2025-06-19 12:00:00,5.15,3.06,466.1,0.0,83.2,5.36,5.85,6.29,0.16,
54,2025-06-19 13:00:00,4.4,2.68,475.2,0.0,78.93,6.74,7.37,8.05,0.22,
54,2025-06-19 14:00:00,4.78,2.6,470.9,0.0,73.04,8.53,9.03,9.42,0.31,
54,2025-06-19 15:00:00,4.03,1.83,425.0,0.0,67.22,9.61,10.03,10.46,0.4,
54,2025-06-19 16:00:00,4.47,2.34,329.3,0.0,64.21,10.64,10.77,10.94,0.46,
54,2025-06-19 17:00:00,3.65,1.96,196.9,0.0,66.17,10.83,10.92,11.04,0.44,
54,2025-06-19 18:00:00,1.78,0.32,63.43,0.0,73.54,8.72,9.83,10.7,0.33,
54,2025-06-19 19:00:00,0.88,0.04,0.24,0.0,85.83,6.13,7.05,8.0,0.14,
54,2025-06-19 20:00:00,1.4,0.22,0.0,0.0,89.78,5.33,5.56,5.86,0.09,
54,2025-06-19 21:00:00,1.62,0.38,0.0,0.0,87.65,3.84,5.63,6.71,0.12,
54,2025-06-19 22:00:00,0.5,0.0,0.0,0.0,95.03,3.49,3.66,3.83,0.04,
54,2025-06-19 23:00:00,1.1,0.05,0.0,0.0,89.98,3.77,5.25,6.27,0.09,
54,2025-06-20 00:00:00,1.7,0.17,0.0,0.0,88.3,5.33,5.97,6.29,0.11,
54,2025-06-20 01:00:00,0.0,0.0,0.0,0.0,94.13,3.88,4.23,4.62,0.05,
54,2025-06-20 02:00:00,0.0,0.0,0.0,0.0,96.68,3.89,4.28,4.58,0.03,
54,2025-06-20 03:00:00,0.95,0.03,0.0,0.0,97.2,2.71,2.95,3.09,0.02,
54,2025-06-20 04:00:00,2.22,0.79,0.0,0.0,97.43,1.09,1.53,2.28,0.02,
54,2025-06-20 05:00:00,1.7,0.41,0.0,0.1,98.08,1.04,1.64,2.2,0.01,
54,2025-06-20 06:00:00,0.72,0.01,0.0,0.0,98.2,2.39,2.54,2.71,0.01,
54,2025-06-20 07:00:00,0.88,0.01,0.0,0.0,98.3,3.0,3.2,3.36,0.01,
54,2025-06-20 08:00:00,1.4,0.14,1.46,0.0,98.33,3.48,3.59,3.7,0.01,
54,2025-06-20 09:00:00,2.0,0.84,29.65,0.0,98.3,2.85,3.01,3.32,0.01,
54,2025-06-20 10:00:00,1.78,0.64,108.0,0.0,98.33,2.78,2.94,3.3,0.01,
54,2025-06-20 11:00:00,1.7,0.47,209.2,0.0,98.45,3.56,4.1,4.65,0.01,
54,2025-06-20 12:00:00,2.52,0.71,202.0,0.0,98.5,4.97,5.26,5.56,0.01,
54,2025-06-20 13:00:00,2.68,0.92,208.1,0.0,98.5,5.72,6.23,6.83,0.01,
54,2025-06-20 14:00:00,2.22,0.98,352.3,0.0,93.83,7.27,8.43,9.6,0.07,
54,2025-06-20 15:00:00,2.22,0.87,414.9,0.0,77.83,10.67,12.01,13.21,0.32,
54,2025-06-20 16:00:00,2.22,0.85,347.6,0.1,73.11,13.1,13.66,14.04,0.42,
54,2025-06-20 17:00:00,3.28,0.56,183.6,0.0,73.1,12.94,14.03,14.62,0.44,
54,2025-06-20 18:00:00,2.15,0.71,55.86,0.0,82.92,10.83,11.69,12.44,0.24,
54,2025-06-20 19:00:00,0.65,0.01,0.22,0.0,90.03,8.49,9.42,10.48,0.12,
54,2025-06-20 20:00:00,0.0,0.0,0.0,0.0,94.6,7.05,7.51,7.98,0.06,
54,2025-06-20 21:00:00,0.95,0.06,0.0,0.0,96.2,6.57,6.85,7.09,0.04,
54,2025-06-20 22:00:00,0.35,0.0,0.0,0.0,96.38,7.4,7.76,8.07,0.04,
54,2025-06-20 23:00:00,1.18,0.03,0.0,0.0,94.95,8.2,8.34,8.41,0.06,
54,2025-06-21 00:00:00,0.95,0.06,0.0,0.0,93.58,8.44,8.51,8.58,0.07,
54,2025-06-21 01:00:00,0.72,0.01,0.0,0.0,93.8,8.57,8.58,8.61,0.07,
54,2025-06-21 02:00:00,0.0,0.0,0.0,0.0,93.28,8.56,8.59,8.61,0.08,
54,2025-06-21 03:00:00,0.88,0.02,0.0,0.0,93.98,8.58,8.61,8.63,0.07,
54,2025-06-21 04:00:00,1.62,0.09,0.0,0.0,93.55,8.62,8.7,8.82,0.07,
54,2025-06-21 05:00:00,2.75,0.83,0.0,0.0,88.43,8.91,9.0,9.1,0.13,
54,2025-06-21 06:00:00,1.25,0.15,0.0,0.0,88.35,8.78,8.89,8.93,0.14,
54,2025-06-21 07:00:00,1.7,0.4,0.0,0.0,89.18,8.36,8.52,8.7,0.12,
54,2025-06-21 08:00:00,0.8,0.05,0.49,0.0,91.0,8.37,8.4,8.44,0.1,
54,2025-06-21 09:00:00,1.02,0.1,32.72,0.0,91.1,8.38,8.44,8.53,0.1,
54,2025-06-21 10:00:00,2.08,0.45,87.4,0.0,88.85,8.71,9.04,9.32,0.13,
54,2025-06-21 11:00:00,2.75,1.16,95.5,0.0,82.0,9.6,9.79,9.97,0.22,
54,2025-06-21 12:00:00,2.9,1.08,204.2,0.0,79.24,10.19,10.45,10.56,0.26,
54,2025-06-21 13:00:00,1.78,0.63,167.2,0.0,77.2,10.72,10.93,11.06,0.3,
54,2025-06-21 14:00:00,2.82,0.54,290.3,0.0,74.38,11.26,11.44,11.64,0.35,
54,2025-06-21 15:00:00,2.68,0.74,177.6,0.0,71.94,11.64,11.72,11.78,0.39,
54,2025-06-21 16:00:00,2.15,1.02,78.14,0.0,73.15,11.55,11.61,11.69,0.37,
54,2025-06-21 17:00:00,2.15,0.32,16.65,0.0,79.33,10.78,11.1,11.41,0.27,
54,2025-06-21 18:00:00,2.98,1.22,4.84,0.4,86.43,10.27,10.48,10.6,0.17,
54,2025-06-21 19:00:00,2.82,0.8,0.0,4.3,93.35,9.65,9.78,9.94,0.08,
54,2025-06-21 20:00:00,3.42,1.49,0.0,4.1,96.35,9.29,9.42,9.52,0.04,
54,2025-06-21 21:00:00,3.95,1.6,0.0,3.9,95.73,8.97,9.11,9.28,0.05,
54,2025-06-21 22:00:00,4.62,2.5,0.0,1.5,95.3,8.66,8.73,8.86,0.05,
54,2025-06-21 23:00:00,7.02,3.39,0.0,2.5,95.25,8.13,8.36,8.61,0.05,
54,2025-06-22 00:00:00,6.8,3.79,0.0,1.3,94.58,8.07,8.12,8.15,0.06,
54,2025-06-22 01:00:00,6.95,3.42,0.0,0.7,95.45,8.02,8.04,8.06,0.05,
54,2025-06-22 02:00:00,6.12,3.26,0.0,0.1,95.93,7.99,8.01,8.01,0.04,
54,2025-06-22 03:00:00,5.98,2.24,0.0,0.1,95.75,8.0,8.01,8.03,0.05,
54,2025-06-22 04:00:00,5.15,2.55,0.0,0.0,96.28,8.05,8.07,8.09,0.04,
54,2025-06-22 05:00:00,3.8,1.85,0.0,0.0,96.08,8.13,8.21,8.29,0.04,
54,2025-06-22 06:00:00,2.68,1.19,0.0,0.0,96.55,8.31,8.33,8.36,0.04,
54,2025-06-22 07:00:00,2.22,0.96,0.0,0.0,96.88,8.36,8.37,8.37,0.03,
54,2025-06-22 08:00:00,0.95,0.08,1.22,0.0,96.88,8.15,8.26,8.37,0.04,
54,2025-06-22 09:00:00,2.45,0.73,36.82,0.0,97.25,8.27,8.36,8.47,0.03,
54,2025-06-22 10:00:00,4.32,2.29,64.85,0.0,95.03,8.52,8.65,8.88,0.06,
54,2025-06-22 11:00:00,6.12,3.44,167.9,0.1,84.6,8.69,8.8,9.06,0.18,
54,2025-06-22 12:00:00,5.9,3.31,339.7,0.0,77.61,8.94,9.46,9.91,0.27,
54,2025-06-22 13:00:00,6.72,3.88,468.9,0.0,57.34,10.62,10.88,11.02,0.56,
54,2025-06-22 14:00:00,7.18,4.43,466.7,0.0,45.17,11.18,11.4,11.6,0.74,
54,2025-06-22 15:00:00,6.58,4.31,425.6,0.0,43.22,11.71,11.78,11.87,0.79,
54,2025-06-22 16:00:00,7.4,4.07,331.7,0.0,42.4,11.81,12.04,12.21,0.81,
54,2025-06-22 17:00:00,8.0,4.71,199.7,0.0,46.7,10.62,11.09,11.58,0.7,
54,2025-06-22 18:00:00,6.8,3.3,62.14,0.0,56.11,8.53,9.33,10.12,0.52,
54,2025-06-22 19:00:00,4.78,2.61,0.26,0.0,62.84,7.53,7.79,8.19,0.39,
54,2025-06-22 20:00:00,5.0,2.73,0.0,0.0,69.02,6.56,6.78,7.28,0.31,
54,2025-06-22 21:00:00,4.32,2.3,0.0,0.0,74.59,5.25,5.71,6.26,0.24,
54,2025-06-22 22:00:00,4.32,2.66,0.0,0.0,76.72,5.26,5.38,5.53,0.21,
54,2025-06-22 23:00:00,4.62,2.53,0.0,0.0,79.27,4.72,5.25,5.64,0.19,
54,2025-06-23 00:00:00,4.85,2.86,0.0,0.0,81.2,4.26,4.55,4.74,0.16,
54,2025-06-23 01:00:00,4.78,2.79,0.0,0.0,80.65,4.36,4.4,4.47,0.16,
54,2025-06-23 02:00:00,4.18,2.38,0.0,0.0,84.05,3.48,3.74,4.13,0.13,
54,2025-06-23 03:00:00,4.55,2.59,0.0,0.0,83.3,3.28,3.45,3.56,0.13,
54,2025-06-23 04:00:00,4.03,1.21,0.0,0.0,85.05,2.6,2.99,3.37,0.11,
54,2025-06-23 05:00:00,2.0,0.63,0.0,0.0,86.7,1.37,2.19,2.53,0.1,
54,2025-06-23 06:00:00,1.02,0.15,0.0,0.0,90.4,0.54,0.74,0.96,0.06,
54,2025-06-23 07:00:00,2.3,0.66,0.0,0.0,88.65,0.74,1.19,1.53,0.08,
54,2025-06-23 08:00:00,1.78,0.1,3.4,0.0,89.78,0.53,0.78,1.05,0.07,
54,2025-06-23 09:00:00,2.82,0.51,131.4,0.0,83.35,0.64,1.53,2.97,0.12,
54,2025-06-23 10:00:00,4.03,2.17,261.3,0.0,73.03,3.44,3.86,4.3,0.22,
54,2025-06-23 11:00:00,4.7,2.76,378.2,0.0,70.75,4.5,4.95,5.65,0.26,
54,2025-06-23 12:00:00,5.3,3.02,449.6,0.0,63.0,6.05,7.09,7.88,0.38,
54,2025-06-23 13:00:00,6.2,3.81,467.8,0.0,58.6,8.06,8.59,8.98,0.46,
54,2025-06-23 14:00:00,6.2,4.04,464.2,0.0,54.78,9.27,9.55,9.83,0.54,
54,2025-06-23 15:00:00,5.68,3.31,416.2,0.0,53.59,10.16,10.39,10.62,0.58,
54,2025-06-23 16:00:00,5.68,3.4,321.1,0.0,52.31,10.67,10.73,10.78,0.62,
54,2025-06-23 17:00:00,5.22,3.15,193.0,0.0,53.62,10.41,10.55,10.78,0.59,
54,2025-06-23 18:00:00,3.72,1.72,61.58,0.0,60.91,8.31,9.3,10.11,0.46,
54,2025-06-23 19:00:00,3.42,1.91,0.25,0.0,65.57,7.56,7.85,8.02,0.37,
54,2025-06-23 20:00:00,3.42,1.94,0.0,0.0,70.21,6.76,6.98,7.22,0.3,
54,2025-06-23 21:00:00,3.72,1.65,0.0,0.0,74.36,5.52,6.11,6.73,0.25,
54,2025-06-23 22:00:00,3.35,1.82,0.0,0.0,76.04,5.48,5.53,5.58,0.22,
54,2025-06-23 23:00:00,3.05,1.62,0.0,0.0,77.17,5.03,5.18,5.31,0.2,
54,2025-06-24 00:00:00,2.45,1.07,0.0,0.0,77.3,5.04,5.15,5.34,0.2,
54,2025-06-24 01:00:00,3.35,1.26,0.0,0.0,78.87,4.43,4.8,5.13,0.19,
54,2025-06-24 02:00:00,2.15,0.91,0.0,0.0,83.25,3.63,3.89,4.0,0.14,
54,2025-06-24 03:00:00,2.45,1.08,0.0,0.0,86.05,2.99,3.19,3.43,0.11,
54,2025-06-24 04:00:00,1.7,0.32,0.0,0.0,90.55,1.51,1.94,2.7,0.07,
54,2025-06-24 05:00:00,1.7,0.74,0.0,0.0,91.15,1.58,1.73,1.96,0.06,
54,2025-06-24 06:00:00,1.7,0.32,0.0,0.0,92.4,1.48,1.71,1.9,0.05,
54,2025-06-24 07:00:00,1.78,0.28,0.0,0.0,93.8,0.98,1.31,1.66,0.04,
54,2025-06-24 08:00:00,1.32,0.05,3.38,0.0,95.13,0.57,0.77,1.08,0.03,
54,2025-06-24 09:00:00,1.02,0.05,128.9,0.0,93.35,0.51,1.22,2.11,0.05,
54,2025-06-24 10:00:00,2.38,1.03,257.1,0.0,85.5,2.99,3.6,4.14,0.12,
54,2025-06-24 11:00:00,2.6,1.37,370.7,0.0,78.34,4.72,5.44,6.42,0.2,
54,2025-06-24 12:00:00,4.18,1.95,443.8,0.0,72.82,6.92,7.67,8.48,0.29,
54,2025-06-24 13:00:00,3.88,2.17,466.6,0.0,68.64,8.91,9.62,10.33,0.38,
54,2025-06-24 14:00:00,4.62,2.0,463.0,0.0,64.5,10.83,11.53,12.23,0.48,
54,2025-06-24 15:00:00,6.2,3.63,415.7,0.0,61.52,12.53,13.14,13.64,0.58,
54,2025-06-24 16:00:00,6.35,3.32,323.5,0.0,61.02,13.67,13.89,13.98,0.62,
54,2025-06-24 17:00:00,4.62,2.43,195.4,0.0,61.63,13.45,13.7,13.88,0.6,
54,2025-06-24 18:00:00,3.8,1.27,66.53,0.0,68.08,11.03,12.12,13.03,0.45,
54,2025-06-24 19:00:00,0.0,0.0,0.08,0.0,80.09,8.75,9.41,10.2,0.24,
54,2025-06-24 20:00:00,1.32,0.01,0.0,0.0,84.53,7.54,7.96,8.77,0.17,
54,2025-06-24 21:00:00,0.88,0.01,0.0,0.0,89.23,6.69,6.76,6.9,0.11,
54,2025-06-24 22:00:00,0.0,0.0,0.0,0.0,89.75,6.9,7.43,7.86,0.11,
54,2025-06-24 23:00:00,0.0,0.0,0.0,0.0,89.85,8.0,8.03,8.06,0.11,
54,2025-06-25 00:00:00,1.7,0.35,0.0,0.0,92.13,8.06,8.35,8.77,0.09,
54,2025-06-25 01:00:00,1.85,0.48,0.0,0.0,94.03,8.69,8.73,8.79,0.07,
54,2025-06-25 02:00:00,4.1,2.25,0.0,0.0,88.5,8.11,8.66,9.06,0.13,
54,2025-06-25 03:00:00,4.55,2.82,0.0,0.0,85.9,7.15,7.33,7.64,0.14,
54,2025-06-25 04:00:00,4.4,2.13,0.0,0.0,87.45,6.12,6.47,6.89,0.12,
54,2025-06-25 05:00:00,3.5,1.34,0.0,0.0,89.1,5.51,5.71,5.99,0.1,
54,2025-06-25 06:00:00,4.55,2.06,0.0,0.0,90.78,4.85,4.99,5.13,0.08,
54,2025-06-25 07:00:00,4.55,1.55,0.0,0.0,89.28,4.35,4.49,4.69,0.09,
54,2025-06-25 08:00:00,4.55,1.84,2.7,0.0,85.7,4.42,4.54,4.71,0.12,
54,2025-06-25 09:00:00,4.7,2.25,120.6,0.0,81.61,4.44,4.87,5.48,0.16,
54,2025-06-25 10:00:00,5.98,3.58,263.9,0.0,78.21,5.82,6.14,6.52,0.2,
54,2025-06-25 11:00:00,7.32,4.35,381.2,0.0,74.43,7.0,7.53,8.0,0.27,
54,2025-06-25 12:00:00,7.62,4.5,454.5,0.0,68.3,8.47,8.98,9.37,0.37,
54,2025-06-25 13:00:00,7.85,4.99,474.0,0.0,63.71,9.56,9.94,10.3,0.45,
54,2025-06-25 14:00:00,7.7,4.51,469.9,0.0,60.34,10.48,10.79,11.08,0.51,
54,2025-06-25 15:00:00,7.92,4.99,424.7,0.0,54.9,11.07,11.27,11.5,0.61,
54,2025-06-25 16:00:00,8.75,5.08,330.8,0.0,52.12,10.93,11.2,11.3,0.64,
54,2025-06-25 17:00:00,7.32,4.56,201.0,0.0,52.64,10.14,10.47,10.96,0.6,
54,2025-06-25 18:00:00,5.45,2.75,64.78,0.0,57.37,8.46,9.17,9.87,0.5,
54,2025-06-25 19:00:00,3.28,1.45,0.28,0.0,62.88,6.32,7.05,7.7,0.37,
54,2025-06-25 20:00:00,2.22,0.67,0.0,0.0,63.59,5.87,5.96,6.05,0.34,
54,2025-06-25 21:00:00,1.78,0.53,0.0,0.0,68.99,4.04,4.66,5.13,0.26,
54,2025-06-25 22:00:00,2.22,0.83,0.0,0.0,69.78,3.54,4.32,4.97,0.25,
54,2025-06-25 23:00:00,1.85,0.56,0.0,0.0,77.36,2.19,2.75,3.13,0.17,
54,2025-06-26 00:00:00,1.32,0.33,0.0,0.0,82.33,1.1,1.74,2.01,0.12,
54,2025-06-26 01:00:00,1.32,0.34,0.0,0.0,88.6,-0.72,-0.23,0.46,0.07,
54,2025-06-26 02:00:00,1.1,0.07,0.0,0.0,92.15,-1.6,-1.09,-0.47,0.05,
54,2025-06-26 03:00:00,1.55,0.44,0.0,0.0,93.73,-1.81,-1.64,-1.4,0.04,
54,2025-06-26 04:00:00,1.02,0.16,0.0,0.0,94.05,-2.29,-1.91,-1.58,0.03,
54,2025-06-26 05:00:00,1.02,0.12,0.0,0.0,94.6,-2.48,-2.31,-2.1,0.03,
54,2025-06-26 06:00:00,1.7,0.22,0.0,0.0,94.3,-2.66,-2.34,-2.06,0.03,
54,2025-06-26 07:00:00,1.32,0.1,0.0,0.0,94.05,-2.88,-2.66,-2.28,0.03,
54,2025-06-26 08:00:00,1.25,0.26,3.08,0.0,94.18,-3.03,-2.97,-2.91,0.03,
54,2025-06-26 09:00:00,1.1,0.08,119.6,0.0,93.75,-2.8,-2.0,-0.82,0.04,
54,2025-06-26 10:00:00,1.48,0.32,270.4,0.0,88.5,0.23,1.25,1.94,0.08,
54,2025-06-26 11:00:00,1.85,0.81,378.2,0.0,82.02,2.71,3.98,5.34,0.15,
54,2025-06-26 12:00:00,2.82,0.59,448.9,0.0,70.34,5.78,6.92,7.73,0.3,
54,2025-06-26 13:00:00,4.92,2.14,474.1,0.0,65.06,7.98,8.38,8.83,0.39,
54,2025-06-26 14:00:00,3.88,2.21,472.1,0.0,58.58,9.55,10.08,10.69,0.51,
54,2025-06-26 15:00:00,5.0,2.24,425.7,0.0,51.6,10.99,11.26,11.41,0.65,
54,2025-06-26 16:00:00,4.7,2.57,329.3,0.0,50.76,11.66,11.7,11.75,0.68,
54,2025-06-26 17:00:00,4.47,1.86,177.1,0.0,55.33,11.24,11.34,11.49,0.6,
54,2025-06-26 18:00:00,2.3,0.33,65.28,0.0,63.57,8.66,9.9,10.88,0.45,
54,2025-06-26 19:00:00,0.65,0.0,0.29,0.0,75.53,5.72,6.69,7.86,0.25,
54,2025-06-26 20:00:00,0.28,0.0,0.0,0.0,81.95,4.12,4.75,5.24,0.16,
54,2025-06-26 21:00:00,0.0,0.0,0.0,0.0,86.7,3.35,3.57,3.86,0.11,
54,2025-06-26 22:00:00,1.7,0.34,0.0,0.0,85.25,3.7,3.96,4.18,0.12,
54,2025-06-26 23:00:00,1.18,0.14,0.0,0.0,89.03,3.24,3.55,3.68,0.09,
54,2025-06-27 00:00:00,1.25,0.12,0.0,0.0,90.83,2.86,3.2,3.82,0.07,
54,2025-06-27 01:00:00,1.02,0.09,0.0,0.0,93.15,2.32,2.62,2.96,0.05,
54,2025-06-27 02:00:00,1.25,0.15,0.0,0.0,93.15,3.02,3.32,3.57,0.05,
54,2025-06-27 03:00:00,0.95,0.2,0.0,0.0,93.88,2.61,3.0,3.3,0.05,
54,2025-06-27 04:00:00,1.55,0.16,0.0,0.0,95.7,2.3,2.41,2.53,0.03,
54,2025-06-27 05:00:00,1.18,0.08,0.0,0.0,96.28,2.21,2.37,2.58,0.03,
54,2025-06-27 06:00:00,0.95,0.18,0.0,0.0,96.1,2.73,2.76,2.77,0.03,
54,2025-06-27 07:00:00,1.02,0.16,0.0,0.0,96.38,2.88,2.91,2.96,0.03,
54,2025-06-27 08:00:00,0.72,0.01,1.09,0.0,95.73,3.13,3.45,3.84,0.04,
54,2025-06-27 09:00:00,1.25,0.16,20.35,0.0,96.1,3.12,3.28,3.46,0.03,
54,2025-06-27 10:00:00,1.92,0.41,57.22,0.0,94.68,3.67,4.13,4.58,0.04,
54,2025-06-27 11:00:00,2.38,0.97,149.9,0.0,91.45,5.11,5.72,6.33,0.08,
54,2025-06-27 12:00:00,3.88,2.16,157.7,0.0,85.28,6.93,7.15,7.35,0.15,
54,2025-06-27 13:00:00,3.88,1.94,207.5,0.0,82.55,7.54,8.0,8.57,0.19,
54,2025-06-27 14:00:00,5.15,2.51,342.6,0.0,74.7,8.84,9.14,9.75,0.3,
54,2025-06-27 15:00:00,4.7,2.48,358.4,0.0,67.37,10.06,10.66,11.22,0.42,
54,2025-06-27 16:00:00,4.55,2.53,326.4,0.0,60.89,11.56,11.65,11.75,0.54,
54,2025-06-27 17:00:00,3.8,2.12,197.2,0.0,58.24,11.59,11.71,11.84,0.58,
54,2025-06-27 18:00:00,2.98,1.97,64.84,0.0,65.5,9.08,10.24,11.29,0.43,
54,2025-06-27 19:00:00,2.45,1.11,0.29,0.0,75.96,7.3,7.96,8.63,0.26,
54,2025-06-27 20:00:00,2.45,0.83,0.0,0.0,76.95,6.44,7.11,7.46,0.24,
54,2025-06-27 21:00:00,0.8,0.06,0.0,0.0,86.03,3.99,4.79,5.84,0.12,
54,2025-06-27 22:00:00,1.25,0.15,0.0,0.0,92.95,2.08,2.45,3.21,0.05,
54,2025-06-27 23:00:00,0.95,0.15,0.0,0.0,94.48,1.8,2.22,2.66,0.04,
54,2025-06-28 00:00:00,0.0,0.0,0.0,0.0,94.98,0.41,0.92,1.58,0.03,
54,2025-06-28 01:00:00,1.1,0.11,0.0,0.0,96.3,0.66,0.89,1.14,0.02,
54,2025-06-28 02:00:00,1.85,0.27,0.0,0.0,94.83,0.44,0.99,1.96,0.04,
54,2025-06-28 03:00:00,1.02,0.08,0.0,0.0,96.33,0.08,0.63,1.07,0.02,
54,2025-06-28 04:00:00,1.32,0.24,0.0,0.0,96.65,-0.76,-0.68,-0.52,0.02,
54,2025-06-28 05:00:00,1.32,0.17,0.0,0.0,97.38,-1.28,-1.19,-1.03,0.01,
54,2025-06-28 06:00:00,0.95,0.05,0.0,0.0,97.6,-1.68,-1.56,-1.45,0.01,
54,2025-06-28 07:00:00,1.85,0.79,0.0,0.0,98.05,-0.93,0.01,0.68,0.01,
54,2025-06-28 08:00:00,1.7,0.88,2.57,0.0,98.1,0.83,0.96,1.07,0.01,
54,2025-06-28 09:00:00,1.02,0.15,93.9,0.1,98.03,-0.23,0.17,0.74,0.01,
54,2025-06-28 10:00:00,1.7,0.18,159.1,0.0,98.18,-0.1,0.69,1.78,0.01,
54,2025-06-28 11:00:00,2.15,0.4,128.1,0.0,98.33,2.58,3.17,3.76,0.01,
54,2025-06-28 12:00:00,2.98,1.14,169.2,0.0,96.13,4.27,4.84,5.47,0.03,
54,2025-06-28 13:00:00,4.47,2.03,261.2,0.0,85.8,5.96,6.46,6.98,0.14,
54,2025-06-28 14:00:00,5.15,2.56,453.5,0.0,77.76,7.27,7.63,7.91,0.23,
54,2025-06-28 15:00:00,3.42,1.43,445.8,0.0,69.86,8.11,8.64,8.97,0.34,
54,2025-06-28 16:00:00,2.82,1.38,305.0,0.0,69.83,8.51,8.87,9.12,0.34,
54,2025-06-28 17:00:00,3.5,2.26,199.1,0.0,74.98,7.53,8.24,8.81,0.27,
54,2025-06-28 18:00:00,4.1,2.2,54.91,0.0,85.4,4.37,5.42,6.72,0.13,
54,2025-06-28 19:00:00,1.85,0.93,0.27,0.0,90.88,2.93,3.37,3.85,0.07,
54,2025-06-28 20:00:00,1.48,0.16,0.0,0.0,93.25,1.61,2.27,2.75,0.05,
54,2025-06-28 21:00:00,1.25,0.27,0.0,0.0,95.55,1.25,1.34,1.45,0.03,
54,2025-06-28 22:00:00,0.0,0.0,0.0,0.0,95.9,0.0,0.42,0.9,0.03,
54,2025-06-28 23:00:00,0.72,0.02,0.0,0.0,96.4,-1.16,-0.58,-0.14,0.02,
54,2025-06-29 00:00:00,0.65,0.01,0.0,0.0,96.85,-1.79,-1.53,-1.27,0.02,
54,2025-06-29 01:00:00,1.18,0.16,0.0,0.0,97.2,-1.91,-1.84,-1.7,0.02,
54,2025-06-29 02:00:00,1.1,0.11,0.0,0.0,97.48,-1.8,-1.6,-1.41,0.01,
54,2025-06-29 03:00:00,1.02,0.03,0.0,0.0,97.58,-2.0,-1.71,-1.31,0.01,
54,2025-06-29 04:00:00,2.22,1.09,0.0,0.0,97.7,-1.29,-0.83,-0.42,0.01,
54,2025-06-29 05:00:00,2.3,0.98,0.0,0.0,97.83,-0.84,-0.6,-0.48,0.01,
54,2025-06-29 06:00:00,2.98,0.65,0.0,0.0,97.95,-0.37,-0.29,-0.18,0.01,
54,2025-06-29 07:00:00,3.8,1.29,0.0,0.1,98.1,-0.02,0.16,0.29,0.01,
54,2025-06-29 08:00:00,2.9,1.12,1.46,0.1,98.13,0.14,0.26,0.33,0.01,
54,2025-06-29 09:00:00,3.72,2.03,42.78,0.0,98.2,0.18,0.27,0.32,0.01,
54,2025-06-29 10:00:00,4.32,2.2,103.5,0.0,98.23,0.19,0.36,0.54,0.01,
54,2025-06-29 11:00:00,4.85,2.5,134.5,0.0,98.28,0.66,0.82,1.07,0.01,
54,2025-06-29 12:00:00,3.5,2.01,303.8,0.0,96.95,1.36,1.85,2.45,0.02,
54,2025-06-29 13:00:00,3.35,1.8,479.3,0.0,81.14,3.06,4.34,5.58,0.16,
54,2025-06-29 14:00:00,4.1,2.22,476.3,0.0,68.9,6.37,7.28,8.04,0.32,
54,2025-06-29 15:00:00,4.1,2.47,433.7,0.0,59.36,8.45,8.92,9.4,0.47,
54,2025-06-29 16:00:00,4.62,2.9,339.2,0.0,55.12,9.45,9.79,10.02,0.55,
54,2025-06-29 17:00:00,4.92,2.86,206.0,0.0,53.74,9.71,9.88,10.01,0.57,
54,2025-06-29 18:00:00,4.85,2.63,70.91,0.0,58.58,7.13,8.31,9.33,0.46,
54,2025-06-29 19:00:00,4.55,2.8,0.2,0.0,62.31,5.48,6.17,6.68,0.36,
54,2025-06-29 20:00:00,4.62,2.53,0.0,0.0,68.08,4.4,4.77,5.24,0.28,
54,2025-06-29 21:00:00,4.03,2.57,0.0,0.0,71.59,3.27,3.71,4.14,0.23,
54,2025-06-29 22:00:00,4.4,2.55,0.0,0.0,68.82,3.08,3.16,3.29,0.24,
54,2025-06-29 23:00:00,5.15,2.13,0.0,0.0,66.93,2.37,2.75,2.95,0.25,
54,2025-06-30 00:00:00,2.98,1.02,0.0,0.0,72.25,1.31,1.64,2.04,0.19,
54,2025-06-30 01:00:00,3.5,1.68,0.0,0.0,75.83,0.68,0.87,1.14,0.16,
54,2025-06-30 02:00:00,3.88,1.44,0.0,0.0,74.47,0.36,0.53,0.63,0.16,
54,2025-06-30 03:00:00,2.38,1.01,0.0,0.0,69.83,0.29,0.34,0.43,0.19,
54,2025-06-30 04:00:00,3.65,1.21,0.0,0.0,72.97,-0.5,-0.03,0.28,0.17,
54,2025-06-30 05:00:00,3.65,1.79,0.0,0.0,73.26,-1.07,-0.73,-0.41,0.16,
54,2025-06-30 06:00:00,2.15,1.04,0.0,0.0,73.16,-1.58,-0.93,-0.66,0.15,
54,2025-06-30 07:00:00,1.48,0.53,0.0,0.0,83.5,-3.47,-2.68,-1.8,0.08,
54,2025-06-30 08:00:00,0.72,0.04,3.11,0.0,89.1,-4.12,-3.83,-3.55,0.05,
54,2025-06-30 09:00:00,1.18,0.31,141.2,0.0,84.61,-4.46,-3.56,-2.38,0.08,
54,2025-06-30 10:00:00,2.38,0.74,271.1,0.0,67.75,-1.96,-0.28,1.16,0.2,
54,2025-06-30 11:00:00,3.28,1.33,390.8,0.0,56.96,1.42,2.02,2.7,0.3,
54,2025-06-30 12:00:00,4.03,1.55,439.4,0.0,52.53,3.22,3.91,4.46,0.39,
54,2025-06-30 13:00:00,3.8,2.17,460.3,0.0,44.47,5.03,5.71,6.2,0.51,
54,2025-06-30 14:00:00,4.4,2.11,571.4,0.0,37.76,7.18,8.12,8.7,0.68,
54,2025-06-30 15:00:00,3.42,1.9,378.7,0.0,37.06,8.84,8.97,9.06,0.72,
54,2025-06-30 16:00:00,3.42,1.78,216.4,0.0,39.87,9.25,9.38,9.6,0.71,
54,2025-06-30 17:00:00,3.72,1.8,165.3,0.0,42.95,8.93,8.97,9.0,0.66,
54,2025-06-30 18:00:00,3.12,1.46,44.56,0.0,47.64,6.48,7.4,8.38,0.54,
54,2025-06-30 19:00:00,1.92,0.4,0.12,0.0,54.74,4.62,5.35,5.88,0.41,
54,2025-06-30 20:00:00,1.18,0.38,0.0,0.0,68.24,2.64,2.89,3.2,0.24,
54,2025-06-30 21:00:00,0.72,0.04,0.0,0.0,73.1,2.31,2.47,2.58,0.2,
54,2025-06-30 22:00:00,1.02,0.13,0.0,0.0,61.88,2.44,3.23,3.75,0.3,
54,2025-06-30 23:00:00,0.72,0.01,0.0,0.0,70.23,2.14,2.63,3.25,0.22,
54,2025-07-01 00:00:00,1.25,0.16,0.0,0.0,76.19,2.12,2.25,2.47,0.17,
54,2025-07-01 01:00:00,0.95,0.09,0.0,0.0,79.09,2.3,2.43,2.57,0.15,
54,2025-07-01 02:00:00,1.02,0.11,0.0,0.0,77.7,2.35,2.5,2.65,0.17,
54,2025-07-01 03:00:00,1.85,0.44,0.0,0.0,74.94,2.61,2.82,3.33,0.19,
54,2025-07-01 04:00:00,1.62,0.51,0.0,0.0,72.21,2.87,3.14,3.46,0.22,
54,2025-07-01 05:00:00,1.18,0.04,0.0,0.0,76.78,2.56,2.69,2.79,0.17,
54,2025-07-01 06:00:00,1.1,0.16,0.0,0.0,79.97,1.8,2.16,2.44,0.14,
54,2025-07-01 07:00:00,1.02,0.03,0.0,0.0,84.33,-0.21,0.45,1.25,0.1,
54,2025-07-01 08:00:00,0.0,0.0,2.6,0.0,89.85,-1.71,-1.1,-0.23,0.06,
54,2025-07-01 09:00:00,1.25,0.1,55.1,0.0,91.83,-2.1,-1.87,-1.65,0.04,
54,2025-07-01 10:00:00,1.32,0.09,231.5,0.0,77.83,-0.83,1.76,3.89,0.16,
54,2025-07-01 11:00:00,1.85,0.48,376.2,0.0,66.94,3.3,4.4,5.58,0.28,
54,2025-07-01 12:00:00,2.15,0.72,439.1,0.0,48.66,6.57,7.44,8.29,0.53,
54,2025-07-01 13:00:00,2.45,0.63,452.2,0.0,46.28,8.63,9.41,9.91,0.63,
54,2025-07-01 14:00:00,2.75,0.76,476.1,0.0,43.03,10.43,10.7,11.22,0.73,
54,2025-07-01 15:00:00,2.9,0.84,404.0,0.0,43.48,11.46,11.64,11.83,0.78,
54,2025-07-01 16:00:00,2.45,0.86,200.4,0.0,45.07,11.04,11.18,11.39,0.73,
54,2025-07-01 17:00:00,1.32,0.23,87.9,0.0,53.29,10.4,10.65,10.89,0.6,
54,2025-07-01 18:00:00,0.0,0.0,37.92,0.0,60.43,8.65,9.47,10.18,0.47,
54,2025-07-01 19:00:00,0.72,0.02,0.06,0.0,71.06,6.44,7.19,8.02,0.3,
54,2025-07-01 20:00:00,1.55,0.19,0.0,0.0,73.71,5.08,6.1,6.82,0.25,
54,2025-07-01 21:00:00,2.15,0.61,0.0,0.0,74.88,4.81,5.13,5.53,0.22,
54,2025-07-01 22:00:00,1.1,0.3,0.0,0.0,80.71,3.2,3.97,4.74,0.16,
54,2025-07-01 23:00:00,1.7,0.68,0.0,0.0,80.12,3.23,3.54,4.04,0.16,
54,2025-07-02 00:00:00,1.55,0.58,0.0,0.0,81.31,2.66,3.12,3.54,0.14,
54,2025-07-02 01:00:00,1.48,0.59,0.0,0.0,87.38,0.81,1.21,1.82,0.09,
54,2025-07-02 02:00:00,1.18,0.23,0.0,0.0,85.13,1.57,1.85,2.24,0.11,
54,2025-07-02 03:00:00,0.72,0.03,0.0,0.0,89.93,0.02,0.72,1.2,0.07,
54,2025-07-02 04:00:00,0.8,0.08,0.0,0.0,93.65,-1.0,-0.64,-0.22,0.04,
54,2025-07-02 05:00:00,0.0,0.0,0.0,0.0,94.83,-1.06,-0.88,-0.61,0.03,
54,2025-07-02 06:00:00,1.18,0.17,0.0,0.0,95.05,-1.28,-1.11,-0.99,0.03,
54,2025-07-02 07:00:00,0.0,0.0,0.0,0.0,94.78,-1.83,-1.69,-1.41,0.03,
54,2025-07-02 08:00:00,1.25,0.11,2.28,0.0,95.15,-2.09,-1.88,-1.68,0.03,
54,2025-07-02 09:00:00,0.35,0.0,79.2,0.0,94.85,-1.92,-1.63,-1.13,0.03,
54,2025-07-02 10:00:00,1.02,0.04,218.6,0.0,87.68,-0.29,1.25,2.62,0.09,
54,2025-07-02 11:00:00,0.88,0.04,347.4,0.0,72.91,4.08,5.51,6.63,0.25,
54,2025-07-02 12:00:00,2.52,0.79,424.5,0.0,63.37,7.41,8.12,8.7,0.4,
54,2025-07-02 13:00:00,2.98,1.39,456.8,0.0,57.39,9.08,9.76,10.47,0.52,
54,2025-07-02 14:00:00,3.58,1.83,469.8,0.0,51.95,11.1,11.63,12.35,0.66,
54,2025-07-02 15:00:00,2.75,0.75,443.3,0.0,48.08,12.73,13.39,14.39,0.8,
54,2025-07-02 16:00:00,2.22,0.55,279.6,0.0,47.78,14.05,14.13,14.18,0.84,
54,2025-07-02 17:00:00,2.75,1.13,150.6,0.0,52.27,12.93,13.4,13.87,0.74,
54,2025-07-02 18:00:00,1.02,0.05,48.84,0.0,60.63,10.53,11.56,12.46,0.54,
54,2025-07-02 19:00:00,0.0,0.0,0.28,0.0,71.37,8.04,9.05,9.94,0.33,
54,2025-07-02 20:00:00,1.02,0.12,0.0,0.0,81.98,5.41,6.29,7.31,0.17,
54,2025-07-02 21:00:00,1.1,0.32,0.0,0.0,81.18,5.45,5.7,5.98,0.17,
54,2025-07-02 22:00:00,1.1,0.09,0.0,0.0,84.43,4.53,5.02,5.62,0.14,
54,2025-07-02 23:00:00,1.18,0.21,0.0,0.0,89.35,3.55,3.83,4.46,0.09,
54,2025-07-03 00:00:00,1.1,0.1,0.0,0.0,91.03,3.34,3.55,4.03,0.07,
54,2025-07-03 01:00:00,0.0,0.0,0.0,0.0,91.95,1.84,2.83,3.8,0.06,
54,2025-07-03 02:00:00,1.48,0.52,0.0,0.0,95.2,1.02,1.15,1.33,0.04,
54,2025-07-03 03:00:00,1.25,0.13,0.0,0.0,95.2,1.25,1.34,1.55,0.03,
54,2025-07-03 04:00:00,1.18,0.23,0.0,0.0,95.48,0.4,0.68,1.19,0.03,
54,2025-07-03 05:00:00,0.8,0.03,0.0,0.0,96.13,0.05,0.18,0.37,0.03,
54,2025-07-03 06:00:00,0.0,0.0,0.0,0.0,96.25,-0.67,-0.37,-0.09,0.02,
54,2025-07-03 07:00:00,0.72,0.03,0.0,0.0,97.0,-0.55,-0.16,0.27,0.02,
54,2025-07-03 08:00:00,1.1,0.21,2.27,0.0,96.78,-0.96,-0.79,-0.6,0.02,
54,2025-07-03 09:00:00,0.0,0.0,153.1,0.0,95.33,-0.86,-0.15,0.75,0.03,
54,2025-07-03 10:00:00,0.28,0.0,253.2,0.0,83.28,2.04,4.52,6.51,0.15,
54,2025-07-03 11:00:00,2.15,1.07,338.3,0.0,75.71,6.57,7.28,8.11,0.25,
54,2025-07-03 12:00:00,3.8,1.48,418.4,0.0,64.28,9.04,9.6,10.11,0.43,
54,2025-07-03 13:00:00,3.72,2.05,443.2,0.0,61.7,10.46,11.35,12.21,0.52,
54,2025-07-03 14:00:00,3.5,1.99,447.0,0.0,54.51,12.62,13.49,14.52,0.71,
54,2025-07-03 15:00:00,3.88,1.8,390.1,0.0,51.76,14.66,15.21,15.72,0.84,
54,2025-07-03 16:00:00,3.65,1.96,265.5,0.0,48.59,16.04,16.35,16.56,0.96,
54,2025-07-03 17:00:00,2.75,1.3,148.0,0.0,51.17,15.14,15.77,16.32,0.88,
54,2025-07-03 18:00:00,1.55,0.23,42.5,0.0,60.02,12.44,13.38,14.46,0.62,
54,2025-07-03 19:00:00,1.48,0.27,0.81,0.0,68.62,9.43,10.86,12.11,0.41,
54,2025-07-03 20:00:00,2.98,1.13,0.0,0.0,65.74,9.37,10.6,11.2,0.44,
54,2025-07-03 21:00:00,1.55,0.15,0.0,0.0,71.52,8.4,9.48,10.74,0.34,
54,2025-07-03 22:00:00,1.7,0.02,0.0,0.0,70.3,8.54,8.77,9.37,0.34,
54,2025-07-03 23:00:00,1.78,0.15,0.0,0.0,68.79,8.74,8.84,9.03,0.35,
54,2025-07-04 00:00:00,1.62,0.3,0.0,0.0,73.89,7.29,7.8,8.67,0.28,
54,2025-07-04 01:00:00,3.05,1.22,0.0,0.0,76.08,6.93,7.54,7.85,0.25,
54,2025-07-04 02:00:00,1.25,0.19,0.0,0.0,81.68,6.08,6.3,6.61,0.18,
54,2025-07-04 03:00:00,1.1,0.08,0.0,0.0,87.45,3.35,4.56,5.91,0.11,
54,2025-07-04 04:00:00,1.02,0.05,0.0,0.0,88.33,2.66,3.94,4.6,0.1,
54,2025-07-04 05:00:00,0.72,0.02,0.0,0.0,94.3,2.3,2.84,3.23,0.04,
54,2025-07-04 06:00:00,1.1,0.1,0.0,0.0,95.78,0.6,0.97,1.67,0.03,
54,2025-07-04 07:00:00,0.72,0.02,0.0,0.0,97.05,0.32,0.43,0.59,0.02,
54,2025-07-04 08:00:00,0.88,0.04,1.88,0.0,97.13,-0.91,-0.55,-0.14,0.02,
54,2025-07-04 09:00:00,0.95,0.09,87.0,0.0,97.43,-0.73,-0.52,-0.36,0.02,
54,2025-07-04 10:00:00,1.78,0.77,170.0,0.0,97.43,-0.01,0.84,1.4,0.02,
54,2025-07-04 11:00:00,1.62,0.3,332.8,0.0,96.38,1.88,3.2,4.61,0.03,
54,2025-07-04 12:00:00,0.95,0.05,416.2,0.0,74.37,6.38,8.46,10.1,0.29,
54,2025-07-04 13:00:00,3.2,1.4,469.5,0.0,65.88,11.0,11.26,11.69,0.46,
54,2025-07-04 14:00:00,2.52,0.82,454.7,0.0,58.08,12.1,12.89,13.77,0.63,
54,2025-07-04 15:00:00,2.68,0.58,421.8,0.0,52.66,14.18,14.63,15.33,0.79,
54,2025-07-04 16:00:00,2.08,0.47,353.9,0.0,49.48,15.65,15.86,16.12,0.91,
54,2025-07-04 17:00:00,1.48,0.23,214.4,0.0,51.49,15.18,15.5,15.74,0.85,
54,2025-07-04 18:00:00,0.0,0.0,71.62,0.0,59.68,12.93,14.06,14.93,0.65,
54,2025-07-04 19:00:00,1.48,0.47,0.88,0.0,70.86,9.94,11.08,12.03,0.39,
54,2025-07-04 20:00:00,1.92,0.94,0.0,0.0,80.69,8.2,8.72,9.12,0.22,
54,2025-07-04 21:00:00,1.48,0.66,0.0,0.0,85.08,6.88,7.4,7.89,0.15,
54,2025-07-04 22:00:00,1.18,0.48,0.0,0.0,89.35,5.82,6.36,6.92,0.1,
54,2025-07-04 23:00:00,0.0,0.0,0.0,0.0,94.85,5.15,5.42,5.6,0.05,
54,2025-07-05 00:00:00,1.02,0.05,0.0,0.0,95.5,3.53,3.67,4.06,0.04,
54,2025-07-05 01:00:00,1.7,0.49,0.0,0.0,97.3,4.22,4.67,5.22,0.02,
54,2025-07-05 02:00:00,2.52,1.47,0.0,0.0,98.05,5.41,6.25,7.19,0.02,
54,2025-07-05 03:00:00,4.1,0.82,0.0,0.0,97.2,7.16,7.31,7.49,0.03,
54,2025-07-05 04:00:00,3.28,1.76,0.0,0.0,95.48,7.82,8.02,8.13,0.05,
54,2025-07-05 05:00:00,4.18,2.01,0.0,0.0,93.45,8.32,8.53,8.7,0.08,
54,2025-07-05 06:00:00,2.68,1.05,0.0,0.0,91.83,8.9,9.03,9.11,0.1,
54,2025-07-05 07:00:00,3.35,1.51,0.0,0.0,89.75,9.36,9.57,9.69,0.12,
54,2025-07-05 08:00:00,3.05,1.65,0.2,0.0,88.78,9.46,9.71,10.09,0.13,
54,2025-07-05 09:00:00,3.72,1.63,32.31,0.0,85.93,10.17,10.33,10.56,0.18,
54,2025-07-05 10:00:00,4.25,1.61,73.42,0.0,82.73,10.68,10.91,11.18,0.23,
54,2025-07-05 11:00:00,4.18,2.52,76.09,0.0,78.01,11.45,11.76,12.13,0.3,
54,2025-07-05 12:00:00,5.15,2.42,68.96,0.0,77.55,11.96,12.2,12.35,0.32,
54,2025-07-05 13:00:00,6.35,2.64,74.57,0.0,77.87,12.06,12.21,12.37,0.32,
54,2025-07-05 14:00:00,4.25,2.05,57.04,0.0,74.29,12.59,12.67,12.82,0.38,
54,2025-07-05 15:00:00,4.25,2.17,67.1,0.0,81.46,12.01,12.36,12.81,0.27,
54,2025-07-05 16:00:00,5.3,2.64,58.91,0.1,83.85,11.74,12.15,12.37,0.23,
54,2025-07-05 17:00:00,5.75,3.11,44.96,0.0,87.83,11.45,11.63,11.87,0.17,
54,2025-07-05 18:00:00,3.95,2.13,21.45,0.0,86.38,11.73,11.78,11.83,0.19,
54,2025-07-05 19:00:00,2.98,1.42,0.08,0.0,82.3,11.74,11.94,12.05,0.25,
54,2025-07-05 20:00:00,4.47,2.31,0.0,0.0,80.0,12.12,12.22,12.32,0.29,
54,2025-07-05 21:00:00,4.78,2.3,0.0,0.0,76.46,12.47,12.56,12.64,0.35,
54,2025-07-05 22:00:00,3.28,1.19,0.0,0.0,75.78,12.26,12.3,12.38,0.35,
54,2025-07-05 23:00:00,3.28,0.94,0.0,0.0,74.79,12.04,12.23,12.34,0.36,
54,2025-07-06 00:00:00,5.08,2.25,0.0,0.0,75.16,11.94,12.25,12.6,0.36,
54,2025-07-06 01:00:00,5.9,3.35,0.0,0.0,74.88,12.6,12.63,12.65,0.37,
54,2025-07-06 02:00:00,4.85,2.55,0.0,0.0,79.91,11.86,12.15,12.51,0.29,
54,2025-07-06 03:00:00,6.42,2.81,0.0,0.1,83.4,11.64,11.9,12.27,0.23,
54,2025-07-06 04:00:00,6.5,3.13,0.0,0.1,88.03,11.46,11.63,11.93,0.17,
54,2025-07-06 05:00:00,5.98,2.59,0.0,3.0,90.13,11.43,11.5,11.56,0.13,
54,2025-07-06 06:00:00,3.72,1.52,0.0,1.3,92.65,11.22,11.25,11.27,0.1,
54,2025-07-06 07:00:00,4.32,1.86,0.0,1.3,93.4,11.29,11.34,11.4,0.09,
54,2025-07-06 08:00:00,3.8,1.36,0.82,0.8,93.8,11.32,11.35,11.4,0.09,
54,2025-07-06 09:00:00,4.4,2.41,50.42,0.0,94.5,11.3,11.33,11.37,0.08,
54,2025-07-06 10:00:00,4.62,2.52,124.8,0.0,92.75,11.55,11.85,12.07,0.1,
54,2025-07-06 11:00:00,4.85,2.61,125.6,0.0,91.9,12.17,12.23,12.33,0.12,
54,2025-07-06 12:00:00,3.95,2.1,165.1,0.0,87.98,12.35,12.76,13.29,0.18,
54,2025-07-06 13:00:00,4.4,2.17,162.5,0.0,82.88,13.4,13.66,14.02,0.27,
54,2025-07-06 14:00:00,7.7,3.8,200.4,0.0,80.38,14.12,14.22,14.31,0.32,
54,2025-07-06 15:00:00,6.5,3.62,404.0,0.0,75.86,14.49,15.12,15.84,0.42,
54,2025-07-06 16:00:00,7.18,3.94,246.3,0.0,73.72,15.16,15.34,15.51,0.46,
54,2025-07-06 17:00:00,5.45,2.68,57.67,0.0,73.16,15.16,15.21,15.26,0.47,
54,2025-07-06 18:00:00,4.25,2.44,18.45,0.0,71.96,14.7,14.82,15.01,0.47,
54,2025-07-06 19:00:00,6.12,3.08,0.26,0.0,73.2,14.48,14.69,14.85,0.45,
54,2025-07-06 20:00:00,5.6,2.16,0.0,0.0,77.67,13.95,14.22,14.56,0.36,
54,2025-07-06 21:00:00,4.62,2.07,0.0,0.5,82.03,13.32,13.97,14.63,0.29,
54,2025-07-06 22:00:00,3.35,1.13,0.0,0.5,86.93,12.91,13.08,13.32,0.2,
54,2025-07-06 23:00:00,3.28,0.44,0.0,0.6,88.5,12.44,12.56,12.64,0.17,
54,2025-07-07 00:00:00,2.52,0.73,0.0,0.0,88.88,12.12,12.33,12.62,0.16,
54,2025-07-07 01:00:00,2.22,0.55,0.0,0.0,87.93,11.43,11.89,12.1,0.17,
54,2025-07-07 02:00:00,2.75,0.16,0.0,0.0,89.35,9.87,10.69,11.04,0.14,
54,2025-07-07 03:00:00,0.8,0.05,0.0,0.0,95.28,8.09,8.77,9.56,0.06,
54,2025-07-07 04:00:00,1.25,0.48,0.0,0.0,96.9,7.11,7.39,7.71,0.03,
54,2025-07-07 05:00:00,0.0,0.0,0.0,0.0,97.2,6.25,6.39,6.52,0.03,
54,2025-07-07 06:00:00,1.25,0.13,0.0,0.0,97.05,4.76,5.11,5.69,0.03,
54,2025-07-07 07:00:00,0.88,0.02,0.0,0.0,97.65,4.48,4.61,4.73,0.02,
54,2025-07-07 08:00:00,0.88,0.12,2.06,0.1,97.88,3.6,4.12,4.79,0.02,
54,2025-07-07 09:00:00,1.1,0.13,53.51,0.0,98.3,5.11,5.95,6.7,0.02,
54,2025-07-07 10:00:00,2.6,1.04,281.6,0.1,98.4,7.31,8.11,8.87,0.02,
54,2025-07-07 11:00:00,4.55,2.65,279.0,0.0,97.63,9.32,9.52,9.84,0.03,
54,2025-07-07 12:00:00,5.15,2.9,203.9,0.0,94.43,9.91,10.46,10.95,0.07,
54,2025-07-07 13:00:00,4.4,2.77,284.1,0.0,90.95,11.24,11.68,12.18,0.13,
54,2025-07-07 14:00:00,4.25,2.53,354.9,0.0,85.38,12.64,13.07,13.5,0.22,
54,2025-07-07 15:00:00,5.08,3.2,329.1,0.0,80.37,13.77,14.0,14.19,0.32,
54,2025-07-07 16:00:00,5.08,2.96,252.9,0.0,78.75,14.28,14.48,14.81,0.35,
54,2025-07-07 17:00:00,4.62,2.68,201.9,0.0,79.23,14.1,14.41,14.65,0.34,
54,2025-07-07 18:00:00,4.25,1.6,72.15,0.0,85.08,12.13,13.17,13.9,0.23,
54,2025-07-07 19:00:00,3.58,1.68,0.68,0.0,91.15,10.84,11.28,11.77,0.12,
54,2025-07-07 20:00:00,5.22,2.9,0.0,0.0,92.2,11.19,11.24,11.25,0.11,
54,2025-07-07 21:00:00,3.35,1.64,0.0,0.0,92.78,10.98,11.07,11.26,0.1,
54,2025-07-07 22:00:00,4.03,2.14,0.0,0.0,95.1,10.82,10.89,10.96,0.06,
54,2025-07-07 23:00:00,5.45,2.67,0.0,0.0,96.4,10.93,10.98,11.03,0.05,
54,2025-07-08 00:00:00,5.82,3.02,0.0,0.0,95.85,10.96,11.0,11.02,0.06,
54,2025-07-08 01:00:00,5.15,2.51,0.0,0.0,95.48,10.77,10.83,10.88,0.06,
54,2025-07-08 02:00:00,5.45,2.87,0.0,0.0,95.6,10.71,10.73,10.75,0.06,
54,2025-07-08 03:00:00,5.6,3.08,0.0,0.0,95.93,10.19,10.43,10.63,0.05,
54,2025-07-08 04:00:00,4.62,2.69,0.0,0.0,96.73,9.88,9.93,10.01,0.04,
54,2025-07-08 05:00:00,4.25,2.23,0.0,0.0,96.33,9.93,9.95,9.98,0.05,
54,2025-07-08 06:00:00,4.62,2.74,0.0,0.0,93.9,9.7,9.76,9.88,0.08,
54,2025-07-08 07:00:00,3.35,1.84,0.0,0.0,92.5,9.41,9.45,9.52,0.09,
54,2025-07-08 08:00:00,3.95,2.51,1.54,0.0,91.75,9.17,9.31,9.42,0.1,
54,2025-07-08 09:00:00,4.92,2.77,20.55,0.0,89.8,8.94,9.02,9.12,0.12,
54,2025-07-08 10:00:00,5.82,3.02,42.49,0.0,88.58,8.84,8.87,8.9,0.13,
54,2025-07-08 11:00:00,5.38,3.25,99.0,0.0,85.23,8.99,9.2,9.44,0.18,
54,2025-07-08 12:00:00,5.98,3.16,155.3,0.0,81.26,9.66,9.95,10.23,0.23,
54,2025-07-08 13:00:00,5.52,3.32,224.9,0.0,76.2,10.37,10.74,11.17,0.31,
54,2025-07-08 14:00:00,5.6,3.15,203.0,0.0,74.22,11.33,11.69,11.98,0.36,
54,2025-07-08 15:00:00,7.02,3.61,337.6,0.0,71.25,12.13,12.49,12.76,0.42,
54,2025-07-08 16:00:00,5.45,3.13,299.8,0.0,69.32,12.6,13.18,13.73,0.47,
54,2025-07-08 17:00:00,4.92,2.7,213.4,0.0,66.37,14.07,14.17,14.26,0.55,
54,2025-07-08 18:00:00,3.05,1.24,76.7,0.0,71.55,12.58,13.45,14.12,0.44,
54,2025-07-08 19:00:00,1.7,0.67,0.72,0.0,79.78,10.54,11.22,11.94,0.27,
54,2025-07-08 20:00:00,3.5,1.87,0.0,0.0,82.53,9.91,10.24,10.58,0.22,
54,2025-07-08 21:00:00,4.62,2.62,0.0,0.0,84.33,9.41,9.57,9.74,0.19,
54,2025-07-08 22:00:00,3.8,2.17,0.0,0.0,86.65,8.23,8.66,9.18,0.15,
54,2025-07-08 23:00:00,3.42,1.99,0.0,0.0,87.55,7.63,7.85,8.08,0.13,
54,2025-07-09 00:00:00,2.75,1.75,0.0,0.0,88.55,7.11,7.26,7.47,0.12,
54,2025-07-09 01:00:00,3.88,1.7,0.0,0.0,88.45,6.93,7.18,7.56,0.12,
54,2025-07-09 02:00:00,4.25,2.35,0.0,0.0,87.7,7.6,7.62,7.64,0.13,
54,2025-07-09 03:00:00,4.1,2.11,0.0,0.0,91.48,7.41,7.52,7.64,0.09,
54,2025-07-09 04:00:00,2.9,1.73,0.0,0.0,91.78,7.16,7.2,7.29,0.09,
54,2025-07-09 05:00:00,2.6,1.44,0.0,0.0,94.58,6.75,6.9,7.06,0.05,
54,2025-07-09 06:00:00,2.98,1.48,0.0,0.0,95.5,6.38,6.48,6.6,0.04,
54,2025-07-09 07:00:00,2.9,1.51,0.0,0.0,93.83,6.33,6.34,6.36,0.06,
54,2025-07-09 08:00:00,2.38,1.21,0.78,0.0,93.88,6.32,6.35,6.38,0.06,
54,2025-07-09 09:00:00,3.12,1.47,20.82,0.0,95.35,6.33,6.35,6.39,0.05,
54,2025-07-09 10:00:00,3.72,1.83,88.2,0.0,93.6,6.52,6.64,6.82,0.07,
54,2025-07-09 11:00:00,4.25,2.88,159.2,0.0,89.3,7.05,7.3,7.56,0.11,
54,2025-07-09 12:00:00,3.95,2.02,180.8,0.0,83.15,7.73,8.06,8.32,0.18,
54,2025-07-09 13:00:00,3.12,1.97,222.3,0.0,81.0,8.25,8.55,8.76,0.21,
54,2025-07-09 14:00:00,3.12,1.8,231.4,0.0,77.81,8.95,9.2,9.55,0.26,
54,2025-07-09 15:00:00,3.28,1.82,209.0,0.0,73.76,9.46,9.53,9.59,0.31,
54,2025-07-09 16:00:00,2.9,1.19,207.6,0.0,69.63,9.58,9.86,10.01,0.37,
54,2025-07-09 17:00:00,2.98,1.17,245.1,0.0,66.82,10.34,10.53,10.81,0.42,
54,2025-07-09 18:00:00,2.6,0.68,78.32,0.0,74.59,8.22,9.3,10.21,0.3,
54,2025-07-09 19:00:00,1.02,0.07,0.89,0.0,86.45,5.58,6.45,7.48,0.14,
54,2025-07-09 20:00:00,0.0,0.0,0.0,0.0,93.0,3.62,4.29,5.1,0.06,
54,2025-07-09 21:00:00,0.95,0.02,0.0,0.0,94.65,2.4,3.05,3.44,0.04,
54,2025-07-09 22:00:00,0.95,0.07,0.0,0.0,96.58,2.23,2.36,2.57,0.03,
54,2025-07-09 23:00:00,0.0,0.0,0.0,0.0,96.8,1.64,1.8,1.94,0.02,
54,2025-07-10 00:00:00,1.18,0.32,0.0,0.0,97.25,1.36,1.69,2.05,0.02,
54,2025-07-10 01:00:00,3.5,1.15,0.0,0.0,93.2,2.76,3.44,3.91,0.06,
54,2025-07-10 02:00:00,2.68,1.01,0.0,0.0,93.15,3.02,3.2,3.48,0.05,
54,2025-07-10 03:00:00,2.6,1.12,0.0,0.0,93.15,2.84,2.98,3.09,0.05,
54,2025-07-10 04:00:00,4.78,2.05,0.0,0.0,90.68,3.16,3.33,3.79,0.07,
54,2025-07-10 05:00:00,6.05,2.83,0.0,0.0,90.58,3.8,4.0,4.2,0.08,
54,2025-07-10 06:00:00,6.72,3.1,0.0,0.0,90.7,4.17,4.19,4.23,0.08,
54,2025-07-10 07:00:00,4.32,2.66,0.0,0.0,90.75,4.24,4.24,4.24,0.08,
54,2025-07-10 08:00:00,4.32,2.06,1.1,0.0,91.08,4.04,4.15,4.21,0.07,
54,2025-07-10 09:00:00,3.8,2.33,28.15,0.0,92.13,3.65,3.69,3.79,0.06,
54,2025-07-10 10:00:00,3.88,2.51,70.66,0.0,92.63,3.64,3.75,3.83,0.06,
54,2025-07-10 11:00:00,3.88,2.55,117.6,0.0,90.35,3.95,4.04,4.18,0.08,
54,2025-07-10 12:00:00,4.1,1.54,158.6,0.0,85.38,4.35,4.57,4.7,0.12,
54,2025-07-10 13:00:00,3.05,1.24,255.7,0.0,81.15,4.98,5.34,5.64,0.17,
54,2025-07-10 14:00:00,3.28,1.52,491.2,0.0,75.09,6.07,6.99,7.78,0.25,
54,2025-07-10 15:00:00,4.1,2.1,444.4,0.0,72.89,7.78,8.26,8.45,0.3,
54,2025-07-10 16:00:00,3.65,2.14,348.6,0.0,71.59,8.55,8.66,8.75,0.32,
54,2025-07-10 17:00:00,3.2,1.63,216.6,0.0,70.85,8.67,8.77,8.96,0.33,
54,2025-07-10 18:00:00,1.55,0.2,77.69,0.0,72.43,8.29,8.94,9.4,0.32,
54,2025-07-10 19:00:00,0.95,0.03,0.92,0.0,87.78,4.14,5.38,6.69,0.11,
54,2025-07-10 20:00:00,0.28,0.0,0.0,0.0,93.45,2.75,3.2,3.65,0.05,
54,2025-07-10 21:00:00,0.0,0.0,0.0,0.0,94.83,2.24,2.47,2.6,0.04,
54,2025-07-10 22:00:00,0.0,0.0,0.0,0.0,96.08,1.48,1.77,1.99,0.03,
54,2025-07-10 23:00:00,1.32,0.14,0.0,0.0,91.88,1.77,2.6,3.6,0.06,
54,2025-07-11 00:00:00,2.22,0.57,0.0,0.0,84.45,3.64,4.32,4.85,0.13,
54,2025-07-11 01:00:00,2.0,0.73,0.0,0.0,84.35,3.97,4.42,4.85,0.13,
54,2025-07-11 02:00:00,1.25,0.13,0.0,0.0,90.85,2.64,2.88,3.29,0.07,
54,2025-07-11 03:00:00,1.32,0.54,0.0,0.0,92.43,-0.51,1.11,2.56,0.05,
54,2025-07-11 04:00:00,1.25,0.36,0.0,0.0,95.48,-1.64,-1.29,-1.0,0.03,
54,2025-07-11 05:00:00,1.18,0.04,0.0,0.0,95.05,-2.11,-1.79,-1.55,0.03,
54,2025-07-11 06:00:00,1.55,0.18,0.0,0.0,94.85,-2.3,-2.28,-2.25,0.03,
54,2025-07-11 07:00:00,1.25,0.12,0.0,0.0,94.35,-2.7,-2.44,-2.18,0.03,
54,2025-07-11 08:00:00,1.02,0.08,3.08,0.0,95.7,-2.93,-2.79,-2.67,0.02,
54,2025-07-11 09:00:00,1.48,0.46,65.99,0.0,96.75,-2.93,-2.7,-2.28,0.02,
54,2025-07-11 10:00:00,1.92,0.39,175.1,0.0,97.43,-1.92,-0.91,0.06,0.01,
54,2025-07-11 11:00:00,1.92,0.39,436.9,0.0,94.05,0.83,2.68,4.53,0.05,
54,2025-07-11 12:00:00,3.28,1.41,486.4,0.0,82.69,5.54,6.53,7.51,0.17,
54,2025-07-11 13:00:00,3.58,1.41,489.6,0.0,78.14,7.8,8.32,8.79,0.24,
54,2025-07-11 14:00:00,2.98,1.04,482.2,0.0,73.34,9.2,9.94,10.72,0.33,
54,2025-07-11 15:00:00,2.9,0.85,440.4,0.0,62.18,11.57,12.74,13.67,0.56,
54,2025-07-11 16:00:00,3.58,1.52,349.4,0.0,65.75,11.18,12.89,13.92,0.52,
54,2025-07-11 17:00:00,3.35,1.7,214.6,0.0,70.24,10.7,10.96,11.13,0.39,
54,2025-07-11 18:00:00,2.98,1.26,76.96,0.0,76.59,8.38,9.39,10.3,0.28,
54,2025-07-11 19:00:00,1.4,0.14,1.01,0.0,85.33,5.92,6.77,7.7,0.15,
54,2025-07-11 20:00:00,1.7,0.27,0.0,0.0,91.55,4.07,4.7,5.37,0.07,
54,2025-07-11 21:00:00,1.62,0.05,0.0,0.0,94.68,3.17,3.45,3.81,0.04,
54,2025-07-11 22:00:00,0.72,0.03,0.0,0.0,95.28,1.81,2.08,2.63,0.03,
54,2025-07-11 23:00:00,2.0,0.32,0.0,0.0,96.53,1.83,2.51,3.35,0.03,
54,2025-07-12 00:00:00,1.78,0.53,0.0,0.0,89.45,2.8,4.76,5.44,0.09,
54,2025-07-12 01:00:00,1.78,0.16,0.0,0.0,92.53,2.98,3.93,4.56,0.06,
54,2025-07-12 02:00:00,2.6,0.41,0.0,0.0,92.8,4.05,4.76,5.24,0.06,
54,2025-07-12 03:00:00,5.98,2.02,0.0,0.0,92.48,5.76,6.07,6.45,0.07,
54,2025-07-12 04:00:00,3.35,1.86,0.0,0.0,92.73,6.31,6.39,6.49,0.07,
54,2025-07-12 05:00:00,4.18,2.17,0.0,0.0,91.45,6.63,6.8,6.86,0.09,
54,2025-07-12 06:00:00,4.62,2.55,0.0,0.0,89.8,6.89,6.95,6.98,0.1,
54,2025-07-12 07:00:00,4.7,2.71,0.0,0.0,89.65,6.74,6.8,6.89,0.11,
54,2025-07-12 08:00:00,4.47,2.31,0.82,0.0,89.58,6.73,6.76,6.8,0.1,
54,2025-07-12 09:00:00,4.7,2.61,21.59,0.0,88.18,6.79,6.82,6.85,0.12,
54,2025-07-12 10:00:00,4.78,2.53,60.45,0.0,86.88,6.86,6.98,7.12,0.13,
54,2025-07-12 11:00:00,3.95,1.85,102.7,0.0,84.63,7.17,7.37,7.56,0.16,
54,2025-07-12 12:00:00,3.95,2.3,156.0,0.0,81.35,7.57,7.76,7.97,0.2,
54,2025-07-12 13:00:00,5.0,2.52,274.4,0.0,78.17,8.13,8.48,8.83,0.24,
54,2025-07-12 14:00:00,4.32,2.31,471.4,0.0,72.14,9.02,9.75,10.73,0.34,
54,2025-07-12 15:00:00,3.65,1.79,447.2,0.0,67.02,10.89,11.38,11.99,0.45,
54,2025-07-12 16:00:00,3.42,1.55,355.5,0.0,63.39,12.4,12.69,12.97,0.54,
54,2025-07-12 17:00:00,4.1,1.71,225.1,0.0,66.14,11.91,12.54,13.12,0.5,
54,2025-07-12 18:00:00,2.6,1.17,83.3,0.0,75.37,8.82,10.33,11.54,0.32,
54,2025-07-12 19:00:00,2.22,1.29,1.14,0.0,86.6,6.18,7.03,7.99,0.14,
54,2025-07-12 20:00:00,2.15,1.38,0.0,0.0,92.1,4.74,5.28,5.8,0.07,
54,2025-07-12 21:00:00,2.3,1.33,0.0,0.0,95.25,3.69,4.06,4.43,0.04,
54,2025-07-12 22:00:00,3.2,1.7,0.0,0.0,97.6,3.38,3.45,3.55,0.02,
54,2025-07-12 23:00:00,2.22,1.07,0.0,0.0,98.15,3.41,3.56,3.77,0.01,
54,2025-07-13 00:00:00,1.48,0.15,0.0,0.0,98.2,3.88,3.94,3.98,0.01,
54,2025-07-13 01:00:00,0.88,0.06,0.0,0.0,98.3,3.09,3.49,3.83,0.01,
54,2025-07-13 02:00:00,1.02,0.02,0.0,0.1,98.23,2.24,2.52,2.82,0.01,
54,2025-07-13 03:00:00,2.3,0.92,0.0,0.0,98.4,2.98,3.66,4.03,0.01,
54,2025-07-13 04:00:00,2.68,0.66,0.0,0.0,98.4,3.85,3.99,4.13,0.01,
54,2025-07-13 05:00:00,1.85,0.79,0.0,0.0,98.45,3.74,3.76,3.78,0.01,
54,2025-07-13 06:00:00,1.78,0.7,0.0,0.1,98.45,3.65,3.73,3.8,0.01,
54,2025-07-13 07:00:00,2.75,1.21,0.0,0.0,98.5,3.65,3.67,3.68,0.01,
54,2025-07-13 08:00:00,2.9,1.53,0.96,0.0,98.5,3.65,3.78,3.92,0.01,
54,2025-07-13 09:00:00,2.3,1.06,21.86,0.1,98.5,3.97,3.99,4.02,0.01,
54,2025-07-13 10:00:00,2.22,1.27,61.81,0.0,98.5,4.12,4.29,4.46,0.01,
54,2025-07-13 11:00:00,2.38,0.88,70.74,0.0,98.5,4.6,4.67,4.71,0.01,
54,2025-07-13 12:00:00,2.08,0.87,69.14,0.0,98.43,4.71,4.8,4.85,0.01,
54,2025-07-13 13:00:00,2.0,0.43,70.89,0.0,95.95,4.98,5.15,5.26,0.04,
54,2025-07-13 14:00:00,1.78,0.77,66.11,0.0,92.35,5.37,5.41,5.44,0.07,
54,2025-07-13 15:00:00,1.78,0.36,60.86,0.0,92.23,5.45,5.5,5.56,0.07,
54,2025-07-13 16:00:00,2.68,0.38,37.66,0.0,92.48,5.52,5.55,5.59,0.07,
54,2025-07-13 17:00:00,2.6,1.48,34.44,0.0,93.35,5.49,5.52,5.54,0.06,
54,2025-07-13 18:00:00,2.82,1.34,16.83,0.0,93.68,5.56,5.56,5.57,0.06,
54,2025-07-13 19:00:00,3.58,1.6,0.22,0.0,95.3,5.5,5.52,5.54,0.04,
54,2025-07-13 20:00:00,3.72,2.22,0.0,0.0,96.7,5.33,5.39,5.46,0.03,
54,2025-07-13 21:00:00,2.9,1.33,0.0,0.0,96.38,5.45,5.58,5.74,0.03,
54,2025-07-13 22:00:00,2.75,0.87,0.0,0.0,94.83,5.84,5.96,6.02,0.05,
54,2025-07-13 23:00:00,2.82,1.34,0.0,0.0,94.58,5.89,5.93,5.98,0.05,
54,2025-07-14 00:00:00,2.08,0.28,0.0,0.0,93.2,5.98,6.04,6.09,0.07,
54,2025-07-14 01:00:00,3.72,1.89,0.0,0.0,91.7,6.04,6.15,6.27,0.08,
54,2025-07-14 02:00:00,2.15,0.43,0.0,0.0,91.33,6.33,6.4,6.46,0.08,
54,2025-07-14 03:00:00,2.3,0.89,0.0,0.0,91.23,6.51,6.58,6.64,0.09,
54,2025-07-14 04:00:00,2.08,0.61,0.0,0.0,88.78,6.62,6.86,6.95,0.11,
54,2025-07-14 05:00:00,1.7,0.36,0.0,0.0,91.55,6.7,6.73,6.83,0.08,
54,2025-07-14 06:00:00,2.15,1.08,0.0,0.0,91.68,6.54,6.68,6.93,0.08,
54,2025-07-14 07:00:00,2.3,0.64,0.0,0.0,89.85,6.88,6.97,7.02,0.1,
54,2025-07-14 08:00:00,1.7,0.49,1.62,0.0,90.2,6.79,6.87,7.0,0.1,
54,2025-07-14 09:00:00,2.3,0.82,32.11,0.0,90.03,7.0,7.04,7.07,0.1,
54,2025-07-14 10:00:00,2.08,0.81,80.7,0.0,88.08,7.21,7.61,8.11,0.12,
54,2025-07-14 11:00:00,1.78,0.54,128.7,0.0,81.48,8.49,8.92,9.59,0.21,
54,2025-07-14 12:00:00,2.22,0.61,166.9,0.0,71.44,9.99,10.36,10.72,0.36,
54,2025-07-14 13:00:00,3.28,1.67,234.6,0.0,68.45,10.88,11.14,11.37,0.42,
54,2025-07-14 14:00:00,4.25,2.5,253.3,0.0,63.5,11.64,11.88,12.16,0.51,
54,2025-07-14 15:00:00,4.03,2.27,211.6,0.0,58.83,12.01,12.12,12.23,0.58,
54,2025-07-14 16:00:00,4.1,2.17,204.3,0.0,61.27,11.61,11.92,12.09,0.54,
54,2025-07-14 17:00:00,2.22,1.25,115.4,0.0,64.78,11.28,11.56,11.78,0.48,
54,2025-07-14 18:00:00,0.88,0.03,36.01,0.0,70.74,9.86,10.52,11.03,0.37,
54,2025-07-14 19:00:00,1.02,0.09,0.7,0.0,80.13,7.83,8.68,9.47,0.23,
54,2025-07-14 20:00:00,2.15,0.22,0.0,0.0,83.44,7.11,7.75,8.34,0.18,
54,2025-07-14 21:00:00,0.8,0.03,0.0,0.0,87.68,6.25,6.71,7.0,0.12,
54,2025-07-14 22:00:00,1.4,0.31,0.0,0.0,89.2,6.03,6.13,6.23,0.1,
54,2025-07-14 23:00:00,2.0,0.36,0.0,0.0,92.68,4.42,5.14,5.68,0.07,
54,2025-07-15 00:00:00,2.45,0.48,0.0,0.0,93.5,4.15,4.48,4.82,0.05,
54,2025-07-15 01:00:00,1.7,0.5,0.0,0.0,94.28,3.27,3.7,4.05,0.05,
54,2025-07-15 02:00:00,1.7,0.74,0.0,0.0,92.35,3.55,4.55,5.68,0.07,
54,2025-07-15 03:00:00,3.5,0.85,0.0,0.0,90.9,5.3,5.49,5.65,0.08,
54,2025-07-15 04:00:00,1.7,0.37,0.0,0.0,93.3,4.89,5.0,5.2,0.06,
54,2025-07-15 05:00:00,1.18,0.14,0.0,0.0,94.38,4.3,4.53,4.76,0.05,
54,2025-07-15 06:00:00,2.15,0.48,0.0,0.0,94.83,4.17,4.49,5.11,0.05,
54,2025-07-15 07:00:00,1.7,0.27,0.0,0.0,94.13,5.18,5.34,5.5,0.05,
54,2025-07-15 08:00:00,0.72,0.03,0.66,1.3,95.1,5.52,5.54,5.57,0.05,
54,2025-07-15 09:00:00,1.18,0.33,13.79,0.4,96.75,5.64,5.78,5.95,0.03,
54,2025-07-15 10:00:00,1.55,0.43,15.8,2.0,96.6,5.99,6.13,6.27,0.03,
54,2025-07-15 11:00:00,3.42,0.71,17.6,5.4,97.15,6.28,6.29,6.3,0.03,
54,2025-07-15 12:00:00,1.85,0.51,125.0,2.4,97.38,6.32,6.46,6.67,0.03,
54,2025-07-15 13:00:00,2.08,0.85,195.8,0.1,95.53,7.04,7.55,7.98,0.05,
54,2025-07-15 14:00:00,2.9,1.52,252.5,0.0,93.48,8.16,8.34,8.45,0.07,
54,2025-07-15 15:00:00,2.38,1.28,247.3,0.0,90.25,8.51,8.97,9.31,0.11,
54,2025-07-15 16:00:00,2.15,0.81,319.7,0.0,83.8,9.43,10.1,11.03,0.2,
54,2025-07-15 17:00:00,1.48,0.25,251.1,0.0,79.24,10.82,11.12,11.33,0.28,
54,2025-07-15 18:00:00,1.32,0.1,62.96,0.0,84.78,9.3,10.14,10.62,0.19,
54,2025-07-15 19:00:00,0.8,0.01,1.5,0.0,93.73,6.67,7.52,8.47,0.07,
54,2025-07-15 20:00:00,0.72,0.02,0.0,0.0,96.25,4.81,5.47,6.19,0.04,
54,2025-07-15 21:00:00,0.72,0.02,0.0,0.0,96.73,3.26,3.87,4.45,0.03,
54,2025-07-15 22:00:00,0.88,0.04,0.0,0.0,97.23,2.88,3.07,3.24,0.02,
54,2025-07-15 23:00:00,1.25,0.19,0.0,0.0,97.85,3.92,4.18,4.58,0.02,
54,2025-07-16 00:00:00,3.05,0.89,0.0,0.0,98.1,4.04,4.59,5.06,0.02,
54,2025-07-16 01:00:00,3.2,1.61,0.0,0.0,98.23,4.4,4.49,4.6,0.02,
54,2025-07-16 02:00:00,2.9,1.09,0.0,0.0,98.23,3.71,3.91,4.06,0.01,
54,2025-07-16 03:00:00,4.1,1.76,0.0,0.1,98.33,3.71,3.87,4.07,0.01,
54,2025-07-16 04:00:00,4.47,2.53,0.0,0.0,98.4,3.47,3.92,4.16,0.01,
54,2025-07-16 05:00:00,4.32,1.92,0.0,0.0,98.38,2.39,2.75,3.14,0.01,
54,2025-07-16 06:00:00,2.52,1.58,0.0,0.0,98.35,1.54,1.97,2.23,0.01,
54,2025-07-16 07:00:00,2.68,1.02,0.0,0.0,98.3,1.13,1.5,1.74,0.01,
54,2025-07-16 08:00:00,1.85,0.8,4.05,0.1,98.3,0.6,0.66,0.72,0.01,
54,2025-07-16 09:00:00,1.92,0.99,156.6,0.0,98.35,0.61,1.09,1.78,0.01,
54,2025-07-16 10:00:00,4.78,2.08,298.4,0.0,95.95,2.27,2.78,3.5,0.03,
54,2025-07-16 11:00:00,5.6,2.85,407.8,0.0,83.6,4.34,5.52,6.44,0.15,
54,2025-07-16 12:00:00,6.5,3.76,479.0,0.0,71.77,7.07,7.7,8.37,0.3,
54,2025-07-16 13:00:00,6.58,3.82,502.7,0.0,62.91,8.66,9.49,10.26,0.44,
54,2025-07-16 14:00:00,6.12,3.78,501.3,0.0,58.35,10.65,11.27,11.86,0.56,
54,2025-07-16 15:00:00,6.2,3.62,412.0,0.0,55.73,12.04,12.5,12.95,0.65,
54,2025-07-16 16:00:00,7.78,4.39,361.6,0.0,53.47,13.13,13.17,13.23,0.71,
54,2025-07-16 17:00:00,6.2,3.62,232.4,0.0,52.85,13.17,13.21,13.24,0.72,
54,2025-07-16 18:00:00,4.03,1.87,100.1,0.0,57.46,11.64,12.46,13.06,0.62,
54,2025-07-16 19:00:00,3.42,1.23,1.89,0.0,60.99,9.6,10.25,11.07,0.49,
54,2025-07-16 20:00:00,3.72,1.69,0.0,0.0,60.56,9.23,9.46,9.67,0.47,
54,2025-07-16 21:00:00,6.95,3.03,0.0,0.0,62.18,8.97,9.06,9.22,0.44,
54,2025-07-16 22:00:00,5.82,1.69,0.0,0.0,63.69,7.81,8.43,9.02,0.4,
54,2025-07-16 23:00:00,3.05,0.9,0.0,0.0,64.2,7.15,7.32,7.53,0.37,
54,2025-07-17 00:00:00,2.52,0.93,0.0,0.0,65.02,6.45,6.67,6.97,0.35,
54,2025-07-17 01:00:00,2.75,1.22,0.0,0.0,69.86,5.87,6.19,6.58,0.29,
54,2025-07-17 02:00:00,3.72,1.7,0.0,0.0,73.59,5.69,5.89,6.05,0.25,
54,2025-07-17 03:00:00,3.88,1.95,0.0,0.0,74.94,6.1,6.16,6.28,0.24,
54,2025-07-17 04:00:00,3.58,1.64,0.0,0.0,77.19,5.8,5.92,6.11,0.21,
54,2025-07-17 05:00:00,4.03,2.12,0.0,0.0,77.18,5.61,5.7,5.78,0.21,
54,2025-07-17 06:00:00,3.5,1.79,0.0,0.0,77.37,5.58,5.64,5.72,0.21,
54,2025-07-17 07:00:00,4.18,2.2,0.0,0.0,79.03,5.35,5.44,5.53,0.19,
54,2025-07-17 08:00:00,4.4,2.07,4.57,0.0,81.06,4.97,5.24,5.6,0.17,
54,2025-07-17 09:00:00,4.03,2.14,126.2,0.0,78.18,5.19,5.75,6.2,0.2,
54,2025-07-17 10:00:00,4.7,2.2,273.1,0.0,71.36,6.64,7.57,8.69,0.3,
54,2025-07-17 11:00:00,5.52,3.06,391.9,0.0,61.87,9.35,10.09,10.81,0.47,
54,2025-07-17 12:00:00,5.98,3.75,470.5,0.0,56.71,11.31,11.93,12.66,0.61,
54,2025-07-17 13:00:00,6.35,3.8,494.5,0.0,53.49,13.17,13.85,14.53,0.74,
54,2025-07-17 14:00:00,5.82,3.15,492.4,0.0,50.37,14.9,15.64,16.28,0.88,
54,2025-07-17 15:00:00,6.28,3.39,452.5,0.0,41.48,16.54,17.22,17.83,1.15,
54,2025-07-17 16:00:00,5.6,3.37,355.7,0.0,36.14,17.98,18.34,18.54,1.35,
54,2025-07-17 17:00:00,5.9,3.33,231.8,0.0,34.0,17.88,18.17,18.44,1.38,
54,2025-07-17 18:00:00,4.7,2.12,90.5,0.0,37.4,15.62,16.66,17.58,1.19,
54,2025-07-17 19:00:00,3.2,0.45,1.36,0.0,43.95,12.74,13.88,14.85,0.89,
54,2025-07-17 20:00:00,1.92,0.22,0.0,0.0,42.2,12.16,12.62,12.97,0.85,
54,2025-07-17 21:00:00,1.92,0.55,0.0,0.0,39.46,11.72,11.99,12.28,0.85,
54,2025-07-17 22:00:00,2.08,0.92,0.0,0.0,39.45,10.91,11.5,12.04,0.83,
54,2025-07-17 23:00:00,2.22,0.9,0.0,0.0,46.16,9.8,10.04,10.34,0.67,
54,2025-07-18 00:00:00,3.5,1.48,0.0,0.0,50.52,8.85,9.39,9.77,0.58,
54,2025-07-18 01:00:00,2.38,0.53,0.0,0.0,51.48,8.31,8.57,8.75,0.54,
54,2025-07-18 02:00:00,2.08,0.41,0.0,0.0,53.14,7.62,8.15,8.63,0.51,
54,2025-07-18 03:00:00,1.78,0.48,0.0,0.0,57.61,6.52,7.14,7.59,0.43,
54,2025-07-18 04:00:00,1.7,0.72,0.0,0.0,63.82,6.2,6.41,6.51,0.35,
54,2025-07-18 05:00:00,1.02,0.06,0.0,0.0,73.16,4.1,5.07,6.24,0.24,
54,2025-07-18 06:00:00,1.62,0.1,0.0,0.0,77.82,2.97,3.3,3.6,0.17,
54,2025-07-18 07:00:00,2.08,0.53,0.0,0.0,79.38,4.2,4.43,4.76,0.17,
54,2025-07-18 08:00:00,1.7,0.38,4.95,0.0,86.0,4.14,4.19,4.24,0.12,
54,2025-07-18 09:00:00,1.4,0.19,146.9,0.0,86.5,4.09,4.78,5.53,0.12,
54,2025-07-18 10:00:00,3.5,1.32,288.6,0.0,84.35,6.61,6.87,7.36,0.16,
54,2025-07-18 11:00:00,4.25,2.72,376.0,0.0,80.8,7.66,8.54,9.35,0.22,
54,2025-07-18 12:00:00,6.12,3.38,481.5,0.0,77.94,9.55,10.03,10.7,0.27,
54,2025-07-18 13:00:00,5.68,3.4,505.1,0.0,71.69,10.93,11.67,12.35,0.39,
54,2025-07-18 14:00:00,5.08,3.09,503.2,0.0,66.25,12.74,13.13,13.49,0.51,
54,2025-07-18 15:00:00,4.62,2.31,462.5,0.0,60.46,13.71,14.19,14.56,0.64,
54,2025-07-18 16:00:00,4.4,2.79,367.0,0.0,59.81,14.17,14.5,14.7,0.66,
54,2025-07-18 17:00:00,4.18,2.14,205.9,0.0,60.78,13.97,14.24,14.45,0.64,
54,2025-07-18 18:00:00,3.72,1.9,93.7,0.0,65.16,11.74,12.82,13.89,0.52,
54,2025-07-18 19:00:00,2.52,0.71,1.36,0.0,77.65,9.63,10.33,11.2,0.28,
54,2025-07-18 20:00:00,0.95,0.03,0.0,0.0,84.45,6.81,8.22,9.53,0.17,
54,2025-07-18 21:00:00,3.35,0.69,0.0,0.0,92.5,5.59,6.2,7.32,0.08,
54,2025-07-18 22:00:00,3.72,1.41,0.0,0.0,89.75,6.84,7.62,8.07,0.11,
54,2025-07-18 23:00:00,2.68,1.45,0.0,0.0,92.25,6.72,7.01,7.16,0.08,
54,2025-07-19 00:00:00,1.32,0.24,0.0,0.0,95.45,5.5,5.73,6.1,0.04,
54,2025-07-19 01:00:00,2.0,0.59,0.0,0.0,97.23,4.44,4.7,4.8,0.02,
54,2025-07-19 02:00:00,2.0,0.77,0.0,0.0,97.3,2.86,4.29,5.21,0.02,
54,2025-07-19 03:00:00,1.55,0.61,0.0,0.0,97.65,1.99,2.22,2.42,0.02,
54,2025-07-19 04:00:00,1.7,0.71,0.0,0.0,98.0,2.1,2.18,2.25,0.01,
54,2025-07-19 05:00:00,1.1,0.06,0.0,0.0,98.08,1.85,1.96,2.17,0.01,
54,2025-07-19 06:00:00,1.62,0.3,0.0,0.0,98.28,2.56,3.23,3.73,0.01,
54,2025-07-19 07:00:00,1.7,0.43,0.0,0.0,98.33,3.75,3.82,3.93,0.01,
54,2025-07-19 08:00:00,1.85,0.63,3.6,0.1,98.4,4.01,4.21,4.59,0.01,
54,2025-07-19 09:00:00,3.12,0.93,57.11,0.0,98.5,4.93,5.29,5.62,0.01,
54,2025-07-19 10:00:00,2.22,0.98,77.73,0.0,98.5,5.85,6.09,6.4,0.01,
54,2025-07-19 11:00:00,2.52,1.2,109.2,0.0,98.53,6.58,6.76,6.96,0.01,
54,2025-07-19 12:00:00,3.2,1.49,273.3,0.0,98.5,7.23,7.65,8.12,0.02,
54,2025-07-19 13:00:00,3.65,2.0,462.5,0.0,87.58,8.6,10.13,11.73,0.16,
54,2025-07-19 14:00:00,4.25,2.4,483.8,0.0,75.31,12.55,13.18,13.63,0.38,
54,2025-07-19 15:00:00,4.1,1.55,369.8,0.0,71.5,13.92,14.66,15.25,0.48,
54,2025-07-19 16:00:00,5.9,3.14,186.7,0.0,70.25,14.99,15.05,15.13,0.51,
54,2025-07-19 17:00:00,5.38,3.21,184.3,0.0,69.48,14.64,14.84,15.04,0.52,
54,2025-07-19 18:00:00,3.12,1.24,71.44,0.0,74.11,13.26,13.99,14.63,0.42,
54,2025-07-19 19:00:00,1.85,0.56,0.6,0.0,80.47,11.97,12.43,12.85,0.28,
54,2025-07-19 20:00:00,1.18,0.14,0.0,0.0,88.13,9.59,10.34,11.4,0.15,
54,2025-07-19 21:00:00,1.62,0.16,0.0,0.0,87.93,9.41,9.92,10.37,0.15,
54,2025-07-19 22:00:00,2.15,0.99,0.0,0.0,81.58,10.82,11.19,11.38,0.25,
54,2025-07-19 23:00:00,2.82,1.26,0.0,0.0,83.38,10.63,10.8,11.09,0.22,
54,2025-07-20 00:00:00,3.95,1.72,0.0,0.0,81.88,10.98,11.1,11.2,0.24,
54,2025-07-20 01:00:00,3.2,1.53,0.0,0.0,81.29,10.71,10.87,11.22,0.25,
54,2025-07-20 02:00:00,3.95,2.04,0.0,0.0,83.03,10.02,10.31,10.48,0.21,
54,2025-07-20 03:00:00,2.98,1.57,0.0,0.0,85.58,9.04,9.56,9.94,0.17,
54,2025-07-20 04:00:00,4.25,2.08,0.0,0.0,84.68,8.97,9.11,9.31,0.18,
54,2025-07-20 05:00:00,4.03,1.54,0.0,0.0,86.65,8.63,8.93,9.22,0.15,
54,2025-07-20 06:00:00,2.52,0.65,0.0,0.0,90.78,7.97,8.09,8.27,0.1,
54,2025-07-20 07:00:00,3.65,1.2,0.0,0.0,91.55,7.71,7.82,7.86,0.09,
54,2025-07-20 08:00:00,1.85,0.45,2.13,0.0,92.08,7.33,7.53,7.75,0.08,
54,2025-07-20 09:00:00,3.95,1.54,69.88,0.0,91.5,7.62,7.82,8.05,0.09,
54,2025-07-20 10:00:00,4.78,1.36,182.0,0.0,88.0,8.18,8.64,8.87,0.14,
54,2025-07-20 11:00:00,3.35,1.69,244.8,0.0,84.1,9.7,9.81,9.87,0.19,
54,2025-07-20 12:00:00,4.1,1.83,447.5,0.0,82.0,9.76,9.97,10.37,0.22,
54,2025-07-20 13:00:00,3.5,1.43,552.0,0.0,72.56,11.33,12.45,13.41,0.4,
54,2025-07-20 14:00:00,2.9,0.79,396.3,0.0,64.27,13.63,14.31,14.81,0.59,
54,2025-07-20 15:00:00,2.98,1.27,435.3,0.0,70.13,13.45,14.24,15.05,0.49,
54,2025-07-20 16:00:00,2.98,1.77,352.4,0.0,75.22,12.77,13.29,13.98,0.38,
54,2025-07-20 17:00:00,3.35,2.06,117.6,0.0,79.61,11.92,12.17,12.43,0.29,
54,2025-07-20 18:00:00,2.45,0.83,85.6,0.0,82.98,10.98,11.45,11.84,0.23,
54,2025-07-20 19:00:00,1.48,0.13,1.27,0.0,87.7,10.23,10.42,10.7,0.16,
54,2025-07-20 20:00:00,1.48,0.16,0.0,0.0,89.2,9.79,9.93,10.14,0.13,
54,2025-07-20 21:00:00,0.8,0.03,0.0,0.0,89.7,9.55,9.71,9.78,0.13,
54,2025-07-20 22:00:00,0.65,0.0,0.0,0.0,91.65,8.99,9.2,9.37,0.1,
54,2025-07-20 23:00:00,1.02,0.11,0.0,0.0,93.5,8.38,8.64,8.85,0.07,
54,2025-07-21 00:00:00,0.88,0.04,0.0,0.0,93.78,8.06,8.22,8.33,0.07,
54,2025-07-21 01:00:00,1.1,0.05,0.0,0.0,95.58,7.12,7.46,7.83,0.05,
54,2025-07-21 02:00:00,0.0,0.0,0.0,0.0,96.48,6.66,7.03,7.24,0.04,
54,2025-07-21 03:00:00,0.57,0.0,0.0,0.0,96.85,4.73,5.35,6.19,0.03,
54,2025-07-21 04:00:00,0.72,0.02,0.0,0.0,97.5,3.94,4.4,4.73,0.02,
54,2025-07-21 05:00:00,1.92,0.38,0.0,0.0,97.78,3.54,3.8,3.9,0.02,
54,2025-07-21 06:00:00,1.7,0.4,0.0,0.0,98.23,4.52,4.98,5.17,0.02,
54,2025-07-21 07:00:00,1.25,0.13,0.0,0.0,98.3,4.98,5.11,5.24,0.01,
54,2025-07-21 08:00:00,0.0,0.0,3.5,0.0,98.23,4.28,4.4,4.64,0.02,
54,2025-07-21 09:00:00,0.0,0.0,67.65,0.1,98.3,4.2,4.45,4.79,0.01,
54,2025-07-21 10:00:00,1.02,0.07,148.7,0.0,98.4,4.96,5.39,5.92,0.01,
54,2025-07-21 11:00:00,1.32,0.19,197.4,0.0,98.4,6.01,6.46,6.97,0.02,
54,2025-07-21 12:00:00,2.08,0.71,311.5,0.0,98.35,7.32,7.91,8.6,0.02,
54,2025-07-21 13:00:00,1.92,0.63,495.8,0.0,86.51,9.45,10.99,12.54,0.19,
54,2025-07-21 14:00:00,1.85,0.27,492.0,0.0,62.32,13.78,15.39,16.86,0.67,
54,2025-07-21 15:00:00,2.3,0.17,453.2,0.0,53.84,17.42,17.92,18.61,0.95,
54,2025-07-21 16:00:00,2.3,0.42,362.4,0.0,51.28,18.76,19.03,19.48,1.07,
54,2025-07-21 17:00:00,0.72,0.01,234.7,0.0,49.91,19.19,19.46,19.77,1.13,
54,2025-07-21 18:00:00,0.0,0.0,93.5,0.0,57.06,16.93,17.92,18.58,0.89,
54,2025-07-21 19:00:00,0.0,0.0,1.33,0.0,71.83,12.9,14.1,15.69,0.46,
54,2025-07-21 20:00:00,0.0,0.0,0.0,0.0,84.68,10.61,10.97,11.53,0.2,
54,2025-07-21 21:00:00,0.0,0.0,0.0,0.0,84.95,10.81,11.11,11.39,0.2,
54,2025-07-21 22:00:00,0.0,0.0,0.0,0.0,89.18,9.86,10.33,10.75,0.14,
54,2025-07-21 23:00:00,0.0,0.0,0.0,0.0,92.05,9.19,9.93,10.37,0.1,
54,2025-07-22 00:00:00,1.78,0.36,0.0,0.0,94.65,9.13,9.5,9.66,0.07,
54,2025-07-22 01:00:00,1.4,0.13,0.0,0.0,95.75,8.11,8.89,9.89,0.05,
54,2025-07-22 02:00:00,4.1,1.11,0.0,0.0,97.45,8.83,9.55,9.99,0.03,
54,2025-07-22 03:00:00,3.5,2.03,0.0,0.0,97.03,10.51,10.76,11.01,0.04,
54,2025-07-22 04:00:00,2.6,0.55,0.0,0.0,98.0,10.18,10.29,10.42,0.03,
54,2025-07-22 05:00:00,4.62,2.4,0.0,0.0,98.2,10.62,10.7,10.77,0.02,
54,2025-07-22 06:00:00,4.78,2.59,0.0,0.0,98.08,10.21,10.38,10.59,0.02,
54,2025-07-22 07:00:00,5.15,2.33,0.0,0.0,97.88,9.92,9.99,10.11,0.03,
54,2025-07-22 08:00:00,5.08,2.88,1.43,0.0,97.73,9.54,9.72,9.86,0.03,
54,2025-07-22 09:00:00,5.15,2.48,50.5,0.0,96.85,9.0,9.2,9.35,0.04,
54,2025-07-22 10:00:00,4.18,2.3,71.27,0.0,96.55,8.59,8.67,8.76,0.04,
54,2025-07-22 11:00:00,5.08,2.64,162.7,0.0,92.75,8.62,8.7,8.75,0.08,
54,2025-07-22 12:00:00,4.1,2.28,381.3,0.0,88.2,9.08,9.34,9.74,0.14,
54,2025-07-22 13:00:00,3.65,2.19,520.9,0.0,79.54,9.93,10.69,11.39,0.27,
54,2025-07-22 14:00:00,3.12,1.18,513.9,0.0,73.13,11.98,12.55,12.86,0.39,
54,2025-07-22 15:00:00,3.05,1.0,476.6,0.0,67.55,13.06,13.84,14.53,0.52,
54,2025-07-22 16:00:00,3.42,1.21,376.8,0.0,62.08,14.97,15.4,15.69,0.66,
54,2025-07-22 17:00:00,2.68,1.3,251.2,0.0,63.44,15.43,15.72,15.94,0.65,
54,2025-07-22 18:00:00,2.9,0.89,86.5,0.0,69.74,13.58,14.16,14.95,0.49,
54,2025-07-22 19:00:00,0.65,0.01,1.4,0.0,81.83,10.1,11.17,12.54,0.24,
54,2025-07-22 20:00:00,0.0,0.0,0.0,0.0,90.38,8.0,8.66,9.16,0.11,
54,2025-07-22 21:00:00,0.0,0.0,0.0,0.0,93.33,7.57,7.76,7.92,0.07,
54,2025-07-22 22:00:00,2.6,0.6,0.0,0.0,90.45,7.43,7.97,8.9,0.1,
54,2025-07-22 23:00:00,2.98,1.77,0.0,0.0,84.63,8.57,8.75,8.96,0.17,
54,2025-07-23 00:00:00,2.45,0.72,0.0,0.0,87.13,7.4,7.89,8.36,0.14,
54,2025-07-23 01:00:00,2.15,0.29,0.0,0.0,89.83,6.98,7.16,7.51,0.1,
54,2025-07-23 02:00:00,1.32,0.28,0.0,0.0,91.68,6.4,6.52,6.73,0.08,
54,2025-07-23 03:00:00,0.72,0.02,0.0,0.0,93.0,5.75,6.1,6.41,0.07,
54,2025-07-23 04:00:00,0.0,0.0,0.0,0.0,95.03,4.62,5.09,5.5,0.05,
54,2025-07-23 05:00:00,1.1,0.29,0.0,0.0,96.7,4.26,4.46,4.62,0.03,
54,2025-07-23 06:00:00,1.1,0.06,0.0,0.0,95.93,3.97,4.29,4.67,0.04,
54,2025-07-23 07:00:00,1.18,0.31,0.0,0.0,96.9,2.2,2.57,3.12,0.03,
54,2025-07-23 08:00:00,1.32,0.09,6.12,0.0,97.8,1.54,1.99,2.39,0.01,
54,2025-07-23 09:00:00,2.22,0.33,57.22,0.1,98.15,2.25,2.6,3.25,0.01,
54,2025-07-23 10:00:00,2.52,1.28,123.9,0.0,98.38,3.71,4.02,4.31,0.01,
54,2025-07-23 11:00:00,3.2,0.79,157.1,0.0,98.45,4.27,4.76,5.29,0.01,
54,2025-07-23 12:00:00,3.28,1.73,206.0,0.0,98.5,5.61,6.05,6.32,0.01,
54,2025-07-23 13:00:00,3.5,1.21,240.7,0.0,98.5,6.81,7.14,7.37,0.02,
54,2025-07-23 14:00:00,2.98,1.56,360.5,0.0,97.35,7.69,8.11,8.6,0.03,
54,2025-07-23 15:00:00,3.8,2.17,419.0,0.0,86.13,9.13,9.87,10.67,0.17,
54,2025-07-23 16:00:00,3.72,1.61,372.8,0.0,75.84,11.3,12.13,12.79,0.35,
54,2025-07-23 17:00:00,3.05,1.41,243.1,0.0,71.59,13.15,13.25,13.35,0.43,
54,2025-07-23 18:00:00,1.55,0.3,88.6,0.0,76.99,11.33,12.44,13.4,0.34,
54,2025-07-23 19:00:00,0.65,0.02,1.25,0.0,88.4,8.54,9.25,10.22,0.14,
54,2025-07-23 20:00:00,0.95,0.03,0.0,0.0,93.68,6.2,7.06,8.03,0.07,
54,2025-07-23 21:00:00,1.1,0.06,0.0,0.0,95.9,5.32,5.8,6.27,0.04,
54,2025-07-23 22:00:00,1.48,0.45,0.0,0.0,97.6,5.51,5.75,5.93,0.02,
54,2025-07-23 23:00:00,0.28,0.0,0.0,0.0,96.95,4.69,5.21,5.53,0.03,
54,2025-07-24 00:00:00,0.88,0.04,0.0,0.0,96.63,3.0,3.6,4.14,0.03,
54,2025-07-24 01:00:00,1.25,0.28,0.0,0.0,97.9,2.97,3.21,3.51,0.02,
54,2025-07-24 02:00:00,0.88,0.03,0.0,0.0,98.13,3.02,3.26,3.66,0.01,
54,2025-07-24 03:00:00,1.7,0.24,0.0,0.0,98.23,2.65,3.06,3.66,0.01,
54,2025-07-24 04:00:00,1.92,0.72,0.0,0.0,98.48,3.95,4.83,5.47,0.01,
54,2025-07-24 05:00:00,3.58,1.35,0.0,0.1,98.53,5.77,6.01,6.17,0.01,
54,2025-07-24 06:00:00,3.5,1.55,0.0,0.0,98.6,6.16,6.38,6.52,0.01,
54,2025-07-24 07:00:00,4.4,1.6,0.0,0.0,98.6,6.24,6.8,7.11,0.01,
54,2025-07-24 08:00:00,5.08,2.25,3.96,0.0,98.55,6.84,6.99,7.05,0.01,
54,2025-07-24 09:00:00,3.12,1.26,172.2,0.0,94.2,6.2,6.53,7.01,0.06,
54,2025-07-24 10:00:00,4.62,2.41,309.0,0.0,87.9,7.5,7.86,8.26,0.13,
54,2025-07-24 11:00:00,4.85,2.79,312.8,0.0,81.37,8.64,8.88,9.26,0.21,
54,2025-07-24 12:00:00,4.1,2.14,269.4,0.0,71.06,9.8,9.95,10.28,0.35,
54,2025-07-24 13:00:00,3.35,1.47,92.3,0.0,73.4,9.47,9.59,9.75,0.32,
54,2025-07-24 14:00:00,5.9,3.32,201.7,0.0,72.25,9.46,9.92,10.44,0.34,
54,2025-07-24 15:00:00,5.98,3.12,204.2,0.0,70.24,10.61,11.19,11.82,0.4,
54,2025-07-24 16:00:00,6.42,3.51,61.97,0.0,61.08,11.69,11.91,12.15,0.54,
54,2025-07-24 17:00:00,7.32,3.77,68.79,0.2,68.76,11.59,11.73,11.84,0.43,
54,2025-07-24 18:00:00,6.5,3.62,17.08,0.7,82.1,10.72,11.03,11.58,0.24,
54,2025-07-24 19:00:00,5.98,3.13,0.49,0.0,89.93,10.14,10.33,10.67,0.13,
54,2025-07-24 20:00:00,6.12,3.08,0.0,0.0,89.98,10.17,10.19,10.21,0.13,
54,2025-07-24 21:00:00,5.45,3.02,0.0,0.5,93.33,9.28,9.6,10.02,0.08,
54,2025-07-24 22:00:00,5.52,3.01,0.0,1.0,95.75,9.15,9.18,9.21,0.05,
54,2025-07-24 23:00:00,6.12,2.93,0.0,0.0,95.43,9.25,9.35,9.4,0.05,
54,2025-07-25 00:00:00,5.82,2.82,0.0,0.0,95.0,9.3,9.33,9.36,0.06,
54,2025-07-25 01:00:00,5.6,2.75,0.0,0.1,94.9,9.16,9.2,9.24,0.06,
54,2025-07-25 02:00:00,4.78,2.67,0.0,0.0,94.8,9.17,9.24,9.35,0.06,
54,2025-07-25 03:00:00,4.03,2.42,0.0,0.0,94.85,9.38,9.44,9.47,0.06,
54,2025-07-25 04:00:00,5.08,2.63,0.0,0.0,94.73,9.49,9.57,9.61,0.06,
54,2025-07-25 05:00:00,5.08,2.6,0.0,0.0,94.88,9.49,9.56,9.66,0.06,
54,2025-07-25 06:00:00,3.95,1.97,0.0,0.0,93.83,9.69,9.71,9.74,0.07,
54,2025-07-25 07:00:00,4.4,2.25,0.0,0.0,94.03,9.68,9.71,9.73,0.07,
54,2025-07-25 08:00:00,3.28,1.31,3.88,0.0,93.88,9.7,9.7,9.71,0.07,
54,2025-07-25 09:00:00,3.35,1.02,230.7,0.0,90.13,9.75,10.27,11.04,0.13,
54,2025-07-25 10:00:00,3.88,1.54,204.6,0.0,87.28,11.12,11.25,11.37,0.17,
54,2025-07-25 11:00:00,3.65,1.86,197.1,0.0,85.35,11.27,11.51,11.9,0.2,
54,2025-07-25 12:00:00,4.32,2.04,324.2,0.0,80.57,12.36,12.93,13.59,0.29,
54,2025-07-25 13:00:00,4.55,2.42,475.9,0.0,70.18,13.9,14.64,15.0,0.5,
54,2025-07-25 14:00:00,4.85,2.21,349.4,0.0,67.98,14.78,14.98,15.29,0.55,
54,2025-07-25 15:00:00,3.5,1.61,277.7,0.0,62.27,14.78,15.11,15.48,0.65,
54,2025-07-25 16:00:00,3.05,1.3,275.7,0.0,59.57,15.65,15.7,15.75,0.72,
54,2025-07-25 17:00:00,1.85,0.49,193.7,0.0,60.01,15.54,15.8,16.12,0.72,
54,2025-07-25 18:00:00,1.92,0.19,73.58,0.0,65.81,14.49,14.96,15.34,0.58,
54,2025-07-25 19:00:00,1.1,0.12,0.72,0.0,72.94,12.58,13.34,13.96,0.42,
54,2025-07-25 20:00:00,0.42,0.0,0.0,0.0,83.75,10.42,11.06,11.95,0.22,
54,2025-07-25 21:00:00,0.95,0.06,0.0,0.0,89.6,8.84,9.42,10.3,0.12,
54,2025-07-25 22:00:00,1.02,0.13,0.0,0.0,92.25,8.3,8.67,9.1,0.09,
54,2025-07-25 23:00:00,0.57,0.0,0.0,0.0,93.15,8.57,8.68,8.92,0.08,
54,2025-07-26 00:00:00,1.02,0.06,0.0,0.0,94.75,8.1,8.27,8.43,0.06,
54,2025-07-26 01:00:00,1.78,0.41,0.0,0.0,95.83,8.05,8.26,8.45,0.05,
54,2025-07-26 02:00:00,1.1,0.13,0.0,0.0,96.88,7.46,7.62,7.73,0.03,
54,2025-07-26 03:00:00,0.0,0.0,0.0,0.0,97.0,7.1,7.32,7.57,0.03,
54,2025-07-26 04:00:00,0.0,0.0,0.0,0.0,96.95,7.22,7.35,7.59,0.03,
54,2025-07-26 05:00:00,0.88,0.02,0.0,0.0,97.1,6.9,7.05,7.27,0.03,
54,2025-07-26 06:00:00,0.72,0.02,0.0,0.0,97.4,6.56,6.62,6.68,0.03,
54,2025-07-26 07:00:00,0.28,0.0,0.0,0.0,97.75,6.31,6.41,6.51,0.02,
54,2025-07-26 08:00:00,1.32,0.09,3.47,0.0,97.93,5.85,6.05,6.28,0.02,
54,2025-07-26 09:00:00,0.95,0.12,52.67,0.0,98.23,6.49,6.65,6.86,0.02,
54,2025-07-26 10:00:00,0.88,0.02,109.5,0.1,98.38,7.08,7.4,7.72,0.02,
54,2025-07-26 11:00:00,0.65,0.03,258.9,0.0,98.35,8.02,8.68,9.18,0.02,
54,2025-07-26 12:00:00,1.85,0.36,181.2,0.0,96.65,9.24,9.58,9.77,0.04,
54,2025-07-26 13:00:00,1.32,0.09,181.7,0.0,90.3,9.94,10.37,10.83,0.12,
54,2025-07-26 14:00:00,1.92,0.48,216.8,0.0,87.43,11.05,11.09,11.18,0.17,
54,2025-07-26 15:00:00,2.22,0.67,177.4,0.0,85.5,11.41,11.55,11.62,0.2,
54,2025-07-26 16:00:00,3.65,0.99,79.93,0.0,86.2,11.49,11.64,11.8,0.19,
54,2025-07-26 17:00:00,2.6,0.91,84.1,0.0,85.15,11.76,11.82,11.91,0.21,
54,2025-07-26 18:00:00,1.48,0.41,28.56,0.0,86.7,11.55,11.7,11.85,0.18,
54,2025-07-26 19:00:00,1.18,0.23,0.93,0.0,88.33,11.14,11.28,11.45,0.16,
54,2025-07-26 20:00:00,0.8,0.02,0.0,0.0,89.93,10.64,10.89,11.24,0.13,
54,2025-07-26 21:00:00,0.65,0.01,0.0,0.0,91.58,10.39,10.56,10.74,0.11,
54,2025-07-26 22:00:00,1.25,0.06,0.0,0.0,94.0,9.49,9.82,10.17,0.07,
54,2025-07-26 23:00:00,0.0,0.0,0.0,0.0,95.35,9.37,9.43,9.48,0.06,
54,2025-07-27 00:00:00,0.57,0.0,0.0,0.0,96.2,9.14,9.2,9.28,0.05,
54,2025-07-27 01:00:00,2.22,0.64,0.0,0.0,95.45,9.62,9.82,10.0,0.06,
54,2025-07-27 02:00:00,1.48,0.29,0.0,0.0,94.75,9.7,9.89,10.02,0.07,
54,2025-07-27 03:00:00,1.48,0.46,0.0,0.0,95.4,9.35,9.45,9.52,0.06,
54,2025-07-27 04:00:00,2.15,0.44,0.0,0.0,91.55,9.64,9.95,10.22,0.11,
54,2025-07-27 05:00:00,2.75,1.01,0.0,0.0,85.83,10.41,10.67,10.91,0.18,
54,2025-07-27 06:00:00,2.0,0.21,0.0,0.0,89.48,9.79,10.21,10.58,0.13,
54,2025-07-27 07:00:00,2.45,0.77,0.0,0.0,92.83,9.58,9.63,9.66,0.09,
54,2025-07-27 08:00:00,2.6,1.01,2.4,0.0,92.15,9.74,9.79,9.82,0.1,
54,2025-07-27 09:00:00,3.72,1.67,157.7,0.0,88.75,9.96,10.49,11.06,0.14,
54,2025-07-27 10:00:00,5.0,2.31,234.4,0.0,82.2,11.22,11.87,12.21,0.25,
54,2025-07-27 11:00:00,4.18,2.0,216.4,0.0,78.84,12.16,12.45,12.66,0.31,
54,2025-07-27 12:00:00,3.2,1.79,263.6,0.0,73.99,12.93,13.22,13.62,0.4,
54,2025-07-27 13:00:00,4.55,2.3,402.0,0.0,70.0,14.06,14.48,14.81,0.49,
54,2025-07-27 14:00:00,4.85,2.8,371.7,0.0,65.29,14.88,15.05,15.2,0.6,
54,2025-07-27 15:00:00,4.4,2.6,174.1,0.0,69.99,14.27,14.54,14.77,0.5,
54,2025-07-27 16:00:00,3.5,1.56,82.0,0.0,70.89,13.7,14.01,14.2,0.47,
54,2025-07-27 17:00:00,2.45,0.96,51.81,0.0,75.52,13.34,13.45,13.53,0.38,
54,2025-07-27 18:00:00,2.08,0.91,13.31,0.1,79.62,12.1,12.72,13.2,0.3,
54,2025-07-27 19:00:00,2.08,0.61,0.32,0.8,88.95,11.46,11.61,11.89,0.15,
54,2025-07-27 20:00:00,2.98,0.97,0.0,1.6,92.63,11.05,11.22,11.31,0.1,
54,2025-07-27 21:00:00,3.58,1.91,0.0,0.5,93.48,11.02,11.05,11.09,0.09,
54,2025-07-27 22:00:00,3.2,1.09,0.0,0.1,92.75,10.85,10.99,11.07,0.1,
54,2025-07-27 23:00:00,1.78,0.73,0.0,0.0,90.68,10.91,11.08,11.22,0.12,
54,2025-07-28 00:00:00,1.85,0.49,0.0,0.0,89.65,11.24,11.3,11.37,0.14,
54,2025-07-28 01:00:00,2.6,0.61,0.0,0.0,89.08,11.24,11.3,11.4,0.15,
54,2025-07-28 02:00:00,3.2,1.1,0.0,0.0,87.93,11.14,11.38,11.57,0.16,
54,2025-07-28 03:00:00,2.0,0.83,0.0,0.0,90.08,10.65,10.95,11.25,0.13,
54,2025-07-28 04:00:00,2.6,1.36,0.0,0.0,89.68,10.64,10.67,10.7,0.13,
54,2025-07-28 05:00:00,2.52,1.0,0.0,0.0,86.18,10.72,10.92,11.08,0.18,
54,2025-07-28 06:00:00,2.75,0.76,0.0,0.0,82.11,10.79,11.17,11.8,0.24,
54,2025-07-28 07:00:00,1.48,0.15,0.0,0.0,82.04,10.84,11.48,12.03,0.25,
54,2025-07-28 08:00:00,1.4,0.27,2.36,0.0,85.18,10.55,10.79,11.05,0.19,
54,2025-07-28 09:00:00,2.9,0.85,54.56,0.0,86.88,10.41,10.65,10.88,0.17,
54,2025-07-28 10:00:00,2.82,1.33,128.1,0.0,86.38,10.66,10.88,11.25,0.18,
54,2025-07-28 11:00:00,2.68,1.05,287.4,0.0,80.11,11.49,12.03,12.6,0.28,
54,2025-07-28 12:00:00,2.98,1.35,306.3,0.0,74.15,13.66,14.01,14.39,0.42,
54,2025-07-28 13:00:00,3.12,1.56,243.5,0.0,70.47,14.29,14.75,15.08,0.5,
54,2025-07-28 14:00:00,2.38,1.03,219.3,0.0,65.47,15.22,15.55,15.83,0.61,
54,2025-07-28 15:00:00,1.78,0.76,150.4,0.0,63.46,15.7,15.73,15.75,0.65,
54,2025-07-28 16:00:00,1.92,0.78,125.7,0.1,71.49,15.18,15.32,15.54,0.5,
54,2025-07-28 17:00:00,2.0,0.55,52.71,0.0,75.24,14.8,14.91,15.01,0.42,
54,2025-07-28 18:00:00,1.7,0.42,22.27,0.0,80.87,13.65,14.17,14.67,0.31,
54,2025-07-28 19:00:00,1.32,0.11,1.16,0.0,86.48,12.48,12.76,13.19,0.2,
54,2025-07-28 20:00:00,1.02,0.08,0.0,0.0,89.25,11.94,11.99,12.06,0.15,
54,2025-07-28 21:00:00,3.28,0.41,0.0,0.0,89.68,11.26,11.64,11.84,0.14,
54,2025-07-28 22:00:00,1.32,0.15,0.0,0.0,92.5,10.04,10.59,10.94,0.1,
54,2025-07-28 23:00:00,1.92,0.3,0.0,0.0,93.13,9.86,10.13,10.31,0.09,
54,2025-07-29 00:00:00,1.25,0.13,0.0,0.0,92.98,10.14,10.2,10.34,0.09,
54,2025-07-29 01:00:00,2.08,0.78,0.0,0.0,93.53,10.04,10.31,10.46,0.08,
54,2025-07-29 02:00:00,2.08,0.6,0.0,0.0,95.3,9.51,9.62,9.78,0.06,
54,2025-07-29 03:00:00,2.82,0.73,0.0,0.0,95.0,9.73,9.83,9.98,0.06,
54,2025-07-29 04:00:00,2.9,0.89,0.0,0.0,94.25,10.1,10.27,10.46,0.07,
54,2025-07-29 05:00:00,1.18,0.1,0.0,0.0,95.5,9.38,9.66,9.88,0.05,
54,2025-07-29 06:00:00,1.62,0.46,0.0,0.0,96.45,9.19,9.32,9.41,0.04,
54,2025-07-29 07:00:00,2.15,0.63,0.0,0.0,96.3,9.25,9.49,9.88,0.04,
54,2025-07-29 08:00:00,1.7,0.26,2.45,0.0,95.63,9.66,9.81,10.02,0.06,
54,2025-07-29 09:00:00,2.45,0.58,51.08,0.0,95.45,9.69,9.88,10.19,0.05,
54,2025-07-29 10:00:00,2.82,0.99,146.3,0.0,92.88,10.4,10.8,11.35,0.09,
54,2025-07-29 11:00:00,2.15,0.99,161.6,0.0,88.3,11.79,12.28,12.79,0.17,
54,2025-07-29 12:00:00,2.6,1.24,356.4,0.0,79.13,13.35,14.26,14.83,0.34,
54,2025-07-29 13:00:00,3.88,1.29,366.0,0.0,72.2,14.99,15.73,16.68,0.5,
54,2025-07-29 14:00:00,3.58,1.11,427.4,0.0,59.58,17.11,17.97,18.94,0.84,
54,2025-07-29 15:00:00,2.82,0.91,472.8,0.0,54.61,19.17,19.61,19.82,1.04,
54,2025-07-29 16:00:00,3.12,0.88,250.9,0.0,54.44,19.37,19.46,19.57,1.03,
54,2025-07-29 17:00:00,2.68,1.39,130.1,0.0,64.58,18.06,18.44,19.08,0.76,
54,2025-07-29 18:00:00,1.85,0.39,86.4,0.0,67.93,17.36,17.8,18.22,0.66,
54,2025-07-29 19:00:00,2.52,0.89,0.95,0.0,75.54,15.91,16.3,16.82,0.45,
54,2025-07-29 20:00:00,3.42,0.98,0.0,0.0,76.34,15.37,15.78,16.0,0.43,
54,2025-07-29 21:00:00,4.55,2.13,0.0,0.0,71.93,15.36,15.86,16.31,0.51,
54,2025-07-29 22:00:00,4.85,2.51,0.0,0.0,63.89,16.35,16.56,16.66,0.68,
54,2025-07-29 23:00:00,4.32,1.72,0.0,0.0,59.86,16.9,16.98,17.09,0.78,
54,2025-07-30 00:00:00,6.05,1.56,0.0,0.0,70.04,15.28,15.71,16.23,0.54,
54,2025-07-30 01:00:00,5.38,2.7,0.0,0.0,73.55,14.43,14.61,14.75,0.44,
54,2025-07-30 02:00:00,4.18,1.48,0.0,0.0,74.63,13.98,14.22,14.55,0.41,
54,2025-07-30 03:00:00,3.72,1.83,0.0,0.0,73.69,13.87,13.91,13.95,0.42,
54,2025-07-30 04:00:00,3.58,1.98,0.0,0.0,72.29,13.72,13.96,14.14,0.44,
54,2025-07-30 05:00:00,3.12,1.42,0.0,0.0,74.64,13.35,13.55,13.74,0.39,
54,2025-07-30 06:00:00,4.03,1.82,0.0,0.0,72.99,13.32,13.57,13.83,0.42,
54,2025-07-30 07:00:00,4.25,1.6,0.0,0.0,75.53,12.91,13.18,13.44,0.37,
54,2025-07-30 08:00:00,2.9,1.3,1.12,0.0,75.41,12.98,13.11,13.2,0.37,
54,2025-07-30 09:00:00,3.72,1.61,17.36,0.0,76.04,12.93,13.05,13.2,0.36,
54,2025-07-30 10:00:00,4.1,2.21,21.15,0.0,77.4,13.21,13.33,13.5,0.35,
54,2025-07-30 11:00:00,5.98,3.15,57.92,0.0,77.7,13.74,13.94,14.06,0.36,
54,2025-07-30 12:00:00,6.35,3.63,74.29,0.0,74.5,14.13,14.35,14.51,0.42,
54,2025-07-30 13:00:00,7.32,4.24,138.6,0.0,69.31,14.56,14.74,15.0,0.52,
54,2025-07-30 14:00:00,8.37,4.42,95.8,0.0,72.31,15.01,15.03,15.04,0.47,
54,2025-07-30 15:00:00,7.92,4.39,73.94,0.6,77.69,14.57,14.72,14.9,0.38,
54,2025-07-30 16:00:00,5.75,3.64,126.0,0.0,78.7,14.55,14.82,15.11,0.36,
54,2025-07-30 17:00:00,5.75,2.62,106.7,0.0,74.72,15.43,15.49,15.56,0.45,
54,2025-07-30 18:00:00,5.98,2.91,16.54,0.0,74.94,15.05,15.21,15.42,0.43,
54,2025-07-30 19:00:00,4.78,1.81,0.81,0.0,76.2,14.07,14.49,14.94,0.4,
54,2025-07-30 20:00:00,4.03,1.76,0.0,0.0,75.3,13.97,14.07,14.12,0.4,
54,2025-07-30 21:00:00,5.15,2.31,0.0,0.0,74.4,14.08,14.12,14.13,0.41,
54,2025-07-30 22:00:00,6.58,3.21,0.0,0.0,71.92,14.04,14.12,14.27,0.45,
54,2025-07-30 23:00:00,7.18,3.39,0.0,0.0,68.27,14.08,14.2,14.3,0.52,
54,2025-07-31 00:00:00,6.28,3.45,0.0,0.0,69.23,13.93,13.94,13.96,0.49,
54,2025-07-31 01:00:00,5.82,2.86,0.0,0.0,72.24,13.4,13.58,13.86,0.43,
54,2025-07-31 02:00:00,6.28,3.61,0.0,2.4,79.14,12.41,13.02,13.63,0.31,
54,2025-07-31 03:00:00,6.05,3.37,0.0,2.9,89.23,11.57,11.81,12.05,0.15,
54,2025-07-31 04:00:00,7.48,3.84,0.0,2.0,92.03,11.58,11.64,11.7,0.11,
54,2025-07-31 05:00:00,7.7,3.91,0.0,2.5,92.95,11.31,11.47,11.62,0.09,
54,2025-07-31 06:00:00,6.8,3.76,0.0,1.0,93.5,11.27,11.28,11.32,0.09,
54,2025-07-31 07:00:00,5.98,3.28,0.0,0.7,93.55,11.15,11.25,11.37,0.09,
54,2025-07-31 08:00:00,5.98,2.88,1.01,1.7,95.0,11.36,11.46,11.52,0.07,
54,2025-07-31 09:00:00,7.48,3.8,12.87,1.4,94.8,11.3,11.4,11.49,0.07,
54,2025-07-31 10:00:00,6.8,3.52,38.79,2.7,95.25,11.29,11.4,11.51,0.07,
54,2025-07-31 11:00:00,6.12,3.24,79.25,0.4,94.93,11.52,11.6,11.64,0.07,
54,2025-07-31 12:00:00,6.05,3.25,169.2,0.7,94.65,11.77,11.97,12.2,0.08,
54,2025-07-31 13:00:00,5.52,2.9,168.7,1.1,93.08,12.39,12.47,12.52,0.1,
54,2025-07-31 14:00:00,6.28,3.43,104.2,1.4,93.15,12.34,12.44,12.56,0.1,
54,2025-07-31 15:00:00,7.02,3.13,89.0,1.8,94.65,12.11,12.28,12.44,0.08,
54,2025-07-31 16:00:00,5.52,2.87,109.1,1.6,94.45,12.09,12.16,12.24,0.08,
54,2025-07-31 17:00:00,7.62,3.27,58.38,0.9,94.35,11.75,11.85,12.0,0.08,
54,2025-07-31 18:00:00,5.75,3.24,25.7,3.1,95.0,11.61,11.63,11.64,0.07,
54,2025-07-31 19:00:00,5.9,2.95,1.11,0.1,93.6,11.64,11.69,11.75,0.09,
54,2025-07-31 20:00:00,5.68,3.07,0.0,0.8,93.9,11.45,11.51,11.59,0.08,
54,2025-07-31 21:00:00,5.08,2.64,0.0,1.9,94.23,11.31,11.38,11.49,0.08,
54,2025-07-31 22:00:00,5.3,2.41,0.0,0.0,90.85,11.27,11.3,11.33,0.12,
54,2025-07-31 23:00:00,5.0,2.73,0.0,0.1,90.93,11.19,11.3,11.38,0.12,
54,2025-08-01 00:00:00,4.55,2.66,0.0,0.1,90.7,11.12,11.21,11.26,0.13,
54,2025-08-01 01:00:00,5.08,2.06,0.0,0.0,88.93,11.2,11.28,11.31,0.15,
54,2025-08-01 02:00:00,3.8,1.62,0.0,0.0,88.5,11.07,11.1,11.13,0.15,
54,2025-08-01 03:00:00,3.65,0.6,0.0,1.9,92.83,10.66,10.77,10.92,0.1,
54,2025-08-01 04:00:00,6.5,2.83,0.0,1.6,85.8,10.9,11.45,11.76,0.19,
54,2025-08-01 05:00:00,4.92,2.02,0.0,1.0,88.55,11.01,11.31,11.67,0.16,
54,2025-08-01 06:00:00,6.42,3.35,0.0,1.8,92.18,10.52,10.73,10.97,0.1,
54,2025-08-01 07:00:00,6.5,3.64,0.0,1.6,93.8,10.3,10.42,10.52,0.08,
54,2025-08-01 08:00:00,5.68,3.49,0.76,3.4,92.83,10.26,10.33,10.44,0.09,
54,2025-08-01 09:00:00,6.42,3.38,16.16,3.4,94.4,9.97,10.1,10.18,0.07,
54,2025-08-01 10:00:00,5.6,2.8,83.8,1.1,93.7,10.0,10.13,10.24,0.08,
54,2025-08-01 11:00:00,4.85,2.11,83.4,0.0,92.28,10.36,10.51,10.71,0.1,
54,2025-08-01 12:00:00,4.62,2.15,69.7,0.7,90.85,10.86,10.94,11.03,0.12,
54,2025-08-01 13:00:00,5.45,2.8,111.6,0.6,92.43,10.82,10.92,10.99,0.1,
54,2025-08-01 14:00:00,6.12,3.06,203.4,0.0,88.68,11.21,11.47,11.68,0.15,
54,2025-08-01 15:00:00,6.35,2.92,171.0,1.0,89.3,11.29,11.58,11.9,0.15,
54,2025-08-01 16:00:00,9.72,4.92,73.32,3.3,88.85,10.28,10.74,11.29,0.15,
54,2025-08-01 17:00:00,8.0,4.12,32.68,4.2,91.18,9.88,10.01,10.16,0.11,
54,2025-08-01 18:00:00,6.42,3.89,6.32,3.8,91.88,9.56,9.71,9.83,0.1,
54,2025-08-01 19:00:00,6.58,3.06,0.2,7.0,92.25,9.41,9.45,9.5,0.09,
54,2025-08-01 20:00:00,4.62,2.22,0.0,9.9,92.8,9.04,9.21,9.33,0.09,
54,2025-08-01 21:00:00,7.02,3.33,0.0,6.2,92.75,9.0,9.16,9.24,0.09,
54,2025-08-01 22:00:00,5.68,1.72,0.0,2.5,91.95,8.44,8.68,8.86,0.09,
54,2025-08-01 23:00:00,2.82,1.42,0.0,1.8,95.1,8.59,8.63,8.66,0.05,
54,2025-08-02 00:00:00,3.58,1.14,0.0,4.0,94.95,8.66,8.7,8.76,0.06,
54,2025-08-02 01:00:00,3.72,1.96,0.0,0.0,95.28,8.46,8.56,8.61,0.06,
54,2025-08-02 02:00:00,4.47,1.88,0.0,0.9,92.15,8.39,8.57,8.69,0.09,
54,2025-08-02 03:00:00,3.65,1.95,0.0,0.1,87.3,7.86,8.09,8.48,0.14,
54,2025-08-02 04:00:00,4.55,2.0,0.0,0.1,87.75,8.05,8.36,8.67,0.13,
54,2025-08-02 05:00:00,3.8,1.94,0.0,1.0,91.83,7.79,7.84,7.91,0.09,
54,2025-08-02 06:00:00,5.6,2.38,0.0,0.1,91.38,7.74,7.89,8.02,0.09,
54,2025-08-02 07:00:00,4.92,2.67,0.0,0.0,92.6,7.81,7.86,7.89,0.08,
54,2025-08-02 08:00:00,4.78,2.56,7.53,0.0,93.53,7.71,7.78,7.83,0.07,
54,2025-08-02 09:00:00,4.4,2.22,66.09,0.7,94.4,7.87,7.93,8.03,0.06,
54,2025-08-02 10:00:00,4.4,2.34,149.4,0.4,93.88,8.23,8.44,8.66,0.07,
54,2025-08-02 11:00:00,4.25,2.19,162.9,0.3,92.43,8.7,8.98,9.27,0.09,
54,2025-08-02 12:00:00,5.3,2.72,278.8,0.0,84.93,9.57,9.85,9.99,0.19,
54,2025-08-02 13:00:00,4.92,2.82,271.4,0.0,81.3,10.14,10.51,10.8,0.24,
54,2025-08-02 14:00:00,5.08,2.43,185.6,1.1,84.53,10.0,10.44,10.78,0.2,
54,2025-08-02 15:00:00,4.78,3.09,545.4,0.0,68.58,10.35,11.67,12.37,0.43,
54,2025-08-02 16:00:00,5.22,2.99,404.6,0.0,62.12,12.27,12.56,12.87,0.55,
54,2025-08-02 17:00:00,4.1,2.29,161.2,0.0,68.6,11.85,12.1,12.24,0.44,
54,2025-08-02 18:00:00,3.05,1.02,48.87,0.0,77.01,10.32,10.89,11.45,0.3,
54,2025-08-02 19:00:00,1.1,0.19,4.15,0.0,84.7,8.56,9.19,9.89,0.18,
54,2025-08-02 20:00:00,1.4,0.34,0.0,0.0,90.08,8.31,8.34,8.38,0.11,
54,2025-08-02 21:00:00,1.32,0.25,0.0,0.0,90.65,8.36,8.41,8.49,0.1,
54,2025-08-02 22:00:00,1.02,0.09,0.0,0.0,93.1,7.65,8.05,8.45,0.08,
54,2025-08-02 23:00:00,1.4,0.11,0.0,0.0,95.95,5.68,6.51,7.32,0.04,
54,2025-08-03 00:00:00,0.0,0.0,0.0,0.0,96.95,5.03,5.3,5.7,0.03,
54,2025-08-03 01:00:00,0.0,0.0,0.0,0.0,97.23,4.16,4.36,4.71,0.02,
54,2025-08-03 02:00:00,0.0,0.0,0.0,0.0,97.33,3.14,3.59,4.08,0.02,
54,2025-08-03 03:00:00,0.0,0.0,0.0,0.0,97.38,2.15,2.6,3.05,0.02,
54,2025-08-03 04:00:00,0.5,0.0,0.0,0.0,97.78,2.32,2.56,2.73,0.02,
54,2025-08-03 05:00:00,1.4,0.22,0.0,0.0,98.0,2.74,2.8,2.87,0.01,
54,2025-08-03 06:00:00,2.52,1.0,0.0,0.1,98.15,2.61,3.0,3.5,0.01,
54,2025-08-03 07:00:00,1.55,0.46,0.0,0.0,98.35,3.73,4.04,4.35,0.01,
54,2025-08-03 08:00:00,2.68,1.06,5.02,0.0,98.4,4.47,4.63,4.69,0.01,
54,2025-08-03 09:00:00,2.15,0.77,41.53,0.0,98.43,4.69,4.84,5.08,0.01,
54,2025-08-03 10:00:00,2.68,1.53,70.97,0.0,98.5,5.3,5.57,5.82,0.01,
54,2025-08-03 11:00:00,2.38,1.46,101.4,0.0,98.5,5.87,5.96,6.02,0.01,
54,2025-08-03 12:00:00,2.6,1.44,192.0,0.0,97.63,5.96,6.28,6.62,0.02,
54,2025-08-03 13:00:00,3.12,1.86,163.6,0.0,91.3,6.72,7.08,7.55,0.09,
54,2025-08-03 14:00:00,2.82,1.7,168.5,0.0,86.95,7.7,7.86,8.0,0.14,
54,2025-08-03 15:00:00,3.42,1.43,152.6,0.0,88.55,7.98,8.16,8.5,0.12,
54,2025-08-03 16:00:00,2.68,1.0,217.3,0.0,84.0,8.66,9.0,9.48,0.18,
54,2025-08-03 17:00:00,3.95,2.42,291.7,0.0,72.72,9.76,10.25,10.67,0.34,
54,2025-08-03 18:00:00,2.9,1.34,77.89,0.0,80.62,8.73,9.33,9.89,0.23,
54,2025-08-03 19:00:00,1.62,0.33,2.94,0.0,88.98,7.08,7.7,8.27,0.12,
54,2025-08-03 20:00:00,1.4,0.4,0.0,0.0,93.2,6.23,6.48,6.62,0.07,
54,2025-08-03 21:00:00,0.0,0.0,0.0,0.0,94.98,4.96,5.48,6.05,0.05,
54,2025-08-03 22:00:00,0.95,0.06,0.0,0.0,96.03,3.55,4.04,4.96,0.03,
54,2025-08-03 23:00:00,0.0,0.0,0.0,0.0,97.2,3.38,3.54,3.66,0.02,
54,2025-08-04 00:00:00,0.8,0.04,0.0,0.0,97.45,2.63,2.75,2.86,0.02,
54,2025-08-04 01:00:00,1.02,0.25,0.0,0.0,97.75,2.62,3.0,3.49,0.02,
54,2025-08-04 02:00:00,0.0,0.0,0.0,0.0,97.63,1.93,2.2,2.32,0.02,
54,2025-08-04 03:00:00,0.72,0.01,0.0,0.0,97.68,1.16,1.55,1.93,0.02,
54,2025-08-04 04:00:00,0.57,0.0,0.0,0.1,97.78,0.76,1.11,1.43,0.01,
54,2025-08-04 05:00:00,0.88,0.05,0.0,0.0,97.83,0.67,0.74,0.87,0.01,
54,2025-08-04 06:00:00,0.0,0.0,0.0,0.0,97.78,0.01,0.23,0.43,0.01,
54,2025-08-04 07:00:00,0.0,0.0,0.0,0.0,97.88,-0.04,0.13,0.25,0.01,
54,2025-08-04 08:00:00,1.18,0.11,19.72,0.0,97.83,-0.39,-0.27,-0.03,0.01,
54,2025-08-04 09:00:00,2.15,0.68,112.8,0.0,98.13,0.05,1.28,2.58,0.01,
54,2025-08-04 10:00:00,1.78,0.63,240.7,0.0,98.15,2.94,3.34,3.7,0.01,
54,2025-08-04 11:00:00,2.82,0.74,474.8,0.0,91.93,3.97,5.23,6.56,0.08,
54,2025-08-04 12:00:00,4.25,2.33,531.0,0.0,80.25,7.26,8.1,8.76,0.22,
54,2025-08-04 13:00:00,4.62,2.43,560.4,0.0,73.02,9.5,10.48,11.56,0.35,
54,2025-08-04 14:00:00,3.65,1.99,542.2,0.0,62.57,12.43,13.43,14.37,0.58,
54,2025-08-04 15:00:00,3.42,1.83,509.4,0.0,54.12,14.84,15.64,16.55,0.82,
54,2025-08-04 16:00:00,3.65,2.11,419.3,0.0,50.77,16.79,17.17,17.38,0.97,
54,2025-08-04 17:00:00,3.05,1.63,224.3,0.0,54.84,17.06,17.19,17.31,0.89,
54,2025-08-04 18:00:00,2.9,1.04,76.04,0.0,63.91,14.51,15.5,16.73,0.64,
54,2025-08-04 19:00:00,2.08,0.94,5.69,0.0,73.66,11.89,12.79,13.76,0.39,
54,2025-08-04 20:00:00,1.32,0.12,0.0,0.0,83.65,9.79,10.47,11.24,0.21,
54,2025-08-04 21:00:00,0.0,0.0,0.0,0.0,90.45,8.0,8.54,9.26,0.11,
54,2025-08-04 22:00:00,0.88,0.05,0.0,0.0,93.05,7.25,7.58,7.93,0.08,
54,2025-08-04 23:00:00,0.8,0.01,0.0,0.0,93.63,6.24,6.7,7.53,0.06,
54,2025-08-05 00:00:00,1.1,0.05,0.0,0.0,94.03,6.13,6.45,6.58,0.06,
54,2025-08-05 01:00:00,1.18,0.05,0.0,0.0,92.18,5.78,6.27,6.86,0.08,
54,2025-08-05 02:00:00,1.02,0.14,0.0,0.0,90.0,5.61,5.98,6.38,0.09,
54,2025-08-05 03:00:00,1.1,0.14,0.0,0.0,91.7,4.12,5.01,5.86,0.08,
54,2025-08-05 04:00:00,1.4,0.22,0.0,0.0,92.98,4.59,4.69,4.74,0.06,
54,2025-08-05 05:00:00,1.02,0.12,0.0,0.0,94.4,4.21,4.39,4.55,0.05,
54,2025-08-05 06:00:00,0.95,0.15,0.0,0.0,96.38,3.13,3.58,4.07,0.03,
54,2025-08-05 07:00:00,1.18,0.07,0.0,0.0,97.28,3.18,3.22,3.28,0.02,
54,2025-08-05 08:00:00,0.8,0.02,10.28,0.0,97.1,3.48,3.62,3.78,0.02,
54,2025-08-05 09:00:00,1.48,0.15,90.8,0.0,95.6,3.53,4.3,5.07,0.04,
54,2025-08-05 10:00:00,1.92,0.55,222.0,0.0,90.85,5.35,6.08,7.02,0.09,
54,2025-08-05 11:00:00,1.4,0.21,505.9,0.0,76.18,8.27,9.85,11.31,0.29,
54,2025-08-05 12:00:00,2.82,0.96,459.1,0.0,69.49,11.97,12.55,13.1,0.45,
54,2025-08-05 13:00:00,3.65,1.99,528.5,0.0,63.81,13.44,14.02,14.39,0.58,
54,2025-08-05 14:00:00,3.8,2.08,478.2,0.0,62.61,14.82,15.29,15.68,0.65,
54,2025-08-05 15:00:00,4.25,2.37,417.0,0.0,56.3,15.95,16.47,16.8,0.82,
54,2025-08-05 16:00:00,3.72,1.99,351.0,0.0,57.58,17.02,17.3,17.49,0.84,
54,2025-08-05 17:00:00,3.95,2.26,323.7,0.0,58.62,17.56,17.85,18.13,0.85,
54,2025-08-05 18:00:00,3.42,0.81,73.03,0.0,65.25,16.35,16.76,17.21,0.67,
54,2025-08-05 19:00:00,1.55,0.41,4.27,0.0,75.52,14.22,14.86,15.67,0.42,
54,2025-08-05 20:00:00,1.25,0.23,0.0,0.0,82.71,11.76,12.8,14.04,0.26,
54,2025-08-05 21:00:00,0.8,0.04,0.0,0.0,88.15,10.96,11.35,11.8,0.16,
54,2025-08-05 22:00:00,1.02,0.1,0.0,0.0,90.33,10.67,10.77,10.83,0.13,
54,2025-08-05 23:00:00,1.48,0.41,0.0,0.0,91.0,10.54,10.84,10.94,0.12,
54,2025-08-06 00:00:00,2.0,0.41,0.0,0.0,92.6,10.46,10.88,11.2,0.1,
54,2025-08-06 01:00:00,0.95,0.16,0.0,0.0,94.75,9.58,10.14,10.76,0.07,
54,2025-08-06 02:00:00,1.48,0.4,0.0,0.0,96.75,9.44,9.61,9.83,0.04,
54,2025-08-06 03:00:00,2.38,0.73,0.0,0.0,97.08,9.5,9.98,10.84,0.04,
54,2025-08-06 04:00:00,2.6,1.33,0.0,0.0,96.63,11.13,11.21,11.3,0.05,
54,2025-08-06 05:00:00,2.98,0.49,0.0,0.0,96.95,11.23,11.25,11.28,0.04,
54,2025-08-06 06:00:00,2.82,1.26,0.0,0.0,97.43,11.37,11.6,11.83,0.03,
54,2025-08-06 07:00:00,4.85,1.89,0.0,0.0,96.4,11.98,12.12,12.26,0.05,
54,2025-08-06 08:00:00,5.0,2.79,3.83,0.0,94.5,12.38,12.54,12.7,0.08,
54,2025-08-06 09:00:00,5.15,2.71,26.89,0.0,92.73,12.41,12.55,12.76,0.11,
54,2025-08-06 10:00:00,6.12,3.06,96.8,0.0,91.1,12.31,12.42,12.56,0.13,
54,2025-08-06 11:00:00,6.95,3.97,212.3,0.0,89.9,12.18,12.31,12.46,0.14,
54,2025-08-06 12:00:00,4.85,2.98,314.3,0.0,86.18,12.31,12.69,13.2,0.2,
54,2025-08-06 13:00:00,6.58,3.67,587.3,0.0,78.46,13.63,14.24,14.66,0.35,
54,2025-08-06 14:00:00,6.5,3.83,556.6,0.0,73.34,14.53,15.05,15.58,0.46,
54,2025-08-06 15:00:00,6.35,3.61,514.4,0.0,67.71,15.98,16.29,16.58,0.6,
54,2025-08-06 16:00:00,6.05,3.9,420.6,0.0,63.36,16.53,16.62,16.81,0.69,
54,2025-08-06 17:00:00,7.92,3.89,286.9,0.0,61.82,16.59,16.81,16.97,0.73,
54,2025-08-06 18:00:00,6.72,3.6,131.0,0.0,63.95,15.39,15.97,16.4,0.65,
54,2025-08-06 19:00:00,4.92,2.12,7.74,0.0,69.21,13.27,14.09,14.82,0.5,
54,2025-08-06 20:00:00,3.28,1.35,0.0,0.0,70.38,12.22,12.51,12.83,0.43,
54,2025-08-06 21:00:00,2.98,1.16,0.0,0.0,73.0,11.26,11.56,11.93,0.37,
54,2025-08-06 22:00:00,3.12,1.29,0.0,0.0,78.48,10.32,10.57,10.93,0.28,
54,2025-08-06 23:00:00,2.52,0.96,0.0,0.0,81.25,10.05,10.18,10.33,0.23,
54,2025-08-07 00:00:00,3.35,1.58,0.0,0.0,82.5,9.65,9.82,9.88,0.21,
54,2025-08-07 01:00:00,4.25,2.61,0.0,0.0,84.6,9.28,9.44,9.55,0.18,
54,2025-08-07 02:00:00,5.68,3.14,0.0,0.0,86.93,9.23,9.29,9.37,0.16,
54,2025-08-07 03:00:00,5.15,2.72,0.0,0.0,88.53,9.2,9.28,9.36,0.14,
54,2025-08-07 04:00:00,5.52,3.11,0.0,0.0,87.83,9.16,9.28,9.38,0.14,
54,2025-08-07 05:00:00,4.85,2.69,0.0,0.0,87.2,8.84,8.94,9.05,0.14,
54,2025-08-07 06:00:00,4.55,2.51,0.0,0.0,86.75,8.62,8.69,8.76,0.15,
54,2025-08-07 07:00:00,4.1,2.14,0.0,0.0,86.7,8.4,8.48,8.6,0.15,
54,2025-08-07 08:00:00,3.88,2.04,4.41,0.0,87.05,8.12,8.23,8.35,0.14,
54,2025-08-07 09:00:00,3.95,2.21,33.41,0.0,87.38,7.99,8.07,8.11,0.14,
54,2025-08-07 10:00:00,3.88,1.92,85.6,0.0,86.68,7.92,8.02,8.16,0.15,
54,2025-08-07 11:00:00,2.9,1.55,162.4,0.0,85.48,8.21,8.35,8.48,0.16,
54,2025-08-07 12:00:00,3.95,2.08,238.5,0.0,82.65,8.68,8.8,9.06,0.2,
54,2025-08-07 13:00:00,3.95,1.67,456.3,0.0,78.62,9.41,9.91,10.55,0.26,
54,2025-08-07 14:00:00,3.88,1.88,576.7,0.0,74.03,11.06,11.94,12.78,0.37,
54,2025-08-07 15:00:00,3.5,1.44,523.8,0.0,68.25,13.29,13.79,14.22,0.5,
54,2025-08-07 16:00:00,2.9,0.92,424.5,0.0,64.94,14.48,15.06,15.75,0.6,
54,2025-08-07 17:00:00,2.6,0.45,286.5,0.0,59.76,16.0,16.4,16.88,0.75,
54,2025-08-07 18:00:00,2.68,1.29,130.3,0.0,69.93,13.53,14.7,16.17,0.51,
54,2025-08-07 19:00:00,3.05,1.53,8.74,0.0,82.25,9.94,11.28,12.76,0.24,
54,2025-08-07 20:00:00,2.98,1.94,0.0,0.0,88.63,8.68,9.0,9.46,0.13,
54,2025-08-07 21:00:00,2.6,1.67,0.0,0.0,90.2,8.04,8.3,8.58,0.11,
54,2025-08-07 22:00:00,2.08,1.16,0.0,0.0,93.4,6.64,7.2,7.8,0.07,
54,2025-08-07 23:00:00,1.32,0.45,0.0,0.0,95.23,5.84,6.19,6.5,0.05,
54,2025-08-08 00:00:00,1.1,0.08,0.0,0.0,96.3,5.03,5.31,5.56,0.03,
54,2025-08-08 01:00:00,0.0,0.0,0.0,0.0,96.53,3.87,4.29,4.62,0.03,
54,2025-08-08 02:00:00,0.65,0.0,0.0,0.0,97.25,3.44,3.65,3.96,0.02,
54,2025-08-08 03:00:00,0.42,0.0,0.0,0.0,97.73,3.99,4.06,4.11,0.02,
54,2025-08-08 04:00:00,0.0,0.0,0.0,0.0,97.83,3.39,3.7,3.92,0.02,
54,2025-08-08 05:00:00,0.0,0.0,0.0,0.0,97.93,2.97,3.12,3.22,0.02,
54,2025-08-08 06:00:00,1.25,0.12,0.0,0.1,98.03,2.71,2.8,2.89,0.01,
54,2025-08-08 07:00:00,1.1,0.06,0.0,0.0,98.23,3.14,3.46,3.74,0.01,
54,2025-08-08 08:00:00,1.55,0.29,10.13,0.0,98.3,3.82,3.87,3.92,0.01,
54,2025-08-08 09:00:00,1.85,0.6,71.4,0.1,98.3,3.85,3.9,3.95,0.01,
54,2025-08-08 10:00:00,1.62,0.38,150.9,0.0,98.4,4.03,4.27,4.57,0.01,
54,2025-08-08 11:00:00,1.7,0.31,219.5,0.0,98.4,4.86,5.37,5.78,0.01,
54,2025-08-08 12:00:00,1.7,0.28,319.5,0.0,98.43,6.09,6.56,7.05,0.02,
54,2025-08-08 13:00:00,2.15,0.44,630.6,0.0,93.9,7.44,8.6,9.8,0.07,
54,2025-08-08 14:00:00,2.0,0.51,607.5,0.0,72.78,11.19,12.13,12.86,0.39,
54,2025-08-08 15:00:00,1.92,0.32,539.4,0.0,62.02,13.33,14.31,15.27,0.63,
54,2025-08-08 16:00:00,1.48,0.17,444.2,0.0,52.0,16.25,16.72,17.0,0.91,
54,2025-08-08 17:00:00,1.85,0.55,304.2,0.0,55.26,16.4,16.56,16.87,0.84,
54,2025-08-08 18:00:00,1.4,0.19,141.5,0.0,58.09,15.69,16.0,16.16,0.76,
54,2025-08-08 19:00:00,0.0,0.0,9.7,0.0,74.2,11.06,12.99,14.9,0.4,
54,2025-08-08 20:00:00,0.0,0.0,0.0,0.0,89.68,8.49,9.33,10.14,0.12,
54,2025-08-08 21:00:00,0.72,0.02,0.0,0.0,94.03,6.83,7.1,7.6,0.06,
54,2025-08-08 22:00:00,0.0,0.0,0.0,0.0,94.93,6.52,6.64,6.79,0.05,
54,2025-08-08 23:00:00,0.0,0.0,0.0,0.0,96.85,5.76,5.88,5.99,0.03,
54,2025-08-09 00:00:00,0.88,0.06,0.0,0.0,96.88,3.86,4.45,5.44,0.03,
54,2025-08-09 01:00:00,0.57,0.01,0.0,0.0,97.35,3.04,3.31,3.66,0.02,
54,2025-08-09 02:00:00,1.62,0.66,0.0,0.0,98.08,2.92,3.56,4.08,0.02,
54,2025-08-09 03:00:00,2.75,0.74,0.0,0.0,98.33,4.63,4.75,4.9,0.01,
54,2025-08-09 04:00:00,1.92,0.47,0.0,0.1,98.3,3.06,3.66,4.1,0.01,
54,2025-08-09 05:00:00,3.65,0.9,0.0,0.0,98.45,2.93,3.98,5.84,0.01,
54,2025-08-09 06:00:00,2.98,1.46,0.0,0.0,98.53,3.42,4.47,5.32,0.01,
54,2025-08-09 07:00:00,3.72,1.47,0.0,0.1,98.6,5.62,5.88,6.13,0.01,
54,2025-08-09 08:00:00,2.98,0.37,5.29,0.0,98.6,6.03,6.2,6.32,0.01,
54,2025-08-09 09:00:00,2.38,0.7,17.92,0.0,98.6,6.58,7.0,7.32,0.01,
54,2025-08-09 10:00:00,2.15,0.94,57.82,0.0,98.6,7.35,7.5,7.74,0.01,
54,2025-08-09 11:00:00,2.22,1.18,134.8,0.0,98.43,7.89,8.2,8.5,0.02,
54,2025-08-09 12:00:00,2.45,0.88,88.0,0.0,97.05,8.51,8.8,9.11,0.04,
54,2025-08-09 13:00:00,2.3,1.02,135.0,0.0,94.38,9.41,9.65,9.86,0.07,
54,2025-08-09 14:00:00,2.15,0.94,183.1,0.5,93.45,9.97,10.17,10.49,0.08,
54,2025-08-09 15:00:00,1.62,0.48,197.9,0.0,89.38,10.53,10.7,10.94,0.14,
54,2025-08-09 16:00:00,2.08,0.6,131.4,0.0,88.5,10.98,11.08,11.18,0.15,
54,2025-08-09 17:00:00,2.22,0.75,64.88,0.0,88.78,10.96,10.97,10.99,0.15,
54,2025-08-09 18:00:00,2.15,0.8,21.76,0.0,88.15,10.35,10.55,10.81,0.15,
54,2025-08-09 19:00:00,1.7,0.57,1.8,0.0,88.48,10.11,10.17,10.25,0.15,
54,2025-08-09 20:00:00,0.88,0.02,0.0,0.0,89.28,9.71,9.89,10.03,0.13,
54,2025-08-09 21:00:00,1.02,0.06,0.0,0.0,93.23,8.11,8.81,9.44,0.08,
54,2025-08-09 22:00:00,1.62,0.12,0.0,0.0,94.5,7.95,8.15,8.41,0.06,
54,2025-08-09 23:00:00,0.57,0.01,0.0,0.0,95.88,6.88,7.32,7.63,0.04,
54,2025-08-10 00:00:00,1.25,0.21,0.0,0.0,97.08,5.88,6.83,7.4,0.03,
54,2025-08-10 01:00:00,1.25,0.29,0.0,0.0,97.3,4.07,4.63,5.32,0.03,
54,2025-08-10 02:00:00,0.95,0.02,0.0,0.0,97.85,3.45,3.78,4.09,0.02,
54,2025-08-10 03:00:00,0.0,0.0,0.0,0.0,97.9,2.69,2.88,3.06,0.02,
54,2025-08-10 04:00:00,0.95,0.11,0.0,0.1,98.08,2.66,2.69,2.72,0.01,
54,2025-08-10 05:00:00,0.0,0.0,0.0,0.0,98.2,2.58,2.78,2.89,0.01,
54,2025-08-10 06:00:00,0.0,0.0,0.0,0.0,98.2,2.46,2.64,2.86,0.01,
54,2025-08-10 07:00:00,0.65,0.01,0.0,0.0,98.23,2.42,2.56,2.78,0.01,
54,2025-08-10 08:00:00,1.02,0.04,17.05,0.0,98.28,2.77,2.81,2.86,0.01,
54,2025-08-10 09:00:00,1.1,0.13,89.6,0.0,98.4,3.07,4.04,5.17,0.01,
54,2025-08-10 10:00:00,1.1,0.06,369.8,0.0,96.48,5.7,6.96,8.53,0.04,
54,2025-08-10 11:00:00,1.85,0.36,471.2,0.0,79.49,9.08,10.22,11.45,0.26,
54,2025-08-10 12:00:00,2.3,0.55,472.7,0.0,70.87,11.75,11.92,12.08,0.41,
54,2025-08-10 13:00:00,2.08,0.54,581.3,0.0,61.13,12.13,12.94,13.66,0.58,
54,2025-08-10 14:00:00,3.05,1.15,558.6,0.0,62.16,13.82,14.5,15.17,0.63,
54,2025-08-10 15:00:00,3.42,1.26,495.2,0.0,56.03,15.4,15.83,16.09,0.79,
54,2025-08-10 16:00:00,3.12,1.63,346.4,0.0,55.97,15.63,15.9,16.1,0.8,
54,2025-08-10 17:00:00,2.52,0.91,161.6,0.0,61.59,15.32,15.45,15.64,0.68,
54,2025-08-10 18:00:00,1.78,0.42,98.0,0.0,62.06,15.34,15.44,15.58,0.67,
54,2025-08-10 19:00:00,0.95,0.08,11.52,0.0,75.95,12.0,13.26,14.88,0.37,
54,2025-08-10 20:00:00,0.0,0.0,0.0,0.0,83.48,10.48,10.95,11.41,0.22,
54,2025-08-10 21:00:00,1.25,0.06,0.0,0.0,89.8,8.56,9.13,9.63,0.12,
54,2025-08-10 22:00:00,1.1,0.08,0.0,0.0,93.3,7.5,7.79,8.14,0.07,
54,2025-08-10 23:00:00,0.95,0.05,0.0,0.0,93.35,6.97,7.39,7.87,0.07,
54,2025-08-11 00:00:00,1.02,0.16,0.0,0.0,94.68,6.74,6.9,7.02,0.05,
54,2025-08-11 01:00:00,1.02,0.16,0.0,0.0,95.08,6.18,6.52,6.82,0.05,
54,2025-08-11 02:00:00,0.95,0.03,0.0,0.0,95.85,5.47,5.73,5.97,0.04,
54,2025-08-11 03:00:00,1.32,0.16,0.0,0.0,96.03,4.9,5.19,5.6,0.03,
54,2025-08-11 04:00:00,1.02,0.1,0.0,0.0,97.23,4.53,4.73,4.94,0.03,
54,2025-08-11 05:00:00,0.88,0.02,0.0,0.0,97.63,4.87,4.98,5.16,0.02,
54,2025-08-11 06:00:00,1.32,0.21,0.0,0.0,97.7,4.94,5.23,5.54,0.02,
54,2025-08-11 07:00:00,1.55,0.91,0.0,0.0,97.6,5.21,5.52,5.77,0.02,
54,2025-08-11 08:00:00,2.45,0.77,21.59,0.0,97.3,5.16,5.52,5.79,0.02,
54,2025-08-11 09:00:00,2.08,0.61,122.1,0.0,97.63,5.22,5.84,6.37,0.02,
54,2025-08-11 10:00:00,1.62,0.6,338.9,0.0,91.1,7.2,9.41,11.41,0.11,
54,2025-08-11 11:00:00,2.22,0.99,442.0,0.0,76.07,11.88,12.96,14.36,0.37,
54,2025-08-11 12:00:00,2.9,1.27,519.7,0.0,65.14,14.74,15.28,15.78,0.61,
54,2025-08-11 13:00:00,2.82,1.05,568.1,0.0,60.28,16.59,17.15,17.77,0.78,
54,2025-08-11 14:00:00,3.2,1.17,547.5,0.0,51.61,18.43,19.19,19.76,1.08,
54,2025-08-11 15:00:00,2.52,0.62,534.1,0.0,47.71,20.27,20.73,21.11,1.28,
54,2025-08-11 16:00:00,2.52,1.15,373.7,0.0,45.45,20.86,21.1,21.37,1.37,
54,2025-08-11 17:00:00,2.08,0.55,266.2,0.0,47.71,20.83,21.39,21.85,1.33,
54,2025-08-11 18:00:00,1.7,0.66,121.8,0.0,51.98,20.46,20.84,21.11,1.19,
54,2025-08-11 19:00:00,1.7,0.2,13.87,0.0,66.95,17.05,18.17,19.67,0.7,
54,2025-08-11 20:00:00,0.28,0.0,0.0,0.0,75.68,15.02,15.9,16.76,0.44,
54,2025-08-11 21:00:00,3.42,0.58,0.0,0.0,80.0,14.29,14.47,14.68,0.33,
54,2025-08-11 22:00:00,4.1,1.92,0.0,0.0,79.66,13.92,14.33,14.74,0.33,
54,2025-08-11 23:00:00,1.48,0.14,0.0,0.0,83.18,13.27,13.37,13.62,0.26,
54,2025-08-12 00:00:00,1.92,0.2,0.0,0.0,85.88,12.39,12.76,13.08,0.21,
54,2025-08-12 01:00:00,4.18,1.77,0.0,0.0,87.98,12.15,12.42,12.63,0.17,
54,2025-08-12 02:00:00,1.85,0.14,0.0,0.0,90.83,11.5,11.76,12.03,0.13,
54,2025-08-12 03:00:00,1.25,0.19,0.0,0.0,93.13,10.94,11.11,11.32,0.09,
54,2025-08-12 04:00:00,2.38,0.54,0.0,0.0,93.3,11.11,11.15,11.18,0.09,
54,2025-08-12 05:00:00,3.28,0.99,0.0,0.0,94.15,10.75,10.9,11.01,0.08,
54,2025-08-12 06:00:00,1.25,0.2,0.0,0.0,95.2,10.2,10.38,10.63,0.06,
54,2025-08-12 07:00:00,1.25,0.24,0.0,0.0,96.3,9.64,9.82,10.09,0.04,
54,2025-08-12 08:00:00,1.55,0.16,11.77,0.0,96.6,9.49,9.64,9.74,0.04,
54,2025-08-12 09:00:00,1.18,0.19,61.41,0.0,96.55,9.5,9.99,10.48,0.04,
54,2025-08-12 10:00:00,1.78,0.59,115.0,0.0,93.08,10.87,11.37,11.85,0.09,
54,2025-08-12 11:00:00,2.08,0.62,208.7,0.0,88.65,12.14,12.67,13.3,0.17,
54,2025-08-12 12:00:00,3.5,1.41,424.8,0.0,81.1,13.66,14.45,15.05,0.31,
54,2025-08-12 13:00:00,3.58,1.76,341.2,0.0,78.35,15.42,15.55,15.61,0.38,
54,2025-08-12 14:00:00,4.32,2.07,187.5,0.0,80.01,15.29,15.42,15.57,0.35,
54,2025-08-12 15:00:00,4.03,2.24,223.6,0.0,78.32,15.62,15.69,15.75,0.39,
54,2025-08-12 16:00:00,3.8,2.19,183.5,0.0,77.01,15.69,15.78,15.88,0.41,
54,2025-08-12 17:00:00,4.1,2.33,126.0,0.0,78.02,15.42,15.61,15.71,0.39,
54,2025-08-12 18:00:00,3.2,1.42,47.14,0.0,80.68,14.66,14.97,15.25,0.33,
54,2025-08-12 19:00:00,3.12,1.41,5.66,0.0,84.48,13.94,14.14,14.44,0.25,
54,2025-08-12 20:00:00,3.58,1.92,0.0,0.0,88.58,12.86,13.26,13.68,0.17,
54,2025-08-12 21:00:00,3.95,2.41,0.0,0.0,88.5,12.17,12.49,12.72,0.17,
54,2025-08-12 22:00:00,3.88,2.39,0.0,0.0,87.28,11.8,11.9,12.05,0.18,
54,2025-08-12 23:00:00,3.35,1.91,0.0,0.0,85.18,11.39,11.53,11.68,0.2,
54,2025-08-13 00:00:00,3.28,1.83,0.0,0.0,82.27,11.01,11.09,11.22,0.24,
54,2025-08-13 01:00:00,2.75,1.31,0.0,0.0,78.48,10.48,10.82,11.03,0.28,
54,2025-08-13 02:00:00,2.68,1.44,0.0,0.0,79.03,9.46,9.81,10.22,0.26,
54,2025-08-13 03:00:00,3.35,1.61,0.0,0.0,84.2,8.59,8.74,8.87,0.18,
54,2025-08-13 04:00:00,3.95,2.08,0.0,0.0,86.63,8.24,8.36,8.5,0.15,
54,2025-08-13 05:00:00,4.18,2.34,0.0,0.0,89.68,7.63,7.89,8.16,0.11,
54,2025-08-13 06:00:00,3.5,1.64,0.0,0.0,91.4,7.33,7.4,7.5,0.09,
54,2025-08-13 07:00:00,2.82,1.15,0.0,0.0,91.9,7.26,7.29,7.31,0.08,
54,2025-08-13 08:00:00,5.22,2.62,10.98,0.0,91.8,7.3,7.33,7.36,0.08,
54,2025-08-13 09:00:00,5.22,2.68,72.16,0.0,91.45,7.05,7.19,7.29,0.09,
54,2025-08-13 10:00:00,4.4,2.53,313.2,0.0,88.13,7.46,7.69,8.16,0.13,
54,2025-08-13 11:00:00,4.1,2.57,459.3,0.0,81.58,8.45,9.06,9.84,0.22,
54,2025-08-13 12:00:00,4.85,2.4,525.8,0.0,73.7,10.24,10.77,11.3,0.34,
54,2025-08-13 13:00:00,3.8,1.72,584.8,0.0,69.34,11.71,12.45,13.1,0.44,
54,2025-08-13 14:00:00,4.03,2.21,564.9,0.0,62.41,13.58,14.05,14.57,0.6,
54,2025-08-13 15:00:00,3.88,2.18,477.7,0.0,56.24,14.9,15.51,16.18,0.77,
54,2025-08-13 16:00:00,3.58,1.96,354.8,0.0,52.86,16.1,16.18,16.28,0.87,
54,2025-08-13 17:00:00,3.35,1.91,277.6,0.0,54.39,16.45,16.55,16.69,0.86,
54,2025-08-13 18:00:00,2.98,1.2,142.1,0.0,62.42,15.46,15.95,16.35,0.68,
54,2025-08-13 19:00:00,0.8,0.02,17.07,0.0,72.19,12.91,13.98,15.15,0.45,
54,2025-08-13 20:00:00,0.8,0.07,0.0,0.0,77.27,11.77,12.15,12.53,0.32,
54,2025-08-13 21:00:00,0.95,0.1,0.0,0.0,83.98,9.72,10.39,11.24,0.2,
54,2025-08-13 22:00:00,0.65,0.01,0.0,0.0,85.75,9.06,9.29,9.54,0.17,
54,2025-08-13 23:00:00,1.1,0.17,0.0,0.0,87.58,8.34,8.47,8.54,0.14,
54,2025-08-14 00:00:00,0.8,0.05,0.0,0.0,91.03,7.21,7.74,8.16,0.1,
54,2025-08-14 01:00:00,0.72,0.01,0.0,0.0,93.25,6.17,6.69,7.23,0.06,
54,2025-08-14 02:00:00,0.0,0.0,0.0,0.0,95.38,5.64,6.17,6.59,0.05,
54,2025-08-14 03:00:00,0.0,0.0,0.0,0.0,95.4,4.94,5.38,6.03,0.04,
54,2025-08-14 04:00:00,0.0,0.0,0.0,0.0,96.4,4.08,4.5,5.0,0.03,
54,2025-08-14 05:00:00,0.0,0.0,0.0,0.0,97.25,4.09,4.21,4.32,0.02,
54,2025-08-14 06:00:00,1.1,0.27,0.0,0.0,97.33,3.23,3.67,4.27,0.02,
54,2025-08-14 07:00:00,0.0,0.0,0.0,0.0,97.63,2.76,2.89,3.02,0.02,
54,2025-08-14 08:00:00,1.02,0.03,56.26,0.0,97.65,2.13,2.39,2.53,0.02,
54,2025-08-14 09:00:00,1.18,0.18,219.7,0.0,94.5,3.58,4.69,6.01,0.05,
54,2025-08-14 10:00:00,1.62,0.4,366.2,0.0,85.33,6.5,7.66,9.41,0.16,
54,2025-08-14 11:00:00,2.6,0.41,491.4,0.0,73.39,11.17,11.79,12.79,0.37,
54,2025-08-14 12:00:00,2.38,0.66,567.9,0.0,65.63,13.83,14.57,14.87,0.57,
54,2025-08-14 13:00:00,2.98,0.92,590.1,0.0,62.01,15.08,15.52,16.1,0.67,
54,2025-08-14 14:00:00,2.82,1.21,587.8,0.0,59.19,16.57,17.1,17.63,0.8,
54,2025-08-14 15:00:00,4.25,1.96,536.5,0.0,57.35,18.21,18.68,19.15,0.92,
54,2025-08-14 16:00:00,3.95,2.27,435.3,0.0,54.31,19.19,19.45,19.63,1.04,
54,2025-08-14 17:00:00,3.42,2.12,298.2,0.0,52.58,19.78,19.91,19.99,1.11,
54,2025-08-14 18:00:00,3.05,1.15,139.0,0.0,58.74,18.5,19.39,19.92,0.94,
54,2025-08-14 19:00:00,3.58,1.73,10.82,0.0,77.48,13.8,15.03,16.39,0.39,
54,2025-08-14 20:00:00,5.08,2.7,0.0,0.0,82.08,12.72,13.04,13.35,0.27,
54,2025-08-14 21:00:00,4.78,2.54,0.0,0.0,85.83,11.57,11.96,12.49,0.2,
54,2025-08-14 22:00:00,2.82,1.39,0.0,0.0,87.43,10.6,11.08,11.41,0.17,
54,2025-08-14 23:00:00,2.9,1.33,0.0,0.0,85.25,10.52,11.34,11.82,0.2,
54,2025-08-15 00:00:00,0.88,0.02,0.0,0.0,86.43,11.4,11.48,11.57,0.19,
54,2025-08-15 01:00:00,1.25,0.14,0.0,0.0,87.43,11.49,11.54,11.57,0.17,
54,2025-08-15 02:00:00,1.85,0.61,0.0,0.0,91.38,11.1,11.39,11.56,0.12,
54,2025-08-15 03:00:00,1.92,0.8,0.0,0.0,94.95,10.93,10.97,11.02,0.07,
54,2025-08-15 04:00:00,3.5,1.35,0.0,0.0,94.83,11.0,11.14,11.27,0.07,
54,2025-08-15 05:00:00,2.68,1.58,0.0,0.0,94.33,11.28,11.31,11.39,0.08,
54,2025-08-15 06:00:00,2.52,1.42,0.0,0.0,93.68,11.5,11.56,11.59,0.09,
54,2025-08-15 07:00:00,3.05,1.62,0.0,0.0,93.05,11.58,11.59,11.6,0.1,
54,2025-08-15 08:00:00,2.6,1.05,13.14,0.0,92.85,11.44,11.48,11.51,0.1,
54,2025-08-15 09:00:00,3.12,1.59,85.3,0.0,89.43,11.57,11.93,12.24,0.15,
54,2025-08-15 10:00:00,2.98,1.65,175.4,0.0,84.08,12.55,12.82,13.2,0.24,
54,2025-08-15 11:00:00,4.62,2.31,402.5,0.0,72.69,13.9,14.54,15.19,0.45,
54,2025-08-15 12:00:00,6.2,2.77,477.9,0.0,67.83,15.55,15.71,15.89,0.58,
54,2025-08-15 13:00:00,5.98,2.59,303.1,0.0,67.0,15.34,15.53,15.8,0.58,
54,2025-08-15 14:00:00,6.35,2.78,346.2,0.0,63.8,15.84,16.04,16.17,0.66,
54,2025-08-15 15:00:00,7.85,4.3,478.0,0.0,59.34,16.36,16.9,17.27,0.78,
54,2025-08-15 16:00:00,8.75,4.36,384.3,0.0,55.69,16.6,16.95,17.13,0.86,
54,2025-08-15 17:00:00,6.65,3.29,196.5,0.0,63.74,15.81,16.02,16.22,0.66,
54,2025-08-15 18:00:00,4.62,1.84,64.44,0.0,72.71,13.87,14.57,15.23,0.46,
54,2025-08-15 19:00:00,2.08,0.72,5.18,0.0,80.45,12.62,13.1,13.64,0.29,
54,2025-08-15 20:00:00,2.82,1.03,0.0,0.0,83.83,12.53,12.67,12.79,0.24,
54,2025-08-15 21:00:00,2.6,1.31,0.0,0.0,89.38,12.09,12.25,12.45,0.15,
54,2025-08-15 22:00:00,2.6,1.3,0.0,0.0,88.48,12.03,12.08,12.13,0.17,
54,2025-08-15 23:00:00,1.1,0.04,0.0,0.0,88.6,11.7,11.9,12.13,0.16,
54,2025-08-16 00:00:00,2.68,1.13,0.0,0.1,90.28,11.5,11.6,11.7,0.13,
54,2025-08-16 01:00:00,0.65,0.01,0.0,0.0,90.43,11.31,11.45,11.57,0.13,
54,2025-08-16 02:00:00,1.7,0.27,0.0,0.0,91.35,10.93,11.04,11.3,0.12,
54,2025-08-16 03:00:00,2.75,0.79,0.0,0.0,90.68,11.12,11.24,11.31,0.13,
54,2025-08-16 04:00:00,2.68,1.2,0.0,0.0,91.8,10.67,10.76,10.87,0.11,
54,2025-08-16 05:00:00,1.4,0.07,0.0,0.0,92.33,10.52,10.64,10.71,0.1,
54,2025-08-16 06:00:00,3.5,0.74,0.0,0.0,88.7,10.94,11.13,11.44,0.15,
54,2025-08-16 07:00:00,3.8,1.2,0.0,0.0,82.73,11.9,12.14,12.39,0.25,
54,2025-08-16 08:00:00,1.62,0.11,37.05,0.0,89.25,10.3,10.93,11.84,0.14,
54,2025-08-16 09:00:00,1.7,0.29,156.2,0.0,85.63,10.68,11.63,12.38,0.2,
54,2025-08-16 10:00:00,1.55,0.3,212.2,0.0,79.49,12.52,13.09,13.82,0.31,
54,2025-08-16 11:00:00,3.95,1.7,508.0,0.0,68.72,14.32,14.89,15.29,0.53,
54,2025-08-16 12:00:00,4.78,2.29,606.8,0.0,64.11,14.98,15.62,16.14,0.64,
54,2025-08-16 13:00:00,4.1,1.39,680.2,0.0,60.67,16.37,16.69,17.0,0.75,
54,2025-08-16 14:00:00,3.35,1.51,691.0,0.0,57.03,17.3,17.62,17.91,0.87,
54,2025-08-16 15:00:00,2.98,1.2,612.7,0.0,52.31,18.05,18.32,18.6,1.01,
54,2025-08-16 16:00:00,2.52,0.9,411.4,0.0,51.52,17.96,18.51,18.92,1.04,
54,2025-08-16 17:00:00,2.9,0.69,288.3,0.0,54.86,17.5,18.0,18.67,0.93,
54,2025-08-16 18:00:00,0.42,0.0,61.04,0.0,59.59,16.62,17.07,17.38,0.79,
54,2025-08-16 19:00:00,0.0,0.0,3.38,0.0,72.59,14.73,15.39,16.17,0.48,
54,2025-08-16 20:00:00,1.62,0.09,0.0,0.0,78.9,13.23,13.8,14.28,0.34,
54,2025-08-16 21:00:00,1.55,0.16,0.0,0.0,81.43,12.31,12.67,12.88,0.27,
54,2025-08-16 22:00:00,1.18,0.06,0.0,0.0,86.68,11.46,11.61,11.91,0.18,
54,2025-08-16 23:00:00,1.92,0.48,0.0,0.0,82.05,11.41,11.79,12.12,0.25,
54,2025-08-17 00:00:00,1.55,0.58,0.0,0.0,80.98,11.48,11.59,11.66,0.26,
54,2025-08-17 01:00:00,0.0,0.0,0.0,0.0,83.9,10.61,10.92,11.22,0.21,
54,2025-08-17 02:00:00,0.0,0.0,0.0,0.0,89.68,9.48,9.93,10.28,0.13,
54,2025-08-17 03:00:00,1.1,0.06,0.0,0.0,92.6,9.19,9.29,9.4,0.09,
54,2025-08-17 04:00:00,0.8,0.02,0.0,0.0,91.93,8.62,9.04,9.42,0.09,
54,2025-08-17 05:00:00,0.0,0.0,0.0,0.0,94.03,8.69,8.77,8.92,0.07,
54,2025-08-17 06:00:00,0.0,0.0,0.0,0.0,94.93,8.64,8.71,8.89,0.06,
54,2025-08-17 07:00:00,0.8,0.02,0.0,0.0,93.6,8.71,8.77,8.86,0.07,
54,2025-08-17 08:00:00,2.08,0.34,15.54,0.0,93.48,8.75,8.82,8.9,0.08,
54,2025-08-17 09:00:00,0.5,0.01,73.62,0.0,92.78,8.92,9.25,9.65,0.09,
54,2025-08-17 10:00:00,2.15,0.89,234.4,0.0,85.88,9.98,10.75,11.33,0.19,
54,2025-08-17 11:00:00,1.85,0.77,305.6,0.0,79.01,11.58,12.15,12.72,0.3,
54,2025-08-17 12:00:00,1.7,0.29,302.1,0.0,72.92,13.14,13.45,13.82,0.42,
54,2025-08-17 13:00:00,1.92,0.55,338.8,0.0,73.14,14.04,14.33,14.56,0.44,
54,2025-08-17 14:00:00,2.9,1.13,501.5,0.0,64.04,14.99,15.7,16.31,0.64,
54,2025-08-17 15:00:00,3.28,1.55,328.0,0.0,64.33,15.98,16.18,16.43,0.66,
54,2025-08-17 16:00:00,3.05,1.33,315.7,0.0,63.9,16.61,16.65,16.69,0.68,
54,2025-08-17 17:00:00,4.7,2.39,169.4,0.0,69.04,15.49,16.03,16.52,0.57,
54,2025-08-17 18:00:00,4.7,2.56,72.29,0.0,72.48,14.22,14.74,15.25,0.46,
54,2025-08-17 19:00:00,2.75,1.36,11.14,0.0,77.94,12.74,13.11,13.68,0.34,
54,2025-08-17 20:00:00,3.2,1.76,0.0,0.0,78.9,12.45,12.61,12.79,0.31,
54,2025-08-17 21:00:00,2.22,0.71,0.0,0.0,80.07,11.86,11.99,12.17,0.28,
54,2025-08-17 22:00:00,1.92,0.51,0.0,0.0,79.42,11.91,12.02,12.14,0.29,
54,2025-08-17 23:00:00,1.18,0.16,0.0,0.0,87.08,10.48,10.83,11.49,0.17,
54,2025-08-18 00:00:00,1.25,0.18,0.0,0.0,87.85,10.9,10.95,11.03,0.16,
54,2025-08-18 01:00:00,0.95,0.07,0.0,0.0,89.2,10.52,10.66,10.79,0.14,
54,2025-08-18 02:00:00,1.78,0.53,0.0,0.0,89.93,10.54,10.75,10.98,0.13,
54,2025-08-18 03:00:00,1.85,0.79,0.0,0.0,93.18,9.52,9.81,10.12,0.08,
54,2025-08-18 04:00:00,1.85,0.87,0.0,0.0,94.85,9.26,9.33,9.36,0.06,
54,2025-08-18 05:00:00,1.62,0.42,0.0,0.0,95.0,9.31,9.4,9.47,0.06,
54,2025-08-18 06:00:00,2.0,0.69,0.0,0.0,94.65,9.2,9.38,9.54,0.06,
54,2025-08-18 07:00:00,1.85,0.78,0.0,0.0,94.35,8.4,8.9,9.35,0.07,
54,2025-08-18 08:00:00,1.85,0.87,4.79,0.0,95.57,8.14,8.17,8.23,0.05,
54,2025-08-18 09:00:00,1.85,0.97,61.15,0.0,94.4,8.31,8.62,8.94,0.06,
54,2025-08-18 10:00:00,2.3,0.49,75.96,0.0,92.15,9.24,9.54,9.91,0.09,
54,2025-08-18 11:00:00,2.6,1.54,221.0,0.0,87.83,10.17,10.61,11.15,0.16,
54,2025-08-18 12:00:00,3.88,1.86,379.0,0.0,80.63,11.59,12.07,12.68,0.28,
54,2025-08-18 13:00:00,4.25,2.22,370.3,0.0,76.83,13.09,13.26,13.77,0.35,
54,2025-08-18 14:00:00,2.82,0.98,314.9,0.0,73.51,14.05,14.24,14.69,0.43,
54,2025-08-18 15:00:00,2.08,0.73,211.1,0.0,72.99,14.36,14.52,14.69,0.45,
54,2025-08-18 16:00:00,2.9,1.2,303.0,0.0,69.93,14.69,15.02,15.45,0.52,
54,2025-08-18 17:00:00,2.75,1.0,229.7,0.0,69.38,15.04,15.43,15.75,0.54,
54,2025-08-18 18:00:00,1.92,0.7,96.6,0.0,74.3,14.47,14.7,15.1,0.43,
54,2025-08-18 19:00:00,2.9,1.62,15.39,0.0,79.43,13.08,13.76,14.34,0.33,
54,2025-08-18 20:00:00,1.78,0.96,0.0,0.0,84.9,11.59,12.09,12.62,0.21,
54,2025-08-18 21:00:00,1.78,0.86,0.0,0.0,88.45,11.11,11.2,11.33,0.16,
54,2025-08-18 22:00:00,0.95,0.08,0.0,0.0,92.6,9.04,9.72,10.39,0.09,
54,2025-08-18 23:00:00,0.95,0.03,0.0,0.0,95.33,8.33,8.66,8.93,0.05,
54,2025-08-19 00:00:00,1.55,0.57,0.0,0.0,95.93,8.22,8.31,8.44,0.05,
54,2025-08-19 01:00:00,1.25,0.31,0.0,0.0,96.43,6.92,7.41,7.8,0.04,
54,2025-08-19 02:00:00,0.57,0.0,0.0,0.0,96.88,5.63,6.25,6.73,0.03,
54,2025-08-19 03:00:00,0.0,0.0,0.0,0.0,97.3,5.14,5.22,5.43,0.02,
54,2025-08-19 04:00:00,0.95,0.04,0.0,0.0,97.73,4.82,5.31,5.97,0.02,
54,2025-08-19 05:00:00,1.4,0.13,0.0,0.0,97.93,5.7,5.77,5.81,0.02,
54,2025-08-19 06:00:00,0.28,0.0,0.0,0.0,98.1,6.07,6.4,6.68,0.02,
54,2025-08-19 07:00:00,0.5,0.01,0.0,0.0,98.1,6.84,7.01,7.15,0.02,
54,2025-08-19 08:00:00,1.02,0.09,11.0,0.0,98.1,7.24,7.41,7.66,0.02,
54,2025-08-19 09:00:00,2.52,1.04,66.7,0.0,97.65,8.03,8.38,8.72,0.03,
54,2025-08-19 10:00:00,2.75,1.18,98.9,0.0,93.83,9.1,9.59,10.13,0.08,
54,2025-08-19 11:00:00,1.7,0.25,140.8,0.6,90.28,10.44,10.78,11.05,0.13,
54,2025-08-19 12:00:00,2.15,0.95,246.4,0.0,85.88,11.33,12.0,12.65,0.2,
54,2025-08-19 13:00:00,3.42,1.56,607.4,0.0,72.51,13.31,14.62,15.6,0.46,
54,2025-08-19 14:00:00,4.4,2.3,595.3,0.0,62.41,15.85,16.12,16.4,0.69,
54,2025-08-19 15:00:00,4.4,2.24,221.8,0.0,63.84,15.68,15.99,16.31,0.66,
54,2025-08-19 16:00:00,5.22,2.87,207.2,0.0,60.75,16.19,16.31,16.44,0.73,
54,2025-08-19 17:00:00,5.6,2.9,73.98,0.0,61.38,15.05,15.43,15.89,0.68,
54,2025-08-19 18:00:00,4.55,2.58,38.43,0.0,63.55,14.14,14.52,14.89,0.61,
54,2025-08-19 19:00:00,3.8,2.14,2.37,0.0,69.62,13.32,13.66,13.99,0.48,
54,2025-08-19 20:00:00,2.75,1.34,0.0,2.0,88.03,11.32,11.96,12.77,0.17,
54,2025-08-19 21:00:00,1.32,0.3,0.0,2.3,93.7,11.01,11.18,11.28,0.09,
54,2025-08-19 22:00:00,1.48,0.34,0.0,0.5,96.05,10.67,10.78,10.9,0.05,
54,2025-08-19 23:00:00,1.92,0.63,0.0,0.0,95.35,10.5,10.6,10.65,0.06,
54,2025-08-20 00:00:00,1.32,0.07,0.0,0.1,96.0,10.35,10.44,10.52,0.05,
54,2025-08-20 01:00:00,0.0,0.0,0.0,0.0,96.3,10.24,10.28,10.34,0.05,
54,2025-08-20 02:00:00,1.1,0.05,0.0,0.0,96.25,9.94,10.11,10.24,0.05,
54,2025-08-20 03:00:00,0.88,0.07,0.0,0.0,96.15,9.33,9.71,9.95,0.05,
54,2025-08-20 04:00:00,0.72,0.04,0.0,0.1,96.83,7.41,8.22,8.94,0.04,
54,2025-08-20 05:00:00,0.0,0.0,0.0,0.0,97.13,5.76,6.52,7.15,0.03,
54,2025-08-20 06:00:00,0.65,0.01,0.0,0.0,97.5,5.35,5.45,5.62,0.02,
54,2025-08-20 07:00:00,1.1,0.08,0.02,0.0,97.85,5.09,5.18,5.29,0.02,
54,2025-08-20 08:00:00,2.75,0.98,46.25,0.1,98.2,4.96,5.38,5.86,0.02,
54,2025-08-20 09:00:00,2.75,1.24,84.0,0.0,98.4,6.38,7.36,8.16,0.02,
54,2025-08-20 10:00:00,3.58,1.37,235.6,0.0,98.45,8.36,8.65,9.02,0.02,
54,2025-08-20 11:00:00,3.35,1.96,466.8,0.0,98.15,9.18,9.66,10.35,0.02,
54,2025-08-20 12:00:00,4.4,2.47,595.3,0.0,86.38,10.92,11.9,12.81,0.2,
54,2025-08-20 13:00:00,4.4,2.37,653.2,0.0,75.77,13.25,13.95,14.67,0.39,
54,2025-08-20 14:00:00,4.47,2.49,624.0,0.0,67.09,15.07,15.58,16.02,0.58,
54,2025-08-20 15:00:00,3.72,1.82,576.6,0.0,58.21,16.48,16.83,17.11,0.8,
54,2025-08-20 16:00:00,2.98,1.28,477.1,0.0,48.09,17.6,17.83,18.15,1.06,
54,2025-08-20 17:00:00,2.08,0.73,320.5,0.0,46.31,18.25,18.34,18.51,1.14,
54,2025-08-20 18:00:00,1.92,0.27,71.68,0.0,55.15,16.18,16.72,17.5,0.86,
54,2025-08-20 19:00:00,3.35,1.06,8.12,0.0,70.39,14.19,14.87,15.66,0.5,
54,2025-08-20 20:00:00,4.78,2.85,0.0,0.0,79.61,11.94,12.65,13.59,0.3,
54,2025-08-20 21:00:00,4.25,2.4,0.0,0.0,82.65,11.47,11.6,11.81,0.24,
54,2025-08-20 22:00:00,3.58,1.39,0.0,0.0,80.73,11.26,11.36,11.45,0.26,
54,2025-08-20 23:00:00,2.82,1.14,0.0,0.0,81.9,11.06,11.18,11.34,0.24,
54,2025-08-21 00:00:00,2.45,0.36,0.0,0.0,85.95,10.59,10.72,10.87,0.18,
54,2025-08-21 01:00:00,2.38,1.16,0.0,0.0,87.5,10.51,10.64,10.76,0.16,
54,2025-08-21 02:00:00,3.95,1.59,0.0,0.0,81.77,10.79,11.09,11.3,0.24,
54,2025-08-21 03:00:00,2.82,0.87,0.0,0.0,82.65,10.69,10.88,11.03,0.23,
54,2025-08-21 04:00:00,2.6,0.42,0.0,0.0,84.48,10.37,10.47,10.6,0.2,
54,2025-08-21 05:00:00,4.7,2.26,0.0,0.0,77.36,10.58,11.13,11.41,0.3,
54,2025-08-21 06:00:00,5.38,2.34,0.0,0.0,81.5,10.41,11.02,11.47,0.24,
54,2025-08-21 07:00:00,4.4,2.45,0.0,0.0,85.88,10.25,10.33,10.37,0.18,
54,2025-08-21 08:00:00,5.3,2.87,4.06,0.0,91.0,9.84,10.03,10.19,0.11,
54,2025-08-21 09:00:00,6.2,3.33,15.73,2.0,93.2,9.87,9.89,9.91,0.08,
54,2025-08-21 10:00:00,7.4,4.37,33.04,7.8,91.28,10.01,10.09,10.15,0.11,
54,2025-08-21 11:00:00,6.28,3.75,50.95,6.4,93.05,9.95,9.97,9.99,0.09,
54,2025-08-21 12:00:00,5.9,3.51,136.4,2.6,88.1,9.97,10.14,10.33,0.15,
54,2025-08-21 13:00:00,5.9,3.17,259.0,1.0,87.45,10.17,10.4,10.76,0.16,
54,2025-08-21 14:00:00,9.5,3.93,464.8,0.0,77.48,10.64,11.22,11.76,0.3,
54,2025-08-21 15:00:00,10.4,5.56,292.3,0.0,66.9,10.8,10.95,11.1,0.43,
54,2025-08-21 16:00:00,9.87,4.46,348.4,0.0,67.72,10.73,10.95,11.5,0.42,
54,2025-08-21 17:00:00,6.42,3.48,267.5,0.0,67.35,11.24,11.59,12.04,0.45,
54,2025-08-21 18:00:00,7.1,3.83,152.1,0.3,73.57,8.26,9.73,11.56,0.33,
54,2025-08-21 19:00:00,4.25,2.27,10.83,0.0,84.18,7.61,7.87,8.04,0.17,
54,2025-08-21 20:00:00,2.38,0.2,0.0,0.0,88.25,6.46,6.96,7.41,0.12,
54,2025-08-21 21:00:00,1.02,0.12,0.0,0.0,92.9,5.4,5.62,6.01,0.07,
54,2025-08-21 22:00:00,1.4,0.38,0.0,0.0,92.08,5.75,5.94,6.3,0.08,
54,2025-08-21 23:00:00,3.28,1.45,0.0,0.0,84.05,6.68,6.9,7.08,0.16,
54,2025-08-22 00:00:00,2.9,1.26,0.0,0.6,85.25,6.27,6.35,6.48,0.14,
54,2025-08-22 01:00:00,2.38,0.39,0.0,0.0,87.53,6.01,6.07,6.14,0.12,
54,2025-08-22 02:00:00,1.25,0.03,0.0,0.1,91.88,6.0,6.15,6.26,0.08,
54,2025-08-22 03:00:00,4.62,0.95,0.0,2.2,92.13,4.99,5.52,5.97,0.07,
54,2025-08-22 04:00:00,2.0,0.58,0.0,0.0,94.2,3.75,4.25,4.86,0.05,
54,2025-08-22 05:00:00,1.78,0.42,0.0,0.0,94.23,3.69,3.99,4.49,0.05,
54,2025-08-22 06:00:00,3.65,1.39,0.0,0.4,95.6,4.72,4.94,5.24,0.04,
54,2025-08-22 07:00:00,3.72,1.92,0.02,0.0,94.48,5.24,5.28,5.3,0.05,
54,2025-08-22 08:00:00,4.62,2.39,81.1,0.0,93.38,5.21,5.28,5.33,0.06,
54,2025-08-22 09:00:00,5.9,3.09,309.8,0.1,90.55,5.59,6.2,6.66,0.09,
54,2025-08-22 10:00:00,5.98,2.36,95.3,2.2,91.93,6.05,6.16,6.24,0.08,
54,2025-08-22 11:00:00,3.12,1.37,440.8,0.4,85.03,6.33,7.28,8.12,0.15,
54,2025-08-22 12:00:00,5.9,1.91,579.4,0.3,84.6,5.95,6.63,7.24,0.15,
54,2025-08-22 13:00:00,5.9,2.82,768.9,0.0,74.0,8.35,9.24,9.67,0.31,
54,2025-08-22 14:00:00,4.85,2.89,581.7,0.0,63.96,9.55,10.01,10.54,0.45,
54,2025-08-22 15:00:00,5.3,2.72,594.1,0.0,62.79,9.82,10.8,11.41,0.49,
54,2025-08-22 16:00:00,5.98,2.75,498.4,0.0,56.2,10.37,11.08,11.44,0.58,
54,2025-08-22 17:00:00,4.85,2.27,266.9,0.0,59.42,9.9,10.33,10.74,0.51,
54,2025-08-22 18:00:00,4.18,1.97,206.3,0.0,54.5,10.31,10.55,10.78,0.58,
54,2025-08-22 19:00:00,1.85,0.69,28.36,0.0,67.18,7.89,8.71,9.83,0.38,
54,2025-08-22 20:00:00,2.98,1.39,0.0,0.0,79.92,6.62,6.82,7.02,0.2,
54,2025-08-22 21:00:00,2.6,1.19,0.0,0.0,82.65,5.26,5.84,6.41,0.16,
54,2025-08-22 22:00:00,2.08,0.95,0.0,0.0,88.05,4.62,4.79,5.03,0.1,
54,2025-08-22 23:00:00,2.3,0.56,0.0,0.0,88.45,4.14,4.45,4.85,0.1,
54,2025-08-23 00:00:00,2.98,1.67,0.0,0.0,85.63,4.9,5.01,5.11,0.13,
54,2025-08-23 01:00:00,3.42,1.66,0.0,0.0,85.43,4.6,4.78,4.91,0.13,
54,2025-08-23 02:00:00,3.2,1.51,0.0,0.0,85.48,4.12,4.34,4.48,0.12,
54,2025-08-23 03:00:00,2.6,0.72,0.0,0.0,87.8,2.92,3.63,4.04,0.1,
54,2025-08-23 04:00:00,1.48,0.26,0.0,0.0,90.9,1.99,2.45,3.22,0.07,
54,2025-08-23 05:00:00,1.78,0.52,0.0,0.0,94.03,1.38,1.61,2.12,0.04,
54,2025-08-23 06:00:00,0.8,0.04,0.0,0.0,95.28,0.33,0.65,0.85,0.03,
54,2025-08-23 07:00:00,0.0,0.0,0.13,0.0,96.35,-0.08,0.13,0.32,0.02,
54,2025-08-23 08:00:00,0.0,0.0,97.7,0.0,96.65,-0.66,-0.21,0.37,0.02,
54,2025-08-23 09:00:00,1.18,0.17,263.3,0.0,91.55,1.17,2.25,4.22,0.07,
54,2025-08-23 10:00:00,2.08,0.25,421.2,0.0,76.55,5.22,6.11,6.66,0.22,
54,2025-08-23 11:00:00,3.58,1.22,551.2,0.0,72.98,7.21,7.8,8.42,0.29,
54,2025-08-23 12:00:00,2.82,1.43,630.0,0.0,65.09,8.89,9.45,10.11,0.41,
54,2025-08-23 13:00:00,4.4,1.76,651.9,0.0,57.87,10.39,10.92,11.15,0.55,
54,2025-08-23 14:00:00,3.65,1.72,648.9,0.0,48.47,11.59,12.08,12.43,0.73,
54,2025-08-23 15:00:00,3.42,1.68,597.7,0.0,41.64,12.59,12.98,13.46,0.87,
54,2025-08-23 16:00:00,4.1,1.58,495.2,0.0,39.33,13.48,13.66,13.79,0.95,
54,2025-08-23 17:00:00,4.25,2.47,349.1,0.0,40.14,13.55,13.64,13.7,0.94,
54,2025-08-23 18:00:00,3.35,1.75,176.1,0.0,43.63,12.56,12.97,13.32,0.85,
54,2025-08-23 19:00:00,1.4,0.24,29.81,0.0,56.25,9.38,10.7,12.06,0.57,
54,2025-08-23 20:00:00,0.0,0.0,0.0,0.0,72.11,6.78,7.67,8.47,0.3,
54,2025-08-23 21:00:00,1.32,0.16,0.0,0.0,71.81,6.59,7.15,7.47,0.29,
54,2025-08-23 22:00:00,2.3,0.86,0.0,0.0,76.73,6.62,7.13,7.52,0.24,
54,2025-08-23 23:00:00,1.62,0.45,0.0,0.0,84.6,6.04,6.21,6.41,0.15,
54,2025-08-24 00:00:00,1.32,0.09,0.0,0.0,86.1,5.08,5.69,6.08,0.13,
54,2025-08-24 01:00:00,0.57,0.0,0.0,0.0,89.98,4.64,4.7,4.73,0.09,
54,2025-08-24 02:00:00,3.65,1.15,0.0,0.0,88.33,4.75,5.11,5.84,0.1,
54,2025-08-24 03:00:00,2.9,1.11,0.0,0.0,82.65,5.93,6.1,6.35,0.17,
54,2025-08-24 04:00:00,3.12,1.67,0.0,0.0,83.33,5.87,6.09,6.28,0.16,
54,2025-08-24 05:00:00,2.75,1.36,0.0,0.0,86.85,5.53,5.63,5.72,0.12,
54,2025-08-24 06:00:00,2.98,1.7,0.0,0.0,89.4,5.28,5.51,5.67,0.1,
54,2025-08-24 07:00:00,2.9,1.29,0.02,0.0,90.53,4.73,5.03,5.29,0.09,
54,2025-08-24 08:00:00,2.15,0.68,23.54,0.0,91.73,3.99,4.47,4.73,0.07,
54,2025-08-24 09:00:00,2.45,1.37,34.99,0.0,92.1,4.0,4.1,4.24,0.07,
54,2025-08-24 10:00:00,3.95,1.21,396.2,0.0,80.49,4.7,7.08,9.25,0.21,
54,2025-08-24 11:00:00,4.03,2.37,518.3,0.0,68.25,9.18,9.8,10.49,0.39,
54,2025-08-24 12:00:00,4.4,2.88,622.5,0.0,59.14,11.29,12.21,13.19,0.58,
54,2025-08-24 13:00:00,5.6,3.13,649.2,0.0,54.74,13.64,14.31,15.01,0.74,
54,2025-08-24 14:00:00,5.38,3.66,643.7,0.0,53.92,15.23,15.62,16.04,0.82,
54,2025-08-24 15:00:00,6.2,3.39,592.1,0.0,55.86,16.02,16.34,16.85,0.82,
54,2025-08-24 16:00:00,6.35,3.98,493.4,0.0,56.39,17.2,17.3,17.5,0.86,
54,2025-08-24 17:00:00,6.05,4.03,392.8,0.0,56.44,17.26,17.4,17.71,0.87,
54,2025-08-24 18:00:00,5.3,3.22,176.9,0.0,62.21,15.93,16.45,17.02,0.71,
54,2025-08-24 19:00:00,3.8,2.04,31.65,0.0,72.61,13.26,14.23,15.32,0.45,
54,2025-08-24 20:00:00,4.03,2.19,0.0,0.0,81.62,11.93,12.37,12.81,0.27,
54,2025-08-24 21:00:00,4.32,2.33,0.0,0.0,87.33,10.79,11.31,11.7,0.17,
54,2025-08-24 22:00:00,3.72,2.31,0.0,0.0,92.15,9.68,10.08,10.5,0.1,
54,2025-08-24 23:00:00,5.9,3.01,0.0,0.0,94.65,9.34,9.55,9.91,0.06,
54,2025-08-25 00:00:00,7.55,4.42,0.0,0.0,92.23,10.26,10.5,10.74,0.1,
54,2025-08-25 01:00:00,9.2,5.08,0.0,0.0,90.2,10.41,10.56,10.74,0.13,
54,2025-08-25 02:00:00,7.85,5.03,0.0,0.0,91.6,10.2,10.23,10.3,0.11,
54,2025-08-25 03:00:00,8.45,5.32,0.0,0.0,90.73,9.71,9.92,10.17,0.12,
54,2025-08-25 04:00:00,8.45,4.75,0.0,0.0,90.28,9.12,9.51,9.8,0.12,
54,2025-08-25 05:00:00,6.72,3.68,0.0,0.0,90.45,8.6,8.67,8.81,0.11,
54,2025-08-25 06:00:00,5.3,2.19,0.0,0.0,87.53,8.44,8.58,8.7,0.14,
54,2025-08-25 07:00:00,6.72,2.59,0.22,0.0,85.85,8.39,8.45,8.59,0.16,
54,2025-08-25 08:00:00,8.0,3.8,89.6,0.0,81.68,8.55,8.67,8.87,0.21,
54,2025-08-25 09:00:00,8.97,4.51,269.1,0.0,74.97,9.08,9.94,10.71,0.31,
54,2025-08-25 10:00:00,9.43,6.08,439.1,0.0,67.76,11.06,11.62,12.29,0.44,
54,2025-08-25 11:00:00,9.58,5.34,568.5,0.0,61.11,12.89,13.72,14.41,0.61,
54,2025-08-25 12:00:00,9.2,5.42,646.4,0.0,58.03,15.07,15.57,15.92,0.74,
54,2025-08-25 13:00:00,8.6,5.45,666.6,0.0,57.61,16.15,16.69,17.3,0.81,
54,2025-08-25 14:00:00,9.5,5.99,661.9,0.0,53.67,17.54,18.14,18.77,0.97,
54,2025-08-25 15:00:00,8.9,5.81,611.9,0.0,50.57,19.01,19.3,19.63,1.11,
54,2025-08-25 16:00:00,9.35,5.52,505.2,0.0,50.93,19.7,19.79,19.9,1.13,
54,2025-08-25 17:00:00,10.48,5.51,359.0,0.0,51.07,19.36,19.55,19.91,1.11,
54,2025-08-25 18:00:00,7.62,4.49,185.3,0.0,56.11,18.12,18.67,19.16,0.95,
54,2025-08-25 19:00:00,7.62,3.14,35.03,0.0,64.5,15.69,16.54,17.44,0.67,
54,2025-08-25 20:00:00,5.9,1.86,0.0,0.0,71.03,14.37,14.74,15.16,0.49,
54,2025-08-25 21:00:00,6.2,3.11,0.0,0.0,71.84,13.54,13.82,14.06,0.45,
54,2025-08-25 22:00:00,7.1,3.75,0.0,0.0,73.56,12.52,12.91,13.26,0.4,
54,2025-08-25 23:00:00,5.15,2.57,0.0,0.0,78.25,11.6,11.89,12.25,0.3,
54,2025-08-26 00:00:00,6.28,3.31,0.0,0.0,83.3,10.93,11.11,11.38,0.22,
54,2025-08-26 01:00:00,7.32,4.57,0.0,0.0,85.85,10.8,10.87,10.94,0.19,
54,2025-08-26 02:00:00,7.25,3.78,0.0,0.0,86.48,10.64,10.72,10.8,0.18,
54,2025-08-26 03:00:00,6.5,4.12,0.0,0.0,86.2,10.27,10.42,10.55,0.17,
54,2025-08-26 04:00:00,6.12,3.71,0.0,0.0,86.5,9.93,10.07,10.2,0.17,
54,2025-08-26 05:00:00,5.45,2.97,0.0,0.0,86.05,9.73,9.79,9.85,0.17,
54,2025-08-26 06:00:00,5.98,2.96,0.0,0.0,85.45,9.54,9.61,9.67,0.17,
54,2025-08-26 07:00:00,4.78,2.64,0.1,0.0,85.9,9.26,9.4,9.5,0.17,
54,2025-08-26 08:00:00,4.92,3.14,20.81,0.0,86.45,8.72,8.91,9.09,0.16,
54,2025-08-26 09:00:00,4.85,2.77,74.43,0.0,86.38,8.66,8.68,8.7,0.15,
54,2025-08-26 10:00:00,4.7,2.53,206.9,0.0,84.25,8.81,9.0,9.34,0.18,
54,2025-08-26 11:00:00,4.55,2.59,585.7,0.0,77.18,9.58,10.53,11.57,0.29,
54,2025-08-26 12:00:00,4.18,2.32,650.7,0.0,71.29,11.83,12.51,13.14,0.42,
54,2025-08-26 13:00:00,3.8,1.87,670.3,0.0,65.58,13.54,14.32,15.06,0.56,
54,2025-08-26 14:00:00,4.55,2.2,665.2,0.0,59.68,15.55,16.43,17.53,0.76,
54,2025-08-26 15:00:00,4.92,2.61,615.2,0.0,52.98,17.96,18.4,18.87,1.0,
54,2025-08-26 16:00:00,4.18,2.37,517.5,0.0,51.51,19.11,19.37,19.83,1.09,
54,2025-08-26 17:00:00,4.1,2.04,336.0,0.0,51.44,19.25,19.67,20.25,1.12,
54,2025-08-26 18:00:00,3.5,1.95,210.2,0.0,50.92,19.43,19.97,20.39,1.15,
54,2025-08-26 19:00:00,2.3,0.35,35.77,0.0,62.71,15.42,16.99,18.73,0.73,
54,2025-08-26 20:00:00,0.8,0.11,0.0,0.0,76.22,12.31,13.33,14.41,0.37,
54,2025-08-26 21:00:00,1.02,0.09,0.0,0.0,81.15,11.37,11.58,11.94,0.26,
54,2025-08-26 22:00:00,1.32,0.42,0.0,0.0,74.07,11.02,11.88,13.21,0.37,
54,2025-08-26 23:00:00,2.52,1.21,0.0,0.0,63.23,13.42,13.59,13.77,0.58,
54,2025-08-27 00:00:00,1.78,0.36,0.0,0.0,69.38,11.92,12.4,13.05,0.44,
54,2025-08-27 01:00:00,1.7,0.15,0.0,0.0,73.04,11.49,11.6,11.81,0.37,
54,2025-08-27 02:00:00,1.4,0.22,0.0,0.0,79.92,10.34,10.83,11.35,0.26,
54,2025-08-27 03:00:00,1.18,0.36,0.0,0.0,89.2,8.06,8.9,9.55,0.12,
54,2025-08-27 04:00:00,0.8,0.04,0.0,0.0,94.4,7.04,7.25,7.49,0.06,
54,2025-08-27 05:00:00,1.25,0.18,0.0,0.0,94.8,5.71,6.53,7.12,0.05,
54,2025-08-27 06:00:00,1.48,0.26,0.0,0.0,96.28,5.16,5.32,5.46,0.03,
54,2025-08-27 07:00:00,1.02,0.16,0.28,0.0,96.5,3.49,4.43,5.04,0.03,
54,2025-08-27 08:00:00,1.4,0.16,40.31,0.0,97.53,3.31,3.93,4.75,0.02,
54,2025-08-27 09:00:00,1.18,0.1,136.9,0.0,98.0,5.58,6.91,8.09,0.02,
54,2025-08-27 10:00:00,2.52,0.89,211.5,0.0,97.88,8.3,8.6,8.82,0.02,
54,2025-08-27 11:00:00,2.3,0.98,356.3,0.0,96.03,9.01,9.62,10.29,0.05,
54,2025-08-27 12:00:00,2.98,0.93,657.9,0.0,81.38,11.27,12.6,13.69,0.28,
54,2025-08-27 13:00:00,2.38,0.63,758.4,0.0,69.12,14.17,15.18,16.38,0.54,
54,2025-08-27 14:00:00,3.12,1.16,703.0,0.0,61.84,16.51,17.26,18.4,0.76,
54,2025-08-27 15:00:00,2.3,0.7,598.7,0.0,55.6,18.87,19.22,19.77,0.99,
54,2025-08-27 16:00:00,2.0,0.67,515.4,0.0,47.75,19.98,20.53,20.92,1.26,
54,2025-08-27 17:00:00,1.85,0.44,411.4,0.0,44.26,21.3,21.81,22.42,1.46,
54,2025-08-27 18:00:00,1.55,0.32,60.98,0.0,57.35,18.58,19.57,20.99,0.98,
54,2025-08-27 19:00:00,0.88,0.02,25.64,0.0,67.03,16.3,17.29,18.18,0.66,
54,2025-08-27 20:00:00,2.45,0.76,0.0,0.0,78.67,13.71,14.49,15.6,0.35,
54,2025-08-27 21:00:00,4.4,2.29,0.0,0.0,80.55,13.07,13.24,13.57,0.3,
54,2025-08-27 22:00:00,3.5,1.73,0.0,0.0,86.65,12.0,12.22,12.62,0.19,
54,2025-08-27 23:00:00,4.78,2.24,0.0,0.0,89.85,11.09,11.34,11.61,0.13,
54,2025-08-28 00:00:00,3.35,0.97,0.0,0.0,92.73,9.71,10.36,10.8,0.09,
54,2025-08-28 01:00:00,3.28,0.9,0.0,0.0,96.33,8.49,9.06,9.42,0.04,
54,2025-08-28 02:00:00,2.98,1.37,0.0,0.0,97.9,9.47,9.49,9.51,0.02,
54,2025-08-28 03:00:00,2.75,0.71,0.0,0.0,98.08,8.45,8.97,9.46,0.02,
54,2025-08-28 04:00:00,1.32,0.21,0.0,0.0,98.28,8.78,8.94,9.07,0.02,
54,2025-08-28 05:00:00,1.48,0.28,0.0,0.0,98.35,8.69,8.82,8.97,0.02,
54,2025-08-28 06:00:00,2.82,1.34,0.0,0.0,98.4,8.32,8.54,8.77,0.02,
54,2025-08-28 07:00:00,2.68,1.29,0.06,0.0,98.45,8.34,8.37,8.42,0.02,
54,2025-08-28 08:00:00,2.15,1.21,23.68,0.0,98.5,8.25,8.31,8.36,0.02,
54,2025-08-28 09:00:00,2.45,1.42,77.74,0.0,98.5,8.12,8.2,8.32,0.02,
54,2025-08-28 10:00:00,1.78,0.79,178.8,0.0,98.28,8.39,8.71,9.03,0.02,
54,2025-08-28 11:00:00,1.4,0.32,162.7,0.0,95.83,9.37,9.44,9.55,0.05,
54,2025-08-28 12:00:00,1.85,0.67,197.5,0.0,90.1,9.8,10.26,10.71,0.13,
54,2025-08-28 13:00:00,1.32,0.28,141.2,0.0,85.93,10.89,11.06,11.28,0.19,
54,2025-08-28 14:00:00,1.55,0.17,112.5,0.0,85.95,11.1,11.2,11.24,0.19,
54,2025-08-28 15:00:00,2.08,0.54,96.3,0.0,86.83,11.26,11.36,11.47,0.18,
54,2025-08-28 16:00:00,2.3,1.28,62.12,0.0,89.08,10.96,11.01,11.07,0.14,
54,2025-08-28 17:00:00,2.08,1.12,39.56,0.0,93.7,10.51,10.62,10.77,0.08,
54,2025-08-28 18:00:00,2.9,1.61,48.51,0.0,94.38,10.19,10.26,10.35,0.07,
54,2025-08-28 19:00:00,2.08,0.76,27.95,0.0,93.18,10.27,10.28,10.29,0.09,
54,2025-08-28 20:00:00,0.95,0.08,0.0,0.0,92.78,10.26,10.27,10.27,0.09,
54,2025-08-28 21:00:00,1.25,0.07,0.0,0.0,91.4,10.23,10.24,10.26,0.11,
54,2025-08-28 22:00:00,0.35,0.0,0.0,0.0,91.95,10.1,10.18,10.24,0.1,
54,2025-08-28 23:00:00,0.0,0.0,0.0,0.0,93.5,10.1,10.12,10.12,0.08,
54,2025-08-29 00:00:00,0.0,0.0,0.0,0.0,92.83,10.07,10.08,10.09,0.09,
54,2025-08-29 01:00:00,0.0,0.0,0.0,0.0,92.3,9.57,9.83,10.03,0.1,
54,2025-08-29 02:00:00,1.1,0.04,0.0,0.0,91.5,9.45,9.47,9.49,0.1,
54,2025-08-29 03:00:00,0.0,0.0,0.0,0.0,93.38,9.1,9.28,9.45,0.08,
54,2025-08-29 04:00:00,1.48,0.19,0.0,0.0,92.7,9.07,9.17,9.23,0.08,
54,2025-08-29 05:00:00,1.85,0.56,0.0,0.0,90.13,9.14,9.16,9.19,0.12,
54,2025-08-29 06:00:00,2.0,0.92,0.0,0.0,88.43,8.96,9.07,9.12,0.13,
54,2025-08-29 07:00:00,0.0,0.0,0.16,0.0,90.7,8.57,8.75,8.91,0.11,
54,2025-08-29 08:00:00,0.65,0.01,55.86,0.0,92.43,7.95,8.17,8.49,0.08,
54,2025-08-29 09:00:00,1.62,0.53,155.9,0.0,91.4,8.14,8.78,9.54,0.1,
54,2025-08-29 10:00:00,2.75,1.34,217.8,0.0,83.83,10.09,10.35,10.54,0.21,
54,2025-08-29 11:00:00,1.85,0.5,620.1,0.0,73.17,10.74,12.01,13.48,0.38,
54,2025-08-29 12:00:00,2.0,0.81,505.4,0.0,63.43,13.17,13.35,13.52,0.56,
54,2025-08-29 13:00:00,2.75,0.57,739.4,0.0,58.74,13.29,14.53,15.56,0.69,
54,2025-08-29 14:00:00,3.35,1.34,699.8,0.0,57.88,15.08,15.31,15.47,0.73,
54,2025-08-29 15:00:00,2.38,0.79,321.0,0.0,56.73,15.14,15.31,15.51,0.75,
54,2025-08-29 16:00:00,2.82,1.11,399.1,0.0,55.21,15.29,15.58,15.84,0.79,
54,2025-08-29 17:00:00,2.82,1.39,388.2,0.0,56.8,15.45,15.86,16.35,0.78,
54,2025-08-29 18:00:00,3.8,1.45,97.7,0.0,63.44,14.43,14.87,15.28,0.62,
54,2025-08-29 19:00:00,3.35,0.88,12.37,0.0,68.99,13.49,13.75,14.07,0.49,
54,2025-08-29 20:00:00,1.18,0.32,0.0,0.0,73.34,13.12,13.24,13.38,0.41,
54,2025-08-29 21:00:00,2.08,1.19,0.0,0.0,75.71,12.23,12.68,12.98,0.36,
54,2025-08-29 22:00:00,1.85,0.87,0.0,0.0,79.38,10.88,11.35,11.81,0.28,
54,2025-08-29 23:00:00,1.02,0.13,0.0,0.0,85.7,9.08,9.79,10.6,0.17,
54,2025-08-30 00:00:00,0.88,0.08,0.0,0.0,90.3,8.17,8.39,8.67,0.11,
54,2025-08-30 01:00:00,1.32,0.12,0.0,0.0,89.73,8.34,8.45,8.56,0.12,
54,2025-08-30 02:00:00,0.95,0.07,0.0,0.0,90.28,8.55,8.73,8.86,0.11,
54,2025-08-30 03:00:00,1.25,0.15,0.0,0.0,90.8,8.93,8.99,9.06,0.11,
54,2025-08-30 04:00:00,1.62,0.43,0.0,0.0,91.95,8.74,8.87,8.98,0.09,
54,2025-08-30 05:00:00,1.92,0.67,0.0,0.0,89.65,8.88,9.08,9.24,0.12,
54,2025-08-30 06:00:00,3.2,1.62,0.0,0.0,87.73,9.38,9.49,9.67,0.15,
54,2025-08-30 07:00:00,3.12,1.04,0.06,0.0,85.65,9.55,9.64,9.7,0.17,
54,2025-08-30 08:00:00,1.4,0.3,8.77,0.0,88.6,9.12,9.28,9.47,0.14,
54,2025-08-30 09:00:00,2.3,0.87,42.54,0.0,89.05,9.15,9.29,9.43,0.13,
54,2025-08-30 10:00:00,3.05,1.51,140.4,0.0,85.43,9.61,10.0,10.47,0.18,
54,2025-08-30 11:00:00,5.75,3.32,574.5,0.0,76.55,10.87,11.84,12.59,0.33,
54,2025-08-30 12:00:00,7.55,4.28,685.5,0.0,69.24,12.59,13.07,13.39,0.46,
54,2025-08-30 13:00:00,6.2,3.56,687.8,0.0,65.39,14.11,14.37,14.84,0.57,
54,2025-08-30 14:00:00,5.15,2.4,694.6,0.0,58.78,15.38,15.89,16.64,0.75,
54,2025-08-30 15:00:00,3.58,1.19,672.3,0.0,55.78,17.09,17.39,17.68,0.88,
54,2025-08-30 16:00:00,4.1,1.89,317.3,0.0,60.24,16.4,16.63,16.86,0.76,
54,2025-08-30 17:00:00,4.4,2.31,155.0,0.0,66.59,15.7,15.94,16.13,0.61,
54,2025-08-30 18:00:00,4.78,2.38,74.63,0.0,70.39,14.84,15.08,15.34,0.51,
54,2025-08-30 19:00:00,3.65,1.8,7.31,0.0,71.22,14.31,14.48,14.69,0.48,
54,2025-08-30 20:00:00,3.05,1.61,0.0,0.0,71.77,13.66,13.95,14.2,0.45,
54,2025-08-30 21:00:00,2.45,1.35,0.0,0.0,76.49,13.02,13.21,13.48,0.36,
54,2025-08-30 22:00:00,3.12,1.59,0.0,0.0,77.62,12.39,12.67,12.91,0.33,
54,2025-08-30 23:00:00,2.52,0.79,0.0,0.0,81.48,11.86,12.05,12.19,0.26,
54,2025-08-31 00:00:00,2.38,1.35,0.0,0.0,79.81,11.63,11.71,11.8,0.28,
54,2025-08-31 01:00:00,2.22,0.45,0.0,0.0,81.9,11.12,11.3,11.54,0.24,
54,2025-08-31 02:00:00,0.72,0.02,0.0,0.0,89.2,10.57,10.68,10.88,0.14,
54,2025-08-31 03:00:00,0.0,0.0,0.0,0.0,90.6,10.45,10.5,10.53,0.12,
54,2025-08-31 04:00:00,0.0,0.0,0.0,0.0,91.68,10.27,10.34,10.44,0.11,
54,2025-08-31 05:00:00,1.25,0.1,0.0,0.0,92.28,10.22,10.25,10.28,0.1,
54,2025-08-31 06:00:00,1.18,0.16,0.0,0.0,92.18,10.1,10.16,10.22,0.1,
54,2025-08-31 07:00:00,1.4,0.14,0.2,0.0,92.45,9.92,10.03,10.14,0.09,
54,2025-08-31 08:00:00,1.32,0.07,50.39,0.0,90.35,9.83,10.02,10.35,0.12,
54,2025-08-31 09:00:00,1.18,0.04,109.7,0.0,84.3,10.58,10.94,11.21,0.21,
54,2025-08-31 10:00:00,1.55,0.14,189.7,0.0,78.02,11.44,11.65,11.83,0.3,
54,2025-08-31 11:00:00,2.08,0.39,334.9,0.0,71.48,12.28,12.89,13.41,0.42,
54,2025-08-31 12:00:00,1.7,0.22,231.3,0.0,71.24,13.29,13.51,13.71,0.45,
54,2025-08-31 13:00:00,1.92,0.63,208.6,0.0,70.77,13.89,13.93,13.97,0.47,
54,2025-08-31 14:00:00,2.38,0.8,199.6,0.0,70.15,13.78,13.93,14.12,0.47,
54,2025-08-31 15:00:00,2.15,0.69,193.1,0.0,69.18,14.08,14.11,14.13,0.5,
54,2025-08-31 16:00:00,2.45,0.92,74.55,0.0,74.25,13.38,13.59,13.87,0.4,
54,2025-08-31 17:00:00,0.28,0.0,29.96,0.4,81.5,12.57,12.78,13.2,0.27,
54,2025-08-31 18:00:00,1.48,0.3,22.15,0.3,86.93,11.88,12.18,12.52,0.19,
54,2025-08-31 19:00:00,2.3,0.51,6.07,0.0,91.13,11.28,11.49,11.64,0.12,
54,2025-08-31 20:00:00,1.7,0.42,0.0,0.0,92.58,10.93,11.02,11.08,0.1,
54,2025-08-31 21:00:00,0.0,0.0,0.0,0.1,95.15,10.75,10.84,10.93,0.06,
54,2025-08-31 22:00:00,0.95,0.08,0.0,0.0,90.95,10.72,10.77,10.82,0.12,
54,2025-08-31 23:00:00,1.1,0.17,0.0,0.0,94.2,10.38,10.51,10.68,0.07,
54,2025-09-01 00:00:00,1.85,0.78,0.0,0.0,94.38,10.23,10.25,10.29,0.07,
54,2025-09-01 01:00:00,0.8,0.04,0.0,0.0,93.85,10.19,10.23,10.26,0.08,
54,2025-09-01 02:00:00,1.1,0.14,0.0,0.0,95.1,9.5,9.78,10.06,0.06,
54,2025-09-01 03:00:00,0.72,0.01,0.0,0.0,96.5,8.58,8.76,9.1,0.04,
54,2025-09-01 04:00:00,1.85,0.72,0.0,0.0,96.23,8.68,9.07,9.45,0.04,
54,2025-09-01 05:00:00,1.78,0.67,0.0,0.0,94.18,9.29,9.35,9.41,0.07,
54,2025-09-01 06:00:00,1.48,0.2,0.0,0.0,94.88,8.16,8.7,9.16,0.06,
54,2025-09-01 07:00:00,0.35,0.0,0.62,0.0,96.65,6.77,7.49,8.0,0.04,
54,2025-09-01 08:00:00,1.18,0.21,94.6,0.0,97.3,5.74,5.97,6.21,0.02,
54,2025-09-01 09:00:00,3.12,1.55,288.4,0.0,94.0,7.31,9.05,10.4,0.07,
54,2025-09-01 10:00:00,3.2,1.78,442.2,0.0,86.0,10.44,10.93,11.62,0.18,
54,2025-09-01 11:00:00,5.0,2.52,597.7,0.0,75.1,12.19,13.14,13.79,0.38,
54,2025-09-01 12:00:00,4.55,2.47,648.8,0.0,66.34,14.24,14.84,15.37,0.57,
54,2025-09-01 13:00:00,4.47,2.62,690.1,0.0,61.31,15.49,15.93,16.29,0.7,
54,2025-09-01 14:00:00,4.18,2.32,731.0,0.0,56.25,16.69,17.28,17.97,0.86,
54,2025-09-01 15:00:00,5.0,2.6,639.6,0.0,53.35,17.76,17.91,18.02,0.96,
54,2025-09-01 16:00:00,4.47,2.33,495.3,0.0,51.95,17.22,17.59,18.0,0.97,
54,2025-09-01 17:00:00,3.65,2.08,199.7,0.0,55.88,17.04,17.17,17.25,0.87,
54,2025-09-01 18:00:00,2.52,1.28,105.4,0.0,59.21,16.47,16.76,16.96,0.78,
54,2025-09-01 19:00:00,3.2,0.97,15.38,0.0,70.72,14.37,15.25,16.01,0.51,
54,2025-09-01 20:00:00,3.42,1.75,0.0,0.0,80.26,12.71,13.32,13.93,0.31,
54,2025-09-01 21:00:00,3.8,1.75,0.0,0.0,83.33,11.34,11.96,12.45,0.24,
54,2025-09-01 22:00:00,1.18,0.33,0.0,0.0,88.28,9.73,10.43,10.96,0.15,
54,2025-09-01 23:00:00,1.32,0.1,0.0,0.0,92.23,8.85,9.05,9.31,0.09,
54,2025-09-02 00:00:00,3.05,1.19,0.0,0.0,89.98,9.51,10.15,10.5,0.13,
54,2025-09-02 01:00:00,1.78,0.43,0.0,0.0,86.15,10.6,10.85,10.96,0.18,
54,2025-09-02 02:00:00,1.55,0.23,0.0,0.0,85.33,10.76,10.82,10.87,0.19,
54,2025-09-02 03:00:00,2.75,1.27,0.0,0.0,84.88,10.48,10.59,10.7,0.19,
54,2025-09-02 04:00:00,2.68,1.55,0.0,0.0,83.65,10.39,10.43,10.46,0.21,
54,2025-09-02 05:00:00,3.05,1.84,0.0,0.0,81.95,10.26,10.33,10.41,0.23,
54,2025-09-02 06:00:00,2.45,0.47,0.0,0.0,85.1,8.94,9.47,10.15,0.18,
54,2025-09-02 07:00:00,2.0,0.54,0.39,0.0,86.78,8.72,8.92,9.02,0.15,
54,2025-09-02 08:00:00,2.75,0.59,47.43,0.1,93.98,8.54,8.8,9.04,0.07,
54,2025-09-02 09:00:00,2.75,0.92,79.52,0.4,93.6,9.17,9.28,9.41,0.08,
54,2025-09-02 10:00:00,3.88,1.87,220.6,0.0,92.4,9.38,9.55,9.67,0.09,
54,2025-09-02 11:00:00,2.6,1.25,285.3,0.0,84.68,9.73,10.23,10.63,0.19,
54,2025-09-02 12:00:00,2.45,0.97,259.8,0.0,79.53,10.92,11.1,11.19,0.27,
54,2025-09-02 13:00:00,5.75,2.3,256.4,3.8,90.03,9.34,9.93,11.21,0.13,
54,2025-09-02 14:00:00,2.75,1.35,352.4,0.4,81.57,9.83,10.25,10.7,0.23,
54,2025-09-02 15:00:00,2.38,0.94,543.4,0.0,71.79,11.16,11.85,12.22,0.4,
54,2025-09-02 16:00:00,3.05,1.3,342.8,0.0,71.98,11.84,12.0,12.2,0.4,
54,2025-09-02 17:00:00,2.75,1.49,258.2,0.0,71.42,11.81,11.91,12.05,0.4,
54,2025-09-02 18:00:00,2.52,1.4,67.74,0.1,78.7,10.84,11.14,11.62,0.29,
54,2025-09-02 19:00:00,3.95,0.91,35.77,0.0,82.55,10.04,10.49,10.78,0.22,
54,2025-09-02 20:00:00,2.82,0.93,0.0,0.1,80.62,9.39,9.59,9.8,0.23,
54,2025-09-02 21:00:00,2.15,0.5,0.0,0.0,87.35,8.27,8.54,8.96,0.14,
54,2025-09-02 22:00:00,1.1,0.12,0.0,0.0,93.35,6.39,7.14,7.87,0.07,
54,2025-09-02 23:00:00,1.1,0.18,0.0,0.0,96.05,5.33,5.85,6.22,0.04,
54,2025-09-03 00:00:00,2.38,0.58,0.0,0.0,93.25,5.02,5.32,5.85,0.06,
54,2025-09-03 01:00:00,1.92,0.83,0.0,0.0,90.0,4.41,5.01,5.41,0.09,
54,2025-09-03 02:00:00,2.08,0.66,0.0,0.0,91.38,4.01,4.24,4.5,0.07,
54,2025-09-03 03:00:00,2.22,0.78,0.0,0.0,91.28,4.22,4.29,4.34,0.07,
54,2025-09-03 04:00:00,2.98,1.62,0.0,0.0,91.93,3.93,4.03,4.17,0.07,
54,2025-09-03 05:00:00,4.25,2.37,0.0,0.1,92.55,3.75,3.88,3.96,0.06,
54,2025-09-03 06:00:00,3.95,1.81,0.0,0.0,92.45,3.43,3.51,3.62,0.06,
54,2025-09-03 07:00:00,3.95,2.22,1.91,0.0,91.13,3.16,3.29,3.46,0.07,
54,2025-09-03 08:00:00,4.47,2.63,155.5,0.0,89.45,3.15,3.55,4.1,0.08,
54,2025-09-03 09:00:00,5.38,2.92,327.3,0.0,84.28,4.73,5.45,6.3,0.14,
54,2025-09-03 10:00:00,6.88,4.06,497.5,0.0,72.03,7.14,8.03,8.98,0.3,
54,2025-09-03 11:00:00,7.92,4.91,626.8,0.0,62.6,9.69,10.25,10.85,0.47,
54,2025-09-03 12:00:00,8.37,5.01,706.2,0.0,53.36,11.29,12.19,12.78,0.67,
54,2025-09-03 13:00:00,9.95,5.46,727.4,0.0,49.87,12.87,13.32,13.64,0.77,
54,2025-09-03 14:00:00,9.35,5.49,720.7,0.0,44.06,13.9,14.36,14.8,0.92,
54,2025-09-03 15:00:00,8.22,5.52,665.3,0.0,41.82,14.93,15.1,15.24,1.0,
54,2025-09-03 16:00:00,8.3,5.54,555.3,0.0,37.06,15.31,15.38,15.51,1.1,
54,2025-09-03 17:00:00,8.53,5.65,400.9,0.0,38.54,14.64,14.92,15.18,1.04,
54,2025-09-03 18:00:00,8.37,4.87,217.4,0.0,43.99,13.37,13.92,14.41,0.89,
54,2025-09-03 19:00:00,7.7,3.55,51.43,0.0,50.79,10.93,11.81,12.8,0.69,
54,2025-09-03 20:00:00,3.88,1.97,0.01,0.0,60.33,9.5,9.97,10.52,0.49,
54,2025-09-03 21:00:00,5.6,3.06,0.0,0.0,64.74,9.13,9.26,9.32,0.41,
54,2025-09-03 22:00:00,6.95,3.7,0.0,0.0,70.04,8.26,8.53,9.01,0.34,
54,2025-09-03 23:00:00,5.98,3.45,0.0,0.0,75.44,6.99,7.49,8.01,0.26,
54,2025-09-04 00:00:00,7.55,4.44,0.0,0.0,75.62,6.88,6.98,7.03,0.24,
54,2025-09-04 01:00:00,7.55,3.77,0.0,0.0,79.22,6.22,6.51,6.87,0.2,
54,2025-09-04 02:00:00,5.75,3.44,0.0,0.0,81.5,5.77,5.91,6.06,0.17,
54,2025-09-04 03:00:00,5.0,2.95,0.0,0.0,83.68,5.09,5.32,5.58,0.15,
54,2025-09-04 04:00:00,4.78,2.65,0.0,0.0,85.85,4.46,4.75,5.02,0.12,
54,2025-09-04 05:00:00,4.47,2.26,0.0,0.0,87.6,4.04,4.21,4.36,0.1,
54,2025-09-04 06:00:00,3.95,1.71,0.0,0.0,88.75,3.64,3.72,3.86,0.09,
54,2025-09-04 07:00:00,3.28,1.42,2.16,0.0,88.2,3.18,3.39,3.58,0.09,
54,2025-09-04 08:00:00,3.2,0.82,135.8,0.0,84.07,2.9,3.38,4.18,0.13,
54,2025-09-04 09:00:00,6.2,3.29,326.0,0.0,74.8,4.77,5.22,5.76,0.22,
54,2025-09-04 10:00:00,6.95,3.68,500.5,0.0,68.57,6.36,6.82,7.47,0.31,
54,2025-09-04 11:00:00,6.05,3.47,631.9,0.0,62.81,8.05,8.74,9.42,0.42,
54,2025-09-04 12:00:00,5.22,3.01,708.1,0.0,58.87,9.94,10.72,11.39,0.53,
54,2025-09-04 13:00:00,5.52,3.14,727.7,0.0,53.06,11.92,12.51,13.11,0.68,
54,2025-09-04 14:00:00,6.12,3.38,721.9,0.0,50.76,13.47,14.04,14.46,0.79,
54,2025-09-04 15:00:00,5.68,3.53,665.8,0.0,48.12,14.87,15.21,15.67,0.9,
54,2025-09-04 16:00:00,5.3,3.22,555.3,0.0,45.22,15.75,15.98,16.16,1.0,
54,2025-09-04 17:00:00,5.22,3.02,400.0,0.0,44.03,16.27,16.38,16.45,1.04,
54,2025-09-04 18:00:00,4.03,2.08,215.0,0.0,45.76,15.79,16.1,16.36,0.99,
54,2025-09-04 19:00:00,2.08,0.82,49.96,0.0,56.59,12.42,13.73,15.2,0.69,
54,2025-09-04 20:00:00,1.4,0.37,0.01,0.0,64.57,10.63,11.37,12.02,0.48,
54,2025-09-04 21:00:00,0.88,0.11,0.0,0.0,72.22,8.46,9.48,9.97,0.33,
54,2025-09-04 22:00:00,1.18,0.21,0.0,0.0,75.5,7.81,7.99,8.22,0.26,
54,2025-09-04 23:00:00,1.02,0.04,0.0,0.0,83.03,6.48,6.84,7.39,0.17,
54,2025-09-05 00:00:00,0.0,0.0,0.0,0.0,87.2,4.96,5.59,6.42,0.12,
54,2025-09-05 01:00:00,0.0,0.0,0.0,0.0,90.25,4.4,4.55,4.76,0.08,
54,2025-09-05 02:00:00,1.02,0.04,0.0,0.0,92.53,3.61,3.73,4.03,0.06,
54,2025-09-05 03:00:00,1.18,0.2,0.0,0.0,94.35,3.06,3.26,3.4,0.04,
54,2025-09-05 04:00:00,0.0,0.0,0.0,0.0,94.98,1.98,2.3,2.59,0.04,
54,2025-09-05 05:00:00,0.35,0.0,0.0,0.0,96.63,1.91,2.35,2.94,0.02,
54,2025-09-05 06:00:00,0.5,0.01,0.0,0.0,96.1,1.1,1.47,2.11,0.03,
54,2025-09-05 07:00:00,1.1,0.15,1.8,0.0,96.98,0.58,0.8,0.91,0.02,
54,2025-09-05 08:00:00,1.55,0.24,137.8,0.0,97.53,0.54,1.08,2.42,0.02,
54,2025-09-05 09:00:00,2.98,1.38,325.3,0.0,91.7,3.6,5.15,6.8,0.08,
54,2025-09-05 10:00:00,3.2,1.77,494.2,0.0,77.2,7.87,9.15,10.31,0.27,
54,2025-09-05 11:00:00,3.72,1.87,624.5,0.0,66.93,10.98,11.9,12.9,0.46,
54,2025-09-05 12:00:00,2.82,1.24,698.7,0.0,59.57,13.48,14.23,14.94,0.66,
54,2025-09-05 13:00:00,3.12,0.75,716.8,0.0,51.31,15.57,16.27,16.72,0.9,
54,2025-09-05 14:00:00,2.98,1.13,707.2,0.0,48.79,16.59,17.3,18.06,1.01,
54,2025-09-05 15:00:00,3.28,1.07,650.3,0.0,43.72,18.21,18.61,19.02,1.21,
54,2025-09-05 16:00:00,2.6,0.79,543.3,0.0,46.77,19.33,19.59,19.85,1.21,
54,2025-09-05 17:00:00,2.3,0.63,390.5,0.0,41.53,20.24,20.37,20.45,1.4,
54,2025-09-05 18:00:00,2.6,0.72,209.3,0.0,41.55,19.2,19.84,20.36,1.36,
54,2025-09-05 19:00:00,1.18,0.42,48.68,0.0,55.71,14.86,16.93,18.56,0.87,
54,2025-09-05 20:00:00,2.22,0.72,0.01,0.0,72.94,12.59,13.05,13.86,0.41,
54,2025-09-05 21:00:00,3.12,1.08,0.0,0.0,83.1,11.31,11.97,12.34,0.24,
54,2025-09-05 22:00:00,1.62,0.5,0.0,0.0,88.65,9.74,10.18,10.67,0.14,
54,2025-09-05 23:00:00,1.85,0.96,0.0,0.0,89.3,8.63,9.57,9.97,0.13,
54,2025-09-06 00:00:00,1.4,0.26,0.0,0.0,94.23,6.79,7.38,8.07,0.06,
54,2025-09-06 01:00:00,1.18,0.14,0.0,0.0,95.85,6.92,7.1,7.43,0.04,
54,2025-09-06 02:00:00,2.22,0.91,0.0,0.0,95.9,7.01,7.31,7.52,0.04,
54,2025-09-06 03:00:00,2.3,0.47,0.0,0.0,97.38,6.54,6.69,6.88,0.03,
54,2025-09-06 04:00:00,1.25,0.48,0.0,0.0,97.83,5.37,5.71,6.11,0.02,
54,2025-09-06 05:00:00,1.4,0.18,0.0,0.0,98.28,6.22,6.71,7.15,0.02,
54,2025-09-06 06:00:00,2.22,0.76,0.0,0.0,98.28,6.91,7.02,7.21,0.02,
54,2025-09-06 07:00:00,2.08,0.97,0.49,0.0,98.4,6.84,6.91,6.95,0.02,
54,2025-09-06 08:00:00,1.78,0.92,21.16,0.1,98.48,6.87,6.96,7.12,0.02,
54,2025-09-06 09:00:00,1.7,0.54,58.2,0.1,98.5,7.2,7.54,7.82,0.02,
54,2025-09-06 10:00:00,2.08,0.77,145.1,0.0,98.48,8.02,8.35,8.73,0.02,
54,2025-09-06 11:00:00,2.52,1.25,174.1,0.0,95.65,8.96,9.32,9.73,0.05,
54,2025-09-06 12:00:00,2.52,1.13,127.4,0.0,89.43,9.87,10.09,10.38,0.13,
54,2025-09-06 13:00:00,2.75,1.63,117.7,0.0,86.05,10.55,10.66,10.79,0.18,
54,2025-09-06 14:00:00,2.68,1.53,114.4,0.0,83.33,10.76,10.88,10.99,0.22,
54,2025-09-06 15:00:00,3.05,1.55,97.5,0.1,79.57,11.09,11.25,11.33,0.27,
54,2025-09-06 16:00:00,2.75,1.77,78.84,0.0,78.22,11.23,11.32,11.5,0.29,
54,2025-09-06 17:00:00,3.28,2.03,68.78,0.0,75.93,11.25,11.37,11.45,0.33,
54,2025-09-06 18:00:00,2.82,1.47,34.31,0.0,76.91,11.03,11.1,11.18,0.3,
54,2025-09-06 19:00:00,1.78,0.81,6.6,0.0,78.79,10.64,10.81,10.97,0.28,
54,2025-09-06 20:00:00,1.7,0.49,0.0,0.0,78.31,10.46,10.53,10.6,0.28,
54,2025-09-06 21:00:00,1.55,0.28,0.0,0.0,78.72,10.19,10.25,10.35,0.27,
54,2025-09-06 22:00:00,1.78,0.55,0.0,0.0,77.4,9.99,10.19,10.32,0.28,
54,2025-09-06 23:00:00,2.82,1.23,0.0,0.0,79.42,9.55,9.69,9.88,0.25,
54,2025-09-07 01:00:00,2.52,1.38,0.0,0.0,78.54,9.22,9.33,9.44,0.25,
54,2025-09-07 02:00:00,2.3,1.41,0.0,0.0,76.97,8.77,8.82,8.88,0.26,
54,2025-09-07 03:00:00,1.7,0.3,0.0,0.0,73.36,8.79,8.85,8.92,0.3,
54,2025-09-07 04:00:00,1.7,0.41,0.0,0.0,71.54,8.79,8.81,8.84,0.32,
54,2025-09-07 05:00:00,2.45,1.5,0.0,0.0,71.59,8.64,8.67,8.73,0.32,
54,2025-09-07 06:00:00,2.0,1.12,0.0,0.0,71.86,8.71,8.74,8.77,0.32,
54,2025-09-07 07:00:00,2.52,1.14,1.04,0.0,74.31,8.51,8.66,8.79,0.29,
54,2025-09-07 08:00:00,2.22,0.92,42.74,0.0,79.83,8.43,8.55,8.69,0.23,
54,2025-09-07 09:00:00,3.2,1.61,112.9,0.0,76.09,8.9,9.21,9.6,0.28,
54,2025-09-07 10:00:00,3.5,1.86,268.5,0.0,69.25,9.93,10.44,10.84,0.39,
54,2025-09-07 11:00:00,4.4,2.41,362.7,0.0,61.39,11.46,11.75,11.87,0.53,
54,2025-09-07 12:00:00,5.38,2.79,449.9,0.0,56.82,12.15,12.51,12.88,0.63,
54,2025-09-07 13:00:00,5.15,2.52,451.9,0.0,53.47,12.89,13.2,13.35,0.71,
54,2025-09-07 14:00:00,4.32,2.47,309.8,0.0,54.5,12.82,13.05,13.23,0.69,
54,2025-09-07 15:00:00,3.95,2.26,202.5,0.0,55.09,12.62,12.77,12.88,0.66,
54,2025-09-07 16:00:00,4.4,2.14,157.0,0.0,56.35,12.63,12.81,12.91,0.65,
54,2025-09-07 17:00:00,4.55,2.58,142.3,0.0,59.22,12.53,12.71,12.89,0.6,
54,2025-09-07 18:00:00,4.55,2.35,136.9,0.0,63.48,11.91,12.26,12.43,0.52,
54,2025-09-07 19:00:00,3.28,1.91,17.98,0.0,67.38,11.36,11.48,11.69,0.45,
54,2025-09-07 20:00:00,3.72,2.18,0.0,0.0,68.56,11.03,11.32,11.48,0.42,
54,2025-09-07 21:00:00,3.58,1.79,0.0,0.0,73.03,10.63,10.85,11.02,0.35,
54,2025-09-07 22:00:00,1.4,0.11,0.0,0.0,80.3,9.61,9.95,10.3,0.24,
54,2025-09-07 23:00:00,1.25,0.32,0.0,0.0,85.45,9.31,9.41,9.52,0.17,
54,2025-09-08 00:00:00,1.62,0.32,0.0,0.0,88.2,9.04,9.12,9.22,0.14,
54,2025-09-08 01:00:00,1.62,0.23,0.0,0.0,86.7,9.21,9.27,9.35,0.16,
54,2025-09-08 02:00:00,1.7,0.53,0.0,0.0,85.65,9.22,9.32,9.36,0.17,
54,2025-09-08 03:00:00,1.48,0.28,0.0,0.0,88.15,8.78,8.89,9.1,0.13,
54,2025-09-08 04:00:00,1.62,0.28,0.0,0.0,90.83,7.85,8.12,8.41,0.1,
54,2025-09-08 05:00:00,1.55,0.15,0.0,0.0,92.75,6.08,6.84,7.54,0.08,
54,2025-09-08 06:00:00,1.62,0.25,0.0,0.0,95.58,5.37,5.63,5.96,0.04,
54,2025-09-08 07:00:00,1.7,0.36,2.64,0.0,96.98,5.09,5.25,5.58,0.03,
54,2025-09-08 08:00:00,1.4,0.43,137.1,0.0,97.33,3.95,4.42,5.4,0.02,
54,2025-09-08 09:00:00,2.6,1.48,172.5,0.0,94.13,6.17,7.13,8.56,0.06,
54,2025-09-08 10:00:00,4.7,2.49,523.5,0.0,79.19,9.38,10.63,11.69,0.27,
54,2025-09-08 11:00:00,5.68,3.04,479.3,0.0,67.12,12.2,12.5,12.68,0.48,
54,2025-09-08 12:00:00,6.05,3.48,575.0,0.0,54.76,13.44,14.09,14.63,0.73,
54,2025-09-08 13:00:00,5.98,3.44,527.9,0.0,50.04,14.61,14.99,15.4,0.85,
54,2025-09-08 14:00:00,7.85,3.72,514.8,0.0,45.6,15.53,15.74,16.02,0.98,
54,2025-09-08 15:00:00,6.12,3.82,572.8,0.0,45.28,15.82,16.26,16.75,1.01,
54,2025-09-08 16:00:00,5.75,3.33,444.2,0.0,45.09,16.43,16.58,16.85,1.04,
54,2025-09-08 17:00:00,5.9,3.44,284.6,0.0,51.31,15.65,16.04,16.38,0.89,
54,2025-09-08 18:00:00,5.68,3.63,100.8,0.0,55.25,14.48,14.95,15.36,0.76,
54,2025-09-08 19:00:00,4.92,3.11,43.7,0.0,61.53,12.88,13.32,14.01,0.59,
54,2025-09-08 20:00:00,4.32,1.96,0.0,0.0,64.89,12.18,12.38,12.64,0.51,
54,2025-09-08 21:00:00,3.72,2.18,0.0,0.0,64.87,11.92,12.07,12.17,0.5,
54,2025-09-08 22:00:00,3.05,1.14,0.0,0.0,70.08,11.07,11.45,11.97,0.41,
54,2025-09-08 23:00:00,2.68,1.36,0.0,0.0,68.39,10.8,10.93,11.03,0.42,
54,2025-09-09 00:00:00,4.32,2.48,0.0,0.0,67.99,10.77,10.89,11.02,0.42,
54,2025-09-09 01:00:00,4.03,1.78,0.0,0.0,71.18,10.05,10.38,10.84,0.36,
54,2025-09-09 02:00:00,1.62,0.4,0.0,0.0,73.09,9.6,9.82,9.95,0.33,
54,2025-09-09 03:00:00,2.0,1.11,0.0,0.0,75.86,9.25,9.37,9.49,0.29,
54,2025-09-09 04:00:00,2.45,0.71,0.0,0.0,76.83,9.06,9.3,9.45,0.27,
54,2025-09-09 05:00:00,2.22,1.31,0.0,0.0,79.8,8.5,8.81,9.04,0.23,
54,2025-09-09 06:00:00,2.75,1.33,0.0,0.0,83.08,7.83,8.02,8.3,0.18,
54,2025-09-09 07:00:00,2.68,1.02,2.83,0.0,83.55,7.47,7.88,8.17,0.18,
54,2025-09-09 08:00:00,2.6,0.95,192.1,0.0,75.93,7.58,8.95,10.34,0.28,
54,2025-09-09 09:00:00,3.58,1.81,271.7,0.0,71.78,10.99,11.12,11.2,0.38,
54,2025-09-09 10:00:00,5.08,2.56,518.7,0.0,64.23,11.76,12.76,13.58,0.53,
54,2025-09-09 11:00:00,5.82,3.38,643.2,0.0,54.48,13.95,14.55,15.45,0.76,
54,2025-09-09 12:00:00,5.75,3.38,716.6,0.0,45.28,16.05,16.76,17.21,1.05,
54,2025-09-09 13:00:00,4.7,2.46,733.3,0.0,40.27,17.55,18.23,18.77,1.25,
54,2025-09-09 14:00:00,6.95,2.91,725.2,0.0,39.0,18.86,19.64,20.45,1.4,
54,2025-09-09 15:00:00,7.85,4.04,680.0,0.0,43.13,20.31,20.56,20.79,1.38,
54,2025-09-09 16:00:00,7.62,4.74,571.9,0.0,46.03,20.12,20.49,20.62,1.3,
54,2025-09-09 17:00:00,6.5,3.76,359.8,0.0,60.54,17.11,18.15,19.44,0.83,
54,2025-09-09 18:00:00,5.38,2.82,154.2,0.0,65.33,16.21,16.34,16.58,0.64,
54,2025-09-09 19:00:00,3.5,1.99,45.18,0.0,69.19,15.09,15.5,16.01,0.54,
54,2025-09-09 20:00:00,3.5,1.45,0.01,0.0,72.42,14.53,14.67,14.79,0.46,
54,2025-09-09 21:00:00,4.47,2.02,0.0,0.0,75.08,13.85,14.11,14.53,0.4,
54,2025-09-09 22:00:00,4.1,1.99,0.0,1.2,83.49,12.65,13.61,14.11,0.26,
54,2025-09-09 23:00:00,5.98,2.79,0.0,0.1,89.3,12.26,12.41,12.6,0.15,
54,2025-09-10 00:00:00,4.25,1.59,0.0,6.2,91.75,12.22,12.48,12.66,0.12,
54,2025-09-10 01:00:00,4.32,2.26,0.0,1.9,90.35,12.25,12.54,12.65,0.14,
54,2025-09-10 02:00:00,3.2,1.7,0.0,0.2,94.28,12.42,12.49,12.55,0.08,
54,2025-09-10 03:00:00,2.98,1.08,0.0,0.0,93.8,12.24,12.37,12.5,0.09,
54,2025-09-10 04:00:00,1.85,0.56,0.0,0.0,96.05,10.83,11.19,11.78,0.05,
54,2025-09-10 05:00:00,1.48,0.57,0.0,0.0,96.73,9.58,10.03,10.58,0.04,
54,2025-09-10 06:00:00,1.55,0.24,0.0,0.1,97.25,7.85,8.74,9.4,0.03,
54,2025-09-10 07:00:00,1.02,0.07,3.75,0.0,97.48,7.06,7.34,7.74,0.03,
54,2025-09-10 08:00:00,1.1,0.05,168.1,0.0,97.9,7.16,7.97,9.53,0.02,
54,2025-09-10 09:00:00,3.2,0.98,341.4,0.0,94.2,10.15,11.64,12.86,0.08,
54,2025-09-10 10:00:00,2.9,1.42,515.0,0.0,79.27,13.81,14.64,15.38,0.35,
54,2025-09-10 11:00:00,3.2,1.72,641.2,0.0,66.06,15.99,16.28,16.5,0.63,
54,2025-09-10 12:00:00,3.05,1.22,724.6,0.0,57.35,16.87,17.19,17.8,0.84,
54,2025-09-10 13:00:00,3.95,1.76,747.7,0.0,41.15,17.8,18.14,18.36,1.23,
54,2025-09-10 14:00:00,5.22,2.68,739.7,0.0,44.45,18.54,18.72,19.06,1.2,
54,2025-09-10 15:00:00,5.75,2.88,680.8,0.0,45.16,19.2,19.35,19.52,1.23,
54,2025-09-10 16:00:00,5.68,2.97,565.8,0.0,43.91,19.48,19.55,19.65,1.28,
54,2025-09-10 17:00:00,5.9,3.57,418.9,0.0,42.44,19.24,19.43,19.55,1.3,
54,2025-09-10 18:00:00,5.9,3.5,231.9,0.0,45.09,18.08,18.67,19.13,1.18,
54,2025-09-10 19:00:00,4.32,2.58,59.99,0.0,56.71,15.3,16.31,17.48,0.81,
54,2025-09-10 20:00:00,5.0,2.34,0.02,0.0,63.7,13.58,14.23,14.79,0.59,
54,2025-09-10 21:00:00,4.47,2.53,0.0,0.0,68.14,12.18,12.52,13.05,0.46,
54,2025-09-10 22:00:00,4.32,2.43,0.0,0.0,65.7,11.79,12.01,12.14,0.48,
54,2025-09-10 23:00:00,3.58,1.45,0.0,0.0,66.47,11.41,11.55,11.71,0.46,
54,2025-09-11 00:00:00,2.6,0.8,0.0,0.0,66.92,10.92,11.25,11.56,0.44,
54,2025-09-11 01:00:00,3.58,1.6,0.0,0.0,70.31,10.18,10.47,10.74,0.38,
54,2025-09-11 02:00:00,3.72,1.54,0.0,0.0,74.41,9.15,9.59,10.15,0.31,
54,2025-09-11 03:00:00,3.88,2.03,0.0,0.0,75.3,8.61,8.97,9.17,0.28,
54,2025-09-11 04:00:00,3.05,1.91,0.0,0.0,76.99,8.18,8.6,8.91,0.26,
54,2025-09-11 05:00:00,2.9,1.31,0.0,0.0,84.25,7.21,7.49,7.82,0.17,
54,2025-09-11 06:00:00,1.32,0.12,0.0,0.0,89.78,5.88,6.33,6.9,0.1,
54,2025-09-11 07:00:00,1.7,0.24,5.6,0.0,93.1,5.12,5.52,6.02,0.06,
54,2025-09-11 08:00:00,1.18,0.14,177.2,0.0,90.08,5.48,6.25,6.79,0.1,
54,2025-09-11 09:00:00,3.2,1.31,353.3,0.0,84.13,7.73,8.21,8.99,0.17,
54,2025-09-11 10:00:00,3.05,1.84,502.0,0.0,76.29,9.57,10.3,10.88,0.3,
54,2025-09-11 11:00:00,3.65,1.73,669.1,0.0,70.52,11.17,11.98,12.69,0.42,
54,2025-09-11 12:00:00,4.1,2.23,728.3,0.0,60.27,13.44,14.46,15.33,0.66,
54,2025-09-11 13:00:00,3.8,1.85,740.7,0.0,51.3,15.85,16.53,17.14,0.92,
54,2025-09-11 14:00:00,3.88,1.57,724.3,0.0,44.28,17.65,18.37,19.22,1.18,
54,2025-09-11 15:00:00,3.65,1.81,714.1,0.0,36.45,19.47,20.11,20.68,1.5,
54,2025-09-11 16:00:00,3.2,1.42,531.9,0.0,32.85,20.94,21.35,21.6,1.71,
54,2025-09-11 17:00:00,3.65,1.69,386.1,0.0,30.61,21.64,21.86,22.01,1.82,
54,2025-09-11 18:00:00,3.2,1.92,226.3,0.0,36.6,20.59,21.35,21.81,1.62,
54,2025-09-11 19:00:00,2.45,0.86,65.82,0.0,50.77,16.83,18.27,19.68,1.04,
54,2025-09-11 20:00:00,1.85,1.03,0.03,0.0,60.85,14.52,15.32,16.26,0.68,
54,2025-09-11 21:00:00,2.52,0.73,0.0,0.0,65.63,11.67,12.92,14.44,0.52,
54,2025-09-11 22:00:00,1.7,0.44,0.0,0.0,66.0,9.83,10.64,11.18,0.44,
54,2025-09-11 23:00:00,0.8,0.02,0.0,0.0,75.52,8.03,8.65,9.44,0.28,
54,2025-09-12 00:00:00,0.0,0.0,0.0,0.0,82.58,6.63,7.21,7.82,0.18,
54,2025-09-12 01:00:00,0.0,0.0,0.0,0.0,82.95,6.21,6.4,6.55,0.17,
54,2025-09-12 02:00:00,1.02,0.06,0.0,0.0,86.65,5.33,5.6,5.94,0.12,
54,2025-09-12 03:00:00,1.25,0.07,0.0,0.0,91.08,4.02,4.37,4.93,0.08,
54,2025-09-12 04:00:00,0.88,0.04,0.0,0.0,92.73,3.57,3.89,4.19,0.06,
54,2025-09-12 05:00:00,1.18,0.27,0.0,0.0,93.93,2.58,3.07,3.52,0.05,
54,2025-09-12 06:00:00,0.72,0.02,0.0,0.0,94.93,2.04,2.42,2.65,0.04,
54,2025-09-12 07:00:00,0.57,0.0,7.19,0.0,95.55,1.58,1.77,1.97,0.03,
54,2025-09-12 08:00:00,1.62,0.44,204.4,0.0,91.23,2.47,3.77,5.07,0.07,
54,2025-09-12 09:00:00,1.85,0.76,312.4,0.0,82.47,5.8,6.87,7.86,0.18,
54,2025-09-12 10:00:00,1.78,0.65,423.0,0.0,71.67,9.05,10.43,11.6,0.36,
54,2025-09-12 11:00:00,1.62,0.39,599.9,0.0,62.88,12.18,13.51,14.69,0.58,
54,2025-09-12 12:00:00,2.0,0.53,680.3,0.0,59.18,15.48,16.02,16.51,0.75,
54,2025-09-12 13:00:00,2.22,0.82,715.1,0.0,53.85,17.02,17.74,18.44,0.94,
54,2025-09-12 14:00:00,3.2,1.11,613.0,0.0,46.69,18.82,19.16,19.6,1.19,
54,2025-09-12 15:00:00,4.03,1.86,615.9,0.0,27.36,20.24,20.4,20.55,1.74,
54,2025-09-12 16:00:00,3.5,1.07,555.8,0.0,26.12,20.55,20.97,21.17,1.84,
54,2025-09-12 17:00:00,2.45,1.14,293.8,0.0,28.01,19.87,20.4,20.98,1.73,
54,2025-09-12 18:00:00,2.22,0.79,170.2,0.0,34.81,18.94,19.3,19.63,1.46,
54,2025-09-12 19:00:00,2.82,1.43,36.75,0.0,42.75,15.59,16.88,18.09,1.11,
54,2025-09-12 20:00:00,4.7,2.03,0.02,0.0,42.9,15.13,15.27,15.44,0.99,
54,2025-09-12 21:00:00,6.35,3.77,0.0,0.0,70.24,11.53,12.59,14.26,0.44,
54,2025-09-12 22:00:00,4.85,2.93,0.0,0.0,71.01,10.32,10.68,11.32,0.37,
54,2025-09-12 23:00:00,4.4,1.97,0.0,0.0,77.65,9.43,9.77,10.14,0.27,
54,2025-09-13 00:00:00,2.22,0.62,0.0,0.0,84.43,7.73,8.27,8.88,0.17,
54,2025-09-13 01:00:00,1.92,0.82,0.0,0.0,84.35,7.05,7.53,8.09,0.17,
54,2025-09-13 02:00:00,3.5,1.56,0.0,0.0,79.76,8.86,9.09,9.37,0.23,
54,2025-09-13 03:00:00,2.9,1.25,0.0,0.0,69.66,9.24,10.02,10.39,0.37,
54,2025-09-13 04:00:00,4.32,2.08,0.0,0.0,69.62,10.92,10.96,11.0,0.4,
54,2025-09-13 05:00:00,3.65,1.59,0.0,0.0,79.14,10.37,10.49,10.62,0.27,
54,2025-09-13 06:00:00,4.32,2.25,0.0,6.9,94.78,9.19,9.41,9.76,0.06,
54,2025-09-13 07:00:00,3.2,1.44,0.52,6.6,96.18,9.19,9.27,9.41,0.05,
54,2025-09-13 08:00:00,3.28,1.72,26.99,2.6,95.63,9.09,9.14,9.17,0.05,
54,2025-09-13 09:00:00,5.0,2.57,82.9,1.8,91.05,8.5,8.81,9.05,0.1,
54,2025-09-13 10:00:00,4.4,1.8,516.1,0.0,82.98,8.7,9.49,10.39,0.2,
54,2025-09-13 11:00:00,5.0,2.79,684.3,0.0,74.74,11.42,11.82,12.4,0.35,
54,2025-09-13 12:00:00,5.22,2.88,766.9,0.0,71.0,12.49,13.21,13.86,0.44,
54,2025-09-13 13:00:00,5.6,2.78,774.9,0.0,63.69,13.97,14.31,14.51,0.59,
54,2025-09-13 14:00:00,4.47,2.24,789.5,0.0,58.21,14.84,15.39,15.75,0.73,
54,2025-09-13 15:00:00,4.03,1.77,720.3,0.0,60.94,16.06,16.37,16.98,0.73,
54,2025-09-13 16:00:00,3.5,1.01,593.9,0.0,49.48,17.04,17.21,17.36,0.99,
54,2025-09-13 17:00:00,2.6,0.92,430.9,0.0,47.39,17.56,17.66,17.75,1.07,
54,2025-09-13 18:00:00,2.6,1.25,242.1,0.0,46.54,17.11,17.39,17.58,1.07,
54,2025-09-13 19:00:00,3.05,1.49,61.01,0.0,61.62,13.76,15.1,16.44,0.67,
54,2025-09-13 20:00:00,2.6,1.61,0.01,0.0,68.28,12.54,12.88,13.31,0.47,
54,2025-09-13 21:00:00,2.9,1.68,0.0,0.0,68.25,12.39,12.51,12.62,0.46,
54,2025-09-13 22:00:00,4.62,2.7,0.0,0.0,80.12,10.78,11.35,12.1,0.27,
54,2025-09-13 23:00:00,4.55,2.93,0.0,0.0,82.53,10.36,10.51,10.71,0.22,
54,2025-09-14 00:00:00,4.7,2.58,0.0,0.0,81.03,9.96,10.03,10.19,0.23,
54,2025-09-14 01:00:00,3.95,2.19,0.0,0.0,81.0,9.74,9.84,9.92,0.23,
54,2025-09-14 02:00:00,4.18,2.19,0.0,0.0,80.43,9.47,9.58,9.73,0.23,
54,2025-09-14 03:00:00,4.55,1.88,0.0,0.0,78.42,9.1,9.31,9.47,0.26,
54,2025-09-14 04:00:00,2.68,1.44,0.0,0.0,75.82,8.86,8.92,8.99,0.28,
54,2025-09-14 05:00:00,2.68,0.85,0.0,0.0,75.34,8.64,8.86,9.12,0.28,
54,2025-09-14 06:00:00,1.32,0.25,0.0,0.0,81.93,7.26,7.69,8.13,0.19,
54,2025-09-14 07:00:00,1.55,0.62,5.98,0.0,83.75,6.08,6.27,6.44,0.16,
54,2025-09-14 08:00:00,1.7,0.37,88.8,0.0,84.1,5.98,6.32,6.95,0.15,
54,2025-09-14 09:00:00,5.0,2.41,374.5,0.0,79.11,7.42,8.51,9.42,0.23,
54,2025-09-14 10:00:00,4.92,3.24,545.4,0.0,71.49,9.83,10.73,11.72,0.37,
54,2025-09-14 11:00:00,6.12,3.55,582.0,0.0,63.64,11.93,12.42,13.12,0.53,
54,2025-09-14 12:00:00,5.45,3.28,721.2,0.0,55.44,13.61,14.59,15.52,0.74,
54,2025-09-14 13:00:00,6.2,3.41,803.0,0.0,46.38,16.17,16.44,16.63,1.01,
54,2025-09-14 14:00:00,6.12,3.39,591.7,0.0,44.15,16.92,17.05,17.27,1.09,
54,2025-09-14 15:00:00,5.52,3.04,716.9,0.0,42.19,17.18,18.06,18.69,1.2,
54,2025-09-14 16:00:00,5.38,3.1,604.3,0.0,38.57,18.48,18.54,18.59,1.31,
54,2025-09-14 17:00:00,4.62,2.93,530.8,0.0,37.2,18.66,18.87,19.09,1.37,
54,2025-09-14 18:00:00,4.47,2.85,250.5,0.0,42.45,17.03,17.67,18.36,1.17,
54,2025-09-14 19:00:00,3.65,1.41,83.6,0.0,52.43,14.0,15.37,16.75,0.84,
54,2025-09-14 20:00:00,0.88,0.13,0.06,0.0,60.8,11.83,12.57,13.4,0.57,
54,2025-09-14 21:00:00,3.2,1.22,0.0,0.0,66.45,11.13,11.4,11.64,0.45,
54,2025-09-14 22:00:00,2.45,0.83,0.0,0.0,78.16,9.65,10.31,10.9,0.28,
54,2025-09-14 23:00:00,1.32,0.15,0.0,0.0,86.7,8.61,8.94,9.51,0.16,
54,2025-09-15 00:00:00,0.95,0.2,0.0,0.0,89.63,7.77,7.98,8.33,0.11,
54,2025-09-15 01:00:00,1.02,0.12,0.0,0.0,92.23,6.34,6.9,7.32,0.08,
54,2025-09-15 02:00:00,1.02,0.02,0.0,0.0,94.88,4.92,5.28,5.87,0.05,
54,2025-09-15 03:00:00,0.95,0.05,0.0,0.0,95.88,4.89,5.0,5.07,0.04,
54,2025-09-15 04:00:00,2.0,1.22,0.0,0.0,95.75,5.7,6.22,6.53,0.04,
54,2025-09-15 05:00:00,2.38,0.81,0.0,0.0,96.0,5.68,5.85,6.03,0.04,
54,2025-09-15 06:00:00,1.4,0.34,0.0,0.0,96.78,5.3,5.4,5.5,0.03,
54,2025-09-15 07:00:00,1.25,0.05,9.06,0.0,96.7,3.74,4.33,4.88,0.03,
54,2025-09-15 08:00:00,0.95,0.07,204.7,0.0,95.93,3.87,4.69,5.74,0.04,
54,2025-09-15 09:00:00,4.4,1.84,417.1,0.0,88.28,6.77,7.44,8.04,0.12,
54,2025-09-15 10:00:00,4.55,2.73,563.2,0.0,80.06,8.76,9.89,11.02,0.25,
54,2025-09-15 11:00:00,5.68,3.23,694.8,0.0,67.0,11.79,13.05,14.25,0.5,
54,2025-09-15 12:00:00,6.58,4.07,765.6,0.0,54.98,14.91,16.04,16.88,0.83,
54,2025-09-15 13:00:00,6.65,4.0,789.2,0.0,49.05,17.48,17.91,18.32,1.05,
54,2025-09-15 14:00:00,5.98,3.72,767.1,0.0,44.91,18.56,19.05,19.43,1.22,
54,2025-09-15 15:00:00,5.82,3.95,717.5,0.0,41.73,19.68,20.0,20.38,1.37,
54,2025-09-15 16:00:00,5.75,3.62,602.1,0.0,39.92,20.53,20.75,20.87,1.47,
54,2025-09-15 17:00:00,5.6,3.63,440.8,0.0,33.8,20.62,20.82,20.93,1.63,
54,2025-09-15 18:00:00,5.15,3.13,251.0,0.0,35.55,19.25,19.84,20.38,1.49,
54,2025-09-15 19:00:00,4.18,2.16,69.82,0.0,40.51,16.39,17.51,18.69,1.19,
54,2025-09-15 20:00:00,2.9,1.72,0.02,0.0,46.87,15.13,15.54,15.91,0.94,
54,2025-09-15 21:00:00,4.1,2.03,0.0,0.0,55.4,13.69,14.1,14.51,0.72,
54,2025-09-15 22:00:00,3.42,1.82,0.0,0.0,64.66,12.66,12.95,13.28,0.53,
54,2025-09-15 23:00:00,2.9,1.14,0.0,0.0,70.74,12.29,12.36,12.41,0.42,
54,2025-09-16 00:00:00,3.58,1.86,0.0,0.0,68.65,12.2,12.4,12.5,0.46,
54,2025-09-16 01:00:00,3.2,1.52,0.0,0.0,67.66,11.27,11.63,12.02,0.44,
54,2025-09-16 02:00:00,2.08,1.4,0.0,0.0,71.32,10.24,10.55,10.91,0.37,
54,2025-09-16 03:00:00,2.9,1.65,0.0,0.0,72.42,9.87,9.93,9.96,0.34,
54,2025-09-16 04:00:00,2.52,1.18,0.0,0.0,74.13,9.57,9.71,9.9,0.31,
54,2025-09-16 05:00:00,2.6,1.37,0.0,0.0,77.57,9.11,9.26,9.47,0.26,
54,2025-09-16 06:00:00,3.58,1.57,0.0,0.0,81.85,8.7,8.83,8.97,0.21,
54,2025-09-16 07:00:00,3.72,1.02,19.69,0.0,85.68,7.82,8.27,8.6,0.16,
54,2025-09-16 08:00:00,2.38,0.51,112.4,0.0,83.45,7.94,8.6,9.12,0.19,
54,2025-09-16 09:00:00,6.12,2.63,392.9,0.0,76.43,9.58,10.61,11.8,0.3,
54,2025-09-16 10:00:00,6.65,4.09,519.9,0.0,67.47,12.32,12.92,13.71,0.49,
54,2025-09-16 11:00:00,6.35,4.1,698.2,0.0,58.13,14.51,15.26,16.07,0.73,
54,2025-09-16 12:00:00,6.35,4.15,780.1,0.0,52.84,16.61,17.42,18.11,0.94,
54,2025-09-16 13:00:00,7.32,4.29,784.1,0.0,48.8,18.38,18.99,19.52,1.13,
54,2025-09-16 14:00:00,8.15,4.41,776.6,0.0,48.0,19.73,20.21,20.72,1.24,
54,2025-09-16 15:00:00,6.95,4.43,729.7,0.0,46.29,20.94,21.21,21.49,1.36,
54,2025-09-16 16:00:00,7.18,4.06,590.1,0.0,46.24,21.42,21.68,21.89,1.4,
54,2025-09-16 17:00:00,5.82,3.62,413.6,0.0,46.78,21.46,21.64,21.82,1.38,
54,2025-09-16 18:00:00,4.55,2.9,201.0,0.0,50.16,19.79,20.47,21.14,1.2,
54,2025-09-16 19:00:00,4.62,2.36,46.5,0.0,56.34,17.85,18.58,19.29,0.94,
54,2025-09-16 20:00:00,3.65,2.12,0.05,0.0,62.19,16.18,16.86,17.53,0.73,
54,2025-09-16 21:00:00,2.9,1.49,0.0,0.0,67.48,14.81,15.25,15.76,0.56,
54,2025-09-16 22:00:00,2.68,1.16,0.0,0.0,68.67,14.15,14.37,14.52,0.51,
54,2025-09-16 23:00:00,1.78,0.73,0.0,0.0,73.04,12.04,13.28,14.06,0.42,
54,2025-09-17 00:00:00,1.02,0.05,0.0,0.0,79.48,10.91,11.63,12.0,0.28,
54,2025-09-17 01:00:00,1.25,0.13,0.0,0.0,82.88,10.39,10.76,11.13,0.22,
54,2025-09-17 02:00:00,0.88,0.08,0.0,0.0,88.78,9.01,9.5,10.29,0.14,
54,2025-09-17 03:00:00,1.7,0.37,0.0,0.0,92.53,7.33,8.06,8.86,0.08,
54,2025-09-17 04:00:00,0.72,0.01,0.0,0.0,94.25,6.63,6.89,7.04,0.06,
54,2025-09-17 05:00:00,1.4,0.44,0.0,0.0,95.95,6.33,6.74,7.17,0.04,
54,2025-09-17 06:00:00,2.3,0.46,0.0,0.0,96.28,5.86,6.46,7.19,0.04,
54,2025-09-17 07:00:00,1.25,0.12,13.48,0.0,95.28,7.08,7.41,7.85,0.05,
54,2025-09-17 08:00:00,1.62,0.45,105.1,0.0,95.4,7.27,8.43,9.45,0.05,
54,2025-09-17 09:00:00,3.35,1.88,112.1,0.0,92.58,9.98,10.53,10.99,0.1,
54,2025-09-17 10:00:00,3.12,1.84,109.2,0.0,88.45,11.24,11.85,12.48,0.16,
54,2025-09-17 11:00:00,5.15,2.55,176.1,0.0,82.7,12.61,12.86,13.17,0.26,
54,2025-09-17 12:00:00,5.3,2.82,222.4,0.0,77.02,13.34,13.64,13.86,0.36,
54,2025-09-17 13:00:00,4.62,2.54,323.7,0.0,74.84,13.82,14.21,14.85,0.41,
54,2025-09-17 14:00:00,5.3,2.53,453.8,0.0,68.96,15.28,15.37,15.54,0.55,
54,2025-09-17 15:00:00,6.35,3.02,475.5,0.0,63.93,15.56,16.19,16.44,0.67,
54,2025-09-17 16:00:00,5.6,3.57,317.4,0.0,60.55,16.16,16.31,16.52,0.73,
54,2025-09-17 17:00:00,5.38,3.37,312.3,0.0,62.85,15.74,16.13,16.66,0.68,
54,2025-09-17 18:00:00,4.85,3.05,148.3,0.0,70.72,14.18,14.93,15.73,0.5,
54,2025-09-17 19:00:00,4.18,1.89,20.81,0.0,73.67,12.78,13.44,14.01,0.41,
54,2025-09-17 20:00:00,2.38,0.73,0.04,0.0,80.46,10.78,11.78,12.43,0.28,
54,2025-09-17 21:00:00,1.62,0.41,0.0,0.0,87.05,9.65,9.9,10.09,0.16,
54,2025-09-17 22:00:00,2.22,0.77,0.0,0.0,86.78,9.41,9.82,10.25,0.16,
54,2025-09-17 23:00:00,0.95,0.05,0.0,0.0,85.85,10.17,10.34,10.44,0.18,
54,2025-09-18 00:00:00,1.48,0.3,0.0,0.0,89.4,9.66,9.95,10.28,0.13,
54,2025-09-18 01:00:00,1.55,0.21,0.0,0.0,91.43,9.52,9.65,9.75,0.1,
54,2025-09-18 02:00:00,1.92,0.86,0.0,0.0,92.93,9.15,9.47,9.68,0.08,
54,2025-09-18 03:00:00,2.08,0.59,0.0,0.0,93.85,7.9,8.49,8.91,0.07,
54,2025-09-18 04:00:00,1.62,0.22,0.0,0.0,95.5,6.87,7.25,8.07,0.05,
54,2025-09-18 05:00:00,1.7,0.8,0.0,0.0,96.53,7.32,7.6,7.78,0.04,
54,2025-09-18 06:00:00,2.15,0.59,0.0,0.0,95.98,7.52,7.56,7.63,0.04,
54,2025-09-18 07:00:00,2.3,1.09,15.32,0.0,96.35,7.1,7.35,7.59,0.04,
54,2025-09-18 08:00:00,1.85,0.94,97.5,0.0,96.63,7.47,7.72,8.11,0.04,
54,2025-09-18 09:00:00,1.7,0.69,221.7,0.0,92.05,8.69,9.34,10.07,0.1,
54,2025-09-18 10:00:00,2.82,1.02,361.1,0.0,83.33,10.7,11.55,12.24,0.23,
54,2025-09-18 11:00:00,2.6,0.9,738.1,0.0,71.02,12.84,13.93,15.22,0.46,
54,2025-09-18 12:00:00,2.98,0.95,782.1,0.0,57.47,15.7,16.27,16.69,0.79,
54,2025-09-18 13:00:00,2.52,0.98,811.0,0.0,55.35,16.93,17.48,17.78,0.89,
54,2025-09-18 14:00:00,3.65,1.22,745.2,0.0,49.64,18.05,18.5,18.87,1.08,
54,2025-09-18 15:00:00,3.05,1.22,696.1,0.0,50.14,18.68,19.42,20.08,1.13,
54,2025-09-18 16:00:00,3.65,1.22,594.5,0.0,46.64,20.09,20.28,20.47,1.27,
54,2025-09-18 17:00:00,4.03,1.25,356.8,0.0,46.4,20.21,20.64,20.87,1.31,
54,2025-09-18 18:00:00,3.28,1.04,247.7,0.0,49.7,19.24,20.03,20.85,1.18,
54,2025-09-18 19:00:00,4.78,2.23,47.11,0.0,64.39,15.68,16.86,18.37,0.69,
54,2025-09-18 20:00:00,3.8,2.12,0.05,0.0,69.68,13.74,14.37,15.14,0.5,
54,2025-09-18 21:00:00,2.82,1.26,0.0,0.0,75.72,12.75,13.02,13.31,0.37,
54,2025-09-18 22:00:00,3.12,1.51,0.0,0.0,77.8,12.21,12.69,13.0,0.33,
54,2025-09-18 23:00:00,1.48,0.24,0.0,0.0,82.33,11.44,11.73,12.13,0.24,
54,2025-09-19 00:00:00,1.32,0.24,0.0,0.0,88.08,10.12,10.44,10.72,0.15,
54,2025-09-19 01:00:00,1.25,0.39,0.0,0.0,89.98,9.83,9.97,10.11,0.12,
54,2025-09-19 02:00:00,1.4,0.34,0.0,0.0,92.2,9.37,9.47,9.6,0.09,
54,2025-09-19 03:00:00,1.62,0.3,0.0,0.0,90.43,9.72,9.92,10.15,0.12,
54,2025-09-19 04:00:00,1.4,0.19,0.0,0.0,91.2,9.31,9.75,10.03,0.11,
54,2025-09-19 05:00:00,1.85,0.51,0.0,0.0,93.5,9.18,9.22,9.27,0.08,
54,2025-09-19 06:00:00,2.22,1.22,0.0,0.0,94.88,8.79,8.9,9.1,0.06,
54,2025-09-19 07:00:00,2.82,1.41,8.84,0.0,94.23,8.93,9.02,9.06,0.07,
54,2025-09-19 08:00:00,2.6,1.41,78.13,0.0,93.45,8.95,9.27,9.75,0.08,
54,2025-09-19 09:00:00,2.98,1.48,149.7,0.0,89.63,10.16,10.68,11.1,0.14,
54,2025-09-19 10:00:00,3.5,1.9,409.5,0.0,80.78,11.45,12.56,13.56,0.28,
54,2025-09-19 11:00:00,2.52,1.23,630.1,0.0,70.13,14.16,15.13,16.41,0.52,
54,2025-09-19 12:00:00,3.28,1.01,669.4,0.0,60.54,16.68,17.29,17.81,0.78,
54,2025-09-19 13:00:00,3.72,1.4,672.3,0.0,61.09,17.85,17.99,18.1,0.8,
54,2025-09-19 14:00:00,3.65,1.61,524.2,0.0,55.29,18.13,18.6,18.94,0.96,
54,2025-09-19 15:00:00,4.4,1.92,745.3,0.0,52.24,19.26,19.55,19.89,1.09,
54,2025-09-19 16:00:00,3.5,1.66,402.9,0.0,52.52,19.2,19.31,19.45,1.06,
54,2025-09-19 17:00:00,2.82,0.93,243.2,0.0,55.14,18.95,19.04,19.16,0.99,
54,2025-09-19 18:00:00,3.28,1.77,104.1,0.0,65.81,16.96,17.52,18.07,0.69,
54,2025-09-19 19:00:00,3.28,1.56,22.35,0.0,72.09,15.34,15.83,16.46,0.5,
54,2025-09-19 20:00:00,3.65,1.68,0.02,0.0,68.4,14.96,15.05,15.25,0.54,
54,2025-09-19 21:00:00,4.78,1.64,0.0,0.0,65.49,14.86,14.89,14.91,0.59,
54,2025-09-19 22:00:00,4.55,2.15,0.0,0.0,67.35,14.5,14.64,14.82,0.54,
54,2025-09-19 23:00:00,3.5,1.67,0.0,0.0,71.12,13.97,14.33,14.74,0.47,
54,2025-09-20 00:00:00,7.92,3.49,0.0,0.0,72.36,13.6,13.78,13.94,0.44,
54,2025-09-20 01:00:00,7.02,3.59,0.0,2.3,81.52,12.31,13.02,13.67,0.28,
54,2025-09-20 02:00:00,8.83,3.88,0.0,9.6,90.48,11.51,11.82,12.18,0.13,
54,2025-09-20 03:00:00,3.95,1.61,0.0,2.3,94.18,11.06,11.2,11.36,0.08,
54,2025-09-20 04:00:00,3.2,1.29,0.0,0.0,94.28,11.28,11.34,11.38,0.08,
54,2025-09-20 05:00:00,4.47,1.94,0.0,0.0,87.3,11.43,11.67,11.84,0.18,
54,2025-09-20 06:00:00,2.08,1.09,0.0,0.0,94.03,10.74,10.95,11.08,0.08,
54,2025-09-20 07:00:00,1.55,0.58,7.06,0.0,94.95,10.29,10.43,10.6,0.06,
54,2025-09-20 08:00:00,2.08,0.78,58.96,0.0,96.13,10.47,10.74,11.06,0.05,
54,2025-09-20 09:00:00,3.2,1.47,135.4,0.3,94.43,11.34,11.58,11.78,0.08,
54,2025-09-20 10:00:00,4.03,2.0,265.2,0.3,92.13,11.79,12.0,12.36,0.11,
54,2025-09-20 11:00:00,5.0,2.53,261.0,1.3,91.58,12.07,12.21,12.43,0.12,
54,2025-09-20 12:00:00,4.85,2.33,324.1,1.5,90.45,11.99,12.57,13.21,0.14,
54,2025-09-20 13:00:00,4.78,2.41,608.0,0.1,79.72,13.22,13.88,14.31,0.33,
54,2025-09-20 14:00:00,7.7,4.45,887.0,0.0,67.74,15.48,16.26,16.97,0.6,
54,2025-09-20 15:00:00,8.97,5.5,770.0,0.0,52.8,16.27,16.73,17.14,0.9,
54,2025-09-20 16:00:00,8.9,5.89,623.0,0.0,51.4,16.7,16.87,17.04,0.93,
54,2025-09-20 17:00:00,8.08,4.95,363.5,0.0,56.75,15.34,15.8,16.46,0.78,
54,2025-09-20 18:00:00,9.28,5.09,174.0,0.0,70.61,13.77,14.13,14.91,0.48,
54,2025-09-20 19:00:00,6.42,3.74,49.02,0.0,76.92,12.47,13.11,13.58,0.35,
54,2025-09-20 20:00:00,5.6,2.32,0.03,0.8,86.98,11.4,11.7,11.95,0.18,
54,2025-09-20 21:00:00,2.08,0.76,0.0,0.0,88.93,10.63,10.79,10.93,0.14,
54,2025-09-20 22:00:00,2.3,1.32,0.0,0.0,92.1,10.23,10.43,10.67,0.1,
54,2025-09-20 23:00:00,4.47,1.45,0.0,3.0,90.73,10.08,10.43,10.69,0.12,
54,2025-09-21 00:00:00,3.2,0.57,0.0,0.0,93.7,9.89,9.93,9.97,0.08,
54,2025-09-21 01:00:00,4.55,2.5,0.0,0.4,94.05,8.89,9.13,9.52,0.07,
54,2025-09-21 02:00:00,4.85,2.39,0.0,0.2,93.48,8.48,8.59,8.76,0.07,
54,2025-09-21 03:00:00,3.65,1.88,0.0,1.1,93.3,8.27,8.3,8.37,0.07,
54,2025-09-21 04:00:00,4.25,2.19,0.0,0.4,92.58,8.28,8.33,8.39,0.08,
54,2025-09-21 05:00:00,4.32,2.23,0.0,0.5,93.8,8.37,8.45,8.53,0.07,
54,2025-09-21 06:00:00,4.92,2.06,0.0,1.1,93.3,8.56,8.59,8.61,0.08,
54,2025-09-21 07:00:00,5.22,2.66,3.43,1.4,92.98,8.21,8.27,8.33,0.08,
54,2025-09-21 08:00:00,5.0,2.54,195.1,0.1,93.95,8.19,8.4,8.76,0.07,
54,2025-09-21 09:00:00,4.78,2.69,239.3,0.3,93.0,9.15,9.2,9.23,0.08,
54,2025-09-21 10:00:00,4.18,2.48,300.9,1.1,93.48,9.37,9.56,10.05,0.08,
54,2025-09-21 11:00:00,4.92,2.55,633.5,0.0,87.03,10.41,11.27,12.08,0.17,
54,2025-09-21 12:00:00,4.62,2.39,689.0,1.5,90.08,10.36,11.05,11.89,0.13,
54,2025-09-21 13:00:00,4.78,2.24,873.0,8.6,84.1,10.68,12.02,12.7,0.23,
54,2025-09-21 14:00:00,4.7,2.27,634.2,1.3,88.45,10.92,11.29,11.98,0.16,
54,2025-09-21 15:00:00,4.7,2.45,733.8,0.1,79.74,11.22,12.24,13.27,0.29,
54,2025-09-21 16:00:00,4.4,2.39,471.8,0.0,74.86,13.11,13.35,13.94,0.39,
54,2025-09-21 17:00:00,4.32,2.36,436.6,0.0,70.11,13.4,13.97,14.42,0.48,
54,2025-09-21 18:00:00,4.18,2.09,140.0,0.0,75.17,11.94,12.66,13.2,0.37,
54,2025-09-21 19:00:00,3.58,1.75,54.07,0.0,79.58,11.59,11.88,12.14,0.29,
54,2025-09-21 20:00:00,2.68,1.18,0.05,0.0,82.86,11.34,11.43,11.48,0.23,
54,2025-09-21 21:00:00,1.48,0.42,0.0,0.0,76.42,10.35,10.69,10.94,0.3,
54,2025-09-21 22:00:00,1.18,0.47,0.0,0.0,79.48,8.33,9.0,9.67,0.24,
54,2025-09-21 23:00:00,1.55,0.4,0.0,0.0,87.6,6.8,7.26,7.68,0.13,
54,2025-09-22 00:00:00,2.52,0.78,0.0,0.0,87.1,6.55,6.72,6.82,0.13,
54,2025-09-22 01:00:00,1.48,0.18,0.0,0.0,88.15,6.07,6.3,6.57,0.11,
54,2025-09-22 02:00:00,1.32,0.22,0.0,0.0,90.78,5.34,5.8,6.18,0.08,
54,2025-09-22 03:00:00,1.55,0.28,0.0,0.0,93.55,4.89,4.95,4.99,0.06,
54,2025-09-22 04:00:00,1.4,0.58,0.0,0.0,94.23,4.22,4.39,4.64,0.05,
54,2025-09-22 05:00:00,1.55,0.29,0.0,0.0,92.58,4.43,4.55,4.73,0.06,
54,2025-09-22 06:00:00,1.62,0.48,0.0,0.0,93.1,4.16,4.51,4.7,0.06,
54,2025-09-22 07:00:00,2.08,1.0,28.84,0.0,94.18,4.25,4.32,4.4,0.05,
54,2025-09-22 08:00:00,3.35,1.32,224.8,0.0,91.5,4.05,5.05,6.48,0.08,
54,2025-09-22 09:00:00,3.5,1.86,404.4,0.0,84.78,7.16,7.79,8.23,0.16,
54,2025-09-22 10:00:00,3.88,2.06,609.5,0.0,80.76,8.38,8.91,9.75,0.22,
54,2025-09-22 11:00:00,4.7,2.72,718.5,0.0,73.91,10.13,11.14,11.87,0.35,
54,2025-09-22 12:00:00,5.08,2.88,818.0,0.0,64.1,12.11,12.78,13.31,0.53,
54,2025-09-22 13:00:00,5.0,2.91,819.0,0.0,61.18,13.55,13.91,14.29,0.62,
54,2025-09-22 14:00:00,4.62,2.61,805.0,0.0,55.92,14.63,15.15,15.64,0.76,
54,2025-09-22 15:00:00,4.78,2.54,747.5,0.0,51.84,15.97,16.34,16.61,0.9,
54,2025-09-22 16:00:00,5.0,2.93,623.0,0.0,48.19,16.56,17.08,17.39,1.01,
54,2025-09-22 17:00:00,4.47,2.59,435.6,0.0,45.76,17.34,17.51,17.61,1.09,
54,2025-09-22 18:00:00,4.62,2.75,272.8,0.0,50.54,16.29,16.81,17.37,0.95,
54,2025-09-22 19:00:00,3.5,1.85,77.72,0.0,58.84,14.36,15.11,15.9,0.71,
54,2025-09-22 20:00:00,4.4,2.65,0.13,0.0,60.89,13.36,13.74,14.23,0.61,
54,2025-09-22 21:00:00,4.03,2.55,0.0,0.0,63.91,11.92,12.51,13.14,0.53,
54,2025-09-22 22:00:00,5.15,2.8,0.0,0.0,66.79,11.13,11.59,11.84,0.45,
54,2025-09-22 23:00:00,4.47,2.9,0.0,0.0,71.03,10.48,10.78,11.02,0.38,
54,2025-09-23 00:00:00,3.8,1.92,0.0,0.0,73.08,9.57,9.9,10.24,0.33,
54,2025-09-23 01:00:00,2.68,1.15,0.0,0.0,72.24,9.3,9.46,9.61,0.33,
54,2025-09-23 02:00:00,1.85,0.5,0.0,0.0,72.83,9.31,9.4,9.67,0.32,
54,2025-09-23 03:00:00,1.32,0.37,0.0,0.0,81.96,7.67,7.99,8.63,0.2,
54,2025-09-23 04:00:00,1.48,0.47,0.0,0.0,77.43,7.93,8.67,9.21,0.25,
54,2025-09-23 05:00:00,1.32,0.09,0.0,0.0,81.28,7.95,8.34,8.97,0.21,
54,2025-09-23 06:00:00,1.18,0.15,0.0,0.0,85.48,7.33,7.4,7.47,0.15,
54,2025-09-23 07:00:00,1.02,0.05,8.83,0.0,89.98,6.64,6.9,7.32,0.1,
54,2025-09-23 08:00:00,0.35,0.0,129.0,0.0,88.2,6.88,7.31,7.96,0.12,
54,2025-09-23 09:00:00,2.22,0.58,426.5,0.0,76.69,8.93,10.21,10.94,0.29,
54,2025-09-23 10:00:00,3.42,1.41,602.2,0.0,69.37,11.64,12.34,12.78,0.44,
54,2025-09-23 11:00:00,4.1,1.3,727.4,0.0,66.17,13.04,13.8,14.58,0.54,
54,2025-09-23 12:00:00,3.2,1.13,800.0,0.0,57.61,15.01,15.47,16.2,0.75,
54,2025-09-23 13:00:00,3.42,1.07,815.0,0.0,53.41,16.58,16.95,17.16,0.9,
54,2025-09-23 14:00:00,3.42,0.98,805.0,0.0,46.54,17.56,18.11,18.43,1.11,
54,2025-09-23 15:00:00,3.35,1.03,726.5,0.0,44.27,18.9,19.21,19.46,1.24,
54,2025-09-23 16:00:00,2.9,1.12,682.0,0.0,40.27,19.63,20.11,20.64,1.41,
54,2025-09-23 17:00:00,4.18,1.92,461.5,0.0,41.37,20.25,20.52,20.71,1.42,
54,2025-09-23 18:00:00,3.42,2.12,264.5,0.0,44.71,19.26,19.76,20.0,1.28,
54,2025-09-23 19:00:00,2.6,0.94,76.53,0.0,56.04,16.47,17.67,18.86,0.9,
54,2025-09-23 20:00:00,1.55,0.57,0.11,0.0,64.8,14.18,14.9,15.63,0.6,
54,2025-09-23 21:00:00,2.15,1.21,0.0,0.0,67.39,13.7,13.77,13.9,0.52,
54,2025-09-23 22:00:00,2.75,1.59,0.0,0.0,71.38,12.86,13.33,13.78,0.44,
54,2025-09-23 23:00:00,3.05,1.58,0.0,0.0,79.96,11.16,11.74,12.47,0.28,
54,2025-09-24 00:00:00,2.75,1.1,0.0,0.0,80.45,10.85,11.02,11.25,0.26,
54,2025-09-24 01:00:00,2.0,0.34,0.0,0.0,81.65,10.18,10.42,10.68,0.23,
54,2025-09-24 02:00:00,0.72,0.01,0.0,0.0,88.13,8.33,8.92,9.59,0.14,
54,2025-09-24 03:00:00,0.95,0.04,0.0,0.0,92.33,7.41,7.68,8.08,0.08,
54,2025-09-24 04:00:00,1.02,0.16,0.0,0.0,94.3,6.97,7.2,7.34,0.06,
54,2025-09-24 05:00:00,0.88,0.05,0.0,0.0,94.93,6.59,6.85,7.13,0.05,
54,2025-09-24 06:00:00,0.0,0.0,0.0,0.0,95.5,5.52,5.73,6.23,0.04,
54,2025-09-24 07:00:00,0.57,0.01,39.62,0.0,96.68,5.18,5.4,5.57,0.03,
54,2025-09-24 08:00:00,1.4,0.22,251.7,0.0,89.65,6.11,8.11,9.73,0.12,
54,2025-09-24 09:00:00,4.1,1.86,438.3,0.0,76.61,10.3,11.14,11.83,0.31,
54,2025-09-24 10:00:00,3.95,2.15,612.2,0.0,67.29,12.34,12.89,13.6,0.49,
54,2025-09-24 11:00:00,3.35,1.51,674.8,0.0,60.89,14.01,14.86,15.78,0.66,
54,2025-09-24 12:00:00,4.03,2.13,798.3,0.0,56.84,16.13,16.94,17.77,0.84,
54,2025-09-24 13:00:00,4.03,1.99,829.0,0.0,50.13,18.1,18.88,19.69,1.09,
54,2025-09-24 14:00:00,3.95,2.1,813.0,0.0,47.71,20.11,20.86,21.49,1.29,
54,2025-09-24 15:00:00,3.58,1.74,741.6,0.0,40.38,22.06,22.62,23.15,1.64,
54,2025-09-24 16:00:00,2.68,1.38,642.9,0.0,37.47,23.4,23.87,24.33,1.85,
54,2025-09-24 17:00:00,2.82,1.32,468.8,0.0,37.99,24.34,24.48,24.55,1.91,
54,2025-09-24 18:00:00,2.08,1.01,269.7,0.0,41.3,23.37,24.01,24.36,1.76,
54,2025-09-24 19:00:00,1.55,0.26,65.0,0.0,52.84,20.0,21.64,22.91,1.23,
54,2025-09-24 20:00:00,1.1,0.01,0.37,0.0,68.42,16.0,17.29,18.83,0.64,
54,2025-09-24 21:00:00,0.0,0.0,0.0,0.0,84.63,13.5,14.36,15.23,0.25,
54,2025-09-24 22:00:00,1.18,0.06,0.0,0.0,86.43,12.23,12.63,13.0,0.2,
54,2025-09-24 23:00:00,1.02,0.04,0.0,0.0,89.65,11.28,11.74,12.05,0.14,
54,2025-09-25 00:00:00,0.0,0.0,0.0,0.0,93.25,10.18,10.54,10.98,0.09,
54,2025-09-25 01:00:00,1.1,0.12,0.0,0.0,93.18,9.62,9.88,10.26,0.08,
54,2025-09-25 02:00:00,1.4,0.34,0.0,0.0,94.08,8.92,9.33,9.75,0.07,
54,2025-09-25 03:00:00,1.48,0.23,0.0,0.0,95.0,8.03,8.47,8.93,0.05,
54,2025-09-25 04:00:00,1.32,0.33,0.0,0.0,95.48,7.61,7.78,8.22,0.05,
54,2025-09-25 05:00:00,1.32,0.25,0.0,0.0,96.4,7.28,7.39,7.57,0.04,
54,2025-09-25 06:00:00,3.12,0.92,0.0,0.0,97.15,7.08,7.71,8.1,0.03,
54,2025-09-25 07:00:00,3.35,1.3,72.25,0.0,93.9,8.56,8.75,9.01,0.07,
54,2025-09-25 08:00:00,2.75,0.92,274.9,0.0,81.94,9.73,11.06,12.81,0.25,
54,2025-09-25 09:00:00,2.3,0.66,397.6,0.0,69.05,14.07,14.83,15.16,0.52,
54,2025-09-25 10:00:00,2.38,0.82,592.9,0.0,57.43,15.71,16.92,18.02,0.83,
54,2025-09-25 11:00:00,4.03,1.56,724.7,0.0,41.83,18.58,19.3,19.92,1.31,
54,2025-09-25 12:00:00,3.5,1.49,814.0,0.0,35.52,20.11,20.91,21.63,1.6,
54,2025-09-25 13:00:00,3.8,1.64,823.0,0.0,37.81,21.93,22.28,22.64,1.67,
54,2025-09-25 14:00:00,6.12,3.44,809.0,0.0,47.82,21.57,22.01,22.32,1.38,
54,2025-09-25 15:00:00,6.8,4.4,687.1,0.0,47.12,20.39,21.06,21.45,1.33,
54,2025-09-25 16:00:00,6.28,4.03,567.1,0.0,53.44,19.67,19.77,19.91,1.07,
54,2025-09-25 17:00:00,6.58,4.33,489.4,0.0,46.21,19.22,19.41,19.82,1.21,
54,2025-09-25 18:00:00,6.2,4.23,262.0,0.0,50.23,16.57,17.69,18.6,1.01,
54,2025-09-25 19:00:00,6.2,3.87,83.6,0.0,62.78,14.14,15.12,16.03,0.64,
54,2025-09-25 20:00:00,5.6,2.81,0.32,0.0,70.12,12.82,13.23,13.64,0.46,
54,2025-09-25 21:00:00,2.9,0.82,0.0,0.0,74.34,12.05,12.39,12.55,0.37,
54,2025-09-25 22:00:00,1.85,0.42,0.0,0.0,79.0,10.96,11.42,11.91,0.28,
54,2025-09-25 23:00:00,2.15,0.61,0.0,0.0,85.25,10.4,10.47,10.59,0.19,
54,2025-09-26 00:00:00,1.62,0.25,0.0,0.0,87.73,10.27,10.35,10.41,0.16,
54,2025-09-26 01:00:00,1.4,0.39,0.0,0.0,86.48,10.34,10.55,10.68,0.18,
54,2025-09-26 02:00:00,1.7,0.32,0.0,0.0,88.65,10.52,10.69,10.77,0.15,
54,2025-09-26 03:00:00,2.08,0.93,0.0,0.3,94.58,10.31,10.37,10.45,0.07,
54,2025-09-26 04:00:00,2.52,1.3,0.0,0.8,96.2,10.33,10.39,10.48,0.05,
54,2025-09-26 05:00:00,2.68,1.17,0.0,0.0,95.45,10.55,10.68,10.76,0.06,
54,2025-09-26 06:00:00,2.68,1.11,0.0,0.9,94.45,10.76,10.79,10.81,0.08,
54,2025-09-26 07:00:00,2.98,1.07,2.04,1.1,96.05,10.72,10.74,10.75,0.05,
54,2025-09-26 08:00:00,2.52,0.43,19.48,2.8,96.35,10.8,10.9,10.98,0.05,
54,2025-09-26 09:00:00,1.32,0.25,112.4,0.1,95.0,11.09,11.34,11.59,0.07,
54,2025-09-26 10:00:00,2.68,0.35,261.7,0.0,90.58,12.08,12.62,13.19,0.14,
54,2025-09-26 11:00:00,3.2,1.6,349.9,0.0,74.87,13.09,13.47,13.9,0.39,
54,2025-09-26 12:00:00,3.2,1.31,279.5,0.0,67.13,13.81,13.88,13.92,0.52,
54,2025-09-26 13:00:00,2.15,0.6,433.3,0.0,62.07,13.77,14.15,14.72,0.62,
54,2025-09-26 14:00:00,3.5,1.52,471.3,0.0,62.38,14.64,14.99,15.62,0.64,
54,2025-09-26 15:00:00,6.2,2.93,472.9,0.0,71.77,14.0,14.41,14.99,0.46,
54,2025-09-26 16:00:00,6.65,3.81,395.1,0.0,62.33,12.9,13.25,13.84,0.58,
54,2025-09-26 17:00:00,6.72,3.2,72.3,2.0,76.5,10.89,11.39,12.27,0.32,
54,2025-09-26 18:00:00,4.55,2.44,90.5,1.8,83.06,10.31,10.56,10.86,0.22,
54,2025-09-26 19:00:00,4.78,1.68,24.11,0.1,82.88,10.53,10.69,10.77,0.22,
54,2025-09-26 20:00:00,2.3,0.66,0.15,0.0,77.2,9.99,10.25,10.45,0.29,
54,2025-09-26 21:00:00,1.92,0.6,0.0,0.0,85.9,9.03,9.23,9.78,0.17,
54,2025-09-26 22:00:00,1.85,0.51,0.0,0.0,89.18,8.61,8.72,8.81,0.12,
54,2025-09-26 23:00:00,1.55,0.68,0.0,0.0,91.2,7.9,8.19,8.38,0.1,
54,2025-09-27 00:00:00,1.18,0.11,0.0,0.0,94.33,6.91,7.23,7.67,0.06,
54,2025-09-27 01:00:00,0.88,0.13,0.0,0.0,96.03,5.86,6.15,6.34,0.04,
54,2025-09-27 02:00:00,0.0,0.0,0.0,0.0,96.4,5.01,5.35,5.92,0.03,
54,2025-09-27 03:00:00,0.8,0.04,0.0,0.0,97.0,4.53,4.86,5.08,0.03,
54,2025-09-27 04:00:00,1.48,0.34,0.0,0.0,97.2,3.88,4.06,4.25,0.02,
54,2025-09-27 05:00:00,0.88,0.04,0.0,0.0,97.58,3.6,3.71,3.81,0.02,
54,2025-09-27 06:00:00,1.18,0.18,0.0,0.1,97.68,3.09,3.3,3.48,0.02,
54,2025-09-27 07:00:00,1.55,0.59,36.95,0.0,97.8,2.7,2.87,3.15,0.02,
54,2025-09-27 08:00:00,1.92,0.86,135.9,0.0,98.13,3.18,4.0,4.93,0.02,
54,2025-09-27 09:00:00,2.38,1.27,376.6,0.0,97.88,5.34,6.31,7.21,0.02,
54,2025-09-27 10:00:00,3.12,1.8,636.0,0.0,82.58,8.02,9.52,10.69,0.21,
54,2025-09-27 11:00:00,3.05,1.32,752.7,0.0,74.43,11.54,12.74,13.89,0.38,
54,2025-09-27 12:00:00,3.88,2.05,825.0,0.0,61.01,14.5,15.25,15.91,0.68,
54,2025-09-27 13:00:00,4.78,2.23,839.0,0.0,51.43,16.45,16.82,17.2,0.93,
54,2025-09-27 14:00:00,4.78,2.84,830.0,0.0,48.98,17.49,18.02,18.34,1.06,
54,2025-09-27 15:00:00,5.38,2.97,763.2,0.0,42.03,18.55,18.95,19.27,1.27,
54,2025-09-27 16:00:00,4.7,2.82,645.8,0.0,36.98,19.39,19.47,19.55,1.43,
54,2025-09-27 17:00:00,4.03,2.31,480.5,0.0,36.0,19.72,19.77,19.85,1.47,
54,2025-09-27 18:00:00,3.72,2.12,285.6,0.0,39.18,19.17,19.47,19.69,1.38,
54,2025-09-27 19:00:00,2.98,1.58,96.5,0.0,48.98,15.9,17.44,18.74,1.02,
54,2025-09-27 20:00:00,1.02,0.1,0.19,0.0,61.9,13.51,14.26,15.14,0.62,
54,2025-09-27 21:00:00,0.72,0.01,0.0,0.0,76.81,10.75,11.4,12.33,0.31,
54,2025-09-27 22:00:00,1.25,0.17,0.0,0.0,80.01,10.06,10.16,10.29,0.25,
54,2025-09-27 23:00:00,1.48,0.3,0.0,0.0,82.52,9.89,10.55,11.18,0.22,
54,2025-09-28 00:00:00,0.88,0.05,0.0,0.0,86.98,9.45,9.67,9.84,0.16,
54,2025-09-28 01:00:00,1.62,0.75,0.0,0.0,87.9,9.38,9.53,9.61,0.15,
54,2025-09-28 02:00:00,2.08,0.53,0.0,0.0,87.55,8.8,9.12,9.35,0.15,
54,2025-09-28 03:00:00,2.15,0.48,0.0,0.0,87.18,7.94,8.22,8.63,0.14,
54,2025-09-28 04:00:00,2.45,1.5,0.0,0.0,82.73,8.29,8.34,8.39,0.19,
54,2025-09-28 05:00:00,2.82,1.78,0.0,0.0,83.65,7.81,8.06,8.29,0.18,
54,2025-09-28 06:00:00,4.03,1.25,0.01,0.0,85.33,7.51,7.7,7.9,0.15,
54,2025-09-28 07:00:00,1.7,0.46,36.56,0.0,88.2,7.14,7.3,7.44,0.12,
54,2025-09-28 08:00:00,2.08,0.63,174.7,0.0,83.64,7.49,8.77,10.02,0.19,
54,2025-09-28 09:00:00,3.28,1.83,308.0,0.0,73.46,10.71,11.13,11.6,0.35,
54,2025-09-28 10:00:00,4.32,2.51,596.7,0.0,70.37,11.77,12.56,13.59,0.43,
54,2025-09-28 11:00:00,3.65,2.05,651.3,0.0,61.93,13.88,14.6,15.51,0.64,
54,2025-09-28 12:00:00,4.92,1.71,779.2,0.0,59.37,15.97,16.57,17.13,0.77,
54,2025-09-28 13:00:00,4.4,2.38,689.2,0.0,58.65,17.51,17.66,17.82,0.84,
54,2025-09-28 14:00:00,3.72,2.28,354.9,0.0,58.55,17.57,17.62,17.67,0.84,
54,2025-09-28 15:00:00,4.1,2.26,380.9,0.0,61.6,17.57,17.86,18.14,0.79,
54,2025-09-28 16:00:00,3.58,1.91,319.8,0.0,60.93,18.18,18.23,18.28,0.82,
54,2025-09-28 17:00:00,3.42,2.09,159.8,0.0,65.33,17.19,17.61,17.98,0.7,
54,2025-09-28 18:00:00,3.5,2.0,82.5,0.0,72.57,16.21,16.52,16.85,0.52,
54,2025-09-28 19:00:00,3.35,1.85,27.8,0.0,78.02,15.18,15.68,16.08,0.39,
54,2025-09-28 20:00:00,4.25,2.41,0.07,0.0,83.38,14.01,14.35,14.81,0.27,
54,2025-09-28 21:00:00,4.03,1.88,0.0,0.0,86.05,13.18,13.51,13.84,0.22,
54,2025-09-28 22:00:00,3.65,1.59,0.0,0.0,87.73,12.56,12.8,13.04,0.18,
54,2025-09-28 23:00:00,3.95,1.96,0.0,0.0,89.08,12.23,12.32,12.4,0.16,
54,2025-09-29 00:00:00,4.62,1.92,0.0,0.0,87.0,12.11,12.13,12.14,0.18,
54,2025-09-29 01:00:00,2.82,1.28,0.0,0.0,87.05,12.14,12.16,12.2,0.18,
54,2025-09-29 02:00:00,3.12,1.59,0.0,0.0,86.35,12.01,12.07,12.15,0.19,
54,2025-09-29 03:00:00,3.12,1.69,0.0,0.0,84.57,11.81,11.92,12.0,0.22,
54,2025-09-29 04:00:00,2.38,1.2,0.0,0.0,86.55,11.76,11.79,11.83,0.19,
54,2025-09-29 05:00:00,3.95,1.77,0.0,0.0,83.9,11.68,11.72,11.76,0.22,
54,2025-09-29 06:00:00,5.0,2.77,0.0,0.0,79.23,11.36,11.5,11.63,0.28,
54,2025-09-29 07:00:00,5.38,2.69,9.11,0.0,77.57,10.35,10.67,11.09,0.29,
54,2025-09-29 08:00:00,5.75,3.06,137.7,0.0,77.01,9.76,9.95,10.17,0.28,
54,2025-09-29 09:00:00,5.38,2.98,242.8,0.0,75.44,9.8,10.11,10.57,0.31,
54,2025-09-29 10:00:00,4.7,2.53,645.1,0.0,64.81,11.45,12.38,13.33,0.51,
54,2025-09-29 11:00:00,5.9,3.41,773.6,0.0,56.48,13.83,14.44,15.13,0.72,
54,2025-09-29 12:00:00,5.6,3.54,836.0,0.0,50.54,15.37,15.73,15.94,0.88,
54,2025-09-29 13:00:00,5.45,2.99,850.0,0.0,51.8,16.24,16.45,16.7,0.9,
54,2025-09-29 14:00:00,5.22,2.95,840.0,0.0,51.79,16.75,17.11,17.25,0.94,
54,2025-09-29 15:00:00,5.75,2.73,772.2,0.0,46.86,17.48,17.76,18.19,1.08,
54,2025-09-29 16:00:00,5.82,2.73,655.6,0.0,43.39,18.35,18.39,18.49,1.2,
54,2025-09-29 17:00:00,5.6,3.44,489.6,0.0,38.69,18.21,18.34,18.54,1.3,
54,2025-09-29 18:00:00,5.52,3.41,295.2,0.0,37.08,17.22,17.75,18.15,1.28,
54,2025-09-29 19:00:00,4.92,2.55,98.4,0.0,44.32,14.76,15.85,16.81,1.01,
54,2025-09-29 20:00:00,4.03,2.45,0.74,0.0,52.51,13.27,13.86,14.5,0.75,
54,2025-09-29 21:00:00,4.55,2.49,0.0,0.0,67.92,11.55,12.01,12.86,0.45,
54,2025-09-29 22:00:00,4.03,1.94,0.0,0.0,76.2,10.29,10.63,11.11,0.31,
54,2025-09-29 23:00:00,3.65,2.26,0.0,0.0,78.55,9.42,9.7,10.03,0.26,
54,2025-09-30 00:00:00,4.25,2.28,0.0,0.0,77.02,9.25,9.36,9.54,0.27,
54,2025-09-30 01:00:00,4.92,2.8,0.0,0.0,75.22,8.8,9.2,9.65,0.29,
54,2025-09-30 02:00:00,3.28,1.37,0.0,0.0,77.09,7.94,8.15,8.44,0.25,
54,2025-09-30 03:00:00,3.35,1.78,0.0,0.0,78.54,7.54,7.68,7.81,0.23,
54,2025-09-30 04:00:00,4.25,1.92,0.0,0.0,78.64,7.26,7.54,7.76,0.22,
54,2025-09-30 05:00:00,3.35,1.43,0.0,0.0,81.73,6.6,6.87,7.05,0.18,
54,2025-09-30 06:00:00,3.42,1.61,0.01,0.0,83.18,6.27,6.38,6.47,0.16,
54,2025-09-30 07:00:00,3.28,1.62,73.38,0.0,79.2,6.48,6.7,7.18,0.2,
54,2025-09-30 08:00:00,4.7,2.06,271.7,0.0,70.39,7.64,8.61,9.62,0.33,
54,2025-09-30 09:00:00,7.62,4.5,479.8,0.0,63.02,9.99,10.83,11.66,0.48,
54,2025-09-30 10:00:00,7.92,4.41,654.4,0.0,54.71,12.12,12.9,13.6,0.68,
54,2025-09-30 11:00:00,8.75,4.83,780.1,0.0,50.31,14.22,14.96,15.77,0.85,
54,2025-09-30 12:00:00,9.28,5.45,849.0,0.0,46.49,16.18,16.9,17.56,1.03,
54,2025-09-30 13:00:00,8.15,5.6,863.0,0.0,41.81,17.93,18.53,19.11,1.24,
54,2025-09-30 14:00:00,9.12,5.83,852.0,0.0,40.11,19.45,19.88,20.39,1.39,
54,2025-09-30 15:00:00,9.95,6.34,780.6,0.0,38.33,20.59,20.82,21.07,1.52,
54,2025-09-30 16:00:00,10.1,6.33,660.5,0.0,39.15,21.07,21.19,21.32,1.53,
54,2025-09-30 17:00:00,9.65,5.67,494.6,0.0,38.27,20.79,21.07,21.26,1.55,
54,2025-09-30 18:00:00,9.2,5.51,296.9,0.0,40.5,19.84,20.33,20.7,1.42,
54,2025-09-30 19:00:00,8.68,4.97,103.0,0.0,43.46,17.87,18.7,19.44,1.22,
54,2025-09-30 20:00:00,7.1,4.24,0.75,0.0,49.9,16.16,16.82,17.42,0.96,
54,2025-09-30 21:00:00,8.37,4.32,0.0,0.0,55.31,15.2,15.53,15.81,0.79,
54,2025-09-30 22:00:00,7.7,4.08,0.0,0.0,59.6,13.92,14.39,14.96,0.66,
54,2025-09-30 23:00:00,5.98,3.18,0.0,0.0,62.87,12.89,13.31,13.71,0.57,
54,2025-10-01 00:00:00,5.15,2.68,0.0,0.0,66.18,12.22,12.42,12.59,0.49,
54,2025-10-01 01:00:00,5.38,2.34,0.0,0.0,70.27,11.27,11.65,12.0,0.41,
54,2025-10-01 02:00:00,4.62,2.12,0.0,0.0,75.07,10.47,10.6,10.94,0.32,
54,2025-10-01 03:00:00,4.92,2.7,0.0,0.0,79.19,9.73,10.11,10.37,0.26,
54,2025-10-01 04:00:00,4.03,2.21,0.0,0.0,84.18,8.8,9.11,9.45,0.19,
54,2025-10-01 05:00:00,4.7,2.23,0.0,0.0,87.08,7.94,8.26,8.61,0.14,
54,2025-10-01 06:00:00,3.88,2.01,0.02,0.0,87.4,7.79,7.99,8.2,0.14,
54,2025-10-01 07:00:00,3.8,1.48,20.51,0.0,87.75,7.62,7.89,8.26,0.13,
54,2025-10-01 08:00:00,5.3,2.46,81.1,0.0,86.83,8.33,8.37,8.44,0.15,
54,2025-10-01 09:00:00,5.45,3.35,318.1,0.0,84.03,8.55,8.99,9.48,0.18,
54,2025-10-01 10:00:00,5.08,2.92,622.8,0.0,77.21,9.84,10.71,11.51,0.3,
54,2025-10-01 11:00:00,3.8,2.07,792.1,0.0,65.89,12.34,13.26,14.21,0.52,
54,2025-10-01 12:00:00,4.32,1.94,858.0,0.0,60.36,14.82,15.55,16.39,0.7,
54,2025-10-01 13:00:00,5.45,2.54,876.0,0.0,53.02,17.05,17.75,18.61,0.96,
54,2025-10-01 14:00:00,6.28,3.28,859.0,0.0,47.67,19.12,20.05,20.88,1.23,
54,2025-10-01 15:00:00,5.45,3.43,780.9,0.0,41.3,21.34,21.99,22.41,1.55,
54,2025-10-01 16:00:00,6.2,3.61,667.0,0.0,36.47,22.58,22.69,22.81,1.75,
54,2025-10-01 17:00:00,5.52,3.46,498.3,0.0,37.54,22.85,22.91,22.96,1.75,
54,2025-10-01 18:00:00,5.98,2.79,300.7,0.0,37.89,22.22,22.52,22.74,1.7,
54,2025-10-01 19:00:00,3.5,1.21,107.8,0.0,42.81,19.03,20.61,21.95,1.4,
54,2025-10-01 20:00:00,1.62,0.68,0.84,0.0,50.49,16.46,17.2,18.27,0.97,
54,2025-10-01 21:00:00,2.3,1.42,0.0,0.0,49.67,16.24,16.61,16.8,0.95,
54,2025-10-01 22:00:00,2.45,0.95,0.0,0.0,56.06,14.68,15.07,15.72,0.75,
54,2025-10-01 23:00:00,3.5,1.82,0.0,0.0,56.96,14.67,14.77,14.96,0.73,
54,2025-10-02 00:00:00,3.05,1.28,0.0,0.0,64.99,12.91,13.43,14.0,0.54,
54,2025-10-02 01:00:00,2.38,1.38,0.0,0.0,69.25,12.42,12.93,13.12,0.46,
54,2025-10-02 02:00:00,1.92,0.82,0.0,0.0,76.66,10.82,11.31,11.84,0.32,
54,2025-10-02 03:00:00,3.12,0.76,0.0,0.0,81.39,9.6,10.35,11.3,0.23,
54,2025-10-02 04:00:00,2.38,1.24,0.0,0.0,86.88,9.24,9.47,9.91,0.16,
54,2025-10-02 05:00:00,4.1,1.84,0.0,0.0,91.0,8.64,8.82,9.08,0.1,
54,2025-10-02 06:00:00,4.7,2.52,0.06,0.0,91.43,8.36,8.55,8.81,0.09,
54,2025-10-02 07:00:00,4.03,2.43,72.97,0.0,90.63,8.02,8.15,8.28,0.1,
54,2025-10-02 08:00:00,5.15,3.05,278.5,0.0,86.2,8.32,8.75,9.17,0.16,
54,2025-10-02 09:00:00,5.22,3.21,493.0,0.0,81.18,9.59,10.23,10.9,0.24,
54,2025-10-02 10:00:00,4.7,2.48,672.7,0.0,74.21,11.5,12.61,13.54,0.38,
54,2025-10-02 11:00:00,4.25,2.47,784.8,0.0,67.01,14.25,15.22,16.33,0.58,
54,2025-10-02 12:00:00,4.55,2.48,838.0,0.0,56.27,16.89,17.86,18.73,0.9,
54,2025-10-02 13:00:00,5.08,2.82,886.0,0.0,48.74,19.37,20.1,20.84,1.21,
54,2025-10-02 14:00:00,5.15,2.86,869.0,0.0,40.93,21.35,22.09,22.63,1.58,
54,2025-10-02 15:00:00,5.22,2.81,801.0,0.0,32.63,22.93,23.25,23.52,1.92,
54,2025-10-02 16:00:00,4.25,2.13,678.7,0.0,29.23,23.7,24.13,24.52,2.13,
54,2025-10-02 17:00:00,3.58,1.9,509.6,0.0,32.47,24.28,24.36,24.44,2.06,
54,2025-10-02 18:00:00,2.75,1.53,316.7,0.0,36.05,23.68,24.0,24.26,1.91,
54,2025-10-02 19:00:00,1.78,0.5,106.4,0.0,47.45,19.92,21.85,23.34,1.39,
54,2025-10-02 20:00:00,0.8,0.05,0.48,0.0,62.23,16.03,17.38,18.76,0.76,
54,2025-10-02 21:00:00,1.02,0.04,0.0,0.0,73.21,13.62,14.35,14.86,0.44,
54,2025-10-02 22:00:00,1.4,0.2,0.0,0.0,79.62,11.53,12.2,12.45,0.29,
54,2025-10-02 23:00:00,0.0,0.0,0.0,0.0,81.99,11.03,11.78,12.38,0.25,
54,2025-10-03 00:00:00,0.95,0.19,0.0,0.0,86.75,9.49,9.99,10.37,0.17,
54,2025-10-03 01:00:00,1.18,0.24,0.0,0.0,89.23,8.77,9.07,9.45,0.13,
54,2025-10-03 02:00:00,1.25,0.44,0.0,0.0,92.15,7.59,7.92,8.34,0.08,
54,2025-10-03 03:00:00,1.4,0.38,0.0,0.0,80.08,7.72,7.92,8.34,0.21,
54,2025-10-03 04:00:00,1.48,0.37,0.0,0.0,83.45,6.48,7.03,7.3,0.17,
54,2025-10-03 05:00:00,2.08,0.66,0.0,0.0,78.59,6.0,6.72,7.19,0.21,
54,2025-10-03 06:00:00,4.1,1.41,0.02,0.0,86.75,6.21,6.44,6.62,0.13,
54,2025-10-03 07:00:00,1.55,0.23,109.0,0.0,89.73,5.33,5.63,5.86,0.1,
54,2025-10-03 08:00:00,3.5,0.89,294.3,0.0,80.76,7.32,8.31,8.84,0.21,
54,2025-10-03 09:00:00,3.28,2.0,497.5,0.0,87.45,8.51,8.76,9.33,0.14,
54,2025-10-03 10:00:00,3.42,1.68,628.9,0.0,78.45,9.62,10.76,11.88,0.28,
54,2025-10-03 11:00:00,4.1,2.17,764.7,0.0,70.42,12.48,13.34,14.32,0.46,
54,2025-10-03 12:00:00,3.58,1.61,843.0,0.0,57.44,15.11,15.71,16.51,0.76,
54,2025-10-03 13:00:00,3.5,1.61,836.0,0.0,53.29,17.1,17.95,18.82,0.97,
54,2025-10-03 14:00:00,3.2,1.06,830.0,0.0,54.41,19.08,19.74,20.46,1.05,
54,2025-10-03 15:00:00,4.47,1.95,759.1,0.0,49.68,20.64,21.03,21.29,1.26,
54,2025-10-03 16:00:00,4.55,2.1,631.1,0.0,47.35,21.4,21.48,21.55,1.35,
54,2025-10-03 17:00:00,6.42,3.64,483.0,0.0,48.25,19.48,20.44,21.2,1.25,
54,2025-10-03 18:00:00,6.65,3.88,293.1,0.0,55.69,16.44,17.43,18.44,0.89,
54,2025-10-03 19:00:00,6.05,3.99,120.7,0.0,60.08,13.17,14.73,16.07,0.68,
54,2025-10-03 20:00:00,5.75,3.17,0.92,0.0,68.44,10.81,11.56,12.35,0.43,
54,2025-10-03 21:00:00,4.55,2.73,0.0,0.0,69.0,10.52,10.69,10.96,0.4,
54,2025-10-03 22:00:00,4.1,1.98,0.0,0.0,67.7,10.41,10.76,11.02,0.42,
54,2025-10-03 23:00:00,3.5,2.06,0.0,0.0,66.62,11.02,11.14,11.24,0.44,
54,2025-10-04 00:00:00,5.3,2.62,0.0,0.0,61.93,11.18,11.36,11.5,0.51,
54,2025-10-04 01:00:00,4.92,2.37,0.0,0.0,63.4,11.11,11.35,11.54,0.49,
54,2025-10-04 02:00:00,2.98,1.51,0.0,0.0,71.29,10.45,10.65,10.92,0.37,
54,2025-10-04 03:00:00,3.35,1.92,0.0,0.0,76.8,10.2,10.36,10.5,0.29,
54,2025-10-04 04:00:00,4.25,2.08,0.0,0.0,80.74,10.0,10.23,10.44,0.24,
54,2025-10-04 05:00:00,3.65,1.66,0.0,0.0,83.0,9.96,10.16,10.26,0.21,
54,2025-10-04 06:00:00,3.95,1.44,0.0,0.0,77.63,10.41,10.86,11.18,0.3,
54,2025-10-04 07:00:00,3.95,1.5,3.87,1.6,86.23,10.1,10.42,10.78,0.18,
54,2025-10-04 08:00:00,4.62,1.86,32.21,1.9,91.1,9.89,9.98,10.09,0.11,
54,2025-10-04 09:00:00,4.92,2.34,58.66,0.8,89.95,10.14,10.24,10.42,0.13,
54,2025-10-04 10:00:00,5.0,2.12,82.6,0.3,88.35,10.5,10.69,10.8,0.15,
54,2025-10-04 11:00:00,5.22,2.74,235.4,0.0,87.95,10.89,11.29,11.54,0.16,
54,2025-10-04 12:00:00,6.2,2.84,330.3,0.0,83.74,11.34,11.86,12.58,0.23,
54,2025-10-04 13:00:00,7.7,4.07,453.2,0.0,80.01,13.02,13.15,13.31,0.3,
54,2025-10-04 14:00:00,7.55,4.46,299.0,0.4,82.94,12.4,12.79,13.06,0.25,
54,2025-10-04 15:00:00,5.3,3.02,195.6,2.1,91.05,12.21,12.24,12.29,0.13,
54,2025-10-04 16:00:00,5.0,2.98,200.0,1.5,88.53,11.64,12.11,12.37,0.16,
54,2025-10-04 17:00:00,4.7,1.5,257.5,1.2,86.5,11.05,11.36,11.82,0.18,
54,2025-10-04 18:00:00,2.45,0.87,128.5,0.0,83.98,12.19,12.26,12.35,0.23,
54,2025-10-04 19:00:00,2.22,0.7,114.4,0.0,83.65,11.96,12.19,12.36,0.23,
54,2025-10-04 20:00:00,1.85,0.47,1.22,0.0,90.23,10.58,10.87,11.47,0.13,
54,2025-10-04 21:00:00,1.32,0.25,0.0,0.0,93.28,10.03,10.29,10.63,0.09,
54,2025-10-04 22:00:00,2.38,0.41,0.0,0.0,94.9,9.73,9.8,9.91,0.06,
54,2025-10-04 23:00:00,1.85,0.61,0.0,0.0,95.25,9.6,9.63,9.69,0.06,
54,2025-10-05 00:00:00,1.25,0.22,0.0,0.0,95.93,9.54,9.58,9.63,0.05,
54,2025-10-05 01:00:00,3.88,1.28,0.0,0.5,93.7,8.1,8.99,9.53,0.07,
54,2025-10-05 02:00:00,2.15,0.24,0.0,1.3,94.05,7.97,8.04,8.13,0.07,
54,2025-10-05 03:00:00,2.45,0.81,0.0,0.0,90.0,8.13,8.27,8.4,0.11,
54,2025-10-05 04:00:00,1.48,0.05,0.0,0.0,93.18,7.32,7.55,7.83,0.07,
54,2025-10-05 05:00:00,2.75,0.98,0.0,0.0,93.45,7.36,7.67,7.83,0.07,
54,2025-10-05 06:00:00,1.25,0.19,0.06,0.0,95.5,6.44,6.83,7.3,0.05,
54,2025-10-05 07:00:00,1.62,0.67,63.77,0.1,96.1,6.8,7.09,7.34,0.04,
54,2025-10-05 08:00:00,2.38,1.09,130.5,0.5,93.25,7.75,8.16,8.41,0.07,
54,2025-10-05 09:00:00,3.28,1.4,529.5,0.1,89.73,8.08,9.1,10.68,0.13,
54,2025-10-05 10:00:00,3.72,2.12,689.0,0.0,77.76,10.64,11.31,11.9,0.3,
54,2025-10-05 11:00:00,3.8,2.08,848.0,0.0,64.65,12.16,12.84,13.28,0.53,
54,2025-10-05 12:00:00,3.95,1.81,892.0,0.0,59.34,13.58,13.86,14.07,0.65,
54,2025-10-05 13:00:00,5.82,2.41,431.1,2.1,68.94,10.09,11.51,13.39,0.43,
54,2025-10-05 14:00:00,4.62,1.8,934.0,0.0,60.49,12.01,13.79,15.09,0.63,
54,2025-10-05 15:00:00,4.85,1.43,294.8,0.1,64.07,12.67,13.43,14.84,0.56,
54,2025-10-05 16:00:00,3.35,1.61,301.5,0.4,72.06,11.86,12.11,12.53,0.4,
54,2025-10-05 17:00:00,2.75,0.96,364.1,0.0,62.56,13.19,13.61,13.96,0.59,
54,2025-10-05 18:00:00,2.75,1.1,293.6,0.0,64.53,13.2,13.82,14.33,0.56,
54,2025-10-05 19:00:00,1.02,0.11,56.0,0.0,75.85,11.9,12.58,13.14,0.35,
54,2025-10-05 20:00:00,1.25,0.14,1.07,0.0,86.88,9.77,10.69,11.59,0.17,
54,2025-10-05 21:00:00,2.82,0.69,0.0,0.0,89.73,8.8,9.11,9.43,0.12,
54,2025-10-05 22:00:00,2.3,1.2,0.0,0.0,83.4,8.69,8.89,9.02,0.19,
54,2025-10-05 23:00:00,2.98,1.6,0.0,0.0,85.5,7.68,8.11,8.48,0.16,
54,2025-10-06 00:00:00,2.9,1.64,0.0,0.0,88.4,7.02,7.3,7.61,0.12,
54,2025-10-06 01:00:00,3.2,1.64,0.0,0.0,90.63,6.36,6.62,6.84,0.09,
54,2025-10-06 02:00:00,1.92,0.15,0.0,0.0,93.75,5.45,5.77,6.22,0.06,
54,2025-10-06 03:00:00,3.05,1.09,0.0,0.0,95.03,5.31,5.46,5.57,0.05,
54,2025-10-06 04:00:00,5.38,2.32,0.0,0.0,94.98,5.33,5.47,5.7,0.05,
54,2025-10-06 05:00:00,5.22,2.9,0.0,0.0,94.8,5.39,5.44,5.52,0.05,
54,2025-10-06 06:00:00,3.65,1.76,0.09,0.0,94.6,5.56,5.7,5.77,0.05,
54,2025-10-06 07:00:00,4.92,2.29,32.75,0.0,92.75,5.54,5.74,5.86,0.07,
54,2025-10-06 08:00:00,3.65,1.77,305.3,0.0,88.03,5.4,6.08,7.0,0.11,
54,2025-10-06 09:00:00,6.5,3.15,506.4,0.0,76.87,7.7,8.71,9.53,0.26,
54,2025-10-06 10:00:00,6.5,3.95,679.6,0.0,67.32,10.13,10.85,11.51,0.43,
54,2025-10-06 11:00:00,6.72,4.25,807.0,0.0,61.64,12.08,12.85,13.72,0.57,
54,2025-10-06 12:00:00,7.62,4.56,878.0,0.0,55.87,13.86,14.28,14.62,0.72,
54,2025-10-06 13:00:00,7.55,4.48,890.0,0.0,52.42,14.83,15.38,16.06,0.84,
54,2025-10-06 14:00:00,7.78,4.64,877.0,0.0,44.57,16.59,17.06,17.64,1.08,
54,2025-10-06 15:00:00,8.97,4.98,807.0,0.0,48.36,17.57,17.88,18.29,1.06,
54,2025-10-06 16:00:00,7.78,5.02,683.7,0.0,46.28,18.43,18.7,19.1,1.16,
54,2025-10-06 17:00:00,7.62,4.73,514.8,0.0,43.91,19.21,19.24,19.27,1.25,
54,2025-10-06 18:00:00,7.85,4.74,316.9,0.0,45.44,18.21,18.69,19.14,1.18,
54,2025-10-06 19:00:00,6.2,3.77,116.4,0.0,53.13,16.12,17.02,17.81,0.91,
54,2025-10-06 20:00:00,6.28,3.76,1.78,0.0,61.03,14.46,14.82,15.14,0.66,
54,2025-10-06 21:00:00,8.37,4.41,0.0,0.0,64.2,13.51,13.93,14.41,0.57,
54,2025-10-06 22:00:00,6.5,3.51,0.0,0.0,71.86,11.69,12.36,13.08,0.41,
54,2025-10-06 23:00:00,3.88,2.3,0.0,0.0,75.32,10.85,11.15,11.45,0.33,
54,2025-10-07 00:00:00,3.42,1.07,0.0,0.0,78.14,9.91,10.31,10.74,0.28,
54,2025-10-07 01:00:00,2.98,0.59,0.0,0.0,79.71,9.46,9.74,10.11,0.25,
54,2025-10-07 02:00:00,5.82,3.04,0.0,0.0,80.1,9.44,9.67,9.92,0.24,
54,2025-10-07 03:00:00,3.35,1.52,0.0,0.0,81.38,9.1,9.15,9.24,0.21,
54,2025-10-07 04:00:00,3.72,0.99,0.0,0.0,83.83,8.45,8.64,8.86,0.18,
54,2025-10-07 05:00:00,2.9,0.49,0.0,0.0,88.83,7.52,7.79,8.03,0.12,
54,2025-10-07 06:00:00,2.9,0.55,0.14,0.0,90.8,7.37,7.57,7.82,0.1,
54,2025-10-07 07:00:00,5.0,1.76,138.1,0.0,88.25,7.22,7.95,8.68,0.13,
54,2025-10-07 08:00:00,7.02,2.82,330.4,0.0,80.65,9.26,9.83,10.64,0.24,
54,2025-10-07 09:00:00,6.05,2.94,305.7,0.0,73.8,10.51,11.08,11.31,0.35,
54,2025-10-07 10:00:00,8.22,3.55,769.6,0.0,68.13,11.49,12.58,13.84,0.47,
54,2025-10-07 11:00:00,7.62,4.7,795.2,0.0,61.96,14.62,14.81,15.08,0.64,
54,2025-10-07 12:00:00,8.08,4.6,897.0,0.0,57.21,15.7,16.89,17.78,0.83,
54,2025-10-07 13:00:00,7.62,4.78,884.0,0.0,52.98,18.15,18.78,19.47,1.02,
54,2025-10-07 14:00:00,8.3,4.84,865.0,0.0,51.63,20.06,20.26,20.46,1.15,
54,2025-10-07 15:00:00,7.85,4.5,796.7,0.0,49.89,20.65,21.15,21.63,1.26,
54,2025-10-07 16:00:00,7.55,4.76,671.3,0.0,49.71,21.44,21.49,21.58,1.29,
54,2025-10-07 17:00:00,7.7,4.54,507.3,0.0,49.67,21.39,21.45,21.51,1.29,
54,2025-10-07 18:00:00,6.88,3.99,310.1,0.0,51.27,20.78,21.06,21.36,1.22,
54,2025-10-07 19:00:00,5.0,2.66,115.5,0.0,56.24,18.88,19.79,20.59,1.01,
54,2025-10-07 20:00:00,4.03,2.27,2.0,0.0,64.24,16.78,17.45,18.14,0.72,
54,2025-10-07 21:00:00,5.82,2.73,0.0,0.0,66.56,16.04,16.3,16.56,0.62,
54,2025-10-07 22:00:00,4.4,2.78,0.0,0.0,69.8,14.95,15.32,15.66,0.53,
54,2025-10-07 23:00:00,5.15,2.94,0.0,0.0,71.08,14.45,14.62,14.78,0.48,
54,2025-10-08 00:00:00,5.75,2.91,0.0,0.0,74.44,13.61,13.86,14.13,0.41,
54,2025-10-08 01:00:00,4.85,2.48,0.0,0.0,79.87,12.74,13.11,13.4,0.3,
54,2025-10-08 02:00:00,4.78,2.63,0.0,0.0,83.18,12.26,12.53,12.8,0.25,
54,2025-10-08 03:00:00,4.78,2.61,0.0,0.0,85.25,11.32,11.75,12.09,0.21,
54,2025-10-08 04:00:00,4.32,2.69,0.0,0.0,86.53,10.97,11.12,11.25,0.18,
54,2025-10-08 05:00:00,4.7,2.64,0.0,0.0,88.3,10.2,10.48,10.75,0.15,
54,2025-10-08 06:00:00,5.22,2.55,0.0,0.0,88.9,10.17,10.23,10.28,0.14,
54,2025-10-08 07:00:00,4.92,2.83,14.97,0.0,92.0,10.19,10.22,10.26,0.1,
54,2025-10-08 08:00:00,5.15,2.91,67.54,0.0,91.8,10.14,10.25,10.46,0.1,
54,2025-10-08 09:00:00,4.85,2.85,157.8,0.0,88.95,10.55,10.78,11.02,0.15,
54,2025-10-08 10:00:00,4.47,2.48,306.4,0.0,84.3,11.31,11.74,12.43,0.22,
54,2025-10-08 11:00:00,4.47,2.51,831.0,0.0,74.14,12.76,14.14,15.24,0.42,
54,2025-10-08 12:00:00,5.08,2.52,874.0,0.0,63.6,15.83,16.81,17.91,0.7,
54,2025-10-08 13:00:00,5.0,2.92,883.0,0.0,57.0,18.58,19.54,20.6,0.98,
54,2025-10-08 14:00:00,6.28,3.25,871.0,0.0,50.6,21.23,22.16,22.93,1.33,
54,2025-10-08 15:00:00,6.05,3.72,802.0,0.0,43.2,23.12,23.57,23.95,1.65,
54,2025-10-08 16:00:00,6.28,3.35,676.6,0.0,43.06,23.95,24.31,24.77,1.73,
54,2025-10-08 17:00:00,5.9,3.12,507.6,0.0,39.3,24.88,25.09,25.22,1.94,
54,2025-10-08 18:00:00,4.92,2.88,314.8,0.0,35.79,24.85,25.0,25.11,2.04,
54,2025-10-08 19:00:00,3.8,2.17,120.1,0.0,36.22,21.94,23.13,24.19,1.81,
54,2025-10-08 20:00:00,3.05,1.5,1.41,0.0,41.36,19.39,20.18,21.22,1.39,
54,2025-10-08 21:00:00,2.0,0.46,0.0,0.0,48.89,16.18,17.78,18.98,1.05,
54,2025-10-08 22:00:00,1.4,0.72,0.0,0.0,57.97,15.72,16.24,16.64,0.78,
54,2025-10-08 23:00:00,1.62,0.17,0.0,0.0,64.59,15.12,15.49,16.19,0.63,
54,2025-10-09 00:00:00,1.92,0.22,0.0,0.0,64.46,14.59,15.32,15.88,0.62,
54,2025-10-09 01:00:00,1.1,0.13,0.0,0.0,72.01,12.64,13.61,14.84,0.44,
54,2025-10-09 02:00:00,1.7,0.48,0.0,0.0,69.92,12.9,13.05,13.27,0.45,
54,2025-10-09 03:00:00,1.55,0.78,0.0,0.0,75.66,11.83,12.22,12.77,0.35,
54,2025-10-09 04:00:00,2.82,0.92,0.0,0.0,84.05,10.92,11.35,11.78,0.22,
54,2025-10-09 05:00:00,3.95,1.84,0.0,0.0,87.5,11.06,11.45,11.6,0.17,
54,2025-10-09 06:00:00,4.47,2.9,0.16,0.0,90.38,10.56,10.82,11.06,0.13,
54,2025-10-09 07:00:00,5.98,3.5,39.68,0.0,91.48,10.26,10.35,10.46,0.11,
54,2025-10-09 08:00:00,5.45,2.87,111.6,0.0,92.05,10.14,10.22,10.26,0.1,
54,2025-10-09 09:00:00,4.47,2.31,586.0,0.0,85.07,10.49,11.5,12.6,0.21,
54,2025-10-09 10:00:00,5.22,2.56,676.0,0.0,77.01,12.82,13.69,14.7,0.36,
54,2025-10-09 11:00:00,5.6,3.19,791.9,0.0,64.8,14.78,15.91,16.97,0.64,
54,2025-10-09 12:00:00,6.12,3.55,865.0,0.0,56.92,17.47,18.43,19.34,0.92,
54,2025-10-09 13:00:00,5.98,3.69,895.0,0.0,47.4,19.75,20.56,21.32,1.28,
54,2025-10-09 14:00:00,6.28,3.71,814.0,0.0,37.51,21.75,22.21,22.73,1.68,
54,2025-10-09 15:00:00,6.28,3.77,774.9,0.0,31.68,23.02,23.33,23.54,1.96,
54,2025-10-09 16:00:00,5.68,3.38,576.1,0.0,35.38,23.41,23.51,23.64,1.87,
54,2025-10-09 17:00:00,4.92,2.81,456.0,0.0,36.17,22.95,23.41,23.74,1.84,
54,2025-10-09 18:00:00,3.95,2.08,254.2,0.0,40.91,21.74,22.28,22.79,1.59,
54,2025-10-09 19:00:00,2.0,0.95,86.2,0.0,54.12,19.03,20.1,21.19,1.09,
54,2025-10-09 20:00:00,1.55,0.4,1.51,0.0,66.63,16.3,17.26,18.52,0.66,
54,2025-10-09 21:00:00,1.4,0.45,0.0,0.0,75.94,14.44,14.89,15.35,0.41,
54,2025-10-09 22:00:00,1.18,0.23,0.0,0.0,80.58,13.13,13.64,14.08,0.3,
54,2025-10-09 23:00:00,1.32,0.38,0.0,0.0,81.43,12.55,12.96,13.32,0.28,
54,2025-10-10 00:00:00,2.15,0.96,0.0,0.0,82.8,12.9,13.02,13.12,0.26,
54,2025-10-10 01:00:00,2.45,0.29,0.0,0.0,88.23,11.09,12.22,13.23,0.17,
54,2025-10-10 02:00:00,1.32,0.27,0.0,0.0,90.95,10.3,10.87,11.16,0.12,
54,2025-10-10 03:00:00,0.0,0.0,0.0,0.0,94.5,8.84,9.31,9.58,0.07,
54,2025-10-10 04:00:00,0.0,0.0,0.0,0.0,95.78,8.03,8.17,8.37,0.05,
54,2025-10-10 05:00:00,0.65,0.0,0.0,0.0,96.35,7.55,7.7,8.0,0.04,
54,2025-10-10 06:00:00,0.0,0.0,0.25,0.0,96.43,7.18,7.43,7.76,0.04,
54,2025-10-10 07:00:00,0.0,0.0,128.3,0.0,96.75,6.26,6.88,7.86,0.03,
54,2025-10-10 08:00:00,1.48,0.19,319.6,0.0,86.27,8.86,11.07,12.92,0.19,
54,2025-10-10 09:00:00,1.92,0.65,519.7,0.0,75.13,13.51,14.38,15.21,0.41,
54,2025-10-10 10:00:00,3.58,1.14,687.1,0.0,68.69,15.6,16.1,16.51,0.58,
54,2025-10-10 11:00:00,3.58,1.87,812.0,0.0,66.58,16.81,17.41,18.02,0.67,
54,2025-10-10 12:00:00,3.8,1.18,877.0,0.0,60.4,18.24,19.03,19.79,0.88,
54,2025-10-10 13:00:00,4.92,2.07,890.0,0.0,50.71,20.45,20.93,21.23,1.22,
54,2025-10-10 14:00:00,5.38,2.91,882.0,0.0,39.7,21.41,21.77,22.21,1.57,
54,2025-10-10 15:00:00,5.68,3.46,810.0,0.0,42.05,21.83,22.13,22.54,1.55,
54,2025-10-10 16:00:00,6.2,3.78,678.9,0.0,41.88,21.36,21.68,21.99,1.51,
54,2025-10-10 17:00:00,6.5,3.83,631.8,0.0,43.26,19.72,20.6,21.5,1.38,
54,2025-10-10 18:00:00,7.62,5.03,339.8,0.0,50.12,16.89,17.94,19.06,1.03,
54,2025-10-10 19:00:00,6.12,3.51,127.8,0.0,59.43,14.84,15.48,16.4,0.71,
54,2025-10-10 20:00:00,3.95,2.11,2.96,0.0,71.15,12.51,13.32,14.18,0.45,
54,2025-10-10 21:00:00,3.88,2.36,0.0,0.0,78.1,11.8,11.92,12.15,0.31,
54,2025-10-10 22:00:00,3.42,1.77,0.0,0.0,82.23,11.48,11.68,11.77,0.24,
54,2025-10-10 23:00:00,3.2,1.33,0.0,0.0,83.28,11.03,11.28,11.44,0.23,
54,2025-10-11 00:00:00,2.15,0.59,0.0,0.0,83.28,10.73,10.98,11.11,0.22,
54,2025-10-11 01:00:00,3.88,1.37,0.0,1.7,79.92,11.81,12.08,12.24,0.28,
54,2025-10-11 02:00:00,6.2,2.91,0.0,5.4,92.73,9.01,9.58,10.66,0.09,
54,2025-10-11 03:00:00,5.22,2.04,0.0,1.4,92.93,8.61,8.78,8.94,0.08,
54,2025-10-11 04:00:00,5.45,2.25,0.0,0.0,89.7,7.47,7.93,8.43,0.11,
54,2025-10-11 05:00:00,2.6,0.85,0.0,0.0,89.78,7.08,7.21,7.4,0.1,
54,2025-10-11 06:00:00,1.4,0.39,0.7,0.0,92.3,5.93,6.34,6.75,0.08,
54,2025-10-11 07:00:00,1.25,0.25,172.7,0.0,91.63,5.73,6.19,7.04,0.08,
54,2025-10-11 08:00:00,2.98,1.01,356.2,0.0,82.48,7.91,8.72,9.32,0.2,
54,2025-10-11 09:00:00,3.58,1.63,480.4,0.0,82.15,9.1,9.89,10.65,0.22,
54,2025-10-11 10:00:00,5.22,2.32,727.4,0.0,68.23,10.74,11.58,12.42,0.44,
54,2025-10-11 11:00:00,5.68,2.58,857.0,0.0,60.59,12.83,13.33,13.86,0.61,
54,2025-10-11 12:00:00,5.0,2.82,907.0,0.0,57.66,14.08,14.49,14.93,0.7,
54,2025-10-11 13:00:00,5.98,3.17,912.0,0.0,51.69,15.02,15.27,15.69,0.84,
54,2025-10-11 14:00:00,5.98,3.38,898.0,0.0,48.21,15.71,16.03,16.49,0.95,
54,2025-10-11 15:00:00,6.35,3.39,824.0,0.0,41.19,16.21,16.67,16.98,1.12,
54,2025-10-11 16:00:00,7.1,4.12,699.6,0.0,39.7,17.05,17.09,17.11,1.18,
54,2025-10-11 17:00:00,7.1,4.42,529.9,0.0,40.83,16.8,17.02,17.17,1.15,
54,2025-10-11 18:00:00,6.35,4.07,329.5,0.0,45.22,15.95,16.37,16.71,1.02,
54,2025-10-11 19:00:00,7.18,3.84,127.6,0.0,55.08,13.89,14.77,15.46,0.76,
54,2025-10-11 20:00:00,6.42,3.29,3.02,0.0,64.9,12.16,12.58,13.18,0.51,
54,2025-10-11 21:00:00,4.4,1.86,0.0,0.0,73.08,10.51,11.17,11.76,0.36,
54,2025-10-11 22:00:00,5.22,2.99,0.0,0.0,77.59,9.97,10.11,10.38,0.28,
54,2025-10-11 23:00:00,5.45,3.2,0.0,0.0,78.22,9.7,9.87,10.02,0.27,
54,2025-10-12 00:00:00,5.15,2.99,0.0,0.0,80.95,8.63,9.1,9.45,0.22,
54,2025-10-12 01:00:00,3.8,1.67,0.0,0.0,84.3,7.85,8.14,8.39,0.17,
54,2025-10-12 02:00:00,3.8,1.5,0.0,0.0,86.38,7.56,7.67,7.78,0.14,
54,2025-10-12 03:00:00,2.75,1.28,0.0,0.0,88.05,7.2,7.33,7.45,0.13,
54,2025-10-12 04:00:00,3.72,1.66,0.0,0.0,88.75,7.09,7.18,7.29,0.12,
54,2025-10-12 05:00:00,3.88,1.64,0.0,0.0,88.8,6.93,7.01,7.07,0.11,
54,2025-10-12 06:00:00,6.95,3.23,0.43,0.0,88.65,7.0,7.09,7.16,0.11,
54,2025-10-12 07:00:00,5.98,3.25,34.65,0.0,87.5,7.12,7.13,7.15,0.13,
54,2025-10-12 08:00:00,5.38,2.94,112.6,0.0,85.78,7.16,7.19,7.26,0.14,
54,2025-10-12 09:00:00,5.0,2.72,592.4,0.0,80.02,7.39,8.2,9.5,0.22,
54,2025-10-12 10:00:00,4.4,2.32,759.6,0.0,71.02,10.33,11.23,11.98,0.39,
54,2025-10-12 11:00:00,4.47,2.35,840.0,0.0,63.52,12.16,12.93,13.71,0.55,
54,2025-10-12 12:00:00,4.7,2.21,908.0,0.0,59.79,14.06,14.89,15.66,0.69,
54,2025-10-12 13:00:00,5.3,2.43,920.0,0.0,50.4,16.19,16.76,17.47,0.95,
54,2025-10-12 14:00:00,5.75,2.83,905.0,0.0,41.66,17.9,18.41,18.74,1.24,
54,2025-10-12 15:00:00,4.85,2.84,833.0,0.0,42.12,19.04,19.43,19.68,1.31,
54,2025-10-12 16:00:00,5.15,2.74,710.1,0.0,39.63,19.62,19.85,20.12,1.4,
54,2025-10-12 17:00:00,5.3,3.02,539.2,0.0,38.57,19.99,20.03,20.09,1.44,
54,2025-10-12 18:00:00,5.22,2.89,337.8,0.0,40.24,19.32,19.67,19.98,1.37,
54,2025-10-12 19:00:00,4.25,2.09,133.8,0.0,51.33,16.99,18.06,18.9,1.01,
54,2025-10-12 20:00:00,3.28,1.59,3.32,0.0,60.05,15.03,15.51,16.04,0.71,
54,2025-10-12 21:00:00,3.28,1.44,0.0,0.0,64.86,13.66,13.94,14.33,0.56,
54,2025-10-12 22:00:00,3.58,1.78,0.0,0.0,74.34,12.24,12.53,13.12,0.38,
54,2025-10-12 23:00:00,3.12,1.51,0.0,0.0,78.15,11.78,11.96,12.21,0.31,
54,2025-10-13 00:00:00,3.28,1.41,0.0,0.0,74.38,11.81,11.84,11.87,0.36,
54,2025-10-13 01:00:00,4.18,2.15,0.0,0.0,75.3,10.9,11.25,11.66,0.33,
54,2025-10-13 02:00:00,4.85,2.34,0.0,0.0,83.53,9.43,9.87,10.36,0.2,
54,2025-10-13 03:00:00,5.68,2.59,0.0,0.0,86.65,8.78,8.9,9.08,0.15,
54,2025-10-13 04:00:00,5.52,2.82,0.0,0.0,87.38,7.75,8.11,8.53,0.14,
54,2025-10-13 05:00:00,4.4,2.32,0.0,0.0,88.6,7.06,7.27,7.46,0.12,
54,2025-10-13 06:00:00,5.0,2.45,0.73,0.0,89.03,7.02,7.13,7.22,0.11,
54,2025-10-13 07:00:00,5.75,2.89,32.27,0.0,89.18,7.21,7.27,7.3,0.11,
54,2025-10-13 08:00:00,5.08,2.89,79.59,0.0,89.55,7.32,7.36,7.46,0.11,
54,2025-10-13 09:00:00,5.45,2.79,235.4,0.0,85.23,7.69,8.16,8.67,0.16,
54,2025-10-13 10:00:00,5.68,3.02,715.4,0.0,77.39,9.04,10.15,11.39,0.29,
54,2025-10-13 11:00:00,5.6,3.25,833.0,0.0,68.18,12.16,13.13,14.36,0.48,
54,2025-10-13 12:00:00,5.9,3.33,895.0,0.0,58.37,15.18,16.27,17.33,0.77,
54,2025-10-13 13:00:00,6.35,3.69,900.0,0.0,50.64,17.88,18.62,19.31,1.06,
54,2025-10-13 14:00:00,6.42,3.88,884.0,0.0,45.3,19.91,20.53,21.22,1.32,
54,2025-10-13 15:00:00,6.58,3.98,814.0,0.0,41.61,21.6,22.02,22.3,1.55,
54,2025-10-13 16:00:00,7.55,4.05,691.1,0.0,44.85,22.5,22.85,23.12,1.53,
54,2025-10-13 17:00:00,6.95,4.21,523.8,0.0,44.6,22.88,23.0,23.12,1.56,
54,2025-10-13 18:00:00,6.65,3.97,327.1,0.0,47.24,21.78,22.22,22.51,1.42,
54,2025-10-13 19:00:00,5.75,3.11,130.1,0.0,49.6,19.48,20.52,21.41,1.22,
54,2025-10-13 20:00:00,4.4,2.03,2.81,0.0,54.21,17.6,18.06,18.55,0.95,
54,2025-10-13 21:00:00,4.7,2.31,0.0,0.0,58.03,15.77,16.43,17.27,0.79,
54,2025-10-13 22:00:00,5.08,2.57,0.0,0.0,62.82,14.73,15.12,15.54,0.64,
54,2025-10-13 23:00:00,3.58,2.05,0.0,0.0,65.72,13.75,14.18,14.59,0.56,
54,2025-10-14 00:00:00,3.28,1.67,0.0,0.0,67.67,12.99,13.26,13.54,0.5,
54,2025-10-14 01:00:00,3.5,1.62,0.0,0.0,70.14,12.58,12.69,12.89,0.44,
54,2025-10-14 02:00:00,3.72,1.81,0.0,0.0,71.62,11.95,12.28,12.58,0.41,
54,2025-10-14 03:00:00,3.8,1.81,0.0,0.0,76.3,10.89,11.4,11.83,0.32,
54,2025-10-14 04:00:00,2.52,0.42,0.0,0.0,82.09,9.35,10.07,10.72,0.22,
54,2025-10-14 05:00:00,2.75,0.42,0.0,0.0,85.73,8.74,9.22,9.78,0.17,
54,2025-10-14 06:00:00,1.92,0.4,1.13,0.0,88.43,8.67,8.87,9.08,0.13,
54,2025-10-14 07:00:00,1.78,0.16,138.6,0.0,88.48,8.09,8.96,10.22,0.13,
54,2025-10-14 08:00:00,3.8,1.44,279.0,0.0,81.95,10.91,11.63,12.06,0.25,
54,2025-10-14 09:00:00,3.88,1.64,545.9,0.0,77.97,11.8,12.5,13.49,0.32,
54,2025-10-14 10:00:00,3.58,1.54,711.3,0.0,67.98,14.41,15.1,15.81,0.55,
54,2025-10-14 11:00:00,3.65,1.63,833.0,0.0,57.38,16.2,16.93,17.73,0.83,
54,2025-10-14 12:00:00,4.25,2.15,899.0,0.0,48.45,18.51,19.1,19.81,1.14,
54,2025-10-14 13:00:00,3.95,2.04,910.0,0.0,37.81,20.22,20.58,21.13,1.51,
54,2025-10-14 14:00:00,3.5,1.77,899.0,0.0,27.88,21.42,22.03,22.46,1.91,
54,2025-10-14 15:00:00,3.8,1.76,829.0,0.0,29.9,22.94,23.4,23.97,2.02,
54,2025-10-14 16:00:00,3.5,1.58,682.3,0.0,29.12,24.01,24.41,24.68,2.17,
54,2025-10-14 17:00:00,3.5,1.7,515.2,0.0,30.86,24.5,24.71,24.87,2.15,
54,2025-10-14 18:00:00,5.0,2.92,210.4,0.0,50.18,20.57,21.68,22.78,1.3,
54,2025-10-14 19:00:00,5.52,2.53,85.8,0.0,59.25,17.01,18.26,19.56,0.86,
54,2025-10-14 20:00:00,4.25,2.57,2.33,0.0,65.07,14.58,15.34,16.19,0.61,
54,2025-10-14 21:00:00,4.1,2.14,0.0,0.0,75.42,13.17,13.7,14.27,0.39,
54,2025-10-14 22:00:00,4.55,2.64,0.0,0.0,73.36,12.78,12.93,13.18,0.4,
54,2025-10-14 23:00:00,3.42,1.85,0.0,0.0,79.64,11.43,11.88,12.67,0.29,
54,2025-10-15 00:00:00,3.12,1.72,0.0,0.0,78.81,10.76,11.39,11.87,0.29,
54,2025-10-15 01:00:00,2.52,1.24,0.0,0.0,85.35,10.3,10.5,10.63,0.19,
54,2025-10-15 02:00:00,2.15,0.55,0.0,0.0,87.15,9.55,9.91,10.2,0.16,
54,2025-10-15 03:00:00,0.88,0.02,0.0,0.0,92.78,7.95,8.28,8.73,0.08,
54,2025-10-15 04:00:00,0.0,0.0,0.0,0.0,94.8,7.98,8.45,8.96,0.06,
54,2025-10-15 05:00:00,0.0,0.0,0.0,0.0,92.13,9.24,9.66,9.98,0.1,
54,2025-10-15 06:00:00,0.88,0.04,1.16,0.0,93.25,9.01,9.35,9.8,0.08,
54,2025-10-15 07:00:00,2.75,1.08,140.8,0.0,91.1,9.05,9.8,10.74,0.11,
54,2025-10-15 08:00:00,2.38,0.74,263.2,0.0,83.3,11.22,11.68,12.34,0.23,
54,2025-10-15 09:00:00,1.62,0.53,171.5,0.0,78.84,12.55,12.75,12.91,0.31,
54,2025-10-15 10:00:00,1.48,0.2,217.4,0.0,75.49,13.15,13.38,13.67,0.38,
54,2025-10-15 11:00:00,2.52,0.98,635.6,0.0,72.32,13.77,14.15,14.65,0.45,
54,2025-10-15 12:00:00,3.35,1.1,980.0,0.0,64.37,15.26,16.15,16.88,0.66,
54,2025-10-15 13:00:00,3.8,1.44,1101.0,0.0,56.68,17.66,18.0,18.26,0.9,
54,2025-10-15 14:00:00,4.32,1.86,832.0,0.0,53.06,18.29,18.79,19.08,1.02,
54,2025-10-15 15:00:00,5.38,2.12,850.0,0.0,47.67,19.43,20.13,20.71,1.24,
54,2025-10-15 16:00:00,4.32,2.09,716.4,0.0,45.62,20.64,20.83,21.01,1.34,
54,2025-10-15 17:00:00,3.8,1.77,534.8,0.0,43.98,21.1,21.24,21.32,1.41,
54,2025-10-15 18:00:00,3.65,2.01,335.2,0.0,42.93,20.86,21.06,21.22,1.42,
54,2025-10-15 19:00:00,2.9,1.14,135.9,0.0,49.63,18.7,19.81,20.67,1.17,
54,2025-10-15 20:00:00,2.9,0.66,4.36,0.0,63.11,15.67,16.29,17.26,0.69,
54,2025-10-15 21:00:00,4.32,2.54,0.0,0.0,71.17,14.72,15.25,15.67,0.5,
54,2025-10-15 22:00:00,5.15,2.98,0.0,0.0,76.75,13.51,13.88,14.17,0.37,
54,2025-10-15 23:00:00,4.18,2.03,0.0,0.0,83.38,11.99,12.4,12.9,0.24,
54,2025-10-16 00:00:00,4.62,2.18,0.0,0.0,86.53,11.15,11.5,11.81,0.19,
54,2025-10-16 01:00:00,4.18,2.16,0.0,0.0,89.33,10.34,10.69,10.96,0.14,
54,2025-10-16 02:00:00,3.8,2.08,0.0,0.0,90.93,9.73,10.01,10.21,0.11,
54,2025-10-16 03:00:00,3.35,0.89,0.0,0.0,92.13,8.74,9.11,9.53,0.09,
54,2025-10-16 04:00:00,2.6,0.79,0.0,0.0,91.65,8.35,8.49,8.69,0.09,
54,2025-10-16 05:00:00,3.42,1.74,0.0,0.0,91.83,7.73,8.01,8.13,0.09,
54,2025-10-16 06:00:00,2.68,0.85,2.16,0.0,91.85,6.96,7.15,7.4,0.08,
54,2025-10-16 07:00:00,4.1,1.36,160.8,0.0,88.05,6.7,7.19,7.95,0.12,
54,2025-10-16 08:00:00,6.2,3.17,353.6,0.0,78.31,8.51,9.14,9.71,0.26,
54,2025-10-16 09:00:00,5.9,3.64,561.1,0.0,73.54,10.01,10.86,11.72,0.34,
54,2025-10-16 10:00:00,6.05,3.73,730.8,0.0,67.66,12.2,13.02,13.91,0.49,
54,2025-10-16 11:00:00,6.42,3.68,854.0,0.0,61.5,14.34,15.27,16.13,0.67,
54,2025-10-16 12:00:00,6.42,3.89,924.0,0.0,51.65,16.82,17.61,18.28,0.98,
54,2025-10-16 13:00:00,6.5,3.96,934.0,0.0,49.19,18.63,19.02,19.48,1.12,
54,2025-10-16 14:00:00,6.72,3.77,919.0,0.0,41.42,19.94,20.32,20.69,1.4,
54,2025-10-16 15:00:00,7.25,3.85,846.0,0.0,37.61,20.8,21.31,21.67,1.58,
54,2025-10-16 16:00:00,6.42,3.72,718.2,0.0,33.11,21.66,21.85,22.15,1.75,
54,2025-10-16 17:00:00,6.42,3.73,548.7,0.0,31.48,22.12,22.21,22.29,1.84,
54,2025-10-16 18:00:00,6.58,3.99,346.7,0.0,32.33,21.26,21.65,22.05,1.75,
54,2025-10-16 19:00:00,5.82,2.84,143.1,0.0,38.17,18.78,19.95,20.93,1.45,
54,2025-10-16 20:00:00,4.7,2.2,4.64,0.0,45.93,16.05,16.83,17.46,1.04,
54,2025-10-16 21:00:00,4.03,2.35,0.0,0.0,55.73,13.99,14.76,15.6,0.75,
54,2025-10-16 22:00:00,5.22,2.8,0.0,0.0,58.8,13.32,13.55,13.9,0.64,
54,2025-10-16 23:00:00,4.78,2.45,0.0,0.0,64.59,11.71,12.4,13.25,0.51,
54,2025-10-17 00:00:00,4.47,2.32,0.0,0.0,68.73,11.06,11.43,11.69,0.42,
54,2025-10-17 01:00:00,4.47,2.12,0.0,0.0,71.06,10.45,10.72,10.95,0.37,
54,2025-10-17 02:00:00,5.08,2.61,0.0,0.0,73.94,9.83,10.1,10.29,0.32,
54,2025-10-17 03:00:00,5.45,2.41,0.0,0.0,79.29,8.74,9.19,9.61,0.24,
54,2025-10-17 04:00:00,4.1,2.42,0.0,0.0,81.6,8.28,8.46,8.64,0.21,
54,2025-10-17 05:00:00,3.88,2.45,0.0,0.0,84.05,7.78,7.95,8.13,0.17,
54,2025-10-17 06:00:00,4.1,2.52,2.42,0.0,86.63,7.31,7.44,7.55,0.14,
54,2025-10-17 07:00:00,3.88,1.26,138.2,0.0,83.35,7.34,7.79,8.51,0.18,
54,2025-10-17 08:00:00,6.35,2.69,326.9,0.0,77.02,8.87,9.43,9.94,0.27,
54,2025-10-17 09:00:00,5.38,3.12,483.1,0.0,74.85,9.81,10.19,10.63,0.31,
54,2025-10-17 10:00:00,4.62,2.69,733.0,0.0,67.33,11.55,12.27,12.88,0.47,
54,2025-10-17 11:00:00,4.92,2.26,855.0,0.0,62.39,13.43,14.22,14.86,0.61,
54,2025-10-17 12:00:00,4.03,1.97,922.0,0.0,56.5,15.47,16.25,17.2,0.81,
54,2025-10-17 13:00:00,3.88,2.07,932.0,0.0,52.0,17.48,18.42,19.23,1.02,
54,2025-10-17 14:00:00,4.78,2.01,915.0,0.0,48.02,19.69,20.37,20.98,1.25,
54,2025-10-17 15:00:00,4.55,2.48,844.0,0.0,43.29,21.67,22.09,22.65,1.51,
54,2025-10-17 16:00:00,4.62,2.41,718.1,0.0,39.67,22.83,23.16,23.5,1.71,
54,2025-10-17 17:00:00,4.92,2.51,547.0,0.0,36.64,23.67,23.85,24.0,1.87,
54,2025-10-17 18:00:00,4.62,2.56,347.2,0.0,39.61,23.28,23.51,23.73,1.75,
54,2025-10-17 19:00:00,3.58,1.4,142.9,0.0,46.06,21.27,22.22,23.04,1.45,
54,2025-10-17 20:00:00,1.55,0.42,5.15,0.0,55.72,18.03,18.84,20.06,0.97,
54,2025-10-17 21:00:00,1.85,0.74,0.0,0.0,58.28,16.86,17.18,17.65,0.82,
54,2025-10-17 22:00:00,3.65,2.05,0.0,0.0,55.58,16.64,16.8,16.9,0.85,
54,2025-10-17 23:00:00,4.03,1.81,0.0,0.0,57.76,15.38,15.88,16.57,0.77,
54,2025-10-18 00:00:00,3.5,1.55,0.0,0.0,61.54,14.76,15.03,15.2,0.66,
54,2025-10-18 01:00:00,4.03,2.21,0.0,0.0,66.77,13.51,14.0,14.57,0.53,
54,2025-10-18 02:00:00,3.2,1.31,0.0,0.0,74.01,12.27,12.52,12.93,0.38,
54,2025-10-18 03:00:00,3.28,1.5,0.0,0.0,76.9,11.55,11.85,12.09,0.32,
54,2025-10-18 04:00:00,3.5,1.69,0.0,0.0,80.25,10.63,10.84,11.19,0.26,
54,2025-10-18 05:00:00,3.58,1.7,0.0,0.0,79.41,10.46,10.48,10.51,0.26,
54,2025-10-18 06:00:00,3.5,1.1,3.8,0.0,80.38,9.74,10.09,10.47,0.24,
54,2025-10-18 07:00:00,2.98,1.1,148.2,0.0,78.07,9.45,9.88,10.77,0.27,
54,2025-10-18 08:00:00,4.85,2.03,347.8,0.0,69.35,11.35,11.88,12.42,0.43,
54,2025-10-18 09:00:00,4.4,2.27,509.1,0.0,66.36,13.01,13.63,14.6,0.53,
54,2025-10-18 10:00:00,3.58,1.99,671.3,0.0,59.88,14.84,15.62,16.46,0.71,
54,2025-10-18 11:00:00,2.9,1.29,689.0,0.0,54.84,17.14,17.87,18.59,0.92,
54,2025-10-18 12:00:00,3.42,1.56,890.0,0.0,49.6,18.97,19.66,20.42,1.16,
54,2025-10-18 13:00:00,3.8,1.64,1082.0,0.0,44.34,21.45,22.11,22.59,1.49,
54,2025-10-18 14:00:00,3.42,1.36,766.0,0.0,46.71,23.1,23.33,23.48,1.53,
54,2025-10-18 15:00:00,3.12,1.08,905.0,0.0,41.14,23.88,24.76,25.86,1.85,
54,2025-10-18 16:00:00,3.2,1.41,770.4,0.0,36.06,25.44,25.87,26.2,2.13,
54,2025-10-18 17:00:00,2.6,1.32,581.4,0.0,38.79,25.98,26.23,26.61,2.09,
54,2025-10-18 18:00:00,3.12,1.68,445.0,0.0,42.22,25.49,25.85,26.44,1.93,
54,2025-10-18 19:00:00,2.0,0.67,143.4,0.0,48.26,23.16,24.23,25.13,1.57,
54,2025-10-18 20:00:00,0.72,0.01,7.14,0.0,62.45,18.68,20.57,22.12,0.92,
54,2025-10-18 21:00:00,1.92,0.86,0.0,0.0,61.9,17.88,18.1,18.53,0.79,
54,2025-10-18 22:00:00,2.08,0.65,0.0,0.0,60.29,16.14,16.88,17.56,0.76,
54,2025-10-18 23:00:00,2.0,0.66,0.0,0.0,56.45,15.4,16.19,16.66,0.8,
54,2025-10-19 00:00:00,1.92,0.22,0.0,0.0,73.29,13.64,14.1,14.77,0.43,
54,2025-10-19 01:00:00,0.95,0.07,0.0,0.0,83.48,12.27,12.61,12.99,0.24,
54,2025-10-19 02:00:00,1.02,0.1,0.0,0.0,83.12,10.91,11.63,12.09,0.23,
54,2025-10-19 03:00:00,1.25,0.27,0.0,0.0,86.15,10.21,10.48,10.72,0.18,
54,2025-10-19 04:00:00,2.22,0.46,0.0,0.0,82.55,10.51,10.94,11.34,0.23,
54,2025-10-19 05:00:00,1.78,0.54,0.0,0.0,80.84,11.09,11.86,12.57,0.27,
54,2025-10-19 06:00:00,1.32,0.44,2.25,0.0,85.48,10.93,11.01,11.07,0.19,
54,2025-10-19 07:00:00,1.02,0.09,56.09,0.0,86.88,10.66,10.85,11.22,0.17,
54,2025-10-19 08:00:00,1.4,0.14,251.2,0.0,78.14,11.43,12.71,14.3,0.33,
54,2025-10-19 09:00:00,4.55,2.07,572.5,0.0,66.07,14.89,15.8,16.51,0.61,
54,2025-10-19 10:00:00,2.9,1.25,773.8,0.0,61.74,16.5,17.49,18.37,0.77,
54,2025-10-19 11:00:00,2.9,0.99,851.0,0.0,55.81,19.67,20.1,20.63,1.04,
54,2025-10-19 12:00:00,3.5,1.3,914.0,0.0,49.27,20.78,21.42,22.19,1.3,
54,2025-10-19 13:00:00,3.28,1.45,925.0,0.0,47.67,22.55,23.16,23.88,1.49,
54,2025-10-19 14:00:00,5.52,1.54,917.0,0.0,38.83,24.25,24.63,25.09,1.89,
54,2025-10-19 15:00:00,3.28,1.25,841.0,0.0,33.07,25.21,25.95,26.35,2.25,
54,2025-10-19 16:00:00,4.62,2.22,714.7,0.0,34.46,26.14,26.4,26.54,2.26,
54,2025-10-19 17:00:00,4.78,2.9,543.7,0.0,39.98,25.18,25.69,25.98,1.98,
54,2025-10-19 18:00:00,5.08,3.18,341.8,0.0,42.71,22.79,23.68,24.68,1.68,
54,2025-10-19 19:00:00,5.22,2.67,140.1,0.0,51.24,18.8,20.5,22.05,1.18,
54,2025-10-19 20:00:00,4.62,2.39,6.17,0.0,58.19,15.04,16.2,17.41,0.77,
54,2025-10-19 21:00:00,4.03,2.25,0.0,0.0,60.19,13.26,13.87,14.56,0.63,
54,2025-10-19 22:00:00,2.9,1.6,0.0,0.0,63.52,11.93,12.32,12.86,0.53,
54,2025-10-19 23:00:00,1.4,0.34,0.0,0.0,65.2,10.69,11.06,11.65,0.46,
54,2025-10-20 00:00:00,2.3,0.69,0.0,0.0,69.8,9.41,10.13,10.56,0.38,
54,2025-10-20 01:00:00,1.32,0.2,0.0,0.0,83.65,7.81,8.18,8.48,0.18,
54,2025-10-20 02:00:00,2.15,0.68,0.0,0.0,85.48,7.44,7.79,8.18,0.15,
54,2025-10-20 03:00:00,1.1,0.05,0.0,0.0,90.75,5.84,6.48,7.19,0.09,
54,2025-10-20 04:00:00,0.8,0.07,0.0,0.0,94.03,5.29,5.39,5.5,0.06,
54,2025-10-20 05:00:00,0.65,0.01,0.0,0.0,95.15,4.71,4.83,4.96,0.04,
54,2025-10-20 06:00:00,1.1,0.07,3.74,0.0,95.25,4.42,4.55,4.73,0.04,
54,2025-10-20 07:00:00,0.28,0.0,174.2,0.0,91.13,4.29,5.47,7.39,0.09,
54,2025-10-20 08:00:00,1.1,0.12,367.3,0.0,76.79,9.02,9.97,11.5,0.29,
54,2025-10-20 09:00:00,2.15,0.59,601.7,0.0,70.32,12.22,12.61,13.29,0.44,
54,2025-10-20 10:00:00,2.22,0.97,630.1,0.0,62.55,13.73,14.18,14.5,0.61,
54,2025-10-20 11:00:00,3.8,1.49,866.0,0.0,55.25,15.29,16.02,16.55,0.82,
54,2025-10-20 12:00:00,4.32,1.88,931.0,0.0,47.72,17.22,18.0,18.96,1.08,
54,2025-10-20 13:00:00,5.0,2.64,941.0,0.0,38.39,19.46,20.02,20.73,1.45,
54,2025-10-20 14:00:00,4.85,2.35,936.0,0.0,31.4,21.13,21.65,22.25,1.78,
54,2025-10-20 15:00:00,4.55,2.37,855.0,0.0,30.93,22.68,22.95,23.25,1.93,
54,2025-10-20 16:00:00,4.03,2.2,720.1,0.0,33.33,23.5,23.7,24.02,1.96,
54,2025-10-20 17:00:00,4.55,1.8,548.2,0.0,36.95,23.76,23.85,23.9,1.87,
54,2025-10-20 18:00:00,3.88,2.03,347.5,0.0,43.28,22.84,23.21,23.5,1.62,
54,2025-10-20 19:00:00,5.45,2.18,132.9,0.0,53.06,20.1,21.42,21.89,1.2,
54,2025-10-20 20:00:00,5.15,2.59,5.3,0.0,64.65,16.89,17.81,18.9,0.73,
54,2025-10-20 21:00:00,3.05,1.52,0.0,0.0,72.69,15.37,15.9,16.47,0.5,
54,2025-10-20 22:00:00,2.9,1.32,0.0,0.0,76.94,14.38,14.83,15.15,0.39,
54,2025-10-20 23:00:00,2.75,1.19,0.0,0.0,82.2,13.37,13.81,14.09,0.28,
54,2025-10-21 00:00:00,1.7,0.57,0.0,0.0,86.5,12.52,12.75,13.06,0.2,
54,2025-10-21 01:00:00,1.62,0.87,0.0,0.0,83.48,12.39,12.49,12.54,0.24,
54,2025-10-21 02:00:00,1.78,0.35,0.0,0.0,83.18,11.19,11.98,12.48,0.24,
54,2025-10-21 03:00:00,0.0,0.0,0.0,0.0,89.08,10.1,10.43,10.89,0.14,
54,2025-10-21 04:00:00,2.15,0.26,0.0,0.0,88.65,9.6,9.98,10.75,0.14,
54,2025-10-21 05:00:00,1.1,0.13,0.0,0.0,89.83,9.78,9.96,10.33,0.13,
54,2025-10-21 06:00:00,0.8,0.03,1.26,0.0,90.53,9.67,9.75,9.91,0.12,
54,2025-10-21 07:00:00,1.62,0.27,81.5,0.0,89.6,9.79,9.92,10.18,0.13,
54,2025-10-21 08:00:00,2.15,0.99,137.0,0.0,85.65,10.56,11.33,11.96,0.19,
54,2025-10-21 09:00:00,3.05,1.38,271.0,0.0,73.92,12.42,13.13,13.91,0.4,
54,2025-10-21 10:00:00,4.7,2.4,739.5,0.0,65.09,13.93,15.3,16.5,0.61,
54,2025-10-21 11:00:00,5.15,2.79,878.0,0.0,53.54,16.98,17.75,18.39,0.94,
54,2025-10-21 12:00:00,5.15,2.8,930.0,0.0,47.44,18.75,19.09,19.58,1.16,
54,2025-10-21 13:00:00,5.22,2.55,949.0,0.0,42.88,19.79,20.41,20.68,1.37,
54,2025-10-21 14:00:00,4.55,2.49,928.0,0.0,38.43,20.69,21.17,21.55,1.55,
54,2025-10-21 15:00:00,4.7,2.16,856.0,0.0,37.1,21.55,22.08,22.4,1.67,
54,2025-10-21 16:00:00,4.62,2.1,729.1,0.0,34.66,22.38,22.58,22.81,1.79,
54,2025-10-21 17:00:00,3.95,2.02,559.4,0.0,30.78,22.69,22.85,23.12,1.93,
54,2025-10-21 18:00:00,4.47,2.47,360.4,0.0,29.99,22.08,22.51,22.9,1.91,
54,2025-10-21 19:00:00,3.72,1.75,154.5,0.0,35.13,19.55,20.75,21.79,1.59,
54,2025-10-21 20:00:00,3.5,1.03,6.88,0.0,46.05,16.66,17.37,18.38,1.07,
54,2025-10-21 21:00:00,4.55,2.08,0.0,0.0,59.45,14.57,15.67,16.7,0.73,
54,2025-10-21 22:00:00,2.82,0.86,0.0,0.0,64.45,12.47,13.32,13.89,0.55,
54,2025-10-21 23:00:00,1.18,0.6,0.0,0.0,71.61,10.35,11.29,12.11,0.38,
54,2025-10-22 00:00:00,0.95,0.13,0.0,0.0,76.99,8.75,9.53,10.03,0.28,
54,2025-10-22 01:00:00,0.8,0.02,0.0,0.0,82.03,7.75,8.24,8.81,0.2,
54,2025-10-22 02:00:00,0.95,0.05,0.0,0.0,84.8,6.88,7.43,7.95,0.16,
54,2025-10-22 03:00:00,0.95,0.14,0.0,0.0,89.48,5.58,5.98,6.21,0.1,
54,2025-10-22 04:00:00,1.32,0.4,0.0,0.0,89.4,5.69,5.9,6.04,0.1,
54,2025-10-22 05:00:00,0.8,0.02,0.0,0.0,93.6,5.33,5.41,5.54,0.06,
54,2025-10-22 06:00:00,0.95,0.05,4.74,0.0,93.58,4.52,4.71,4.83,0.05,
54,2025-10-22 07:00:00,0.88,0.06,178.4,0.0,90.53,4.66,5.71,7.18,0.09,
54,2025-10-22 08:00:00,4.62,1.8,377.6,0.0,80.53,8.72,10.45,11.48,0.25,
54,2025-10-22 09:00:00,3.88,2.25,584.0,0.0,71.17,11.98,13.06,14.22,0.44,
54,2025-10-22 10:00:00,4.62,2.81,760.6,0.0,61.32,14.81,15.88,16.92,0.7,
54,2025-10-22 11:00:00,4.32,2.58,888.0,0.0,49.87,17.69,18.55,19.52,1.08,
54,2025-10-22 12:00:00,5.38,2.6,919.0,0.0,39.66,20.14,20.68,21.11,1.47,
54,2025-10-22 13:00:00,4.7,2.13,965.0,0.0,35.66,21.43,22.02,22.53,1.71,
54,2025-10-22 14:00:00,5.98,3.18,956.0,0.0,33.4,22.88,22.99,23.14,1.87,
54,2025-10-22 15:00:00,5.98,3.2,832.0,0.0,31.23,23.24,23.54,23.77,2.0,
54,2025-10-22 16:00:00,5.08,2.71,703.0,0.0,30.8,23.57,24.0,24.37,2.07,
54,2025-10-22 17:00:00,4.25,2.32,425.7,0.0,31.56,23.0,23.49,24.02,1.98,
54,2025-10-22 18:00:00,3.88,1.83,203.3,0.0,36.92,21.37,22.14,22.79,1.69,
54,2025-10-22 19:00:00,3.72,1.35,100.3,0.0,45.33,19.11,20.16,20.96,1.3,
54,2025-10-22 20:00:00,4.85,2.32,2.82,0.0,47.12,16.67,17.38,18.09,1.05,
54,2025-10-22 21:00:00,3.65,1.34,0.0,0.0,50.4,15.38,15.72,16.21,0.89,
54,2025-10-22 22:00:00,1.85,0.55,0.0,0.0,58.12,14.01,14.46,14.95,0.69,
54,2025-10-22 23:00:00,1.7,0.68,0.0,0.0,66.47,12.92,13.27,13.64,0.51,
54,2025-10-23 00:00:00,2.38,0.68,0.0,0.0,69.03,12.24,12.42,12.61,0.45,
54,2025-10-23 01:00:00,1.02,0.09,0.0,0.0,75.07,11.36,11.66,12.05,0.34,
54,2025-10-23 02:00:00,0.95,0.04,0.0,0.0,79.08,10.78,11.14,11.6,0.28,
54,2025-10-23 03:00:00,0.35,0.0,0.0,0.0,80.84,10.43,10.55,10.62,0.24,
54,2025-10-23 04:00:00,0.0,0.0,0.0,0.0,81.73,10.21,10.3,10.47,0.23,
54,2025-10-23 05:00:00,1.25,0.1,0.0,0.0,83.58,9.87,10.0,10.17,0.2,
54,2025-10-23 06:00:00,1.32,0.51,1.36,0.0,83.55,9.87,9.93,9.96,0.2,
54,2025-10-23 07:00:00,0.8,0.02,45.86,0.0,84.5,9.94,10.14,10.49,0.19,
54,2025-10-23 08:00:00,3.35,0.53,159.9,0.0,75.48,10.93,11.7,12.33,0.34,
54,2025-10-23 09:00:00,4.25,2.1,206.2,0.0,71.35,12.36,12.48,12.61,0.42,
54,2025-10-23 10:00:00,3.88,2.19,558.6,0.0,65.14,12.82,13.55,14.55,0.54,
54,2025-10-23 11:00:00,4.4,1.94,608.8,0.0,58.17,15.0,15.55,16.2,0.74,
54,2025-10-23 12:00:00,5.3,2.16,735.1,0.0,51.07,16.31,17.09,18.04,0.96,
54,2025-10-23 13:00:00,3.88,1.91,631.3,0.0,46.98,18.2,18.45,18.83,1.13,
54,2025-10-23 14:00:00,3.12,1.26,700.0,0.0,43.84,19.32,19.64,20.16,1.28,
54,2025-10-23 15:00:00,2.98,1.13,590.8,0.0,42.58,19.92,19.99,20.07,1.35,
54,2025-10-23 16:00:00,2.68,1.31,470.5,0.0,43.87,19.87,20.03,20.21,1.32,
54,2025-10-23 17:00:00,3.05,1.81,422.0,0.0,44.63,19.83,20.04,20.15,1.3,
54,2025-10-23 18:00:00,2.82,1.38,342.4,0.0,45.92,19.49,19.77,20.05,1.25,
54,2025-10-23 19:00:00,5.3,2.55,99.3,0.0,48.77,17.19,18.44,19.69,1.1,
54,2025-10-23 20:00:00,3.8,1.45,12.25,0.0,60.72,14.93,15.85,16.61,0.71,
54,2025-10-23 21:00:00,2.98,1.21,0.0,0.0,70.98,13.76,14.0,14.36,0.47,
54,2025-10-23 22:00:00,2.45,1.0,0.0,0.0,74.12,13.14,13.41,13.67,0.4,
54,2025-10-23 23:00:00,2.52,0.83,0.0,0.0,77.68,12.23,12.57,12.97,0.33,
54,2025-10-24 00:00:00,2.22,0.71,0.0,0.0,80.63,11.28,11.47,11.69,0.26,
54,2025-10-24 01:00:00,2.38,0.97,0.0,0.0,81.23,11.23,11.37,11.52,0.25,
54,2025-10-24 02:00:00,2.08,0.91,0.0,0.0,82.18,10.44,10.84,11.1,0.23,
54,2025-10-24 03:00:00,2.6,1.3,0.0,0.0,81.9,9.9,10.1,10.4,0.22,
54,2025-10-24 04:00:00,2.3,0.99,0.0,0.0,84.68,8.4,9.07,9.68,0.18,
54,2025-10-24 05:00:00,2.75,1.07,0.0,0.0,84.0,8.06,8.39,8.61,0.18,
54,2025-10-24 06:00:00,1.48,0.05,5.34,0.0,89.7,5.78,6.63,7.54,0.1,
54,2025-10-24 07:00:00,2.15,0.25,117.3,0.0,88.55,5.74,6.85,8.64,0.12,
54,2025-10-24 08:00:00,4.4,2.31,380.6,0.0,75.14,9.71,10.45,11.68,0.32,
54,2025-10-24 09:00:00,4.92,2.49,579.2,0.0,63.02,12.62,13.42,14.3,0.57,
54,2025-10-24 10:00:00,5.75,3.17,736.2,0.0,55.42,14.65,15.26,15.71,0.77,
54,2025-10-24 11:00:00,6.42,3.64,875.0,0.0,48.75,16.06,16.47,16.99,0.96,
54,2025-10-24 12:00:00,6.42,3.69,989.0,0.0,45.14,17.07,17.47,17.76,1.1,
54,2025-10-24 13:00:00,5.6,3.41,1021.0,0.0,39.66,17.68,18.03,18.52,1.25,
54,2025-10-24 14:00:00,5.45,3.08,758.9,0.0,40.82,17.69,18.17,18.57,1.24,
54,2025-10-24 15:00:00,5.6,3.07,526.6,0.0,40.13,17.91,18.07,18.32,1.24,
54,2025-10-24 16:00:00,5.38,2.94,763.1,0.0,39.2,17.86,18.24,18.71,1.28,
54,2025-10-24 17:00:00,6.72,3.18,408.3,0.0,41.88,17.24,17.61,17.88,1.17,
54,2025-10-24 18:00:00,7.1,3.8,402.0,0.0,52.17,14.25,15.72,16.93,0.86,
54,2025-10-24 19:00:00,6.12,3.06,94.5,0.0,58.85,13.49,13.76,13.93,0.65,
54,2025-10-24 20:00:00,6.5,3.26,7.55,0.0,61.24,12.41,12.87,13.22,0.58,
54,2025-10-24 21:00:00,4.47,1.92,0.0,0.0,68.51,11.04,11.56,12.21,0.43,
54,2025-10-24 22:00:00,5.0,2.72,0.0,0.0,63.89,11.09,11.34,11.55,0.49,
54,2025-10-24 23:00:00,4.92,2.38,0.0,0.0,68.76,9.87,10.1,10.71,0.39,
54,2025-10-25 00:00:00,5.08,2.73,0.0,0.0,65.99,9.3,9.51,9.96,0.4,
54,2025-10-25 01:00:00,6.42,2.82,0.0,0.0,66.76,8.59,8.72,8.95,0.38,
54,2025-10-25 02:00:00,3.42,1.15,0.0,0.0,70.82,7.34,7.72,8.2,0.31,
54,2025-10-25 03:00:00,3.35,0.86,0.0,0.0,74.0,6.79,7.0,7.18,0.26,
54,2025-10-25 04:00:00,3.2,0.61,0.0,0.0,78.07,5.94,6.25,6.66,0.21,
54,2025-10-25 05:00:00,4.78,1.23,0.0,0.0,80.26,5.52,5.95,6.38,0.19,
54,2025-10-25 06:00:00,1.62,0.42,6.22,0.0,85.73,4.42,4.61,4.96,0.12,
54,2025-10-25 07:00:00,3.5,1.52,175.7,0.0,81.02,4.84,5.82,6.66,0.18,
54,2025-10-25 08:00:00,5.15,2.59,391.6,0.0,73.31,7.04,7.87,8.78,0.29,
54,2025-10-25 09:00:00,5.38,3.21,597.2,0.0,62.61,9.24,10.2,11.16,0.47,
54,2025-10-25 10:00:00,6.65,3.73,765.7,0.0,53.33,11.92,12.59,13.24,0.68,
54,2025-10-25 11:00:00,6.58,3.46,889.0,0.0,47.12,13.87,14.56,15.21,0.88,
54,2025-10-25 12:00:00,6.2,3.84,946.0,0.0,39.44,15.97,16.64,17.24,1.15,
54,2025-10-25 13:00:00,6.5,4.05,974.0,0.0,33.65,17.41,18.14,18.73,1.39,
54,2025-10-25 14:00:00,6.42,3.78,976.0,0.0,28.59,19.26,19.74,20.03,1.65,
54,2025-10-25 15:00:00,6.58,3.86,965.0,0.0,24.36,20.2,20.76,21.17,1.86,
54,2025-10-25 16:00:00,6.8,3.47,790.3,0.0,23.64,19.83,20.45,20.84,1.84,
54,2025-10-25 17:00:00,6.2,3.59,362.7,0.0,29.54,17.99,18.71,19.22,1.52,
54,2025-10-25 18:00:00,5.98,3.58,418.2,0.0,29.41,18.58,18.72,18.9,1.52,
54,2025-10-25 19:00:00,5.98,2.75,168.8,0.0,32.72,16.81,17.7,18.39,1.37,
54,2025-10-25 20:00:00,3.5,1.94,9.15,0.0,41.53,15.01,15.44,15.88,1.03,
54,2025-10-25 21:00:00,4.1,2.11,0.0,0.0,53.97,12.77,13.55,14.35,0.72,
54,2025-10-25 22:00:00,4.47,2.62,0.0,0.0,65.81,11.68,12.14,12.54,0.49,
54,2025-10-25 23:00:00,3.35,1.75,0.0,0.0,71.33,10.11,10.66,11.27,0.37,
54,2025-10-26 00:00:00,3.35,1.35,0.0,0.0,74.17,9.42,9.71,9.97,0.31,
54,2025-10-26 01:00:00,3.2,1.3,0.0,0.0,76.58,8.86,9.07,9.21,0.27,
54,2025-10-26 02:00:00,2.6,1.24,0.0,0.0,78.41,8.42,8.59,8.7,0.24,
54,2025-10-26 03:00:00,2.52,1.07,0.0,0.0,74.97,8.63,9.04,9.24,0.29,
54,2025-10-26 04:00:00,2.52,0.94,0.0,0.0,75.04,8.81,9.02,9.34,0.29,
54,2025-10-26 05:00:00,2.3,0.5,0.0,0.0,76.03,8.44,9.06,9.37,0.28,
54,2025-10-26 06:00:00,2.0,0.32,6.04,0.0,80.79,7.31,7.88,8.27,0.2,
54,2025-10-26 07:00:00,1.25,0.12,170.9,0.0,75.46,6.58,8.47,10.87,0.28,
54,2025-10-26 08:00:00,4.85,2.07,379.9,0.0,64.06,10.99,11.54,12.13,0.49,
54,2025-10-26 09:00:00,4.78,2.2,581.6,0.0,59.59,12.51,13.37,14.13,0.62,
54,2025-10-26 10:00:00,5.9,2.43,750.5,0.0,54.81,14.68,15.75,16.75,0.81,
54,2025-10-26 11:00:00,5.68,3.06,873.0,0.0,50.47,17.24,18.03,18.63,1.03,
54,2025-10-26 12:00:00,5.82,3.42,939.0,0.0,47.86,19.0,19.79,20.46,1.21,
54,2025-10-26 13:00:00,6.2,3.18,947.0,0.0,45.25,20.73,21.23,21.67,1.38,
54,2025-10-26 14:00:00,6.95,3.43,895.0,0.0,41.15,22.08,22.33,22.55,1.59,
54,2025-10-26 15:00:00,5.52,3.27,867.0,0.0,37.63,23.07,23.32,23.52,1.79,
54,2025-10-26 16:00:00,5.08,3.1,724.0,0.0,36.74,23.15,23.54,23.83,1.84,
54,2025-10-26 17:00:00,5.75,3.45,549.8,0.0,38.08,23.07,23.32,23.69,1.78,
54,2025-10-26 18:00:00,6.65,3.33,301.6,0.0,40.09,22.56,22.74,22.98,1.66,
54,2025-10-26 19:00:00,5.75,2.9,175.0,0.0,44.22,20.94,21.67,22.32,1.45,
54,2025-10-26 20:00:00,5.22,2.37,7.78,0.0,51.2,19.23,19.86,20.33,1.14,
54,2025-10-26 21:00:00,3.5,1.61,0.0,0.0,66.44,16.63,17.53,18.26,0.68,
54,2025-10-26 22:00:00,1.62,0.49,0.0,0.0,74.38,14.43,14.92,15.38,0.44,
54,2025-10-26 23:00:00,1.78,0.33,0.0,0.0,79.86,13.52,13.77,13.98,0.32,
54,2025-10-27 00:00:00,2.98,1.17,0.0,0.0,78.27,13.23,13.72,14.46,0.34,
54,2025-10-27 01:00:00,3.65,1.81,0.0,0.0,74.24,14.22,14.58,14.9,0.43,
54,2025-10-27 02:00:00,2.82,1.22,0.0,0.0,75.83,13.64,13.79,14.0,0.38,
54,2025-10-27 03:00:00,3.35,1.66,0.0,0.0,76.14,13.36,13.55,13.74,0.37,
54,2025-10-27 04:00:00,4.78,2.38,0.0,0.0,77.85,12.66,13.01,13.25,0.33,
54,2025-10-27 05:00:00,4.25,2.34,0.0,0.0,81.48,11.5,11.92,12.41,0.26,
54,2025-10-27 06:00:00,5.08,2.07,4.99,0.0,83.13,10.75,11.07,11.29,0.22,
54,2025-10-27 07:00:00,4.32,2.06,80.1,0.0,83.33,10.23,10.31,10.45,0.21,
54,2025-10-27 08:00:00,5.0,2.46,252.2,0.0,79.97,10.5,10.65,10.92,0.26,
54,2025-10-27 09:00:00,3.88,2.15,555.9,0.0,72.3,12.24,12.59,12.97,0.41,
54,2025-10-27 10:00:00,2.98,1.06,707.5,0.0,71.02,13.88,14.06,14.22,0.47,
54,2025-10-27 11:00:00,2.68,1.13,849.0,0.0,63.75,15.15,15.92,17.31,0.66,
54,2025-10-27 12:00:00,3.42,1.57,954.0,0.0,53.27,18.24,19.06,20.15,1.04,
54,2025-10-27 13:00:00,3.65,1.72,948.0,0.0,44.87,20.74,21.63,22.42,1.43,
54,2025-10-27 14:00:00,4.25,1.75,931.0,0.0,37.1,22.9,23.87,24.7,1.87,
54,2025-10-27 15:00:00,4.1,1.79,871.0,0.0,33.6,25.14,25.61,26.06,2.18,
54,2025-10-27 16:00:00,4.18,1.98,669.7,0.0,30.9,25.95,26.23,26.57,2.36,
54,2025-10-27 17:00:00,4.92,2.11,566.9,0.0,27.47,26.28,26.54,26.77,2.52,
54,2025-10-27 18:00:00,3.05,1.34,364.0,0.0,27.87,26.23,26.31,26.42,2.47,
54,2025-10-27 19:00:00,2.22,0.22,161.9,0.0,32.93,24.72,25.63,26.19,2.21,
54,2025-10-27 20:00:00,1.25,0.06,12.46,0.0,55.22,18.07,20.18,22.82,1.08,
54,2025-10-27 21:00:00,1.4,0.24,0.0,0.0,62.45,16.39,17.21,17.66,0.74,
54,2025-10-27 22:00:00,1.18,0.15,0.0,0.0,68.7,14.82,15.23,15.61,0.54,
54,2025-10-27 23:00:00,0.8,0.05,0.0,0.0,77.39,12.4,13.34,14.36,0.35,
54,2025-10-28 00:00:00,1.25,0.23,0.0,0.0,79.15,11.76,12.08,12.55,0.3,
54,2025-10-28 01:00:00,1.1,0.12,0.0,0.0,82.98,10.98,11.25,11.54,0.23,
54,2025-10-28 02:00:00,1.4,0.19,0.0,0.0,83.7,10.32,10.59,10.91,0.21,
54,2025-10-28 03:00:00,1.92,0.56,0.0,0.0,72.55,10.38,11.08,11.58,0.36,
54,2025-10-28 04:00:00,0.88,0.08,0.0,0.0,81.73,9.13,9.82,10.79,0.23,
54,2025-10-28 05:00:00,0.8,0.02,0.0,0.0,79.0,8.66,8.92,9.17,0.24,
54,2025-10-28 06:00:00,1.25,0.11,7.68,0.0,76.54,8.31,8.52,8.79,0.26,
54,2025-10-28 07:00:00,0.8,0.01,169.3,0.0,70.76,8.14,9.64,11.25,0.36,
54,2025-10-28 08:00:00,1.48,0.26,379.5,0.0,54.14,12.77,13.93,14.81,0.73,
54,2025-10-28 09:00:00,2.68,1.02,582.1,0.0,48.94,15.04,15.99,17.02,0.93,
54,2025-10-28 10:00:00,2.3,0.93,749.8,0.0,45.97,17.45,18.57,19.79,1.16,
54,2025-10-28 11:00:00,2.68,1.03,872.0,0.0,41.44,20.26,21.17,21.99,1.47,
54,2025-10-28 12:00:00,3.28,1.21,937.0,0.0,35.7,22.43,23.03,23.95,1.81,
54,2025-10-28 13:00:00,3.05,1.21,944.0,0.0,33.65,24.11,24.4,24.82,2.03,
54,2025-10-28 14:00:00,3.72,1.27,930.0,0.0,33.78,25.31,25.87,26.28,2.21,
54,2025-10-28 15:00:00,3.5,1.28,856.0,0.0,33.2,26.42,26.83,27.37,2.36,
54,2025-10-28 16:00:00,3.65,1.57,728.2,0.0,30.91,27.44,27.74,27.96,2.57,
54,2025-10-28 17:00:00,3.88,1.68,560.2,0.0,27.17,27.85,27.9,27.96,2.74,
54,2025-10-28 18:00:00,4.1,1.42,364.0,0.0,28.47,27.49,27.84,28.0,2.68,
54,2025-10-28 19:00:00,3.42,1.13,161.2,0.0,33.39,24.5,26.09,27.39,2.26,
54,2025-10-28 20:00:00,4.32,1.86,12.84,0.0,37.44,20.51,21.85,23.26,1.64,
54,2025-10-28 21:00:00,2.75,0.89,0.0,0.0,39.83,17.5,18.43,19.66,1.28,
54,2025-10-28 22:00:00,1.62,0.54,0.0,0.0,44.84,14.71,15.94,16.77,1.01,
54,2025-10-28 23:00:00,1.1,0.15,0.0,0.0,58.22,12.15,13.04,14.02,0.63,
54,2025-10-29 00:00:00,0.88,0.03,0.0,0.0,67.56,10.6,10.97,11.78,0.43,
54,2025-10-29 01:00:00,0.72,0.01,0.0,0.0,67.64,10.62,10.79,10.91,0.42,
54,2025-10-29 02:00:00,0.5,0.01,0.0,0.0,70.58,9.53,10.2,10.65,0.37,
54,2025-10-29 03:00:00,0.0,0.0,0.0,0.0,79.01,8.19,8.49,8.8,0.24,
54,2025-10-29 04:00:00,1.1,0.28,0.0,0.0,73.92,8.66,8.94,9.21,0.3,
54,2025-10-29 05:00:00,1.02,0.05,0.0,0.0,74.8,7.85,8.42,9.2,0.28,
54,2025-10-29 06:00:00,0.88,0.07,10.57,0.0,84.68,6.09,6.52,6.98,0.15,
54,2025-10-29 07:00:00,1.02,0.04,205.3,0.0,69.37,6.83,9.29,11.66,0.38,
54,2025-10-29 08:00:00,3.35,0.82,347.3,0.0,53.12,12.9,13.66,14.52,0.74,
54,2025-10-29 09:00:00,4.4,2.52,584.6,0.0,46.76,14.77,15.49,16.54,0.94,
54,2025-10-29 10:00:00,5.6,2.63,733.5,0.0,39.22,16.84,17.84,18.52,1.25,
54,2025-10-29 11:00:00,3.88,2.24,778.3,0.0,35.41,19.21,20.01,20.5,1.51,
54,2025-10-29 12:00:00,7.18,2.42,914.0,0.0,34.9,21.28,21.62,21.85,1.68,
54,2025-10-29 13:00:00,4.4,2.07,1030.0,0.0,32.54,22.97,23.44,24.02,1.95,
54,2025-10-29 14:00:00,4.85,2.12,989.0,0.0,26.84,24.27,24.82,25.29,2.29,
54,2025-10-29 15:00:00,4.92,2.11,864.0,0.0,23.23,25.51,25.99,26.36,2.58,
54,2025-10-29 16:00:00,3.88,1.79,741.8,0.0,22.99,26.78,26.96,27.12,2.74,
54,2025-10-29 17:00:00,3.65,1.41,493.8,0.0,25.01,25.81,26.53,27.21,2.6,
54,2025-10-29 18:00:00,3.12,1.26,346.7,0.0,27.94,26.05,26.3,26.75,2.47,
54,2025-10-29 19:00:00,3.65,1.76,166.0,0.0,35.76,21.89,23.73,25.82,1.9,
54,2025-10-29 20:00:00,3.8,2.08,14.67,0.0,46.71,18.17,19.33,20.63,1.2,
54,2025-10-29 21:00:00,3.95,2.28,0.0,0.0,60.11,15.72,16.54,17.53,0.76,
54,2025-10-29 22:00:00,3.88,1.8,0.0,0.0,68.44,14.29,14.8,15.28,0.53,
54,2025-10-29 23:00:00,2.15,0.98,0.0,0.0,74.29,13.05,13.39,13.83,0.4,
54,2025-10-30 00:00:00,1.4,0.42,0.0,0.0,80.82,11.81,12.23,12.68,0.27,
54,2025-10-30 01:00:00,0.95,0.11,0.0,0.0,87.33,10.41,10.84,11.36,0.17,
54,2025-10-30 02:00:00,0.72,0.02,0.0,0.0,89.28,9.25,9.85,10.41,0.13,
54,2025-10-30 03:00:00,0.0,0.0,0.0,0.0,90.75,8.7,9.1,9.39,0.11,
54,2025-10-30 04:00:00,0.35,0.0,0.0,0.0,91.55,8.18,8.41,8.71,0.1,
54,2025-10-30 05:00:00,0.65,0.01,0.0,0.0,92.95,7.57,7.9,8.28,0.07,
54,2025-10-30 06:00:00,1.02,0.03,11.46,0.0,94.13,7.42,7.5,7.58,0.06,
54,2025-10-30 07:00:00,2.6,0.43,189.3,0.0,87.53,7.56,9.33,11.6,0.15,
54,2025-10-30 08:00:00,3.95,1.96,381.8,0.0,73.28,12.61,13.37,14.05,0.41,
54,2025-10-30 09:00:00,5.0,2.19,580.8,0.0,71.27,14.36,14.94,15.51,0.49,
54,2025-10-30 10:00:00,4.47,2.5,749.4,0.0,65.84,16.14,16.77,17.45,0.65,
54,2025-10-30 11:00:00,5.08,2.56,870.0,0.0,58.69,17.94,18.5,19.04,0.88,
54,2025-10-30 12:00:00,4.47,2.14,936.0,0.0,52.53,19.97,20.59,21.44,1.15,
54,2025-10-30 13:00:00,3.72,1.65,945.0,0.0,45.24,22.01,22.75,23.53,1.52,
54,2025-10-30 14:00:00,3.88,1.82,933.0,0.0,41.15,23.77,24.48,25.24,1.81,
54,2025-10-30 15:00:00,4.1,1.83,860.0,0.0,34.27,25.37,25.75,26.16,2.18,
54,2025-10-30 16:00:00,3.42,1.22,723.2,0.0,29.98,26.58,26.66,26.76,2.45,
54,2025-10-30 17:00:00,4.03,1.73,562.8,0.0,30.06,27.0,27.04,27.07,2.5,
54,2025-10-30 18:00:00,5.9,2.96,370.4,0.0,36.87,24.67,25.69,26.75,2.09,
54,2025-10-30 19:00:00,5.3,2.81,130.9,0.0,39.31,21.07,22.33,23.55,1.64,
54,2025-10-30 20:00:00,3.72,1.6,15.46,0.0,44.5,17.24,18.58,20.02,1.19,
54,2025-10-30 21:00:00,4.1,1.91,0.0,0.0,50.86,14.94,15.82,16.66,0.89,
54,2025-10-30 22:00:00,1.55,0.6,0.0,0.0,60.09,12.35,13.3,14.33,0.61,
54,2025-10-30 23:00:00,2.08,0.86,0.0,0.0,60.01,11.34,11.93,12.34,0.56,
54,2025-10-31 00:00:00,1.62,0.18,0.0,0.0,69.99,9.48,10.16,10.96,0.37,
54,2025-10-31 01:00:00,1.25,0.33,0.0,0.0,70.49,9.76,10.2,10.54,0.37,
54,2025-10-31 02:00:00,0.8,0.03,0.0,0.0,80.79,7.86,8.39,8.95,0.21,
54,2025-10-31 03:00:00,0.0,0.0,0.0,0.0,85.45,7.11,7.35,7.69,0.15,
54,2025-10-31 04:00:00,1.02,0.25,0.0,0.0,89.33,6.5,6.65,6.88,0.1,
54,2025-10-31 05:00:00,0.65,0.04,0.0,0.0,91.03,6.63,6.68,6.75,0.09,
54,2025-10-31 06:00:00,1.48,0.27,7.92,0.0,91.15,6.36,6.58,6.88,0.09,
54,2025-10-31 07:00:00,1.62,0.27,228.9,0.0,89.2,6.96,7.5,8.71,0.12,
54,2025-10-31 08:00:00,2.68,1.28,273.4,0.0,71.17,11.11,11.88,12.7,0.41,
54,2025-10-31 09:00:00,3.8,1.7,609.2,0.0,63.6,12.98,13.74,14.5,0.58,
54,2025-10-31 10:00:00,4.85,2.31,781.4,0.0,54.65,15.24,15.95,16.64,0.82,
54,2025-10-31 11:00:00,4.85,2.52,727.2,0.0,53.52,16.79,16.97,17.16,0.9,
54,2025-10-31 12:00:00,6.12,3.04,770.6,0.0,50.52,17.73,17.94,18.18,1.02,
54,2025-10-31 13:00:00,4.85,2.56,800.0,0.0,47.78,18.59,19.01,19.3,1.15,
54,2025-10-31 14:00:00,4.85,2.7,589.9,0.0,46.65,18.68,19.04,19.2,1.18,
54,2025-10-31 15:00:00,5.6,2.82,570.3,0.0,45.81,18.96,19.18,19.55,1.21,
54,2025-10-31 16:00:00,4.78,2.6,640.3,0.0,40.8,19.09,19.49,19.84,1.34,
54,2025-10-31 17:00:00,4.55,2.44,575.4,0.0,36.43,19.74,20.2,20.48,1.51,
54,2025-10-31 18:00:00,4.85,2.5,399.1,0.0,36.56,19.71,20.0,20.11,1.49,
54,2025-10-31 19:00:00,5.3,2.31,143.0,0.0,42.79,17.21,18.75,19.47,1.25,
54,2025-10-31 20:00:00,6.42,2.74,18.66,0.0,57.1,14.54,15.38,16.3,0.75,
54,2025-10-31 21:00:00,4.62,1.84,0.0,0.0,64.14,12.47,13.31,14.02,0.55,
54,2025-10-31 22:00:00,2.45,0.97,0.0,0.0,69.9,11.05,11.39,11.78,0.41,
54,2025-10-31 23:00:00,2.0,0.34,0.0,0.0,76.95,8.69,10.04,11.19,0.29,
54,2025-11-01 00:00:00,0.95,0.14,0.0,0.0,86.0,7.65,7.82,8.23,0.15,
54,2025-11-01 01:00:00,0.0,0.0,0.0,0.0,89.0,5.92,6.56,7.35,0.11,
54,2025-11-01 02:00:00,1.02,0.17,0.0,0.0,92.18,5.34,5.63,5.9,0.07,
54,2025-11-01 03:00:00,1.48,0.44,0.0,0.0,88.93,6.2,6.84,8.05,0.11,
54,2025-11-01 04:00:00,2.68,0.73,0.0,0.0,83.93,8.38,8.46,8.61,0.18,
54,2025-11-01 05:00:00,2.6,1.29,0.0,0.0,84.75,8.14,8.37,8.54,0.17,
54,2025-11-01 06:00:00,1.78,0.63,17.05,0.0,87.58,7.42,7.59,7.85,0.13,
54,2025-11-01 07:00:00,2.45,0.56,189.2,0.0,80.03,7.85,8.91,9.87,0.23,
54,2025-11-01 08:00:00,4.18,2.22,400.3,0.0,73.58,10.18,10.59,11.21,0.34,
54,2025-11-01 09:00:00,3.95,2.09,602.1,0.0,64.76,11.85,12.71,13.53,0.52,
54,2025-11-01 10:00:00,4.7,2.43,770.5,0.0,55.86,14.21,15.12,16.07,0.76,
54,2025-11-01 11:00:00,4.7,2.49,895.0,0.0,47.95,16.57,17.6,18.49,1.05,
54,2025-11-01 12:00:00,4.92,2.57,959.0,0.0,41.51,19.21,19.96,20.43,1.37,
54,2025-11-01 13:00:00,4.78,2.65,969.0,0.0,34.25,21.1,21.43,21.7,1.68,
54,2025-11-01 14:00:00,5.68,2.86,954.0,0.0,28.6,22.22,22.73,23.27,1.98,
54,2025-11-01 15:00:00,4.92,2.64,887.0,0.0,24.24,23.3,23.73,24.0,2.23,
54,2025-11-01 16:00:00,4.78,2.56,757.7,0.0,23.74,24.23,24.29,24.4,2.32,
54,2025-11-01 17:00:00,4.18,2.26,585.7,0.0,23.35,24.33,24.44,24.59,2.35,
54,2025-11-01 18:00:00,4.32,2.4,386.6,0.0,23.79,23.85,24.15,24.3,2.3,
54,2025-11-01 19:00:00,3.35,1.43,183.3,0.0,28.97,21.69,22.76,23.55,1.98,
54,2025-11-01 20:00:00,0.95,0.32,21.0,0.0,41.54,17.09,18.5,20.42,1.25,
54,2025-11-01 21:00:00,1.02,0.17,0.0,0.0,50.19,14.81,15.71,16.59,0.89,
54,2025-11-01 22:00:00,3.8,1.45,0.0,0.0,55.68,15.48,16.0,16.4,0.81,
54,2025-11-01 23:00:00,3.42,1.55,0.0,0.0,62.93,14.33,15.13,15.65,0.64,
54,2025-11-02 00:00:00,2.9,1.15,0.0,0.0,67.55,13.18,13.45,13.68,0.5,
54,2025-11-02 01:00:00,4.4,1.94,0.0,0.0,68.66,12.69,13.07,13.45,0.47,
54,2025-11-02 02:00:00,3.2,1.4,0.0,0.0,70.38,12.22,12.38,12.55,0.43,
54,2025-11-02 03:00:00,3.35,1.52,0.0,0.0,71.83,11.89,12.11,12.23,0.4,
54,2025-11-02 04:00:00,3.28,1.61,0.0,0.0,75.71,11.3,11.55,11.73,0.33,
54,2025-11-02 05:00:00,2.82,0.8,0.0,0.0,83.35,9.7,10.41,10.93,0.21,
54,2025-11-02 06:00:00,2.68,0.77,20.53,0.0,88.3,9.17,9.37,9.55,0.14,
54,2025-11-02 07:00:00,3.42,1.26,194.4,0.0,81.85,9.96,10.7,11.43,0.24,
54,2025-11-02 08:00:00,4.62,2.36,404.6,0.0,75.58,11.75,12.42,13.21,0.35,
54,2025-11-02 09:00:00,4.25,2.29,605.7,0.0,66.91,13.68,14.53,15.44,0.55,
54,2025-11-02 10:00:00,4.18,2.06,775.1,0.0,56.15,16.17,17.11,18.13,0.86,
54,2025-11-02 11:00:00,3.58,1.54,897.0,0.0,50.98,18.57,19.39,20.36,1.11,
54,2025-11-02 12:00:00,3.8,1.76,961.0,0.0,42.92,20.92,21.7,22.53,1.49,
54,2025-11-02 13:00:00,3.88,1.33,969.0,0.0,39.05,23.03,23.79,24.38,1.8,
54,2025-11-02 14:00:00,3.12,1.34,953.0,0.0,34.04,24.81,25.34,25.91,2.14,
54,2025-11-02 15:00:00,3.28,1.13,874.0,0.0,24.57,26.62,27.17,27.6,2.72,
54,2025-11-02 16:00:00,3.12,1.18,751.2,0.0,23.45,27.33,28.17,28.64,2.93,
54,2025-11-02 17:00:00,4.4,1.28,585.2,0.0,24.62,28.5,28.7,28.96,2.97,
54,2025-11-02 18:00:00,5.3,3.34,381.3,0.0,33.57,24.49,25.87,27.37,2.22,
54,2025-11-02 19:00:00,5.68,3.08,181.0,0.0,38.95,20.28,22.27,23.92,1.66,
54,2025-11-02 20:00:00,4.55,2.51,8.96,0.0,47.55,17.0,18.02,19.09,1.09,
54,2025-11-02 21:00:00,4.1,2.61,0.0,0.0,51.55,15.51,16.07,16.51,0.89,
54,2025-11-02 22:00:00,4.03,2.05,0.0,0.0,57.57,14.03,14.65,15.21,0.71,
54,2025-11-02 23:00:00,2.3,1.17,0.0,0.0,64.12,13.18,13.48,13.69,0.56,
54,2025-11-03 00:00:00,1.78,0.69,0.0,0.0,70.25,11.54,12.42,12.93,0.43,
54,2025-11-03 01:00:00,0.88,0.04,0.0,0.0,80.96,9.66,10.38,10.91,0.24,
54,2025-11-03 02:00:00,1.4,0.2,0.0,0.0,81.55,9.64,10.03,10.39,0.23,
54,2025-11-03 03:00:00,0.95,0.11,0.0,0.0,83.78,9.2,9.51,9.7,0.19,
54,2025-11-03 04:00:00,2.15,0.4,0.0,0.0,84.95,9.23,9.64,10.16,0.18,
54,2025-11-03 05:00:00,1.78,0.43,0.0,0.0,86.8,9.05,9.71,10.23,0.16,
54,2025-11-03 06:00:00,0.0,0.0,8.59,0.0,90.05,8.26,8.49,8.69,0.11,
54,2025-11-03 07:00:00,1.32,0.46,127.2,0.0,87.2,8.35,9.51,11.04,0.16,
54,2025-11-03 08:00:00,2.0,1.0,307.0,0.0,78.53,11.39,12.05,12.86,0.3,
54,2025-11-03 09:00:00,3.05,1.22,574.9,0.0,71.21,13.44,14.03,14.88,0.47,
54,2025-11-03 10:00:00,2.9,1.07,486.2,0.0,66.63,14.78,14.93,15.23,0.57,
54,2025-11-03 11:00:00,4.1,1.38,767.2,0.0,59.05,16.3,16.57,16.83,0.77,
54,2025-11-03 12:00:00,7.4,1.98,798.6,0.0,55.04,16.89,17.34,17.64,0.89,
54,2025-11-03 13:00:00,4.03,2.09,812.0,0.0,53.76,17.76,18.44,18.95,0.98,
54,2025-11-03 14:00:00,4.62,1.82,769.8,0.0,51.1,19.22,19.49,19.67,1.11,
54,2025-11-03 15:00:00,4.47,2.45,797.4,0.0,48.52,19.66,19.96,20.36,1.2,
54,2025-11-03 16:00:00,5.38,2.89,545.0,0.0,52.25,18.71,19.2,19.67,1.06,
54,2025-11-03 17:00:00,5.6,3.27,367.0,0.0,56.29,17.41,17.89,18.3,0.9,
54,2025-11-03 18:00:00,5.3,3.01,284.8,0.0,57.1,16.32,16.94,17.17,0.83,
54,2025-11-03 19:00:00,4.62,2.48,115.2,0.0,63.31,15.06,15.52,16.01,0.65,
54,2025-11-03 20:00:00,3.12,1.57,12.5,0.0,67.24,14.54,14.66,14.74,0.55,
54,2025-11-03 21:00:00,2.68,1.13,0.0,0.0,69.97,14.11,14.31,14.45,0.49,
54,2025-11-03 22:00:00,2.22,1.02,0.0,0.0,72.61,13.76,13.87,13.99,0.43,
54,2025-11-03 23:00:00,2.22,0.88,0.0,0.0,73.11,13.63,13.7,13.76,0.42,
54,2025-11-04 00:00:00,1.18,0.19,0.0,0.0,76.66,13.43,13.5,13.57,0.36,
54,2025-11-04 01:00:00,1.25,0.28,0.0,0.0,77.87,13.21,13.31,13.39,0.34,
54,2025-11-04 02:00:00,1.1,0.03,0.0,0.0,81.28,12.82,12.96,13.04,0.28,
54,2025-11-04 03:00:00,0.0,0.0,0.0,0.0,87.25,12.02,12.17,12.38,0.18,
54,2025-11-04 04:00:00,0.42,0.0,0.0,0.0,89.1,10.65,11.46,12.2,0.15,
54,2025-11-04 05:00:00,0.72,0.01,0.0,0.0,92.5,9.33,9.61,10.19,0.09,
54,2025-11-04 06:00:00,0.57,0.01,12.18,0.0,93.25,8.16,8.6,9.2,0.08,
54,2025-11-04 07:00:00,0.35,0.0,203.9,0.0,86.12,8.22,10.42,12.95,0.19,
54,2025-11-04 08:00:00,2.08,0.48,410.6,0.0,74.32,13.73,14.24,14.97,0.42,
54,2025-11-04 09:00:00,2.08,0.74,629.8,0.0,64.38,15.43,15.99,16.33,0.65,
54,2025-11-04 10:00:00,2.3,0.91,620.0,0.0,59.63,16.39,16.8,17.31,0.77,
54,2025-11-04 11:00:00,3.35,0.82,556.3,0.0,51.9,17.67,17.82,18.09,0.98,
54,2025-11-04 12:00:00,2.45,0.55,954.0,0.0,48.95,17.9,18.46,19.27,1.09,
54,2025-11-04 13:00:00,3.58,1.23,1116.0,0.0,46.22,19.2,19.5,19.91,1.22,
54,2025-11-04 14:00:00,3.05,1.13,1067.0,0.0,40.87,20.5,20.82,21.05,1.45,
54,2025-11-04 15:00:00,3.5,1.39,912.0,0.0,38.08,21.51,22.02,22.48,1.64,
54,2025-11-04 16:00:00,3.5,1.62,652.5,0.0,38.71,21.81,22.11,22.51,1.64,
54,2025-11-04 17:00:00,3.42,1.49,556.8,0.0,37.3,22.49,22.64,22.77,1.72,
54,2025-11-04 18:00:00,3.35,1.46,377.6,0.0,36.17,22.05,22.46,22.7,1.74,
54,2025-11-04 19:00:00,2.6,0.75,140.8,0.0,41.35,20.75,21.25,21.77,1.48,
54,2025-11-04 20:00:00,2.22,0.64,33.9,0.0,59.06,16.61,18.03,20.42,0.86,
54,2025-11-04 21:00:00,2.98,1.19,0.0,0.0,64.83,15.27,15.94,16.47,0.64,
54,2025-11-04 22:00:00,1.02,0.09,0.0,0.0,77.22,11.87,13.05,14.23,0.35,
54,2025-11-04 23:00:00,0.65,0.01,0.0,0.0,84.13,10.65,10.97,11.35,0.21,
54,2025-11-05 00:00:00,1.02,0.12,0.0,0.0,88.48,9.46,9.79,10.04,0.14,
54,2025-11-05 01:00:00,1.02,0.24,0.0,0.0,90.75,9.15,9.26,9.44,0.11,
54,2025-11-05 02:00:00,1.7,0.53,0.0,0.0,89.38,9.35,9.62,9.84,0.13,
54,2025-11-05 03:00:00,0.8,0.06,0.0,0.0,91.2,8.48,8.88,9.15,0.1,
54,2025-11-05 04:00:00,0.0,0.0,0.0,0.0,90.93,8.06,8.41,8.62,0.1,
54,2025-11-05 05:00:00,0.95,0.04,0.0,0.0,92.75,6.86,7.0,7.26,0.07,
54,2025-11-05 06:00:00,0.0,0.0,22.51,0.0,93.9,6.13,6.25,6.44,0.06,
54,2025-11-05 07:00:00,0.0,0.0,206.1,0.0,86.9,6.71,8.89,11.25,0.16,
54,2025-11-05 08:00:00,1.7,0.28,399.2,0.0,77.02,12.87,13.52,14.37,0.36,
54,2025-11-05 09:00:00,3.12,1.17,596.2,0.0,66.19,14.83,15.74,16.45,0.61,
54,2025-11-05 10:00:00,3.12,1.23,764.5,0.0,60.64,16.97,17.67,18.27,0.8,
54,2025-11-05 11:00:00,3.35,1.06,887.0,0.0,54.74,18.97,19.66,20.48,1.04,
54,2025-11-05 12:00:00,5.52,1.55,949.0,0.0,45.94,21.11,21.72,22.6,1.41,
54,2025-11-05 13:00:00,3.72,1.27,965.0,0.0,41.29,22.84,23.26,23.96,1.68,
54,2025-11-05 14:00:00,3.72,1.35,944.0,0.0,38.48,24.28,24.49,24.87,1.89,
54,2025-11-05 15:00:00,3.65,1.37,909.0,0.0,36.41,24.9,25.6,26.0,2.09,
54,2025-11-05 16:00:00,3.88,1.44,725.9,0.0,35.34,24.79,25.22,25.57,2.08,
54,2025-11-05 17:00:00,3.2,1.33,606.0,0.0,34.95,25.51,25.79,25.91,2.16,
54,2025-11-05 18:00:00,5.38,2.76,284.9,0.0,44.55,23.11,24.12,24.87,1.67,
54,2025-11-05 19:00:00,5.0,2.94,175.7,0.0,50.61,20.52,21.8,22.84,1.29,
54,2025-11-05 20:00:00,3.95,1.67,23.29,0.0,59.32,16.99,17.95,19.11,0.84,
54,2025-11-05 21:00:00,4.18,2.35,0.0,0.0,69.1,14.65,15.48,16.33,0.55,
54,2025-11-05 22:00:00,3.72,1.85,0.0,0.0,76.58,13.19,13.61,14.09,0.37,
54,2025-11-05 23:00:00,2.82,1.65,0.0,0.0,78.46,12.84,12.98,13.16,0.32,
54,2025-11-06 00:00:00,2.9,1.37,0.0,0.0,81.41,11.96,12.36,12.8,0.27,
54,2025-11-06 01:00:00,2.52,1.5,0.0,0.0,78.65,12.02,12.34,12.66,0.31,
54,2025-11-06 02:00:00,2.3,0.94,0.0,0.0,81.5,11.81,12.0,12.34,0.26,
54,2025-11-06 03:00:00,1.32,0.49,0.0,0.0,84.78,10.43,11.05,11.68,0.2,
54,2025-11-06 04:00:00,1.02,0.02,0.0,0.0,89.68,8.65,9.36,9.79,0.12,
54,2025-11-06 05:00:00,1.1,0.09,0.0,0.0,92.93,7.96,8.13,8.26,0.08,
54,2025-11-06 06:00:00,1.25,0.23,18.16,0.0,93.45,7.98,8.52,9.0,0.07,
54,2025-11-06 07:00:00,1.4,0.38,42.5,0.0,91.45,8.25,9.16,9.97,0.1,
54,2025-11-06 08:00:00,3.65,1.4,132.4,0.0,81.66,10.42,11.48,12.43,0.25,
54,2025-11-06 09:00:00,3.12,1.86,167.3,0.0,75.66,12.93,13.15,13.32,0.37,
54,2025-11-06 10:00:00,2.9,1.63,247.2,0.0,77.11,12.69,13.01,13.5,0.35,
54,2025-11-06 11:00:00,4.55,2.14,957.0,0.0,63.66,14.6,15.94,16.67,0.66,
54,2025-11-06 12:00:00,4.78,2.33,260.9,0.0,66.15,15.14,15.6,16.38,0.6,
54,2025-11-06 13:00:00,5.0,2.77,351.4,0.0,64.73,15.64,15.76,15.86,0.64,
54,2025-11-06 14:00:00,4.1,2.37,234.7,0.0,63.23,15.47,15.71,15.83,0.66,
54,2025-11-06 15:00:00,4.47,2.17,226.5,0.0,63.29,15.74,15.84,15.96,0.66,
54,2025-11-06 16:00:00,5.6,2.76,499.2,0.0,59.5,16.74,16.94,17.15,0.78,
54,2025-11-06 17:00:00,4.47,2.19,509.4,0.0,56.0,16.93,17.28,17.91,0.87,
54,2025-11-06 18:00:00,5.0,2.54,487.0,0.0,54.5,17.29,17.88,18.41,0.94,
54,2025-11-06 19:00:00,3.2,1.68,200.4,0.0,55.57,16.92,17.07,17.25,0.86,
54,2025-11-06 20:00:00,3.65,1.17,30.77,0.0,68.53,13.55,14.84,16.13,0.54,
54,2025-11-06 21:00:00,2.45,1.14,0.0,0.0,76.67,12.31,12.69,13.05,0.34,
54,2025-11-06 22:00:00,2.38,1.03,0.0,0.0,78.55,12.06,12.29,12.48,0.31,
54,2025-11-06 23:00:00,1.92,0.93,0.0,0.0,81.48,11.61,11.9,12.17,0.26,
54,2025-11-07 00:00:00,1.92,0.71,0.0,0.0,83.75,11.18,11.29,11.41,0.22,
54,2025-11-07 01:00:00,1.55,0.31,0.0,0.0,83.88,11.2,11.46,11.67,0.22,
54,2025-11-07 02:00:00,0.8,0.05,0.0,0.0,82.68,11.8,11.84,11.86,0.24,
54,2025-11-07 03:00:00,0.0,0.0,0.0,0.0,86.83,10.68,11.21,11.79,0.18,
54,2025-11-07 04:00:00,1.02,0.1,0.0,0.0,86.48,11.33,11.35,11.36,0.18,
54,2025-11-07 05:00:00,0.72,0.02,0.0,0.0,86.23,11.33,11.44,11.57,0.19,
54,2025-11-07 06:00:00,1.1,0.23,5.3,0.0,87.73,11.28,11.43,11.61,0.17,
54,2025-11-07 07:00:00,1.78,0.43,202.7,0.0,82.77,11.29,12.04,12.9,0.25,
54,2025-11-07 08:00:00,2.9,1.31,410.3,0.0,70.57,13.5,14.11,14.73,0.48,
54,2025-11-07 09:00:00,3.12,0.96,647.3,0.0,62.15,15.44,15.85,16.21,0.68,
54,2025-11-07 10:00:00,3.35,1.03,661.5,0.0,60.5,16.43,16.75,17.13,0.75,
54,2025-11-07 11:00:00,3.5,1.18,958.0,0.0,51.61,16.92,18.13,18.74,1.01,
54,2025-11-07 12:00:00,3.2,1.01,1003.0,0.0,46.51,18.72,19.34,19.82,1.2,
54,2025-11-07 13:00:00,3.35,1.21,1039.0,0.0,43.0,19.98,20.42,20.8,1.37,
54,2025-11-07 14:00:00,3.88,1.34,982.0,0.0,37.52,21.23,21.8,22.48,1.63,
54,2025-11-07 15:00:00,4.1,1.68,926.0,0.0,32.48,22.62,23.0,23.24,1.9,
54,2025-11-07 16:00:00,4.18,1.38,708.8,0.0,30.25,23.18,23.31,23.38,2.0,
54,2025-11-07 17:00:00,3.8,1.48,601.0,0.0,30.43,22.9,23.41,23.79,2.01,
54,2025-11-07 18:00:00,3.28,1.64,339.2,0.0,31.64,22.66,23.09,23.58,1.93,
54,2025-11-07 19:00:00,3.35,0.93,198.4,0.0,35.5,21.2,21.95,22.63,1.71,
54,2025-11-07 20:00:00,3.95,1.57,17.49,0.0,56.23,17.43,18.43,20.02,0.93,
54,2025-11-07 21:00:00,2.75,0.96,0.0,0.0,65.13,14.54,15.48,16.59,0.62,
54,2025-11-07 22:00:00,1.32,0.15,0.0,0.0,73.63,12.32,13.22,14.03,0.4,
54,2025-11-07 23:00:00,0.95,0.06,0.0,0.0,80.71,10.99,11.29,11.59,0.26,
54,2025-11-08 00:00:00,1.18,0.04,0.0,0.0,85.2,9.77,10.11,10.63,0.18,
54,2025-11-08 01:00:00,1.32,0.3,0.0,0.0,85.6,9.8,9.89,10.02,0.18,
54,2025-11-08 02:00:00,1.25,0.16,0.0,0.0,87.8,9.39,9.66,9.96,0.15,
54,2025-11-08 03:00:00,1.02,0.19,0.0,0.0,89.08,9.03,9.12,9.21,0.13,
54,2025-11-08 04:00:00,1.18,0.29,0.0,0.0,90.4,8.89,8.92,8.95,0.11,
54,2025-11-08 05:00:00,1.25,0.29,0.0,0.0,91.0,8.75,8.91,9.01,0.1,
54,2025-11-08 06:00:00,1.4,0.29,22.87,0.0,91.48,8.35,8.48,8.62,0.1,
54,2025-11-08 07:00:00,1.4,0.13,206.5,0.0,85.6,8.79,10.23,11.99,0.19,
54,2025-11-08 08:00:00,3.65,1.61,436.3,0.0,75.79,12.79,13.26,13.84,0.37,
54,2025-11-08 09:00:00,3.65,1.8,618.5,0.0,71.04,13.94,14.72,15.71,0.49,
54,2025-11-08 10:00:00,3.5,1.41,780.4,0.0,63.51,16.08,17.06,18.23,0.72,
54,2025-11-08 11:00:00,3.12,1.39,900.0,0.0,52.99,18.85,19.54,20.31,1.07,
54,2025-11-08 12:00:00,3.28,1.16,977.0,0.0,46.55,20.79,21.65,22.74,1.39,
54,2025-11-08 13:00:00,4.1,1.5,991.0,0.0,35.43,22.91,23.6,24.32,1.89,
54,2025-11-08 14:00:00,4.1,1.72,982.0,0.0,30.85,24.6,24.67,24.8,2.15,
54,2025-11-08 15:00:00,4.18,1.28,685.5,0.0,32.92,23.86,24.23,24.61,2.03,
54,2025-11-08 16:00:00,4.55,2.02,878.0,0.0,33.56,24.34,24.94,25.63,2.1,
54,2025-11-08 17:00:00,6.12,3.09,568.5,0.0,36.89,24.4,24.64,25.02,1.96,
54,2025-11-08 18:00:00,5.75,3.44,441.1,0.0,41.11,22.1,23.16,24.22,1.68,
54,2025-11-08 19:00:00,5.45,2.86,195.4,0.0,47.43,19.33,20.58,21.67,1.28,
54,2025-11-08 20:00:00,5.0,2.7,35.6,0.0,62.11,15.72,16.9,18.3,0.74,
54,2025-11-08 21:00:00,4.25,2.27,0.0,0.0,73.65,14.46,14.87,15.36,0.45,
54,2025-11-08 22:00:00,4.47,2.25,0.0,0.0,76.77,13.87,14.11,14.36,0.38,
54,2025-11-08 23:00:00,3.42,1.96,0.0,0.0,76.79,13.47,13.61,13.76,0.37,
54,2025-11-09 00:00:00,2.45,1.2,0.0,0.0,77.47,13.19,13.29,13.36,0.35,
54,2025-11-09 01:00:00,2.22,0.93,0.0,0.0,78.76,12.39,12.7,13.0,0.31,
54,2025-11-09 02:00:00,1.48,0.3,0.0,0.0,81.86,11.66,12.1,12.37,0.26,
54,2025-11-09 03:00:00,0.8,0.04,0.0,0.0,87.58,10.31,10.79,11.24,0.16,
54,2025-11-09 04:00:00,0.0,0.0,0.0,0.0,90.93,9.45,9.7,9.96,0.11,
54,2025-11-09 05:00:00,0.57,0.0,0.0,0.0,92.45,9.48,9.64,9.81,0.09,
54,2025-11-09 06:00:00,0.0,0.0,13.02,0.0,93.75,9.66,9.76,9.98,0.08,
54,2025-11-09 07:00:00,2.68,1.29,100.1,0.0,87.35,10.73,10.94,11.1,0.17,
54,2025-11-09 08:00:00,2.98,1.48,179.8,0.0,78.71,11.73,12.45,13.04,0.31,
54,2025-11-09 09:00:00,2.38,1.1,320.1,0.0,69.15,13.65,14.23,14.82,0.5,
54,2025-11-09 10:00:00,3.58,1.36,650.6,0.0,60.1,15.21,15.95,16.53,0.73,
54,2025-11-09 11:00:00,2.98,1.2,827.0,0.0,57.02,17.45,17.58,17.85,0.86,
54,2025-11-09 12:00:00,3.5,1.21,534.9,0.0,53.1,17.41,17.96,18.47,0.97,
54,2025-11-09 13:00:00,4.7,1.79,833.0,0.0,43.86,18.94,19.41,20.0,1.27,
54,2025-11-09 14:00:00,4.7,1.54,1005.0,0.0,42.98,20.12,20.45,21.23,1.37,
54,2025-11-09 15:00:00,4.32,1.45,930.0,0.0,38.48,20.73,21.56,22.27,1.59,
54,2025-11-09 16:00:00,3.95,1.47,830.0,0.0,36.22,22.06,22.26,22.54,1.72,
54,2025-11-09 17:00:00,4.1,2.07,590.5,0.0,36.91,21.64,22.2,22.56,1.69,
54,2025-11-09 18:00:00,4.78,2.53,403.3,0.0,41.35,20.71,21.42,22.14,1.5,
54,2025-11-09 19:00:00,5.45,2.61,199.2,0.0,49.94,18.04,19.27,20.36,1.12,
54,2025-11-09 20:00:00,3.95,1.75,36.4,0.0,58.31,15.58,16.32,17.1,0.78,
54,2025-11-09 21:00:00,2.9,1.32,0.0,0.0,65.17,13.55,13.88,14.2,0.55,
54,2025-11-09 22:00:00,2.3,1.2,0.0,0.0,73.85,12.42,13.1,13.72,0.4,
54,2025-11-09 23:00:00,1.7,0.44,0.0,0.0,83.65,10.33,11.22,11.95,0.22,
54,2025-11-10 00:00:00,0.95,0.07,0.0,0.0,89.33,8.92,9.5,10.11,0.13,
54,2025-11-10 01:00:00,0.65,0.01,0.0,0.0,91.43,7.95,8.45,8.85,0.1,
54,2025-11-10 02:00:00,0.0,0.0,0.0,0.0,92.5,7.08,7.59,8.01,0.08,
54,2025-11-10 03:00:00,0.8,0.01,0.0,0.0,93.13,6.33,6.54,6.81,0.07,
54,2025-11-10 04:00:00,0.0,0.0,0.0,0.0,93.0,5.83,6.12,6.6,0.07,
54,2025-11-10 05:00:00,1.1,0.05,0.0,0.0,95.1,6.03,6.25,6.42,0.05,
54,2025-11-10 06:00:00,0.0,0.0,42.36,0.0,94.58,5.88,6.11,6.32,0.05,
54,2025-11-10 07:00:00,0.88,0.02,209.7,0.0,88.85,7.26,9.04,9.97,0.13,
54,2025-11-10 08:00:00,2.08,0.42,422.3,0.0,75.39,11.05,12.22,13.35,0.36,
54,2025-11-10 09:00:00,3.5,1.49,623.3,0.0,66.4,13.78,14.35,14.92,0.55,
54,2025-11-10 10:00:00,3.72,1.67,764.3,0.0,58.98,15.32,16.16,16.95,0.76,
54,2025-11-10 11:00:00,4.1,1.75,788.3,0.0,56.54,17.35,17.76,18.14,0.89,
54,2025-11-10 12:00:00,3.8,1.51,1013.0,0.0,49.94,18.93,19.48,20.13,1.14,
54,2025-11-10 13:00:00,4.1,1.6,1164.0,0.0,45.12,20.41,21.06,21.44,1.37,
54,2025-11-10 14:00:00,4.32,1.35,1020.0,0.0,40.0,21.45,22.06,22.44,1.59,
54,2025-11-10 15:00:00,4.03,1.17,905.0,0.0,35.54,21.97,22.86,23.19,1.8,
54,2025-11-10 16:00:00,3.95,1.6,880.0,0.0,36.24,23.25,23.98,24.49,1.9,
54,2025-11-10 17:00:00,4.92,1.63,487.9,0.0,38.95,22.21,22.46,22.96,1.66,
54,2025-11-10 18:00:00,5.75,3.64,452.4,0.0,39.41,20.65,21.76,22.64,1.58,
54,2025-11-10 19:00:00,5.82,3.24,186.6,0.0,45.24,18.31,19.02,20.14,1.21,
54,2025-11-10 20:00:00,5.52,2.79,36.39,0.0,54.96,15.72,16.34,17.23,0.84,
54,2025-11-10 21:00:00,4.7,2.34,0.01,0.0,60.94,13.97,14.61,15.31,0.65,
54,2025-11-10 22:00:00,4.4,1.89,0.0,0.0,67.21,13.34,13.75,13.99,0.52,
54,2025-11-10 23:00:00,2.6,0.86,0.0,0.0,73.45,12.03,12.55,13.09,0.39,
54,2025-11-11 00:00:00,1.32,0.33,0.0,0.0,79.81,11.01,11.38,11.68,0.27,
54,2025-11-11 01:00:00,1.32,0.21,0.0,0.0,84.4,9.73,10.5,11.07,0.2,
54,2025-11-11 02:00:00,1.32,0.07,0.0,0.0,90.33,8.05,8.56,9.17,0.11,
54,2025-11-11 03:00:00,0.72,0.03,0.0,0.0,93.28,7.4,7.64,7.81,0.07,
54,2025-11-11 04:00:00,0.0,0.0,0.0,0.0,93.23,6.01,6.35,6.78,0.07,
54,2025-11-11 05:00:00,0.95,0.1,0.0,0.0,93.4,5.92,5.98,6.06,0.06,
54,2025-11-11 06:00:00,1.02,0.13,38.7,0.0,94.38,5.45,5.59,5.72,0.05,
54,2025-11-11 07:00:00,1.55,0.42,231.2,0.0,86.28,6.63,8.72,11.04,0.17,
54,2025-11-11 08:00:00,1.85,0.21,424.0,0.0,70.01,12.26,13.66,14.57,0.47,
54,2025-11-11 09:00:00,2.08,0.74,560.9,0.0,63.95,15.04,15.38,15.94,0.63,
54,2025-11-11 10:00:00,2.9,0.85,801.0,0.0,55.05,15.71,16.89,17.47,0.87,
54,2025-11-11 11:00:00,3.72,1.42,972.0,0.0,47.11,17.83,18.29,18.51,1.11,
54,2025-11-11 12:00:00,3.42,1.29,1029.0,0.0,39.3,18.38,19.5,20.41,1.38,
54,2025-11-11 13:00:00,3.2,1.43,851.0,0.0,37.01,19.98,20.23,20.45,1.5,
54,2025-11-11 14:00:00,4.4,1.16,810.0,0.0,35.6,21.28,21.44,21.6,1.65,
54,2025-11-11 15:00:00,4.1,1.56,845.0,0.0,32.27,21.92,22.15,22.4,1.81,
54,2025-11-11 16:00:00,6.58,3.13,767.8,0.0,38.67,22.08,22.4,23.07,1.66,
54,2025-11-11 17:00:00,5.68,3.26,620.5,0.0,41.14,21.85,21.94,22.05,1.55,
54,2025-11-11 18:00:00,5.45,3.15,418.0,0.0,41.68,20.5,21.17,21.56,1.47,
54,2025-11-11 19:00:00,5.38,3.17,208.5,0.0,45.72,18.87,19.75,20.48,1.25,
54,2025-11-11 20:00:00,5.52,2.91,43.58,0.0,51.85,16.65,17.46,18.32,0.96,
54,2025-11-11 21:00:00,5.52,3.28,0.01,0.0,56.5,15.08,15.59,16.21,0.77,
54,2025-11-11 22:00:00,3.58,1.69,0.0,0.0,67.24,12.46,13.27,14.39,0.5,
54,2025-11-11 23:00:00,2.08,0.82,0.0,0.0,74.51,11.03,11.56,12.16,0.35,
54,2025-11-12 00:00:00,1.85,0.74,0.0,0.0,78.69,10.09,10.51,10.97,0.27,
54,2025-11-12 01:00:00,1.48,0.35,0.0,0.0,84.55,9.04,9.52,9.89,0.19,
54,2025-11-12 02:00:00,1.1,0.16,0.0,0.0,90.25,7.76,8.11,8.52,0.11,
54,2025-11-12 03:00:00,2.22,0.69,0.0,0.0,89.23,8.65,9.04,9.24,0.13,
54,2025-11-12 04:00:00,2.22,0.7,0.0,0.0,89.53,8.75,9.07,9.31,0.12,
54,2025-11-12 05:00:00,4.18,1.6,0.0,0.0,87.6,8.97,9.3,9.48,0.15,
54,2025-11-12 06:00:00,4.03,1.9,20.11,0.0,87.58,9.31,9.41,9.48,0.15,
54,2025-11-12 07:00:00,6.58,3.18,107.1,0.0,84.7,9.74,9.96,10.15,0.19,
54,2025-11-12 08:00:00,6.05,3.02,413.8,0.0,77.74,10.4,11.2,12.21,0.3,
54,2025-11-12 09:00:00,5.68,3.28,632.2,0.0,66.74,12.76,13.79,14.91,0.53,
54,2025-11-12 10:00:00,6.12,3.6,797.7,0.0,57.46,15.06,16.06,16.7,0.78,
54,2025-11-12 11:00:00,6.2,3.86,916.0,0.0,50.97,17.34,18.26,19.24,1.03,
54,2025-11-12 12:00:00,6.5,3.96,982.0,0.0,44.76,19.45,20.08,20.72,1.3,
54,2025-11-12 13:00:00,6.72,3.94,989.0,0.0,40.72,20.92,21.61,22.11,1.53,
54,2025-11-12 14:00:00,6.88,3.86,977.0,0.0,35.54,22.47,22.99,23.67,1.81,
54,2025-11-12 15:00:00,7.4,3.73,905.0,0.0,32.55,23.68,24.07,24.52,2.02,
54,2025-11-12 16:00:00,6.2,3.59,783.0,0.0,29.54,24.88,24.9,24.93,2.22,
54,2025-11-12 17:00:00,6.95,3.63,617.6,0.0,26.0,24.93,25.02,25.1,2.35,
54,2025-11-12 18:00:00,6.12,3.6,422.6,0.0,29.82,24.26,24.59,25.0,2.17,
54,2025-11-12 19:00:00,5.38,3.01,216.5,0.0,32.38,22.83,23.53,24.07,1.96,
54,2025-11-12 20:00:00,4.18,1.83,47.47,0.0,41.38,19.29,20.65,22.08,1.44,
54,2025-11-12 21:00:00,3.5,1.85,0.02,0.0,49.7,17.74,18.47,19.06,1.07,
54,2025-11-12 22:00:00,3.5,1.94,0.0,0.0,56.08,16.21,16.8,17.47,0.84,
54,2025-11-12 23:00:00,4.7,2.52,0.0,0.0,59.47,15.48,15.95,16.15,0.74,
54,2025-11-13 00:00:00,5.98,3.1,0.0,0.0,63.23,14.94,15.23,15.53,0.64,
54,2025-11-13 01:00:00,7.25,3.39,0.0,0.0,70.68,13.84,14.24,14.62,0.48,
54,2025-11-13 02:00:00,5.6,2.89,0.0,0.0,76.07,12.71,13.14,13.59,0.36,
54,2025-11-13 03:00:00,4.55,2.56,0.0,0.0,79.98,11.72,12.01,12.38,0.28,
54,2025-11-13 04:00:00,5.08,2.71,0.0,0.0,83.55,10.99,11.22,11.5,0.22,
54,2025-11-13 05:00:00,5.68,3.21,0.0,0.0,84.63,10.99,11.17,11.27,0.21,
54,2025-11-13 06:00:00,5.9,3.56,9.42,0.0,84.9,11.28,11.33,11.37,0.2,
54,2025-11-13 07:00:00,5.15,2.76,66.9,0.0,83.6,11.4,11.54,11.6,0.22,
54,2025-11-13 08:00:00,5.08,3.12,168.3,0.0,80.78,11.72,11.82,11.98,0.27,
54,2025-11-13 09:00:00,5.45,2.87,379.4,0.0,74.64,12.42,12.98,13.46,0.38,
54,2025-11-13 10:00:00,4.85,2.91,826.0,0.0,64.31,14.18,15.37,16.26,0.63,
54,2025-11-13 11:00:00,5.22,2.85,925.0,0.0,56.57,17.38,18.45,19.65,0.93,
54,2025-11-13 12:00:00,5.52,2.89,991.0,0.0,49.76,20.35,21.29,22.26,1.28,
54,2025-11-13 13:00:00,5.68,3.07,1002.0,0.0,41.3,22.91,23.71,24.59,1.73,
54,2025-11-13 14:00:00,5.9,3.32,988.0,0.0,35.67,25.09,25.66,26.19,2.12,
54,2025-11-13 15:00:00,5.9,3.45,915.0,0.0,30.86,26.68,27.04,27.33,2.47,
54,2025-11-13 16:00:00,7.32,3.55,789.7,0.0,27.34,27.56,27.96,28.18,2.74,
54,2025-11-13 17:00:00,6.8,4.03,624.8,0.0,24.0,28.24,28.31,28.39,2.93,
54,2025-11-13 18:00:00,7.32,3.96,430.7,0.0,21.79,27.52,27.87,28.2,2.94,
54,2025-11-13 19:00:00,6.95,3.9,223.3,0.0,26.43,25.67,26.49,27.16,2.55,
54,2025-11-13 20:00:00,5.98,3.08,50.43,0.0,33.91,22.47,23.66,24.91,1.94,
54,2025-11-13 21:00:00,4.03,1.79,0.02,0.0,41.26,19.95,20.85,21.66,1.45,
54,2025-11-13 22:00:00,2.45,0.9,0.0,0.0,51.95,16.89,17.85,19.23,0.99,
54,2025-11-13 23:00:00,4.25,1.44,0.0,0.0,56.0,17.52,17.69,17.8,0.89,
54,2025-11-14 00:00:00,5.6,2.25,0.0,0.0,58.38,16.83,17.53,17.86,0.83,
54,2025-11-14 01:00:00,4.32,2.07,0.0,0.0,64.13,15.43,15.9,16.32,0.65,
54,2025-11-14 02:00:00,5.0,2.36,0.0,0.0,68.98,14.44,14.82,15.17,0.52,
54,2025-11-14 03:00:00,5.15,2.58,0.0,0.0,72.39,13.39,13.82,14.15,0.44,
54,2025-11-14 04:00:00,4.18,2.33,0.0,0.0,75.64,12.28,12.69,13.09,0.36,
54,2025-11-14 05:00:00,4.4,1.61,0.0,0.0,78.86,11.35,11.69,12.0,0.29,
54,2025-11-14 06:00:00,3.65,1.68,38.64,0.0,80.01,11.01,11.16,11.35,0.27,
54,2025-11-14 07:00:00,4.4,1.8,218.9,0.0,72.81,11.43,12.22,12.96,0.39,
54,2025-11-14 08:00:00,4.92,2.73,427.0,0.0,66.61,13.47,13.88,14.5,0.53,
54,2025-11-14 09:00:00,4.25,2.16,623.8,0.0,61.04,15.09,15.62,16.19,0.69,
54,2025-11-14 10:00:00,3.95,1.73,790.3,0.0,55.99,16.52,17.28,18.0,0.87,
54,2025-11-14 11:00:00,3.42,1.19,907.0,0.0,51.05,18.64,19.29,20.16,1.1,
54,2025-11-14 12:00:00,3.42,1.32,977.0,0.0,47.04,20.59,21.45,22.15,1.36,
54,2025-11-14 13:00:00,5.0,1.27,986.0,0.0,41.39,22.92,23.49,24.23,1.7,
54,2025-11-14 14:00:00,3.35,1.17,970.0,0.0,37.83,24.7,25.43,26.36,2.03,
54,2025-11-14 15:00:00,2.98,1.1,899.0,0.0,33.71,26.56,27.14,27.76,2.38,
54,2025-11-14 16:00:00,3.42,1.08,775.2,0.0,30.88,28.33,28.53,28.7,2.7,
54,2025-11-14 17:00:00,3.2,1.08,608.8,0.0,29.34,28.87,29.12,29.38,2.85,
54,2025-11-14 18:00:00,4.18,1.4,413.9,0.0,31.47,28.53,28.83,29.0,2.72,
54,2025-11-14 19:00:00,4.62,2.81,208.3,0.0,38.55,23.72,25.08,26.43,1.96,
54,2025-11-14 20:00:00,4.25,2.36,44.8,0.0,45.17,19.94,21.3,22.72,1.39,
54,2025-11-14 21:00:00,3.35,2.11,0.02,0.0,51.51,17.75,18.53,19.27,1.04,
54,2025-11-14 22:00:00,2.9,1.67,0.0,0.0,55.26,16.6,16.89,17.18,0.86,
54,2025-11-14 23:00:00,1.92,0.31,0.0,0.0,66.31,14.05,15.09,16.21,0.58,
54,2025-11-15 00:00:00,1.48,0.1,0.0,0.0,76.71,12.37,12.75,13.22,0.35,
54,2025-11-15 01:00:00,1.85,0.98,0.0,0.0,72.73,13.21,13.49,13.66,0.42,
54,2025-11-15 02:00:00,1.85,0.23,0.0,0.0,80.03,11.75,12.09,12.62,0.28,
54,2025-11-15 03:00:00,1.18,0.13,0.0,0.0,86.25,10.12,10.44,11.06,0.17,
54,2025-11-15 04:00:00,1.92,1.05,0.0,0.0,86.4,10.44,10.6,10.72,0.18,
54,2025-11-15 05:00:00,1.7,0.51,0.0,0.0,89.78,9.65,10.07,10.41,0.13,
54,2025-11-15 06:00:00,1.4,0.54,37.84,0.0,91.4,9.48,9.63,9.69,0.1,
54,2025-11-15 07:00:00,1.85,0.86,206.3,0.0,84.81,10.26,11.35,12.46,0.21,
54,2025-11-15 08:00:00,1.92,0.83,408.9,0.0,72.51,12.95,13.97,15.05,0.44,
54,2025-11-15 09:00:00,2.45,0.63,613.7,0.0,61.71,15.65,16.46,17.19,0.72,
54,2025-11-15 10:00:00,2.45,0.82,780.4,0.0,54.56,17.36,18.39,19.1,0.96,
54,2025-11-15 11:00:00,2.82,1.24,902.0,0.0,49.99,19.5,20.45,21.24,1.21,
54,2025-11-15 12:00:00,3.35,1.37,967.0,0.0,48.28,21.68,22.4,22.91,1.4,
54,2025-11-15 13:00:00,3.42,1.57,982.0,0.0,46.64,23.32,23.63,24.15,1.56,
54,2025-11-15 14:00:00,6.05,2.4,968.0,0.0,44.34,24.45,24.87,25.04,1.75,
54,2025-11-15 15:00:00,5.52,2.49,867.0,0.0,41.85,25.38,25.79,26.19,1.93,
54,2025-11-15 16:00:00,5.15,2.31,769.2,0.0,37.77,26.35,26.81,27.17,2.2,
54,2025-11-15 17:00:00,5.15,2.66,588.5,0.0,33.84,26.33,26.76,27.25,2.33,
54,2025-11-15 18:00:00,5.6,1.75,395.7,0.0,39.25,24.78,25.91,26.69,2.04,
54,2025-11-15 19:00:00,7.62,2.95,196.6,0.0,42.98,21.8,23.84,25.13,1.69,
54,2025-11-15 20:00:00,5.68,2.93,17.81,0.0,49.05,18.87,19.65,20.63,1.17,
54,2025-11-15 21:00:00,4.32,1.58,0.01,0.0,54.39,17.34,17.91,18.43,0.94,
54,2025-11-15 22:00:00,2.75,1.28,0.0,0.0,61.4,16.69,16.81,16.99,0.74,
54,2025-11-15 23:00:00,3.8,1.86,0.0,0.0,65.93,16.67,17.03,17.2,0.66,
54,2025-11-16 00:00:00,4.47,1.8,0.0,0.0,68.69,16.58,16.91,17.19,0.6,
54,2025-11-16 01:00:00,6.58,3.32,0.0,0.0,74.42,15.63,16.03,16.45,0.47,
54,2025-11-16 02:00:00,6.42,3.39,0.0,0.0,79.56,14.4,14.9,15.32,0.35,
54,2025-11-16 03:00:00,6.72,3.48,0.0,0.0,74.72,12.29,13.01,13.65,0.38,
54,2025-11-16 04:00:00,5.9,3.25,0.0,0.0,72.09,11.46,11.68,11.92,0.39,
54,2025-11-16 05:00:00,7.25,2.77,0.0,0.0,69.4,10.24,10.68,11.18,0.4,
54,2025-11-16 06:00:00,4.78,1.77,44.14,0.0,74.07,9.37,9.64,9.99,0.31,
54,2025-11-16 07:00:00,4.92,2.69,228.4,0.0,72.01,9.66,10.29,10.87,0.35,
54,2025-11-16 08:00:00,5.68,3.12,443.4,0.0,67.67,11.08,11.7,12.45,0.45,
54,2025-11-16 09:00:00,4.7,2.76,643.4,0.0,61.29,12.93,13.69,14.42,0.61,
54,2025-11-16 10:00:00,5.22,2.93,810.0,0.0,57.52,14.79,15.5,16.3,0.75,
54,2025-11-16 11:00:00,5.3,2.78,930.0,0.0,53.91,16.9,17.52,18.4,0.92,
54,2025-11-16 12:00:00,4.92,2.99,999.0,0.0,49.74,18.59,19.39,20.21,1.14,
54,2025-11-16 13:00:00,4.92,2.83,1010.0,0.0,42.21,20.65,21.64,22.65,1.5,
54,2025-11-16 14:00:00,5.75,3.26,991.0,0.0,38.23,23.0,23.38,23.79,1.78,
54,2025-11-16 15:00:00,5.3,2.86,925.0,0.0,31.4,23.99,24.45,24.82,2.1,
54,2025-11-16 16:00:00,6.8,2.91,807.0,0.0,25.16,25.07,25.26,25.42,2.41,
54,2025-11-16 17:00:00,4.85,2.79,639.0,0.0,22.29,25.31,25.51,25.74,2.54,
54,2025-11-16 18:00:00,5.22,2.66,439.1,0.0,23.04,24.97,25.24,25.41,2.47,
54,2025-11-16 19:00:00,4.47,2.51,231.5,0.0,26.01,23.59,24.25,24.83,2.25,
54,2025-11-16 20:00:00,3.05,1.23,58.78,0.0,32.9,20.38,21.33,22.84,1.71,
54,2025-11-16 21:00:00,3.2,1.27,0.03,0.0,42.01,18.53,18.87,19.62,1.26,
54,2025-11-16 22:00:00,2.75,1.57,0.0,0.0,41.32,17.65,17.94,18.29,1.21,
54,2025-11-16 23:00:00,3.65,1.99,0.0,0.0,45.3,15.82,16.89,17.72,1.06,
54,2025-11-17 00:00:00,4.18,1.67,0.0,0.0,55.76,14.51,15.21,15.89,0.77,
54,2025-11-17 01:00:00,2.3,0.51,0.0,0.0,58.86,13.89,14.08,14.26,0.66,
54,2025-11-17 02:00:00,2.3,0.55,0.0,0.0,59.14,12.99,13.63,14.47,0.64,
54,2025-11-17 03:00:00,2.45,0.8,0.0,0.0,61.74,12.63,12.75,13.0,0.56,
54,2025-11-17 04:00:00,4.47,2.16,0.0,0.0,63.66,12.72,12.86,12.99,0.54,
54,2025-11-17 05:00:00,4.4,2.05,0.0,0.0,72.18,11.59,12.12,12.73,0.4,
54,2025-11-17 06:00:00,4.18,2.29,16.4,0.0,76.23,10.89,11.01,11.21,0.31,
54,2025-11-17 07:00:00,4.47,2.79,168.6,0.0,72.22,10.78,11.2,11.48,0.37,
54,2025-11-17 08:00:00,5.75,3.39,464.2,0.0,60.26,12.42,13.44,14.66,0.62,
54,2025-11-17 09:00:00,5.98,3.58,681.5,0.0,51.15,15.24,15.88,16.6,0.88,
54,2025-11-17 10:00:00,6.35,3.61,815.0,0.0,42.96,17.03,17.98,19.08,1.18,
54,2025-11-17 11:00:00,6.42,3.84,931.0,0.0,34.59,19.48,20.37,21.25,1.57,
54,2025-11-17 12:00:00,7.32,3.98,952.0,0.0,28.34,21.61,22.53,23.54,1.96,
54,2025-11-17 13:00:00,7.62,4.57,1006.0,0.0,22.62,24.02,24.5,25.0,2.38,
54,2025-11-17 14:00:00,8.6,5.21,986.0,0.0,23.82,25.73,26.18,26.61,2.59,
54,2025-11-17 15:00:00,9.58,5.5,888.0,0.0,25.6,27.07,27.2,27.39,2.68,
54,2025-11-17 16:00:00,9.05,5.67,799.4,0.0,24.44,27.0,27.11,27.22,2.71,
54,2025-11-17 17:00:00,8.53,5.29,619.4,0.0,27.29,26.84,27.14,27.42,2.62,
54,2025-11-17 18:00:00,9.65,5.3,412.4,0.0,29.2,26.06,26.33,26.58,2.43,
54,2025-11-17 19:00:00,8.3,4.46,218.7,0.0,33.53,24.65,25.21,25.79,2.14,
54,2025-11-17 20:00:00,5.82,2.46,63.98,0.0,40.59,22.25,23.14,24.09,1.69,
54,2025-11-17 21:00:00,4.4,2.06,0.07,0.0,44.83,20.99,21.48,21.94,1.41,
54,2025-11-17 22:00:00,5.3,1.99,0.0,0.0,49.78,20.05,20.42,20.8,1.21,
54,2025-11-17 23:00:00,6.2,2.89,0.0,0.0,52.92,19.62,19.72,19.8,1.08,
54,2025-11-18 00:00:00,8.37,4.49,0.0,0.0,54.16,19.33,19.51,19.64,1.04,
54,2025-11-18 01:00:00,9.05,5.36,0.0,0.0,59.66,18.29,18.76,19.17,0.88,
54,2025-11-18 02:00:00,8.97,4.95,0.0,0.0,68.62,16.67,17.25,17.84,0.62,
54,2025-11-18 03:00:00,8.37,4.68,0.0,0.0,73.76,15.26,15.71,16.21,0.47,
54,2025-11-18 04:00:00,6.5,3.8,0.0,0.0,76.51,14.21,14.59,15.0,0.39,
54,2025-11-18 05:00:00,6.65,3.63,0.01,0.0,77.3,13.47,13.74,14.06,0.36,
54,2025-11-18 06:00:00,6.8,3.16,22.78,0.0,77.66,12.93,13.11,13.34,0.34,
54,2025-11-18 07:00:00,6.8,3.73,237.3,0.0,71.97,13.18,13.72,14.17,0.44,
54,2025-11-18 08:00:00,8.83,4.3,442.9,0.0,64.23,14.5,15.25,16.01,0.62,
54,2025-11-18 09:00:00,7.62,4.66,640.5,0.0,54.1,16.38,17.13,17.73,0.9,
54,2025-11-18 10:00:00,7.55,4.39,810.0,0.0,45.04,18.44,19.32,20.22,1.24,
54,2025-11-18 11:00:00,9.2,4.73,925.0,0.0,36.04,20.73,21.67,22.63,1.66,
54,2025-11-18 12:00:00,8.45,5.35,986.0,0.0,27.88,23.14,24.03,24.95,2.16,
54,2025-11-18 13:00:00,9.12,5.45,1000.0,0.0,24.83,25.24,25.91,26.37,2.51,
54,2025-11-18 14:00:00,9.65,5.33,995.0,0.0,24.66,26.89,27.45,28.06,2.76,
54,2025-11-18 15:00:00,9.2,5.29,922.0,0.0,24.18,28.12,28.25,28.33,2.91,
54,2025-11-18 16:00:00,9.8,5.96,800.0,0.0,24.69,27.66,27.89,28.13,2.83,
54,2025-11-18 17:00:00,9.35,5.9,634.3,0.0,26.31,27.16,27.24,27.3,2.67,
54,2025-11-18 18:00:00,9.12,4.95,438.5,0.0,28.9,26.19,26.68,27.15,2.49,
54,2025-11-18 19:00:00,8.3,4.0,233.8,0.0,32.89,24.5,25.28,26.0,2.17,
54,2025-11-18 20:00:00,7.02,3.28,60.98,0.0,39.7,21.81,22.83,23.88,1.68,
54,2025-11-18 21:00:00,5.22,2.4,0.08,0.0,45.76,20.03,20.84,21.63,1.34,
54,2025-11-18 22:00:00,5.22,2.6,0.0,0.0,49.49,19.05,19.53,20.03,1.15,
54,2025-11-18 23:00:00,5.08,1.91,0.0,0.0,53.33,17.44,18.27,18.77,0.98,
54,2025-11-19 00:00:00,4.47,1.66,0.0,0.0,57.11,16.79,17.04,17.23,0.83,
54,2025-11-19 01:00:00,4.47,2.16,0.0,0.0,57.09,16.45,16.79,17.21,0.82,
54,2025-11-19 02:00:00,4.1,1.65,0.0,0.0,60.0,15.3,15.88,16.31,0.73,
54,2025-11-19 03:00:00,5.6,2.42,0.0,0.0,58.27,14.98,15.05,15.09,0.71,
54,2025-11-19 04:00:00,6.05,3.3,0.0,0.0,58.35,14.33,14.66,14.96,0.69,
54,2025-11-19 05:00:00,5.0,2.77,0.01,0.0,60.42,13.42,13.8,14.11,0.63,
54,2025-11-19 06:00:00,5.22,2.47,47.84,0.0,63.17,12.85,12.99,13.28,0.55,
54,2025-11-19 07:00:00,4.55,2.3,239.8,0.0,57.83,12.99,13.54,14.1,0.66,
54,2025-11-19 08:00:00,4.92,2.52,458.4,0.0,53.1,14.5,15.17,15.87,0.81,
54,2025-11-19 09:00:00,4.85,2.8,649.3,0.0,47.59,16.03,16.83,17.68,1.01,
54,2025-11-19 10:00:00,4.85,2.64,817.0,0.0,44.86,18.12,18.95,19.74,1.21,
54,2025-11-19 11:00:00,5.15,2.09,919.0,0.0,41.34,20.25,21.01,21.78,1.47,
54,2025-11-19 12:00:00,5.45,2.42,999.0,0.0,38.34,22.42,23.31,24.29,1.77,
54,2025-11-19 13:00:00,5.15,2.5,1006.0,0.0,35.38,24.77,25.63,26.53,2.13,
54,2025-11-19 14:00:00,6.2,2.89,976.0,0.0,30.16,26.91,27.4,27.73,2.55,
54,2025-11-19 15:00:00,5.08,2.49,919.0,0.0,26.79,27.93,28.51,28.92,2.85,
54,2025-11-19 16:00:00,5.52,2.22,794.6,0.0,23.19,29.09,29.31,29.48,3.13,
54,2025-11-19 17:00:00,5.38,2.38,636.3,0.0,24.33,29.2,29.39,29.61,3.1,
54,2025-11-19 18:00:00,4.78,2.17,466.0,0.0,25.2,27.37,28.44,29.36,2.91,
54,2025-11-19 19:00:00,4.92,2.5,198.9,0.0,31.67,25.51,26.44,27.04,2.36,
54,2025-11-19 20:00:00,3.28,1.47,21.96,0.0,36.88,23.4,24.01,24.85,1.89,
54,2025-11-19 21:00:00,2.45,0.4,0.03,0.0,43.5,20.93,22.15,23.16,1.52,
54,2025-11-19 22:00:00,2.15,0.98,0.0,0.0,47.15,20.86,21.08,21.29,1.32,
54,2025-11-19 23:00:00,2.08,0.61,0.0,0.0,56.52,19.87,20.21,20.61,1.03,
54,2025-11-20 00:00:00,1.02,0.08,0.0,0.0,63.51,18.44,18.81,19.22,0.8,
54,2025-11-20 01:00:00,1.4,0.21,0.0,0.0,70.44,16.64,17.38,18.64,0.59,
54,2025-11-20 02:00:00,2.45,0.41,0.0,0.0,69.1,16.56,16.73,17.07,0.59,
54,2025-11-20 03:00:00,1.78,0.19,0.0,0.0,60.74,16.64,17.23,17.94,0.78,
54,2025-11-20 04:00:00,1.02,0.06,0.0,0.0,63.85,15.61,15.8,16.25,0.65,
54,2025-11-20 05:00:00,0.88,0.03,0.0,0.0,68.88,14.83,15.11,15.57,0.53,
54,2025-11-20 06:00:00,1.78,0.55,9.96,0.0,72.47,14.28,14.51,14.8,0.46,
54,2025-11-20 07:00:00,2.9,1.11,130.5,0.0,71.44,14.65,14.8,15.03,0.48,
54,2025-11-20 08:00:00,3.2,1.89,291.6,0.0,69.57,15.39,15.91,16.3,0.55,
54,2025-11-20 09:00:00,3.8,1.92,600.4,0.0,61.01,16.75,17.63,17.97,0.79,
54,2025-11-20 10:00:00,5.15,2.65,746.5,0.0,59.27,18.11,18.68,19.41,0.88,
54,2025-11-20 11:00:00,4.85,2.13,885.0,0.0,51.98,19.46,20.05,20.57,1.13,
54,2025-11-20 12:00:00,5.45,1.55,1044.0,0.0,44.8,21.14,21.8,22.52,1.45,
54,2025-11-20 13:00:00,3.72,1.56,1031.0,0.0,39.83,22.48,23.01,23.54,1.69,
54,2025-11-20 14:00:00,4.85,2.04,1003.0,0.0,39.26,23.14,24.03,24.73,1.82,
54,2025-11-20 15:00:00,4.18,1.96,976.0,0.0,33.54,24.7,25.06,25.41,2.11,
54,2025-11-20 16:00:00,4.1,1.92,837.0,0.0,32.78,25.43,25.5,25.55,2.19,
54,2025-11-20 17:00:00,4.4,1.57,634.3,0.0,30.9,25.72,25.77,25.82,2.29,
54,2025-11-20 18:00:00,3.88,1.52,442.8,0.0,30.75,25.5,25.77,26.24,2.3,
54,2025-11-20 19:00:00,3.5,1.81,237.5,0.0,34.67,23.54,24.34,25.2,2.0,
54,2025-11-20 20:00:00,2.98,1.4,64.68,0.0,43.07,20.2,21.48,22.81,1.46,
54,2025-11-20 21:00:00,2.75,1.09,0.14,0.0,45.64,18.46,19.18,19.82,1.21,
54,2025-11-20 22:00:00,3.12,1.06,0.0,0.0,53.56,17.19,17.49,18.14,0.93,
54,2025-11-20 23:00:00,4.55,2.18,0.0,0.0,58.43,16.92,17.05,17.18,0.81,
54,2025-11-21 00:00:00,4.47,2.34,0.0,0.0,56.27,16.21,16.61,17.03,0.83,
54,2025-11-21 01:00:00,4.85,2.88,0.0,0.0,57.47,15.28,15.69,16.11,0.76,
54,2025-11-21 02:00:00,4.92,2.6,0.0,0.0,61.75,14.14,14.63,15.14,0.64,
54,2025-11-21 03:00:00,3.5,1.39,0.0,0.0,68.08,12.73,13.32,13.89,0.49,
54,2025-11-21 04:00:00,3.2,1.27,0.0,0.0,71.38,12.29,12.41,12.53,0.41,
54,2025-11-21 05:00:00,4.32,2.01,0.03,0.0,76.91,11.77,12.03,12.29,0.33,
54,2025-11-21 06:00:00,4.03,1.79,57.53,0.0,80.46,11.28,11.4,11.55,0.26,
54,2025-11-21 07:00:00,4.25,2.09,243.7,0.0,74.16,11.89,12.54,13.31,0.38,
54,2025-11-21 08:00:00,4.62,2.7,458.9,0.0,65.07,13.84,14.53,15.26,0.58,
54,2025-11-21 09:00:00,4.47,2.52,660.6,0.0,58.31,15.56,16.43,17.29,0.78,
54,2025-11-21 10:00:00,3.72,2.36,831.0,0.0,49.27,17.99,18.96,19.92,1.12,
54,2025-11-21 11:00:00,5.08,2.15,953.0,0.0,43.37,20.37,21.34,22.14,1.44,
54,2025-11-21 12:00:00,4.18,1.91,1018.0,0.0,36.24,22.81,23.88,24.97,1.89,
54,2025-11-21 13:00:00,4.85,1.86,1028.0,0.0,32.48,25.56,26.5,27.33,2.34,
54,2025-11-21 14:00:00,4.92,2.15,1009.0,0.0,28.05,27.87,28.32,29.04,2.77,
54,2025-11-21 15:00:00,4.92,2.05,940.0,0.0,23.33,29.04,29.84,30.43,3.23,
54,2025-11-21 16:00:00,4.47,2.45,815.0,0.0,19.41,30.53,30.69,30.85,3.56,
54,2025-11-21 17:00:00,4.18,2.17,652.3,0.0,19.57,30.93,31.03,31.12,3.62,
54,2025-11-21 18:00:00,3.88,1.78,455.3,0.0,18.85,30.68,30.98,31.3,3.64,
54,2025-11-21 19:00:00,2.98,0.94,247.6,0.0,25.64,28.82,29.83,30.78,3.13,
54,2025-11-21 20:00:00,1.1,0.23,69.42,0.0,34.52,22.49,25.04,27.59,2.1,
54,2025-11-21 21:00:00,1.1,0.22,0.18,0.0,44.31,18.82,20.66,21.74,1.37,
54,2025-11-21 22:00:00,2.82,0.53,0.0,0.0,46.66,18.87,20.31,22.01,1.28,
54,2025-11-21 23:00:00,1.32,0.21,0.0,0.0,53.6,17.77,18.07,18.34,0.96,
54,2025-11-22 00:00:00,2.3,0.72,0.0,0.0,51.06,18.91,19.17,19.4,1.09,
54,2025-11-22 01:00:00,2.75,0.74,0.0,0.0,55.68,17.59,18.69,19.22,0.96,
54,2025-11-22 02:00:00,2.08,0.71,0.0,0.0,63.17,16.79,17.0,17.2,0.72,
54,2025-11-22 03:00:00,1.62,0.34,0.0,0.0,68.76,15.41,15.95,16.41,0.57,
54,2025-11-22 04:00:00,1.62,0.12,0.0,0.0,75.81,13.66,14.03,14.43,0.39,
54,2025-11-22 05:00:00,1.78,0.09,0.02,0.0,79.47,12.72,13.15,13.87,0.31,
54,2025-11-22 06:00:00,1.55,0.04,52.66,0.0,81.67,11.86,12.2,12.64,0.26,
54,2025-11-22 07:00:00,3.72,0.62,239.7,0.0,68.53,13.4,15.15,16.24,0.55,
54,2025-11-22 08:00:00,3.8,2.21,450.0,0.0,62.46,16.74,17.38,18.04,0.75,
54,2025-11-22 09:00:00,3.35,1.87,653.0,0.0,57.67,18.58,19.22,20.06,0.94,
54,2025-11-22 10:00:00,3.2,1.4,822.0,0.0,52.05,20.69,21.41,22.21,1.23,
54,2025-11-22 11:00:00,3.05,1.16,942.0,0.0,45.46,22.98,24.14,25.53,1.65,
54,2025-11-22 12:00:00,3.35,1.12,1008.0,0.0,37.99,25.9,26.94,27.79,2.21,
54,2025-11-22 13:00:00,3.65,1.2,1017.0,0.0,32.95,28.37,29.21,29.96,2.72,
54,2025-11-22 14:00:00,3.35,1.15,1002.0,0.0,28.7,30.12,31.04,32.07,3.22,
54,2025-11-22 15:00:00,3.5,1.29,931.0,0.0,25.67,32.1,32.53,33.07,3.64,
54,2025-11-22 16:00:00,3.72,1.84,804.0,0.0,22.41,32.81,32.98,33.18,3.9,
54,2025-11-22 17:00:00,2.98,1.43,642.1,0.0,21.81,33.19,33.28,33.38,4.0,
54,2025-11-22 18:00:00,3.95,1.86,442.9,0.0,25.03,31.15,32.42,33.06,3.66,
54,2025-11-22 19:00:00,4.7,2.62,233.8,0.0,33.43,26.96,28.69,30.27,2.63,
54,2025-11-22 20:00:00,3.95,2.27,63.07,0.0,41.49,23.27,24.66,26.0,1.82,
54,2025-11-22 21:00:00,4.47,2.51,0.22,0.0,43.68,20.91,21.73,22.63,1.47,
54,2025-11-22 22:00:00,3.72,1.86,0.0,0.0,44.91,20.05,20.27,20.59,1.31,
54,2025-11-22 23:00:00,2.38,0.52,0.0,0.0,51.82,17.68,19.13,19.95,1.08,
54,2025-11-23 00:00:00,1.32,0.39,0.0,0.0,63.54,15.93,16.29,16.73,0.68,
54,2025-11-23 01:00:00,0.65,0.01,0.0,0.0,74.29,13.41,14.18,14.94,0.42,
54,2025-11-23 02:00:00,0.0,0.0,0.0,0.0,82.65,12.32,12.62,12.86,0.26,
54,2025-11-23 03:00:00,0.88,0.04,0.0,0.0,84.2,11.71,12.06,12.33,0.22,
54,2025-11-23 04:00:00,1.02,0.02,0.0,0.0,88.55,10.69,11.07,11.84,0.15,
54,2025-11-23 05:00:00,1.25,0.05,0.02,0.0,91.28,9.99,10.16,10.44,0.11,
54,2025-11-23 06:00:00,0.88,0.01,59.79,0.0,90.65,9.88,10.03,10.16,0.12,
54,2025-11-23 07:00:00,1.25,0.16,233.7,0.0,76.19,11.53,13.53,15.55,0.38,
54,2025-11-23 08:00:00,3.65,1.13,443.3,0.0,60.42,16.68,18.32,19.3,0.84,
54,2025-11-23 09:00:00,3.28,1.76,642.5,0.0,57.7,19.79,20.46,21.23,1.02,
54,2025-11-23 10:00:00,3.8,1.71,809.0,0.0,52.06,21.71,22.61,23.25,1.32,
54,2025-11-23 11:00:00,4.4,1.68,930.0,0.0,47.13,23.91,24.74,25.52,1.66,
54,2025-11-23 12:00:00,3.88,1.41,997.0,0.0,42.64,26.17,27.16,28.12,2.07,
54,2025-11-23 13:00:00,3.35,1.29,1010.0,0.0,35.56,28.45,29.41,30.32,2.65,
54,2025-11-23 14:00:00,4.25,1.82,997.0,0.0,29.08,30.45,31.04,31.64,3.2,
54,2025-11-23 15:00:00,4.32,2.07,929.0,0.0,25.2,31.6,32.07,32.29,3.57,
54,2025-11-23 16:00:00,3.35,1.7,801.0,0.0,24.77,32.4,32.82,32.99,3.75,
54,2025-11-23 17:00:00,4.1,1.57,632.4,0.0,28.45,32.89,33.09,33.19,3.62,
54,2025-11-23 18:00:00,5.45,3.08,441.6,0.0,31.47,28.88,30.05,31.37,2.92,
54,2025-11-23 19:00:00,6.42,3.28,238.8,0.0,34.09,25.06,26.74,28.26,2.33,
54,2025-11-23 20:00:00,5.82,3.14,67.83,0.0,46.22,20.24,21.96,23.74,1.43,
54,2025-11-23 21:00:00,5.82,3.03,0.26,0.0,57.87,16.76,17.97,19.14,0.87,
54,2025-11-23 22:00:00,4.78,2.26,0.0,0.0,65.4,15.09,15.73,16.33,0.63,
54,2025-11-23 23:00:00,1.92,0.1,0.0,0.0,78.01,13.21,13.85,14.64,0.35,
54,2025-11-24 00:00:00,1.32,0.24,0.0,0.0,82.98,12.28,12.57,12.92,0.25,
54,2025-11-24 01:00:00,0.72,0.03,0.0,0.0,85.9,11.16,11.76,12.15,0.2,
54,2025-11-24 02:00:00,1.18,0.16,0.0,0.0,89.05,10.85,11.14,11.49,0.15,
54,2025-11-24 03:00:00,0.8,0.01,0.0,0.0,89.9,10.06,10.56,11.13,0.13,
54,2025-11-24 04:00:00,0.8,0.06,0.0,0.0,91.95,9.64,9.8,10.02,0.1,
54,2025-11-24 05:00:00,0.8,0.02,0.02,0.0,92.45,9.06,9.44,9.73,0.09,
54,2025-11-24 06:00:00,0.57,0.01,56.04,0.0,92.68,9.0,9.09,9.21,0.09,
54,2025-11-24 07:00:00,1.48,0.14,239.6,0.0,85.33,9.86,11.85,13.08,0.21,
54,2025-11-24 08:00:00,2.08,0.75,442.5,0.0,74.72,13.39,14.54,15.57,0.42,
54,2025-11-24 09:00:00,3.65,1.7,641.1,0.0,64.25,16.42,16.94,17.67,0.69,
54,2025-11-24 10:00:00,4.32,1.7,808.0,0.0,59.09,18.04,19.14,20.02,0.91,
54,2025-11-24 11:00:00,3.65,1.68,928.0,0.0,54.95,20.19,20.96,21.76,1.12,
54,2025-11-24 12:00:00,3.58,1.45,996.0,0.0,49.25,22.41,23.2,24.03,1.45,
54,2025-11-24 13:00:00,3.88,1.41,1005.0,0.0,44.86,24.52,25.26,25.7,1.78,
54,2025-11-24 14:00:00,3.05,1.35,992.0,0.0,40.83,26.53,27.2,27.68,2.14,
54,2025-11-24 15:00:00,2.98,1.39,923.0,0.0,35.89,28.54,28.99,29.55,2.57,
54,2025-11-24 16:00:00,3.05,1.08,794.6,0.0,32.81,29.85,30.31,30.61,2.9,
54,2025-11-24 17:00:00,5.08,1.68,629.6,0.0,32.99,30.41,30.84,31.16,2.98,
54,2025-11-24 18:00:00,6.8,3.57,439.2,0.0,41.58,25.94,27.11,28.43,2.1,
54,2025-11-24 19:00:00,6.35,3.64,237.5,0.0,48.52,21.81,23.57,25.3,1.51,
54,2025-11-24 20:00:00,5.9,3.21,65.91,0.0,57.99,18.63,19.69,20.92,0.97,
54,2025-11-24 21:00:00,4.4,2.66,0.3,0.0,65.28,16.54,17.24,18.04,0.68,
54,2025-11-24 22:00:00,4.47,2.32,0.0,0.0,70.07,15.13,15.62,16.15,0.53,
54,2025-11-24 23:00:00,3.12,1.6,0.0,0.0,72.72,14.36,14.56,14.85,0.45,
54,2025-11-25 00:00:00,1.4,0.36,0.0,0.0,75.28,13.41,13.8,14.2,0.39,
54,2025-11-25 01:00:00,2.52,0.7,0.0,0.0,76.39,12.79,12.9,12.96,0.35,
54,2025-11-25 02:00:00,2.0,0.71,0.0,0.0,79.28,11.9,12.35,12.73,0.3,
54,2025-11-25 03:00:00,0.5,0.01,0.0,0.0,86.65,10.31,10.83,11.42,0.18,
54,2025-11-25 04:00:00,0.0,0.0,0.0,0.0,90.03,9.53,9.92,10.25,0.12,
54,2025-11-25 05:00:00,0.35,0.0,0.02,0.0,91.28,8.82,9.19,9.37,0.1,
54,2025-11-25 06:00:00,0.0,0.0,53.52,0.0,93.33,8.44,8.79,9.27,0.08,
54,2025-11-25 07:00:00,1.55,0.34,231.4,0.0,82.48,10.64,12.04,12.72,0.25,
54,2025-11-25 08:00:00,2.0,0.42,438.9,0.0,72.56,13.4,14.62,15.8,0.46,
54,2025-11-25 09:00:00,2.82,0.74,635.0,0.0,62.38,16.07,16.92,17.72,0.73,
54,2025-11-25 10:00:00,2.9,1.11,803.0,0.0,57.23,18.32,19.13,19.95,0.95,
54,2025-11-25 11:00:00,2.45,1.0,927.0,0.0,50.45,20.05,21.14,22.25,1.25,
54,2025-11-25 12:00:00,3.65,1.27,950.0,0.0,48.68,22.22,22.8,23.69,1.43,
54,2025-11-25 13:00:00,4.1,1.8,986.0,0.0,45.69,24.2,24.68,25.28,1.69,
54,2025-11-25 14:00:00,4.4,1.73,990.0,0.0,42.63,25.57,26.13,26.88,1.95,
54,2025-11-25 15:00:00,3.65,1.64,927.0,0.0,38.55,26.89,27.73,28.86,2.29,
54,2025-11-25 16:00:00,3.65,1.52,781.8,0.0,38.55,28.72,28.83,28.97,2.44,
54,2025-11-25 17:00:00,5.0,2.29,628.0,0.0,40.22,27.18,28.24,29.15,2.3,
54,2025-11-25 18:00:00,5.82,3.62,434.2,0.0,44.26,24.44,25.59,26.7,1.84,
54,2025-11-25 19:00:00,5.9,3.45,239.1,0.0,52.2,20.77,22.27,23.75,1.3,
54,2025-11-25 20:00:00,5.0,3.19,64.32,0.0,63.99,17.14,18.31,19.65,0.76,
54,2025-11-25 21:00:00,5.22,3.01,0.3,0.0,72.91,15.36,15.94,16.6,0.49,
54,2025-11-25 22:00:00,4.32,2.48,0.0,0.0,78.09,14.5,14.77,15.11,0.37,
54,2025-11-25 23:00:00,3.65,1.84,0.0,0.0,81.5,13.7,14.0,14.28,0.3,
54,2025-11-26 00:00:00,3.42,1.51,0.0,0.0,84.38,13.1,13.35,13.54,0.24,
54,2025-11-26 01:00:00,2.15,0.68,0.0,0.0,87.2,12.61,12.77,12.99,0.19,
54,2025-11-26 02:00:00,0.72,0.02,0.0,0.0,90.65,10.88,11.52,12.27,0.13,
54,2025-11-26 03:00:00,1.18,0.05,0.0,0.0,92.93,10.57,10.92,11.33,0.1,
54,2025-11-26 04:00:00,1.7,0.58,0.0,0.0,90.2,12.01,12.37,12.63,0.14,
54,2025-11-26 05:00:00,1.18,0.23,0.0,0.0,87.28,12.82,13.0,13.13,0.19,
54,2025-11-26 06:00:00,2.15,0.63,7.93,0.0,88.33,13.2,13.25,13.29,0.18,
54,2025-11-26 07:00:00,1.32,0.38,45.52,0.0,91.78,12.92,13.07,13.21,0.13,
54,2025-11-26 08:00:00,2.0,0.84,108.9,0.0,91.03,13.0,13.19,13.51,0.14,
54,2025-11-26 09:00:00,2.52,0.9,205.6,0.0,85.95,13.62,13.96,14.4,0.22,
54,2025-11-26 10:00:00,2.15,0.47,351.2,0.0,76.34,14.79,15.48,16.08,0.42,
54,2025-11-26 11:00:00,2.0,0.57,408.0,0.0,69.63,16.37,16.78,17.31,0.58,
54,2025-11-26 12:00:00,2.9,1.0,348.7,0.0,69.52,17.47,17.66,17.98,0.62,
54,2025-11-26 13:00:00,2.38,1.04,372.7,0.0,71.05,17.74,17.8,17.87,0.59,
54,2025-11-26 14:00:00,4.03,1.52,255.8,0.0,69.22,18.11,18.31,18.56,0.65,
54,2025-11-26 15:00:00,3.5,1.71,321.1,0.0,65.78,18.64,19.14,19.56,0.76,
54,2025-11-26 16:00:00,3.28,1.53,285.6,0.0,62.71,19.68,19.86,20.18,0.87,
54,2025-11-26 17:00:00,2.52,0.79,383.9,0.0,55.74,20.9,21.27,21.57,1.12,
54,2025-11-26 18:00:00,3.12,0.78,157.1,0.0,59.46,20.38,20.94,21.18,1.01,
54,2025-11-26 19:00:00,3.2,1.49,63.23,0.0,64.25,19.13,19.49,19.82,0.81,
54,2025-11-26 20:00:00,4.18,1.92,29.57,0.0,60.61,17.49,18.28,18.84,0.83,
54,2025-11-26 21:00:00,3.35,1.19,0.16,0.0,69.93,15.25,16.12,17.0,0.56,
54,2025-11-26 22:00:00,1.62,0.36,0.0,0.0,78.94,13.47,14.02,14.56,0.34,
54,2025-11-26 23:00:00,1.1,0.09,0.0,0.0,80.73,13.31,13.75,13.98,0.31,
54,2025-11-27 00:00:00,0.95,0.08,0.0,0.0,85.63,12.54,13.15,13.95,0.22,
54,2025-11-27 01:00:00,0.95,0.04,0.0,0.0,88.6,11.66,12.23,12.54,0.16,
54,2025-11-27 02:00:00,0.72,0.01,0.0,0.0,92.03,9.65,10.28,11.11,0.1,
54,2025-11-27 03:00:00,0.0,0.0,0.0,0.0,94.05,9.78,10.59,11.71,0.08,
54,2025-11-27 04:00:00,1.78,0.44,0.0,0.0,90.18,12.44,13.02,13.63,0.15,
54,2025-11-27 05:00:00,2.15,0.43,0.01,0.0,88.7,13.72,13.84,13.94,0.18,
54,2025-11-27 06:00:00,2.08,0.82,25.9,0.0,87.73,13.96,14.07,14.21,0.2,
54,2025-11-27 07:00:00,2.38,1.28,79.67,0.0,83.6,14.43,14.74,15.04,0.28,
54,2025-11-27 08:00:00,2.82,1.52,363.0,0.0,75.89,15.38,15.98,16.52,0.44,
54,2025-11-27 09:00:00,3.2,1.62,563.7,0.0,65.66,16.88,17.76,18.37,0.7,
54,2025-11-27 10:00:00,3.2,1.26,690.8,0.0,60.26,18.01,19.06,20.16,0.88,
54,2025-11-27 11:00:00,3.28,1.24,943.0,0.0,53.89,20.46,21.09,21.68,1.15,
54,2025-11-27 12:00:00,2.75,1.12,993.0,0.0,49.08,22.19,22.72,23.42,1.41,
54,2025-11-27 13:00:00,3.72,1.31,1013.0,0.0,40.71,23.76,24.44,25.12,1.82,
54,2025-11-27 14:00:00,3.5,1.35,1004.0,0.0,35.93,25.64,26.04,26.52,2.16,
54,2025-11-27 15:00:00,3.42,1.17,578.1,0.0,38.02,25.65,26.1,26.58,2.1,
54,2025-11-27 16:00:00,2.82,1.19,691.3,0.0,36.79,25.9,26.59,27.17,2.2,
54,2025-11-27 17:00:00,4.62,1.91,687.1,0.0,42.54,26.38,26.79,27.49,2.03,
54,2025-11-27 18:00:00,4.92,2.7,457.8,0.0,45.52,24.83,25.52,26.22,1.78,
54,2025-11-27 19:00:00,4.47,2.55,249.5,0.0,47.6,23.1,23.91,24.48,1.56,
54,2025-11-27 20:00:00,4.62,2.88,75.72,0.0,55.68,18.92,20.4,21.86,1.07,
54,2025-11-27 21:00:00,5.45,2.86,0.47,0.0,63.68,16.47,17.25,18.18,0.72,
54,2025-11-27 22:00:00,4.4,2.29,0.0,0.0,67.55,15.43,15.73,16.08,0.58,
54,2025-11-27 23:00:00,3.28,1.46,0.0,0.0,72.39,14.1,14.6,15.14,0.46,
54,2025-11-28 00:00:00,2.9,1.54,0.0,0.0,75.96,13.42,13.76,13.97,0.38,
54,2025-11-28 01:00:00,2.38,0.54,0.0,0.0,81.33,12.09,12.55,13.14,0.28,
54,2025-11-28 02:00:00,1.32,0.54,0.0,0.0,84.13,11.61,11.72,11.86,0.22,
54,2025-11-28 03:00:00,0.88,0.04,0.0,0.0,84.4,11.26,11.96,12.87,0.22,
54,2025-11-28 04:00:00,1.18,0.16,0.0,0.0,79.1,13.13,13.29,13.47,0.32,
54,2025-11-28 05:00:00,0.35,0.0,0.01,0.0,84.95,11.48,11.91,12.45,0.21,
54,2025-11-28 06:00:00,0.5,0.01,25.74,0.0,83.78,12.21,12.44,12.71,0.23,
54,2025-11-28 07:00:00,1.4,0.41,134.2,0.0,80.02,12.99,13.7,14.39,0.31,
54,2025-11-28 08:00:00,2.0,0.61,159.5,0.0,71.89,14.76,15.04,15.35,0.48,
54,2025-11-28 09:00:00,3.05,1.13,587.6,0.0,66.0,15.46,16.12,17.21,0.63,
54,2025-11-28 10:00:00,3.65,1.41,713.2,0.0,58.87,17.55,17.95,18.7,0.85,
54,2025-11-28 11:00:00,4.1,1.61,560.9,0.0,55.59,18.69,18.79,18.85,0.96,
54,2025-11-28 12:00:00,4.92,2.43,1058.0,0.0,49.49,20.06,20.31,20.81,1.2,
54,2025-11-28 13:00:00,5.22,2.51,1154.0,0.0,45.62,21.16,22.1,22.54,1.45,
54,2025-11-28 14:00:00,4.7,2.71,1058.0,0.0,42.77,22.52,23.04,23.56,1.61,
54,2025-11-28 15:00:00,4.55,2.4,906.0,0.0,41.83,22.99,23.6,24.14,1.7,
54,2025-11-28 16:00:00,4.4,1.98,761.7,0.0,38.53,23.53,24.27,25.03,1.87,
54,2025-11-28 17:00:00,5.9,2.68,632.9,0.0,38.05,24.4,24.68,25.1,1.93,
54,2025-11-28 18:00:00,6.12,3.36,462.6,0.0,39.35,22.7,23.31,24.01,1.74,
54,2025-11-28 19:00:00,5.08,3.19,256.6,0.0,44.67,20.66,21.56,22.37,1.43,
54,2025-11-28 20:00:00,4.92,2.66,80.5,0.0,51.31,17.92,18.98,19.98,1.07,
54,2025-11-28 21:00:00,3.35,1.37,0.52,0.0,59.55,15.6,16.6,17.38,0.77,
54,2025-11-28 22:00:00,2.82,1.09,0.0,0.0,65.35,15.13,15.72,16.37,0.62,
54,2025-11-28 23:00:00,2.98,1.12,0.0,0.0,65.98,16.0,16.18,16.34,0.63,
54,2025-11-29 00:00:00,1.32,0.04,0.0,0.0,73.82,13.8,14.71,15.8,0.44,
54,2025-11-29 01:00:00,1.32,0.14,0.0,0.0,84.43,11.25,12.09,12.97,0.22,
54,2025-11-29 02:00:00,0.0,0.0,0.0,0.0,89.28,9.91,10.22,10.74,0.14,
54,2025-11-29 03:00:00,0.72,0.03,0.0,0.0,91.45,8.51,9.08,9.46,0.1,
54,2025-11-29 04:00:00,0.8,0.02,0.0,0.0,93.18,7.55,7.95,8.6,0.07,
54,2025-11-29 05:00:00,1.02,0.04,0.03,0.0,93.43,7.56,7.71,7.87,0.07,
54,2025-11-29 06:00:00,1.55,0.48,71.24,0.0,93.25,7.98,8.42,8.7,0.08,
54,2025-11-29 07:00:00,1.62,0.26,248.1,0.0,82.75,9.89,11.6,13.06,0.24,
54,2025-11-29 08:00:00,3.42,1.55,392.2,0.0,74.67,13.87,14.61,15.33,0.42,
54,2025-11-29 09:00:00,3.28,1.84,645.6,0.0,61.84,15.95,17.32,18.24,0.76,
54,2025-11-29 10:00:00,3.58,1.49,886.0,0.0,53.25,18.87,19.74,20.55,1.08,
54,2025-11-29 11:00:00,3.72,1.17,565.7,0.0,48.11,19.84,20.32,20.85,1.24,
54,2025-11-29 12:00:00,5.0,1.95,1149.0,0.0,41.76,20.81,22.22,23.58,1.57,
54,2025-11-29 13:00:00,4.03,2.33,1210.0,0.0,39.01,23.45,23.87,24.16,1.81,
54,2025-11-29 14:00:00,5.52,1.96,805.0,0.0,38.34,24.0,24.13,24.24,1.85,
54,2025-11-29 15:00:00,5.15,2.85,767.4,0.0,39.53,23.97,24.22,24.46,1.83,
54,2025-11-29 16:00:00,5.9,3.17,655.6,0.0,41.39,23.4,23.64,23.88,1.72,
54,2025-11-29 17:00:00,5.68,3.11,503.7,0.0,41.51,22.42,22.87,23.17,1.63,
54,2025-11-29 18:00:00,5.9,3.17,289.1,0.0,43.29,21.48,21.76,22.04,1.48,
54,2025-11-29 19:00:00,5.15,2.84,237.9,0.0,45.98,19.98,20.71,21.35,1.32,
54,2025-11-29 20:00:00,3.8,1.98,137.0,0.0,50.63,18.74,19.46,20.18,1.12,
54,2025-11-29 21:00:00,4.62,2.14,0.5,0.0,58.94,16.97,17.7,18.38,0.84,
54,2025-11-29 22:00:00,2.15,0.81,0.0,0.0,69.65,14.81,15.77,16.5,0.55,
54,2025-11-29 23:00:00,1.32,0.66,0.0,0.0,82.21,12.63,13.42,14.18,0.28,
54,2025-11-30 00:00:00,1.48,0.37,0.0,0.0,82.88,12.65,12.87,13.04,0.25,
54,2025-11-30 01:00:00,1.4,0.15,0.0,0.0,86.45,11.4,11.99,12.37,0.2,
54,2025-11-30 02:00:00,0.95,0.07,0.0,0.0,90.08,10.16,10.51,10.96,0.13,
54,2025-11-30 03:00:00,1.25,0.1,0.0,0.0,90.95,9.83,10.31,10.78,0.12,
54,2025-11-30 04:00:00,0.0,0.0,0.0,0.0,92.5,8.82,9.14,9.31,0.09,
54,2025-11-30 05:00:00,1.18,0.07,0.02,0.0,92.7,8.65,8.82,9.03,0.09,
54,2025-11-30 06:00:00,0.72,0.03,71.42,0.0,93.7,8.57,8.82,9.29,0.07,
54,2025-11-30 07:00:00,1.62,0.17,248.9,0.0,84.4,10.73,12.73,14.28,0.23,
54,2025-11-30 08:00:00,1.55,0.39,448.1,0.0,69.13,14.99,16.41,17.77,0.59,
54,2025-11-30 09:00:00,2.38,0.83,647.3,0.0,55.95,18.05,18.5,19.14,0.94,
54,2025-11-30 10:00:00,2.82,1.23,907.0,0.0,48.0,19.56,20.23,20.71,1.23,
54,2025-11-30 11:00:00,4.25,1.49,997.0,0.0,44.09,21.43,21.79,22.39,1.46,
54,2025-11-30 12:00:00,4.18,1.59,646.6,0.0,40.94,21.61,21.83,21.99,1.55,
54,2025-11-30 13:00:00,3.88,1.9,1131.0,0.0,39.57,22.65,22.97,23.41,1.7,
54,2025-11-30 14:00:00,4.78,2.05,1046.0,0.0,37.56,22.82,23.72,24.29,1.83,
54,2025-11-30 15:00:00,5.15,2.68,1065.0,0.0,36.74,24.67,24.92,25.25,2.0,
54,2025-11-30 16:00:00,5.3,3.0,887.0,0.0,37.48,24.57,24.75,24.93,1.95,
54,2025-11-30 17:00:00,5.6,2.97,662.5,0.0,35.41,24.08,24.26,24.39,1.96,
54,2025-11-30 18:00:00,5.52,2.79,461.8,0.0,37.07,23.2,23.65,23.98,1.84,
54,2025-11-30 19:00:00,4.55,2.73,260.1,0.0,41.84,21.68,22.27,22.86,1.56,
54,2025-11-30 20:00:00,4.4,2.35,83.3,0.0,49.55,19.06,19.83,20.81,1.17,
54,2025-11-30 21:00:00,3.8,1.7,0.79,0.0,55.21,16.94,17.73,18.51,0.91,
54,2025-11-30 22:00:00,4.03,1.6,0.0,0.0,62.89,15.47,15.99,16.46,0.68,
54,2025-11-30 23:00:00,2.9,1.31,0.0,0.0,74.3,13.83,14.38,15.07,0.42,
54,2025-12-01 00:00:00,1.62,0.41,0.0,0.0,82.15,12.14,12.91,13.61,0.27,
54,2025-12-01 01:00:00,1.4,0.18,0.0,0.0,86.77,10.28,11.17,12.24,0.18,
54,2025-12-01 02:00:00,0.88,0.08,0.0,0.0,91.3,9.64,9.85,9.94,0.11,
54,2025-12-01 03:00:00,0.57,0.01,0.0,0.0,92.15,8.85,9.26,9.58,0.09,
54,2025-12-01 04:00:00,0.88,0.08,0.0,0.0,94.18,8.75,8.91,9.0,0.07,
54,2025-12-01 05:00:00,0.0,0.0,0.04,0.0,93.85,7.77,8.04,8.29,0.07,
54,2025-12-01 06:00:00,0.0,0.0,68.86,0.0,95.18,7.23,7.48,7.72,0.05,
54,2025-12-01 07:00:00,0.88,0.03,254.2,0.0,85.32,8.99,11.46,13.22,0.21,
54,2025-12-01 08:00:00,3.42,1.43,456.8,0.0,75.01,13.95,14.85,15.48,0.42,
54,2025-12-01 09:00:00,4.1,2.02,648.7,0.0,67.89,16.02,16.89,17.61,0.62,
54,2025-12-01 10:00:00,3.65,1.83,816.0,0.0,60.22,18.11,19.15,20.1,0.89,
54,2025-12-01 11:00:00,4.55,1.84,941.0,0.0,49.72,20.47,21.31,21.93,1.28,
54,2025-12-01 12:00:00,4.03,1.96,1013.0,0.0,43.72,22.35,23.15,24.07,1.6,
54,2025-12-01 13:00:00,4.18,1.7,1025.0,0.0,35.84,24.55,24.95,25.24,2.03,
54,2025-12-01 14:00:00,5.9,1.7,993.0,0.0,31.87,26.0,26.35,26.77,2.34,
54,2025-12-01 15:00:00,3.95,1.61,927.0,0.0,25.18,26.79,27.36,27.78,2.73,
54,2025-12-01 16:00:00,4.32,1.41,764.5,0.0,23.3,27.33,27.53,27.72,2.82,
54,2025-12-01 17:00:00,9.12,2.31,576.0,0.0,28.0,26.89,27.67,28.04,2.68,
54,2025-12-01 18:00:00,5.9,3.13,234.6,0.0,38.89,23.38,24.49,25.91,1.89,
54,2025-12-01 19:00:00,5.45,2.98,102.7,0.0,44.17,20.99,21.76,22.51,1.46,
54,2025-12-01 20:00:00,4.47,2.53,36.09,0.0,48.1,19.03,19.73,20.39,1.2,
54,2025-12-01 21:00:00,3.05,1.52,0.31,0.0,56.64,17.62,18.06,18.54,0.9,
54,2025-12-01 22:00:00,2.52,1.34,0.0,0.0,62.43,16.85,17.1,17.39,0.73,
54,2025-12-01 23:00:00,2.75,1.4,0.0,0.0,66.73,16.34,16.55,16.73,0.63,
54,2025-12-02 00:00:00,2.3,1.06,0.0,0.0,69.71,15.66,15.98,16.2,0.55,
54,2025-12-02 01:00:00,1.32,0.13,0.0,0.0,76.92,14.0,14.71,15.38,0.39,
54,2025-12-02 02:00:00,0.95,0.06,0.0,0.0,82.7,12.24,13.09,13.73,0.26,
54,2025-12-02 03:00:00,0.95,0.01,0.0,0.0,88.1,11.08,11.35,11.65,0.16,
54,2025-12-02 04:00:00,0.5,0.01,0.0,0.0,90.53,9.93,10.4,11.13,0.12,
54,2025-12-02 05:00:00,0.0,0.0,0.02,0.0,92.63,9.28,9.37,9.47,0.09,
54,2025-12-02 06:00:00,0.0,0.0,28.33,0.0,93.65,9.45,10.03,10.75,0.08,
54,2025-12-02 07:00:00,1.4,0.26,205.2,0.0,86.52,11.37,12.44,13.38,0.2,
54,2025-12-02 08:00:00,2.9,1.3,338.9,0.0,75.96,14.75,15.36,15.85,0.42,
54,2025-12-02 09:00:00,3.8,2.08,654.9,0.0,69.39,15.88,17.11,18.37,0.6,
54,2025-12-02 10:00:00,3.8,1.74,797.3,0.0,61.71,18.64,19.42,20.39,0.87,
54,2025-12-02 11:00:00,4.18,2.27,918.0,0.0,53.02,20.83,21.64,22.41,1.22,
54,2025-12-02 12:00:00,4.4,2.59,990.0,0.0,45.68,22.92,23.72,24.43,1.6,
54,2025-12-02 13:00:00,5.22,2.46,1002.0,0.0,37.43,25.05,25.75,26.35,2.08,
54,2025-12-02 14:00:00,4.18,2.23,991.0,0.0,30.08,26.69,27.18,27.46,2.52,
54,2025-12-02 15:00:00,5.45,2.18,928.0,0.0,23.02,27.91,28.24,28.55,2.95,
54,2025-12-02 16:00:00,5.82,2.71,815.0,0.0,20.57,28.52,28.87,29.21,3.16,
54,2025-12-02 17:00:00,6.05,2.99,651.2,0.0,24.24,28.79,29.02,29.25,3.04,
54,2025-12-02 18:00:00,5.52,3.04,463.1,0.0,26.34,27.97,28.5,28.88,2.87,
54,2025-12-02 19:00:00,5.3,2.96,260.9,0.0,34.62,26.77,27.47,27.87,2.4,
54,2025-12-02 20:00:00,5.3,2.65,85.5,0.0,42.73,24.09,25.1,26.06,1.83,
54,2025-12-02 21:00:00,4.32,2.3,1.03,0.0,47.34,21.34,22.41,23.54,1.43,
54,2025-12-02 22:00:00,3.28,0.44,0.0,0.0,62.05,17.27,18.77,20.67,0.84,
54,2025-12-02 23:00:00,1.25,0.38,0.0,0.0,70.67,16.51,16.75,17.03,0.56,
54,2025-12-03 00:00:00,0.8,0.02,0.0,0.0,80.38,14.58,15.08,15.84,0.34,
54,2025-12-03 01:00:00,0.95,0.12,0.0,0.0,85.38,13.1,13.77,14.23,0.23,
54,2025-12-03 02:00:00,1.02,0.17,0.0,0.0,88.65,12.49,12.6,12.79,0.17,
54,2025-12-03 03:00:00,0.88,0.03,0.0,0.0,89.98,11.33,11.83,12.52,0.14,
54,2025-12-03 04:00:00,1.32,0.28,0.0,0.0,91.78,11.23,11.91,12.29,0.12,
54,2025-12-03 05:00:00,1.48,0.27,0.06,0.0,90.15,12.79,13.28,13.63,0.15,
54,2025-12-03 06:00:00,1.92,0.87,75.01,0.0,90.3,12.58,13.45,14.68,0.15,
54,2025-12-03 07:00:00,3.42,1.66,246.8,0.0,81.04,15.28,16.21,17.06,0.35,
54,2025-12-03 08:00:00,5.0,2.78,446.3,0.0,73.09,17.25,18.09,18.83,0.56,
54,2025-12-03 09:00:00,4.85,2.72,641.5,0.0,65.13,19.14,19.89,20.55,0.81,
54,2025-12-03 10:00:00,5.08,2.63,808.0,0.0,56.76,21.06,22.07,23.05,1.15,
54,2025-12-03 11:00:00,5.22,2.82,930.0,0.0,50.37,23.65,24.45,25.33,1.53,
54,2025-12-03 12:00:00,6.28,3.53,999.0,0.0,42.89,25.94,26.61,27.49,1.99,
54,2025-12-03 13:00:00,5.98,3.6,1013.0,0.0,35.42,27.82,28.48,29.29,2.51,
54,2025-12-03 14:00:00,6.58,3.51,1002.0,0.0,27.91,29.66,30.12,30.63,3.08,
54,2025-12-03 15:00:00,6.8,3.73,933.0,0.0,27.32,30.79,31.18,31.37,3.3,
54,2025-12-03 16:00:00,6.72,3.68,822.0,0.0,22.89,31.65,31.75,31.87,3.61,
54,2025-12-03 17:00:00,6.28,3.22,610.1,0.0,25.07,31.92,31.99,32.03,3.56,
54,2025-12-03 18:00:00,5.82,3.41,468.5,0.0,21.45,31.55,31.59,31.6,3.65,
54,2025-12-03 19:00:00,5.75,3.48,268.9,0.0,23.36,30.04,30.75,31.36,3.4,
54,2025-12-03 20:00:00,5.0,2.58,92.0,0.0,29.31,27.16,28.35,29.38,2.74,
54,2025-12-03 21:00:00,5.52,2.02,0.91,0.0,38.9,24.78,25.84,26.64,2.04,
54,2025-12-03 22:00:00,3.2,1.5,0.0,0.0,51.0,23.29,23.48,23.88,1.42,
54,2025-12-03 23:00:00,5.15,2.56,0.0,0.0,49.47,22.68,22.97,23.17,1.42,
54,2025-12-04 00:00:00,7.1,3.69,0.0,0.0,52.74,21.73,22.01,22.31,1.25,
54,2025-12-04 01:00:00,6.58,3.69,0.0,0.0,57.3,20.43,20.86,21.48,1.05,
54,2025-12-04 02:00:00,5.9,3.44,0.0,0.0,52.12,18.55,19.34,19.99,1.08,
54,2025-12-04 03:00:00,4.92,2.21,0.0,0.0,52.53,17.26,17.67,18.12,0.96,
54,2025-12-04 04:00:00,4.18,1.11,0.0,0.0,53.73,15.92,16.51,17.22,0.87,
54,2025-12-04 05:00:00,2.6,1.23,0.06,0.0,59.23,14.96,15.35,15.8,0.71,
54,2025-12-04 06:00:00,3.05,1.1,65.94,0.0,65.57,14.24,14.44,14.7,0.57,
54,2025-12-04 07:00:00,5.68,3.11,246.2,0.0,63.05,15.06,15.4,15.78,0.65,
54,2025-12-04 08:00:00,5.98,3.37,452.8,0.0,59.93,16.09,16.75,17.36,0.77,
54,2025-12-04 09:00:00,4.92,2.95,644.1,0.0,56.05,17.94,18.71,19.53,0.95,
54,2025-12-04 10:00:00,6.12,3.33,811.0,0.0,48.95,20.12,21.07,22.01,1.28,
54,2025-12-04 11:00:00,5.75,3.46,934.0,0.0,42.25,22.72,23.73,24.75,1.7,
54,2025-12-04 12:00:00,6.35,3.53,1003.0,0.0,36.36,25.09,25.76,26.56,2.11,
54,2025-12-04 13:00:00,6.58,3.3,1020.0,0.0,30.66,27.08,27.84,28.53,2.6,
54,2025-12-04 14:00:00,6.5,3.96,1010.0,0.0,25.5,28.81,29.06,29.3,3.0,
54,2025-12-04 15:00:00,6.58,3.45,934.0,0.0,26.74,29.45,30.06,30.68,3.12,
54,2025-12-04 16:00:00,6.42,3.73,822.0,0.0,27.31,30.61,30.78,31.09,3.23,
54,2025-12-04 17:00:00,7.02,3.83,656.7,0.0,26.47,30.7,30.88,31.03,3.28,
54,2025-12-04 18:00:00,8.0,3.96,465.8,0.0,26.72,29.35,29.74,30.16,3.06,
54,2025-12-04 19:00:00,5.98,3.22,268.7,0.0,27.7,28.33,28.86,29.38,2.87,
54,2025-12-04 20:00:00,5.82,2.91,92.9,0.0,30.79,26.1,27.01,27.8,2.47,
54,2025-12-04 21:00:00,3.8,1.45,0.9,0.0,45.64,22.72,24.42,25.7,1.68,
54,2025-12-04 22:00:00,2.52,1.09,0.0,0.0,57.02,20.33,20.73,21.65,1.05,
54,2025-12-04 23:00:00,1.48,0.52,0.0,0.0,64.13,17.13,18.39,19.86,0.76,
54,2025-12-05 00:00:00,1.92,0.15,0.0,0.0,74.8,15.31,15.76,16.66,0.45,
54,2025-12-05 01:00:00,4.85,1.66,0.0,0.0,68.5,16.97,17.8,18.16,0.64,
54,2025-12-05 02:00:00,5.6,2.63,0.0,0.0,71.41,16.33,16.89,17.5,0.55,
54,2025-12-05 03:00:00,4.7,2.61,0.0,0.0,74.23,14.96,15.47,15.99,0.46,
54,2025-12-05 04:00:00,4.78,2.52,0.0,0.0,74.46,13.98,14.3,14.63,0.42,
54,2025-12-05 05:00:00,4.85,2.66,0.08,0.0,72.27,12.97,13.44,13.81,0.43,
54,2025-12-05 06:00:00,4.85,2.31,66.4,0.0,71.72,12.35,12.46,12.61,0.41,
54,2025-12-05 07:00:00,4.47,2.5,240.2,0.0,66.65,12.56,12.83,13.09,0.49,
54,2025-12-05 08:00:00,5.0,2.81,451.5,0.0,62.46,13.45,14.01,14.47,0.6,
54,2025-12-05 09:00:00,4.32,2.43,646.9,0.0,57.46,15.09,15.78,16.59,0.76,
54,2025-12-05 10:00:00,4.85,2.25,813.0,0.0,53.76,17.0,17.83,18.52,0.94,
54,2025-12-05 11:00:00,4.92,2.31,933.0,0.0,49.57,19.07,19.85,20.72,1.17,
54,2025-12-05 12:00:00,4.78,2.19,1003.0,0.0,45.71,21.35,22.22,23.24,1.46,
54,2025-12-05 13:00:00,4.18,2.23,1016.0,0.0,40.27,23.56,24.24,24.89,1.81,
54,2025-12-05 14:00:00,5.15,2.24,1007.0,0.0,35.63,25.71,26.2,26.54,2.19,
54,2025-12-05 15:00:00,5.6,2.74,941.0,0.0,27.91,26.89,27.31,27.63,2.62,
54,2025-12-05 16:00:00,5.08,2.85,831.0,0.0,23.02,28.05,28.42,28.56,2.98,
54,2025-12-05 17:00:00,6.58,3.03,672.7,0.0,18.89,28.81,28.88,28.97,3.23,
54,2025-12-05 18:00:00,5.75,3.33,480.8,0.0,19.92,28.55,28.73,29.03,3.16,
54,2025-12-05 19:00:00,6.12,3.37,275.4,0.0,21.1,27.48,27.96,28.34,2.98,
54,2025-12-05 20:00:00,5.45,2.44,94.5,0.0,30.13,24.79,25.89,26.86,2.34,
54,2025-12-05 21:00:00,3.5,1.85,1.75,0.0,34.67,23.09,23.34,23.93,1.87,
54,2025-12-05 22:00:00,5.22,2.56,0.0,0.0,36.15,21.71,22.12,22.4,1.7,
54,2025-12-05 23:00:00,5.68,3.21,0.0,0.0,39.51,20.38,20.75,21.05,1.48,
54,2025-12-06 00:00:00,6.28,2.71,0.0,0.0,44.81,18.95,19.61,20.16,1.26,
54,2025-12-06 01:00:00,4.85,2.35,0.0,0.0,53.69,17.48,18.12,18.72,0.96,
54,2025-12-06 02:00:00,5.08,2.55,0.0,0.0,58.93,16.1,16.69,17.28,0.78,
54,2025-12-06 03:00:00,4.1,2.05,0.0,0.0,63.21,14.65,15.17,15.72,0.64,
54,2025-12-06 04:00:00,3.42,1.68,0.0,0.0,67.34,13.66,13.93,14.26,0.52,
54,2025-12-06 05:00:00,3.5,1.43,0.07,0.0,70.32,12.63,12.98,13.24,0.45,
54,2025-12-06 06:00:00,2.15,0.49,53.0,0.0,73.93,11.8,12.08,12.4,0.37,
54,2025-12-06 07:00:00,4.18,1.7,240.8,0.0,65.84,12.87,13.67,14.36,0.54,
54,2025-12-06 08:00:00,4.25,2.21,440.5,0.0,60.31,14.69,15.28,15.82,0.69,
54,2025-12-06 09:00:00,3.2,1.28,624.4,0.0,54.89,16.37,17.13,17.9,0.89,
54,2025-12-06 10:00:00,3.35,1.17,806.0,0.0,48.79,18.09,19.27,20.18,1.15,
54,2025-12-06 11:00:00,2.22,0.88,928.0,0.0,43.52,20.53,21.59,22.73,1.46,
54,2025-12-06 12:00:00,3.2,1.11,1001.0,0.0,40.94,22.83,23.93,24.87,1.76,
54,2025-12-06 13:00:00,3.8,1.33,1030.0,0.0,36.29,25.36,26.49,27.69,2.21,
54,2025-12-06 14:00:00,2.98,1.36,1028.0,0.0,29.71,28.01,28.77,29.54,2.78,
54,2025-12-06 15:00:00,4.78,1.47,934.0,0.0,28.4,29.98,30.54,30.91,3.13,
54,2025-12-06 16:00:00,5.9,2.42,836.0,0.0,35.99,27.98,30.04,31.06,2.74,
54,2025-12-06 17:00:00,5.52,3.16,623.8,0.0,44.77,26.39,27.18,27.58,1.99,
54,2025-12-06 18:00:00,5.08,2.74,355.7,0.0,47.91,24.46,25.31,26.54,1.69,
54,2025-12-06 19:00:00,4.7,2.64,180.9,0.0,51.63,22.11,23.06,24.0,1.37,
54,2025-12-06 20:00:00,3.05,1.75,51.42,0.0,59.16,20.25,20.9,21.61,1.01,
54,2025-12-06 21:00:00,2.38,1.04,4.5,0.0,64.51,18.43,19.11,19.85,0.79,
54,2025-12-06 22:00:00,2.3,0.83,0.0,0.0,68.26,17.62,17.93,18.23,0.66,
54,2025-12-06 23:00:00,1.4,0.18,0.0,0.0,76.18,16.03,16.71,17.39,0.46,
54,2025-12-07 00:00:00,0.0,0.0,0.0,0.0,82.45,15.61,15.78,15.87,0.32,
54,2025-12-07 01:00:00,1.02,0.09,0.0,0.0,86.35,14.58,14.77,14.97,0.23,
54,2025-12-07 02:00:00,1.02,0.17,0.0,0.0,85.75,14.43,14.5,14.54,0.24,
54,2025-12-07 03:00:00,1.78,0.37,0.0,0.0,85.48,13.9,14.18,14.41,0.24,
54,2025-12-07 04:00:00,1.78,0.82,0.0,0.0,86.98,13.54,13.95,14.47,0.21,
54,2025-12-07 05:00:00,2.0,0.62,0.03,0.0,89.73,13.27,13.47,13.69,0.16,
54,2025-12-07 06:00:00,1.4,0.24,29.11,0.0,89.6,13.41,13.54,13.67,0.16,
54,2025-12-07 07:00:00,1.78,0.65,150.0,0.0,83.97,14.0,14.77,15.85,0.27,
54,2025-12-07 08:00:00,3.05,1.46,344.7,0.0,73.61,16.64,17.45,18.05,0.53,
54,2025-12-07 09:00:00,2.75,1.4,555.5,0.0,59.01,19.08,20.41,21.32,0.99,
54,2025-12-07 10:00:00,3.65,1.1,737.0,0.0,54.35,21.45,22.13,22.8,1.22,
54,2025-12-07 11:00:00,2.9,1.27,949.0,0.0,50.69,23.58,24.11,25.1,1.48,
54,2025-12-07 12:00:00,4.7,2.12,973.0,0.0,47.68,25.37,25.86,26.43,1.75,
54,2025-12-07 13:00:00,4.4,2.0,979.0,0.0,42.84,26.6,27.19,27.9,2.07,
54,2025-12-07 14:00:00,3.95,1.51,988.0,0.0,39.45,28.13,28.85,29.31,2.4,
54,2025-12-07 15:00:00,3.58,1.67,929.0,0.0,35.96,29.42,29.64,30.02,2.66,
54,2025-12-07 16:00:00,2.9,1.43,917.0,0.0,33.5,29.34,30.23,30.68,2.86,
54,2025-12-07 17:00:00,2.75,1.05,553.5,0.0,32.38,29.57,30.21,30.57,2.91,
54,2025-12-07 18:00:00,5.22,1.58,426.9,0.0,40.15,26.73,29.36,30.8,2.48,
54,2025-12-07 19:00:00,5.45,3.25,165.3,0.0,50.4,24.19,24.93,25.61,1.57,
54,2025-12-07 20:00:00,4.62,2.63,60.92,0.0,53.05,23.16,23.63,23.96,1.37,
54,2025-12-07 21:00:00,3.72,1.93,0.8,0.0,56.46,21.71,22.19,22.77,1.17,
54,2025-12-07 22:00:00,4.1,2.0,0.0,0.0,59.44,20.62,21.03,21.43,1.01,
54,2025-12-07 23:00:00,5.38,2.34,0.0,0.0,59.64,20.23,20.4,20.56,0.97,
54,2025-12-08 00:00:00,3.5,1.46,0.0,0.0,63.21,18.75,19.32,19.92,0.83,
54,2025-12-08 01:00:00,2.15,0.59,0.0,0.0,66.91,17.53,18.15,18.6,0.69,
54,2025-12-08 02:00:00,1.55,0.17,0.0,0.0,76.33,15.86,16.35,17.0,0.44,
54,2025-12-08 03:00:00,1.18,0.1,0.0,0.0,83.12,14.24,14.93,15.71,0.29,
54,2025-12-08 04:00:00,0.88,0.01,0.0,0.0,88.48,12.93,13.48,13.99,0.18,
54,2025-12-08 05:00:00,0.88,0.13,0.05,0.0,90.73,13.0,13.13,13.18,0.14,
54,2025-12-08 06:00:00,1.02,0.02,63.38,0.0,89.65,12.73,13.06,13.5,0.16,
54,2025-12-08 07:00:00,0.8,0.05,234.7,0.0,71.05,14.68,16.76,18.72,0.57,
54,2025-12-08 08:00:00,1.92,0.46,312.0,0.0,60.43,19.01,19.37,19.69,0.89,
54,2025-12-08 09:00:00,2.45,0.71,646.8,0.0,55.12,20.52,21.34,22.07,1.14,
54,2025-12-08 10:00:00,2.52,0.81,840.0,0.0,46.74,22.89,23.64,24.78,1.56,
54,2025-12-08 11:00:00,3.05,1.1,919.0,0.0,43.76,25.33,25.89,26.44,1.88,
54,2025-12-08 12:00:00,3.88,1.31,992.0,0.0,39.14,26.97,28.04,29.45,2.32,
54,2025-12-08 13:00:00,4.62,1.69,1022.0,0.0,34.9,29.73,30.19,30.93,2.79,
54,2025-12-08 14:00:00,4.62,1.62,989.0,0.0,33.8,31.19,31.55,32.11,3.07,
54,2025-12-08 15:00:00,4.18,1.61,913.0,0.0,31.48,32.69,32.78,32.89,3.4,
54,2025-12-08 16:00:00,4.03,1.58,797.0,0.0,32.44,32.69,33.04,33.41,3.41,
54,2025-12-08 17:00:00,3.42,1.22,498.3,0.0,35.33,31.35,32.12,32.76,3.1,
54,2025-12-08 18:00:00,5.15,2.53,531.1,0.0,33.55,29.97,31.37,32.34,3.05,
54,2025-12-08 19:00:00,4.92,2.73,230.4,0.0,36.43,27.72,28.72,29.36,2.51,
54,2025-12-08 20:00:00,4.4,2.25,90.0,0.0,45.15,23.81,24.97,26.37,1.74,
54,2025-12-08 21:00:00,4.32,2.3,1.28,0.0,50.11,21.84,22.74,23.53,1.38,
54,2025-12-08 22:00:00,3.28,1.33,0.0,0.0,57.35,19.59,20.44,21.33,1.03,
54,2025-12-08 23:00:00,3.28,1.55,0.0,0.0,60.65,18.47,19.01,19.47,0.87,
54,2025-12-09 00:00:00,1.4,0.3,0.0,0.0,67.7,16.74,17.4,18.14,0.64,
54,2025-12-09 01:00:00,1.25,0.18,0.0,0.0,74.87,15.65,16.26,16.76,0.47,
54,2025-12-09 02:00:00,1.78,0.64,0.0,0.0,80.45,15.04,15.46,15.76,0.35,
54,2025-12-09 03:00:00,1.1,0.16,0.0,0.0,86.5,13.7,14.14,15.0,0.22,
54,2025-12-09 04:00:00,0.88,0.02,0.0,0.0,89.1,13.21,13.42,13.65,0.17,
54,2025-12-09 05:00:00,2.52,0.96,0.02,0.0,83.8,13.03,13.71,14.23,0.26,
54,2025-12-09 06:00:00,2.75,0.96,47.42,0.0,84.13,13.7,13.85,13.99,0.25,
54,2025-12-09 07:00:00,4.18,1.3,219.4,0.0,77.07,14.4,15.13,15.63,0.4,
54,2025-12-09 08:00:00,4.78,2.9,427.6,0.0,73.88,15.69,16.06,16.6,0.48,
54,2025-12-09 09:00:00,4.32,2.02,626.3,0.0,64.87,17.29,18.22,19.01,0.74,
54,2025-12-09 10:00:00,3.12,1.19,683.4,0.0,58.93,19.72,20.2,20.44,0.97,
54,2025-12-09 11:00:00,3.65,1.41,913.0,0.0,52.41,21.77,22.27,22.82,1.28,
54,2025-12-09 12:00:00,3.2,1.26,983.0,0.0,48.51,22.91,23.67,24.56,1.51,
54,2025-12-09 13:00:00,3.5,1.14,997.0,0.0,44.17,25.32,25.53,25.87,1.83,
54,2025-12-09 14:00:00,3.35,1.12,988.0,0.0,40.38,26.6,27.2,27.94,2.15,
54,2025-12-09 15:00:00,3.35,1.46,926.0,0.0,41.21,27.87,28.21,28.45,2.25,
54,2025-12-09 16:00:00,3.5,1.11,812.0,0.0,35.59,28.95,29.43,30.07,2.65,
54,2025-12-09 17:00:00,2.82,1.15,652.1,0.0,32.58,29.74,30.08,30.29,2.88,
54,2025-12-09 18:00:00,5.45,2.91,481.1,0.0,40.73,27.19,28.18,29.61,2.27,
54,2025-12-09 19:00:00,5.22,3.1,271.6,0.0,44.56,23.99,25.1,26.56,1.77,
54,2025-12-09 20:00:00,5.15,3.02,93.2,0.0,57.73,18.74,20.64,22.48,1.04,
54,2025-12-09 21:00:00,4.7,2.57,2.0,0.0,69.81,16.56,17.2,18.01,0.6,
54,2025-12-09 22:00:00,2.82,1.13,0.0,0.0,76.18,15.4,15.87,16.31,0.43,
54,2025-12-09 23:00:00,2.0,0.91,0.0,0.0,80.85,14.83,14.9,14.99,0.32,
54,2025-12-10 00:00:00,1.4,0.16,0.0,0.0,84.28,13.56,14.18,14.77,0.26,
54,2025-12-10 01:00:00,0.72,0.02,0.0,0.0,88.48,12.89,13.07,13.26,0.17,
54,2025-12-10 02:00:00,1.18,0.12,0.0,0.0,89.83,12.54,12.66,12.84,0.15,
54,2025-12-10 03:00:00,0.0,0.0,0.0,0.0,90.33,11.92,12.14,12.49,0.14,
54,2025-12-10 04:00:00,1.85,0.43,0.0,0.0,91.33,11.88,12.33,12.6,0.13,
54,2025-12-10 05:00:00,1.02,0.05,0.04,0.0,91.3,12.17,12.27,12.45,0.12,
54,2025-12-10 06:00:00,1.18,0.14,24.44,0.0,93.13,11.66,11.84,12.1,0.1,
54,2025-12-10 07:00:00,1.7,0.63,105.5,0.0,89.58,12.45,13.25,13.88,0.16,
54,2025-12-10 08:00:00,2.38,0.45,437.3,0.0,77.13,14.31,15.98,17.82,0.43,
54,2025-12-10 09:00:00,2.98,1.27,662.2,0.0,69.02,17.49,18.18,18.87,0.65,
54,2025-12-10 10:00:00,3.2,0.85,797.9,0.0,60.65,19.43,20.27,21.03,0.94,
54,2025-12-10 11:00:00,2.75,1.03,910.0,0.0,56.48,21.39,22.04,22.35,1.16,
54,2025-12-10 12:00:00,3.72,1.1,980.0,0.0,50.97,23.4,23.99,24.91,1.46,
54,2025-12-10 13:00:00,5.6,1.26,995.0,0.0,45.53,25.65,26.26,26.71,1.86,
54,2025-12-10 14:00:00,3.65,1.39,984.0,0.0,42.25,27.01,27.92,29.08,2.18,
54,2025-12-10 15:00:00,3.35,1.34,920.0,0.0,38.51,28.84,29.09,29.55,2.48,
54,2025-12-10 16:00:00,3.05,1.12,619.7,0.0,38.96,28.96,29.16,29.33,2.47,
54,2025-12-10 17:00:00,5.68,3.56,698.7,0.0,42.12,27.25,27.99,28.58,2.19,
54,2025-12-10 18:00:00,5.98,3.8,464.9,0.0,48.91,24.15,25.31,26.76,1.66,
54,2025-12-10 19:00:00,5.9,3.7,266.9,0.0,54.62,22.05,22.7,23.38,1.25,
54,2025-12-10 20:00:00,5.38,3.26,88.8,0.0,62.05,19.42,20.31,21.3,0.91,
54,2025-12-10 21:00:00,5.22,2.88,1.43,0.0,69.17,17.69,18.05,18.61,0.64,
54,2025-12-10 22:00:00,4.7,2.76,0.0,0.0,72.09,16.9,17.15,17.44,0.55,
54,2025-12-10 23:00:00,4.18,2.37,0.0,0.0,75.28,16.19,16.43,16.66,0.46,
54,2025-12-11 00:00:00,4.85,1.8,0.0,0.0,78.43,15.44,15.78,16.08,0.39,
54,2025-12-11 01:00:00,2.38,0.46,0.0,0.0,84.03,14.35,14.74,15.25,0.27,
54,2025-12-11 02:00:00,0.65,0.01,0.0,0.0,87.33,13.39,13.89,14.31,0.2,
54,2025-12-11 03:00:00,2.0,0.67,0.0,0.0,88.05,13.35,13.99,14.35,0.19,
54,2025-12-11 04:00:00,1.55,0.43,0.0,0.0,91.03,13.27,13.49,13.83,0.14,
54,2025-12-11 05:00:00,1.18,0.18,0.01,0.0,92.0,12.88,13.13,13.35,0.12,
54,2025-12-11 06:00:00,1.62,0.09,30.35,0.0,87.2,14.14,14.57,14.87,0.21,
54,2025-12-11 07:00:00,1.92,0.18,105.1,0.0,84.95,14.94,15.17,15.49,0.26,
54,2025-12-11 08:00:00,1.78,0.34,176.8,0.0,76.92,15.81,16.46,16.89,0.43,
54,2025-12-11 09:00:00,2.15,0.53,293.1,0.0,72.72,17.05,17.54,18.06,0.55,
54,2025-12-11 10:00:00,2.0,0.51,409.6,0.0,69.22,18.17,18.59,19.22,0.66,
54,2025-12-11 11:00:00,2.22,0.65,579.7,0.0,62.49,19.68,20.19,20.63,0.89,
54,2025-12-11 12:00:00,2.98,1.08,881.0,0.0,58.96,21.14,21.66,22.16,1.07,
54,2025-12-11 13:00:00,3.2,1.08,1126.0,0.0,50.28,23.65,24.05,24.37,1.49,
54,2025-12-11 14:00:00,3.28,1.33,1031.0,0.0,46.99,24.82,25.37,25.95,1.72,
54,2025-12-11 15:00:00,3.65,1.39,936.0,0.0,44.82,26.15,26.5,27.23,1.91,
54,2025-12-11 16:00:00,4.18,1.65,838.0,0.0,42.71,27.73,27.79,27.84,2.14,
54,2025-12-11 17:00:00,3.28,1.21,380.8,0.0,47.26,26.2,26.87,27.57,1.87,
54,2025-12-11 18:00:00,6.2,3.34,476.1,0.0,49.84,24.67,25.48,26.1,1.64,
54,2025-12-11 19:00:00,6.35,3.51,260.0,0.0,56.38,21.35,22.47,23.8,1.19,
54,2025-12-11 20:00:00,5.6,3.27,91.7,0.0,61.37,19.28,20.16,21.08,0.92,
54,2025-12-11 21:00:00,4.78,2.67,2.28,0.0,63.97,18.03,18.38,18.79,0.76,
54,2025-12-11 22:00:00,5.0,2.45,0.0,0.0,65.56,16.55,17.06,17.68,0.67,
54,2025-12-11 23:00:00,4.32,2.32,0.0,0.0,65.49,16.35,16.57,16.87,0.65,
54,2025-12-12 00:00:00,2.68,1.32,0.0,0.0,72.36,14.56,15.42,16.52,0.49,
54,2025-12-12 01:00:00,3.58,1.81,0.0,0.0,76.8,14.57,14.62,14.72,0.39,
54,2025-12-12 02:00:00,3.58,1.92,0.0,0.0,81.03,13.54,14.14,14.62,0.31,
54,2025-12-12 03:00:00,2.38,1.0,0.0,0.0,84.85,12.85,13.14,13.25,0.23,
54,2025-12-12 04:00:00,1.55,0.54,0.0,0.0,89.55,12.14,12.29,12.36,0.15,
54,2025-12-12 05:00:00,1.55,0.47,0.03,0.0,90.73,11.62,11.96,12.11,0.13,
54,2025-12-12 06:00:00,1.62,0.46,51.97,0.0,91.6,11.26,11.5,11.94,0.11,
54,2025-12-12 07:00:00,1.32,0.16,224.9,0.0,79.04,12.52,14.07,15.28,0.35,
54,2025-12-12 08:00:00,2.22,0.59,429.4,0.0,65.58,15.85,16.71,17.38,0.66,
54,2025-12-12 09:00:00,2.3,0.63,622.8,0.0,57.88,18.23,18.67,19.4,0.91,
54,2025-12-12 10:00:00,2.98,1.14,789.5,0.0,53.49,19.76,20.33,20.99,1.11,
54,2025-12-12 11:00:00,2.75,1.16,920.0,0.0,48.53,21.59,22.43,23.46,1.4,
54,2025-12-12 12:00:00,3.72,1.56,994.0,0.0,43.1,24.03,24.59,25.31,1.76,
54,2025-12-12 13:00:00,3.72,1.67,1012.0,0.0,36.5,25.51,26.36,26.87,2.18,
54,2025-12-12 14:00:00,4.1,1.52,1001.0,0.0,29.62,27.27,27.83,28.44,2.64,
54,2025-12-12 15:00:00,5.68,2.29,949.0,0.0,31.81,28.44,28.71,28.83,2.69,
54,2025-12-12 16:00:00,5.0,2.43,846.0,0.0,29.71,28.91,29.0,29.15,2.82,
54,2025-12-12 17:00:00,5.3,2.99,624.8,0.0,29.35,27.82,28.09,28.27,2.68,
54,2025-12-12 18:00:00,6.72,3.84,485.1,0.0,31.94,25.29,26.37,27.36,2.34,
54,2025-12-12 19:00:00,5.9,3.75,289.2,0.0,41.28,22.07,23.3,24.6,1.69,
54,2025-12-12 20:00:00,5.52,3.0,108.3,0.0,60.54,18.43,19.74,21.14,0.92,
54,2025-12-12 21:00:00,3.35,1.84,1.91,0.0,68.69,17.09,17.66,18.14,0.63,
54,2025-12-12 22:00:00,3.2,1.28,0.0,0.0,75.04,15.61,16.35,16.79,0.47,
54,2025-12-12 23:00:00,1.78,0.93,0.0,0.0,81.63,14.92,15.03,15.12,0.31,
54,2025-12-13 00:00:00,3.05,1.14,0.0,0.0,81.73,14.94,15.01,15.11,0.31,
54,2025-12-13 01:00:00,1.7,0.56,0.0,0.0,81.33,15.0,15.07,15.16,0.32,
54,2025-12-13 02:00:00,1.92,0.78,0.0,0.0,78.31,15.11,15.41,15.67,0.38,
54,2025-12-13 03:00:00,2.9,1.49,0.0,0.0,74.23,15.78,15.86,15.91,0.47,
54,2025-12-13 04:00:00,3.12,1.49,0.0,0.0,73.07,15.79,15.88,15.93,0.49,
54,2025-12-13 05:00:00,2.6,1.02,0.0,0.0,76.8,15.49,15.67,15.77,0.42,
54,2025-12-13 06:00:00,2.15,1.07,7.26,0.0,81.54,15.1,15.15,15.24,0.32,
54,2025-12-13 07:00:00,2.68,1.29,50.79,0.0,78.5,15.29,15.36,15.49,0.38,
54,2025-12-13 08:00:00,3.58,1.76,117.2,0.0,84.4,14.67,15.19,15.66,0.27,
54,2025-12-13 09:00:00,3.72,1.73,224.3,0.0,85.37,14.98,15.17,15.31,0.26,
54,2025-12-13 10:00:00,2.9,1.23,283.5,0.0,70.06,16.25,17.11,17.62,0.59,
54,2025-12-13 11:00:00,2.9,1.26,423.5,0.0,60.34,18.18,18.69,19.05,0.86,
54,2025-12-13 12:00:00,4.03,1.3,688.6,0.0,57.71,19.64,19.93,20.22,0.99,
54,2025-12-13 13:00:00,4.47,2.58,264.7,0.0,60.33,18.51,18.76,19.05,0.86,
54,2025-12-13 14:00:00,4.25,2.61,351.1,0.0,57.67,18.43,18.74,18.94,0.91,
54,2025-12-13 15:00:00,3.58,1.28,456.0,0.0,52.39,19.72,20.23,20.53,1.13,
54,2025-12-13 16:00:00,2.68,0.95,367.4,0.0,52.69,19.9,20.35,20.64,1.13,
54,2025-12-13 17:00:00,3.05,1.46,122.7,0.0,56.17,19.08,19.32,19.74,0.98,
54,2025-12-13 18:00:00,2.82,1.42,152.2,0.0,56.23,18.8,19.04,19.21,0.96,
54,2025-12-13 19:00:00,2.08,0.45,72.87,0.0,62.68,18.32,18.48,18.66,0.8,
54,2025-12-13 20:00:00,3.58,1.87,21.19,0.0,52.6,17.35,17.72,18.1,0.96,
54,2025-12-13 21:00:00,4.25,1.9,2.62,0.0,51.21,16.83,17.0,17.16,0.95,
54,2025-12-13 22:00:00,3.72,1.79,0.0,0.0,50.93,16.34,16.48,16.63,0.92,
54,2025-12-13 23:00:00,2.52,0.76,0.0,0.0,52.46,15.68,15.99,16.22,0.87,
54,2025-12-14 00:00:00,1.62,0.29,0.0,0.0,57.09,14.14,14.95,15.47,0.73,
54,2025-12-14 01:00:00,1.1,0.19,0.0,0.0,70.19,11.4,12.03,12.98,0.42,
54,2025-12-14 02:00:00,3.12,1.08,0.0,0.0,62.17,11.38,12.59,13.58,0.56,
54,2025-12-14 03:00:00,4.78,2.31,0.0,0.0,60.27,13.1,13.51,13.81,0.62,
54,2025-12-14 04:00:00,4.25,2.23,0.0,0.0,63.32,12.03,12.46,12.85,0.53,
54,2025-12-14 05:00:00,3.58,1.55,0.03,0.0,66.31,11.46,11.72,11.88,0.46,
54,2025-12-14 06:00:00,3.42,1.01,35.95,0.0,69.57,10.63,10.82,11.08,0.4,
54,2025-12-14 07:00:00,4.92,2.14,246.9,0.0,63.71,11.13,11.91,12.51,0.51,
54,2025-12-14 08:00:00,5.45,3.21,450.6,0.0,57.78,12.69,13.39,14.16,0.65,
54,2025-12-14 09:00:00,5.6,3.5,648.2,0.0,50.19,14.64,15.3,15.75,0.87,
54,2025-12-14 10:00:00,5.9,3.56,816.0,0.0,45.39,16.27,17.12,17.83,1.07,
54,2025-12-14 11:00:00,6.42,3.21,942.0,0.0,41.13,18.34,19.06,19.56,1.3,
54,2025-12-14 12:00:00,6.42,3.31,1016.0,0.0,35.52,20.13,20.55,21.01,1.56,
54,2025-12-14 13:00:00,5.68,2.87,1035.0,0.0,30.91,21.27,21.61,21.95,1.79,
54,2025-12-14 14:00:00,5.9,2.66,1027.0,0.0,27.82,22.39,22.61,22.81,1.98,
54,2025-12-14 15:00:00,6.65,2.67,964.0,0.0,24.11,23.07,23.5,23.84,2.2,
54,2025-12-14 16:00:00,7.4,2.81,848.0,0.0,25.73,23.76,23.85,23.98,2.2,
54,2025-12-14 17:00:00,6.88,2.88,686.8,0.0,25.9,23.69,23.91,24.06,2.2,
54,2025-12-14 18:00:00,5.52,2.64,499.8,0.0,26.78,23.43,23.64,23.8,2.14,
54,2025-12-14 19:00:00,5.45,2.41,298.1,0.0,30.56,21.6,22.44,23.4,1.89,
54,2025-12-14 20:00:00,5.6,3.01,113.3,0.0,41.05,19.34,20.68,21.79,1.45,
54,2025-12-14 21:00:00,5.3,2.84,3.06,0.0,47.35,16.97,17.83,18.69,1.08,
54,2025-12-14 22:00:00,3.8,1.36,0.0,0.0,57.46,14.46,15.53,16.41,0.76,
54,2025-12-14 23:00:00,1.18,0.28,0.0,0.0,70.25,12.31,12.62,13.21,0.44,
54,2025-12-15 00:00:00,1.25,0.12,0.0,0.0,73.01,11.13,11.64,12.15,0.37,
54,2025-12-15 01:00:00,1.7,0.71,0.0,0.0,71.04,11.28,11.42,11.58,0.39,
54,2025-12-15 02:00:00,2.75,0.75,0.0,0.0,68.88,11.5,11.59,11.73,0.43,
54,2025-12-15 03:00:00,3.28,1.66,0.0,0.0,69.23,11.4,11.64,11.77,0.42,
54,2025-12-15 04:00:00,2.68,0.83,0.0,0.0,75.75,9.89,10.59,11.16,0.31,
54,2025-12-15 05:00:00,2.22,1.05,0.03,0.0,77.44,9.51,9.92,10.19,0.27,
54,2025-12-15 06:00:00,2.68,0.85,25.79,0.0,76.37,10.14,10.27,10.36,0.3,
54,2025-12-15 07:00:00,5.38,2.08,237.9,0.0,67.72,10.85,11.97,12.92,0.45,
54,2025-12-15 08:00:00,5.9,3.33,442.7,0.0,58.17,13.38,14.28,15.22,0.68,
54,2025-12-15 09:00:00,6.5,3.72,636.9,0.0,48.92,15.62,16.38,17.07,0.95,
54,2025-12-15 10:00:00,5.98,3.81,804.0,0.0,42.42,17.65,18.46,19.25,1.23,
54,2025-12-15 11:00:00,7.32,4.21,930.0,0.0,38.92,19.47,20.17,20.65,1.45,
54,2025-12-15 12:00:00,6.28,3.86,1005.0,0.0,32.67,21.23,21.98,22.77,1.78,
54,2025-12-15 13:00:00,7.02,3.99,1024.0,0.0,27.79,23.09,23.52,24.04,2.1,
54,2025-12-15 14:00:00,6.8,4.07,1014.0,0.0,26.67,24.24,24.56,24.76,2.26,
54,2025-12-15 15:00:00,7.32,4.09,949.0,0.0,27.11,25.06,25.29,25.65,2.35,
54,2025-12-15 16:00:00,7.02,4.05,838.0,0.0,28.4,25.75,26.1,26.54,2.42,
54,2025-12-15 17:00:00,7.7,4.4,678.9,0.0,29.86,25.64,25.77,25.86,2.32,
54,2025-12-15 18:00:00,7.62,4.49,493.4,0.0,31.32,24.87,25.18,25.45,2.2,
54,2025-12-15 19:00:00,8.22,4.53,295.6,0.0,34.16,23.86,24.34,24.75,2.01,
54,2025-12-15 20:00:00,6.58,3.71,113.3,0.0,37.98,21.87,22.69,23.43,1.71,
54,2025-12-15 21:00:00,6.88,3.74,3.23,0.0,43.14,20.49,20.95,21.37,1.41,
54,2025-12-15 22:00:00,8.08,3.84,0.0,0.0,48.51,19.41,19.78,20.24,1.19,
54,2025-12-15 23:00:00,6.12,3.67,0.0,0.0,54.69,18.04,18.5,18.95,0.97,
54,2025-12-16 00:00:00,7.18,3.9,0.0,0.0,60.84,16.84,17.4,17.94,0.78,
54,2025-12-16 01:00:00,6.88,3.32,0.0,0.0,65.71,15.98,16.18,16.41,0.63,
54,2025-12-16 02:00:00,6.88,3.85,0.0,0.0,69.37,15.23,15.41,15.66,0.54,
54,2025-12-16 03:00:00,8.08,4.29,0.0,0.0,71.04,14.94,15.07,15.24,0.5,
54,2025-12-16 04:00:00,7.18,3.68,0.0,0.0,76.36,14.12,14.43,14.7,0.39,
54,2025-12-16 05:00:00,6.35,3.52,0.05,0.0,80.26,13.52,13.76,13.96,0.31,
54,2025-12-16 06:00:00,6.28,3.22,39.67,0.0,82.1,13.15,13.23,13.37,0.27,
54,2025-12-16 07:00:00,5.82,3.16,173.3,0.0,78.86,13.22,13.62,14.05,0.33,
54,2025-12-16 08:00:00,7.1,4.09,420.3,0.0,69.31,14.59,15.35,15.94,0.54,
54,2025-12-16 09:00:00,7.1,4.11,643.8,0.0,59.92,16.51,17.29,18.23,0.8,
54,2025-12-16 10:00:00,6.95,4.18,812.0,0.0,51.39,18.83,19.58,20.33,1.11,
54,2025-12-16 11:00:00,7.62,4.12,939.0,0.0,45.31,20.87,21.78,22.58,1.43,
54,2025-12-16 12:00:00,6.5,3.64,1015.0,0.0,39.82,23.4,24.17,25.09,1.82,
54,2025-12-16 13:00:00,6.35,3.53,1030.0,0.0,35.7,25.45,26.29,27.06,2.2,
54,2025-12-16 14:00:00,7.78,4.0,1021.0,0.0,31.73,27.33,27.84,28.26,2.56,
54,2025-12-16 15:00:00,6.95,3.74,962.0,0.0,28.37,28.77,29.43,30.16,2.94,
54,2025-12-16 16:00:00,6.2,3.26,846.0,0.0,26.97,30.36,30.77,31.01,3.24,
54,2025-12-16 17:00:00,6.5,3.2,685.7,0.0,25.82,30.98,31.28,31.54,3.39,
54,2025-12-16 18:00:00,6.05,3.2,497.8,0.0,24.56,30.96,31.14,31.36,3.42,
54,2025-12-16 19:00:00,5.82,3.21,303.1,0.0,27.79,29.79,30.24,30.63,3.11,
54,2025-12-16 20:00:00,5.6,2.71,113.5,0.0,32.99,27.22,28.24,29.22,2.58,
54,2025-12-16 21:00:00,5.3,2.85,2.32,0.0,37.91,24.86,25.9,26.65,2.08,
54,2025-12-16 22:00:00,7.55,3.91,0.0,0.0,48.05,23.05,23.92,24.61,1.55,
54,2025-12-16 23:00:00,8.83,4.53,0.0,0.0,55.91,20.89,21.61,22.42,1.14,
54,2025-12-17 00:00:00,9.12,4.37,0.0,0.0,60.1,19.26,19.8,20.38,0.93,
54,2025-12-17 01:00:00,7.7,4.1,0.0,0.0,63.19,18.3,18.62,18.97,0.79,
54,2025-12-17 02:00:00,5.38,2.55,0.0,0.0,65.15,17.37,17.72,18.05,0.71,
54,2025-12-17 03:00:00,3.72,1.37,0.0,0.0,68.12,16.32,16.78,17.21,0.61,
54,2025-12-17 04:00:00,3.88,1.72,0.0,0.0,70.09,15.9,16.06,16.17,0.55,
54,2025-12-17 05:00:00,4.25,2.5,0.03,0.0,70.63,15.62,15.9,16.06,0.53,
54,2025-12-17 06:00:00,4.32,2.41,65.07,0.0,71.42,15.45,15.5,15.54,0.51,
54,2025-12-17 07:00:00,5.38,2.67,231.7,0.0,68.71,15.81,16.14,16.37,0.58,
54,2025-12-17 08:00:00,5.52,3.12,455.3,0.0,65.37,16.62,17.14,17.79,0.68,
54,2025-12-17 09:00:00,4.47,2.53,707.5,0.0,62.06,17.81,18.47,18.93,0.81,
54,2025-12-17 10:00:00,5.6,2.45,805.0,0.0,58.68,19.15,19.62,20.4,0.95,
54,2025-12-17 11:00:00,4.78,2.41,926.0,0.0,54.76,20.49,21.25,21.97,1.15,
54,2025-12-17 12:00:00,5.75,2.6,996.0,0.0,52.19,22.62,23.41,24.26,1.38,
54,2025-12-17 13:00:00,4.92,2.56,1012.0,0.0,45.15,24.68,25.34,26.11,1.78,
54,2025-12-17 14:00:00,5.38,2.73,1007.0,0.0,40.07,26.54,27.13,27.65,2.16,
54,2025-12-17 15:00:00,6.05,2.91,955.0,0.0,31.73,27.63,28.48,28.94,2.66,
54,2025-12-17 16:00:00,5.68,3.21,850.0,0.0,23.25,29.32,29.51,29.79,3.17,
54,2025-12-17 17:00:00,6.5,3.08,691.8,0.0,22.21,29.74,29.91,30.09,3.29,
54,2025-12-17 18:00:00,5.52,3.03,493.6,0.0,22.95,29.29,29.68,29.92,3.21,
54,2025-12-17 19:00:00,5.3,2.92,289.7,0.0,21.93,28.36,28.79,29.25,3.09,
54,2025-12-17 20:00:00,5.98,3.23,117.4,0.0,29.94,25.83,26.87,27.88,2.49,
54,2025-12-17 21:00:00,4.62,2.55,3.45,0.0,38.9,23.56,24.33,25.16,1.86,
54,2025-12-17 22:00:00,4.4,2.39,0.0,0.0,44.47,22.04,22.53,23.03,1.52,
54,2025-12-17 23:00:00,4.62,2.56,0.0,0.0,48.6,21.02,21.43,21.81,1.32,
54,2025-12-18 00:00:00,4.7,2.36,0.0,0.0,55.53,19.67,20.05,20.47,1.04,
54,2025-12-18 01:00:00,3.72,1.6,0.0,0.0,60.31,18.18,18.63,19.11,0.85,
54,2025-12-18 02:00:00,4.18,1.69,0.0,0.0,62.95,17.28,17.62,17.9,0.75,
54,2025-12-18 03:00:00,4.85,2.11,0.0,0.0,68.85,16.31,16.67,17.06,0.59,
54,2025-12-18 04:00:00,4.32,1.96,0.0,0.0,75.23,15.29,15.64,16.08,0.44,
54,2025-12-18 05:00:00,3.95,2.05,0.04,0.0,81.28,14.16,14.54,14.99,0.31,
54,2025-12-18 06:00:00,4.32,2.05,57.02,0.0,84.18,13.89,13.95,14.03,0.25,
54,2025-12-18 07:00:00,5.3,2.64,99.8,0.0,83.08,14.12,14.3,14.51,0.28,
54,2025-12-18 08:00:00,4.7,2.48,348.6,0.0,76.33,15.02,15.57,16.28,0.42,
54,2025-12-18 09:00:00,3.8,1.87,634.2,0.0,65.38,16.87,18.05,18.81,0.72,
54,2025-12-18 10:00:00,4.25,1.81,803.0,0.0,56.51,19.42,20.42,21.34,1.05,
54,2025-12-18 11:00:00,3.65,1.87,930.0,0.0,48.66,22.03,22.85,23.75,1.43,
54,2025-12-18 12:00:00,4.18,1.95,1003.0,0.0,41.39,24.34,25.01,25.74,1.86,
54,2025-12-18 13:00:00,4.85,2.15,1019.0,0.0,37.52,26.2,26.91,27.63,2.22,
54,2025-12-18 14:00:00,4.78,1.79,1012.0,0.0,32.01,28.31,28.72,29.34,2.68,
54,2025-12-18 15:00:00,3.88,1.54,952.0,0.0,29.75,29.39,30.2,30.8,3.02,
54,2025-12-18 16:00:00,4.62,1.87,838.0,0.0,26.68,31.1,31.35,31.58,3.36,
54,2025-12-18 17:00:00,3.5,1.78,678.1,0.0,26.1,31.49,31.6,31.88,3.44,
54,2025-12-18 18:00:00,4.7,1.84,485.7,0.0,27.73,30.06,31.17,31.55,3.28,
54,2025-12-18 19:00:00,5.38,3.09,294.4,0.0,30.39,27.6,28.44,29.27,2.7,
54,2025-12-18 20:00:00,4.7,2.6,113.7,0.0,35.12,24.84,25.85,26.84,2.17,
54,2025-12-18 21:00:00,3.65,2.19,3.94,0.0,40.67,22.24,23.02,23.98,1.67,
54,2025-12-18 22:00:00,3.8,2.05,0.0,0.0,45.84,19.96,20.84,21.74,1.34,
54,2025-12-18 23:00:00,3.35,1.49,0.0,0.0,54.84,18.22,18.96,19.54,0.99,
54,2025-12-19 00:00:00,1.55,0.13,0.0,0.0,66.78,15.85,16.64,17.63,0.63,
54,2025-12-19 01:00:00,1.32,0.3,0.0,0.0,71.66,14.78,14.96,15.31,0.48,
54,2025-12-19 02:00:00,1.62,0.24,0.0,0.0,74.34,14.1,14.51,15.12,0.43,
54,2025-12-19 03:00:00,1.4,0.2,0.0,0.0,76.77,13.16,13.71,14.08,0.37,
54,2025-12-19 04:00:00,1.4,0.41,0.0,0.0,76.86,12.66,13.6,14.49,0.36,
54,2025-12-19 05:00:00,1.1,0.09,0.02,0.0,87.4,11.23,11.84,12.58,0.17,
54,2025-12-19 06:00:00,1.4,0.07,54.94,0.0,89.33,10.77,11.05,11.49,0.14,
54,2025-12-19 07:00:00,2.6,0.88,233.8,0.0,78.04,11.6,13.85,15.53,0.36,
54,2025-12-19 08:00:00,2.6,1.33,437.1,0.0,66.64,15.99,16.96,17.91,0.65,
54,2025-12-19 09:00:00,2.75,1.13,630.6,0.0,56.35,18.61,19.57,20.46,1.0,
54,2025-12-19 10:00:00,2.75,0.99,800.0,0.0,49.9,20.95,21.69,22.72,1.3,
54,2025-12-19 11:00:00,3.88,1.61,929.0,0.0,45.77,23.32,23.66,24.25,1.59,
54,2025-12-19 12:00:00,5.52,2.38,1006.0,0.0,42.49,24.55,24.87,25.33,1.81,
54,2025-12-19 13:00:00,5.15,2.88,1026.0,0.0,38.59,25.08,25.41,25.7,2.0,
54,2025-12-19 14:00:00,5.3,2.9,1018.0,0.0,34.7,25.88,26.1,26.32,2.21,
54,2025-12-19 15:00:00,5.82,3.33,960.0,0.0,35.69,26.38,26.63,26.85,2.25,
54,2025-12-19 16:00:00,6.8,3.48,844.0,0.0,33.54,26.58,26.84,27.14,2.35,
54,2025-12-19 17:00:00,6.42,3.69,699.9,0.0,35.66,25.62,26.14,26.8,2.18,
54,2025-12-19 18:00:00,7.25,3.79,508.6,0.0,40.3,23.49,24.28,25.01,1.81,
54,2025-12-19 19:00:00,6.72,3.31,314.3,0.0,44.03,21.72,22.38,22.99,1.52,
54,2025-12-19 20:00:00,5.15,2.92,131.2,0.0,55.07,18.26,19.6,20.84,1.03,
54,2025-12-19 21:00:00,3.72,2.04,3.98,0.0,64.21,16.26,16.88,17.59,0.69,
54,2025-12-19 22:00:00,3.2,1.45,0.0,0.0,72.28,14.67,15.38,16.01,0.49,
54,2025-12-19 23:00:00,1.7,0.59,0.0,0.0,81.4,13.29,13.6,14.1,0.29,
54,2025-12-20 00:00:00,1.32,0.26,0.0,0.0,86.53,12.37,12.66,13.15,0.2,
54,2025-12-20 01:00:00,1.4,0.43,0.0,0.0,88.4,12.09,12.2,12.33,0.17,
54,2025-12-20 02:00:00,1.18,0.1,0.0,0.0,89.75,11.07,11.48,12.05,0.14,
54,2025-12-20 03:00:00,1.02,0.03,0.0,0.0,91.38,10.34,10.59,10.89,0.11,
54,2025-12-20 04:00:00,0.0,0.0,0.0,0.0,93.2,9.38,9.59,9.9,0.08,
54,2025-12-20 05:00:00,1.02,0.05,0.02,0.0,93.48,8.85,9.04,9.4,0.08,
54,2025-12-20 06:00:00,0.0,0.0,77.84,0.0,93.8,8.56,8.89,9.51,0.07,
54,2025-12-20 07:00:00,1.18,0.11,235.6,0.0,86.85,11.06,12.66,13.92,0.2,
54,2025-12-20 08:00:00,2.38,0.59,118.3,0.0,82.25,13.54,14.1,14.68,0.29,
54,2025-12-20 09:00:00,3.5,2.01,254.9,0.0,76.08,14.84,15.32,15.66,0.42,
54,2025-12-20 10:00:00,4.25,2.25,573.9,0.0,66.75,16.08,16.88,17.85,0.64,
54,2025-12-20 11:00:00,4.18,2.38,591.2,0.0,57.56,18.35,18.52,18.81,0.91,
54,2025-12-20 12:00:00,4.4,2.4,419.4,0.0,59.6,18.17,18.62,18.87,0.87,
54,2025-12-20 13:00:00,5.52,2.51,297.5,0.0,63.01,18.16,18.33,18.57,0.78,
54,2025-12-20 14:00:00,5.38,2.4,425.9,0.0,64.46,18.0,18.46,19.08,0.76,
54,2025-12-20 15:00:00,5.75,3.12,737.9,0.0,54.87,19.7,20.58,21.32,1.09,
54,2025-12-20 16:00:00,6.2,3.24,688.8,0.0,52.06,21.23,21.44,21.59,1.22,
54,2025-12-20 17:00:00,6.5,3.48,524.5,0.0,50.25,20.68,20.93,21.26,1.23,
54,2025-12-20 18:00:00,5.08,3.01,312.0,0.0,51.8,19.91,20.14,20.34,1.14,
54,2025-12-20 19:00:00,4.47,2.55,161.6,0.0,52.09,19.44,19.64,19.77,1.1,
54,2025-12-20 20:00:00,3.88,2.14,77.17,0.0,54.48,18.41,18.86,19.24,1.0,
54,2025-12-20 21:00:00,3.65,1.67,3.91,0.0,57.58,17.74,17.88,17.98,0.87,
54,2025-12-20 22:00:00,3.12,1.48,0.0,0.0,62.55,16.74,17.09,17.58,0.73,
54,2025-12-20 23:00:00,2.68,1.6,0.0,0.0,66.76,16.24,16.31,16.38,0.62,
54,2025-12-21 00:00:00,3.28,1.18,0.0,0.0,65.06,16.39,16.42,16.44,0.65,
54,2025-12-21 01:00:00,2.75,0.8,0.0,0.0,66.51,16.15,16.26,16.41,0.62,
54,2025-12-21 02:00:00,1.92,0.72,0.0,0.0,69.61,15.76,15.85,15.9,0.55,
54,2025-12-21 03:00:00,2.9,0.56,0.0,0.0,72.03,15.39,15.53,15.65,0.49,
54,2025-12-21 04:00:00,1.7,0.46,0.0,0.0,73.08,15.28,15.31,15.33,0.47,
54,2025-12-21 05:00:00,1.7,0.61,0.0,0.0,73.99,15.09,15.18,15.31,0.45,
54,2025-12-21 06:00:00,1.92,0.29,33.16,0.0,76.09,14.84,14.93,15.01,0.41,
54,2025-12-21 07:00:00,1.32,0.21,215.1,0.0,71.98,15.13,15.94,17.21,0.51,
54,2025-12-21 08:00:00,2.52,0.57,464.1,0.0,57.4,17.52,18.96,19.73,0.94,
54,2025-12-21 09:00:00,2.52,1.28,679.7,0.0,55.59,18.73,19.43,19.75,1.01,
54,2025-12-21 10:00:00,3.35,1.21,919.0,0.0,48.9,20.4,21.18,21.75,1.29,
54,2025-12-21 11:00:00,3.8,1.87,444.8,0.0,54.29,20.4,20.64,20.89,1.11,
54,2025-12-21 12:00:00,3.8,1.87,934.0,0.0,51.5,20.85,21.81,22.4,1.27,
54,2025-12-21 13:00:00,5.08,2.16,808.0,0.0,50.59,22.27,22.45,22.75,1.34,
54,2025-12-21 14:00:00,5.0,2.3,1127.0,0.0,43.76,23.04,23.88,24.57,1.67,
54,2025-12-21 15:00:00,4.78,2.12,1069.0,0.0,39.42,24.53,25.01,25.48,1.92,
54,2025-12-21 16:00:00,4.7,2.01,740.6,0.0,41.1,24.61,25.0,25.47,1.87,
54,2025-12-21 17:00:00,3.95,1.6,293.4,0.0,42.45,23.81,24.07,24.59,1.73,
54,2025-12-21 18:00:00,5.45,2.49,369.7,0.0,42.64,23.29,24.32,25.06,1.75,
54,2025-12-21 19:00:00,5.75,3.25,194.7,0.0,49.4,22.61,22.88,23.11,1.41,
54,2025-12-21 20:00:00,5.22,2.33,131.5,0.0,52.56,21.09,21.82,22.75,1.25,
54,2025-12-21 21:00:00,3.8,1.67,4.76,0.0,56.24,19.07,19.97,20.64,1.02,
54,2025-12-21 22:00:00,3.28,1.44,0.0,0.0,55.14,16.87,17.7,18.49,0.91,
54,2025-12-21 23:00:00,1.7,0.43,0.0,0.0,63.58,14.85,15.62,16.45,0.65,
54,2025-12-22 00:00:00,1.25,0.09,0.0,0.0,71.83,13.15,13.73,14.53,0.44,
54,2025-12-22 01:00:00,1.78,0.59,0.0,0.0,74.19,12.76,12.99,13.28,0.39,
54,2025-12-22 02:00:00,1.92,0.82,0.0,0.0,75.17,12.36,12.95,13.42,0.37,
54,2025-12-22 03:00:00,1.7,0.21,0.0,0.0,82.39,10.74,11.51,12.37,0.24,
54,2025-12-22 04:00:00,0.95,0.02,0.0,0.0,89.68,9.15,9.61,10.27,0.12,
54,2025-12-22 05:00:00,0.72,0.01,0.03,0.0,89.33,9.0,9.16,9.38,0.12,
54,2025-12-22 06:00:00,0.8,0.02,57.3,0.0,89.33,8.58,8.81,9.27,0.12,
54,2025-12-22 07:00:00,3.88,0.46,222.4,0.0,73.49,11.1,12.73,14.44,0.4,
54,2025-12-22 08:00:00,3.95,2.08,428.5,0.0,63.69,14.83,15.28,15.78,0.63,
54,2025-12-22 09:00:00,3.58,1.32,625.3,0.0,57.19,16.66,17.43,18.28,0.86,
54,2025-12-22 10:00:00,3.95,1.81,795.5,0.0,51.24,18.69,19.49,20.27,1.11,
54,2025-12-22 11:00:00,4.78,2.23,925.0,0.0,44.85,20.97,21.54,21.91,1.42,
54,2025-12-22 12:00:00,4.4,2.2,1001.0,0.0,39.36,22.3,22.86,23.33,1.69,
54,2025-12-22 13:00:00,4.32,1.83,1023.0,0.0,36.28,23.58,24.37,25.1,1.95,
54,2025-12-22 14:00:00,4.25,1.62,1018.0,0.0,33.62,25.65,25.88,26.22,2.22,
54,2025-12-22 15:00:00,4.25,1.47,966.0,0.0,30.62,26.62,27.23,27.76,2.51,
54,2025-12-22 16:00:00,3.58,1.14,821.0,0.0,27.89,27.97,28.29,28.92,2.78,
54,2025-12-22 17:00:00,4.7,1.91,690.8,0.0,29.39,27.89,28.45,29.14,2.74,
54,2025-12-22 18:00:00,5.6,3.39,516.5,0.0,32.0,25.71,26.52,27.31,2.36,
54,2025-12-22 19:00:00,4.85,3.11,310.5,0.0,31.86,23.33,24.28,25.14,2.07,
54,2025-12-22 20:00:00,4.62,2.39,126.9,0.0,34.18,20.62,21.86,22.87,1.73,
54,2025-12-22 21:00:00,3.72,1.8,4.31,0.0,42.87,17.65,18.51,19.54,1.22,
54,2025-12-22 22:00:00,2.82,1.03,0.0,0.0,51.59,16.22,16.89,17.21,0.93,
54,2025-12-22 23:00:00,1.25,0.22,0.0,0.0,63.9,13.4,14.13,15.25,0.59,
54,2025-12-23 00:00:00,1.02,0.14,0.0,0.0,73.42,11.82,12.37,12.85,0.38,
54,2025-12-23 01:00:00,0.95,0.11,0.0,0.0,78.11,10.94,11.3,11.63,0.29,
54,2025-12-23 02:00:00,1.02,0.06,0.0,0.0,83.23,9.74,10.49,11.06,0.21,
54,2025-12-23 03:00:00,0.0,0.0,0.0,0.0,87.93,8.86,9.22,9.45,0.14,
54,2025-12-23 04:00:00,0.0,0.0,0.0,0.0,90.2,8.23,8.48,8.68,0.11,
54,2025-12-23 05:00:00,0.0,0.0,0.01,0.0,91.0,7.52,7.88,8.26,0.1,
54,2025-12-23 06:00:00,0.0,0.0,44.98,0.0,91.13,7.46,7.82,8.34,0.09,
54,2025-12-23 07:00:00,0.35,0.0,203.7,0.0,84.23,9.91,11.12,12.23,0.21,
54,2025-12-23 08:00:00,3.42,1.48,427.4,0.0,74.12,13.33,14.51,15.54,0.43,
54,2025-12-23 09:00:00,4.55,1.79,637.5,0.0,64.8,16.17,17.37,18.4,0.7,
54,2025-12-23 10:00:00,4.55,2.48,796.0,0.0,56.09,19.02,19.84,20.88,1.02,
54,2025-12-23 11:00:00,5.08,2.54,919.0,0.0,48.21,21.96,22.62,23.28,1.43,
54,2025-12-23 12:00:00,4.7,2.76,977.0,0.0,42.7,23.79,24.31,24.79,1.74,
54,2025-12-23 13:00:00,5.9,2.32,1017.0,0.0,35.24,25.3,26.03,26.94,2.18,
54,2025-12-23 14:00:00,4.4,2.31,1010.0,0.0,32.74,26.92,27.3,27.52,2.44,
54,2025-12-23 15:00:00,5.45,2.29,942.0,0.0,32.52,28.02,28.2,28.41,2.58,
54,2025-12-23 16:00:00,6.5,2.07,832.0,0.0,32.74,28.76,29.07,29.58,2.71,
54,2025-12-23 17:00:00,4.7,2.33,692.4,0.0,35.03,28.8,29.13,29.27,2.62,
54,2025-12-23 18:00:00,5.52,2.34,511.7,0.0,35.06,27.84,28.64,28.97,2.55,
54,2025-12-23 19:00:00,5.98,3.21,245.2,0.0,38.2,26.28,27.18,27.72,2.23,
54,2025-12-23 20:00:00,5.6,3.42,121.2,0.0,44.44,23.8,24.53,25.14,1.71,
54,2025-12-23 21:00:00,3.95,2.06,4.64,0.0,49.41,20.38,21.58,22.95,1.31,
54,2025-12-23 22:00:00,2.6,1.23,0.0,0.0,54.09,18.18,18.88,19.75,1.0,
54,2025-12-23 23:00:00,2.38,1.11,0.0,0.0,58.62,16.73,17.35,17.94,0.82,
54,2025-12-24 00:00:00,1.62,0.49,0.0,0.0,65.08,14.94,15.67,16.39,0.63,
54,2025-12-24 01:00:00,1.48,0.15,0.0,0.0,70.9,13.7,14.07,14.7,0.47,
54,2025-12-24 02:00:00,5.15,1.65,0.0,0.0,64.04,14.41,14.96,15.63,0.61,
54,2025-12-24 03:00:00,5.82,2.91,0.0,0.0,58.84,14.8,15.2,15.59,0.71,
54,2025-12-24 04:00:00,5.0,2.76,0.0,0.0,57.49,13.99,14.29,14.62,0.69,
54,2025-12-24 05:00:00,4.85,2.14,0.02,0.0,59.03,13.05,13.39,13.76,0.63,
54,2025-12-24 06:00:00,3.12,1.23,44.43,0.0,62.7,12.29,12.47,12.76,0.54,
54,2025-12-24 07:00:00,4.92,2.11,218.2,0.0,60.16,12.77,13.3,13.82,0.61,
54,2025-12-24 08:00:00,5.98,3.05,427.6,0.0,56.17,14.23,15.07,15.89,0.75,
54,2025-12-24 09:00:00,6.5,3.52,629.5,0.0,49.3,16.48,17.39,18.31,1.01,
54,2025-12-24 10:00:00,6.05,3.94,801.0,0.0,43.34,18.68,19.52,20.18,1.29,
54,2025-12-24 11:00:00,7.32,3.94,934.0,0.0,39.38,20.99,21.81,22.7,1.59,
54,2025-12-24 12:00:00,7.1,3.88,1009.0,0.0,33.68,23.59,24.32,24.83,2.02,
54,2025-12-24 13:00:00,8.37,4.54,1030.0,0.0,29.95,25.39,26.22,26.87,2.39,
54,2025-12-24 14:00:00,8.08,4.82,1025.0,0.0,27.23,27.14,27.48,27.71,2.67,
54,2025-12-24 15:00:00,8.53,5.13,973.0,0.0,24.49,27.84,28.14,28.54,2.88,
54,2025-12-24 16:00:00,8.6,5.3,864.0,0.0,23.09,28.44,28.68,28.9,3.02,
54,2025-12-24 17:00:00,8.83,5.24,710.9,0.0,24.68,28.31,28.45,28.67,2.92,
54,2025-12-24 18:00:00,7.7,4.57,525.3,0.0,25.71,27.4,27.92,28.5,2.8,
54,2025-12-24 19:00:00,6.95,3.96,322.7,0.0,29.1,26.36,26.89,27.47,2.52,
54,2025-12-24 20:00:00,6.05,3.41,133.6,0.0,31.97,24.22,25.12,25.9,2.17,
54,2025-12-24 21:00:00,5.3,2.76,4.9,0.0,37.63,22.13,22.8,23.58,1.73,
54,2025-12-24 22:00:00,5.15,2.63,0.0,0.0,41.3,21.1,21.54,22.07,1.51,
54,2025-12-24 23:00:00,6.35,2.95,0.0,0.0,46.77,20.03,20.6,20.98,1.29,
54,2025-12-25 00:00:00,3.05,1.24,0.0,0.0,54.85,17.75,18.44,19.29,0.96,
54,2025-12-25 01:00:00,5.38,2.16,0.0,0.0,57.42,17.65,17.84,17.97,0.87,
54,2025-12-25 02:00:00,7.48,3.92,0.0,0.0,63.19,16.69,17.18,17.53,0.72,
54,2025-12-25 03:00:00,5.52,2.18,0.0,0.0,70.08,15.36,15.82,16.32,0.54,
54,2025-12-25 04:00:00,5.68,2.91,0.0,0.0,73.04,14.16,14.59,15.0,0.45,
54,2025-12-25 05:00:00,5.9,3.1,0.01,0.0,76.21,12.8,13.22,13.74,0.36,
54,2025-12-25 06:00:00,6.72,3.6,51.56,0.0,77.36,11.92,12.15,12.46,0.32,
54,2025-12-25 07:00:00,6.5,3.27,230.8,0.0,72.3,12.06,12.53,13.01,0.4,
54,2025-12-25 08:00:00,8.0,4.42,439.6,0.0,66.2,13.3,13.9,14.71,0.54,
54,2025-12-25 09:00:00,6.12,3.53,638.9,0.0,59.89,15.09,16.01,16.93,0.73,
54,2025-12-25 10:00:00,7.25,3.63,811.0,0.0,53.74,17.49,18.5,19.45,0.99,
54,2025-12-25 11:00:00,6.28,3.72,942.0,0.0,47.28,19.98,20.92,21.97,1.31,
54,2025-12-25 12:00:00,7.85,4.08,1018.0,0.0,36.01,22.9,23.77,24.64,1.89,
54,2025-12-25 13:00:00,7.48,4.52,1035.0,0.0,32.19,25.31,25.7,26.3,2.24,
54,2025-12-25 14:00:00,7.32,4.32,1030.0,0.0,30.43,26.89,27.5,28.05,2.56,
54,2025-12-25 15:00:00,7.78,4.7,972.0,0.0,25.27,28.49,28.94,29.32,2.99,
54,2025-12-25 16:00:00,8.68,4.95,865.0,0.0,24.16,29.48,29.78,30.05,3.18,
54,2025-12-25 17:00:00,7.1,4.49,710.0,0.0,25.68,30.1,30.16,30.23,3.18,
54,2025-12-25 18:00:00,7.7,4.45,525.8,0.0,26.48,29.93,30.03,30.13,3.13,
54,2025-12-25 19:00:00,7.4,4.01,324.8,0.0,26.98,29.01,29.38,29.78,2.99,
54,2025-12-25 20:00:00,6.28,3.02,134.7,0.0,30.04,26.42,27.57,28.49,2.58,
54,2025-12-25 21:00:00,5.08,2.6,5.24,0.0,34.83,24.12,24.82,25.89,2.05,
54,2025-12-25 22:00:00,4.7,2.04,0.0,0.0,37.5,22.71,23.13,23.45,1.77,
54,2025-12-25 23:00:00,1.7,0.38,0.0,0.0,48.97,18.66,20.07,21.77,1.21,
54,2025-12-26 00:00:00,2.75,1.16,0.0,0.0,48.83,17.86,18.61,19.66,1.1,
54,2025-12-26 01:00:00,2.38,0.61,0.0,0.0,50.38,18.07,18.79,19.59,1.08,
54,2025-12-26 02:00:00,2.38,0.8,0.0,0.0,55.01,17.14,17.31,17.47,0.89,
54,2025-12-26 03:00:00,2.6,0.81,0.0,0.0,62.15,15.77,16.12,16.27,0.69,
54,2025-12-26 04:00:00,3.05,1.12,0.0,0.0,65.67,15.93,16.04,16.26,0.63,
54,2025-12-26 05:00:00,3.5,1.48,0.02,0.0,67.97,15.23,15.69,15.97,0.57,
54,2025-12-26 06:00:00,2.98,0.94,45.86,0.0,72.1,14.32,14.69,14.98,0.47,
54,2025-12-26 07:00:00,3.5,1.22,224.3,0.0,66.35,14.88,15.69,16.47,0.61,
54,2025-12-26 08:00:00,3.12,1.35,429.0,0.0,59.78,16.83,17.54,18.14,0.81,
54,2025-12-26 09:00:00,3.2,1.51,623.3,0.0,52.8,18.54,19.45,20.39,1.07,
54,2025-12-26 10:00:00,3.5,1.52,789.5,3.0,45.16,21.14,21.95,22.84,1.45,
54,2025-12-26 11:00:00,6.2,1.76,916.0,0.0,39.95,23.48,24.08,24.94,1.8,
54,2025-12-26 12:00:00,4.62,1.86,985.0,0.0,35.52,25.48,25.97,26.33,2.16,
54,2025-12-26 13:00:00,4.55,2.09,1008.0,0.0,33.55,26.45,27.08,27.44,2.38,
54,2025-12-26 14:00:00,4.32,1.81,1001.0,0.0,35.73,27.69,28.01,28.16,2.43,
54,2025-12-26 15:00:00,4.32,2.23,947.0,0.0,31.73,28.63,28.82,29.09,2.71,
54,2025-12-26 16:00:00,4.1,1.92,797.4,0.0,32.82,28.6,29.2,29.64,2.72,
54,2025-12-26 17:00:00,5.15,2.01,703.4,0.0,33.49,28.14,29.14,30.13,2.7,
54,2025-12-26 18:00:00,6.42,3.52,556.5,0.0,30.18,28.36,28.95,29.65,2.79,
54,2025-12-26 19:00:00,5.68,3.27,311.9,0.0,30.62,26.32,27.12,27.83,2.5,
54,2025-12-26 20:00:00,5.15,3.0,125.6,0.0,34.89,23.0,24.26,25.55,1.98,
54,2025-12-26 21:00:00,4.32,2.27,5.56,0.0,42.03,20.24,21.15,22.12,1.46,
54,2025-12-26 22:00:00,3.28,1.44,0.0,0.0,45.49,18.0,18.82,19.64,1.19,
54,2025-12-26 23:00:00,2.22,0.43,0.0,0.0,58.39,15.03,16.29,17.45,0.78,
54,2025-12-27 00:00:00,0.88,0.04,0.0,0.0,71.9,13.23,13.66,14.29,0.44,
54,2025-12-27 01:00:00,0.95,0.07,0.0,0.0,74.86,12.56,12.78,13.07,0.37,
54,2025-12-27 02:00:00,1.7,0.12,0.0,0.0,76.37,12.07,12.32,12.77,0.34,
54,2025-12-27 03:00:00,3.12,1.64,0.0,0.0,68.7,13.95,14.19,14.48,0.51,
54,2025-12-27 04:00:00,3.28,1.58,0.0,0.0,71.75,13.6,13.89,14.07,0.45,
54,2025-12-27 05:00:00,3.95,1.89,0.01,0.0,73.57,13.31,13.46,13.57,0.41,
54,2025-12-27 06:00:00,3.5,1.86,38.3,0.0,72.99,12.92,13.01,13.16,0.41,
54,2025-12-27 07:00:00,5.15,2.63,217.0,0.0,69.99,13.26,13.79,14.29,0.48,
54,2025-12-27 08:00:00,5.45,3.28,426.2,0.0,64.07,14.83,15.48,16.24,0.63,
54,2025-12-27 09:00:00,5.75,3.22,624.9,0.0,57.53,16.88,17.55,18.33,0.86,
54,2025-12-27 10:00:00,5.45,3.04,798.7,0.0,51.09,18.84,19.76,20.67,1.13,
54,2025-12-27 11:00:00,5.38,2.9,932.0,0.0,45.08,21.11,22.05,22.89,1.46,
54,2025-12-27 12:00:00,6.28,2.84,1012.0,0.0,39.68,23.44,24.28,25.16,1.83,
54,2025-12-27 13:00:00,5.45,3.04,1036.0,0.0,33.7,25.62,26.29,26.99,2.27,
54,2025-12-27 14:00:00,5.22,2.8,1032.0,0.0,27.02,27.6,27.95,28.48,2.75,
54,2025-12-27 15:00:00,5.38,2.48,979.0,0.0,20.36,28.83,29.14,29.62,3.22,
54,2025-12-27 16:00:00,6.12,2.41,871.0,0.0,18.15,29.81,30.08,30.25,3.49,
54,2025-12-27 17:00:00,4.47,2.52,713.9,0.0,20.96,30.08,30.24,30.46,3.4,
54,2025-12-27 18:00:00,5.68,2.58,526.3,0.0,23.07,29.31,29.69,29.95,3.21,
54,2025-12-27 19:00:00,5.0,2.66,326.2,0.0,24.34,28.16,28.62,29.08,2.97,
54,2025-12-27 20:00:00,4.47,2.17,134.4,0.0,26.69,26.05,26.92,27.64,2.61,
54,2025-12-27 21:00:00,2.9,1.47,5.42,0.0,32.18,23.1,24.1,25.21,2.04,
54,2025-12-27 22:00:00,4.47,2.46,0.0,0.0,35.24,22.32,22.76,23.07,1.79,
54,2025-12-27 23:00:00,4.25,2.11,0.0,0.0,42.48,19.94,20.95,21.98,1.43,
54,2025-12-28 00:00:00,4.4,2.08,0.0,0.0,47.72,18.86,19.17,19.56,1.16,
54,2025-12-28 01:00:00,3.42,1.78,0.0,0.0,52.92,17.37,17.98,18.54,0.97,
54,2025-12-28 02:00:00,3.8,1.63,0.0,0.0,58.87,16.7,16.89,17.14,0.79,
54,2025-12-28 03:00:00,4.78,2.19,0.0,0.0,66.42,15.79,16.17,16.45,0.62,
54,2025-12-28 04:00:00,4.18,2.48,0.0,0.0,69.65,14.9,15.26,15.59,0.53,
54,2025-12-28 05:00:00,2.98,0.76,0.01,0.0,72.98,13.95,14.28,14.72,0.44,
54,2025-12-28 06:00:00,3.35,1.66,45.0,0.0,74.36,13.48,13.73,13.98,0.41,
54,2025-12-28 07:00:00,4.1,1.45,220.0,0.0,69.28,13.8,14.61,15.31,0.51,
54,2025-12-28 08:00:00,4.4,2.4,427.2,0.0,63.98,15.57,16.24,16.83,0.67,
54,2025-12-28 09:00:00,3.65,1.93,628.7,0.0,59.11,17.18,18.14,19.1,0.85,
54,2025-12-28 10:00:00,3.72,1.49,803.0,0.0,51.07,19.34,20.31,21.3,1.17,
54,2025-12-28 11:00:00,3.58,1.2,937.0,0.0,40.7,23.06,23.92,24.85,1.77,
54,2025-12-28 12:00:00,3.12,1.11,1013.0,0.0,34.68,25.48,26.42,27.72,2.26,
54,2025-12-28 13:00:00,3.58,1.35,1035.0,0.0,29.99,28.66,29.01,29.4,2.81,
54,2025-12-28 14:00:00,3.35,1.5,1031.0,0.0,24.25,30.32,30.78,31.33,3.36,
54,2025-12-28 15:00:00,4.18,1.32,976.0,0.0,21.5,31.38,32.05,32.74,3.75,
54,2025-12-28 16:00:00,3.28,1.02,867.0,0.0,16.27,33.13,33.38,33.9,4.3,
54,2025-12-28 17:00:00,5.15,1.96,720.6,0.0,15.38,33.12,33.46,33.84,4.37,
54,2025-12-28 18:00:00,4.03,2.18,533.4,0.0,16.73,32.04,32.54,32.89,4.08,
54,2025-12-28 19:00:00,5.52,2.34,326.8,0.0,22.39,30.47,31.37,32.06,3.57,
54,2025-12-28 20:00:00,5.08,2.16,132.9,0.0,28.84,27.42,28.71,29.79,2.81,
54,2025-12-28 21:00:00,1.92,0.66,5.6,0.0,40.03,21.87,23.93,25.86,1.8,
54,2025-12-28 22:00:00,1.85,0.72,0.0,0.0,45.59,20.28,20.41,20.6,1.31,
54,2025-12-28 23:00:00,1.4,0.49,0.0,0.0,50.44,17.97,18.8,19.66,1.08,
54,2025-12-29 00:00:00,0.72,0.01,0.0,0.0,65.62,15.3,16.41,17.63,0.65,
54,2025-12-29 01:00:00,1.02,0.06,0.0,0.0,72.72,14.98,15.11,15.4,0.47,
54,2025-12-29 02:00:00,2.0,0.66,0.0,0.0,59.66,14.29,16.39,17.77,0.76,
54,2025-12-29 03:00:00,4.18,1.31,0.0,0.0,63.35,17.85,17.9,17.94,0.75,
54,2025-12-29 04:00:00,3.72,1.77,0.0,0.0,70.82,16.94,17.19,17.57,0.57,
54,2025-12-29 05:00:00,2.98,1.53,0.01,0.0,73.33,16.14,16.58,17.02,0.5,
54,2025-12-29 06:00:00,2.38,0.4,41.5,0.0,74.39,15.44,15.74,16.03,0.46,
54,2025-12-29 07:00:00,3.58,1.12,220.7,0.0,67.4,15.96,16.93,17.8,0.63,
54,2025-12-29 08:00:00,5.38,2.32,428.8,0.0,62.2,18.02,18.62,19.33,0.81,
54,2025-12-29 09:00:00,3.35,1.74,630.3,0.0,55.02,19.73,20.51,21.27,1.09,
54,2025-12-29 10:00:00,3.65,1.67,807.0,0.0,46.85,21.98,22.73,23.5,1.47,
54,2025-12-29 11:00:00,3.8,1.57,940.0,0.0,40.14,24.17,25.18,25.92,1.92,
54,2025-12-29 12:00:00,3.58,1.53,1020.0,0.0,34.41,26.65,27.61,28.41,2.43,
54,2025-12-29 13:00:00,4.4,2.08,1045.0,0.0,28.88,29.27,29.86,30.42,3.0,
54,2025-12-29 14:00:00,5.6,2.58,1040.0,0.0,24.45,30.64,31.38,31.99,3.47,
54,2025-12-29 15:00:00,5.45,2.51,981.0,0.0,18.4,32.04,32.6,33.13,4.02,
54,2025-12-29 16:00:00,4.47,2.31,874.0,0.0,14.55,33.29,33.43,33.62,4.4,
54,2025-12-29 17:00:00,5.52,2.44,719.8,0.0,15.46,33.29,33.56,33.88,4.39,
54,2025-12-29 18:00:00,4.78,2.47,530.3,0.0,16.72,32.52,33.06,33.45,4.2,
54,2025-12-29 19:00:00,5.98,2.92,328.8,0.0,16.37,31.69,32.14,32.39,4.01,
54,2025-12-29 20:00:00,5.15,2.36,136.1,0.0,21.42,29.09,30.16,31.1,3.37,
54,2025-12-29 21:00:00,5.22,2.41,5.71,0.0,25.42,26.5,27.33,28.34,2.72,
54,2025-12-29 22:00:00,4.18,2.56,0.0,0.0,29.33,24.79,25.5,26.14,2.31,
54,2025-12-29 23:00:00,4.85,2.46,0.0,0.0,36.3,23.21,23.86,24.45,1.89,
54,2025-12-30 00:00:00,4.47,2.13,0.0,0.0,43.1,21.49,21.97,22.37,1.5,
54,2025-12-30 01:00:00,4.03,2.21,0.0,0.0,44.54,20.68,20.95,21.21,1.38,
54,2025-12-30 02:00:00,4.78,1.79,0.0,0.0,46.08,19.48,20.13,20.65,1.27,
54,2025-12-30 03:00:00,4.1,1.8,0.0,0.0,52.9,18.54,18.85,19.15,1.03,
54,2025-12-30 04:00:00,4.7,1.97,0.0,0.0,55.04,17.17,17.68,18.2,0.91,
54,2025-12-30 05:00:00,5.0,2.48,0.01,0.0,55.42,16.07,16.5,16.89,0.84,
54,2025-12-30 06:00:00,4.18,2.3,42.04,0.0,57.9,15.28,15.48,15.83,0.74,
54,2025-12-30 07:00:00,4.25,2.39,221.6,0.0,55.59,15.58,16.06,16.55,0.81,
54,2025-12-30 08:00:00,4.7,2.58,431.1,0.0,53.47,16.85,17.57,18.32,0.94,
54,2025-12-30 09:00:00,4.62,2.6,630.8,0.0,50.56,18.92,19.73,20.4,1.14,
54,2025-12-30 10:00:00,4.32,2.42,806.0,0.0,45.13,20.96,21.76,22.71,1.43,
54,2025-12-30 11:00:00,4.55,2.49,937.0,0.0,40.79,23.31,24.17,25.14,1.79,
54,2025-12-30 12:00:00,4.92,2.52,1015.0,0.0,37.13,25.6,26.52,27.58,2.18,
54,2025-12-30 13:00:00,5.22,2.7,1035.0,0.0,31.26,28.06,28.94,29.88,2.75,
54,2025-12-30 14:00:00,6.2,3.08,1031.0,0.0,26.76,30.24,30.73,31.29,3.24,
54,2025-12-30 15:00:00,5.9,3.2,981.0,0.0,22.25,31.75,32.17,32.55,3.73,
54,2025-12-30 16:00:00,6.28,3.28,874.0,0.0,19.27,32.7,32.75,32.8,4.01,
54,2025-12-30 17:00:00,5.6,3.32,714.6,0.0,19.02,32.65,32.76,32.95,4.02,
54,2025-12-30 18:00:00,5.98,3.29,533.3,0.0,17.08,32.58,32.66,32.73,4.09,
54,2025-12-30 19:00:00,6.05,3.5,331.8,0.0,21.37,31.51,31.98,32.35,3.74,
54,2025-12-30 20:00:00,5.6,2.96,134.5,0.0,28.96,29.32,30.17,31.05,3.05,
54,2025-12-30 21:00:00,7.55,3.96,5.32,0.0,35.73,27.37,28.04,28.78,2.44,
54,2025-12-30 22:00:00,7.7,3.78,0.0,0.0,42.06,25.75,26.31,26.92,1.99,
54,2025-12-30 23:00:00,6.8,4.1,0.0,0.0,46.9,24.22,24.83,25.41,1.67,
54,2025-12-31 00:00:00,6.88,3.57,0.0,0.0,54.0,22.74,23.26,23.79,1.31,
54,2025-12-31 01:00:00,5.52,2.24,0.0,0.0,59.26,21.16,21.76,22.44,1.07,
54,2025-12-31 02:00:00,4.47,2.19,0.0,0.0,64.17,20.09,20.44,20.86,0.86,
54,2025-12-31 03:00:00,4.62,2.61,0.0,0.0,67.94,18.98,19.39,19.79,0.72,
54,2025-12-31 04:00:00,4.47,2.24,0.0,0.0,72.18,17.88,18.33,18.66,0.59,
54,2025-12-31 05:00:00,4.03,1.52,0.01,0.0,78.11,16.72,17.09,17.47,0.43,
54,2025-12-31 06:00:00,3.35,1.67,31.69,0.0,82.03,16.23,16.36,16.52,0.33,
54,2025-12-31 07:00:00,4.32,1.87,209.4,0.0,77.7,16.55,17.18,17.81,0.44,
54,2025-12-31 08:00:00,4.7,2.52,418.8,0.0,71.85,18.34,18.78,19.39,0.61,
54,2025-12-31 09:00:00,4.03,1.94,619.2,0.0,64.92,19.71,20.63,21.25,0.86,
54,2025-12-31 10:00:00,3.35,1.49,794.1,0.0,55.39,22.04,23.04,24.13,1.26,
54,2025-12-31 11:00:00,3.2,1.3,929.0,0.0,47.44,24.41,25.31,26.17,1.7,
54,2025-12-31 12:00:00,2.75,1.23,1010.0,0.0,39.19,26.9,27.88,28.65,2.29,
54,2025-12-31 13:00:00,3.2,1.19,1032.0,0.0,34.71,29.26,30.15,30.89,2.8,
54,2025-12-31 14:00:00,3.12,1.17,1025.0,0.0,29.54,31.09,31.94,32.51,3.35,
54,2025-12-31 15:00:00,3.58,1.25,975.0,0.0,25.4,33.04,33.47,33.81,3.86,
54,2025-12-31 16:00:00,4.03,1.95,862.0,0.0,22.83,34.11,34.2,34.38,4.15,
54,2025-12-31 17:00:00,3.8,1.84,711.5,0.0,21.61,34.43,34.55,34.71,4.3,
54,2025-12-31 18:00:00,3.65,1.92,523.1,0.0,23.91,33.57,33.85,34.17,4.02,
54,2025-12-31 19:00:00,2.98,1.29,321.2,0.0,27.27,32.19,32.86,33.32,3.63,
54,2025-12-31 20:00:00,4.4,1.81,131.2,0.0,35.11,27.68,29.68,31.24,2.72,
54,2025-12-31 21:00:00,3.88,2.23,5.03,0.0,40.22,25.34,26.3,27.25,2.05,
54,2025-12-31 22:00:00,4.32,2.15,0.0,0.0,45.34,23.53,24.08,24.71,1.64,
54,2025-12-31 23:00:00,4.1,2.13,0.0,0.0,44.28,23.04,23.52,23.94,1.62,
54,2026-01-01 00:00:00,1.92,0.58,0.0,0.0,54.06,20.77,21.43,22.34,1.18,
54,2026-01-01 01:00:00,5.0,1.42,0.0,0.0,54.79,20.18,21.85,22.62,1.19,
54,2026-01-01 02:00:00,3.58,1.84,0.0,0.0,57.08,21.34,21.77,22.3,1.12,
54,2026-01-01 03:00:00,3.58,1.76,0.0,0.0,59.81,19.88,20.52,21.1,0.97,
54,2026-01-01 04:00:00,4.78,2.28,0.0,0.0,60.99,19.27,19.66,20.01,0.9,
54,2026-01-01 05:00:00,4.25,2.09,0.0,0.0,63.45,18.02,18.54,18.93,0.78,
54,2026-01-01 06:00:00,3.72,1.1,29.79,0.0,66.87,17.18,17.33,17.66,0.66,
54,2026-01-01 07:00:00,4.1,1.99,206.2,0.0,61.99,17.18,17.82,18.4,0.78,
54,2026-01-01 08:00:00,4.7,2.72,413.0,0.0,55.89,18.77,19.34,19.94,0.99,
54,2026-01-01 09:00:00,4.4,2.41,613.5,0.0,51.61,20.38,21.12,21.95,1.22,
54,2026-01-01 10:00:00,4.1,2.05,786.9,0.0,46.79,22.37,23.14,23.73,1.51,
54,2026-01-01 11:00:00,3.88,1.96,920.0,0.0,42.5,24.39,25.23,25.91,1.85,
54,2026-01-01 12:00:00,3.5,1.5,1000.0,0.0,37.81,26.72,27.52,28.33,2.29,
54,2026-01-01 13:00:00,3.65,1.57,1022.0,0.0,33.24,29.08,29.95,30.72,2.83,
54,2026-01-01 14:00:00,2.9,1.2,1020.0,0.0,27.74,31.81,32.49,33.14,3.54,
54,2026-01-01 15:00:00,3.05,1.26,970.0,0.0,22.24,33.66,34.06,34.38,4.15,
54,2026-01-01 16:00:00,3.65,1.33,855.0,0.0,21.49,34.96,35.18,35.47,4.46,
54,2026-01-01 17:00:00,4.92,1.61,695.7,0.0,26.08,33.44,34.93,35.99,4.15,
54,2026-01-01 18:00:00,4.62,3.0,515.6,0.0,31.87,31.91,32.46,32.98,3.33,
54,2026-01-01 19:00:00,5.22,2.95,318.6,0.0,32.94,29.4,30.66,31.6,2.96,
54,2026-01-01 20:00:00,5.0,2.67,132.5,0.0,39.3,25.56,27.29,28.71,2.22,
54,2026-01-01 21:00:00,5.3,3.01,5.72,0.0,51.74,21.99,23.06,24.3,1.37,
54,2026-01-01 22:00:00,4.47,2.57,0.0,0.0,60.44,20.9,21.22,21.47,1.0,
54,2026-01-01 23:00:00,2.9,1.12,0.0,0.0,68.85,18.71,19.18,19.87,0.69,
54,2026-01-02 00:00:00,1.1,0.28,0.0,0.0,75.42,17.36,17.8,18.22,0.5,
54,2026-01-02 01:00:00,1.25,0.17,0.0,0.0,80.06,16.16,16.51,16.73,0.38,
54,2026-01-02 02:00:00,1.02,0.16,0.0,0.0,83.28,14.82,15.59,16.24,0.3,
54,2026-01-02 03:00:00,1.02,0.1,0.0,0.0,83.81,14.65,14.68,14.75,0.27,
54,2026-01-02 04:00:00,3.12,0.65,0.0,0.0,68.32,15.79,16.16,16.58,0.58,
54,2026-01-02 05:00:00,5.0,1.54,0.0,0.0,58.45,16.57,16.83,17.1,0.8,
54,2026-01-02 06:00:00,2.38,0.57,28.86,0.0,60.58,14.66,15.31,16.07,0.69,
54,2026-01-02 07:00:00,3.12,0.97,206.0,0.0,50.21,15.23,16.39,17.5,0.94,
54,2026-01-02 08:00:00,4.4,2.47,416.7,0.0,42.5,18.0,18.46,18.95,1.22,
54,2026-01-02 09:00:00,3.65,2.08,616.6,0.0,41.55,19.23,19.9,20.62,1.36,
54,2026-01-02 10:00:00,3.8,1.71,791.0,0.0,40.81,21.02,21.8,22.66,1.55,
54,2026-01-02 11:00:00,3.2,1.53,924.0,0.0,36.12,23.46,24.37,25.4,1.95,
54,2026-01-02 12:00:00,3.5,1.49,1005.0,0.0,33.13,25.68,26.81,28.18,2.37,
54,2026-01-02 13:00:00,3.42,1.36,1031.0,0.0,27.86,28.45,29.29,29.94,2.94,
54,2026-01-02 14:00:00,3.65,1.41,1027.0,0.0,22.34,30.54,31.18,31.82,3.53,
54,2026-01-02 15:00:00,3.88,1.53,975.0,0.0,21.25,32.37,33.09,33.85,3.98,
54,2026-01-02 16:00:00,5.52,2.53,853.0,0.0,31.8,31.74,32.69,34.0,3.39,
54,2026-01-02 17:00:00,7.48,4.03,693.5,0.0,36.05,28.98,30.01,31.01,2.72,
54,2026-01-02 18:00:00,6.95,4.13,353.5,0.0,40.39,27.03,27.6,28.2,2.2,
54,2026-01-02 19:00:00,6.42,3.85,277.7,0.0,45.96,24.87,25.7,26.5,1.79,
54,2026-01-02 20:00:00,6.2,3.51,113.0,0.0,54.95,21.87,22.87,24.01,1.26,
54,2026-01-02 21:00:00,5.15,3.02,5.88,0.0,63.23,19.55,20.37,21.23,0.88,
54,2026-01-02 22:00:00,3.88,1.88,0.0,0.0,69.5,18.04,18.58,19.13,0.65,
54,2026-01-02 23:00:00,2.6,1.24,0.0,0.0,74.28,16.89,17.32,17.76,0.51,
54,2026-01-03 00:00:00,2.0,0.92,0.0,0.0,79.03,15.99,16.31,16.63,0.39,
54,2026-01-03 01:00:00,1.7,0.25,0.0,0.0,82.9,14.6,15.4,15.9,0.3,
54,2026-01-03 02:00:00,2.08,0.34,0.0,0.0,85.3,14.17,14.7,15.2,0.25,
54,2026-01-03 03:00:00,1.55,0.32,0.0,0.0,86.5,14.42,14.72,14.93,0.23,
54,2026-01-03 04:00:00,1.18,0.18,0.0,0.0,90.6,12.73,13.16,13.93,0.15,
54,2026-01-03 05:00:00,0.0,0.0,0.0,0.0,91.83,11.88,12.27,12.8,0.12,
54,2026-01-03 06:00:00,0.0,0.0,24.17,0.0,93.6,11.27,11.5,11.63,0.09,
54,2026-01-03 07:00:00,1.62,0.21,197.7,0.0,86.23,11.88,13.91,15.27,0.23,
54,2026-01-03 08:00:00,1.48,0.42,396.0,0.0,75.54,15.67,16.78,17.66,0.47,
54,2026-01-03 09:00:00,2.15,0.56,596.9,0.0,65.83,18.53,19.23,19.75,0.76,
54,2026-01-03 10:00:00,2.68,1.15,756.6,0.0,60.27,20.31,21.14,21.64,1.0,
54,2026-01-03 11:00:00,3.42,1.47,901.0,0.0,55.51,22.43,23.24,24.09,1.27,
54,2026-01-03 12:00:00,3.58,1.67,979.0,0.0,48.62,24.6,25.48,26.43,1.68,
54,2026-01-03 13:00:00,4.55,1.61,1004.0,0.0,44.28,26.52,27.37,28.11,2.04,
54,2026-01-03 14:00:00,4.03,1.74,999.0,0.0,41.82,28.59,29.06,29.54,2.34,
54,2026-01-03 15:00:00,3.65,1.69,947.0,0.0,39.02,29.92,30.27,30.58,2.63,
54,2026-01-03 16:00:00,3.65,1.48,841.0,0.0,38.01,31.21,31.39,31.62,2.85,
54,2026-01-03 17:00:00,6.58,3.66,690.5,0.0,43.3,28.1,29.22,30.77,2.3,
54,2026-01-03 18:00:00,6.2,3.76,513.1,0.0,45.89,27.07,27.49,27.87,1.99,
54,2026-01-03 19:00:00,5.68,3.6,314.1,0.0,49.11,24.92,25.79,26.75,1.69,
54,2026-01-03 20:00:00,5.52,3.26,126.9,0.0,54.77,22.29,23.27,24.29,1.3,
54,2026-01-03 21:00:00,5.08,3.01,6.04,0.0,61.3,19.84,20.77,21.71,0.95,
54,2026-01-03 22:00:00,5.52,2.75,0.0,0.0,68.64,18.06,18.61,19.25,0.68,
54,2026-01-03 23:00:00,3.5,1.74,0.0,0.0,73.16,17.1,17.4,17.78,0.54,
54,2026-01-04 00:00:00,3.2,1.4,0.0,0.0,75.16,16.57,16.79,16.99,0.47,
54,2026-01-04 01:00:00,4.1,1.67,0.0,0.0,78.82,15.64,15.94,16.25,0.38,
54,2026-01-04 02:00:00,2.22,0.36,0.0,0.0,81.63,15.06,15.27,15.48,0.32,
54,2026-01-04 03:00:00,1.18,0.18,0.0,0.0,86.1,14.2,14.47,14.92,0.23,
54,2026-01-04 04:00:00,2.15,0.6,0.0,0.0,86.88,14.15,14.23,14.3,0.22,
54,2026-01-04 05:00:00,1.1,0.02,0.0,0.0,88.83,13.35,13.61,13.97,0.18,
54,2026-01-04 06:00:00,1.1,0.04,20.06,0.0,91.5,12.46,12.78,13.25,0.13,
54,2026-01-04 07:00:00,0.5,0.01,170.1,0.0,83.77,13.32,14.65,16.17,0.28,
54,2026-01-04 08:00:00,1.7,0.28,374.6,0.0,71.31,16.93,17.44,18.52,0.58,
54,2026-01-04 09:00:00,3.42,0.99,625.7,0.0,68.84,18.23,18.48,18.84,0.67,
54,2026-01-04 10:00:00,3.95,2.2,773.9,0.0,65.01,19.49,19.93,20.56,0.81,
54,2026-01-04 11:00:00,5.15,2.74,891.0,0.0,60.48,20.94,21.49,21.88,1.02,
54,2026-01-04 12:00:00,5.68,2.99,1011.0,0.0,55.24,22.2,23.13,23.76,1.27,
54,2026-01-04 13:00:00,5.08,2.66,979.0,0.0,52.33,23.78,24.16,24.56,1.44,
54,2026-01-04 14:00:00,6.2,2.81,966.0,0.0,52.01,24.41,24.76,25.07,1.5,
54,2026-01-04 15:00:00,5.9,3.04,932.0,0.0,49.44,24.53,24.87,25.13,1.59,
54,2026-01-04 16:00:00,6.2,2.58,835.0,0.0,47.8,25.13,25.34,25.55,1.69,
54,2026-01-04 17:00:00,5.3,2.59,689.7,0.0,47.73,24.99,25.45,25.87,1.7,
54,2026-01-04 18:00:00,6.35,2.3,508.9,0.0,48.21,24.47,24.76,24.98,1.62,
54,2026-01-04 19:00:00,4.47,2.8,314.0,0.0,52.97,22.36,23.18,23.82,1.34,
54,2026-01-04 20:00:00,4.62,2.78,128.1,0.0,59.42,19.88,20.79,21.73,1.0,
54,2026-01-04 21:00:00,3.72,1.99,5.66,0.0,65.72,18.18,18.8,19.36,0.74,
54,2026-01-04 22:00:00,3.28,1.83,0.0,0.0,69.62,17.04,17.32,17.78,0.6,
54,2026-01-04 23:00:00,3.28,1.59,0.0,0.0,70.18,16.87,16.92,17.03,0.58,
54,2026-01-05 00:00:00,4.03,1.92,0.0,0.0,70.34,16.61,16.7,16.85,0.57,
54,2026-01-05 01:00:00,2.82,1.39,0.0,0.0,71.0,16.72,16.77,16.83,0.55,
54,2026-01-05 02:00:00,2.0,0.92,0.0,0.0,71.22,16.87,16.88,16.91,0.56,
54,2026-01-05 03:00:00,1.85,0.7,0.0,0.0,71.26,16.87,16.91,16.92,0.55,
54,2026-01-05 04:00:00,1.78,0.88,0.0,0.0,71.03,16.89,16.91,16.92,0.56,
54,2026-01-05 05:00:00,1.92,0.96,0.0,0.0,71.32,16.79,16.83,16.9,0.55,
54,2026-01-05 06:00:00,2.08,0.73,2.99,0.0,71.82,16.69,16.76,16.8,0.54,
54,2026-01-05 07:00:00,3.12,1.26,26.49,0.0,76.48,16.03,16.41,16.61,0.44,
54,2026-01-05 08:00:00,2.98,1.37,80.1,0.0,92.15,14.97,15.13,15.4,0.14,
54,2026-01-05 09:00:00,2.0,0.6,261.8,0.0,85.65,15.28,15.96,16.47,0.27,
54,2026-01-05 10:00:00,2.45,0.69,293.7,0.0,76.91,16.74,17.23,17.8,0.46,
54,2026-01-05 11:00:00,1.85,0.48,438.9,0.0,71.64,17.87,18.14,18.83,0.6,
54,2026-01-05 12:00:00,2.6,0.72,494.7,0.0,65.01,19.35,19.69,20.22,0.81,
54,2026-01-05 13:00:00,5.0,1.61,577.8,0.0,61.97,20.4,20.84,21.52,0.94,
54,2026-01-05 14:00:00,5.15,1.92,618.9,0.0,58.81,21.8,22.03,22.3,1.09,
54,2026-01-05 15:00:00,3.58,1.84,283.7,0.0,62.15,21.19,21.51,22.11,0.97,
54,2026-01-05 16:00:00,3.12,1.66,539.4,0.0,57.19,21.63,22.15,22.63,1.15,
54,2026-01-05 17:00:00,3.8,1.89,383.9,0.0,55.67,21.72,22.24,22.84,1.19,
54,2026-01-05 18:00:00,2.3,0.6,165.2,0.0,55.36,21.83,21.92,22.0,1.18,
54,2026-01-05 19:00:00,2.75,1.4,238.3,0.0,55.94,21.06,21.67,22.05,1.14,
54,2026-01-05 20:00:00,3.2,1.22,60.68,0.0,61.43,20.22,20.53,20.81,0.93,
54,2026-01-05 21:00:00,2.45,0.59,3.09,0.0,61.36,19.26,19.66,20.19,0.89,
54,2026-01-05 22:00:00,2.6,1.15,0.0,0.0,61.92,18.01,18.75,19.23,0.83,
54,2026-01-05 23:00:00,1.1,0.09,0.0,0.0,74.98,14.96,16.04,17.16,0.46,
54,2026-01-06 00:00:00,2.15,0.3,0.0,0.0,78.23,14.64,15.05,15.59,0.38,
54,2026-01-06 01:00:00,2.38,0.65,0.0,0.0,74.47,15.2,15.78,16.05,0.46,
54,2026-01-06 02:00:00,1.4,0.4,0.0,0.0,78.53,14.8,14.85,14.9,0.36,
54,2026-01-06 03:00:00,1.18,0.1,0.0,0.0,80.53,14.5,14.54,14.62,0.32,
54,2026-01-06 04:00:00,2.52,1.11,0.0,0.0,74.17,14.88,15.13,15.28,0.45,
54,2026-01-06 05:00:00,1.48,0.43,0.0,0.0,76.21,14.88,14.99,15.19,0.41,
54,2026-01-06 06:00:00,1.48,0.29,21.54,0.0,80.37,13.6,14.08,14.68,0.32,
54,2026-01-06 07:00:00,2.22,0.81,189.1,0.0,73.89,13.93,14.93,15.99,0.45,
54,2026-01-06 08:00:00,3.42,1.69,393.9,0.0,64.36,16.58,17.24,17.91,0.71,
54,2026-01-06 09:00:00,3.88,2.04,594.5,0.0,57.6,18.49,19.16,19.73,0.94,
54,2026-01-06 10:00:00,3.88,1.78,770.4,0.0,51.9,20.52,21.25,21.91,1.22,
54,2026-01-06 11:00:00,4.18,1.76,1025.0,0.0,46.87,22.15,22.95,23.64,1.49,
54,2026-01-06 12:00:00,4.78,1.62,1088.0,0.0,41.86,24.24,24.58,24.79,1.8,
54,2026-01-06 13:00:00,4.78,1.69,1063.0,0.0,37.45,25.31,25.68,26.03,2.06,
54,2026-01-06 14:00:00,4.47,1.8,1047.0,0.0,36.64,26.17,26.52,26.89,2.2,
54,2026-01-06 15:00:00,4.85,1.82,962.0,0.0,32.09,27.14,27.53,27.78,2.5,
54,2026-01-06 16:00:00,4.18,1.99,856.0,0.0,29.81,28.22,28.44,28.61,2.72,
54,2026-01-06 17:00:00,3.95,1.74,705.7,0.0,27.91,28.43,28.72,29.12,2.84,
54,2026-01-06 18:00:00,4.1,1.79,526.7,0.0,25.13,28.66,28.77,28.92,2.96,
54,2026-01-06 19:00:00,3.35,1.65,329.5,0.0,24.09,27.97,28.25,28.38,2.91,
54,2026-01-06 20:00:00,3.58,0.95,134.2,0.0,32.6,24.82,26.22,27.41,2.31,
54,2026-01-06 21:00:00,2.22,0.38,5.71,0.0,50.1,19.88,21.04,22.89,1.26,
54,2026-01-06 22:00:00,1.78,0.39,0.0,0.0,56.89,18.99,19.76,20.41,1.0,
54,2026-01-06 23:00:00,0.0,0.0,0.0,0.0,73.1,16.08,16.95,18.15,0.52,
54,2026-01-07 00:00:00,0.0,0.0,0.0,0.0,79.45,14.85,15.32,15.69,0.36,
54,2026-01-07 01:00:00,0.0,0.0,0.0,0.0,81.4,14.12,14.4,14.56,0.31,
54,2026-01-07 02:00:00,0.88,0.02,0.0,0.0,85.33,12.96,13.5,13.89,0.23,
54,2026-01-07 03:00:00,1.18,0.15,0.0,0.0,84.65,12.41,12.82,13.28,0.23,
54,2026-01-07 04:00:00,1.18,0.24,0.0,0.0,82.88,13.47,13.97,14.47,0.27,
54,2026-01-07 05:00:00,1.92,0.54,0.0,0.0,80.56,14.2,14.95,15.42,0.33,
54,2026-01-07 06:00:00,1.4,0.2,21.08,0.0,82.75,13.93,14.19,14.54,0.28,
54,2026-01-07 07:00:00,3.42,0.62,189.8,0.0,71.51,15.2,16.54,17.84,0.54,
54,2026-01-07 08:00:00,3.5,2.02,394.2,0.0,63.32,18.16,18.66,19.16,0.79,
54,2026-01-07 09:00:00,3.12,1.45,594.2,0.0,58.6,19.45,20.22,21.07,0.98,
54,2026-01-07 10:00:00,3.2,1.16,770.4,0.0,51.86,21.68,22.43,23.33,1.31,
54,2026-01-07 11:00:00,2.3,0.9,907.0,0.0,44.76,24.17,25.06,25.66,1.76,
54,2026-01-07 12:00:00,3.35,1.16,986.0,0.0,40.29,26.48,27.6,28.57,2.21,
54,2026-01-07 13:00:00,3.8,1.58,1013.0,0.0,37.75,28.65,29.24,30.04,2.53,
54,2026-01-07 14:00:00,3.88,1.84,1006.0,0.0,30.26,30.6,31.13,31.76,3.16,
54,2026-01-07 15:00:00,4.32,1.64,948.0,0.0,28.64,31.6,32.23,32.68,3.44,
54,2026-01-07 16:00:00,3.88,1.24,842.0,0.0,26.34,33.03,33.46,33.8,3.8,
54,2026-01-07 17:00:00,5.98,2.81,690.5,0.0,27.52,31.8,32.22,33.26,3.49,
54,2026-01-07 18:00:00,5.98,3.14,516.5,0.0,26.27,30.97,31.25,31.53,3.36,
54,2026-01-07 19:00:00,5.08,3.25,317.5,0.0,28.95,28.94,29.74,30.51,2.97,
54,2026-01-07 20:00:00,4.47,2.46,130.5,0.0,37.16,26.08,27.23,28.35,2.28,
54,2026-01-07 21:00:00,5.15,1.95,5.6,0.0,45.96,23.19,24.24,25.44,1.64,
54,2026-01-07 22:00:00,3.35,1.39,0.0,0.0,53.94,20.83,21.88,22.7,1.21,
54,2026-01-07 23:00:00,2.6,0.98,0.0,0.0,61.43,19.47,19.77,20.28,0.89,
54,2026-01-08 00:00:00,2.82,1.33,0.0,0.0,66.57,17.72,18.64,19.32,0.72,
54,2026-01-08 01:00:00,1.85,0.57,0.0,0.0,73.7,16.57,17.04,17.6,0.52,
54,2026-01-08 02:00:00,1.25,0.38,0.0,0.0,79.23,15.86,16.22,16.69,0.38,
54,2026-01-08 03:00:00,1.18,0.21,0.0,0.0,83.88,15.14,15.37,15.61,0.28,
54,2026-01-08 04:00:00,0.0,0.0,0.0,0.0,87.8,13.86,14.18,14.73,0.2,
54,2026-01-08 05:00:00,1.4,0.52,0.0,0.0,84.63,14.05,14.63,15.0,0.26,
54,2026-01-08 06:00:00,1.1,0.1,7.73,0.0,86.33,14.37,14.66,14.89,0.23,
54,2026-01-08 07:00:00,0.72,0.03,84.8,0.0,86.73,14.6,15.26,15.77,0.23,
54,2026-01-08 08:00:00,0.8,0.01,211.1,0.0,79.29,16.32,17.01,17.65,0.4,
54,2026-01-08 09:00:00,2.45,0.61,348.3,0.0,67.83,18.4,19.18,19.86,0.72,
54,2026-01-08 10:00:00,2.98,1.19,667.9,0.0,58.99,20.27,21.26,22.2,1.04,
54,2026-01-08 11:00:00,2.68,0.92,891.0,0.0,49.9,22.54,23.59,24.59,1.47,
54,2026-01-08 12:00:00,3.5,1.06,863.0,0.0,43.08,25.18,25.75,26.7,1.89,
54,2026-01-08 13:00:00,3.95,1.66,1064.0,0.0,39.74,26.03,27.07,27.84,2.16,
54,2026-01-08 14:00:00,3.28,1.43,909.0,0.0,38.7,28.17,28.49,28.77,2.38,
54,2026-01-08 15:00:00,4.85,1.57,890.0,0.0,36.44,29.1,29.29,29.5,2.59,
54,2026-01-08 16:00:00,5.75,2.66,801.0,0.0,39.53,29.22,29.35,29.48,2.47,
54,2026-01-08 17:00:00,4.85,2.2,506.1,0.0,44.26,27.94,28.27,29.06,2.14,
54,2026-01-08 18:00:00,4.1,1.91,298.9,0.0,45.72,27.11,27.5,27.94,1.99,
54,2026-01-08 19:00:00,4.32,2.09,132.9,0.0,47.64,25.76,26.54,26.97,1.82,
54,2026-01-08 20:00:00,4.03,2.27,103.4,0.0,50.94,23.31,24.19,24.89,1.49,
54,2026-01-08 21:00:00,3.95,2.21,13.36,0.0,58.42,21.48,22.08,22.75,1.11,
54,2026-01-08 22:00:00,3.05,1.57,0.0,0.0,63.25,19.87,20.42,21.07,0.89,
54,2026-01-08 23:00:00,2.52,0.48,0.0,0.0,70.37,18.31,18.95,19.51,0.65,
54,2026-01-09 00:00:00,0.57,0.01,0.0,0.0,78.76,16.59,17.15,17.76,0.42,
54,2026-01-09 01:00:00,0.8,0.07,0.0,0.0,83.03,15.85,16.1,16.58,0.31,
54,2026-01-09 02:00:00,1.18,0.3,0.0,0.0,82.88,15.61,15.66,15.7,0.31,
54,2026-01-09 03:00:00,1.02,0.06,0.0,0.0,84.93,15.09,15.13,15.23,0.26,
54,2026-01-09 04:00:00,3.42,1.45,0.0,0.0,84.45,14.85,15.36,15.6,0.27,
54,2026-01-09 05:00:00,2.82,1.18,0.0,0.0,85.13,14.98,15.26,15.53,0.26,
54,2026-01-09 06:00:00,2.9,1.0,14.42,0.0,86.1,14.77,14.82,14.91,0.23,
54,2026-01-09 07:00:00,3.2,1.27,165.1,0.0,80.86,14.99,15.58,16.34,0.34,
54,2026-01-09 08:00:00,3.5,1.63,363.4,0.0,69.73,17.12,18.03,18.82,0.63,
54,2026-01-09 09:00:00,3.88,2.49,565.5,0.0,58.94,19.63,20.63,21.71,1.0,
54,2026-01-09 10:00:00,4.85,2.75,743.4,0.0,48.91,22.18,23.25,24.25,1.46,
54,2026-01-09 11:00:00,4.7,2.44,879.0,0.0,39.37,25.08,25.99,26.77,2.04,
54,2026-01-09 12:00:00,4.32,2.1,963.0,0.0,35.27,27.24,28.07,28.93,2.46,
54,2026-01-09 13:00:00,5.45,1.64,990.0,0.0,30.64,29.61,30.1,30.68,2.96,
54,2026-01-09 14:00:00,3.65,1.84,986.0,0.0,30.28,31.2,31.63,32.02,3.25,
54,2026-01-09 15:00:00,5.9,1.75,940.0,0.0,27.09,32.45,33.0,33.57,3.67,
54,2026-01-09 16:00:00,4.55,1.55,838.0,0.0,24.67,33.96,34.38,34.74,4.09,
54,2026-01-09 17:00:00,5.52,1.48,684.2,0.0,22.65,34.59,34.98,35.52,4.34,
54,2026-01-09 18:00:00,5.08,2.73,515.2,0.0,22.96,33.15,33.44,33.83,3.97,
54,2026-01-09 19:00:00,4.62,2.47,315.9,0.0,25.26,30.62,31.56,32.57,3.47,
54,2026-01-09 20:00:00,4.32,2.4,134.4,0.0,26.82,27.53,28.87,30.1,2.92,
54,2026-01-09 21:00:00,4.55,2.34,5.72,0.0,34.11,24.12,25.21,26.43,2.12,
54,2026-01-09 22:00:00,4.03,2.24,0.0,0.0,46.2,21.13,22.27,23.39,1.45,
54,2026-01-09 23:00:00,4.1,2.05,0.0,0.0,58.66,18.6,19.49,20.42,0.94,
54,2026-01-10 00:00:00,3.72,1.53,0.0,0.0,61.99,18.21,18.3,18.39,0.8,
54,2026-01-10 01:00:00,2.6,0.74,0.0,0.0,66.62,16.73,17.38,17.85,0.67,
54,2026-01-10 02:00:00,0.95,0.17,0.0,0.0,76.6,15.22,15.52,15.89,0.41,
54,2026-01-10 03:00:00,1.1,0.11,0.0,0.0,80.21,14.24,14.5,14.7,0.33,
54,2026-01-10 04:00:00,0.95,0.07,0.0,0.0,79.66,14.1,14.17,14.32,0.33,
54,2026-01-10 05:00:00,0.88,0.04,0.0,0.0,82.1,13.74,13.96,14.31,0.29,
54,2026-01-10 06:00:00,1.1,0.07,13.11,0.0,83.0,13.33,13.49,13.67,0.26,
54,2026-01-10 07:00:00,1.62,0.06,171.9,0.0,72.83,13.96,16.18,18.42,0.51,
54,2026-01-10 08:00:00,4.4,2.03,373.8,0.0,52.48,19.48,20.0,20.3,1.11,
54,2026-01-10 09:00:00,3.8,2.23,573.7,0.0,49.48,20.56,21.52,22.47,1.3,
54,2026-01-10 10:00:00,4.4,2.41,750.1,0.0,44.86,23.04,23.91,24.85,1.64,
54,2026-01-10 11:00:00,4.4,2.24,888.0,0.0,39.81,25.75,26.76,27.69,2.12,
54,2026-01-10 12:00:00,3.95,2.21,980.0,0.0,35.1,28.35,29.38,30.36,2.66,
54,2026-01-10 13:00:00,5.82,2.86,1010.0,0.0,27.2,31.45,31.92,32.5,3.45,
54,2026-01-10 14:00:00,5.45,2.97,1009.0,0.0,22.49,32.91,33.44,33.97,4.0,
54,2026-01-10 15:00:00,5.82,3.04,964.0,0.0,20.31,34.12,34.68,35.22,4.4,
54,2026-01-10 16:00:00,7.1,3.42,867.0,0.0,14.46,35.42,35.6,35.8,4.97,
54,2026-01-10 17:00:00,6.65,3.53,722.8,0.0,12.44,35.73,35.76,35.84,5.14,
54,2026-01-10 18:00:00,5.6,3.27,530.6,0.0,14.44,34.98,35.24,35.48,4.88,
54,2026-01-10 19:00:00,6.72,4.09,324.2,0.0,15.61,33.71,34.31,34.83,4.57,
54,2026-01-10 20:00:00,6.65,3.7,138.0,0.0,12.47,30.78,32.03,33.18,4.18,
54,2026-01-10 21:00:00,5.3,2.36,6.07,0.0,16.82,26.77,28.1,29.75,3.17,
54,2026-01-10 22:00:00,4.47,2.27,0.0,0.0,16.46,25.07,25.75,26.21,2.77,
54,2026-01-10 23:00:00,2.68,0.75,0.0,0.0,26.24,20.11,21.7,24.28,1.93,
54,2026-01-11 00:00:00,1.7,0.33,0.0,0.0,41.62,15.59,17.84,19.81,1.22,
54,2026-01-11 01:00:00,0.0,0.0,0.0,0.0,55.56,14.21,14.86,15.42,0.75,
54,2026-01-11 02:00:00,0.8,0.01,0.0,0.0,59.15,13.15,13.77,14.23,0.65,
54,2026-01-11 03:00:00,1.25,0.04,0.0,0.0,61.92,12.77,12.88,13.15,0.57,
54,2026-01-11 04:00:00,1.7,0.5,0.0,0.0,56.48,13.29,13.68,14.22,0.68,
54,2026-01-11 05:00:00,2.08,0.27,0.0,0.0,68.06,13.17,14.07,14.64,0.52,
54,2026-01-11 06:00:00,2.0,0.49,15.89,0.0,71.21,13.63,14.57,15.28,0.48,
54,2026-01-11 07:00:00,4.1,1.8,187.4,0.0,66.2,15.55,16.38,17.07,0.63,
54,2026-01-11 08:00:00,4.25,2.28,395.0,0.0,63.08,17.36,18.0,18.65,0.76,
54,2026-01-11 09:00:00,4.1,2.19,598.4,0.0,55.43,19.21,20.22,21.46,1.06,
54,2026-01-11 10:00:00,3.88,2.2,778.7,0.0,46.71,21.97,23.07,24.24,1.51,
54,2026-01-11 11:00:00,4.18,2.11,916.0,0.0,37.77,24.92,25.94,27.01,2.09,
54,2026-01-11 12:00:00,4.4,2.39,1005.0,0.0,31.24,27.66,28.75,29.58,2.72,
54,2026-01-11 13:00:00,4.92,2.47,1059.0,0.0,23.11,30.41,31.47,32.41,3.55,
54,2026-01-11 14:00:00,5.08,2.35,1010.0,0.0,19.45,32.77,33.25,34.08,4.11,
54,2026-01-11 15:00:00,6.2,2.31,1015.0,0.0,17.96,34.41,34.89,35.07,4.59,
54,2026-01-11 16:00:00,5.3,2.5,834.0,0.0,15.93,34.14,34.69,35.21,4.65,
54,2026-01-11 17:00:00,8.22,3.57,710.7,0.0,15.14,34.0,34.69,35.24,4.69,
54,2026-01-11 18:00:00,6.5,4.2,361.8,0.0,15.67,31.69,31.71,31.72,3.94,
54,2026-01-11 19:00:00,6.72,4.01,262.2,0.0,15.93,30.02,30.44,30.97,3.66,
54,2026-01-11 20:00:00,6.42,3.38,89.4,0.0,27.22,25.73,27.32,28.84,2.65,
54,2026-01-11 21:00:00,5.45,2.97,7.35,0.0,32.48,23.16,24.22,24.9,2.05,
54,2026-01-11 22:00:00,3.58,0.89,0.0,0.0,40.77,20.45,21.4,22.58,1.51,
54,2026-01-11 23:00:00,1.78,0.55,0.0,0.0,49.92,17.69,18.63,19.43,1.08,
54,2026-01-12 00:00:00,1.55,0.19,0.0,0.0,61.49,14.65,16.11,17.22,0.72,
54,2026-01-12 01:00:00,1.55,0.24,0.0,0.0,66.2,14.14,14.73,15.22,0.57,
54,2026-01-12 02:00:00,1.7,0.59,0.0,0.0,72.59,13.9,14.87,15.62,0.47,
54,2026-01-12 03:00:00,1.32,0.36,0.0,0.0,73.57,13.17,13.48,13.91,0.41,
54,2026-01-12 04:00:00,1.18,0.18,0.0,0.0,80.11,11.63,12.16,12.65,0.29,
54,2026-01-12 05:00:00,1.25,0.37,0.0,0.0,84.95,11.2,11.76,12.02,0.21,
54,2026-01-12 06:00:00,1.1,0.06,14.39,0.0,86.18,11.55,11.84,12.21,0.19,
54,2026-01-12 07:00:00,0.88,0.03,182.3,0.0,77.11,12.64,14.25,15.77,0.38,
54,2026-01-12 08:00:00,3.5,1.82,387.2,0.0,67.88,17.39,18.17,18.72,0.67,
54,2026-01-12 09:00:00,4.47,2.44,588.3,0.0,63.61,19.01,19.85,20.78,0.85,
54,2026-01-12 10:00:00,5.75,2.76,766.3,0.0,55.48,21.47,22.31,23.35,1.2,
54,2026-01-12 11:00:00,5.15,3.0,899.0,0.0,46.34,23.71,24.52,25.51,1.66,
54,2026-01-12 12:00:00,5.45,2.86,980.0,0.0,41.69,25.65,26.21,27.03,1.99,
54,2026-01-12 13:00:00,7.02,2.79,1004.0,0.0,38.97,27.24,27.65,28.06,2.26,
54,2026-01-12 14:00:00,6.72,2.81,1001.0,0.0,34.9,28.0,28.44,28.97,2.53,
54,2026-01-12 15:00:00,5.0,2.24,957.0,0.0,31.02,29.19,29.7,30.11,2.88,
54,2026-01-12 16:00:00,5.3,2.26,863.0,0.0,31.39,30.26,30.38,30.47,2.98,
54,2026-01-12 17:00:00,5.6,2.49,689.2,0.0,33.11,29.75,30.16,30.47,2.86,
54,2026-01-12 18:00:00,4.25,2.38,339.6,0.0,35.61,28.41,28.86,29.13,2.56,
54,2026-01-12 19:00:00,5.08,2.59,239.9,0.0,35.29,27.51,27.77,28.28,2.42,
54,2026-01-12 20:00:00,5.0,2.49,175.8,0.0,35.08,26.36,27.25,27.97,2.35,
54,2026-01-12 21:00:00,3.58,1.78,9.78,0.0,39.12,24.27,24.9,25.58,1.92,
54,2026-01-12 22:00:00,4.85,2.1,0.0,0.0,42.34,22.7,23.15,23.61,1.64,
54,2026-01-12 23:00:00,4.7,2.54,0.0,0.0,46.52,21.11,21.46,21.88,1.37,
54,2026-01-13 00:00:00,5.15,2.93,0.0,0.0,47.58,19.7,20.25,20.91,1.25,
54,2026-01-13 01:00:00,6.28,3.14,0.0,0.0,48.8,19.0,19.12,19.24,1.14,
54,2026-01-13 02:00:00,5.9,3.33,0.0,0.0,50.83,17.61,18.16,18.65,1.03,
54,2026-01-13 03:00:00,6.2,3.44,0.0,0.0,56.55,16.07,16.68,17.24,0.83,
54,2026-01-13 04:00:00,5.3,1.89,0.0,0.0,61.77,14.44,15.04,15.63,0.65,
54,2026-01-13 05:00:00,3.72,1.61,0.0,0.0,65.03,13.4,13.69,14.1,0.55,
54,2026-01-13 06:00:00,3.65,1.98,11.21,0.0,66.49,12.51,12.83,13.16,0.5,
54,2026-01-13 07:00:00,4.55,2.62,179.0,0.0,63.63,12.53,12.88,13.34,0.54,
54,2026-01-13 08:00:00,4.47,2.58,386.2,0.0,57.65,13.75,14.59,15.48,0.71,
54,2026-01-13 09:00:00,4.78,2.7,590.9,0.0,52.98,16.05,16.89,17.5,0.91,
54,2026-01-13 10:00:00,5.38,2.55,769.0,0.0,46.23,18.37,18.91,19.49,1.17,
54,2026-01-13 11:00:00,4.25,2.35,909.0,0.0,41.4,20.91,21.91,22.93,1.54,
54,2026-01-13 12:00:00,5.6,2.63,995.0,0.0,37.51,23.67,24.56,25.12,1.93,
54,2026-01-13 13:00:00,5.82,3.2,1026.0,0.0,29.19,25.64,26.52,27.55,2.46,
54,2026-01-13 14:00:00,5.75,2.77,1024.0,0.0,21.7,28.26,28.84,29.56,3.11,
54,2026-01-13 15:00:00,4.1,1.88,976.0,0.0,18.76,30.1,30.72,31.14,3.6,
54,2026-01-13 16:00:00,6.42,1.88,877.0,0.0,15.64,31.55,31.83,32.03,3.97,
54,2026-01-13 17:00:00,3.72,1.76,726.6,0.0,12.56,32.26,32.33,32.45,4.24,
54,2026-01-13 18:00:00,3.88,1.94,543.7,0.0,13.22,31.51,32.0,32.7,4.13,
54,2026-01-13 19:00:00,3.95,1.67,338.6,0.0,14.86,30.13,30.71,31.31,3.77,
54,2026-01-13 20:00:00,2.08,0.27,141.1,0.0,30.87,25.91,27.8,29.5,2.61,
54,2026-01-13 21:00:00,2.45,1.1,5.66,0.0,30.74,23.32,23.85,24.22,2.05,
54,2026-01-13 22:00:00,2.38,0.49,0.0,0.0,43.89,19.3,20.98,23.5,1.41,
54,2026-01-13 23:00:00,1.18,0.23,0.0,0.0,58.37,16.01,17.75,19.76,0.86,
54,2026-01-14 00:00:00,0.8,0.03,0.0,0.0,69.71,14.31,15.06,15.82,0.52,
54,2026-01-14 01:00:00,1.02,0.03,0.0,0.0,69.55,13.52,13.72,13.84,0.46,
54,2026-01-14 02:00:00,0.0,0.0,0.0,0.0,69.25,13.05,13.17,13.37,0.47,
54,2026-01-14 03:00:00,1.25,0.18,0.0,0.0,68.25,12.37,12.87,13.25,0.47,
54,2026-01-14 04:00:00,1.48,0.15,0.0,0.0,64.53,11.91,12.66,13.63,0.53,
54,2026-01-14 05:00:00,3.12,1.06,0.0,0.0,57.02,13.71,14.87,15.52,0.73,
54,2026-01-14 06:00:00,2.68,0.78,9.54,0.0,61.53,13.5,14.01,14.46,0.62,
54,2026-01-14 07:00:00,2.75,1.16,171.9,0.0,56.1,13.85,14.91,16.09,0.75,
54,2026-01-14 08:00:00,3.88,2.1,374.4,0.0,50.32,16.62,17.13,17.68,0.97,
54,2026-01-14 09:00:00,4.47,2.31,576.2,0.0,49.51,17.92,18.5,19.28,1.08,
54,2026-01-14 10:00:00,3.58,1.28,752.7,0.0,40.72,19.91,20.73,21.51,1.46,
54,2026-01-14 11:00:00,3.28,1.07,888.0,0.0,37.52,21.78,23.03,23.88,1.76,
54,2026-01-14 12:00:00,4.18,1.57,974.0,0.0,33.38,24.51,25.06,25.74,2.12,
54,2026-01-14 13:00:00,4.03,1.73,999.0,0.0,30.7,26.25,27.19,27.97,2.5,
54,2026-01-14 14:00:00,9.5,2.27,989.0,0.0,28.23,28.32,28.91,29.45,2.86,
54,2026-01-14 15:00:00,6.2,3.74,922.0,0.0,34.71,27.98,28.44,29.18,2.53,
54,2026-01-14 16:00:00,7.32,4.03,837.0,0.0,32.1,27.14,27.59,28.0,2.51,
54,2026-01-14 17:00:00,7.02,4.49,696.0,0.0,29.92,25.37,25.89,26.65,2.34,
54,2026-01-14 18:00:00,5.9,3.74,517.1,0.0,32.31,24.67,25.13,25.48,2.17,
54,2026-01-14 19:00:00,5.68,3.46,317.9,0.0,38.46,22.79,23.49,24.12,1.78,
54,2026-01-14 20:00:00,5.6,3.14,133.6,0.0,49.74,20.08,20.97,22.08,1.25,
54,2026-01-14 21:00:00,6.65,2.73,4.87,0.0,59.08,18.1,18.96,19.88,0.9,
54,2026-01-14 22:00:00,4.78,2.33,0.0,0.0,66.1,16.88,17.38,17.79,0.68,
54,2026-01-14 23:00:00,3.2,1.03,0.0,0.0,73.38,15.14,15.96,16.6,0.49,
54,2026-01-15 00:00:00,1.62,0.66,0.0,0.0,77.36,14.69,14.77,14.9,0.38,
54,2026-01-15 01:00:00,0.88,0.16,0.0,0.0,83.23,13.17,13.57,14.25,0.26,
54,2026-01-15 02:00:00,0.42,0.01,0.0,0.0,87.6,11.56,12.12,12.89,0.18,
54,2026-01-15 03:00:00,0.72,0.02,0.0,0.0,88.23,10.75,11.22,11.51,0.16,
54,2026-01-15 04:00:00,0.35,0.0,0.0,0.0,90.0,9.97,10.36,10.53,0.13,
54,2026-01-15 05:00:00,0.88,0.06,0.0,0.0,92.68,9.71,9.96,10.27,0.09,
54,2026-01-15 06:00:00,0.65,0.01,6.51,0.0,92.93,9.21,9.39,9.56,0.09,
54,2026-01-15 07:00:00,1.48,0.11,57.41,0.0,91.68,9.64,10.85,12.56,0.11,
54,2026-01-15 08:00:00,2.98,0.99,111.8,0.0,84.63,13.71,14.59,15.37,0.26,
54,2026-01-15 09:00:00,3.05,1.5,315.9,0.0,78.76,15.68,16.3,17.04,0.4,
54,2026-01-15 10:00:00,5.68,2.17,395.3,0.0,65.83,18.45,18.86,19.3,0.75,
54,2026-01-15 11:00:00,4.85,2.45,829.0,0.0,56.79,19.69,20.69,21.44,1.06,
54,2026-01-15 12:00:00,5.22,2.55,941.0,0.0,50.14,21.72,22.44,23.0,1.36,
54,2026-01-15 13:00:00,5.08,2.57,1009.0,0.0,43.37,23.65,24.31,24.81,1.73,
54,2026-01-15 14:00:00,4.55,2.54,991.0,0.0,39.43,24.99,25.31,25.73,1.96,
54,2026-01-15 15:00:00,4.55,2.14,944.0,0.0,38.14,25.85,26.53,27.07,2.15,
54,2026-01-15 16:00:00,5.08,2.4,844.0,0.0,35.34,26.96,27.11,27.24,2.32,
54,2026-01-15 17:00:00,5.38,2.36,696.1,0.0,32.69,27.3,27.44,27.51,2.46,
54,2026-01-15 18:00:00,4.92,2.42,517.7,0.0,33.69,27.06,27.3,27.62,2.41,
54,2026-01-15 19:00:00,5.9,2.74,320.7,0.0,30.85,26.2,26.58,26.95,2.41,
54,2026-01-15 20:00:00,4.62,2.49,124.2,0.0,30.45,23.97,24.87,25.75,2.19,
54,2026-01-15 21:00:00,4.47,2.45,5.06,0.0,32.96,22.07,22.75,23.35,1.86,
54,2026-01-15 22:00:00,4.18,2.52,0.0,0.0,37.37,20.15,20.86,21.59,1.55,
54,2026-01-15 23:00:00,4.92,2.4,0.0,0.0,39.01,18.8,19.26,19.86,1.36,
54,2026-01-16 00:00:00,5.6,2.79,0.0,0.0,39.31,18.03,18.33,18.57,1.28,
54,2026-01-16 01:00:00,6.28,3.25,0.0,0.0,42.92,16.95,17.54,17.9,1.15,
54,2026-01-16 02:00:00,5.98,3.16,0.0,0.0,50.54,15.6,15.92,16.33,0.9,
54,2026-01-16 03:00:00,5.98,2.63,0.0,0.0,54.94,14.55,14.97,15.38,0.77,
54,2026-01-16 04:00:00,5.68,2.72,0.0,0.0,58.38,13.45,13.83,14.29,0.66,
54,2026-01-16 05:00:00,4.47,1.77,0.0,0.0,62.99,12.3,12.7,13.11,0.55,
54,2026-01-16 06:00:00,3.05,1.55,7.97,0.0,66.81,11.46,11.77,12.11,0.46,
54,2026-01-16 07:00:00,3.28,1.64,162.7,0.0,64.71,11.67,12.25,12.92,0.5,
54,2026-01-16 08:00:00,5.0,2.79,367.6,0.0,59.51,13.38,14.03,14.73,0.65,
54,2026-01-16 09:00:00,5.08,3.08,580.5,0.0,54.1,15.34,15.93,16.57,0.83,
54,2026-01-16 10:00:00,5.22,3.05,760.3,0.0,48.87,17.27,18.08,18.79,1.06,
54,2026-01-16 11:00:00,5.6,2.76,900.0,0.0,43.14,19.37,20.28,21.28,1.36,
54,2026-01-16 12:00:00,4.7,2.38,990.0,0.0,37.71,22.1,23.04,24.06,1.76,
54,2026-01-16 13:00:00,5.08,2.41,1019.0,0.0,32.53,24.7,25.55,26.56,2.21,
54,2026-01-16 14:00:00,5.08,2.29,1017.0,0.0,26.9,27.17,27.76,28.34,2.73,
54,2026-01-16 15:00:00,4.92,2.51,970.0,0.0,22.8,29.13,29.48,30.13,3.18,
54,2026-01-16 16:00:00,5.52,2.91,866.0,0.0,23.69,30.3,30.38,30.52,3.31,
54,2026-01-16 17:00:00,5.15,2.55,713.3,0.0,22.6,30.92,31.13,31.23,3.51,
54,2026-01-16 18:00:00,4.55,2.7,524.4,0.0,24.13,30.55,30.72,30.8,3.35,
54,2026-01-16 19:00:00,4.78,2.7,322.7,0.0,23.71,29.66,30.08,30.38,3.25,
54,2026-01-16 20:00:00,3.8,2.02,103.3,0.0,28.25,27.65,28.37,29.26,2.78,
54,2026-01-16 21:00:00,7.7,3.15,5.23,0.0,27.92,26.37,26.75,26.98,2.54,
54,2026-01-16 22:00:00,6.58,3.89,0.0,0.0,33.0,24.47,25.24,25.85,2.16,
54,2026-01-16 23:00:00,8.97,4.11,0.0,0.0,38.37,23.0,23.55,24.06,1.79,
54,2026-01-17 00:00:00,7.1,4.32,0.0,0.0,45.95,21.59,22.12,22.65,1.44,
54,2026-01-17 01:00:00,7.02,4.16,0.0,0.0,51.56,20.08,20.61,21.14,1.18,
54,2026-01-17 02:00:00,7.18,3.85,0.0,0.0,57.65,18.75,19.21,19.72,0.95,
54,2026-01-17 03:00:00,7.1,3.89,0.0,0.0,63.52,17.55,18.02,18.45,0.76,
54,2026-01-17 04:00:00,6.05,3.37,0.0,0.0,69.02,16.44,16.79,17.22,0.6,
54,2026-01-17 05:00:00,4.47,2.14,0.0,0.0,74.29,15.1,15.61,16.12,0.46,
54,2026-01-17 06:00:00,5.08,2.43,6.64,0.0,77.71,14.45,14.69,14.9,0.38,
54,2026-01-17 07:00:00,5.45,2.95,160.7,0.0,78.11,14.38,14.72,15.08,0.37,
54,2026-01-17 08:00:00,5.9,3.51,333.8,0.0,74.68,15.36,15.72,16.35,0.46,
54,2026-01-17 09:00:00,6.05,3.58,583.5,0.0,65.94,16.7,17.74,18.51,0.7,
54,2026-01-17 10:00:00,7.1,4.2,762.0,0.0,57.44,19.08,20.05,21.18,1.0,
54,2026-01-17 11:00:00,8.45,4.41,894.0,0.0,48.74,21.88,22.79,23.53,1.43,
54,2026-01-17 12:00:00,7.7,4.26,980.0,0.0,42.85,24.03,24.7,25.47,1.78,
54,2026-01-17 13:00:00,8.08,4.63,1012.0,0.0,36.43,25.81,26.33,27.02,2.18,
54,2026-01-17 14:00:00,6.72,3.87,1011.0,0.0,30.99,27.52,28.18,28.76,2.64,
54,2026-01-17 15:00:00,7.02,4.06,964.0,0.0,26.95,29.18,29.54,29.96,3.02,
54,2026-01-17 16:00:00,7.62,4.34,863.0,0.0,24.15,30.07,30.23,30.4,3.26,
54,2026-01-17 17:00:00,8.68,4.65,716.4,0.0,21.09,30.47,30.64,30.76,3.47,
54,2026-01-17 18:00:00,8.68,4.82,536.0,0.0,16.54,30.47,30.6,30.79,3.66,
54,2026-01-17 19:00:00,7.62,4.75,318.2,0.0,15.63,29.73,30.04,30.25,3.59,
54,2026-01-17 20:00:00,7.48,4.52,139.6,0.0,14.5,27.29,28.28,29.28,3.29,
54,2026-01-17 21:00:00,8.15,4.14,4.58,0.0,18.36,24.93,25.64,26.52,2.69,
54,2026-01-17 22:00:00,7.62,4.38,0.0,0.0,20.11,23.71,24.15,24.6,2.41,
54,2026-01-17 23:00:00,7.92,4.16,0.0,0.0,25.79,22.36,22.83,23.35,2.07,
54,2026-01-18 00:00:00,7.02,4.11,0.0,0.0,33.04,20.75,21.37,21.89,1.71,
54,2026-01-18 01:00:00,7.02,3.62,0.0,0.0,42.42,18.98,19.64,20.31,1.32,
54,2026-01-18 02:00:00,5.9,3.21,0.0,0.0,45.18,17.57,18.16,18.73,1.14,
54,2026-01-18 03:00:00,5.38,2.91,0.0,0.0,47.64,16.56,16.85,17.2,1.0,
54,2026-01-18 04:00:00,5.0,2.75,0.0,0.0,49.5,15.49,15.89,16.27,0.91,
54,2026-01-18 05:00:00,4.25,2.09,0.0,0.0,53.23,14.5,14.77,15.12,0.79,
54,2026-01-18 06:00:00,5.15,2.62,6.15,0.0,53.93,14.23,14.42,14.56,0.76,
54,2026-01-18 07:00:00,4.1,2.08,160.4,0.0,53.3,14.3,14.62,15.09,0.78,
54,2026-01-18 08:00:00,4.1,2.07,369.5,0.0,49.57,15.35,16.09,16.76,0.92,
54,2026-01-18 09:00:00,4.1,2.23,576.1,0.0,44.8,17.2,18.01,18.85,1.14,
54,2026-01-18 10:00:00,3.5,1.81,758.7,0.0,38.45,19.41,20.35,21.46,1.48,
54,2026-01-18 11:00:00,3.72,1.44,898.0,0.0,33.94,22.07,23.14,24.28,1.88,
54,2026-01-18 12:00:00,2.9,1.06,988.0,0.0,27.9,24.77,26.06,27.71,2.44,
54,2026-01-18 13:00:00,2.82,0.98,1021.0,0.0,22.96,27.96,28.97,29.78,3.09,
54,2026-01-18 14:00:00,3.88,1.27,1007.0,0.0,22.64,30.41,31.1,31.76,3.5,
54,2026-01-18 15:00:00,2.75,1.12,973.0,0.0,19.86,32.49,32.98,33.49,4.03,
54,2026-01-18 16:00:00,3.42,1.48,869.0,0.0,19.22,33.9,34.36,34.88,4.39,
54,2026-01-18 17:00:00,6.5,1.8,714.1,0.0,19.49,34.99,35.38,35.63,4.63,
54,2026-01-18 18:00:00,3.8,1.67,530.0,0.0,22.76,34.5,35.03,35.65,4.35,
54,2026-01-18 19:00:00,2.38,0.89,322.5,0.0,27.8,33.55,33.9,34.19,3.82,
54,2026-01-18 20:00:00,3.2,1.31,129.1,0.0,26.58,28.75,31.02,33.94,3.3,
54,2026-01-18 21:00:00,3.5,1.88,3.92,0.0,26.59,25.79,26.76,27.86,2.59,
54,2026-01-18 22:00:00,3.88,2.05,0.0,0.0,29.64,24.47,24.82,25.34,2.2,
54,2026-01-18 23:00:00,3.05,1.18,0.0,0.0,34.92,21.76,23.42,24.39,1.89,
54,2026-01-19 00:00:00,1.7,0.61,0.0,0.0,47.19,19.06,20.06,20.57,1.25,
54,2026-01-19 01:00:00,1.48,0.14,0.0,0.0,62.09,16.13,16.71,17.28,0.72,
54,2026-01-19 02:00:00,1.7,0.25,0.0,0.0,67.71,15.27,15.5,15.87,0.57,
54,2026-01-19 03:00:00,1.1,0.07,0.0,0.0,76.86,13.72,14.27,15.2,0.38,
54,2026-01-19 04:00:00,1.25,0.18,0.0,0.0,80.16,13.16,13.38,13.69,0.31,
54,2026-01-19 05:00:00,1.18,0.13,0.0,0.0,83.53,12.16,12.83,13.35,0.25,
54,2026-01-19 06:00:00,0.65,0.01,4.89,0.0,84.98,11.52,11.68,11.98,0.21,
54,2026-01-19 07:00:00,1.18,0.15,118.7,0.0,77.97,11.88,13.22,15.02,0.34,
54,2026-01-19 08:00:00,1.62,0.71,319.2,0.0,55.05,15.86,17.81,19.46,0.93,
54,2026-01-19 09:00:00,1.55,0.2,508.0,0.0,44.45,20.69,22.44,23.95,1.52,
54,2026-01-19 10:00:00,2.38,0.69,699.1,0.0,37.67,24.38,24.95,25.59,1.97,
54,2026-01-19 11:00:00,2.45,0.79,762.2,0.0,34.38,26.07,26.84,27.93,2.32,
54,2026-01-19 12:00:00,2.45,0.71,876.0,0.0,29.21,28.15,29.25,30.13,2.88,
54,2026-01-19 13:00:00,4.47,1.14,960.0,0.0,26.39,30.49,31.51,32.61,3.41,
54,2026-01-19 14:00:00,3.2,1.47,948.0,0.0,24.07,32.8,33.45,34.25,3.92,
54,2026-01-19 15:00:00,2.82,1.15,869.0,0.0,20.0,34.38,34.86,35.31,4.47,
54,2026-01-19 16:00:00,3.58,0.88,726.1,0.0,20.83,35.14,35.97,36.41,4.7,
54,2026-01-19 17:00:00,2.6,0.79,555.5,0.0,24.03,35.58,35.7,35.98,4.44,
54,2026-01-19 18:00:00,4.47,2.56,444.5,0.0,27.03,32.16,32.96,34.14,3.67,
54,2026-01-19 19:00:00,4.4,2.43,251.0,0.0,28.93,29.96,30.92,31.79,3.18,
54,2026-01-19 20:00:00,5.38,3.08,85.6,0.0,37.69,25.52,27.23,29.09,2.27,
54,2026-01-19 21:00:00,4.62,2.71,2.96,0.0,48.7,22.06,23.21,24.61,1.47,
54,2026-01-19 22:00:00,4.18,1.71,0.0,0.0,54.22,20.82,21.4,21.84,1.17,
54,2026-01-19 23:00:00,2.0,0.79,0.0,0.0,59.6,19.27,20.04,20.63,0.95,
54,2026-01-20 00:00:00,1.1,0.14,0.0,0.0,69.48,17.12,17.9,18.64,0.63,
54,2026-01-20 01:00:00,1.25,0.33,0.0,0.0,77.22,15.7,16.25,16.99,0.42,
54,2026-01-20 02:00:00,0.72,0.04,0.0,0.0,83.88,14.07,14.76,15.39,0.27,
54,2026-01-20 03:00:00,0.35,0.0,0.0,0.0,85.0,13.58,13.71,13.9,0.24,
54,2026-01-20 04:00:00,0.88,0.13,0.0,0.0,87.4,12.14,12.7,13.3,0.19,
54,2026-01-20 05:00:00,1.02,0.03,0.0,0.0,88.35,12.06,12.11,12.15,0.16,
54,2026-01-20 06:00:00,0.95,0.05,3.7,0.0,88.83,11.42,11.8,12.03,0.16,
54,2026-01-20 07:00:00,1.48,0.12,94.2,0.0,87.23,11.16,11.99,12.96,0.18,
54,2026-01-20 08:00:00,1.18,0.09,259.1,0.0,74.18,14.17,15.5,16.84,0.46,
54,2026-01-20 09:00:00,1.1,0.19,461.4,0.0,59.46,17.47,19.23,20.75,0.91,
54,2026-01-20 10:00:00,2.22,0.77,645.0,0.0,54.01,21.56,22.08,22.78,1.22,
54,2026-01-20 11:00:00,2.9,0.92,769.0,0.0,46.73,23.05,24.25,25.08,1.62,
54,2026-01-20 12:00:00,3.42,1.67,865.0,0.0,43.44,25.65,26.35,27.21,1.95,
54,2026-01-20 13:00:00,4.25,1.78,897.0,0.0,36.29,27.76,28.65,29.52,2.51,
54,2026-01-20 14:00:00,4.85,2.5,902.0,0.0,37.61,29.18,29.47,29.95,2.57,
54,2026-01-20 15:00:00,4.78,2.1,887.0,0.0,37.69,29.44,29.93,30.32,2.64,
54,2026-01-20 16:00:00,4.18,1.84,790.8,0.0,36.47,30.45,30.53,30.63,2.78,
54,2026-01-20 17:00:00,3.58,1.58,639.8,0.0,36.31,30.69,30.79,31.04,2.83,
54,2026-01-20 18:00:00,5.75,2.64,394.4,0.0,37.64,28.78,29.55,30.33,2.58,
54,2026-01-20 19:00:00,4.92,2.92,254.0,0.0,41.01,26.5,27.26,28.1,2.14,
54,2026-01-20 20:00:00,4.47,2.66,96.8,0.0,45.4,23.97,24.98,25.88,1.73,
54,2026-01-20 21:00:00,4.92,2.51,3.7,0.0,51.85,21.3,22.24,23.2,1.3,
54,2026-01-20 22:00:00,4.1,2.31,0.0,0.0,58.88,18.84,19.69,20.6,0.94,
54,2026-01-20 23:00:00,2.52,1.4,0.0,0.0,68.2,16.87,17.62,18.43,0.64,
54,2026-01-21 00:00:00,0.8,0.04,0.0,0.0,77.13,15.15,15.87,16.56,0.42,
54,2026-01-21 01:00:00,0.72,0.01,0.0,0.0,82.65,13.84,14.3,14.74,0.28,
54,2026-01-21 02:00:00,0.72,0.01,0.0,0.0,86.28,12.64,13.07,13.43,0.21,
54,2026-01-21 03:00:00,0.8,0.04,0.0,0.0,89.1,12.14,12.41,12.51,0.16,
54,2026-01-21 04:00:00,1.18,0.08,0.0,0.0,90.8,11.53,11.75,11.87,0.13,
54,2026-01-21 05:00:00,2.38,0.68,0.0,0.0,89.63,11.88,12.11,12.39,0.15,
54,2026-01-21 06:00:00,1.48,0.44,4.33,0.0,91.88,11.15,11.56,12.03,0.11,
54,2026-01-21 07:00:00,2.68,0.45,124.6,0.0,90.9,11.15,11.61,12.23,0.13,
54,2026-01-21 08:00:00,3.65,1.55,313.4,0.0,83.18,12.74,13.36,13.89,0.26,
54,2026-01-21 09:00:00,3.72,2.19,521.6,0.0,71.22,14.83,15.94,16.99,0.52,
54,2026-01-21 10:00:00,3.72,2.24,698.2,0.0,64.99,17.49,17.98,18.42,0.72,
54,2026-01-21 11:00:00,3.8,1.46,843.0,0.0,56.37,18.81,19.88,20.96,1.02,
54,2026-01-21 12:00:00,3.28,1.29,947.0,0.0,47.13,21.74,22.73,23.78,1.47,
54,2026-01-21 13:00:00,3.28,1.21,982.0,0.0,39.04,24.61,25.75,26.74,2.03,
54,2026-01-21 14:00:00,2.9,1.21,986.0,0.0,31.77,28.03,28.5,29.16,2.66,
54,2026-01-21 15:00:00,3.58,1.38,941.0,0.0,29.17,29.71,30.13,30.61,3.03,
54,2026-01-21 16:00:00,4.03,1.37,813.0,0.0,28.07,31.08,31.33,31.81,3.29,
54,2026-01-21 17:00:00,5.68,3.19,672.6,0.0,31.98,29.67,30.03,30.6,2.89,
54,2026-01-21 18:00:00,5.6,3.29,495.6,0.0,31.22,27.87,28.65,29.44,2.7,
54,2026-01-21 19:00:00,5.15,3.46,294.0,0.0,31.05,25.38,26.15,26.9,2.34,
54,2026-01-21 20:00:00,5.08,2.9,114.4,0.0,36.85,22.18,23.5,24.72,1.84,
54,2026-01-21 21:00:00,4.55,2.55,3.94,0.0,46.43,19.33,20.28,21.32,1.28,
54,2026-01-21 22:00:00,3.05,1.41,0.0,0.0,58.5,16.8,17.73,18.64,0.85,
54,2026-01-21 23:00:00,1.62,0.59,0.0,0.0,70.88,14.53,15.34,16.04,0.51,
54,2026-01-22 00:00:00,1.92,0.75,0.0,0.0,78.2,13.37,13.64,13.96,0.34,
54,2026-01-22 01:00:00,1.55,0.53,0.0,0.0,79.17,13.27,13.68,13.97,0.33,
54,2026-01-22 02:00:00,0.8,0.02,0.0,0.0,84.23,11.38,12.13,12.91,0.22,
54,2026-01-22 03:00:00,0.72,0.02,0.0,0.0,86.18,10.51,11.0,11.39,0.18,
54,2026-01-22 04:00:00,0.0,0.0,0.0,0.0,91.4,9.66,9.94,10.16,0.11,
54,2026-01-22 05:00:00,0.0,0.0,0.0,0.0,90.58,9.17,9.45,9.68,0.11,
54,2026-01-22 06:00:00,0.8,0.02,3.82,0.0,93.08,8.86,9.0,9.15,0.08,
54,2026-01-22 07:00:00,0.72,0.01,118.3,0.0,90.15,9.5,10.16,11.44,0.13,
54,2026-01-22 08:00:00,2.3,0.6,307.6,0.0,75.51,12.62,14.28,16.07,0.41,
54,2026-01-22 09:00:00,3.42,1.79,532.8,0.0,62.07,16.78,17.47,18.24,0.76,
54,2026-01-22 10:00:00,3.88,1.68,715.1,0.0,56.11,18.71,19.44,20.2,0.99,
54,2026-01-22 11:00:00,3.8,1.59,863.0,0.0,50.59,20.63,21.65,22.64,1.28,
54,2026-01-22 12:00:00,3.8,1.42,955.0,0.0,40.23,23.33,24.17,25.02,1.81,
54,2026-01-22 13:00:00,4.18,1.32,990.0,0.0,34.74,25.61,26.3,27.19,2.24,
54,2026-01-22 14:00:00,3.95,1.57,988.0,0.0,32.1,27.22,28.02,28.56,2.57,
54,2026-01-22 15:00:00,3.05,1.21,947.0,0.0,29.4,28.73,29.52,30.23,2.92,
54,2026-01-22 16:00:00,4.1,1.57,840.0,0.0,26.75,30.4,30.54,30.64,3.21,
54,2026-01-22 17:00:00,4.03,1.74,688.4,0.0,25.29,30.67,31.04,31.22,3.37,
54,2026-01-22 18:00:00,4.18,1.96,506.8,0.0,24.82,30.27,30.63,31.21,3.31,
54,2026-01-22 19:00:00,4.85,1.99,308.7,0.0,27.68,29.11,30.28,31.08,3.13,
54,2026-01-22 20:00:00,5.52,2.33,120.5,0.0,35.1,25.55,27.14,28.38,2.34,
54,2026-01-22 21:00:00,3.42,1.97,5.54,0.0,39.02,21.72,22.57,23.57,1.67,
54,2026-01-22 22:00:00,3.88,1.21,0.0,0.0,45.53,18.96,20.48,21.6,1.32,
54,2026-01-22 23:00:00,0.95,0.06,0.0,0.0,58.54,16.53,17.25,18.05,0.82,
54,2026-01-23 00:00:00,1.25,0.06,0.0,0.0,70.68,13.92,14.95,15.78,0.5,
54,2026-01-23 01:00:00,0.72,0.02,0.0,0.0,77.32,12.99,13.26,13.72,0.35,
54,2026-01-23 02:00:00,1.1,0.12,0.0,0.0,80.15,11.94,12.42,12.92,0.29,
54,2026-01-23 03:00:00,0.0,0.0,0.0,0.0,84.25,10.97,11.31,11.7,0.21,
54,2026-01-23 04:00:00,0.0,0.0,0.0,0.0,85.48,10.48,10.67,10.86,0.19,
54,2026-01-23 05:00:00,0.0,0.0,0.0,0.0,85.6,10.26,10.44,10.61,0.18,
54,2026-01-23 06:00:00,0.0,0.0,4.03,0.0,88.3,9.95,10.04,10.23,0.15,
54,2026-01-23 07:00:00,0.0,0.0,140.7,0.0,81.74,9.66,11.34,13.85,0.26,
54,2026-01-23 08:00:00,2.9,0.29,340.5,0.0,64.47,14.32,16.21,18.22,0.67,
54,2026-01-23 09:00:00,2.9,0.87,545.1,0.0,52.38,18.2,19.24,20.26,1.07,
54,2026-01-23 10:00:00,2.22,0.71,723.6,0.0,47.37,20.49,21.53,22.33,1.35,
54,2026-01-23 11:00:00,2.0,0.76,868.0,0.0,41.33,23.3,24.05,24.89,1.76,
54,2026-01-23 12:00:00,2.45,0.82,950.0,0.0,36.81,25.62,26.67,27.55,2.21,
54,2026-01-23 13:00:00,2.6,0.93,982.0,0.0,31.83,28.26,29.24,29.99,2.77,
54,2026-01-23 14:00:00,3.95,1.42,975.0,0.0,27.98,30.33,30.78,31.35,3.2,
54,2026-01-23 15:00:00,3.42,1.5,934.0,0.0,25.45,32.09,32.31,32.72,3.61,
54,2026-01-23 16:00:00,4.47,1.43,827.0,0.0,23.64,32.78,33.29,33.7,3.91,
54,2026-01-23 17:00:00,6.05,2.84,677.7,0.0,27.91,31.7,32.0,32.38,3.43,
54,2026-01-23 18:00:00,6.05,3.38,494.7,0.0,26.44,29.73,30.42,31.08,3.2,
54,2026-01-23 19:00:00,5.52,3.27,297.8,0.0,25.56,27.63,28.51,29.47,2.9,
54,2026-01-23 20:00:00,5.15,3.07,111.3,0.0,28.01,24.15,25.43,26.75,2.34,
54,2026-01-23 21:00:00,4.55,2.51,3.74,0.0,35.48,21.44,22.46,23.48,1.76,
54,2026-01-23 22:00:00,3.28,1.44,0.0,0.0,50.05,18.96,19.78,20.65,1.16,
54,2026-01-23 23:00:00,1.62,0.68,0.0,0.0,60.03,16.32,17.34,18.24,0.79,
54,2026-01-24 00:00:00,1.92,0.6,0.0,0.0,63.68,15.6,16.36,16.78,0.68,
54,2026-01-24 01:00:00,1.1,0.18,0.0,0.0,70.95,14.08,14.6,15.04,0.48,
54,2026-01-24 02:00:00,0.95,0.14,0.0,0.0,75.1,13.01,13.69,14.25,0.39,
54,2026-01-24 03:00:00,0.0,0.0,0.0,0.0,80.56,12.18,12.5,12.86,0.28,
54,2026-01-24 04:00:00,1.18,0.26,0.0,0.0,81.85,11.6,11.93,12.1,0.26,
54,2026-01-24 05:00:00,0.72,0.01,0.0,0.0,86.5,10.16,10.65,11.37,0.17,
54,2026-01-24 06:00:00,0.8,0.04,3.37,0.0,88.65,9.56,9.78,10.02,0.14,
54,2026-01-24 07:00:00,1.02,0.15,133.9,0.0,83.05,9.79,11.15,12.91,0.23,
54,2026-01-24 08:00:00,1.7,0.2,330.6,0.0,65.65,14.94,16.2,17.57,0.64,
54,2026-01-24 09:00:00,2.68,1.1,533.1,0.0,54.86,18.13,18.94,19.77,0.99,
54,2026-01-24 10:00:00,3.8,1.95,706.5,0.0,49.77,20.43,21.09,21.92,1.26,
54,2026-01-24 11:00:00,3.8,1.79,857.0,0.0,41.82,22.52,23.3,24.14,1.67,
54,2026-01-24 12:00:00,3.2,1.31,951.0,0.0,37.27,25.02,25.77,26.81,2.08,
54,2026-01-24 13:00:00,3.42,1.19,993.0,0.0,32.56,26.81,27.63,28.26,2.5,
54,2026-01-24 14:00:00,3.58,1.19,992.0,0.0,30.4,28.9,29.62,30.36,2.89,
54,2026-01-24 15:00:00,4.18,1.37,947.0,0.0,27.55,30.15,30.91,31.27,3.24,
54,2026-01-24 16:00:00,3.5,1.34,844.0,0.0,25.64,31.56,32.12,32.53,3.56,
54,2026-01-24 17:00:00,5.68,2.86,694.5,0.0,27.72,30.28,30.97,31.52,3.24,
54,2026-01-24 18:00:00,5.38,3.06,511.4,0.0,28.16,28.91,29.41,29.9,2.95,
54,2026-01-24 19:00:00,5.22,3.21,310.6,0.0,27.87,26.08,27.46,28.5,2.65,
54,2026-01-24 20:00:00,5.38,3.15,122.7,0.0,33.65,22.01,23.62,25.06,1.95,
54,2026-01-24 21:00:00,4.78,2.6,4.05,0.0,47.85,18.78,19.92,21.07,1.22,
54,2026-01-24 22:00:00,4.47,2.25,0.0,0.0,60.32,16.63,17.39,18.24,0.79,
54,2026-01-24 23:00:00,2.9,1.59,0.0,0.0,67.5,15.32,15.85,16.35,0.59,
54,2026-01-25 00:00:00,2.68,1.29,0.0,0.0,73.45,14.27,14.65,14.96,0.44,
54,2026-01-25 01:00:00,2.22,1.15,0.0,0.0,75.51,13.99,14.03,14.12,0.39,
54,2026-01-25 02:00:00,1.32,0.43,0.0,0.0,78.89,13.05,13.43,13.96,0.33,
54,2026-01-25 03:00:00,1.32,0.2,0.0,0.0,82.15,12.37,12.67,13.14,0.26,
54,2026-01-25 04:00:00,0.72,0.02,0.0,0.0,85.0,11.41,11.88,12.3,0.21,
54,2026-01-25 05:00:00,0.0,0.0,0.0,0.0,88.2,10.38,10.84,11.14,0.16,
54,2026-01-25 06:00:00,0.0,0.0,2.91,0.0,87.63,10.42,10.51,10.57,0.16,
54,2026-01-25 07:00:00,0.8,0.04,124.5,0.0,84.27,10.3,11.22,12.76,0.22,
54,2026-01-25 08:00:00,1.7,0.33,325.4,0.0,67.83,14.01,15.28,16.64,0.57,
54,2026-01-25 09:00:00,3.05,1.32,528.4,0.0,56.52,17.18,18.19,19.27,0.91,
54,2026-01-25 10:00:00,5.0,2.04,707.9,0.0,48.79,19.56,20.44,21.3,1.24,
54,2026-01-25 11:00:00,4.47,2.4,848.0,0.0,42.65,21.92,22.52,23.12,1.57,
54,2026-01-25 12:00:00,4.47,2.14,976.0,0.0,36.29,23.97,24.84,25.71,2.0,
54,2026-01-25 13:00:00,4.25,1.57,730.6,0.0,35.17,25.17,25.56,26.1,2.12,
54,2026-01-25 14:00:00,4.92,2.54,780.9,0.0,39.55,23.5,24.86,25.94,1.91,
54,2026-01-25 15:00:00,5.98,3.0,387.7,0.0,44.35,22.59,22.85,23.28,1.55,
54,2026-01-25 16:00:00,5.45,3.09,354.9,0.0,45.63,21.4,21.58,21.88,1.4,
54,2026-01-25 17:00:00,6.05,2.86,285.9,0.0,47.28,20.51,20.73,20.99,1.29,
54,2026-01-25 18:00:00,4.18,2.37,234.6,0.0,47.77,20.31,20.48,20.73,1.26,
54,2026-01-25 19:00:00,3.65,1.78,202.2,0.0,47.01,20.3,20.47,20.66,1.28,
54,2026-01-25 20:00:00,2.82,0.9,168.6,0.0,50.24,19.32,20.32,20.95,1.19,
54,2026-01-25 21:00:00,1.25,0.1,6.55,0.0,63.27,16.42,17.63,18.68,0.75,
54,2026-01-25 22:00:00,3.12,1.42,0.0,0.0,61.01,16.06,16.47,16.79,0.73,
54,2026-01-25 23:00:00,3.28,1.79,0.0,0.0,65.77,14.95,15.56,16.07,0.61,
54,2026-01-26 00:00:00,3.5,1.6,0.0,0.0,72.46,13.91,14.3,14.7,0.45,
54,2026-01-26 01:00:00,1.55,0.32,0.0,0.0,78.8,12.61,13.14,13.58,0.32,
54,2026-01-26 02:00:00,1.1,0.1,0.0,0.0,85.03,11.28,11.85,12.29,0.21,
54,2026-01-26 03:00:00,1.02,0.16,0.0,0.0,85.88,11.05,11.33,11.65,0.19,
54,2026-01-26 04:00:00,0.8,0.05,0.0,0.0,88.03,10.49,10.58,10.77,0.15,
54,2026-01-26 05:00:00,0.88,0.17,0.0,0.0,88.48,10.5,10.57,10.72,0.15,
54,2026-01-26 06:00:00,0.88,0.07,2.69,0.0,89.75,9.79,10.04,10.29,0.13,
54,2026-01-26 07:00:00,0.95,0.14,121.8,0.0,88.05,9.56,10.61,12.01,0.16,
54,2026-01-26 08:00:00,1.32,0.08,318.5,0.0,70.28,13.54,15.07,16.04,0.51,
54,2026-01-26 09:00:00,2.45,0.64,520.9,0.0,58.92,16.45,17.27,17.95,0.81,
54,2026-01-26 10:00:00,2.9,0.92,698.7,0.0,52.01,18.61,19.53,20.42,1.09,
54,2026-01-26 11:00:00,2.75,1.12,839.0,0.0,46.47,20.84,21.89,22.87,1.41,
54,2026-01-26 12:00:00,2.9,1.03,931.0,0.0,41.38,23.23,24.03,24.64,1.75,
54,2026-01-26 13:00:00,2.98,1.0,966.0,0.0,38.1,25.14,25.84,26.41,2.06,
54,2026-01-26 14:00:00,3.72,1.28,961.0,0.0,35.95,26.81,27.42,28.12,2.35,
54,2026-01-26 15:00:00,3.88,1.67,922.0,0.0,34.51,28.4,28.55,28.87,2.56,
54,2026-01-26 16:00:00,3.58,1.03,828.0,0.0,32.54,29.62,29.83,30.23,2.84,
54,2026-01-26 17:00:00,3.42,1.3,692.4,0.0,35.96,29.6,29.99,30.43,2.72,
54,2026-01-26 18:00:00,5.68,2.46,463.0,0.0,35.63,28.47,28.85,29.49,2.56,
54,2026-01-26 19:00:00,4.85,2.81,299.4,0.0,36.82,27.05,27.79,28.33,2.36,
54,2026-01-26 20:00:00,4.47,2.42,114.3,0.0,41.51,23.72,25.21,26.47,1.89,
54,2026-01-26 21:00:00,4.25,2.21,2.9,0.0,47.04,21.64,22.27,22.96,1.43,
54,2026-01-26 22:00:00,3.35,1.48,0.0,0.0,52.29,19.74,20.43,21.35,1.15,
54,2026-01-26 23:00:00,1.85,0.51,0.0,0.0,62.24,17.17,18.24,19.26,0.8,
54,2026-01-27 00:00:00,0.88,0.08,0.0,0.0,71.71,15.9,16.08,16.49,0.52,
54,2026-01-27 01:00:00,0.72,0.01,0.0,0.0,73.99,14.62,15.11,15.53,0.45,
54,2026-01-27 02:00:00,0.0,0.0,0.0,0.0,82.39,13.02,13.57,14.27,0.28,
54,2026-01-27 03:00:00,0.8,0.01,0.0,0.0,84.13,12.3,12.65,12.83,0.24,
54,2026-01-27 04:00:00,0.0,0.0,0.0,0.0,86.25,11.53,11.87,12.09,0.19,
54,2026-01-27 05:00:00,0.42,0.0,0.0,0.0,88.05,11.03,11.24,11.54,0.16,
54,2026-01-27 06:00:00,0.88,0.07,2.62,0.0,89.4,10.59,10.81,11.03,0.14,
54,2026-01-27 07:00:00,0.95,0.06,127.6,0.0,84.68,10.8,12.23,13.77,0.22,
54,2026-01-27 08:00:00,1.02,0.05,325.8,0.0,68.76,15.41,16.77,17.68,0.6,
54,2026-01-27 09:00:00,2.38,0.4,529.6,0.0,57.01,18.88,19.71,20.47,0.99,
54,2026-01-27 10:00:00,2.82,0.76,731.6,0.0,48.64,21.23,22.4,23.02,1.39,
54,2026-01-27 11:00:00,2.9,1.11,990.0,0.0,42.41,24.09,24.83,25.33,1.81,
54,2026-01-27 12:00:00,3.58,1.34,1034.0,0.0,39.66,24.89,25.53,26.77,1.98,
54,2026-01-27 13:00:00,4.47,1.77,1135.0,0.0,37.22,27.27,27.77,28.21,2.35,
54,2026-01-27 14:00:00,3.88,1.63,744.2,0.0,37.7,27.14,27.64,28.14,2.31,
54,2026-01-27 15:00:00,3.28,1.16,907.0,0.0,31.82,28.59,29.42,30.24,2.8,
54,2026-01-27 16:00:00,3.88,1.43,885.0,0.0,29.01,30.36,30.69,31.26,3.14,
54,2026-01-27 17:00:00,3.88,1.17,732.4,0.0,26.4,31.34,31.46,31.74,3.4,
54,2026-01-27 18:00:00,3.8,1.69,550.0,0.0,30.09,30.19,31.19,32.03,3.19,
54,2026-01-27 19:00:00,5.6,2.96,313.0,0.0,34.88,28.69,29.23,29.73,2.65,
54,2026-01-27 20:00:00,4.7,2.28,115.2,0.0,39.62,24.67,26.59,28.02,2.11,
54,2026-01-27 21:00:00,4.25,2.08,2.56,0.0,46.43,22.61,22.95,23.58,1.5,
54,2026-01-27 22:00:00,2.9,1.51,0.0,0.0,51.18,20.13,20.95,21.85,1.22,
54,2026-01-27 23:00:00,2.08,1.13,0.0,0.0,59.56,18.58,19.08,19.69,0.9,
54,2026-01-28 00:00:00,2.6,0.88,0.0,0.0,66.8,17.38,18.17,18.61,0.69,
54,2026-01-28 01:00:00,2.3,0.81,0.0,0.0,74.78,16.14,16.94,17.27,0.49,
54,2026-01-28 02:00:00,1.78,0.82,0.0,0.0,78.61,15.97,16.03,16.11,0.39,
54,2026-01-28 03:00:00,2.3,1.3,0.0,0.0,77.75,15.61,15.89,16.13,0.4,
54,2026-01-28 04:00:00,1.55,0.48,0.0,0.0,82.6,14.02,14.97,15.43,0.3,
54,2026-01-28 05:00:00,0.8,0.01,0.0,0.0,89.5,12.31,12.67,13.25,0.16,
54,2026-01-28 06:00:00,1.02,0.07,2.28,0.0,90.1,12.16,12.46,12.75,0.15,
54,2026-01-28 07:00:00,2.0,0.34,129.6,0.0,83.75,12.32,14.16,16.33,0.27,
54,2026-01-28 08:00:00,4.32,1.81,326.6,0.0,69.55,17.51,18.38,18.96,0.65,
54,2026-01-28 09:00:00,5.98,2.92,532.0,0.0,60.5,19.64,20.9,22.18,0.99,
54,2026-01-28 10:00:00,5.75,3.21,713.0,0.0,51.55,22.74,23.64,24.61,1.42,
54,2026-01-28 11:00:00,5.6,3.18,854.0,0.0,45.57,24.93,25.89,26.87,1.82,
54,2026-01-28 12:00:00,6.12,3.48,947.0,0.0,37.46,27.62,28.53,29.4,2.44,
54,2026-01-28 13:00:00,5.98,3.21,981.0,0.0,33.35,29.74,30.54,31.27,2.92,
54,2026-01-28 14:00:00,5.38,3.04,978.0,0.0,29.26,31.66,32.22,32.81,3.41,
54,2026-01-28 15:00:00,6.28,3.02,936.0,0.0,25.09,33.03,33.45,33.76,3.86,
54,2026-01-28 16:00:00,5.6,2.92,837.0,0.0,22.2,34.18,34.42,34.55,4.24,
54,2026-01-28 17:00:00,5.6,3.08,698.7,0.0,19.57,34.59,34.72,34.83,4.46,
54,2026-01-28 18:00:00,4.18,2.48,512.3,0.0,22.01,34.23,34.61,35.02,4.3,
54,2026-01-28 19:00:00,5.82,2.66,305.6,0.0,25.09,33.13,33.58,34.06,3.9,
54,2026-01-28 20:00:00,5.52,2.21,115.5,0.0,31.6,30.65,31.9,32.88,3.25,
54,2026-01-28 21:00:00,4.55,2.05,2.72,0.0,44.33,27.24,28.28,29.45,2.14,
54,2026-01-28 22:00:00,2.98,1.39,0.0,0.0,53.2,24.63,25.29,26.57,1.51,
54,2026-01-28 23:00:00,2.38,1.17,0.0,0.0,58.77,22.71,23.44,24.23,1.19,
54,2026-01-29 00:00:00,2.82,1.04,0.0,0.0,55.86,23.27,23.91,24.25,1.31,
54,2026-01-29 01:00:00,3.5,1.05,0.0,0.0,58.16,23.18,23.64,23.99,1.23,
54,2026-01-29 02:00:00,2.08,0.59,0.0,0.0,62.58,22.52,22.52,22.52,1.02,
54,2026-01-29 06:00:00,2.0,0.5,1.93,0.0,79.86,18.67,19.17,19.61,0.45,
54,2026-01-29 07:00:00,0.88,0.05,112.5,0.0,81.09,18.29,18.72,19.23,0.41,
54,2026-01-29 08:00:00,2.0,0.45,306.7,0.0,67.1,20.4,21.94,22.87,0.88,
54,2026-01-29 09:00:00,2.75,0.77,505.9,0.0,61.55,23.24,23.72,24.0,1.13,
54,2026-01-29 10:00:00,4.25,1.51,685.9,0.0,55.81,25.34,25.9,26.34,1.48,
54,2026-01-29 11:00:00,5.0,2.25,829.0,0.0,52.21,26.59,27.18,28.0,1.72,
54,2026-01-29 12:00:00,5.15,2.27,922.0,0.0,47.84,28.63,29.51,30.36,2.16,
54,2026-01-29 13:00:00,5.0,2.01,949.0,0.0,40.28,30.6,31.55,32.85,2.78,
54,2026-01-29 14:00:00,5.52,2.62,946.0,0.0,36.2,32.77,33.12,33.59,3.23,
54,2026-01-29 15:00:00,5.38,3.03,903.0,0.0,31.14,33.58,33.77,33.98,3.62,
54,2026-01-29 16:00:00,6.42,2.83,808.0,0.0,32.92,33.66,33.96,34.1,3.56,
54,2026-01-29 17:00:00,5.3,2.45,664.4,0.0,36.75,32.42,33.23,33.57,3.23,
54,2026-01-29 18:00:00,5.08,2.98,487.4,0.0,39.92,30.5,31.1,31.52,2.72,
54,2026-01-29 19:00:00,3.72,2.33,294.8,0.0,40.8,28.96,29.8,30.53,2.49,
54,2026-01-29 20:00:00,3.88,1.98,109.7,0.0,50.32,25.46,26.74,28.02,1.75,
54,2026-01-29 21:00:00,4.03,2.33,2.09,0.0,60.27,22.35,23.42,24.48,1.15,
54,2026-01-29 22:00:00,5.15,2.95,0.0,0.0,70.17,19.61,20.57,21.53,0.73,
54,2026-01-29 23:00:00,4.32,2.22,0.0,0.0,77.55,18.34,18.73,19.18,0.49,
54,2026-01-30 00:00:00,3.28,1.76,0.0,0.0,80.67,17.96,18.08,18.24,0.4,
54,2026-01-30 01:00:00,2.38,0.99,0.0,0.0,83.55,17.38,17.64,17.86,0.33,
54,2026-01-30 02:00:00,1.48,0.19,0.0,0.0,86.13,17.0,17.1,17.24,0.27,
54,2026-01-30 03:00:00,1.48,0.33,0.0,0.0,87.25,16.44,16.54,16.73,0.24,
54,2026-01-30 04:00:00,1.1,0.14,0.0,0.0,89.2,16.1,16.34,16.46,0.2,
54,2026-01-30 05:00:00,1.85,0.44,0.0,0.0,86.45,16.41,17.29,17.98,0.27,
54,2026-01-30 06:00:00,2.68,1.21,0.4,0.0,83.48,18.2,18.23,18.26,0.35,
54,2026-01-30 07:00:00,2.68,1.46,51.75,0.0,82.25,18.24,18.31,18.45,0.37,
54,2026-01-30 08:00:00,4.1,1.88,109.7,0.0,79.17,18.63,18.76,18.97,0.45,
54,2026-01-30 09:00:00,3.88,2.12,298.2,0.0,74.88,19.19,19.55,20.13,0.57,
54,2026-01-30 10:00:00,4.03,1.86,677.9,0.0,66.67,20.43,21.0,21.75,0.83,
54,2026-01-30 11:00:00,3.05,1.02,855.0,0.0,58.52,22.15,23.08,23.87,1.18,
54,2026-01-30 12:00:00,4.1,1.46,926.0,0.0,57.42,22.92,23.9,25.06,1.27,
54,2026-01-30 13:00:00,4.32,2.23,1041.0,0.0,55.4,24.33,24.93,25.27,1.41,
54,2026-01-30 14:00:00,4.78,2.5,997.0,0.0,56.08,24.92,25.43,25.65,1.43,
54,2026-01-30 15:00:00,4.1,1.75,937.0,0.0,50.7,26.44,26.68,27.03,1.73,
54,2026-01-30 16:00:00,3.95,1.22,817.0,0.0,45.77,27.43,28.02,28.7,2.05,
54,2026-01-30 17:00:00,4.78,2.5,671.9,0.0,44.63,28.02,28.4,28.74,2.14,
54,2026-01-30 18:00:00,4.4,1.8,494.1,0.0,44.21,28.58,28.69,28.82,2.2,
54,2026-01-30 19:00:00,4.03,1.78,266.6,0.0,47.5,27.91,28.24,28.63,2.02,
54,2026-01-30 20:00:00,3.72,1.42,108.5,0.0,52.39,24.54,26.3,27.84,1.65,
54,2026-01-30 21:00:00,2.3,0.94,1.47,0.0,63.8,22.17,22.69,23.63,1.0,
54,2026-01-30 22:00:00,1.92,0.69,0.0,0.0,68.84,20.68,21.2,21.96,0.79,
54,2026-01-30 23:00:00,3.72,0.76,0.0,0.0,70.99,20.63,20.74,20.86,0.71,
54,2026-01-31 00:00:00,3.58,1.75,0.0,0.0,73.56,20.37,20.64,20.76,0.64,
54,2026-01-31 01:00:00,3.42,1.25,0.0,0.0,77.1,19.53,19.8,20.0,0.53,
54,2026-01-31 02:00:00,2.3,0.62,0.0,0.0,78.92,18.77,19.05,19.33,0.47,
54,2026-01-31 03:00:00,3.35,1.23,0.0,0.0,81.79,17.95,18.34,18.61,0.39,
54,2026-01-31 04:00:00,3.5,1.71,0.0,0.0,86.05,17.43,17.67,17.85,0.28,
54,2026-01-31 05:00:00,3.58,1.25,0.0,0.0,88.53,17.14,17.23,17.33,0.23,
54,2026-01-31 06:00:00,5.98,1.99,0.37,0.0,88.55,17.3,17.35,17.39,0.23,
54,2026-01-31 07:00:00,4.03,2.11,22.54,0.0,87.7,17.4,17.54,17.72,0.25,
54,2026-01-31 08:00:00,3.88,2.09,41.16,0.0,88.0,17.6,17.72,17.81,0.25,
54,2026-01-31 09:00:00,3.72,1.9,71.28,0.0,86.83,17.77,17.84,18.03,0.27,
54,2026-01-31 10:00:00,4.1,2.08,164.5,0.0,80.34,18.24,18.63,19.08,0.42,
54,2026-01-31 11:00:00,3.5,1.82,234.2,0.0,74.93,19.28,19.63,19.94,0.57,
54,2026-01-31 12:00:00,2.68,0.89,716.2,0.0,66.45,20.49,21.57,22.62,0.87,
54,2026-01-31 13:00:00,3.8,1.41,983.0,0.0,58.77,22.55,23.5,24.24,1.2,
54,2026-01-31 14:00:00,3.12,1.48,1006.0,0.0,51.87,25.2,25.72,25.98,1.59,
54,2026-01-31 15:00:00,4.1,1.61,931.0,0.0,47.79,26.35,27.4,27.97,1.91,
54,2026-01-31 16:00:00,4.62,1.97,816.0,0.0,45.15,28.15,28.72,29.15,2.16,
54,2026-01-31 17:00:00,4.1,2.12,672.4,0.0,42.76,29.42,29.63,29.85,2.38,
54,2026-01-31 18:00:00,3.28,1.76,469.1,0.0,43.0,28.93,29.39,29.79,2.34,
54,2026-01-31 19:00:00,2.9,1.22,213.4,0.0,51.12,27.19,28.3,29.05,1.89,
54,2026-01-31 20:00:00,3.65,0.69,52.59,0.0,59.48,25.52,26.25,27.02,1.38,
54,2026-01-31 21:00:00,4.7,2.54,3.53,0.0,55.83,23.07,23.92,25.03,1.32,
54,2026-01-31 22:00:00,4.32,2.64,0.0,0.0,59.66,21.86,22.29,22.65,1.08,
54,2026-01-31 23:00:00,3.28,1.78,0.0,0.0,65.47,20.64,21.02,21.55,0.86,
54,2026-02-01 00:00:00,2.0,0.5,0.0,0.0,71.88,18.97,19.74,20.4,0.65,
54,2026-02-01 01:00:00,1.78,0.75,0.0,0.0,76.18,18.88,18.91,18.99,0.52,
54,2026-02-01 02:00:00,1.78,0.45,0.0,0.0,78.07,17.96,18.38,18.82,0.46,
54,2026-02-01 03:00:00,2.0,0.59,0.0,0.0,83.33,16.79,17.37,17.8,0.33,
54,2026-02-01 04:00:00,1.55,0.19,0.0,0.0,86.43,16.38,16.56,16.83,0.25,
54,2026-02-01 05:00:00,0.72,0.01,0.0,0.0,89.03,15.55,15.8,16.07,0.2,
54,2026-02-01 06:00:00,0.88,0.07,1.16,0.0,90.2,14.77,15.03,15.22,0.17,
54,2026-02-01 07:00:00,1.1,0.08,99.6,0.0,87.48,14.82,15.69,16.86,0.23,
54,2026-02-01 08:00:00,2.0,0.56,294.7,0.0,73.58,17.66,18.48,19.42,0.57,
54,2026-02-01 09:00:00,1.4,0.46,494.7,0.0,64.14,19.99,21.17,22.42,0.91,
54,2026-02-01 10:00:00,2.08,0.68,674.9,0.0,55.09,23.31,24.03,24.56,1.34,
54,2026-02-01 11:00:00,2.45,0.64,815.0,0.0,48.79,25.31,26.35,27.47,1.76,
54,2026-02-01 12:00:00,2.45,0.8,905.0,0.0,43.5,27.62,28.55,29.68,2.21,
54,2026-02-01 13:00:00,3.35,1.42,944.0,0.0,40.64,29.62,30.08,30.7,2.53,
54,2026-02-01 14:00:00,3.88,1.36,946.0,0.0,38.86,31.16,31.97,32.74,2.91,
54,2026-02-01 15:00:00,4.03,1.17,911.0,0.0,34.5,32.66,33.27,33.81,3.35,
54,2026-02-01 16:00:00,3.12,0.97,539.9,0.0,35.81,31.51,32.29,33.39,3.1,
54,2026-02-01 17:00:00,6.05,2.94,559.4,0.0,43.29,30.58,31.49,32.07,2.62,
54,2026-02-01 18:00:00,6.2,3.48,503.1,0.0,41.64,30.26,30.63,30.87,2.57,
54,2026-02-01 19:00:00,6.2,3.54,344.0,0.0,43.82,27.9,28.84,29.65,2.23,
54,2026-02-01 20:00:00,5.98,3.46,110.4,0.0,48.69,24.8,26.1,27.51,1.74,
54,2026-02-01 21:00:00,4.55,2.55,1.69,0.0,51.72,22.81,23.53,24.34,1.4,
54,2026-02-01 22:00:00,5.22,2.32,0.0,0.0,53.69,22.13,22.38,22.59,1.25,
54,2026-02-01 23:00:00,3.42,1.9,0.0,0.0,56.03,21.28,21.62,21.93,1.14,
54,2026-02-02 00:00:00,2.75,1.19,0.0,0.0,61.96,19.37,20.0,20.73,0.89,
54,2026-02-02 01:00:00,1.85,0.66,0.0,0.0,62.41,18.66,19.16,19.5,0.83,
54,2026-02-02 02:00:00,2.08,1.09,0.0,0.0,63.04,18.16,18.28,18.35,0.78,
54,2026-02-02 03:00:00,1.92,0.69,0.0,0.0,72.05,16.02,17.09,17.91,0.55,
54,2026-02-02 04:00:00,1.02,0.06,0.0,0.0,81.5,14.86,15.27,15.58,0.32,
54,2026-02-02 05:00:00,0.88,0.03,0.0,0.0,83.9,14.12,14.63,14.9,0.27,
54,2026-02-02 06:00:00,0.0,0.0,1.1,0.0,87.65,13.08,13.61,13.95,0.19,
54,2026-02-02 07:00:00,2.38,0.18,102.2,0.0,85.34,12.91,13.63,14.98,0.23,
54,2026-02-02 08:00:00,3.88,2.19,306.0,0.0,73.02,16.04,16.8,17.52,0.52,
54,2026-02-02 09:00:00,4.1,2.29,507.2,0.0,66.06,17.96,18.74,19.7,0.74,
54,2026-02-02 10:00:00,2.9,1.43,671.9,0.0,55.22,20.45,21.31,21.95,1.14,
54,2026-02-02 11:00:00,3.2,1.11,819.0,0.0,48.57,22.04,22.77,23.93,1.43,
54,2026-02-02 12:00:00,4.47,1.72,941.0,0.0,43.49,24.57,25.35,26.45,1.83,
54,2026-02-02 13:00:00,6.42,2.36,1089.0,0.0,45.2,26.57,27.02,27.37,1.96,
54,2026-02-02 14:00:00,5.3,2.91,1011.0,0.0,45.91,26.55,26.97,27.51,1.92,
54,2026-02-02 15:00:00,5.15,2.51,962.0,0.0,50.22,27.37,27.63,27.96,1.84,
54,2026-02-02 16:00:00,5.15,2.52,569.8,0.0,51.39,26.98,27.2,27.41,1.75,
54,2026-02-02 17:00:00,5.68,3.39,596.5,0.0,52.02,26.2,26.75,27.37,1.69,
54,2026-02-02 18:00:00,6.2,3.31,385.1,0.0,57.48,24.28,24.85,25.67,1.34,
54,2026-02-02 19:00:00,6.35,3.39,141.8,0.0,58.99,23.18,23.61,23.92,1.2,
54,2026-02-02 20:00:00,6.28,3.75,65.27,0.0,65.19,20.82,21.7,22.61,0.91,
54,2026-02-02 21:00:00,5.45,3.47,0.99,0.0,68.27,20.23,20.48,20.71,0.76,
54,2026-02-02 22:00:00,4.62,2.62,0.0,0.0,70.68,19.72,19.87,20.04,0.68,
54,2026-02-02 23:00:00,5.3,2.5,0.0,0.0,73.35,19.31,19.39,19.54,0.6,
54,2026-02-03 00:00:00,2.45,1.12,0.0,0.0,75.78,18.81,18.96,19.17,0.53,
54,2026-02-03 01:00:00,2.82,0.53,0.0,0.0,74.75,19.08,19.18,19.29,0.56,
54,2026-02-03 02:00:00,2.75,1.31,0.0,0.0,73.84,19.13,19.19,19.24,0.58,
54,2026-02-03 03:00:00,3.2,1.05,0.0,0.0,76.96,18.85,19.03,19.25,0.51,
54,2026-02-03 04:00:00,3.35,1.59,0.0,0.0,81.9,17.86,18.0,18.16,0.38,
54,2026-02-03 05:00:00,2.9,1.38,0.0,0.0,72.15,18.6,18.72,18.89,0.6,
54,2026-02-03 06:00:00,2.38,0.3,0.38,0.0,76.25,17.98,18.37,18.67,0.51,
54,2026-02-03 07:00:00,3.65,0.36,51.34,0.0,74.29,17.95,18.43,19.05,0.55,
54,2026-02-03 08:00:00,4.18,1.75,182.3,0.0,69.96,19.15,19.68,20.0,0.69,
54,2026-02-03 09:00:00,5.9,3.18,398.9,0.0,66.11,20.24,20.73,21.42,0.83,
54,2026-02-03 10:00:00,5.3,3.11,536.6,0.0,62.72,21.27,21.57,22.1,0.96,
54,2026-02-03 11:00:00,5.6,2.91,717.1,0.0,58.84,22.62,23.0,23.52,1.16,
54,2026-02-03 12:00:00,5.6,3.14,596.2,0.0,57.15,22.68,23.26,23.64,1.22,
54,2026-02-03 13:00:00,5.68,3.15,797.9,0.0,53.09,23.88,24.12,24.26,1.41,
54,2026-02-03 14:00:00,5.3,2.41,674.1,0.0,54.45,24.37,24.61,25.12,1.41,
54,2026-02-03 15:00:00,4.62,2.29,857.0,0.0,50.64,25.08,25.22,25.43,1.59,
54,2026-02-03 16:00:00,5.68,3.31,882.0,0.0,48.61,25.86,26.13,26.31,1.74,
54,2026-02-03 17:00:00,5.45,3.03,803.0,0.0,48.08,25.53,26.09,26.58,1.75,
54,2026-02-03 18:00:00,5.0,2.95,549.8,0.0,49.31,24.74,25.43,25.95,1.65,
54,2026-02-03 19:00:00,5.08,3.11,216.5,0.0,54.39,23.34,23.73,24.44,1.34,
54,2026-02-03 20:00:00,4.55,2.39,62.13,0.0,58.89,22.09,22.44,22.95,1.12,
54,2026-02-03 21:00:00,3.8,1.95,0.5,0.0,61.02,21.16,21.49,21.97,1.0,
54,2026-02-03 22:00:00,3.5,1.71,0.0,0.0,63.31,20.02,20.55,20.95,0.89,
54,2026-02-03 23:00:00,2.15,0.76,0.0,0.0,71.66,19.03,19.38,19.79,0.64,
54,2026-02-04 00:00:00,0.95,0.06,0.0,0.0,77.66,18.49,18.69,18.88,0.48,
54,2026-02-04 01:00:00,1.62,0.29,0.0,0.0,76.95,18.27,18.35,18.54,0.49,
54,2026-02-04 02:00:00,1.85,0.83,0.0,0.0,80.94,17.33,17.7,18.0,0.39,
54,2026-02-04 03:00:00,2.0,0.78,0.0,0.0,81.38,17.36,17.75,17.96,0.38,
54,2026-02-04 04:00:00,1.55,0.35,0.0,0.0,83.65,16.96,17.33,17.64,0.33,
54,2026-02-04 05:00:00,2.68,0.75,0.0,0.0,82.58,17.28,17.32,17.39,0.35,
54,2026-02-04 06:00:00,1.48,0.14,0.43,0.0,84.65,16.88,17.19,17.6,0.31,
54,2026-02-04 07:00:00,1.1,0.06,25.49,0.0,86.03,16.94,17.02,17.23,0.27,
54,2026-02-04 08:00:00,0.65,0.01,53.99,0.0,81.38,17.57,17.96,18.26,0.38,
54,2026-02-04 09:00:00,2.9,0.94,231.6,0.0,75.03,18.61,19.06,19.32,0.55,
54,2026-02-04 10:00:00,4.25,1.94,283.0,0.0,73.7,19.09,19.44,19.67,0.6,
54,2026-02-04 11:00:00,4.1,2.53,530.1,0.0,73.12,18.85,19.31,19.66,0.6,
54,2026-02-04 12:00:00,4.32,2.68,372.6,0.0,76.29,18.65,18.87,19.09,0.52,
54,2026-02-04 13:00:00,4.62,2.45,366.6,0.0,75.86,18.72,18.89,19.14,0.53,
54,2026-02-04 14:00:00,3.28,1.78,428.6,0.0,73.23,19.43,19.76,20.02,0.62,
54,2026-02-04 15:00:00,3.2,1.68,194.5,0.0,74.03,19.43,19.61,19.83,0.59,
54,2026-02-04 16:00:00,3.58,1.83,311.0,0.0,80.63,19.25,19.37,19.51,0.43,
54,2026-02-04 17:00:00,3.05,1.98,210.4,0.0,82.75,19.0,19.02,19.09,0.38,
54,2026-02-04 18:00:00,2.68,1.14,203.2,0.0,77.7,19.13,19.4,19.6,0.5,
54,2026-02-04 19:00:00,2.3,0.63,69.76,0.0,76.3,19.33,19.42,19.59,0.54,
54,2026-02-04 20:00:00,2.22,0.68,22.09,0.0,78.09,18.76,18.97,19.15,0.48,
54,2026-02-04 21:00:00,1.92,0.43,0.2,0.0,82.95,18.22,18.37,18.52,0.36,
54,2026-02-04 22:00:00,1.85,0.56,0.0,0.0,83.88,17.89,17.99,18.07,0.34,
54,2026-02-04 23:00:00,2.45,0.67,0.0,0.0,86.73,17.64,17.72,17.82,0.27,
54,2026-02-05 00:00:00,2.08,0.81,0.0,0.0,87.95,17.2,17.46,17.65,0.24,
54,2026-02-05 01:00:00,1.48,0.18,0.0,0.0,85.35,16.77,16.93,17.02,0.28,
54,2026-02-05 02:00:00,1.02,0.09,0.0,0.0,88.4,16.55,16.6,16.67,0.22,
54,2026-02-05 03:00:00,1.4,0.16,0.0,0.0,91.08,16.36,16.44,16.51,0.17,
54,2026-02-05 04:00:00,0.72,0.03,0.0,0.0,91.95,16.4,16.47,16.57,0.15,
54,2026-02-05 05:00:00,1.7,0.18,0.0,0.0,92.98,16.3,16.35,16.39,0.13,
54,2026-02-05 06:00:00,2.82,0.76,0.24,0.0,91.83,16.39,16.41,16.44,0.15,
54,2026-02-05 07:00:00,2.45,1.1,19.85,0.0,90.7,16.37,16.39,16.42,0.17,
54,2026-02-05 08:00:00,3.12,1.21,114.9,0.0,86.93,16.55,16.84,17.13,0.25,
54,2026-02-05 09:00:00,4.1,2.4,176.3,0.0,81.7,17.23,17.53,17.71,0.37,
54,2026-02-05 10:00:00,4.25,2.45,343.5,0.0,77.44,17.72,17.99,18.21,0.47,
54,2026-02-05 11:00:00,3.88,2.13,418.5,0.0,71.08,18.68,19.01,19.47,0.64,
54,2026-02-05 12:00:00,3.5,1.75,358.8,0.0,65.19,19.48,19.84,20.08,0.81,
54,2026-02-05 13:00:00,2.75,1.26,688.9,0.0,54.34,20.59,21.68,22.87,1.19,
54,2026-02-05 14:00:00,4.18,1.03,780.4,0.0,51.45,23.54,23.6,23.65,1.42,
54,2026-02-05 15:00:00,2.6,1.18,456.7,0.0,49.35,23.76,24.07,24.61,1.52,
54,2026-02-05 16:00:00,5.38,0.91,449.4,0.0,43.12,24.84,24.99,25.2,1.8,
54,2026-02-05 17:00:00,5.15,1.74,776.6,0.0,39.2,25.44,26.51,27.23,2.11,
54,2026-02-05 18:00:00,4.55,1.67,577.7,0.0,35.88,26.62,26.9,27.1,2.27,
54,2026-02-05 19:00:00,5.08,2.08,292.4,0.0,38.76,25.41,25.97,26.43,2.06,
54,2026-02-05 20:00:00,3.58,1.58,99.2,0.0,43.37,22.5,23.83,24.93,1.68,
54,2026-02-05 21:00:00,2.75,1.38,1.19,0.0,48.66,21.38,21.52,21.78,1.32,
54,2026-02-05 22:00:00,4.1,2.04,0.0,0.0,49.99,20.41,21.1,21.53,1.25,
54,2026-02-05 23:00:00,3.42,1.9,0.0,0.0,56.41,18.52,19.33,20.05,0.98,
54,2026-02-06 00:00:00,3.65,1.87,0.0,0.0,59.77,17.82,17.95,18.18,0.83,
54,2026-02-06 01:00:00,4.18,2.45,0.0,0.0,57.29,16.76,17.21,17.64,0.84,
54,2026-02-06 02:00:00,5.22,2.94,0.0,0.0,57.25,15.64,16.1,16.49,0.78,
54,2026-02-06 03:00:00,4.85,2.69,0.0,0.0,62.93,14.51,14.89,15.28,0.63,
54,2026-02-06 04:00:00,4.03,1.53,0.0,0.0,66.73,13.3,13.77,14.23,0.53,
54,2026-02-06 05:00:00,3.12,1.08,0.0,0.0,69.76,12.32,12.68,13.03,0.45,
54,2026-02-06 06:00:00,3.28,1.31,0.64,0.0,73.31,11.49,11.8,12.11,0.37,
54,2026-02-06 07:00:00,5.08,2.1,107.5,0.0,72.56,11.21,11.52,11.95,0.37,
54,2026-02-06 08:00:00,5.52,2.95,310.2,0.0,63.97,12.31,13.2,14.13,0.55,
54,2026-02-06 09:00:00,5.82,3.32,519.8,0.0,57.16,14.55,15.35,16.26,0.75,
54,2026-02-06 10:00:00,5.08,2.81,703.7,0.0,51.77,16.74,17.6,18.39,0.97,
54,2026-02-06 11:00:00,4.92,2.6,847.0,0.0,46.67,18.92,19.85,20.78,1.24,
54,2026-02-06 12:00:00,4.92,2.45,942.0,0.0,39.01,21.85,22.7,23.62,1.69,
54,2026-02-06 13:00:00,5.22,2.73,981.0,0.0,30.61,24.31,25.28,26.17,2.24,
54,2026-02-06 14:00:00,4.85,2.48,982.0,0.0,23.48,26.89,27.46,28.11,2.8,
54,2026-02-06 15:00:00,4.7,2.79,940.0,0.0,15.42,28.28,28.9,29.29,3.37,
54,2026-02-06 16:00:00,5.22,2.58,845.0,0.0,13.72,29.5,29.8,30.06,3.62,
54,2026-02-06 17:00:00,5.82,2.39,694.8,0.0,14.56,30.16,30.27,30.35,3.68,
54,2026-02-06 18:00:00,4.85,2.49,508.7,0.0,15.23,29.66,29.93,30.12,3.58,
54,2026-02-06 19:00:00,5.52,2.65,301.6,0.0,17.1,28.24,28.77,29.39,3.28,
54,2026-02-06 20:00:00,3.72,1.72,107.8,0.0,19.04,24.37,26.27,27.72,2.78,
54,2026-02-06 21:00:00,3.8,1.68,1.15,0.0,24.53,22.59,22.9,23.2,2.11,
54,2026-02-06 22:00:00,4.03,2.45,0.0,0.0,27.8,21.81,22.41,23.03,1.96,
54,2026-02-06 23:00:00,3.8,2.0,0.0,0.0,35.13,19.81,20.54,21.22,1.57,
54,2026-02-07 00:00:00,3.95,2.13,0.0,0.0,41.84,18.57,19.09,19.77,1.29,
54,2026-02-07 01:00:00,3.88,1.82,0.0,0.0,47.19,17.48,17.83,18.23,1.08,
54,2026-02-07 02:00:00,3.42,1.75,0.0,0.0,54.16,16.24,16.57,17.06,0.87,
54,2026-02-07 03:00:00,4.92,2.4,0.0,0.0,63.12,15.36,15.64,15.94,0.66,
54,2026-02-07 04:00:00,4.32,1.12,0.0,0.0,72.07,13.41,14.29,15.13,0.46,
54,2026-02-07 05:00:00,2.98,0.92,0.0,0.0,73.88,12.83,13.46,13.82,0.41,
54,2026-02-07 06:00:00,1.48,0.21,0.59,0.0,78.85,11.87,12.39,12.95,0.3,
54,2026-02-07 07:00:00,2.22,1.07,107.6,0.0,76.29,11.51,12.44,13.48,0.35,
54,2026-02-07 08:00:00,3.88,1.6,312.1,0.0,65.39,14.19,15.13,15.93,0.6,
54,2026-02-07 09:00:00,3.8,2.15,522.1,0.0,59.3,16.1,16.95,17.71,0.79,
54,2026-02-07 10:00:00,3.5,1.68,709.8,0.0,51.16,18.37,19.4,20.61,1.1,
54,2026-02-07 11:00:00,3.8,1.63,856.0,0.0,41.86,21.06,22.46,23.82,1.59,
54,2026-02-07 12:00:00,4.55,1.93,951.0,0.0,33.78,24.36,25.34,26.3,2.15,
54,2026-02-07 13:00:00,3.95,1.38,986.0,0.0,24.87,27.37,27.99,28.62,2.84,
54,2026-02-07 14:00:00,3.95,1.2,985.0,0.0,21.52,29.44,29.76,30.46,3.28,
54,2026-02-07 15:00:00,4.32,1.31,933.0,0.0,14.8,30.22,31.27,31.95,3.89,
54,2026-02-07 16:00:00,4.18,1.33,834.0,0.0,15.53,32.07,32.62,33.03,4.16,
54,2026-02-07 17:00:00,5.22,1.55,679.2,0.0,19.73,32.01,32.61,33.36,3.96,
54,2026-02-07 18:00:00,5.6,3.32,499.2,0.0,19.33,29.54,30.54,31.39,3.53,
54,2026-02-07 19:00:00,5.9,3.37,292.8,0.0,23.94,26.59,27.88,28.96,2.86,
54,2026-02-07 20:00:00,5.98,3.3,100.8,0.0,36.95,21.68,23.76,25.56,1.87,
54,2026-02-07 21:00:00,5.22,3.13,0.98,0.0,50.62,18.49,19.53,20.64,1.13,
54,2026-02-07 22:00:00,4.25,2.01,0.0,0.0,61.53,16.26,17.25,18.12,0.76,
54,2026-02-07 23:00:00,2.15,0.82,0.0,0.0,70.8,14.42,15.12,15.82,0.51,
54,2026-02-08 00:00:00,2.15,0.94,0.0,0.0,76.35,14.37,14.61,14.78,0.39,
54,2026-02-08 01:00:00,0.88,0.06,0.0,0.0,83.68,11.94,12.74,13.43,0.25,
54,2026-02-08 02:00:00,0.8,0.04,0.0,0.0,87.08,10.25,10.91,11.43,0.17,
54,2026-02-08 03:00:00,0.0,0.0,0.0,0.0,88.93,10.02,10.07,10.13,0.14,
54,2026-02-08 04:00:00,0.5,0.0,0.0,0.0,90.15,9.03,9.42,10.05,0.12,
54,2026-02-08 05:00:00,0.0,0.0,0.0,0.0,90.8,8.6,8.79,8.96,0.1,
54,2026-02-08 06:00:00,0.8,0.01,0.43,0.0,91.85,8.08,8.27,8.56,0.09,
54,2026-02-08 07:00:00,0.42,0.01,116.8,0.0,88.65,7.88,9.0,10.91,0.13,
54,2026-02-08 08:00:00,1.18,0.08,302.1,0.0,77.82,12.46,13.76,14.92,0.35,
54,2026-02-08 09:00:00,2.45,0.52,530.8,0.0,67.71,16.13,17.27,18.12,0.64,
54,2026-02-08 10:00:00,2.98,1.15,658.0,0.0,61.03,18.15,18.74,19.36,0.84,
54,2026-02-08 11:00:00,2.75,0.91,828.0,0.0,54.43,19.99,20.77,21.35,1.12,
54,2026-02-08 12:00:00,5.45,1.21,924.0,0.0,46.9,22.25,22.87,23.5,1.48,
54,2026-02-08 13:00:00,8.9,1.87,955.0,0.0,42.69,23.99,24.61,25.17,1.78,
54,2026-02-08 14:00:00,4.47,1.52,954.0,0.0,36.89,25.41,26.09,26.91,2.14,
54,2026-02-08 15:00:00,3.8,1.26,911.0,0.0,34.32,27.09,27.64,28.36,2.43,
54,2026-02-08 16:00:00,3.65,1.63,772.8,0.0,34.81,27.92,28.2,28.58,2.5,
54,2026-02-08 17:00:00,5.68,2.12,712.7,0.0,35.66,28.15,28.57,29.29,2.52,
54,2026-02-08 18:00:00,6.65,3.92,578.5,0.0,37.08,26.42,27.06,27.92,2.25,
54,2026-02-08 19:00:00,5.9,3.17,279.3,0.0,39.82,24.77,25.53,26.21,1.97,
54,2026-02-08 20:00:00,5.45,2.58,94.0,0.0,46.85,22.21,23.33,24.38,1.53,
54,2026-02-08 21:00:00,4.18,1.38,0.75,0.0,55.51,19.53,20.74,21.67,1.09,
54,2026-02-08 22:00:00,2.98,1.22,0.0,0.0,62.64,18.22,18.93,19.39,0.82,
54,2026-02-08 23:00:00,1.85,0.5,0.0,0.0,71.97,16.25,17.19,17.94,0.55,
54,2026-02-09 00:00:00,1.32,0.29,0.0,0.0,78.89,15.27,15.79,16.17,0.38,
54,2026-02-09 01:00:00,0.72,0.01,0.0,0.0,84.4,14.05,14.39,14.84,0.26,
54,2026-02-09 02:00:00,1.25,0.15,0.0,0.0,85.3,13.85,14.08,14.26,0.24,
54,2026-02-09 03:00:00,1.02,0.04,0.0,0.0,87.18,13.07,13.42,13.89,0.2,
54,2026-02-09 04:00:00,1.32,0.17,0.0,0.0,89.53,12.31,12.47,12.7,0.15,
54,2026-02-09 05:00:00,0.72,0.03,0.0,0.0,92.08,11.79,11.86,11.96,0.11,
54,2026-02-09 06:00:00,1.4,0.19,0.39,0.0,91.35,11.51,11.88,12.39,0.12,
54,2026-02-09 07:00:00,0.72,0.01,107.1,0.0,88.8,11.54,12.2,13.43,0.16,
54,2026-02-09 08:00:00,3.95,1.25,287.2,0.0,77.4,14.83,15.86,16.91,0.41,
54,2026-02-09 09:00:00,4.62,2.47,490.7,0.0,69.87,17.37,18.3,19.04,0.64,
54,2026-02-09 10:00:00,4.85,2.61,671.0,0.0,61.0,19.96,20.76,21.75,0.96,
54,2026-02-09 11:00:00,5.15,3.09,814.0,0.0,52.09,22.24,23.02,23.8,1.35,
54,2026-02-09 12:00:00,5.3,2.8,909.0,0.0,43.38,24.14,24.82,25.36,1.78,
54,2026-02-09 13:00:00,4.47,2.0,941.0,0.0,38.53,26.02,26.69,27.35,2.15,
54,2026-02-09 14:00:00,4.7,2.24,941.0,0.0,35.39,27.46,28.05,28.43,2.45,
54,2026-02-09 15:00:00,5.0,1.88,891.0,0.0,32.24,28.66,29.25,29.65,2.75,
54,2026-02-09 16:00:00,4.92,1.9,802.0,0.0,30.96,29.54,29.87,30.09,2.91,
54,2026-02-09 17:00:00,5.22,2.07,669.5,0.0,27.79,29.71,30.36,30.66,3.13,
54,2026-02-09 18:00:00,5.6,1.8,463.1,0.0,32.88,28.43,29.38,30.24,2.75,
54,2026-02-09 19:00:00,5.98,3.46,293.2,0.0,37.02,27.26,28.25,29.27,2.42,
54,2026-02-09 20:00:00,5.0,2.7,90.8,0.0,43.41,24.03,25.38,26.64,1.84,
54,2026-02-09 21:00:00,4.18,2.21,0.63,0.0,48.43,21.39,22.41,23.36,1.4,
54,2026-02-09 22:00:00,3.8,1.75,0.0,0.0,55.58,19.15,19.88,20.67,1.03,
54,2026-02-09 23:00:00,2.82,1.02,0.0,0.0,58.91,17.44,18.21,18.8,0.86,
54,2026-02-10 00:00:00,1.55,0.2,0.0,0.0,68.86,15.46,15.88,16.62,0.56,
54,2026-02-10 01:00:00,1.18,0.3,0.0,0.0,72.59,14.23,14.62,14.94,0.46,
54,2026-02-10 02:00:00,0.72,0.02,0.0,0.0,76.97,13.42,13.8,14.27,0.37,
54,2026-02-10 03:00:00,0.0,0.0,0.0,0.0,81.65,12.64,12.75,12.93,0.27,
54,2026-02-10 04:00:00,1.55,0.26,0.0,0.0,81.09,12.57,12.84,13.26,0.28,
54,2026-02-10 05:00:00,2.52,1.16,0.0,0.0,75.87,13.62,14.17,14.45,0.39,
54,2026-02-10 06:00:00,2.38,0.36,0.22,0.0,79.15,12.75,13.38,14.1,0.32,
54,2026-02-10 07:00:00,0.95,0.13,55.27,0.0,85.38,11.31,11.72,12.21,0.2,
54,2026-02-10 08:00:00,5.22,2.01,293.4,0.0,68.74,14.06,15.35,16.19,0.55,
54,2026-02-10 09:00:00,4.25,2.61,498.6,0.0,57.16,16.79,17.52,18.08,0.86,
54,2026-02-10 10:00:00,4.32,1.84,686.6,0.0,47.81,18.69,19.66,20.55,1.2,
54,2026-02-10 11:00:00,3.5,1.68,834.0,0.0,39.41,20.82,21.71,22.65,1.58,
54,2026-02-10 12:00:00,4.25,1.96,933.0,0.0,33.47,22.64,23.1,23.6,1.88,
54,2026-02-10 13:00:00,5.45,2.02,966.0,0.0,30.59,23.93,24.41,24.81,2.12,
54,2026-02-10 14:00:00,4.85,1.89,963.0,0.0,27.15,25.22,25.84,26.3,2.43,
54,2026-02-10 15:00:00,6.72,2.42,961.0,0.0,24.77,26.66,27.07,27.48,2.69,
54,2026-02-10 16:00:00,7.48,4.19,822.0,0.0,29.5,26.52,26.72,26.97,2.48,
54,2026-02-10 17:00:00,7.55,4.67,669.2,0.0,31.1,25.11,25.64,25.99,2.27,
54,2026-02-10 18:00:00,8.0,4.39,486.0,0.0,36.14,23.66,24.17,24.81,1.93,
54,2026-02-10 19:00:00,7.4,4.43,296.4,0.0,45.43,21.75,22.53,23.1,1.5,
54,2026-02-10 20:00:00,7.18,3.1,60.68,0.0,62.48,18.59,19.24,20.03,0.84,
54,2026-02-10 21:00:00,3.8,0.94,0.45,0.0,67.1,17.35,17.88,18.24,0.68,
54,2026-02-10 22:00:00,1.1,0.11,0.0,0.0,74.89,16.03,16.39,16.81,0.47,
54,2026-02-10 23:00:00,1.1,0.07,0.0,0.0,80.16,14.66,15.31,15.8,0.35,
54,2026-02-11 00:00:00,0.95,0.04,0.0,0.0,84.75,13.1,13.69,14.47,0.24,
54,2026-02-11 01:00:00,0.95,0.13,0.0,0.0,86.35,11.73,12.42,12.95,0.2,
54,2026-02-11 02:00:00,0.95,0.1,0.0,0.0,88.38,11.36,12.08,12.58,0.17,
54,2026-02-11 03:00:00,1.1,0.04,0.0,0.0,89.48,10.75,11.15,11.56,0.14,
54,2026-02-11 04:00:00,1.55,0.3,0.0,0.0,92.3,10.6,10.88,11.17,0.1,
54,2026-02-11 05:00:00,1.48,0.21,0.0,0.0,92.98,10.43,10.74,10.97,0.09,
54,2026-02-11 06:00:00,1.62,0.33,0.11,0.0,94.8,10.49,10.79,10.94,0.07,
54,2026-02-11 07:00:00,1.4,0.18,19.32,0.0,94.48,10.25,10.55,10.83,0.07,
54,2026-02-11 08:00:00,3.88,1.52,139.3,0.0,91.88,10.84,11.78,12.54,0.12,
54,2026-02-11 09:00:00,5.15,3.05,507.4,0.0,71.41,13.18,15.06,16.38,0.5,
54,2026-02-11 10:00:00,6.05,3.56,686.0,0.0,53.19,17.01,17.71,18.23,0.95,
54,2026-02-11 11:00:00,6.2,3.41,843.0,0.0,41.18,18.74,19.47,20.16,1.34,
54,2026-02-11 12:00:00,6.5,3.42,926.0,0.0,34.35,20.5,20.99,21.34,1.63,
54,2026-02-11 13:00:00,6.28,3.53,961.0,0.0,30.2,21.77,22.12,22.37,1.86,
54,2026-02-11 14:00:00,6.2,3.61,987.0,0.0,29.6,22.43,22.96,23.29,1.97,
54,2026-02-11 15:00:00,7.85,4.11,929.0,0.0,27.97,22.78,23.26,23.68,2.06,
54,2026-02-11 16:00:00,6.2,3.37,590.4,0.0,29.92,22.76,22.84,22.93,1.95,
54,2026-02-11 17:00:00,5.9,3.16,395.5,0.0,29.29,22.76,22.87,23.0,1.97,
54,2026-02-11 18:00:00,5.98,3.24,477.6,0.0,29.19,22.55,23.09,23.46,2.0,
54,2026-02-11 19:00:00,6.28,3.09,400.4,0.0,28.73,23.06,23.47,23.75,2.06,
54,2026-02-11 20:00:00,4.1,1.95,114.9,0.0,32.75,20.32,21.49,22.54,1.73,
54,2026-02-11 21:00:00,4.78,1.56,0.42,0.0,45.66,18.09,18.65,19.4,1.17,
54,2026-02-11 22:00:00,5.38,3.07,0.0,0.0,51.34,17.45,17.88,18.3,1.0,
54,2026-02-11 23:00:00,5.68,2.8,0.0,0.0,54.89,16.29,16.66,17.07,0.86,
54,2026-02-12 00:00:00,5.82,2.66,0.0,0.0,57.06,15.35,15.64,16.08,0.76,
54,2026-02-12 01:00:00,3.95,2.05,0.0,0.0,56.3,14.86,15.16,15.47,0.75,
54,2026-02-12 02:00:00,3.58,1.71,0.0,0.0,59.2,14.1,14.34,14.65,0.67,
54,2026-02-12 03:00:00,4.62,2.49,0.0,0.0,61.24,13.6,13.85,13.99,0.62,
54,2026-02-12 04:00:00,4.47,1.97,0.0,0.0,64.75,13.17,13.26,13.4,0.54,
54,2026-02-12 05:00:00,3.5,1.92,0.0,0.0,66.33,13.01,13.09,13.14,0.51,
54,2026-02-12 06:00:00,2.82,1.3,0.09,0.0,67.4,13.01,13.04,13.07,0.49,
54,2026-02-12 07:00:00,4.4,2.18,34.0,0.0,67.1,12.94,13.07,13.16,0.5,
54,2026-02-12 08:00:00,5.15,2.73,286.5,0.0,62.19,13.33,14.11,14.85,0.61,
54,2026-02-12 09:00:00,6.2,3.37,492.0,0.0,54.54,15.33,16.14,16.84,0.84,
54,2026-02-12 10:00:00,6.5,3.91,677.5,0.0,47.51,17.26,18.27,19.15,1.11,
54,2026-02-12 11:00:00,7.18,3.87,786.1,0.0,40.74,19.68,20.39,20.91,1.42,
54,2026-02-12 12:00:00,7.7,4.21,912.0,0.0,34.59,21.59,22.48,23.28,1.78,
54,2026-02-12 13:00:00,8.15,3.71,947.0,0.0,30.89,23.41,24.28,25.0,2.1,
54,2026-02-12 14:00:00,6.58,3.78,949.0,0.0,24.84,25.01,25.6,26.06,2.47,
54,2026-02-12 15:00:00,6.58,3.76,906.0,0.0,20.65,26.24,26.63,26.98,2.77,
54,2026-02-12 16:00:00,6.42,3.77,805.0,0.0,18.79,26.97,27.31,27.56,2.95,
54,2026-02-12 17:00:00,8.08,3.93,657.3,0.0,19.08,27.42,27.47,27.53,2.97,
54,2026-02-12 18:00:00,7.02,3.75,474.5,0.0,19.92,26.87,27.16,27.35,2.88,
54,2026-02-12 19:00:00,5.9,3.4,271.4,0.0,19.77,26.07,26.44,26.68,2.77,
54,2026-02-12 20:00:00,5.6,2.78,86.5,0.0,19.52,23.65,24.6,25.6,2.49,
54,2026-02-12 21:00:00,5.82,3.18,0.38,0.0,20.35,22.26,22.72,23.19,2.2,
54,2026-02-12 22:00:00,6.65,3.63,0.0,0.0,24.71,20.66,21.36,21.93,1.92,
54,2026-02-12 23:00:00,5.98,2.77,0.0,0.0,29.06,19.56,19.89,20.11,1.65,
54,2026-02-13 00:00:00,4.55,2.09,0.0,0.0,33.23,18.31,18.83,19.34,1.45,
54,2026-02-13 01:00:00,4.4,1.88,0.0,0.0,37.51,17.12,17.74,18.05,1.27,
54,2026-02-13 02:00:00,2.52,0.97,0.0,0.0,44.83,15.96,16.31,16.81,1.02,
54,2026-02-13 03:00:00,2.98,1.52,0.0,0.0,47.27,15.51,15.95,16.17,0.95,
54,2026-02-13 04:00:00,3.05,1.3,0.0,0.0,52.28,14.39,15.02,15.58,0.82,
54,2026-02-13 05:00:00,2.22,0.75,0.0,0.0,61.86,12.65,13.4,13.78,0.59,
54,2026-02-13 06:00:00,2.45,0.85,0.14,0.0,70.75,11.71,11.94,12.37,0.41,
54,2026-02-13 07:00:00,2.82,1.17,87.6,0.0,70.86,11.57,12.25,13.09,0.42,
54,2026-02-13 08:00:00,4.03,1.73,286.6,0.0,60.41,14.08,14.94,15.75,0.68,
54,2026-02-13 09:00:00,4.62,2.73,497.3,0.0,52.77,16.29,17.17,18.17,0.93,
54,2026-02-13 10:00:00,4.78,2.6,681.7,0.0,44.06,18.77,19.69,20.67,1.28,
54,2026-02-13 11:00:00,4.62,2.64,829.0,0.0,36.73,21.02,22.02,22.92,1.68,
54,2026-02-13 12:00:00,5.98,2.91,923.0,0.0,29.98,23.48,24.41,25.38,2.14,
54,2026-02-13 13:00:00,6.12,3.04,955.0,0.0,26.03,26.02,26.77,27.31,2.61,
54,2026-02-13 14:00:00,5.38,2.92,955.0,0.0,25.28,27.73,28.28,28.92,2.87,
54,2026-02-13 15:00:00,5.68,2.8,912.0,0.0,20.76,29.32,29.51,29.8,3.27,
54,2026-02-13 16:00:00,4.7,2.19,811.0,0.0,21.18,30.4,30.49,30.59,3.44,
54,2026-02-13 17:00:00,5.22,2.23,658.7,0.0,21.38,30.75,30.8,30.83,3.49,
54,2026-02-13 18:00:00,4.55,2.19,475.4,0.0,20.0,30.54,30.77,31.08,3.55,
54,2026-02-13 19:00:00,6.58,2.58,265.8,0.0,25.07,27.82,29.34,30.42,3.07,
54,2026-02-13 20:00:00,5.68,3.07,83.0,0.0,31.7,24.5,25.83,27.14,2.28,
54,2026-02-13 21:00:00,3.95,1.68,0.3,0.0,42.63,21.47,22.7,23.74,1.59,
54,2026-02-13 22:00:00,3.05,1.09,0.0,0.0,52.63,20.01,20.1,20.36,1.12,
54,2026-02-13 23:00:00,1.32,0.3,0.0,0.0,64.98,16.88,17.72,18.92,0.71,
54,2026-02-14 00:00:00,1.48,0.83,0.0,0.0,70.01,15.82,16.45,16.95,0.57,
54,2026-02-14 01:00:00,1.1,0.22,0.0,0.0,78.52,14.36,14.68,15.13,0.36,
54,2026-02-14 02:00:00,1.18,0.13,0.0,0.0,81.06,13.06,13.87,14.41,0.3,
54,2026-02-14 03:00:00,1.02,0.08,0.0,0.0,88.78,11.6,11.82,12.05,0.16,
54,2026-02-14 04:00:00,1.1,0.17,0.0,0.0,89.88,11.63,11.85,12.24,0.14,
54,2026-02-14 05:00:00,1.48,0.03,0.0,0.0,89.58,11.56,11.74,11.89,0.14,
54,2026-02-14 06:00:00,1.48,0.21,0.04,0.0,87.88,11.97,12.53,12.99,0.18,
54,2026-02-14 07:00:00,0.8,0.07,30.55,0.0,91.13,11.85,12.19,12.59,0.13,
54,2026-02-14 08:00:00,2.22,0.51,63.65,0.0,90.2,13.2,14.07,14.81,0.16,
54,2026-02-14 09:00:00,2.68,1.33,134.6,0.0,85.0,15.12,15.6,16.06,0.27,
54,2026-02-14 10:00:00,2.9,1.34,173.7,0.0,75.24,16.39,17.09,17.63,0.48,
54,2026-02-14 11:00:00,3.2,1.59,331.6,0.0,67.63,18.0,18.83,19.8,0.71,
54,2026-02-14 12:00:00,3.8,1.87,706.4,0.0,56.49,20.58,21.51,22.65,1.12,
54,2026-02-14 13:00:00,3.28,1.39,984.0,0.0,48.63,23.26,23.74,24.44,1.51,
54,2026-02-14 14:00:00,3.2,1.27,956.0,0.0,43.07,25.08,25.95,27.05,1.91,
54,2026-02-14 15:00:00,4.25,1.28,897.0,0.0,36.38,27.12,27.77,28.72,2.38,
54,2026-02-14 16:00:00,4.1,1.56,801.0,0.0,29.77,28.8,29.11,29.45,2.84,
54,2026-02-14 17:00:00,4.32,1.4,650.3,0.0,31.09,29.46,29.66,29.93,2.87,
54,2026-02-14 18:00:00,5.45,2.95,465.8,0.0,33.07,26.99,28.35,29.4,2.58,
54,2026-02-14 19:00:00,5.68,3.49,261.3,0.0,33.29,24.27,25.36,26.32,2.17,
54,2026-02-14 20:00:00,4.78,2.65,79.26,0.0,42.74,21.23,22.39,23.51,1.56,
54,2026-02-14 21:00:00,4.03,2.23,0.23,0.0,51.31,19.16,19.93,20.63,1.14,
54,2026-02-14 22:00:00,3.2,1.48,0.0,0.0,58.84,17.03,17.83,18.6,0.84,
54,2026-02-14 23:00:00,2.68,1.23,0.0,0.0,69.48,15.76,16.17,16.63,0.56,
54,2026-02-15 00:00:00,2.0,1.13,0.0,0.0,78.96,14.39,14.83,15.37,0.35,
54,2026-02-15 01:00:00,1.85,0.87,0.0,0.0,79.43,13.75,14.21,14.49,0.34,
54,2026-02-15 02:00:00,1.48,0.52,0.0,0.0,81.7,13.02,13.4,13.56,0.28,
54,2026-02-15 03:00:00,0.72,0.01,0.0,0.0,85.73,11.16,11.72,12.46,0.2,
54,2026-02-15 04:00:00,1.4,0.18,0.0,0.0,88.45,10.31,10.67,10.92,0.15,
54,2026-02-15 05:00:00,2.38,0.51,0.0,0.0,80.98,10.87,11.77,12.36,0.27,
54,2026-02-15 06:00:00,2.38,1.05,0.06,0.0,75.64,12.07,12.22,12.39,0.35,
54,2026-02-15 07:00:00,1.85,0.56,79.31,0.0,74.95,11.59,11.78,12.23,0.35,
54,2026-02-15 08:00:00,4.25,1.33,278.2,0.0,64.07,12.97,13.98,14.74,0.58,
54,2026-02-15 09:00:00,4.62,2.48,484.6,0.0,57.46,15.28,15.81,16.43,0.77,
54,2026-02-15 10:00:00,3.8,2.19,667.7,0.0,51.75,16.93,17.85,18.67,0.99,
54,2026-02-15 11:00:00,3.88,2.05,816.0,0.0,46.32,19.38,20.24,21.08,1.28,
54,2026-02-15 12:00:00,4.1,1.93,912.0,0.0,40.81,21.7,22.64,23.53,1.63,
54,2026-02-15 13:00:00,4.4,1.76,951.0,0.0,36.62,24.11,24.83,25.41,1.99,
54,2026-02-15 14:00:00,4.25,1.45,951.0,0.0,32.3,26.12,26.45,27.11,2.34,
54,2026-02-15 15:00:00,3.95,1.25,908.0,0.0,26.17,27.54,27.95,28.45,2.79,
54,2026-02-15 16:00:00,2.82,1.12,812.0,0.0,22.8,28.93,29.21,29.85,3.13,
54,2026-02-15 17:00:00,3.65,1.19,659.2,0.0,19.67,29.77,30.24,30.62,3.46,
54,2026-02-15 18:00:00,5.15,2.07,467.4,0.0,25.53,27.53,29.51,30.56,3.09,
54,2026-02-15 19:00:00,5.0,3.15,261.2,0.0,31.69,25.03,25.92,26.8,2.29,
54,2026-02-15 20:00:00,4.47,2.68,77.01,0.0,36.14,21.24,22.68,24.17,1.76,
54,2026-02-15 21:00:00,4.78,2.63,0.17,0.0,40.06,18.77,19.64,20.54,1.38,
54,2026-02-15 22:00:00,4.03,1.41,0.0,0.0,47.98,15.76,17.13,18.3,1.02,
54,2026-02-15 23:00:00,2.0,0.57,0.0,0.0,58.4,13.53,14.28,15.01,0.68,
54,2026-02-16 00:00:00,2.3,0.89,0.0,0.0,65.07,12.49,12.93,13.21,0.52,
54,2026-02-16 01:00:00,0.5,0.0,0.0,0.0,73.79,10.63,11.29,12.0,0.35,
54,2026-02-16 02:00:00,1.18,0.05,0.0,0.0,80.27,9.5,9.95,10.61,0.24,
54,2026-02-16 03:00:00,0.0,0.0,0.0,0.0,83.75,8.62,8.89,9.39,0.19,
54,2026-02-16 04:00:00,0.0,0.0,0.0,0.0,85.1,7.82,8.12,8.46,0.16,
54,2026-02-16 05:00:00,0.35,0.0,0.0,0.0,87.35,7.53,7.63,7.79,0.13,
54,2026-02-16 06:00:00,0.0,0.0,0.08,0.0,87.88,6.54,7.01,7.54,0.12,
54,2026-02-16 07:00:00,0.0,0.0,90.1,0.0,86.44,6.36,6.96,8.43,0.14,
54,2026-02-16 08:00:00,0.95,0.02,279.0,0.0,73.01,10.11,11.22,12.94,0.37,
54,2026-02-16 09:00:00,3.2,0.9,491.6,0.0,54.7,14.68,15.53,16.33,0.8,
54,2026-02-16 10:00:00,2.82,1.06,670.7,0.0,47.36,16.91,17.87,18.79,1.08,
54,2026-02-16 11:00:00,2.75,1.08,820.0,0.0,42.55,19.13,19.94,20.94,1.35,
54,2026-02-16 12:00:00,2.68,0.97,922.0,0.0,35.5,21.63,22.51,23.36,1.76,
54,2026-02-16 13:00:00,3.42,1.1,955.0,0.0,31.41,23.78,24.81,25.58,2.15,
54,2026-02-16 14:00:00,3.12,1.07,952.0,0.0,28.63,26.18,27.06,27.71,2.56,
54,2026-02-16 15:00:00,3.42,1.3,903.0,0.0,25.44,27.92,28.38,28.76,2.89,
54,2026-02-16 16:00:00,3.28,1.38,786.8,0.0,23.03,28.89,29.57,29.99,3.19,
54,2026-02-16 17:00:00,5.75,1.84,644.3,0.0,20.87,29.47,30.46,30.9,3.45,
54,2026-02-16 18:00:00,6.12,3.63,466.8,0.0,21.59,27.1,27.85,28.7,2.94,
54,2026-02-16 19:00:00,5.9,3.46,264.3,0.0,25.31,24.22,25.37,26.49,2.43,
54,2026-02-16 20:00:00,5.38,2.81,82.2,0.0,35.61,20.54,21.98,23.43,1.71,
54,2026-02-16 21:00:00,5.22,2.08,0.07,0.0,44.06,18.53,19.47,20.27,1.27,
54,2026-02-16 22:00:00,2.15,0.59,0.0,0.0,55.04,16.57,17.11,17.98,0.88,
54,2026-02-16 23:00:00,1.32,0.45,0.0,0.0,67.09,13.93,14.3,14.99,0.54,
54,2026-02-17 00:00:00,1.1,0.25,0.0,0.0,69.44,12.62,13.13,13.49,0.46,
54,2026-02-17 01:00:00,1.18,0.31,0.0,0.0,72.76,12.03,12.46,12.94,0.4,
54,2026-02-17 02:00:00,0.8,0.04,0.0,0.0,79.89,10.47,11.01,11.49,0.27,
54,2026-02-17 03:00:00,1.25,0.2,0.0,0.0,82.85,10.02,10.23,10.44,0.21,
54,2026-02-17 04:00:00,1.55,0.15,0.0,0.0,85.95,9.19,9.53,9.96,0.17,
54,2026-02-17 05:00:00,1.02,0.07,0.0,0.0,88.35,8.42,8.7,9.36,0.13,
54,2026-02-17 06:00:00,0.0,0.0,0.04,0.0,87.3,8.4,8.6,8.83,0.14,
54,2026-02-17 07:00:00,0.0,0.0,98.9,0.0,85.48,8.37,8.82,9.76,0.16,
54,2026-02-17 08:00:00,0.95,0.02,116.7,0.0,80.28,11.24,11.82,12.63,0.28,
54,2026-02-17 09:00:00,1.78,0.3,231.4,0.0,66.8,13.35,14.59,15.53,0.55,
54,2026-02-17 10:00:00,2.0,0.57,500.9,0.0,55.66,16.16,17.85,19.49,0.92,
54,2026-02-17 11:00:00,3.12,1.07,773.4,0.0,49.03,20.53,21.44,22.37,1.3,
54,2026-02-17 12:00:00,2.3,0.81,786.1,0.0,45.6,22.83,23.73,25.03,1.6,
54,2026-02-17 13:00:00,1.92,0.79,593.0,0.0,41.52,24.69,25.17,25.81,1.87,
54,2026-02-17 14:00:00,2.98,1.38,992.0,0.0,40.11,26.69,26.88,27.19,2.12,
54,2026-02-17 15:00:00,3.65,1.76,766.4,0.0,39.7,26.86,27.05,27.29,2.16,
54,2026-02-17 16:00:00,5.0,2.15,950.0,0.0,39.75,26.94,27.86,28.8,2.26,
54,2026-02-17 17:00:00,8.9,4.96,754.4,0.0,54.81,25.23,26.14,27.9,1.54,
54,2026-02-17 18:00:00,7.1,4.19,454.8,0.0,56.0,24.48,24.62,24.76,1.36,
54,2026-02-17 19:00:00,6.5,3.23,241.0,0.0,57.28,23.26,23.82,24.45,1.26,
54,2026-02-17 20:00:00,5.82,2.42,56.6,0.0,60.6,21.2,22.05,22.84,1.05,
54,2026-02-17 21:00:00,2.52,1.16,0.1,0.0,63.54,19.69,20.26,20.76,0.87,
54,2026-02-17 22:00:00,1.25,0.08,0.0,0.0,75.18,17.18,17.89,19.16,0.51,
54,2026-02-17 23:00:00,1.4,0.44,0.0,0.0,75.69,17.01,17.1,17.24,0.48,
54,2026-02-18 00:00:00,3.5,1.23,0.0,0.0,77.83,16.66,16.9,17.07,0.43,
54,2026-02-18 01:00:00,3.2,2.0,0.0,0.0,79.82,16.47,16.59,16.84,0.38,
54,2026-02-18 02:00:00,4.47,2.61,0.0,0.0,77.3,16.05,16.25,16.39,0.42,
54,2026-02-18 03:00:00,7.55,2.96,0.0,0.0,75.92,15.43,15.56,15.71,0.43,
54,2026-02-18 04:00:00,5.0,2.2,0.0,0.0,77.35,14.4,14.89,15.37,0.39,
54,2026-02-18 05:00:00,3.42,1.14,0.0,0.0,78.64,13.68,13.97,14.35,0.34,
54,2026-02-18 06:00:00,3.35,1.4,0.03,0.0,80.49,13.33,13.51,13.64,0.31,
54,2026-02-18 07:00:00,3.05,1.52,70.29,0.0,79.18,13.4,13.51,13.74,0.32,
54,2026-02-18 08:00:00,5.08,2.41,264.5,0.0,69.87,14.2,14.75,15.36,0.51,
54,2026-02-18 09:00:00,5.98,3.71,472.3,0.0,60.94,15.66,16.31,17.07,0.73,
54,2026-02-18 10:00:00,5.82,3.4,657.2,0.0,53.32,17.8,18.58,19.5,1.0,
54,2026-02-18 11:00:00,6.05,3.5,801.0,0.0,47.69,19.97,20.61,21.37,1.27,
54,2026-02-18 12:00:00,7.02,3.66,896.0,0.0,39.78,21.64,22.29,22.85,1.62,
54,2026-02-18 13:00:00,5.75,3.2,932.0,0.0,34.73,23.39,23.97,24.46,1.95,
54,2026-02-18 14:00:00,5.0,2.54,931.0,0.0,32.65,25.0,25.39,25.74,2.18,
54,2026-02-18 15:00:00,6.05,2.37,886.0,0.0,29.69,25.93,26.26,26.45,2.4,
54,2026-02-18 16:00:00,4.7,2.01,786.8,0.0,27.46,26.95,27.06,27.25,2.59,
54,2026-02-18 17:00:00,5.22,2.68,635.2,0.0,27.7,27.01,27.09,27.21,2.59,
54,2026-02-18 18:00:00,5.15,2.98,492.6,0.0,29.11,26.82,27.25,27.54,2.57,
54,2026-02-18 19:00:00,6.12,3.03,346.4,0.0,31.25,24.77,25.67,26.33,2.27,
54,2026-02-18 20:00:00,4.32,2.06,68.47,0.0,37.39,22.47,23.11,24.14,1.78,
54,2026-02-18 21:00:00,4.92,2.79,0.09,0.0,40.04,21.3,21.88,22.41,1.58,
54,2026-02-18 22:00:00,4.62,2.55,0.0,0.0,45.62,19.46,20.05,20.71,1.28,
54,2026-02-18 23:00:00,5.3,3.06,0.0,0.0,48.97,18.3,18.69,19.1,1.1,
54,2026-02-19 00:00:00,6.58,3.47,0.0,0.0,47.48,17.75,17.98,18.17,1.08,
54,2026-02-19 01:00:00,6.88,3.97,0.0,0.0,52.93,16.38,16.92,17.48,0.91,
54,2026-02-19 02:00:00,5.82,2.86,0.0,0.0,62.46,14.94,15.49,16.09,0.66,
54,2026-02-19 03:00:00,5.45,2.54,0.0,0.0,65.64,14.06,14.39,14.71,0.56,
54,2026-02-19 04:00:00,3.42,1.43,0.0,0.0,68.37,12.94,13.34,13.78,0.49,
54,2026-02-19 05:00:00,3.8,1.82,0.0,0.0,70.46,12.51,12.59,12.64,0.43,
54,2026-02-19 06:00:00,4.25,2.26,0.02,0.0,72.6,11.89,12.16,12.4,0.39,
54,2026-02-19 07:00:00,4.47,2.1,66.12,0.0,73.75,11.6,11.68,11.85,0.36,
54,2026-02-19 08:00:00,4.85,2.55,263.8,0.0,66.53,12.24,12.99,13.78,0.5,
54,2026-02-19 09:00:00,5.6,3.11,473.7,0.0,59.77,14.31,14.94,15.57,0.69,
54,2026-02-19 10:00:00,4.78,2.86,657.6,0.0,53.64,16.18,17.13,17.88,0.91,
54,2026-02-19 11:00:00,4.85,2.71,805.0,0.0,47.03,18.5,19.64,20.73,1.22,
54,2026-02-19 12:00:00,4.85,2.65,901.0,0.0,41.49,21.38,22.32,23.2,1.58,
54,2026-02-19 13:00:00,6.28,2.64,940.0,0.0,34.82,23.8,24.98,26.09,2.07,
54,2026-02-19 14:00:00,5.15,2.35,939.0,0.0,30.85,26.85,28.02,28.86,2.62,
54,2026-02-19 15:00:00,5.52,2.09,894.0,0.0,23.46,29.62,30.49,31.17,3.35,
54,2026-02-19 16:00:00,4.78,2.16,792.4,0.0,20.33,31.7,32.08,32.55,3.81,
54,2026-02-19 17:00:00,4.92,2.03,645.4,0.0,19.74,32.82,32.95,33.16,4.03,
54,2026-02-19 18:00:00,3.12,1.49,455.9,0.0,21.76,32.54,32.72,32.97,3.88,
54,2026-02-19 19:00:00,3.28,0.8,252.3,0.0,29.23,31.1,31.45,32.02,3.27,
54,2026-02-19 20:00:00,1.02,0.13,64.82,0.0,54.14,23.04,26.67,30.54,1.67,
54,2026-02-19 21:00:00,1.7,0.35,0.07,0.0,55.1,20.17,20.96,21.55,1.11,
54,2026-02-19 22:00:00,1.48,0.11,0.0,0.0,51.66,21.26,21.68,22.09,1.26,
54,2026-02-19 23:00:00,0.95,0.05,0.0,0.0,57.28,18.95,20.06,21.18,1.01,
54,2026-02-20 00:00:00,1.25,0.07,0.0,0.0,67.51,17.24,17.8,18.47,0.66,
54,2026-02-20 01:00:00,2.0,0.41,0.0,0.0,62.34,16.98,17.14,17.51,0.74,
54,2026-02-20 02:00:00,3.88,1.5,0.0,0.0,44.84,20.3,21.14,21.59,1.39,
54,2026-02-20 03:00:00,2.38,0.46,0.0,0.0,51.43,19.21,20.06,20.79,1.15,
54,2026-02-20 04:00:00,2.08,0.2,0.0,0.0,62.78,16.59,17.62,18.44,0.76,
54,2026-02-20 05:00:00,0.42,0.0,0.0,0.0,76.38,13.84,14.75,15.64,0.4,
54,2026-02-20 06:00:00,0.65,0.0,0.02,0.0,79.31,12.92,13.38,13.71,0.32,
54,2026-02-20 07:00:00,0.8,0.09,37.04,0.0,79.34,12.7,13.2,13.69,0.32,
54,2026-02-20 08:00:00,2.45,0.69,246.7,0.0,64.05,13.52,16.47,18.87,0.69,
54,2026-02-20 09:00:00,3.5,2.03,450.6,0.0,49.86,19.62,20.77,21.91,1.24,
54,2026-02-20 10:00:00,4.25,2.41,633.6,0.0,44.77,21.98,22.53,23.34,1.51,
54,2026-02-20 11:00:00,4.62,2.55,776.3,0.0,40.74,23.86,24.31,24.89,1.8,
54,2026-02-20 12:00:00,5.45,2.88,867.0,0.0,36.87,25.39,25.97,26.57,2.12,
54,2026-02-20 13:00:00,5.22,2.81,900.0,0.0,35.4,27.14,27.81,28.19,2.42,
54,2026-02-20 14:00:00,5.3,2.82,898.0,0.0,34.86,28.34,28.8,29.19,2.58,
54,2026-02-20 15:00:00,4.7,1.97,855.0,0.0,33.67,29.55,29.77,30.04,2.78,
54,2026-02-20 16:00:00,4.92,2.41,759.4,0.0,35.65,29.39,29.48,29.56,2.65,
54,2026-02-20 17:00:00,4.32,2.56,616.1,0.0,35.62,28.85,29.04,29.21,2.59,
54,2026-02-20 18:00:00,4.47,2.41,433.5,0.0,34.84,27.78,28.22,28.63,2.5,
54,2026-02-20 19:00:00,4.55,2.26,236.3,0.0,39.71,25.65,26.55,27.31,2.1,
54,2026-02-20 20:00:00,4.25,2.28,61.95,0.0,51.94,21.3,22.78,24.66,1.34,
54,2026-02-20 21:00:00,3.28,1.64,0.05,0.0,57.06,19.97,20.43,20.91,1.03,
54,2026-02-20 22:00:00,2.9,1.61,0.0,0.0,61.08,19.09,19.33,19.68,0.88,
54,2026-02-20 23:00:00,3.28,1.35,0.0,0.0,63.8,18.26,18.49,18.78,0.77,
54,2026-02-21 00:00:00,2.52,1.01,0.0,0.0,72.19,16.55,16.94,17.65,0.54,
54,2026-02-21 01:00:00,1.92,0.82,0.0,0.0,74.4,15.8,16.24,16.71,0.48,
54,2026-02-21 02:00:00,2.6,1.16,0.0,0.0,72.95,15.98,16.35,16.66,0.5,
54,2026-02-21 03:00:00,1.32,0.23,0.0,0.0,76.06,15.8,16.14,16.55,0.44,
54,2026-02-21 04:00:00,2.0,0.4,0.0,0.0,75.93,15.55,15.86,16.24,0.44,
54,2026-02-21 05:00:00,1.78,0.43,0.0,0.0,74.76,15.77,16.18,16.38,0.47,
54,2026-02-21 06:00:00,1.18,0.08,0.0,0.0,84.68,13.33,14.13,15.25,0.25,
54,2026-02-21 07:00:00,0.95,0.03,31.36,0.0,86.55,12.78,13.01,13.15,0.2,
54,2026-02-21 08:00:00,0.8,0.02,234.6,0.0,73.39,13.42,15.7,17.61,0.49,
54,2026-02-21 09:00:00,1.32,0.19,444.4,0.0,61.16,18.62,19.54,20.37,0.89,
54,2026-02-21 10:00:00,2.3,0.65,627.3,0.0,52.52,20.84,21.96,23.05,1.26,
54,2026-02-21 11:00:00,2.75,0.97,770.8,0.0,47.79,23.54,24.18,25.05,1.58,
54,2026-02-21 12:00:00,2.75,0.99,863.0,0.0,42.15,25.48,26.23,26.96,1.98,
54,2026-02-21 13:00:00,3.58,1.06,896.0,0.0,36.93,27.73,28.46,29.06,2.45,
54,2026-02-21 14:00:00,4.1,1.25,895.0,0.0,35.24,29.74,30.03,30.64,2.76,
54,2026-02-21 15:00:00,2.45,0.87,855.0,0.0,30.67,30.73,31.75,32.54,3.26,
54,2026-02-21 16:00:00,3.42,1.03,755.5,0.0,28.49,32.64,32.95,33.41,3.59,
54,2026-02-21 17:00:00,2.82,1.12,617.8,0.0,27.87,33.2,33.46,33.92,3.73,
54,2026-02-21 18:00:00,3.28,1.64,480.2,0.0,30.34,32.87,33.11,33.54,3.53,
54,2026-02-21 19:00:00,3.12,1.25,248.0,0.0,36.33,30.21,31.7,32.37,2.99,
54,2026-02-21 20:00:00,4.18,2.01,77.94,0.0,41.19,26.06,27.46,28.95,2.16,
54,2026-02-21 21:00:00,4.25,2.41,0.04,0.0,45.57,23.94,24.69,25.38,1.69,
54,2026-02-21 22:00:00,4.32,2.51,0.0,0.0,47.45,22.91,23.36,23.67,1.51,
54,2026-02-21 23:00:00,3.28,1.36,0.0,0.0,54.75,20.8,21.76,22.8,1.19,
54,2026-02-22 00:00:00,1.62,0.32,0.0,0.0,63.91,18.95,19.49,20.16,0.82,
54,2026-02-22 01:00:00,1.25,0.45,0.0,0.0,68.67,17.69,18.32,19.01,0.66,
54,2026-02-22 02:00:00,1.25,0.13,0.0,0.0,74.14,16.53,16.92,17.26,0.5,
54,2026-02-22 03:00:00,1.25,0.28,0.0,0.0,74.95,16.08,16.21,16.34,0.46,
54,2026-02-22 04:00:00,0.95,0.08,0.0,0.0,76.58,15.49,15.83,16.15,0.42,
54,2026-02-22 05:00:00,1.02,0.18,0.0,0.0,76.17,16.24,16.31,16.37,0.44,
54,2026-02-22 06:00:00,1.92,0.12,0.0,0.0,74.87,16.3,16.51,16.84,0.48,
54,2026-02-22 07:00:00,2.82,0.39,48.88,0.0,68.18,17.27,17.53,17.91,0.64,
54,2026-02-22 08:00:00,5.0,1.76,239.6,0.0,60.4,18.7,19.27,19.76,0.89,
54,2026-02-22 09:00:00,4.4,2.49,447.4,0.0,55.2,20.27,20.97,21.6,1.12,
54,2026-02-22 10:00:00,4.62,2.45,627.2,0.0,50.87,22.23,22.95,23.72,1.38,
54,2026-02-22 11:00:00,5.68,2.68,768.0,0.0,46.31,24.26,24.94,25.57,1.7,
54,2026-02-22 12:00:00,5.45,2.61,862.0,0.0,38.69,26.26,27.09,27.92,2.2,
54,2026-02-22 13:00:00,4.7,2.45,895.0,0.0,35.32,28.34,29.05,29.79,2.6,
54,2026-02-22 14:00:00,4.47,2.04,890.0,0.0,32.79,30.31,30.82,31.43,2.99,
54,2026-02-22 15:00:00,4.4,1.91,853.0,0.0,31.17,31.81,32.34,32.7,3.34,
54,2026-02-22 16:00:00,4.62,1.79,751.1,0.0,28.96,32.78,33.32,33.62,3.64,
54,2026-02-22 17:00:00,4.78,1.89,604.6,0.0,27.23,33.76,33.87,34.01,3.84,
54,2026-02-22 18:00:00,4.47,2.05,426.2,0.0,25.86,33.64,33.94,34.11,3.93,
54,2026-02-22 19:00:00,3.88,1.89,223.7,0.0,25.36,31.31,32.12,32.79,3.58,
54,2026-02-22 20:00:00,2.22,0.69,46.71,0.0,34.31,26.65,28.24,30.66,2.53,
54,2026-02-22 21:00:00,1.62,0.43,0.02,0.0,46.27,22.83,23.83,25.11,1.6,
54,2026-02-22 22:00:00,1.25,0.31,0.0,0.0,57.24,20.1,20.77,21.93,1.05,
54,2026-02-22 23:00:00,0.0,0.0,0.0,0.0,64.85,18.14,19.11,20.14,0.78,
54,2026-02-23 00:00:00,1.92,0.29,0.0,0.0,62.63,17.88,18.12,18.49,0.78,
54,2026-02-23 01:00:00,2.22,0.71,0.0,0.0,47.98,19.71,20.42,20.8,1.25,
54,2026-02-23 02:00:00,3.5,1.61,0.0,0.0,48.27,20.1,20.49,20.76,1.25,
54,2026-02-23 03:00:00,4.7,1.63,0.0,0.0,53.57,19.27,19.58,19.9,1.06,
54,2026-02-23 04:00:00,4.55,2.66,0.0,0.0,60.63,18.33,18.67,19.07,0.85,
54,2026-02-23 05:00:00,4.1,0.94,0.0,0.0,65.8,16.91,17.52,18.2,0.68,
54,2026-02-23 06:00:00,4.1,1.91,0.0,0.0,67.04,16.38,16.89,17.43,0.63,
54,2026-02-23 07:00:00,3.65,1.65,43.88,0.0,69.04,15.9,16.15,16.34,0.57,
54,2026-02-23 08:00:00,5.52,2.28,245.9,0.0,65.27,16.32,16.84,17.4,0.67,
54,2026-02-23 09:00:00,4.62,2.41,454.3,0.0,59.9,17.84,18.59,19.4,0.86,
54,2026-02-23 10:00:00,5.08,2.54,635.1,0.0,54.3,19.89,20.78,21.76,1.13,
54,2026-02-23 11:00:00,4.4,2.56,781.7,0.0,49.67,22.2,23.12,24.1,1.43,
54,2026-02-23 12:00:00,4.62,2.34,863.0,0.0,44.06,24.73,25.58,26.61,1.84,
54,2026-02-23 13:00:00,5.75,3.15,910.0,0.0,37.64,26.61,27.57,28.47,2.3,
54,2026-02-23 14:00:00,5.82,3.59,910.0,0.0,29.24,28.69,29.56,30.36,2.93,
54,2026-02-23 15:00:00,6.8,3.77,873.0,0.0,21.8,30.85,31.33,31.85,3.58,
54,2026-02-23 16:00:00,6.95,3.65,773.7,0.0,18.46,31.97,32.22,32.42,3.93,
54,2026-02-23 17:00:00,6.65,3.62,622.7,0.0,16.21,32.41,32.48,32.54,4.09,
54,2026-02-23 18:00:00,6.65,3.82,443.2,0.0,16.79,31.68,32.03,32.37,3.97,
54,2026-02-23 19:00:00,5.68,3.24,235.8,0.0,18.81,30.16,30.85,31.48,3.62,
54,2026-02-23 20:00:00,3.8,1.94,56.08,0.0,27.37,26.72,27.93,29.33,2.75,
54,2026-02-23 21:00:00,3.8,2.05,0.02,0.0,34.42,25.22,25.84,26.35,2.19,
54,2026-02-23 22:00:00,4.55,2.37,0.0,0.0,41.03,23.49,24.37,25.12,1.8,
54,2026-02-23 23:00:00,3.72,2.01,0.0,0.0,47.56,22.44,22.81,23.3,1.46,
54,2026-02-24 00:00:00,5.15,2.69,0.0,0.0,52.45,21.53,21.87,22.28,1.25,
54,2026-02-24 01:00:00,5.3,3.07,0.0,0.0,56.05,20.36,20.72,21.14,1.08,
54,2026-02-24 02:00:00,6.8,3.23,0.0,0.0,62.19,19.11,19.57,20.1,0.86,
54,2026-02-24 03:00:00,6.12,3.2,0.0,0.0,70.45,17.87,18.39,18.84,0.63,
54,2026-02-24 04:00:00,5.9,2.33,0.0,0.0,78.1,16.49,17.01,17.55,0.43,
54,2026-02-24 05:00:00,4.32,2.37,0.0,0.0,82.65,15.46,15.78,16.1,0.32,
54,2026-02-24 06:00:00,4.25,2.4,0.0,0.0,85.25,14.82,15.03,15.25,0.25,
54,2026-02-24 07:00:00,5.3,2.42,19.46,0.0,84.85,14.39,14.6,14.71,0.25,
54,2026-02-24 08:00:00,5.52,2.66,94.0,0.0,82.08,14.6,14.71,14.82,0.3,
54,2026-02-24 09:00:00,4.62,2.52,217.9,0.0,78.02,15.08,15.3,15.49,0.39,
54,2026-02-24 10:00:00,4.18,2.42,639.9,0.0,68.73,16.01,16.85,17.72,0.61,
54,2026-02-24 11:00:00,4.18,2.2,779.5,0.0,59.01,18.46,19.55,20.68,0.94,
54,2026-02-24 12:00:00,5.0,2.09,872.0,0.0,50.21,21.32,22.48,23.64,1.36,
54,2026-02-24 13:00:00,3.72,1.83,908.0,0.0,42.37,24.3,25.21,26.27,1.85,
54,2026-02-24 14:00:00,4.55,1.84,909.0,0.0,32.23,26.39,27.53,28.46,2.5,
54,2026-02-24 15:00:00,4.55,1.94,869.0,0.0,24.97,28.95,29.58,30.14,3.11,
54,2026-02-24 16:00:00,3.12,1.23,768.2,0.0,19.64,30.5,31.04,31.61,3.62,
54,2026-02-24 17:00:00,3.2,1.31,616.0,0.0,20.25,31.07,31.46,31.75,3.68,
54,2026-02-24 18:00:00,2.45,0.7,428.9,0.0,20.59,32.25,32.92,33.48,3.98,
54,2026-02-24 19:00:00,1.78,0.55,216.3,0.0,25.01,30.11,30.99,32.36,3.38,
54,2026-02-24 20:00:00,1.18,0.29,47.81,0.0,37.8,22.68,26.09,30.03,2.15,
54,2026-02-24 21:00:00,2.52,1.34,0.02,0.0,38.38,21.85,22.15,22.52,1.64,
54,2026-02-24 22:00:00,3.12,1.71,0.01,0.0,38.21,20.88,21.17,21.48,1.55,
54,2026-02-24 23:00:00,2.6,1.06,0.01,0.0,41.64,18.84,19.56,20.51,1.33,
54,2026-02-25 00:00:00,0.88,0.04,0.0,0.0,57.36,15.58,16.53,17.76,0.81,
54,2026-02-25 01:00:00,1.1,0.1,0.0,0.0,70.03,14.16,14.42,15.02,0.49,
54,2026-02-25 02:00:00,0.88,0.1,0.0,0.0,73.06,12.81,13.72,14.3,0.43,
54,2026-02-25 03:00:00,0.95,0.03,0.0,0.0,78.83,12.2,12.39,12.55,0.31,
54,2026-02-25 04:00:00,1.32,0.18,0.0,0.0,81.25,11.2,11.62,11.93,0.26,
54,2026-02-25 05:00:00,0.95,0.17,0.0,0.0,77.14,11.32,11.54,11.85,0.31,
54,2026-02-25 06:00:00,1.25,0.21,0.0,0.0,80.57,9.5,10.63,11.54,0.25,
54,2026-02-25 07:00:00,0.8,0.04,25.79,0.0,82.78,9.62,9.8,10.08,0.21,
54,2026-02-25 08:00:00,1.55,0.36,227.4,0.0,66.13,12.04,14.35,16.37,0.57,
54,2026-02-25 09:00:00,1.55,0.52,429.4,0.0,53.42,17.21,18.46,19.95,0.99,
54,2026-02-25 10:00:00,2.82,0.64,612.5,0.0,44.44,20.32,21.4,22.45,1.42,
54,2026-02-25 11:00:00,2.9,1.11,762.9,0.0,35.68,23.17,24.01,24.72,1.93,
54,2026-02-25 12:00:00,2.52,0.93,857.0,0.0,31.01,25.19,26.18,27.07,2.35,
54,2026-02-25 13:00:00,3.8,1.18,890.0,0.0,22.96,28.11,28.77,29.4,3.05,
54,2026-02-25 14:00:00,5.68,1.72,884.0,0.0,19.24,30.08,30.59,30.9,3.55,
54,2026-02-25 15:00:00,7.18,2.18,841.0,0.0,13.31,31.1,31.87,32.26,4.1,
54,2026-02-25 16:00:00,5.08,2.39,755.1,0.0,13.98,31.79,32.13,32.33,4.12,
54,2026-02-25 17:00:00,6.2,3.68,595.9,0.0,20.01,29.03,30.09,31.35,3.42,
54,2026-02-25 18:00:00,6.65,3.84,413.6,0.0,24.47,26.51,27.41,28.4,2.76,
54,2026-02-25 19:00:00,6.42,3.72,218.0,0.0,34.69,23.08,24.45,25.75,2.01,
54,2026-02-25 20:00:00,5.75,3.23,49.49,0.0,46.73,19.02,20.47,21.96,1.29,
54,2026-02-25 21:00:00,5.22,2.54,0.01,0.0,54.88,16.52,17.44,18.39,0.9,
54,2026-02-25 22:00:00,2.98,1.4,0.0,0.0,60.03,14.86,15.3,15.95,0.7,
54,2026-02-25 23:00:00,2.45,1.27,0.0,0.0,60.05,14.39,14.52,14.66,0.66,
54,2026-02-26 00:00:00,1.85,0.46,0.0,0.0,72.22,11.45,12.9,14.12,0.42,
54,2026-02-26 01:00:00,1.32,0.37,0.0,0.0,83.83,10.55,10.8,11.02,0.21,
54,2026-02-26 02:00:00,0.95,0.12,0.0,0.0,85.45,9.68,10.11,10.38,0.18,
54,2026-02-26 03:00:00,1.18,0.42,0.0,0.0,89.63,9.26,9.3,9.38,0.12,
54,2026-02-26 04:00:00,0.95,0.23,0.0,0.0,91.4,9.11,9.19,9.4,0.1,
54,2026-02-26 05:00:00,0.88,0.02,0.0,0.0,89.1,7.93,8.71,9.67,0.13,
54,2026-02-26 06:00:00,0.72,0.03,0.0,0.0,90.45,6.93,7.38,7.59,0.1,
54,2026-02-26 07:00:00,0.35,0.0,26.55,0.0,93.53,6.04,6.32,6.65,0.06,
54,2026-02-26 08:00:00,1.25,0.31,249.9,0.0,83.53,7.74,10.05,11.45,0.21,
54,2026-02-26 09:00:00,2.15,0.83,434.1,0.0,62.6,12.61,14.28,15.83,0.62,
54,2026-02-26 10:00:00,2.68,0.87,616.9,0.0,48.21,16.74,17.69,18.62,1.05,
54,2026-02-26 11:00:00,2.82,1.14,759.4,0.0,33.67,19.04,20.24,21.38,1.58,
54,2026-02-26 12:00:00,3.8,1.32,853.0,0.0,26.05,21.88,22.94,23.99,2.08,
54,2026-02-26 13:00:00,3.72,1.6,886.0,0.0,19.63,24.42,25.12,25.74,2.57,
54,2026-02-26 14:00:00,3.72,1.46,885.0,0.0,16.02,26.34,27.01,27.66,3.0,
54,2026-02-26 15:00:00,3.28,1.09,842.0,0.0,12.56,28.24,28.75,29.23,3.45,
54,2026-02-26 16:00:00,3.95,0.89,727.7,0.0,12.78,29.41,29.91,30.34,3.68,
54,2026-02-26 17:00:00,3.5,1.25,563.3,0.0,14.51,29.79,30.09,30.64,3.65,
54,2026-02-26 18:00:00,5.15,2.09,417.3,0.0,15.62,28.36,29.55,30.28,3.49,
54,2026-02-26 19:00:00,4.62,2.33,208.5,0.0,15.72,25.12,26.56,27.91,2.93,
54,2026-02-26 20:00:00,4.1,2.34,34.13,0.0,19.44,21.4,22.83,24.45,2.25,
54,2026-02-26 21:00:00,4.1,2.17,0.0,0.0,29.69,18.69,19.52,20.24,1.6,
54,2026-02-26 22:00:00,4.1,2.23,0.0,0.0,39.26,16.77,17.59,18.38,1.23,
54,2026-02-26 23:00:00,2.3,0.61,0.0,0.0,50.49,14.81,15.5,16.38,0.88,
54,2026-02-27 00:00:00,0.0,0.0,0.0,0.0,62.59,12.26,13.28,14.24,0.58,
54,2026-02-27 01:00:00,0.88,0.06,0.0,0.0,70.01,11.23,11.36,11.59,0.4,
54,2026-02-27 02:00:00,0.35,0.0,0.0,0.0,71.95,10.95,11.31,11.69,0.38,
54,2026-02-27 03:00:00,0.95,0.06,0.0,0.0,73.62,11.32,11.41,11.57,0.36,
54,2026-02-27 04:00:00,1.02,0.07,0.0,0.0,73.32,11.3,11.49,11.63,0.37,
54,2026-02-27 05:00:00,0.72,0.03,0.0,0.0,74.09,11.25,11.41,11.62,0.35,
54,2026-02-27 06:00:00,0.8,0.05,0.0,0.0,77.27,10.89,11.03,11.25,0.3,
54,2026-02-27 07:00:00,0.88,0.1,10.59,0.0,75.12,11.12,11.49,11.73,0.34,
54,2026-02-27 08:00:00,0.8,0.05,54.39,0.0,70.67,12.3,12.71,13.2,0.43,
54,2026-02-27 09:00:00,1.1,0.03,128.9,0.0,56.98,13.89,14.68,15.43,0.72,
54,2026-02-27 10:00:00,1.18,0.17,251.4,0.0,47.81,15.94,16.74,17.38,1.0,
54,2026-02-27 11:00:00,2.45,0.67,501.6,0.0,47.46,18.04,18.99,19.86,1.15,
54,2026-02-27 12:00:00,2.75,0.95,871.0,0.0,42.18,20.41,21.84,22.51,1.52,
54,2026-02-27 13:00:00,2.82,0.89,661.0,0.0,35.88,22.97,23.81,24.25,1.9,
54,2026-02-27 14:00:00,3.2,1.31,888.0,0.0,34.62,24.96,25.57,26.29,2.15,
54,2026-02-27 15:00:00,3.28,1.5,962.0,0.0,32.89,25.96,26.29,26.83,2.3,
54,2026-02-27 16:00:00,4.25,2.08,348.1,0.0,33.53,25.92,26.01,26.11,2.24,
54,2026-02-27 17:00:00,3.42,1.93,411.9,0.0,32.09,25.98,26.24,26.53,2.32,
54,2026-02-27 18:00:00,5.68,1.95,270.5,0.0,40.83,24.82,25.94,26.59,1.99,
54,2026-02-27 19:00:00,4.85,2.95,225.4,0.0,53.74,22.3,23.35,24.41,1.33,
54,2026-02-27 20:00:00,4.1,2.25,26.36,0.0,62.82,20.51,21.1,21.77,0.93,
54,2026-02-27 21:00:00,3.28,1.78,0.0,0.0,68.57,19.54,19.91,20.27,0.73,
54,2026-02-27 22:00:00,2.38,0.97,0.0,0.0,74.52,18.26,18.88,19.31,0.56,
54,2026-02-27 23:00:00,0.88,0.07,0.0,0.0,83.48,16.1,16.79,17.51,0.32,
54,2026-02-28 00:00:00,0.8,0.05,0.0,0.0,88.13,15.19,15.38,15.7,0.21,
54,2026-02-28 01:00:00,1.02,0.08,0.0,0.0,89.4,14.45,14.77,15.14,0.18,
54,2026-02-28 02:00:00,0.95,0.11,0.0,0.0,91.7,14.24,14.36,14.49,0.14,
54,2026-02-28 03:00:00,1.18,0.21,0.0,0.0,92.0,14.26,14.4,14.52,0.13,
54,2026-02-28 04:00:00,1.62,0.23,0.0,0.0,91.4,14.41,14.66,14.81,0.15,
54,2026-02-28 05:00:00,1.1,0.15,0.0,0.0,92.7,13.1,13.31,13.81,0.11,
54,2026-02-28 06:00:00,0.42,0.0,0.0,0.0,93.5,11.63,12.19,12.77,0.09,
54,2026-02-28 07:00:00,0.0,0.0,27.46,0.0,93.85,11.1,11.33,11.6,0.08,
54,2026-02-28 08:00:00,1.32,0.25,157.4,0.0,94.68,11.74,13.07,14.32,0.08,
54,2026-02-28 09:00:00,1.55,0.3,412.5,0.0,80.41,14.95,17.08,18.84,0.4,
54,2026-02-28 10:00:00,2.15,0.63,592.5,0.0,65.09,19.31,20.53,21.94,0.85,
54,2026-02-28 11:00:00,2.52,0.92,735.0,0.0,53.77,21.89,23.27,24.66,1.33,
54,2026-02-28 12:00:00,2.98,1.2,829.0,0.0,45.19,24.95,25.36,25.76,1.77,
54,2026-02-28 13:00:00,3.5,1.43,868.0,0.0,35.88,26.16,27.21,28.1,2.33,
54,2026-02-28 14:00:00,4.03,1.14,869.0,0.0,25.33,28.75,29.08,29.67,3.01,
54,2026-02-28 15:00:00,3.5,1.4,822.0,0.0,20.85,29.61,30.3,30.83,3.42,
54,2026-02-28 16:00:00,3.65,1.36,720.2,0.0,20.3,30.68,30.96,31.24,3.57,
54,2026-02-28 17:00:00,3.72,1.67,573.2,0.0,25.05,30.39,31.07,31.74,3.39,
54,2026-02-28 18:00:00,3.42,1.62,389.9,0.0,28.77,30.11,30.3,30.53,3.08,
54,2026-02-28 19:00:00,4.7,2.18,195.6,0.0,36.24,27.11,28.67,29.96,2.52,
54,2026-02-28 20:00:00,4.85,2.6,38.21,0.0,47.51,23.68,24.91,26.25,1.66,
54,2026-02-28 21:00:00,3.65,1.38,0.0,0.0,57.8,21.37,22.12,22.98,1.13,
54,2026-02-28 22:00:00,1.02,0.22,0.0,0.0,68.03,19.09,19.62,20.44,0.73,
54,2026-02-28 23:00:00,1.85,0.33,0.0,0.0,71.0,17.95,18.8,19.12,0.63,
54,2026-03-01 00:00:00,2.38,0.9,0.0,0.0,73.24,18.08,18.4,18.69,0.57,
54,2026-03-01 01:00:00,2.0,0.65,0.0,0.0,80.06,17.18,17.53,17.89,0.4,
54,2026-03-01 02:00:00,1.25,0.15,0.0,0.0,86.33,15.93,16.51,16.95,0.26,
54,2026-03-01 03:00:00,1.1,0.05,0.0,0.0,89.05,14.81,15.44,15.92,0.2,
54,2026-03-01 04:00:00,0.95,0.12,0.0,0.0,90.63,14.3,14.4,14.48,0.15,
54,2026-03-01 05:00:00,0.95,0.11,0.0,0.0,92.18,13.56,13.78,14.02,0.13,
54,2026-03-01 06:00:00,0.57,0.01,0.0,0.0,92.98,12.0,12.6,13.17,0.1,
54,2026-03-01 07:00:00,1.25,0.21,24.09,0.0,92.98,11.98,12.17,12.49,0.1,
54,2026-03-01 08:00:00,2.3,1.15,117.7,0.0,94.68,13.27,14.25,14.84,0.09,
54,2026-03-01 09:00:00,2.68,1.04,456.5,0.0,86.62,15.18,16.7,18.66,0.27,
54,2026-03-01 10:00:00,2.68,0.94,566.9,0.0,67.69,19.93,20.59,21.44,0.79,
54,2026-03-01 11:00:00,2.82,0.89,765.0,0.0,56.38,22.32,23.64,24.48,1.28,
54,2026-03-01 12:00:00,3.12,0.98,837.0,0.0,47.66,25.04,25.88,26.95,1.75,
54,2026-03-01 13:00:00,3.58,1.28,902.0,0.0,41.05,26.96,27.47,28.06,2.17,
54,2026-03-01 14:00:00,4.25,1.91,860.0,0.0,37.28,28.58,28.84,29.01,2.49,
54,2026-03-01 15:00:00,4.7,1.53,813.0,0.0,39.24,28.79,29.12,29.43,2.45,
54,2026-03-01 16:00:00,5.68,3.15,682.1,0.0,37.98,29.01,29.44,29.78,2.55,
54,2026-03-01 17:00:00,6.42,3.26,585.5,0.0,35.12,29.11,29.52,29.77,2.68,
54,2026-03-01 18:00:00,8.08,3.95,308.1,0.0,51.28,24.69,26.1,28.12,1.66,
54,2026-03-01 19:00:00,5.82,3.34,108.0,0.0,56.76,22.89,23.68,24.33,1.27,
54,2026-03-01 20:00:00,5.52,3.24,23.82,0.0,67.12,21.39,21.92,22.49,0.87,
54,2026-03-01 21:00:00,5.22,1.68,0.0,0.0,73.09,20.31,20.69,21.04,0.66,
54,2026-03-01 22:00:00,2.6,1.0,0.0,0.0,74.79,20.0,20.42,20.77,0.61,
54,2026-03-01 23:00:00,3.42,1.56,0.0,0.0,76.83,20.09,20.54,20.77,0.56,
54,2026-03-02 00:00:00,2.22,0.37,0.0,0.0,83.75,18.56,18.9,19.33,0.35,
54,2026-03-02 01:00:00,1.7,0.2,0.0,0.0,86.08,17.87,18.17,18.35,0.29,
54,2026-03-02 02:00:00,1.92,0.52,0.0,0.0,83.23,18.28,18.92,19.22,0.37,
54,2026-03-02 03:00:00,2.6,1.33,0.0,0.0,76.55,19.32,19.39,19.44,0.53,
54,2026-03-02 04:00:00,1.48,0.21,0.0,0.0,78.99,19.03,19.26,19.44,0.47,
54,2026-03-02 05:00:00,6.12,1.77,0.0,0.0,82.22,15.48,17.83,18.92,0.37,
54,2026-03-02 06:00:00,4.7,2.24,0.0,9.6,95.03,13.79,14.05,14.54,0.08,
54,2026-03-02 07:00:00,3.42,1.55,4.19,10.0,96.48,13.56,13.62,13.68,0.06,
54,2026-03-02 08:00:00,2.82,1.48,47.53,0.2,96.28,13.48,13.65,13.8,0.06,
54,2026-03-02 09:00:00,2.6,1.5,165.2,0.1,94.65,13.99,14.23,14.52,0.09,
54,2026-03-02 10:00:00,2.9,1.58,577.4,0.1,87.88,14.66,15.25,15.95,0.21,
54,2026-03-02 11:00:00,2.3,0.51,577.9,0.0,73.45,16.67,17.33,18.21,0.53,
54,2026-03-02 12:00:00,3.2,1.07,743.1,0.0,65.23,18.53,19.06,19.41,0.77,
54,2026-03-02 13:00:00,3.05,1.45,458.7,0.0,65.41,19.18,19.32,19.55,0.78,
54,2026-03-02 14:00:00,3.28,1.29,501.7,0.0,57.87,19.87,20.2,20.63,1.0,
54,2026-03-02 15:00:00,2.9,1.07,387.0,0.0,55.29,20.69,20.84,21.1,1.1,
54,2026-03-02 16:00:00,3.05,1.26,669.8,0.0,52.64,21.37,21.73,22.31,1.23,
54,2026-03-02 17:00:00,2.98,1.32,623.3,0.0,51.83,22.51,22.68,22.94,1.33,
54,2026-03-02 18:00:00,2.38,0.5,166.8,0.0,59.17,20.73,21.07,21.84,1.02,
54,2026-03-02 19:00:00,1.32,0.22,83.3,0.0,60.26,20.33,20.49,20.7,0.96,
54,2026-03-02 20:00:00,1.02,0.02,14.92,0.0,74.89,16.93,18.3,19.84,0.54,
54,2026-03-02 21:00:00,1.85,0.76,0.0,0.0,72.54,16.26,16.39,16.5,0.51,
54,2026-03-02 22:00:00,2.82,1.02,0.0,0.0,66.89,15.31,15.59,15.8,0.59,
54,2026-03-02 23:00:00,2.08,0.14,0.0,0.0,79.41,12.63,13.69,14.81,0.33,
54,2026-03-03 00:00:00,2.22,0.74,0.0,0.0,78.32,12.65,12.87,13.1,0.32,
54,2026-03-03 01:00:00,1.55,0.56,0.0,0.0,83.54,11.67,12.22,12.68,0.24,
54,2026-03-03 02:00:00,2.15,0.71,0.0,0.0,82.83,11.85,12.08,12.26,0.24,
54,2026-03-03 03:00:00,1.32,0.15,0.0,0.0,89.5,10.09,10.78,11.92,0.14,
54,2026-03-03 04:00:00,0.95,0.04,0.0,0.0,92.1,9.97,10.08,10.18,0.1,
54,2026-03-03 05:00:00,1.02,0.08,0.0,0.0,93.15,8.8,9.17,9.5,0.08,
54,2026-03-03 06:00:00,2.6,0.25,0.0,0.0,91.18,8.87,9.28,9.64,0.11,
54,2026-03-03 07:00:00,1.85,0.19,42.79,0.0,91.05,8.57,8.93,9.39,0.1,
54,2026-03-03 08:00:00,4.55,1.72,227.7,0.0,80.24,10.44,11.4,12.19,0.27,
54,2026-03-03 09:00:00,5.22,2.43,438.4,0.0,73.53,12.63,13.37,14.24,0.41,
54,2026-03-03 10:00:00,4.78,2.88,623.0,0.0,63.37,14.88,15.92,17.04,0.67,
54,2026-03-03 11:00:00,5.38,2.95,768.3,0.0,48.04,17.77,18.84,19.87,1.13,
54,2026-03-03 12:00:00,5.45,2.97,863.0,0.0,41.37,20.32,21.05,21.7,1.46,
54,2026-03-03 13:00:00,5.75,3.03,896.0,0.0,36.43,22.03,22.58,23.12,1.74,
54,2026-03-03 14:00:00,5.6,3.13,895.0,0.0,30.45,23.22,23.9,24.49,2.07,
54,2026-03-03 15:00:00,7.02,3.71,846.0,0.0,22.83,24.58,24.77,25.06,2.41,
54,2026-03-03 16:00:00,5.38,3.38,712.6,0.0,22.82,25.26,25.42,25.66,2.51,
54,2026-03-03 17:00:00,5.68,3.2,595.4,0.0,22.97,25.71,25.74,25.8,2.55,
54,2026-03-03 18:00:00,5.75,2.97,405.5,0.0,27.25,25.13,25.37,25.67,2.36,
54,2026-03-03 19:00:00,5.6,2.65,200.2,0.0,25.01,23.73,24.3,24.82,2.28,
54,2026-03-03 20:00:00,4.1,2.45,32.03,0.0,38.4,20.67,21.69,23.08,1.6,
54,2026-03-03 21:00:00,4.62,2.47,0.0,0.0,52.83,18.98,19.57,20.16,1.08,
54,2026-03-03 22:00:00,4.1,2.18,0.0,0.0,60.18,17.28,17.78,18.29,0.81,
54,2026-03-03 23:00:00,3.95,1.53,0.0,0.0,66.36,15.96,16.46,16.9,0.63,
54,2026-03-04 00:00:00,1.92,0.59,0.0,0.0,74.54,14.24,14.92,15.47,0.43,
54,2026-03-04 01:00:00,1.18,0.08,0.0,0.0,81.81,12.85,13.24,13.61,0.28,
54,2026-03-04 02:00:00,1.78,0.62,0.0,0.0,80.93,12.89,13.13,13.42,0.29,
54,2026-03-04 03:00:00,2.38,0.98,0.0,0.0,79.7,13.29,13.66,13.96,0.32,
54,2026-03-04 04:00:00,2.3,0.64,0.0,0.0,79.92,13.6,13.98,14.22,0.32,
54,2026-03-04 05:00:00,4.25,2.03,0.0,0.0,78.96,13.81,14.1,14.31,0.34,
54,2026-03-04 06:00:00,5.3,2.9,0.0,0.0,81.88,13.78,13.95,14.12,0.29,
54,2026-03-04 07:00:00,5.98,3.03,36.01,0.0,83.53,13.57,13.67,13.76,0.26,
54,2026-03-04 08:00:00,7.7,3.85,228.0,0.0,76.17,13.73,14.07,14.5,0.39,
54,2026-03-04 09:00:00,8.22,4.41,442.5,0.0,69.57,14.97,15.44,15.89,0.54,
54,2026-03-04 10:00:00,9.35,4.65,627.0,0.0,59.01,16.33,17.29,18.14,0.81,
54,2026-03-04 11:00:00,8.53,4.85,771.8,0.0,48.07,18.44,19.27,20.04,1.17,
54,2026-03-04 12:00:00,8.0,4.48,864.0,0.0,37.43,20.36,21.41,22.14,1.6,
54,2026-03-04 13:00:00,7.55,4.31,895.0,0.0,32.38,22.59,23.22,23.88,1.93,
54,2026-03-04 14:00:00,8.0,4.27,893.0,0.0,27.61,24.48,24.87,25.26,2.28,
54,2026-03-04 15:00:00,7.48,4.46,848.0,0.0,24.08,25.46,25.83,26.08,2.53,
54,2026-03-04 16:00:00,8.6,4.32,746.5,0.0,21.98,26.28,26.73,27.03,2.74,
54,2026-03-04 17:00:00,7.18,3.93,593.2,0.0,22.55,27.02,27.09,27.13,2.78,
54,2026-03-04 18:00:00,6.58,3.77,404.5,0.0,23.07,26.4,26.71,27.06,2.7,
54,2026-03-04 19:00:00,5.22,3.01,199.4,0.0,26.53,24.68,25.43,26.11,2.39,
54,2026-03-04 20:00:00,5.45,2.57,27.86,0.0,32.97,22.27,22.96,23.85,1.88,
54,2026-03-04 21:00:00,5.15,2.52,0.0,0.0,38.4,20.3,21.11,21.94,1.55,
54,2026-03-04 22:00:00,4.25,1.57,0.0,0.0,43.92,18.37,18.97,19.55,1.23,
54,2026-03-04 23:00:00,4.03,1.57,0.0,0.0,46.34,17.43,17.63,17.86,1.08,
54,2026-03-05 00:00:00,2.75,1.18,0.0,0.0,51.43,15.81,16.17,16.77,0.9,
54,2026-03-05 01:00:00,2.22,1.07,0.0,0.0,54.49,14.63,15.14,15.53,0.79,
54,2026-03-05 02:00:00,2.6,1.0,0.0,0.0,58.8,13.98,14.18,14.42,0.67,
54,2026-03-05 03:00:00,2.75,0.87,0.0,0.0,63.31,12.71,13.21,13.55,0.56,
54,2026-03-05 04:00:00,1.92,0.86,0.0,0.0,66.8,12.08,12.2,12.34,0.47,
54,2026-03-05 05:00:00,1.55,0.28,0.0,0.0,75.0,9.91,10.95,11.77,0.33,
54,2026-03-05 06:00:00,0.57,0.0,0.0,0.0,84.85,8.53,9.0,9.6,0.18,
54,2026-03-05 07:00:00,1.62,0.17,31.18,0.0,83.43,8.39,8.76,9.58,0.19,
54,2026-03-05 08:00:00,2.75,1.21,220.0,0.0,69.98,10.49,11.65,12.55,0.42,
54,2026-03-05 09:00:00,3.35,1.8,428.7,0.0,65.79,12.98,13.45,13.84,0.53,
54,2026-03-05 10:00:00,3.88,2.14,611.3,0.0,61.44,14.41,15.23,16.09,0.67,
54,2026-03-05 11:00:00,4.03,1.87,751.3,0.0,52.05,16.82,18.05,19.33,1.0,
54,2026-03-05 12:00:00,3.2,1.49,842.0,0.0,43.55,20.11,21.09,22.36,1.42,
54,2026-03-05 13:00:00,3.28,1.14,875.0,0.0,37.08,22.8,24.0,25.21,1.88,
54,2026-03-05 14:00:00,3.2,0.87,874.0,0.0,32.7,25.76,26.7,27.42,2.36,
54,2026-03-05 15:00:00,2.75,1.04,826.0,0.0,30.14,27.54,28.61,29.34,2.74,
54,2026-03-05 16:00:00,4.47,1.11,722.8,0.0,27.1,29.68,29.92,30.17,3.08,
54,2026-03-05 17:00:00,3.8,1.13,576.4,0.0,27.42,30.03,30.23,30.45,3.12,
54,2026-03-05 18:00:00,2.22,0.89,395.0,0.0,25.79,30.32,30.48,30.82,3.24,
54,2026-03-05 19:00:00,1.55,0.55,191.8,0.0,38.3,26.9,28.29,29.82,2.39,
54,2026-03-05 20:00:00,0.95,0.06,22.29,0.0,66.97,20.54,22.65,25.34,0.93,
54,2026-03-05 21:00:00,1.7,0.31,0.0,0.0,63.95,18.59,18.85,19.56,0.79,
54,2026-03-05 22:00:00,2.6,1.22,0.0,0.0,52.49,18.93,19.3,19.74,1.07,
54,2026-03-05 23:00:00,1.32,0.22,0.0,0.0,63.45,16.64,17.53,18.72,0.74,
54,2026-03-06 00:00:00,0.8,0.02,0.0,0.0,78.62,13.96,15.03,16.29,0.37,
54,2026-03-06 01:00:00,0.88,0.03,0.0,0.0,84.2,13.29,13.63,13.88,0.25,
54,2026-03-06 02:00:00,1.32,0.32,0.0,0.0,86.18,12.37,12.97,13.3,0.21,
54,2026-03-06 03:00:00,0.72,0.01,0.0,0.0,88.35,11.54,11.78,11.9,0.16,
54,2026-03-06 04:00:00,0.8,0.03,0.0,0.0,90.78,10.17,10.73,11.09,0.12,
54,2026-03-06 05:00:00,1.55,0.09,0.0,0.0,91.43,10.07,10.16,10.25,0.11,
54,2026-03-06 06:00:00,0.8,0.09,0.0,0.0,91.75,9.49,9.78,10.15,0.1,
54,2026-03-06 07:00:00,1.18,0.1,27.37,0.0,91.05,9.48,9.72,9.94,0.11,
54,2026-03-06 08:00:00,0.42,0.0,216.8,0.0,81.23,9.94,12.12,14.61,0.28,
54,2026-03-06 09:00:00,1.18,0.19,422.8,0.0,63.16,16.28,17.22,18.41,0.73,
54,2026-03-06 10:00:00,3.28,1.06,581.6,0.0,53.61,18.87,19.93,21.09,1.08,
54,2026-03-06 11:00:00,3.2,1.03,732.6,0.0,44.82,21.66,22.73,23.82,1.53,
54,2026-03-06 12:00:00,2.68,0.97,839.0,0.0,38.49,24.86,25.65,26.88,2.03,
54,2026-03-06 13:00:00,2.3,1.04,889.0,0.0,33.05,27.36,28.19,28.62,2.56,
54,2026-03-06 14:00:00,3.12,1.25,900.0,0.0,25.85,29.39,30.45,31.17,3.24,
54,2026-03-06 15:00:00,2.98,1.13,860.0,0.0,17.86,31.79,32.36,32.83,3.99,
54,2026-03-06 16:00:00,3.35,1.17,712.0,0.0,18.39,32.34,32.62,33.01,4.02,
54,2026-03-06 17:00:00,2.45,1.11,585.5,0.0,22.05,32.48,32.84,33.58,3.89,
54,2026-03-06 18:00:00,3.95,0.97,382.7,0.0,23.22,30.99,32.61,33.8,3.78,
54,2026-03-06 19:00:00,4.47,2.52,182.2,0.0,27.56,27.04,28.76,30.49,2.88,
54,2026-03-06 20:00:00,4.62,2.38,20.85,0.0,36.02,23.13,24.44,25.83,1.97,
54,2026-03-06 21:00:00,4.55,2.33,0.0,0.0,43.74,20.52,21.53,22.58,1.45,
54,2026-03-06 22:00:00,3.12,1.38,0.0,0.0,51.57,17.87,18.92,19.89,1.06,
54,2026-03-06 23:00:00,1.1,0.06,0.0,0.0,68.79,14.73,15.88,17.16,0.57,
54,2026-03-07 00:00:00,1.25,0.16,0.0,0.0,80.02,12.83,13.28,14.11,0.31,
54,2026-03-07 01:00:00,0.88,0.09,0.0,0.0,75.46,12.98,13.09,13.33,0.37,
54,2026-03-07 02:00:00,0.95,0.09,0.0,0.0,81.97,11.88,12.27,12.89,0.26,
54,2026-03-07 03:00:00,1.18,0.25,0.0,0.0,83.5,11.23,11.69,12.19,0.23,
54,2026-03-07 04:00:00,0.0,0.0,0.0,0.0,87.98,10.52,10.78,11.4,0.16,
54,2026-03-07 05:00:00,0.0,0.0,0.0,0.0,89.95,9.75,10.02,10.34,0.12,
54,2026-03-07 06:00:00,1.48,0.29,0.0,0.0,90.78,9.24,9.55,10.05,0.11,
54,2026-03-07 07:00:00,0.95,0.02,15.08,0.0,92.78,8.47,8.81,9.33,0.08,
54,2026-03-07 08:00:00,1.1,0.23,216.2,0.0,79.96,9.07,11.43,13.59,0.28,
54,2026-03-07 09:00:00,2.98,0.89,330.5,0.0,65.53,14.2,14.79,15.38,0.58,
54,2026-03-07 10:00:00,4.18,2.09,589.9,0.0,57.72,16.73,17.5,18.46,0.85,
54,2026-03-07 11:00:00,4.85,2.28,741.1,0.0,52.22,19.38,20.04,20.67,1.12,
54,2026-03-07 12:00:00,4.4,2.3,776.2,0.0,47.91,21.08,21.74,22.49,1.36,
54,2026-03-07 13:00:00,4.7,2.52,857.0,0.0,41.71,22.89,23.64,24.16,1.7,
54,2026-03-07 14:00:00,4.92,2.71,795.5,0.0,37.07,24.73,25.16,25.74,2.01,
54,2026-03-07 15:00:00,5.52,2.42,821.0,0.0,30.14,26.2,26.89,27.42,2.48,
54,2026-03-07 16:00:00,5.68,2.83,663.7,0.0,32.01,25.41,27.0,27.76,2.44,
54,2026-03-07 17:00:00,6.35,3.72,442.1,0.0,37.81,24.14,24.37,24.74,1.9,
54,2026-03-07 18:00:00,5.82,3.18,392.0,0.0,33.52,22.35,23.51,24.34,1.93,
54,2026-03-07 19:00:00,5.3,2.92,179.7,0.0,45.18,20.25,21.36,22.04,1.4,
54,2026-03-07 20:00:00,4.4,2.19,14.45,0.0,56.91,18.01,18.82,19.68,0.94,
54,2026-03-07 21:00:00,3.95,2.03,0.0,0.0,67.58,16.08,16.52,17.05,0.61,
54,2026-03-07 22:00:00,3.5,1.53,0.0,0.0,74.3,15.08,15.38,15.67,0.45,
54,2026-03-07 23:00:00,2.22,0.77,0.0,0.0,81.29,13.66,13.93,14.28,0.3,
54,2026-03-08 00:00:00,1.25,0.32,0.0,0.0,86.78,12.14,12.78,13.34,0.2,
54,2026-03-08 01:00:00,0.72,0.02,0.0,0.0,90.0,11.51,11.79,12.05,0.14,
54,2026-03-08 02:00:00,1.02,0.07,0.0,0.0,91.38,10.48,10.81,11.3,0.11,
54,2026-03-08 04:00:00,1.02,0.12,0.0,0.0,92.75,9.93,10.41,10.8,0.09,
54,2026-03-08 05:00:00,1.55,0.24,0.0,0.0,94.43,9.58,9.92,10.33,0.07,
54,2026-03-08 06:00:00,3.12,1.13,0.0,0.0,94.2,9.47,10.41,11.09,0.08,
54,2026-03-08 07:00:00,1.32,0.33,17.82,0.0,94.18,10.26,10.51,10.77,0.07,
54,2026-03-08 08:00:00,1.4,0.27,267.0,0.0,87.08,11.36,12.24,13.18,0.19,
54,2026-03-08 09:00:00,2.6,0.84,401.6,0.0,77.03,13.89,14.85,15.74,0.39,
54,2026-03-08 10:00:00,2.68,1.33,588.8,0.0,67.43,16.26,17.33,18.27,0.65,
54,2026-03-08 11:00:00,3.88,2.03,726.0,0.0,59.97,18.93,19.63,20.35,0.92,
54,2026-03-08 12:00:00,5.68,2.59,819.0,0.0,52.94,21.13,22.02,22.77,1.25,
54,2026-03-08 13:00:00,5.75,2.92,848.0,0.0,46.98,23.12,23.8,24.42,1.57,
54,2026-03-08 14:00:00,5.3,2.41,854.0,0.0,39.02,25.1,25.36,25.91,1.98,
54,2026-03-08 15:00:00,4.18,1.67,816.0,0.0,32.2,26.26,26.94,27.73,2.42,
54,2026-03-08 16:00:00,4.4,1.7,433.7,0.0,28.17,26.0,26.49,27.12,2.48,
54,2026-03-08 17:00:00,5.22,2.97,286.2,0.0,40.69,24.16,25.07,26.28,1.89,
54,2026-03-08 18:00:00,5.08,2.85,152.1,0.0,48.4,21.63,22.46,23.48,1.41,
54,2026-03-08 19:00:00,4.62,2.07,67.77,0.0,54.91,20.15,20.55,21.06,1.09,
54,2026-03-08 20:00:00,3.88,1.77,12.16,0.0,56.28,18.71,19.15,19.69,0.97,
54,2026-03-08 21:00:00,2.08,0.83,0.0,0.0,61.73,17.76,18.22,18.58,0.8,
54,2026-03-08 22:00:00,1.25,0.43,0.0,0.0,76.41,14.7,15.4,16.42,0.41,
54,2026-03-08 23:00:00,0.88,0.04,0.0,0.0,84.3,12.47,13.43,14.22,0.25,
54,2026-03-09 00:00:00,0.8,0.03,0.0,0.0,87.23,12.25,12.44,12.61,0.19,
54,2026-03-09 01:00:00,0.8,0.03,0.0,0.0,89.37,11.62,11.85,12.04,0.15,
54,2026-03-09 02:00:00,1.1,0.2,0.0,0.0,91.03,11.11,11.39,11.75,0.12,
54,2026-03-09 03:00:00,1.25,0.14,0.0,0.0,92.08,10.51,11.0,11.5,0.11,
54,2026-03-09 04:00:00,1.1,0.11,0.0,0.0,92.73,9.59,10.28,11.14,0.09,
54,2026-03-09 05:00:00,1.4,0.17,0.0,0.0,95.13,9.55,9.79,9.97,0.06,
54,2026-03-09 06:00:00,1.7,0.4,0.0,0.0,92.33,9.84,10.37,10.67,0.1,
54,2026-03-09 07:00:00,2.38,0.84,21.47,0.0,88.75,10.41,10.45,10.5,0.15,
54,2026-03-09 08:00:00,1.55,0.37,167.3,0.0,84.2,10.67,11.75,12.67,0.22,
54,2026-03-09 09:00:00,2.3,0.93,411.0,0.0,72.6,16.05,16.38,16.71,0.55,
54,2026-03-09 10:00:00,4.25,2.28,592.5,0.0,66.37,17.26,17.98,18.89,0.7,
54,2026-03-09 11:00:00,4.92,2.5,733.4,0.0,53.01,19.53,20.74,21.89,1.16,
54,2026-03-09 12:00:00,4.32,2.07,821.0,0.0,44.95,22.63,23.45,24.22,1.59,
54,2026-03-09 13:00:00,4.4,2.52,853.0,0.0,35.58,24.94,25.48,26.2,2.1,
54,2026-03-09 14:00:00,5.15,2.45,852.0,0.0,30.18,26.75,27.15,27.6,2.51,
54,2026-03-09 15:00:00,4.55,2.24,808.0,0.0,25.94,28.11,28.7,29.06,2.92,
54,2026-03-09 16:00:00,4.32,2.16,709.0,0.0,22.61,29.39,29.69,29.88,3.23,
54,2026-03-09 17:00:00,5.0,2.43,562.1,0.0,24.72,29.84,29.91,30.04,3.18,
54,2026-03-09 18:00:00,4.78,2.32,300.8,0.0,29.38,27.45,28.42,29.45,2.74,
54,2026-03-09 19:00:00,3.5,1.78,101.5,0.0,31.51,25.06,26.14,27.12,2.33,
54,2026-03-09 20:00:00,2.38,1.28,7.38,0.0,31.45,23.63,23.99,24.34,2.05,
54,2026-03-09 21:00:00,3.5,2.0,0.0,0.0,42.34,22.62,23.41,24.16,1.67,
54,2026-03-09 22:00:00,2.6,0.98,0.0,0.0,54.65,20.74,21.35,22.1,1.16,
54,2026-03-09 23:00:00,1.32,0.11,0.0,0.0,62.2,18.61,19.7,20.59,0.88,
54,2026-03-10 00:00:00,1.02,0.23,0.0,0.0,69.18,16.98,17.53,18.34,0.62,
54,2026-03-10 01:00:00,1.48,0.65,0.0,0.0,69.81,16.35,17.02,17.45,0.59,
54,2026-03-10 02:00:00,1.62,0.48,0.0,0.0,74.51,15.18,15.61,15.94,0.45,
54,2026-03-10 03:00:00,1.92,0.24,0.0,0.0,75.89,14.63,15.09,15.37,0.42,
54,2026-03-10 04:00:00,1.92,0.45,0.0,0.0,76.44,14.56,14.81,15.11,0.4,
54,2026-03-10 05:00:00,2.15,0.49,0.0,0.0,79.63,13.65,14.31,14.7,0.33,
54,2026-03-10 06:00:00,1.85,0.28,0.0,0.0,85.18,12.45,13.12,13.72,0.23,
54,2026-03-10 07:00:00,1.78,0.48,16.68,0.0,85.65,12.19,12.97,13.54,0.22,
54,2026-03-10 08:00:00,0.8,0.04,195.2,0.0,78.39,12.21,14.66,16.89,0.37,
54,2026-03-10 09:00:00,3.05,1.65,398.9,0.0,70.33,17.39,17.76,18.41,0.61,
54,2026-03-10 10:00:00,3.12,1.75,583.9,0.0,57.37,19.05,20.22,21.46,1.02,
54,2026-03-10 11:00:00,3.35,1.57,722.8,0.0,46.58,22.08,23.23,24.28,1.53,
54,2026-03-10 12:00:00,3.65,1.46,813.0,0.0,40.95,24.83,26.0,26.88,1.99,
54,2026-03-10 13:00:00,3.8,1.7,843.0,0.0,33.95,27.23,28.1,28.97,2.52,
54,2026-03-10 14:00:00,5.98,1.59,840.0,0.0,29.13,29.24,29.72,30.28,2.96,
54,2026-03-10 15:00:00,3.12,1.07,796.7,0.0,24.77,30.5,31.25,31.63,3.43,
54,2026-03-10 16:00:00,2.98,1.07,694.3,0.0,22.77,31.47,32.11,32.48,3.7,
54,2026-03-10 17:00:00,2.9,1.1,539.1,0.0,24.53,32.02,32.2,32.49,3.63,
54,2026-03-10 18:00:00,5.3,2.44,353.6,0.0,27.76,29.27,30.6,32.07,3.18,
54,2026-03-10 19:00:00,5.08,3.06,160.0,0.0,33.99,25.76,27.29,28.66,2.4,
54,2026-03-10 20:00:00,4.4,2.47,9.74,0.0,47.63,21.69,23.12,24.54,1.49,
54,2026-03-10 21:00:00,4.55,2.16,0.0,0.0,59.85,18.94,19.92,20.83,0.94,
54,2026-03-10 22:00:00,2.68,1.24,0.0,0.0,63.16,17.92,18.25,18.57,0.77,
54,2026-03-10 23:00:00,1.85,0.71,0.0,0.0,66.6,15.49,16.41,17.37,0.63,
54,2026-03-11 00:00:00,1.1,0.19,0.01,0.0,78.38,13.88,14.49,15.36,0.36,
54,2026-03-11 01:00:00,1.25,0.09,0.0,0.0,81.75,13.09,13.58,14.04,0.29,
54,2026-03-11 02:00:00,0.65,0.01,0.0,0.0,86.1,12.1,12.27,12.46,0.2,
54,2026-03-11 03:00:00,1.4,0.35,0.0,0.0,84.35,12.32,12.64,12.9,0.23,
54,2026-03-11 04:00:00,0.0,0.0,0.0,0.0,87.2,11.24,11.43,11.75,0.17,
54,2026-03-11 05:00:00,0.35,0.0,0.0,0.0,87.48,10.64,10.91,11.22,0.16,
54,2026-03-11 06:00:00,0.35,0.0,0.0,0.0,89.65,10.2,10.28,10.49,0.13,
54,2026-03-11 07:00:00,0.42,0.01,17.98,0.0,90.2,9.61,9.81,10.09,0.12,
54,2026-03-11 08:00:00,0.0,0.0,129.4,0.0,83.62,10.05,11.95,13.71,0.24,
54,2026-03-11 09:00:00,1.62,0.22,361.4,0.0,69.12,14.81,15.92,16.74,0.56,
54,2026-03-11 10:00:00,3.65,1.78,566.1,0.0,57.94,17.15,17.94,18.72,0.87,
54,2026-03-11 11:00:00,4.78,2.25,713.1,0.0,52.51,19.24,20.35,21.31,1.14,
54,2026-03-11 12:00:00,5.82,2.68,804.0,0.0,44.45,21.87,22.86,23.67,1.55,
54,2026-03-11 13:00:00,5.3,2.37,837.0,0.0,35.9,24.3,24.95,25.43,2.03,
54,2026-03-11 14:00:00,5.45,2.06,836.0,0.0,30.69,26.24,26.76,27.34,2.44,
54,2026-03-11 15:00:00,4.85,2.29,789.3,0.0,29.42,27.54,27.98,28.36,2.66,
54,2026-03-11 16:00:00,5.52,2.46,684.6,0.0,27.22,28.66,28.74,28.88,2.87,
54,2026-03-11 17:00:00,5.08,2.45,532.5,0.0,24.39,29.03,29.3,29.45,3.08,
54,2026-03-11 18:00:00,4.03,2.03,352.8,0.0,23.44,28.86,29.21,29.43,3.11,
54,2026-03-11 19:00:00,4.4,1.61,157.4,0.0,31.39,25.92,27.06,28.04,2.49,
54,2026-03-11 20:00:00,3.95,1.94,9.21,0.0,43.28,23.35,24.37,25.42,1.74,
54,2026-03-11 21:00:00,2.98,1.34,0.0,0.0,50.91,21.16,21.93,22.79,1.3,
54,2026-03-11 22:00:00,1.62,0.26,0.0,0.0,64.07,17.85,18.97,20.64,0.8,
54,2026-03-11 23:00:00,1.02,0.28,0.0,0.0,72.09,16.5,16.83,17.36,0.54,
54,2026-03-12 00:00:00,1.32,0.4,0.0,0.0,74.57,15.86,15.95,16.11,0.46,
54,2026-03-12 01:00:00,1.1,0.22,0.0,0.0,78.32,15.29,15.71,16.12,0.39,
54,2026-03-12 02:00:00,2.45,1.26,0.0,0.0,80.82,15.98,16.09,16.28,0.35,
54,2026-03-12 03:00:00,2.38,1.11,0.0,0.0,83.93,15.51,15.71,15.95,0.29,
54,2026-03-12 04:00:00,0.72,0.01,0.0,0.0,89.67,13.22,14.05,14.99,0.17,
54,2026-03-12 05:00:00,0.0,0.0,0.0,0.0,90.8,11.93,12.45,12.94,0.13,
54,2026-03-12 06:00:00,0.0,0.0,0.0,0.0,94.33,11.66,11.74,11.87,0.08,
54,2026-03-12 07:00:00,0.0,0.0,8.18,0.0,93.2,11.09,11.44,11.6,0.09,
54,2026-03-12 08:00:00,2.08,0.37,72.98,0.0,95.83,12.47,13.84,15.03,0.07,
54,2026-03-12 09:00:00,5.08,1.39,148.4,0.0,93.08,14.83,15.43,16.33,0.13,
54,2026-03-12 10:00:00,4.03,2.12,548.4,0.0,75.07,16.72,18.35,19.83,0.54,
54,2026-03-12 11:00:00,4.47,2.15,692.9,0.0,56.55,20.85,22.08,23.17,1.16,
54,2026-03-12 12:00:00,4.85,2.52,781.4,0.0,47.3,23.93,24.7,25.61,1.65,
54,2026-03-12 13:00:00,4.78,2.52,819.0,0.0,41.03,26.42,27.09,27.81,2.12,
54,2026-03-12 14:00:00,4.25,2.27,819.0,0.0,35.61,27.98,28.48,28.96,2.51,
54,2026-03-12 15:00:00,3.8,1.74,778.9,0.0,30.01,29.52,29.81,30.06,2.94,
54,2026-03-12 16:00:00,4.32,1.95,667.6,0.0,29.9,30.35,30.6,30.79,3.08,
54,2026-03-12 17:00:00,4.03,2.09,510.1,0.0,29.36,30.87,31.02,31.12,3.18,
54,2026-03-12 18:00:00,4.25,1.62,332.2,0.0,31.71,30.8,30.89,30.99,3.05,
54,2026-03-12 19:00:00,5.0,2.71,142.6,0.0,41.4,26.61,28.05,29.19,2.23,
54,2026-03-12 20:00:00,3.95,1.58,5.72,0.0,48.63,22.86,24.19,25.56,1.56,
54,2026-03-12 21:00:00,3.72,1.73,0.0,0.0,52.67,21.06,21.83,22.58,1.24,
54,2026-03-12 22:00:00,2.6,1.07,0.0,0.0,57.07,19.36,20.0,20.54,1.01,
54,2026-03-12 23:00:00,2.6,0.9,0.0,0.0,58.23,18.64,18.78,18.91,0.91,
54,2026-03-13 00:00:00,3.2,1.19,0.0,0.0,57.89,18.65,18.87,19.22,0.92,
54,2026-03-13 01:00:00,4.7,1.86,0.0,0.0,57.01,18.62,18.75,19.01,0.93,
54,2026-03-13 02:00:00,4.85,2.67,0.0,0.0,54.82,17.53,18.01,18.53,0.93,
54,2026-03-13 03:00:00,5.0,2.79,0.0,0.0,56.64,16.53,16.89,17.24,0.84,
54,2026-03-13 04:00:00,5.15,2.79,0.0,0.0,60.23,15.5,15.88,16.27,0.72,
54,2026-03-13 05:00:00,5.3,2.67,0.0,0.0,65.26,14.53,14.92,15.29,0.59,
54,2026-03-13 06:00:00,4.7,2.35,0.0,0.0,71.95,13.44,13.75,14.14,0.44,
54,2026-03-13 07:00:00,4.92,2.59,12.57,0.0,74.33,13.02,13.16,13.32,0.39,
54,2026-03-13 08:00:00,5.3,2.88,126.4,0.0,72.62,13.11,13.41,13.56,0.42,
54,2026-03-13 09:00:00,5.08,3.15,307.6,0.0,69.81,13.9,14.16,14.38,0.49,
54,2026-03-13 10:00:00,5.3,3.14,563.7,0.0,63.48,14.35,15.81,16.85,0.66,
54,2026-03-13 11:00:00,5.22,3.1,681.4,0.0,56.37,17.44,18.31,19.01,0.92,
54,2026-03-13 12:00:00,5.0,2.94,802.0,0.0,48.38,19.65,20.66,21.66,1.26,
54,2026-03-13 13:00:00,5.6,3.16,852.0,0.0,43.93,21.96,22.67,23.28,1.55,
54,2026-03-13 14:00:00,6.72,3.07,840.0,0.0,37.94,23.77,24.38,25.0,1.9,
54,2026-03-13 15:00:00,5.68,3.3,787.7,0.0,32.34,25.29,25.62,25.95,2.22,
54,2026-03-13 16:00:00,5.15,2.75,684.7,0.0,28.81,26.3,26.51,26.73,2.47,
54,2026-03-13 17:00:00,4.55,2.6,536.1,0.0,24.8,26.74,26.87,26.97,2.66,
54,2026-03-13 18:00:00,5.08,2.38,352.4,0.0,23.66,26.05,26.44,26.83,2.64,
54,2026-03-13 19:00:00,3.58,1.69,153.0,0.0,27.79,23.13,24.48,25.65,2.22,
54,2026-03-13 20:00:00,2.98,1.6,5.73,0.0,33.07,21.37,21.81,22.45,1.75,
54,2026-03-13 21:00:00,4.03,1.57,0.0,0.0,35.76,20.13,20.75,21.25,1.58,
54,2026-03-13 22:00:00,2.22,0.84,0.0,0.0,54.2,17.09,18.08,19.05,0.96,
54,2026-03-13 23:00:00,1.85,0.75,0.0,0.0,67.08,14.44,14.79,15.02,0.55,
54,2026-03-14 00:00:00,2.98,1.13,0.0,0.0,61.05,13.99,14.95,16.14,0.67,
54,2026-03-14 01:00:00,3.28,1.15,0.0,0.0,56.41,15.28,15.69,16.08,0.78,
54,2026-03-14 02:00:00,2.98,1.15,0.0,0.0,59.82,14.53,14.98,15.59,0.69,
54,2026-03-14 03:00:00,3.05,1.4,0.0,0.0,62.41,14.13,14.22,14.27,0.61,
54,2026-03-14 04:00:00,3.28,1.77,0.0,0.0,64.28,13.64,13.79,14.04,0.57,
54,2026-03-14 05:00:00,3.5,1.48,0.0,0.0,66.64,13.02,13.37,13.55,0.51,
54,2026-03-14 06:00:00,3.28,1.05,0.0,0.0,70.52,12.23,12.4,12.68,0.42,
54,2026-03-14 07:00:00,3.5,1.07,9.8,0.0,72.57,11.62,12.3,12.71,0.4,
54,2026-03-14 08:00:00,2.08,0.16,175.2,0.0,71.82,10.85,12.16,13.84,0.41,
54,2026-03-14 09:00:00,3.5,1.68,353.9,0.0,61.45,14.42,14.96,15.6,0.66,
54,2026-03-14 10:00:00,3.58,1.82,541.4,0.0,58.49,15.31,16.35,17.41,0.78,
54,2026-03-14 11:00:00,3.8,2.06,617.8,0.0,50.6,18.03,18.91,19.65,1.08,
54,2026-03-14 12:00:00,3.95,1.34,758.2,0.0,42.61,20.18,21.24,22.03,1.45,
54,2026-03-14 13:00:00,2.45,0.99,745.4,0.0,36.5,22.3,23.11,24.05,1.8,
54,2026-03-14 14:00:00,3.5,1.38,569.0,0.0,31.45,24.05,24.28,24.7,2.08,
54,2026-03-14 15:00:00,3.35,1.37,508.1,0.0,27.31,25.13,25.38,25.57,2.36,
54,2026-03-14 16:00:00,3.72,1.99,385.5,0.0,29.73,25.05,25.19,25.41,2.25,
54,2026-03-14 17:00:00,4.78,2.21,425.3,0.0,21.66,24.93,25.18,25.31,2.51,
54,2026-03-14 18:00:00,5.45,2.8,212.5,0.0,22.94,21.95,23.05,24.11,2.17,
54,2026-03-14 19:00:00,5.22,2.58,39.15,0.0,30.9,19.79,20.62,21.46,1.68,
54,2026-03-14 20:00:00,5.22,2.75,1.38,0.0,41.21,18.48,18.83,19.26,1.28,
54,2026-03-14 21:00:00,5.45,2.92,0.0,0.0,52.66,17.39,17.82,18.23,0.97,
54,2026-03-14 22:00:00,5.0,2.49,0.0,0.0,59.23,16.91,17.04,17.16,0.79,
54,2026-03-14 23:00:00,3.5,1.28,0.0,0.0,63.09,16.4,16.62,16.9,0.7,
54,2026-03-15 00:00:00,1.48,0.18,0.0,0.0,65.25,15.97,16.12,16.25,0.64,
54,2026-03-15 01:00:00,2.0,0.42,0.0,0.0,68.48,15.7,15.81,15.97,0.57,
54,2026-03-15 02:00:00,1.62,0.51,0.0,0.0,65.56,15.5,15.68,15.9,0.61,
54,2026-03-15 03:00:00,2.15,0.81,0.0,0.0,64.27,15.74,15.87,15.95,0.64,
54,2026-03-15 04:00:00,3.5,1.71,0.0,0.0,64.86,15.89,15.97,16.13,0.64,
54,2026-03-15 05:00:00,4.47,2.24,0.0,0.0,68.87,15.71,15.95,16.14,0.56,
54,2026-03-15 06:00:00,4.47,2.28,0.0,0.0,67.44,15.35,15.47,15.59,0.57,
54,2026-03-15 07:00:00,4.62,2.61,0.58,0.0,67.61,15.16,15.24,15.34,0.56,
54,2026-03-15 08:00:00,4.85,2.86,35.82,0.0,72.51,14.95,15.03,15.16,0.47,
54,2026-03-15 09:00:00,3.72,1.72,106.4,0.1,80.14,14.62,14.96,15.29,0.34,
54,2026-03-15 10:00:00,5.38,2.32,163.2,0.0,76.39,15.33,16.02,16.58,0.43,
54,2026-03-15 11:00:00,4.78,2.76,165.1,0.0,69.98,16.7,17.45,18.2,0.6,
54,2026-03-15 12:00:00,8.3,3.84,870.0,0.0,58.0,18.66,20.27,22.32,1.01,
54,2026-03-15 13:00:00,7.62,4.26,448.9,0.0,55.79,21.17,21.54,22.02,1.14,
54,2026-03-15 14:00:00,6.88,3.62,119.8,0.0,57.65,20.92,21.26,21.49,1.07,
54,2026-03-15 15:00:00,6.58,3.53,75.98,0.0,57.75,20.95,21.1,21.27,1.06,
54,2026-03-15 16:00:00,7.78,4.15,64.87,0.0,60.27,20.42,20.77,21.05,0.98,
54,2026-03-15 17:00:00,7.62,3.97,51.07,0.0,66.16,19.89,20.05,20.38,0.79,
54,2026-03-15 18:00:00,6.5,3.6,33.07,5.0,81.09,17.46,19.0,20.13,0.43,
54,2026-03-15 19:00:00,5.6,1.71,8.98,9.2,95.83,15.84,15.96,16.07,0.08,
54,2026-03-15 20:00:00,2.98,1.53,0.69,5.2,96.48,15.57,15.64,15.73,0.06,
54,2026-03-15 21:00:00,2.9,0.98,0.0,3.3,96.25,15.38,15.44,15.52,0.07,
54,2026-03-15 22:00:00,1.55,0.13,0.0,0.6,96.13,14.49,15.04,15.35,0.07,
54,2026-03-15 23:00:00,0.95,0.06,0.0,0.0,96.75,14.75,14.91,15.06,0.06,
54,2026-03-16 00:00:00,0.72,0.02,0.0,0.0,96.85,14.76,14.8,14.88,0.05,
54,2026-03-16 01:00:00,0.0,0.0,0.0,0.1,96.88,14.69,14.74,14.77,0.05,
54,2026-03-16 02:00:00,0.95,0.04,0.0,0.0,96.58,13.55,13.95,14.5,0.06,
54,2026-03-16 03:00:00,0.0,0.0,0.0,0.0,96.85,12.19,12.46,12.9,0.05,
54,2026-03-16 04:00:00,0.8,0.01,0.0,0.0,97.38,12.19,12.5,12.84,0.04,
54,2026-03-16 05:00:00,0.0,0.0,0.0,0.0,97.47,12.28,12.52,12.66,0.04,
54,2026-03-16 06:00:00,0.5,0.01,0.0,0.1,97.65,12.54,12.79,13.16,0.03,
54,2026-03-16 07:00:00,1.18,0.03,0.75,0.0,97.6,13.36,13.39,13.41,0.04,
54,2026-03-16 08:00:00,1.32,0.36,70.37,0.0,97.28,13.54,13.8,14.04,0.04,
54,2026-03-16 09:00:00,2.08,0.5,188.9,0.0,94.88,14.34,15.04,15.62,0.09,
54,2026-03-16 10:00:00,2.3,0.9,228.6,0.0,90.08,15.96,16.37,16.85,0.18,
54,2026-03-16 11:00:00,2.6,1.12,247.7,0.0,83.18,16.99,17.39,17.78,0.34,
54,2026-03-16 12:00:00,3.28,1.6,220.6,0.0,81.32,17.62,17.8,17.96,0.38,
54,2026-03-16 13:00:00,3.72,2.15,294.2,0.0,75.48,17.98,18.22,18.51,0.52,
54,2026-03-16 14:00:00,4.78,2.34,439.1,0.0,72.26,18.72,19.13,19.42,0.62,
54,2026-03-16 15:00:00,5.98,3.32,791.0,0.0,72.26,19.25,19.55,19.79,0.63,
54,2026-03-16 16:00:00,5.15,3.03,625.1,0.0,72.07,19.44,19.65,19.93,0.64,
54,2026-03-16 17:00:00,5.6,2.75,446.1,0.0,69.88,19.81,19.89,20.06,0.7,
54,2026-03-16 18:00:00,4.4,2.7,307.2,0.0,68.51,19.37,19.52,19.81,0.72,
54,2026-03-16 19:00:00,4.18,1.78,175.0,0.0,72.21,18.16,18.95,19.4,0.61,
54,2026-03-16 20:00:00,1.78,0.5,3.57,0.0,68.25,15.84,16.33,17.18,0.59,
54,2026-03-16 21:00:00,2.22,0.58,0.0,0.0,70.42,16.12,16.17,16.2,0.54,
54,2026-03-16 22:00:00,2.9,1.22,0.0,0.0,67.29,16.19,16.28,16.43,0.61,
54,2026-03-16 23:00:00,2.75,1.11,0.0,0.0,73.96,15.05,15.51,15.97,0.46,
54,2026-03-17 00:00:00,3.42,1.72,0.0,0.0,75.25,15.04,15.24,15.39,0.43,
54,2026-03-17 01:00:00,3.8,1.98,0.0,0.0,78.1,14.62,14.97,15.33,0.37,
54,2026-03-17 02:00:00,3.72,1.96,0.0,0.0,76.53,14.64,15.02,15.39,0.4,
54,2026-03-17 03:00:00,2.38,1.08,0.0,0.0,83.23,14.55,15.15,15.57,0.29,
54,2026-03-17 04:00:00,2.38,0.85,0.0,0.2,93.7,14.17,14.22,14.32,0.1,
54,2026-03-17 05:00:00,2.0,0.34,0.0,0.0,94.33,14.16,14.22,14.28,0.09,
54,2026-03-17 06:00:00,2.52,0.63,0.0,0.0,95.7,13.2,13.46,13.63,0.07,
54,2026-03-17 07:00:00,2.22,0.87,1.4,0.0,95.48,13.76,13.84,13.89,0.07,
54,2026-03-17 08:00:00,2.3,0.45,292.4,0.0,92.38,13.87,14.24,14.98,0.13,
54,2026-03-17 09:00:00,3.58,1.7,318.0,0.0,85.18,15.59,15.67,15.78,0.26,
54,2026-03-17 10:00:00,3.5,1.57,448.7,0.0,78.6,16.04,16.59,17.21,0.4,
54,2026-03-17 11:00:00,3.72,1.62,617.8,0.0,69.66,17.53,18.21,18.69,0.64,
54,2026-03-17 12:00:00,4.62,2.15,699.4,0.0,64.1,19.04,19.46,19.83,0.81,
54,2026-03-17 13:00:00,3.65,1.74,685.0,0.0,58.87,19.78,20.27,20.7,0.98,
54,2026-03-17 14:00:00,4.32,1.97,774.2,0.0,53.37,20.88,21.36,21.77,1.19,
54,2026-03-17 15:00:00,5.15,1.66,777.3,0.0,50.47,21.67,22.18,22.62,1.33,
54,2026-03-17 16:00:00,5.0,2.03,670.6,0.0,45.98,22.6,22.98,23.32,1.52,
54,2026-03-17 17:00:00,3.65,1.65,557.6,0.0,48.56,21.52,22.56,23.42,1.41,
54,2026-03-17 18:00:00,4.18,2.0,312.6,0.0,46.33,21.54,22.17,22.43,1.44,
54,2026-03-17 19:00:00,3.05,1.33,92.6,0.0,49.55,20.13,21.1,21.66,1.27,
54,2026-03-17 20:00:00,1.92,0.53,4.69,0.0,63.14,16.81,18.01,19.35,0.77,
54,2026-03-17 21:00:00,3.28,1.34,0.0,0.0,63.43,16.1,16.38,16.62,0.68,
54,2026-03-17 22:00:00,3.2,1.09,0.0,0.0,64.29,14.58,15.34,16.11,0.63,
54,2026-03-17 23:00:00,1.78,0.64,0.0,0.0,74.58,12.98,13.37,13.92,0.39,
54,2026-03-18 00:00:00,2.52,0.68,0.0,0.0,72.97,12.22,12.56,12.76,0.4,
54,2026-03-18 01:00:00,3.05,1.69,0.0,0.0,71.91,12.25,12.41,12.54,0.41,
54,2026-03-18 02:00:00,2.0,0.64,0.0,0.0,76.17,11.23,11.61,11.89,0.33,
54,2026-03-18 03:00:00,0.88,0.08,0.0,0.0,84.68,9.81,10.07,10.58,0.19,
54,2026-03-18 04:00:00,0.0,0.0,0.0,0.0,90.68,8.32,8.77,9.29,0.11,
54,2026-03-18 05:00:00,0.0,0.0,0.0,0.0,92.1,7.78,8.12,8.38,0.09,
54,2026-03-18 06:00:00,0.8,0.02,0.0,0.0,94.2,7.46,7.56,7.67,0.06,
54,2026-03-18 07:00:00,0.0,0.0,6.74,0.0,94.45,7.01,7.19,7.37,0.06,
54,2026-03-18 08:00:00,0.88,0.01,184.1,0.0,83.93,7.38,9.88,12.55,0.21,
54,2026-03-18 09:00:00,2.68,1.11,375.2,0.0,71.05,12.5,12.95,13.45,0.43,
54,2026-03-18 10:00:00,3.35,1.63,553.1,0.0,63.81,14.04,15.02,15.92,0.62,
54,2026-03-18 11:00:00,2.82,1.16,691.1,0.0,54.2,16.7,17.84,18.72,0.94,
54,2026-03-18 12:00:00,2.9,0.89,776.6,0.0,48.31,19.3,20.46,21.72,1.25,
54,2026-03-18 13:00:00,3.05,1.13,805.0,0.0,43.7,22.01,22.65,23.12,1.55,
54,2026-03-18 14:00:00,2.82,1.04,803.0,0.0,40.63,23.5,24.09,24.87,1.78,
54,2026-03-18 15:00:00,3.05,1.2,758.6,0.0,34.48,25.14,25.87,26.52,2.19,
54,2026-03-18 16:00:00,3.35,1.16,649.3,0.0,31.73,26.56,26.94,27.27,2.43,
54,2026-03-18 17:00:00,3.72,1.35,502.7,0.0,29.98,27.18,27.34,27.43,2.55,
54,2026-03-18 18:00:00,4.18,2.39,321.1,0.0,33.39,24.8,25.68,26.41,2.2,
54,2026-03-18 19:00:00,4.18,2.2,129.6,0.0,36.56,21.05,22.68,24.1,1.76,
54,2026-03-18 20:00:00,4.18,2.15,3.2,0.0,47.4,17.61,18.73,19.88,1.14,
54,2026-03-18 21:00:00,3.35,1.46,0.0,0.0,55.4,15.71,16.3,16.88,0.83,
54,2026-03-18 22:00:00,2.38,0.62,0.0,0.0,67.72,13.58,14.56,15.4,0.54,
54,2026-03-18 23:00:00,0.88,0.03,0.0,0.0,82.78,11.71,12.34,13.05,0.25,
54,2026-03-19 00:00:00,0.95,0.03,0.0,0.0,88.48,10.77,11.11,11.45,0.15,
54,2026-03-19 01:00:00,0.95,0.21,0.0,0.0,89.65,10.49,10.66,10.8,0.13,
54,2026-03-19 02:00:00,1.7,0.15,0.0,0.0,91.33,9.63,10.26,10.59,0.11,
54,2026-03-19 03:00:00,0.72,0.02,0.0,0.0,93.45,8.84,9.06,9.25,0.07,
54,2026-03-19 04:00:00,0.8,0.01,0.0,0.0,94.0,8.31,8.48,8.81,0.07,
54,2026-03-19 05:00:00,1.55,0.51,0.0,0.0,93.8,8.38,8.55,8.87,0.07,
54,2026-03-19 06:00:00,2.08,0.49,0.0,0.0,93.75,8.94,9.14,9.27,0.07,
54,2026-03-19 07:00:00,2.38,1.09,4.91,0.0,91.13,9.5,10.0,10.58,0.11,
54,2026-03-19 08:00:00,3.05,1.02,157.2,0.0,86.8,10.6,11.64,12.82,0.18,
54,2026-03-19 09:00:00,3.72,1.69,194.0,0.0,83.28,12.96,13.2,13.74,0.26,
54,2026-03-19 10:00:00,4.32,2.4,207.3,0.0,76.78,14.38,15.17,15.9,0.4,
54,2026-03-19 11:00:00,4.92,2.41,481.8,0.0,67.04,16.51,17.84,19.11,0.68,
54,2026-03-19 12:00:00,4.92,2.25,372.1,0.0,62.18,19.06,19.46,19.86,0.86,
54,2026-03-19 13:00:00,4.62,2.12,176.3,0.3,89.85,16.32,17.04,18.98,0.2,
54,2026-03-19 14:00:00,3.12,1.65,122.9,0.7,94.5,16.16,16.22,16.27,0.1,
54,2026-03-19 15:00:00,4.32,1.93,83.3,0.3,94.65,15.74,16.09,16.24,0.1,
54,2026-03-19 16:00:00,5.0,2.76,97.5,0.3,94.7,14.51,14.82,15.18,0.09,
54,2026-03-19 17:00:00,3.8,1.57,64.23,0.0,94.23,14.31,14.44,14.55,0.1,
54,2026-03-19 18:00:00,3.12,1.28,38.89,0.0,93.78,14.33,14.54,14.71,0.1,
54,2026-03-19 19:00:00,2.0,0.76,12.34,0.0,93.9,14.24,14.32,14.35,0.1,
54,2026-03-19 20:00:00,2.38,1.23,0.32,0.0,94.83,13.82,13.99,14.19,0.08,
54,2026-03-19 21:00:00,2.08,0.54,0.0,0.0,94.28,13.78,13.8,13.82,0.09,
54,2026-03-19 22:00:00,1.85,0.73,0.0,4.4,95.45,13.61,13.74,13.85,0.07,
54,2026-03-19 23:00:00,1.25,0.32,0.0,4.1,96.35,13.42,13.44,13.46,0.06,
54,2026-03-20 00:00:00,2.15,0.57,0.0,4.9,96.68,13.2,13.26,13.38,0.05,
54,2026-03-20 01:00:00,3.2,0.99,0.0,5.3,97.0,13.1,13.15,13.2,0.05,
54,2026-03-20 02:00:00,1.48,0.3,0.0,3.8,97.03,13.11,13.14,13.16,0.05,
54,2026-03-20 03:00:00,1.32,0.32,0.0,2.6,96.85,12.93,12.98,13.01,0.05,
54,2026-03-20 04:00:00,2.0,0.66,0.0,0.9,96.98,12.88,12.91,12.93,0.04,
54,2026-03-20 05:00:00,1.62,0.69,0.0,1.0,96.75,12.8,12.87,12.93,0.05,
54,2026-03-20 06:00:00,2.52,1.07,0.0,0.7,96.25,12.57,12.73,12.91,0.06,
54,2026-03-20 07:00:00,2.52,1.28,0.71,3.2,96.58,12.14,12.31,12.52,0.05,
54,2026-03-20 08:00:00,2.98,1.08,13.27,1.5,96.35,11.84,11.94,12.03,0.05,
54,2026-03-20 09:00:00,2.3,0.99,53.8,3.5,96.55,11.65,11.75,11.82,0.05,
54,2026-03-20 10:00:00,3.12,1.41,125.7,0.9,95.85,11.9,12.02,12.13,0.06,
54,2026-03-20 11:00:00,3.5,1.53,337.6,0.1,93.05,12.33,12.65,13.08,0.1,
54,2026-03-20 12:00:00,2.9,1.31,314.0,0.0,88.48,13.54,13.7,13.84,0.18,
54,2026-03-20 13:00:00,2.68,0.82,915.0,0.0,77.58,14.24,15.19,16.27,0.39,
54,2026-03-20 14:00:00,3.12,0.81,664.2,0.0,72.36,16.38,16.49,16.66,0.52,
54,2026-03-20 15:00:00,2.22,0.56,328.7,1.0,78.23,15.25,15.55,16.13,0.38,
54,2026-03-20 16:00:00,3.95,2.01,461.2,0.0,82.98,15.68,15.87,16.07,0.31,
54,2026-03-20 17:00:00,3.35,1.95,220.0,0.0,78.43,15.37,15.56,15.65,0.38,
54,2026-03-20 18:00:00,5.08,2.5,330.0,0.1,79.1,15.06,15.69,15.96,0.37,
54,2026-03-20 19:00:00,4.32,2.34,69.84,0.0,82.7,13.64,14.19,14.48,0.28,
54,2026-03-20 20:00:00,3.88,1.95,0.59,0.0,81.64,12.95,13.16,13.36,0.28,
54,2026-03-20 21:00:00,2.98,1.36,0.0,6.6,92.0,10.84,11.28,11.94,0.11,
54,2026-03-20 22:00:00,2.15,0.48,0.0,0.0,92.85,10.38,10.71,10.94,0.09,
54,2026-03-20 23:00:00,1.25,0.06,0.0,0.1,95.58,9.47,9.53,9.66,0.05,
54,2026-03-21 00:00:00,0.35,0.0,0.0,0.0,96.58,9.78,10.26,10.71,0.04,
54,2026-03-21 01:00:00,0.0,0.0,0.0,0.0,95.9,10.03,10.62,10.92,0.05,
54,2026-03-21 02:00:00,0.42,0.0,0.0,0.0,96.18,9.7,9.89,10.1,0.05,
54,2026-03-21 03:00:00,0.0,0.0,0.0,0.0,95.95,8.19,8.47,8.8,0.05,
54,2026-03-21 04:00:00,0.8,0.05,0.0,0.0,96.55,7.3,7.48,7.73,0.04,
54,2026-03-21 05:00:00,1.4,0.18,0.0,0.0,97.33,7.35,8.1,9.19,0.03,
54,2026-03-21 06:00:00,1.7,0.48,0.0,0.1,97.65,9.46,9.5,9.54,0.03,
54,2026-03-21 07:00:00,2.52,1.28,3.11,0.0,97.83,8.78,8.98,9.31,0.03,
54,2026-03-21 08:00:00,2.6,0.97,125.7,0.0,98.0,8.39,8.51,8.61,0.02,
54,2026-03-21 09:00:00,2.22,0.84,239.6,0.0,98.08,8.81,9.32,9.8,0.02,
54,2026-03-21 10:00:00,3.5,1.61,343.7,0.0,97.8,10.07,10.51,10.98,0.03,
54,2026-03-21 11:00:00,3.05,1.33,689.5,0.0,83.26,11.84,13.38,14.93,0.26,
54,2026-03-21 12:00:00,2.68,0.94,776.6,0.0,66.14,15.25,16.15,16.75,0.62,
54,2026-03-21 13:00:00,3.95,1.13,804.0,0.0,56.72,17.18,17.52,17.78,0.87,
54,2026-03-21 14:00:00,2.45,0.75,705.1,0.0,49.53,18.42,18.84,19.33,1.1,
54,2026-03-21 15:00:00,2.68,0.88,659.8,0.0,43.17,19.49,19.8,20.09,1.31,
54,2026-03-21 16:00:00,1.7,0.28,264.8,0.0,42.81,19.34,19.39,19.44,1.29,
54,2026-03-21 17:00:00,3.95,1.45,122.7,0.0,49.88,18.01,18.44,19.08,1.06,
54,2026-03-21 18:00:00,3.8,2.02,132.7,0.0,47.71,16.95,17.48,17.95,1.04,
54,2026-03-21 19:00:00,3.2,1.51,28.44,0.0,54.08,15.57,16.1,16.53,0.84,
54,2026-03-21 20:00:00,2.08,0.88,0.33,0.0,64.72,14.28,14.83,15.26,0.6,
54,2026-03-21 21:00:00,1.92,0.3,0.0,0.0,69.89,13.86,13.93,13.97,0.48,
54,2026-03-21 22:00:00,2.52,0.83,0.0,0.0,73.68,13.44,13.64,13.75,0.41,
54,2026-03-21 23:00:00,1.62,0.03,0.0,0.0,84.54,12.85,13.14,13.36,0.23,
54,2026-03-22 00:00:00,1.25,0.09,0.0,0.0,82.45,12.87,12.88,12.9,0.26,
54,2026-03-22 01:00:00,2.22,0.9,0.0,0.0,81.17,12.89,12.95,13.02,0.28,
54,2026-03-22 02:00:00,1.55,0.24,0.0,0.0,82.09,12.55,12.71,12.85,0.26,
54,2026-03-22 03:00:00,1.48,0.26,0.0,0.0,83.03,12.27,12.58,12.8,0.25,
54,2026-03-22 04:00:00,2.52,0.91,0.0,0.4,89.08,11.59,11.91,12.29,0.15,
54,2026-03-22 05:00:00,1.7,0.56,0.0,2.3,93.03,11.56,11.58,11.61,0.09,
54,2026-03-22 06:00:00,4.18,1.21,0.0,5.4,88.65,11.52,11.56,11.61,0.15,
54,2026-03-22 07:00:00,5.3,1.73,0.39,3.4,87.6,11.43,11.51,11.59,0.17,
54,2026-03-22 08:00:00,4.7,1.76,21.98,1.2,92.3,10.7,11.1,11.34,0.1,
54,2026-03-22 09:00:00,3.42,1.54,167.5,0.2,93.73,10.59,10.89,11.35,0.08,
54,2026-03-22 10:00:00,5.08,2.42,329.8,0.0,87.48,11.8,12.1,12.28,0.18,
54,2026-03-22 11:00:00,4.7,2.41,344.7,0.0,84.0,12.28,12.62,12.91,0.24,
54,2026-03-22 12:00:00,4.03,2.1,377.0,0.0,79.66,13.14,13.65,14.17,0.32,
54,2026-03-22 13:00:00,3.35,1.83,464.7,0.0,73.26,14.46,14.86,15.25,0.45,
54,2026-03-22 14:00:00,4.4,2.28,817.0,0.0,65.13,15.82,16.4,17.1,0.65,
54,2026-03-22 15:00:00,3.12,1.3,522.7,0.0,59.27,16.6,16.85,17.2,0.78,
54,2026-03-22 16:00:00,3.65,1.51,678.9,0.0,52.57,17.99,18.2,18.34,0.99,
54,2026-03-22 17:00:00,3.5,1.48,579.1,0.0,53.43,18.41,18.54,18.64,0.99,
54,2026-03-22 18:00:00,2.68,0.76,205.1,0.0,61.77,16.71,17.34,17.78,0.76,
54,2026-03-22 19:00:00,0.0,0.0,31.5,0.0,83.7,14.18,15.15,16.3,0.28,
54,2026-03-22 20:00:00,1.32,0.15,1.48,0.0,89.58,12.11,12.66,13.37,0.16,
54,2026-03-22 21:00:00,3.88,0.72,0.0,0.0,86.58,11.94,12.2,12.65,0.19,
54,2026-03-22 22:00:00,3.5,1.71,0.0,0.0,80.01,12.23,12.47,12.71,0.29,
54,2026-03-22 23:00:00,2.45,1.17,0.0,0.0,80.34,10.77,11.3,11.94,0.26,
54,2026-03-23 00:00:00,2.45,0.99,0.0,0.0,81.58,9.97,10.46,10.71,0.24,
54,2026-03-23 01:00:00,3.5,1.84,0.0,0.0,84.2,9.37,9.5,9.69,0.19,
54,2026-03-23 02:00:00,3.5,1.91,0.0,0.0,83.98,9.0,9.11,9.23,0.19,
54,2026-03-23 03:00:00,2.82,1.14,0.0,0.0,85.98,8.17,8.58,9.1,0.16,
54,2026-03-23 04:00:00,2.82,1.5,0.0,0.0,87.6,7.7,7.95,8.2,0.14,
54,2026-03-23 05:00:00,3.35,1.86,0.0,0.0,88.8,7.51,7.62,7.74,0.12,
54,2026-03-23 06:00:00,3.72,1.66,0.0,0.0,89.23,7.39,7.47,7.54,0.11,
54,2026-03-23 07:00:00,3.35,0.85,4.9,0.0,90.0,6.47,7.07,7.34,0.1,
54,2026-03-23 08:00:00,2.08,0.48,166.5,0.0,87.75,6.03,7.14,8.25,0.13,
54,2026-03-23 09:00:00,4.03,2.0,366.3,0.0,79.71,8.67,9.35,9.95,0.24,
54,2026-03-23 10:00:00,3.72,2.15,545.5,0.0,72.63,10.51,11.39,12.61,0.37,
54,2026-03-23 11:00:00,4.32,2.46,683.4,0.0,62.21,13.23,14.27,15.35,0.62,
54,2026-03-23 12:00:00,5.6,2.8,766.8,0.0,50.79,15.79,16.6,17.35,0.94,
54,2026-03-23 13:00:00,5.45,3.11,791.7,0.0,44.0,17.79,18.33,18.93,1.18,
54,2026-03-23 14:00:00,4.78,2.96,789.0,0.0,37.58,19.07,19.55,20.02,1.42,
54,2026-03-23 15:00:00,5.3,2.85,742.4,0.0,35.53,20.31,20.7,21.04,1.58,
54,2026-03-23 16:00:00,5.0,2.42,637.8,0.0,31.74,21.24,21.57,21.88,1.76,
54,2026-03-23 17:00:00,5.68,3.15,485.0,0.0,30.74,21.5,21.65,21.76,1.79,
54,2026-03-23 18:00:00,5.0,2.82,300.5,0.0,28.82,20.62,21.1,21.53,1.78,
54,2026-03-23 19:00:00,4.25,2.02,111.7,0.0,36.96,18.09,19.24,20.25,1.41,
54,2026-03-23 20:00:00,3.72,1.91,1.32,0.0,42.85,16.56,17.02,17.29,1.11,
54,2026-03-23 21:00:00,5.68,2.34,0.0,0.0,57.59,14.36,15.34,16.2,0.75,
54,2026-03-23 22:00:00,3.65,2.1,0.0,0.0,67.38,13.43,13.72,13.95,0.51,
54,2026-03-23 23:00:00,3.5,1.27,0.0,0.0,74.6,11.85,12.62,13.19,0.37,
54,2026-03-24 00:00:00,1.7,0.65,0.0,0.0,80.45,11.01,11.17,11.3,0.26,
54,2026-03-24 01:00:00,2.82,1.06,0.0,0.0,80.05,10.99,11.2,11.42,0.27,
54,2026-03-24 02:00:00,2.08,0.62,0.0,0.0,84.45,9.88,10.78,11.39,0.2,
54,2026-03-24 03:00:00,0.88,0.03,0.0,0.0,91.13,8.81,9.05,9.29,0.1,
54,2026-03-24 04:00:00,0.88,0.03,0.0,0.0,93.0,8.11,8.36,8.55,0.08,
54,2026-03-24 05:00:00,0.57,0.01,0.0,0.0,94.35,7.93,8.16,8.51,0.06,
54,2026-03-24 06:00:00,1.02,0.09,0.0,0.0,94.43,7.2,7.55,8.22,0.06,
54,2026-03-24 07:00:00,0.8,0.04,4.28,0.0,95.48,7.31,7.39,7.46,0.05,
54,2026-03-24 08:00:00,1.78,0.3,162.1,0.0,91.85,7.58,9.5,11.61,0.1,
54,2026-03-24 09:00:00,1.7,0.7,347.7,0.0,78.65,12.55,13.78,14.79,0.34,
54,2026-03-24 10:00:00,3.05,1.21,514.5,0.0,73.12,15.13,15.97,16.88,0.49,
54,2026-03-24 11:00:00,4.25,2.08,587.3,0.0,70.21,17.65,17.96,18.56,0.61,
54,2026-03-24 12:00:00,4.85,2.15,376.0,0.0,69.61,18.47,18.64,18.89,0.66,
54,2026-03-24 13:00:00,5.45,3.25,428.3,0.0,73.78,17.4,18.06,18.76,0.55,
54,2026-03-24 14:00:00,4.32,2.43,442.7,0.0,64.89,19.34,19.48,19.71,0.8,
54,2026-03-24 15:00:00,5.15,2.23,508.3,0.0,60.25,19.55,20.22,20.49,0.94,
54,2026-03-24 16:00:00,5.75,3.09,463.5,0.0,58.5,19.5,19.79,20.0,0.96,
54,2026-03-24 17:00:00,6.58,3.33,190.6,0.0,59.83,17.74,18.29,18.9,0.85,
54,2026-03-24 18:00:00,5.6,2.75,177.5,0.0,58.82,17.29,17.58,17.92,0.83,
54,2026-03-24 19:00:00,4.55,2.02,81.9,0.0,59.22,16.04,16.69,17.18,0.78,
54,2026-03-24 20:00:00,5.45,2.7,1.09,0.0,65.46,14.64,15.0,15.37,0.59,
54,2026-03-24 21:00:00,5.22,2.56,0.0,0.0,68.46,13.02,13.64,14.22,0.5,
54,2026-03-24 22:00:00,5.3,2.85,0.0,0.0,69.25,12.18,12.42,12.73,0.44,
54,2026-03-24 23:00:00,6.05,3.42,0.0,0.0,68.5,11.52,11.77,12.11,0.44,
54,2026-03-25 00:00:00,5.75,3.67,0.0,0.0,68.22,10.85,11.04,11.22,0.42,
54,2026-03-25 01:00:00,7.1,4.21,0.0,0.0,67.59,10.18,10.56,10.8,0.42,
54,2026-03-25 02:00:00,6.65,3.53,0.0,0.0,72.09,9.08,9.5,9.87,0.33,
54,2026-03-25 03:00:00,4.47,2.55,0.0,0.0,75.06,8.33,8.56,8.77,0.28,
54,2026-03-25 04:00:00,4.03,1.46,0.0,0.0,77.93,7.61,7.86,8.14,0.24,
54,2026-03-25 05:00:00,2.68,0.92,0.0,0.0,79.97,7.05,7.27,7.41,0.2,
54,2026-03-25 06:00:00,2.38,1.04,0.0,0.0,81.68,6.49,6.82,7.11,0.18,
54,2026-03-25 07:00:00,1.55,0.41,4.23,0.0,85.9,5.23,5.77,6.19,0.13,
54,2026-03-25 08:00:00,1.7,0.24,163.9,0.0,82.88,4.85,6.21,7.78,0.17,
54,2026-03-25 09:00:00,4.92,2.44,371.3,0.0,73.41,8.17,8.74,9.39,0.3,
54,2026-03-25 10:00:00,6.12,2.88,553.2,0.0,62.79,9.91,10.83,11.75,0.49,
54,2026-03-25 11:00:00,5.22,3.17,691.3,0.0,56.08,11.9,12.66,13.44,0.65,
54,2026-03-25 12:00:00,5.82,3.46,775.7,0.0,48.49,13.82,14.52,15.47,0.85,
54,2026-03-25 13:00:00,5.98,3.53,801.0,0.0,42.66,15.83,16.38,16.98,1.07,
54,2026-03-25 14:00:00,5.98,3.38,797.0,0.0,38.84,17.32,18.07,18.61,1.27,
54,2026-03-25 15:00:00,5.52,3.28,744.4,0.0,34.96,18.9,19.27,19.64,1.46,
54,2026-03-25 16:00:00,4.92,3.02,638.3,0.0,36.06,19.81,20.07,20.26,1.51,
54,2026-03-25 17:00:00,6.12,2.95,485.8,0.0,36.61,20.25,20.31,20.42,1.51,
54,2026-03-25 18:00:00,4.85,2.63,292.5,0.0,38.38,19.37,19.82,20.34,1.43,
54,2026-03-25 19:00:00,4.92,2.41,102.8,0.0,46.23,16.75,17.85,18.83,1.1,
54,2026-03-25 20:00:00,4.18,2.07,0.84,0.0,52.28,15.21,15.69,16.36,0.85,
54,2026-03-25 21:00:00,4.4,2.24,0.0,0.0,57.6,14.2,14.4,14.8,0.7,
54,2026-03-25 22:00:00,4.03,2.37,0.0,0.0,62.78,12.46,12.98,13.54,0.56,
54,2026-03-25 23:00:00,4.32,2.02,0.0,0.0,66.91,11.58,11.88,12.19,0.46,
54,2026-03-26 00:00:00,4.25,2.33,0.0,0.0,69.41,10.96,11.19,11.42,0.41,
54,2026-03-26 01:00:00,3.58,1.85,0.0,0.0,74.5,9.87,10.23,10.67,0.32,
54,2026-03-26 02:00:00,3.72,1.51,0.0,0.0,77.1,9.55,9.6,9.69,0.27,
54,2026-03-26 03:00:00,3.35,1.44,0.0,0.0,79.44,8.93,9.19,9.44,0.24,
54,2026-03-26 04:00:00,2.6,1.03,0.0,0.0,83.78,8.0,8.48,8.9,0.18,
54,2026-03-26 05:00:00,2.0,0.76,0.0,0.0,87.15,7.55,7.7,7.76,0.14,
54,2026-03-26 06:00:00,2.08,0.75,0.0,0.0,89.2,7.15,7.23,7.33,0.11,
54,2026-03-26 07:00:00,1.4,0.08,3.84,0.0,91.75,5.88,6.4,7.02,0.08,
54,2026-03-26 08:00:00,2.38,0.18,70.31,0.0,92.85,5.94,6.51,7.47,0.07,
54,2026-03-26 09:00:00,3.88,1.84,116.0,0.0,86.75,8.19,8.44,8.64,0.15,
54,2026-03-26 10:00:00,3.58,1.74,336.6,0.0,83.21,8.73,9.21,9.88,0.2,
54,2026-03-26 11:00:00,3.58,1.81,686.7,0.0,72.96,11.07,12.1,12.96,0.38,
54,2026-03-26 12:00:00,3.88,1.67,763.3,0.0,65.43,13.45,14.35,15.12,0.57,
54,2026-03-26 13:00:00,4.18,1.98,789.4,0.0,60.04,15.59,16.27,16.77,0.74,
54,2026-03-26 14:00:00,3.95,2.04,785.0,0.0,53.06,17.25,18.03,18.7,0.97,
54,2026-03-26 15:00:00,4.1,1.99,733.6,0.0,48.03,19.04,19.56,20.02,1.18,
54,2026-03-26 16:00:00,3.88,1.62,630.5,0.0,44.32,20.46,20.93,21.54,1.38,
54,2026-03-26 17:00:00,3.88,1.51,474.2,0.0,42.85,21.62,21.73,21.87,1.49,
54,2026-03-26 18:00:00,2.98,1.42,289.2,0.0,42.2,21.21,21.67,21.94,1.5,
54,2026-03-26 19:00:00,2.75,0.6,102.3,0.0,53.68,17.22,19.34,20.75,1.06,
54,2026-03-26 20:00:00,0.8,0.04,0.72,0.0,75.43,13.06,13.86,15.2,0.39,
54,2026-03-26 21:00:00,1.18,0.27,0.0,0.0,70.02,13.38,13.57,13.74,0.47,
54,2026-03-26 22:00:00,2.68,1.26,0.0,0.0,65.34,14.08,14.4,14.7,0.57,
54,2026-03-26 23:00:00,3.42,1.29,0.0,0.0,68.5,13.0,13.64,14.0,0.49,
54,2026-03-27 00:00:00,2.68,0.8,0.0,0.0,69.89,12.89,13.06,13.43,0.45,
54,2026-03-27 01:00:00,1.85,0.47,0.0,0.0,75.97,11.26,12.07,12.65,0.34,
54,2026-03-27 02:00:00,2.52,0.85,0.0,0.0,76.23,11.32,11.68,11.9,0.33,
54,2026-03-27 03:00:00,2.75,1.24,0.0,0.0,79.38,10.66,11.11,11.77,0.28,
54,2026-03-27 04:00:00,3.65,1.21,0.0,0.0,82.6,9.83,10.35,10.82,0.22,
54,2026-03-27 05:00:00,2.38,0.63,0.0,0.0,87.53,8.93,9.2,9.69,0.15,
54,2026-03-27 06:00:00,2.3,0.83,0.0,0.0,87.83,8.79,8.84,8.95,0.14,
54,2026-03-27 07:00:00,2.15,0.78,3.09,0.0,88.83,8.16,8.5,8.79,0.12,
54,2026-03-27 08:00:00,0.8,0.05,133.6,0.0,89.18,7.72,8.09,8.6,0.12,
54,2026-03-27 09:00:00,3.28,1.25,335.2,0.0,82.02,9.41,10.0,10.58,0.22,
54,2026-03-27 10:00:00,3.2,1.67,516.6,0.0,75.75,10.89,11.63,12.27,0.33,
54,2026-03-27 11:00:00,3.2,1.59,654.9,0.0,69.38,12.71,13.55,14.42,0.48,
54,2026-03-27 12:00:00,3.72,1.45,736.3,0.0,63.91,15.19,15.92,16.72,0.66,
54,2026-03-27 13:00:00,3.42,1.4,768.6,0.0,55.66,17.48,18.3,19.23,0.94,
54,2026-03-27 14:00:00,3.2,1.28,767.3,0.0,49.12,19.52,20.36,20.89,1.22,
54,2026-03-27 15:00:00,3.58,1.22,721.5,0.0,40.06,21.62,22.29,22.77,1.62,
54,2026-03-27 16:00:00,3.58,0.93,616.1,0.0,35.32,22.73,23.4,23.86,1.87,
54,2026-03-27 17:00:00,2.75,1.04,461.9,0.0,32.73,23.62,23.82,23.95,1.98,
54,2026-03-27 18:00:00,2.82,0.83,277.7,0.0,36.06,22.64,23.44,23.87,1.85,
54,2026-03-27 19:00:00,1.18,0.34,94.5,0.0,56.51,17.01,19.59,21.71,1.01,
54,2026-03-27 20:00:00,1.55,0.05,0.54,0.0,78.39,12.91,13.97,15.33,0.35,
54,2026-03-27 21:00:00,1.78,0.4,0.0,0.0,82.7,11.8,12.15,12.56,0.24,
54,2026-03-27 22:00:00,1.25,0.08,0.0,0.0,83.93,11.09,11.54,11.77,0.22,
54,2026-03-27 23:00:00,0.95,0.07,0.0,0.0,86.98,9.61,10.33,10.83,0.16,
54,2026-03-28 00:00:00,0.0,0.0,0.0,0.0,90.9,8.4,8.99,9.48,0.11,
54,2026-03-28 01:00:00,0.88,0.07,0.0,0.0,91.78,7.94,8.14,8.33,0.09,
54,2026-03-28 02:00:00,0.0,0.0,0.0,0.0,93.3,6.3,7.03,7.59,0.07,
54,2026-03-28 03:00:00,0.0,0.0,0.0,0.0,95.48,6.25,6.42,6.61,0.05,
54,2026-03-28 04:00:00,0.0,0.0,0.0,0.0,95.28,5.76,5.88,5.97,0.05,
54,2026-03-28 05:00:00,0.0,0.0,0.0,0.0,95.75,5.24,5.34,5.5,0.04,
54,2026-03-28 06:00:00,0.65,0.03,0.0,0.0,95.57,4.79,4.9,5.01,0.04,
54,2026-03-28 07:00:00,0.72,0.01,3.12,0.0,96.25,4.43,4.61,4.7,0.03,
54,2026-03-28 08:00:00,1.18,0.12,161.6,0.0,96.6,4.48,5.73,7.44,0.03,
54,2026-03-28 09:00:00,1.62,0.42,338.1,0.0,88.88,8.63,9.94,11.03,0.14,
54,2026-03-28 10:00:00,3.28,1.4,503.9,0.0,75.35,11.91,13.23,14.4,0.38,
54,2026-03-28 11:00:00,2.6,1.02,639.5,0.0,63.83,15.42,16.35,17.49,0.67,
54,2026-03-28 12:00:00,2.9,1.23,720.0,0.0,59.07,17.8,18.5,19.1,0.87,
54,2026-03-28 13:00:00,3.35,1.5,759.0,0.0,52.66,19.76,20.38,20.87,1.14,
54,2026-03-28 14:00:00,3.65,1.92,754.3,0.0,46.56,21.07,21.42,21.63,1.36,
54,2026-03-28 15:00:00,4.78,2.25,705.9,0.0,44.05,21.75,21.98,22.24,1.48,
54,2026-03-28 16:00:00,4.25,1.82,601.0,0.0,43.1,22.25,22.4,22.59,1.54,
54,2026-03-28 17:00:00,2.98,1.26,452.8,0.0,40.25,22.41,22.72,23.1,1.65,
54,2026-03-28 18:00:00,3.28,1.42,270.1,0.0,43.48,21.4,21.81,22.2,1.48,
54,2026-03-28 19:00:00,2.9,1.3,91.3,0.0,52.53,16.92,18.86,20.52,1.04,
54,2026-03-28 20:00:00,2.82,1.46,0.38,0.0,59.5,14.92,15.51,16.24,0.72,
54,2026-03-28 21:00:00,2.6,1.32,0.0,0.0,61.35,13.88,14.12,14.41,0.62,
54,2026-03-28 22:00:00,1.48,0.2,0.0,0.0,75.51,10.51,12.05,13.59,0.35,
54,2026-03-28 23:00:00,1.18,0.05,0.0,0.0,85.45,9.48,9.7,9.97,0.18,
54,2026-03-29 00:00:00,0.72,0.03,0.0,0.0,89.5,8.08,8.36,8.96,0.12,
54,2026-03-29 01:00:00,1.7,0.57,0.0,0.0,87.9,7.8,8.44,9.86,0.14,
54,2026-03-29 02:00:00,2.38,0.72,0.0,0.0,83.85,9.14,9.59,10.04,0.2,
54,2026-03-29 03:00:00,0.95,0.07,0.0,0.0,92.5,6.6,6.87,7.38,0.07,
54,2026-03-29 04:00:00,0.8,0.13,,,,,,,,
54,2026-03-29 05:00:00,0.0,0.0,0.0,0.0,92.25,6.22,6.46,6.69,0.08,
54,2026-03-29 06:00:00,0.0,0.0,0.0,0.0,93.68,4.96,5.28,5.56,0.06,
54,2026-03-29 07:00:00,1.02,0.17,3.14,0.0,94.38,4.94,5.09,5.33,0.05,
54,2026-03-29 08:00:00,1.1,0.28,167.6,0.0,90.13,5.11,6.63,8.59,0.1,
54,2026-03-29 09:00:00,2.98,1.25,340.1,0.0,79.09,9.93,10.79,11.58,0.27,
54,2026-03-29 10:00:00,3.5,1.9,518.3,0.0,70.62,12.08,13.34,14.53,0.46,
54,2026-03-29 11:00:00,4.47,2.63,654.6,0.0,61.53,15.3,16.24,17.19,0.71,
54,2026-03-29 12:00:00,4.55,2.83,742.3,0.0,51.12,18.03,19.09,20.07,1.09,
54,2026-03-29 13:00:00,5.38,2.97,769.3,0.0,41.94,20.45,21.3,22.21,1.48,
54,2026-03-29 14:00:00,5.15,2.79,766.8,0.0,36.36,22.67,23.14,23.46,1.8,
54,2026-03-29 15:00:00,5.6,2.56,667.5,0.0,36.23,24.91,24.97,25.03,2.02,
54,2026-03-29 16:00:00,5.38,2.55,609.9,0.0,33.65,25.02,25.31,25.6,2.14,
54,2026-03-29 17:00:00,4.4,2.31,459.2,0.0,34.5,25.55,25.61,25.64,2.15,
54,2026-03-29 18:00:00,4.4,2.13,271.8,0.0,35.35,24.69,25.14,25.56,2.07,
54,2026-03-29 19:00:00,2.98,0.43,91.8,0.0,53.09,18.64,21.73,23.99,1.26,
54,2026-03-29 20:00:00,0.57,0.01,0.3,0.0,69.55,15.39,16.01,16.71,0.56,
54,2026-03-29 21:00:00,2.52,0.48,0.0,0.0,65.17,15.87,16.48,17.52,0.65,
54,2026-03-29 22:00:00,3.5,1.6,0.0,0.0,70.64,15.89,16.6,17.72,0.56,
54,2026-03-29 23:00:00,2.3,0.5,0.0,0.0,82.6,13.78,14.69,15.6,0.29,
54,2026-03-30 00:00:00,1.48,0.15,0.0,0.0,85.3,12.92,13.81,14.97,0.24,
54,2026-03-30 01:00:00,1.25,0.17,0.0,0.0,91.38,11.17,11.77,12.17,0.12,
54,2026-03-30 02:00:00,0.8,0.03,0.0,0.0,91.18,9.26,10.55,11.4,0.12,
54,2026-03-30 03:00:00,0.0,0.0,0.0,0.0,94.9,8.73,9.08,9.25,0.06,
54,2026-03-30 04:00:00,0.0,0.0,0.0,0.0,94.38,7.97,8.46,8.74,0.06,
54,2026-03-30 05:00:00,0.0,0.0,0.0,0.0,95.3,7.54,7.63,7.69,0.05,
54,2026-03-30 06:00:00,0.72,0.01,0.0,0.0,95.53,7.09,7.68,8.0,0.05,
54,2026-03-30 07:00:00,1.02,0.11,2.37,0.0,96.48,6.84,6.97,7.18,0.04,
54,2026-03-30 08:00:00,1.55,0.42,81.5,0.0,97.48,6.92,7.79,8.75,0.03,
54,2026-03-30 09:00:00,0.72,0.01,337.8,0.0,97.68,9.56,10.81,12.05,0.03,
54,2026-03-30 10:00:00,1.92,0.5,493.5,0.0,82.37,13.22,15.23,17.02,0.32,
54,2026-03-30 11:00:00,3.35,1.3,628.2,0.0,69.87,17.68,18.84,19.78,0.66,
54,2026-03-30 12:00:00,3.8,1.82,712.1,0.0,60.81,20.42,21.3,22.15,1.0,
54,2026-03-30 13:00:00,4.4,1.94,738.6,0.0,53.15,22.72,23.64,24.33,1.37,
54,2026-03-30 14:00:00,4.47,2.41,733.9,0.0,47.45,24.9,25.46,25.93,1.71,
54,2026-03-30 15:00:00,4.4,2.48,687.0,0.0,41.96,26.45,26.96,27.39,2.07,
54,2026-03-30 16:00:00,4.55,2.72,588.3,0.0,39.01,27.48,27.64,27.76,2.25,
54,2026-03-30 17:00:00,4.1,2.27,437.6,0.0,37.54,27.99,28.04,28.07,2.37,
54,2026-03-30 18:00:00,3.5,1.79,258.8,0.0,37.39,26.71,27.42,27.92,2.29,
54,2026-03-30 19:00:00,2.38,0.53,80.6,0.0,51.2,21.96,24.18,25.96,1.5,
54,2026-03-30 20:00:00,3.12,0.55,0.2,0.0,66.65,19.06,20.05,20.72,0.78,
54,2026-03-30 21:00:00,2.6,0.48,0.0,0.0,75.08,18.06,18.79,20.48,0.55,
54,2026-03-30 22:00:00,1.02,0.01,0.0,0.0,84.15,15.49,16.45,17.52,0.3,
54,2026-03-30 23:00:00,0.65,0.01,0.0,0.0,89.48,14.17,14.52,14.9,0.18,
54,2026-03-31 00:00:00,1.48,0.56,0.0,0.0,88.58,13.84,15.17,16.03,0.2,
54,2026-03-31 01:00:00,2.3,1.04,0.0,0.0,88.88,15.54,15.83,16.05,0.2,
54,2026-03-31 02:00:00,2.6,1.03,0.0,0.0,91.78,14.99,15.29,15.55,0.14,
54,2026-03-31 03:00:00,1.32,0.18,0.0,0.0,92.3,13.26,14.07,14.64,0.12,
54,2026-03-31 04:00:00,0.0,0.0,0.0,0.0,94.0,11.64,11.99,12.54,0.08,
54,2026-03-31 05:00:00,2.22,0.6,0.0,0.0,96.95,11.53,12.68,13.39,0.04,
54,2026-03-31 06:00:00,3.65,1.27,0.0,0.0,97.65,13.58,13.74,13.83,0.04,
54,2026-03-31 07:00:00,2.38,0.87,0.81,0.0,97.83,13.96,14.34,14.73,0.04,
54,2026-03-31 08:00:00,1.85,0.56,39.95,0.0,97.9,14.81,15.04,15.38,0.04,
54,2026-03-31 09:00:00,2.22,0.92,114.7,0.1,97.88,15.6,15.92,16.24,0.04,
54,2026-03-31 10:00:00,2.22,0.93,164.7,0.0,95.13,16.48,17.06,17.54,0.09,
54,2026-03-31 11:00:00,3.05,1.41,386.0,0.0,83.95,18.2,18.93,19.58,0.35,
54,2026-03-31 12:00:00,3.2,1.54,518.5,0.0,76.05,20.53,20.97,21.61,0.6,
54,2026-03-31 13:00:00,4.32,2.16,724.0,0.0,69.09,21.9,22.41,23.21,0.84,
54,2026-03-31 14:00:00,5.22,2.66,723.5,0.0,59.82,23.7,24.41,25.14,1.24,
54,2026-03-31 15:00:00,5.75,3.18,691.9,0.0,55.97,25.19,25.4,25.61,1.43,
54,2026-03-31 16:00:00,6.05,3.15,564.8,0.0,54.39,25.59,25.73,25.85,1.51,
54,2026-03-31 17:00:00,5.98,3.46,411.1,0.0,52.48,25.1,25.29,25.52,1.54,
54,2026-03-31 18:00:00,5.22,2.75,244.6,0.0,54.01,24.19,24.65,25.04,1.43,
54,2026-03-31 19:00:00,4.62,1.89,73.53,0.0,59.63,21.93,22.79,23.6,1.13,
54,2026-03-31 20:00:00,2.68,0.97,0.16,0.0,66.61,19.72,20.31,21.15,0.8,
54,2026-03-31 21:00:00,3.5,1.81,0.0,0.0,70.06,18.59,19.51,20.29,0.68,
54,2026-03-31 22:00:00,4.4,1.75,0.0,0.0,76.15,17.6,18.07,18.49,0.5,
54,2026-03-31 23:00:00,1.7,0.31,0.0,0.0,80.47,15.75,16.31,17.27,0.36,
54,2026-04-01 00:00:00,1.78,0.41,0.0,0.0,84.2,14.22,14.83,15.46,0.27,
54,2026-04-01 01:00:00,1.48,0.51,0.0,0.0,81.49,13.83,14.07,14.28,0.3,
54,2026-04-01 02:00:00,2.68,0.95,0.0,0.0,75.99,13.78,14.32,14.74,0.39,
54,2026-04-01 03:00:00,2.68,1.37,0.0,0.0,80.61,13.28,13.64,13.91,0.3,
54,2026-04-01 04:00:00,4.18,1.94,0.0,0.0,83.53,12.52,12.83,13.09,0.25,
54,2026-04-01 05:00:00,3.72,1.22,0.0,0.0,81.0,11.13,11.78,12.33,0.26,
54,2026-04-01 06:00:00,1.4,0.22,0.0,0.0,77.89,10.02,10.41,10.8,0.28,
54,2026-04-01 07:00:00,2.0,0.62,1.65,0.0,73.83,9.85,10.08,10.23,0.32,
54,2026-04-01 08:00:00,2.68,0.78,73.85,0.0,74.45,9.75,10.3,10.94,0.32,
54,2026-04-01 09:00:00,4.55,2.11,324.8,0.0,71.44,11.36,11.9,12.66,0.4,
54,2026-04-01 10:00:00,5.75,2.9,498.0,0.0,67.24,13.04,13.82,14.63,0.52,
54,2026-04-01 11:00:00,4.47,2.82,632.5,0.0,61.81,15.05,15.7,16.43,0.68,
54,2026-04-01 12:00:00,5.15,2.67,711.7,0.0,57.27,16.85,17.44,18.01,0.85,
54,2026-04-01 13:00:00,4.7,2.51,735.5,0.0,54.61,18.49,19.02,19.53,1.0,
54,2026-04-01 14:00:00,5.08,2.38,730.1,0.0,50.69,20.13,20.76,21.28,1.21,
54,2026-04-01 15:00:00,4.55,2.1,676.1,0.0,46.77,21.45,21.86,22.1,1.4,
54,2026-04-01 16:00:00,4.03,1.87,579.9,0.0,43.98,22.38,22.6,22.75,1.54,
54,2026-04-01 17:00:00,3.42,1.95,432.6,0.0,42.08,22.76,22.81,22.85,1.61,
54,2026-04-01 18:00:00,4.18,2.02,247.7,0.0,43.32,21.54,22.06,22.53,1.51,
54,2026-04-01 19:00:00,3.12,0.99,69.61,0.0,52.37,18.01,19.48,20.86,1.09,
54,2026-04-01 20:00:00,2.52,1.31,0.12,0.0,55.54,16.94,17.12,17.33,0.87,
54,2026-04-01 21:00:00,3.05,1.71,0.01,0.0,55.82,15.93,16.41,16.85,0.83,
54,2026-04-01 22:00:00,4.03,1.91,0.0,0.0,64.41,13.88,14.62,15.5,0.6,
54,2026-04-01 23:00:00,3.72,2.07,0.0,0.0,69.86,13.13,13.41,13.7,0.47,
54,2026-04-02 00:00:00,3.58,2.12,0.0,0.0,68.46,12.43,12.68,12.91,0.46,
54,2026-04-02 01:00:00,3.95,2.32,0.0,0.0,66.68,11.82,11.99,12.23,0.47,
54,2026-04-02 02:00:00,4.4,2.38,0.0,0.0,69.89,10.63,11.08,11.55,0.4,
54,2026-04-02 03:00:00,2.38,0.93,0.0,0.0,75.99,9.72,9.89,10.18,0.29,
54,2026-04-02 04:00:00,3.58,1.31,0.0,0.0,78.08,9.61,9.68,9.76,0.26,
54,2026-04-02 05:00:00,2.9,1.37,0.0,0.0,81.18,8.91,9.18,9.41,0.22,
54,2026-04-02 06:00:00,2.9,1.21,0.0,0.0,83.53,8.42,8.74,9.07,0.19,
54,2026-04-02 07:00:00,2.82,1.45,1.95,0.0,85.75,8.11,8.16,8.23,0.15,
54,2026-04-02 08:00:00,3.12,1.69,122.5,0.0,85.05,8.08,8.43,8.99,0.17,
54,2026-04-02 09:00:00,4.92,2.68,314.3,0.0,79.43,9.45,10.09,10.77,0.26,
54,2026-04-02 10:00:00,5.0,2.91,496.4,0.0,71.08,11.47,12.48,13.29,0.42,
54,2026-04-02 11:00:00,4.32,2.66,632.6,0.0,62.86,13.64,14.51,15.41,0.62,
54,2026-04-02 12:00:00,4.18,2.34,716.2,0.0,55.78,16.02,16.94,17.73,0.86,
54,2026-04-02 13:00:00,4.4,2.4,741.4,0.0,47.23,18.34,19.13,19.91,1.17,
54,2026-04-02 14:00:00,5.0,2.55,735.1,0.0,40.83,20.19,20.78,21.43,1.46,
54,2026-04-02 15:00:00,4.47,2.31,687.8,0.0,34.92,21.74,22.08,22.52,1.73,
54,2026-04-02 16:00:00,4.25,2.27,586.4,0.0,31.58,22.74,22.9,23.03,1.91,
54,2026-04-02 17:00:00,3.88,1.89,434.0,0.0,29.48,22.97,23.11,23.22,1.99,
54,2026-04-02 18:00:00,2.98,1.32,245.2,0.0,31.58,21.66,22.38,22.96,1.86,
54,2026-04-02 19:00:00,2.0,0.51,67.01,0.0,48.51,16.06,18.35,20.52,1.1,
54,2026-04-02 20:00:00,1.25,0.64,0.09,0.0,56.02,14.52,14.77,15.13,0.74,
54,2026-04-02 21:00:00,3.28,1.12,0.0,0.0,55.4,14.3,14.75,15.06,0.75,
54,2026-04-02 22:00:00,2.68,0.96,0.0,0.0,68.55,12.89,13.48,14.4,0.49,
54,2026-04-02 23:00:00,1.48,0.33,0.0,0.0,81.75,9.47,10.95,12.85,0.24,
54,2026-04-03 00:00:00,1.4,0.21,0.0,0.0,86.85,9.15,9.23,9.33,0.15,
54,2026-04-03 01:00:00,1.4,0.28,0.0,0.0,87.43,8.54,8.92,9.11,0.14,
54,2026-04-03 02:00:00,1.7,0.19,0.0,0.0,89.35,7.52,7.88,8.49,0.12,
54,2026-04-03 03:00:00,4.18,1.68,0.0,0.0,84.73,7.48,9.13,10.12,0.18,
54,2026-04-03 04:00:00,3.28,1.82,0.0,0.0,85.3,9.54,9.64,9.86,0.18,
54,2026-04-03 05:00:00,3.28,1.49,0.0,0.0,86.38,9.11,9.3,9.61,0.16,
54,2026-04-03 06:00:00,3.12,1.43,0.0,0.0,82.75,9.35,9.54,9.71,0.21,
54,2026-04-03 07:00:00,4.03,1.95,1.71,0.0,82.73,9.64,9.73,9.8,0.21,
54,2026-04-03 08:00:00,2.75,1.28,123.6,0.0,84.5,9.05,9.41,9.91,0.18,
54,2026-04-03 09:00:00,4.47,2.56,308.0,0.0,79.79,10.32,10.81,11.59,0.26,
54,2026-04-03 10:00:00,6.28,3.65,484.8,0.0,69.37,12.32,13.33,14.28,0.47,
54,2026-04-03 11:00:00,6.05,3.28,584.6,0.0,58.8,15.05,15.78,16.45,0.74,
54,2026-04-03 12:00:00,6.2,3.72,693.9,0.0,50.62,17.04,17.86,19.01,1.01,
54,2026-04-03 13:00:00,6.65,3.45,723.1,0.0,42.26,19.57,20.44,21.15,1.39,
54,2026-04-03 14:00:00,6.88,3.89,719.7,0.0,38.98,21.87,22.46,22.92,1.66,
54,2026-04-03 15:00:00,8.0,4.44,647.3,0.0,38.06,23.82,23.85,23.91,1.83,
54,2026-04-03 16:00:00,7.32,4.03,564.3,0.0,40.0,24.41,24.49,24.55,1.85,
54,2026-04-03 17:00:00,7.55,4.02,414.4,0.0,40.18,24.64,24.72,24.88,1.87,
54,2026-04-03 18:00:00,6.95,3.68,235.6,0.0,41.51,23.84,24.29,24.61,1.78,
54,2026-04-03 19:00:00,6.05,3.12,67.49,0.0,46.51,21.38,22.31,23.27,1.44,
54,2026-04-03 20:00:00,5.75,2.27,0.07,0.0,53.4,19.58,20.3,20.98,1.11,
54,2026-04-03 21:00:00,6.35,3.41,0.0,0.0,60.52,18.16,18.7,19.15,0.85,
54,2026-04-03 22:00:00,5.98,2.73,0.0,0.0,65.36,16.98,17.31,17.74,0.68,
54,2026-04-03 23:00:00,5.9,2.07,0.0,0.0,68.85,15.84,16.19,16.57,0.57,
54,2026-04-04 00:00:00,4.18,1.87,0.0,0.0,73.11,15.0,15.34,15.51,0.47,
54,2026-04-04 01:00:00,4.85,2.33,0.0,0.0,75.83,14.54,14.7,14.86,0.4,
54,2026-04-04 02:00:00,4.85,2.05,0.0,0.0,79.0,13.82,14.03,14.31,0.34,
54,2026-04-04 03:00:00,4.78,2.05,0.0,0.0,83.85,12.66,13.04,13.59,0.24,
54,2026-04-04 04:00:00,3.35,1.61,0.0,0.0,86.2,12.17,12.34,12.53,0.2,
54,2026-04-04 05:00:00,4.03,2.29,0.0,0.0,85.73,11.75,12.11,12.27,0.2,
54,2026-04-04 06:00:00,3.88,1.57,0.0,0.0,86.75,11.03,11.5,11.76,0.18,
54,2026-04-04 07:00:00,1.78,0.16,1.12,0.0,90.9,9.69,10.09,10.65,0.11,
54,2026-04-04 08:00:00,4.7,1.72,43.45,0.0,87.63,10.52,10.87,11.05,0.16,
54,2026-04-04 09:00:00,3.65,1.95,92.7,0.0,87.43,11.01,11.02,11.04,0.17,
54,2026-04-04 10:00:00,4.32,2.15,323.8,0.0,84.1,11.2,11.57,11.97,0.22,
54,2026-04-04 11:00:00,4.55,2.2,624.7,0.0,72.52,12.87,14.04,15.19,0.45,
54,2026-04-04 12:00:00,3.8,1.66,702.1,0.0,63.22,15.96,16.86,17.8,0.71,
54,2026-04-04 13:00:00,3.58,1.76,724.0,0.0,58.66,18.38,18.95,19.65,0.91,
54,2026-04-04 14:00:00,3.42,1.19,721.2,0.0,49.37,20.57,21.43,22.26,1.29,
54,2026-04-04 15:00:00,2.75,1.29,671.5,0.0,46.77,22.7,23.02,23.23,1.5,
54,2026-04-04 16:00:00,3.12,1.07,566.3,0.0,44.07,23.74,24.25,24.59,1.7,
54,2026-04-04 17:00:00,3.05,1.63,415.6,0.0,44.83,24.27,24.51,24.64,1.7,
54,2026-04-04 18:00:00,2.9,1.58,232.2,0.0,47.95,23.15,23.67,24.08,1.52,
54,2026-04-04 19:00:00,1.48,0.33,61.6,0.0,64.89,17.78,20.07,22.49,0.85,
54,2026-04-04 20:00:00,1.7,0.29,0.04,0.0,73.34,16.31,16.92,17.6,0.52,
54,2026-04-04 21:00:00,1.02,0.04,0.0,0.0,81.81,13.4,14.97,16.81,0.32,
54,2026-04-04 22:00:00,1.02,0.07,0.0,0.0,83.94,12.54,13.16,13.82,0.25,
54,2026-04-04 23:00:00,0.72,0.01,0.0,0.0,83.15,11.68,12.08,12.83,0.24,
54,2026-04-05 00:00:00,1.78,0.77,0.0,0.0,87.63,11.31,11.6,11.81,0.17,
54,2026-04-05 01:00:00,0.8,0.01,0.0,0.0,89.0,9.4,10.32,11.59,0.14,
54,2026-04-05 02:00:00,0.88,0.1,0.0,0.0,92.93,8.27,8.54,8.71,0.08,
54,2026-04-05 03:00:00,1.02,0.12,0.0,0.0,89.35,8.3,8.43,8.59,0.12,
54,2026-04-05 04:00:00,1.02,0.14,0.0,0.0,90.23,7.81,8.15,8.75,0.11,
54,2026-04-05 05:00:00,0.88,0.13,0.0,0.0,92.18,7.2,7.32,7.6,0.08,
54,2026-04-05 06:00:00,1.1,0.06,0.0,0.0,93.28,6.04,6.39,6.84,0.07,
54,2026-04-05 07:00:00,0.0,0.0,1.51,0.0,93.25,5.23,5.49,5.88,0.06,
54,2026-04-05 08:00:00,2.45,0.14,139.9,0.0,92.73,5.0,6.13,8.41,0.07,
54,2026-04-05 09:00:00,2.15,0.31,312.9,0.0,79.87,9.89,10.9,11.92,0.27,
54,2026-04-05 10:00:00,2.45,0.73,487.2,0.0,64.98,13.21,14.11,14.99,0.57,
54,2026-04-05 11:00:00,3.05,0.93,617.9,0.0,57.24,15.41,16.26,17.17,0.79,
54,2026-04-05 12:00:00,2.9,1.16,692.9,0.0,51.44,17.43,18.28,19.03,1.02,
54,2026-04-05 13:00:00,3.28,1.24,715.9,0.0,45.92,19.29,19.94,20.88,1.27,
54,2026-04-05 14:00:00,3.5,1.26,710.1,0.0,41.07,20.95,21.44,22.11,1.51,
54,2026-04-05 15:00:00,3.65,1.15,660.8,0.0,35.56,22.68,23.1,23.39,1.82,
54,2026-04-05 16:00:00,5.08,1.97,562.4,0.0,28.61,23.5,23.69,23.88,2.09,
54,2026-04-05 17:00:00,3.8,1.8,408.6,0.0,30.68,23.62,23.73,23.84,2.04,
54,2026-04-05 18:00:00,3.5,1.52,228.2,0.0,33.27,22.24,22.96,23.52,1.87,
54,2026-04-05 19:00:00,4.4,1.8,56.78,0.0,48.38,18.91,19.87,21.1,1.21,
54,2026-04-05 20:00:00,4.55,2.26,0.03,0.0,58.8,16.32,17.51,18.48,0.83,
54,2026-04-05 21:00:00,3.05,1.41,0.0,0.0,68.08,14.41,15.07,15.76,0.55,
54,2026-04-05 22:00:00,0.95,0.09,0.0,0.0,78.61,11.71,12.63,13.87,0.31,
54,2026-04-05 23:00:00,1.55,0.17,0.0,0.0,79.85,11.55,11.9,12.26,0.28,
54,2026-04-06 00:00:00,0.88,0.03,0.0,0.0,84.33,9.67,10.66,11.36,0.21,
54,2026-04-06 01:00:00,0.0,0.0,0.0,0.0,89.45,8.13,8.82,9.24,0.12,
54,2026-04-06 02:00:00,0.0,0.0,0.0,0.0,92.35,7.7,8.05,8.44,0.09,
54,2026-04-06 03:00:00,2.0,0.44,0.0,0.0,91.65,7.74,8.93,11.0,0.1,
54,2026-04-06 04:00:00,3.58,1.22,0.0,0.0,88.13,11.57,11.68,11.77,0.16,
54,2026-04-06 05:00:00,2.82,1.22,0.0,0.0,90.23,11.62,11.88,12.15,0.14,
54,2026-04-06 06:00:00,3.5,1.17,0.0,0.0,90.33,12.21,12.29,12.33,0.14,
54,2026-04-06 07:00:00,3.8,1.88,0.28,0.0,89.33,12.18,12.3,12.37,0.15,
54,2026-04-06 08:00:00,3.95,1.78,22.63,0.0,89.05,12.09,12.13,12.21,0.16,
54,2026-04-06 09:00:00,3.58,1.83,56.1,0.0,87.1,12.32,12.52,12.66,0.19,
54,2026-04-06 10:00:00,4.18,2.24,147.7,0.0,84.58,12.65,12.76,12.97,0.23,
54,2026-04-06 11:00:00,3.65,1.95,308.6,0.0,78.73,13.09,13.64,14.12,0.34,
54,2026-04-06 12:00:00,3.42,1.82,660.6,0.0,72.75,14.2,14.97,15.9,0.47,
54,2026-04-06 13:00:00,2.9,1.28,706.1,0.0,62.74,16.85,17.39,18.21,0.74,
54,2026-04-06 14:00:00,4.1,1.4,701.4,0.0,55.86,19.08,19.92,20.78,1.03,
54,2026-04-06 15:00:00,3.65,1.34,650.0,0.0,49.77,21.27,22.17,23.06,1.35,
54,2026-04-06 16:00:00,5.0,2.31,542.4,0.0,42.68,23.29,23.81,24.14,1.69,
54,2026-04-06 17:00:00,4.7,2.5,394.7,0.0,41.09,23.91,24.0,24.12,1.76,
54,2026-04-06 18:00:00,4.25,2.22,214.7,0.0,41.88,22.88,23.39,23.72,1.67,
54,2026-04-06 19:00:00,2.75,0.68,59.5,0.0,53.41,18.67,20.56,22.29,1.14,
54,2026-04-06 20:00:00,2.38,0.34,0.01,0.0,63.3,16.38,16.92,17.83,0.71,
54,2026-04-06 21:00:00,3.12,1.28,0.0,0.0,58.23,17.3,17.49,17.66,0.84,
54,2026-04-06 22:00:00,3.5,1.61,0.0,0.0,58.2,16.78,17.16,17.74,0.82,
54,2026-04-06 23:00:00,2.45,0.69,0.0,0.0,63.21,15.51,15.73,16.1,0.66,
54,2026-04-07 00:00:00,2.75,1.27,0.0,0.0,66.84,14.46,14.98,15.35,0.57,
54,2026-04-07 01:00:00,3.35,1.67,0.0,0.0,72.01,14.08,14.33,14.73,0.46,
54,2026-04-07 02:00:00,3.65,2.0,0.0,0.0,77.24,13.32,13.48,13.9,0.35,
54,2026-04-07 03:00:00,3.2,1.1,0.0,0.0,79.79,12.14,12.71,13.29,0.3,
54,2026-04-07 04:00:00,2.45,1.17,0.0,0.0,80.24,11.85,12.06,12.18,0.28,
54,2026-04-07 05:00:00,3.35,1.56,0.0,0.0,79.57,11.67,11.86,12.01,0.29,
54,2026-04-07 06:00:00,2.6,0.9,0.0,0.0,83.55,10.66,11.01,11.38,0.22,
54,2026-04-07 07:00:00,2.98,1.39,1.06,0.0,86.35,10.23,10.34,10.48,0.17,
54,2026-04-07 08:00:00,2.45,0.94,98.9,0.0,87.25,9.66,9.97,10.42,0.16,
54,2026-04-07 09:00:00,4.32,2.27,286.5,0.0,79.68,10.92,11.57,12.22,0.28,
54,2026-04-07 10:00:00,4.62,2.55,456.9,0.0,73.1,12.62,13.46,14.16,0.42,
54,2026-04-07 11:00:00,4.25,2.45,591.8,0.0,65.71,14.59,15.46,16.23,0.61,
54,2026-04-07 12:00:00,4.47,2.24,669.2,0.0,60.07,16.91,17.68,18.41,0.81,
54,2026-04-07 13:00:00,4.55,2.5,692.8,0.0,56.9,18.87,19.55,20.19,0.98,
54,2026-04-07 14:00:00,5.3,2.83,687.2,0.0,51.07,20.69,21.33,21.97,1.24,
54,2026-04-07 15:00:00,5.22,2.85,638.8,0.0,43.92,22.4,22.73,22.92,1.55,
54,2026-04-07 16:00:00,4.92,2.99,540.3,0.0,39.21,23.24,23.63,23.81,1.77,
54,2026-04-07 17:00:00,7.02,3.22,397.6,0.0,39.15,23.42,23.67,23.86,1.78,
54,2026-04-07 18:00:00,4.92,2.55,219.6,0.0,41.73,22.13,22.76,23.24,1.62,
54,2026-04-07 19:00:00,3.88,1.45,54.07,0.0,51.18,18.91,20.17,21.54,1.16,
54,2026-04-07 20:00:00,3.95,2.16,0.01,0.0,56.39,18.25,18.4,18.54,0.93,
54,2026-04-07 21:00:00,5.15,2.53,0.0,0.0,60.04,17.03,17.48,17.94,0.8,
54,2026-04-07 22:00:00,4.47,2.35,0.0,0.0,64.92,15.5,16.1,16.7,0.64,
54,2026-04-07 23:00:00,3.88,1.88,0.0,0.0,68.91,14.79,15.12,15.3,0.53,
54,2026-04-08 00:00:00,4.18,1.57,0.0,0.0,73.72,13.78,14.18,14.56,0.43,
54,2026-04-08 01:00:00,3.42,1.54,0.0,0.0,79.35,12.62,12.98,13.29,0.31,
54,2026-04-08 02:00:00,3.28,1.21,0.0,0.0,82.18,11.94,12.14,12.42,0.25,
54,2026-04-08 03:00:00,3.42,1.96,0.0,0.0,83.75,11.34,11.63,11.88,0.22,
54,2026-04-08 04:00:00,3.28,1.04,0.0,0.0,86.53,10.38,10.94,11.3,0.18,
54,2026-04-08 05:00:00,2.75,1.12,0.0,0.0,87.88,10.21,10.38,10.53,0.16,
54,2026-04-08 06:00:00,3.5,1.4,0.0,0.0,87.93,10.08,10.19,10.24,0.15,
54,2026-04-08 07:00:00,3.42,1.49,1.06,0.0,88.63,9.72,9.87,9.93,0.14,
54,2026-04-08 08:00:00,4.25,2.0,22.36,0.0,87.93,10.04,10.55,10.96,0.16,
54,2026-04-08 09:00:00,4.92,2.21,58.48,0.0,86.08,11.02,11.18,11.35,0.19,
54,2026-04-08 10:00:00,4.32,2.64,97.1,0.0,83.78,11.39,11.56,11.77,0.22,
54,2026-04-08 11:00:00,4.25,2.48,147.7,0.0,79.57,12.04,12.39,12.78,0.3,
54,2026-04-08 12:00:00,3.88,2.16,389.7,0.0,74.06,13.0,13.61,14.26,0.41,
54,2026-04-08 13:00:00,4.1,1.55,736.2,0.0,66.12,14.82,15.61,16.22,0.6,
54,2026-04-08 14:00:00,3.12,1.24,698.9,0.0,59.47,16.93,17.62,18.19,0.82,
54,2026-04-08 15:00:00,3.2,1.05,644.4,0.0,52.57,18.63,19.48,20.21,1.08,
54,2026-04-08 16:00:00,2.68,1.02,537.2,0.0,49.52,20.24,20.64,21.02,1.23,
54,2026-04-08 17:00:00,4.18,2.14,383.4,0.0,59.37,19.12,19.76,20.6,0.94,
54,2026-04-08 18:00:00,2.75,1.57,204.0,0.0,63.9,17.89,18.41,18.83,0.77,
54,2026-04-08 19:00:00,1.4,0.22,45.35,0.0,75.87,13.86,15.74,17.3,0.44,
54,2026-04-08 20:00:00,0.57,0.01,0.01,0.0,86.98,10.76,11.77,12.94,0.18,
54,2026-04-08 21:00:00,1.32,0.18,0.0,0.0,88.88,10.03,10.68,11.01,0.14,
54,2026-04-08 22:00:00,0.8,0.02,0.0,0.0,93.18,9.27,9.43,9.65,0.08,
54,2026-04-08 23:00:00,0.0,0.0,0.0,0.0,93.68,8.35,8.72,9.11,0.07,
54,2026-04-09 00:00:00,0.0,0.0,0.0,0.0,94.83,7.4,7.88,8.25,0.06,
54,2026-04-09 01:00:00,0.0,0.0,0.0,0.0,96.45,7.2,7.53,7.83,0.04,
54,2026-04-09 02:00:00,0.0,0.0,0.0,0.0,96.85,7.24,7.68,8.22,0.03,
54,2026-04-09 03:00:00,0.5,0.02,0.0,0.0,96.98,6.53,6.73,6.97,0.03,
54,2026-04-09 04:00:00,0.88,0.04,0.0,0.0,97.13,6.14,6.28,6.5,0.03,
54,2026-04-09 05:00:00,0.65,0.01,0.0,0.0,97.15,5.26,5.74,6.18,0.03,
54,2026-04-09 06:00:00,0.8,0.04,0.0,0.0,97.18,4.52,4.76,4.96,0.02,
54,2026-04-09 07:00:00,0.0,0.0,1.22,0.0,97.3,4.76,4.96,5.11,0.02,
54,2026-04-09 08:00:00,0.72,0.03,59.44,0.0,97.4,4.76,5.29,6.17,0.02,
54,2026-04-09 09:00:00,1.32,0.44,175.5,0.0,97.78,6.95,7.9,8.72,0.02,
54,2026-04-09 10:00:00,1.4,0.23,388.2,0.0,97.5,9.25,10.1,11.17,0.03,
54,2026-04-09 11:00:00,2.0,0.66,588.4,0.0,81.77,11.71,13.28,14.7,0.29,
54,2026-04-09 12:00:00,2.45,0.82,643.8,0.0,69.12,15.38,16.28,17.16,0.57,
54,2026-04-09 13:00:00,3.12,1.12,683.4,0.0,62.99,17.4,18.07,18.88,0.77,
54,2026-04-09 14:00:00,2.9,1.11,677.7,0.0,56.15,19.34,20.05,20.81,1.03,
54,2026-04-09 15:00:00,4.25,1.25,627.8,0.0,52.04,21.02,21.53,22.11,1.23,
54,2026-04-09 16:00:00,3.58,1.54,517.9,0.0,52.22,21.74,22.14,22.51,1.28,
54,2026-04-09 17:00:00,2.68,1.31,372.0,0.0,50.97,22.52,22.62,22.76,1.35,
54,2026-04-09 18:00:00,2.3,1.21,195.8,0.0,53.61,21.42,22.07,22.47,1.23,
54,2026-04-09 19:00:00,1.25,0.19,38.28,0.0,70.99,16.13,18.12,20.3,0.61,
54,2026-04-09 20:00:00,0.8,0.03,0.01,0.0,84.36,12.88,14.02,15.18,0.25,
54,2026-04-09 21:00:00,1.18,0.23,0.0,0.0,89.13,12.25,12.39,12.69,0.16,
54,2026-04-09 22:00:00,1.25,0.55,0.0,0.0,85.03,12.72,13.03,13.17,0.22,
54,2026-04-09 23:00:00,1.1,0.09,0.0,0.0,89.37,10.91,11.34,11.85,0.14,
54,2026-04-10 00:00:00,0.88,0.08,0.0,0.0,91.93,9.42,9.94,10.8,0.1,
54,2026-04-10 01:00:00,1.02,0.03,0.0,0.0,92.7,8.7,9.05,9.61,0.09,
54,2026-04-10 02:00:00,0.0,0.0,0.0,0.0,93.68,7.68,8.16,8.56,0.07,
54,2026-04-10 03:00:00,0.0,0.0,0.0,0.0,95.65,7.38,7.74,8.07,0.05,
54,2026-04-10 04:00:00,0.0,0.0,0.0,0.0,96.88,8.27,8.52,8.76,0.04,
54,2026-04-10 05:00:00,1.48,0.23,0.0,0.0,97.35,8.2,8.34,8.53,0.03,
54,2026-04-10 06:00:00,1.1,0.26,0.0,0.0,97.73,8.67,9.08,9.45,0.03,
54,2026-04-10 07:00:00,1.62,0.45,0.35,0.0,97.95,9.77,10.14,10.47,0.03,
54,2026-04-10 08:00:00,2.08,0.58,27.73,0.0,98.0,10.63,10.72,10.79,0.03,
54,2026-04-10 09:00:00,2.22,0.94,90.0,0.1,98.05,10.74,10.89,11.13,0.03,
54,2026-04-10 10:00:00,2.82,1.24,118.3,0.0,98.1,11.39,11.56,11.7,0.03,
54,2026-04-10 11:00:00,2.45,1.15,148.0,0.0,98.0,11.85,12.04,12.24,0.03,
54,2026-04-10 12:00:00,2.3,0.98,159.7,0.0,93.13,12.38,12.75,13.12,0.1,
54,2026-04-10 13:00:00,2.45,1.33,284.5,0.0,84.2,13.36,14.01,14.61,0.25,
54,2026-04-10 14:00:00,3.8,1.72,516.5,0.0,75.91,14.97,15.73,16.58,0.43,
54,2026-04-10 15:00:00,4.92,2.59,553.5,0.0,69.63,16.81,17.24,17.58,0.6,
54,2026-04-10 16:00:00,5.75,2.73,482.8,0.0,69.09,17.21,17.45,17.74,0.62,
54,2026-04-10 17:00:00,5.08,2.64,357.1,0.0,73.87,15.97,16.5,16.91,0.49,
54,2026-04-10 18:00:00,3.72,1.92,103.3,0.0,78.42,15.24,15.67,16.02,0.39,
54,2026-04-10 19:00:00,3.58,1.81,10.31,0.0,82.85,14.69,14.87,15.09,0.29,
54,2026-04-10 20:00:00,2.98,1.33,0.0,0.0,84.53,14.57,14.59,14.62,0.26,
54,2026-04-10 21:00:00,1.25,0.19,0.0,0.0,85.13,14.56,14.58,14.59,0.25,
54,2026-04-10 22:00:00,1.92,0.83,0.0,0.0,86.6,14.49,14.54,14.59,0.22,
54,2026-04-10 23:00:00,1.62,0.46,0.0,0.0,89.68,14.18,14.26,14.35,0.17,
54,2026-04-11 00:00:00,1.25,0.26,0.0,0.0,91.03,14.06,14.1,14.13,0.14,
54,2026-04-11 01:00:00,2.08,0.63,0.0,0.0,92.7,13.88,13.94,14.01,0.12,
54,2026-04-11 02:00:00,1.55,0.54,0.0,0.0,94.0,13.71,13.78,13.85,0.1,
54,2026-04-11 03:00:00,1.25,0.23,0.0,0.0,94.18,13.69,13.71,13.73,0.09,
54,2026-04-11 04:00:00,0.88,0.02,0.0,0.0,93.93,13.69,13.72,13.76,0.1,
54,2026-04-11 05:00:00,1.48,0.31,0.0,0.0,90.65,13.71,13.85,13.96,0.15,
54,2026-04-11 06:00:00,1.78,0.47,0.0,0.0,90.4,13.74,13.79,13.88,0.15,
54,2026-04-11 07:00:00,1.7,0.4,0.15,0.0,92.17,13.65,13.69,13.74,0.12,
54,2026-04-11 08:00:00,2.52,1.34,32.79,0.0,92.7,13.56,13.6,13.69,0.12,
54,2026-04-11 09:00:00,2.6,1.26,92.8,0.0,88.18,13.89,14.21,14.55,0.2,
54,2026-04-11 10:00:00,3.12,1.8,231.8,0.0,79.95,14.8,15.32,15.88,0.35,
54,2026-04-11 11:00:00,4.03,1.91,428.0,0.0,64.42,16.47,17.23,18.01,0.71,
54,2026-04-11 12:00:00,4.03,1.82,358.8,0.0,59.31,17.71,17.88,18.01,0.84,
54,2026-04-11 13:00:00,2.98,1.49,377.4,0.0,57.07,18.07,18.3,18.79,0.91,
54,2026-04-11 14:00:00,2.98,1.35,412.3,0.0,53.9,18.93,19.25,19.48,1.03,
54,2026-04-11 15:00:00,6.8,1.33,305.6,0.0,53.93,19.47,19.69,19.94,1.06,
54,2026-04-11 16:00:00,2.45,0.89,290.5,0.0,52.91,20.13,20.18,20.23,1.12,
54,2026-04-11 17:00:00,2.22,0.73,159.4,0.0,53.5,20.02,20.24,20.46,1.11,
54,2026-04-11 18:00:00,2.45,0.56,106.7,0.0,57.13,19.21,19.66,19.97,0.99,
54,2026-04-11 19:00:00,2.98,1.01,26.32,0.0,65.37,16.6,17.46,18.4,0.7,
54,2026-04-11 20:00:00,3.28,1.49,0.0,0.0,71.27,14.72,15.72,16.43,0.52,
54,2026-04-11 21:00:00,2.52,0.73,0.0,0.0,76.72,12.85,13.88,14.57,0.37,
54,2026-04-11 22:00:00,1.4,0.23,0.0,0.0,83.98,10.48,11.91,13.16,0.23,
54,2026-04-11 23:00:00,1.25,0.23,0.0,0.0,90.1,9.68,10.02,10.42,0.12,
54,2026-04-12 00:00:00,1.25,0.09,0.0,0.0,92.48,9.06,9.28,9.58,0.09,
54,2026-04-12 01:00:00,1.25,0.16,0.0,0.0,92.45,9.48,9.61,9.7,0.09,
54,2026-04-12 02:00:00,0.88,0.06,0.0,0.0,94.03,8.59,8.88,9.31,0.07,
54,2026-04-12 03:00:00,1.4,0.16,0.0,0.0,95.13,7.35,8.03,8.6,0.05,
54,2026-04-12 04:00:00,1.62,0.45,0.0,0.0,96.1,7.3,7.96,8.58,0.04,
54,2026-04-12 05:00:00,1.85,0.46,0.0,0.0,94.55,8.79,9.02,9.42,0.07,
54,2026-04-12 06:00:00,1.32,0.14,0.0,0.0,95.3,7.03,7.25,7.57,0.05,
54,2026-04-12 07:00:00,1.25,0.19,0.9,0.0,96.5,6.42,6.53,6.83,0.03,
54,2026-04-12 08:00:00,3.12,1.28,56.5,0.0,96.68,8.26,8.88,9.34,0.04,
54,2026-04-12 09:00:00,1.62,0.35,228.7,0.0,93.63,9.05,9.36,9.81,0.08,
54,2026-04-12 10:00:00,3.42,1.15,444.5,0.0,84.33,10.53,11.46,12.21,0.19,
54,2026-04-12 11:00:00,4.55,2.15,541.0,0.0,68.77,15.78,15.78,15.78,0.56,
54,2026-04-12 12:00:00,4.85,2.47,669.3,0.0,62.32,16.39,17.66,18.88,0.77,
54,2026-04-12 13:00:00,5.08,2.9,682.7,0.0,52.43,19.16,19.72,20.13,1.1,
54,2026-04-12 14:00:00,5.82,3.09,686.0,0.0,45.61,20.6,21.29,21.77,1.38,
54,2026-04-12 15:00:00,6.2,2.99,631.7,0.0,43.98,21.87,22.48,23.05,1.53,
54,2026-04-12 16:00:00,5.38,2.84,481.0,0.0,43.0,22.47,22.86,23.18,1.59,
54,2026-04-12 17:00:00,5.22,3.15,395.5,0.0,46.27,22.34,22.76,23.21,1.49,
54,2026-04-12 18:00:00,4.18,2.2,148.9,0.0,53.35,20.32,21.23,21.77,1.18,
54,2026-04-12 19:00:00,2.9,1.14,19.52,0.0,64.94,17.95,18.5,19.42,0.75,
54,2026-04-12 20:00:00,4.55,2.31,0.0,0.0,67.76,16.89,17.35,17.78,0.64,
54,2026-04-12 21:00:00,3.95,2.2,0.0,0.0,75.41,15.13,15.74,16.33,0.44,
54,2026-04-12 22:00:00,4.62,2.14,0.0,0.0,79.98,13.97,14.36,14.74,0.33,
54,2026-04-12 23:00:00,3.12,1.65,0.0,0.0,83.1,13.01,13.31,13.72,0.26,
54,2026-04-13 00:00:00,3.35,1.56,0.0,0.0,84.98,12.4,12.61,12.88,0.22,
54,2026-04-13 01:00:00,2.9,1.43,0.0,0.0,83.73,12.51,12.58,12.62,0.24,
54,2026-04-13 02:00:00,3.65,1.36,0.0,0.0,85.9,11.41,11.83,12.25,0.2,
54,2026-04-13 03:00:00,1.85,0.61,0.0,0.0,88.7,10.03,10.64,11.27,0.15,
54,2026-04-13 04:00:00,2.68,0.78,0.0,0.0,90.0,9.4,9.65,9.88,0.12,
54,2026-04-13 05:00:00,1.85,0.68,0.0,0.0,90.48,8.82,9.21,9.63,0.11,
54,2026-04-13 06:00:00,1.85,0.37,0.0,0.0,91.73,8.42,8.69,8.97,0.09,
54,2026-04-13 07:00:00,2.38,0.79,0.3,0.0,91.75,8.0,8.38,8.7,0.09,
54,2026-04-13 08:00:00,3.2,1.15,23.12,0.0,96.53,7.39,7.78,8.25,0.04,
54,2026-04-13 09:00:00,1.92,0.67,61.13,0.0,97.35,8.51,8.86,9.1,0.03,
54,2026-04-13 10:00:00,2.52,0.56,119.0,0.0,97.3,9.23,9.32,9.46,0.03,
54,2026-04-13 11:00:00,2.6,1.05,160.9,0.0,96.48,9.48,9.81,10.16,0.04,
54,2026-04-13 12:00:00,3.05,0.96,331.1,0.0,88.1,10.53,11.04,11.67,0.16,
54,2026-04-13 13:00:00,2.6,1.14,670.3,0.0,77.18,12.3,13.35,14.39,0.35,
54,2026-04-13 14:00:00,3.05,0.95,663.5,0.0,65.23,15.22,16.53,17.56,0.66,
54,2026-04-13 15:00:00,2.75,0.95,614.5,0.0,57.34,18.38,19.3,20.07,0.96,
54,2026-04-13 16:00:00,2.3,0.74,512.5,0.0,48.97,20.44,21.26,21.93,1.3,
54,2026-04-13 17:00:00,2.3,0.78,366.2,0.0,41.86,22.29,22.46,22.67,1.58,
54,2026-04-13 18:00:00,1.62,0.23,191.6,0.0,47.32,21.25,22.04,22.6,1.4,
54,2026-04-13 19:00:00,0.72,0.01,34.77,0.0,70.14,14.54,17.0,19.74,0.6,
54,2026-04-13 20:00:00,0.0,0.0,0.0,0.0,84.78,11.43,12.05,13.13,0.21,
54,2026-04-13 21:00:00,0.0,0.0,0.0,0.0,87.75,9.5,10.3,11.03,0.16,
54,2026-04-13 22:00:00,1.55,0.14,0.0,0.0,89.35,9.21,9.29,9.4,0.13,
54,2026-04-13 23:00:00,1.18,0.32,0.0,0.0,88.1,8.31,9.1,9.88,0.14,
54,2026-04-14 00:00:00,1.18,0.08,0.0,0.0,91.4,7.33,7.59,7.86,0.09,
54,2026-04-14 01:00:00,0.88,0.04,0.0,0.0,93.28,6.35,6.61,6.89,0.07,
54,2026-04-14 02:00:00,0.65,0.01,0.0,0.0,93.93,5.52,5.77,6.12,0.06,
54,2026-04-14 03:00:00,1.02,0.03,0.0,0.0,94.5,4.96,5.22,5.63,0.05,
54,2026-04-14 04:00:00,0.95,0.04,0.0,0.0,95.55,4.29,4.56,4.9,0.04,
54,2026-04-14 05:00:00,1.02,0.16,0.0,0.0,96.28,3.85,4.79,5.39,0.03,
54,2026-04-14 06:00:00,1.25,0.09,0.0,0.0,96.0,4.78,4.89,5.13,0.03,
54,2026-04-14 07:00:00,1.55,0.53,0.54,0.0,95.8,4.73,4.94,5.27,0.04,
54,2026-04-14 08:00:00,2.3,0.52,55.62,0.0,95.58,5.65,6.07,6.79,0.04,
54,2026-04-14 09:00:00,3.72,1.4,96.9,0.0,94.13,7.34,8.2,9.05,0.06,
54,2026-04-14 10:00:00,4.78,1.58,158.3,0.0,87.0,9.52,10.27,10.77,0.17,
54,2026-04-14 11:00:00,3.95,1.64,179.6,0.0,79.03,11.38,11.88,12.23,0.29,
54,2026-04-14 12:00:00,3.72,1.39,287.0,0.0,72.55,12.64,13.2,13.67,0.42,
54,2026-04-14 13:00:00,3.72,1.56,573.6,0.0,64.04,14.04,14.77,15.62,0.6,
54,2026-04-14 14:00:00,4.7,1.99,756.7,0.0,59.16,15.73,16.32,17.38,0.76,
54,2026-04-14 15:00:00,4.78,2.02,586.5,0.0,53.62,17.4,17.72,18.12,0.94,
54,2026-04-14 16:00:00,4.03,1.72,378.5,0.0,53.45,17.24,17.58,17.93,0.94,
54,2026-04-14 17:00:00,3.8,1.64,354.1,0.0,52.64,17.55,17.93,18.33,0.97,
54,2026-04-14 18:00:00,2.08,0.92,158.9,0.0,55.66,16.9,17.5,17.85,0.89,
54,2026-04-14 19:00:00,1.25,0.12,30.71,0.0,69.99,12.67,14.48,16.35,0.5,
54,2026-04-14 20:00:00,1.18,0.05,0.0,0.0,84.72,9.57,10.59,11.89,0.2,
54,2026-04-14 21:00:00,0.72,0.02,0.0,0.0,86.85,8.47,9.1,9.51,0.15,
54,2026-04-14 22:00:00,1.02,0.05,0.0,0.0,90.05,6.84,7.56,8.13,0.11,
54,2026-04-14 23:00:00,0.0,0.0,0.0,0.0,92.53,6.12,6.31,6.64,0.07,
54,2026-04-15 00:00:00,1.25,0.07,0.0,0.0,93.5,5.68,5.79,5.86,0.06,
54,2026-04-15 01:00:00,1.18,0.11,0.0,0.0,94.7,4.96,5.31,5.77,0.05,
54,2026-04-15 02:00:00,1.1,0.07,0.0,0.0,95.5,5.37,5.57,5.7,0.04,
54,2026-04-15 03:00:00,0.88,0.06,0.0,0.0,96.05,4.95,5.17,5.43,0.04,
54,2026-04-15 04:00:00,1.1,0.32,0.0,0.0,96.3,4.56,4.9,5.15,0.03,
54,2026-04-15 05:00:00,1.02,0.16,0.0,0.0,96.43,4.05,4.29,4.43,0.03,
54,2026-04-15 06:00:00,1.02,0.03,0.0,0.0,96.48,3.4,3.52,3.64,0.03,
54,2026-04-15 07:00:00,0.72,0.01,0.32,0.0,96.55,3.22,3.37,3.55,0.03,
54,2026-04-15 08:00:00,1.25,0.26,46.06,0.0,97.08,2.83,3.26,4.04,0.02,
54,2026-04-15 09:00:00,1.32,0.25,171.5,0.0,97.53,4.66,5.2,5.68,0.02,
54,2026-04-15 10:00:00,2.3,0.75,229.3,0.0,97.6,6.3,6.3,6.3,0.02,
54,2026-04-15 11:00:00,2.3,0.44,558.2,0.0,82.62,8.36,11.13,13.71,0.25,
54,2026-04-15 12:00:00,3.58,1.91,630.1,0.0,62.27,14.83,16.11,17.39,0.7,
54,2026-04-15 13:00:00,4.1,2.11,651.0,0.0,47.75,18.38,19.45,20.5,1.18,
54,2026-04-15 14:00:00,3.88,1.81,647.1,0.0,41.21,20.97,21.58,22.13,1.52,
54,2026-04-15 15:00:00,4.1,2.07,591.5,0.0,36.31,22.61,23.17,23.71,1.81,
54,2026-04-15 16:00:00,3.42,1.48,489.4,0.0,33.65,24.09,24.62,25.29,2.06,
54,2026-04-15 17:00:00,2.6,0.94,341.2,0.0,31.83,24.94,25.04,25.23,2.16,
54,2026-04-15 18:00:00,2.15,0.45,171.4,0.0,35.94,23.4,24.37,25.05,1.96,
54,2026-04-15 19:00:00,0.0,0.0,26.77,0.0,61.27,16.57,19.24,21.95,0.89,
54,2026-04-15 20:00:00,0.95,0.1,0.0,0.0,74.76,13.24,14.68,15.81,0.43,
54,2026-04-15 21:00:00,0.72,0.03,0.0,0.0,77.29,12.81,13.0,13.31,0.34,
54,2026-04-15 22:00:00,1.48,0.13,0.0,0.0,80.72,11.58,12.11,12.81,0.28,
54,2026-04-15 23:00:00,1.48,0.27,0.0,0.0,81.98,11.37,11.64,12.13,0.25,
54,2026-04-16 00:00:00,1.18,0.1,0.0,0.0,86.35,9.96,10.5,10.97,0.18,
54,2026-04-16 01:00:00,0.88,0.03,0.0,0.0,88.68,9.62,9.68,9.79,0.14,
54,2026-04-16 02:00:00,0.0,0.0,0.0,0.0,89.73,9.27,9.64,10.34,0.12,
54,2026-04-16 03:00:00,1.02,0.12,0.0,0.0,90.8,8.47,8.85,9.19,0.11,
54,2026-04-16 04:00:00,0.95,0.11,0.0,0.0,92.3,8.39,8.47,8.55,0.09,
54,2026-04-16 05:00:00,0.8,0.05,0.0,0.0,92.75,8.33,8.38,8.42,0.08,
54,2026-04-16 06:00:00,1.32,0.26,0.0,0.0,92.78,7.62,7.96,8.46,0.08,
54,2026-04-16 07:00:00,1.32,0.08,0.37,0.0,94.2,7.12,7.25,7.58,0.06,
54,2026-04-16 08:00:00,1.55,0.3,89.2,0.0,93.7,6.96,7.35,7.9,0.07,
54,2026-04-16 09:00:00,2.38,1.0,258.0,0.0,87.6,9.23,11.08,12.4,0.17,
54,2026-04-16 10:00:00,2.45,1.29,314.1,0.0,79.08,12.87,13.91,14.93,0.33,
54,2026-04-16 11:00:00,2.45,0.72,512.4,0.0,69.41,15.27,16.56,17.9,0.58,
54,2026-04-16 12:00:00,2.45,0.75,608.7,0.0,60.93,19.03,20.26,21.53,0.93,
54,2026-04-16 13:00:00,2.22,0.73,436.0,0.0,54.84,21.85,22.07,22.43,1.2,
54,2026-04-16 14:00:00,2.52,0.98,482.8,0.0,55.08,21.87,22.43,22.89,1.22,
54,2026-04-16 15:00:00,2.98,1.47,216.5,0.0,58.27,21.53,21.67,21.83,1.08,
54,2026-04-16 16:00:00,2.08,0.95,166.5,0.0,59.13,21.45,21.62,21.74,1.06,
54,2026-04-16 17:00:00,2.15,0.83,100.4,0.0,61.76,21.22,21.28,21.37,0.97,
54,2026-04-16 18:00:00,4.32,1.01,41.14,0.0,68.68,19.81,20.33,20.84,0.75,
54,2026-04-16 19:00:00,1.78,0.61,2.19,0.0,75.24,18.39,18.74,19.35,0.54,
54,2026-04-16 20:00:00,2.0,0.29,0.0,0.1,80.32,17.44,17.74,18.06,0.4,
54,2026-04-16 21:00:00,2.0,0.51,0.0,0.1,89.43,16.5,16.72,17.2,0.2,
54,2026-04-16 22:00:00,1.92,0.59,0.0,0.1,90.43,16.25,16.34,16.42,0.18,
54,2026-04-16 23:00:00,2.22,0.74,0.0,1.6,92.98,16.03,16.2,16.36,0.13,
54,2026-04-17 00:00:00,2.6,0.61,0.0,1.0,95.28,15.85,15.98,16.13,0.09,
54,2026-04-17 01:00:00,2.45,0.92,0.0,0.9,96.05,15.65,15.74,15.81,0.07,
54,2026-04-17 02:00:00,2.08,0.49,0.0,0.2,96.4,15.34,15.49,15.62,0.07,
54,2026-04-17 03:00:00,2.3,0.42,0.0,0.1,96.75,14.98,15.12,15.24,0.06,
54,2026-04-17 04:00:00,2.0,0.51,0.0,0.0,96.98,15.38,15.46,15.53,0.05,
54,2026-04-17 05:00:00,1.02,0.03,0.0,0.0,96.73,14.9,15.21,15.4,0.06,
54,2026-04-17 06:00:00,1.48,0.31,0.0,0.0,96.9,14.79,14.9,15.01,0.05,
54,2026-04-17 07:00:00,1.55,0.18,0.0,0.0,96.17,14.39,14.77,15.01,0.06,
54,2026-04-17 08:00:00,1.7,0.64,38.77,0.0,96.4,13.31,13.5,13.68,0.05,
54,2026-04-17 09:00:00,1.25,0.15,115.5,0.0,96.73,13.76,14.21,14.66,0.05,
54,2026-04-17 10:00:00,1.25,0.05,276.6,0.0,87.05,15.34,16.64,17.72,0.25,
54,2026-04-17 11:00:00,1.62,0.29,521.6,0.0,77.17,17.96,18.51,19.01,0.49,
54,2026-04-17 12:00:00,2.6,0.86,634.2,0.0,67.4,19.95,20.28,20.7,0.78,
54,2026-04-17 13:00:00,3.05,1.05,612.3,0.0,65.16,20.91,21.23,21.42,0.88,
54,2026-04-17 14:00:00,3.35,1.22,586.7,0.0,60.66,22.17,22.3,22.48,1.06,
54,2026-04-17 15:00:00,2.68,1.08,502.5,0.0,58.8,22.74,22.8,22.9,1.15,
54,2026-04-17 16:00:00,2.6,1.04,347.6,0.0,57.16,22.71,22.85,22.96,1.19,
54,2026-04-17 17:00:00,3.28,1.63,155.6,0.0,64.37,20.81,21.63,22.51,0.93,
54,2026-04-17 18:00:00,4.32,1.88,57.17,0.0,71.2,19.13,19.68,20.28,0.66,
54,2026-04-17 19:00:00,2.6,1.2,5.77,0.0,76.76,17.8,18.19,18.74,0.49,
54,2026-04-17 20:00:00,2.68,1.36,0.0,0.0,77.9,17.38,17.48,17.71,0.44,
54,2026-04-17 21:00:00,2.6,1.32,0.0,0.0,78.64,16.92,17.14,17.33,0.42,
54,2026-04-17 22:00:00,2.0,0.43,0.0,0.0,83.53,16.19,16.4,16.71,0.31,
54,2026-04-17 23:00:00,2.22,0.38,0.0,0.0,82.05,16.34,16.41,16.49,0.34,
54,2026-04-18 00:00:00,1.85,0.42,0.0,0.0,84.55,15.7,16.1,16.43,0.28,
54,2026-04-18 01:00:00,1.18,0.1,0.0,0.0,88.05,15.11,15.35,15.52,0.21,
54,2026-04-18 02:00:00,1.25,0.18,0.0,0.0,89.43,14.54,14.77,15.03,0.18,
54,2026-04-18 03:00:00,1.32,0.06,0.0,0.0,89.8,14.52,14.87,15.13,0.17,
54,2026-04-18 04:00:00,1.1,0.07,0.0,0.0,93.75,13.79,14.01,14.15,0.1,
54,2026-04-18 05:00:00,2.15,0.69,0.0,0.0,90.33,13.75,13.82,13.89,0.15,
54,2026-04-18 06:00:00,1.62,0.4,0.0,0.0,85.1,13.47,13.55,13.62,0.23,
54,2026-04-18 07:00:00,0.8,0.03,0.05,0.0,86.53,13.16,13.31,13.4,0.2,
54,2026-04-18 08:00:00,0.57,0.0,31.72,0.0,87.13,13.27,13.32,13.36,0.2,
54,2026-04-18 09:00:00,1.18,0.19,219.8,0.0,83.1,13.45,14.14,15.17,0.28,
54,2026-04-18 10:00:00,2.15,0.62,298.7,0.0,70.7,16.08,16.42,16.72,0.55,
54,2026-04-18 11:00:00,2.45,0.95,574.0,0.0,65.02,16.56,17.48,18.57,0.7,
54,2026-04-18 12:00:00,3.05,1.09,657.8,0.0,56.23,19.03,19.65,20.22,1.0,
54,2026-04-18 13:00:00,3.12,0.95,674.7,0.0,49.62,20.78,21.3,21.58,1.28,
54,2026-04-18 14:00:00,2.9,1.28,649.6,0.0,45.44,21.64,22.02,22.35,1.45,
54,2026-04-18 15:00:00,3.42,1.11,396.3,0.0,44.4,21.82,21.98,22.07,1.47,
54,2026-04-18 16:00:00,3.12,1.52,364.0,0.0,46.99,21.1,21.46,22.0,1.36,
54,2026-04-18 17:00:00,2.75,1.44,149.2,0.0,46.29,20.85,20.98,21.09,1.33,
54,2026-04-18 18:00:00,2.38,1.13,74.79,0.0,50.95,19.71,20.14,20.55,1.16,
54,2026-04-18 19:00:00,5.15,2.74,6.06,0.0,64.55,16.9,18.22,19.49,0.76,
54,2026-04-18 20:00:00,5.6,3.0,0.0,0.0,77.81,15.8,16.13,16.5,0.41,
54,2026-04-18 21:00:00,4.92,2.66,0.0,0.0,80.6,15.05,15.31,15.57,0.34,
54,2026-04-18 22:00:00,4.78,2.72,0.0,0.0,81.83,14.23,14.52,14.79,0.3,
54,2026-04-18 23:00:00,4.32,2.39,0.0,0.0,85.43,12.3,13.05,13.82,0.22,
54,2026-04-19 00:00:00,4.03,2.15,0.0,0.0,84.0,11.61,11.76,12.0,0.22,
54,2026-04-19 01:00:00,3.35,1.63,0.0,0.0,82.98,11.38,11.43,11.51,0.23,
54,2026-04-19 02:00:00,2.82,1.16,0.0,0.0,84.75,10.63,10.99,11.31,0.2,
54,2026-04-19 03:00:00,2.08,0.56,0.0,0.0,86.9,10.26,10.42,10.6,0.17,
54,2026-04-19 04:00:00,2.75,1.16,0.0,0.0,85.77,10.38,10.56,10.72,0.18,
54,2026-04-19 05:00:00,2.52,0.85,0.0,0.0,87.78,9.76,9.89,10.16,0.15,
54,2026-04-19 06:00:00,2.3,0.83,0.0,0.0,89.93,8.7,9.15,9.63,0.12,
54,2026-04-19 07:00:00,1.1,0.08,0.06,0.0,92.33,7.75,8.23,8.64,0.09,
54,2026-04-19 08:00:00,2.9,1.21,25.09,0.0,88.65,8.05,8.19,8.27,0.12,
54,2026-04-19 09:00:00,3.72,1.37,256.2,0.0,80.05,8.32,8.89,9.63,0.23,
54,2026-04-19 10:00:00,3.8,2.43,456.7,0.0,71.02,9.9,10.39,11.13,0.36,
54,2026-04-19 11:00:00,3.88,1.67,410.4,0.0,69.68,11.32,11.44,11.57,0.41,
54,2026-04-19 12:00:00,3.12,1.23,629.5,0.0,65.24,11.61,12.87,14.16,0.52,
54,2026-04-19 13:00:00,2.52,0.97,656.1,0.0,57.3,14.55,15.48,16.42,0.75,
54,2026-04-19 14:00:00,3.05,1.12,532.7,0.0,54.8,16.44,16.85,17.51,0.87,
54,2026-04-19 15:00:00,2.98,1.38,550.2,0.0,54.47,17.61,17.75,17.82,0.93,
54,2026-04-19 16:00:00,2.68,0.79,297.5,0.0,56.66,17.73,17.88,18.03,0.89,
54,2026-04-19 17:00:00,3.42,1.56,161.1,0.0,61.43,16.49,16.97,17.47,0.75,
54,2026-04-19 18:00:00,2.6,1.39,77.48,0.0,66.58,15.48,15.91,16.33,0.61,
54,2026-04-19 19:00:00,1.48,0.64,12.16,0.0,75.64,13.48,14.36,15.24,0.4,
54,2026-04-19 20:00:00,1.25,0.32,0.0,0.0,82.17,12.36,13.06,13.46,0.27,
54,2026-04-19 21:00:00,0.8,0.02,0.0,0.0,86.63,12.1,12.58,12.95,0.2,
54,2026-04-19 22:00:00,1.02,0.08,0.0,0.0,85.6,13.17,13.39,13.49,0.22,
54,2026-04-19 23:00:00,0.95,0.05,0.0,0.0,84.9,13.14,13.26,13.33,0.23,
54,2026-04-20 00:00:00,1.4,0.21,0.0,0.0,82.15,12.57,12.61,12.63,0.27,
54,2026-04-20 01:00:00,3.58,1.43,0.0,0.0,72.84,12.8,12.97,13.15,0.41,
54,2026-04-20 02:00:00,3.35,1.33,0.0,0.0,70.4,12.37,12.63,12.89,0.43,
54,2026-04-20 03:00:00,4.18,2.1,0.0,0.0,68.73,11.12,11.52,11.97,0.43,
54,2026-04-20 04:00:00,3.65,1.79,0.0,0.0,68.05,10.31,10.55,10.85,0.41,
54,2026-04-20 05:00:00,3.58,2.01,0.0,0.0,69.68,9.82,10.03,10.21,0.38,
54,2026-04-20 06:00:00,2.82,0.59,0.0,0.0,71.83,9.69,9.71,9.74,0.34,
54,2026-04-20 07:00:00,1.85,0.59,0.05,0.0,73.78,9.38,9.49,9.66,0.31,
54,2026-04-20 08:00:00,2.22,0.98,32.45,0.0,72.89,9.32,9.39,9.51,0.32,
54,2026-04-20 09:00:00,1.78,0.35,128.1,0.0,69.76,9.68,10.12,10.62,0.38,
54,2026-04-20 10:00:00,2.22,0.8,168.5,0.0,66.86,10.73,10.88,10.99,0.43,
54,2026-04-20 11:00:00,2.22,1.11,237.2,0.0,65.32,10.84,11.24,11.72,0.47,
54,2026-04-20 12:00:00,1.78,0.54,311.1,0.0,60.88,12.17,12.76,13.15,0.58,
54,2026-04-20 13:00:00,3.42,1.41,734.9,0.0,54.44,13.35,14.72,15.72,0.77,
54,2026-04-20 14:00:00,3.2,1.47,732.9,0.0,51.18,15.71,16.18,16.92,0.9,
54,2026-04-20 15:00:00,3.2,1.46,660.6,0.0,47.95,16.34,16.8,17.2,1.0,
54,2026-04-20 16:00:00,2.98,1.33,397.9,0.0,47.56,16.34,16.79,17.11,1.0,
54,2026-04-20 17:00:00,2.98,1.42,288.8,0.0,51.08,16.29,16.92,17.16,0.95,
54,2026-04-20 18:00:00,2.6,0.88,99.5,0.0,60.01,15.05,15.61,16.14,0.71,
54,2026-04-20 19:00:00,0.72,0.03,16.27,0.0,76.1,11.36,12.6,14.1,0.35,
54,2026-04-20 20:00:00,1.1,0.19,0.0,0.0,81.8,9.83,10.47,11.04,0.23,
54,2026-04-20 21:00:00,2.3,0.18,0.0,0.0,85.35,8.13,8.93,9.46,0.17,
54,2026-04-20 22:00:00,1.85,0.48,0.0,0.0,86.7,7.58,7.93,8.25,0.14,
54,2026-04-20 23:00:00,2.82,1.34,0.0,0.0,84.55,8.22,8.51,8.87,0.17,
54,2026-04-21 00:00:00,2.52,0.66,0.0,0.0,89.48,7.43,7.66,8.17,0.11,
54,2026-04-21 01:00:00,2.75,1.4,0.0,0.0,91.6,6.99,7.25,7.62,0.09,
54,2026-04-21 02:00:00,2.45,1.2,0.0,0.0,93.8,6.67,6.75,6.89,0.06,
54,2026-04-21 03:00:00,2.75,1.38,0.0,0.0,95.15,6.43,6.56,6.72,0.05,
54,2026-04-21 04:00:00,3.5,1.61,0.0,0.0,96.1,6.45,6.55,6.71,0.04,
54,2026-04-21 05:00:00,3.42,1.63,0.0,0.0,96.63,5.98,6.11,6.39,0.03,
54,2026-04-21 06:00:00,2.52,0.9,0.0,0.0,97.08,5.71,6.12,6.39,0.03,
54,2026-04-21 07:00:00,1.92,0.46,0.14,0.0,97.18,5.07,5.42,5.67,0.03,
54,2026-04-21 08:00:00,1.32,0.39,81.4,0.0,97.38,4.28,4.49,4.82,0.02,
54,2026-04-21 09:00:00,1.25,0.25,266.5,0.0,96.83,4.62,6.15,7.75,0.03,
54,2026-04-21 10:00:00,3.12,1.67,401.4,0.0,87.3,7.76,7.97,8.13,0.14,
54,2026-04-21 11:00:00,4.03,2.08,549.7,0.0,78.98,8.5,9.5,10.74,0.25,
54,2026-04-21 12:00:00,4.55,1.97,626.1,0.0,67.19,11.27,12.5,13.57,0.48,
54,2026-04-21 13:00:00,4.1,1.74,645.0,0.0,58.39,14.04,15.27,16.49,0.73,
54,2026-04-21 14:00:00,5.6,2.53,639.0,0.0,44.79,17.13,17.8,18.34,1.13,
54,2026-04-21 15:00:00,4.4,2.36,588.3,0.0,43.78,18.3,18.75,19.21,1.22,
54,2026-04-21 16:00:00,4.78,2.08,478.1,0.0,39.15,19.57,19.91,20.12,1.42,
54,2026-04-21 17:00:00,4.7,2.28,331.9,0.0,38.38,19.52,19.77,19.92,1.42,
54,2026-04-21 18:00:00,3.72,1.61,158.9,0.0,44.14,17.0,18.4,19.31,1.19,
54,2026-04-21 19:00:00,0.95,0.24,10.77,0.0,65.24,12.06,13.75,15.4,0.56,
54,2026-04-21 20:00:00,0.28,0.0,0.0,0.0,80.71,9.47,10.04,10.85,0.24,
54,2026-04-21 21:00:00,2.15,0.32,0.0,0.0,77.53,8.74,9.8,10.91,0.28,
54,2026-04-21 22:00:00,1.85,0.09,0.0,0.0,77.56,8.79,9.56,10.32,0.27,
54,2026-04-21 23:00:00,0.95,0.08,0.0,0.0,83.65,7.3,7.64,8.32,0.17,
54,2026-04-22 00:00:00,1.18,0.27,0.0,0.0,87.33,6.64,6.77,6.98,0.13,
54,2026-04-22 01:00:00,0.95,0.11,0.0,0.0,90.13,5.38,5.58,6.08,0.09,
54,2026-04-22 02:00:00,0.95,0.08,0.0,0.0,92.15,4.98,5.39,5.84,0.07,
54,2026-04-22 03:00:00,0.8,0.03,0.0,0.0,92.48,4.86,5.18,5.55,0.07,
54,2026-04-22 04:00:00,2.45,0.34,0.0,0.0,94.27,4.89,5.92,6.52,0.05,
54,2026-04-22 05:00:00,1.85,0.61,0.0,0.0,95.03,6.3,6.44,6.6,0.05,
54,2026-04-22 06:00:00,1.85,0.27,0.0,0.0,94.55,4.64,5.62,6.46,0.05,
54,2026-04-22 07:00:00,1.18,0.12,0.14,0.0,95.53,3.06,3.63,4.25,0.04,
54,2026-04-22 08:00:00,1.48,0.7,97.7,0.0,96.65,3.57,3.92,4.61,0.03,
54,2026-04-22 09:00:00,2.98,0.73,259.7,0.0,92.73,5.22,7.19,9.35,0.08,
54,2026-04-22 10:00:00,3.72,1.95,416.3,0.0,75.27,10.19,11.41,12.73,0.34,
54,2026-04-22 11:00:00,4.4,2.65,540.1,0.0,60.32,13.67,14.63,15.58,0.67,
54,2026-04-22 12:00:00,4.92,2.7,615.1,0.0,53.85,15.98,16.68,17.44,0.88,
54,2026-04-22 13:00:00,5.45,3.17,633.9,0.0,46.09,18.08,18.69,19.25,1.16,
54,2026-04-22 14:00:00,5.98,3.21,628.2,0.0,41.75,19.75,20.14,20.59,1.37,
54,2026-04-22 15:00:00,6.28,3.75,576.3,0.0,38.79,20.66,20.95,21.19,1.52,
54,2026-04-22 16:00:00,6.2,3.6,475.4,0.0,37.86,21.17,21.25,21.32,1.57,
54,2026-04-22 17:00:00,5.82,3.25,326.0,0.0,41.18,20.56,20.9,21.19,1.46,
54,2026-04-22 18:00:00,4.92,2.32,154.4,0.0,47.61,18.62,19.54,20.29,1.2,
54,2026-04-22 19:00:00,2.68,1.45,13.78,0.0,58.27,16.31,16.81,17.73,0.8,
54,2026-04-22 20:00:00,4.03,1.77,0.0,0.0,62.25,15.87,16.06,16.3,0.69,
54,2026-04-22 21:00:00,3.58,1.97,0.0,0.0,72.61,12.76,14.05,15.29,0.45,
54,2026-04-22 22:00:00,4.18,2.26,0.0,0.0,79.13,12.58,12.67,12.74,0.31,
54,2026-04-22 23:00:00,4.55,2.37,0.0,0.0,83.58,11.38,11.91,12.48,0.23,
54,2026-04-23 00:00:00,4.18,2.17,0.0,0.0,87.25,10.55,10.94,11.19,0.17,
54,2026-04-23 01:00:00,4.1,2.1,0.0,0.0,87.98,10.3,10.51,10.65,0.16,
54,2026-04-23 02:00:00,4.4,2.44,0.0,0.0,86.48,9.97,10.14,10.32,0.17,
54,2026-04-23 03:00:00,4.03,1.11,0.0,0.0,88.95,8.74,9.12,9.82,0.13,
54,2026-04-23 04:00:00,3.58,1.62,0.0,0.0,88.68,8.16,8.51,8.83,0.13,
54,2026-04-23 05:00:00,3.2,1.22,0.0,0.0,88.33,7.25,7.86,8.18,0.13,
54,2026-04-23 06:00:00,2.15,0.13,0.0,0.0,91.53,5.66,6.14,6.84,0.08,
54,2026-04-23 07:00:00,1.92,0.61,0.1,0.0,94.58,5.02,5.38,5.7,0.05,
54,2026-04-23 08:00:00,1.25,0.26,84.8,0.0,95.2,5.05,5.3,5.5,0.05,
54,2026-04-23 09:00:00,2.98,1.35,152.7,0.0,91.4,6.02,6.78,7.28,0.09,
54,2026-04-23 10:00:00,4.62,2.25,392.8,0.0,84.9,7.52,8.25,9.25,0.17,
54,2026-04-23 11:00:00,5.22,2.37,542.4,0.0,71.32,10.35,11.67,12.97,0.4,
54,2026-04-23 12:00:00,6.35,3.68,617.6,0.0,57.47,13.45,14.44,15.3,0.7,
54,2026-04-23 13:00:00,6.65,3.82,638.3,0.0,46.46,15.96,16.45,17.09,1.0,
54,2026-04-23 14:00:00,6.28,3.5,633.0,0.0,40.58,17.35,17.98,18.57,1.23,
54,2026-04-23 15:00:00,6.88,3.99,578.2,0.0,38.96,18.46,18.71,18.85,1.32,
54,2026-04-23 16:00:00,6.58,3.8,473.1,0.0,37.53,18.94,19.0,19.04,1.37,
54,2026-04-23 17:00:00,5.45,3.42,324.7,0.0,40.55,18.5,18.76,18.99,1.29,
54,2026-04-23 18:00:00,5.52,2.7,154.2,0.0,45.73,16.77,17.57,18.23,1.09,
54,2026-04-23 19:00:00,2.82,1.19,11.23,0.0,56.35,13.59,14.59,15.76,0.73,
54,2026-04-23 20:00:00,3.2,1.63,0.0,0.0,58.85,13.07,13.28,13.56,0.63,
54,2026-04-23 21:00:00,3.2,1.82,0.0,0.0,63.47,11.47,12.13,12.78,0.52,
54,2026-04-23 22:00:00,3.12,1.33,0.0,0.0,68.05,10.58,10.87,11.02,0.41,
54,2026-04-23 23:00:00,2.82,1.3,0.0,0.0,71.2,9.89,10.41,10.79,0.36,
54,2026-04-24 00:00:00,2.98,1.55,0.0,0.0,73.44,9.74,9.96,10.07,0.33,
54,2026-04-24 01:00:00,2.82,0.94,0.0,0.0,75.59,9.09,9.33,9.62,0.29,
54,2026-04-24 02:00:00,3.28,1.1,0.0,0.0,76.94,8.58,8.76,8.93,0.26,
54,2026-04-24 03:00:00,2.98,1.6,0.0,0.0,80.25,7.85,8.04,8.29,0.21,
54,2026-04-24 04:00:00,2.0,1.16,0.0,0.0,82.7,7.36,7.46,7.54,0.18,
54,2026-04-24 05:00:00,1.62,0.46,0.0,0.0,87.1,4.18,5.92,7.31,0.12,
54,2026-04-24 06:00:00,0.95,0.21,0.0,0.0,92.78,2.39,3.18,3.9,0.06,
54,2026-04-24 07:00:00,1.25,0.1,0.11,0.0,94.3,1.4,1.78,2.04,0.04,
54,2026-04-24 08:00:00,0.0,0.0,78.2,0.0,95.4,1.24,1.73,2.39,0.03,
54,2026-04-24 09:00:00,1.85,0.15,281.5,0.0,90.43,2.79,5.26,8.07,0.09,
54,2026-04-24 10:00:00,3.28,1.38,422.3,0.0,75.86,8.62,9.48,10.23,0.29,
54,2026-04-24 11:00:00,3.88,1.67,485.9,0.0,67.08,10.73,12.12,13.5,0.47,
54,2026-04-24 12:00:00,5.52,3.06,541.0,0.0,60.26,14.59,15.02,15.44,0.68,
54,2026-04-24 13:00:00,5.75,3.27,492.6,0.0,51.77,15.86,16.37,16.91,0.9,
54,2026-04-24 14:00:00,6.35,3.09,617.0,0.0,47.43,17.29,17.91,18.21,1.08,
54,2026-04-24 15:00:00,5.3,3.02,559.5,0.0,44.94,18.63,18.77,18.91,1.19,
54,2026-04-24 16:00:00,6.2,2.98,454.8,0.0,43.44,19.07,19.16,19.25,1.26,
54,2026-04-24 17:00:00,5.45,3.13,307.3,0.0,44.82,18.82,19.02,19.2,1.22,
54,2026-04-24 18:00:00,4.92,2.1,140.5,0.0,51.4,16.95,17.81,18.44,0.99,
54,2026-04-24 19:00:00,1.78,0.93,9.8,0.0,63.1,14.42,14.92,15.82,0.63,
54,2026-04-24 20:00:00,3.35,1.25,0.0,0.0,64.77,13.64,14.04,14.39,0.57,
54,2026-04-24 21:00:00,3.65,1.67,0.0,0.0,71.46,12.69,13.0,13.49,0.43,
54,2026-04-24 22:00:00,2.52,1.15,0.0,0.0,79.2,11.78,12.0,12.12,0.29,
54,2026-04-24 23:00:00,2.52,1.43,0.0,0.0,85.5,10.63,10.76,10.96,0.19,
54,2026-04-25 00:00:00,4.25,1.43,0.0,0.0,88.3,9.97,10.22,10.4,0.15,
54,2026-04-25 01:00:00,3.12,1.63,0.0,0.0,90.3,9.52,9.63,9.86,0.12,
54,2026-04-25 02:00:00,3.35,1.12,0.0,0.0,89.58,9.43,9.77,9.99,0.13,
54,2026-04-25 03:00:00,3.88,1.87,0.0,0.0,89.95,9.18,9.36,9.46,0.12,
54,2026-04-25 04:00:00,3.35,1.37,0.0,0.0,90.9,8.21,8.64,9.05,0.1,
54,2026-04-25 05:00:00,1.4,0.2,0.0,0.0,92.55,7.1,7.43,7.85,0.08,
54,2026-04-25 06:00:00,1.92,0.34,0.0,0.0,90.3,6.67,6.94,7.14,0.1,
54,2026-04-25 07:00:00,1.55,0.23,0.06,0.0,89.95,4.99,5.72,6.33,0.09,
54,2026-04-25 08:00:00,2.6,1.16,89.6,0.0,86.4,5.58,5.88,6.28,0.13,
54,2026-04-25 09:00:00,5.3,2.1,242.2,0.0,79.43,6.58,7.46,8.35,0.22,
54,2026-04-25 10:00:00,5.6,3.48,405.6,0.0,72.31,8.94,9.63,10.29,0.33,
54,2026-04-25 11:00:00,5.6,3.63,529.3,0.0,64.23,11.39,11.94,12.48,0.5,
54,2026-04-25 12:00:00,6.12,3.56,601.2,0.0,58.42,12.68,13.35,14.0,0.64,
54,2026-04-25 13:00:00,5.98,3.62,619.6,0.0,51.72,14.46,14.84,15.23,0.82,
54,2026-04-25 14:00:00,5.75,3.35,614.0,0.0,45.84,15.82,16.33,16.92,1.01,
54,2026-04-25 15:00:00,6.35,3.56,561.5,0.0,40.5,16.96,17.23,17.54,1.17,
54,2026-04-25 16:00:00,7.25,3.87,456.9,0.0,36.96,17.22,17.42,17.49,1.26,
54,2026-04-25 17:00:00,5.75,3.37,310.1,0.0,35.36,16.96,17.22,17.33,1.27,
54,2026-04-25 18:00:00,4.85,2.29,144.5,0.0,38.38,15.29,16.07,16.69,1.13,
54,2026-04-25 19:00:00,4.55,2.0,9.46,0.0,44.22,12.88,13.46,14.2,0.86,
54,2026-04-25 20:00:00,5.75,2.76,0.0,0.0,47.32,11.74,12.22,12.53,0.75,
54,2026-04-25 21:00:00,4.25,1.85,0.0,0.0,55.46,10.43,10.83,11.39,0.58,
54,2026-04-25 22:00:00,2.98,1.15,0.0,0.0,62.25,9.17,9.81,10.71,0.46,
54,2026-04-25 23:00:00,3.42,1.64,0.0,0.0,64.52,9.61,9.72,9.79,0.43,
54,2026-04-26 00:00:00,3.28,1.3,0.0,0.0,69.87,8.54,9.0,9.39,0.35,
54,2026-04-26 01:00:00,2.15,0.81,0.0,0.0,73.47,7.88,7.99,8.04,0.29,
54,2026-04-26 02:00:00,2.6,0.56,0.0,0.0,73.57,6.82,7.8,8.26,0.28,
54,2026-04-26 03:00:00,0.88,0.12,0.0,0.0,81.35,5.0,5.67,6.31,0.17,
54,2026-04-26 04:00:00,1.1,0.25,0.0,0.0,83.9,4.48,4.99,5.4,0.14,
54,2026-04-26 05:00:00,1.25,0.22,0.0,0.0,86.48,2.41,3.72,4.68,0.11,
54,2026-04-26 06:00:00,1.25,0.27,0.0,0.0,90.08,1.34,1.86,2.2,0.07,
54,2026-04-26 07:00:00,1.18,0.13,0.06,0.0,90.48,2.38,2.99,3.62,0.07,
54,2026-04-26 08:00:00,4.47,1.55,77.96,0.0,82.57,3.45,5.39,6.53,0.16,
54,2026-04-26 09:00:00,4.25,1.97,243.7,0.0,73.11,6.83,8.11,9.21,0.29,
54,2026-04-26 10:00:00,6.65,2.41,407.5,0.0,66.34,9.77,11.36,12.66,0.46,
54,2026-04-26 11:00:00,7.55,4.0,532.8,0.0,59.44,13.4,13.65,13.97,0.63,
54,2026-04-26 12:00:00,8.3,4.49,610.9,0.0,50.56,14.47,15.08,15.58,0.85,
54,2026-04-26 13:00:00,8.83,4.63,628.2,0.0,42.87,15.86,16.13,16.48,1.05,
54,2026-04-26 14:00:00,7.92,4.2,619.3,0.0,40.4,16.56,16.76,17.02,1.14,
54,2026-04-26 15:00:00,7.78,4.65,565.7,0.0,38.94,17.07,17.16,17.28,1.2,
54,2026-04-26 16:00:00,7.02,4.27,466.2,0.0,38.1,17.27,17.39,17.52,1.23,
54,2026-04-26 17:00:00,7.32,4.14,315.1,0.0,35.81,16.69,17.02,17.19,1.25,
54,2026-04-26 18:00:00,6.65,3.74,144.6,0.0,39.11,14.7,15.62,16.41,1.08,
54,2026-04-26 19:00:00,6.35,2.9,8.34,0.0,46.87,12.76,13.19,13.93,0.81,
54,2026-04-26 20:00:00,4.7,2.67,0.0,0.0,52.32,11.14,11.86,12.48,0.66,
54,2026-04-26 21:00:00,5.22,3.13,0.0,0.0,54.68,10.16,10.61,10.88,0.58,
54,2026-04-26 22:00:00,7.48,3.67,0.0,0.0,56.72,9.96,10.11,10.27,0.54,
54,2026-04-26 23:00:00,5.9,2.14,0.0,0.0,63.6,8.62,9.04,9.62,0.42,
54,2026-04-27 00:00:00,2.9,1.56,0.0,0.0,69.43,7.29,7.77,8.19,0.33,
54,2026-04-27 01:00:00,4.03,1.6,0.0,0.0,71.2,6.88,7.04,7.29,0.29,
54,2026-04-27 02:00:00,5.22,2.0,0.0,0.0,70.96,6.61,7.02,7.32,0.29,
54,2026-04-27 03:00:00,5.68,2.89,0.0,0.0,74.25,6.37,6.51,6.67,0.25,
54,2026-04-27 04:00:00,3.95,2.27,0.0,0.0,78.95,5.69,5.77,5.86,0.2,
54,2026-04-27 05:00:00,4.18,1.58,0.0,0.0,82.02,4.82,5.42,5.82,0.16,
54,2026-04-27 06:00:00,4.1,2.11,0.0,0.0,83.6,4.89,5.01,5.23,0.14,
54,2026-04-27 07:00:00,2.82,1.02,0.04,0.0,84.95,4.46,4.71,4.89,0.13,
54,2026-04-27 08:00:00,2.0,0.18,69.21,0.0,89.58,2.97,3.48,3.99,0.08,
54,2026-04-27 09:00:00,3.42,1.43,202.5,0.0,80.66,4.31,5.6,6.62,0.18,
54,2026-04-27 10:00:00,3.95,2.24,254.7,0.0,74.12,7.31,7.75,8.26,0.27,
54,2026-04-27 11:00:00,5.38,2.78,272.4,0.0,65.92,8.7,9.59,10.47,0.41,
54,2026-04-27 12:00:00,4.32,2.27,296.9,0.0,58.13,10.63,11.59,12.68,0.58,
54,2026-04-27 13:00:00,4.85,2.4,367.1,0.0,51.68,12.62,12.9,13.39,0.72,
54,2026-04-27 14:00:00,3.88,2.09,260.4,0.0,48.7,13.67,13.78,13.99,0.81,
54,2026-04-27 15:00:00,3.8,1.96,223.1,0.0,47.19,14.3,14.38,14.54,0.87,
54,2026-04-27 16:00:00,3.05,1.68,143.1,0.0,50.48,14.1,14.36,14.58,0.81,
54,2026-04-27 17:00:00,3.72,1.73,83.2,0.0,54.19,13.36,13.74,14.0,0.72,
54,2026-04-27 18:00:00,3.42,1.33,45.7,0.0,65.21,11.78,12.48,12.98,0.51,
54,2026-04-27 19:00:00,2.82,1.02,0.57,1.4,85.7,10.01,10.48,11.05,0.19,
54,2026-04-27 20:00:00,1.25,0.25,0.0,1.8,93.45,9.74,9.79,9.86,0.08,
54,2026-04-27 21:00:00,1.18,0.12,0.0,0.5,95.28,9.58,9.63,9.67,0.06,
54,2026-04-27 22:00:00,1.48,0.39,0.0,0.1,95.55,9.44,9.55,9.6,0.05,
54,2026-04-27 23:00:00,0.28,0.0,0.0,0.0,95.88,9.4,9.43,9.47,0.05,
54,2026-04-28 00:00:00,2.15,0.86,0.0,0.0,95.9,9.43,9.46,9.47,0.05,
54,2026-04-28 01:00:00,2.52,1.15,0.0,0.0,95.88,9.35,9.41,9.44,0.05,
54,2026-04-28 02:00:00,2.6,0.88,0.0,0.0,95.88,9.16,9.2,9.22,0.05,
54,2026-04-28 03:00:00,1.62,0.18,0.0,0.0,95.85,8.19,8.71,9.07,0.05,
54,2026-04-28 04:00:00,1.02,0.09,0.0,0.0,96.0,6.89,7.26,7.79,0.04,
54,2026-04-28 05:00:00,0.88,0.03,0.0,0.1,96.55,5.77,6.48,6.94,0.03,
54,2026-04-28 06:00:00,1.62,0.36,0.0,0.0,96.9,5.44,5.77,6.62,0.03,
54,2026-04-28 07:00:00,2.68,0.9,0.01,0.0,97.5,6.62,6.8,6.99,0.02,
54,2026-04-28 08:00:00,1.18,0.07,35.46,0.0,97.65,7.05,7.13,7.29,0.02,
54,2026-04-28 09:00:00,1.1,0.15,163.2,0.0,97.78,7.5,7.93,8.3,0.02,
54,2026-04-28 10:00:00,1.48,0.16,210.6,0.0,97.63,8.56,8.92,9.38,0.03,
54,2026-04-28 11:00:00,1.92,0.54,484.5,0.0,87.64,9.84,11.08,12.64,0.17,
54,2026-04-28 12:00:00,2.3,0.95,566.1,0.0,78.52,13.54,13.8,14.1,0.34,
54,2026-04-28 13:00:00,2.0,0.75,584.7,0.0,71.57,14.44,15.75,16.93,0.52,
54,2026-04-28 14:00:00,2.0,0.78,583.9,0.0,65.16,17.73,18.23,18.47,0.73,
54,2026-04-28 15:00:00,2.52,0.98,459.5,0.0,63.67,18.8,18.86,18.97,0.79,
54,2026-04-28 16:00:00,2.45,1.41,165.1,0.0,68.03,17.87,18.14,18.51,0.67,
54,2026-04-28 17:00:00,3.35,1.59,116.1,0.0,71.22,17.57,17.64,17.7,0.58,
54,2026-04-28 18:00:00,3.2,1.43,112.8,0.0,74.73,16.53,17.07,17.56,0.5,
54,2026-04-28 19:00:00,2.98,1.28,4.16,0.0,78.67,15.99,16.05,16.18,0.39,
54,2026-04-28 20:00:00,1.32,0.39,0.0,0.0,83.0,15.53,15.7,15.91,0.31,
54,2026-04-28 21:00:00,1.92,0.34,0.0,0.5,89.25,14.78,15.05,15.27,0.18,
54,2026-04-28 22:00:00,1.78,0.67,0.0,1.1,93.25,14.38,14.5,14.61,0.11,
54,2026-04-28 23:00:00,2.38,0.63,0.0,1.2,95.7,14.13,14.25,14.36,0.07,
54,2026-04-29 00:00:00,2.3,0.99,0.0,0.3,96.63,13.83,13.88,13.97,0.05,
54,2026-04-29 01:00:00,2.68,1.32,0.0,0.2,96.98,13.82,13.85,13.89,0.05,
54,2026-04-29 02:00:00,2.52,1.27,0.0,0.4,97.1,13.96,13.98,14.0,0.05,
54,2026-04-29 03:00:00,2.22,1.04,0.0,0.2,97.05,14.01,14.05,14.09,0.05,
54,2026-04-29 04:00:00,2.9,1.15,0.0,0.1,97.13,14.05,14.07,14.08,0.05,
54,2026-04-29 05:00:00,1.85,0.38,0.0,0.1,97.17,14.01,14.02,14.02,0.04,
54,2026-04-29 06:00:00,0.28,0.0,0.0,0.0,96.8,12.37,13.15,13.84,0.05,
54,2026-04-29 07:00:00,1.62,0.41,0.0,0.0,97.4,13.02,13.16,13.26,0.04,
54,2026-04-29 08:00:00,4.03,1.3,8.36,0.1,97.68,12.8,13.25,13.52,0.04,
54,2026-04-29 09:00:00,5.0,2.85,75.18,0.0,97.63,11.58,11.77,12.12,0.03,
54,2026-04-29 10:00:00,4.32,2.66,166.8,0.0,94.23,11.71,12.04,12.37,0.08,
54,2026-04-29 11:00:00,5.75,2.41,299.7,0.0,89.73,12.62,13.12,13.68,0.16,
54,2026-04-29 12:00:00,4.03,2.46,397.9,0.0,83.83,14.2,14.6,15.14,0.27,
54,2026-04-29 13:00:00,5.15,2.96,581.6,0.0,76.5,15.77,16.72,17.6,0.45,
54,2026-04-29 14:00:00,5.15,3.11,580.9,0.0,67.36,18.22,18.7,19.09,0.71,
54,2026-04-29 15:00:00,5.22,3.08,541.1,0.0,64.22,19.33,19.72,20.04,0.83,
54,2026-04-29 16:00:00,4.92,2.98,438.8,0.0,62.29,20.24,20.32,20.4,0.9,
54,2026-04-29 17:00:00,5.08,3.23,292.7,0.0,61.49,19.83,20.16,20.39,0.91,
54,2026-04-29 18:00:00,4.55,2.32,131.5,0.0,66.87,17.82,18.76,19.54,0.72,
54,2026-04-29 19:00:00,2.75,1.39,4.9,0.0,77.78,15.32,15.97,16.9,0.41,
54,2026-04-29 20:00:00,2.82,1.24,0.0,0.0,81.8,13.97,14.3,14.82,0.3,
54,2026-04-29 21:00:00,3.2,1.43,0.0,0.0,80.21,13.48,13.66,13.85,0.31,
54,2026-04-29 22:00:00,3.28,1.77,0.0,0.0,82.45,12.4,12.7,13.05,0.26,
54,2026-04-29 23:00:00,3.05,0.83,0.0,0.0,83.75,11.48,11.96,12.25,0.23,
54,2026-04-30 00:00:00,2.0,0.76,0.0,0.0,88.03,10.49,10.85,11.06,0.16,
54,2026-04-30 01:00:00,1.62,0.58,0.0,0.0,90.23,9.82,10.05,10.3,0.12,
54,2026-04-30 02:00:00,2.52,1.1,0.0,0.0,89.18,9.38,9.65,9.8,0.13,
54,2026-04-30 03:00:00,1.7,0.05,0.0,0.0,92.18,7.24,8.01,8.78,0.09,
54,2026-04-30 04:00:00,1.62,0.31,0.0,0.0,93.98,7.44,7.6,7.76,0.06,
54,2026-04-30 05:00:00,2.68,0.67,0.0,0.0,91.9,6.84,7.46,7.93,0.08,
54,2026-04-30 06:00:00,0.42,0.01,0.0,0.0,94.35,5.7,5.99,6.44,0.05,
54,2026-04-30 07:00:00,0.57,0.01,0.01,0.0,95.25,5.19,5.59,5.95,0.04,
54,2026-04-30 08:00:00,0.42,0.01,25.12,0.0,95.63,4.18,4.4,4.81,0.04,
54,2026-04-30 09:00:00,1.48,0.24,251.0,0.0,96.4,4.44,5.41,7.12,0.04,
54,2026-04-30 10:00:00,3.5,1.26,466.6,0.0,79.64,8.3,9.95,11.0,0.25,
54,2026-04-30 11:00:00,4.03,2.0,412.7,0.0,74.72,11.07,11.14,11.23,0.34,
54,2026-04-30 12:00:00,3.8,1.75,636.3,0.0,69.94,11.82,12.61,13.14,0.44,
54,2026-04-30 13:00:00,4.62,1.89,619.1,0.0,67.86,13.26,13.64,14.08,0.5,
54,2026-04-30 14:00:00,3.35,1.29,525.7,0.0,60.1,14.75,15.67,16.46,0.72,
54,2026-04-30 15:00:00,3.65,1.42,449.5,0.0,54.09,16.54,16.85,17.03,0.88,
54,2026-04-30 16:00:00,2.82,1.16,298.4,0.0,50.88,16.73,16.94,17.17,0.95,
54,2026-04-30 17:00:00,1.85,0.83,185.7,0.0,57.74,16.69,16.81,16.88,0.81,
54,2026-04-30 18:00:00,1.78,0.5,92.0,0.0,69.73,14.91,15.74,16.38,0.54,
54,2026-04-30 19:00:00,1.18,0.16,6.39,0.0,82.48,12.05,12.87,13.94,0.26,
54,2026-04-30 20:00:00,1.48,0.3,0.0,0.0,88.48,9.61,10.98,11.63,0.15,
54,2026-04-30 21:00:00,1.32,0.11,0.0,0.0,94.0,8.58,8.79,9.08,0.07,
54,2026-04-30 22:00:00,1.55,0.5,0.0,0.0,90.65,9.07,9.49,9.75,0.12,
54,2026-04-30 23:00:00,1.32,0.26,0.0,0.0,90.48,8.99,9.22,9.58,0.11,
54,2026-05-01 00:00:00,1.92,1.02,0.0,0.0,90.35,9.12,9.39,9.52,0.12,
54,2026-05-01 01:00:00,2.3,0.82,0.0,0.0,89.68,9.49,9.67,9.86,0.13,
54,2026-05-01 02:00:00,1.92,0.99,0.0,0.0,88.85,9.99,10.02,10.06,0.14,
54,2026-05-01 03:00:00,1.25,0.26,0.0,0.0,88.8,10.0,10.02,10.06,0.14,
54,2026-05-01 04:00:00,0.0,0.0,0.0,0.0,90.93,9.12,9.49,10.07,0.11,
54,2026-05-01 05:00:00,0.88,0.08,0.0,0.0,93.2,9.13,9.17,9.21,0.08,
54,2026-05-01 06:00:00,0.42,0.0,0.0,0.0,93.98,8.25,8.5,8.87,0.07,
54,2026-05-01 07:00:00,0.42,0.0,0.0,0.0,95.08,7.74,7.84,8.0,0.05,
54,2026-05-01 08:00:00,1.1,0.09,13.85,0.0,96.05,7.64,7.75,7.94,0.04,
54,2026-05-01 09:00:00,1.62,0.21,62.1,0.0,95.08,8.11,8.46,8.9,0.06,
54,2026-05-01 10:00:00,1.62,0.37,130.1,0.0,88.2,9.24,10.2,11.09,0.15,
54,2026-05-01 11:00:00,3.35,1.2,467.9,0.0,77.88,11.48,12.48,13.3,0.33,
54,2026-05-01 12:00:00,3.12,1.64,543.1,0.0,73.29,13.35,13.92,14.94,0.43,
54,2026-05-01 13:00:00,4.4,2.19,603.9,0.0,62.38,15.82,16.35,16.91,0.7,
54,2026-05-01 14:00:00,4.7,2.68,692.8,0.0,52.98,17.23,17.93,18.44,0.97,
54,2026-05-01 15:00:00,4.7,2.66,511.1,0.0,48.4,18.36,18.54,18.69,1.1,
54,2026-05-01 16:00:00,5.9,2.81,428.9,0.0,45.94,18.83,18.91,19.06,1.18,
54,2026-05-01 17:00:00,5.22,2.7,282.0,0.0,48.65,18.24,18.48,18.62,1.09,
54,2026-05-01 18:00:00,4.47,2.27,120.1,0.0,53.79,16.08,17.03,17.85,0.9,
54,2026-05-01 19:00:00,3.05,1.68,3.94,0.0,64.14,13.87,14.44,15.2,0.59,
54,2026-05-01 20:00:00,4.1,2.23,0.0,0.0,68.53,12.61,13.07,13.57,0.48,
54,2026-05-01 21:00:00,5.08,2.51,0.0,0.0,70.52,11.77,12.05,12.45,0.42,
54,2026-05-01 22:00:00,3.95,2.44,0.0,0.0,78.0,9.7,10.25,11.04,0.28,
54,2026-05-01 23:00:00,4.18,2.13,0.0,0.0,79.09,9.09,9.33,9.47,0.25,
54,2026-05-02 00:00:00,3.88,1.76,0.0,0.0,78.83,8.3,8.56,8.75,0.24,
54,2026-05-02 01:00:00,3.05,1.08,0.0,0.0,78.07,7.68,7.75,7.82,0.23,
54,2026-05-02 02:00:00,2.98,1.52,0.0,0.0,76.74,7.14,7.45,7.93,0.25,
54,2026-05-02 03:00:00,3.12,0.97,0.0,0.0,78.35,6.34,6.81,6.98,0.22,
54,2026-05-02 04:00:00,1.02,0.14,0.0,0.0,89.05,3.55,4.14,5.02,0.09,
54,2026-05-02 05:00:00,3.5,1.23,0.0,0.0,88.05,4.22,4.74,4.94,0.1,
54,2026-05-02 06:00:00,3.65,1.5,0.0,0.0,85.75,4.53,4.79,5.03,0.12,
54,2026-05-02 07:00:00,3.2,1.01,0.02,0.0,86.73,3.46,4.1,4.52,0.11,
54,2026-05-02 08:00:00,2.3,0.5,73.69,0.0,89.7,2.2,2.92,3.45,0.08,
54,2026-05-02 09:00:00,3.28,1.0,229.3,0.0,80.67,3.48,4.95,6.02,0.17,
54,2026-05-02 10:00:00,4.1,2.16,389.4,0.0,71.8,6.26,7.02,7.69,0.28,
54,2026-05-02 11:00:00,3.95,2.18,509.8,0.0,62.07,8.07,9.48,10.81,0.45,
54,2026-05-02 12:00:00,3.58,1.61,580.7,0.0,51.1,11.24,12.22,13.29,0.7,
54,2026-05-02 13:00:00,4.18,2.03,597.4,0.0,40.99,13.75,14.81,15.65,1.0,
54,2026-05-02 14:00:00,4.03,2.02,591.6,0.0,34.29,16.36,17.01,17.61,1.28,
54,2026-05-02 15:00:00,3.8,1.89,537.4,0.0,32.06,17.83,18.39,18.83,1.44,
54,2026-05-02 16:00:00,3.2,1.48,435.4,0.0,29.82,19.21,19.5,19.79,1.59,
54,2026-05-02 17:00:00,2.6,1.26,289.4,0.0,32.21,19.01,19.38,19.54,1.53,
54,2026-05-02 18:00:00,1.92,0.41,125.4,0.0,39.92,16.55,17.89,18.69,1.24,
54,2026-05-02 19:00:00,1.4,0.35,3.45,0.0,62.71,9.97,11.96,14.53,0.54,
54,2026-05-02 20:00:00,1.25,0.26,0.0,0.0,77.78,6.57,8.24,9.8,0.25,
54,2026-05-02 21:00:00,0.0,0.0,0.0,0.0,85.4,5.64,5.96,6.18,0.14,
54,2026-05-02 22:00:00,0.8,0.04,0.0,0.0,87.23,3.9,4.68,5.16,0.11,
54,2026-05-02 23:00:00,1.55,0.48,0.0,0.0,89.28,3.72,4.1,4.49,0.09,
54,2026-05-03 00:00:00,1.4,0.24,0.0,0.0,89.98,3.46,3.64,4.05,0.08,
54,2026-05-03 01:00:00,1.1,0.19,0.0,0.0,92.03,3.06,3.54,4.08,0.07,
54,2026-05-03 02:00:00,1.48,0.28,0.0,0.0,91.38,1.65,2.18,2.81,0.06,
54,2026-05-03 03:00:00,1.48,0.28,0.0,0.0,94.1,1.22,1.53,2.12,0.04,
54,2026-05-03 04:00:00,1.32,0.1,0.0,0.0,95.8,1.0,1.22,1.35,0.03,
54,2026-05-03 05:00:00,0.0,0.0,0.0,0.0,96.05,0.13,0.45,0.91,0.02,
54,2026-05-03 06:00:00,1.1,0.29,0.0,0.0,96.85,0.14,0.28,0.36,0.02,
54,2026-05-03 07:00:00,1.25,0.29,0.0,0.0,97.28,0.83,1.09,1.23,0.02,
54,2026-05-03 08:00:00,0.8,0.03,32.17,0.0,97.5,1.4,1.84,2.2,0.02,
54,2026-05-03 09:00:00,1.18,0.13,99.8,0.0,97.6,2.38,3.02,3.68,0.02,
54,2026-05-03 10:00:00,1.48,0.27,476.5,0.0,96.2,4.09,6.11,8.2,0.04,
54,2026-05-03 11:00:00,1.78,0.42,281.5,0.0,79.56,9.41,10.11,11.03,0.26,
54,2026-05-03 12:00:00,1.62,0.4,293.5,0.0,68.43,11.75,12.5,13.18,0.46,
54,2026-05-03 13:00:00,1.85,0.55,350.3,0.0,65.67,13.47,14.21,14.95,0.56,
54,2026-05-03 14:00:00,3.12,1.41,262.5,0.0,58.7,15.27,15.45,15.76,0.72,
54,2026-05-03 15:00:00,3.42,1.43,279.4,0.0,58.34,15.88,16.05,16.21,0.76,
54,2026-05-03 16:00:00,2.98,1.55,277.6,0.0,55.6,16.29,16.65,16.85,0.84,
54,2026-05-03 17:00:00,2.9,1.4,168.0,0.0,58.7,16.44,16.63,16.82,0.78,
54,2026-05-03 18:00:00,1.7,0.41,25.01,0.0,60.22,15.99,16.15,16.32,0.73,
54,2026-05-03 19:00:00,1.92,0.45,1.0,0.0,67.2,15.24,15.46,15.77,0.58,
54,2026-05-03 20:00:00,1.7,0.54,0.0,0.0,71.23,14.66,14.85,15.03,0.49,
54,2026-05-03 21:00:00,2.0,0.75,0.0,0.0,80.38,12.68,13.58,14.41,0.31,
54,2026-05-03 22:00:00,1.85,0.82,0.0,0.0,88.9,12.19,12.31,12.46,0.16,
54,2026-05-03 23:00:00,1.78,0.32,0.0,0.0,91.33,12.13,12.27,12.34,0.12,
54,2026-05-04 00:00:00,1.02,0.06,0.0,0.0,91.3,12.14,12.22,12.27,0.12,
54,2026-05-04 01:00:00,0.35,0.0,0.0,0.0,90.75,12.26,12.31,12.34,0.13,
54,2026-05-04 02:00:00,1.18,0.11,0.0,0.0,90.93,12.2,12.23,12.25,0.13,
54,2026-05-04 03:00:00,0.88,0.04,0.0,0.0,92.13,11.8,12.04,12.22,0.11,
54,2026-05-04 04:00:00,1.32,0.11,0.0,0.0,93.53,11.72,11.79,11.89,0.09,
54,2026-05-04 05:00:00,1.48,0.15,0.0,0.0,93.3,11.81,11.86,11.94,0.09,
54,2026-05-04 06:00:00,0.5,0.0,0.0,0.0,93.7,11.8,11.84,11.91,0.09,
54,2026-05-04 07:00:00,0.0,0.0,0.0,0.0,93.08,12.05,12.12,12.18,0.1,
54,2026-05-04 08:00:00,0.8,0.01,11.58,0.0,91.33,12.2,12.31,12.41,0.13,
54,2026-05-04 09:00:00,1.62,0.24,69.16,0.0,89.93,12.54,12.68,12.86,0.15,
54,2026-05-04 10:00:00,1.32,0.19,119.0,0.0,88.23,12.9,13.14,13.45,0.18,
54,2026-05-04 11:00:00,1.85,0.55,142.5,0.0,86.2,13.79,14.09,14.29,0.22,
54,2026-05-04 12:00:00,1.78,0.65,222.9,0.0,84.38,14.2,14.65,15.19,0.26,
54,2026-05-04 13:00:00,2.0,0.35,333.7,0.0,78.87,15.24,15.71,16.33,0.38,
54,2026-05-04 14:00:00,2.0,0.54,521.1,0.0,71.37,16.9,17.18,17.35,0.56,
54,2026-05-04 15:00:00,1.78,0.45,209.0,0.0,73.53,16.93,17.1,17.33,0.52,
54,2026-05-04 16:00:00,2.08,0.44,169.8,0.0,72.79,17.21,17.23,17.25,0.54,
54,2026-05-04 17:00:00,1.85,0.69,168.3,0.0,74.95,16.8,17.09,17.23,0.49,
54,2026-05-04 18:00:00,1.25,0.15,38.85,0.0,80.76,15.49,16.03,16.51,0.35,
54,2026-05-04 19:00:00,0.0,0.0,2.01,0.0,87.58,14.17,14.54,14.94,0.2,
54,2026-05-04 20:00:00,0.0,0.0,0.0,0.0,90.1,13.44,13.69,13.96,0.16,
54,2026-05-04 21:00:00,0.0,0.0,0.0,0.0,92.25,12.73,12.98,13.2,0.12,
54,2026-05-04 22:00:00,0.0,0.0,0.0,0.0,93.08,11.95,12.22,12.57,0.1,
54,2026-05-04 23:00:00,0.0,0.0,0.0,0.0,94.78,11.88,11.94,12.05,0.07,
54,2026-05-05 00:00:00,0.0,0.0,0.0,0.0,95.33,11.68,11.85,12.03,0.07,
54,2026-05-05 01:00:00,1.32,0.04,0.0,0.0,95.95,11.53,11.64,11.79,0.06,
54,2026-05-05 02:00:00,0.95,0.04,0.0,0.0,95.75,11.12,11.43,11.88,0.06,
54,2026-05-05 03:00:00,1.02,0.08,0.0,0.0,96.33,11.01,11.17,11.31,0.05,
54,2026-05-05 04:00:00,1.1,0.11,0.0,0.0,96.68,11.07,11.13,11.17,0.04,
54,2026-05-05 05:00:00,2.9,0.56,0.0,0.0,96.88,11.2,11.24,11.28,0.04,
54,2026-05-05 06:00:00,3.95,1.53,0.0,0.0,96.83,11.65,11.83,11.91,0.04,
54,2026-05-05 07:00:00,1.85,0.54,0.0,0.0,96.65,11.55,11.71,11.83,0.05,
54,2026-05-05 08:00:00,2.15,0.54,10.91,0.0,96.83,11.51,11.63,11.68,0.04,
54,2026-05-05 09:00:00,1.85,0.58,84.5,0.0,96.93,11.78,12.03,12.34,0.04,
54,2026-05-05 10:00:00,1.92,0.42,176.6,0.0,94.8,12.49,12.93,13.38,0.08,
54,2026-05-05 11:00:00,1.55,0.38,260.8,0.0,88.88,13.82,14.36,14.99,0.18,
54,2026-05-05 12:00:00,2.0,0.41,261.8,0.0,76.28,15.62,16.26,16.85,0.44,
54,2026-05-05 13:00:00,1.85,0.67,291.4,0.0,71.38,17.02,17.39,17.83,0.57,
54,2026-05-05 14:00:00,3.42,1.68,501.2,0.0,62.39,18.38,19.44,20.18,0.86,
54,2026-05-05 15:00:00,2.9,0.87,273.7,0.0,58.96,20.05,20.07,20.11,0.97,
54,2026-05-05 16:00:00,2.3,0.64,231.4,0.0,56.56,20.11,20.37,20.84,1.04,
54,2026-05-05 17:00:00,2.0,0.36,112.6,0.0,60.29,19.37,19.77,20.19,0.92,
54,2026-05-05 18:00:00,3.28,1.26,22.17,0.0,62.55,18.07,18.6,19.09,0.8,
54,2026-05-05 19:00:00,2.45,0.55,0.58,0.0,64.94,16.44,16.88,17.45,0.68,
54,2026-05-05 20:00:00,1.48,0.14,0.0,0.0,72.45,15.11,15.43,15.83,0.49,
54,2026-05-05 21:00:00,2.08,0.59,0.0,0.0,76.65,14.6,14.78,14.98,0.39,
54,2026-05-05 22:00:00,4.18,1.77,0.0,0.0,76.59,14.9,14.93,14.95,0.4,
54,2026-05-05 23:00:00,5.75,2.58,0.0,0.0,79.23,14.49,14.69,14.84,0.35,
54,2026-05-06 00:00:00,3.58,1.38,0.0,0.0,81.53,14.05,14.13,14.18,0.3,
54,2026-05-06 01:00:00,4.1,1.71,0.0,0.0,80.2,14.17,14.31,14.48,0.32,
54,2026-05-06 02:00:00,4.78,1.88,0.0,0.0,79.42,14.19,14.23,14.27,0.34,
54,2026-05-06 03:00:00,5.98,2.73,0.0,0.0,77.46,14.21,14.28,14.39,0.37,
54,2026-05-06 04:00:00,6.5,3.69,0.0,0.1,77.56,14.38,14.45,14.56,0.37,
54,2026-05-06 05:00:00,5.45,2.8,0.0,2.1,91.5,12.73,13.11,13.67,0.13,
54,2026-05-06 06:00:00,6.72,3.27,0.0,1.0,94.33,12.59,12.62,12.65,0.08,
54,2026-05-06 07:00:00,7.1,3.52,0.0,0.2,93.75,12.6,12.63,12.64,0.1,
54,2026-05-06 08:00:00,6.8,3.18,8.32,0.2,93.4,12.63,12.73,12.84,0.1,
54,2026-05-06 09:00:00,5.82,3.13,39.68,1.2,92.93,12.87,12.95,13.06,0.11,
54,2026-05-06 10:00:00,6.28,2.93,187.9,0.8,94.23,12.77,13.16,13.73,0.09,
54,2026-05-06 11:00:00,4.78,2.47,56.35,5.2,94.98,13.14,13.27,13.41,0.08,
54,2026-05-06 12:00:00,5.0,2.45,287.5,0.3,92.03,13.78,14.59,14.99,0.13,
54,2026-05-06 13:00:00,7.25,3.75,482.5,0.3,79.39,14.53,15.14,15.64,0.36,
54,2026-05-06 14:00:00,6.12,3.6,368.7,0.0,68.99,15.62,15.74,15.82,0.55,
54,2026-05-06 15:00:00,5.9,3.01,311.8,0.0,68.22,14.98,15.31,15.99,0.55,
54,2026-05-06 16:00:00,5.15,2.56,117.7,0.0,68.23,14.78,14.86,15.04,0.54,
54,2026-05-06 17:00:00,4.85,2.55,106.3,0.0,69.55,14.12,14.43,14.74,0.5,
54,2026-05-06 18:00:00,3.88,1.37,55.67,0.0,71.82,12.88,13.33,13.76,0.43,
54,2026-05-06 19:00:00,2.98,1.02,3.1,0.0,72.78,12.19,12.32,12.48,0.39,
54,2026-05-06 20:00:00,3.12,1.16,0.0,0.0,76.44,10.78,11.4,11.95,0.32,
54,2026-05-06 21:00:00,1.25,0.42,0.0,0.0,86.6,8.91,9.11,9.48,0.16,
54,2026-05-06 22:00:00,1.62,0.55,0.0,0.0,85.05,9.3,9.45,9.63,0.18,
54,2026-05-06 23:00:00,1.55,0.43,0.0,0.0,85.33,9.45,9.56,9.71,0.18,
54,2026-05-07 00:00:00,1.32,0.55,0.0,0.0,86.85,8.78,9.15,9.44,0.15,
54,2026-05-07 01:00:00,1.4,0.14,0.0,0.0,89.83,7.34,7.77,8.39,0.11,
54,2026-05-07 02:00:00,2.52,0.63,0.0,0.0,88.15,7.98,8.23,8.5,0.13,
54,2026-05-07 03:00:00,2.98,1.4,0.0,0.0,86.5,8.28,8.49,8.63,0.15,
54,2026-05-07 04:00:00,2.98,1.53,0.0,0.0,85.55,7.78,7.95,8.11,0.16,
54,2026-05-07 05:00:00,1.62,0.37,0.0,0.0,87.9,4.84,6.43,7.67,0.12,
54,2026-05-07 06:00:00,1.62,0.31,0.0,0.0,91.03,4.33,4.91,5.3,0.08,
54,2026-05-07 07:00:00,1.25,0.17,0.0,0.0,93.65,3.35,3.82,4.32,0.05,
54,2026-05-07 08:00:00,1.02,0.03,54.3,0.0,94.25,2.29,2.83,3.67,0.04,
54,2026-05-07 09:00:00,1.1,0.14,210.6,0.0,89.55,2.97,5.21,7.2,0.1,
54,2026-05-07 10:00:00,2.52,0.74,361.1,0.0,76.38,8.22,8.97,9.55,0.28,
54,2026-05-07 11:00:00,3.05,1.12,481.4,0.0,70.74,10.12,10.73,11.24,0.38,
54,2026-05-07 12:00:00,3.8,1.85,550.0,0.0,66.15,11.74,12.53,13.35,0.5,
54,2026-05-07 13:00:00,4.78,2.75,591.5,0.0,57.23,13.29,13.83,14.13,0.68,
54,2026-05-07 14:00:00,4.62,2.5,500.8,0.0,51.66,14.07,14.25,14.44,0.79,
54,2026-05-07 15:00:00,4.7,2.56,437.8,0.0,49.91,14.22,14.42,14.72,0.82,
54,2026-05-07 16:00:00,5.22,2.91,185.0,0.0,53.37,12.96,13.39,13.84,0.72,
54,2026-05-07 17:00:00,4.47,2.6,64.32,0.0,58.78,12.05,12.38,12.68,0.59,
54,2026-05-07 18:00:00,4.92,1.93,19.53,0.0,62.76,11.3,11.56,11.84,0.51,
54,2026-05-07 19:00:00,3.42,1.96,1.43,0.0,64.9,10.73,10.95,11.2,0.46,
54,2026-05-07 20:00:00,3.2,1.75,0.0,0.0,65.1,10.42,10.49,10.55,0.45,
54,2026-05-07 21:00:00,2.08,0.69,0.0,0.0,69.16,9.79,9.97,10.22,0.38,
54,2026-05-07 22:00:00,2.68,1.31,0.0,0.0,74.01,9.38,9.47,9.59,0.31,
54,2026-05-07 23:00:00,2.3,0.52,0.0,0.0,79.3,7.55,8.45,9.19,0.23,
54,2026-05-08 00:00:00,1.18,0.05,0.0,0.0,87.83,6.16,6.66,7.17,0.12,
54,2026-05-08 01:00:00,0.72,0.02,0.0,0.0,90.0,6.03,6.16,6.24,0.1,
54,2026-05-08 02:00:00,0.8,0.03,0.0,0.0,90.93,6.08,6.28,6.4,0.09,
54,2026-05-08 03:00:00,0.88,0.04,0.0,0.0,91.05,6.24,6.33,6.44,0.09,
54,2026-05-08 04:00:00,0.72,0.01,0.0,0.0,90.85,6.41,6.78,6.97,0.09,
54,2026-05-08 05:00:00,1.62,0.23,0.0,0.0,91.08,7.1,7.17,7.24,0.09,
54,2026-05-08 06:00:00,1.62,0.67,0.0,0.0,90.18,6.76,6.91,7.05,0.1,
54,2026-05-08 07:00:00,1.7,0.31,0.0,0.0,91.08,6.39,6.53,6.67,0.09,
54,2026-05-08 08:00:00,2.22,0.61,9.75,0.0,91.23,6.82,6.97,7.1,0.09,
54,2026-05-08 09:00:00,3.42,1.36,61.82,0.0,90.58,7.04,7.18,7.34,0.1,
54,2026-05-08 10:00:00,2.08,0.46,126.2,0.0,85.45,7.58,8.17,8.64,0.16,
54,2026-05-08 11:00:00,1.92,0.63,140.1,1.0,91.13,8.35,8.41,8.54,0.1,
54,2026-05-08 12:00:00,3.65,1.99,464.4,0.1,91.1,8.78,9.49,10.02,0.11,
54,2026-05-08 13:00:00,2.98,1.72,216.5,0.7,92.35,9.44,9.66,9.88,0.09,
54,2026-05-08 14:00:00,2.15,1.04,170.8,0.0,89.45,9.96,10.21,10.45,0.13,
54,2026-05-08 15:00:00,2.3,0.86,222.1,0.0,82.55,10.73,11.1,11.48,0.23,
54,2026-05-08 16:00:00,1.4,0.28,200.2,0.0,79.21,11.88,12.13,12.34,0.29,
54,2026-05-08 17:00:00,2.98,1.16,100.1,0.0,82.9,12.15,12.18,12.21,0.24,
54,2026-05-08 18:00:00,4.1,2.29,18.37,0.0,85.1,11.45,11.69,11.9,0.21,
54,2026-05-08 19:00:00,2.45,1.26,1.72,0.0,89.2,9.81,10.37,10.96,0.14,
54,2026-05-08 20:00:00,2.45,1.22,0.0,0.0,87.95,9.59,10.28,10.69,0.15,
54,2026-05-08 21:00:00,3.42,1.79,0.0,0.0,88.68,9.97,10.26,10.54,0.14,
54,2026-05-08 22:00:00,4.25,2.22,0.0,0.0,90.8,9.44,9.65,9.97,0.11,
54,2026-05-08 23:00:00,4.03,2.13,0.0,0.0,91.73,9.05,9.22,9.34,0.1,
54,2026-05-09 00:00:00,6.42,3.11,0.0,0.0,90.5,9.23,9.36,9.45,0.12,
54,2026-05-09 01:00:00,5.98,2.83,0.0,0.0,91.08,8.16,8.64,9.04,0.1,
54,2026-05-09 02:00:00,4.32,2.57,0.0,0.0,93.25,7.31,7.55,7.86,0.07,
54,2026-05-09 03:00:00,5.22,3.08,0.0,0.0,93.68,6.67,6.97,7.22,0.06,
54,2026-05-09 04:00:00,5.45,3.01,0.0,0.0,91.95,6.16,6.33,6.53,0.08,
54,2026-05-09 05:00:00,4.62,2.68,0.0,0.0,89.65,5.72,5.85,6.01,0.1,
54,2026-05-09 06:00:00,6.2,3.12,0.0,0.0,86.9,5.32,5.59,5.76,0.12,
54,2026-05-09 07:00:00,4.47,2.45,0.0,0.0,87.3,4.62,4.93,5.2,0.11,
54,2026-05-09 08:00:00,5.52,2.3,55.63,0.0,85.13,4.54,4.61,4.66,0.13,
54,2026-05-09 09:00:00,5.6,3.05,205.4,0.0,79.81,5.02,5.42,5.99,0.19,
54,2026-05-09 10:00:00,6.88,3.85,362.9,0.0,71.53,6.62,7.67,8.76,0.3,
54,2026-05-09 11:00:00,6.72,4.2,483.1,0.0,59.46,9.44,10.3,11.16,0.51,
54,2026-05-09 12:00:00,7.55,4.87,554.3,0.0,52.42,11.86,12.5,12.94,0.69,
54,2026-05-09 13:00:00,7.18,4.79,570.6,0.0,46.8,13.33,14.14,14.95,0.86,
54,2026-05-09 14:00:00,7.48,4.54,564.1,0.0,42.85,15.44,15.88,16.26,1.03,
54,2026-05-09 15:00:00,7.1,4.66,510.1,0.0,40.7,16.5,16.82,17.17,1.14,
54,2026-05-09 16:00:00,8.0,4.23,406.0,0.0,38.9,17.26,17.56,17.79,1.23,
54,2026-05-09 17:00:00,6.88,3.41,262.1,0.0,39.66,17.24,17.52,17.7,1.21,
54,2026-05-09 18:00:00,4.78,2.43,104.6,0.0,47.09,14.99,16.05,16.93,0.97,
54,2026-05-09 19:00:00,3.5,1.63,1.86,0.0,54.54,12.79,13.39,14.14,0.7,
54,2026-05-09 20:00:00,3.95,1.76,0.0,0.0,60.51,11.46,11.97,12.48,0.55,
54,2026-05-09 21:00:00,3.28,1.73,0.0,0.0,64.95,10.94,11.16,11.33,0.47,
54,2026-05-09 22:00:00,3.5,1.65,0.0,0.0,69.5,10.0,10.32,10.76,0.38,
54,2026-05-09 23:00:00,4.62,1.3,0.0,0.0,68.7,9.36,9.7,9.89,0.38,
54,2026-05-10 00:00:00,1.92,0.49,0.0,0.0,70.6,8.15,8.37,8.74,0.32,
54,2026-05-10 01:00:00,4.55,1.73,0.0,0.0,68.25,8.35,8.5,8.71,0.35,
54,2026-05-10 02:00:00,3.28,0.89,0.0,0.0,74.24,6.39,7.06,7.94,0.26,
54,2026-05-10 03:00:00,3.5,0.76,0.0,0.0,74.82,5.76,6.96,7.76,0.25,
54,2026-05-10 04:00:00,1.18,0.07,0.0,0.0,84.1,3.97,4.56,5.45,0.13,
54,2026-05-10 05:00:00,1.1,0.17,0.0,0.0,83.0,4.04,4.31,4.68,0.14,
54,2026-05-10 06:00:00,1.25,0.13,0.0,0.0,80.98,4.24,4.77,5.42,0.16,
54,2026-05-10 07:00:00,1.25,0.45,0.0,0.0,81.27,3.67,4.68,5.46,0.16,
54,2026-05-10 08:00:00,1.1,0.1,53.49,0.0,90.33,1.08,1.78,2.79,0.07,
54,2026-05-10 09:00:00,1.92,0.22,199.5,0.0,78.6,1.9,4.94,7.66,0.2,
54,2026-05-10 10:00:00,3.42,1.46,354.2,0.0,65.37,8.07,8.79,9.29,0.4,
54,2026-05-10 11:00:00,3.42,2.01,472.2,0.0,61.5,9.65,10.48,11.43,0.49,
54,2026-05-10 12:00:00,3.5,1.93,542.5,0.0,51.1,12.3,13.39,14.42,0.75,
54,2026-05-10 13:00:00,4.25,2.43,559.0,0.0,46.39,14.78,15.54,16.19,0.95,
54,2026-05-10 14:00:00,4.92,2.91,552.6,0.0,44.6,16.36,16.99,17.67,1.07,
54,2026-05-10 15:00:00,4.62,2.65,499.8,0.0,44.48,17.91,18.42,18.89,1.18,
54,2026-05-10 16:00:00,4.1,2.16,397.6,0.0,42.53,19.29,19.45,19.58,1.3,
54,2026-05-10 17:00:00,3.28,1.78,254.3,0.0,43.51,19.58,19.71,19.8,1.3,
54,2026-05-10 18:00:00,2.45,0.53,99.8,0.0,49.95,17.39,18.68,19.49,1.08,
54,2026-05-10 19:00:00,1.1,0.07,1.58,0.0,70.24,11.32,13.6,15.84,0.48,
54,2026-05-10 20:00:00,3.65,0.75,0.0,0.0,74.1,10.45,11.31,13.49,0.36,
54,2026-05-10 21:00:00,4.1,1.22,0.0,0.0,65.13,12.97,13.73,14.54,0.55,
54,2026-05-10 22:00:00,2.08,0.51,0.0,0.0,70.02,11.6,12.06,12.4,0.42,
54,2026-05-10 23:00:00,0.65,0.01,0.0,0.0,79.88,9.01,9.89,10.88,0.25,
54,2026-05-11 00:00:00,1.02,0.11,0.0,0.0,86.53,7.8,8.37,9.04,0.15,
54,2026-05-11 01:00:00,0.72,0.03,0.0,0.0,89.2,7.15,7.72,8.7,0.12,
54,2026-05-11 02:00:00,0.95,0.07,0.0,0.0,90.1,5.91,6.99,8.28,0.1,
54,2026-05-11 03:00:00,1.4,0.1,0.0,0.0,93.25,4.49,5.14,5.89,0.06,
54,2026-05-11 04:00:00,0.8,0.04,0.0,0.0,94.38,3.86,4.17,4.41,0.05,
54,2026-05-11 05:00:00,1.4,0.57,0.0,0.0,94.43,2.88,3.47,4.1,0.04,
54,2026-05-11 06:00:00,0.88,0.03,0.0,0.0,94.7,1.91,2.53,3.02,0.04,
54,2026-05-11 07:00:00,0.95,0.14,0.0,0.0,95.4,1.28,1.58,1.82,0.03,
54,2026-05-11 08:00:00,1.1,0.2,32.56,0.0,95.7,0.71,0.81,0.93,0.03,
54,2026-05-11 09:00:00,1.25,0.25,203.9,0.0,92.43,1.22,3.42,5.66,0.06,
54,2026-05-11 10:00:00,0.8,0.03,347.9,0.0,76.72,7.46,9.17,11.15,0.28,
54,2026-05-11 11:00:00,2.9,0.93,466.8,0.0,67.45,12.12,12.93,13.65,0.49,
54,2026-05-11 12:00:00,3.12,1.48,537.0,0.0,59.12,14.32,15.06,15.75,0.7,
54,2026-05-11 13:00:00,3.35,1.29,553.9,0.0,52.89,16.36,17.26,18.2,0.93,
54,2026-05-11 14:00:00,3.28,1.45,547.8,0.0,47.72,18.79,19.24,19.82,1.17,
54,2026-05-11 15:00:00,3.58,1.57,495.4,0.0,43.74,20.04,20.4,20.8,1.35,
54,2026-05-11 16:00:00,2.6,1.09,392.6,0.0,42.02,21.02,21.34,21.72,1.47,
54,2026-05-11 17:00:00,1.78,0.35,251.2,0.0,42.24,21.54,21.74,22.11,1.5,
54,2026-05-11 18:00:00,1.02,0.06,98.3,0.0,48.31,18.15,20.42,21.66,1.26,
54,2026-05-11 19:00:00,0.95,0.14,1.45,0.0,70.6,13.36,14.35,15.89,0.49,
54,2026-05-11 20:00:00,1.18,0.37,0.0,0.0,80.89,10.85,11.51,12.3,0.26,
54,2026-05-11 21:00:00,1.02,0.19,0.0,0.0,88.23,8.91,9.39,9.76,0.14,
54,2026-05-11 22:00:00,1.02,0.13,0.0,0.0,90.4,8.05,8.5,8.95,0.11,
54,2026-05-11 23:00:00,1.18,0.19,0.0,0.0,92.3,8.27,8.67,9.04,0.09,
54,2026-05-12 00:00:00,1.55,0.46,0.0,0.0,93.73,7.47,7.71,8.0,0.07,
54,2026-05-12 01:00:00,1.4,0.19,0.0,0.0,94.43,5.88,6.27,6.5,0.06,
54,2026-05-12 02:00:00,0.95,0.21,0.0,0.0,96.25,5.65,5.93,6.44,0.04,
54,2026-05-12 03:00:00,1.85,0.91,0.0,0.0,96.83,6.16,6.5,6.84,0.03,
54,2026-05-12 04:00:00,2.15,1.09,0.0,0.0,97.18,5.46,5.7,6.28,0.03,
54,2026-05-12 05:00:00,0.8,0.02,0.0,0.0,97.67,5.44,5.47,5.5,0.02,
54,2026-05-12 06:00:00,1.25,0.1,0.0,0.0,97.8,5.36,5.53,5.84,0.02,
54,2026-05-12 07:00:00,0.95,0.08,0.0,0.1,98.0,6.4,7.07,7.54,0.02,
54,2026-05-12 08:00:00,1.55,0.37,5.86,0.0,98.0,7.49,7.65,7.89,0.02,
54,2026-05-12 09:00:00,1.02,0.08,39.8,0.0,98.03,7.6,7.84,8.12,0.02,
54,2026-05-12 10:00:00,0.95,0.03,97.0,0.1,98.1,8.38,8.69,9.03,0.02,
54,2026-05-12 11:00:00,2.08,0.63,144.4,0.0,98.1,9.28,9.64,9.92,0.02,
54,2026-05-12 12:00:00,2.15,0.74,138.3,0.0,97.98,9.97,10.04,10.12,0.02,
54,2026-05-12 13:00:00,3.42,1.55,143.7,0.0,92.15,10.43,10.58,10.72,0.1,
54,2026-05-12 14:00:00,3.35,1.53,145.6,0.0,89.1,10.63,10.73,10.87,0.14,
54,2026-05-12 15:00:00,2.9,1.21,268.5,0.0,86.33,10.96,11.22,11.52,0.18,
54,2026-05-12 16:00:00,2.38,1.02,333.7,0.0,80.66,11.96,12.13,12.23,0.27,
54,2026-05-12 17:00:00,2.3,1.24,175.7,0.0,83.03,11.85,11.96,12.12,0.24,
54,2026-05-12 18:00:00,1.78,0.91,69.69,0.0,88.08,9.99,10.82,11.55,0.16,
54,2026-05-12 19:00:00,1.7,0.62,1.1,0.0,92.9,9.4,9.54,9.71,0.09,
54,2026-05-12 20:00:00,1.7,0.48,0.0,0.0,94.23,9.16,9.31,9.36,0.07,
54,2026-05-12 21:00:00,1.85,0.69,0.0,0.0,94.98,9.16,9.29,9.46,0.06,
54,2026-05-12 22:00:00,1.32,0.31,0.0,0.0,94.53,9.64,9.86,10.1,0.07,
54,2026-05-12 23:00:00,0.0,0.0,0.0,0.0,95.2,8.95,9.24,9.53,0.06,
54,2026-05-13 00:00:00,0.8,0.06,0.0,0.0,94.88,9.41,9.74,10.12,0.06,
54,2026-05-13 01:00:00,1.02,0.1,0.0,0.0,95.6,9.47,9.8,10.08,0.05,
54,2026-05-13 02:00:00,0.95,0.03,0.0,0.0,96.15,9.98,10.06,10.15,0.05,
54,2026-05-13 03:00:00,1.7,0.27,0.0,0.0,96.6,9.69,9.77,9.98,0.04,
54,2026-05-13 04:00:00,1.1,0.08,0.0,0.0,96.78,9.68,9.69,9.7,0.04,
54,2026-05-13 05:00:00,0.88,0.02,0.0,0.0,96.73,9.68,9.7,9.72,0.04,
54,2026-05-13 06:00:00,0.8,0.02,0.0,0.0,96.83,9.73,9.75,9.8,0.04,
54,2026-05-13 07:00:00,0.95,0.05,0.0,0.0,96.75,9.62,9.69,9.74,0.04,
54,2026-05-13 08:00:00,1.48,0.48,5.04,0.0,96.95,9.66,9.67,9.7,0.04,
54,2026-05-13 09:00:00,2.3,0.76,37.35,0.0,97.18,9.79,9.92,10.12,0.03,
54,2026-05-13 10:00:00,2.3,0.84,73.88,0.0,95.43,10.22,10.37,10.57,0.06,
54,2026-05-13 11:00:00,2.22,0.6,148.8,0.0,90.85,10.72,11.08,11.29,0.12,
54,2026-05-13 12:00:00,2.22,0.9,122.3,0.0,86.6,11.42,11.62,11.82,0.18,
54,2026-05-13 13:00:00,2.45,0.85,160.5,0.0,83.95,12.13,12.26,12.4,0.23,
54,2026-05-13 14:00:00,2.82,1.35,339.7,0.0,77.62,12.98,13.59,14.11,0.35,
54,2026-05-13 15:00:00,3.35,1.55,391.2,0.0,72.25,14.37,14.58,14.8,0.46,
54,2026-05-13 16:00:00,2.98,1.29,333.8,0.0,70.39,14.61,14.96,15.29,0.51,
54,2026-05-13 17:00:00,3.05,0.99,220.9,0.0,69.65,15.03,15.17,15.32,0.53,
54,2026-05-13 18:00:00,1.62,0.77,95.5,0.0,75.98,13.06,14.14,14.94,0.39,
54,2026-05-13 19:00:00,1.18,0.18,1.81,0.0,87.4,10.48,11.31,12.32,0.17,
54,2026-05-13 20:00:00,0.65,0.01,0.0,0.0,92.4,9.45,9.7,10.08,0.09,
54,2026-05-13 21:00:00,1.48,0.02,0.0,0.0,93.33,7.16,7.82,8.91,0.07,
54,2026-05-13 22:00:00,1.4,0.1,0.0,0.0,95.95,5.99,6.54,7.08,0.04,
54,2026-05-13 23:00:00,0.5,0.0,0.0,0.0,96.28,4.3,5.02,5.86,0.03,
54,2026-05-14 00:00:00,0.8,0.02,0.0,0.0,97.03,4.64,5.13,5.44,0.03,
54,2026-05-14 01:00:00,2.22,0.35,0.0,0.0,97.05,4.79,5.87,7.05,0.03,
54,2026-05-14 02:00:00,1.62,0.36,0.0,0.0,96.08,5.35,6.36,7.07,0.04,
54,2026-05-14 03:00:00,1.32,0.35,0.0,0.0,92.3,7.05,7.28,7.52,0.08,
54,2026-05-14 04:00:00,1.55,0.07,0.0,0.0,92.58,6.31,6.56,6.76,0.07,
54,2026-05-14 05:00:00,1.1,0.14,0.0,0.1,92.78,6.02,6.18,6.3,0.07,
54,2026-05-14 06:00:00,2.3,1.04,0.0,0.0,92.23,5.85,6.17,6.46,0.07,
54,2026-05-14 07:00:00,2.98,1.24,0.0,0.0,91.35,5.97,6.31,6.48,0.08,
54,2026-05-14 08:00:00,3.12,0.44,15.0,0.0,93.48,3.13,4.22,5.95,0.06,
54,2026-05-14 09:00:00,3.42,0.85,71.81,0.0,95.48,3.3,4.64,5.78,0.04,
54,2026-05-14 10:00:00,3.5,1.78,149.5,0.0,92.35,6.06,6.37,6.74,0.07,
54,2026-05-14 11:00:00,3.58,1.96,195.7,0.0,90.7,6.65,6.76,6.83,0.09,
54,2026-05-14 12:00:00,3.65,2.23,398.1,0.0,87.53,7.07,7.36,7.92,0.13,
54,2026-05-14 13:00:00,3.5,1.98,510.5,0.0,82.94,7.83,8.2,8.85,0.19,
54,2026-05-14 14:00:00,3.42,1.44,535.4,0.0,74.55,9.25,10.26,11.12,0.32,
54,2026-05-14 15:00:00,2.98,1.26,443.7,0.0,68.1,11.89,12.35,12.69,0.46,
54,2026-05-14 16:00:00,3.72,1.66,370.2,0.0,66.4,13.38,13.46,13.59,0.52,
54,2026-05-14 17:00:00,3.12,1.61,214.5,0.0,70.33,11.92,12.57,13.33,0.44,
54,2026-05-14 18:00:00,2.22,0.62,55.51,0.0,80.71,9.23,10.39,11.44,0.25,
54,2026-05-14 19:00:00,1.32,0.1,0.41,0.0,89.3,6.55,7.63,8.63,0.11,
54,2026-05-14 20:00:00,1.25,0.11,0.0,0.0,93.25,5.1,5.59,6.0,0.06,
54,2026-05-14 21:00:00,0.88,0.02,0.0,0.0,95.2,3.59,4.05,4.49,0.04,
54,2026-05-14 22:00:00,1.25,0.25,0.0,0.0,97.08,4.14,4.36,4.6,0.02,
54,2026-05-14 23:00:00,1.02,0.02,0.0,0.0,97.38,3.72,3.87,3.94,0.02,
54,2026-05-15 00:00:00,0.5,0.0,0.0,0.0,97.38,2.93,3.06,3.34,0.02,
54,2026-05-15 01:00:00,1.18,0.21,0.0,0.0,97.55,2.87,2.93,2.96,0.02,
54,2026-05-15 02:00:00,0.0,0.0,0.0,0.0,97.53,1.86,2.28,2.68,0.02,
54,2026-05-15 03:00:00,1.02,0.04,0.0,0.0,97.63,1.7,1.77,1.84,0.02,
54,2026-05-15 04:00:00,0.95,0.07,0.0,0.0,97.73,2.07,2.27,2.44,0.02,
54,2026-05-15 05:00:00,1.1,0.04,0.0,0.0,97.8,2.65,3.03,3.38,0.02,
54,2026-05-15 06:00:00,0.8,0.04,0.0,0.0,97.75,3.63,3.71,3.75,0.02,
54,2026-05-15 07:00:00,1.1,0.09,0.0,0.0,97.55,3.73,3.8,3.91,0.02,
54,2026-05-15 08:00:00,1.1,0.25,3.47,0.0,97.4,3.9,4.02,4.21,0.02,
54,2026-05-15 09:00:00,1.32,0.27,47.8,0.0,97.33,4.44,4.83,5.29,0.02,
54,2026-05-15 10:00:00,1.02,0.03,113.0,0.1,96.07,6.43,6.86,7.32,0.04,
54,2026-05-15 11:00:00,3.28,1.0,234.9,0.0,87.25,7.7,8.4,9.16,0.14,
54,2026-05-15 12:00:00,3.42,1.89,274.0,0.0,79.9,9.63,10.14,10.51,0.25,
54,2026-05-15 13:00:00,4.92,2.29,387.8,0.0,69.12,10.9,11.68,12.65,0.43,
54,2026-05-15 14:00:00,4.18,2.27,438.5,0.0,61.66,12.55,13.09,13.57,0.58,
54,2026-05-15 15:00:00,4.78,2.48,442.1,0.0,58.36,13.46,13.83,14.32,0.66,
54,2026-05-15 16:00:00,5.3,3.01,356.0,0.0,56.24,14.38,14.63,14.79,0.73,
54,2026-05-15 17:00:00,5.98,2.96,221.7,0.0,60.55,13.74,13.91,14.29,0.63,
54,2026-05-15 18:00:00,3.05,0.88,101.9,0.0,65.18,12.78,13.62,14.23,0.55,
54,2026-05-15 19:00:00,1.25,0.15,0.02,0.0,83.4,8.48,9.19,9.97,0.19,
54,2026-05-15 20:00:00,5.6,2.43,0.0,0.0,69.1,9.63,10.38,10.71,0.39,
54,2026-05-15 21:00:00,7.78,3.8,0.0,0.0,70.69,9.67,10.04,10.49,0.36,
54,2026-05-15 22:00:00,6.5,3.2,0.0,0.0,72.45,8.1,8.76,9.37,0.31,
54,2026-05-15 23:00:00,6.65,3.51,0.0,0.0,76.36,7.39,7.68,7.9,0.25,
54,2026-05-16 00:00:00,5.08,2.74,0.0,0.0,78.91,6.97,7.13,7.28,0.22,
54,2026-05-16 01:00:00,6.5,3.14,0.0,0.0,80.28,7.1,7.18,7.27,0.2,
54,2026-05-16 02:00:00,5.98,2.42,0.0,0.0,82.2,6.77,6.89,6.97,0.18,
54,2026-05-16 03:00:00,5.38,2.57,0.0,0.0,82.18,6.44,6.63,6.72,0.17,
54,2026-05-16 04:00:00,5.08,2.58,0.0,0.0,81.38,6.4,6.45,6.49,0.18,
54,2026-05-16 05:00:00,6.72,3.46,0.0,0.0,81.65,6.2,6.29,6.35,0.17,
54,2026-05-16 06:00:00,6.2,3.76,0.0,0.0,82.93,5.99,6.04,6.11,0.16,
54,2026-05-16 07:00:00,5.45,2.92,0.0,0.0,82.93,5.99,6.0,6.02,0.16,
54,2026-05-16 08:00:00,6.05,3.18,4.09,0.0,82.88,5.81,5.88,5.99,0.16,
54,2026-05-16 09:00:00,4.62,2.84,37.01,0.0,83.03,5.74,5.76,5.78,0.16,
54,2026-05-16 10:00:00,4.78,2.62,78.36,0.0,83.13,5.82,5.85,5.87,0.16,
54,2026-05-16 11:00:00,4.47,2.71,195.4,0.0,81.98,5.75,5.9,6.2,0.17,
54,2026-05-16 12:00:00,5.3,2.71,520.6,0.0,72.38,6.64,7.98,8.96,0.3,
54,2026-05-16 13:00:00,5.68,2.92,533.0,0.0,63.5,9.66,10.76,12.06,0.48,
54,2026-05-16 14:00:00,6.35,3.6,527.6,0.0,54.4,12.67,13.37,13.98,0.7,
54,2026-05-16 15:00:00,6.12,3.48,475.4,0.0,48.94,14.46,15.11,15.73,0.88,
54,2026-05-16 16:00:00,6.42,3.8,373.7,0.0,45.78,16.03,16.15,16.35,1.0,
54,2026-05-16 17:00:00,5.9,3.48,232.8,0.0,44.06,15.82,16.17,16.41,1.03,
54,2026-05-16 18:00:00,5.08,2.38,85.2,0.0,49.16,13.44,14.53,15.46,0.85,
54,2026-05-16 19:00:00,2.75,1.39,0.94,0.0,56.97,11.45,12.1,12.7,0.61,
54,2026-05-16 20:00:00,4.1,1.37,0.0,0.0,63.11,9.72,10.37,11.17,0.47,
54,2026-05-16 21:00:00,3.05,0.56,0.0,0.0,70.04,7.98,8.52,9.23,0.34,
54,2026-05-16 22:00:00,2.82,1.15,0.0,0.0,71.15,7.98,8.16,8.49,0.31,
54,2026-05-16 23:00:00,3.05,1.07,0.0,0.0,74.24,6.77,7.34,7.66,0.27,
54,2026-05-17 00:00:00,4.18,1.49,0.0,0.0,77.8,6.55,6.63,6.73,0.22,
54,2026-05-17 01:00:00,3.95,1.47,0.0,0.0,79.85,6.08,6.17,6.3,0.19,
54,2026-05-17 02:00:00,2.08,0.29,0.0,0.0,83.87,4.23,5.06,5.78,0.14,
54,2026-05-17 03:00:00,1.25,0.16,0.0,0.0,88.55,2.8,2.99,3.26,0.09,
54,2026-05-17 04:00:00,1.32,0.27,0.0,0.0,90.75,1.43,2.02,2.9,0.07,
54,2026-05-17 05:00:00,1.18,0.05,0.0,0.0,90.85,0.84,1.88,2.94,0.06,
54,2026-05-17 06:00:00,0.88,0.02,0.0,0.0,92.63,-1.57,-0.69,0.3,0.04,
54,2026-05-17 07:00:00,1.55,0.2,0.0,0.0,95.13,-2.1,-1.68,-1.27,0.03,
54,2026-05-17 08:00:00,1.4,0.59,14.81,0.0,94.43,-3.05,-2.89,-2.66,0.03,
54,2026-05-17 09:00:00,1.25,0.43,105.9,0.0,96.23,-2.5,-1.89,-1.2,0.02,
54,2026-05-17 10:00:00,1.78,0.61,211.3,0.0,97.2,-0.75,0.34,1.54,0.02,
54,2026-05-17 11:00:00,2.45,1.1,302.0,0.0,97.3,1.95,2.65,3.41,0.02,
54,2026-05-17 12:00:00,2.38,1.24,578.6,0.0,84.11,3.64,5.7,7.46,0.16,
54,2026-05-17 13:00:00,2.68,0.83,528.7,0.0,63.14,8.62,9.84,10.8,0.45,
54,2026-05-17 14:00:00,2.38,0.75,524.3,0.0,56.62,11.7,12.37,13.03,0.62,
54,2026-05-17 15:00:00,3.28,0.77,472.8,0.0,50.44,13.8,14.24,14.89,0.81,
54,2026-05-17 16:00:00,2.08,0.77,373.9,0.0,45.4,14.91,15.46,15.91,0.96,
54,2026-05-17 17:00:00,1.92,0.8,233.4,0.0,47.45,15.44,15.62,15.69,0.93,
54,2026-05-17 18:00:00,1.78,0.27,84.3,0.0,51.65,12.98,14.36,15.15,0.8,
54,2026-05-17 19:00:00,1.1,0.19,0.82,0.0,72.73,7.47,9.01,11.21,0.32,
54,2026-05-17 20:00:00,1.48,0.05,0.0,0.0,83.6,4.96,5.87,6.99,0.16,
54,2026-05-17 21:00:00,1.02,0.08,0.0,0.0,87.65,2.63,4.04,4.92,0.1,
54,2026-05-17 22:00:00,1.18,0.41,0.0,0.0,91.2,2.36,2.63,2.98,0.07,
54,2026-05-17 23:00:00,1.02,0.15,0.0,0.0,92.58,0.82,1.46,2.27,0.05,
54,2026-05-18 00:00:00,0.88,0.09,0.0,0.0,94.65,0.19,0.42,0.77,0.03,
54,2026-05-18 01:00:00,1.1,0.22,0.0,0.0,95.8,0.09,0.31,0.46,0.03,
54,2026-05-18 02:00:00,0.57,0.01,0.0,0.0,95.8,-0.93,-0.67,-0.07,0.02,
54,2026-05-18 03:00:00,0.8,0.02,0.0,0.0,96.15,-0.89,-0.64,-0.26,0.02,
54,2026-05-18 04:00:00,0.8,0.04,0.0,0.0,96.2,-1.73,-0.98,-0.14,0.02,
54,2026-05-18 05:00:00,1.1,0.17,0.0,0.0,95.83,-2.64,-2.31,-2.11,0.02,
54,2026-05-18 06:00:00,0.72,0.01,0.0,0.0,95.78,-2.89,-2.6,-2.3,0.02,
54,2026-05-18 07:00:00,0.8,0.02,0.0,0.0,95.55,-3.24,-3.04,-2.84,0.02,
54,2026-05-18 08:00:00,0.0,0.0,13.8,0.0,94.8,-3.47,-3.34,-3.22,0.03,
54,2026-05-18 09:00:00,1.25,0.12,105.3,0.0,95.9,-2.96,-2.26,-1.49,0.02,
54,2026-05-18 10:00:00,1.32,0.23,327.5,0.0,94.58,-0.83,0.75,2.01,0.04,
54,2026-05-18 11:00:00,1.25,0.16,441.3,0.0,84.32,3.24,5.12,6.94,0.14,
54,2026-05-18 12:00:00,2.6,0.74,506.3,0.0,68.56,9.05,10.27,11.44,0.39,
54,2026-05-18 13:00:00,3.2,1.25,524.7,0.0,60.89,12.31,13.48,14.34,0.61,
54,2026-05-18 14:00:00,3.12,1.12,519.0,0.0,48.61,14.98,15.95,16.91,0.94,
54,2026-05-18 15:00:00,2.52,1.13,469.0,0.0,41.84,17.35,17.96,18.56,1.2,
54,2026-05-18 16:00:00,2.45,1.11,367.5,0.0,39.08,18.99,19.06,19.11,1.35,
54,2026-05-18 17:00:00,2.45,1.05,227.0,0.0,38.8,18.76,18.87,18.95,1.34,
54,2026-05-18 18:00:00,0.88,0.02,80.9,0.0,47.16,15.33,17.32,18.58,1.06,
54,2026-05-18 19:00:00,0.88,0.01,0.7,0.0,66.16,9.9,11.19,12.85,0.46,
54,2026-05-18 20:00:00,0.65,0.01,0.0,0.0,77.69,6.61,8.15,9.1,0.24,
54,2026-05-18 21:00:00,0.88,0.07,0.0,0.0,84.23,5.24,5.5,5.79,0.14,
54,2026-05-18 22:00:00,1.02,0.13,0.0,0.0,88.7,3.99,4.42,5.05,0.1,
54,2026-05-18 23:00:00,0.5,0.0,0.0,0.0,91.18,2.06,3.02,3.68,0.07,
